transaction_id,wallet_id,merchant_id,payment_method_id,device_id,transaction_timestamp,amount,transaction_fee,cashback,loyalty_points,status,transaction_type,location_city,currency,fraud_flag
TXN-20240126-0000001,WALL-0120067,MERCH-00121,PM-02,DEV-03,2024-01-26 21:38:18,99.33,0.1987,0.0,9,Success,Purchase,Karachi,PKR,False
TXN-20240126-0000002,WALL-0044074,MERCH-00420,PM-04,DEV-01,2024-01-26 04:22:16,24.16,0.4832,0.0,2,Success,Payment,Mandalay,MMK,False
TXN-20240126-0000003,WALL-0144827,MERCH-00022,PM-02,DEV-02,2024-01-26 11:42:50,12.03,0.0241,0.2406,1,Success,Purchase,Davao,PHP,False
TXN-20240126-0000004,WALL-0017388,MERCH-00065,PM-02,DEV-01,2024-01-26 12:48:40,17.76,0.0355,0.3552,1,Success,Purchase,Bago,MMK,False
TXN-20240126-0000005,WALL-0013521,MERCH-00013,PM-01,DEV-05,2024-01-26 17:13:01,22.56,0.0,0.4512,2,Success,Purchase,Yangon,MMK,False
TXN-20240126-0000006,WALL-0145235,MERCH-00403,PM-04,DEV-01,2024-01-26 16:29:52,53.67,1.0734,0.0,5,Success,Payment,Pathein,MMK,False
TXN-20240126-0000007,WALL-0110606,MERCH-00378,PM-03,DEV-05,2024-01-26 12:36:02,67.09,0.5367,0.0,6,Success,Purchase,Penang,MYR,False
TXN-20240126-0000008,WALL-0039420,MERCH-00143,PM-01,DEV-03,2024-01-26 15:42:36,286.12,0.0,14.306,28,Success,Purchase,Yangon,MMK,False
TXN-20240126-0000009,WALL-0009661,MERCH-00061,PM-02,DEV-01,2024-01-26 19:22:13,6.87,0.0137,0.1374,0,Success,Purchase,Dhaka,BDT,False
TXN-20240126-0000010,WALL-0078001,MERCH-00062,PM-02,DEV-01,2024-01-26 10:10:23,29.34,0.0587,0.5868,2,Success,Purchase,Naypyidaw,MMK,False
TXN-20240126-0000011,WALL-0106425,MERCH-00487,PM-01,DEV-01,2024-01-26 05:21:30,96.18,0.0,0.0,9,Success,Payment,Chiang Mai,MMK,False
TXN-20240126-0000012,WALL-0048534,MERCH-00182,PM-03,DEV-01,2024-01-26 18:31:01,170.11,1.3609,8.5057,17,Success,Purchase,Phuket,THB,False
TXN-20240126-0000013,WALL-0115994,MERCH-00219,PM-01,DEV-04,2024-01-26 18:16:34,19.43,0.0,0.0,1,Success,Purchase,Davao,PHP,False
TXN-20240126-0000014,WALL-0110846,MERCH-00009,PM-02,DEV-02,2024-01-26 13:17:25,15.41,0.0308,0.3081,1,Success,Purchase,Naypyidaw,MMK,False
TXN-20240126-0000015,WALL-0086496,MERCH-00338,PM-02,DEV-04,2024-01-26 15:37:36,78.5,0.157,0.0,7,Success,Bill Payment,Pathein,PKR,False
TXN-20240126-0000016,WALL-0141071,MERCH-00081,PM-01,DEV-01,2024-01-26 15:28:24,163.84,0.0,0.0,16,Success,Purchase,Johor Bahru,MYR,False
TXN-20240126-0000017,WALL-0125462,MERCH-00319,PM-02,DEV-01,2024-01-26 11:52:26,68.84,0.1377,0.0,0,Pending,Bill Payment,Singapore,SGD,False
TXN-20240126-0000018,WALL-0052502,MERCH-00261,PM-01,DEV-02,2024-01-26 07:39:58,7.52,0.0,0.0,0,Success,Subscription,Mumbai,INR,False
TXN-20240126-0000019,WALL-0075582,MERCH-00097,PM-03,DEV-03,2024-01-26 13:52:07,200.0,1.6,0.0,20,Success,Purchase,Phuket,THB,False
TXN-20240126-0000020,WALL-0124641,MERCH-00018,PM-01,DEV-03,2024-01-26 13:16:55,15.82,0.0,0.3163,1,Success,Purchase,Myitkyina,MMK,False
TXN-20240126-0000021,WALL-0014632,MERCH-00241,PM-05,DEV-04,2024-01-26 20:59:28,33.49,0.0,0.0,3,Success,Subscription,Mumbai,INR,False
TXN-20240126-0000022,WALL-0054512,MERCH-00077,PM-01,DEV-05,2024-01-26 12:30:54,25.18,0.0,0.5037,2,Success,Purchase,Bangalore,INR,False
TXN-20240126-0000023,WALL-0023297,MERCH-00082,PM-03,DEV-04,2024-01-26 09:54:53,45.01,0.3601,0.0,4,Success,Purchase,Bago,MMK,False
TXN-20240126-0000024,WALL-0031049,MERCH-00404,PM-04,DEV-04,2024-01-26 16:55:22,57.25,1.1449,0.0,5,Success,Payment,Da Nang,VND,False
TXN-20240126-0000025,WALL-0140479,MERCH-00239,PM-04,DEV-02,2024-01-26 17:10:59,20.53,0.4107,0.0,2,Success,Subscription,Chiang Mai,THB,False
TXN-20240126-0000026,WALL-0062371,MERCH-00177,PM-02,DEV-01,2024-01-26 19:36:31,97.36,0.1947,4.8679,9,Success,Purchase,Colombo,LKR,False
TXN-20240126-0000027,WALL-0076790,MERCH-00432,PM-01,DEV-01,2024-01-26 14:03:04,210.56,0.0,0.0,21,Success,Tax Payment,Mandalay,MMK,False
TXN-20240126-0000028,WALL-0107896,MERCH-00255,PM-01,DEV-01,2024-01-26 17:23:19,26.43,0.0,0.0,2,Success,Subscription,Siem Reap,KHR,False
TXN-20240126-0000029,WALL-0081894,MERCH-00184,PM-01,DEV-01,2024-01-26 04:02:51,75.99,0.0,3.7994,7,Success,Purchase,Ahmedabad,IDR,False
TXN-20240126-0000030,WALL-0011021,MERCH-00366,PM-01,DEV-01,2024-01-26 10:34:45,26.63,0.0,0.0,2,Success,Bill Payment,Mawlamyine,MMK,False
TXN-20240126-0000031,WALL-0039747,MERCH-00127,PM-04,DEV-02,2024-01-26 11:48:59,41.85,0.837,0.0,4,Success,Purchase,Pattaya,THB,False
TXN-20240126-0000032,WALL-0095011,MERCH-00091,PM-01,DEV-01,2024-01-26 16:55:31,151.03,0.0,0.0,15,Success,Purchase,Medan,IDR,False
TXN-20240126-0000033,WALL-0114580,MERCH-00402,PM-02,DEV-02,2024-01-26 16:31:55,20.0,0.04,0.0,2,Success,Payment,Chittagong,BDT,False
TXN-20240126-0000034,WALL-0042062,MERCH-00198,PM-01,DEV-01,2024-01-26 08:14:09,15.87,0.0,0.0,1,Success,Purchase,Islamabad,LKR,False
TXN-20240126-0000035,WALL-0003806,MERCH-00320,PM-02,DEV-02,2024-01-26 17:27:07,173.45,0.3469,0.0,17,Success,Bill Payment,Pune,INR,False
TXN-20240126-0000036,WALL-0114447,MERCH-00006,PM-02,DEV-04,2024-01-26 12:18:35,33.11,0.0662,0.6623,3,Success,Purchase,Cebu City,PHP,False
TXN-20240126-0000037,WALL-0104846,MERCH-00027,PM-01,DEV-02,2024-01-26 19:50:32,56.98,0.0,1.1397,5,Success,Purchase,Hyderabad,INR,False
TXN-20240126-0000038,WALL-0110850,MERCH-00169,PM-02,DEV-01,2024-01-26 14:32:46,252.08,0.5042,12.6041,25,Success,Purchase,Lahore,PKR,False
TXN-20240126-0000039,WALL-0126167,MERCH-00049,PM-01,DEV-01,2024-01-26 12:06:14,11.98,0.0,0.2397,1,Success,Purchase,Bago,MMK,False
TXN-20240126-0000040,WALL-0131530,MERCH-00174,PM-02,DEV-01,2024-01-26 20:13:57,182.5,0.365,9.1249,18,Success,Purchase,Bago,MMK,False
TXN-20240126-0000041,WALL-0077175,MERCH-00051,PM-02,DEV-01,2024-01-26 11:06:52,10.32,0.0206,0.2064,1,Success,Purchase,Ahmedabad,INR,False
TXN-20240126-0000042,WALL-0100623,MERCH-00272,PM-04,DEV-03,2024-01-26 11:35:24,161.75,3.2349,0.0,0,Failed,Purchase,Myitkyina,MMK,False
TXN-20240126-0000043,WALL-0061735,MERCH-00246,PM-02,DEV-01,2024-01-26 00:34:23,7.96,0.0159,0.0,0,Success,Subscription,Lahore,PKR,False
TXN-20240126-0000044,WALL-0021285,MERCH-00020,PM-01,DEV-01,2024-01-26 21:58:33,27.8,0.0,0.5561,2,Success,Purchase,Taunggyi,MMK,False
TXN-20240126-0000045,WALL-0049486,MERCH-00169,PM-01,DEV-01,2024-01-26 13:38:03,77.09,0.0,3.8545,7,Success,Purchase,Karachi,LKR,False
TXN-20240126-0000046,WALL-0048473,MERCH-00155,PM-01,DEV-01,2024-01-26 17:57:31,50.61,0.0,2.5303,5,Success,Purchase,Hyderabad,MMK,False
TXN-20240126-0000047,WALL-0061288,MERCH-00168,PM-05,DEV-01,2024-01-26 19:49:06,617.94,0.0,30.897,61,Success,Purchase,Penang,MYR,False
TXN-20240126-0000048,WALL-0072650,MERCH-00211,PM-01,DEV-02,2024-01-26 09:44:34,15.54,0.0,0.0,1,Success,Purchase,Taunggyi,MMK,False
TXN-20240126-0000049,WALL-0012922,MERCH-00293,PM-04,DEV-01,2024-01-26 17:30:48,482.92,9.6584,38.6337,96,Success,Purchase,Phnom Penh,MMK,False
TXN-20240126-0000050,WALL-0074355,MERCH-00120,PM-01,DEV-03,2024-01-26 16:33:02,90.47,0.0,0.0,9,Success,Purchase,Lahore,PKR,False
TXN-20240126-0000051,WALL-0129606,MERCH-00214,PM-01,DEV-01,2024-01-26 16:29:18,29.73,0.0,0.0,2,Success,Purchase,Myitkyina,MMK,False
TXN-20240126-0000052,WALL-0047620,MERCH-00078,PM-02,DEV-01,2024-01-26 13:41:33,14.63,0.0293,0.2925,1,Success,Purchase,Siem Reap,KHR,False
TXN-20240126-0000053,WALL-0008871,MERCH-00327,PM-01,DEV-01,2024-01-26 13:14:35,146.9,0.0,0.0,14,Success,Bill Payment,Penang,MYR,False
TXN-20240126-0000054,WALL-0056060,MERCH-00248,PM-02,DEV-02,2024-01-26 08:24:01,8.18,0.0164,0.0,0,Success,Subscription,Manila,PHP,False
TXN-20240126-0000055,WALL-0000109,MERCH-00412,PM-03,DEV-01,2024-01-26 06:48:46,305.39,2.4431,0.0,30,Success,Payment,Da Nang,MMK,False
TXN-20240126-0000056,WALL-0048016,MERCH-00331,PM-02,DEV-02,2024-01-26 13:38:07,70.38,0.1408,0.0,7,Success,Bill Payment,Naypyidaw,MMK,False
TXN-20240126-0000057,WALL-0147695,MERCH-00327,PM-04,DEV-02,2024-01-26 11:29:47,76.97,1.5394,0.0,7,Success,Bill Payment,Manila,MMK,False
TXN-20240126-0000058,WALL-0019228,MERCH-00386,PM-04,DEV-01,2024-01-26 19:43:53,52.28,1.0457,0.0,5,Success,Purchase,Jaipur,INR,False
TXN-20240126-0000059,WALL-0077862,MERCH-00123,PM-01,DEV-01,2024-01-26 16:30:55,210.82,0.0,0.0,21,Success,Purchase,Da Nang,MMK,False
TXN-20240126-0000060,WALL-0104781,MERCH-00195,PM-03,DEV-01,2024-01-26 16:53:59,5.81,0.0465,0.0,0,Success,Purchase,Kathmandu,NPR,False
TXN-20240126-0000061,WALL-0089586,MERCH-00249,PM-04,DEV-01,2024-01-26 19:07:22,12.11,0.2422,0.0,1,Success,Subscription,Khon Kaen,MMK,False
TXN-20240126-0000062,WALL-0016865,MERCH-00403,PM-03,DEV-01,2024-01-26 16:18:27,85.03,0.6803,0.0,8,Success,Payment,Phnom Penh,KHR,False
TXN-20240126-0000063,WALL-0002557,MERCH-00183,PM-02,DEV-01,2024-01-26 10:40:43,71.1,0.1422,3.555,7,Success,Purchase,Taunggyi,MMK,False
TXN-20240126-0000064,WALL-0090018,MERCH-00087,PM-04,DEV-01,2024-01-26 10:25:14,41.21,0.8242,0.0,4,Success,Purchase,Mawlamyine,MMK,False
TXN-20240126-0000065,WALL-0030235,MERCH-00104,PM-02,DEV-01,2024-01-26 14:27:35,167.4,0.3348,0.0,16,Success,Purchase,Mawlamyine,MMK,False
TXN-20240126-0000066,WALL-0018862,MERCH-00373,PM-03,DEV-01,2024-01-26 20:58:15,75.83,0.6066,0.0,7,Success,Purchase,Mawlamyine,MMK,False
TXN-20240126-0000067,WALL-0039554,MERCH-00332,PM-05,DEV-01,2024-01-26 02:56:22,54.69,0.0,0.0,5,Success,Bill Payment,Kandy,LKR,False
TXN-20240126-0000068,WALL-0132030,MERCH-00027,PM-01,DEV-03,2024-01-26 17:02:06,31.47,0.0,0.6294,3,Success,Purchase,Bangalore,INR,False
TXN-20240126-0000069,WALL-0145619,MERCH-00183,PM-04,DEV-01,2024-01-26 18:10:48,128.68,2.5736,6.4341,12,Success,Purchase,Chittagong,BDT,False
TXN-20240126-0000070,WALL-0098146,MERCH-00096,PM-01,DEV-02,2024-01-26 09:24:18,49.98,0.0,0.0,4,Success,Purchase,Bago,MMK,False
TXN-20240126-0000071,WALL-0133983,MERCH-00072,PM-02,DEV-02,2024-01-26 06:24:39,28.28,0.0566,0.5655,2,Success,Purchase,Myitkyina,MMK,False
TXN-20240126-0000072,WALL-0037230,MERCH-00043,PM-04,DEV-02,2024-01-26 01:33:03,50.63,1.0125,1.0125,5,Success,Purchase,Naypyidaw,MMK,False
TXN-20240126-0000073,WALL-0067407,MERCH-00374,PM-04,DEV-02,2024-01-26 08:17:21,48.5,0.9699,0.0,4,Success,Purchase,Yangon,MMK,False
TXN-20240126-0000074,WALL-0065949,MERCH-00403,PM-02,DEV-02,2024-01-26 10:42:23,115.49,0.231,0.0,11,Success,Payment,Taunggyi,MMK,False
TXN-20240126-0000075,WALL-0061311,MERCH-00314,PM-04,DEV-01,2024-01-26 18:41:46,65.47,1.3094,0.0,6,Success,Bill Payment,Mawlamyine,MMK,False
TXN-20240126-0000076,WALL-0134172,MERCH-00044,PM-02,DEV-01,2024-01-26 20:49:05,36.26,0.0725,0.7252,3,Success,Purchase,Mandalay,MMK,False
TXN-20240126-0000077,WALL-0035663,MERCH-00346,PM-01,DEV-02,2024-01-26 13:17:28,27.0,0.0,0.0,2,Success,Bill Payment,Chittagong,BDT,False
TXN-20240126-0000078,WALL-0011525,MERCH-00389,PM-02,DEV-03,2024-01-26 22:37:40,101.62,0.2032,0.0,10,Success,Purchase,Phnom Penh,KHR,False
TXN-20240126-0000079,WALL-0080419,MERCH-00038,PM-01,DEV-01,2024-01-26 00:58:45,8.23,0.0,0.0,0,Pending,Purchase,Kuala Lumpur,MYR,False
TXN-20240126-0000080,WALL-0034891,MERCH-00060,PM-01,DEV-01,2024-01-26 20:45:12,10.16,0.0,0.0,0,Failed,Purchase,Phnom Penh,KHR,False
TXN-20240126-0000081,WALL-0110567,MERCH-00080,PM-01,DEV-01,2024-01-26 19:27:03,35.07,0.0,0.7014,3,Success,Purchase,Penang,MYR,False
TXN-20240126-0000082,WALL-0079157,MERCH-00340,PM-04,DEV-01,2024-01-26 02:54:31,55.03,1.1006,0.0,5,Success,Bill Payment,Kandy,LKR,False
TXN-20240126-0000083,WALL-0125514,MERCH-00103,PM-05,DEV-04,2024-01-26 02:37:40,19.5,0.0,0.0,1,Success,Purchase,Hanoi,VND,False
TXN-20240126-0000084,WALL-0026025,MERCH-00163,PM-01,DEV-01,2024-01-26 13:49:19,79.91,0.0,3.9957,7,Success,Purchase,Phnom Penh,KHR,False
TXN-20240126-0000085,WALL-0055156,MERCH-00155,PM-01,DEV-03,2024-01-26 11:48:37,193.33,0.0,9.6663,19,Success,Purchase,Singapore,THB,False
TXN-20240126-0000086,WALL-0140112,MERCH-00223,PM-05,DEV-01,2024-01-26 11:12:33,25.37,0.0,0.0,2,Success,Purchase,Penang,MYR,False
TXN-20240126-0000087,WALL-0007437,MERCH-00043,PM-02,DEV-01,2024-01-26 21:48:39,16.23,0.0325,0.3245,1,Success,Purchase,Taunggyi,MMK,False
TXN-20240126-0000088,WALL-0077599,MERCH-00156,PM-01,DEV-01,2024-01-26 13:02:24,652.66,0.0,32.6332,65,Success,Purchase,Yangon,MMK,False
TXN-20240126-0000089,WALL-0028829,MERCH-00051,PM-01,DEV-01,2024-01-26 17:55:18,18.93,0.0,0.3785,1,Success,Purchase,Khon Kaen,THB,False
TXN-20240126-0000090,WALL-0084382,MERCH-00034,PM-02,DEV-01,2024-01-26 06:29:24,29.85,0.0597,0.5971,2,Success,Purchase,Davao,PHP,False
TXN-20240126-0000091,WALL-0096035,MERCH-00245,PM-05,DEV-01,2024-01-26 07:45:10,12.69,0.0,0.0,1,Success,Subscription,Jaipur,INR,False
TXN-20240126-0000092,WALL-0132299,MERCH-00036,PM-01,DEV-03,2024-01-26 05:45:11,34.47,0.0,0.6893,3,Success,Purchase,Chennai,INR,False
TXN-20240126-0000093,WALL-0094880,MERCH-00469,PM-01,DEV-01,2024-01-26 15:45:45,412.42,0.0,0.0,41,Success,Payment,Delhi,INR,False
TXN-20240126-0000094,WALL-0140650,MERCH-00432,PM-02,DEV-01,2024-01-26 18:43:26,129.55,0.2591,0.0,12,Success,Tax Payment,Mandalay,MMK,False
TXN-20240126-0000095,WALL-0063775,MERCH-00073,PM-03,DEV-01,2024-01-26 08:36:37,17.34,0.1387,0.3467,1,Success,Purchase,Myitkyina,MMK,False
TXN-20240126-0000096,WALL-0066699,MERCH-00173,PM-01,DEV-02,2024-01-26 14:43:05,347.21,0.0,17.3607,34,Success,Purchase,Naypyidaw,MMK,False
TXN-20240126-0000097,WALL-0012889,MERCH-00374,PM-03,DEV-03,2024-01-26 13:00:12,58.3,0.4664,0.0,5,Success,Purchase,Pathein,MMK,False
TXN-20240126-0000098,WALL-0000084,MERCH-00129,PM-01,DEV-01,2024-01-26 08:25:30,60.12,0.0,0.0,6,Success,Purchase,Myitkyina,MMK,False
TXN-20240126-0000099,WALL-0071662,MERCH-00036,PM-01,DEV-01,2024-01-26 17:39:42,26.42,0.0,0.5284,2,Success,Purchase,Khon Kaen,MMK,False
TXN-20240126-0000100,WALL-0002102,MERCH-00405,PM-02,DEV-02,2024-01-26 06:02:39,136.3,0.2726,0.0,13,Success,Payment,Phnom Penh,KHR,False
TXN-20240126-0000101,WALL-0138410,MERCH-00395,PM-01,DEV-01,2024-01-26 19:47:07,24.4,0.0,0.0,2,Success,Purchase,Chittagong,BDT,False
TXN-20240126-0000102,WALL-0029855,MERCH-00240,PM-02,DEV-01,2024-01-26 04:12:33,37.23,0.0745,0.0,0,Failed,Subscription,Islamabad,PKR,False
TXN-20240126-0000103,WALL-0120226,MERCH-00063,PM-04,DEV-02,2024-01-26 18:50:31,54.25,1.0851,1.0851,5,Success,Purchase,Kolkata,NPR,False
TXN-20240126-0000104,WALL-0088029,MERCH-00198,PM-01,DEV-01,2024-01-26 15:03:59,20.82,0.0,0.0,2,Success,Purchase,Da Nang,VND,False
TXN-20240126-0000105,WALL-0140139,MERCH-00203,PM-02,DEV-01,2024-01-26 07:24:56,9.78,0.0196,0.0,0,Success,Purchase,Pathein,MMK,False
TXN-20240126-0000106,WALL-0074648,MERCH-00381,PM-03,DEV-03,2024-01-26 21:39:13,37.63,0.301,0.0,3,Success,Purchase,Mawlamyine,MMK,False
TXN-20240126-0000107,WALL-0001643,MERCH-00118,PM-05,DEV-02,2024-01-26 12:57:29,68.89,0.0,0.0,6,Success,Purchase,Medan,IDR,False
TXN-20240126-0000108,WALL-0081273,MERCH-00388,PM-02,DEV-02,2024-01-26 14:57:16,105.03,0.2101,0.0,10,Success,Purchase,Mandalay,MMK,False
TXN-20240126-0000109,WALL-0035833,MERCH-00406,PM-01,DEV-02,2024-01-26 10:57:44,133.34,0.0,0.0,13,Success,Payment,Mumbai,INR,False
TXN-20240126-0000110,WALL-0033574,MERCH-00045,PM-04,DEV-01,2024-01-26 13:09:30,19.9,0.3981,0.3981,1,Success,Purchase,Jaipur,INR,False
TXN-20240126-0000111,WALL-0001827,MERCH-00284,PM-02,DEV-01,2024-01-26 06:58:16,677.26,1.3545,54.181,135,Success,Purchase,Bangalore,SGD,False
TXN-20240126-0000112,WALL-0032243,MERCH-00039,PM-01,DEV-04,2024-01-26 07:59:29,18.8,0.0,0.376,1,Success,Purchase,Karachi,PKR,False
TXN-20240126-0000113,WALL-0123998,MERCH-00248,PM-01,DEV-05,2024-01-26 08:00:53,27.28,0.0,0.0,2,Success,Subscription,Pathein,MMK,False
TXN-20240126-0000114,WALL-0103349,MERCH-00171,PM-01,DEV-01,2024-01-26 12:59:24,114.49,0.0,5.7246,11,Success,Purchase,Karachi,INR,False
TXN-20240126-0000115,WALL-0032078,MERCH-00381,PM-01,DEV-02,2024-01-26 16:58:34,198.0,0.0,0.0,19,Success,Purchase,Ahmedabad,INR,False
TXN-20240126-0000116,WALL-0107625,MERCH-00181,PM-03,DEV-03,2024-01-26 11:41:03,61.94,0.4955,3.0971,6,Success,Purchase,Pathein,MMK,False
TXN-20240126-0000117,WALL-0020785,MERCH-00368,PM-01,DEV-01,2024-01-26 20:57:54,55.31,0.0,0.0,5,Success,Bill Payment,Siem Reap,KHR,False
TXN-20240126-0000118,WALL-0145850,MERCH-00028,PM-01,DEV-03,2024-01-26 12:19:13,15.43,0.0,0.3086,1,Success,Purchase,Medan,IDR,False
TXN-20240126-0000119,WALL-0026799,MERCH-00115,PM-03,DEV-02,2024-01-26 16:25:10,56.52,0.4522,0.0,5,Success,Purchase,Yangon,MMK,False
TXN-20240126-0000120,WALL-0115364,MERCH-00041,PM-01,DEV-01,2024-01-26 18:24:35,10.57,0.0,0.2114,1,Success,Purchase,Phuket,THB,False
TXN-20240126-0000121,WALL-0093233,MERCH-00087,PM-01,DEV-02,2024-01-26 15:46:26,29.06,0.0,0.0,2,Success,Purchase,Taunggyi,MMK,False
TXN-20240126-0000122,WALL-0094479,MERCH-00121,PM-01,DEV-01,2024-01-26 15:14:46,36.46,0.0,0.0,3,Success,Purchase,Phnom Penh,KHR,False
TXN-20240126-0000123,WALL-0053152,MERCH-00322,PM-04,DEV-01,2024-01-26 06:58:14,72.31,1.4462,0.0,7,Success,Bill Payment,Lahore,PKR,False
TXN-20240126-0000124,WALL-0003281,MERCH-00063,PM-03,DEV-01,2024-01-26 12:17:20,16.88,0.1351,0.3377,1,Success,Purchase,Phuket,THB,False
TXN-20240126-0000125,WALL-0117089,MERCH-00273,PM-04,DEV-02,2024-01-26 16:37:04,1203.06,24.0613,96.245,240,Success,Purchase,Islamabad,IDR,False
TXN-20240126-0000126,WALL-0065160,MERCH-00073,PM-01,DEV-02,2024-01-26 16:48:50,18.76,0.0,0.3752,1,Success,Purchase,Bago,MMK,False
TXN-20240126-0000127,WALL-0030178,MERCH-00065,PM-03,DEV-01,2024-01-26 08:15:50,13.24,0.1059,0.2648,1,Success,Purchase,Kuala Lumpur,MYR,False
TXN-20240126-0000128,WALL-0142103,MERCH-00111,PM-01,DEV-03,2024-01-26 20:57:40,114.6,0.0,0.0,0,Pending,Purchase,Mawlamyine,MMK,False
TXN-20240126-0000129,WALL-0011675,MERCH-00236,PM-01,DEV-01,2024-01-26 12:25:12,7.87,0.0,0.0,0,Success,Subscription,Bago,MMK,False
TXN-20240126-0000130,WALL-0008176,MERCH-00259,PM-04,DEV-01,2024-01-26 15:02:26,12.09,0.2419,0.0,1,Success,Subscription,Mawlamyine,MMK,False
TXN-20240126-0000131,WALL-0149948,MERCH-00461,PM-02,DEV-01,2024-01-26 20:09:58,147.62,0.2952,0.0,14,Success,Payment,Pattaya,THB,False
TXN-20240126-0000132,WALL-0034668,MERCH-00268,PM-02,DEV-05,2024-01-26 16:52:48,7.92,0.0158,0.0,0,Success,Subscription,Mumbai,INR,False
TXN-20240126-0000133,WALL-0124988,MERCH-00012,PM-05,DEV-02,2024-01-26 21:28:12,13.47,0.0,0.2695,1,Success,Purchase,Yangon,MMK,False
TXN-20240126-0000134,WALL-0058942,MERCH-00063,PM-02,DEV-02,2024-01-26 16:51:55,7.99,0.016,0.1598,0,Success,Purchase,Pokhara,INR,False
TXN-20240126-0000135,WALL-0088020,MERCH-00353,PM-04,DEV-01,2024-01-26 00:34:41,70.0,1.4,0.0,7,Success,Bill Payment,Taunggyi,MMK,False
TXN-20240126-0000136,WALL-0087246,MERCH-00241,PM-01,DEV-01,2024-01-26 12:17:25,8.91,0.0,0.0,0,Success,Subscription,Myitkyina,MMK,False
TXN-20240126-0000137,WALL-0004568,MERCH-00245,PM-04,DEV-01,2024-01-26 16:59:15,6.75,0.135,0.0,0,Success,Subscription,Taunggyi,MMK,False
TXN-20240126-0000138,WALL-0000429,MERCH-00046,PM-01,DEV-01,2024-01-26 08:54:42,20.15,0.0,0.403,2,Success,Purchase,Bali,IDR,False
TXN-20240126-0000139,WALL-0064043,MERCH-00243,PM-02,DEV-01,2024-01-26 16:32:07,23.02,0.046,0.0,2,Success,Subscription,Mumbai,INR,False
TXN-20240126-0000140,WALL-0109658,MERCH-00218,PM-04,DEV-01,2024-01-26 03:28:38,18.7,0.374,0.0,1,Success,Purchase,Phuket,THB,False
TXN-20240126-0000141,WALL-0142111,MERCH-00421,PM-03,DEV-03,2024-01-26 02:05:37,30.12,0.241,0.0,3,Success,Payment,Penang,MYR,False
TXN-20240126-0000142,WALL-0116263,MERCH-00439,PM-01,DEV-01,2024-01-26 21:56:42,561.67,0.0,0.0,56,Success,Tax Payment,Yangon,MMK,False
TXN-20240126-0000143,WALL-0136447,MERCH-00006,PM-01,DEV-02,2024-01-26 11:09:56,26.91,0.0,0.5382,2,Success,Purchase,Naypyidaw,MMK,False
TXN-20240126-0000144,WALL-0056062,MERCH-00350,PM-04,DEV-01,2024-01-26 05:16:36,33.75,0.675,0.0,3,Success,Bill Payment,Myitkyina,MMK,False
TXN-20240126-0000145,WALL-0044794,MERCH-00225,PM-02,DEV-01,2024-01-26 09:14:37,15.48,0.031,0.0,1,Success,Purchase,Bago,MMK,False
TXN-20240126-0000146,WALL-0118360,MERCH-00138,PM-01,DEV-01,2024-01-26 14:01:12,238.3,0.0,11.9152,23,Success,Purchase,Taunggyi,MMK,False
TXN-20240126-0000147,WALL-0148878,MERCH-00329,PM-05,DEV-02,2024-01-26 03:34:23,135.18,0.0,0.0,13,Success,Bill Payment,Hyderabad,INR,False
TXN-20240126-0000148,WALL-0065742,MERCH-00100,PM-01,DEV-01,2024-01-26 18:26:34,60.72,0.0,0.0,6,Success,Purchase,Taunggyi,MMK,False
TXN-20240126-0000149,WALL-0149478,MERCH-00337,PM-04,DEV-01,2024-01-26 21:43:56,38.68,0.7736,0.0,3,Success,Bill Payment,Quezon City,PHP,False
TXN-20240126-0000150,WALL-0022187,MERCH-00146,PM-01,DEV-01,2024-01-26 07:57:01,56.15,0.0,2.8077,5,Success,Purchase,Taunggyi,MMK,False
TXN-20240126-0000151,WALL-0088795,MERCH-00348,PM-02,DEV-03,2024-01-26 18:42:34,22.2,0.0444,0.0,2,Success,Bill Payment,Phnom Penh,KHR,False
TXN-20240126-0000152,WALL-0019412,MERCH-00228,PM-04,DEV-01,2024-01-26 19:57:28,13.55,0.271,0.0,1,Success,Purchase,Phnom Penh,KHR,False
TXN-20240126-0000153,WALL-0035373,MERCH-00290,PM-01,DEV-03,2024-01-26 12:02:04,600.38,0.0,48.0304,120,Success,Purchase,Ahmedabad,INR,False
TXN-20240126-0000154,WALL-0120518,MERCH-00052,PM-01,DEV-01,2024-01-26 20:21:55,13.07,0.0,0.2614,1,Success,Purchase,Naypyidaw,MMK,False
TXN-20240126-0000155,WALL-0000532,MERCH-00241,PM-05,DEV-02,2024-01-26 10:53:19,6.76,0.0,0.0,0,Success,Subscription,Pathein,MMK,False
TXN-20240126-0000156,WALL-0129144,MERCH-00038,PM-04,DEV-01,2024-01-26 18:21:25,31.21,0.6242,0.6242,3,Success,Purchase,Kolkata,INR,False
TXN-20240126-0000157,WALL-0068449,MERCH-00209,PM-02,DEV-01,2024-01-26 13:51:11,17.65,0.0353,0.0,1,Success,Purchase,Khon Kaen,VND,False
TXN-20240126-0000158,WALL-0040721,MERCH-00055,PM-01,DEV-02,2024-01-26 17:13:43,30.61,0.0,0.6122,3,Success,Purchase,Hyderabad,THB,False
TXN-20240126-0000159,WALL-0115605,MERCH-00290,PM-02,DEV-03,2024-01-26 08:13:25,3000.0,6.0,240.0,600,Success,Purchase,Hanoi,VND,False
TXN-20240126-0000160,WALL-0036512,MERCH-00389,PM-02,DEV-02,2024-01-26 11:21:05,20.0,0.04,0.0,2,Success,Purchase,Bago,INR,False
TXN-20240126-0000161,WALL-0143223,MERCH-00297,PM-01,DEV-05,2024-01-26 16:36:39,117.07,0.0,9.3655,23,Success,Purchase,Lahore,PKR,False
TXN-20240126-0000162,WALL-0111835,MERCH-00441,PM-03,DEV-03,2024-01-26 21:40:24,111.37,0.8909,0.0,11,Success,Tax Payment,Bago,MMK,False
TXN-20240126-0000163,WALL-0069717,MERCH-00406,PM-02,DEV-01,2024-01-26 16:41:46,73.43,0.1469,0.0,7,Success,Payment,Ho Chi Minh City,VND,False
TXN-20240126-0000164,WALL-0056267,MERCH-00153,PM-04,DEV-01,2024-01-26 20:28:00,251.2,5.024,12.5599,25,Success,Purchase,Naypyidaw,MMK,False
TXN-20240126-0000165,WALL-0060330,MERCH-00225,PM-01,DEV-01,2024-01-26 13:27:32,22.46,0.0,0.0,2,Success,Purchase,Taunggyi,MMK,False
TXN-20240126-0000166,WALL-0020807,MERCH-00471,PM-01,DEV-05,2024-01-26 19:42:29,389.35,0.0,0.0,38,Success,Payment,Pathein,MMK,False
TXN-20240126-0000167,WALL-0135497,MERCH-00447,PM-03,DEV-02,2024-01-26 19:52:28,277.57,2.2206,0.0,27,Success,Tax Payment,Johor Bahru,MYR,False
TXN-20240126-0000168,WALL-0124865,MERCH-00028,PM-03,DEV-05,2024-01-26 15:54:24,9.56,0.0765,0.1912,0,Success,Purchase,Naypyidaw,MMK,False
TXN-20240126-0000169,WALL-0068408,MERCH-00066,PM-04,DEV-01,2024-01-26 13:58:16,7.19,0.1438,0.1438,0,Success,Purchase,Ahmedabad,MMK,False
TXN-20240126-0000170,WALL-0001637,MERCH-00078,PM-02,DEV-04,2024-01-26 17:11:04,8.97,0.0179,0.1794,0,Success,Purchase,Mawlamyine,MMK,False
TXN-20240126-0000171,WALL-0107778,MERCH-00339,PM-01,DEV-01,2024-01-26 04:26:24,178.86,0.0,0.0,17,Success,Bill Payment,Mawlamyine,MMK,False
TXN-20240126-0000172,WALL-0145793,MERCH-00496,PM-02,DEV-05,2024-01-26 02:53:11,64.99,0.13,0.0,6,Success,Payment,Kolkata,MMK,False
TXN-20240126-0000173,WALL-0058031,MERCH-00317,PM-04,DEV-02,2024-01-26 19:57:37,71.08,1.4216,0.0,7,Success,Bill Payment,Pokhara,VND,False
TXN-20240126-0000174,WALL-0088910,MERCH-00207,PM-02,DEV-02,2024-01-26 19:15:38,22.43,0.0449,0.0,2,Success,Purchase,Kolkata,INR,False
TXN-20240126-0000175,WALL-0033538,MERCH-00011,PM-02,DEV-02,2024-01-26 12:09:41,24.1,0.0482,0.482,2,Success,Purchase,Yangon,MMK,False
TXN-20240126-0000176,WALL-0015083,MERCH-00078,PM-01,DEV-01,2024-01-26 20:52:50,8.69,0.0,0.0,0,Reversed,Purchase,Mandalay,MMK,False
TXN-20240126-0000177,WALL-0149303,MERCH-00443,PM-03,DEV-01,2024-01-26 20:54:39,80.48,0.6439,0.0,0,Reversed,Tax Payment,Phuket,THB,False
TXN-20240126-0000178,WALL-0040736,MERCH-00078,PM-03,DEV-05,2024-01-26 13:52:01,11.04,0.0883,0.2208,1,Success,Purchase,Mandalay,MMK,False
TXN-20240126-0000179,WALL-0134332,MERCH-00393,PM-02,DEV-01,2024-01-26 15:45:16,31.52,0.063,0.0,3,Success,Purchase,Ahmedabad,INR,False
TXN-20240126-0000180,WALL-0062365,MERCH-00321,PM-05,DEV-01,2024-01-26 15:13:22,41.21,0.0,0.0,4,Success,Bill Payment,Phnom Penh,KHR,False
TXN-20240126-0000181,WALL-0130439,MERCH-00110,PM-03,DEV-01,2024-01-26 14:16:36,42.85,0.3428,0.0,4,Success,Purchase,Myitkyina,MMK,False
TXN-20240126-0000182,WALL-0010823,MERCH-00269,PM-01,DEV-02,2024-01-26 21:50:24,13.44,0.0,0.0,1,Success,Subscription,Jakarta,IDR,False
TXN-20240126-0000183,WALL-0079344,MERCH-00467,PM-01,DEV-02,2024-01-26 06:22:22,245.6,0.0,0.0,24,Success,Payment,Mawlamyine,MMK,False
TXN-20240126-0000184,WALL-0010390,MERCH-00341,PM-02,DEV-02,2024-01-26 23:26:25,42.53,0.0851,0.0,4,Success,Bill Payment,Manila,THB,False
TXN-20240126-0000185,WALL-0143156,MERCH-00342,PM-01,DEV-02,2024-01-26 15:50:02,83.05,0.0,0.0,8,Success,Bill Payment,Taunggyi,MMK,False
TXN-20240126-0000186,WALL-0149663,MERCH-00256,PM-01,DEV-01,2024-01-26 15:20:24,36.04,0.0,0.0,3,Success,Subscription,Manila,PHP,False
TXN-20240126-0000187,WALL-0046415,MERCH-00386,PM-01,DEV-03,2024-01-26 14:14:54,64.01,0.0,0.0,6,Success,Purchase,Hanoi,VND,False
TXN-20240126-0000188,WALL-0018805,MERCH-00032,PM-02,DEV-01,2024-01-26 17:56:33,11.59,0.0232,0.2319,1,Success,Purchase,Myitkyina,MMK,False
TXN-20240126-0000189,WALL-0118232,MERCH-00377,PM-01,DEV-01,2024-01-26 14:15:05,38.98,0.0,0.0,3,Success,Purchase,Mumbai,INR,False
TXN-20240126-0000190,WALL-0077522,MERCH-00355,PM-04,DEV-01,2024-01-26 21:30:50,39.72,0.7943,0.0,3,Success,Bill Payment,Hanoi,MMK,False
TXN-20240126-0000191,WALL-0108904,MERCH-00123,PM-01,DEV-01,2024-01-26 07:29:31,77.23,0.0,0.0,7,Success,Purchase,Bago,MMK,False
TXN-20240126-0000192,WALL-0087086,MERCH-00435,PM-04,DEV-01,2024-01-26 21:50:16,141.64,2.8328,0.0,14,Success,Tax Payment,Mawlamyine,MMK,False
TXN-20240126-0000193,WALL-0018046,MERCH-00053,PM-03,DEV-01,2024-01-26 07:26:16,46.48,0.3718,0.9296,4,Success,Purchase,Delhi,INR,False
TXN-20240126-0000194,WALL-0059502,MERCH-00386,PM-02,DEV-01,2024-01-26 03:45:15,32.59,0.0652,0.0,0,Pending,Purchase,Pune,INR,False
TXN-20240126-0000195,WALL-0113467,MERCH-00098,PM-01,DEV-01,2024-01-26 17:52:34,48.01,0.0,0.0,4,Success,Purchase,Yangon,MMK,False
TXN-20240126-0000196,WALL-0015674,MERCH-00182,PM-04,DEV-02,2024-01-26 21:04:17,105.59,2.1118,5.2794,10,Success,Purchase,Yangon,MMK,False
TXN-20240126-0000197,WALL-0082295,MERCH-00358,PM-03,DEV-01,2024-01-26 06:08:28,35.48,0.2838,0.0,3,Success,Bill Payment,Jaipur,INR,False
TXN-20240126-0000198,WALL-0127907,MERCH-00219,PM-04,DEV-01,2024-01-26 15:33:47,7.69,0.1538,0.0,0,Success,Purchase,Penang,MMK,False
TXN-20240126-0000199,WALL-0110239,MERCH-00389,PM-02,DEV-02,2024-01-26 12:14:26,110.86,0.2217,0.0,11,Success,Purchase,Hanoi,VND,False
TXN-20240126-0000200,WALL-0122183,MERCH-00086,PM-03,DEV-02,2024-01-26 18:31:49,161.87,1.295,0.0,16,Success,Purchase,Mawlamyine,MMK,False
TXN-20240126-0000201,WALL-0040274,MERCH-00003,PM-03,DEV-03,2024-01-26 13:21:06,14.06,0.1125,0.2811,1,Success,Purchase,Chennai,INR,False
TXN-20240126-0000202,WALL-0094589,MERCH-00043,PM-02,DEV-01,2024-01-26 11:08:17,7.96,0.0159,0.1591,0,Success,Purchase,Karachi,PKR,False
TXN-20240126-0000203,WALL-0124831,MERCH-00408,PM-05,DEV-04,2024-01-26 21:50:38,102.74,0.0,0.0,10,Success,Payment,Singapore,SGD,False
TXN-20240126-0000204,WALL-0085325,MERCH-00293,PM-01,DEV-03,2024-01-26 15:51:20,313.03,0.0,25.0427,62,Success,Purchase,Surabaya,MMK,False
TXN-20240126-0000205,WALL-0111744,MERCH-00160,PM-02,DEV-03,2024-01-26 21:05:52,113.55,0.2271,5.6773,11,Success,Purchase,Bago,MMK,False
TXN-20240126-0000206,WALL-0014530,MERCH-00085,PM-04,DEV-02,2024-01-26 17:56:18,18.29,0.3657,0.0,0,Pending,Purchase,Naypyidaw,MMK,False
TXN-20240126-0000207,WALL-0009494,MERCH-00431,PM-01,DEV-01,2024-01-26 12:31:08,98.42,0.0,0.0,9,Success,Tax Payment,Bali,PKR,False
TXN-20240126-0000208,WALL-0102463,MERCH-00021,PM-01,DEV-01,2024-01-26 12:44:23,14.74,0.0,0.2949,1,Success,Purchase,Siem Reap,KHR,False
TXN-20240126-0000209,WALL-0072728,MERCH-00206,PM-05,DEV-05,2024-01-26 18:17:20,11.88,0.0,0.0,1,Success,Purchase,Mawlamyine,MMK,False
TXN-20240126-0000210,WALL-0085728,MERCH-00071,PM-03,DEV-01,2024-01-26 22:07:50,7.92,0.0634,0.1584,0,Success,Purchase,Bali,IDR,False
TXN-20240126-0000211,WALL-0113832,MERCH-00118,PM-02,DEV-01,2024-01-26 14:49:07,32.01,0.064,0.0,3,Success,Purchase,Yangon,MMK,False
TXN-20240126-0000212,WALL-0045022,MERCH-00030,PM-01,DEV-01,2024-01-26 10:59:49,17.21,0.0,0.3442,1,Success,Purchase,Kathmandu,MMK,False
TXN-20240126-0000213,WALL-0066744,MERCH-00199,PM-02,DEV-04,2024-01-26 14:49:32,11.72,0.0234,0.0,1,Success,Purchase,Jaipur,INR,False
TXN-20240126-0000214,WALL-0099937,MERCH-00308,PM-01,DEV-01,2024-01-26 03:20:39,533.93,0.0,42.7148,106,Success,Purchase,Phuket,THB,False
TXN-20240126-0000215,WALL-0043558,MERCH-00111,PM-02,DEV-01,2024-01-26 21:36:52,27.73,0.0555,0.0,0,Failed,Purchase,Johor Bahru,MYR,False
TXN-20240126-0000216,WALL-0142160,MERCH-00056,PM-04,DEV-01,2024-01-26 18:54:21,33.38,0.6676,0.6676,3,Success,Purchase,Chennai,INR,False
TXN-20240126-0000217,WALL-0028917,MERCH-00142,PM-02,DEV-01,2024-01-26 20:46:23,20.0,0.04,1.0,2,Success,Purchase,Myitkyina,MMK,False
TXN-20240126-0000218,WALL-0107932,MERCH-00026,PM-04,DEV-01,2024-01-26 14:13:38,20.47,0.4094,0.4094,2,Success,Purchase,Manila,PHP,False
TXN-20240126-0000219,WALL-0103355,MERCH-00018,PM-01,DEV-01,2024-01-26 12:25:18,33.4,0.0,0.6681,3,Success,Purchase,Kandy,NPR,False
TXN-20240126-0000220,WALL-0055299,MERCH-00182,PM-05,DEV-02,2024-01-26 13:26:40,303.26,0.0,15.1632,30,Success,Purchase,Yangon,MMK,False
TXN-20240126-0000221,WALL-0083275,MERCH-00114,PM-04,DEV-01,2024-01-26 12:56:07,29.27,0.5854,0.0,2,Success,Purchase,Da Nang,VND,False
TXN-20240126-0000222,WALL-0112738,MERCH-00481,PM-05,DEV-05,2024-01-26 15:53:23,50.0,0.0,0.0,5,Success,Payment,Jaipur,INR,False
TXN-20240126-0000223,WALL-0029935,MERCH-00031,PM-02,DEV-01,2024-01-26 20:18:59,30.93,0.0619,0.6185,3,Success,Purchase,Cebu City,PHP,False
TXN-20240126-0000224,WALL-0120600,MERCH-00174,PM-01,DEV-05,2024-01-26 14:46:54,347.92,0.0,17.3959,34,Success,Purchase,Pathein,MMK,False
TXN-20240126-0000225,WALL-0000730,MERCH-00263,PM-01,DEV-01,2024-01-26 14:15:59,7.6,0.0,0.0,0,Success,Subscription,Delhi,INR,False
TXN-20240126-0000226,WALL-0058291,MERCH-00420,PM-01,DEV-03,2024-01-26 06:23:23,90.3,0.0,0.0,9,Success,Payment,Da Nang,VND,False
TXN-20240126-0000227,WALL-0054518,MERCH-00478,PM-03,DEV-03,2024-01-26 06:55:20,828.87,6.631,0.0,82,Success,Payment,Bangalore,INR,False
TXN-20240126-0000228,WALL-0010794,MERCH-00196,PM-03,DEV-03,2024-01-26 18:10:17,12.96,0.1037,0.0,1,Success,Purchase,Manila,PHP,False
TXN-20240126-0000229,WALL-0072026,MERCH-00213,PM-02,DEV-02,2024-01-26 17:03:44,11.82,0.0236,0.0,1,Success,Purchase,Mumbai,INR,False
TXN-20240126-0000230,WALL-0042508,MERCH-00391,PM-03,DEV-01,2024-01-26 14:38:26,134.64,1.0771,0.0,13,Success,Purchase,Islamabad,PKR,False
TXN-20240126-0000231,WALL-0041531,MERCH-00148,PM-01,DEV-01,2024-01-26 21:45:08,139.01,0.0,6.9506,13,Success,Purchase,Mandalay,MMK,False
TXN-20240126-0000232,WALL-0017129,MERCH-00241,PM-04,DEV-01,2024-01-26 15:36:20,17.69,0.3539,0.0,1,Success,Subscription,Chennai,INR,False
TXN-20240126-0000233,WALL-0070930,MERCH-00359,PM-01,DEV-03,2024-01-26 10:30:37,88.07,0.0,0.0,8,Success,Bill Payment,Da Nang,VND,False
TXN-20240126-0000234,WALL-0045200,MERCH-00039,PM-02,DEV-05,2024-01-26 14:41:44,9.61,0.0192,0.1922,0,Success,Purchase,Yangon,MMK,False
TXN-20240126-0000235,WALL-0014943,MERCH-00234,PM-01,DEV-03,2024-01-26 16:40:18,10.6,0.0,0.0,1,Success,Subscription,Johor Bahru,MMK,False
TXN-20240126-0000236,WALL-0034329,MERCH-00435,PM-05,DEV-01,2024-01-26 14:56:29,232.74,0.0,0.0,23,Success,Tax Payment,Hanoi,MMK,False
TXN-20240126-0000237,WALL-0034315,MERCH-00094,PM-01,DEV-02,2024-01-26 11:56:03,308.9,0.0,0.0,30,Success,Purchase,Mumbai,INR,False
TXN-20240126-0000238,WALL-0037673,MERCH-00127,PM-01,DEV-01,2024-01-26 04:08:32,67.45,0.0,0.0,6,Success,Purchase,Pattaya,PHP,False
TXN-20240126-0000239,WALL-0104762,MERCH-00393,PM-04,DEV-01,2024-01-26 14:32:31,167.39,3.3478,0.0,16,Success,Purchase,Pathein,MMK,False
TXN-20240126-0000240,WALL-0098710,MERCH-00186,PM-01,DEV-04,2024-01-26 18:35:55,127.5,0.0,6.3752,12,Success,Purchase,Bago,LKR,False
TXN-20240126-0000241,WALL-0143132,MERCH-00312,PM-02,DEV-05,2024-01-26 08:16:26,103.47,0.2069,0.0,10,Success,Bill Payment,Naypyidaw,MMK,False
TXN-20240126-0000242,WALL-0080738,MERCH-00055,PM-01,DEV-01,2024-01-26 20:13:31,25.48,0.0,0.5097,2,Success,Purchase,Bangkok,THB,False
TXN-20240126-0000243,WALL-0093988,MERCH-00218,PM-01,DEV-03,2024-01-26 19:05:33,12.81,0.0,0.0,1,Success,Purchase,Kuala Lumpur,PHP,False
TXN-20240126-0000244,WALL-0086003,MERCH-00275,PM-03,DEV-01,2024-01-26 14:21:47,471.01,3.768,37.6804,94,Success,Purchase,Taunggyi,MMK,False
TXN-20240126-0000245,WALL-0015550,MERCH-00192,PM-01,DEV-01,2024-01-26 16:39:14,13.06,0.0,0.0,1,Success,Purchase,Pathein,MMK,False
TXN-20240126-0000246,WALL-0140343,MERCH-00392,PM-02,DEV-02,2024-01-26 12:33:44,56.93,0.1139,0.0,5,Success,Purchase,Pokhara,NPR,False
TXN-20240126-0000247,WALL-0050785,MERCH-00374,PM-02,DEV-01,2024-01-26 10:05:12,108.58,0.2172,0.0,10,Success,Purchase,Johor Bahru,MYR,False
TXN-20240126-0000248,WALL-0021443,MERCH-00018,PM-03,DEV-01,2024-01-26 22:20:26,10.41,0.0833,0.2083,1,Success,Purchase,Manila,PHP,False
TXN-20240126-0000249,WALL-0056542,MERCH-00312,PM-01,DEV-01,2024-01-26 15:04:44,39.49,0.0,0.0,3,Success,Bill Payment,Hyderabad,INR,False
TXN-20240126-0000250,WALL-0057223,MERCH-00370,PM-01,DEV-01,2024-01-26 11:23:03,29.79,0.0,0.0,2,Success,Bill Payment,Mandalay,MMK,False
TXN-20240126-0000251,WALL-0020366,MERCH-00005,PM-01,DEV-01,2024-01-26 11:34:47,15.01,0.0,0.3002,1,Success,Purchase,Cebu City,THB,False
TXN-20240126-0000252,WALL-0119021,MERCH-00001,PM-01,DEV-02,2024-01-26 14:11:36,18.62,0.0,0.3724,1,Success,Purchase,Bago,MMK,False
TXN-20240126-0000253,WALL-0023581,MERCH-00056,PM-04,DEV-03,2024-01-26 16:26:53,12.75,0.2551,0.2551,1,Success,Purchase,Pattaya,THB,False
TXN-20240126-0000254,WALL-0110629,MERCH-00135,PM-01,DEV-02,2024-01-26 21:22:19,20.0,0.0,1.0,2,Success,Purchase,Mawlamyine,MMK,False
TXN-20240126-0000255,WALL-0087460,MERCH-00336,PM-03,DEV-01,2024-01-26 11:09:26,82.77,0.6622,0.0,8,Success,Bill Payment,Taunggyi,MMK,False
TXN-20240126-0000256,WALL-0061342,MERCH-00379,PM-02,DEV-03,2024-01-26 16:57:20,35.1,0.0702,0.0,3,Success,Purchase,Hanoi,MMK,False
TXN-20240126-0000257,WALL-0108705,MERCH-00078,PM-01,DEV-01,2024-01-26 20:07:18,15.9,0.0,0.3179,1,Success,Purchase,Taunggyi,MMK,False
TXN-20240126-0000258,WALL-0055591,MERCH-00109,PM-01,DEV-01,2024-01-26 21:42:25,77.97,0.0,0.0,7,Success,Purchase,Davao,PHP,False
TXN-20240126-0000259,WALL-0034556,MERCH-00287,PM-04,DEV-03,2024-01-26 06:31:13,673.63,13.4726,53.8903,134,Success,Purchase,Pathein,MMK,False
TXN-20240126-0000260,WALL-0023073,MERCH-00071,PM-01,DEV-01,2024-01-26 12:11:15,32.57,0.0,0.6515,3,Success,Purchase,Mandalay,MMK,False
TXN-20240126-0000261,WALL-0135952,MERCH-00093,PM-03,DEV-03,2024-01-26 13:18:34,30.89,0.2471,0.0,3,Success,Purchase,Chennai,INR,False
TXN-20240126-0000262,WALL-0075062,MERCH-00330,PM-01,DEV-02,2024-01-26 14:42:30,38.44,0.0,0.0,3,Success,Bill Payment,Myitkyina,MMK,False
TXN-20240126-0000263,WALL-0121275,MERCH-00062,PM-01,DEV-05,2024-01-26 17:02:54,53.39,0.0,1.0677,5,Success,Purchase,Chiang Mai,THB,False
TXN-20240126-0000264,WALL-0008011,MERCH-00425,PM-02,DEV-01,2024-01-26 18:28:16,63.48,0.127,0.0,6,Success,Payment,Pathein,MMK,False
TXN-20240126-0000265,WALL-0091196,MERCH-00241,PM-05,DEV-01,2024-01-26 21:18:23,6.08,0.0,0.0,0,Success,Subscription,Mawlamyine,MMK,False
TXN-20240126-0000266,WALL-0107839,MERCH-00401,PM-03,DEV-02,2024-01-26 13:50:17,79.03,0.6322,0.0,7,Success,Payment,Mawlamyine,BDT,False
TXN-20240126-0000267,WALL-0025782,MERCH-00313,PM-04,DEV-03,2024-01-26 21:35:21,35.37,0.7074,0.0,3,Success,Bill Payment,Singapore,SGD,False
TXN-20240126-0000268,WALL-0013137,MERCH-00042,PM-01,DEV-01,2024-01-26 14:31:20,47.48,0.0,0.9497,4,Success,Purchase,Surabaya,IDR,False
TXN-20240126-0000269,WALL-0110885,MERCH-00400,PM-01,DEV-02,2024-01-26 17:53:27,92.92,0.0,0.0,9,Success,Purchase,Hyderabad,INR,False
TXN-20240126-0000270,WALL-0082982,MERCH-00029,PM-02,DEV-02,2024-01-26 12:10:29,25.2,0.0504,0.504,2,Success,Purchase,Surabaya,IDR,False
TXN-20240126-0000271,WALL-0087168,MERCH-00154,PM-01,DEV-02,2024-01-26 21:57:35,28.01,0.0,1.4004,2,Success,Purchase,Penang,MYR,False
TXN-20240126-0000272,WALL-0080780,MERCH-00089,PM-04,DEV-01,2024-01-26 18:52:49,54.77,1.0953,0.0,5,Success,Purchase,Medan,IDR,False
TXN-20240126-0000273,WALL-0119134,MERCH-00037,PM-03,DEV-04,2024-01-26 12:53:52,39.96,0.3197,0.7993,3,Success,Purchase,Hanoi,VND,False
TXN-20240126-0000274,WALL-0039840,MERCH-00245,PM-04,DEV-04,2024-01-26 19:57:50,5.63,0.1126,0.0,0,Success,Subscription,Medan,IDR,False
TXN-20240126-0000275,WALL-0063304,MERCH-00352,PM-03,DEV-03,2024-01-26 10:29:12,68.81,0.5505,0.0,6,Success,Bill Payment,Mandalay,MMK,False
TXN-20240126-0000276,WALL-0145110,MERCH-00109,PM-02,DEV-04,2024-01-26 13:56:23,38.19,0.0764,0.0,3,Success,Purchase,Lahore,PKR,False
TXN-20240126-0000277,WALL-0096043,MERCH-00446,PM-01,DEV-01,2024-01-26 10:07:14,55.76,0.0,0.0,5,Success,Tax Payment,Davao,MMK,False
TXN-20240126-0000278,WALL-0126495,MERCH-00009,PM-03,DEV-01,2024-01-26 20:28:18,20.01,0.16,0.4001,2,Success,Purchase,Mandalay,MMK,False
TXN-20240126-0000279,WALL-0118959,MERCH-00390,PM-02,DEV-01,2024-01-26 19:06:04,51.73,0.1035,0.0,5,Success,Purchase,Colombo,LKR,False
TXN-20240126-0000280,WALL-0079651,MERCH-00485,PM-01,DEV-01,2024-01-26 16:57:15,300.41,0.0,0.0,30,Success,Payment,Taunggyi,MMK,False
TXN-20240126-0000281,WALL-0115796,MERCH-00182,PM-02,DEV-01,2024-01-26 07:19:26,55.49,0.111,2.7743,5,Success,Purchase,Mandalay,MMK,False
TXN-20240126-0000282,WALL-0144396,MERCH-00145,PM-02,DEV-05,2024-01-26 19:07:00,418.03,0.8361,20.9014,41,Success,Purchase,Myitkyina,MMK,False
TXN-20240126-0000283,WALL-0141864,MERCH-00378,PM-04,DEV-01,2024-01-26 17:50:05,22.81,0.4561,0.0,2,Success,Purchase,Colombo,LKR,False
TXN-20240126-0000284,WALL-0137470,MERCH-00384,PM-01,DEV-03,2024-01-26 17:11:43,27.34,0.0,0.0,2,Success,Purchase,Johor Bahru,MYR,False
TXN-20240126-0000285,WALL-0096508,MERCH-00360,PM-01,DEV-01,2024-01-26 09:38:17,46.87,0.0,0.0,4,Success,Bill Payment,Naypyidaw,MMK,False
TXN-20240126-0000286,WALL-0028678,MERCH-00110,PM-03,DEV-01,2024-01-26 17:59:09,90.71,0.7257,0.0,9,Success,Purchase,Myitkyina,MMK,False
TXN-20240126-0000287,WALL-0024020,MERCH-00062,PM-02,DEV-01,2024-01-26 08:30:26,72.09,0.1442,1.4418,7,Success,Purchase,Phnom Penh,KHR,False
TXN-20240126-0000288,WALL-0097700,MERCH-00253,PM-01,DEV-03,2024-01-26 20:26:13,11.72,0.0,0.0,1,Success,Subscription,Pokhara,NPR,False
TXN-20240126-0000289,WALL-0066853,MERCH-00332,PM-04,DEV-05,2024-01-26 19:13:12,74.07,1.4813,0.0,7,Success,Bill Payment,Medan,IDR,False
TXN-20240126-0000290,WALL-0128982,MERCH-00218,PM-01,DEV-02,2024-01-26 08:16:15,8.85,0.0,0.0,0,Success,Purchase,Kandy,LKR,False
TXN-20240126-0000291,WALL-0091304,MERCH-00193,PM-03,DEV-01,2024-01-26 12:55:07,11.29,0.0904,0.0,1,Success,Purchase,Mandalay,MMK,False
TXN-20240126-0000292,WALL-0060519,MERCH-00358,PM-02,DEV-02,2024-01-26 15:21:07,86.89,0.1738,0.0,8,Success,Bill Payment,Myitkyina,MMK,False
TXN-20240126-0000293,WALL-0137856,MERCH-00319,PM-02,DEV-03,2024-01-26 10:10:57,62.36,0.1247,0.0,6,Success,Bill Payment,Kandy,LKR,False
TXN-20240126-0000294,WALL-0059292,MERCH-00440,PM-02,DEV-03,2024-01-26 15:38:53,94.21,0.1884,0.0,9,Success,Tax Payment,Penang,MYR,False
TXN-20240126-0000295,WALL-0058691,MERCH-00186,PM-02,DEV-02,2024-01-26 12:00:09,83.47,0.1669,4.1737,8,Success,Purchase,Kolkata,INR,False
TXN-20240126-0000296,WALL-0089759,MERCH-00070,PM-01,DEV-01,2024-01-26 19:09:33,36.96,0.0,0.7392,3,Success,Purchase,Naypyidaw,MMK,False
TXN-20240126-0000297,WALL-0065232,MERCH-00124,PM-02,DEV-01,2024-01-26 10:08:54,52.11,0.1042,0.0,5,Success,Purchase,Bandung,IDR,False
TXN-20240126-0000298,WALL-0035238,MERCH-00161,PM-01,DEV-01,2024-01-26 09:25:33,208.77,0.0,10.4384,20,Success,Purchase,Penang,MYR,False
TXN-20240126-0000299,WALL-0093686,MERCH-00037,PM-03,DEV-02,2024-01-26 11:52:04,24.4,0.1952,0.488,2,Success,Purchase,Davao,PHP,False
TXN-20240126-0000300,WALL-0110974,MERCH-00092,PM-01,DEV-01,2024-01-26 17:22:39,61.63,0.0,0.0,6,Success,Purchase,Kandy,MMK,False
TXN-20240126-0000301,WALL-0042436,MERCH-00034,PM-02,DEV-01,2024-01-26 17:01:23,36.92,0.0738,0.7385,3,Success,Purchase,Kolkata,INR,False
TXN-20240126-0000302,WALL-0112641,MERCH-00206,PM-01,DEV-03,2024-01-26 14:04:25,11.59,0.0,0.0,1,Success,Purchase,Pune,INR,False
TXN-20240126-0000303,WALL-0008500,MERCH-00259,PM-03,DEV-05,2024-01-26 20:42:13,18.7,0.1496,0.0,1,Success,Subscription,Chittagong,MYR,False
TXN-20240126-0000304,WALL-0057877,MERCH-00049,PM-05,DEV-01,2024-01-26 16:42:22,14.16,0.0,0.2831,1,Success,Purchase,Myitkyina,MMK,False
TXN-20240126-0000305,WALL-0082084,MERCH-00488,PM-02,DEV-01,2024-01-26 14:08:50,303.65,0.6073,0.0,30,Success,Payment,Kolkata,INR,False
TXN-20240126-0000306,WALL-0029323,MERCH-00359,PM-01,DEV-02,2024-01-26 01:16:50,138.94,0.0,0.0,13,Success,Bill Payment,Chiang Mai,THB,False
TXN-20240126-0000307,WALL-0015890,MERCH-00126,PM-02,DEV-01,2024-01-26 15:43:11,192.16,0.3843,0.0,19,Success,Purchase,Yangon,MMK,False
TXN-20240126-0000308,WALL-0103116,MERCH-00178,PM-01,DEV-02,2024-01-26 16:59:56,68.53,0.0,3.4267,6,Success,Purchase,Naypyidaw,MMK,False
TXN-20240126-0000309,WALL-0142452,MERCH-00065,PM-02,DEV-01,2024-01-26 21:43:03,13.0,0.026,0.26,1,Success,Purchase,Jaipur,INR,False
TXN-20240126-0000310,WALL-0069407,MERCH-00201,PM-03,DEV-01,2024-01-26 18:08:09,6.8,0.0544,0.0,0,Success,Purchase,Pathein,MMK,False
TXN-20240126-0000311,WALL-0127256,MERCH-00288,PM-04,DEV-02,2024-01-26 17:06:21,123.14,2.4627,9.8509,24,Success,Purchase,Mandalay,MMK,False
TXN-20240126-0000312,WALL-0112686,MERCH-00233,PM-04,DEV-01,2024-01-26 21:46:01,54.1,1.0819,0.0,5,Success,Subscription,Phnom Penh,KHR,False
TXN-20240126-0000313,WALL-0104079,MERCH-00205,PM-01,DEV-01,2024-01-26 16:53:53,10.19,0.0,0.0,1,Success,Purchase,Bali,IDR,False
TXN-20240126-0000314,WALL-0013770,MERCH-00010,PM-04,DEV-03,2024-01-26 13:55:51,24.24,0.4848,0.4848,2,Success,Purchase,Pathein,MMK,False
TXN-20240126-0000315,WALL-0018275,MERCH-00150,PM-01,DEV-01,2024-01-26 15:01:58,156.93,0.0,7.8464,15,Success,Purchase,Yangon,MMK,False
TXN-20240126-0000316,WALL-0098008,MERCH-00085,PM-04,DEV-01,2024-01-26 21:22:10,31.26,0.6252,0.0,3,Success,Purchase,Ho Chi Minh City,VND,False
TXN-20240126-0000317,WALL-0013004,MERCH-00068,PM-02,DEV-01,2024-01-26 11:40:42,14.92,0.0298,0.2983,1,Success,Purchase,Yangon,MMK,False
TXN-20240126-0000318,WALL-0082037,MERCH-00382,PM-04,DEV-01,2024-01-26 10:17:43,52.59,1.0518,0.0,5,Success,Purchase,Kandy,LKR,False
TXN-20240126-0000319,WALL-0050887,MERCH-00295,PM-03,DEV-02,2024-01-26 15:39:50,803.2,6.4256,64.2561,160,Success,Purchase,Islamabad,PKR,False
TXN-20240126-0000320,WALL-0103819,MERCH-00006,PM-04,DEV-01,2024-01-26 20:36:51,26.56,0.5312,0.5312,2,Success,Purchase,Phnom Penh,KHR,False
TXN-20240126-0000321,WALL-0031356,MERCH-00008,PM-03,DEV-01,2024-01-26 07:35:35,30.44,0.2435,0.6088,3,Success,Purchase,Davao,PHP,False
TXN-20240126-0000322,WALL-0072693,MERCH-00029,PM-05,DEV-01,2024-01-26 19:32:58,25.38,0.0,0.5076,2,Success,Purchase,Chennai,INR,False
TXN-20240126-0000323,WALL-0124256,MERCH-00201,PM-01,DEV-01,2024-01-26 09:07:56,16.18,0.0,0.0,1,Success,Purchase,Singapore,SGD,False
TXN-20240126-0000324,WALL-0039054,MERCH-00095,PM-01,DEV-01,2024-01-26 21:44:08,119.39,0.0,0.0,11,Success,Purchase,Mandalay,MMK,False
TXN-20240126-0000325,WALL-0007785,MERCH-00247,PM-03,DEV-01,2024-01-26 13:06:46,14.57,0.1166,0.0,1,Success,Subscription,Mandalay,MMK,False
TXN-20240126-0000326,WALL-0064451,MERCH-00263,PM-01,DEV-02,2024-01-26 17:49:51,5.0,0.0,0.0,0,Success,Subscription,Myitkyina,MMK,False
TXN-20240126-0000327,WALL-0043024,MERCH-00422,PM-01,DEV-02,2024-01-26 01:02:54,41.99,0.0,0.0,4,Success,Payment,Surabaya,IDR,False
TXN-20240126-0000328,WALL-0008040,MERCH-00135,PM-02,DEV-02,2024-01-26 13:54:24,52.73,0.1055,2.6365,5,Success,Purchase,Bago,MMK,False
TXN-20240126-0000329,WALL-0092797,MERCH-00242,PM-04,DEV-01,2024-01-26 16:52:18,12.89,0.2579,0.0,1,Success,Subscription,Pathein,MMK,False
TXN-20240126-0000330,WALL-0110071,MERCH-00340,PM-02,DEV-02,2024-01-26 08:45:36,129.71,0.2594,0.0,12,Success,Bill Payment,Ahmedabad,INR,False
TXN-20240126-0000331,WALL-0065942,MERCH-00239,PM-01,DEV-01,2024-01-26 20:18:00,6.76,0.0,0.0,0,Success,Subscription,Bago,MMK,False
TXN-20240126-0000332,WALL-0026727,MERCH-00201,PM-01,DEV-03,2024-01-26 19:28:39,23.7,0.0,0.0,2,Success,Purchase,Pune,MYR,True
TXN-20240126-0000333,WALL-0036098,MERCH-00074,PM-01,DEV-03,2024-01-26 07:51:22,26.04,0.0,0.5208,2,Success,Purchase,Kuala Lumpur,MMK,False
TXN-20240126-0000334,WALL-0111695,MERCH-00136,PM-03,DEV-01,2024-01-26 20:33:50,20.0,0.16,1.0,2,Success,Purchase,Mawlamyine,MMK,False
TXN-20240126-0000335,WALL-0128307,MERCH-00043,PM-03,DEV-05,2024-01-26 14:52:02,44.47,0.3558,0.8894,4,Success,Purchase,Yangon,MMK,False
TXN-20240126-0000336,WALL-0149944,MERCH-00134,PM-05,DEV-01,2024-01-26 19:08:06,232.88,0.0,0.0,0,Pending,Purchase,Kolkata,INR,False
TXN-20240126-0000337,WALL-0071714,MERCH-00045,PM-02,DEV-01,2024-01-26 21:32:03,23.51,0.047,0.4702,2,Success,Purchase,Bangkok,THB,False
TXN-20240126-0000338,WALL-0133291,MERCH-00320,PM-04,DEV-01,2024-01-26 17:48:50,170.16,3.4032,0.0,17,Success,Bill Payment,Kathmandu,NPR,False
TXN-20240126-0000339,WALL-0109573,MERCH-00224,PM-01,DEV-01,2024-01-26 20:25:24,16.47,0.0,0.0,1,Success,Purchase,Myitkyina,MMK,False
TXN-20240126-0000340,WALL-0030315,MERCH-00024,PM-01,DEV-01,2024-01-26 16:04:48,8.33,0.0,0.1665,0,Success,Purchase,Pathein,MMK,False
TXN-20240126-0000341,WALL-0114397,MERCH-00083,PM-02,DEV-01,2024-01-26 13:14:09,51.07,0.1021,0.0,5,Success,Purchase,Lahore,PKR,False
TXN-20240126-0000342,WALL-0061702,MERCH-00198,PM-01,DEV-01,2024-01-26 13:17:47,27.82,0.0,0.0,2,Success,Purchase,Naypyidaw,MMK,False
TXN-20240126-0000343,WALL-0114858,MERCH-00440,PM-02,DEV-03,2024-01-26 12:50:08,58.75,0.1175,0.0,5,Success,Tax Payment,Phuket,THB,False
TXN-20240126-0000344,WALL-0023814,MERCH-00374,PM-03,DEV-02,2024-01-26 21:36:25,40.22,0.3217,0.0,4,Success,Purchase,Bago,MMK,False
TXN-20240126-0000345,WALL-0072017,MERCH-00019,PM-01,DEV-01,2024-01-26 07:44:57,20.98,0.0,0.4196,2,Success,Purchase,Manila,PHP,False
TXN-20240126-0000346,WALL-0082556,MERCH-00022,PM-02,DEV-04,2024-01-26 15:28:51,28.26,0.0565,0.5653,2,Success,Purchase,Bago,MMK,False
TXN-20240126-0000347,WALL-0069823,MERCH-00360,PM-04,DEV-02,2024-01-26 19:44:07,59.27,1.1854,0.0,5,Success,Bill Payment,Lahore,PKR,False
TXN-20240126-0000348,WALL-0120840,MERCH-00163,PM-01,DEV-01,2024-01-26 21:03:18,117.32,0.0,5.866,11,Success,Purchase,Yangon,MMK,False
TXN-20240126-0000349,WALL-0143410,MERCH-00422,PM-03,DEV-04,2024-01-26 21:43:55,25.1,0.2008,0.0,2,Success,Payment,Ho Chi Minh City,VND,False
TXN-20240126-0000350,WALL-0023840,MERCH-00369,PM-02,DEV-02,2024-01-26 08:17:28,37.67,0.0753,0.0,3,Success,Bill Payment,Yangon,MMK,False
TXN-20240126-0000351,WALL-0055479,MERCH-00025,PM-04,DEV-01,2024-01-26 19:14:04,22.34,0.4467,0.4467,2,Success,Purchase,Taunggyi,MMK,False
TXN-20240126-0000352,WALL-0134617,MERCH-00220,PM-02,DEV-01,2024-01-26 08:49:54,6.45,0.0129,0.0,0,Success,Purchase,Pathein,MMK,False
TXN-20240126-0000353,WALL-0105962,MERCH-00123,PM-01,DEV-01,2024-01-26 03:38:07,110.67,0.0,0.0,11,Success,Purchase,Myitkyina,MMK,False
TXN-20240126-0000354,WALL-0063643,MERCH-00234,PM-01,DEV-02,2024-01-26 20:17:15,5.0,0.0,0.0,0,Success,Subscription,Bangalore,INR,False
TXN-20240126-0000355,WALL-0056643,MERCH-00072,PM-03,DEV-02,2024-01-26 11:55:00,19.6,0.1568,0.392,1,Success,Purchase,Mawlamyine,MMK,False
TXN-20240126-0000356,WALL-0034381,MERCH-00038,PM-01,DEV-02,2024-01-26 17:37:58,17.97,0.0,0.3593,1,Success,Purchase,Naypyidaw,MMK,False
TXN-20240126-0000357,WALL-0093656,MERCH-00060,PM-02,DEV-04,2024-01-26 20:17:43,32.03,0.0641,0.6405,3,Success,Purchase,Myitkyina,MMK,False
TXN-20240126-0000358,WALL-0055336,MERCH-00487,PM-01,DEV-01,2024-01-26 19:27:06,122.21,0.0,0.0,12,Success,Payment,Colombo,LKR,False
TXN-20240126-0000359,WALL-0011867,MERCH-00299,PM-05,DEV-01,2024-01-26 13:53:09,242.98,0.0,19.4383,48,Success,Purchase,Bandung,IDR,False
TXN-20240126-0000360,WALL-0079141,MERCH-00360,PM-01,DEV-01,2024-01-26 12:18:30,85.07,0.0,0.0,8,Success,Bill Payment,Yangon,MMK,False
TXN-20240126-0000361,WALL-0095931,MERCH-00384,PM-02,DEV-01,2024-01-26 11:39:24,32.05,0.0641,0.0,3,Success,Purchase,Taunggyi,MMK,False
TXN-20240126-0000362,WALL-0138024,MERCH-00016,PM-01,DEV-01,2024-01-26 16:57:29,11.83,0.0,0.2366,1,Success,Purchase,Jaipur,INR,False
TXN-20240126-0000363,WALL-0139658,MERCH-00266,PM-01,DEV-01,2024-01-26 15:51:14,6.71,0.0,0.0,0,Success,Subscription,Kandy,LKR,False
TXN-20240126-0000364,WALL-0102030,MERCH-00362,PM-01,DEV-01,2024-01-26 19:27:34,46.11,0.0,0.0,4,Success,Bill Payment,Pokhara,NPR,False
TXN-20240126-0000365,WALL-0087203,MERCH-00058,PM-01,DEV-01,2024-01-26 13:57:33,19.0,0.0,0.3801,1,Success,Purchase,Mawlamyine,MMK,False
TXN-20240126-0000366,WALL-0070765,MERCH-00224,PM-05,DEV-02,2024-01-26 18:55:16,17.83,0.0,0.0,1,Success,Purchase,Taunggyi,MMK,False
TXN-20240126-0000367,WALL-0054343,MERCH-00391,PM-05,DEV-01,2024-01-26 13:06:51,33.7,0.0,0.0,3,Success,Purchase,Mandalay,MMK,False
TXN-20240126-0000368,WALL-0114905,MERCH-00085,PM-04,DEV-02,2024-01-26 20:41:00,111.5,2.23,0.0,11,Success,Purchase,Mawlamyine,MMK,False
TXN-20240126-0000369,WALL-0040557,MERCH-00009,PM-01,DEV-03,2024-01-26 12:42:23,12.94,0.0,0.2588,1,Success,Purchase,Pathein,MMK,False
TXN-20240126-0000370,WALL-0095939,MERCH-00441,PM-01,DEV-03,2024-01-26 20:12:11,173.06,0.0,0.0,17,Success,Tax Payment,Mawlamyine,MMK,False
TXN-20240126-0000371,WALL-0077300,MERCH-00091,PM-03,DEV-01,2024-01-26 10:41:25,37.74,0.3019,0.0,3,Success,Purchase,Jakarta,MMK,False
TXN-20240126-0000372,WALL-0149023,MERCH-00380,PM-01,DEV-03,2024-01-26 12:10:44,54.69,0.0,0.0,5,Success,Purchase,Pune,INR,False
TXN-20240126-0000373,WALL-0098724,MERCH-00143,PM-01,DEV-01,2024-01-26 18:35:58,61.86,0.0,3.0931,6,Success,Purchase,Kathmandu,NPR,False
TXN-20240126-0000374,WALL-0065984,MERCH-00440,PM-01,DEV-01,2024-01-26 12:32:32,93.21,0.0,0.0,9,Success,Tax Payment,Pattaya,THB,False
TXN-20240126-0000375,WALL-0052527,MERCH-00033,PM-04,DEV-01,2024-01-26 13:41:04,20.33,0.4065,0.4065,2,Success,Purchase,Quezon City,PHP,False
TXN-20240126-0000376,WALL-0039979,MERCH-00268,PM-02,DEV-04,2024-01-26 09:38:31,27.79,0.0556,0.0,2,Success,Subscription,Yangon,MMK,False
TXN-20240126-0000377,WALL-0116091,MERCH-00156,PM-03,DEV-01,2024-01-26 17:30:21,84.43,0.6754,4.2214,8,Success,Purchase,Surabaya,IDR,False
TXN-20240126-0000378,WALL-0126620,MERCH-00010,PM-01,DEV-02,2024-01-26 08:36:14,19.7,0.0,0.394,1,Success,Purchase,Hanoi,VND,False
TXN-20240126-0000379,WALL-0026446,MERCH-00083,PM-01,DEV-01,2024-01-26 05:33:48,65.43,0.0,0.0,6,Success,Purchase,Surabaya,IDR,False
TXN-20240126-0000380,WALL-0119356,MERCH-00051,PM-02,DEV-02,2024-01-26 20:54:17,20.55,0.0411,0.4109,2,Success,Purchase,Taunggyi,MMK,False
TXN-20240126-0000381,WALL-0009840,MERCH-00117,PM-02,DEV-02,2024-01-26 21:25:35,67.86,0.1357,0.0,6,Success,Purchase,Dhaka,BDT,False
TXN-20240126-0000382,WALL-0119482,MERCH-00247,PM-01,DEV-01,2024-01-26 21:43:23,12.33,0.0,0.0,1,Success,Subscription,Taunggyi,MMK,False
TXN-20240126-0000383,WALL-0095804,MERCH-00107,PM-04,DEV-03,2024-01-26 09:55:53,160.03,3.2006,0.0,16,Success,Purchase,Surabaya,IDR,False
TXN-20240126-0000384,WALL-0137448,MERCH-00306,PM-01,DEV-05,2024-01-26 05:35:10,1449.41,0.0,115.9531,289,Success,Purchase,Johor Bahru,MYR,False
TXN-20240126-0000385,WALL-0080883,MERCH-00257,PM-03,DEV-01,2024-01-26 21:28:24,14.67,0.1174,0.0,1,Success,Subscription,Mandalay,MMK,False
TXN-20240126-0000386,WALL-0109703,MERCH-00089,PM-04,DEV-01,2024-01-26 13:38:43,62.03,1.2406,0.0,6,Success,Purchase,Mawlamyine,MMK,False
TXN-20240126-0000387,WALL-0130474,MERCH-00214,PM-03,DEV-01,2024-01-26 20:41:41,19.88,0.1591,0.0,1,Success,Purchase,Khon Kaen,THB,False
TXN-20240126-0000388,WALL-0111805,MERCH-00075,PM-04,DEV-02,2024-01-26 12:40:38,11.53,0.2306,0.2306,1,Success,Purchase,Singapore,MMK,False
TXN-20240126-0000389,WALL-0013782,MERCH-00167,PM-01,DEV-03,2024-01-26 14:36:44,31.66,0.0,1.5832,3,Success,Purchase,Hyderabad,INR,False
TXN-20240126-0000390,WALL-0086545,MERCH-00223,PM-01,DEV-01,2024-01-26 00:25:33,26.1,0.0,0.0,2,Success,Purchase,Davao,PHP,False
TXN-20240126-0000391,WALL-0059296,MERCH-00005,PM-01,DEV-04,2024-01-26 15:48:43,19.96,0.0,0.3992,1,Success,Purchase,Manila,PHP,False
TXN-20240126-0000392,WALL-0143503,MERCH-00138,PM-01,DEV-01,2024-01-26 21:27:54,48.3,0.0,2.4148,4,Success,Purchase,Mawlamyine,MMK,False
TXN-20240126-0000393,WALL-0100341,MERCH-00182,PM-01,DEV-03,2024-01-26 19:07:22,82.23,0.0,4.1114,8,Success,Purchase,Pathein,MMK,False
TXN-20240126-0000394,WALL-0120647,MERCH-00321,PM-01,DEV-02,2024-01-26 15:30:02,58.09,0.0,0.0,5,Success,Bill Payment,Pathein,MMK,False
TXN-20240126-0000395,WALL-0091577,MERCH-00376,PM-01,DEV-01,2024-01-26 09:18:46,113.44,0.0,0.0,11,Success,Purchase,Pattaya,THB,False
TXN-20240126-0000396,WALL-0054738,MERCH-00424,PM-02,DEV-01,2024-01-26 07:03:54,125.01,0.25,0.0,12,Success,Payment,Naypyidaw,MMK,False
TXN-20240126-0000397,WALL-0055334,MERCH-00008,PM-04,DEV-03,2024-01-26 19:48:20,14.46,0.2892,0.2892,1,Success,Purchase,Davao,PHP,False
TXN-20240126-0000398,WALL-0122970,MERCH-00041,PM-01,DEV-02,2024-01-26 16:10:41,22.76,0.0,0.4551,2,Success,Purchase,Penang,MYR,False
TXN-20240126-0000399,WALL-0015176,MERCH-00323,PM-03,DEV-05,2024-01-26 19:49:00,31.21,0.2497,0.0,3,Success,Bill Payment,Siem Reap,KHR,False
TXN-20240126-0000400,WALL-0124074,MERCH-00118,PM-04,DEV-05,2024-01-26 03:33:19,38.39,0.7678,0.0,3,Success,Purchase,Mumbai,INR,False
TXN-20240126-0000401,WALL-0045841,MERCH-00241,PM-01,DEV-02,2024-01-26 21:12:58,12.95,0.0,0.0,1,Success,Subscription,Singapore,IDR,False
TXN-20240126-0000402,WALL-0149727,MERCH-00163,PM-01,DEV-02,2024-01-26 23:03:13,102.74,0.0,5.1371,10,Success,Purchase,Karachi,MMK,False
TXN-20240126-0000403,WALL-0077417,MERCH-00097,PM-03,DEV-02,2024-01-26 12:36:29,87.12,0.6969,0.0,8,Success,Purchase,Ahmedabad,INR,False
TXN-20240126-0000404,WALL-0006085,MERCH-00041,PM-01,DEV-03,2024-01-26 02:33:26,23.07,0.0,0.4614,2,Success,Purchase,Naypyidaw,MMK,False
TXN-20240126-0000405,WALL-0008962,MERCH-00228,PM-04,DEV-02,2024-01-26 17:14:33,7.81,0.1562,0.0,0,Success,Purchase,Pathein,MMK,False
TXN-20240126-0000406,WALL-0099533,MERCH-00439,PM-02,DEV-01,2024-01-26 17:27:16,439.83,0.8797,0.0,43,Success,Tax Payment,Surabaya,IDR,False
TXN-20240126-0000407,WALL-0004332,MERCH-00411,PM-02,DEV-02,2024-01-26 20:04:20,142.06,0.2841,0.0,14,Success,Payment,Bago,MMK,False
TXN-20240126-0000408,WALL-0138792,MERCH-00247,PM-01,DEV-02,2024-01-26 00:39:27,11.08,0.0,0.0,1,Success,Subscription,Manila,PHP,False
TXN-20240126-0000409,WALL-0001993,MERCH-00431,PM-04,DEV-01,2024-01-26 01:17:11,227.53,4.5507,0.0,22,Success,Tax Payment,Penang,MYR,False
TXN-20240126-0000410,WALL-0023529,MERCH-00071,PM-05,DEV-01,2024-01-26 13:06:01,22.52,0.0,0.4504,2,Success,Purchase,Mandalay,MMK,False
TXN-20240126-0000411,WALL-0022005,MERCH-00283,PM-02,DEV-03,2024-01-26 21:07:04,633.38,1.2668,50.6708,126,Success,Purchase,Bago,MMK,False
TXN-20240126-0000412,WALL-0026447,MERCH-00074,PM-05,DEV-01,2024-01-26 08:20:43,7.13,0.0,0.1426,0,Success,Purchase,Lahore,PKR,False
TXN-20240126-0000413,WALL-0144623,MERCH-00351,PM-01,DEV-05,2024-01-26 15:41:50,35.43,0.0,0.0,3,Success,Bill Payment,Surabaya,IDR,False
TXN-20240126-0000414,WALL-0024073,MERCH-00043,PM-03,DEV-02,2024-01-26 20:39:08,26.61,0.2129,0.5322,2,Success,Purchase,Pokhara,IDR,False
TXN-20240126-0000415,WALL-0055604,MERCH-00045,PM-02,DEV-01,2024-01-26 06:49:31,7.37,0.0147,0.0,0,Failed,Purchase,Pokhara,PKR,False
TXN-20240126-0000416,WALL-0040368,MERCH-00001,PM-01,DEV-01,2024-01-26 21:34:55,17.73,0.0,0.3545,1,Success,Purchase,Taunggyi,MMK,False
TXN-20240126-0000417,WALL-0081197,MERCH-00302,PM-01,DEV-02,2024-01-26 23:35:23,267.83,0.0,21.426,53,Success,Purchase,Pathein,MMK,False
TXN-20240126-0000418,WALL-0116524,MERCH-00357,PM-03,DEV-03,2024-01-26 20:02:47,26.53,0.2123,0.0,2,Success,Bill Payment,Kandy,LKR,False
TXN-20240126-0000419,WALL-0098943,MERCH-00081,PM-01,DEV-01,2024-01-26 18:10:09,54.66,0.0,0.0,5,Success,Purchase,Pattaya,THB,False
TXN-20240126-0000420,WALL-0067953,MERCH-00234,PM-03,DEV-01,2024-01-26 19:50:05,28.57,0.2286,0.0,2,Success,Subscription,Yangon,MMK,False
TXN-20240126-0000421,WALL-0044290,MERCH-00109,PM-02,DEV-01,2024-01-26 21:01:12,31.23,0.0625,0.0,3,Success,Purchase,Bangalore,INR,False
TXN-20240126-0000422,WALL-0050030,MERCH-00117,PM-01,DEV-01,2024-01-26 01:50:42,43.04,0.0,0.0,4,Success,Purchase,Delhi,INR,False
TXN-20240126-0000423,WALL-0040390,MERCH-00124,PM-01,DEV-01,2024-01-26 20:14:47,13.66,0.0,0.0,1,Success,Purchase,Taunggyi,MMK,False
TXN-20240126-0000424,WALL-0024068,MERCH-00036,PM-03,DEV-02,2024-01-26 12:47:55,15.19,0.1215,0.3038,1,Success,Purchase,Kandy,LKR,False
TXN-20240126-0000425,WALL-0095880,MERCH-00328,PM-01,DEV-01,2024-01-26 20:48:55,94.37,0.0,0.0,0,Reversed,Bill Payment,Pathein,MMK,False
TXN-20240126-0000426,WALL-0146447,MERCH-00209,PM-01,DEV-03,2024-01-26 08:11:38,5.14,0.0,0.0,0,Success,Purchase,Mandalay,MMK,False
TXN-20240126-0000427,WALL-0097125,MERCH-00297,PM-03,DEV-03,2024-01-26 07:43:08,173.47,1.3877,13.8773,34,Success,Purchase,Mandalay,MMK,False
TXN-20240126-0000428,WALL-0149507,MERCH-00322,PM-01,DEV-03,2024-01-26 09:05:25,45.62,0.0,0.0,4,Success,Bill Payment,Bago,MMK,False
TXN-20240126-0000429,WALL-0104460,MERCH-00170,PM-04,DEV-04,2024-01-26 06:00:32,46.51,0.9303,2.3257,4,Success,Purchase,Kuala Lumpur,MYR,False
TXN-20240126-0000430,WALL-0048301,MERCH-00025,PM-02,DEV-01,2024-01-26 12:27:08,34.96,0.0699,0.6991,3,Success,Purchase,Bandung,IDR,False
TXN-20240126-0000431,WALL-0045541,MERCH-00302,PM-04,DEV-01,2024-01-26 12:15:27,135.64,2.7129,10.8515,27,Success,Purchase,Yangon,MMK,False
TXN-20240126-0000432,WALL-0132176,MERCH-00353,PM-01,DEV-01,2024-01-26 08:37:28,109.45,0.0,0.0,10,Success,Bill Payment,Bago,MMK,False
TXN-20240126-0000433,WALL-0099672,MERCH-00074,PM-02,DEV-02,2024-01-26 19:22:44,8.55,0.0171,0.1711,0,Success,Purchase,Dhaka,INR,False
TXN-20240126-0000434,WALL-0029429,MERCH-00044,PM-01,DEV-02,2024-01-26 13:41:37,20.2,0.0,0.404,2,Success,Purchase,Yangon,MMK,False
TXN-20240126-0000435,WALL-0081839,MERCH-00001,PM-04,DEV-02,2024-01-26 12:56:54,15.74,0.3148,0.3148,1,Success,Purchase,Taunggyi,MMK,False
TXN-20240126-0000436,WALL-0109941,MERCH-00156,PM-01,DEV-01,2024-01-26 19:55:38,155.43,0.0,7.7714,15,Success,Purchase,Jaipur,INR,False
TXN-20240126-0000437,WALL-0116523,MERCH-00196,PM-01,DEV-02,2024-01-26 19:07:19,13.59,0.0,0.0,1,Success,Purchase,Pokhara,NPR,False
TXN-20240126-0000438,WALL-0078301,MERCH-00213,PM-01,DEV-02,2024-01-26 12:38:56,12.23,0.0,0.0,1,Success,Purchase,Yangon,MMK,False
TXN-20240126-0000439,WALL-0007812,MERCH-00042,PM-05,DEV-03,2024-01-26 05:37:20,25.44,0.0,0.5089,2,Success,Purchase,Hanoi,VND,False
TXN-20240126-0000440,WALL-0010026,MERCH-00161,PM-02,DEV-02,2024-01-26 16:36:25,20.0,0.04,1.0,2,Success,Purchase,Phnom Penh,KHR,False
TXN-20240126-0000441,WALL-0103363,MERCH-00326,PM-05,DEV-01,2024-01-26 10:37:35,94.38,0.0,0.0,9,Success,Bill Payment,Lahore,PKR,False
TXN-20240126-0000442,WALL-0045336,MERCH-00182,PM-01,DEV-01,2024-01-26 17:03:26,38.54,0.0,1.9271,3,Success,Purchase,Chiang Mai,THB,False
TXN-20240126-0000443,WALL-0023675,MERCH-00414,PM-03,DEV-01,2024-01-26 15:32:49,90.43,0.7234,0.0,9,Success,Payment,Hyderabad,INR,False
TXN-20240126-0000444,WALL-0052011,MERCH-00352,PM-01,DEV-03,2024-01-26 07:15:59,61.57,0.0,0.0,6,Success,Bill Payment,Myitkyina,MMK,False
TXN-20240126-0000445,WALL-0091110,MERCH-00061,PM-01,DEV-02,2024-01-26 02:50:25,5.0,0.0,0.1,0,Success,Purchase,Mawlamyine,MMK,False
TXN-20240126-0000446,WALL-0053290,MERCH-00397,PM-01,DEV-04,2024-01-26 22:24:08,84.0,0.0,0.0,8,Success,Purchase,Colombo,LKR,False
TXN-20240126-0000447,WALL-0039180,MERCH-00040,PM-01,DEV-02,2024-01-26 17:40:29,5.0,0.0,0.1,0,Success,Purchase,Dhaka,BDT,False
TXN-20240126-0000448,WALL-0053730,MERCH-00397,PM-01,DEV-01,2024-01-26 05:47:06,76.57,0.0,0.0,7,Success,Purchase,Naypyidaw,MMK,False
TXN-20240126-0000449,WALL-0018471,MERCH-00386,PM-02,DEV-02,2024-01-26 18:52:54,53.31,0.1066,0.0,5,Success,Purchase,Pathein,MMK,False
TXN-20240126-0000450,WALL-0012965,MERCH-00069,PM-04,DEV-01,2024-01-26 15:57:27,14.99,0.2999,0.2999,1,Success,Purchase,Jakarta,IDR,False
TXN-20240126-0000451,WALL-0086266,MERCH-00145,PM-01,DEV-02,2024-01-26 06:40:27,168.0,0.0,8.4,16,Success,Purchase,Bago,MMK,False
TXN-20240126-0000452,WALL-0060219,MERCH-00082,PM-01,DEV-03,2024-01-26 15:51:43,78.14,0.0,0.0,0,Failed,Purchase,Yangon,MMK,False
TXN-20240126-0000453,WALL-0082181,MERCH-00294,PM-01,DEV-02,2024-01-26 13:14:06,397.13,0.0,31.7706,79,Success,Purchase,Phuket,THB,False
TXN-20240126-0000454,WALL-0053326,MERCH-00197,PM-01,DEV-01,2024-01-26 19:22:00,18.1,0.0,0.0,1,Success,Purchase,Medan,IDR,False
TXN-20240126-0000455,WALL-0141151,MERCH-00432,PM-01,DEV-04,2024-01-26 17:14:53,50.0,0.0,0.0,5,Success,Tax Payment,Lahore,PKR,False
TXN-20240126-0000456,WALL-0133097,MERCH-00374,PM-02,DEV-02,2024-01-26 12:05:10,108.15,0.2163,0.0,10,Success,Purchase,Bandung,MMK,False
TXN-20240126-0000457,WALL-0089238,MERCH-00453,PM-02,DEV-01,2024-01-26 16:38:35,115.6,0.2312,0.0,11,Success,Payment,Medan,IDR,False
TXN-20240126-0000458,WALL-0007551,MERCH-00422,PM-02,DEV-03,2024-01-26 17:12:49,104.81,0.2096,0.0,10,Success,Payment,Jaipur,KHR,False
TXN-20240126-0000459,WALL-0041080,MERCH-00365,PM-03,DEV-01,2024-01-26 13:51:53,29.7,0.2376,0.0,2,Success,Bill Payment,Surabaya,IDR,False
TXN-20240126-0000460,WALL-0039954,MERCH-00201,PM-04,DEV-03,2024-01-26 09:51:29,14.46,0.2892,0.0,1,Success,Purchase,Karachi,MMK,False
TXN-20240126-0000461,WALL-0071560,MERCH-00148,PM-01,DEV-01,2024-01-26 17:47:51,622.55,0.0,31.1276,62,Success,Purchase,Pune,INR,False
TXN-20240126-0000462,WALL-0024555,MERCH-00034,PM-01,DEV-01,2024-01-26 20:56:31,12.3,0.0,0.246,1,Success,Purchase,Surabaya,PHP,False
TXN-20240126-0000463,WALL-0002919,MERCH-00001,PM-02,DEV-02,2024-01-26 19:53:11,24.1,0.0482,0.482,2,Success,Purchase,Manila,PHP,False
TXN-20240126-0000464,WALL-0055251,MERCH-00129,PM-01,DEV-04,2024-01-26 07:51:04,45.75,0.0,0.0,4,Success,Purchase,Naypyidaw,MMK,False
TXN-20240126-0000465,WALL-0027599,MERCH-00396,PM-01,DEV-04,2024-01-26 09:45:08,34.91,0.0,0.0,3,Success,Purchase,Mandalay,MMK,False
TXN-20240126-0000466,WALL-0047207,MERCH-00056,PM-02,DEV-01,2024-01-26 21:00:26,42.05,0.0841,0.8411,4,Success,Purchase,Bago,MMK,False
TXN-20240126-0000467,WALL-0115283,MERCH-00445,PM-04,DEV-02,2024-01-26 15:26:15,72.86,1.4572,0.0,7,Success,Tax Payment,Chittagong,BDT,False
TXN-20240126-0000468,WALL-0141420,MERCH-00229,PM-02,DEV-01,2024-01-26 00:43:55,12.37,0.0247,0.0,1,Success,Purchase,Mandalay,MMK,False
TXN-20240126-0000469,WALL-0064920,MERCH-00258,PM-02,DEV-04,2024-01-26 19:12:39,29.06,0.0581,0.0,2,Success,Subscription,Lahore,PKR,False
TXN-20240126-0000470,WALL-0108137,MERCH-00297,PM-01,DEV-02,2024-01-26 16:36:55,1588.68,0.0,127.0942,317,Success,Purchase,Myitkyina,MMK,False
TXN-20240126-0000471,WALL-0064095,MERCH-00057,PM-01,DEV-01,2024-01-26 07:25:44,16.56,0.0,0.3312,1,Success,Purchase,Mawlamyine,MMK,False
TXN-20240126-0000472,WALL-0070975,MERCH-00172,PM-01,DEV-04,2024-01-26 00:16:49,173.12,0.0,8.6562,17,Success,Purchase,Taunggyi,MMK,False
TXN-20240126-0000473,WALL-0109772,MERCH-00053,PM-02,DEV-04,2024-01-26 11:08:44,11.07,0.0221,0.2214,1,Success,Purchase,Colombo,LKR,False
TXN-20240126-0000474,WALL-0141954,MERCH-00146,PM-04,DEV-02,2024-01-26 14:50:47,148.6,2.972,7.43,14,Success,Purchase,Lahore,PKR,False
TXN-20240126-0000475,WALL-0110812,MERCH-00145,PM-01,DEV-03,2024-01-26 16:52:28,66.3,0.0,3.3151,6,Success,Purchase,Lahore,PKR,False
TXN-20240126-0000476,WALL-0069320,MERCH-00333,PM-01,DEV-01,2024-01-26 17:42:30,79.37,0.0,0.0,7,Success,Bill Payment,Chennai,INR,False
TXN-20240126-0000477,WALL-0072629,MERCH-00016,PM-03,DEV-03,2024-01-26 06:14:11,7.27,0.0582,0.1454,0,Success,Purchase,Phnom Penh,KHR,False
TXN-20240126-0000478,WALL-0125665,MERCH-00111,PM-01,DEV-02,2024-01-26 18:34:49,47.38,0.0,0.0,4,Success,Purchase,Naypyidaw,MMK,False
TXN-20240126-0000479,WALL-0112176,MERCH-00051,PM-05,DEV-01,2024-01-26 11:21:18,15.43,0.0,0.3087,1,Success,Purchase,Ho Chi Minh City,VND,False
TXN-20240126-0000480,WALL-0082698,MERCH-00083,PM-01,DEV-04,2024-01-26 20:21:15,65.91,0.0,0.0,6,Success,Purchase,Bago,MMK,False
TXN-20240126-0000481,WALL-0084299,MERCH-00025,PM-02,DEV-01,2024-01-26 20:15:05,39.05,0.0781,0.781,3,Success,Purchase,Medan,IDR,False
TXN-20240126-0000482,WALL-0111215,MERCH-00387,PM-04,DEV-01,2024-01-26 14:34:52,40.03,0.8006,0.0,4,Success,Purchase,Bago,MMK,False
TXN-20240126-0000483,WALL-0044447,MERCH-00152,PM-02,DEV-02,2024-01-26 20:37:15,112.51,0.225,5.6254,11,Success,Purchase,Kathmandu,NPR,False
TXN-20240126-0000484,WALL-0096816,MERCH-00158,PM-02,DEV-01,2024-01-26 19:16:03,41.44,0.0829,2.0722,4,Success,Purchase,Bago,MMK,False
TXN-20240126-0000485,WALL-0102481,MERCH-00121,PM-03,DEV-01,2024-01-26 21:55:41,26.35,0.2108,0.0,2,Success,Purchase,Taunggyi,MMK,False
TXN-20240126-0000486,WALL-0126258,MERCH-00402,PM-02,DEV-01,2024-01-26 15:33:37,20.0,0.04,0.0,2,Success,Payment,Taunggyi,MMK,False
TXN-20240126-0000487,WALL-0026265,MERCH-00391,PM-01,DEV-01,2024-01-26 00:04:23,53.77,0.0,0.0,5,Success,Purchase,Kathmandu,NPR,False
TXN-20240126-0000488,WALL-0099295,MERCH-00398,PM-01,DEV-02,2024-01-26 19:25:02,53.99,0.0,0.0,5,Success,Purchase,Kathmandu,NPR,False
TXN-20240126-0000489,WALL-0051699,MERCH-00092,PM-02,DEV-01,2024-01-26 22:13:35,166.94,0.3339,0.0,16,Success,Purchase,Dhaka,BDT,False
TXN-20240126-0000490,WALL-0129635,MERCH-00398,PM-02,DEV-01,2024-01-26 18:06:08,48.14,0.0963,0.0,4,Success,Purchase,Myitkyina,MMK,False
TXN-20240126-0000491,WALL-0056998,MERCH-00030,PM-02,DEV-01,2024-01-26 17:36:01,19.23,0.0385,0.3846,1,Success,Purchase,Pathein,MMK,False
TXN-20240126-0000492,WALL-0028098,MERCH-00050,PM-02,DEV-01,2024-01-26 20:12:48,27.49,0.055,0.5498,2,Success,Purchase,Phnom Penh,MMK,False
TXN-20240126-0000493,WALL-0060172,MERCH-00219,PM-01,DEV-04,2024-01-26 14:35:22,32.91,0.0,0.0,3,Success,Purchase,Chiang Mai,MMK,False
TXN-20240126-0000494,WALL-0121414,MERCH-00067,PM-04,DEV-03,2024-01-26 19:05:20,18.57,0.3714,0.3714,1,Success,Purchase,Ahmedabad,INR,False
TXN-20240126-0000495,WALL-0137122,MERCH-00079,PM-01,DEV-01,2024-01-26 13:13:44,28.4,0.0,0.568,2,Success,Purchase,Kandy,LKR,False
TXN-20240126-0000496,WALL-0003784,MERCH-00242,PM-01,DEV-01,2024-01-26 10:53:55,20.31,0.0,0.0,0,Failed,Subscription,Mumbai,INR,False
TXN-20240126-0000497,WALL-0100688,MERCH-00084,PM-01,DEV-03,2024-01-26 17:04:07,130.86,0.0,0.0,13,Success,Purchase,Mandalay,MMK,False
TXN-20240126-0000498,WALL-0120862,MERCH-00422,PM-01,DEV-01,2024-01-26 12:17:51,642.45,0.0,0.0,64,Success,Payment,Kuala Lumpur,MYR,False
TXN-20240126-0000499,WALL-0112088,MERCH-00113,PM-01,DEV-03,2024-01-26 18:38:03,38.61,0.0,0.0,3,Success,Purchase,Bali,IDR,False
TXN-20240126-0000500,WALL-0056579,MERCH-00224,PM-02,DEV-02,2024-01-26 07:51:27,5.0,0.01,0.0,0,Success,Purchase,Jaipur,KHR,False
TXN-20240126-0000501,WALL-0149681,MERCH-00173,PM-03,DEV-03,2024-01-26 18:31:39,27.5,0.22,1.375,2,Success,Purchase,Bangalore,INR,False
TXN-20240126-0000502,WALL-0116341,MERCH-00371,PM-02,DEV-05,2024-01-26 17:39:57,84.0,0.168,0.0,8,Success,Purchase,Davao,PHP,False
TXN-20240126-0000503,WALL-0034740,MERCH-00378,PM-02,DEV-03,2024-01-26 20:25:59,111.8,0.2236,0.0,11,Success,Purchase,Bago,MMK,False
TXN-20240126-0000504,WALL-0025651,MERCH-00373,PM-02,DEV-01,2024-01-26 17:35:49,25.77,0.0515,0.0,2,Success,Purchase,Mandalay,MMK,False
TXN-20240126-0000505,WALL-0088518,MERCH-00145,PM-02,DEV-01,2024-01-26 00:04:07,78.44,0.1569,3.9218,7,Success,Purchase,Myitkyina,MMK,False
TXN-20240126-0000506,WALL-0015852,MERCH-00087,PM-02,DEV-01,2024-01-26 07:51:53,108.96,0.2179,0.0,10,Success,Purchase,Bangalore,INR,False
TXN-20240126-0000507,WALL-0029104,MERCH-00440,PM-02,DEV-01,2024-01-26 10:28:06,60.67,0.1213,0.0,6,Success,Tax Payment,Siem Reap,IDR,False
TXN-20240126-0000508,WALL-0005830,MERCH-00360,PM-01,DEV-01,2024-01-26 21:54:34,38.08,0.0,0.0,3,Success,Bill Payment,Taunggyi,KHR,False
TXN-20240126-0000509,WALL-0139540,MERCH-00052,PM-02,DEV-02,2024-01-26 19:25:06,9.21,0.0184,0.1842,0,Success,Purchase,Karachi,PKR,False
TXN-20240126-0000510,WALL-0109816,MERCH-00128,PM-04,DEV-01,2024-01-26 09:39:41,71.71,1.4343,0.0,7,Success,Purchase,Colombo,MMK,False
TXN-20240126-0000511,WALL-0037263,MERCH-00444,PM-03,DEV-02,2024-01-26 20:34:54,51.56,0.4125,0.0,5,Success,Tax Payment,Phnom Penh,KHR,False
TXN-20240126-0000512,WALL-0058592,MERCH-00274,PM-02,DEV-04,2024-01-26 12:06:14,476.24,0.9525,38.0994,95,Success,Purchase,Pattaya,THB,False
TXN-20240126-0000513,WALL-0137631,MERCH-00149,PM-02,DEV-03,2024-01-26 16:00:59,35.96,0.0719,1.7981,3,Success,Purchase,Cebu City,PHP,False
TXN-20240126-0000514,WALL-0021150,MERCH-00234,PM-01,DEV-02,2024-01-26 13:55:46,8.6,0.0,0.0,0,Success,Subscription,Bago,MMK,False
TXN-20240126-0000515,WALL-0017063,MERCH-00352,PM-01,DEV-02,2024-01-26 14:38:30,100.0,0.0,0.0,10,Success,Bill Payment,Singapore,SGD,False
TXN-20240126-0000516,WALL-0099473,MERCH-00019,PM-01,DEV-03,2024-01-26 19:20:49,11.32,0.0,0.2264,1,Success,Purchase,Naypyidaw,MMK,False
TXN-20240126-0000517,WALL-0115325,MERCH-00287,PM-01,DEV-03,2024-01-26 16:24:24,161.85,0.0,12.9476,32,Success,Purchase,Surabaya,VND,False
TXN-20240126-0000518,WALL-0074783,MERCH-00367,PM-02,DEV-01,2024-01-26 15:57:43,81.13,0.1623,0.0,8,Success,Bill Payment,Bali,IDR,False
TXN-20240126-0000519,WALL-0120580,MERCH-00435,PM-01,DEV-03,2024-01-26 17:32:19,415.2,0.0,0.0,41,Success,Tax Payment,Davao,PHP,False
TXN-20240126-0000520,WALL-0113870,MERCH-00200,PM-01,DEV-01,2024-01-26 19:38:49,33.71,0.0,0.0,3,Success,Purchase,Kuala Lumpur,MYR,False
TXN-20240126-0000521,WALL-0135500,MERCH-00045,PM-01,DEV-02,2024-01-26 10:08:04,28.26,0.0,0.5651,2,Success,Purchase,Bago,MMK,False
TXN-20240126-0000522,WALL-0074013,MERCH-00068,PM-01,DEV-01,2024-01-26 17:15:42,9.25,0.0,0.1849,0,Success,Purchase,Karachi,PKR,False
TXN-20240126-0000523,WALL-0013356,MERCH-00382,PM-01,DEV-01,2024-01-26 07:08:28,44.85,0.0,0.0,4,Success,Purchase,Kathmandu,THB,False
TXN-20240126-0000524,WALL-0149203,MERCH-00103,PM-02,DEV-02,2024-01-26 21:21:24,121.4,0.2428,0.0,12,Success,Purchase,Da Nang,VND,False
TXN-20240126-0000525,WALL-0079423,MERCH-00319,PM-04,DEV-03,2024-01-26 12:22:42,83.46,1.6692,0.0,8,Success,Bill Payment,Ho Chi Minh City,VND,False
TXN-20240126-0000526,WALL-0109147,MERCH-00329,PM-01,DEV-02,2024-01-26 21:15:50,161.08,0.0,0.0,16,Success,Bill Payment,Surabaya,INR,False
TXN-20240126-0000527,WALL-0083074,MERCH-00085,PM-01,DEV-03,2024-01-26 17:23:30,118.68,0.0,0.0,11,Success,Purchase,Bandung,IDR,False
TXN-20240126-0000528,WALL-0110654,MERCH-00461,PM-01,DEV-02,2024-01-26 14:05:46,829.9,0.0,0.0,82,Success,Payment,Phuket,THB,False
TXN-20240126-0000529,WALL-0136996,MERCH-00029,PM-03,DEV-02,2024-01-26 16:30:38,25.09,0.2007,0.5018,2,Success,Purchase,Quezon City,BDT,False
TXN-20240126-0000530,WALL-0049596,MERCH-00218,PM-03,DEV-01,2024-01-26 13:35:36,17.82,0.1426,0.0,1,Success,Purchase,Myitkyina,MMK,False
TXN-20240126-0000531,WALL-0079141,MERCH-00099,PM-02,DEV-03,2024-01-26 14:20:16,159.83,0.3197,0.0,15,Success,Purchase,Yangon,MMK,False
TXN-20240126-0000532,WALL-0101805,MERCH-00071,PM-01,DEV-01,2024-01-26 18:46:04,14.12,0.0,0.2824,1,Success,Purchase,Surabaya,IDR,False
TXN-20240126-0000533,WALL-0095240,MERCH-00092,PM-01,DEV-04,2024-01-26 12:58:13,89.82,0.0,0.0,8,Success,Purchase,Da Nang,MMK,False
TXN-20240126-0000534,WALL-0147086,MERCH-00475,PM-03,DEV-04,2024-01-26 18:21:06,50.0,0.4,0.0,5,Success,Payment,Khon Kaen,THB,False
TXN-20240126-0000535,WALL-0112903,MERCH-00058,PM-01,DEV-02,2024-01-26 19:50:51,20.11,0.0,0.4021,2,Success,Purchase,Ho Chi Minh City,MMK,False
TXN-20240126-0000536,WALL-0008111,MERCH-00142,PM-04,DEV-01,2024-01-26 07:45:14,153.47,3.0695,7.6736,15,Success,Purchase,Myitkyina,MMK,False
TXN-20240126-0000537,WALL-0002084,MERCH-00309,PM-03,DEV-01,2024-01-26 12:41:11,888.78,7.1103,71.1026,177,Success,Purchase,Bangalore,VND,False
TXN-20240126-0000538,WALL-0133370,MERCH-00144,PM-01,DEV-02,2024-01-26 17:29:18,135.6,0.0,6.7802,13,Success,Purchase,Ahmedabad,INR,False
TXN-20240126-0000539,WALL-0105915,MERCH-00354,PM-02,DEV-04,2024-01-26 19:32:26,34.3,0.0686,0.0,3,Success,Bill Payment,Da Nang,MMK,False
TXN-20240126-0000540,WALL-0047560,MERCH-00133,PM-02,DEV-02,2024-01-26 12:39:51,138.81,0.2776,6.9403,13,Success,Purchase,Kandy,LKR,False
TXN-20240126-0000541,WALL-0012642,MERCH-00001,PM-01,DEV-05,2024-01-26 08:13:07,6.49,0.0,0.1299,0,Success,Purchase,Phuket,THB,False
TXN-20240126-0000542,WALL-0053305,MERCH-00428,PM-04,DEV-01,2024-01-26 16:02:16,73.91,1.4782,0.0,7,Success,Payment,Pathein,MMK,False
TXN-20240126-0000543,WALL-0146787,MERCH-00186,PM-01,DEV-01,2024-01-26 15:56:43,80.91,0.0,4.0453,8,Success,Purchase,Kandy,LKR,False
TXN-20240126-0000544,WALL-0097428,MERCH-00376,PM-04,DEV-03,2024-01-26 14:02:15,58.99,1.1798,0.0,5,Success,Purchase,Bago,MMK,False
TXN-20240126-0000545,WALL-0115430,MERCH-00263,PM-01,DEV-03,2024-01-26 03:15:07,7.77,0.0,0.0,0,Success,Subscription,Medan,IDR,False
TXN-20240126-0000546,WALL-0053933,MERCH-00322,PM-04,DEV-01,2024-01-26 11:36:48,44.47,0.8894,0.0,4,Success,Bill Payment,Hanoi,VND,False
TXN-20240126-0000547,WALL-0127283,MERCH-00063,PM-02,DEV-01,2024-01-26 17:29:10,30.2,0.0604,0.604,3,Success,Purchase,Mandalay,MMK,False
TXN-20240126-0000548,WALL-0088860,MERCH-00225,PM-01,DEV-01,2024-01-26 16:04:57,20.57,0.0,0.0,2,Success,Purchase,Bago,MMK,False
TXN-20240126-0000549,WALL-0102102,MERCH-00094,PM-02,DEV-01,2024-01-26 21:29:43,157.17,0.3143,0.0,15,Success,Purchase,Colombo,INR,False
TXN-20240126-0000550,WALL-0056838,MERCH-00401,PM-03,DEV-01,2024-01-26 15:42:40,79.69,0.6375,0.0,0,Pending,Payment,Yangon,MMK,False
TXN-20240126-0000551,WALL-0057640,MERCH-00390,PM-04,DEV-01,2024-01-26 16:06:17,74.93,1.4986,0.0,7,Success,Purchase,Myitkyina,MMK,False
TXN-20240126-0000552,WALL-0132918,MERCH-00044,PM-03,DEV-05,2024-01-26 01:28:32,8.9,0.0712,0.1781,0,Success,Purchase,Mawlamyine,MMK,False
TXN-20240126-0000553,WALL-0052245,MERCH-00099,PM-01,DEV-01,2024-01-26 14:55:11,24.96,0.0,0.0,2,Success,Purchase,Kandy,PHP,False
TXN-20240126-0000554,WALL-0074129,MERCH-00011,PM-01,DEV-04,2024-01-26 06:33:50,53.45,0.0,1.0689,5,Success,Purchase,Mawlamyine,MMK,False
TXN-20240126-0000555,WALL-0103005,MERCH-00289,PM-02,DEV-01,2024-01-26 20:38:41,1622.82,3.2456,129.8256,324,Success,Purchase,Taunggyi,MMK,False
TXN-20240126-0000556,WALL-0141850,MERCH-00199,PM-04,DEV-02,2024-01-26 10:10:08,8.09,0.1618,0.0,0,Success,Purchase,Mandalay,MMK,False
TXN-20240126-0000557,WALL-0137606,MERCH-00124,PM-02,DEV-01,2024-01-26 14:28:59,72.93,0.1459,0.0,7,Success,Purchase,Jakarta,IDR,False
TXN-20240126-0000558,WALL-0002141,MERCH-00071,PM-02,DEV-03,2024-01-26 14:52:42,15.82,0.0316,0.3164,1,Success,Purchase,Bali,KHR,False
TXN-20240126-0000559,WALL-0142535,MERCH-00220,PM-01,DEV-01,2024-01-26 23:51:52,10.08,0.0,0.0,1,Success,Purchase,Bangalore,INR,False
TXN-20240126-0000560,WALL-0116480,MERCH-00091,PM-01,DEV-03,2024-01-26 17:53:32,30.18,0.0,0.0,3,Success,Purchase,Kandy,LKR,False
TXN-20240126-0000561,WALL-0112125,MERCH-00259,PM-02,DEV-01,2024-01-26 21:24:22,8.35,0.0167,0.0,0,Success,Subscription,Myitkyina,MMK,False
TXN-20240126-0000562,WALL-0138751,MERCH-00001,PM-02,DEV-01,2024-01-26 20:16:28,20.75,0.0415,0.4151,2,Success,Purchase,Jakarta,THB,False
TXN-20240126-0000563,WALL-0111228,MERCH-00274,PM-01,DEV-01,2024-01-26 13:50:12,890.48,0.0,71.2386,178,Success,Purchase,Pattaya,THB,False
TXN-20240126-0000564,WALL-0069620,MERCH-00147,PM-01,DEV-01,2024-01-26 09:33:55,275.03,0.0,13.7513,27,Success,Purchase,Yangon,MMK,False
TXN-20240126-0000565,WALL-0132325,MERCH-00113,PM-01,DEV-04,2024-01-26 02:39:55,32.55,0.0,0.0,3,Success,Purchase,Penang,THB,False
TXN-20240126-0000566,WALL-0103790,MERCH-00404,PM-05,DEV-01,2024-01-26 03:39:24,86.36,0.0,0.0,8,Success,Payment,Yangon,MMK,False
TXN-20240126-0000567,WALL-0108963,MERCH-00028,PM-02,DEV-04,2024-01-26 18:54:45,31.11,0.0622,0.6222,3,Success,Purchase,Penang,MYR,False
TXN-20240126-0000568,WALL-0107371,MERCH-00442,PM-04,DEV-01,2024-01-26 09:10:36,142.73,2.8547,0.0,14,Success,Tax Payment,Pattaya,THB,False
TXN-20240126-0000569,WALL-0021439,MERCH-00044,PM-04,DEV-01,2024-01-26 09:23:10,7.94,0.1587,0.1587,0,Success,Purchase,Dhaka,VND,False
TXN-20240126-0000570,WALL-0049412,MERCH-00294,PM-01,DEV-01,2024-01-26 06:32:28,502.2,0.0,40.1763,100,Success,Purchase,Pathein,MMK,False
TXN-20240126-0000571,WALL-0025693,MERCH-00444,PM-03,DEV-03,2024-01-26 17:10:24,75.51,0.6041,0.0,7,Success,Tax Payment,Phnom Penh,KHR,False
TXN-20240126-0000572,WALL-0019408,MERCH-00008,PM-01,DEV-03,2024-01-26 08:10:21,8.99,0.0,0.1798,0,Success,Purchase,Penang,MYR,False
TXN-20240126-0000573,WALL-0045400,MERCH-00134,PM-05,DEV-01,2024-01-26 12:58:21,156.14,0.0,7.8069,15,Success,Purchase,Siem Reap,KHR,False
TXN-20240126-0000574,WALL-0043149,MERCH-00099,PM-01,DEV-01,2024-01-26 01:40:28,58.94,0.0,0.0,5,Success,Purchase,Mandalay,MMK,False
TXN-20240126-0000575,WALL-0025262,MERCH-00256,PM-01,DEV-01,2024-01-26 17:17:10,18.83,0.0,0.0,1,Success,Subscription,Yangon,MMK,False
TXN-20240126-0000576,WALL-0058313,MERCH-00239,PM-02,DEV-01,2024-01-26 08:15:56,47.75,0.0955,0.0,4,Success,Subscription,Islamabad,THB,False
TXN-20240126-0000577,WALL-0017646,MERCH-00050,PM-02,DEV-01,2024-01-26 14:30:40,9.09,0.0182,0.1818,0,Success,Purchase,Taunggyi,MMK,False
TXN-20240126-0000578,WALL-0103404,MERCH-00198,PM-01,DEV-01,2024-01-26 21:02:32,38.46,0.0,0.0,3,Success,Purchase,Phnom Penh,INR,False
TXN-20240126-0000579,WALL-0012606,MERCH-00149,PM-01,DEV-01,2024-01-26 20:19:30,72.36,0.0,3.618,7,Success,Purchase,Davao,MYR,False
TXN-20240126-0000580,WALL-0119744,MERCH-00018,PM-03,DEV-01,2024-01-26 20:59:49,18.91,0.1513,0.3782,1,Success,Purchase,Khon Kaen,THB,False
TXN-20240126-0000581,WALL-0017225,MERCH-00316,PM-01,DEV-01,2024-01-26 14:57:14,98.35,0.0,0.0,9,Success,Bill Payment,Pune,INR,False
TXN-20240126-0000582,WALL-0041406,MERCH-00098,PM-04,DEV-01,2024-01-26 17:20:53,33.86,0.6773,0.0,0,Failed,Purchase,Myitkyina,MMK,False
TXN-20240126-0000583,WALL-0104498,MERCH-00258,PM-02,DEV-02,2024-01-26 15:30:15,15.44,0.0309,0.0,1,Success,Subscription,Kuala Lumpur,MYR,False
TXN-20240126-0000584,WALL-0002774,MERCH-00092,PM-04,DEV-03,2024-01-26 13:34:36,23.22,0.4643,0.0,2,Success,Purchase,Quezon City,PHP,False
TXN-20240126-0000585,WALL-0004559,MERCH-00019,PM-01,DEV-01,2024-01-26 23:00:37,7.94,0.0,0.1588,0,Success,Purchase,Phuket,THB,False
TXN-20240126-0000586,WALL-0029359,MERCH-00398,PM-04,DEV-01,2024-01-26 10:56:53,75.76,1.5153,0.0,7,Success,Purchase,Johor Bahru,MYR,False
TXN-20240126-0000587,WALL-0112227,MERCH-00064,PM-04,DEV-01,2024-01-26 16:23:22,7.68,0.1537,0.1537,0,Success,Purchase,Davao,PHP,False
TXN-20240126-0000588,WALL-0004440,MERCH-00366,PM-01,DEV-02,2024-01-26 21:39:56,12.59,0.0,0.0,1,Success,Bill Payment,Myitkyina,MMK,False
TXN-20240126-0000589,WALL-0104302,MERCH-00299,PM-01,DEV-05,2024-01-26 12:15:01,734.92,0.0,58.7935,146,Success,Purchase,Pathein,MMK,False
TXN-20240126-0000590,WALL-0029399,MERCH-00269,PM-01,DEV-03,2024-01-26 17:15:06,8.2,0.0,0.0,0,Failed,Subscription,Naypyidaw,MMK,False
TXN-20240126-0000591,WALL-0105111,MERCH-00026,PM-05,DEV-01,2024-01-26 10:45:36,15.76,0.0,0.3153,1,Success,Purchase,Surabaya,IDR,False
TXN-20240126-0000592,WALL-0045280,MERCH-00200,PM-01,DEV-02,2024-01-26 12:57:04,9.27,0.0,0.0,0,Success,Purchase,Singapore,SGD,False
TXN-20240126-0000593,WALL-0135430,MERCH-00471,PM-03,DEV-02,2024-01-26 17:45:05,70.65,0.5652,0.0,7,Success,Payment,Hyderabad,INR,False
TXN-20240126-0000594,WALL-0090740,MERCH-00275,PM-05,DEV-03,2024-01-26 15:57:52,219.02,0.0,17.522,43,Success,Purchase,Phnom Penh,KHR,False
TXN-20240126-0000595,WALL-0027360,MERCH-00027,PM-01,DEV-03,2024-01-26 13:07:28,10.34,0.0,0.2068,1,Success,Purchase,Naypyidaw,MMK,False
TXN-20240126-0000596,WALL-0015777,MERCH-00012,PM-04,DEV-04,2024-01-26 11:46:18,22.58,0.4516,0.4516,2,Success,Purchase,Taunggyi,MMK,False
TXN-20240126-0000597,WALL-0133384,MERCH-00466,PM-03,DEV-03,2024-01-26 10:37:41,218.3,1.7464,0.0,21,Success,Payment,Myitkyina,MMK,False
TXN-20240126-0000598,WALL-0033287,MERCH-00092,PM-01,DEV-05,2024-01-26 15:51:28,31.81,0.0,0.0,3,Success,Purchase,Jakarta,IDR,False
TXN-20240126-0000599,WALL-0038176,MERCH-00477,PM-03,DEV-01,2024-01-26 20:59:54,631.91,5.0553,0.0,63,Success,Payment,Myitkyina,MMK,False
TXN-20240126-0000600,WALL-0028340,MERCH-00384,PM-01,DEV-03,2024-01-26 16:03:36,57.0,0.0,0.0,5,Success,Purchase,Penang,MYR,False
TXN-20240126-0000601,WALL-0073756,MERCH-00244,PM-03,DEV-01,2024-01-26 21:53:50,5.0,0.04,0.0,0,Success,Subscription,Naypyidaw,PHP,False
TXN-20240126-0000602,WALL-0044914,MERCH-00382,PM-03,DEV-05,2024-01-26 07:06:05,134.69,1.0775,0.0,13,Success,Purchase,Davao,PHP,False
TXN-20240126-0000603,WALL-0044100,MERCH-00109,PM-01,DEV-01,2024-01-26 12:14:43,29.24,0.0,0.0,2,Success,Purchase,Siem Reap,NPR,False
TXN-20240126-0000604,WALL-0146959,MERCH-00108,PM-04,DEV-01,2024-01-26 10:01:24,51.5,1.03,0.0,5,Success,Purchase,Singapore,SGD,False
TXN-20240126-0000605,WALL-0001844,MERCH-00117,PM-01,DEV-03,2024-01-26 15:42:52,54.67,0.0,0.0,5,Success,Purchase,Hanoi,VND,False
TXN-20240126-0000606,WALL-0000869,MERCH-00471,PM-03,DEV-02,2024-01-26 13:51:27,59.18,0.4734,0.0,5,Success,Payment,Jaipur,INR,False
TXN-20240126-0000607,WALL-0053035,MERCH-00370,PM-01,DEV-02,2024-01-26 14:25:31,135.39,0.0,0.0,13,Success,Bill Payment,Johor Bahru,MYR,False
TXN-20240126-0000608,WALL-0064704,MERCH-00342,PM-03,DEV-05,2024-01-26 19:05:52,20.3,0.1624,0.0,2,Success,Bill Payment,Lahore,PKR,False
TXN-20240126-0000609,WALL-0007736,MERCH-00078,PM-01,DEV-02,2024-01-26 15:46:10,34.67,0.0,0.6934,3,Success,Purchase,Ahmedabad,INR,False
TXN-20240126-0000610,WALL-0139176,MERCH-00223,PM-01,DEV-04,2024-01-26 18:31:38,8.82,0.0,0.0,0,Success,Purchase,Taunggyi,MMK,False
TXN-20240126-0000611,WALL-0080010,MERCH-00180,PM-02,DEV-01,2024-01-26 14:05:20,213.96,0.4279,10.6982,21,Success,Purchase,Pathein,MMK,False
TXN-20240126-0000612,WALL-0076011,MERCH-00065,PM-01,DEV-01,2024-01-26 10:08:37,14.76,0.0,0.2953,1,Success,Purchase,Pattaya,THB,False
TXN-20240126-0000613,WALL-0070170,MERCH-00253,PM-01,DEV-01,2024-01-26 14:13:32,15.95,0.0,0.0,1,Success,Subscription,Myitkyina,MMK,False
TXN-20240126-0000614,WALL-0127332,MERCH-00041,PM-02,DEV-01,2024-01-26 19:46:32,17.6,0.0352,0.3519,1,Success,Purchase,Johor Bahru,MYR,False
TXN-20240126-0000615,WALL-0040810,MERCH-00173,PM-01,DEV-03,2024-01-26 13:34:58,26.78,0.0,1.339,2,Success,Purchase,Davao,PHP,False
TXN-20240126-0000616,WALL-0149035,MERCH-00064,PM-04,DEV-01,2024-01-26 13:27:07,14.51,0.2902,0.2902,1,Success,Purchase,Singapore,SGD,False
TXN-20240126-0000617,WALL-0101176,MERCH-00325,PM-01,DEV-03,2024-01-26 14:15:23,84.51,0.0,0.0,8,Success,Bill Payment,Bago,MMK,False
TXN-20240126-0000618,WALL-0040718,MERCH-00030,PM-01,DEV-01,2024-01-26 20:04:47,9.04,0.0,0.1809,0,Success,Purchase,Penang,MYR,False
TXN-20240126-0000619,WALL-0086483,MERCH-00008,PM-02,DEV-02,2024-01-26 09:45:55,10.88,0.0218,0.2176,1,Success,Purchase,Surabaya,IDR,False
TXN-20240126-0000620,WALL-0061391,MERCH-00050,PM-03,DEV-03,2024-01-26 19:53:15,10.14,0.0811,0.2027,1,Success,Purchase,Jakarta,PKR,False
TXN-20240126-0000621,WALL-0138260,MERCH-00154,PM-02,DEV-03,2024-01-26 08:50:42,87.81,0.1756,4.3903,8,Success,Purchase,Siem Reap,KHR,False
TXN-20240126-0000622,WALL-0045590,MERCH-00334,PM-03,DEV-02,2024-01-26 15:37:54,88.98,0.7118,0.0,8,Success,Bill Payment,Manila,PHP,False
TXN-20240126-0000623,WALL-0140864,MERCH-00020,PM-02,DEV-01,2024-01-26 00:44:05,52.24,0.1045,1.0447,5,Success,Purchase,Kolkata,THB,False
TXN-20240126-0000624,WALL-0097477,MERCH-00243,PM-04,DEV-03,2024-01-26 16:43:58,12.98,0.2596,0.0,1,Success,Subscription,Bago,THB,False
TXN-20240126-0000625,WALL-0075405,MERCH-00207,PM-01,DEV-01,2024-01-26 08:33:36,24.22,0.0,0.0,2,Success,Purchase,Phnom Penh,KHR,False
TXN-20240126-0000626,WALL-0063421,MERCH-00050,PM-01,DEV-01,2024-01-26 13:56:28,37.26,0.0,0.7451,3,Success,Purchase,Karachi,PKR,False
TXN-20240126-0000627,WALL-0022980,MERCH-00500,PM-02,DEV-05,2024-01-26 12:05:43,129.06,0.2581,0.0,12,Success,Payment,Pokhara,NPR,False
TXN-20240126-0000628,WALL-0095003,MERCH-00372,PM-01,DEV-01,2024-01-26 15:44:23,34.27,0.0,0.0,3,Success,Purchase,Kathmandu,NPR,False
TXN-20240126-0000629,WALL-0125226,MERCH-00105,PM-01,DEV-02,2024-01-26 15:38:15,65.66,0.0,0.0,6,Success,Purchase,Chiang Mai,THB,False
TXN-20240126-0000630,WALL-0004735,MERCH-00046,PM-01,DEV-02,2024-01-26 12:11:19,7.49,0.0,0.1497,0,Success,Purchase,Singapore,SGD,False
TXN-20240126-0000631,WALL-0005821,MERCH-00135,PM-03,DEV-01,2024-01-26 01:55:35,36.16,0.2893,1.808,3,Success,Purchase,Bago,MMK,False
TXN-20240126-0000632,WALL-0072588,MERCH-00423,PM-04,DEV-01,2024-01-26 13:52:44,27.68,0.5536,0.0,2,Success,Payment,Phnom Penh,KHR,False
TXN-20240126-0000633,WALL-0027838,MERCH-00367,PM-03,DEV-02,2024-01-26 17:19:39,76.86,0.6148,0.0,7,Success,Bill Payment,Naypyidaw,MMK,False
TXN-20240126-0000634,WALL-0139507,MERCH-00188,PM-04,DEV-01,2024-01-26 15:17:03,34.98,0.6996,1.7489,3,Success,Purchase,Mawlamyine,MMK,False
TXN-20240126-0000635,WALL-0024757,MERCH-00200,PM-03,DEV-03,2024-01-26 10:10:28,5.25,0.042,0.0,0,Success,Purchase,Pattaya,VND,False
TXN-20240126-0000636,WALL-0139232,MERCH-00082,PM-01,DEV-01,2024-01-26 10:36:14,93.49,0.0,0.0,9,Success,Purchase,Singapore,SGD,False
TXN-20240126-0000637,WALL-0002471,MERCH-00332,PM-01,DEV-01,2024-01-26 21:19:30,98.92,0.0,0.0,9,Success,Bill Payment,Manila,PHP,False
TXN-20240126-0000638,WALL-0074306,MERCH-00189,PM-01,DEV-01,2024-01-26 20:56:59,236.28,0.0,11.8142,23,Success,Purchase,Bago,MMK,False
TXN-20240126-0000639,WALL-0134338,MERCH-00196,PM-01,DEV-03,2024-01-26 17:41:57,5.24,0.0,0.0,0,Success,Purchase,Kandy,THB,False
TXN-20240126-0000640,WALL-0138615,MERCH-00048,PM-02,DEV-01,2024-01-26 16:56:25,5.78,0.0116,0.1157,0,Success,Purchase,Bago,MMK,False
TXN-20240126-0000641,WALL-0114016,MERCH-00279,PM-04,DEV-02,2024-01-26 16:44:24,639.49,12.7897,51.159,127,Success,Purchase,Colombo,LKR,False
TXN-20240126-0000642,WALL-0085822,MERCH-00055,PM-05,DEV-01,2024-01-26 11:10:50,22.65,0.0,0.453,2,Success,Purchase,Siem Reap,KHR,False
TXN-20240126-0000643,WALL-0005086,MERCH-00033,PM-05,DEV-02,2024-01-26 21:16:36,42.93,0.0,0.8585,4,Success,Purchase,Surabaya,IDR,False
TXN-20240126-0000644,WALL-0107275,MERCH-00095,PM-01,DEV-01,2024-01-26 02:18:52,34.29,0.0,0.0,3,Success,Purchase,Taunggyi,MMK,False
TXN-20240126-0000645,WALL-0028896,MERCH-00192,PM-03,DEV-03,2024-01-26 02:36:30,5.0,0.04,0.0,0,Success,Purchase,Yangon,MMK,False
TXN-20240126-0000646,WALL-0127595,MERCH-00354,PM-01,DEV-02,2024-01-26 15:57:14,37.25,0.0,0.0,3,Success,Bill Payment,Phnom Penh,KHR,False
TXN-20240126-0000647,WALL-0048902,MERCH-00023,PM-04,DEV-02,2024-01-26 12:32:38,71.41,1.4282,1.4282,7,Success,Purchase,Penang,MYR,False
TXN-20240126-0000648,WALL-0057156,MERCH-00496,PM-01,DEV-01,2024-01-26 21:06:03,195.46,0.0,0.0,19,Success,Payment,Taunggyi,MMK,False
TXN-20240126-0000649,WALL-0084356,MERCH-00031,PM-02,DEV-05,2024-01-26 19:07:56,25.67,0.0513,0.5134,2,Success,Purchase,Pathein,MMK,False
TXN-20240126-0000650,WALL-0005729,MERCH-00194,PM-02,DEV-01,2024-01-26 11:50:28,12.24,0.0245,0.0,1,Success,Purchase,Bago,MMK,False
TXN-20240126-0000651,WALL-0057512,MERCH-00022,PM-01,DEV-01,2024-01-26 19:58:09,27.33,0.0,0.5466,2,Success,Purchase,Taunggyi,MMK,False
TXN-20240126-0000652,WALL-0004039,MERCH-00156,PM-04,DEV-03,2024-01-26 13:41:27,49.15,0.983,2.4575,4,Success,Purchase,Taunggyi,MMK,False
TXN-20240126-0000653,WALL-0092406,MERCH-00448,PM-01,DEV-01,2024-01-26 13:54:42,757.0,0.0,0.0,75,Success,Tax Payment,Mawlamyine,MMK,False
TXN-20240126-0000654,WALL-0090396,MERCH-00138,PM-02,DEV-01,2024-01-26 20:09:27,65.71,0.1314,3.2854,6,Success,Purchase,Kuala Lumpur,MYR,False
TXN-20240126-0000655,WALL-0080068,MERCH-00346,PM-02,DEV-01,2024-01-26 07:15:30,86.75,0.1735,0.0,8,Success,Bill Payment,Medan,IDR,False
TXN-20240126-0000656,WALL-0091608,MERCH-00387,PM-05,DEV-03,2024-01-26 14:45:12,55.96,0.0,0.0,5,Success,Purchase,Chittagong,BDT,False
TXN-20240126-0000657,WALL-0010106,MERCH-00381,PM-02,DEV-01,2024-01-26 16:17:17,20.0,0.04,0.0,2,Success,Purchase,Myitkyina,MMK,False
TXN-20240126-0000658,WALL-0143465,MERCH-00027,PM-02,DEV-01,2024-01-26 16:50:20,32.42,0.0648,0.6484,3,Success,Purchase,Taunggyi,MMK,False
TXN-20240126-0000659,WALL-0045400,MERCH-00179,PM-01,DEV-01,2024-01-26 21:14:40,64.99,0.0,3.2494,6,Success,Purchase,Siem Reap,KHR,False
TXN-20240126-0000660,WALL-0009449,MERCH-00460,PM-02,DEV-03,2024-01-26 01:41:24,183.46,0.3669,0.0,18,Success,Payment,Khon Kaen,THB,False
TXN-20240126-0000661,WALL-0008850,MERCH-00420,PM-01,DEV-02,2024-01-26 06:28:55,113.61,0.0,0.0,11,Success,Payment,Da Nang,VND,False
TXN-20240126-0000662,WALL-0118236,MERCH-00424,PM-01,DEV-01,2024-01-26 07:37:33,106.09,0.0,0.0,10,Success,Payment,Cebu City,PHP,False
TXN-20240126-0000663,WALL-0023507,MERCH-00200,PM-02,DEV-01,2024-01-26 15:25:33,13.16,0.0263,0.0,1,Success,Purchase,Ahmedabad,INR,False
TXN-20240126-0000664,WALL-0075337,MERCH-00177,PM-01,DEV-05,2024-01-26 21:17:14,31.03,0.0,1.5514,3,Success,Purchase,Khon Kaen,THB,False
TXN-20240126-0000665,WALL-0123317,MERCH-00330,PM-04,DEV-02,2024-01-26 19:10:13,77.14,1.5428,0.0,7,Success,Bill Payment,Medan,IDR,False
TXN-20240126-0000666,WALL-0024501,MERCH-00140,PM-01,DEV-01,2024-01-26 14:48:55,52.17,0.0,2.6083,5,Success,Purchase,Naypyidaw,MMK,False
TXN-20240126-0000667,WALL-0078605,MERCH-00151,PM-02,DEV-01,2024-01-26 18:42:35,605.62,1.2112,30.2812,60,Success,Purchase,Ahmedabad,INR,False
TXN-20240126-0000668,WALL-0071019,MERCH-00418,PM-01,DEV-01,2024-01-26 20:01:03,51.59,0.0,0.0,5,Success,Payment,Taunggyi,MMK,False
TXN-20240126-0000669,WALL-0033020,MERCH-00029,PM-04,DEV-01,2024-01-26 18:33:52,11.77,0.2354,0.2354,1,Success,Purchase,Bago,MMK,False
TXN-20240126-0000670,WALL-0036477,MERCH-00039,PM-02,DEV-01,2024-01-26 12:14:48,9.43,0.0189,0.1886,0,Success,Purchase,Bago,MMK,False
TXN-20240126-0000671,WALL-0145479,MERCH-00064,PM-01,DEV-01,2024-01-26 17:59:22,32.95,0.0,0.6589,3,Success,Purchase,Yangon,MMK,False
TXN-20240126-0000672,WALL-0102441,MERCH-00439,PM-01,DEV-01,2024-01-26 18:20:45,253.58,0.0,0.0,25,Success,Tax Payment,Naypyidaw,MMK,False
TXN-20240126-0000673,WALL-0021553,MERCH-00072,PM-01,DEV-02,2024-01-26 18:32:37,11.17,0.0,0.2234,1,Success,Purchase,Siem Reap,KHR,False
TXN-20240126-0000674,WALL-0046670,MERCH-00144,PM-01,DEV-03,2024-01-26 20:52:31,113.63,0.0,5.6814,11,Success,Purchase,Hanoi,VND,False
TXN-20240126-0000675,WALL-0145534,MERCH-00222,PM-03,DEV-01,2024-01-26 02:25:33,9.07,0.0725,0.0,0,Success,Purchase,Da Nang,VND,False
TXN-20240126-0000676,WALL-0142680,MERCH-00105,PM-01,DEV-01,2024-01-26 12:35:11,33.26,0.0,0.0,3,Success,Purchase,Mawlamyine,MMK,False
TXN-20240126-0000677,WALL-0074784,MERCH-00117,PM-02,DEV-02,2024-01-26 12:46:47,63.05,0.1261,0.0,6,Success,Purchase,Mawlamyine,MMK,False
TXN-20240126-0000678,WALL-0028948,MERCH-00344,PM-01,DEV-01,2024-01-26 17:09:19,33.09,0.0,0.0,0,Failed,Bill Payment,Pune,INR,False
TXN-20240126-0000679,WALL-0046566,MERCH-00250,PM-03,DEV-01,2024-01-26 07:49:38,9.88,0.0791,0.0,0,Success,Subscription,Siem Reap,KHR,False
TXN-20240126-0000680,WALL-0148875,MERCH-00074,PM-04,DEV-02,2024-01-26 15:06:34,13.78,0.2756,0.2756,1,Success,Purchase,Penang,MYR,False
TXN-20240126-0000681,WALL-0005626,MERCH-00246,PM-02,DEV-02,2024-01-26 04:51:50,11.62,0.0232,0.0,1,Success,Subscription,Mawlamyine,MMK,False
TXN-20240126-0000682,WALL-0092423,MERCH-00093,PM-03,DEV-02,2024-01-26 18:35:51,18.88,0.151,0.0,1,Success,Purchase,Mandalay,MMK,False
TXN-20240126-0000683,WALL-0073934,MERCH-00026,PM-04,DEV-01,2024-01-26 13:28:49,16.56,0.3312,0.3312,1,Success,Purchase,Bago,MMK,False
TXN-20240126-0000684,WALL-0060362,MERCH-00163,PM-02,DEV-01,2024-01-26 16:09:03,61.85,0.1237,3.0927,6,Success,Purchase,Pokhara,THB,False
TXN-20240126-0000685,WALL-0032886,MERCH-00193,PM-02,DEV-01,2024-01-26 12:07:06,10.06,0.0201,0.0,1,Success,Purchase,Phnom Penh,KHR,False
TXN-20240126-0000686,WALL-0125158,MERCH-00174,PM-01,DEV-01,2024-01-26 12:33:07,34.04,0.0,1.702,3,Success,Purchase,Yangon,MMK,False
TXN-20240126-0000687,WALL-0052299,MERCH-00362,PM-01,DEV-01,2024-01-26 11:03:32,27.97,0.0,0.0,2,Success,Bill Payment,Mawlamyine,MMK,False
TXN-20240126-0000688,WALL-0052639,MERCH-00429,PM-05,DEV-03,2024-01-26 11:54:39,24.32,0.0,0.0,2,Success,Payment,Pathein,MMK,False
TXN-20240126-0000689,WALL-0000870,MERCH-00002,PM-04,DEV-03,2024-01-26 19:27:12,60.0,1.2,1.2,6,Success,Purchase,Delhi,INR,False
TXN-20240126-0000690,WALL-0077962,MERCH-00028,PM-02,DEV-01,2024-01-26 18:59:38,15.93,0.0319,0.3185,1,Success,Purchase,Naypyidaw,MMK,False
TXN-20240126-0000691,WALL-0111496,MERCH-00171,PM-01,DEV-03,2024-01-26 14:24:18,268.68,0.0,13.4342,26,Success,Purchase,Islamabad,PKR,False
TXN-20240126-0000692,WALL-0087045,MERCH-00478,PM-01,DEV-02,2024-01-26 09:53:32,1034.31,0.0,0.0,103,Success,Payment,Islamabad,PKR,False
TXN-20240126-0000693,WALL-0127878,MERCH-00253,PM-01,DEV-05,2024-01-26 21:50:44,40.3,0.0,0.0,4,Success,Subscription,Chittagong,BDT,False
TXN-20240126-0000694,WALL-0137001,MERCH-00403,PM-02,DEV-03,2024-01-26 05:59:28,20.0,0.04,0.0,2,Success,Payment,Myitkyina,MMK,False
TXN-20240126-0000695,WALL-0001539,MERCH-00046,PM-02,DEV-01,2024-01-26 12:45:43,47.57,0.0951,0.9514,4,Success,Purchase,Hyderabad,INR,False
TXN-20240126-0000696,WALL-0065500,MERCH-00245,PM-03,DEV-02,2024-01-26 14:20:11,16.27,0.1302,0.0,1,Success,Subscription,Islamabad,PKR,False
TXN-20240126-0000697,WALL-0108681,MERCH-00257,PM-01,DEV-01,2024-01-26 12:16:26,24.48,0.0,0.0,2,Success,Subscription,Mandalay,MMK,False
TXN-20240126-0000698,WALL-0013381,MERCH-00217,PM-01,DEV-01,2024-01-26 16:00:57,15.08,0.0,0.0,1,Success,Purchase,Mumbai,INR,False
TXN-20240126-0000699,WALL-0075895,MERCH-00182,PM-02,DEV-01,2024-01-26 19:17:05,66.63,0.1333,3.3313,6,Success,Purchase,Naypyidaw,MMK,False
TXN-20240126-0000700,WALL-0025660,MERCH-00340,PM-01,DEV-02,2024-01-26 09:51:44,118.9,0.0,0.0,11,Success,Bill Payment,Mumbai,INR,False
TXN-20240126-0000701,WALL-0146861,MERCH-00057,PM-02,DEV-03,2024-01-26 11:46:36,6.78,0.0136,0.1357,0,Success,Purchase,Pathein,MMK,False
TXN-20240126-0000702,WALL-0124225,MERCH-00312,PM-04,DEV-01,2024-01-26 14:56:28,47.94,0.9588,0.0,4,Success,Bill Payment,Myitkyina,MMK,False
TXN-20240126-0000703,WALL-0030069,MERCH-00058,PM-02,DEV-01,2024-01-26 22:18:31,26.12,0.0522,0.5223,2,Success,Purchase,Chiang Mai,THB,False
TXN-20240126-0000704,WALL-0140046,MERCH-00077,PM-02,DEV-01,2024-01-26 19:59:01,29.68,0.0594,0.5935,2,Success,Purchase,Naypyidaw,MMK,False
TXN-20240126-0000705,WALL-0030706,MERCH-00180,PM-01,DEV-01,2024-01-26 01:59:38,47.25,0.0,2.3623,4,Success,Purchase,Kolkata,INR,False
TXN-20240126-0000706,WALL-0117328,MERCH-00085,PM-03,DEV-01,2024-01-26 19:59:31,40.33,0.3226,0.0,0,Failed,Purchase,Mawlamyine,MMK,False
TXN-20240126-0000707,WALL-0135034,MERCH-00422,PM-03,DEV-04,2024-01-26 19:21:39,51.2,0.4096,0.0,5,Success,Payment,Penang,MYR,False
TXN-20240126-0000708,WALL-0140531,MERCH-00354,PM-01,DEV-03,2024-01-26 17:33:18,45.17,0.0,0.0,4,Success,Bill Payment,Mawlamyine,MMK,False
TXN-20240126-0000709,WALL-0020011,MERCH-00116,PM-01,DEV-01,2024-01-26 12:48:55,52.21,0.0,0.0,5,Success,Purchase,Colombo,LKR,False
TXN-20240126-0000710,WALL-0100884,MERCH-00378,PM-01,DEV-04,2024-01-26 19:20:46,135.13,0.0,0.0,13,Success,Purchase,Pathein,MMK,False
TXN-20240126-0000711,WALL-0009817,MERCH-00372,PM-01,DEV-03,2024-01-26 15:17:17,57.9,0.0,0.0,5,Success,Purchase,Taunggyi,MMK,False
TXN-20240126-0000712,WALL-0147983,MERCH-00101,PM-01,DEV-01,2024-01-26 17:57:26,37.2,0.0,0.0,3,Success,Purchase,Da Nang,VND,False
TXN-20240126-0000713,WALL-0110628,MERCH-00465,PM-01,DEV-01,2024-01-26 07:29:17,395.52,0.0,0.0,39,Success,Payment,Naypyidaw,MMK,False
TXN-20240126-0000714,WALL-0039800,MERCH-00246,PM-05,DEV-01,2024-01-26 06:46:16,8.3,0.0,0.0,0,Success,Subscription,Pathein,MMK,False
TXN-20240126-0000715,WALL-0021750,MERCH-00397,PM-03,DEV-01,2024-01-26 12:30:04,105.29,0.8423,0.0,10,Success,Purchase,Medan,NPR,False
TXN-20240126-0000716,WALL-0076092,MERCH-00345,PM-03,DEV-01,2024-01-26 10:26:59,26.72,0.2137,0.0,2,Success,Bill Payment,Yangon,MMK,False
TXN-20240126-0000717,WALL-0069990,MERCH-00228,PM-03,DEV-03,2024-01-26 10:40:54,5.0,0.04,0.0,0,Success,Purchase,Surabaya,IDR,False
TXN-20240126-0000718,WALL-0081115,MERCH-00047,PM-02,DEV-03,2024-01-26 19:01:55,47.21,0.0944,0.9441,4,Success,Purchase,Yangon,MMK,False
TXN-20240126-0000719,WALL-0148178,MERCH-00064,PM-01,DEV-01,2024-01-26 08:47:35,14.79,0.0,0.2958,1,Success,Purchase,Jakarta,IDR,False
TXN-20240126-0000720,WALL-0088571,MERCH-00276,PM-01,DEV-01,2024-01-26 14:47:33,1281.2,0.0,102.4963,256,Success,Purchase,Medan,IDR,False
TXN-20240126-0000721,WALL-0054882,MERCH-00172,PM-01,DEV-03,2024-01-26 17:46:00,34.9,0.0,1.7451,3,Success,Purchase,Siem Reap,MMK,False
TXN-20240126-0000722,WALL-0064960,MERCH-00429,PM-04,DEV-01,2024-01-26 18:36:46,28.42,0.5685,0.0,2,Success,Payment,Karachi,MMK,False
TXN-20240126-0000723,WALL-0090892,MERCH-00227,PM-01,DEV-05,2024-01-26 19:01:26,12.71,0.0,0.0,1,Success,Purchase,Bali,PHP,False
TXN-20240126-0000724,WALL-0117000,MERCH-00226,PM-01,DEV-01,2024-01-26 19:34:05,9.75,0.0,0.0,0,Success,Purchase,Myitkyina,MMK,False
TXN-20240126-0000725,WALL-0083212,MERCH-00305,PM-01,DEV-03,2024-01-26 14:09:36,352.07,0.0,28.1655,70,Success,Purchase,Quezon City,PHP,False
TXN-20240126-0000726,WALL-0055889,MERCH-00207,PM-01,DEV-01,2024-01-26 07:19:05,9.43,0.0,0.0,0,Success,Purchase,Jaipur,INR,False
TXN-20240126-0000727,WALL-0060834,MERCH-00173,PM-02,DEV-01,2024-01-26 10:03:17,20.0,0.04,1.0,2,Success,Purchase,Da Nang,VND,False
TXN-20240126-0000728,WALL-0071855,MERCH-00023,PM-01,DEV-01,2024-01-26 18:16:45,27.51,0.0,0.5501,2,Success,Purchase,Bangalore,THB,False
TXN-20240126-0000729,WALL-0104167,MERCH-00125,PM-03,DEV-02,2024-01-26 13:55:14,50.36,0.4029,0.0,5,Success,Purchase,Bago,MMK,False
TXN-20240126-0000730,WALL-0086638,MERCH-00328,PM-02,DEV-04,2024-01-26 13:39:31,124.17,0.2483,0.0,12,Success,Bill Payment,Taunggyi,MMK,False
TXN-20240126-0000731,WALL-0089139,MERCH-00211,PM-03,DEV-01,2024-01-26 19:45:48,17.01,0.1361,0.0,1,Success,Purchase,Naypyidaw,MMK,False
TXN-20240126-0000732,WALL-0141017,MERCH-00169,PM-04,DEV-02,2024-01-26 07:45:29,215.16,4.3032,10.758,21,Success,Purchase,Penang,IDR,False
TXN-20240126-0000733,WALL-0068941,MERCH-00071,PM-04,DEV-03,2024-01-26 11:14:48,10.67,0.2133,0.2133,1,Success,Purchase,Taunggyi,MMK,False
TXN-20240126-0000734,WALL-0002999,MERCH-00399,PM-01,DEV-02,2024-01-26 14:14:49,53.7,0.0,0.0,5,Success,Purchase,Hyderabad,INR,False
TXN-20240126-0000735,WALL-0025789,MERCH-00391,PM-02,DEV-01,2024-01-26 19:45:01,31.32,0.0626,0.0,3,Success,Purchase,Dhaka,MMK,False
TXN-20240126-0000736,WALL-0143066,MERCH-00235,PM-01,DEV-02,2024-01-26 11:20:08,36.03,0.0,0.0,3,Success,Subscription,Ahmedabad,INR,False
TXN-20240126-0000737,WALL-0148978,MERCH-00441,PM-03,DEV-04,2024-01-26 12:49:01,329.96,2.6397,0.0,32,Success,Tax Payment,Pathein,MMK,False
TXN-20240126-0000738,WALL-0088642,MERCH-00007,PM-03,DEV-01,2024-01-26 18:42:19,72.62,0.5809,0.0,0,Failed,Purchase,Manila,PHP,False
TXN-20240126-0000739,WALL-0092465,MERCH-00361,PM-02,DEV-03,2024-01-26 21:39:59,59.19,0.1184,0.0,5,Success,Bill Payment,Mawlamyine,MMK,False
TXN-20240126-0000740,WALL-0018921,MERCH-00428,PM-04,DEV-01,2024-01-26 19:26:15,56.38,1.1275,0.0,5,Success,Payment,Delhi,INR,False
TXN-20240126-0000741,WALL-0126398,MERCH-00098,PM-02,DEV-02,2024-01-26 21:25:43,40.38,0.0808,0.0,4,Success,Purchase,Myitkyina,MMK,False
TXN-20240126-0000742,WALL-0015120,MERCH-00202,PM-03,DEV-01,2024-01-26 19:18:19,20.95,0.1676,0.0,2,Success,Purchase,Johor Bahru,MYR,False
TXN-20240126-0000743,WALL-0123261,MERCH-00191,PM-01,DEV-01,2024-01-26 17:38:52,59.62,0.0,0.0,5,Success,Purchase,Taunggyi,MMK,False
TXN-20240126-0000744,WALL-0066209,MERCH-00377,PM-01,DEV-01,2024-01-26 08:28:47,50.76,0.0,0.0,5,Success,Purchase,Chiang Mai,THB,False
TXN-20240126-0000745,WALL-0138641,MERCH-00220,PM-01,DEV-01,2024-01-26 12:31:13,17.86,0.0,0.0,1,Success,Purchase,Taunggyi,MMK,False
TXN-20240126-0000746,WALL-0075903,MERCH-00397,PM-02,DEV-02,2024-01-26 19:43:20,73.13,0.1463,0.0,7,Success,Purchase,Pattaya,THB,False
TXN-20240126-0000747,WALL-0005028,MERCH-00175,PM-04,DEV-01,2024-01-26 19:29:01,33.48,0.6697,1.6742,3,Success,Purchase,Pattaya,THB,False
TXN-20240126-0000748,WALL-0014597,MERCH-00079,PM-04,DEV-01,2024-01-26 12:28:42,5.56,0.1112,0.1112,0,Success,Purchase,Hanoi,VND,False
TXN-20240126-0000749,WALL-0059133,MERCH-00232,PM-05,DEV-01,2024-01-26 07:56:29,21.27,0.0,0.0,2,Success,Subscription,Myitkyina,MMK,False
TXN-20240126-0000750,WALL-0009161,MERCH-00313,PM-01,DEV-01,2024-01-26 21:09:30,62.39,0.0,0.0,6,Success,Bill Payment,Bago,MMK,False
TXN-20240126-0000751,WALL-0137767,MERCH-00440,PM-02,DEV-01,2024-01-26 17:26:48,143.66,0.2873,0.0,14,Success,Tax Payment,Medan,IDR,False
TXN-20240126-0000752,WALL-0111367,MERCH-00186,PM-03,DEV-01,2024-01-26 14:34:12,20.0,0.16,1.0,2,Success,Purchase,Myitkyina,MMK,False
TXN-20240126-0000753,WALL-0067288,MERCH-00400,PM-01,DEV-01,2024-01-26 09:02:58,101.79,0.0,0.0,0,Pending,Purchase,Cebu City,PHP,False
TXN-20240126-0000754,WALL-0090959,MERCH-00032,PM-01,DEV-02,2024-01-26 09:26:09,42.15,0.0,0.8431,4,Success,Purchase,Bangkok,THB,False
TXN-20240126-0000755,WALL-0111834,MERCH-00068,PM-03,DEV-05,2024-01-26 03:30:19,18.61,0.1489,0.0,0,Pending,Purchase,Naypyidaw,MMK,False
TXN-20240126-0000756,WALL-0048691,MERCH-00450,PM-01,DEV-01,2024-01-26 18:32:20,328.09,0.0,0.0,32,Success,Tax Payment,Dhaka,BDT,False
TXN-20240126-0000757,WALL-0094916,MERCH-00040,PM-02,DEV-03,2024-01-26 06:15:59,20.22,0.0404,0.4045,2,Success,Purchase,Myitkyina,MMK,False
TXN-20240126-0000758,WALL-0062997,MERCH-00360,PM-02,DEV-03,2024-01-26 18:12:28,86.92,0.1738,0.0,8,Success,Bill Payment,Siem Reap,MMK,False
TXN-20240126-0000759,WALL-0056285,MERCH-00137,PM-01,DEV-05,2024-01-26 17:04:58,880.1,0.0,44.0052,88,Success,Purchase,Bago,MMK,False
TXN-20240126-0000760,WALL-0024644,MERCH-00061,PM-02,DEV-01,2024-01-26 13:48:08,39.28,0.0786,0.7857,3,Success,Purchase,Taunggyi,MMK,False
TXN-20240126-0000761,WALL-0137814,MERCH-00184,PM-01,DEV-01,2024-01-26 18:10:20,33.98,0.0,1.6989,3,Success,Purchase,Bago,MMK,False
TXN-20240126-0000762,WALL-0095351,MERCH-00107,PM-04,DEV-03,2024-01-26 11:33:22,22.6,0.4519,0.0,2,Success,Purchase,Phuket,THB,False
TXN-20240126-0000763,WALL-0099519,MERCH-00046,PM-01,DEV-03,2024-01-26 19:24:15,32.17,0.0,0.6434,3,Success,Purchase,Cebu City,PHP,False
TXN-20240126-0000764,WALL-0098975,MERCH-00014,PM-01,DEV-02,2024-01-26 06:07:09,33.44,0.0,0.6689,3,Success,Purchase,Siem Reap,KHR,False
TXN-20240126-0000765,WALL-0069096,MERCH-00003,PM-02,DEV-04,2024-01-26 13:38:03,13.09,0.0262,0.2618,1,Success,Purchase,Mandalay,MMK,False
TXN-20240126-0000766,WALL-0004939,MERCH-00204,PM-01,DEV-01,2024-01-26 08:48:58,15.07,0.0,0.0,1,Success,Purchase,Bali,IDR,False
TXN-20240126-0000767,WALL-0022032,MERCH-00333,PM-01,DEV-01,2024-01-26 18:17:56,55.29,0.0,0.0,5,Success,Bill Payment,Mawlamyine,MMK,False
TXN-20240126-0000768,WALL-0092964,MERCH-00116,PM-05,DEV-03,2024-01-26 18:59:01,21.25,0.0,0.0,2,Success,Purchase,Jakarta,IDR,False
TXN-20240126-0000769,WALL-0070321,MERCH-00348,PM-03,DEV-02,2024-01-26 19:15:57,45.87,0.367,0.0,4,Success,Bill Payment,Phnom Penh,KHR,False
TXN-20240126-0000770,WALL-0112138,MERCH-00249,PM-01,DEV-01,2024-01-26 14:53:43,8.33,0.0,0.0,0,Success,Subscription,Phnom Penh,INR,False
TXN-20240126-0000771,WALL-0015954,MERCH-00324,PM-04,DEV-01,2024-01-26 21:30:01,158.56,3.1712,0.0,15,Success,Bill Payment,Ho Chi Minh City,VND,False
TXN-20240126-0000772,WALL-0045796,MERCH-00326,PM-01,DEV-01,2024-01-26 08:04:34,91.77,0.0,0.0,9,Success,Bill Payment,Taunggyi,MMK,False
TXN-20240126-0000773,WALL-0068741,MERCH-00128,PM-04,DEV-01,2024-01-26 07:24:54,255.89,5.1178,0.0,25,Success,Purchase,Phuket,THB,False
TXN-20240126-0000774,WALL-0055843,MERCH-00252,PM-05,DEV-01,2024-01-26 20:25:02,16.03,0.0,0.0,1,Success,Subscription,Naypyidaw,MMK,False
TXN-20240126-0000775,WALL-0061811,MERCH-00012,PM-01,DEV-03,2024-01-26 20:43:31,13.98,0.0,0.2795,1,Success,Purchase,Yangon,MMK,False
TXN-20240126-0000776,WALL-0109915,MERCH-00332,PM-01,DEV-01,2024-01-26 18:14:02,58.85,0.0,0.0,5,Success,Bill Payment,Pune,INR,False
TXN-20240126-0000777,WALL-0073341,MERCH-00199,PM-01,DEV-01,2024-01-26 18:57:46,5.27,0.0,0.0,0,Success,Purchase,Cebu City,MMK,False
TXN-20240126-0000778,WALL-0108662,MERCH-00028,PM-02,DEV-02,2024-01-26 15:12:25,10.32,0.0206,0.2064,1,Success,Purchase,Penang,MMK,False
TXN-20240126-0000779,WALL-0055654,MERCH-00250,PM-01,DEV-01,2024-01-26 15:38:07,6.86,0.0,0.0,0,Success,Subscription,Ho Chi Minh City,VND,False
TXN-20240126-0000780,WALL-0146350,MERCH-00394,PM-01,DEV-02,2024-01-26 15:12:47,57.67,0.0,0.0,5,Success,Purchase,Naypyidaw,MMK,False
TXN-20240126-0000781,WALL-0053601,MERCH-00441,PM-02,DEV-02,2024-01-26 00:44:47,139.0,0.278,0.0,13,Success,Tax Payment,Bago,MMK,False
TXN-20240126-0000782,WALL-0064770,MERCH-00421,PM-02,DEV-01,2024-01-26 20:55:32,177.46,0.3549,0.0,17,Success,Payment,Surabaya,IDR,False
TXN-20240126-0000783,WALL-0139673,MERCH-00444,PM-02,DEV-01,2024-01-26 15:11:33,169.81,0.3396,0.0,16,Success,Tax Payment,Quezon City,MMK,False
TXN-20240126-0000784,WALL-0052973,MERCH-00092,PM-01,DEV-01,2024-01-26 03:42:05,128.16,0.0,0.0,12,Success,Purchase,Pokhara,NPR,False
TXN-20240126-0000785,WALL-0034897,MERCH-00481,PM-02,DEV-01,2024-01-26 17:25:46,719.92,1.4398,0.0,71,Success,Payment,Naypyidaw,MMK,False
TXN-20240126-0000786,WALL-0115655,MERCH-00164,PM-05,DEV-03,2024-01-26 18:57:18,161.72,0.0,8.0859,16,Success,Purchase,Penang,MYR,False
TXN-20240126-0000787,WALL-0033596,MERCH-00060,PM-03,DEV-03,2024-01-26 11:16:13,19.17,0.1534,0.3834,1,Success,Purchase,Kathmandu,NPR,False
TXN-20240126-0000788,WALL-0082807,MERCH-00040,PM-02,DEV-01,2024-01-26 20:48:43,64.56,0.1291,1.2911,6,Success,Purchase,Bangkok,THB,False
TXN-20240126-0000789,WALL-0099797,MERCH-00381,PM-01,DEV-02,2024-01-26 18:28:02,88.88,0.0,0.0,8,Success,Purchase,Phuket,THB,False
TXN-20240126-0000790,WALL-0047840,MERCH-00325,PM-02,DEV-01,2024-01-26 22:20:27,81.81,0.1636,0.0,8,Success,Bill Payment,Pathein,MMK,False
TXN-20240126-0000791,WALL-0071146,MERCH-00089,PM-02,DEV-01,2024-01-26 15:20:21,42.9,0.0858,0.0,4,Success,Purchase,Pattaya,THB,False
TXN-20240126-0000792,WALL-0069396,MERCH-00075,PM-04,DEV-05,2024-01-26 12:22:48,14.77,0.2953,0.2953,1,Success,Purchase,Chittagong,BDT,False
TXN-20240126-0000793,WALL-0133199,MERCH-00342,PM-02,DEV-01,2024-01-26 12:20:24,22.02,0.044,0.0,2,Success,Bill Payment,Yangon,MMK,False
TXN-20240126-0000794,WALL-0091051,MERCH-00414,PM-05,DEV-01,2024-01-26 15:23:59,54.63,0.0,0.0,5,Success,Payment,Taunggyi,MMK,False
TXN-20240126-0000795,WALL-0102880,MERCH-00060,PM-05,DEV-01,2024-01-26 16:27:58,22.71,0.0,0.4543,2,Success,Purchase,Bago,MMK,False
TXN-20240126-0000796,WALL-0049542,MERCH-00084,PM-04,DEV-01,2024-01-26 11:54:21,56.19,1.1238,0.0,5,Success,Purchase,Jakarta,MMK,False
TXN-20240126-0000797,WALL-0146699,MERCH-00046,PM-03,DEV-04,2024-01-26 17:52:16,54.97,0.4398,1.0994,5,Success,Purchase,Dhaka,MMK,False
TXN-20240126-0000798,WALL-0040564,MERCH-00102,PM-02,DEV-05,2024-01-26 21:51:55,96.38,0.1928,0.0,9,Success,Purchase,Medan,IDR,False
TXN-20240126-0000799,WALL-0082073,MERCH-00032,PM-02,DEV-01,2024-01-26 17:04:58,27.44,0.0549,0.5488,2,Success,Purchase,Taunggyi,MMK,False
TXN-20240126-0000800,WALL-0052593,MERCH-00245,PM-04,DEV-01,2024-01-26 11:19:11,21.27,0.4255,0.0,2,Success,Subscription,Pathein,MMK,False
TXN-20240126-0000801,WALL-0138517,MERCH-00260,PM-02,DEV-03,2024-01-26 08:19:20,5.9,0.0118,0.0,0,Success,Subscription,Quezon City,PHP,False
TXN-20240126-0000802,WALL-0083789,MERCH-00241,PM-04,DEV-01,2024-01-26 19:37:11,16.29,0.3258,0.0,1,Success,Subscription,Mandalay,MMK,False
TXN-20240126-0000803,WALL-0003424,MERCH-00361,PM-01,DEV-01,2024-01-26 16:49:02,34.4,0.0,0.0,3,Success,Bill Payment,Ahmedabad,INR,False
TXN-20240126-0000804,WALL-0127514,MERCH-00224,PM-01,DEV-01,2024-01-26 15:14:12,8.76,0.0,0.0,0,Success,Purchase,Bago,MMK,False
TXN-20240126-0000805,WALL-0128487,MERCH-00074,PM-01,DEV-03,2024-01-26 20:46:16,16.6,0.0,0.332,1,Success,Purchase,Yangon,MMK,False
TXN-20240126-0000806,WALL-0113343,MERCH-00009,PM-03,DEV-01,2024-01-26 19:51:11,11.04,0.0883,0.2209,1,Success,Purchase,Chiang Mai,KHR,False
TXN-20240126-0000807,WALL-0137093,MERCH-00314,PM-02,DEV-01,2024-01-26 13:09:25,148.48,0.297,0.0,14,Success,Bill Payment,Pathein,MMK,False
TXN-20240126-0000808,WALL-0054939,MERCH-00159,PM-04,DEV-01,2024-01-26 12:26:51,33.31,0.6662,1.6656,3,Success,Purchase,Ho Chi Minh City,VND,False
TXN-20240126-0000809,WALL-0094095,MERCH-00006,PM-02,DEV-02,2024-01-26 10:07:51,38.34,0.0767,0.7668,3,Success,Purchase,Kuala Lumpur,IDR,True
TXN-20240126-0000810,WALL-0074262,MERCH-00077,PM-05,DEV-01,2024-01-26 10:40:24,34.14,0.0,0.6829,3,Success,Purchase,Delhi,INR,False
TXN-20240126-0000811,WALL-0023628,MERCH-00172,PM-03,DEV-01,2024-01-26 13:15:38,52.86,0.4229,2.6429,5,Success,Purchase,Islamabad,PKR,False
TXN-20240126-0000812,WALL-0066648,MERCH-00004,PM-01,DEV-05,2024-01-26 16:34:18,22.7,0.0,0.4541,2,Success,Purchase,Bago,MMK,False
TXN-20240126-0000813,WALL-0129403,MERCH-00338,PM-01,DEV-01,2024-01-26 20:05:35,64.91,0.0,0.0,6,Success,Bill Payment,Colombo,LKR,False
TXN-20240126-0000814,WALL-0148497,MERCH-00070,PM-03,DEV-03,2024-01-26 13:22:01,8.31,0.0665,0.1662,0,Success,Purchase,Yangon,MMK,False
TXN-20240126-0000815,WALL-0004509,MERCH-00366,PM-02,DEV-01,2024-01-26 17:26:18,19.34,0.0387,0.0,1,Success,Bill Payment,Colombo,LKR,False
TXN-20240126-0000816,WALL-0003124,MERCH-00400,PM-02,DEV-01,2024-01-26 21:36:30,41.15,0.0823,0.0,4,Success,Purchase,Naypyidaw,MMK,False
TXN-20240126-0000817,WALL-0017876,MERCH-00166,PM-01,DEV-03,2024-01-26 20:58:22,23.33,0.0,1.1666,2,Success,Purchase,Karachi,PKR,False
TXN-20240126-0000818,WALL-0142346,MERCH-00475,PM-01,DEV-04,2024-01-26 20:48:27,81.19,0.0,0.0,8,Success,Payment,Ahmedabad,INR,False
TXN-20240126-0000819,WALL-0010332,MERCH-00374,PM-02,DEV-01,2024-01-26 20:25:34,48.23,0.0965,0.0,4,Success,Purchase,Mawlamyine,MMK,False
TXN-20240126-0000820,WALL-0134160,MERCH-00280,PM-01,DEV-02,2024-01-26 16:47:20,1004.76,0.0,80.3805,200,Success,Purchase,Cebu City,PHP,False
TXN-20240126-0000821,WALL-0003828,MERCH-00153,PM-04,DEV-05,2024-01-26 12:52:11,72.79,1.4557,3.6393,7,Success,Purchase,Mawlamyine,MMK,False
TXN-20240126-0000822,WALL-0077127,MERCH-00345,PM-03,DEV-01,2024-01-26 00:39:23,33.2,0.2656,0.0,3,Success,Bill Payment,Kuala Lumpur,MYR,False
TXN-20240126-0000823,WALL-0143539,MERCH-00127,PM-01,DEV-01,2024-01-26 08:47:26,89.08,0.0,0.0,8,Success,Purchase,Mandalay,MMK,False
TXN-20240126-0000824,WALL-0065706,MERCH-00204,PM-01,DEV-01,2024-01-26 04:37:34,9.0,0.0,0.0,0,Success,Purchase,Taunggyi,MMK,False
TXN-20240126-0000825,WALL-0026506,MERCH-00173,PM-04,DEV-02,2024-01-26 02:38:19,330.28,6.6056,16.5141,33,Success,Purchase,Pathein,MMK,False
TXN-20240126-0000826,WALL-0120113,MERCH-00034,PM-01,DEV-05,2024-01-26 18:54:20,13.94,0.0,0.2789,1,Success,Purchase,Mandalay,MMK,False
TXN-20240126-0000827,WALL-0028634,MERCH-00126,PM-01,DEV-02,2024-01-26 04:28:14,81.63,0.0,0.0,8,Success,Purchase,Mawlamyine,MMK,False
TXN-20240126-0000828,WALL-0093125,MERCH-00137,PM-02,DEV-02,2024-01-26 11:33:43,40.15,0.0803,2.0074,4,Success,Purchase,Kolkata,MMK,False
TXN-20240126-0000829,WALL-0112760,MERCH-00449,PM-04,DEV-01,2024-01-26 05:30:14,50.0,1.0,0.0,5,Success,Tax Payment,Taunggyi,MMK,False
TXN-20240126-0000830,WALL-0075049,MERCH-00004,PM-02,DEV-01,2024-01-26 11:35:53,25.97,0.0519,0.5193,2,Success,Purchase,Phnom Penh,KHR,False
TXN-20240126-0000831,WALL-0110613,MERCH-00075,PM-01,DEV-03,2024-01-26 16:48:03,8.84,0.0,0.1768,0,Success,Purchase,Jakarta,IDR,False
TXN-20240126-0000832,WALL-0012407,MERCH-00367,PM-03,DEV-01,2024-01-26 19:31:41,125.97,1.0077,0.0,12,Success,Bill Payment,Pathein,MMK,False
TXN-20240126-0000833,WALL-0079529,MERCH-00093,PM-01,DEV-01,2024-01-26 14:53:44,59.16,0.0,0.0,5,Success,Purchase,Singapore,SGD,False
TXN-20240126-0000834,WALL-0148255,MERCH-00015,PM-04,DEV-01,2024-01-26 16:17:03,22.49,0.4498,0.4498,2,Success,Purchase,Hyderabad,INR,False
TXN-20240126-0000835,WALL-0127853,MERCH-00289,PM-02,DEV-01,2024-01-26 10:38:49,287.77,0.5755,23.0214,57,Success,Purchase,Penang,MYR,False
TXN-20240126-0000836,WALL-0017029,MERCH-00109,PM-01,DEV-02,2024-01-26 09:02:18,60.4,0.0,0.0,6,Success,Purchase,Mawlamyine,MMK,False
TXN-20240126-0000837,WALL-0028474,MERCH-00086,PM-01,DEV-01,2024-01-26 12:58:19,37.13,0.0,0.0,3,Success,Purchase,Medan,IDR,False
TXN-20240126-0000838,WALL-0139151,MERCH-00172,PM-02,DEV-01,2024-01-26 18:58:29,118.63,0.2373,5.9316,11,Success,Purchase,Mawlamyine,MMK,False
TXN-20240126-0000839,WALL-0010100,MERCH-00123,PM-02,DEV-01,2024-01-26 19:22:52,15.12,0.0302,0.0,1,Success,Purchase,Johor Bahru,MYR,False
TXN-20240126-0000840,WALL-0119336,MERCH-00364,PM-02,DEV-01,2024-01-26 23:12:23,60.71,0.1214,0.0,6,Success,Bill Payment,Pune,INR,False
TXN-20240126-0000841,WALL-0025005,MERCH-00142,PM-02,DEV-01,2024-01-26 18:46:47,119.76,0.2395,5.9881,11,Success,Purchase,Bago,MMK,False
TXN-20240126-0000842,WALL-0068164,MERCH-00335,PM-01,DEV-01,2024-01-26 06:53:02,116.58,0.0,0.0,11,Success,Bill Payment,Mandalay,MMK,False
TXN-20240126-0000843,WALL-0020734,MERCH-00242,PM-02,DEV-01,2024-01-26 16:36:49,23.81,0.0476,0.0,2,Success,Subscription,Siem Reap,INR,False
TXN-20240126-0000844,WALL-0056560,MERCH-00270,PM-02,DEV-01,2024-01-26 07:43:13,14.89,0.0298,0.0,1,Success,Subscription,Myitkyina,MMK,False
TXN-20240126-0000845,WALL-0108339,MERCH-00247,PM-01,DEV-01,2024-01-26 15:42:22,17.81,0.0,0.0,1,Success,Subscription,Penang,MYR,False
TXN-20240126-0000846,WALL-0022817,MERCH-00198,PM-02,DEV-01,2024-01-26 21:13:25,5.0,0.01,0.0,0,Success,Purchase,Mandalay,MMK,False
TXN-20240126-0000847,WALL-0003725,MERCH-00149,PM-02,DEV-01,2024-01-26 12:15:21,291.41,0.5828,14.5704,29,Success,Purchase,Bago,MMK,False
TXN-20240126-0000848,WALL-0133826,MERCH-00116,PM-01,DEV-01,2024-01-26 11:47:31,277.62,0.0,0.0,27,Success,Purchase,Siem Reap,KHR,False
TXN-20240126-0000849,WALL-0146113,MERCH-00450,PM-01,DEV-02,2024-01-26 13:17:04,1107.46,0.0,0.0,110,Success,Tax Payment,Medan,IDR,False
TXN-20240126-0000850,WALL-0048372,MERCH-00038,PM-04,DEV-01,2024-01-26 13:42:34,45.38,0.9075,0.9075,4,Success,Purchase,Hanoi,VND,False
TXN-20240126-0000851,WALL-0142545,MERCH-00323,PM-02,DEV-01,2024-01-26 16:05:06,32.1,0.0642,0.0,3,Success,Bill Payment,Mawlamyine,MMK,False
TXN-20240126-0000852,WALL-0034357,MERCH-00366,PM-03,DEV-01,2024-01-26 05:33:23,69.61,0.5569,0.0,6,Success,Bill Payment,Johor Bahru,IDR,False
TXN-20240126-0000853,WALL-0040929,MERCH-00071,PM-03,DEV-03,2024-01-26 14:03:20,16.48,0.1319,0.3297,1,Success,Purchase,Mawlamyine,MMK,False
TXN-20240126-0000854,WALL-0021838,MERCH-00105,PM-04,DEV-01,2024-01-26 04:40:07,120.06,2.4013,0.0,12,Success,Purchase,Yangon,MMK,False
TXN-20240126-0000855,WALL-0109185,MERCH-00014,PM-01,DEV-01,2024-01-26 11:34:08,14.07,0.0,0.0,0,Reversed,Purchase,Jaipur,SGD,False
TXN-20240126-0000856,WALL-0131672,MERCH-00166,PM-03,DEV-02,2024-01-26 21:36:53,66.23,0.5299,3.3117,6,Success,Purchase,Kuala Lumpur,MYR,False
TXN-20240126-0000857,WALL-0052294,MERCH-00240,PM-01,DEV-01,2024-01-26 19:10:04,49.38,0.0,0.0,4,Success,Subscription,Bandung,IDR,False
TXN-20240126-0000858,WALL-0079982,MERCH-00219,PM-03,DEV-02,2024-01-26 20:39:30,9.06,0.0725,0.0,0,Success,Purchase,Pathein,MMK,False
TXN-20240126-0000859,WALL-0022724,MERCH-00017,PM-01,DEV-01,2024-01-26 21:39:06,18.97,0.0,0.3794,1,Success,Purchase,Myitkyina,MMK,False
TXN-20240126-0000860,WALL-0057959,MERCH-00235,PM-01,DEV-01,2024-01-26 15:12:24,13.3,0.0,0.0,1,Success,Subscription,Pune,LKR,False
TXN-20240126-0000861,WALL-0051044,MERCH-00103,PM-04,DEV-01,2024-01-26 15:55:55,12.32,0.2463,0.0,1,Success,Purchase,Naypyidaw,MMK,False
TXN-20240126-0000862,WALL-0129618,MERCH-00403,PM-02,DEV-03,2024-01-26 09:36:37,117.76,0.2355,0.0,11,Success,Payment,Taunggyi,MMK,False
TXN-20240126-0000863,WALL-0048401,MERCH-00008,PM-01,DEV-01,2024-01-26 20:21:53,9.96,0.0,0.1992,0,Success,Purchase,Manila,PHP,False
TXN-20240126-0000864,WALL-0146567,MERCH-00250,PM-02,DEV-01,2024-01-26 05:18:07,11.29,0.0226,0.0,1,Success,Subscription,Kolkata,INR,False
TXN-20240126-0000865,WALL-0100283,MERCH-00337,PM-03,DEV-03,2024-01-26 19:58:01,103.66,0.8293,0.0,10,Success,Bill Payment,Surabaya,IDR,False
TXN-20240126-0000866,WALL-0041203,MERCH-00468,PM-01,DEV-01,2024-01-26 13:53:59,107.07,0.0,0.0,10,Success,Payment,Quezon City,PHP,False
TXN-20240126-0000867,WALL-0087628,MERCH-00366,PM-01,DEV-01,2024-01-26 16:00:22,97.89,0.0,0.0,9,Success,Bill Payment,Mawlamyine,MMK,False
TXN-20240126-0000868,WALL-0078021,MERCH-00027,PM-03,DEV-02,2024-01-26 09:00:00,60.0,0.48,1.2,6,Success,Purchase,Pattaya,THB,False
TXN-20240126-0000869,WALL-0125525,MERCH-00313,PM-02,DEV-03,2024-01-26 16:12:19,82.18,0.1644,0.0,8,Success,Bill Payment,Hyderabad,INR,False
TXN-20240126-0000870,WALL-0147379,MERCH-00334,PM-02,DEV-01,2024-01-26 14:27:32,91.0,0.182,0.0,9,Success,Bill Payment,Pathein,MMK,False
TXN-20240126-0000871,WALL-0068961,MERCH-00117,PM-02,DEV-02,2024-01-26 19:21:01,43.96,0.0879,0.0,0,Pending,Purchase,Mawlamyine,MMK,False
TXN-20240126-0000872,WALL-0010239,MERCH-00418,PM-02,DEV-01,2024-01-26 15:18:51,80.59,0.1612,0.0,8,Success,Payment,Surabaya,IDR,False
TXN-20240126-0000873,WALL-0055215,MERCH-00385,PM-02,DEV-01,2024-01-26 16:15:42,72.85,0.1457,0.0,7,Success,Purchase,Taunggyi,MMK,False
TXN-20240126-0000874,WALL-0044070,MERCH-00163,PM-04,DEV-01,2024-01-26 15:31:47,60.72,1.2143,3.0358,6,Success,Purchase,Myitkyina,MMK,False
TXN-20240126-0000875,WALL-0020037,MERCH-00009,PM-01,DEV-02,2024-01-26 10:20:00,20.98,0.0,0.4197,2,Success,Purchase,Phnom Penh,KHR,False
TXN-20240126-0000876,WALL-0138746,MERCH-00422,PM-04,DEV-01,2024-01-26 17:22:40,411.95,8.2389,0.0,41,Success,Payment,Jaipur,INR,False
TXN-20240126-0000877,WALL-0145120,MERCH-00070,PM-02,DEV-02,2024-01-26 09:20:33,5.0,0.01,0.1,0,Success,Purchase,Islamabad,PKR,False
TXN-20240126-0000878,WALL-0001845,MERCH-00379,PM-04,DEV-03,2024-01-26 16:51:01,57.86,1.1572,0.0,5,Success,Purchase,Jakarta,IDR,False
TXN-20240126-0000879,WALL-0075835,MERCH-00229,PM-05,DEV-01,2024-01-26 02:04:29,17.96,0.0,0.0,1,Success,Purchase,Mawlamyine,MMK,False
TXN-20240126-0000880,WALL-0093350,MERCH-00074,PM-01,DEV-03,2024-01-26 12:21:42,5.0,0.0,0.1,0,Success,Purchase,Penang,MYR,False
TXN-20240126-0000881,WALL-0073920,MERCH-00089,PM-04,DEV-01,2024-01-26 10:35:35,50.82,1.0163,0.0,5,Success,Purchase,Pune,INR,False
TXN-20240126-0000882,WALL-0031407,MERCH-00312,PM-01,DEV-04,2024-01-26 12:58:27,49.19,0.0,0.0,4,Success,Bill Payment,Mawlamyine,MMK,False
TXN-20240126-0000883,WALL-0002436,MERCH-00218,PM-01,DEV-02,2024-01-26 19:54:21,18.42,0.0,0.0,1,Success,Purchase,Jakarta,IDR,False
TXN-20240126-0000884,WALL-0032955,MERCH-00410,PM-02,DEV-01,2024-01-26 09:20:50,53.31,0.1066,0.0,5,Success,Payment,Chiang Mai,THB,False
TXN-20240126-0000885,WALL-0077856,MERCH-00390,PM-01,DEV-01,2024-01-26 12:01:40,100.87,0.0,0.0,10,Success,Purchase,Mandalay,MMK,False
TXN-20240126-0000886,WALL-0046328,MERCH-00355,PM-03,DEV-01,2024-01-26 16:26:23,70.0,0.56,0.0,7,Success,Bill Payment,Mandalay,MMK,False
TXN-20240126-0000887,WALL-0063312,MERCH-00070,PM-01,DEV-01,2024-01-26 10:07:07,29.48,0.0,0.5896,2,Success,Purchase,Manila,MMK,False
TXN-20240126-0000888,WALL-0037287,MERCH-00207,PM-04,DEV-03,2024-01-26 20:42:21,15.4,0.3079,0.0,1,Success,Purchase,Davao,PHP,False
TXN-20240126-0000889,WALL-0144799,MERCH-00057,PM-03,DEV-01,2024-01-26 16:53:48,21.28,0.1702,0.4256,2,Success,Purchase,Islamabad,PKR,False
TXN-20240126-0000890,WALL-0035976,MERCH-00018,PM-02,DEV-03,2024-01-26 19:14:56,30.79,0.0616,0.6157,3,Success,Purchase,Kathmandu,NPR,False
TXN-20240126-0000891,WALL-0144937,MERCH-00029,PM-01,DEV-02,2024-01-26 20:36:01,32.28,0.0,0.6457,3,Success,Purchase,Chiang Mai,THB,False
TXN-20240126-0000892,WALL-0069304,MERCH-00236,PM-02,DEV-02,2024-01-26 12:05:44,8.23,0.0165,0.0,0,Success,Subscription,Kolkata,INR,False
TXN-20240126-0000893,WALL-0149296,MERCH-00316,PM-03,DEV-03,2024-01-26 22:17:11,181.72,1.4538,0.0,0,Reversed,Bill Payment,Hanoi,VND,False
TXN-20240126-0000894,WALL-0055127,MERCH-00420,PM-01,DEV-01,2024-01-26 16:38:32,51.75,0.0,0.0,5,Success,Payment,Pune,INR,False
TXN-20240126-0000895,WALL-0046818,MERCH-00148,PM-01,DEV-03,2024-01-26 21:53:04,35.58,0.0,1.7792,3,Success,Purchase,Davao,BDT,False
TXN-20240126-0000896,WALL-0059561,MERCH-00315,PM-01,DEV-01,2024-01-26 16:30:15,31.14,0.0,0.0,3,Success,Bill Payment,Taunggyi,MMK,False
TXN-20240126-0000897,WALL-0033476,MERCH-00111,PM-01,DEV-01,2024-01-26 22:47:28,31.6,0.0,0.0,3,Success,Purchase,Bangkok,THB,False
TXN-20240126-0000898,WALL-0041878,MERCH-00299,PM-01,DEV-03,2024-01-26 14:13:12,1313.21,0.0,105.0567,262,Success,Purchase,Mandalay,MMK,False
TXN-20240126-0000899,WALL-0038750,MERCH-00061,PM-05,DEV-01,2024-01-26 13:19:14,33.24,0.0,0.6649,3,Success,Purchase,Mawlamyine,MMK,False
TXN-20240126-0000900,WALL-0034107,MERCH-00235,PM-01,DEV-01,2024-01-26 17:02:10,11.0,0.0,0.0,1,Success,Subscription,Davao,PHP,False
TXN-20240126-0000901,WALL-0094645,MERCH-00249,PM-03,DEV-02,2024-01-26 20:08:29,23.57,0.1885,0.0,2,Success,Subscription,Dhaka,MMK,False
TXN-20240126-0000902,WALL-0087107,MERCH-00121,PM-01,DEV-02,2024-01-26 15:10:47,84.33,0.0,0.0,8,Success,Purchase,Taunggyi,MMK,False
TXN-20240126-0000903,WALL-0148947,MERCH-00434,PM-01,DEV-02,2024-01-26 15:52:50,174.22,0.0,0.0,17,Success,Tax Payment,Pattaya,MMK,False
TXN-20240126-0000904,WALL-0099446,MERCH-00046,PM-01,DEV-03,2024-01-26 02:38:36,10.23,0.0,0.2045,1,Success,Purchase,Hanoi,VND,False
TXN-20240126-0000905,WALL-0086602,MERCH-00246,PM-01,DEV-02,2024-01-26 17:10:05,6.96,0.0,0.0,0,Success,Subscription,Pathein,MMK,False
TXN-20240126-0000906,WALL-0098504,MERCH-00155,PM-01,DEV-02,2024-01-26 21:34:15,75.76,0.0,3.7881,7,Success,Purchase,Bangalore,INR,False
TXN-20240126-0000907,WALL-0060870,MERCH-00196,PM-04,DEV-03,2024-01-26 12:01:49,25.06,0.5013,0.0,2,Success,Purchase,Taunggyi,THB,False
TXN-20240126-0000908,WALL-0041273,MERCH-00379,PM-01,DEV-01,2024-01-26 21:53:53,20.0,0.0,0.0,2,Success,Purchase,Kathmandu,PKR,False
TXN-20240126-0000909,WALL-0119590,MERCH-00425,PM-01,DEV-01,2024-01-26 11:49:16,68.83,0.0,0.0,6,Success,Payment,Khon Kaen,MMK,False
TXN-20240126-0000910,WALL-0121229,MERCH-00394,PM-01,DEV-01,2024-01-26 06:04:27,110.46,0.0,0.0,11,Success,Purchase,Mandalay,MMK,False
TXN-20240126-0000911,WALL-0069289,MERCH-00053,PM-02,DEV-03,2024-01-26 19:37:36,15.98,0.032,0.3196,1,Success,Purchase,Taunggyi,MMK,False
TXN-20240126-0000912,WALL-0098840,MERCH-00184,PM-04,DEV-01,2024-01-26 16:35:42,59.06,1.1813,2.9531,5,Success,Purchase,Colombo,LKR,False
TXN-20240126-0000913,WALL-0103904,MERCH-00172,PM-01,DEV-01,2024-01-26 19:18:22,81.13,0.0,4.0567,8,Success,Purchase,Colombo,MMK,False
TXN-20240126-0000914,WALL-0069455,MERCH-00025,PM-02,DEV-01,2024-01-26 16:57:03,20.14,0.0403,0.4029,2,Success,Purchase,Myitkyina,MMK,False
TXN-20240126-0000915,WALL-0014747,MERCH-00120,PM-02,DEV-05,2024-01-26 17:51:16,65.35,0.1307,0.0,6,Success,Purchase,Naypyidaw,MMK,False
TXN-20240126-0000916,WALL-0020601,MERCH-00065,PM-02,DEV-03,2024-01-26 13:01:16,14.35,0.0287,0.2871,1,Success,Purchase,Siem Reap,MMK,False
TXN-20240126-0000917,WALL-0076321,MERCH-00254,PM-04,DEV-01,2024-01-26 14:01:39,37.95,0.759,0.0,3,Success,Subscription,Mandalay,MMK,False
TXN-20240126-0000918,WALL-0118873,MERCH-00114,PM-01,DEV-03,2024-01-26 14:52:04,38.55,0.0,0.0,3,Success,Purchase,Islamabad,PKR,False
TXN-20240126-0000919,WALL-0027209,MERCH-00212,PM-01,DEV-01,2024-01-26 21:54:29,6.84,0.0,0.0,0,Success,Purchase,Johor Bahru,MYR,False
TXN-20240126-0000920,WALL-0021029,MERCH-00042,PM-01,DEV-02,2024-01-26 19:44:31,21.68,0.0,0.4337,2,Success,Purchase,Islamabad,INR,False
TXN-20240126-0000921,WALL-0029217,MERCH-00013,PM-03,DEV-01,2024-01-26 23:30:03,28.96,0.2317,0.5793,2,Success,Purchase,Kathmandu,NPR,False
TXN-20240126-0000922,WALL-0063398,MERCH-00109,PM-01,DEV-01,2024-01-26 16:13:57,57.65,0.0,0.0,5,Success,Purchase,Cebu City,PHP,False
TXN-20240126-0000923,WALL-0129847,MERCH-00375,PM-01,DEV-05,2024-01-26 00:56:57,155.63,0.0,0.0,15,Success,Purchase,Kathmandu,NPR,False
TXN-20240126-0000924,WALL-0080632,MERCH-00115,PM-01,DEV-01,2024-01-26 14:07:17,40.62,0.0,0.0,4,Success,Purchase,Taunggyi,MMK,False
TXN-20240126-0000925,WALL-0135642,MERCH-00332,PM-03,DEV-01,2024-01-26 16:51:05,93.4,0.7472,0.0,9,Success,Bill Payment,Cebu City,PHP,False
TXN-20240126-0000926,WALL-0070476,MERCH-00123,PM-02,DEV-01,2024-01-26 06:52:14,78.27,0.1565,0.0,7,Success,Purchase,Mandalay,MMK,False
TXN-20240126-0000927,WALL-0054783,MERCH-00499,PM-01,DEV-03,2024-01-26 08:57:11,195.55,0.0,0.0,19,Success,Payment,Delhi,INR,False
TXN-20240126-0000928,WALL-0054395,MERCH-00170,PM-01,DEV-02,2024-01-26 19:11:19,74.84,0.0,3.7422,7,Success,Purchase,Pattaya,MMK,False
TXN-20240126-0000929,WALL-0078111,MERCH-00008,PM-04,DEV-01,2024-01-26 20:27:36,27.02,0.5404,0.5404,2,Success,Purchase,Lahore,PKR,False
TXN-20240126-0000930,WALL-0039202,MERCH-00161,PM-02,DEV-01,2024-01-26 03:06:55,137.57,0.2751,6.8784,13,Success,Purchase,Cebu City,PHP,False
TXN-20240126-0000931,WALL-0078435,MERCH-00223,PM-03,DEV-01,2024-01-26 08:01:14,26.67,0.2134,0.0,2,Success,Purchase,Penang,MYR,False
TXN-20240126-0000932,WALL-0073021,MERCH-00095,PM-02,DEV-01,2024-01-26 11:07:49,47.53,0.0951,0.0,4,Success,Purchase,Bago,MMK,False
TXN-20240126-0000933,WALL-0006698,MERCH-00313,PM-01,DEV-01,2024-01-26 15:23:44,34.11,0.0,0.0,3,Success,Bill Payment,Taunggyi,MMK,False
TXN-20240126-0000934,WALL-0055738,MERCH-00053,PM-03,DEV-03,2024-01-26 17:34:16,20.52,0.1642,0.4104,2,Success,Purchase,Ahmedabad,INR,False
TXN-20240126-0000935,WALL-0096010,MERCH-00032,PM-03,DEV-01,2024-01-26 17:05:10,31.24,0.2499,0.6247,3,Success,Purchase,Naypyidaw,MMK,False
TXN-20240126-0000936,WALL-0063656,MERCH-00321,PM-04,DEV-01,2024-01-26 21:42:21,146.49,2.9298,0.0,14,Success,Bill Payment,Mandalay,MMK,False
TXN-20240126-0000937,WALL-0029824,MERCH-00013,PM-01,DEV-02,2024-01-26 19:40:42,14.11,0.0,0.2822,1,Success,Purchase,Taunggyi,MMK,False
TXN-20240126-0000938,WALL-0091032,MERCH-00375,PM-02,DEV-02,2024-01-26 02:29:53,46.29,0.0926,0.0,4,Success,Purchase,Taunggyi,MMK,False
TXN-20240126-0000939,WALL-0044145,MERCH-00176,PM-03,DEV-03,2024-01-26 14:08:11,437.86,3.5029,21.8929,43,Success,Purchase,Chennai,MMK,False
TXN-20240126-0000940,WALL-0140556,MERCH-00159,PM-01,DEV-01,2024-01-26 20:09:51,23.35,0.0,1.1676,2,Success,Purchase,Bangkok,THB,False
TXN-20240126-0000941,WALL-0028927,MERCH-00231,PM-03,DEV-04,2024-01-26 03:19:14,16.12,0.129,0.0,1,Success,Subscription,Dhaka,BDT,False
TXN-20240126-0000942,WALL-0096830,MERCH-00369,PM-03,DEV-05,2024-01-26 14:55:53,35.66,0.2853,0.0,3,Success,Bill Payment,Naypyidaw,MMK,False
TXN-20240126-0000943,WALL-0112128,MERCH-00100,PM-01,DEV-01,2024-01-26 17:50:30,77.8,0.0,0.0,7,Success,Purchase,Singapore,SGD,False
TXN-20240126-0000944,WALL-0043210,MERCH-00096,PM-03,DEV-03,2024-01-26 20:26:40,79.89,0.6392,0.0,7,Success,Purchase,Lahore,PKR,False
TXN-20240126-0000945,WALL-0131478,MERCH-00357,PM-01,DEV-01,2024-01-26 17:54:13,17.6,0.0,0.0,1,Success,Bill Payment,Mawlamyine,MMK,False
TXN-20240126-0000946,WALL-0147831,MERCH-00134,PM-04,DEV-01,2024-01-26 17:26:45,102.84,2.0567,5.1418,10,Success,Purchase,Phuket,THB,False
TXN-20240126-0000947,WALL-0019832,MERCH-00309,PM-03,DEV-03,2024-01-26 18:11:48,1295.27,10.3622,103.6215,259,Success,Purchase,Hanoi,VND,False
TXN-20240126-0000948,WALL-0128059,MERCH-00075,PM-01,DEV-01,2024-01-26 13:18:37,9.09,0.0,0.0,0,Pending,Purchase,Singapore,SGD,False
TXN-20240126-0000949,WALL-0045710,MERCH-00342,PM-04,DEV-02,2024-01-26 12:25:39,23.64,0.4728,0.0,2,Success,Bill Payment,Mawlamyine,MMK,False
TXN-20240126-0000950,WALL-0014668,MERCH-00057,PM-02,DEV-01,2024-01-26 10:36:26,9.21,0.0184,0.0,0,Reversed,Purchase,Pune,INR,False
TXN-20240126-0000951,WALL-0000789,MERCH-00080,PM-01,DEV-03,2024-01-26 11:49:00,16.14,0.0,0.3227,1,Success,Purchase,Taunggyi,MMK,False
TXN-20240126-0000952,WALL-0005461,MERCH-00183,PM-01,DEV-01,2024-01-26 15:12:28,46.42,0.0,2.3208,4,Success,Purchase,Pathein,MMK,False
TXN-20240126-0000953,WALL-0033428,MERCH-00002,PM-02,DEV-01,2024-01-26 05:17:45,22.42,0.0448,0.4485,2,Success,Purchase,Mandalay,MMK,False
TXN-20240126-0000954,WALL-0084442,MERCH-00385,PM-04,DEV-05,2024-01-26 13:21:15,67.54,1.3508,0.0,6,Success,Purchase,Kolkata,INR,False
TXN-20240126-0000955,WALL-0105312,MERCH-00330,PM-01,DEV-03,2024-01-26 08:14:28,235.59,0.0,0.0,23,Success,Bill Payment,Mandalay,MMK,False
TXN-20240126-0000956,WALL-0043441,MERCH-00347,PM-02,DEV-03,2024-01-26 08:44:43,61.63,0.1233,0.0,6,Success,Bill Payment,Taunggyi,MMK,False
TXN-20240126-0000957,WALL-0091818,MERCH-00373,PM-01,DEV-02,2024-01-26 21:48:45,54.21,0.0,0.0,5,Success,Purchase,Quezon City,PHP,False
TXN-20240126-0000958,WALL-0092440,MERCH-00146,PM-04,DEV-01,2024-01-26 16:51:27,213.82,4.2765,10.6912,21,Success,Purchase,Karachi,PKR,False
TXN-20240126-0000959,WALL-0102549,MERCH-00070,PM-02,DEV-01,2024-01-26 15:51:30,46.06,0.0921,0.9213,4,Success,Purchase,Pokhara,NPR,False
TXN-20240126-0000960,WALL-0026141,MERCH-00392,PM-03,DEV-04,2024-01-26 09:45:18,22.47,0.1798,0.0,2,Success,Purchase,Pune,INR,False
TXN-20240126-0000961,WALL-0123498,MERCH-00030,PM-04,DEV-01,2024-01-26 10:25:12,21.81,0.4361,0.4361,2,Success,Purchase,Taunggyi,MMK,False
TXN-20240126-0000962,WALL-0051507,MERCH-00493,PM-03,DEV-01,2024-01-26 21:29:52,854.03,6.8322,0.0,85,Success,Payment,Singapore,SGD,False
TXN-20240126-0000963,WALL-0045248,MERCH-00395,PM-01,DEV-01,2024-01-26 19:40:25,65.93,0.0,0.0,6,Success,Purchase,Medan,IDR,False
TXN-20240126-0000964,WALL-0007195,MERCH-00026,PM-05,DEV-01,2024-01-26 21:04:31,6.42,0.0,0.1284,0,Success,Purchase,Taunggyi,MMK,False
TXN-20240126-0000965,WALL-0067485,MERCH-00028,PM-03,DEV-01,2024-01-26 14:53:23,13.81,0.1105,0.2761,1,Success,Purchase,Kolkata,INR,False
TXN-20240126-0000966,WALL-0131058,MERCH-00238,PM-01,DEV-01,2024-01-26 15:45:17,8.72,0.0,0.0,0,Success,Subscription,Pune,INR,False
TXN-20240126-0000967,WALL-0053397,MERCH-00183,PM-01,DEV-01,2024-01-26 07:14:57,84.67,0.0,4.2337,8,Success,Purchase,Pune,INR,False
TXN-20240126-0000968,WALL-0109183,MERCH-00466,PM-01,DEV-01,2024-01-26 14:23:09,298.59,0.0,0.0,29,Success,Payment,Naypyidaw,MMK,False
TXN-20240126-0000969,WALL-0134793,MERCH-00334,PM-03,DEV-02,2024-01-26 04:53:20,89.18,0.7134,0.0,8,Success,Bill Payment,Yangon,MMK,False
TXN-20240126-0000970,WALL-0052846,MERCH-00206,PM-02,DEV-03,2024-01-26 18:44:11,19.61,0.0392,0.0,1,Success,Purchase,Taunggyi,MMK,False
TXN-20240126-0000971,WALL-0120795,MERCH-00154,PM-01,DEV-01,2024-01-26 21:59:09,116.44,0.0,5.8222,11,Success,Purchase,Mawlamyine,MMK,False
TXN-20240126-0000972,WALL-0092483,MERCH-00142,PM-04,DEV-01,2024-01-26 15:26:32,47.47,0.9493,2.3733,4,Success,Purchase,Cebu City,PHP,False
TXN-20240126-0000973,WALL-0133630,MERCH-00273,PM-01,DEV-01,2024-01-26 15:57:59,586.7,0.0,46.9363,117,Success,Purchase,Jaipur,THB,False
TXN-20240126-0000974,WALL-0049230,MERCH-00215,PM-03,DEV-03,2024-01-26 23:42:37,15.91,0.1273,0.0,0,Pending,Purchase,Karachi,PKR,False
TXN-20240126-0000975,WALL-0025524,MERCH-00495,PM-02,DEV-04,2024-01-26 21:06:36,835.15,1.6703,0.0,83,Success,Payment,Kathmandu,NPR,False
TXN-20240126-0000976,WALL-0008608,MERCH-00051,PM-01,DEV-01,2024-01-26 13:25:17,18.8,0.0,0.376,1,Success,Purchase,Lahore,PKR,False
TXN-20240126-0000977,WALL-0127675,MERCH-00248,PM-01,DEV-05,2024-01-26 12:01:04,7.34,0.0,0.0,0,Success,Subscription,Pathein,MMK,False
TXN-20240126-0000978,WALL-0063502,MERCH-00190,PM-01,DEV-01,2024-01-26 04:39:50,76.22,0.0,3.8111,7,Success,Purchase,Naypyidaw,MMK,False
TXN-20240126-0000979,WALL-0131837,MERCH-00060,PM-02,DEV-02,2024-01-26 14:38:12,13.73,0.0275,0.0,0,Failed,Purchase,Kandy,LKR,False
TXN-20240126-0000980,WALL-0126769,MERCH-00045,PM-01,DEV-05,2024-01-26 12:03:06,9.59,0.0,0.1919,0,Success,Purchase,Yangon,MMK,False
TXN-20240126-0000981,WALL-0116798,MERCH-00320,PM-01,DEV-02,2024-01-26 05:11:07,49.86,0.0,0.0,4,Success,Bill Payment,Surabaya,IDR,False
TXN-20240126-0000982,WALL-0044467,MERCH-00368,PM-01,DEV-01,2024-01-26 15:20:38,43.03,0.0,0.0,4,Success,Bill Payment,Da Nang,VND,False
TXN-20240126-0000983,WALL-0034896,MERCH-00084,PM-01,DEV-03,2024-01-26 20:44:42,36.13,0.0,0.0,3,Success,Purchase,Mandalay,MMK,False
TXN-20240126-0000984,WALL-0053779,MERCH-00490,PM-01,DEV-01,2024-01-26 20:32:16,75.92,0.0,0.0,7,Success,Payment,Penang,MYR,False
TXN-20240126-0000985,WALL-0124975,MERCH-00277,PM-02,DEV-01,2024-01-26 16:53:40,1288.32,2.5766,103.0657,257,Success,Purchase,Myitkyina,MMK,False
TXN-20240126-0000986,WALL-0148693,MERCH-00322,PM-03,DEV-01,2024-01-26 19:36:58,97.99,0.7839,0.0,9,Success,Bill Payment,Naypyidaw,MMK,False
TXN-20240126-0000987,WALL-0076789,MERCH-00057,PM-01,DEV-01,2024-01-26 18:03:02,8.08,0.0,0.1617,0,Success,Purchase,Johor Bahru,MYR,False
TXN-20240126-0000988,WALL-0147230,MERCH-00015,PM-01,DEV-01,2024-01-26 00:48:05,28.84,0.0,0.5769,2,Success,Purchase,Davao,PHP,False
TXN-20240126-0000989,WALL-0034788,MERCH-00316,PM-02,DEV-03,2024-01-26 15:02:26,55.65,0.1113,0.0,5,Success,Bill Payment,Yangon,MMK,False
TXN-20240126-0000990,WALL-0062735,MERCH-00229,PM-04,DEV-03,2024-01-26 07:43:59,8.89,0.1778,0.0,0,Success,Purchase,Bangalore,INR,False
TXN-20240126-0000991,WALL-0023260,MERCH-00461,PM-01,DEV-01,2024-01-26 20:36:52,710.57,0.0,0.0,71,Success,Payment,Jaipur,MMK,False
TXN-20240126-0000992,WALL-0088225,MERCH-00104,PM-04,DEV-01,2024-01-26 20:31:18,64.89,1.2978,0.0,6,Success,Purchase,Kuala Lumpur,MYR,False
TXN-20240126-0000993,WALL-0087645,MERCH-00151,PM-04,DEV-01,2024-01-26 09:15:39,108.51,2.1702,5.4255,10,Success,Purchase,Chiang Mai,THB,False
TXN-20240126-0000994,WALL-0106372,MERCH-00138,PM-01,DEV-01,2024-01-26 19:53:23,374.55,0.0,18.7275,37,Success,Purchase,Myitkyina,MMK,False
TXN-20240126-0000995,WALL-0049954,MERCH-00046,PM-05,DEV-03,2024-01-26 16:40:44,11.41,0.0,0.2283,1,Success,Purchase,Phnom Penh,MMK,False
TXN-20240126-0000996,WALL-0001345,MERCH-00121,PM-02,DEV-01,2024-01-26 12:46:43,78.46,0.1569,0.0,7,Success,Purchase,Pathein,MMK,False
TXN-20240126-0000997,WALL-0067375,MERCH-00185,PM-01,DEV-04,2024-01-26 22:33:44,314.86,0.0,15.7429,31,Success,Purchase,Mandalay,MMK,False
TXN-20240126-0000998,WALL-0008801,MERCH-00084,PM-02,DEV-02,2024-01-26 06:00:32,36.96,0.0739,0.0,3,Success,Purchase,Myitkyina,MMK,False
TXN-20240126-0000999,WALL-0077896,MERCH-00266,PM-02,DEV-01,2024-01-26 20:20:45,17.23,0.0345,0.0,1,Success,Subscription,Pune,MMK,False
TXN-20240126-0001000,WALL-0145038,MERCH-00054,PM-04,DEV-03,2024-01-26 19:35:47,51.89,1.0378,1.0378,5,Success,Purchase,Bangkok,MMK,False
TXN-20240126-0001001,WALL-0015954,MERCH-00064,PM-01,DEV-01,2024-01-26 18:35:08,45.09,0.0,0.9018,4,Success,Purchase,Ho Chi Minh City,VND,False
TXN-20240126-0001002,WALL-0017403,MERCH-00239,PM-03,DEV-02,2024-01-26 11:12:42,16.74,0.1339,0.0,1,Success,Subscription,Myitkyina,MMK,False
TXN-20240126-0001003,WALL-0057082,MERCH-00140,PM-04,DEV-04,2024-01-26 15:54:30,72.66,1.4532,3.633,7,Success,Purchase,Quezon City,PHP,False
TXN-20240126-0001004,WALL-0038100,MERCH-00223,PM-02,DEV-03,2024-01-26 15:27:59,5.0,0.01,0.0,0,Success,Purchase,Medan,INR,False
TXN-20240126-0001005,WALL-0091453,MERCH-00127,PM-02,DEV-02,2024-01-26 15:29:03,170.85,0.3417,0.0,17,Success,Purchase,Karachi,PKR,False
TXN-20240126-0001006,WALL-0086340,MERCH-00400,PM-02,DEV-01,2024-01-26 16:34:09,41.18,0.0824,0.0,4,Success,Purchase,Myitkyina,MMK,False
TXN-20240126-0001007,WALL-0016826,MERCH-00009,PM-02,DEV-02,2024-01-26 13:23:31,7.46,0.0149,0.1492,0,Success,Purchase,Davao,PHP,False
TXN-20240126-0001008,WALL-0076275,MERCH-00262,PM-01,DEV-02,2024-01-26 22:36:23,5.0,0.0,0.0,0,Success,Subscription,Manila,PHP,False
TXN-20240126-0001009,WALL-0137090,MERCH-00394,PM-04,DEV-04,2024-01-26 13:34:50,20.0,0.4,0.0,2,Success,Purchase,Chittagong,BDT,False
TXN-20240126-0001010,WALL-0016874,MERCH-00399,PM-03,DEV-01,2024-01-26 21:21:00,54.54,0.4363,0.0,5,Success,Purchase,Siem Reap,KHR,False
TXN-20240126-0001011,WALL-0001313,MERCH-00434,PM-01,DEV-01,2024-01-26 15:28:12,50.0,0.0,0.0,5,Success,Tax Payment,Delhi,INR,False
TXN-20240126-0001012,WALL-0130502,MERCH-00418,PM-04,DEV-01,2024-01-26 08:55:51,67.31,1.3462,0.0,6,Success,Payment,Myitkyina,MMK,False
TXN-20240126-0001013,WALL-0139497,MERCH-00029,PM-01,DEV-03,2024-01-26 12:55:49,11.18,0.0,0.2236,1,Success,Purchase,Phnom Penh,KHR,False
TXN-20240126-0001014,WALL-0048432,MERCH-00038,PM-04,DEV-02,2024-01-26 16:04:49,14.07,0.2815,0.2815,1,Success,Purchase,Colombo,LKR,False
TXN-20240126-0001015,WALL-0009687,MERCH-00055,PM-01,DEV-04,2024-01-26 15:04:57,18.31,0.0,0.3662,1,Success,Purchase,Khon Kaen,THB,False
TXN-20240126-0001016,WALL-0049650,MERCH-00060,PM-01,DEV-01,2024-01-26 16:50:52,8.48,0.0,0.0,0,Failed,Purchase,Bago,MMK,False
TXN-20240126-0001017,WALL-0089390,MERCH-00415,PM-02,DEV-03,2024-01-26 18:43:04,164.9,0.3298,0.0,16,Success,Payment,Kandy,LKR,False
TXN-20240126-0001018,WALL-0149049,MERCH-00116,PM-01,DEV-03,2024-01-26 21:32:32,39.3,0.0,0.0,3,Success,Purchase,Myitkyina,MMK,False
TXN-20240126-0001019,WALL-0137636,MERCH-00267,PM-01,DEV-02,2024-01-26 16:17:27,10.96,0.0,0.0,1,Success,Subscription,Mandalay,MMK,False
TXN-20240126-0001020,WALL-0113326,MERCH-00375,PM-02,DEV-01,2024-01-26 00:27:50,62.92,0.1258,0.0,6,Success,Purchase,Bago,MMK,False
TXN-20240126-0001021,WALL-0140174,MERCH-00270,PM-03,DEV-01,2024-01-26 19:48:35,42.25,0.338,0.0,4,Success,Subscription,Mandalay,MMK,False
TXN-20240126-0001022,WALL-0030483,MERCH-00352,PM-03,DEV-01,2024-01-26 17:48:15,137.8,1.1024,0.0,13,Success,Bill Payment,Naypyidaw,MMK,False
TXN-20240126-0001023,WALL-0003038,MERCH-00442,PM-01,DEV-01,2024-01-26 12:44:27,462.02,0.0,0.0,46,Success,Tax Payment,Chiang Mai,THB,False
TXN-20240126-0001024,WALL-0087823,MERCH-00323,PM-03,DEV-01,2024-01-26 09:04:08,20.29,0.1623,0.0,2,Success,Bill Payment,Pathein,MMK,False
TXN-20240126-0001025,WALL-0041177,MERCH-00067,PM-02,DEV-03,2024-01-26 17:47:06,37.09,0.0742,0.7417,3,Success,Purchase,Mandalay,MMK,False
TXN-20240126-0001026,WALL-0125614,MERCH-00358,PM-03,DEV-03,2024-01-26 18:04:07,55.99,0.4479,0.0,5,Success,Bill Payment,Myitkyina,MMK,False
TXN-20240126-0001027,WALL-0045131,MERCH-00353,PM-01,DEV-01,2024-01-26 19:29:05,32.4,0.0,0.0,3,Success,Bill Payment,Jaipur,VND,False
TXN-20240126-0001028,WALL-0125337,MERCH-00417,PM-01,DEV-01,2024-01-26 12:05:47,20.0,0.0,0.0,2,Success,Payment,Taunggyi,MMK,False
TXN-20240126-0001029,WALL-0120437,MERCH-00350,PM-03,DEV-01,2024-01-26 16:15:33,37.5,0.3,0.0,3,Success,Bill Payment,Khon Kaen,THB,False
TXN-20240126-0001030,WALL-0060406,MERCH-00243,PM-03,DEV-01,2024-01-26 18:44:56,21.97,0.1757,0.0,2,Success,Subscription,Mumbai,MMK,False
TXN-20240126-0001031,WALL-0044714,MERCH-00059,PM-02,DEV-03,2024-01-26 14:32:32,19.3,0.0386,0.3859,1,Success,Purchase,Phnom Penh,KHR,False
TXN-20240126-0001032,WALL-0102723,MERCH-00281,PM-01,DEV-02,2024-01-26 19:07:06,149.96,0.0,11.9966,29,Success,Purchase,Mawlamyine,MMK,False
TXN-20240126-0001033,WALL-0125279,MERCH-00206,PM-04,DEV-02,2024-01-26 12:54:33,15.32,0.3065,0.0,1,Success,Purchase,Colombo,LKR,False
TXN-20240126-0001034,WALL-0064484,MERCH-00112,PM-01,DEV-01,2024-01-26 10:02:43,126.51,0.0,0.0,12,Success,Purchase,Mawlamyine,BDT,False
TXN-20240126-0001035,WALL-0016114,MERCH-00143,PM-03,DEV-02,2024-01-26 17:44:49,116.37,0.931,5.8186,11,Success,Purchase,Mumbai,INR,False
TXN-20240126-0001036,WALL-0020375,MERCH-00243,PM-01,DEV-02,2024-01-26 16:35:28,10.24,0.0,0.0,1,Success,Subscription,Bandung,IDR,False
TXN-20240126-0001037,WALL-0145279,MERCH-00335,PM-03,DEV-01,2024-01-26 22:14:14,42.59,0.3407,0.0,4,Success,Bill Payment,Hanoi,VND,False
TXN-20240126-0001038,WALL-0079365,MERCH-00375,PM-04,DEV-01,2024-01-26 21:14:08,165.94,3.3187,0.0,16,Success,Purchase,Taunggyi,VND,True
TXN-20240126-0001039,WALL-0126082,MERCH-00191,PM-04,DEV-03,2024-01-26 07:42:46,5.0,0.1,0.0,0,Success,Purchase,Jaipur,MMK,False
TXN-20240126-0001040,WALL-0084167,MERCH-00110,PM-02,DEV-01,2024-01-26 11:24:53,42.12,0.0842,0.0,4,Success,Purchase,Delhi,INR,False
TXN-20240126-0001041,WALL-0045624,MERCH-00194,PM-02,DEV-01,2024-01-26 16:54:40,7.59,0.0152,0.0,0,Success,Purchase,Bago,MMK,False
TXN-20240126-0001042,WALL-0076603,MERCH-00081,PM-02,DEV-01,2024-01-26 12:28:03,46.97,0.0939,0.0,0,Pending,Purchase,Ho Chi Minh City,THB,False
TXN-20240126-0001043,WALL-0051508,MERCH-00271,PM-05,DEV-02,2024-01-26 15:13:16,100.0,0.0,0.0,0,Pending,Purchase,Penang,MYR,False
TXN-20240126-0001044,WALL-0079729,MERCH-00312,PM-03,DEV-04,2024-01-26 21:30:02,300.0,2.4,0.0,30,Success,Bill Payment,Myitkyina,MMK,False
TXN-20240126-0001045,WALL-0136100,MERCH-00151,PM-04,DEV-01,2024-01-26 19:06:11,45.8,0.9161,2.2902,4,Success,Purchase,Dhaka,BDT,False
TXN-20240126-0001046,WALL-0136199,MERCH-00068,PM-01,DEV-01,2024-01-26 10:35:02,10.53,0.0,0.2106,1,Success,Purchase,Cebu City,PHP,False
TXN-20240126-0001047,WALL-0013505,MERCH-00166,PM-04,DEV-01,2024-01-26 17:26:11,44.93,0.8985,2.2463,4,Success,Purchase,Taunggyi,MMK,False
TXN-20240126-0001048,WALL-0072355,MERCH-00232,PM-03,DEV-03,2024-01-26 12:49:38,26.03,0.2082,0.0,2,Success,Subscription,Jaipur,INR,False
TXN-20240126-0001049,WALL-0101364,MERCH-00058,PM-02,DEV-04,2024-01-26 14:23:39,22.36,0.0447,0.4472,2,Success,Purchase,Yangon,MMK,False
TXN-20240126-0001050,WALL-0058278,MERCH-00143,PM-01,DEV-01,2024-01-26 03:46:35,155.38,0.0,7.7691,15,Success,Purchase,Jaipur,INR,False
TXN-20240126-0001051,WALL-0102120,MERCH-00111,PM-01,DEV-01,2024-01-26 21:35:53,45.73,0.0,0.0,4,Success,Purchase,Yangon,MMK,False
TXN-20240126-0001052,WALL-0120914,MERCH-00384,PM-02,DEV-02,2024-01-26 16:34:38,77.17,0.1543,0.0,7,Success,Purchase,Kolkata,NPR,False
TXN-20240126-0001053,WALL-0064736,MERCH-00412,PM-01,DEV-04,2024-01-26 21:49:47,26.69,0.0,0.0,2,Success,Payment,Pattaya,THB,False
TXN-20240126-0001054,WALL-0137404,MERCH-00393,PM-01,DEV-05,2024-01-26 18:50:45,65.17,0.0,0.0,6,Success,Purchase,Hanoi,INR,False
TXN-20240126-0001055,WALL-0082931,MERCH-00264,PM-03,DEV-05,2024-01-26 19:46:20,7.75,0.062,0.0,0,Success,Subscription,Yangon,MMK,False
TXN-20240126-0001056,WALL-0111386,MERCH-00258,PM-03,DEV-04,2024-01-26 17:52:09,13.47,0.1078,0.0,1,Success,Subscription,Mawlamyine,MMK,False
TXN-20240126-0001057,WALL-0029311,MERCH-00293,PM-02,DEV-01,2024-01-26 06:50:02,1126.67,2.2533,90.1339,225,Success,Purchase,Pattaya,THB,False
TXN-20240126-0001058,WALL-0120019,MERCH-00168,PM-04,DEV-01,2024-01-26 09:44:56,290.23,5.8047,14.5117,29,Success,Purchase,Manila,PHP,False
TXN-20240126-0001059,WALL-0147696,MERCH-00156,PM-02,DEV-01,2024-01-26 21:02:24,514.39,1.0288,25.7197,51,Success,Purchase,Dhaka,BDT,False
TXN-20240126-0001060,WALL-0064794,MERCH-00065,PM-02,DEV-03,2024-01-26 12:06:41,7.41,0.0148,0.1481,0,Success,Purchase,Hanoi,VND,False
TXN-20240126-0001061,WALL-0041464,MERCH-00051,PM-01,DEV-05,2024-01-26 13:10:39,38.71,0.0,0.7743,3,Success,Purchase,Chennai,INR,False
TXN-20240126-0001062,WALL-0004955,MERCH-00307,PM-01,DEV-01,2024-01-26 15:47:04,1095.38,0.0,87.6307,219,Success,Purchase,Khon Kaen,THB,False
TXN-20240126-0001063,WALL-0129209,MERCH-00394,PM-01,DEV-02,2024-01-26 18:46:11,67.58,0.0,0.0,6,Success,Purchase,Khon Kaen,THB,False
TXN-20240126-0001064,WALL-0079549,MERCH-00324,PM-01,DEV-01,2024-01-26 09:02:13,166.71,0.0,0.0,16,Success,Bill Payment,Johor Bahru,MYR,False
TXN-20240126-0001065,WALL-0072407,MERCH-00334,PM-01,DEV-03,2024-01-26 13:11:46,156.77,0.0,0.0,15,Success,Bill Payment,Bago,MMK,False
TXN-20240126-0001066,WALL-0016377,MERCH-00237,PM-02,DEV-02,2024-01-26 21:20:57,17.54,0.0351,0.0,1,Success,Subscription,Myitkyina,MMK,False
TXN-20240126-0001067,WALL-0091597,MERCH-00429,PM-01,DEV-01,2024-01-26 15:09:23,703.05,0.0,0.0,70,Success,Payment,Karachi,PKR,False
TXN-20240126-0001068,WALL-0130691,MERCH-00148,PM-02,DEV-01,2024-01-26 01:35:42,186.9,0.3738,9.3452,18,Success,Purchase,Siem Reap,KHR,False
TXN-20240126-0001069,WALL-0007111,MERCH-00062,PM-02,DEV-01,2024-01-26 07:40:10,44.91,0.0898,0.8982,4,Success,Purchase,Bali,IDR,False
TXN-20240126-0001070,WALL-0096271,MERCH-00436,PM-01,DEV-01,2024-01-26 17:33:29,319.76,0.0,0.0,31,Success,Tax Payment,Singapore,SGD,False
TXN-20240126-0001071,WALL-0082977,MERCH-00036,PM-03,DEV-01,2024-01-26 08:47:16,6.27,0.0502,0.1254,0,Success,Purchase,Chennai,INR,False
TXN-20240126-0001072,WALL-0011922,MERCH-00093,PM-02,DEV-01,2024-01-26 06:08:19,109.89,0.2198,0.0,10,Success,Purchase,Bago,MMK,False
TXN-20240126-0001073,WALL-0063566,MERCH-00399,PM-02,DEV-01,2024-01-26 13:43:10,83.97,0.1679,0.0,8,Success,Purchase,Mawlamyine,MMK,False
TXN-20240126-0001074,WALL-0084125,MERCH-00187,PM-02,DEV-05,2024-01-26 10:50:42,417.77,0.8355,20.8884,41,Success,Purchase,Chittagong,BDT,False
TXN-20240126-0001075,WALL-0039859,MERCH-00007,PM-03,DEV-05,2024-01-26 21:42:05,32.81,0.2625,0.6562,3,Success,Purchase,Chennai,INR,False
TXN-20240126-0001076,WALL-0149571,MERCH-00441,PM-02,DEV-04,2024-01-26 20:25:47,174.63,0.3493,0.0,17,Success,Tax Payment,Naypyidaw,MMK,False
TXN-20240126-0001077,WALL-0109110,MERCH-00446,PM-01,DEV-01,2024-01-26 20:28:36,63.19,0.0,0.0,6,Success,Tax Payment,Medan,IDR,False
TXN-20240126-0001078,WALL-0030963,MERCH-00443,PM-02,DEV-01,2024-01-26 08:53:51,145.89,0.2918,0.0,14,Success,Tax Payment,Khon Kaen,THB,False
TXN-20240126-0001079,WALL-0099547,MERCH-00326,PM-03,DEV-01,2024-01-26 16:42:05,59.42,0.4754,0.0,5,Success,Bill Payment,Myitkyina,MMK,False
TXN-20240126-0001080,WALL-0131581,MERCH-00072,PM-01,DEV-02,2024-01-26 20:44:51,34.79,0.0,0.0,0,Failed,Purchase,Mandalay,MMK,False
TXN-20240126-0001081,WALL-0024387,MERCH-00387,PM-03,DEV-01,2024-01-26 14:04:12,85.42,0.6833,0.0,8,Success,Purchase,Ho Chi Minh City,VND,False
TXN-20240126-0001082,WALL-0051719,MERCH-00167,PM-01,DEV-03,2024-01-26 09:49:34,343.93,0.0,17.1964,34,Success,Purchase,Kolkata,INR,False
TXN-20240126-0001083,WALL-0071198,MERCH-00008,PM-02,DEV-02,2024-01-26 19:36:52,17.88,0.0358,0.3576,1,Success,Purchase,Penang,MYR,False
TXN-20240126-0001084,WALL-0009687,MERCH-00279,PM-01,DEV-02,2024-01-26 18:55:33,2060.37,0.0,164.8298,412,Success,Purchase,Khon Kaen,THB,False
TXN-20240126-0001085,WALL-0130527,MERCH-00428,PM-03,DEV-03,2024-01-26 20:38:37,664.09,5.3127,0.0,66,Success,Payment,Naypyidaw,MMK,False
TXN-20240126-0001086,WALL-0032094,MERCH-00407,PM-03,DEV-01,2024-01-26 14:18:09,141.31,1.1305,0.0,14,Success,Payment,Naypyidaw,MMK,False
TXN-20240126-0001087,WALL-0075260,MERCH-00003,PM-03,DEV-01,2024-01-26 09:36:34,32.3,0.2584,0.646,3,Success,Purchase,Kandy,MMK,False
TXN-20240126-0001088,WALL-0130270,MERCH-00410,PM-01,DEV-01,2024-01-26 09:01:51,20.0,0.0,0.0,2,Success,Payment,Myitkyina,MMK,False
TXN-20240126-0001089,WALL-0118147,MERCH-00327,PM-03,DEV-01,2024-01-26 16:52:56,52.61,0.4209,0.0,5,Success,Bill Payment,Mumbai,MYR,False
TXN-20240126-0001090,WALL-0112951,MERCH-00151,PM-04,DEV-01,2024-01-26 02:48:55,117.47,2.3494,5.8735,11,Success,Purchase,Mawlamyine,MMK,False
TXN-20240126-0001091,WALL-0041899,MERCH-00020,PM-01,DEV-01,2024-01-26 11:27:43,8.4,0.0,0.168,0,Success,Purchase,Chittagong,BDT,False
TXN-20240126-0001092,WALL-0074949,MERCH-00079,PM-02,DEV-02,2024-01-26 03:27:57,34.84,0.0697,0.6968,3,Success,Purchase,Siem Reap,INR,False
TXN-20240126-0001093,WALL-0075384,MERCH-00321,PM-02,DEV-01,2024-01-26 20:42:18,66.85,0.1337,0.0,6,Success,Bill Payment,Yangon,MMK,False
TXN-20240126-0001094,WALL-0032898,MERCH-00309,PM-02,DEV-01,2024-01-26 07:38:24,536.55,1.0731,42.9241,107,Success,Purchase,Mawlamyine,MMK,False
TXN-20240126-0001095,WALL-0095381,MERCH-00176,PM-01,DEV-01,2024-01-26 19:07:23,37.32,0.0,1.8662,3,Success,Purchase,Bago,MMK,False
TXN-20240126-0001096,WALL-0134562,MERCH-00458,PM-01,DEV-01,2024-01-26 18:02:22,449.96,0.0,0.0,44,Success,Payment,Bago,THB,False
TXN-20240126-0001097,WALL-0075576,MERCH-00109,PM-01,DEV-03,2024-01-26 12:54:14,169.98,0.0,0.0,16,Success,Purchase,Kathmandu,NPR,False
TXN-20240126-0001098,WALL-0047076,MERCH-00054,PM-05,DEV-02,2024-01-26 00:02:09,24.96,0.0,0.4991,2,Success,Purchase,Mandalay,MMK,False
TXN-20240126-0001099,WALL-0025585,MERCH-00051,PM-04,DEV-01,2024-01-26 18:30:59,8.44,0.1688,0.1688,0,Success,Purchase,Pathein,MMK,False
TXN-20240126-0001100,WALL-0081021,MERCH-00070,PM-01,DEV-01,2024-01-26 15:38:03,5.0,0.0,0.1,0,Success,Purchase,Yangon,MMK,False
TXN-20240126-0001101,WALL-0109621,MERCH-00236,PM-02,DEV-01,2024-01-26 16:10:38,9.07,0.0181,0.0,0,Success,Subscription,Islamabad,PKR,False
TXN-20240126-0001102,WALL-0143735,MERCH-00085,PM-04,DEV-01,2024-01-26 07:07:36,119.58,2.3916,0.0,11,Success,Purchase,Chittagong,BDT,False
TXN-20240126-0001103,WALL-0073877,MERCH-00397,PM-04,DEV-02,2024-01-26 19:30:54,81.22,1.6244,0.0,8,Success,Purchase,Cebu City,IDR,False
TXN-20240126-0001104,WALL-0020913,MERCH-00079,PM-03,DEV-03,2024-01-26 12:08:55,40.51,0.3241,0.8102,4,Success,Purchase,Siem Reap,PHP,False
TXN-20240126-0001105,WALL-0073746,MERCH-00075,PM-01,DEV-01,2024-01-26 18:18:13,29.25,0.0,0.5849,2,Success,Purchase,Bandung,IDR,False
TXN-20240126-0001106,WALL-0092495,MERCH-00325,PM-01,DEV-01,2024-01-26 18:08:43,87.79,0.0,0.0,8,Success,Bill Payment,Myitkyina,NPR,False
TXN-20240126-0001107,WALL-0146482,MERCH-00256,PM-01,DEV-03,2024-01-26 19:24:09,7.0,0.0,0.0,0,Success,Subscription,Yangon,MMK,False
TXN-20240126-0001108,WALL-0039305,MERCH-00373,PM-01,DEV-01,2024-01-26 13:03:01,150.89,0.0,0.0,15,Success,Purchase,Hanoi,MMK,False
TXN-20240126-0001109,WALL-0055902,MERCH-00336,PM-02,DEV-01,2024-01-26 18:19:52,129.31,0.2586,0.0,12,Success,Bill Payment,Jakarta,IDR,False
TXN-20240126-0001110,WALL-0002874,MERCH-00140,PM-04,DEV-01,2024-01-26 10:02:30,881.91,17.6382,44.0956,88,Success,Purchase,Chiang Mai,THB,False
TXN-20240126-0001111,WALL-0092636,MERCH-00389,PM-02,DEV-01,2024-01-26 14:02:52,34.94,0.0699,0.0,3,Success,Purchase,Dhaka,MMK,False
TXN-20240126-0001112,WALL-0048001,MERCH-00342,PM-03,DEV-02,2024-01-26 16:44:49,32.9,0.2632,0.0,3,Success,Bill Payment,Mawlamyine,MMK,False
TXN-20240126-0001113,WALL-0101348,MERCH-00049,PM-01,DEV-01,2024-01-26 15:46:10,24.11,0.0,0.4823,2,Success,Purchase,Taunggyi,MMK,False
TXN-20240126-0001114,WALL-0092007,MERCH-00181,PM-02,DEV-03,2024-01-26 19:15:54,63.43,0.1269,3.1713,6,Success,Purchase,Penang,MYR,False
TXN-20240126-0001115,WALL-0064512,MERCH-00009,PM-05,DEV-01,2024-01-26 16:36:59,23.34,0.0,0.4667,2,Success,Purchase,Hyderabad,INR,False
TXN-20240126-0001116,WALL-0004078,MERCH-00428,PM-02,DEV-01,2024-01-26 16:08:21,188.85,0.3777,0.0,18,Success,Payment,Naypyidaw,MMK,False
TXN-20240126-0001117,WALL-0043235,MERCH-00283,PM-02,DEV-01,2024-01-26 17:51:00,881.38,1.7628,70.5104,176,Success,Purchase,Kuala Lumpur,MYR,False
TXN-20240126-0001118,WALL-0124339,MERCH-00227,PM-04,DEV-01,2024-01-26 10:03:33,12.91,0.2582,0.0,0,Failed,Purchase,Myitkyina,MMK,False
TXN-20240126-0001119,WALL-0060283,MERCH-00083,PM-02,DEV-04,2024-01-26 12:14:31,77.7,0.1554,0.0,7,Success,Purchase,Naypyidaw,MMK,False
TXN-20240126-0001120,WALL-0149693,MERCH-00144,PM-03,DEV-01,2024-01-26 20:51:21,128.35,1.0268,6.4177,12,Success,Purchase,Phnom Penh,KHR,False
TXN-20240126-0001121,WALL-0134752,MERCH-00418,PM-01,DEV-03,2024-01-26 17:40:49,513.94,0.0,0.0,51,Success,Payment,Karachi,PKR,True
TXN-20240126-0001122,WALL-0034857,MERCH-00018,PM-02,DEV-01,2024-01-26 19:21:56,13.29,0.0266,0.2658,1,Success,Purchase,Mandalay,MMK,False
TXN-20240126-0001123,WALL-0125156,MERCH-00151,PM-04,DEV-02,2024-01-26 16:05:20,325.41,6.5083,16.2707,32,Success,Purchase,Cebu City,MYR,False
TXN-20240126-0001124,WALL-0061396,MERCH-00054,PM-02,DEV-03,2024-01-26 14:26:26,21.9,0.0438,0.4379,2,Success,Purchase,Surabaya,PHP,False
TXN-20240126-0001125,WALL-0057670,MERCH-00483,PM-01,DEV-03,2024-01-26 18:06:26,1380.91,0.0,0.0,138,Success,Payment,Quezon City,PHP,False
TXN-20240126-0001126,WALL-0052900,MERCH-00103,PM-01,DEV-01,2024-01-26 09:48:22,11.28,0.0,0.0,1,Success,Purchase,Singapore,SGD,False
TXN-20240126-0001127,WALL-0136855,MERCH-00400,PM-01,DEV-01,2024-01-26 16:10:28,20.43,0.0,0.0,2,Success,Purchase,Hyderabad,INR,False
TXN-20240126-0001128,WALL-0124659,MERCH-00015,PM-02,DEV-01,2024-01-26 20:19:47,5.68,0.0114,0.1137,0,Success,Purchase,Chittagong,MMK,False
TXN-20240126-0001129,WALL-0022154,MERCH-00027,PM-04,DEV-01,2024-01-26 18:16:54,9.47,0.1893,0.1893,0,Success,Purchase,Naypyidaw,MMK,False
TXN-20240126-0001130,WALL-0102690,MERCH-00162,PM-02,DEV-02,2024-01-26 20:03:30,100.9,0.2018,5.0451,10,Success,Purchase,Myitkyina,MMK,False
TXN-20240126-0001131,WALL-0033018,MERCH-00184,PM-02,DEV-04,2024-01-26 19:22:41,81.16,0.1623,4.058,8,Success,Purchase,Hanoi,VND,False
TXN-20240126-0001132,WALL-0105776,MERCH-00098,PM-03,DEV-01,2024-01-26 18:00:52,20.42,0.1634,0.0,2,Success,Purchase,Mawlamyine,MMK,False
TXN-20240126-0001133,WALL-0133172,MERCH-00060,PM-02,DEV-02,2024-01-26 12:32:44,6.15,0.0123,0.1231,0,Success,Purchase,Bandung,BDT,False
TXN-20240126-0001134,WALL-0064171,MERCH-00046,PM-02,DEV-01,2024-01-26 13:15:30,29.53,0.0591,0.5905,2,Success,Purchase,Siem Reap,KHR,False
TXN-20240126-0001135,WALL-0114325,MERCH-00361,PM-01,DEV-01,2024-01-26 19:14:19,28.86,0.0,0.0,2,Success,Bill Payment,Khon Kaen,THB,False
TXN-20240126-0001136,WALL-0060152,MERCH-00178,PM-02,DEV-02,2024-01-26 05:52:02,43.16,0.0863,2.1578,4,Success,Purchase,Khon Kaen,THB,False
TXN-20240126-0001137,WALL-0095320,MERCH-00311,PM-01,DEV-01,2024-01-26 04:48:24,70.88,0.0,0.0,7,Success,Bill Payment,Pune,INR,False
TXN-20240126-0001138,WALL-0039440,MERCH-00086,PM-02,DEV-01,2024-01-26 23:49:30,108.71,0.2174,0.0,10,Success,Purchase,Singapore,SGD,False
TXN-20240126-0001139,WALL-0083212,MERCH-00301,PM-01,DEV-01,2024-01-26 02:57:01,278.75,0.0,22.3,55,Success,Purchase,Quezon City,PHP,False
TXN-20240126-0001140,WALL-0146368,MERCH-00120,PM-01,DEV-01,2024-01-26 14:05:50,81.84,0.0,0.0,8,Success,Purchase,Ho Chi Minh City,VND,False
TXN-20240126-0001141,WALL-0067369,MERCH-00027,PM-01,DEV-01,2024-01-26 13:28:53,29.81,0.0,0.5962,2,Success,Purchase,Myitkyina,MMK,False
TXN-20240126-0001142,WALL-0059269,MERCH-00384,PM-01,DEV-02,2024-01-26 09:04:17,49.33,0.0,0.0,4,Success,Purchase,Jakarta,IDR,False
TXN-20240126-0001143,WALL-0060864,MERCH-00016,PM-02,DEV-01,2024-01-26 14:34:49,7.73,0.0155,0.1547,0,Success,Purchase,Johor Bahru,MYR,False
TXN-20240126-0001144,WALL-0095923,MERCH-00095,PM-02,DEV-01,2024-01-26 20:32:10,196.71,0.3934,0.0,19,Success,Purchase,Colombo,LKR,False
TXN-20240126-0001145,WALL-0135072,MERCH-00148,PM-03,DEV-02,2024-01-26 19:52:19,414.54,3.3164,20.7272,41,Success,Purchase,Taunggyi,MMK,False
TXN-20240126-0001146,WALL-0091885,MERCH-00070,PM-01,DEV-01,2024-01-26 19:59:17,16.9,0.0,0.3381,1,Success,Purchase,Medan,IDR,False
TXN-20240126-0001147,WALL-0086994,MERCH-00049,PM-03,DEV-02,2024-01-26 18:53:20,7.06,0.0565,0.1412,0,Success,Purchase,Bangalore,INR,False
TXN-20240126-0001148,WALL-0110662,MERCH-00278,PM-03,DEV-01,2024-01-26 21:18:49,100.0,0.8,8.0,20,Success,Purchase,Kolkata,KHR,False
TXN-20240126-0001149,WALL-0076960,MERCH-00305,PM-02,DEV-02,2024-01-26 06:51:51,648.62,1.2972,51.8898,129,Success,Purchase,Islamabad,PKR,False
TXN-20240126-0001150,WALL-0041277,MERCH-00405,PM-01,DEV-01,2024-01-26 17:38:43,107.44,0.0,0.0,10,Success,Payment,Phnom Penh,KHR,False
TXN-20240126-0001151,WALL-0016850,MERCH-00013,PM-01,DEV-05,2024-01-26 18:47:31,11.17,0.0,0.0,0,Failed,Purchase,Chittagong,BDT,False
TXN-20240126-0001152,WALL-0013959,MERCH-00020,PM-03,DEV-04,2024-01-26 11:48:29,42.83,0.3426,0.8565,4,Success,Purchase,Bandung,IDR,False
TXN-20240126-0001153,WALL-0043104,MERCH-00378,PM-01,DEV-01,2024-01-26 13:44:47,72.14,0.0,0.0,7,Success,Purchase,Colombo,LKR,False
TXN-20240126-0001154,WALL-0010910,MERCH-00438,PM-03,DEV-02,2024-01-26 17:09:15,144.35,1.1548,0.0,0,Pending,Tax Payment,Da Nang,VND,False
TXN-20240126-0001155,WALL-0146385,MERCH-00166,PM-01,DEV-01,2024-01-26 13:44:53,65.32,0.0,3.2658,6,Success,Purchase,Bali,IDR,False
TXN-20240126-0001156,WALL-0114538,MERCH-00068,PM-04,DEV-04,2024-01-26 11:46:47,36.44,0.7288,0.7288,3,Success,Purchase,Davao,PHP,False
TXN-20240126-0001157,WALL-0127369,MERCH-00127,PM-01,DEV-01,2024-01-26 15:40:28,21.78,0.0,0.0,2,Success,Purchase,Kandy,LKR,False
TXN-20240126-0001158,WALL-0106910,MERCH-00357,PM-04,DEV-03,2024-01-26 20:44:55,34.22,0.6844,0.0,3,Success,Bill Payment,Mandalay,MMK,False
TXN-20240126-0001159,WALL-0116057,MERCH-00093,PM-04,DEV-02,2024-01-26 12:44:30,116.76,2.3351,0.0,11,Success,Purchase,Kuala Lumpur,MYR,False
TXN-20240126-0001160,WALL-0020147,MERCH-00005,PM-02,DEV-01,2024-01-26 21:24:10,22.92,0.0458,0.4584,2,Success,Purchase,Yangon,MMK,False
TXN-20240126-0001161,WALL-0099210,MERCH-00121,PM-02,DEV-01,2024-01-26 16:34:53,135.96,0.2719,0.0,13,Success,Purchase,Mandalay,MMK,False
TXN-20240126-0001162,WALL-0041501,MERCH-00072,PM-02,DEV-02,2024-01-26 19:17:40,24.24,0.0485,0.4847,2,Success,Purchase,Bago,MMK,False
TXN-20240126-0001163,WALL-0039419,MERCH-00064,PM-01,DEV-04,2024-01-26 12:25:32,8.71,0.0,0.1742,0,Success,Purchase,Naypyidaw,MMK,False
TXN-20240126-0001164,WALL-0089211,MERCH-00223,PM-01,DEV-01,2024-01-26 12:46:11,11.44,0.0,0.0,1,Success,Purchase,Khon Kaen,THB,False
TXN-20240126-0001165,WALL-0002610,MERCH-00112,PM-03,DEV-01,2024-01-26 21:09:04,89.68,0.7175,0.0,8,Success,Purchase,Mawlamyine,MMK,False
TXN-20240126-0001166,WALL-0111662,MERCH-00125,PM-03,DEV-02,2024-01-26 09:49:47,48.68,0.3895,0.0,4,Success,Purchase,Islamabad,BDT,False
TXN-20240126-0001167,WALL-0112254,MERCH-00084,PM-03,DEV-05,2024-01-26 14:29:54,95.99,0.7679,0.0,9,Success,Purchase,Bali,IDR,False
TXN-20240126-0001168,WALL-0149339,MERCH-00393,PM-01,DEV-01,2024-01-26 17:41:47,49.85,0.0,0.0,0,Pending,Purchase,Jakarta,THB,False
TXN-20240126-0001169,WALL-0068431,MERCH-00449,PM-04,DEV-03,2024-01-26 17:35:04,138.79,2.7758,0.0,0,Pending,Tax Payment,Taunggyi,MMK,False
TXN-20240126-0001170,WALL-0064075,MERCH-00230,PM-01,DEV-01,2024-01-26 12:42:28,15.73,0.0,0.0,1,Success,Purchase,Kandy,LKR,False
TXN-20240126-0001171,WALL-0140287,MERCH-00066,PM-01,DEV-01,2024-01-26 13:05:26,28.8,0.0,0.576,2,Success,Purchase,Pathein,MMK,False
TXN-20240126-0001172,WALL-0053275,MERCH-00348,PM-01,DEV-01,2024-01-26 07:05:05,82.08,0.0,0.0,8,Success,Bill Payment,Bangalore,INR,False
TXN-20240126-0001173,WALL-0021924,MERCH-00388,PM-01,DEV-01,2024-01-26 12:06:18,31.56,0.0,0.0,3,Success,Purchase,Quezon City,PHP,False
TXN-20240126-0001174,WALL-0014527,MERCH-00492,PM-02,DEV-01,2024-01-26 06:41:05,97.49,0.195,0.0,9,Success,Payment,Lahore,PKR,False
TXN-20240126-0001175,WALL-0144285,MERCH-00135,PM-01,DEV-01,2024-01-26 14:12:48,195.09,0.0,9.7544,19,Success,Purchase,Myitkyina,MMK,False
TXN-20240126-0001176,WALL-0009384,MERCH-00285,PM-02,DEV-02,2024-01-26 07:15:49,821.38,1.6428,65.7104,164,Success,Purchase,Hanoi,VND,False
TXN-20240126-0001177,WALL-0061131,MERCH-00139,PM-01,DEV-01,2024-01-26 20:34:59,50.93,0.0,2.5465,5,Success,Purchase,Quezon City,PHP,False
TXN-20240126-0001178,WALL-0095678,MERCH-00102,PM-03,DEV-02,2024-01-26 12:29:55,60.18,0.4814,0.0,6,Success,Purchase,Pathein,MMK,False
TXN-20240126-0001179,WALL-0046756,MERCH-00128,PM-04,DEV-01,2024-01-26 18:22:18,62.91,1.2582,0.0,6,Success,Purchase,Kathmandu,NPR,False
TXN-20240126-0001180,WALL-0060904,MERCH-00050,PM-01,DEV-01,2024-01-26 21:07:11,11.35,0.0,0.227,1,Success,Purchase,Siem Reap,KHR,False
TXN-20240126-0001181,WALL-0055249,MERCH-00236,PM-02,DEV-04,2024-01-26 19:36:54,7.03,0.0141,0.0,0,Success,Subscription,Chiang Mai,THB,False
TXN-20240126-0001182,WALL-0011019,MERCH-00150,PM-02,DEV-01,2024-01-26 07:00:07,102.32,0.2046,5.116,10,Success,Purchase,Chiang Mai,THB,False
TXN-20240126-0001183,WALL-0031791,MERCH-00423,PM-02,DEV-02,2024-01-26 21:09:09,20.0,0.04,0.0,2,Success,Payment,Pokhara,NPR,False
TXN-20240126-0001184,WALL-0087697,MERCH-00149,PM-01,DEV-01,2024-01-26 06:11:05,146.59,0.0,7.3297,14,Success,Purchase,Chiang Mai,IDR,False
TXN-20240126-0001185,WALL-0144952,MERCH-00227,PM-01,DEV-04,2024-01-26 15:59:38,9.03,0.0,0.0,0,Success,Purchase,Mawlamyine,MMK,False
TXN-20240126-0001186,WALL-0145405,MERCH-00443,PM-04,DEV-01,2024-01-26 18:33:40,334.23,6.6845,0.0,33,Success,Tax Payment,Hanoi,VND,False
TXN-20240126-0001187,WALL-0088754,MERCH-00286,PM-02,DEV-03,2024-01-26 15:34:34,826.48,1.653,66.1181,165,Success,Purchase,Davao,INR,False
TXN-20240126-0001188,WALL-0123149,MERCH-00201,PM-01,DEV-01,2024-01-26 01:04:31,11.34,0.0,0.0,1,Success,Purchase,Davao,PHP,False
TXN-20240126-0001189,WALL-0134693,MERCH-00340,PM-04,DEV-02,2024-01-26 13:26:24,46.89,0.9377,0.0,0,Failed,Bill Payment,Colombo,LKR,False
TXN-20240126-0001190,WALL-0055548,MERCH-00074,PM-01,DEV-01,2024-01-26 08:47:01,16.02,0.0,0.3204,1,Success,Purchase,Siem Reap,KHR,False
TXN-20240126-0001191,WALL-0051256,MERCH-00407,PM-03,DEV-01,2024-01-26 15:50:35,150.92,1.2074,0.0,15,Success,Payment,Phuket,THB,False
TXN-20240126-0001192,WALL-0006836,MERCH-00108,PM-03,DEV-01,2024-01-26 07:25:39,59.92,0.4794,0.0,5,Success,Purchase,Ahmedabad,INR,False
TXN-20240126-0001193,WALL-0128013,MERCH-00118,PM-01,DEV-05,2024-01-26 08:27:43,59.99,0.0,0.0,5,Success,Purchase,Taunggyi,MMK,False
TXN-20240126-0001194,WALL-0087566,MERCH-00112,PM-02,DEV-02,2024-01-26 15:05:36,22.04,0.0441,0.0,2,Success,Purchase,Medan,IDR,False
TXN-20240126-0001195,WALL-0017323,MERCH-00384,PM-01,DEV-01,2024-01-26 00:44:14,40.63,0.0,0.0,4,Success,Purchase,Medan,IDR,False
TXN-20240126-0001196,WALL-0089975,MERCH-00279,PM-01,DEV-01,2024-01-26 09:03:12,684.78,0.0,54.7822,136,Success,Purchase,Phnom Penh,KHR,False
TXN-20240126-0001197,WALL-0014678,MERCH-00041,PM-01,DEV-04,2024-01-26 17:00:09,19.52,0.0,0.3904,1,Success,Purchase,Bali,IDR,False
TXN-20240126-0001198,WALL-0106427,MERCH-00029,PM-02,DEV-03,2024-01-26 14:02:48,19.47,0.0389,0.3894,1,Success,Purchase,Da Nang,VND,False
TXN-20240126-0001199,WALL-0011388,MERCH-00034,PM-01,DEV-03,2024-01-26 06:13:35,22.82,0.0,0.4564,2,Success,Purchase,Bago,MMK,False
TXN-20240126-0001200,WALL-0079304,MERCH-00364,PM-01,DEV-04,2024-01-26 11:47:52,54.86,0.0,0.0,5,Success,Bill Payment,Mawlamyine,MMK,False
TXN-20240126-0001201,WALL-0149503,MERCH-00321,PM-03,DEV-01,2024-01-26 11:55:04,32.45,0.2596,0.0,3,Success,Bill Payment,Kathmandu,NPR,False
TXN-20240126-0001202,WALL-0075316,MERCH-00227,PM-01,DEV-01,2024-01-26 20:30:07,5.27,0.0,0.0,0,Success,Purchase,Mandalay,MMK,False
TXN-20240126-0001203,WALL-0018891,MERCH-00217,PM-01,DEV-03,2024-01-26 06:55:35,12.22,0.0,0.0,1,Success,Purchase,Surabaya,IDR,False
TXN-20240126-0001204,WALL-0072391,MERCH-00151,PM-02,DEV-01,2024-01-26 18:25:09,118.09,0.2362,5.9045,11,Success,Purchase,Phuket,THB,False
TXN-20240126-0001205,WALL-0081556,MERCH-00125,PM-01,DEV-03,2024-01-26 08:03:38,57.1,0.0,0.0,5,Success,Purchase,Mawlamyine,MMK,False
TXN-20240126-0001206,WALL-0093544,MERCH-00156,PM-04,DEV-02,2024-01-26 21:52:31,50.14,1.0028,2.507,5,Success,Purchase,Da Nang,VND,False
TXN-20240126-0001207,WALL-0114176,MERCH-00077,PM-01,DEV-01,2024-01-26 13:57:10,32.99,0.0,0.6598,3,Success,Purchase,Jakarta,IDR,False
TXN-20240126-0001208,WALL-0003249,MERCH-00002,PM-02,DEV-01,2024-01-26 13:56:56,40.84,0.0817,0.8168,4,Success,Purchase,Taunggyi,PHP,False
TXN-20240126-0001209,WALL-0074268,MERCH-00106,PM-02,DEV-02,2024-01-26 18:12:14,60.06,0.1201,0.0,6,Success,Purchase,Johor Bahru,MYR,False
TXN-20240126-0001210,WALL-0025639,MERCH-00297,PM-03,DEV-01,2024-01-26 20:26:48,100.0,0.8,8.0,20,Success,Purchase,Mawlamyine,MMK,False
TXN-20240126-0001211,WALL-0061179,MERCH-00410,PM-01,DEV-01,2024-01-26 17:03:40,28.19,0.0,0.0,2,Success,Payment,Taunggyi,MMK,False
TXN-20240126-0001212,WALL-0138330,MERCH-00323,PM-04,DEV-04,2024-01-26 19:59:41,79.34,1.5868,0.0,7,Success,Bill Payment,Dhaka,MMK,False
TXN-20240126-0001213,WALL-0112013,MERCH-00418,PM-04,DEV-03,2024-01-26 19:42:58,49.77,0.9953,0.0,4,Success,Payment,Mandalay,MMK,False
TXN-20240126-0001214,WALL-0050847,MERCH-00058,PM-05,DEV-01,2024-01-26 12:08:07,6.82,0.0,0.1364,0,Success,Purchase,Mandalay,MMK,False
TXN-20240126-0001215,WALL-0020904,MERCH-00365,PM-05,DEV-04,2024-01-26 09:46:54,37.28,0.0,0.0,0,Pending,Bill Payment,Delhi,INR,False
TXN-20240126-0001216,WALL-0012139,MERCH-00378,PM-04,DEV-01,2024-01-26 16:41:58,58.03,1.1606,0.0,5,Success,Purchase,Yangon,MMK,False
TXN-20240126-0001217,WALL-0018726,MERCH-00008,PM-01,DEV-01,2024-01-26 01:48:14,19.02,0.0,0.3805,1,Success,Purchase,Kandy,LKR,False
TXN-20240126-0001218,WALL-0067214,MERCH-00006,PM-05,DEV-01,2024-01-26 13:03:58,11.22,0.0,0.2244,1,Success,Purchase,Naypyidaw,MMK,False
TXN-20240126-0001219,WALL-0103843,MERCH-00154,PM-01,DEV-04,2024-01-26 09:41:52,34.41,0.0,1.7204,3,Success,Purchase,Pattaya,THB,False
TXN-20240126-0001220,WALL-0015374,MERCH-00130,PM-02,DEV-01,2024-01-26 12:55:48,33.52,0.067,0.0,3,Success,Purchase,Singapore,MMK,False
TXN-20240126-0001221,WALL-0066902,MERCH-00152,PM-01,DEV-02,2024-01-26 14:43:01,77.42,0.0,0.0,0,Failed,Purchase,Taunggyi,MMK,False
TXN-20240126-0001222,WALL-0058265,MERCH-00071,PM-01,DEV-02,2024-01-26 10:48:43,13.95,0.0,0.2791,1,Success,Purchase,Pune,INR,False
TXN-20240126-0001223,WALL-0024099,MERCH-00090,PM-02,DEV-01,2024-01-26 08:50:15,60.6,0.1212,0.0,6,Success,Purchase,Johor Bahru,MYR,False
TXN-20240126-0001224,WALL-0056343,MERCH-00439,PM-04,DEV-03,2024-01-26 15:55:04,1582.61,31.6523,0.0,158,Success,Tax Payment,Da Nang,VND,False
TXN-20240126-0001225,WALL-0116407,MERCH-00243,PM-01,DEV-01,2024-01-26 12:20:30,6.74,0.0,0.0,0,Success,Subscription,Bandung,PHP,False
TXN-20240126-0001226,WALL-0048159,MERCH-00009,PM-01,DEV-03,2024-01-26 18:17:27,14.6,0.0,0.2921,1,Success,Purchase,Johor Bahru,MYR,False
TXN-20240126-0001227,WALL-0123819,MERCH-00063,PM-01,DEV-05,2024-01-26 10:25:26,17.08,0.0,0.3416,1,Success,Purchase,Pathein,MMK,False
TXN-20240126-0001228,WALL-0065822,MERCH-00109,PM-01,DEV-05,2024-01-26 22:33:37,55.14,0.0,0.0,5,Success,Purchase,Davao,PHP,False
TXN-20240126-0001229,WALL-0137506,MERCH-00276,PM-04,DEV-04,2024-01-26 06:23:40,809.63,16.1925,64.7701,161,Success,Purchase,Pathein,MMK,False
TXN-20240126-0001230,WALL-0056778,MERCH-00139,PM-03,DEV-01,2024-01-26 09:43:43,63.33,0.5067,3.1666,6,Success,Purchase,Mandalay,MMK,False
TXN-20240126-0001231,WALL-0058723,MERCH-00191,PM-04,DEV-02,2024-01-26 15:18:19,13.18,0.2635,0.0,1,Success,Purchase,Pathein,MMK,False
TXN-20240126-0001232,WALL-0034957,MERCH-00091,PM-02,DEV-01,2024-01-26 13:16:59,74.28,0.1486,0.0,7,Success,Purchase,Bali,IDR,False
TXN-20240126-0001233,WALL-0137316,MERCH-00399,PM-01,DEV-01,2024-01-26 22:53:40,30.62,0.0,0.0,3,Success,Purchase,Chiang Mai,THB,False
TXN-20240126-0001234,WALL-0082873,MERCH-00085,PM-01,DEV-01,2024-01-26 21:17:26,46.62,0.0,0.0,4,Success,Purchase,Phuket,THB,False
TXN-20240126-0001235,WALL-0052029,MERCH-00071,PM-01,DEV-01,2024-01-26 12:24:54,58.39,0.0,1.1678,5,Success,Purchase,Islamabad,MMK,False
TXN-20240126-0001236,WALL-0112949,MERCH-00055,PM-01,DEV-03,2024-01-26 10:15:17,15.03,0.0,0.3005,1,Success,Purchase,Manila,SGD,False
TXN-20240126-0001237,WALL-0051753,MERCH-00026,PM-02,DEV-01,2024-01-26 19:30:10,11.96,0.0239,0.2393,1,Success,Purchase,Mumbai,INR,False
TXN-20240126-0001238,WALL-0101467,MERCH-00052,PM-04,DEV-05,2024-01-26 08:34:18,6.85,0.137,0.137,0,Success,Purchase,Mawlamyine,MMK,False
TXN-20240126-0001239,WALL-0109409,MERCH-00427,PM-04,DEV-04,2024-01-26 15:24:37,53.66,1.0731,0.0,0,Failed,Payment,Johor Bahru,MYR,False
TXN-20240126-0001240,WALL-0112162,MERCH-00102,PM-01,DEV-03,2024-01-26 16:49:58,29.34,0.0,0.0,2,Success,Purchase,Kandy,LKR,False
TXN-20240126-0001241,WALL-0067249,MERCH-00451,PM-01,DEV-03,2024-01-26 16:43:08,1182.13,0.0,0.0,118,Success,Payment,Lahore,PKR,False
TXN-20240126-0001242,WALL-0054312,MERCH-00171,PM-04,DEV-02,2024-01-26 15:11:08,126.13,2.5225,6.3063,12,Success,Purchase,Mandalay,MMK,False
TXN-20240126-0001243,WALL-0079591,MERCH-00125,PM-01,DEV-03,2024-01-26 06:36:31,94.8,0.0,0.0,9,Success,Purchase,Mawlamyine,MMK,False
TXN-20240126-0001244,WALL-0105543,MERCH-00267,PM-02,DEV-01,2024-01-26 12:53:21,5.62,0.0112,0.0,0,Success,Subscription,Bago,MMK,False
TXN-20240126-0001245,WALL-0010646,MERCH-00260,PM-01,DEV-04,2024-01-26 07:32:38,18.86,0.0,0.0,1,Success,Subscription,Taunggyi,MMK,False
TXN-20240126-0001246,WALL-0094821,MERCH-00156,PM-01,DEV-01,2024-01-26 09:07:29,194.12,0.0,9.7058,19,Success,Purchase,Hyderabad,INR,False
TXN-20240126-0001247,WALL-0002771,MERCH-00234,PM-02,DEV-01,2024-01-26 14:24:29,29.37,0.0587,0.0,2,Success,Subscription,Hanoi,VND,False
TXN-20240126-0001248,WALL-0107628,MERCH-00436,PM-02,DEV-01,2024-01-26 07:49:44,165.15,0.3303,0.0,16,Success,Tax Payment,Dhaka,BDT,False
TXN-20240126-0001249,WALL-0083350,MERCH-00019,PM-01,DEV-02,2024-01-26 21:10:38,31.25,0.0,0.6249,3,Success,Purchase,Chiang Mai,THB,False
TXN-20240126-0001250,WALL-0076464,MERCH-00306,PM-01,DEV-01,2024-01-26 10:06:32,774.18,0.0,61.9341,154,Success,Purchase,Davao,PHP,False
TXN-20240126-0001251,WALL-0033382,MERCH-00359,PM-01,DEV-01,2024-01-26 15:56:53,28.96,0.0,0.0,2,Success,Bill Payment,Mawlamyine,MMK,False
TXN-20240126-0001252,WALL-0139644,MERCH-00188,PM-01,DEV-04,2024-01-26 19:31:03,58.82,0.0,2.9411,5,Success,Purchase,Bandung,IDR,False
TXN-20240126-0001253,WALL-0005175,MERCH-00155,PM-01,DEV-01,2024-01-26 21:22:53,33.9,0.0,1.6949,3,Success,Purchase,Kandy,LKR,False
TXN-20240126-0001254,WALL-0028226,MERCH-00493,PM-04,DEV-02,2024-01-26 14:38:46,175.15,3.503,0.0,17,Success,Payment,Pattaya,INR,False
TXN-20240126-0001255,WALL-0122287,MERCH-00319,PM-04,DEV-03,2024-01-26 04:20:30,55.1,1.1021,0.0,5,Success,Bill Payment,Pathein,MMK,False
TXN-20240126-0001256,WALL-0104899,MERCH-00358,PM-04,DEV-02,2024-01-26 19:29:11,30.42,0.6084,0.0,3,Success,Bill Payment,Mandalay,MMK,False
TXN-20240126-0001257,WALL-0063554,MERCH-00401,PM-02,DEV-01,2024-01-26 21:59:53,104.86,0.2097,0.0,10,Success,Payment,Mawlamyine,MMK,False
TXN-20240126-0001258,WALL-0109161,MERCH-00016,PM-01,DEV-02,2024-01-26 13:36:52,9.9,0.0,0.198,0,Success,Purchase,Delhi,INR,False
TXN-20240126-0001259,WALL-0023179,MERCH-00394,PM-04,DEV-02,2024-01-26 16:02:55,20.0,0.4,0.0,2,Success,Purchase,Pathein,MMK,False
TXN-20240126-0001260,WALL-0127069,MERCH-00020,PM-01,DEV-01,2024-01-26 11:30:16,18.2,0.0,0.3641,1,Success,Purchase,Pathein,MMK,False
TXN-20240126-0001261,WALL-0120904,MERCH-00099,PM-01,DEV-01,2024-01-26 18:20:48,58.86,0.0,0.0,5,Success,Purchase,Bangalore,INR,False
TXN-20240126-0001262,WALL-0042464,MERCH-00127,PM-01,DEV-03,2024-01-26 17:58:18,85.97,0.0,0.0,8,Success,Purchase,Medan,IDR,False
TXN-20240126-0001263,WALL-0021208,MERCH-00151,PM-02,DEV-01,2024-01-26 10:02:14,123.18,0.2464,6.159,12,Success,Purchase,Taunggyi,MMK,False
TXN-20240126-0001264,WALL-0075907,MERCH-00065,PM-01,DEV-01,2024-01-26 09:40:00,16.03,0.0,0.3207,1,Success,Purchase,Bangkok,THB,False
TXN-20240126-0001265,WALL-0137437,MERCH-00150,PM-02,DEV-01,2024-01-26 17:29:07,159.21,0.3184,7.9603,15,Success,Purchase,Manila,PHP,False
TXN-20240126-0001266,WALL-0061560,MERCH-00104,PM-01,DEV-01,2024-01-26 06:19:45,18.46,0.0,0.0,1,Success,Purchase,Karachi,INR,False
TXN-20240126-0001267,WALL-0119025,MERCH-00055,PM-03,DEV-02,2024-01-26 02:43:10,18.54,0.1483,0.3707,1,Success,Purchase,Pathein,MMK,False
TXN-20240126-0001268,WALL-0122080,MERCH-00114,PM-02,DEV-03,2024-01-26 16:18:08,23.94,0.0479,0.0,2,Success,Purchase,Ho Chi Minh City,MMK,False
TXN-20240126-0001269,WALL-0058916,MERCH-00238,PM-04,DEV-05,2024-01-26 09:39:57,25.52,0.5103,0.0,2,Success,Subscription,Lahore,PKR,False
TXN-20240126-0001270,WALL-0011429,MERCH-00240,PM-04,DEV-01,2024-01-26 19:09:37,10.49,0.2097,0.0,1,Success,Subscription,Myitkyina,MMK,False
TXN-20240126-0001271,WALL-0027197,MERCH-00333,PM-02,DEV-01,2024-01-26 18:10:26,38.06,0.0761,0.0,3,Success,Bill Payment,Mumbai,INR,False
TXN-20240126-0001272,WALL-0103350,MERCH-00449,PM-04,DEV-01,2024-01-26 15:40:12,110.84,2.2168,0.0,11,Success,Tax Payment,Myitkyina,MMK,False
TXN-20240126-0001273,WALL-0034572,MERCH-00131,PM-01,DEV-01,2024-01-26 20:42:36,38.39,0.0,1.9197,3,Success,Purchase,Pathein,PHP,False
TXN-20240126-0001274,WALL-0045028,MERCH-00312,PM-01,DEV-04,2024-01-26 16:25:14,124.59,0.0,0.0,12,Success,Bill Payment,Karachi,PKR,False
TXN-20240126-0001275,WALL-0131670,MERCH-00443,PM-01,DEV-01,2024-01-26 18:24:35,576.12,0.0,0.0,57,Success,Tax Payment,Mumbai,INR,False
TXN-20240126-0001276,WALL-0060931,MERCH-00136,PM-01,DEV-01,2024-01-26 15:58:36,104.33,0.0,5.2163,10,Success,Purchase,Naypyidaw,MMK,False
TXN-20240126-0001277,WALL-0061201,MERCH-00142,PM-02,DEV-02,2024-01-26 17:56:23,32.3,0.0646,0.0,0,Reversed,Purchase,Naypyidaw,MMK,False
TXN-20240126-0001278,WALL-0002494,MERCH-00090,PM-01,DEV-01,2024-01-26 19:11:32,28.84,0.0,0.0,2,Success,Purchase,Mandalay,MMK,False
TXN-20240126-0001279,WALL-0126263,MERCH-00119,PM-04,DEV-01,2024-01-26 14:09:06,27.63,0.5527,0.0,2,Success,Purchase,Penang,MYR,False
TXN-20240126-0001280,WALL-0036854,MERCH-00217,PM-02,DEV-02,2024-01-26 20:12:23,6.95,0.0139,0.0,0,Success,Purchase,Naypyidaw,MMK,False
TXN-20240126-0001281,WALL-0010572,MERCH-00057,PM-03,DEV-01,2024-01-26 11:11:24,23.6,0.1888,0.472,2,Success,Purchase,Phnom Penh,KHR,False
TXN-20240126-0001282,WALL-0102774,MERCH-00324,PM-02,DEV-01,2024-01-26 12:18:03,96.06,0.1921,0.0,9,Success,Bill Payment,Bali,IDR,False
TXN-20240126-0001283,WALL-0111109,MERCH-00144,PM-04,DEV-02,2024-01-26 17:16:50,587.51,11.7503,29.3756,58,Success,Purchase,Ahmedabad,INR,False
TXN-20240126-0001284,WALL-0146930,MERCH-00150,PM-05,DEV-01,2024-01-26 18:14:06,32.77,0.0,1.6386,3,Success,Purchase,Penang,MYR,False
TXN-20240126-0001285,WALL-0084791,MERCH-00195,PM-01,DEV-01,2024-01-26 08:45:43,8.18,0.0,0.0,0,Failed,Purchase,Mandalay,MMK,False
TXN-20240126-0001286,WALL-0081273,MERCH-00045,PM-01,DEV-01,2024-01-26 20:14:41,19.66,0.0,0.3932,1,Success,Purchase,Mandalay,MMK,False
TXN-20240126-0001287,WALL-0088159,MERCH-00342,PM-05,DEV-04,2024-01-26 00:46:02,15.28,0.0,0.0,1,Success,Bill Payment,Taunggyi,MMK,False
TXN-20240126-0001288,WALL-0006151,MERCH-00211,PM-01,DEV-03,2024-01-26 13:21:37,12.94,0.0,0.0,1,Success,Purchase,Pokhara,INR,False
TXN-20240126-0001289,WALL-0057026,MERCH-00111,PM-02,DEV-01,2024-01-26 14:18:28,39.96,0.0799,0.0,3,Success,Purchase,Naypyidaw,MMK,False
TXN-20240126-0001290,WALL-0054765,MERCH-00063,PM-03,DEV-01,2024-01-26 15:18:09,24.34,0.1947,0.4868,2,Success,Purchase,Islamabad,PKR,False
TXN-20240126-0001291,WALL-0054431,MERCH-00013,PM-02,DEV-01,2024-01-26 11:18:43,21.0,0.042,0.4199,2,Success,Purchase,Bandung,IDR,False
TXN-20240126-0001292,WALL-0141026,MERCH-00106,PM-01,DEV-01,2024-01-26 04:17:49,88.67,0.0,0.0,8,Success,Purchase,Chiang Mai,THB,False
TXN-20240126-0001293,WALL-0055696,MERCH-00201,PM-04,DEV-04,2024-01-26 10:24:50,18.96,0.3791,0.0,1,Success,Purchase,Mandalay,MMK,False
TXN-20240126-0001294,WALL-0057585,MERCH-00084,PM-04,DEV-02,2024-01-26 11:08:00,116.84,2.3367,0.0,11,Success,Purchase,Kathmandu,NPR,False
TXN-20240126-0001295,WALL-0039332,MERCH-00422,PM-01,DEV-01,2024-01-26 13:35:17,48.43,0.0,0.0,4,Success,Payment,Kolkata,INR,False
TXN-20240126-0001296,WALL-0074250,MERCH-00346,PM-01,DEV-02,2024-01-26 03:33:59,49.13,0.0,0.0,4,Success,Bill Payment,Naypyidaw,MMK,False
TXN-20240126-0001297,WALL-0130602,MERCH-00073,PM-02,DEV-01,2024-01-26 16:14:45,33.22,0.0664,0.6644,3,Success,Purchase,Davao,PHP,False
TXN-20240126-0001298,WALL-0120997,MERCH-00403,PM-01,DEV-01,2024-01-26 21:48:03,188.96,0.0,0.0,18,Success,Payment,Islamabad,PKR,False
TXN-20240126-0001299,WALL-0029595,MERCH-00358,PM-03,DEV-01,2024-01-26 17:50:26,41.38,0.331,0.0,4,Success,Bill Payment,Bandung,IDR,False
TXN-20240126-0001300,WALL-0003133,MERCH-00337,PM-02,DEV-02,2024-01-26 22:56:06,86.39,0.1728,0.0,8,Success,Bill Payment,Mandalay,INR,False
TXN-20240126-0001301,WALL-0084540,MERCH-00059,PM-01,DEV-02,2024-01-26 19:29:03,26.13,0.0,0.5225,2,Success,Purchase,Pathein,MMK,False
TXN-20240126-0001302,WALL-0001251,MERCH-00174,PM-02,DEV-01,2024-01-26 21:32:58,103.71,0.2074,5.1856,10,Success,Purchase,Taunggyi,MMK,False
TXN-20240126-0001303,WALL-0089782,MERCH-00227,PM-01,DEV-03,2024-01-26 08:24:44,25.08,0.0,0.0,2,Success,Purchase,Siem Reap,MMK,False
TXN-20240126-0001304,WALL-0028798,MERCH-00496,PM-01,DEV-01,2024-01-26 18:27:52,272.05,0.0,0.0,27,Success,Payment,Pokhara,NPR,False
TXN-20240126-0001305,WALL-0129131,MERCH-00241,PM-01,DEV-05,2024-01-26 14:58:31,13.95,0.0,0.0,1,Success,Subscription,Ahmedabad,INR,False
TXN-20240126-0001306,WALL-0132029,MERCH-00082,PM-05,DEV-03,2024-01-26 16:55:53,17.91,0.0,0.0,0,Pending,Purchase,Taunggyi,MMK,False
TXN-20240126-0001307,WALL-0118299,MERCH-00200,PM-02,DEV-02,2024-01-26 14:55:08,8.85,0.0177,0.0,0,Success,Purchase,Chiang Mai,THB,False
TXN-20240126-0001308,WALL-0007249,MERCH-00113,PM-01,DEV-02,2024-01-26 07:47:36,46.03,0.0,0.0,4,Success,Purchase,Hanoi,VND,False
TXN-20240126-0001309,WALL-0126864,MERCH-00421,PM-02,DEV-02,2024-01-26 13:59:20,40.32,0.0806,0.0,4,Success,Payment,Chiang Mai,THB,False
TXN-20240126-0001310,WALL-0022784,MERCH-00339,PM-02,DEV-01,2024-01-26 13:55:57,90.53,0.1811,0.0,9,Success,Bill Payment,Pathein,MMK,False
TXN-20240126-0001311,WALL-0009828,MERCH-00251,PM-03,DEV-04,2024-01-26 10:29:56,12.58,0.1007,0.0,1,Success,Subscription,Pathein,MMK,False
TXN-20240126-0001312,WALL-0042780,MERCH-00264,PM-03,DEV-01,2024-01-26 13:47:42,6.81,0.0545,0.0,0,Success,Subscription,Surabaya,IDR,False
TXN-20240126-0001313,WALL-0034298,MERCH-00054,PM-02,DEV-03,2024-01-26 12:17:25,13.61,0.0272,0.2723,1,Success,Purchase,Myitkyina,MMK,False
TXN-20240126-0001314,WALL-0074874,MERCH-00302,PM-01,DEV-01,2024-01-26 07:14:54,310.73,0.0,24.8584,62,Success,Purchase,Mandalay,MMK,False
TXN-20240126-0001315,WALL-0044047,MERCH-00381,PM-01,DEV-03,2024-01-26 18:44:14,64.78,0.0,0.0,6,Success,Purchase,Bali,PHP,False
TXN-20240126-0001316,WALL-0127307,MERCH-00163,PM-03,DEV-03,2024-01-26 09:21:00,114.06,0.9125,5.7032,11,Success,Purchase,Bangalore,INR,False
TXN-20240126-0001317,WALL-0116472,MERCH-00356,PM-01,DEV-03,2024-01-26 19:00:40,37.3,0.0,0.0,3,Success,Bill Payment,Khon Kaen,THB,False
TXN-20240126-0001318,WALL-0131806,MERCH-00166,PM-05,DEV-03,2024-01-26 16:39:03,166.25,0.0,8.3125,16,Success,Purchase,Bago,MMK,False
TXN-20240126-0001319,WALL-0108733,MERCH-00240,PM-03,DEV-04,2024-01-26 17:19:21,8.76,0.0701,0.0,0,Success,Subscription,Mandalay,MMK,False
TXN-20240126-0001320,WALL-0018997,MERCH-00369,PM-01,DEV-01,2024-01-26 14:48:54,36.06,0.0,0.0,3,Success,Bill Payment,Dhaka,MMK,False
TXN-20240126-0001321,WALL-0084556,MERCH-00056,PM-01,DEV-02,2024-01-26 19:06:04,22.65,0.0,0.4529,2,Success,Purchase,Bangkok,IDR,False
TXN-20240126-0001322,WALL-0137908,MERCH-00338,PM-03,DEV-01,2024-01-26 05:19:46,114.02,0.9121,0.0,11,Success,Bill Payment,Mandalay,MMK,False
TXN-20240126-0001323,WALL-0126927,MERCH-00123,PM-01,DEV-02,2024-01-26 05:31:13,177.19,0.0,0.0,17,Success,Purchase,Cebu City,PHP,False
TXN-20240126-0001324,WALL-0031419,MERCH-00068,PM-02,DEV-01,2024-01-26 21:26:15,27.36,0.0547,0.5473,2,Success,Purchase,Bago,MMK,False
TXN-20240126-0001325,WALL-0103577,MERCH-00128,PM-02,DEV-04,2024-01-26 09:52:37,42.91,0.0858,0.0,4,Success,Purchase,Bago,MMK,False
TXN-20240126-0001326,WALL-0110116,MERCH-00150,PM-02,DEV-01,2024-01-26 21:41:25,52.0,0.104,2.6002,5,Success,Purchase,Pokhara,NPR,False
TXN-20240126-0001327,WALL-0118513,MERCH-00336,PM-03,DEV-01,2024-01-26 21:07:32,53.06,0.4245,0.0,5,Success,Bill Payment,Naypyidaw,MMK,False
TXN-20240126-0001328,WALL-0083007,MERCH-00001,PM-01,DEV-01,2024-01-26 07:08:16,11.44,0.0,0.2288,1,Success,Purchase,Naypyidaw,MMK,False
TXN-20240126-0001329,WALL-0045414,MERCH-00074,PM-01,DEV-01,2024-01-26 12:42:19,19.06,0.0,0.3812,1,Success,Purchase,Ahmedabad,INR,False
TXN-20240126-0001330,WALL-0120867,MERCH-00030,PM-02,DEV-01,2024-01-26 12:18:55,14.09,0.0282,0.2818,1,Success,Purchase,Naypyidaw,MMK,False
TXN-20240126-0001331,WALL-0141888,MERCH-00106,PM-02,DEV-03,2024-01-26 00:36:54,61.34,0.1227,0.0,6,Success,Purchase,Bago,MMK,False
TXN-20240126-0001332,WALL-0028457,MERCH-00009,PM-04,DEV-01,2024-01-26 02:50:35,18.27,0.3654,0.3654,1,Success,Purchase,Pathein,MMK,False
TXN-20240126-0001333,WALL-0068612,MERCH-00117,PM-02,DEV-01,2024-01-26 21:12:01,64.6,0.1292,0.0,6,Success,Purchase,Manila,PHP,False
TXN-20240126-0001334,WALL-0050593,MERCH-00105,PM-03,DEV-01,2024-01-26 04:20:30,50.61,0.4049,0.0,5,Success,Purchase,Manila,PHP,False
TXN-20240126-0001335,WALL-0093496,MERCH-00098,PM-02,DEV-02,2024-01-26 16:57:24,53.27,0.1065,0.0,5,Success,Purchase,Pathein,MMK,False
TXN-20240126-0001336,WALL-0003835,MERCH-00077,PM-03,DEV-02,2024-01-26 18:32:33,13.79,0.1103,0.2759,1,Success,Purchase,Lahore,PKR,False
TXN-20240126-0001337,WALL-0094317,MERCH-00094,PM-03,DEV-05,2024-01-26 14:55:16,157.9,1.2632,0.0,15,Success,Purchase,Myitkyina,MMK,False
TXN-20240126-0001338,WALL-0122261,MERCH-00058,PM-05,DEV-01,2024-01-26 21:30:11,16.5,0.0,0.33,1,Success,Purchase,Kandy,LKR,False
TXN-20240126-0001339,WALL-0019429,MERCH-00084,PM-02,DEV-02,2024-01-26 17:35:04,23.65,0.0473,0.0,2,Success,Purchase,Pathein,MMK,False
TXN-20240126-0001340,WALL-0004083,MERCH-00064,PM-02,DEV-03,2024-01-26 17:52:22,17.83,0.0357,0.3566,1,Success,Purchase,Mandalay,MMK,False
TXN-20240126-0001341,WALL-0015916,MERCH-00425,PM-01,DEV-02,2024-01-26 16:49:30,28.39,0.0,0.0,2,Success,Payment,Hanoi,VND,False
TXN-20240126-0001342,WALL-0079544,MERCH-00327,PM-03,DEV-01,2024-01-26 18:02:59,66.51,0.532,0.0,6,Success,Bill Payment,Siem Reap,LKR,False
TXN-20240126-0001343,WALL-0082960,MERCH-00005,PM-02,DEV-01,2024-01-26 08:47:12,19.89,0.0398,0.3977,1,Success,Purchase,Karachi,THB,False
TXN-20240126-0001344,WALL-0029384,MERCH-00250,PM-01,DEV-01,2024-01-26 11:39:07,11.45,0.0,0.0,1,Success,Subscription,Bangalore,INR,False
TXN-20240126-0001345,WALL-0082913,MERCH-00360,PM-01,DEV-01,2024-01-26 21:00:59,86.36,0.0,0.0,8,Success,Bill Payment,Singapore,SGD,False
TXN-20240126-0001346,WALL-0103549,MERCH-00201,PM-04,DEV-01,2024-01-26 21:17:42,14.18,0.2837,0.0,1,Success,Purchase,Singapore,SGD,False
TXN-20240126-0001347,WALL-0070250,MERCH-00215,PM-02,DEV-01,2024-01-26 00:59:21,26.16,0.0523,0.0,2,Success,Purchase,Kolkata,INR,False
TXN-20240126-0001348,WALL-0101718,MERCH-00340,PM-01,DEV-03,2024-01-26 22:28:54,57.99,0.0,0.0,5,Success,Bill Payment,Kandy,LKR,False
TXN-20240126-0001349,WALL-0129138,MERCH-00230,PM-01,DEV-01,2024-01-26 06:03:54,7.32,0.0,0.0,0,Success,Purchase,Chittagong,BDT,False
TXN-20240126-0001350,WALL-0006736,MERCH-00422,PM-02,DEV-01,2024-01-26 20:36:39,33.12,0.0662,0.0,3,Success,Payment,Yangon,MMK,False
TXN-20240126-0001351,WALL-0011335,MERCH-00067,PM-02,DEV-01,2024-01-26 12:50:37,9.41,0.0188,0.1883,0,Success,Purchase,Chiang Mai,THB,False
TXN-20240126-0001352,WALL-0086392,MERCH-00007,PM-01,DEV-01,2024-01-26 20:21:59,34.46,0.0,0.6891,3,Success,Purchase,Chennai,INR,False
TXN-20240126-0001353,WALL-0030503,MERCH-00215,PM-01,DEV-01,2024-01-26 12:16:45,7.54,0.0,0.0,0,Pending,Purchase,Mandalay,MMK,False
TXN-20240126-0001354,WALL-0054703,MERCH-00118,PM-03,DEV-01,2024-01-26 00:45:34,207.2,1.6576,0.0,20,Success,Purchase,Delhi,MMK,False
TXN-20240126-0001355,WALL-0048884,MERCH-00282,PM-01,DEV-01,2024-01-26 14:51:38,491.79,0.0,0.0,0,Failed,Purchase,Yangon,MMK,False
TXN-20240126-0001356,WALL-0046235,MERCH-00055,PM-01,DEV-02,2024-01-26 09:05:09,8.3,0.0,0.1661,0,Success,Purchase,Taunggyi,MMK,False
TXN-20240126-0001357,WALL-0105711,MERCH-00418,PM-02,DEV-01,2024-01-26 07:20:45,57.1,0.1142,0.0,5,Success,Payment,Taunggyi,LKR,False
TXN-20240126-0001358,WALL-0128542,MERCH-00210,PM-02,DEV-01,2024-01-26 15:04:40,5.57,0.0111,0.0,0,Success,Purchase,Myitkyina,MMK,False
TXN-20240126-0001359,WALL-0106927,MERCH-00284,PM-02,DEV-01,2024-01-26 20:20:18,623.64,1.2473,49.8915,124,Success,Purchase,Ho Chi Minh City,MMK,False
TXN-20240126-0001360,WALL-0001879,MERCH-00425,PM-02,DEV-01,2024-01-26 18:37:50,116.23,0.2325,0.0,11,Success,Payment,Lahore,PKR,False
TXN-20240126-0001361,WALL-0100050,MERCH-00195,PM-05,DEV-01,2024-01-26 04:45:15,10.6,0.0,0.0,1,Success,Purchase,Hyderabad,INR,False
TXN-20240126-0001362,WALL-0106973,MERCH-00265,PM-03,DEV-01,2024-01-26 20:12:54,15.28,0.1222,0.0,1,Success,Subscription,Delhi,INR,False
TXN-20240126-0001363,WALL-0066335,MERCH-00015,PM-03,DEV-01,2024-01-26 19:32:55,11.88,0.0951,0.2377,1,Success,Purchase,Mandalay,MMK,False
TXN-20240126-0001364,WALL-0035474,MERCH-00078,PM-01,DEV-01,2024-01-26 21:37:51,6.82,0.0,0.1365,0,Success,Purchase,Medan,IDR,False
TXN-20240126-0001365,WALL-0046419,MERCH-00173,PM-01,DEV-01,2024-01-26 20:36:40,165.99,0.0,8.2995,16,Success,Purchase,Mandalay,MMK,False
TXN-20240126-0001366,WALL-0032106,MERCH-00236,PM-04,DEV-01,2024-01-26 03:08:30,8.7,0.174,0.0,0,Success,Subscription,Quezon City,PHP,False
TXN-20240126-0001367,WALL-0014991,MERCH-00155,PM-02,DEV-01,2024-01-26 19:15:10,268.42,0.5368,13.4212,26,Success,Purchase,Mawlamyine,MMK,False
TXN-20240126-0001368,WALL-0004099,MERCH-00246,PM-01,DEV-01,2024-01-26 12:33:57,9.75,0.0,0.0,0,Success,Subscription,Delhi,INR,False
TXN-20240126-0001369,WALL-0061659,MERCH-00035,PM-05,DEV-01,2024-01-26 07:31:07,40.66,0.0,0.8133,4,Success,Purchase,Taunggyi,MMK,False
TXN-20240126-0001370,WALL-0048122,MERCH-00012,PM-04,DEV-01,2024-01-26 16:18:33,15.82,0.3164,0.3164,1,Success,Purchase,Surabaya,IDR,False
TXN-20240126-0001371,WALL-0124760,MERCH-00276,PM-04,DEV-01,2024-01-26 05:39:24,279.82,5.5964,22.3855,55,Success,Purchase,Mawlamyine,MMK,False
TXN-20240126-0001372,WALL-0045232,MERCH-00171,PM-03,DEV-03,2024-01-26 23:48:21,33.52,0.2682,1.6761,3,Success,Purchase,Taunggyi,MMK,False
TXN-20240126-0001373,WALL-0049848,MERCH-00020,PM-04,DEV-02,2024-01-26 22:56:53,6.27,0.1253,0.1253,0,Success,Purchase,Myitkyina,MMK,False
TXN-20240126-0001374,WALL-0087971,MERCH-00319,PM-01,DEV-01,2024-01-26 15:19:03,299.24,0.0,0.0,29,Success,Bill Payment,Mawlamyine,MMK,False
TXN-20240126-0001375,WALL-0052032,MERCH-00158,PM-02,DEV-02,2024-01-26 06:40:42,45.84,0.0917,2.2918,4,Success,Purchase,Jakarta,IDR,False
TXN-20240126-0001376,WALL-0047939,MERCH-00041,PM-02,DEV-02,2024-01-26 16:44:37,23.2,0.0464,0.4639,2,Success,Purchase,Naypyidaw,MMK,False
TXN-20240126-0001377,WALL-0133886,MERCH-00154,PM-02,DEV-02,2024-01-26 03:24:56,34.9,0.0698,1.745,3,Success,Purchase,Mandalay,MMK,False
TXN-20240126-0001378,WALL-0026771,MERCH-00262,PM-03,DEV-03,2024-01-26 14:14:14,8.26,0.0661,0.0,0,Success,Subscription,Dhaka,BDT,False
TXN-20240126-0001379,WALL-0085722,MERCH-00457,PM-02,DEV-01,2024-01-26 01:39:12,220.43,0.4409,0.0,22,Success,Payment,Hanoi,VND,False
TXN-20240126-0001380,WALL-0099161,MERCH-00445,PM-01,DEV-01,2024-01-26 02:23:57,95.66,0.0,0.0,9,Success,Tax Payment,Pathein,MMK,False
TXN-20240126-0001381,WALL-0112196,MERCH-00378,PM-01,DEV-01,2024-01-26 15:49:01,40.07,0.0,0.0,4,Success,Purchase,Surabaya,IDR,False
TXN-20240126-0001382,WALL-0080307,MERCH-00164,PM-02,DEV-03,2024-01-26 15:04:50,141.96,0.2839,7.0978,14,Success,Purchase,Naypyidaw,MMK,False
TXN-20240126-0001383,WALL-0052973,MERCH-00127,PM-01,DEV-02,2024-01-26 11:40:04,82.6,0.0,0.0,8,Success,Purchase,Pokhara,NPR,False
TXN-20240126-0001384,WALL-0011377,MERCH-00088,PM-02,DEV-04,2024-01-26 18:11:18,47.9,0.0958,0.0,4,Success,Purchase,Bago,MMK,False
TXN-20240126-0001385,WALL-0103044,MERCH-00208,PM-01,DEV-02,2024-01-26 06:20:21,9.16,0.0,0.0,0,Success,Purchase,Karachi,PKR,False
TXN-20240126-0001386,WALL-0020051,MERCH-00492,PM-02,DEV-01,2024-01-26 08:56:25,227.18,0.4544,0.0,22,Success,Payment,Kolkata,INR,False
TXN-20240126-0001387,WALL-0051624,MERCH-00008,PM-02,DEV-03,2024-01-26 01:57:53,20.15,0.0403,0.4029,2,Success,Purchase,Medan,IDR,False
TXN-20240126-0001388,WALL-0074034,MERCH-00351,PM-01,DEV-01,2024-01-26 16:30:49,62.08,0.0,0.0,6,Success,Bill Payment,Bandung,IDR,False
TXN-20240126-0001389,WALL-0112365,MERCH-00018,PM-02,DEV-03,2024-01-26 12:32:16,8.18,0.0164,0.1635,0,Success,Purchase,Ahmedabad,INR,False
TXN-20240126-0001390,WALL-0017124,MERCH-00115,PM-03,DEV-03,2024-01-26 07:49:53,29.74,0.2379,0.0,2,Success,Purchase,Chennai,INR,False
TXN-20240126-0001391,WALL-0099312,MERCH-00078,PM-01,DEV-03,2024-01-26 21:12:52,20.3,0.0,0.4061,2,Success,Purchase,Bali,IDR,False
TXN-20240126-0001392,WALL-0054690,MERCH-00140,PM-02,DEV-02,2024-01-26 13:04:58,69.8,0.1396,3.4902,6,Success,Purchase,Lahore,PKR,False
TXN-20240126-0001393,WALL-0050227,MERCH-00146,PM-03,DEV-02,2024-01-26 17:55:45,58.08,0.4646,2.904,5,Success,Purchase,Johor Bahru,MYR,False
TXN-20240126-0001394,WALL-0100423,MERCH-00021,PM-01,DEV-03,2024-01-26 19:14:05,5.0,0.0,0.1,0,Success,Purchase,Karachi,PKR,False
TXN-20240126-0001395,WALL-0018872,MERCH-00269,PM-05,DEV-05,2024-01-26 20:21:27,13.13,0.0,0.0,1,Success,Subscription,Myitkyina,MMK,False
TXN-20240126-0001396,WALL-0000624,MERCH-00236,PM-01,DEV-01,2024-01-26 18:28:16,8.22,0.0,0.0,0,Success,Subscription,Taunggyi,MMK,False
TXN-20240126-0001397,WALL-0018416,MERCH-00337,PM-01,DEV-02,2024-01-26 17:54:23,28.62,0.0,0.0,2,Success,Bill Payment,Taunggyi,MMK,False
TXN-20240126-0001398,WALL-0039513,MERCH-00122,PM-01,DEV-04,2024-01-26 14:57:42,156.65,0.0,0.0,15,Success,Purchase,Lahore,PKR,False
TXN-20240126-0001399,WALL-0005299,MERCH-00243,PM-05,DEV-01,2024-01-26 20:47:03,12.71,0.0,0.0,1,Success,Subscription,Taunggyi,MMK,False
TXN-20240126-0001400,WALL-0096231,MERCH-00350,PM-01,DEV-01,2024-01-26 14:57:39,52.45,0.0,0.0,5,Success,Bill Payment,Mawlamyine,MMK,False
TXN-20240126-0001401,WALL-0022569,MERCH-00346,PM-03,DEV-01,2024-01-26 13:58:25,52.44,0.4195,0.0,5,Success,Bill Payment,Jakarta,INR,False
TXN-20240126-0001402,WALL-0146491,MERCH-00399,PM-02,DEV-05,2024-01-26 17:41:24,87.39,0.1748,0.0,8,Success,Purchase,Da Nang,VND,False
TXN-20240126-0001403,WALL-0064970,MERCH-00044,PM-02,DEV-05,2024-01-26 19:29:30,13.2,0.0264,0.2641,1,Success,Purchase,Dhaka,BDT,False
TXN-20240126-0001404,WALL-0127810,MERCH-00205,PM-02,DEV-01,2024-01-26 18:59:54,11.75,0.0235,0.0,1,Success,Purchase,Myitkyina,MMK,False
TXN-20240126-0001405,WALL-0062937,MERCH-00259,PM-03,DEV-01,2024-01-26 08:04:23,20.41,0.1632,0.0,0,Pending,Subscription,Quezon City,MMK,False
TXN-20240126-0001406,WALL-0130413,MERCH-00370,PM-01,DEV-01,2024-01-26 12:21:04,13.03,0.0,0.0,1,Success,Bill Payment,Dhaka,BDT,False
TXN-20240126-0001407,WALL-0124139,MERCH-00254,PM-01,DEV-02,2024-01-26 18:33:25,34.79,0.0,0.0,3,Success,Subscription,Dhaka,BDT,False
TXN-20240126-0001408,WALL-0130987,MERCH-00072,PM-01,DEV-01,2024-01-26 03:32:19,25.8,0.0,0.516,2,Success,Purchase,Islamabad,MYR,True
TXN-20240126-0001409,WALL-0098892,MERCH-00450,PM-05,DEV-02,2024-01-26 18:03:08,519.78,0.0,0.0,51,Success,Tax Payment,Mandalay,MMK,False
TXN-20240126-0001410,WALL-0120252,MERCH-00019,PM-03,DEV-01,2024-01-26 12:27:17,21.49,0.1719,0.4298,2,Success,Purchase,Khon Kaen,THB,False
TXN-20240126-0001411,WALL-0041945,MERCH-00431,PM-01,DEV-01,2024-01-26 09:39:59,183.67,0.0,0.0,18,Success,Tax Payment,Myitkyina,MMK,False
TXN-20240126-0001412,WALL-0061676,MERCH-00183,PM-01,DEV-01,2024-01-26 06:22:27,110.1,0.0,5.5052,11,Success,Purchase,Johor Bahru,MYR,False
TXN-20240126-0001413,WALL-0147473,MERCH-00325,PM-05,DEV-05,2024-01-26 18:02:00,63.98,0.0,0.0,6,Success,Bill Payment,Kuala Lumpur,MYR,False
TXN-20240126-0001414,WALL-0034696,MERCH-00223,PM-03,DEV-02,2024-01-26 12:05:46,18.21,0.1457,0.0,1,Success,Purchase,Myitkyina,MMK,False
TXN-20240126-0001415,WALL-0085959,MERCH-00428,PM-03,DEV-03,2024-01-26 16:22:27,199.7,1.5976,0.0,19,Success,Payment,Myitkyina,INR,False
TXN-20240126-0001416,WALL-0059943,MERCH-00007,PM-04,DEV-01,2024-01-26 15:47:12,7.44,0.1488,0.1488,0,Success,Purchase,Mawlamyine,MMK,False
TXN-20240126-0001417,WALL-0119568,MERCH-00367,PM-01,DEV-01,2024-01-26 18:26:17,45.08,0.0,0.0,4,Success,Bill Payment,Dhaka,BDT,False
TXN-20240126-0001418,WALL-0020237,MERCH-00297,PM-03,DEV-05,2024-01-26 12:11:49,100.0,0.8,8.0,20,Success,Purchase,Mawlamyine,MMK,False
TXN-20240126-0001419,WALL-0105299,MERCH-00201,PM-05,DEV-01,2024-01-26 07:34:19,5.0,0.0,0.0,0,Success,Purchase,Ho Chi Minh City,VND,False
TXN-20240126-0001420,WALL-0089533,MERCH-00341,PM-04,DEV-02,2024-01-26 14:41:41,39.74,0.7948,0.0,3,Success,Bill Payment,Lahore,PKR,False
TXN-20240126-0001421,WALL-0027971,MERCH-00415,PM-01,DEV-02,2024-01-26 12:14:50,176.44,0.0,0.0,17,Success,Payment,Karachi,PKR,False
TXN-20240126-0001422,WALL-0138098,MERCH-00319,PM-01,DEV-04,2024-01-26 21:04:37,255.88,0.0,0.0,25,Success,Bill Payment,Pathein,MMK,False
TXN-20240126-0001423,WALL-0019150,MERCH-00084,PM-03,DEV-01,2024-01-26 16:29:07,93.43,0.7474,0.0,9,Success,Purchase,Phuket,THB,False
TXN-20240126-0001424,WALL-0057286,MERCH-00100,PM-02,DEV-02,2024-01-26 13:59:44,77.24,0.1545,0.0,7,Success,Purchase,Chittagong,MMK,False
TXN-20240126-0001425,WALL-0081438,MERCH-00078,PM-01,DEV-01,2024-01-26 17:17:03,24.74,0.0,0.0,0,Reversed,Purchase,Kathmandu,NPR,False
TXN-20240126-0001426,WALL-0055086,MERCH-00123,PM-04,DEV-02,2024-01-26 17:31:20,25.58,0.5116,0.0,2,Success,Purchase,Da Nang,VND,False
TXN-20240126-0001427,WALL-0137349,MERCH-00047,PM-01,DEV-01,2024-01-26 16:07:03,27.24,0.0,0.5448,2,Success,Purchase,Islamabad,PKR,False
TXN-20240126-0001428,WALL-0116513,MERCH-00036,PM-04,DEV-02,2024-01-26 14:18:22,24.98,0.4996,0.4996,2,Success,Purchase,Jakarta,LKR,False
TXN-20240126-0001429,WALL-0076281,MERCH-00463,PM-01,DEV-01,2024-01-26 07:09:51,132.48,0.0,0.0,13,Success,Payment,Bago,MMK,False
TXN-20240126-0001430,WALL-0102204,MERCH-00037,PM-03,DEV-02,2024-01-26 06:37:26,40.95,0.3276,0.8191,4,Success,Purchase,Chittagong,MMK,False
TXN-20240126-0001431,WALL-0103917,MERCH-00290,PM-01,DEV-02,2024-01-26 16:23:54,2008.39,0.0,160.671,401,Success,Purchase,Penang,MYR,False
TXN-20240126-0001432,WALL-0131648,MERCH-00328,PM-01,DEV-01,2024-01-26 15:34:04,78.82,0.0,0.0,0,Reversed,Bill Payment,Siem Reap,MMK,False
TXN-20240126-0001433,WALL-0115410,MERCH-00155,PM-01,DEV-01,2024-01-26 11:40:30,131.58,0.0,6.5788,13,Success,Purchase,Taunggyi,MMK,False
TXN-20240126-0001434,WALL-0089738,MERCH-00288,PM-05,DEV-02,2024-01-26 17:15:07,499.7,0.0,0.0,0,Pending,Purchase,Mumbai,INR,False
TXN-20240126-0001435,WALL-0089593,MERCH-00449,PM-01,DEV-01,2024-01-26 14:47:03,333.37,0.0,0.0,33,Success,Tax Payment,Bali,IDR,False
TXN-20240126-0001436,WALL-0074103,MERCH-00061,PM-03,DEV-02,2024-01-26 15:31:51,18.62,0.149,0.3724,1,Success,Purchase,Mandalay,MMK,False
TXN-20240126-0001437,WALL-0145783,MERCH-00268,PM-01,DEV-01,2024-01-26 17:54:27,6.21,0.0,0.0,0,Success,Subscription,Yangon,MMK,False
TXN-20240126-0001438,WALL-0111417,MERCH-00422,PM-04,DEV-01,2024-01-26 22:57:24,71.41,1.4281,0.0,7,Success,Payment,Bago,MMK,False
TXN-20240126-0001439,WALL-0027995,MERCH-00365,PM-03,DEV-01,2024-01-26 19:38:13,53.9,0.4312,0.0,5,Success,Bill Payment,Johor Bahru,MYR,False
TXN-20240126-0001440,WALL-0079781,MERCH-00433,PM-01,DEV-01,2024-01-26 13:50:50,100.31,0.0,0.0,10,Success,Tax Payment,Bandung,LKR,False
TXN-20240126-0001441,WALL-0063262,MERCH-00350,PM-01,DEV-04,2024-01-26 19:20:01,26.37,0.0,0.0,2,Success,Bill Payment,Kolkata,MMK,False
TXN-20240126-0001442,WALL-0127144,MERCH-00231,PM-02,DEV-01,2024-01-26 10:03:26,26.64,0.0533,0.0,2,Success,Subscription,Colombo,LKR,False
TXN-20240126-0001443,WALL-0131258,MERCH-00449,PM-01,DEV-01,2024-01-26 18:49:03,300.29,0.0,0.0,30,Success,Tax Payment,Naypyidaw,MMK,False
TXN-20240126-0001444,WALL-0105730,MERCH-00019,PM-01,DEV-05,2024-01-26 15:19:33,8.85,0.0,0.0,0,Pending,Purchase,Chittagong,BDT,False
TXN-20240126-0001445,WALL-0025871,MERCH-00167,PM-01,DEV-01,2024-01-26 14:12:28,39.11,0.0,1.9553,3,Success,Purchase,Quezon City,PHP,False
TXN-20240126-0001446,WALL-0112789,MERCH-00211,PM-02,DEV-01,2024-01-26 12:45:48,9.91,0.0198,0.0,0,Success,Purchase,Penang,MYR,False
TXN-20240126-0001447,WALL-0116459,MERCH-00397,PM-03,DEV-02,2024-01-26 20:17:57,41.15,0.3292,0.0,4,Success,Purchase,Mawlamyine,MMK,False
TXN-20240126-0001448,WALL-0099076,MERCH-00184,PM-04,DEV-01,2024-01-26 06:51:21,285.05,5.7009,14.2523,28,Success,Purchase,Chennai,INR,False
TXN-20240126-0001449,WALL-0094341,MERCH-00388,PM-01,DEV-01,2024-01-26 19:14:16,39.84,0.0,0.0,3,Success,Purchase,Khon Kaen,THB,False
TXN-20240126-0001450,WALL-0132558,MERCH-00061,PM-02,DEV-01,2024-01-26 12:03:30,33.99,0.068,0.6798,3,Success,Purchase,Kolkata,MMK,False
TXN-20240126-0001451,WALL-0085202,MERCH-00072,PM-04,DEV-01,2024-01-26 17:01:35,17.03,0.3406,0.3406,1,Success,Purchase,Taunggyi,MMK,False
TXN-20240126-0001452,WALL-0122821,MERCH-00167,PM-02,DEV-01,2024-01-26 18:36:09,262.52,0.525,0.0,0,Failed,Purchase,Pokhara,NPR,False
TXN-20240126-0001453,WALL-0135945,MERCH-00084,PM-01,DEV-02,2024-01-26 01:35:24,239.44,0.0,0.0,23,Success,Purchase,Phnom Penh,MMK,False
TXN-20240126-0001454,WALL-0093471,MERCH-00051,PM-04,DEV-02,2024-01-26 19:12:27,12.71,0.2542,0.0,0,Failed,Purchase,Pathein,MMK,False
TXN-20240126-0001455,WALL-0053528,MERCH-00097,PM-02,DEV-01,2024-01-26 14:26:17,235.41,0.4708,0.0,23,Success,Purchase,Siem Reap,KHR,False
TXN-20240126-0001456,WALL-0029191,MERCH-00059,PM-01,DEV-02,2024-01-26 19:12:50,10.02,0.0,0.2004,1,Success,Purchase,Kandy,LKR,False
TXN-20240126-0001457,WALL-0079103,MERCH-00440,PM-01,DEV-01,2024-01-26 17:24:17,310.62,0.0,0.0,31,Success,Tax Payment,Pathein,MMK,False
TXN-20240126-0001458,WALL-0002733,MERCH-00011,PM-01,DEV-01,2024-01-26 14:52:23,21.63,0.0,0.4326,2,Success,Purchase,Mawlamyine,MMK,False
TXN-20240126-0001459,WALL-0052169,MERCH-00023,PM-04,DEV-01,2024-01-26 16:33:00,32.06,0.6411,0.6411,3,Success,Purchase,Kolkata,INR,False
TXN-20240126-0001460,WALL-0104229,MERCH-00248,PM-04,DEV-02,2024-01-26 13:45:17,20.54,0.4108,0.0,2,Success,Subscription,Jakarta,IDR,False
TXN-20240126-0001461,WALL-0077789,MERCH-00298,PM-04,DEV-02,2024-01-26 15:07:56,394.85,7.897,31.5881,78,Success,Purchase,Bangalore,INR,False
TXN-20240126-0001462,WALL-0058818,MERCH-00079,PM-01,DEV-01,2024-01-26 09:24:27,11.11,0.0,0.2222,1,Success,Purchase,Khon Kaen,THB,False
TXN-20240126-0001463,WALL-0032618,MERCH-00027,PM-01,DEV-04,2024-01-26 13:05:08,7.36,0.0,0.1471,0,Success,Purchase,Pathein,MMK,False
TXN-20240126-0001464,WALL-0091131,MERCH-00450,PM-01,DEV-01,2024-01-26 21:27:23,94.56,0.0,0.0,9,Success,Tax Payment,Pokhara,NPR,False
TXN-20240126-0001465,WALL-0047542,MERCH-00152,PM-05,DEV-01,2024-01-26 06:14:19,37.99,0.0,1.8994,3,Success,Purchase,Naypyidaw,MMK,False
TXN-20240126-0001466,WALL-0087240,MERCH-00423,PM-02,DEV-01,2024-01-26 16:30:43,50.15,0.1003,0.0,5,Success,Payment,Taunggyi,MMK,False
TXN-20240126-0001467,WALL-0077034,MERCH-00478,PM-01,DEV-01,2024-01-26 11:02:46,82.85,0.0,0.0,8,Success,Payment,Mandalay,MMK,False
TXN-20240126-0001468,WALL-0061870,MERCH-00108,PM-04,DEV-01,2024-01-26 18:33:54,42.57,0.8513,0.0,4,Success,Purchase,Khon Kaen,THB,False
TXN-20240126-0001469,WALL-0112543,MERCH-00236,PM-01,DEV-01,2024-01-26 19:08:35,39.88,0.0,0.0,3,Success,Subscription,Phuket,THB,False
TXN-20240126-0001470,WALL-0109513,MERCH-00200,PM-03,DEV-01,2024-01-26 10:49:47,8.25,0.066,0.0,0,Success,Purchase,Taunggyi,MMK,False
TXN-20240126-0001471,WALL-0024084,MERCH-00223,PM-03,DEV-01,2024-01-26 21:01:59,8.2,0.0656,0.0,0,Failed,Purchase,Yangon,MMK,False
TXN-20240126-0001472,WALL-0038038,MERCH-00242,PM-01,DEV-05,2024-01-26 17:18:57,20.96,0.0,0.0,2,Success,Subscription,Chennai,INR,False
TXN-20240126-0001473,WALL-0067676,MERCH-00122,PM-03,DEV-01,2024-01-26 21:40:49,147.81,1.1825,0.0,14,Success,Purchase,Pattaya,THB,False
TXN-20240126-0001474,WALL-0100784,MERCH-00079,PM-04,DEV-02,2024-01-26 18:08:07,38.98,0.7796,0.7796,3,Success,Purchase,Myitkyina,MMK,False
TXN-20240126-0001475,WALL-0026960,MERCH-00227,PM-01,DEV-01,2024-01-26 04:23:45,9.5,0.0,0.0,0,Success,Purchase,Pathein,MMK,False
TXN-20240126-0001476,WALL-0098208,MERCH-00383,PM-05,DEV-01,2024-01-26 13:01:45,30.28,0.0,0.0,3,Success,Purchase,Kandy,LKR,False
TXN-20240126-0001477,WALL-0019778,MERCH-00370,PM-01,DEV-01,2024-01-26 14:47:38,32.98,0.0,0.0,3,Success,Bill Payment,Myitkyina,MMK,False
TXN-20240126-0001478,WALL-0082148,MERCH-00237,PM-04,DEV-01,2024-01-26 19:37:06,9.14,0.1828,0.0,0,Success,Subscription,Surabaya,IDR,False
TXN-20240126-0001479,WALL-0140398,MERCH-00183,PM-01,DEV-05,2024-01-26 18:18:02,50.81,0.0,2.5404,5,Success,Purchase,Bali,IDR,False
TXN-20240126-0001480,WALL-0143468,MERCH-00143,PM-02,DEV-02,2024-01-26 15:58:41,401.99,0.804,20.0993,40,Success,Purchase,Pathein,MMK,False
TXN-20240126-0001481,WALL-0142025,MERCH-00193,PM-03,DEV-01,2024-01-26 05:32:48,13.88,0.111,0.0,1,Success,Purchase,Johor Bahru,MYR,False
TXN-20240126-0001482,WALL-0080600,MERCH-00321,PM-02,DEV-03,2024-01-26 11:10:04,139.78,0.2796,0.0,13,Success,Bill Payment,Phuket,THB,False
TXN-20240126-0001483,WALL-0020814,MERCH-00022,PM-05,DEV-01,2024-01-26 06:36:20,14.13,0.0,0.2825,1,Success,Purchase,Johor Bahru,MYR,False
TXN-20240126-0001484,WALL-0145757,MERCH-00043,PM-02,DEV-01,2024-01-26 12:49:23,39.53,0.0791,0.7906,3,Success,Purchase,Karachi,MMK,False
TXN-20240126-0001485,WALL-0121052,MERCH-00010,PM-01,DEV-02,2024-01-26 12:45:36,21.5,0.0,0.43,2,Success,Purchase,Pune,INR,False
TXN-20240126-0001486,WALL-0025619,MERCH-00301,PM-03,DEV-01,2024-01-26 19:29:28,3726.83,29.8147,298.1468,745,Success,Purchase,Bali,IDR,False
TXN-20240126-0001487,WALL-0057572,MERCH-00384,PM-01,DEV-02,2024-01-26 10:35:26,29.04,0.0,0.0,2,Success,Purchase,Naypyidaw,MMK,False
TXN-20240126-0001488,WALL-0099175,MERCH-00155,PM-05,DEV-03,2024-01-26 14:52:46,34.1,0.0,1.705,3,Success,Purchase,Kandy,LKR,False
TXN-20240126-0001489,WALL-0052496,MERCH-00343,PM-03,DEV-01,2024-01-26 14:50:17,43.55,0.3484,0.0,4,Success,Bill Payment,Myitkyina,MMK,False
TXN-20240126-0001490,WALL-0039093,MERCH-00224,PM-01,DEV-02,2024-01-26 15:36:47,8.4,0.0,0.0,0,Success,Purchase,Mawlamyine,MMK,False
TXN-20240126-0001491,WALL-0142023,MERCH-00174,PM-01,DEV-01,2024-01-26 05:41:28,82.56,0.0,4.1279,8,Success,Purchase,Chiang Mai,THB,False
TXN-20240126-0001492,WALL-0097288,MERCH-00177,PM-04,DEV-02,2024-01-26 13:46:37,38.13,0.7625,1.9063,3,Success,Purchase,Mawlamyine,MMK,False
TXN-20240126-0001493,WALL-0076221,MERCH-00035,PM-01,DEV-01,2024-01-26 11:01:35,18.84,0.0,0.3768,1,Success,Purchase,Ho Chi Minh City,VND,False
TXN-20240126-0001494,WALL-0054966,MERCH-00282,PM-02,DEV-01,2024-01-26 16:09:41,733.42,1.4668,58.6736,146,Success,Purchase,Mawlamyine,MMK,False
TXN-20240126-0001495,WALL-0110624,MERCH-00300,PM-02,DEV-01,2024-01-26 17:40:38,133.76,0.2675,10.7011,26,Success,Purchase,Karachi,MMK,False
TXN-20240126-0001496,WALL-0067987,MERCH-00354,PM-01,DEV-01,2024-01-26 05:41:08,45.51,0.0,0.0,0,Failed,Bill Payment,Myitkyina,MMK,False
TXN-20240126-0001497,WALL-0020922,MERCH-00043,PM-03,DEV-02,2024-01-26 14:56:12,50.34,0.4027,1.0068,5,Success,Purchase,Manila,PHP,False
TXN-20240126-0001498,WALL-0068516,MERCH-00337,PM-01,DEV-01,2024-01-26 18:16:33,34.91,0.0,0.0,3,Success,Bill Payment,Phuket,PKR,False
TXN-20240126-0001499,WALL-0000430,MERCH-00320,PM-02,DEV-04,2024-01-26 09:44:06,75.14,0.1503,0.0,7,Success,Bill Payment,Chennai,INR,False
TXN-20240126-0001500,WALL-0058252,MERCH-00388,PM-01,DEV-04,2024-01-26 15:35:48,60.81,0.0,0.0,6,Success,Purchase,Bali,IDR,False
TXN-20240126-0001501,WALL-0142002,MERCH-00184,PM-03,DEV-01,2024-01-26 16:15:59,157.78,1.2623,7.8891,15,Success,Purchase,Yangon,MMK,False
TXN-20240126-0001502,WALL-0067707,MERCH-00442,PM-05,DEV-01,2024-01-26 07:29:46,260.4,0.0,0.0,26,Success,Tax Payment,Phnom Penh,KHR,False
TXN-20240126-0001503,WALL-0133526,MERCH-00458,PM-01,DEV-01,2024-01-26 16:55:41,177.56,0.0,0.0,17,Success,Payment,Yangon,MMK,False
TXN-20240126-0001504,WALL-0149207,MERCH-00419,PM-01,DEV-01,2024-01-26 08:36:43,153.34,0.0,0.0,15,Success,Payment,Pune,INR,False
TXN-20240126-0001505,WALL-0042535,MERCH-00276,PM-04,DEV-03,2024-01-26 14:12:27,1024.57,20.4914,81.9657,204,Success,Purchase,Cebu City,PKR,False
TXN-20240126-0001506,WALL-0017422,MERCH-00373,PM-01,DEV-03,2024-01-26 10:44:43,43.74,0.0,0.0,4,Success,Purchase,Mawlamyine,MMK,False
TXN-20240126-0001507,WALL-0013524,MERCH-00377,PM-04,DEV-01,2024-01-26 08:21:51,51.71,1.0343,0.0,5,Success,Purchase,Ho Chi Minh City,VND,False
TXN-20240126-0001508,WALL-0062235,MERCH-00172,PM-01,DEV-05,2024-01-26 09:29:53,83.32,0.0,4.1662,8,Success,Purchase,Penang,MYR,False
TXN-20240126-0001509,WALL-0050865,MERCH-00103,PM-03,DEV-01,2024-01-26 21:51:23,36.11,0.2889,0.0,3,Success,Purchase,Yangon,MMK,False
TXN-20240126-0001510,WALL-0083039,MERCH-00091,PM-02,DEV-02,2024-01-26 15:51:53,102.78,0.2056,0.0,10,Success,Purchase,Phnom Penh,THB,False
TXN-20240126-0001511,WALL-0062467,MERCH-00001,PM-02,DEV-01,2024-01-26 16:08:25,15.83,0.0317,0.3166,1,Success,Purchase,Kandy,PKR,False
TXN-20240126-0001512,WALL-0101031,MERCH-00179,PM-04,DEV-01,2024-01-26 12:13:26,61.48,1.2295,3.0738,6,Success,Purchase,Lahore,PKR,False
TXN-20240126-0001513,WALL-0022623,MERCH-00366,PM-02,DEV-02,2024-01-26 12:57:16,80.81,0.1616,0.0,0,Reversed,Bill Payment,Pokhara,NPR,False
TXN-20240126-0001514,WALL-0012963,MERCH-00101,PM-02,DEV-05,2024-01-26 16:25:20,45.6,0.0912,0.0,4,Success,Purchase,Quezon City,PHP,False
TXN-20240126-0001515,WALL-0077704,MERCH-00328,PM-05,DEV-03,2024-01-26 17:38:32,246.74,0.0,0.0,24,Success,Bill Payment,Singapore,SGD,False
TXN-20240126-0001516,WALL-0061795,MERCH-00085,PM-04,DEV-01,2024-01-26 19:44:52,66.39,1.3277,0.0,6,Success,Purchase,Yangon,MMK,False
TXN-20240126-0001517,WALL-0009956,MERCH-00438,PM-01,DEV-03,2024-01-26 19:58:26,335.17,0.0,0.0,33,Success,Tax Payment,Chittagong,BDT,False
TXN-20240126-0001518,WALL-0082446,MERCH-00409,PM-01,DEV-03,2024-01-26 05:37:49,20.0,0.0,0.0,2,Success,Payment,Surabaya,IDR,False
TXN-20240126-0001519,WALL-0134654,MERCH-00042,PM-02,DEV-01,2024-01-26 12:24:44,25.4,0.0508,0.508,2,Success,Purchase,Yangon,MMK,False
TXN-20240126-0001520,WALL-0050339,MERCH-00128,PM-02,DEV-01,2024-01-26 21:13:28,54.93,0.1099,0.0,0,Failed,Purchase,Chittagong,BDT,False
TXN-20240126-0001521,WALL-0123214,MERCH-00276,PM-02,DEV-03,2024-01-26 11:21:31,183.37,0.3667,14.6694,36,Success,Purchase,Mumbai,MYR,False
TXN-20240126-0001522,WALL-0059035,MERCH-00345,PM-01,DEV-01,2024-01-26 16:01:06,46.11,0.0,0.0,4,Success,Bill Payment,Surabaya,IDR,False
TXN-20240126-0001523,WALL-0114944,MERCH-00134,PM-03,DEV-01,2024-01-26 20:53:49,332.55,2.6604,16.6276,33,Success,Purchase,Bago,MMK,False
TXN-20240126-0001524,WALL-0146961,MERCH-00062,PM-01,DEV-01,2024-01-26 09:50:41,15.9,0.0,0.3179,1,Success,Purchase,Taunggyi,MMK,False
TXN-20240126-0001525,WALL-0017765,MERCH-00048,PM-04,DEV-01,2024-01-26 11:49:05,43.96,0.8792,0.8792,4,Success,Purchase,Bangkok,INR,False
TXN-20240126-0001526,WALL-0018033,MERCH-00052,PM-02,DEV-03,2024-01-26 17:55:03,11.39,0.0228,0.2278,1,Success,Purchase,Bago,MMK,False
TXN-20240126-0001527,WALL-0149353,MERCH-00082,PM-03,DEV-01,2024-01-26 11:44:46,18.43,0.1474,0.0,1,Success,Purchase,Bandung,NPR,False
TXN-20240126-0001528,WALL-0096643,MERCH-00250,PM-03,DEV-05,2024-01-26 21:56:50,55.67,0.4454,0.0,5,Success,Subscription,Mandalay,IDR,False
TXN-20240126-0001529,WALL-0108110,MERCH-00341,PM-04,DEV-01,2024-01-26 15:13:57,32.39,0.6477,0.0,0,Reversed,Bill Payment,Surabaya,NPR,False
TXN-20240126-0001530,WALL-0076097,MERCH-00243,PM-01,DEV-01,2024-01-26 17:30:17,20.66,0.0,0.0,2,Success,Subscription,Dhaka,BDT,False
TXN-20240126-0001531,WALL-0017052,MERCH-00214,PM-01,DEV-01,2024-01-26 06:07:54,6.51,0.0,0.0,0,Success,Purchase,Kathmandu,MMK,False
TXN-20240126-0001532,WALL-0035673,MERCH-00355,PM-02,DEV-05,2024-01-26 21:37:54,20.15,0.0403,0.0,2,Success,Bill Payment,Bago,MMK,False
TXN-20240126-0001533,WALL-0040213,MERCH-00099,PM-01,DEV-03,2024-01-26 03:57:57,45.7,0.0,0.0,4,Success,Purchase,Islamabad,PKR,False
TXN-20240126-0001534,WALL-0016718,MERCH-00210,PM-01,DEV-02,2024-01-26 07:54:07,6.72,0.0,0.0,0,Success,Purchase,Pathein,MMK,False
TXN-20240126-0001535,WALL-0080043,MERCH-00270,PM-03,DEV-01,2024-01-26 21:46:52,10.76,0.0861,0.0,1,Success,Subscription,Phuket,THB,False
TXN-20240126-0001536,WALL-0118682,MERCH-00028,PM-01,DEV-02,2024-01-26 14:49:31,12.4,0.0,0.2481,1,Success,Purchase,Kandy,LKR,False
TXN-20240126-0001537,WALL-0027775,MERCH-00036,PM-05,DEV-04,2024-01-26 17:58:14,34.23,0.0,0.6846,3,Success,Purchase,Bangalore,INR,False
TXN-20240126-0001538,WALL-0069587,MERCH-00023,PM-02,DEV-02,2024-01-26 15:35:48,10.95,0.0219,0.0,0,Failed,Purchase,Kathmandu,NPR,False
TXN-20240126-0001539,WALL-0084111,MERCH-00157,PM-05,DEV-02,2024-01-26 07:01:18,20.0,0.0,1.0,2,Success,Purchase,Pokhara,NPR,False
TXN-20240126-0001540,WALL-0070149,MERCH-00137,PM-03,DEV-01,2024-01-26 14:36:42,133.86,1.0709,6.6929,13,Success,Purchase,Mandalay,MMK,False
TXN-20240126-0001541,WALL-0108973,MERCH-00330,PM-04,DEV-03,2024-01-26 06:00:16,54.3,1.0861,0.0,5,Success,Bill Payment,Bandung,NPR,False
TXN-20240126-0001542,WALL-0136471,MERCH-00168,PM-01,DEV-01,2024-01-26 12:51:22,43.2,0.0,2.1602,4,Success,Purchase,Pathein,MMK,False
TXN-20240126-0001543,WALL-0027416,MERCH-00411,PM-02,DEV-03,2024-01-26 09:55:57,295.78,0.5916,0.0,29,Success,Payment,Mawlamyine,MMK,False
TXN-20240126-0001544,WALL-0052048,MERCH-00289,PM-02,DEV-01,2024-01-26 18:09:57,1391.58,2.7832,111.3265,278,Success,Purchase,Yangon,MMK,False
TXN-20240126-0001545,WALL-0002131,MERCH-00214,PM-03,DEV-03,2024-01-26 19:21:38,18.17,0.1454,0.0,1,Success,Purchase,Yangon,MMK,False
TXN-20240126-0001546,WALL-0119459,MERCH-00080,PM-02,DEV-02,2024-01-26 02:15:13,99.0,0.198,1.98,9,Success,Purchase,Jakarta,IDR,False
TXN-20240126-0001547,WALL-0091553,MERCH-00132,PM-01,DEV-03,2024-01-26 19:55:20,33.94,0.0,1.6972,3,Success,Purchase,Taunggyi,MMK,False
TXN-20240126-0001548,WALL-0087356,MERCH-00208,PM-01,DEV-01,2024-01-26 09:09:23,12.53,0.0,0.0,1,Success,Purchase,Pathein,MMK,False
TXN-20240126-0001549,WALL-0022622,MERCH-00088,PM-05,DEV-01,2024-01-26 20:28:43,82.45,0.0,0.0,8,Success,Purchase,Ho Chi Minh City,VND,False
TXN-20240126-0001550,WALL-0093269,MERCH-00036,PM-02,DEV-01,2024-01-26 16:15:14,8.81,0.0176,0.1761,0,Success,Purchase,Myitkyina,MMK,False
TXN-20240126-0001551,WALL-0013079,MERCH-00128,PM-04,DEV-01,2024-01-26 20:46:12,39.7,0.794,0.0,0,Failed,Purchase,Bali,IDR,False
TXN-20240126-0001552,WALL-0035330,MERCH-00058,PM-02,DEV-03,2024-01-26 16:45:49,33.74,0.0675,0.6747,3,Success,Purchase,Ahmedabad,INR,False
TXN-20240126-0001553,WALL-0041007,MERCH-00249,PM-03,DEV-02,2024-01-26 07:15:33,18.05,0.1444,0.0,1,Success,Subscription,Yangon,MMK,False
TXN-20240126-0001554,WALL-0044064,MERCH-00417,PM-01,DEV-01,2024-01-26 08:14:45,20.0,0.0,0.0,2,Success,Payment,Bandung,IDR,False
TXN-20240126-0001555,WALL-0099207,MERCH-00245,PM-01,DEV-04,2024-01-26 08:22:38,15.4,0.0,0.0,1,Success,Subscription,Taunggyi,MMK,False
TXN-20240126-0001556,WALL-0104764,MERCH-00164,PM-04,DEV-01,2024-01-26 13:03:23,117.68,2.3536,5.884,11,Success,Purchase,Surabaya,IDR,False
TXN-20240126-0001557,WALL-0070007,MERCH-00139,PM-03,DEV-05,2024-01-26 08:02:38,121.21,0.9697,6.0604,12,Success,Purchase,Bangkok,THB,False
TXN-20240126-0001558,WALL-0098936,MERCH-00119,PM-02,DEV-01,2024-01-26 05:58:53,144.72,0.2894,0.0,14,Success,Purchase,Mawlamyine,MMK,False
TXN-20240126-0001559,WALL-0087403,MERCH-00233,PM-01,DEV-03,2024-01-26 23:03:00,11.87,0.0,0.0,1,Success,Subscription,Bandung,IDR,False
TXN-20240126-0001560,WALL-0129871,MERCH-00153,PM-01,DEV-01,2024-01-26 08:02:13,259.17,0.0,12.9586,25,Success,Purchase,Dhaka,BDT,False
TXN-20240126-0001561,WALL-0064160,MERCH-00175,PM-02,DEV-03,2024-01-26 19:45:22,123.06,0.2461,0.0,0,Reversed,Purchase,Mandalay,MMK,False
TXN-20240126-0001562,WALL-0049670,MERCH-00436,PM-01,DEV-01,2024-01-26 17:02:35,60.43,0.0,0.0,6,Success,Tax Payment,Ho Chi Minh City,VND,False
TXN-20240126-0001563,WALL-0066624,MERCH-00001,PM-01,DEV-02,2024-01-26 18:25:44,81.03,0.0,1.6207,8,Success,Purchase,Naypyidaw,MMK,False
TXN-20240126-0001564,WALL-0033764,MERCH-00167,PM-02,DEV-01,2024-01-26 15:31:30,626.27,1.2525,31.3136,62,Success,Purchase,Mawlamyine,MMK,False
TXN-20240126-0001565,WALL-0041348,MERCH-00430,PM-01,DEV-01,2024-01-26 07:05:30,161.37,0.0,0.0,16,Success,Payment,Yangon,MMK,False
TXN-20240126-0001566,WALL-0056190,MERCH-00237,PM-04,DEV-04,2024-01-26 13:19:11,24.34,0.4868,0.0,2,Success,Subscription,Mumbai,INR,False
TXN-20240126-0001567,WALL-0098451,MERCH-00285,PM-01,DEV-01,2024-01-26 12:05:11,357.46,0.0,28.5967,71,Success,Purchase,Naypyidaw,MMK,False
TXN-20240126-0001568,WALL-0047216,MERCH-00070,PM-01,DEV-01,2024-01-26 14:59:32,17.48,0.0,0.3496,1,Success,Purchase,Naypyidaw,INR,False
TXN-20240126-0001569,WALL-0101098,MERCH-00236,PM-04,DEV-02,2024-01-26 06:23:53,28.48,0.5695,0.0,2,Success,Subscription,Kathmandu,NPR,False
TXN-20240126-0001570,WALL-0056359,MERCH-00262,PM-01,DEV-04,2024-01-26 18:00:55,22.54,0.0,0.0,2,Success,Subscription,Taunggyi,MMK,False
TXN-20240126-0001571,WALL-0084254,MERCH-00072,PM-01,DEV-04,2024-01-26 14:36:04,17.71,0.0,0.0,0,Reversed,Purchase,Jakarta,IDR,False
TXN-20240126-0001572,WALL-0085373,MERCH-00300,PM-01,DEV-03,2024-01-26 03:39:42,100.0,0.0,8.0,20,Success,Purchase,Myitkyina,MMK,False
TXN-20240126-0001573,WALL-0139187,MERCH-00291,PM-01,DEV-01,2024-01-26 16:29:55,100.0,0.0,8.0,20,Success,Purchase,Pathein,MMK,False
TXN-20240126-0001574,WALL-0048260,MERCH-00059,PM-03,DEV-03,2024-01-26 18:51:34,33.17,0.2654,0.6635,3,Success,Purchase,Phuket,THB,False
TXN-20240126-0001575,WALL-0061932,MERCH-00384,PM-01,DEV-02,2024-01-26 07:33:09,54.49,0.0,0.0,5,Success,Purchase,Phuket,THB,False
TXN-20240126-0001576,WALL-0010852,MERCH-00174,PM-01,DEV-01,2024-01-26 13:21:00,40.41,0.0,0.0,0,Reversed,Purchase,Taunggyi,MMK,False
TXN-20240126-0001577,WALL-0030709,MERCH-00052,PM-04,DEV-03,2024-01-26 07:32:27,15.94,0.3187,0.3187,1,Success,Purchase,Chiang Mai,THB,False
TXN-20240126-0001578,WALL-0004750,MERCH-00107,PM-02,DEV-01,2024-01-26 18:56:54,70.55,0.1411,0.0,0,Failed,Purchase,Yangon,MMK,False
TXN-20240126-0001579,WALL-0139228,MERCH-00087,PM-03,DEV-03,2024-01-26 09:32:36,74.97,0.5997,0.0,7,Success,Purchase,Mawlamyine,MMK,False
TXN-20240126-0001580,WALL-0127316,MERCH-00315,PM-02,DEV-01,2024-01-26 05:41:36,236.5,0.473,0.0,23,Success,Bill Payment,Taunggyi,MMK,False
TXN-20240126-0001581,WALL-0086397,MERCH-00295,PM-05,DEV-03,2024-01-26 12:37:48,855.38,0.0,68.4301,171,Success,Purchase,Pattaya,THB,False
TXN-20240126-0001582,WALL-0119558,MERCH-00137,PM-05,DEV-03,2024-01-26 15:43:58,181.79,0.0,9.0895,18,Success,Purchase,Taunggyi,MMK,False
TXN-20240126-0001583,WALL-0023480,MERCH-00294,PM-04,DEV-01,2024-01-26 07:47:30,271.32,5.4264,21.7056,54,Success,Purchase,Pattaya,THB,False
TXN-20240126-0001584,WALL-0066663,MERCH-00157,PM-01,DEV-03,2024-01-26 05:03:28,79.62,0.0,3.9809,7,Success,Purchase,Jaipur,IDR,False
TXN-20240126-0001585,WALL-0085139,MERCH-00179,PM-01,DEV-01,2024-01-26 17:50:40,61.24,0.0,3.062,6,Success,Purchase,Chiang Mai,THB,False
TXN-20240126-0001586,WALL-0102942,MERCH-00264,PM-01,DEV-01,2024-01-26 16:43:39,5.0,0.0,0.0,0,Reversed,Subscription,Mawlamyine,MMK,False
TXN-20240126-0001587,WALL-0121993,MERCH-00331,PM-04,DEV-01,2024-01-26 21:39:31,79.74,1.5947,0.0,7,Success,Bill Payment,Medan,IDR,False
TXN-20240126-0001588,WALL-0069290,MERCH-00138,PM-01,DEV-01,2024-01-26 23:59:10,26.62,0.0,1.3311,2,Success,Purchase,Chennai,INR,False
TXN-20240126-0001589,WALL-0025585,MERCH-00419,PM-01,DEV-01,2024-01-26 18:49:13,148.87,0.0,0.0,14,Success,Payment,Pathein,MMK,False
TXN-20240126-0001590,WALL-0094025,MERCH-00074,PM-02,DEV-01,2024-01-26 20:32:47,35.85,0.0717,0.7171,3,Success,Purchase,Naypyidaw,PHP,False
TXN-20240126-0001591,WALL-0010540,MERCH-00018,PM-04,DEV-01,2024-01-26 03:54:07,58.16,1.1632,1.1632,5,Success,Purchase,Bandung,MMK,False
TXN-20240126-0001592,WALL-0089969,MERCH-00308,PM-03,DEV-01,2024-01-26 12:30:27,1099.15,8.7932,87.9323,219,Success,Purchase,Bangalore,VND,False
TXN-20240126-0001593,WALL-0114978,MERCH-00401,PM-02,DEV-01,2024-01-26 12:56:46,55.15,0.1103,0.0,5,Success,Payment,Chiang Mai,NPR,False
TXN-20240126-0001594,WALL-0015154,MERCH-00085,PM-01,DEV-02,2024-01-26 07:27:21,93.7,0.0,0.0,9,Success,Purchase,Taunggyi,MMK,False
TXN-20240126-0001595,WALL-0051981,MERCH-00499,PM-01,DEV-03,2024-01-26 16:43:51,250.79,0.0,0.0,25,Success,Payment,Hyderabad,INR,False
TXN-20240126-0001596,WALL-0021241,MERCH-00166,PM-05,DEV-02,2024-01-26 20:53:29,66.93,0.0,3.3465,6,Success,Purchase,Yangon,THB,False
TXN-20240126-0001597,WALL-0006940,MERCH-00116,PM-01,DEV-01,2024-01-26 16:19:42,55.92,0.0,0.0,5,Success,Purchase,Taunggyi,MMK,False
TXN-20240126-0001598,WALL-0096450,MERCH-00351,PM-02,DEV-02,2024-01-26 21:57:34,33.12,0.0662,0.0,3,Success,Bill Payment,Yangon,MMK,False
TXN-20240126-0001599,WALL-0007046,MERCH-00482,PM-01,DEV-05,2024-01-26 14:19:34,169.63,0.0,0.0,16,Success,Payment,Myitkyina,MMK,False
TXN-20240126-0001600,WALL-0053351,MERCH-00012,PM-01,DEV-03,2024-01-26 10:00:48,21.99,0.0,0.4397,2,Success,Purchase,Hyderabad,INR,False
TXN-20240126-0001601,WALL-0137174,MERCH-00449,PM-04,DEV-01,2024-01-26 06:19:27,50.0,1.0,0.0,5,Success,Tax Payment,Bago,MMK,False
TXN-20240126-0001602,WALL-0075015,MERCH-00165,PM-01,DEV-02,2024-01-26 18:14:57,279.09,0.0,0.0,0,Failed,Purchase,Yangon,MMK,False
TXN-20240126-0001603,WALL-0144727,MERCH-00015,PM-01,DEV-02,2024-01-26 06:37:30,30.31,0.0,0.6062,3,Success,Purchase,Quezon City,PHP,False
TXN-20240126-0001604,WALL-0109614,MERCH-00213,PM-05,DEV-02,2024-01-26 13:13:21,13.71,0.0,0.0,1,Success,Purchase,Pathein,INR,False
TXN-20240126-0001605,WALL-0075303,MERCH-00445,PM-02,DEV-01,2024-01-26 15:57:38,212.24,0.4245,0.0,21,Success,Tax Payment,Pathein,MMK,False
TXN-20240126-0001606,WALL-0060114,MERCH-00369,PM-05,DEV-01,2024-01-26 02:38:09,35.15,0.0,0.0,3,Success,Bill Payment,Cebu City,PHP,False
TXN-20240126-0001607,WALL-0098969,MERCH-00319,PM-04,DEV-02,2024-01-26 13:07:12,172.32,3.4465,0.0,17,Success,Bill Payment,Siem Reap,KHR,False
TXN-20240126-0001608,WALL-0047577,MERCH-00098,PM-02,DEV-02,2024-01-26 18:49:48,67.01,0.134,0.0,6,Success,Purchase,Yangon,MMK,False
TXN-20240126-0001609,WALL-0016329,MERCH-00278,PM-01,DEV-01,2024-01-26 09:57:25,506.1,0.0,40.4883,101,Success,Purchase,Mawlamyine,MMK,False
TXN-20240126-0001610,WALL-0119749,MERCH-00414,PM-03,DEV-01,2024-01-26 15:07:22,85.7,0.6856,0.0,8,Success,Payment,Mawlamyine,MMK,False
TXN-20240126-0001611,WALL-0119201,MERCH-00091,PM-03,DEV-01,2024-01-26 20:51:10,48.98,0.3918,0.0,4,Success,Purchase,Phuket,THB,False
TXN-20240126-0001612,WALL-0142351,MERCH-00427,PM-01,DEV-01,2024-01-26 02:30:49,117.72,0.0,0.0,11,Success,Payment,Kathmandu,NPR,False
TXN-20240126-0001613,WALL-0005433,MERCH-00281,PM-03,DEV-03,2024-01-26 14:03:26,100.0,0.8,8.0,20,Success,Purchase,Davao,PHP,False
TXN-20240126-0001614,WALL-0004587,MERCH-00473,PM-02,DEV-03,2024-01-26 14:54:11,86.13,0.1723,0.0,8,Success,Payment,Taunggyi,MMK,False
TXN-20240126-0001615,WALL-0130881,MERCH-00321,PM-05,DEV-01,2024-01-26 14:35:02,39.83,0.0,0.0,3,Success,Bill Payment,Myitkyina,MMK,False
TXN-20240126-0001616,WALL-0031107,MERCH-00169,PM-02,DEV-01,2024-01-26 14:59:40,186.61,0.3732,9.3304,18,Success,Purchase,Chennai,INR,False
TXN-20240126-0001617,WALL-0148455,MERCH-00205,PM-02,DEV-02,2024-01-26 15:36:29,37.94,0.0759,0.0,3,Success,Purchase,Mumbai,KHR,False
TXN-20240126-0001618,WALL-0089315,MERCH-00083,PM-04,DEV-02,2024-01-26 16:35:43,46.07,0.9213,0.0,4,Success,Purchase,Mandalay,MMK,False
TXN-20240126-0001619,WALL-0076211,MERCH-00243,PM-02,DEV-01,2024-01-26 13:54:17,10.51,0.021,0.0,1,Success,Subscription,Taunggyi,MMK,False
TXN-20240126-0001620,WALL-0035577,MERCH-00172,PM-02,DEV-02,2024-01-26 20:48:34,162.16,0.3243,8.1079,16,Success,Purchase,Kuala Lumpur,MYR,False
TXN-20240126-0001621,WALL-0108527,MERCH-00063,PM-02,DEV-01,2024-01-26 16:19:33,20.18,0.0404,0.4037,2,Success,Purchase,Taunggyi,MMK,False
TXN-20240126-0001622,WALL-0122427,MERCH-00087,PM-04,DEV-01,2024-01-26 12:36:50,17.44,0.3488,0.0,1,Success,Purchase,Phuket,THB,False
TXN-20240126-0001623,WALL-0125200,MERCH-00094,PM-01,DEV-01,2024-01-26 13:37:40,33.08,0.0,0.0,3,Success,Purchase,Pathein,MMK,False
TXN-20240126-0001624,WALL-0093034,MERCH-00315,PM-05,DEV-02,2024-01-26 08:33:22,132.92,0.0,0.0,13,Success,Bill Payment,Mawlamyine,MMK,False
TXN-20240126-0001625,WALL-0076673,MERCH-00367,PM-03,DEV-02,2024-01-26 15:05:37,65.98,0.5278,0.0,6,Success,Bill Payment,Pathein,MMK,False
TXN-20240126-0001626,WALL-0142751,MERCH-00322,PM-04,DEV-01,2024-01-26 13:21:47,36.57,0.7315,0.0,3,Success,Bill Payment,Naypyidaw,MMK,False
TXN-20240126-0001627,WALL-0061534,MERCH-00071,PM-04,DEV-01,2024-01-26 04:25:28,9.2,0.1839,0.1839,0,Success,Purchase,Myitkyina,MMK,False
TXN-20240126-0001628,WALL-0032044,MERCH-00027,PM-05,DEV-02,2024-01-26 20:21:03,12.45,0.0,0.2491,1,Success,Purchase,Bangkok,THB,False
TXN-20240126-0001629,WALL-0114311,MERCH-00246,PM-01,DEV-01,2024-01-26 12:30:43,14.55,0.0,0.0,1,Success,Subscription,Mandalay,MMK,False
TXN-20240126-0001630,WALL-0137382,MERCH-00065,PM-03,DEV-01,2024-01-26 16:27:16,6.46,0.0517,0.1291,0,Success,Purchase,Mandalay,MMK,False
TXN-20240126-0001631,WALL-0073201,MERCH-00018,PM-04,DEV-02,2024-01-26 02:54:04,56.67,1.1335,1.1335,5,Success,Purchase,Myitkyina,MMK,False
TXN-20240126-0001632,WALL-0110055,MERCH-00411,PM-03,DEV-03,2024-01-26 17:51:51,22.25,0.178,0.0,2,Success,Payment,Myitkyina,MMK,False
TXN-20240126-0001633,WALL-0080919,MERCH-00155,PM-02,DEV-04,2024-01-26 08:56:39,89.67,0.1793,4.4834,8,Success,Purchase,Pune,INR,False
TXN-20240126-0001634,WALL-0049282,MERCH-00034,PM-01,DEV-03,2024-01-26 23:35:46,6.69,0.0,0.1339,0,Success,Purchase,Colombo,LKR,False
TXN-20240126-0001635,WALL-0104988,MERCH-00034,PM-03,DEV-05,2024-01-26 14:22:59,20.6,0.1648,0.4121,2,Success,Purchase,Naypyidaw,MMK,False
TXN-20240126-0001636,WALL-0008395,MERCH-00316,PM-04,DEV-01,2024-01-26 14:30:10,163.1,3.2621,0.0,16,Success,Bill Payment,Bago,MMK,False
TXN-20240126-0001637,WALL-0084171,MERCH-00026,PM-02,DEV-01,2024-01-26 19:54:42,12.3,0.0246,0.246,1,Success,Purchase,Pathein,MMK,False
TXN-20240126-0001638,WALL-0029157,MERCH-00276,PM-03,DEV-01,2024-01-26 11:56:55,257.52,2.0602,20.6016,51,Success,Purchase,Ahmedabad,INR,False
TXN-20240126-0001639,WALL-0101403,MERCH-00337,PM-02,DEV-01,2024-01-26 13:24:36,189.0,0.378,0.0,18,Success,Bill Payment,Taunggyi,MMK,False
TXN-20240126-0001640,WALL-0131677,MERCH-00317,PM-03,DEV-02,2024-01-26 14:59:38,50.48,0.4038,0.0,5,Success,Bill Payment,Pattaya,THB,False
TXN-20240126-0001641,WALL-0113078,MERCH-00144,PM-02,DEV-01,2024-01-26 17:45:26,56.45,0.1129,2.8227,5,Success,Purchase,Pathein,MMK,False
TXN-20240126-0001642,WALL-0080608,MERCH-00027,PM-01,DEV-01,2024-01-26 21:55:14,16.94,0.0,0.3388,1,Success,Purchase,Islamabad,PKR,False
TXN-20240126-0001643,WALL-0149013,MERCH-00329,PM-01,DEV-01,2024-01-26 10:04:28,32.38,0.0,0.0,3,Success,Bill Payment,Bandung,IDR,False
TXN-20240126-0001644,WALL-0103593,MERCH-00437,PM-01,DEV-01,2024-01-26 20:56:56,1013.48,0.0,0.0,101,Success,Tax Payment,Myitkyina,MMK,False
TXN-20240126-0001645,WALL-0143033,MERCH-00334,PM-01,DEV-01,2024-01-26 15:20:57,136.74,0.0,0.0,13,Success,Bill Payment,Quezon City,PHP,False
TXN-20240126-0001646,WALL-0016929,MERCH-00033,PM-02,DEV-03,2024-01-26 17:15:37,15.46,0.0309,0.3093,1,Success,Purchase,Pattaya,THB,False
TXN-20240126-0001647,WALL-0010238,MERCH-00060,PM-01,DEV-02,2024-01-26 23:45:05,22.15,0.0,0.0,0,Reversed,Purchase,Johor Bahru,MYR,False
TXN-20240126-0001648,WALL-0065271,MERCH-00051,PM-02,DEV-05,2024-01-26 19:03:34,20.26,0.0405,0.4053,2,Success,Purchase,Jaipur,MMK,False
TXN-20240126-0001649,WALL-0111735,MERCH-00413,PM-03,DEV-01,2024-01-26 12:19:15,200.45,1.6036,0.0,20,Success,Payment,Bangalore,MMK,False
TXN-20240126-0001650,WALL-0095926,MERCH-00342,PM-04,DEV-01,2024-01-26 13:45:14,36.55,0.731,0.0,3,Success,Bill Payment,Bago,MMK,False
TXN-20240126-0001651,WALL-0035520,MERCH-00073,PM-02,DEV-01,2024-01-26 13:12:25,10.18,0.0204,0.2036,1,Success,Purchase,Bandung,IDR,False
TXN-20240126-0001652,WALL-0128281,MERCH-00038,PM-03,DEV-01,2024-01-26 21:28:49,32.87,0.263,0.6575,3,Success,Purchase,Khon Kaen,THB,False
TXN-20240126-0001653,WALL-0070133,MERCH-00160,PM-01,DEV-01,2024-01-26 10:50:41,37.04,0.0,1.8522,3,Success,Purchase,Siem Reap,MMK,False
TXN-20240126-0001654,WALL-0077539,MERCH-00318,PM-04,DEV-01,2024-01-26 18:59:24,121.64,2.4329,0.0,12,Success,Bill Payment,Surabaya,IDR,False
TXN-20240126-0001655,WALL-0073654,MERCH-00075,PM-02,DEV-01,2024-01-26 21:09:07,44.65,0.0893,0.893,4,Success,Purchase,Surabaya,MMK,False
TXN-20240126-0001656,WALL-0033454,MERCH-00113,PM-03,DEV-01,2024-01-26 06:54:55,77.64,0.6211,0.0,7,Success,Purchase,Bangkok,THB,False
TXN-20240126-0001657,WALL-0084315,MERCH-00151,PM-01,DEV-04,2024-01-26 14:47:49,57.82,0.0,2.8911,5,Success,Purchase,Mandalay,MMK,False
TXN-20240126-0001658,WALL-0144807,MERCH-00178,PM-02,DEV-01,2024-01-26 14:36:03,32.87,0.0657,1.6433,3,Success,Purchase,Naypyidaw,MMK,False
TXN-20240126-0001659,WALL-0052195,MERCH-00238,PM-01,DEV-03,2024-01-26 13:24:01,27.87,0.0,0.0,2,Success,Subscription,Siem Reap,PHP,False
TXN-20240126-0001660,WALL-0041379,MERCH-00382,PM-02,DEV-01,2024-01-26 18:38:08,101.17,0.2023,0.0,0,Reversed,Purchase,Quezon City,MMK,True
TXN-20240126-0001661,WALL-0045567,MERCH-00037,PM-02,DEV-01,2024-01-26 18:07:56,47.7,0.0954,0.954,4,Success,Purchase,Ahmedabad,MMK,False
TXN-20240126-0001662,WALL-0011693,MERCH-00156,PM-04,DEV-03,2024-01-26 10:27:44,24.69,0.4938,1.2344,2,Success,Purchase,Yangon,MMK,False
TXN-20240126-0001663,WALL-0102941,MERCH-00173,PM-01,DEV-01,2024-01-26 21:15:24,65.07,0.0,3.2534,6,Success,Purchase,Bago,MMK,False
TXN-20240126-0001664,WALL-0109475,MERCH-00130,PM-01,DEV-01,2024-01-26 12:11:51,14.85,0.0,0.0,0,Failed,Purchase,Islamabad,PKR,False
TXN-20240126-0001665,WALL-0127944,MERCH-00031,PM-03,DEV-01,2024-01-26 15:39:02,14.23,0.1138,0.2845,1,Success,Purchase,Lahore,PKR,False
TXN-20240126-0001666,WALL-0149781,MERCH-00156,PM-01,DEV-01,2024-01-26 21:23:10,168.38,0.0,8.419,16,Success,Purchase,Bago,MMK,False
TXN-20240126-0001667,WALL-0135184,MERCH-00383,PM-04,DEV-02,2024-01-26 15:57:45,89.11,1.7821,0.0,8,Success,Purchase,Siem Reap,KHR,False
TXN-20240126-0001668,WALL-0075217,MERCH-00122,PM-02,DEV-01,2024-01-26 11:39:37,52.4,0.1048,0.0,5,Success,Purchase,Delhi,THB,False
TXN-20240126-0001669,WALL-0148709,MERCH-00070,PM-01,DEV-01,2024-01-26 18:09:53,19.55,0.0,0.391,1,Success,Purchase,Myitkyina,MMK,False
TXN-20240126-0001670,WALL-0122120,MERCH-00068,PM-01,DEV-01,2024-01-26 20:50:49,16.48,0.0,0.3296,1,Success,Purchase,Ho Chi Minh City,VND,False
TXN-20240126-0001671,WALL-0077243,MERCH-00358,PM-01,DEV-01,2024-01-26 23:53:18,67.2,0.0,0.0,6,Success,Bill Payment,Phnom Penh,KHR,False
TXN-20240126-0001672,WALL-0052145,MERCH-00442,PM-04,DEV-03,2024-01-26 20:53:44,102.61,2.0522,0.0,10,Success,Tax Payment,Taunggyi,MMK,False
TXN-20240126-0001673,WALL-0068696,MERCH-00010,PM-05,DEV-03,2024-01-26 11:38:37,10.81,0.0,0.2162,1,Success,Purchase,Mandalay,MMK,False
TXN-20240126-0001674,WALL-0005460,MERCH-00377,PM-01,DEV-01,2024-01-26 08:38:38,105.24,0.0,0.0,10,Success,Purchase,Hyderabad,MMK,False
TXN-20240126-0001675,WALL-0025452,MERCH-00143,PM-04,DEV-02,2024-01-26 06:58:55,113.99,2.2798,5.6996,11,Success,Purchase,Myitkyina,MMK,False
TXN-20240126-0001676,WALL-0060139,MERCH-00349,PM-01,DEV-03,2024-01-26 20:54:08,55.28,0.0,0.0,5,Success,Bill Payment,Jaipur,INR,False
TXN-20240126-0001677,WALL-0100403,MERCH-00034,PM-03,DEV-01,2024-01-26 09:09:41,16.68,0.1335,0.3337,1,Success,Purchase,Myitkyina,MMK,False
TXN-20240126-0001678,WALL-0147631,MERCH-00025,PM-01,DEV-01,2024-01-26 13:13:45,13.8,0.0,0.276,1,Success,Purchase,Phnom Penh,KHR,False
TXN-20240126-0001679,WALL-0029335,MERCH-00401,PM-02,DEV-01,2024-01-26 20:00:06,83.32,0.1666,0.0,8,Success,Payment,Medan,IDR,False
TXN-20240126-0001680,WALL-0118775,MERCH-00429,PM-02,DEV-04,2024-01-26 03:21:22,20.0,0.04,0.0,2,Success,Payment,Mandalay,MMK,False
TXN-20240126-0001681,WALL-0106133,MERCH-00179,PM-02,DEV-01,2024-01-26 12:15:58,241.51,0.483,12.0757,24,Success,Purchase,Mandalay,MMK,False
TXN-20240126-0001682,WALL-0067745,MERCH-00128,PM-02,DEV-01,2024-01-26 21:36:19,30.09,0.0602,0.0,3,Success,Purchase,Mandalay,MMK,False
TXN-20240126-0001683,WALL-0149536,MERCH-00306,PM-02,DEV-02,2024-01-26 16:18:34,564.06,1.1281,45.1246,112,Success,Purchase,Myitkyina,MMK,False
TXN-20240126-0001684,WALL-0109158,MERCH-00203,PM-03,DEV-01,2024-01-26 20:25:11,15.02,0.1202,0.0,0,Reversed,Purchase,Bago,MMK,False
TXN-20240126-0001685,WALL-0059570,MERCH-00133,PM-01,DEV-02,2024-01-26 14:34:50,204.58,0.0,10.229,20,Success,Purchase,Bali,IDR,False
TXN-20240126-0001686,WALL-0008809,MERCH-00090,PM-02,DEV-03,2024-01-26 03:37:28,10.86,0.0217,0.0,1,Success,Purchase,Yangon,MMK,False
TXN-20240126-0001687,WALL-0147212,MERCH-00129,PM-01,DEV-02,2024-01-26 05:40:28,57.01,0.0,0.0,5,Success,Purchase,Jakarta,IDR,False
TXN-20240126-0001688,WALL-0113962,MERCH-00118,PM-03,DEV-01,2024-01-26 19:39:19,55.44,0.4435,0.0,5,Success,Purchase,Myitkyina,MMK,False
TXN-20240126-0001689,WALL-0039223,MERCH-00117,PM-01,DEV-01,2024-01-26 03:49:33,44.65,0.0,0.0,4,Success,Purchase,Davao,INR,False
TXN-20240126-0001690,WALL-0094968,MERCH-00444,PM-02,DEV-02,2024-01-26 12:00:46,543.1,1.0862,0.0,54,Success,Tax Payment,Kathmandu,NPR,False
TXN-20240126-0001691,WALL-0138419,MERCH-00205,PM-02,DEV-01,2024-01-26 11:12:49,15.1,0.0302,0.0,1,Success,Purchase,Chittagong,BDT,False
TXN-20240126-0001692,WALL-0001444,MERCH-00378,PM-04,DEV-01,2024-01-26 08:17:58,60.07,1.2013,0.0,6,Success,Purchase,Naypyidaw,MMK,False
TXN-20240126-0001693,WALL-0118859,MERCH-00163,PM-03,DEV-03,2024-01-26 08:36:45,82.59,0.6608,4.1297,8,Success,Purchase,Da Nang,VND,False
TXN-20240126-0001694,WALL-0106591,MERCH-00208,PM-02,DEV-02,2024-01-26 11:49:55,37.98,0.076,0.0,3,Success,Purchase,Taunggyi,MMK,False
TXN-20240126-0001695,WALL-0052486,MERCH-00272,PM-05,DEV-01,2024-01-26 12:50:30,1031.97,0.0,82.5577,206,Success,Purchase,Jaipur,INR,False
TXN-20240126-0001696,WALL-0039069,MERCH-00191,PM-02,DEV-04,2024-01-26 15:05:46,37.94,0.0759,0.0,3,Success,Purchase,Phuket,THB,False
TXN-20240126-0001697,WALL-0039659,MERCH-00132,PM-04,DEV-01,2024-01-26 15:42:08,80.36,1.6072,4.0179,8,Success,Purchase,Pokhara,LKR,False
TXN-20240126-0001698,WALL-0144124,MERCH-00308,PM-02,DEV-01,2024-01-26 16:17:28,100.0,0.2,8.0,20,Success,Purchase,Naypyidaw,MMK,False
TXN-20240126-0001699,WALL-0067612,MERCH-00280,PM-03,DEV-02,2024-01-26 16:43:11,306.02,2.4481,24.4812,61,Success,Purchase,Mandalay,MMK,False
TXN-20240126-0001700,WALL-0030328,MERCH-00048,PM-04,DEV-01,2024-01-26 19:50:42,53.78,1.0755,1.0755,5,Success,Purchase,Myitkyina,MMK,False
TXN-20240126-0001701,WALL-0075415,MERCH-00266,PM-03,DEV-03,2024-01-26 09:12:12,6.5,0.052,0.0,0,Success,Subscription,Pathein,MMK,False
TXN-20240126-0001702,WALL-0015764,MERCH-00437,PM-04,DEV-01,2024-01-26 23:24:48,126.64,2.5329,0.0,12,Success,Tax Payment,Mandalay,VND,False
TXN-20240126-0001703,WALL-0110126,MERCH-00005,PM-01,DEV-03,2024-01-26 23:02:56,6.01,0.0,0.1202,0,Success,Purchase,Pokhara,NPR,False
TXN-20240126-0001704,WALL-0031852,MERCH-00110,PM-05,DEV-01,2024-01-26 13:11:49,151.46,0.0,0.0,15,Success,Purchase,Cebu City,PHP,False
TXN-20240126-0001705,WALL-0045313,MERCH-00323,PM-02,DEV-01,2024-01-26 20:00:44,84.97,0.1699,0.0,8,Success,Bill Payment,Bago,MMK,False
TXN-20240126-0001706,WALL-0037410,MERCH-00081,PM-04,DEV-02,2024-01-26 14:54:39,49.6,0.992,0.0,4,Success,Purchase,Mandalay,MMK,False
TXN-20240126-0001707,WALL-0080539,MERCH-00318,PM-03,DEV-03,2024-01-26 00:20:00,119.7,0.9576,0.0,11,Success,Bill Payment,Singapore,SGD,False
TXN-20240126-0001708,WALL-0034704,MERCH-00371,PM-01,DEV-03,2024-01-26 18:16:33,120.0,0.0,0.0,12,Success,Purchase,Siem Reap,KHR,False
TXN-20240126-0001709,WALL-0135130,MERCH-00158,PM-03,DEV-04,2024-01-26 18:00:20,28.82,0.2306,1.4411,2,Success,Purchase,Bali,INR,False
TXN-20240126-0001710,WALL-0138306,MERCH-00078,PM-01,DEV-03,2024-01-26 15:35:38,11.19,0.0,0.2238,1,Success,Purchase,Myitkyina,MMK,False
TXN-20240126-0001711,WALL-0141965,MERCH-00254,PM-02,DEV-03,2024-01-26 13:34:16,5.46,0.0109,0.0,0,Success,Subscription,Bago,MMK,False
TXN-20240126-0001712,WALL-0083984,MERCH-00079,PM-02,DEV-01,2024-01-26 22:05:49,13.86,0.0277,0.2771,1,Success,Purchase,Naypyidaw,MMK,False
TXN-20240126-0001713,WALL-0109613,MERCH-00270,PM-01,DEV-03,2024-01-26 20:25:29,10.53,0.0,0.0,1,Success,Subscription,Quezon City,PHP,False
TXN-20240126-0001714,WALL-0002377,MERCH-00032,PM-01,DEV-03,2024-01-26 15:28:22,13.36,0.0,0.2673,1,Success,Purchase,Naypyidaw,MMK,False
TXN-20240126-0001715,WALL-0065816,MERCH-00060,PM-02,DEV-01,2024-01-26 14:00:39,23.53,0.0471,0.4706,2,Success,Purchase,Taunggyi,MMK,False
TXN-20240126-0001716,WALL-0134007,MERCH-00026,PM-03,DEV-02,2024-01-26 11:37:57,14.12,0.1129,0.2823,1,Success,Purchase,Kuala Lumpur,IDR,False
TXN-20240126-0001717,WALL-0025148,MERCH-00025,PM-04,DEV-01,2024-01-26 07:54:55,13.32,0.2665,0.2665,1,Success,Purchase,Mawlamyine,MMK,False
TXN-20240126-0001718,WALL-0034419,MERCH-00342,PM-04,DEV-01,2024-01-26 19:40:40,38.9,0.778,0.0,3,Success,Bill Payment,Kathmandu,BDT,False
TXN-20240126-0001719,WALL-0031412,MERCH-00439,PM-01,DEV-01,2024-01-26 13:41:14,350.94,0.0,0.0,35,Success,Tax Payment,Bago,MMK,False
TXN-20240126-0001720,WALL-0082074,MERCH-00218,PM-01,DEV-02,2024-01-26 17:09:56,21.57,0.0,0.0,2,Success,Purchase,Taunggyi,MMK,False
TXN-20240126-0001721,WALL-0137831,MERCH-00306,PM-04,DEV-01,2024-01-26 08:43:38,646.81,12.9362,0.0,0,Failed,Purchase,Naypyidaw,MMK,False
TXN-20240126-0001722,WALL-0094588,MERCH-00030,PM-01,DEV-03,2024-01-26 06:46:45,8.94,0.0,0.1789,0,Success,Purchase,Naypyidaw,MMK,False
TXN-20240126-0001723,WALL-0027168,MERCH-00043,PM-03,DEV-01,2024-01-26 08:51:39,10.33,0.0826,0.2066,1,Success,Purchase,Kathmandu,MMK,False
TXN-20240126-0001724,WALL-0131950,MERCH-00113,PM-05,DEV-01,2024-01-26 07:05:44,60.97,0.0,0.0,6,Success,Purchase,Penang,MYR,False
TXN-20240126-0001725,WALL-0014130,MERCH-00039,PM-04,DEV-01,2024-01-26 12:05:22,12.68,0.2536,0.2536,1,Success,Purchase,Phnom Penh,THB,False
TXN-20240126-0001726,WALL-0016903,MERCH-00114,PM-02,DEV-01,2024-01-26 20:06:47,126.81,0.2536,0.0,12,Success,Purchase,Chennai,INR,False
TXN-20240126-0001727,WALL-0140463,MERCH-00284,PM-04,DEV-01,2024-01-26 09:13:40,260.56,5.2112,20.8447,52,Success,Purchase,Jakarta,MMK,False
TXN-20240126-0001728,WALL-0090067,MERCH-00104,PM-01,DEV-02,2024-01-26 12:43:03,46.62,0.0,0.0,4,Success,Purchase,Da Nang,MMK,False
TXN-20240126-0001729,WALL-0059663,MERCH-00254,PM-02,DEV-01,2024-01-26 13:08:20,6.54,0.0131,0.0,0,Success,Subscription,Kandy,LKR,False
TXN-20240126-0001730,WALL-0026081,MERCH-00338,PM-02,DEV-03,2024-01-26 06:50:28,74.41,0.1488,0.0,0,Failed,Bill Payment,Quezon City,BDT,False
TXN-20240126-0001731,WALL-0130651,MERCH-00280,PM-02,DEV-02,2024-01-26 20:40:19,854.02,1.708,68.3217,170,Success,Purchase,Myitkyina,MMK,False
TXN-20240126-0001732,WALL-0137443,MERCH-00060,PM-01,DEV-01,2024-01-26 09:55:48,8.58,0.0,0.1716,0,Success,Purchase,Phuket,THB,False
TXN-20240126-0001733,WALL-0055912,MERCH-00139,PM-01,DEV-01,2024-01-26 19:23:16,84.21,0.0,4.2104,8,Success,Purchase,Bandung,IDR,False
TXN-20240126-0001734,WALL-0042653,MERCH-00413,PM-01,DEV-04,2024-01-26 23:29:51,24.65,0.0,0.0,2,Success,Payment,Yangon,MMK,False
TXN-20240126-0001735,WALL-0071978,MERCH-00314,PM-02,DEV-02,2024-01-26 16:22:33,97.76,0.1955,0.0,9,Success,Bill Payment,Bangalore,INR,False
TXN-20240126-0001736,WALL-0037519,MERCH-00224,PM-02,DEV-01,2024-01-26 09:21:54,26.6,0.0532,0.0,2,Success,Purchase,Jaipur,BDT,False
TXN-20240126-0001737,WALL-0079208,MERCH-00157,PM-01,DEV-01,2024-01-26 12:10:48,78.77,0.0,3.9383,7,Success,Purchase,Mandalay,MMK,False
TXN-20240126-0001738,WALL-0127283,MERCH-00346,PM-03,DEV-01,2024-01-26 13:26:59,25.63,0.2051,0.0,2,Success,Bill Payment,Mandalay,MMK,False
TXN-20240126-0001739,WALL-0071825,MERCH-00425,PM-01,DEV-01,2024-01-26 19:21:35,141.24,0.0,0.0,14,Success,Payment,Bago,MMK,False
TXN-20240126-0001740,WALL-0077485,MERCH-00307,PM-04,DEV-03,2024-01-26 12:18:27,153.15,3.063,12.2521,30,Success,Purchase,Pune,INR,False
TXN-20240126-0001741,WALL-0072904,MERCH-00060,PM-04,DEV-03,2024-01-26 11:20:31,8.64,0.1728,0.1728,0,Success,Purchase,Manila,PHP,False
TXN-20240126-0001742,WALL-0002190,MERCH-00371,PM-04,DEV-01,2024-01-26 17:51:39,196.62,3.9325,0.0,19,Success,Purchase,Yangon,MMK,False
TXN-20240126-0001743,WALL-0068360,MERCH-00353,PM-04,DEV-01,2024-01-26 13:01:37,107.15,2.143,0.0,10,Success,Bill Payment,Jaipur,INR,False
TXN-20240126-0001744,WALL-0056574,MERCH-00434,PM-01,DEV-01,2024-01-26 16:45:08,86.45,0.0,0.0,8,Success,Tax Payment,Manila,PHP,False
TXN-20240126-0001745,WALL-0089242,MERCH-00020,PM-01,DEV-01,2024-01-26 21:57:54,11.17,0.0,0.2235,1,Success,Purchase,Taunggyi,MMK,False
TXN-20240126-0001746,WALL-0144249,MERCH-00059,PM-01,DEV-01,2024-01-26 21:22:50,13.95,0.0,0.279,1,Success,Purchase,Pattaya,THB,False
TXN-20240126-0001747,WALL-0057626,MERCH-00188,PM-01,DEV-02,2024-01-26 14:55:30,31.12,0.0,1.5561,3,Success,Purchase,Medan,IDR,False
TXN-20240126-0001748,WALL-0115528,MERCH-00190,PM-01,DEV-01,2024-01-26 19:50:17,69.65,0.0,3.4823,6,Success,Purchase,Medan,IDR,False
TXN-20240126-0001749,WALL-0140918,MERCH-00385,PM-03,DEV-03,2024-01-26 17:48:08,61.21,0.4897,0.0,6,Success,Purchase,Mawlamyine,MMK,False
TXN-20240126-0001750,WALL-0131223,MERCH-00132,PM-04,DEV-03,2024-01-26 18:53:20,76.32,1.5263,3.8158,7,Success,Purchase,Naypyidaw,MMK,False
TXN-20240126-0001751,WALL-0087872,MERCH-00099,PM-01,DEV-02,2024-01-26 08:34:22,49.16,0.0,0.0,4,Success,Purchase,Naypyidaw,MMK,False
TXN-20240126-0001752,WALL-0022935,MERCH-00356,PM-04,DEV-01,2024-01-26 16:01:35,100.77,2.0153,0.0,10,Success,Bill Payment,Kuala Lumpur,MYR,False
TXN-20240126-0001753,WALL-0034092,MERCH-00220,PM-01,DEV-04,2024-01-26 13:25:02,5.27,0.0,0.0,0,Success,Purchase,Bandung,THB,False
TXN-20240126-0001754,WALL-0057114,MERCH-00106,PM-05,DEV-01,2024-01-26 17:59:22,111.05,0.0,0.0,11,Success,Purchase,Johor Bahru,MYR,False
TXN-20240126-0001755,WALL-0141685,MERCH-00405,PM-01,DEV-01,2024-01-26 20:36:23,20.0,0.0,0.0,2,Success,Payment,Mawlamyine,MMK,False
TXN-20240126-0001756,WALL-0109563,MERCH-00116,PM-02,DEV-01,2024-01-26 01:40:27,20.36,0.0407,0.0,2,Success,Purchase,Myitkyina,MMK,False
TXN-20240126-0001757,WALL-0116403,MERCH-00267,PM-02,DEV-01,2024-01-26 21:03:39,14.49,0.029,0.0,1,Success,Subscription,Pune,INR,False
TXN-20240126-0001758,WALL-0123581,MERCH-00322,PM-01,DEV-01,2024-01-26 10:34:07,252.6,0.0,0.0,25,Success,Bill Payment,Da Nang,MMK,False
TXN-20240126-0001759,WALL-0055019,MERCH-00116,PM-01,DEV-03,2024-01-26 07:16:23,30.28,0.0,0.0,3,Success,Purchase,Myitkyina,MMK,False
TXN-20240126-0001760,WALL-0001151,MERCH-00333,PM-01,DEV-03,2024-01-26 19:09:30,83.19,0.0,0.0,8,Success,Bill Payment,Chittagong,BDT,False
TXN-20240126-0001761,WALL-0005069,MERCH-00390,PM-02,DEV-02,2024-01-26 03:25:42,62.88,0.1258,0.0,6,Success,Purchase,Yangon,MMK,False
TXN-20240126-0001762,WALL-0026094,MERCH-00393,PM-03,DEV-03,2024-01-26 16:17:01,70.99,0.5679,0.0,7,Success,Purchase,Davao,PHP,False
TXN-20240126-0001763,WALL-0087165,MERCH-00171,PM-01,DEV-02,2024-01-26 18:45:09,310.98,0.0,15.5491,31,Success,Purchase,Yangon,MMK,False
TXN-20240126-0001764,WALL-0118343,MERCH-00426,PM-03,DEV-01,2024-01-26 20:19:33,126.51,1.0121,0.0,12,Success,Payment,Jakarta,IDR,False
TXN-20240126-0001765,WALL-0025658,MERCH-00024,PM-02,DEV-04,2024-01-26 04:41:01,9.85,0.0197,0.197,0,Success,Purchase,Pokhara,MMK,False
TXN-20240126-0001766,WALL-0118237,MERCH-00116,PM-01,DEV-01,2024-01-26 16:44:20,95.54,0.0,0.0,9,Success,Purchase,Khon Kaen,THB,False
TXN-20240126-0001767,WALL-0031153,MERCH-00089,PM-02,DEV-02,2024-01-26 11:25:09,94.79,0.1896,0.0,9,Success,Purchase,Jaipur,INR,False
TXN-20240126-0001768,WALL-0062500,MERCH-00345,PM-01,DEV-03,2024-01-26 09:59:20,27.32,0.0,0.0,2,Success,Bill Payment,Naypyidaw,MMK,False
TXN-20240126-0001769,WALL-0003409,MERCH-00331,PM-02,DEV-04,2024-01-26 12:50:21,58.14,0.1163,0.0,5,Success,Bill Payment,Mandalay,MMK,False
TXN-20240126-0001770,WALL-0093178,MERCH-00055,PM-04,DEV-01,2024-01-26 20:18:56,14.23,0.2846,0.0,0,Reversed,Purchase,Jaipur,MMK,False
TXN-20240126-0001771,WALL-0040869,MERCH-00033,PM-02,DEV-01,2024-01-26 23:27:16,21.89,0.0438,0.4377,2,Success,Purchase,Pokhara,NPR,False
TXN-20240126-0001772,WALL-0144961,MERCH-00122,PM-01,DEV-03,2024-01-26 07:38:43,38.04,0.0,0.0,3,Success,Purchase,Delhi,INR,False
TXN-20240126-0001773,WALL-0021772,MERCH-00345,PM-01,DEV-01,2024-01-26 16:35:05,40.72,0.0,0.0,4,Success,Bill Payment,Islamabad,PKR,False
TXN-20240126-0001774,WALL-0091781,MERCH-00388,PM-03,DEV-01,2024-01-26 10:32:14,108.96,0.8717,0.0,10,Success,Purchase,Pathein,MMK,False
TXN-20240126-0001775,WALL-0048807,MERCH-00142,PM-03,DEV-01,2024-01-26 03:44:10,109.38,0.875,5.469,10,Success,Purchase,Pattaya,NPR,False
TXN-20240126-0001776,WALL-0029311,MERCH-00018,PM-01,DEV-01,2024-01-26 04:54:15,28.96,0.0,0.5791,2,Success,Purchase,Quezon City,THB,False
TXN-20240126-0001777,WALL-0127782,MERCH-00169,PM-04,DEV-01,2024-01-26 08:29:05,370.98,7.4195,18.5488,37,Success,Purchase,Yangon,MMK,False
TXN-20240126-0001778,WALL-0041873,MERCH-00432,PM-03,DEV-02,2024-01-26 19:43:01,220.9,1.7672,0.0,22,Success,Tax Payment,Jakarta,IDR,False
TXN-20240126-0001779,WALL-0118121,MERCH-00249,PM-04,DEV-01,2024-01-26 20:06:43,27.71,0.5541,0.0,2,Success,Subscription,Myitkyina,MMK,False
TXN-20240126-0001780,WALL-0072963,MERCH-00100,PM-01,DEV-03,2024-01-26 18:12:01,113.22,0.0,0.0,11,Success,Purchase,Mawlamyine,MMK,False
TXN-20240126-0001781,WALL-0021790,MERCH-00079,PM-02,DEV-02,2024-01-26 23:26:20,13.3,0.0266,0.2661,1,Success,Purchase,Taunggyi,MMK,False
TXN-20240126-0001782,WALL-0088413,MERCH-00004,PM-01,DEV-02,2024-01-26 06:19:43,39.19,0.0,0.7838,3,Success,Purchase,Surabaya,IDR,False
TXN-20240126-0001783,WALL-0087004,MERCH-00308,PM-04,DEV-01,2024-01-26 21:15:00,100.0,2.0,8.0,20,Success,Purchase,Dhaka,BDT,False
TXN-20240126-0001784,WALL-0080861,MERCH-00102,PM-04,DEV-01,2024-01-26 19:29:43,36.35,0.7271,0.0,0,Failed,Purchase,Delhi,INR,False
TXN-20240126-0001785,WALL-0028932,MERCH-00240,PM-02,DEV-01,2024-01-26 10:56:48,23.64,0.0473,0.0,2,Success,Subscription,Khon Kaen,THB,False
TXN-20240126-0001786,WALL-0144594,MERCH-00431,PM-04,DEV-03,2024-01-26 09:29:49,1698.43,33.9685,0.0,169,Success,Tax Payment,Kolkata,INR,False
TXN-20240126-0001787,WALL-0056777,MERCH-00346,PM-02,DEV-01,2024-01-26 17:44:02,50.3,0.1006,0.0,5,Success,Bill Payment,Mawlamyine,MMK,False
TXN-20240126-0001788,WALL-0056693,MERCH-00079,PM-02,DEV-01,2024-01-26 15:51:11,60.31,0.1206,1.2063,6,Success,Purchase,Naypyidaw,MMK,False
TXN-20240126-0001789,WALL-0111147,MERCH-00103,PM-01,DEV-02,2024-01-26 15:09:35,53.97,0.0,0.0,5,Success,Purchase,Ahmedabad,INR,False
TXN-20240126-0001790,WALL-0061414,MERCH-00344,PM-04,DEV-02,2024-01-26 15:26:30,42.98,0.8595,0.0,4,Success,Bill Payment,Taunggyi,MMK,False
TXN-20240126-0001791,WALL-0023051,MERCH-00274,PM-05,DEV-01,2024-01-26 12:42:38,210.13,0.0,16.8105,42,Success,Purchase,Bago,MMK,False
TXN-20240126-0001792,WALL-0011013,MERCH-00002,PM-04,DEV-02,2024-01-26 09:59:27,15.78,0.3156,0.3156,1,Success,Purchase,Mawlamyine,MMK,False
TXN-20240126-0001793,WALL-0045746,MERCH-00021,PM-01,DEV-03,2024-01-26 16:29:12,21.17,0.0,0.4234,2,Success,Purchase,Bago,MMK,False
TXN-20240126-0001794,WALL-0007737,MERCH-00062,PM-05,DEV-05,2024-01-26 21:26:26,20.27,0.0,0.4054,2,Success,Purchase,Taunggyi,MMK,False
TXN-20240126-0001795,WALL-0023403,MERCH-00154,PM-01,DEV-02,2024-01-26 07:15:47,56.95,0.0,2.8473,5,Success,Purchase,Mandalay,MMK,False
TXN-20240126-0001796,WALL-0062690,MERCH-00231,PM-03,DEV-04,2024-01-26 20:13:48,10.12,0.0809,0.0,1,Success,Subscription,Hanoi,VND,False
TXN-20240126-0001797,WALL-0112678,MERCH-00182,PM-02,DEV-01,2024-01-26 10:08:25,20.0,0.04,1.0,2,Success,Purchase,Lahore,PKR,False
TXN-20240126-0001798,WALL-0130646,MERCH-00066,PM-01,DEV-02,2024-01-26 20:17:05,24.15,0.0,0.483,2,Success,Purchase,Medan,IDR,False
TXN-20240126-0001799,WALL-0147183,MERCH-00191,PM-04,DEV-01,2024-01-26 16:32:03,12.8,0.256,0.0,0,Pending,Purchase,Pathein,MMK,False
TXN-20240126-0001800,WALL-0069645,MERCH-00257,PM-03,DEV-03,2024-01-26 09:33:21,15.26,0.1221,0.0,1,Success,Subscription,Mawlamyine,MMK,False
TXN-20240126-0001801,WALL-0003089,MERCH-00474,PM-03,DEV-03,2024-01-26 07:46:45,2136.43,17.0914,0.0,213,Success,Payment,Manila,PHP,False
TXN-20240126-0001802,WALL-0061602,MERCH-00161,PM-04,DEV-01,2024-01-26 20:35:24,337.85,6.7569,16.8924,33,Success,Purchase,Bago,MMK,False
TXN-20240126-0001803,WALL-0120812,MERCH-00164,PM-01,DEV-03,2024-01-26 20:47:37,119.4,0.0,5.9698,11,Success,Purchase,Mawlamyine,MMK,False
TXN-20240126-0001804,WALL-0009267,MERCH-00052,PM-02,DEV-01,2024-01-26 16:43:41,7.12,0.0142,0.1424,0,Success,Purchase,Siem Reap,KHR,False
TXN-20240126-0001805,WALL-0145892,MERCH-00173,PM-01,DEV-05,2024-01-26 16:48:23,78.54,0.0,3.9268,7,Success,Purchase,Pathein,MMK,False
TXN-20240126-0001806,WALL-0111127,MERCH-00112,PM-02,DEV-01,2024-01-26 10:34:10,13.66,0.0273,0.0,1,Success,Purchase,Mandalay,MMK,False
TXN-20240126-0001807,WALL-0120064,MERCH-00124,PM-01,DEV-01,2024-01-26 20:10:18,106.0,0.0,0.0,10,Success,Purchase,Mawlamyine,MMK,False
TXN-20240126-0001808,WALL-0124025,MERCH-00316,PM-01,DEV-01,2024-01-26 12:27:18,38.78,0.0,0.0,3,Success,Bill Payment,Hanoi,VND,False
TXN-20240126-0001809,WALL-0073321,MERCH-00431,PM-01,DEV-01,2024-01-26 19:21:43,417.09,0.0,0.0,41,Success,Tax Payment,Chittagong,BDT,False
TXN-20240126-0001810,WALL-0130899,MERCH-00264,PM-01,DEV-01,2024-01-26 18:39:33,44.49,0.0,0.0,4,Success,Subscription,Pathein,MMK,False
TXN-20240126-0001811,WALL-0086903,MERCH-00212,PM-02,DEV-01,2024-01-26 12:08:52,11.09,0.0222,0.0,1,Success,Purchase,Kolkata,PKR,False
TXN-20240126-0001812,WALL-0102089,MERCH-00008,PM-01,DEV-01,2024-01-26 21:13:25,14.97,0.0,0.2994,1,Success,Purchase,Chittagong,BDT,False
TXN-20240126-0001813,WALL-0128656,MERCH-00394,PM-02,DEV-01,2024-01-26 10:18:22,91.05,0.1821,0.0,9,Success,Purchase,Surabaya,IDR,False
TXN-20240126-0001814,WALL-0053305,MERCH-00016,PM-01,DEV-03,2024-01-26 14:37:48,11.92,0.0,0.2384,1,Success,Purchase,Cebu City,MMK,False
TXN-20240126-0001815,WALL-0115386,MERCH-00348,PM-03,DEV-01,2024-01-26 23:18:19,34.71,0.2777,0.0,3,Success,Bill Payment,Mawlamyine,MMK,False
TXN-20240126-0001816,WALL-0013519,MERCH-00096,PM-03,DEV-02,2024-01-26 19:19:54,88.8,0.7104,0.0,8,Success,Purchase,Pathein,MMK,False
TXN-20240126-0001817,WALL-0075671,MERCH-00326,PM-02,DEV-01,2024-01-26 10:58:15,39.99,0.08,0.0,3,Success,Bill Payment,Karachi,PKR,False
TXN-20240126-0001818,WALL-0005094,MERCH-00345,PM-01,DEV-03,2024-01-26 18:36:56,57.89,0.0,0.0,5,Success,Bill Payment,Pattaya,THB,False
TXN-20240126-0001819,WALL-0045219,MERCH-00193,PM-02,DEV-03,2024-01-26 19:14:18,43.43,0.0869,0.0,4,Success,Purchase,Pune,INR,False
TXN-20240126-0001820,WALL-0058792,MERCH-00330,PM-03,DEV-01,2024-01-26 14:58:58,107.11,0.8569,0.0,10,Success,Bill Payment,Lahore,MYR,False
TXN-20240126-0001821,WALL-0124957,MERCH-00302,PM-01,DEV-03,2024-01-26 20:52:38,1141.31,0.0,91.3052,228,Success,Purchase,Mandalay,MMK,False
TXN-20240126-0001822,WALL-0149546,MERCH-00229,PM-01,DEV-02,2024-01-26 21:25:04,6.2,0.0,0.0,0,Success,Purchase,Naypyidaw,MMK,False
TXN-20240126-0001823,WALL-0109877,MERCH-00270,PM-02,DEV-02,2024-01-26 15:22:19,13.13,0.0263,0.0,1,Success,Subscription,Bali,IDR,False
TXN-20240126-0001824,WALL-0100056,MERCH-00355,PM-01,DEV-01,2024-01-26 13:37:55,65.99,0.0,0.0,6,Success,Bill Payment,Mawlamyine,MMK,False
TXN-20240126-0001825,WALL-0018739,MERCH-00172,PM-02,DEV-04,2024-01-26 17:22:27,177.71,0.3554,8.8855,17,Success,Purchase,Bago,MMK,False
TXN-20240126-0001826,WALL-0119776,MERCH-00057,PM-04,DEV-04,2024-01-26 14:39:20,20.3,0.406,0.406,2,Success,Purchase,Dhaka,THB,False
TXN-20240126-0001827,WALL-0052933,MERCH-00172,PM-02,DEV-01,2024-01-26 16:25:09,34.87,0.0697,1.7436,3,Success,Purchase,Bago,MMK,False
TXN-20240126-0001828,WALL-0111744,MERCH-00011,PM-01,DEV-01,2024-01-26 11:30:35,11.55,0.0,0.2311,1,Success,Purchase,Bago,MMK,False
TXN-20240126-0001829,WALL-0049003,MERCH-00368,PM-01,DEV-01,2024-01-26 07:44:06,61.99,0.0,0.0,6,Success,Bill Payment,Pathein,MMK,False
TXN-20240126-0001830,WALL-0122468,MERCH-00278,PM-01,DEV-02,2024-01-26 21:48:56,340.66,0.0,27.2532,68,Success,Purchase,Yangon,MMK,False
TXN-20240126-0001831,WALL-0133723,MERCH-00008,PM-01,DEV-01,2024-01-26 14:14:07,62.41,0.0,1.2483,6,Success,Purchase,Taunggyi,MMK,False
TXN-20240126-0001832,WALL-0130969,MERCH-00391,PM-01,DEV-05,2024-01-26 18:49:12,20.0,0.0,0.0,2,Success,Purchase,Da Nang,VND,False
TXN-20240126-0001833,WALL-0143950,MERCH-00015,PM-01,DEV-03,2024-01-26 13:52:44,10.57,0.0,0.2115,1,Success,Purchase,Mandalay,MMK,False
TXN-20240126-0001834,WALL-0068808,MERCH-00294,PM-03,DEV-01,2024-01-26 10:09:49,672.56,5.3805,53.8049,134,Success,Purchase,Pathein,MMK,False
TXN-20240126-0001835,WALL-0046232,MERCH-00236,PM-04,DEV-02,2024-01-26 23:24:26,5.65,0.1129,0.0,0,Success,Subscription,Mawlamyine,MMK,False
TXN-20240126-0001836,WALL-0050935,MERCH-00363,PM-04,DEV-02,2024-01-26 13:57:47,17.43,0.3487,0.0,1,Success,Bill Payment,Mandalay,MMK,False
TXN-20240126-0001837,WALL-0097559,MERCH-00009,PM-03,DEV-05,2024-01-26 06:16:33,18.67,0.1494,0.3734,1,Success,Purchase,Pune,MMK,False
TXN-20240126-0001838,WALL-0109302,MERCH-00046,PM-04,DEV-02,2024-01-26 20:10:49,9.88,0.1976,0.1976,0,Success,Purchase,Yangon,MMK,False
TXN-20240126-0001839,WALL-0060005,MERCH-00252,PM-01,DEV-02,2024-01-26 12:00:29,18.74,0.0,0.0,1,Success,Subscription,Cebu City,PHP,False
TXN-20240126-0001840,WALL-0145537,MERCH-00359,PM-04,DEV-03,2024-01-26 05:56:35,14.47,0.2894,0.0,1,Success,Bill Payment,Penang,MYR,False
TXN-20240126-0001841,WALL-0018955,MERCH-00423,PM-01,DEV-01,2024-01-26 19:55:27,20.0,0.0,0.0,2,Success,Payment,Bago,MMK,False
TXN-20240126-0001842,WALL-0077646,MERCH-00242,PM-02,DEV-01,2024-01-26 18:41:14,16.52,0.033,0.0,0,Pending,Subscription,Mandalay,MMK,False
TXN-20240126-0001843,WALL-0005320,MERCH-00192,PM-01,DEV-03,2024-01-26 05:28:23,34.34,0.0,0.0,0,Failed,Purchase,Mawlamyine,MMK,True
TXN-20240126-0001844,WALL-0089544,MERCH-00012,PM-01,DEV-01,2024-01-26 18:16:33,33.44,0.0,0.6687,3,Success,Purchase,Pathein,MMK,False
TXN-20240126-0001845,WALL-0118093,MERCH-00077,PM-02,DEV-01,2024-01-26 13:13:47,21.92,0.0438,0.4384,2,Success,Purchase,Myitkyina,MMK,False
TXN-20240126-0001846,WALL-0121418,MERCH-00112,PM-02,DEV-04,2024-01-26 15:02:14,33.15,0.0663,0.0,3,Success,Purchase,Medan,IDR,False
TXN-20240126-0001847,WALL-0108873,MERCH-00171,PM-04,DEV-02,2024-01-26 15:00:03,69.22,1.3844,3.4609,6,Success,Purchase,Ahmedabad,INR,False
TXN-20240126-0001848,WALL-0055989,MERCH-00383,PM-01,DEV-01,2024-01-26 16:31:28,25.05,0.0,0.0,2,Success,Purchase,Taunggyi,MMK,False
TXN-20240126-0001849,WALL-0000889,MERCH-00011,PM-01,DEV-02,2024-01-26 20:50:34,13.97,0.0,0.2794,1,Success,Purchase,Da Nang,VND,False
TXN-20240126-0001850,WALL-0114305,MERCH-00310,PM-02,DEV-01,2024-01-26 10:04:45,362.95,0.7259,29.0358,72,Success,Purchase,Bangkok,THB,False
TXN-20240126-0001851,WALL-0111765,MERCH-00278,PM-04,DEV-02,2024-01-26 19:37:40,275.33,5.5066,22.0263,55,Success,Purchase,Pathein,MMK,False
TXN-20240126-0001852,WALL-0123295,MERCH-00243,PM-01,DEV-03,2024-01-26 12:28:09,11.63,0.0,0.0,1,Success,Subscription,Mawlamyine,MMK,False
TXN-20240126-0001853,WALL-0129709,MERCH-00070,PM-01,DEV-01,2024-01-26 17:21:53,8.91,0.0,0.1781,0,Success,Purchase,Pathein,MMK,False
TXN-20240126-0001854,WALL-0058807,MERCH-00419,PM-03,DEV-01,2024-01-26 20:01:46,231.63,1.853,0.0,23,Success,Payment,Myitkyina,MMK,False
TXN-20240126-0001855,WALL-0068525,MERCH-00487,PM-04,DEV-01,2024-01-26 09:18:45,280.03,5.6007,0.0,28,Success,Payment,Myitkyina,MMK,False
TXN-20240126-0001856,WALL-0121764,MERCH-00262,PM-03,DEV-02,2024-01-26 08:20:55,7.45,0.0596,0.0,0,Success,Subscription,Pathein,MMK,False
TXN-20240126-0001857,WALL-0059141,MERCH-00118,PM-01,DEV-03,2024-01-26 15:49:49,94.43,0.0,0.0,0,Failed,Purchase,Kathmandu,NPR,False
TXN-20240126-0001858,WALL-0101814,MERCH-00493,PM-04,DEV-01,2024-01-26 13:01:39,1267.9,25.3579,0.0,126,Success,Payment,Hyderabad,INR,False
TXN-20240126-0001859,WALL-0089957,MERCH-00382,PM-03,DEV-05,2024-01-26 12:00:02,41.58,0.3326,0.0,4,Success,Purchase,Ho Chi Minh City,VND,False
TXN-20240126-0001860,WALL-0140309,MERCH-00415,PM-02,DEV-01,2024-01-26 18:24:28,131.26,0.2625,0.0,13,Success,Payment,Yangon,MMK,False
TXN-20240126-0001861,WALL-0055916,MERCH-00359,PM-02,DEV-04,2024-01-26 14:47:31,64.53,0.1291,0.0,6,Success,Bill Payment,Kathmandu,NPR,False
TXN-20240126-0001862,WALL-0015252,MERCH-00077,PM-02,DEV-03,2024-01-26 16:14:14,99.0,0.198,1.98,9,Success,Purchase,Pathein,MMK,False
TXN-20240126-0001863,WALL-0124824,MERCH-00276,PM-02,DEV-03,2024-01-26 18:45:13,378.63,0.7573,30.2907,75,Success,Purchase,Mandalay,MMK,False
TXN-20240126-0001864,WALL-0067199,MERCH-00050,PM-01,DEV-02,2024-01-26 06:15:21,23.46,0.0,0.4692,2,Success,Purchase,Phnom Penh,KHR,False
TXN-20240126-0001865,WALL-0075438,MERCH-00035,PM-01,DEV-05,2024-01-26 23:53:38,26.93,0.0,0.5386,2,Success,Purchase,Bago,MMK,False
TXN-20240126-0001866,WALL-0091225,MERCH-00313,PM-02,DEV-01,2024-01-26 05:49:25,122.57,0.2451,0.0,12,Success,Bill Payment,Bangkok,THB,False
TXN-20240126-0001867,WALL-0118790,MERCH-00241,PM-03,DEV-02,2024-01-26 11:27:43,66.0,0.528,0.0,6,Success,Subscription,Kandy,LKR,False
TXN-20240126-0001868,WALL-0124094,MERCH-00234,PM-01,DEV-02,2024-01-26 17:47:14,28.95,0.0,0.0,2,Success,Subscription,Jaipur,INR,False
TXN-20240126-0001869,WALL-0143053,MERCH-00316,PM-01,DEV-01,2024-01-26 11:01:49,89.61,0.0,0.0,8,Success,Bill Payment,Mumbai,INR,False
TXN-20240126-0001870,WALL-0142701,MERCH-00421,PM-03,DEV-01,2024-01-26 05:03:20,63.27,0.5062,0.0,6,Success,Payment,Phnom Penh,LKR,False
TXN-20240126-0001871,WALL-0084236,MERCH-00315,PM-01,DEV-03,2024-01-26 08:29:45,92.03,0.0,0.0,9,Success,Bill Payment,Naypyidaw,MMK,False
TXN-20240126-0001872,WALL-0058155,MERCH-00367,PM-01,DEV-02,2024-01-26 15:02:00,64.76,0.0,0.0,6,Success,Bill Payment,Naypyidaw,MMK,False
TXN-20240126-0001873,WALL-0127629,MERCH-00205,PM-01,DEV-03,2024-01-26 22:23:03,6.89,0.0,0.0,0,Success,Purchase,Bali,BDT,False
TXN-20240126-0001874,WALL-0053508,MERCH-00264,PM-02,DEV-02,2024-01-26 14:18:52,12.46,0.0249,0.0,1,Success,Subscription,Mawlamyine,MMK,False
TXN-20240126-0001875,WALL-0045811,MERCH-00441,PM-04,DEV-02,2024-01-26 17:43:27,119.28,2.3856,0.0,11,Success,Tax Payment,Pattaya,THB,False
TXN-20240126-0001876,WALL-0066506,MERCH-00335,PM-03,DEV-03,2024-01-26 18:22:40,29.32,0.2346,0.0,2,Success,Bill Payment,Bangkok,INR,False
TXN-20240126-0001877,WALL-0116024,MERCH-00112,PM-02,DEV-01,2024-01-26 15:17:02,107.07,0.2141,0.0,10,Success,Purchase,Yangon,MMK,False
TXN-20240126-0001878,WALL-0140824,MERCH-00199,PM-03,DEV-05,2024-01-26 01:45:17,17.58,0.1406,0.0,1,Success,Purchase,Surabaya,IDR,False
TXN-20240126-0001879,WALL-0130914,MERCH-00406,PM-02,DEV-01,2024-01-26 16:47:26,33.32,0.0666,0.0,3,Success,Payment,Mandalay,MMK,False
TXN-20240126-0001880,WALL-0037652,MERCH-00101,PM-02,DEV-03,2024-01-26 18:27:36,88.62,0.1772,0.0,8,Success,Purchase,Quezon City,IDR,False
TXN-20240126-0001881,WALL-0035019,MERCH-00333,PM-01,DEV-01,2024-01-26 13:31:43,239.5,0.0,0.0,23,Success,Bill Payment,Myitkyina,MMK,False
TXN-20240126-0001882,WALL-0074812,MERCH-00151,PM-01,DEV-05,2024-01-26 09:33:59,82.84,0.0,4.1422,8,Success,Purchase,Kolkata,KHR,False
TXN-20240126-0001883,WALL-0136611,MERCH-00009,PM-05,DEV-02,2024-01-26 07:22:22,6.65,0.0,0.1331,0,Success,Purchase,Naypyidaw,MMK,False
TXN-20240126-0001884,WALL-0131917,MERCH-00191,PM-04,DEV-01,2024-01-26 07:47:11,8.66,0.1733,0.0,0,Success,Purchase,Chittagong,BDT,False
TXN-20240126-0001885,WALL-0006506,MERCH-00065,PM-03,DEV-02,2024-01-26 14:33:21,6.78,0.0542,0.1355,0,Success,Purchase,Bago,MMK,False
TXN-20240126-0001886,WALL-0005830,MERCH-00185,PM-01,DEV-02,2024-01-26 16:27:37,31.17,0.0,1.5587,3,Success,Purchase,Phnom Penh,KHR,False
TXN-20240126-0001887,WALL-0103217,MERCH-00418,PM-02,DEV-05,2024-01-26 17:52:19,392.42,0.7848,0.0,39,Success,Payment,Phnom Penh,KHR,False
TXN-20240126-0001888,WALL-0046549,MERCH-00277,PM-03,DEV-03,2024-01-26 12:16:39,207.12,1.657,16.57,41,Success,Purchase,Naypyidaw,MMK,False
TXN-20240126-0001889,WALL-0137976,MERCH-00318,PM-05,DEV-01,2024-01-26 21:25:57,110.16,0.0,0.0,11,Success,Bill Payment,Pokhara,NPR,False
TXN-20240126-0001890,WALL-0103229,MERCH-00295,PM-03,DEV-01,2024-01-26 21:14:27,399.28,3.1942,31.9423,79,Success,Purchase,Mandalay,MMK,False
TXN-20240126-0001891,WALL-0050868,MERCH-00022,PM-01,DEV-01,2024-01-26 16:26:56,9.03,0.0,0.1807,0,Success,Purchase,Kuala Lumpur,MYR,False
TXN-20240126-0001892,WALL-0101077,MERCH-00140,PM-04,DEV-03,2024-01-26 14:26:07,539.14,10.7829,26.9572,53,Success,Purchase,Kathmandu,NPR,False
TXN-20240126-0001893,WALL-0016233,MERCH-00114,PM-03,DEV-01,2024-01-26 14:03:41,80.92,0.6474,0.0,8,Success,Purchase,Myitkyina,MMK,False
TXN-20240126-0001894,WALL-0034991,MERCH-00238,PM-03,DEV-02,2024-01-26 23:18:23,30.97,0.2477,0.0,3,Success,Subscription,Naypyidaw,MMK,False
TXN-20240126-0001895,WALL-0147933,MERCH-00074,PM-01,DEV-03,2024-01-26 11:22:19,42.0,0.0,0.84,4,Success,Purchase,Chiang Mai,THB,False
TXN-20240126-0001896,WALL-0142760,MERCH-00314,PM-04,DEV-02,2024-01-26 14:46:13,38.64,0.7727,0.0,3,Success,Bill Payment,Chennai,INR,False
TXN-20240126-0001897,WALL-0139908,MERCH-00452,PM-04,DEV-03,2024-01-26 20:03:33,50.0,1.0,0.0,5,Success,Payment,Kathmandu,PHP,False
TXN-20240126-0001898,WALL-0082567,MERCH-00491,PM-05,DEV-01,2024-01-26 20:13:47,441.13,0.0,0.0,44,Success,Payment,Quezon City,PHP,False
TXN-20240126-0001899,WALL-0014388,MERCH-00135,PM-01,DEV-04,2024-01-26 21:52:18,184.4,0.0,9.2199,18,Success,Purchase,Taunggyi,MMK,False
TXN-20240126-0001900,WALL-0138049,MERCH-00059,PM-02,DEV-01,2024-01-26 20:35:34,15.07,0.0301,0.0,0,Failed,Purchase,Hanoi,VND,False
TXN-20240126-0001901,WALL-0118785,MERCH-00191,PM-03,DEV-01,2024-01-26 16:28:19,31.24,0.2499,0.0,3,Success,Purchase,Kuala Lumpur,MYR,False
TXN-20240126-0001902,WALL-0039789,MERCH-00216,PM-04,DEV-01,2024-01-26 18:06:15,9.36,0.1872,0.0,0,Success,Purchase,Chennai,MMK,False
TXN-20240126-0001903,WALL-0093127,MERCH-00445,PM-01,DEV-01,2024-01-26 16:45:54,145.65,0.0,0.0,14,Success,Tax Payment,Islamabad,PKR,False
TXN-20240126-0001904,WALL-0083551,MERCH-00155,PM-01,DEV-01,2024-01-26 21:45:08,477.69,0.0,23.8847,47,Success,Purchase,Ho Chi Minh City,VND,False
TXN-20240126-0001905,WALL-0014958,MERCH-00123,PM-04,DEV-04,2024-01-26 16:47:45,28.68,0.5736,0.0,2,Success,Purchase,Myitkyina,PHP,False
TXN-20240126-0001906,WALL-0055816,MERCH-00244,PM-03,DEV-05,2024-01-26 16:41:10,17.82,0.1426,0.0,1,Success,Subscription,Islamabad,PKR,False
TXN-20240126-0001907,WALL-0133902,MERCH-00046,PM-02,DEV-01,2024-01-26 15:08:25,22.57,0.0451,0.0,0,Failed,Purchase,Pune,INR,False
TXN-20240126-0001908,WALL-0056043,MERCH-00039,PM-03,DEV-01,2024-01-26 13:11:24,39.31,0.3145,0.7862,3,Success,Purchase,Taunggyi,MMK,False
TXN-20240126-0001909,WALL-0105492,MERCH-00244,PM-02,DEV-01,2024-01-26 07:57:41,10.01,0.02,0.0,1,Success,Subscription,Manila,PHP,False
TXN-20240126-0001910,WALL-0033755,MERCH-00236,PM-02,DEV-01,2024-01-26 13:28:30,30.64,0.0613,0.0,3,Success,Subscription,Davao,PHP,False
TXN-20240126-0001911,WALL-0128910,MERCH-00024,PM-03,DEV-05,2024-01-26 12:25:32,17.16,0.1373,0.3432,1,Success,Purchase,Taunggyi,MMK,False
TXN-20240126-0001912,WALL-0070220,MERCH-00244,PM-03,DEV-01,2024-01-26 13:12:54,16.24,0.1299,0.0,1,Success,Subscription,Taunggyi,MMK,False
TXN-20240126-0001913,WALL-0040559,MERCH-00025,PM-01,DEV-03,2024-01-26 19:29:18,17.41,0.0,0.3483,1,Success,Purchase,Mandalay,MMK,False
TXN-20240126-0001914,WALL-0046903,MERCH-00018,PM-01,DEV-03,2024-01-26 21:27:10,7.33,0.0,0.1466,0,Success,Purchase,Naypyidaw,MMK,False
TXN-20240126-0001915,WALL-0149374,MERCH-00002,PM-03,DEV-02,2024-01-26 17:42:31,9.87,0.079,0.1974,0,Success,Purchase,Lahore,IDR,False
TXN-20240126-0001916,WALL-0095155,MERCH-00379,PM-03,DEV-05,2024-01-26 20:56:38,165.69,1.3255,0.0,16,Success,Purchase,Mandalay,MMK,False
TXN-20240126-0001917,WALL-0025109,MERCH-00008,PM-03,DEV-01,2024-01-26 16:52:05,45.3,0.3624,0.9061,4,Success,Purchase,Islamabad,PKR,False
TXN-20240126-0001918,WALL-0015419,MERCH-00010,PM-01,DEV-01,2024-01-26 20:12:56,25.98,0.0,0.5196,2,Success,Purchase,Islamabad,PKR,False
TXN-20240126-0001919,WALL-0113817,MERCH-00279,PM-02,DEV-01,2024-01-26 14:48:20,720.58,1.4412,57.6461,144,Success,Purchase,Pathein,MMK,False
TXN-20240126-0001920,WALL-0041157,MERCH-00036,PM-01,DEV-01,2024-01-26 14:07:29,21.29,0.0,0.4258,2,Success,Purchase,Pokhara,BDT,False
TXN-20240126-0001921,WALL-0014442,MERCH-00486,PM-03,DEV-01,2024-01-26 15:05:02,577.68,4.6215,0.0,57,Success,Payment,Bago,MMK,False
TXN-20240126-0001922,WALL-0015186,MERCH-00243,PM-04,DEV-01,2024-01-26 11:18:21,12.99,0.2597,0.0,1,Success,Subscription,Mawlamyine,MMK,False
TXN-20240126-0001923,WALL-0067366,MERCH-00321,PM-01,DEV-01,2024-01-26 06:35:43,62.45,0.0,0.0,6,Success,Bill Payment,Myitkyina,MMK,False
TXN-20240126-0001924,WALL-0141534,MERCH-00076,PM-03,DEV-01,2024-01-26 13:44:05,11.21,0.0897,0.2241,1,Success,Purchase,Yangon,MMK,False
TXN-20240126-0001925,WALL-0129665,MERCH-00313,PM-01,DEV-01,2024-01-26 20:38:27,80.81,0.0,0.0,0,Failed,Bill Payment,Kandy,LKR,False
TXN-20240126-0001926,WALL-0024301,MERCH-00392,PM-01,DEV-01,2024-01-26 16:29:28,48.97,0.0,0.0,4,Success,Purchase,Kathmandu,MMK,False
TXN-20240126-0001927,WALL-0119469,MERCH-00029,PM-05,DEV-02,2024-01-26 08:48:28,20.94,0.0,0.4188,2,Success,Purchase,Chittagong,BDT,False
TXN-20240126-0001928,WALL-0059596,MERCH-00381,PM-02,DEV-02,2024-01-26 21:56:06,20.0,0.04,0.0,2,Success,Purchase,Delhi,INR,False
TXN-20240126-0001929,WALL-0013711,MERCH-00225,PM-03,DEV-04,2024-01-26 10:49:07,6.23,0.0499,0.0,0,Success,Purchase,Bago,MMK,False
TXN-20240126-0001930,WALL-0093456,MERCH-00305,PM-03,DEV-01,2024-01-26 15:00:25,143.36,1.1469,11.4687,28,Success,Purchase,Kandy,LKR,False
TXN-20240126-0001931,WALL-0061226,MERCH-00274,PM-02,DEV-01,2024-01-26 00:26:25,419.87,0.8397,33.5895,83,Success,Purchase,Taunggyi,MMK,False
TXN-20240126-0001932,WALL-0131661,MERCH-00118,PM-04,DEV-03,2024-01-26 15:31:09,29.96,0.5993,0.0,2,Success,Purchase,Quezon City,PHP,False
TXN-20240126-0001933,WALL-0052555,MERCH-00121,PM-02,DEV-02,2024-01-26 10:09:23,16.39,0.0328,0.0,1,Success,Purchase,Lahore,PKR,False
TXN-20240126-0001934,WALL-0136096,MERCH-00176,PM-02,DEV-01,2024-01-26 15:26:12,110.7,0.2214,5.5349,11,Success,Purchase,Singapore,SGD,False
TXN-20240126-0001935,WALL-0030485,MERCH-00028,PM-01,DEV-04,2024-01-26 19:43:39,51.23,0.0,1.0247,5,Success,Purchase,Kandy,LKR,False
TXN-20240126-0001936,WALL-0137813,MERCH-00325,PM-01,DEV-02,2024-01-26 12:26:59,65.62,0.0,0.0,6,Success,Bill Payment,Bago,MMK,False
TXN-20240126-0001937,WALL-0095817,MERCH-00054,PM-01,DEV-01,2024-01-26 14:28:19,32.36,0.0,0.6472,3,Success,Purchase,Pokhara,NPR,False
TXN-20240126-0001938,WALL-0012344,MERCH-00364,PM-05,DEV-01,2024-01-26 08:23:48,70.09,0.0,0.0,7,Success,Bill Payment,Davao,PHP,False
TXN-20240126-0001939,WALL-0139579,MERCH-00017,PM-01,DEV-04,2024-01-26 00:50:15,43.26,0.0,0.8651,4,Success,Purchase,Phnom Penh,KHR,False
TXN-20240126-0001940,WALL-0047559,MERCH-00037,PM-02,DEV-01,2024-01-26 13:19:09,12.5,0.025,0.2501,1,Success,Purchase,Johor Bahru,MYR,False
TXN-20240126-0001941,WALL-0022811,MERCH-00215,PM-03,DEV-03,2024-01-26 12:29:46,24.77,0.1981,0.0,2,Success,Purchase,Bago,MMK,False
TXN-20240126-0001942,WALL-0080332,MERCH-00290,PM-04,DEV-01,2024-01-26 21:19:16,548.73,10.9745,43.898,109,Success,Purchase,Myitkyina,MMK,False
TXN-20240126-0001943,WALL-0026780,MERCH-00065,PM-01,DEV-03,2024-01-26 15:14:36,47.6,0.0,0.952,4,Success,Purchase,Ahmedabad,INR,False
TXN-20240126-0001944,WALL-0067230,MERCH-00207,PM-01,DEV-01,2024-01-26 18:51:19,8.42,0.0,0.0,0,Success,Purchase,Kandy,LKR,False
TXN-20240126-0001945,WALL-0025336,MERCH-00475,PM-03,DEV-01,2024-01-26 16:16:23,850.52,6.8042,0.0,85,Success,Payment,Bandung,IDR,False
TXN-20240126-0001946,WALL-0139394,MERCH-00086,PM-01,DEV-02,2024-01-26 09:00:29,34.57,0.0,0.0,3,Success,Purchase,Davao,THB,False
TXN-20240126-0001947,WALL-0016929,MERCH-00246,PM-03,DEV-01,2024-01-26 14:58:29,8.67,0.0694,0.0,0,Success,Subscription,Pattaya,THB,False
TXN-20240126-0001948,WALL-0124259,MERCH-00410,PM-01,DEV-01,2024-01-26 18:41:31,172.83,0.0,0.0,17,Success,Payment,Mawlamyine,MMK,False
TXN-20240126-0001949,WALL-0125593,MERCH-00209,PM-01,DEV-01,2024-01-26 08:24:05,12.59,0.0,0.0,1,Success,Purchase,Yangon,MMK,False
TXN-20240126-0001950,WALL-0030596,MERCH-00270,PM-04,DEV-01,2024-01-26 19:59:45,20.75,0.4149,0.0,2,Success,Subscription,Kathmandu,NPR,False
TXN-20240126-0001951,WALL-0127913,MERCH-00425,PM-03,DEV-02,2024-01-26 02:45:20,138.97,1.1118,0.0,13,Success,Payment,Naypyidaw,MMK,False
TXN-20240126-0001952,WALL-0101054,MERCH-00420,PM-01,DEV-01,2024-01-26 16:17:02,20.0,0.0,0.0,2,Success,Payment,Siem Reap,KHR,False
TXN-20240126-0001953,WALL-0098965,MERCH-00048,PM-01,DEV-01,2024-01-26 06:11:16,21.81,0.0,0.4362,2,Success,Purchase,Pathein,MMK,False
TXN-20240126-0001954,WALL-0086270,MERCH-00235,PM-01,DEV-01,2024-01-26 21:07:33,6.49,0.0,0.0,0,Success,Subscription,Bago,MMK,False
TXN-20240126-0001955,WALL-0120338,MERCH-00228,PM-02,DEV-01,2024-01-26 09:50:59,12.85,0.0257,0.0,1,Success,Purchase,Pattaya,THB,False
TXN-20240126-0001956,WALL-0024343,MERCH-00330,PM-01,DEV-02,2024-01-26 18:04:20,79.4,0.0,0.0,7,Success,Bill Payment,Mawlamyine,MMK,False
TXN-20240126-0001957,WALL-0108371,MERCH-00440,PM-01,DEV-01,2024-01-26 13:50:43,198.89,0.0,0.0,19,Success,Tax Payment,Jaipur,INR,False
TXN-20240126-0001958,WALL-0021701,MERCH-00243,PM-01,DEV-01,2024-01-26 02:14:38,14.07,0.0,0.0,1,Success,Subscription,Mawlamyine,MMK,False
TXN-20240126-0001959,WALL-0020645,MERCH-00402,PM-01,DEV-03,2024-01-26 14:43:41,20.0,0.0,0.0,2,Success,Payment,Taunggyi,MMK,False
TXN-20240126-0001960,WALL-0061115,MERCH-00123,PM-02,DEV-03,2024-01-26 09:36:51,10.0,0.02,0.0,1,Success,Purchase,Manila,PHP,False
TXN-20240126-0001961,WALL-0057081,MERCH-00397,PM-04,DEV-03,2024-01-26 14:24:30,34.26,0.6851,0.0,3,Success,Purchase,Hanoi,BDT,False
TXN-20240126-0001962,WALL-0011233,MERCH-00452,PM-01,DEV-04,2024-01-26 09:07:28,407.03,0.0,0.0,40,Success,Payment,Bangalore,INR,False
TXN-20240126-0001963,WALL-0114163,MERCH-00402,PM-01,DEV-01,2024-01-26 12:59:06,194.38,0.0,0.0,19,Success,Payment,Bago,MMK,False
TXN-20240126-0001964,WALL-0036465,MERCH-00267,PM-01,DEV-01,2024-01-26 17:54:10,16.63,0.0,0.0,1,Success,Subscription,Medan,IDR,False
TXN-20240126-0001965,WALL-0141804,MERCH-00149,PM-01,DEV-01,2024-01-26 14:10:34,76.76,0.0,3.8381,7,Success,Purchase,Bago,MMK,False
TXN-20240126-0001966,WALL-0145738,MERCH-00052,PM-01,DEV-01,2024-01-26 14:11:17,15.55,0.0,0.311,1,Success,Purchase,Pathein,MMK,False
TXN-20240126-0001967,WALL-0040385,MERCH-00121,PM-04,DEV-02,2024-01-26 17:19:22,71.58,1.4315,0.0,7,Success,Purchase,Bago,MMK,False
TXN-20240126-0001968,WALL-0080972,MERCH-00192,PM-04,DEV-01,2024-01-26 10:51:51,9.79,0.1959,0.0,0,Success,Purchase,Mandalay,MMK,False
TXN-20240126-0001969,WALL-0112000,MERCH-00110,PM-04,DEV-04,2024-01-26 09:37:49,29.74,0.5949,0.0,2,Success,Purchase,Yangon,MMK,False
TXN-20240126-0001970,WALL-0105031,MERCH-00262,PM-01,DEV-01,2024-01-26 12:32:06,5.69,0.0,0.0,0,Success,Subscription,Cebu City,PHP,False
TXN-20240126-0001971,WALL-0063758,MERCH-00107,PM-01,DEV-01,2024-01-26 17:37:57,52.17,0.0,0.0,5,Success,Purchase,Da Nang,VND,False
TXN-20240126-0001972,WALL-0138371,MERCH-00178,PM-01,DEV-01,2024-01-26 12:52:53,621.4,0.0,31.0698,62,Success,Purchase,Yangon,MMK,False
TXN-20240126-0001973,WALL-0123586,MERCH-00209,PM-02,DEV-01,2024-01-26 19:53:31,17.07,0.0341,0.0,1,Success,Purchase,Pattaya,THB,False
TXN-20240126-0001974,WALL-0104685,MERCH-00052,PM-03,DEV-01,2024-01-26 12:17:27,9.13,0.073,0.1825,0,Success,Purchase,Kandy,LKR,False
TXN-20240126-0001975,WALL-0058803,MERCH-00217,PM-01,DEV-01,2024-01-26 12:10:31,6.13,0.0,0.0,0,Success,Purchase,Jaipur,MMK,False
TXN-20240126-0001976,WALL-0139045,MERCH-00292,PM-01,DEV-01,2024-01-26 18:51:08,171.48,0.0,13.7183,34,Success,Purchase,Pathein,MMK,False
TXN-20240126-0001977,WALL-0076168,MERCH-00215,PM-01,DEV-03,2024-01-26 15:33:44,5.0,0.0,0.0,0,Success,Purchase,Bangalore,INR,False
TXN-20240126-0001978,WALL-0034168,MERCH-00154,PM-02,DEV-01,2024-01-26 12:23:00,20.0,0.04,1.0,2,Success,Purchase,Manila,PHP,False
TXN-20240126-0001979,WALL-0013032,MERCH-00190,PM-02,DEV-01,2024-01-26 10:56:17,116.09,0.2322,5.8045,11,Success,Purchase,Mawlamyine,MMK,False
TXN-20240126-0001980,WALL-0103333,MERCH-00256,PM-04,DEV-03,2024-01-26 16:16:40,5.12,0.1025,0.0,0,Success,Subscription,Bali,IDR,False
TXN-20240126-0001981,WALL-0088754,MERCH-00433,PM-04,DEV-03,2024-01-26 16:47:27,592.85,11.857,0.0,59,Success,Tax Payment,Pune,INR,False
TXN-20240126-0001982,WALL-0033796,MERCH-00082,PM-02,DEV-01,2024-01-26 18:53:16,77.35,0.1547,0.0,7,Success,Purchase,Mumbai,INR,False
TXN-20240126-0001983,WALL-0055472,MERCH-00125,PM-01,DEV-01,2024-01-26 14:46:40,57.33,0.0,0.0,5,Success,Purchase,Pattaya,THB,False
TXN-20240126-0001984,WALL-0028936,MERCH-00346,PM-04,DEV-01,2024-01-26 20:15:04,66.81,1.3362,0.0,6,Success,Bill Payment,Bandung,IDR,False
TXN-20240126-0001985,WALL-0131467,MERCH-00293,PM-02,DEV-04,2024-01-26 15:50:40,862.33,1.7247,68.9866,172,Success,Purchase,Taunggyi,MMK,False
TXN-20240126-0001986,WALL-0102676,MERCH-00376,PM-02,DEV-03,2024-01-26 20:02:07,39.77,0.0795,0.0,3,Success,Purchase,Pokhara,NPR,False
TXN-20240126-0001987,WALL-0080083,MERCH-00292,PM-01,DEV-02,2024-01-26 06:05:32,587.1,0.0,46.9683,117,Success,Purchase,Bali,IDR,False
TXN-20240126-0001988,WALL-0035912,MERCH-00274,PM-03,DEV-01,2024-01-26 06:36:21,100.0,0.8,8.0,20,Success,Purchase,Hanoi,INR,False
TXN-20240126-0001989,WALL-0076852,MERCH-00079,PM-01,DEV-03,2024-01-26 08:10:33,5.0,0.0,0.1,0,Success,Purchase,Myitkyina,MMK,False
TXN-20240126-0001990,WALL-0033218,MERCH-00198,PM-02,DEV-01,2024-01-26 09:18:30,20.04,0.0401,0.0,2,Success,Purchase,Jaipur,NPR,False
TXN-20240126-0001991,WALL-0083573,MERCH-00019,PM-04,DEV-01,2024-01-26 05:17:11,9.5,0.19,0.19,0,Success,Purchase,Kolkata,INR,False
TXN-20240126-0001992,WALL-0132112,MERCH-00065,PM-03,DEV-01,2024-01-26 19:27:30,23.55,0.1884,0.4709,2,Success,Purchase,Ahmedabad,INR,False
TXN-20240126-0001993,WALL-0043325,MERCH-00117,PM-03,DEV-02,2024-01-26 10:39:35,101.77,0.8142,0.0,10,Success,Purchase,Quezon City,PHP,False
TXN-20240126-0001994,WALL-0072001,MERCH-00184,PM-01,DEV-02,2024-01-26 16:05:42,20.0,0.0,0.0,0,Failed,Purchase,Ahmedabad,INR,False
TXN-20240126-0001995,WALL-0109582,MERCH-00019,PM-02,DEV-01,2024-01-26 08:40:48,24.51,0.049,0.4901,2,Success,Purchase,Da Nang,VND,False
TXN-20240126-0001996,WALL-0143712,MERCH-00205,PM-02,DEV-03,2024-01-26 16:57:12,29.11,0.0582,0.0,2,Success,Purchase,Manila,PHP,False
TXN-20240126-0001997,WALL-0121926,MERCH-00169,PM-03,DEV-01,2024-01-26 06:41:18,40.02,0.3202,2.0012,4,Success,Purchase,Taunggyi,MMK,False
TXN-20240126-0001998,WALL-0031444,MERCH-00398,PM-02,DEV-05,2024-01-26 12:34:18,20.0,0.04,0.0,2,Success,Purchase,Kuala Lumpur,MYR,False
TXN-20240126-0001999,WALL-0082169,MERCH-00380,PM-02,DEV-03,2024-01-26 17:12:29,159.24,0.3185,0.0,15,Success,Purchase,Mandalay,MMK,False
TXN-20240126-0002000,WALL-0082691,MERCH-00207,PM-02,DEV-05,2024-01-26 16:09:05,9.77,0.0195,0.0,0,Success,Purchase,Mandalay,MMK,False
TXN-20240126-0002001,WALL-0081483,MERCH-00232,PM-02,DEV-02,2024-01-26 17:22:14,6.57,0.0131,0.0,0,Success,Subscription,Ho Chi Minh City,VND,False
TXN-20240126-0002002,WALL-0128450,MERCH-00222,PM-01,DEV-02,2024-01-26 14:33:47,14.31,0.0,0.0,1,Success,Purchase,Delhi,INR,False
TXN-20240126-0002003,WALL-0106379,MERCH-00317,PM-01,DEV-01,2024-01-26 14:51:13,86.52,0.0,0.0,8,Success,Bill Payment,Islamabad,PKR,False
TXN-20240126-0002004,WALL-0100783,MERCH-00365,PM-03,DEV-02,2024-01-26 16:03:50,25.41,0.2033,0.0,2,Success,Bill Payment,Pokhara,NPR,False
TXN-20240126-0002005,WALL-0089965,MERCH-00379,PM-01,DEV-01,2024-01-26 08:33:18,31.62,0.0,0.0,3,Success,Purchase,Hanoi,NPR,False
TXN-20240126-0002006,WALL-0000051,MERCH-00340,PM-01,DEV-01,2024-01-26 15:43:20,26.06,0.0,0.0,2,Success,Bill Payment,Myitkyina,MMK,False
TXN-20240126-0002007,WALL-0035858,MERCH-00023,PM-01,DEV-05,2024-01-26 21:13:00,11.22,0.0,0.0,0,Failed,Purchase,Phuket,THB,False
TXN-20240126-0002008,WALL-0081293,MERCH-00325,PM-01,DEV-03,2024-01-26 19:09:18,90.07,0.0,0.0,9,Success,Bill Payment,Mawlamyine,MMK,False
TXN-20240126-0002009,WALL-0019329,MERCH-00410,PM-02,DEV-02,2024-01-26 08:28:59,20.0,0.04,0.0,0,Failed,Payment,Mawlamyine,MMK,False
TXN-20240126-0002010,WALL-0025755,MERCH-00153,PM-03,DEV-01,2024-01-26 18:02:19,85.81,0.6865,4.2906,8,Success,Purchase,Yangon,MMK,False
TXN-20240126-0002011,WALL-0020979,MERCH-00160,PM-02,DEV-01,2024-01-26 18:27:55,24.45,0.0489,1.2223,2,Success,Purchase,Naypyidaw,MMK,False
TXN-20240126-0002012,WALL-0044406,MERCH-00339,PM-01,DEV-01,2024-01-26 12:49:08,32.06,0.0,0.0,3,Success,Bill Payment,Pathein,MMK,False
TXN-20240126-0002013,WALL-0061059,MERCH-00240,PM-05,DEV-01,2024-01-26 13:42:03,7.9,0.0,0.0,0,Success,Subscription,Colombo,LKR,False
TXN-20240126-0002014,WALL-0141221,MERCH-00114,PM-01,DEV-04,2024-01-26 11:37:48,95.46,0.0,0.0,9,Success,Purchase,Phnom Penh,MMK,False
TXN-20240126-0002015,WALL-0126514,MERCH-00308,PM-05,DEV-01,2024-01-26 07:46:59,469.42,0.0,0.0,0,Failed,Purchase,Pattaya,THB,False
TXN-20240126-0002016,WALL-0030390,MERCH-00033,PM-01,DEV-02,2024-01-26 12:17:37,7.16,0.0,0.1432,0,Success,Purchase,Naypyidaw,MMK,False
TXN-20240126-0002017,WALL-0149522,MERCH-00434,PM-05,DEV-03,2024-01-26 14:04:37,130.58,0.0,0.0,13,Success,Tax Payment,Hanoi,VND,False
TXN-20240126-0002018,WALL-0099636,MERCH-00322,PM-02,DEV-01,2024-01-26 22:25:34,43.13,0.0863,0.0,4,Success,Bill Payment,Kuala Lumpur,MYR,False
TXN-20240126-0002019,WALL-0023558,MERCH-00077,PM-03,DEV-02,2024-01-26 15:15:38,8.2,0.0656,0.164,0,Success,Purchase,Hanoi,VND,False
TXN-20240126-0002020,WALL-0146583,MERCH-00084,PM-01,DEV-03,2024-01-26 12:23:13,36.44,0.0,0.0,3,Success,Purchase,Kathmandu,IDR,False
TXN-20240126-0002021,WALL-0117917,MERCH-00090,PM-03,DEV-02,2024-01-26 19:57:40,44.58,0.3567,0.0,4,Success,Purchase,Phnom Penh,IDR,False
TXN-20240126-0002022,WALL-0057899,MERCH-00175,PM-03,DEV-02,2024-01-26 17:10:34,69.22,0.5537,3.4608,6,Success,Purchase,Lahore,PKR,False
TXN-20240126-0002023,WALL-0008990,MERCH-00446,PM-01,DEV-03,2024-01-26 23:20:03,387.68,0.0,0.0,38,Success,Tax Payment,Mawlamyine,MMK,False
TXN-20240126-0002024,WALL-0031904,MERCH-00300,PM-01,DEV-01,2024-01-26 16:41:09,218.52,0.0,0.0,0,Failed,Purchase,Taunggyi,PHP,False
TXN-20240126-0002025,WALL-0094188,MERCH-00161,PM-05,DEV-02,2024-01-26 13:40:38,164.98,0.0,8.2491,16,Success,Purchase,Kandy,LKR,False
TXN-20240126-0002026,WALL-0054435,MERCH-00443,PM-02,DEV-01,2024-01-26 12:51:32,477.39,0.9548,0.0,47,Success,Tax Payment,Mumbai,INR,False
TXN-20240126-0002027,WALL-0079732,MERCH-00044,PM-01,DEV-01,2024-01-26 12:52:15,20.22,0.0,0.4045,2,Success,Purchase,Taunggyi,MMK,False
TXN-20240126-0002028,WALL-0124831,MERCH-00170,PM-03,DEV-01,2024-01-26 12:21:42,70.68,0.5655,3.5342,7,Success,Purchase,Cebu City,SGD,False
TXN-20240126-0002029,WALL-0034726,MERCH-00111,PM-01,DEV-03,2024-01-26 13:16:14,143.96,0.0,0.0,14,Success,Purchase,Bago,MMK,False
TXN-20240126-0002030,WALL-0140703,MERCH-00030,PM-04,DEV-01,2024-01-26 19:18:13,18.51,0.3702,0.3702,1,Success,Purchase,Ho Chi Minh City,VND,False
TXN-20240126-0002031,WALL-0104908,MERCH-00074,PM-04,DEV-02,2024-01-26 20:40:10,11.38,0.2276,0.2276,1,Success,Purchase,Naypyidaw,MMK,False
TXN-20240126-0002032,WALL-0084870,MERCH-00053,PM-01,DEV-01,2024-01-26 19:26:51,24.38,0.0,0.4876,2,Success,Purchase,Manila,PHP,False
TXN-20240126-0002033,WALL-0128949,MERCH-00095,PM-01,DEV-01,2024-01-26 14:21:27,94.56,0.0,0.0,9,Success,Purchase,Mandalay,MMK,False
TXN-20240126-0002034,WALL-0056574,MERCH-00345,PM-02,DEV-03,2024-01-26 13:12:38,27.54,0.0551,0.0,0,Pending,Bill Payment,Manila,PHP,False
TXN-20240126-0002035,WALL-0087972,MERCH-00443,PM-05,DEV-02,2024-01-26 20:17:37,238.97,0.0,0.0,23,Success,Tax Payment,Naypyidaw,MMK,False
TXN-20240126-0002036,WALL-0036274,MERCH-00107,PM-04,DEV-01,2024-01-26 01:33:19,53.88,1.0776,0.0,5,Success,Purchase,Bali,IDR,False
TXN-20240126-0002037,WALL-0040783,MERCH-00081,PM-01,DEV-02,2024-01-26 17:05:35,44.42,0.0,0.0,4,Success,Purchase,Karachi,PKR,False
TXN-20240126-0002038,WALL-0119030,MERCH-00051,PM-01,DEV-01,2024-01-26 10:48:49,5.93,0.0,0.1185,0,Success,Purchase,Naypyidaw,MMK,False
TXN-20240126-0002039,WALL-0098831,MERCH-00110,PM-02,DEV-03,2024-01-26 14:25:53,65.28,0.1306,0.0,6,Success,Purchase,Islamabad,PKR,False
TXN-20240126-0002040,WALL-0097958,MERCH-00026,PM-01,DEV-02,2024-01-26 09:13:09,12.88,0.0,0.2576,1,Success,Purchase,Myitkyina,MMK,False
TXN-20240126-0002041,WALL-0109501,MERCH-00103,PM-01,DEV-01,2024-01-26 08:06:24,10.0,0.0,0.0,1,Success,Purchase,Colombo,MMK,False
TXN-20240126-0002042,WALL-0033646,MERCH-00259,PM-03,DEV-01,2024-01-26 01:43:45,5.0,0.04,0.0,0,Success,Subscription,Islamabad,PKR,False
TXN-20240126-0002043,WALL-0030061,MERCH-00092,PM-04,DEV-03,2024-01-26 19:04:11,67.18,1.3435,0.0,6,Success,Purchase,Mandalay,MMK,False
TXN-20240126-0002044,WALL-0141382,MERCH-00048,PM-01,DEV-01,2024-01-26 09:00:46,11.99,0.0,0.2397,1,Success,Purchase,Hanoi,VND,False
TXN-20240126-0002045,WALL-0008908,MERCH-00206,PM-03,DEV-01,2024-01-26 17:31:44,19.71,0.1577,0.0,1,Success,Purchase,Naypyidaw,MMK,False
TXN-20240126-0002046,WALL-0144964,MERCH-00242,PM-05,DEV-01,2024-01-26 21:50:29,35.53,0.0,0.0,3,Success,Subscription,Yangon,MMK,False
TXN-20240126-0002047,WALL-0109246,MERCH-00071,PM-01,DEV-01,2024-01-26 20:33:50,27.96,0.0,0.5592,2,Success,Purchase,Bangkok,THB,False
TXN-20240126-0002048,WALL-0138925,MERCH-00085,PM-02,DEV-01,2024-01-26 04:21:21,91.17,0.1823,0.0,9,Success,Purchase,Ahmedabad,INR,False
TXN-20240126-0002049,WALL-0005726,MERCH-00194,PM-02,DEV-03,2024-01-26 14:34:51,5.0,0.01,0.0,0,Success,Purchase,Hanoi,MYR,False
TXN-20240126-0002050,WALL-0125434,MERCH-00029,PM-05,DEV-03,2024-01-26 08:23:35,16.0,0.0,0.3201,1,Success,Purchase,Kandy,LKR,False
TXN-20240126-0002051,WALL-0138173,MERCH-00192,PM-02,DEV-02,2024-01-26 12:08:02,10.59,0.0212,0.0,1,Success,Purchase,Chennai,PKR,False
TXN-20240126-0002052,WALL-0006221,MERCH-00303,PM-02,DEV-01,2024-01-26 23:24:13,862.89,1.7258,69.0312,172,Success,Purchase,Pathein,MMK,False
TXN-20240126-0002053,WALL-0131614,MERCH-00104,PM-01,DEV-03,2024-01-26 14:09:51,35.08,0.0,0.0,3,Success,Purchase,Medan,IDR,False
TXN-20240126-0002054,WALL-0068975,MERCH-00150,PM-01,DEV-03,2024-01-26 15:40:40,132.68,0.0,6.6338,13,Success,Purchase,Taunggyi,KHR,False
TXN-20240126-0002055,WALL-0148736,MERCH-00330,PM-05,DEV-01,2024-01-26 17:35:18,23.76,0.0,0.0,2,Success,Bill Payment,Phnom Penh,KHR,False
TXN-20240126-0002056,WALL-0007274,MERCH-00104,PM-01,DEV-03,2024-01-26 07:49:17,66.52,0.0,0.0,6,Success,Purchase,Siem Reap,MMK,False
TXN-20240126-0002057,WALL-0082413,MERCH-00248,PM-01,DEV-03,2024-01-26 16:20:49,13.98,0.0,0.0,1,Success,Subscription,Yangon,MMK,False
TXN-20240126-0002058,WALL-0143640,MERCH-00072,PM-03,DEV-05,2024-01-26 14:54:10,17.38,0.139,0.0,0,Failed,Purchase,Naypyidaw,MMK,False
TXN-20240126-0002059,WALL-0099373,MERCH-00472,PM-01,DEV-01,2024-01-26 15:55:23,121.13,0.0,0.0,12,Success,Payment,Jakarta,INR,False
TXN-20240126-0002060,WALL-0080734,MERCH-00363,PM-02,DEV-03,2024-01-26 13:51:59,33.12,0.0662,0.0,3,Success,Bill Payment,Taunggyi,MMK,False
TXN-20240126-0002061,WALL-0090620,MERCH-00384,PM-03,DEV-01,2024-01-26 18:04:30,46.64,0.3731,0.0,4,Success,Purchase,Taunggyi,MMK,False
TXN-20240126-0002062,WALL-0143820,MERCH-00383,PM-01,DEV-01,2024-01-26 13:04:01,28.6,0.0,0.0,2,Success,Purchase,Bago,MMK,False
TXN-20240126-0002063,WALL-0132249,MERCH-00080,PM-02,DEV-01,2024-01-26 11:45:11,39.28,0.0786,0.7857,3,Success,Purchase,Mawlamyine,MMK,False
TXN-20240126-0002064,WALL-0069215,MERCH-00336,PM-03,DEV-01,2024-01-26 17:28:35,216.89,1.7351,0.0,21,Success,Bill Payment,Karachi,PKR,False
TXN-20240126-0002065,WALL-0085090,MERCH-00417,PM-04,DEV-01,2024-01-26 18:33:33,63.01,1.2601,0.0,6,Success,Payment,Khon Kaen,THB,False
TXN-20240126-0002066,WALL-0127151,MERCH-00143,PM-01,DEV-03,2024-01-26 21:51:58,42.62,0.0,2.1308,4,Success,Purchase,Pune,MMK,False
TXN-20240126-0002067,WALL-0144117,MERCH-00412,PM-02,DEV-01,2024-01-26 15:56:58,83.49,0.167,0.0,8,Success,Payment,Pathein,MMK,False
TXN-20240126-0002068,WALL-0081941,MERCH-00042,PM-02,DEV-04,2024-01-26 19:52:22,34.78,0.0696,0.6956,3,Success,Purchase,Yangon,MMK,False
TXN-20240126-0002069,WALL-0091307,MERCH-00014,PM-03,DEV-01,2024-01-26 18:32:30,19.42,0.1553,0.3883,1,Success,Purchase,Pattaya,THB,False
TXN-20240126-0002070,WALL-0035387,MERCH-00424,PM-02,DEV-02,2024-01-26 22:25:20,205.97,0.4119,0.0,20,Success,Payment,Colombo,LKR,False
TXN-20240126-0002071,WALL-0086791,MERCH-00094,PM-05,DEV-04,2024-01-26 17:47:52,34.9,0.0,0.0,3,Success,Purchase,Bago,MMK,False
TXN-20240126-0002072,WALL-0016500,MERCH-00101,PM-01,DEV-01,2024-01-26 07:40:52,47.67,0.0,0.0,4,Success,Purchase,Chennai,INR,False
TXN-20240126-0002073,WALL-0112418,MERCH-00362,PM-01,DEV-01,2024-01-26 14:32:22,12.49,0.0,0.0,1,Success,Bill Payment,Mandalay,MMK,False
TXN-20240126-0002074,WALL-0100203,MERCH-00121,PM-03,DEV-02,2024-01-26 12:37:47,133.56,1.0684,0.0,13,Success,Purchase,Mawlamyine,MMK,False
TXN-20240126-0002075,WALL-0025140,MERCH-00153,PM-02,DEV-01,2024-01-26 21:03:21,54.48,0.109,2.7239,5,Success,Purchase,Bali,PKR,False
TXN-20240126-0002076,WALL-0007122,MERCH-00170,PM-01,DEV-01,2024-01-26 21:23:52,62.67,0.0,3.1337,6,Success,Purchase,Chittagong,BDT,False
TXN-20240126-0002077,WALL-0114413,MERCH-00070,PM-03,DEV-03,2024-01-26 13:58:59,29.74,0.2379,0.5948,2,Success,Purchase,Bago,MMK,False
TXN-20240126-0002078,WALL-0114216,MERCH-00273,PM-04,DEV-01,2024-01-26 21:48:31,716.57,14.3314,57.3256,143,Success,Purchase,Hanoi,VND,False
TXN-20240126-0002079,WALL-0002921,MERCH-00317,PM-02,DEV-02,2024-01-26 07:35:36,132.62,0.2652,0.0,13,Success,Bill Payment,Mandalay,MMK,False
TXN-20240126-0002080,WALL-0135684,MERCH-00164,PM-05,DEV-01,2024-01-26 19:53:15,57.32,0.0,2.8659,5,Success,Purchase,Yangon,MMK,False
TXN-20240126-0002081,WALL-0111560,MERCH-00482,PM-04,DEV-01,2024-01-26 02:42:54,375.76,7.5153,0.0,37,Success,Payment,Myitkyina,MMK,False
TXN-20240126-0002082,WALL-0019057,MERCH-00110,PM-03,DEV-02,2024-01-26 13:02:28,34.14,0.2731,0.0,3,Success,Purchase,Ahmedabad,INR,False
TXN-20240126-0002083,WALL-0089699,MERCH-00312,PM-03,DEV-01,2024-01-26 17:59:11,47.09,0.3767,0.0,4,Success,Bill Payment,Siem Reap,MMK,False
TXN-20240126-0002084,WALL-0085852,MERCH-00315,PM-03,DEV-03,2024-01-26 12:03:15,67.38,0.5391,0.0,0,Reversed,Bill Payment,Kolkata,INR,False
TXN-20240126-0002085,WALL-0053945,MERCH-00315,PM-04,DEV-01,2024-01-26 17:11:07,52.29,1.0458,0.0,5,Success,Bill Payment,Mandalay,MMK,False
TXN-20240126-0002086,WALL-0147155,MERCH-00131,PM-04,DEV-02,2024-01-26 05:30:26,143.41,2.8683,0.0,0,Reversed,Purchase,Taunggyi,MMK,True
TXN-20240126-0002087,WALL-0062627,MERCH-00197,PM-01,DEV-01,2024-01-26 19:18:18,9.26,0.0,0.0,0,Pending,Purchase,Siem Reap,KHR,False
TXN-20240126-0002088,WALL-0110585,MERCH-00010,PM-01,DEV-01,2024-01-26 19:14:20,33.43,0.0,0.6685,3,Success,Purchase,Mandalay,MMK,False
TXN-20240126-0002089,WALL-0092306,MERCH-00002,PM-02,DEV-02,2024-01-26 19:15:10,17.86,0.0357,0.0,0,Reversed,Purchase,Naypyidaw,MMK,False
TXN-20240126-0002090,WALL-0082256,MERCH-00462,PM-01,DEV-01,2024-01-26 06:29:16,127.72,0.0,0.0,12,Success,Payment,Penang,MYR,False
TXN-20240126-0002091,WALL-0057713,MERCH-00311,PM-02,DEV-01,2024-01-26 12:41:36,134.64,0.2693,0.0,13,Success,Bill Payment,Taunggyi,MMK,False
TXN-20240126-0002092,WALL-0052847,MERCH-00080,PM-02,DEV-02,2024-01-26 16:50:27,10.37,0.0207,0.2073,1,Success,Purchase,Pathein,MMK,False
TXN-20240126-0002093,WALL-0140340,MERCH-00265,PM-04,DEV-05,2024-01-26 21:06:24,16.4,0.3281,0.0,1,Success,Subscription,Naypyidaw,MMK,False
TXN-20240126-0002094,WALL-0143261,MERCH-00102,PM-01,DEV-01,2024-01-26 20:14:46,76.18,0.0,0.0,7,Success,Purchase,Mandalay,MMK,False
TXN-20240126-0002095,WALL-0094558,MERCH-00023,PM-02,DEV-01,2024-01-26 20:35:41,34.07,0.0681,0.6814,3,Success,Purchase,Chittagong,MMK,False
TXN-20240126-0002096,WALL-0054108,MERCH-00052,PM-03,DEV-01,2024-01-26 09:17:34,7.11,0.0569,0.1421,0,Success,Purchase,Taunggyi,MMK,False
TXN-20240126-0002097,WALL-0020428,MERCH-00199,PM-01,DEV-03,2024-01-26 10:25:16,10.33,0.0,0.0,1,Success,Purchase,Hanoi,VND,False
TXN-20240126-0002098,WALL-0007302,MERCH-00422,PM-03,DEV-01,2024-01-26 18:16:24,126.97,1.0158,0.0,12,Success,Payment,Kuala Lumpur,MYR,False
TXN-20240126-0002099,WALL-0100993,MERCH-00122,PM-01,DEV-01,2024-01-26 20:26:14,32.47,0.0,0.0,3,Success,Purchase,Mawlamyine,MMK,False
TXN-20240126-0002100,WALL-0117887,MERCH-00025,PM-03,DEV-02,2024-01-26 05:48:15,20.87,0.167,0.4175,2,Success,Purchase,Bago,MMK,False
TXN-20240126-0002101,WALL-0060033,MERCH-00060,PM-01,DEV-01,2024-01-26 17:38:56,11.75,0.0,0.2351,1,Success,Purchase,Kuala Lumpur,MYR,False
TXN-20240126-0002102,WALL-0129884,MERCH-00343,PM-01,DEV-02,2024-01-26 15:45:21,30.05,0.0,0.0,3,Success,Bill Payment,Islamabad,PKR,False
TXN-20240126-0002103,WALL-0076416,MERCH-00449,PM-04,DEV-01,2024-01-26 05:26:39,50.0,1.0,0.0,5,Success,Tax Payment,Phuket,THB,False
TXN-20240126-0002104,WALL-0028896,MERCH-00445,PM-02,DEV-03,2024-01-26 17:54:47,83.23,0.1665,0.0,8,Success,Tax Payment,Yangon,MMK,False
TXN-20240126-0002105,WALL-0118978,MERCH-00019,PM-01,DEV-01,2024-01-26 17:09:38,8.4,0.0,0.168,0,Success,Purchase,Bangalore,INR,False
TXN-20240126-0002106,WALL-0013826,MERCH-00144,PM-04,DEV-04,2024-01-26 01:45:05,382.62,7.6525,19.1312,38,Success,Purchase,Pokhara,NPR,False
TXN-20240126-0002107,WALL-0075024,MERCH-00422,PM-01,DEV-01,2024-01-26 19:59:58,20.0,0.0,0.0,0,Failed,Payment,Mawlamyine,MMK,False
TXN-20240126-0002108,WALL-0064644,MERCH-00290,PM-01,DEV-01,2024-01-26 13:59:39,735.23,0.0,58.8186,147,Success,Purchase,Taunggyi,MMK,False
TXN-20240126-0002109,WALL-0138317,MERCH-00131,PM-02,DEV-01,2024-01-26 18:24:07,20.0,0.04,1.0,2,Success,Purchase,Quezon City,PHP,False
TXN-20240126-0002110,WALL-0077841,MERCH-00022,PM-01,DEV-03,2024-01-26 16:54:02,6.42,0.0,0.1284,0,Success,Purchase,Yangon,MMK,False
TXN-20240126-0002111,WALL-0008196,MERCH-00156,PM-01,DEV-01,2024-01-26 16:43:35,75.32,0.0,3.7661,7,Success,Purchase,Pattaya,MMK,False
TXN-20240126-0002112,WALL-0123748,MERCH-00268,PM-04,DEV-02,2024-01-26 20:10:38,23.35,0.467,0.0,2,Success,Subscription,Hanoi,VND,False
TXN-20240126-0002113,WALL-0084216,MERCH-00053,PM-01,DEV-01,2024-01-26 13:11:22,12.74,0.0,0.2548,1,Success,Purchase,Phnom Penh,KHR,False
TXN-20240126-0002114,WALL-0063318,MERCH-00064,PM-02,DEV-01,2024-01-26 23:55:49,10.0,0.02,0.1999,0,Success,Purchase,Chittagong,BDT,False
TXN-20240126-0002115,WALL-0093465,MERCH-00325,PM-02,DEV-02,2024-01-26 18:10:07,28.83,0.0577,0.0,2,Success,Bill Payment,Mandalay,MMK,False
TXN-20240126-0002116,WALL-0070248,MERCH-00103,PM-04,DEV-01,2024-01-26 17:55:55,33.94,0.6788,0.0,3,Success,Purchase,Kandy,LKR,False
TXN-20240126-0002117,WALL-0023966,MERCH-00457,PM-01,DEV-01,2024-01-26 07:18:28,163.98,0.0,0.0,16,Success,Payment,Davao,IDR,False
TXN-20240126-0002118,WALL-0148621,MERCH-00168,PM-01,DEV-03,2024-01-26 19:39:00,210.89,0.0,10.5446,21,Success,Purchase,Surabaya,MMK,False
TXN-20240126-0002119,WALL-0145154,MERCH-00296,PM-01,DEV-02,2024-01-26 23:42:44,273.57,0.0,21.8859,54,Success,Purchase,Bago,MMK,False
TXN-20240126-0002120,WALL-0122305,MERCH-00276,PM-03,DEV-01,2024-01-26 09:07:24,858.21,6.8657,68.6567,171,Success,Purchase,Phnom Penh,KHR,False
TXN-20240126-0002121,WALL-0146134,MERCH-00148,PM-04,DEV-01,2024-01-26 16:12:01,60.02,1.2005,3.0012,6,Success,Purchase,Kolkata,VND,False
TXN-20240126-0002122,WALL-0147009,MERCH-00158,PM-04,DEV-01,2024-01-26 16:58:28,69.52,1.3904,3.4759,6,Success,Purchase,Cebu City,PHP,False
TXN-20240126-0002123,WALL-0036652,MERCH-00043,PM-01,DEV-05,2024-01-26 12:01:21,15.22,0.0,0.3043,1,Success,Purchase,Phuket,THB,False
TXN-20240126-0002124,WALL-0069919,MERCH-00178,PM-01,DEV-05,2024-01-26 07:04:25,520.48,0.0,26.024,52,Success,Purchase,Taunggyi,MMK,False
TXN-20240126-0002125,WALL-0036060,MERCH-00300,PM-04,DEV-03,2024-01-26 23:57:34,563.19,11.2638,0.0,0,Pending,Purchase,Singapore,SGD,False
TXN-20240126-0002126,WALL-0025835,MERCH-00253,PM-04,DEV-02,2024-01-26 19:43:21,27.61,0.5521,0.0,2,Success,Subscription,Bangkok,THB,False
TXN-20240126-0002127,WALL-0069068,MERCH-00196,PM-03,DEV-01,2024-01-26 07:18:37,29.34,0.2347,0.0,2,Success,Purchase,Pokhara,BDT,False
TXN-20240126-0002128,WALL-0137664,MERCH-00020,PM-01,DEV-01,2024-01-26 20:30:36,14.93,0.0,0.2986,1,Success,Purchase,Taunggyi,MMK,False
TXN-20240126-0002129,WALL-0135199,MERCH-00013,PM-02,DEV-05,2024-01-26 14:34:38,12.23,0.0245,0.2445,1,Success,Purchase,Bangkok,THB,False
TXN-20240126-0002130,WALL-0128537,MERCH-00024,PM-01,DEV-01,2024-01-26 08:07:14,20.86,0.0,0.4173,2,Success,Purchase,Mawlamyine,MMK,False
TXN-20240126-0002131,WALL-0102889,MERCH-00082,PM-01,DEV-05,2024-01-26 16:19:10,60.23,0.0,0.0,6,Success,Purchase,Surabaya,IDR,False
TXN-20240126-0002132,WALL-0040070,MERCH-00164,PM-01,DEV-04,2024-01-26 19:40:42,20.0,0.0,0.0,0,Failed,Purchase,Cebu City,PHP,False
TXN-20240126-0002133,WALL-0046814,MERCH-00324,PM-01,DEV-03,2024-01-26 12:32:03,57.42,0.0,0.0,5,Success,Bill Payment,Taunggyi,MMK,False
TXN-20240126-0002134,WALL-0033652,MERCH-00316,PM-03,DEV-01,2024-01-26 19:54:41,106.69,0.8535,0.0,10,Success,Bill Payment,Mandalay,MMK,False
TXN-20240126-0002135,WALL-0138497,MERCH-00010,PM-02,DEV-02,2024-01-26 17:26:30,11.0,0.022,0.2199,1,Success,Purchase,Kolkata,THB,False
TXN-20240126-0002136,WALL-0126631,MERCH-00162,PM-01,DEV-01,2024-01-26 18:29:32,32.68,0.0,0.0,0,Failed,Purchase,Hyderabad,MMK,False
TXN-20240126-0002137,WALL-0014565,MERCH-00019,PM-03,DEV-02,2024-01-26 19:39:41,43.28,0.3463,0.8657,4,Success,Purchase,Lahore,PKR,False
TXN-20240126-0002138,WALL-0019611,MERCH-00107,PM-03,DEV-01,2024-01-26 19:47:48,46.63,0.373,0.0,4,Success,Purchase,Singapore,SGD,False
TXN-20240126-0002139,WALL-0041416,MERCH-00176,PM-03,DEV-05,2024-01-26 12:04:59,160.32,1.2825,8.0159,16,Success,Purchase,Pathein,MMK,False
TXN-20240126-0002140,WALL-0054953,MERCH-00402,PM-01,DEV-02,2024-01-26 09:16:04,20.0,0.0,0.0,2,Success,Payment,Chittagong,BDT,False
TXN-20240126-0002141,WALL-0138938,MERCH-00383,PM-03,DEV-01,2024-01-26 19:18:50,59.63,0.4771,0.0,5,Success,Purchase,Taunggyi,MMK,False
TXN-20240126-0002142,WALL-0126334,MERCH-00424,PM-02,DEV-01,2024-01-26 11:12:00,22.25,0.0445,0.0,2,Success,Payment,Johor Bahru,MYR,False
TXN-20240126-0002143,WALL-0122418,MERCH-00035,PM-01,DEV-02,2024-01-26 13:46:55,19.72,0.0,0.3943,1,Success,Purchase,Jakarta,IDR,False
TXN-20240126-0002144,WALL-0130663,MERCH-00019,PM-01,DEV-02,2024-01-26 18:58:23,13.71,0.0,0.2742,1,Success,Purchase,Penang,MYR,False
TXN-20240126-0002145,WALL-0092976,MERCH-00369,PM-02,DEV-02,2024-01-26 06:11:50,32.41,0.0648,0.0,3,Success,Bill Payment,Cebu City,MMK,False
TXN-20240126-0002146,WALL-0029389,MERCH-00163,PM-02,DEV-01,2024-01-26 21:14:27,49.02,0.098,2.4511,4,Success,Purchase,Hyderabad,INR,False
TXN-20240126-0002147,WALL-0015385,MERCH-00396,PM-01,DEV-03,2024-01-26 11:21:58,63.64,0.0,0.0,6,Success,Purchase,Hanoi,VND,False
TXN-20240126-0002148,WALL-0052857,MERCH-00435,PM-02,DEV-03,2024-01-26 19:30:06,71.92,0.1438,0.0,7,Success,Tax Payment,Taunggyi,MMK,False
TXN-20240126-0002149,WALL-0024319,MERCH-00116,PM-02,DEV-01,2024-01-26 12:22:48,85.92,0.1718,0.0,8,Success,Purchase,Yangon,MMK,False
TXN-20240126-0002150,WALL-0114280,MERCH-00034,PM-02,DEV-01,2024-01-26 21:29:51,9.09,0.0182,0.1818,0,Success,Purchase,Islamabad,PKR,False
TXN-20240126-0002151,WALL-0084093,MERCH-00328,PM-01,DEV-01,2024-01-26 17:06:49,20.0,0.0,0.0,2,Success,Bill Payment,Mandalay,MMK,False
TXN-20240126-0002152,WALL-0115602,MERCH-00373,PM-03,DEV-01,2024-01-26 21:12:14,48.38,0.387,0.0,4,Success,Purchase,Bandung,IDR,False
TXN-20240126-0002153,WALL-0110618,MERCH-00034,PM-03,DEV-01,2024-01-26 10:48:54,9.69,0.0775,0.1938,0,Success,Purchase,Pattaya,THB,False
TXN-20240126-0002154,WALL-0059557,MERCH-00131,PM-02,DEV-02,2024-01-26 16:27:59,298.42,0.5968,14.9208,29,Success,Purchase,Kathmandu,NPR,False
TXN-20240126-0002155,WALL-0001170,MERCH-00276,PM-01,DEV-02,2024-01-26 08:26:28,382.93,0.0,30.6341,76,Success,Purchase,Pattaya,THB,False
TXN-20240126-0002156,WALL-0092188,MERCH-00021,PM-01,DEV-01,2024-01-26 21:33:12,50.75,0.0,1.015,5,Success,Purchase,Surabaya,IDR,False
TXN-20240126-0002157,WALL-0003246,MERCH-00356,PM-03,DEV-03,2024-01-26 17:25:58,65.44,0.5235,0.0,6,Success,Bill Payment,Mandalay,MMK,False
TXN-20240126-0002158,WALL-0120011,MERCH-00432,PM-02,DEV-01,2024-01-26 15:17:32,481.69,0.9634,0.0,0,Failed,Tax Payment,Myitkyina,MMK,False
TXN-20240126-0002159,WALL-0132938,MERCH-00412,PM-01,DEV-01,2024-01-26 19:31:02,249.72,0.0,0.0,24,Success,Payment,Mawlamyine,MMK,False
TXN-20240126-0002160,WALL-0005184,MERCH-00203,PM-02,DEV-02,2024-01-26 08:50:16,5.0,0.01,0.0,0,Success,Purchase,Ahmedabad,INR,False
TXN-20240126-0002161,WALL-0071948,MERCH-00178,PM-01,DEV-02,2024-01-26 23:12:53,568.33,0.0,28.4166,56,Success,Purchase,Quezon City,PHP,False
TXN-20240126-0002162,WALL-0021844,MERCH-00153,PM-01,DEV-01,2024-01-26 12:39:27,140.45,0.0,7.0223,14,Success,Purchase,Taunggyi,MMK,False
TXN-20240126-0002163,WALL-0107874,MERCH-00343,PM-01,DEV-01,2024-01-26 01:37:42,24.81,0.0,0.0,2,Success,Bill Payment,Pathein,MMK,False
TXN-20240126-0002164,WALL-0101427,MERCH-00005,PM-01,DEV-03,2024-01-26 19:24:42,36.27,0.0,0.7253,3,Success,Purchase,Bangalore,IDR,False
TXN-20240126-0002165,WALL-0141162,MERCH-00165,PM-04,DEV-02,2024-01-26 14:25:39,185.69,3.7138,9.2844,18,Success,Purchase,Mandalay,MMK,False
TXN-20240126-0002166,WALL-0076536,MERCH-00486,PM-01,DEV-02,2024-01-26 21:01:18,616.79,0.0,0.0,0,Failed,Payment,Kuala Lumpur,MYR,False
TXN-20240126-0002167,WALL-0107647,MERCH-00416,PM-01,DEV-02,2024-01-26 10:24:02,700.0,0.0,0.0,70,Success,Payment,Kandy,LKR,False
TXN-20240126-0002168,WALL-0119624,MERCH-00051,PM-01,DEV-01,2024-01-26 15:58:34,12.7,0.0,0.254,1,Success,Purchase,Cebu City,MMK,False
TXN-20240126-0002169,WALL-0080326,MERCH-00181,PM-01,DEV-03,2024-01-26 13:57:59,35.21,0.0,1.7606,3,Success,Purchase,Quezon City,MMK,False
TXN-20240126-0002170,WALL-0001729,MERCH-00126,PM-02,DEV-03,2024-01-26 08:38:05,19.36,0.0387,0.0,1,Success,Purchase,Kathmandu,MMK,False
TXN-20240126-0002171,WALL-0119511,MERCH-00403,PM-01,DEV-01,2024-01-26 21:33:13,24.49,0.0,0.0,2,Success,Payment,Pathein,MMK,False
TXN-20240126-0002172,WALL-0135768,MERCH-00398,PM-02,DEV-01,2024-01-26 12:19:02,70.46,0.1409,0.0,7,Success,Purchase,Kolkata,INR,False
TXN-20240126-0002173,WALL-0000941,MERCH-00033,PM-01,DEV-02,2024-01-26 14:27:28,13.1,0.0,0.2621,1,Success,Purchase,Pathein,MMK,False
TXN-20240126-0002174,WALL-0052508,MERCH-00408,PM-01,DEV-01,2024-01-26 13:47:57,22.06,0.0,0.0,2,Success,Payment,Taunggyi,MMK,False
TXN-20240126-0002175,WALL-0014069,MERCH-00296,PM-01,DEV-01,2024-01-26 06:51:20,529.5,0.0,42.3599,105,Success,Purchase,Yangon,MMK,False
TXN-20240126-0002176,WALL-0071873,MERCH-00356,PM-03,DEV-01,2024-01-26 17:26:04,78.63,0.629,0.0,7,Success,Bill Payment,Karachi,PKR,False
TXN-20240126-0002177,WALL-0013968,MERCH-00046,PM-01,DEV-01,2024-01-26 07:44:35,25.03,0.0,0.5006,2,Success,Purchase,Phnom Penh,KHR,False
TXN-20240126-0002178,WALL-0110914,MERCH-00396,PM-03,DEV-01,2024-01-26 21:38:12,67.89,0.5431,0.0,6,Success,Purchase,Pattaya,THB,False
TXN-20240126-0002179,WALL-0021715,MERCH-00422,PM-04,DEV-01,2024-01-26 17:01:38,107.57,2.1514,0.0,10,Success,Payment,Naypyidaw,MMK,False
TXN-20240126-0002180,WALL-0032549,MERCH-00034,PM-01,DEV-01,2024-01-26 16:33:59,14.55,0.0,0.2909,1,Success,Purchase,Surabaya,IDR,False
TXN-20240126-0002181,WALL-0009528,MERCH-00020,PM-02,DEV-01,2024-01-26 20:05:06,28.45,0.0569,0.5691,2,Success,Purchase,Pune,INR,False
TXN-20240126-0002182,WALL-0113083,MERCH-00170,PM-05,DEV-02,2024-01-26 09:22:06,40.34,0.0,2.0172,4,Success,Purchase,Yangon,MMK,False
TXN-20240126-0002183,WALL-0063238,MERCH-00252,PM-01,DEV-01,2024-01-26 21:14:42,10.61,0.0,0.0,1,Success,Subscription,Johor Bahru,MYR,False
TXN-20240126-0002184,WALL-0136220,MERCH-00348,PM-02,DEV-01,2024-01-26 20:54:56,53.8,0.1076,0.0,5,Success,Bill Payment,Pathein,MMK,False
TXN-20240126-0002185,WALL-0073355,MERCH-00049,PM-01,DEV-01,2024-01-26 13:46:03,5.53,0.0,0.0,0,Pending,Purchase,Islamabad,PKR,False
TXN-20240126-0002186,WALL-0094117,MERCH-00080,PM-01,DEV-01,2024-01-26 09:36:24,11.12,0.0,0.2224,1,Success,Purchase,Pune,INR,False
TXN-20240126-0002187,WALL-0099596,MERCH-00099,PM-02,DEV-01,2024-01-26 14:11:05,77.36,0.1547,0.0,7,Success,Purchase,Khon Kaen,THB,False
TXN-20240126-0002188,WALL-0088568,MERCH-00290,PM-01,DEV-02,2024-01-26 21:15:25,479.18,0.0,38.3345,95,Success,Purchase,Johor Bahru,MYR,False
TXN-20240126-0002189,WALL-0034883,MERCH-00418,PM-03,DEV-01,2024-01-26 02:10:21,142.38,1.139,0.0,14,Success,Payment,Pathein,MMK,False
TXN-20240126-0002190,WALL-0011860,MERCH-00073,PM-04,DEV-01,2024-01-26 00:02:59,9.55,0.191,0.191,0,Success,Purchase,Medan,MMK,False
TXN-20240126-0002191,WALL-0108861,MERCH-00002,PM-01,DEV-02,2024-01-26 13:56:28,24.02,0.0,0.4803,2,Success,Purchase,Pokhara,NPR,False
TXN-20240126-0002192,WALL-0042592,MERCH-00169,PM-04,DEV-01,2024-01-26 18:16:56,409.97,8.1995,0.0,0,Failed,Purchase,Singapore,SGD,False
TXN-20240126-0002193,WALL-0117820,MERCH-00431,PM-04,DEV-03,2024-01-26 15:20:09,73.26,1.4653,0.0,7,Success,Tax Payment,Phuket,THB,False
TXN-20240126-0002194,WALL-0051388,MERCH-00441,PM-04,DEV-01,2024-01-26 14:48:38,108.37,2.1675,0.0,10,Success,Tax Payment,Hanoi,MMK,False
TXN-20240126-0002195,WALL-0085191,MERCH-00349,PM-01,DEV-01,2024-01-26 11:47:07,100.0,0.0,0.0,10,Success,Bill Payment,Hanoi,VND,False
TXN-20240126-0002196,WALL-0091921,MERCH-00230,PM-01,DEV-03,2024-01-26 14:15:41,7.51,0.0,0.0,0,Success,Purchase,Islamabad,PKR,False
TXN-20240126-0002197,WALL-0025206,MERCH-00216,PM-03,DEV-01,2024-01-26 06:19:21,6.09,0.0487,0.0,0,Success,Purchase,Kathmandu,NPR,False
TXN-20240126-0002198,WALL-0035733,MERCH-00361,PM-02,DEV-01,2024-01-26 09:51:07,46.46,0.0929,0.0,4,Success,Bill Payment,Naypyidaw,MMK,False
TXN-20240126-0002199,WALL-0093509,MERCH-00436,PM-04,DEV-01,2024-01-26 12:19:18,268.47,5.3693,0.0,26,Success,Tax Payment,Kathmandu,NPR,False
TXN-20240126-0002200,WALL-0147865,MERCH-00418,PM-01,DEV-01,2024-01-26 20:22:56,87.45,0.0,0.0,8,Success,Payment,Mawlamyine,MMK,False
TXN-20240126-0002201,WALL-0009172,MERCH-00357,PM-02,DEV-01,2024-01-26 18:07:43,31.94,0.0639,0.0,3,Success,Bill Payment,Surabaya,IDR,False
TXN-20240126-0002202,WALL-0101392,MERCH-00299,PM-01,DEV-03,2024-01-26 10:30:59,1624.66,0.0,129.9728,324,Success,Purchase,Pattaya,THB,False
TXN-20240126-0002203,WALL-0149060,MERCH-00240,PM-02,DEV-02,2024-01-26 08:41:54,21.0,0.042,0.0,2,Success,Subscription,Chittagong,BDT,False
TXN-20240126-0002204,WALL-0023710,MERCH-00067,PM-04,DEV-01,2024-01-26 22:10:25,20.94,0.4188,0.4188,2,Success,Purchase,Ahmedabad,INR,False
TXN-20240126-0002205,WALL-0053212,MERCH-00403,PM-03,DEV-01,2024-01-26 14:38:11,40.8,0.3264,0.0,4,Success,Payment,Naypyidaw,MMK,False
TXN-20240126-0002206,WALL-0050087,MERCH-00153,PM-02,DEV-01,2024-01-26 20:27:06,69.02,0.138,3.4511,6,Success,Purchase,Naypyidaw,MMK,False
TXN-20240126-0002207,WALL-0127973,MERCH-00054,PM-01,DEV-01,2024-01-26 02:05:32,6.83,0.0,0.1366,0,Success,Purchase,Chiang Mai,THB,False
TXN-20240126-0002208,WALL-0106837,MERCH-00252,PM-01,DEV-05,2024-01-26 09:49:38,5.0,0.0,0.0,0,Success,Subscription,Taunggyi,MMK,False
TXN-20240126-0002209,WALL-0106513,MERCH-00367,PM-01,DEV-01,2024-01-26 20:13:48,19.14,0.0,0.0,1,Success,Bill Payment,Kathmandu,NPR,False
TXN-20240126-0002210,WALL-0149416,MERCH-00333,PM-03,DEV-01,2024-01-26 11:37:03,75.62,0.6049,0.0,7,Success,Bill Payment,Quezon City,PHP,False
TXN-20240126-0002211,WALL-0141251,MERCH-00179,PM-02,DEV-03,2024-01-26 21:58:06,20.0,0.04,1.0,2,Success,Purchase,Naypyidaw,MMK,False
TXN-20240126-0002212,WALL-0125075,MERCH-00116,PM-05,DEV-01,2024-01-26 01:09:25,132.6,0.0,0.0,13,Success,Purchase,Bago,MMK,False
TXN-20240126-0002213,WALL-0027438,MERCH-00373,PM-03,DEV-01,2024-01-26 20:53:39,120.0,0.96,0.0,12,Success,Purchase,Bangkok,THB,False
TXN-20240126-0002214,WALL-0059173,MERCH-00057,PM-04,DEV-05,2024-01-26 18:44:02,17.77,0.3555,0.3555,1,Success,Purchase,Cebu City,PHP,False
TXN-20240126-0002215,WALL-0059481,MERCH-00097,PM-01,DEV-01,2024-01-26 19:30:15,81.92,0.0,0.0,8,Success,Purchase,Naypyidaw,MMK,False
TXN-20240126-0002216,WALL-0078262,MERCH-00360,PM-05,DEV-01,2024-01-26 17:04:44,13.8,0.0,0.0,1,Success,Bill Payment,Mawlamyine,MMK,False
TXN-20240126-0002217,WALL-0149393,MERCH-00048,PM-03,DEV-03,2024-01-26 18:40:58,13.0,0.104,0.26,1,Success,Purchase,Hyderabad,MMK,False
TXN-20240126-0002218,WALL-0040268,MERCH-00360,PM-01,DEV-01,2024-01-26 18:36:21,48.64,0.0,0.0,4,Success,Bill Payment,Kuala Lumpur,VND,False
TXN-20240126-0002219,WALL-0004927,MERCH-00355,PM-04,DEV-05,2024-01-26 17:02:02,28.1,0.5621,0.0,2,Success,Bill Payment,Pathein,MMK,False
TXN-20240126-0002220,WALL-0088425,MERCH-00412,PM-01,DEV-01,2024-01-26 15:56:42,200.12,0.0,0.0,0,Reversed,Payment,Naypyidaw,MMK,False
TXN-20240126-0002221,WALL-0067916,MERCH-00179,PM-04,DEV-03,2024-01-26 14:23:15,94.65,1.8931,4.7327,9,Success,Purchase,Quezon City,PHP,False
TXN-20240126-0002222,WALL-0029739,MERCH-00042,PM-01,DEV-01,2024-01-26 16:34:47,39.01,0.0,0.7801,3,Success,Purchase,Naypyidaw,MMK,False
TXN-20240126-0002223,WALL-0116596,MERCH-00238,PM-02,DEV-03,2024-01-26 17:12:10,7.97,0.0159,0.0,0,Success,Subscription,Mawlamyine,MMK,False
TXN-20240126-0002224,WALL-0129079,MERCH-00023,PM-01,DEV-03,2024-01-26 18:15:30,15.63,0.0,0.3126,1,Success,Purchase,Yangon,MMK,False
TXN-20240126-0002225,WALL-0131256,MERCH-00206,PM-03,DEV-03,2024-01-26 08:35:25,14.27,0.1142,0.0,1,Success,Purchase,Da Nang,VND,False
TXN-20240126-0002226,WALL-0052529,MERCH-00109,PM-04,DEV-02,2024-01-26 08:21:20,61.06,1.2213,0.0,6,Success,Purchase,Davao,PHP,False
TXN-20240126-0002227,WALL-0116144,MERCH-00360,PM-04,DEV-03,2024-01-26 07:02:11,44.3,0.886,0.0,0,Failed,Bill Payment,Lahore,PKR,False
TXN-20240126-0002228,WALL-0099626,MERCH-00481,PM-02,DEV-02,2024-01-26 16:20:08,128.94,0.2579,0.0,12,Success,Payment,Dhaka,BDT,False
TXN-20240126-0002229,WALL-0064051,MERCH-00169,PM-02,DEV-01,2024-01-26 07:15:34,377.15,0.7543,18.8576,37,Success,Purchase,Mawlamyine,MMK,False
TXN-20240126-0002230,WALL-0033363,MERCH-00096,PM-02,DEV-01,2024-01-26 14:26:00,43.22,0.0864,0.0,4,Success,Purchase,Naypyidaw,THB,False
TXN-20240126-0002231,WALL-0022773,MERCH-00194,PM-01,DEV-01,2024-01-26 13:44:23,19.39,0.0,0.0,1,Success,Purchase,Khon Kaen,THB,False
TXN-20240126-0002232,WALL-0055232,MERCH-00243,PM-05,DEV-01,2024-01-26 12:56:22,5.0,0.0,0.0,0,Success,Subscription,Yangon,MMK,False
TXN-20240126-0002233,WALL-0037935,MERCH-00355,PM-04,DEV-03,2024-01-26 18:18:16,60.63,1.2125,0.0,6,Success,Bill Payment,Yangon,MMK,False
TXN-20240126-0002234,WALL-0097818,MERCH-00184,PM-02,DEV-01,2024-01-26 20:55:17,75.43,0.1509,3.7715,7,Success,Purchase,Jaipur,PHP,False
TXN-20240126-0002235,WALL-0002788,MERCH-00020,PM-03,DEV-01,2024-01-26 06:31:47,25.34,0.2027,0.5067,2,Success,Purchase,Phnom Penh,KHR,False
TXN-20240126-0002236,WALL-0141229,MERCH-00147,PM-02,DEV-02,2024-01-26 17:16:10,429.28,0.8586,21.464,42,Success,Purchase,Cebu City,PHP,False
TXN-20240126-0002237,WALL-0000612,MERCH-00373,PM-01,DEV-02,2024-01-26 12:01:30,53.87,0.0,0.0,5,Success,Purchase,Mandalay,MMK,False
TXN-20240126-0002238,WALL-0023171,MERCH-00290,PM-02,DEV-01,2024-01-26 13:51:16,397.78,0.7956,31.8221,79,Success,Purchase,Phuket,THB,False
TXN-20240126-0002239,WALL-0076194,MERCH-00426,PM-02,DEV-02,2024-01-26 17:26:02,54.81,0.1096,0.0,5,Success,Payment,Chiang Mai,THB,False
TXN-20240126-0002240,WALL-0079399,MERCH-00386,PM-01,DEV-02,2024-01-26 20:59:00,139.5,0.0,0.0,13,Success,Purchase,Phuket,MMK,False
TXN-20240126-0002241,WALL-0111921,MERCH-00153,PM-02,DEV-03,2024-01-26 12:58:33,56.0,0.112,2.8,5,Success,Purchase,Bangalore,THB,False
TXN-20240126-0002242,WALL-0131942,MERCH-00066,PM-01,DEV-02,2024-01-26 13:04:18,15.09,0.0,0.3017,1,Success,Purchase,Naypyidaw,MMK,False
TXN-20240126-0002243,WALL-0046244,MERCH-00070,PM-02,DEV-01,2024-01-26 21:48:23,18.71,0.0374,0.3743,1,Success,Purchase,Chiang Mai,THB,False
TXN-20240126-0002244,WALL-0012943,MERCH-00154,PM-01,DEV-01,2024-01-26 06:20:54,44.01,0.0,2.2006,4,Success,Purchase,Colombo,LKR,False
TXN-20240126-0002245,WALL-0083201,MERCH-00045,PM-04,DEV-05,2024-01-26 19:07:01,7.96,0.1591,0.1591,0,Success,Purchase,Myitkyina,MMK,False
TXN-20240126-0002246,WALL-0081269,MERCH-00043,PM-02,DEV-02,2024-01-26 12:13:01,15.54,0.0311,0.3108,1,Success,Purchase,Surabaya,IDR,False
TXN-20240126-0002247,WALL-0083571,MERCH-00026,PM-01,DEV-01,2024-01-26 20:24:45,8.9,0.0,0.0,0,Failed,Purchase,Colombo,LKR,False
TXN-20240126-0002248,WALL-0119801,MERCH-00274,PM-03,DEV-02,2024-01-26 16:41:19,305.94,2.4475,24.4751,61,Success,Purchase,Myitkyina,MMK,False
TXN-20240126-0002249,WALL-0039310,MERCH-00187,PM-05,DEV-03,2024-01-26 15:32:32,113.61,0.0,5.6804,11,Success,Purchase,Bago,MMK,False
TXN-20240126-0002250,WALL-0019708,MERCH-00381,PM-05,DEV-03,2024-01-26 18:26:27,44.61,0.0,0.0,4,Success,Purchase,Pathein,MMK,False
TXN-20240126-0002251,WALL-0130446,MERCH-00115,PM-03,DEV-01,2024-01-26 15:02:06,63.65,0.5092,0.0,6,Success,Purchase,Chiang Mai,MMK,False
TXN-20240126-0002252,WALL-0139483,MERCH-00239,PM-05,DEV-01,2024-01-26 20:57:30,5.94,0.0,0.0,0,Success,Subscription,Phuket,NPR,False
TXN-20240126-0002253,WALL-0134267,MERCH-00372,PM-03,DEV-01,2024-01-26 00:21:45,55.45,0.4436,0.0,5,Success,Purchase,Yangon,MMK,False
TXN-20240126-0002254,WALL-0019162,MERCH-00019,PM-04,DEV-02,2024-01-26 15:08:16,31.15,0.6231,0.6231,3,Success,Purchase,Mumbai,INR,False
TXN-20240126-0002255,WALL-0036873,MERCH-00329,PM-03,DEV-03,2024-01-26 05:20:02,95.34,0.7627,0.0,9,Success,Bill Payment,Colombo,LKR,False
TXN-20240126-0002256,WALL-0117385,MERCH-00433,PM-03,DEV-02,2024-01-26 20:41:34,148.78,1.1903,0.0,14,Success,Tax Payment,Pune,INR,False
TXN-20240126-0002257,WALL-0079361,MERCH-00168,PM-05,DEV-02,2024-01-26 01:28:14,34.15,0.0,1.7073,3,Success,Purchase,Myitkyina,MMK,False
TXN-20240126-0002258,WALL-0031060,MERCH-00042,PM-02,DEV-01,2024-01-26 19:22:30,7.5,0.015,0.1499,0,Success,Purchase,Islamabad,PKR,False
TXN-20240126-0002259,WALL-0046779,MERCH-00165,PM-04,DEV-02,2024-01-26 14:33:17,189.4,3.788,9.4701,18,Success,Purchase,Penang,MYR,False
TXN-20240126-0002260,WALL-0043911,MERCH-00395,PM-01,DEV-01,2024-01-26 07:39:00,26.73,0.0,0.0,2,Success,Purchase,Phnom Penh,KHR,False
TXN-20240126-0002261,WALL-0147459,MERCH-00190,PM-04,DEV-01,2024-01-26 19:49:58,291.19,5.8238,14.5596,29,Success,Purchase,Mandalay,MMK,False
TXN-20240126-0002262,WALL-0047497,MERCH-00108,PM-01,DEV-01,2024-01-26 17:09:56,172.94,0.0,0.0,17,Success,Purchase,Bago,MMK,False
TXN-20240126-0002263,WALL-0144134,MERCH-00039,PM-01,DEV-01,2024-01-26 13:12:34,18.89,0.0,0.3778,1,Success,Purchase,Manila,PHP,False
TXN-20240126-0002264,WALL-0086700,MERCH-00372,PM-01,DEV-03,2024-01-26 20:53:33,54.95,0.0,0.0,5,Success,Purchase,Myitkyina,MMK,False
TXN-20240126-0002265,WALL-0079721,MERCH-00172,PM-03,DEV-02,2024-01-26 19:12:10,428.1,3.4248,21.4049,42,Success,Purchase,Quezon City,PHP,False
TXN-20240126-0002266,WALL-0003896,MERCH-00061,PM-02,DEV-01,2024-01-26 18:19:46,49.9,0.0998,0.9979,4,Success,Purchase,Mandalay,MMK,False
TXN-20240126-0002267,WALL-0126793,MERCH-00084,PM-01,DEV-01,2024-01-26 22:23:55,116.44,0.0,0.0,11,Success,Purchase,Naypyidaw,MMK,False
TXN-20240126-0002268,WALL-0050145,MERCH-00298,PM-04,DEV-02,2024-01-26 17:34:10,173.7,3.474,13.8961,34,Success,Purchase,Quezon City,PHP,False
TXN-20240126-0002269,WALL-0141629,MERCH-00421,PM-02,DEV-03,2024-01-26 15:15:27,213.22,0.4264,0.0,21,Success,Payment,Pune,INR,False
TXN-20240126-0002270,WALL-0037322,MERCH-00108,PM-01,DEV-01,2024-01-26 17:34:36,19.95,0.0,0.0,1,Success,Purchase,Cebu City,PHP,False
TXN-20240126-0002271,WALL-0059153,MERCH-00072,PM-01,DEV-02,2024-01-26 13:49:16,49.19,0.0,0.9839,4,Success,Purchase,Chittagong,BDT,False
TXN-20240126-0002272,WALL-0015616,MERCH-00458,PM-01,DEV-02,2024-01-26 03:57:29,50.0,0.0,0.0,5,Success,Payment,Yangon,MMK,False
TXN-20240126-0002273,WALL-0111034,MERCH-00122,PM-01,DEV-04,2024-01-26 16:24:42,40.61,0.0,0.0,4,Success,Purchase,Kolkata,INR,False
TXN-20240126-0002274,WALL-0033384,MERCH-00277,PM-01,DEV-02,2024-01-26 11:10:52,108.85,0.0,8.7078,21,Success,Purchase,Hanoi,VND,False
TXN-20240126-0002275,WALL-0106710,MERCH-00101,PM-02,DEV-02,2024-01-26 02:05:24,36.73,0.0735,0.0,3,Success,Purchase,Ahmedabad,INR,False
TXN-20240126-0002276,WALL-0098159,MERCH-00095,PM-01,DEV-05,2024-01-26 08:17:58,96.26,0.0,0.0,9,Success,Purchase,Mandalay,MMK,False
TXN-20240126-0002277,WALL-0101097,MERCH-00326,PM-01,DEV-03,2024-01-26 13:37:47,147.78,0.0,0.0,14,Success,Bill Payment,Davao,MMK,False
TXN-20240126-0002278,WALL-0059005,MERCH-00234,PM-04,DEV-03,2024-01-26 10:17:40,23.64,0.4728,0.0,2,Success,Subscription,Ahmedabad,MMK,False
TXN-20240126-0002279,WALL-0148430,MERCH-00050,PM-02,DEV-01,2024-01-26 15:08:06,10.49,0.021,0.2098,1,Success,Purchase,Phnom Penh,VND,False
TXN-20240126-0002280,WALL-0140352,MERCH-00496,PM-04,DEV-03,2024-01-26 18:32:48,229.8,4.596,0.0,22,Success,Payment,Mumbai,INR,False
TXN-20240126-0002281,WALL-0141832,MERCH-00020,PM-01,DEV-01,2024-01-26 12:30:44,89.96,0.0,1.7991,8,Success,Purchase,Islamabad,MMK,False
TXN-20240126-0002282,WALL-0084452,MERCH-00005,PM-01,DEV-03,2024-01-26 14:28:37,19.53,0.0,0.3907,1,Success,Purchase,Da Nang,VND,False
TXN-20240126-0002283,WALL-0105359,MERCH-00249,PM-02,DEV-01,2024-01-26 09:08:31,10.62,0.0212,0.0,1,Success,Subscription,Hanoi,VND,False
TXN-20240126-0002284,WALL-0055014,MERCH-00287,PM-03,DEV-01,2024-01-26 18:44:32,469.09,3.7527,37.5269,93,Success,Purchase,Mawlamyine,MMK,False
TXN-20240126-0002285,WALL-0011520,MERCH-00224,PM-04,DEV-01,2024-01-26 11:46:20,20.64,0.4128,0.0,2,Success,Purchase,Islamabad,PKR,False
TXN-20240126-0002286,WALL-0050877,MERCH-00191,PM-04,DEV-01,2024-01-26 21:12:45,49.24,0.9849,0.0,4,Success,Purchase,Chennai,INR,False
TXN-20240126-0002287,WALL-0145261,MERCH-00488,PM-01,DEV-03,2024-01-26 04:40:49,108.5,0.0,0.0,10,Success,Payment,Jaipur,INR,False
TXN-20240126-0002288,WALL-0033685,MERCH-00318,PM-01,DEV-02,2024-01-26 15:20:26,67.87,0.0,0.0,6,Success,Bill Payment,Pathein,MMK,False
TXN-20240126-0002289,WALL-0059218,MERCH-00234,PM-01,DEV-01,2024-01-26 14:33:51,12.92,0.0,0.0,1,Success,Subscription,Davao,PHP,False
TXN-20240126-0002290,WALL-0019456,MERCH-00441,PM-03,DEV-01,2024-01-26 00:21:31,939.01,7.5121,0.0,93,Success,Tax Payment,Myitkyina,MMK,False
TXN-20240126-0002291,WALL-0109051,MERCH-00039,PM-02,DEV-04,2024-01-26 05:37:20,12.09,0.0242,0.2418,1,Success,Purchase,Taunggyi,MMK,False
TXN-20240126-0002292,WALL-0057272,MERCH-00218,PM-04,DEV-01,2024-01-26 08:30:44,10.06,0.2013,0.0,1,Success,Purchase,Pathein,MMK,False
TXN-20240126-0002293,WALL-0042110,MERCH-00277,PM-02,DEV-01,2024-01-26 11:45:46,313.77,0.6275,25.1019,62,Success,Purchase,Mandalay,MMK,False
TXN-20240126-0002294,WALL-0058989,MERCH-00477,PM-01,DEV-01,2024-01-26 17:14:49,185.2,0.0,0.0,18,Success,Payment,Naypyidaw,MMK,False
TXN-20240126-0002295,WALL-0111815,MERCH-00195,PM-03,DEV-02,2024-01-26 00:55:49,8.64,0.0691,0.0,0,Success,Purchase,Yangon,MMK,False
TXN-20240126-0002296,WALL-0000073,MERCH-00137,PM-01,DEV-02,2024-01-26 12:36:10,548.98,0.0,27.4491,54,Success,Purchase,Phuket,THB,False
TXN-20240126-0002297,WALL-0119705,MERCH-00216,PM-05,DEV-01,2024-01-26 20:04:46,7.63,0.0,0.0,0,Success,Purchase,Mandalay,MMK,False
TXN-20240126-0002298,WALL-0009658,MERCH-00109,PM-03,DEV-03,2024-01-26 16:12:47,31.45,0.2516,0.0,3,Success,Purchase,Taunggyi,MMK,False
TXN-20240126-0002299,WALL-0075025,MERCH-00323,PM-02,DEV-01,2024-01-26 10:14:31,139.52,0.279,0.0,13,Success,Bill Payment,Myitkyina,MMK,False
TXN-20240126-0002300,WALL-0024229,MERCH-00083,PM-01,DEV-05,2024-01-26 14:23:19,200.0,0.0,0.0,20,Success,Purchase,Chiang Mai,THB,False
TXN-20240126-0002301,WALL-0095217,MERCH-00351,PM-02,DEV-01,2024-01-26 15:54:25,58.61,0.1172,0.0,5,Success,Bill Payment,Mawlamyine,MMK,False
TXN-20240126-0002302,WALL-0092136,MERCH-00257,PM-01,DEV-04,2024-01-26 12:33:06,5.0,0.0,0.0,0,Success,Subscription,Mawlamyine,MMK,False
TXN-20240126-0002303,WALL-0037461,MERCH-00028,PM-01,DEV-01,2024-01-26 13:28:15,62.84,0.0,1.2568,6,Success,Purchase,Mandalay,MMK,False
TXN-20240126-0002304,WALL-0038717,MERCH-00350,PM-02,DEV-02,2024-01-26 11:58:40,100.0,0.2,0.0,10,Success,Bill Payment,Colombo,LKR,False
TXN-20240126-0002305,WALL-0041591,MERCH-00374,PM-02,DEV-01,2024-01-26 17:36:39,72.76,0.1455,0.0,7,Success,Purchase,Chennai,SGD,False
TXN-20240126-0002306,WALL-0127054,MERCH-00123,PM-01,DEV-03,2024-01-26 20:21:12,72.87,0.0,0.0,7,Success,Purchase,Kandy,LKR,False
TXN-20240126-0002307,WALL-0052164,MERCH-00318,PM-01,DEV-01,2024-01-26 01:16:23,76.59,0.0,0.0,7,Success,Bill Payment,Myitkyina,MMK,False
TXN-20240126-0002308,WALL-0081372,MERCH-00355,PM-04,DEV-03,2024-01-26 00:21:21,48.77,0.9753,0.0,4,Success,Bill Payment,Taunggyi,MMK,False
TXN-20240126-0002309,WALL-0042556,MERCH-00034,PM-01,DEV-01,2024-01-26 15:24:07,60.0,0.0,1.2,6,Success,Purchase,Johor Bahru,MYR,False
TXN-20240126-0002310,WALL-0000515,MERCH-00123,PM-04,DEV-01,2024-01-26 12:28:22,70.95,1.4189,0.0,7,Success,Purchase,Phnom Penh,KHR,False
TXN-20240126-0002311,WALL-0051653,MERCH-00094,PM-01,DEV-02,2024-01-26 17:46:36,94.63,0.0,0.0,9,Success,Purchase,Jakarta,THB,False
TXN-20240126-0002312,WALL-0134445,MERCH-00312,PM-01,DEV-05,2024-01-26 20:11:24,42.9,0.0,0.0,4,Success,Bill Payment,Bangalore,MMK,False
TXN-20240126-0002313,WALL-0050828,MERCH-00091,PM-01,DEV-05,2024-01-26 14:19:36,71.82,0.0,0.0,7,Success,Purchase,Bandung,MMK,False
TXN-20240126-0002314,WALL-0013507,MERCH-00374,PM-01,DEV-01,2024-01-26 19:37:40,45.63,0.0,0.0,4,Success,Purchase,Bago,MMK,False
TXN-20240126-0002315,WALL-0021372,MERCH-00016,PM-02,DEV-01,2024-01-26 11:44:42,24.74,0.0495,0.4948,2,Success,Purchase,Kolkata,INR,False
TXN-20240126-0002316,WALL-0018722,MERCH-00043,PM-04,DEV-03,2024-01-26 21:47:58,39.06,0.7811,0.7811,3,Success,Purchase,Taunggyi,MMK,False
TXN-20240126-0002317,WALL-0114297,MERCH-00033,PM-04,DEV-01,2024-01-26 20:26:53,9.86,0.1972,0.1972,0,Success,Purchase,Naypyidaw,MMK,False
TXN-20240126-0002318,WALL-0035888,MERCH-00302,PM-02,DEV-01,2024-01-26 03:45:17,1284.52,2.569,102.7619,256,Success,Purchase,Khon Kaen,THB,False
TXN-20240126-0002319,WALL-0136773,MERCH-00203,PM-01,DEV-01,2024-01-26 19:53:37,10.41,0.0,0.0,1,Success,Purchase,Myitkyina,MMK,False
TXN-20240126-0002320,WALL-0031955,MERCH-00203,PM-04,DEV-02,2024-01-26 16:58:37,5.0,0.1,0.0,0,Success,Purchase,Phuket,NPR,False
TXN-20240126-0002321,WALL-0024106,MERCH-00336,PM-03,DEV-02,2024-01-26 06:34:58,29.91,0.2393,0.0,2,Success,Bill Payment,Phuket,THB,False
TXN-20240126-0002322,WALL-0002614,MERCH-00191,PM-03,DEV-05,2024-01-26 18:24:00,13.47,0.1077,0.0,1,Success,Purchase,Pune,MMK,False
TXN-20240126-0002323,WALL-0021648,MERCH-00004,PM-01,DEV-03,2024-01-26 07:38:28,34.7,0.0,0.694,3,Success,Purchase,Mawlamyine,MMK,False
TXN-20240126-0002324,WALL-0040325,MERCH-00201,PM-04,DEV-02,2024-01-26 14:13:22,8.65,0.173,0.0,0,Success,Purchase,Quezon City,PHP,False
TXN-20240126-0002325,WALL-0004929,MERCH-00102,PM-02,DEV-01,2024-01-26 05:55:51,55.02,0.11,0.0,5,Success,Purchase,Myitkyina,MMK,False
TXN-20240126-0002326,WALL-0115534,MERCH-00310,PM-03,DEV-02,2024-01-26 21:55:23,4428.09,35.4247,354.2475,885,Success,Purchase,Taunggyi,MMK,False
TXN-20240126-0002327,WALL-0145314,MERCH-00131,PM-04,DEV-02,2024-01-26 00:25:57,65.37,1.3074,3.2686,6,Success,Purchase,Kolkata,INR,False
TXN-20240126-0002328,WALL-0058993,MERCH-00009,PM-01,DEV-01,2024-01-26 20:37:08,58.78,0.0,1.1756,5,Success,Purchase,Ho Chi Minh City,BDT,False
TXN-20240126-0002329,WALL-0072885,MERCH-00429,PM-03,DEV-01,2024-01-26 16:18:53,43.78,0.3502,0.0,4,Success,Payment,Quezon City,MMK,False
TXN-20240126-0002330,WALL-0044133,MERCH-00005,PM-03,DEV-05,2024-01-26 00:23:33,32.76,0.2621,0.6552,3,Success,Purchase,Yangon,MMK,False
TXN-20240126-0002331,WALL-0089967,MERCH-00266,PM-02,DEV-02,2024-01-26 14:31:39,28.87,0.0577,0.0,2,Success,Subscription,Bandung,IDR,False
TXN-20240126-0002332,WALL-0023642,MERCH-00007,PM-04,DEV-02,2024-01-26 05:03:36,35.29,0.7057,0.7057,3,Success,Purchase,Mawlamyine,MMK,False
TXN-20240126-0002333,WALL-0012842,MERCH-00421,PM-03,DEV-03,2024-01-26 12:12:41,149.98,1.1999,0.0,14,Success,Payment,Da Nang,MMK,False
TXN-20240126-0002334,WALL-0101594,MERCH-00240,PM-01,DEV-01,2024-01-26 13:10:48,23.59,0.0,0.0,2,Success,Subscription,Bago,MMK,False
TXN-20240126-0002335,WALL-0136349,MERCH-00323,PM-04,DEV-01,2024-01-26 09:54:03,31.58,0.6317,0.0,3,Success,Bill Payment,Kathmandu,MMK,False
TXN-20240126-0002336,WALL-0116192,MERCH-00100,PM-01,DEV-01,2024-01-26 12:13:19,59.33,0.0,0.0,5,Success,Purchase,Myitkyina,MMK,False
TXN-20240126-0002337,WALL-0098146,MERCH-00408,PM-01,DEV-02,2024-01-26 18:28:05,385.5,0.0,0.0,38,Success,Payment,Bago,MMK,False
TXN-20240126-0002338,WALL-0005187,MERCH-00282,PM-04,DEV-03,2024-01-26 13:44:14,407.09,8.1418,32.5674,81,Success,Purchase,Medan,IDR,False
TXN-20240126-0002339,WALL-0129973,MERCH-00111,PM-02,DEV-03,2024-01-26 11:14:18,137.69,0.2754,0.0,13,Success,Purchase,Chiang Mai,THB,False
TXN-20240126-0002340,WALL-0085970,MERCH-00433,PM-01,DEV-01,2024-01-26 08:50:07,346.37,0.0,0.0,34,Success,Tax Payment,Mandalay,MMK,False
TXN-20240126-0002341,WALL-0115115,MERCH-00073,PM-04,DEV-03,2024-01-26 19:38:30,37.4,0.748,0.748,3,Success,Purchase,Mawlamyine,MMK,False
TXN-20240126-0002342,WALL-0014638,MERCH-00116,PM-01,DEV-01,2024-01-26 10:45:40,59.17,0.0,0.0,5,Success,Purchase,Chennai,INR,False
TXN-20240126-0002343,WALL-0083407,MERCH-00196,PM-02,DEV-03,2024-01-26 13:56:44,15.78,0.0316,0.0,1,Success,Purchase,Mandalay,MMK,False
TXN-20240126-0002344,WALL-0098287,MERCH-00365,PM-04,DEV-02,2024-01-26 21:25:35,28.59,0.5718,0.0,0,Reversed,Bill Payment,Cebu City,PHP,False
TXN-20240126-0002345,WALL-0019578,MERCH-00158,PM-03,DEV-01,2024-01-26 01:52:10,198.09,1.5847,9.9044,19,Success,Purchase,Kolkata,INR,False
TXN-20240126-0002346,WALL-0012494,MERCH-00015,PM-01,DEV-01,2024-01-26 19:35:30,66.4,0.0,1.3279,6,Success,Purchase,Mandalay,MMK,False
TXN-20240126-0002347,WALL-0033307,MERCH-00343,PM-02,DEV-01,2024-01-26 18:54:40,46.3,0.0926,0.0,4,Success,Bill Payment,Myitkyina,MMK,False
TXN-20240126-0002348,WALL-0045860,MERCH-00326,PM-02,DEV-02,2024-01-26 19:31:58,27.82,0.0556,0.0,2,Success,Bill Payment,Yangon,MMK,False
TXN-20240126-0002349,WALL-0007816,MERCH-00171,PM-01,DEV-01,2024-01-26 16:15:19,202.54,0.0,10.1269,20,Success,Purchase,Mandalay,MMK,False
TXN-20240126-0002350,WALL-0109609,MERCH-00109,PM-01,DEV-01,2024-01-26 21:20:11,68.33,0.0,0.0,6,Success,Purchase,Chennai,INR,False
TXN-20240126-0002351,WALL-0058825,MERCH-00104,PM-01,DEV-01,2024-01-26 15:43:28,73.78,0.0,0.0,7,Success,Purchase,Mawlamyine,MMK,False
TXN-20240126-0002352,WALL-0068374,MERCH-00152,PM-03,DEV-04,2024-01-26 06:19:59,60.5,0.484,0.0,0,Reversed,Purchase,Jaipur,MMK,False
TXN-20240126-0002353,WALL-0006743,MERCH-00308,PM-01,DEV-01,2024-01-26 16:09:19,1682.32,0.0,134.5853,336,Success,Purchase,Delhi,INR,False
TXN-20240126-0002354,WALL-0144116,MERCH-00151,PM-03,DEV-02,2024-01-26 21:53:22,208.75,1.67,10.4373,20,Success,Purchase,Pattaya,THB,False
TXN-20240126-0002355,WALL-0025002,MERCH-00118,PM-05,DEV-01,2024-01-26 08:56:00,86.92,0.0,0.0,8,Success,Purchase,Bali,IDR,False
TXN-20240126-0002356,WALL-0107444,MERCH-00415,PM-01,DEV-04,2024-01-26 20:45:58,55.65,0.0,0.0,5,Success,Payment,Singapore,IDR,False
TXN-20240126-0002357,WALL-0010070,MERCH-00089,PM-01,DEV-01,2024-01-26 06:24:42,81.76,0.0,0.0,8,Success,Purchase,Phnom Penh,KHR,False
TXN-20240126-0002358,WALL-0055535,MERCH-00277,PM-03,DEV-01,2024-01-26 13:11:31,1436.08,11.4886,114.886,287,Success,Purchase,Karachi,MMK,False
TXN-20240126-0002359,WALL-0046704,MERCH-00335,PM-01,DEV-01,2024-01-26 08:13:57,88.66,0.0,0.0,8,Success,Bill Payment,Da Nang,VND,False
TXN-20240126-0002360,WALL-0012757,MERCH-00081,PM-04,DEV-01,2024-01-26 19:45:35,38.46,0.7692,0.0,3,Success,Purchase,Kathmandu,NPR,False
TXN-20240126-0002361,WALL-0048706,MERCH-00383,PM-01,DEV-01,2024-01-26 13:00:18,61.44,0.0,0.0,6,Success,Purchase,Yangon,MMK,False
TXN-20240126-0002362,WALL-0118130,MERCH-00176,PM-02,DEV-01,2024-01-26 19:23:53,294.2,0.5884,14.71,29,Success,Purchase,Medan,IDR,False
TXN-20240126-0002363,WALL-0082746,MERCH-00178,PM-01,DEV-02,2024-01-26 20:48:27,220.84,0.0,11.0422,22,Success,Purchase,Medan,IDR,False
TXN-20240126-0002364,WALL-0088868,MERCH-00379,PM-04,DEV-01,2024-01-26 12:22:41,27.19,0.5437,0.0,2,Success,Purchase,Hanoi,VND,False
TXN-20240126-0002365,WALL-0057564,MERCH-00099,PM-04,DEV-01,2024-01-26 16:26:46,36.96,0.7392,0.0,3,Success,Purchase,Siem Reap,KHR,False
TXN-20240126-0002366,WALL-0068866,MERCH-00153,PM-01,DEV-01,2024-01-26 21:17:06,62.24,0.0,3.1118,6,Success,Purchase,Pathein,MMK,False
TXN-20240126-0002367,WALL-0055411,MERCH-00147,PM-01,DEV-01,2024-01-26 20:14:25,365.03,0.0,18.2514,36,Success,Purchase,Pokhara,INR,True
TXN-20240126-0002368,WALL-0056170,MERCH-00256,PM-03,DEV-01,2024-01-26 06:42:32,6.27,0.0501,0.0,0,Success,Subscription,Taunggyi,MMK,False
TXN-20240126-0002369,WALL-0082832,MERCH-00117,PM-01,DEV-03,2024-01-26 19:04:59,191.48,0.0,0.0,19,Success,Purchase,Singapore,SGD,False
TXN-20240126-0002370,WALL-0049950,MERCH-00229,PM-02,DEV-02,2024-01-26 11:23:15,5.0,0.01,0.0,0,Success,Purchase,Pattaya,THB,False
TXN-20240126-0002371,WALL-0057676,MERCH-00489,PM-02,DEV-02,2024-01-26 07:20:36,120.48,0.241,0.0,12,Success,Payment,Cebu City,THB,False
TXN-20240126-0002372,WALL-0000719,MERCH-00044,PM-05,DEV-01,2024-01-26 21:29:16,32.89,0.0,0.6579,3,Success,Purchase,Cebu City,PHP,False
TXN-20240126-0002373,WALL-0003564,MERCH-00193,PM-02,DEV-03,2024-01-26 17:06:55,18.82,0.0376,0.0,1,Success,Purchase,Pathein,MMK,False
TXN-20240126-0002374,WALL-0005203,MERCH-00247,PM-02,DEV-01,2024-01-26 14:02:14,12.64,0.0253,0.0,1,Success,Subscription,Myitkyina,MMK,False
TXN-20240126-0002375,WALL-0028688,MERCH-00331,PM-02,DEV-01,2024-01-26 14:49:00,89.98,0.18,0.0,8,Success,Bill Payment,Bangalore,PKR,False
TXN-20240126-0002376,WALL-0030551,MERCH-00223,PM-05,DEV-01,2024-01-26 14:22:32,11.93,0.0,0.0,1,Success,Purchase,Pathein,MMK,False
TXN-20240126-0002377,WALL-0053284,MERCH-00194,PM-04,DEV-03,2024-01-26 21:39:17,17.38,0.3477,0.0,1,Success,Purchase,Davao,PHP,False
TXN-20240126-0002378,WALL-0049157,MERCH-00406,PM-01,DEV-01,2024-01-26 06:41:45,1582.33,0.0,0.0,158,Success,Payment,Myitkyina,MMK,False
TXN-20240126-0002379,WALL-0134157,MERCH-00079,PM-01,DEV-01,2024-01-26 13:12:08,31.75,0.0,0.635,3,Success,Purchase,Pathein,MMK,False
TXN-20240126-0002380,WALL-0037289,MERCH-00383,PM-03,DEV-03,2024-01-26 04:29:59,22.92,0.1834,0.0,2,Success,Purchase,Bangkok,THB,False
TXN-20240126-0002381,WALL-0098671,MERCH-00086,PM-01,DEV-04,2024-01-26 19:48:02,29.8,0.0,0.0,2,Success,Purchase,Surabaya,IDR,False
TXN-20240126-0002382,WALL-0089913,MERCH-00276,PM-02,DEV-01,2024-01-26 12:56:14,521.51,1.043,41.7209,104,Success,Purchase,Pokhara,NPR,False
TXN-20240126-0002383,WALL-0141126,MERCH-00186,PM-05,DEV-01,2024-01-26 19:29:00,95.87,0.0,4.7937,9,Success,Purchase,Phnom Penh,MMK,False
TXN-20240126-0002384,WALL-0102617,MERCH-00335,PM-03,DEV-01,2024-01-26 12:35:21,39.64,0.3172,0.0,3,Success,Bill Payment,Kolkata,MMK,False
TXN-20240126-0002385,WALL-0131963,MERCH-00169,PM-02,DEV-02,2024-01-26 14:23:00,164.83,0.3297,0.0,0,Reversed,Purchase,Da Nang,VND,False
TXN-20240126-0002386,WALL-0149107,MERCH-00037,PM-03,DEV-01,2024-01-26 10:49:22,35.97,0.2878,0.7194,3,Success,Purchase,Siem Reap,KHR,False
TXN-20240126-0002387,WALL-0068618,MERCH-00020,PM-01,DEV-03,2024-01-26 20:00:51,13.3,0.0,0.2661,1,Success,Purchase,Myitkyina,MMK,False
TXN-20240126-0002388,WALL-0149270,MERCH-00241,PM-01,DEV-01,2024-01-26 19:39:52,14.39,0.0,0.0,1,Success,Subscription,Mawlamyine,MMK,False
TXN-20240126-0002389,WALL-0067395,MERCH-00147,PM-04,DEV-03,2024-01-26 12:49:06,143.89,2.8778,7.1946,14,Success,Purchase,Chennai,INR,False
TXN-20240126-0002390,WALL-0101901,MERCH-00433,PM-04,DEV-01,2024-01-26 09:48:47,485.23,9.7045,0.0,48,Success,Tax Payment,Mandalay,MMK,False
TXN-20240126-0002391,WALL-0094675,MERCH-00306,PM-02,DEV-01,2024-01-26 20:08:21,644.55,1.2891,0.0,0,Pending,Purchase,Naypyidaw,MMK,False
TXN-20240126-0002392,WALL-0111738,MERCH-00007,PM-05,DEV-02,2024-01-26 12:18:16,32.01,0.0,0.6403,3,Success,Purchase,Bago,MMK,False
TXN-20240126-0002393,WALL-0086947,MERCH-00039,PM-03,DEV-01,2024-01-26 18:25:11,27.97,0.2237,0.5593,2,Success,Purchase,Medan,IDR,False
TXN-20240126-0002394,WALL-0044851,MERCH-00429,PM-01,DEV-01,2024-01-26 18:15:48,503.32,0.0,0.0,50,Success,Payment,Cebu City,PHP,False
TXN-20240126-0002395,WALL-0059893,MERCH-00298,PM-02,DEV-05,2024-01-26 18:25:22,1192.89,2.3858,95.4313,238,Success,Purchase,Mawlamyine,MMK,False
TXN-20240126-0002396,WALL-0053739,MERCH-00098,PM-05,DEV-04,2024-01-26 22:44:36,27.03,0.0,0.0,2,Success,Purchase,Kandy,MMK,False
TXN-20240126-0002397,WALL-0115112,MERCH-00227,PM-04,DEV-01,2024-01-26 13:56:11,5.0,0.1,0.0,0,Success,Purchase,Pokhara,NPR,False
TXN-20240126-0002398,WALL-0072741,MERCH-00236,PM-03,DEV-03,2024-01-26 15:46:20,5.97,0.0478,0.0,0,Success,Subscription,Surabaya,IDR,False
TXN-20240126-0002399,WALL-0032199,MERCH-00230,PM-03,DEV-02,2024-01-26 15:28:36,5.0,0.04,0.0,0,Success,Purchase,Hyderabad,INR,False
TXN-20240126-0002400,WALL-0021018,MERCH-00086,PM-01,DEV-03,2024-01-26 13:03:34,26.74,0.0,0.0,2,Success,Purchase,Bago,MMK,False
TXN-20240126-0002401,WALL-0006079,MERCH-00079,PM-03,DEV-01,2024-01-26 15:28:08,11.68,0.0935,0.2337,1,Success,Purchase,Naypyidaw,MMK,False
TXN-20240126-0002402,WALL-0043471,MERCH-00029,PM-04,DEV-01,2024-01-26 15:20:27,44.0,0.8799,0.0,0,Failed,Purchase,Chennai,INR,False
TXN-20240126-0002403,WALL-0075469,MERCH-00086,PM-01,DEV-02,2024-01-26 15:59:25,89.15,0.0,0.0,8,Success,Purchase,Jakarta,INR,False
TXN-20240126-0002404,WALL-0057498,MERCH-00143,PM-01,DEV-01,2024-01-26 23:12:38,139.7,0.0,6.985,13,Success,Purchase,Jakarta,IDR,False
TXN-20240126-0002405,WALL-0092126,MERCH-00126,PM-01,DEV-03,2024-01-26 17:03:23,11.95,0.0,0.0,1,Success,Purchase,Naypyidaw,MMK,False
TXN-20240126-0002406,WALL-0033789,MERCH-00267,PM-03,DEV-01,2024-01-26 10:45:25,22.93,0.1834,0.0,2,Success,Subscription,Delhi,INR,False
TXN-20240126-0002407,WALL-0032844,MERCH-00004,PM-02,DEV-01,2024-01-26 21:19:56,13.98,0.028,0.2796,1,Success,Purchase,Taunggyi,MMK,False
TXN-20240126-0002408,WALL-0143731,MERCH-00074,PM-01,DEV-01,2024-01-26 14:35:51,9.49,0.0,0.1898,0,Success,Purchase,Myitkyina,MMK,False
TXN-20240126-0002409,WALL-0140274,MERCH-00436,PM-03,DEV-02,2024-01-26 19:38:44,267.05,2.1364,0.0,26,Success,Tax Payment,Bago,MMK,False
TXN-20240126-0002410,WALL-0120681,MERCH-00011,PM-02,DEV-01,2024-01-26 18:56:40,20.67,0.0413,0.4134,2,Success,Purchase,Jaipur,INR,False
TXN-20240126-0002411,WALL-0112286,MERCH-00379,PM-01,DEV-04,2024-01-26 07:29:01,34.58,0.0,0.0,3,Success,Purchase,Pune,MMK,False
TXN-20240126-0002412,WALL-0063016,MERCH-00121,PM-04,DEV-02,2024-01-26 07:47:00,30.17,0.6035,0.0,0,Reversed,Purchase,Naypyidaw,MMK,False
TXN-20240126-0002413,WALL-0134615,MERCH-00155,PM-01,DEV-01,2024-01-26 15:44:07,326.26,0.0,0.0,0,Failed,Purchase,Pattaya,THB,False
TXN-20240126-0002414,WALL-0118683,MERCH-00353,PM-01,DEV-01,2024-01-26 16:32:02,45.22,0.0,0.0,4,Success,Bill Payment,Pathein,MMK,False
TXN-20240126-0002415,WALL-0127639,MERCH-00463,PM-01,DEV-05,2024-01-26 03:27:51,50.0,0.0,0.0,5,Success,Payment,Myitkyina,MMK,False
TXN-20240126-0002416,WALL-0009498,MERCH-00229,PM-01,DEV-03,2024-01-26 13:47:59,12.25,0.0,0.0,1,Success,Purchase,Phuket,THB,False
TXN-20240126-0002417,WALL-0111482,MERCH-00068,PM-01,DEV-02,2024-01-26 21:48:01,19.0,0.0,0.3799,1,Success,Purchase,Mawlamyine,MMK,False
TXN-20240126-0002418,WALL-0002037,MERCH-00481,PM-01,DEV-04,2024-01-26 12:29:54,50.0,0.0,0.0,5,Success,Payment,Mandalay,MMK,False
TXN-20240126-0002419,WALL-0081408,MERCH-00435,PM-02,DEV-02,2024-01-26 21:43:22,461.93,0.9239,0.0,0,Pending,Tax Payment,Hanoi,VND,False
TXN-20240126-0002420,WALL-0057756,MERCH-00235,PM-05,DEV-03,2024-01-26 16:11:55,34.9,0.0,0.0,3,Success,Subscription,Hanoi,VND,False
TXN-20240126-0002421,WALL-0097688,MERCH-00399,PM-02,DEV-01,2024-01-26 18:55:08,80.89,0.1618,0.0,8,Success,Purchase,Bandung,IDR,False
TXN-20240126-0002422,WALL-0105558,MERCH-00384,PM-01,DEV-03,2024-01-26 13:40:29,93.99,0.0,0.0,9,Success,Purchase,Johor Bahru,MYR,False
TXN-20240126-0002423,WALL-0099027,MERCH-00186,PM-04,DEV-01,2024-01-26 19:54:03,138.77,2.7753,6.9384,13,Success,Purchase,Islamabad,PKR,False
TXN-20240126-0002424,WALL-0070447,MERCH-00130,PM-04,DEV-01,2024-01-26 16:24:53,78.36,1.5673,0.0,7,Success,Purchase,Mandalay,MMK,False
TXN-20240126-0002425,WALL-0055597,MERCH-00313,PM-01,DEV-02,2024-01-26 06:08:07,133.77,0.0,0.0,13,Success,Bill Payment,Ho Chi Minh City,VND,False
TXN-20240126-0002426,WALL-0036399,MERCH-00379,PM-01,DEV-05,2024-01-26 11:48:25,92.76,0.0,0.0,9,Success,Purchase,Naypyidaw,MMK,False
TXN-20240126-0002427,WALL-0123865,MERCH-00335,PM-01,DEV-01,2024-01-26 17:30:56,144.95,0.0,0.0,14,Success,Bill Payment,Pokhara,NPR,False
TXN-20240126-0002428,WALL-0131475,MERCH-00052,PM-05,DEV-01,2024-01-26 20:24:31,51.68,0.0,1.0336,5,Success,Purchase,Medan,IDR,False
TXN-20240126-0002429,WALL-0107893,MERCH-00205,PM-01,DEV-05,2024-01-26 18:06:43,23.63,0.0,0.0,2,Success,Purchase,Ahmedabad,MMK,False
TXN-20240126-0002430,WALL-0060906,MERCH-00454,PM-02,DEV-01,2024-01-26 20:40:58,183.7,0.3674,0.0,18,Success,Payment,Naypyidaw,MMK,False
TXN-20240126-0002431,WALL-0009175,MERCH-00025,PM-03,DEV-02,2024-01-26 07:46:05,7.27,0.0582,0.1455,0,Success,Purchase,Mandalay,MMK,False
TXN-20240126-0002432,WALL-0056233,MERCH-00114,PM-04,DEV-03,2024-01-26 21:39:40,51.69,1.0338,0.0,5,Success,Purchase,Mumbai,INR,False
TXN-20240126-0002433,WALL-0129983,MERCH-00095,PM-02,DEV-01,2024-01-26 12:47:35,73.49,0.147,0.0,7,Success,Purchase,Bago,MMK,False
TXN-20240126-0002434,WALL-0094786,MERCH-00372,PM-02,DEV-03,2024-01-26 17:09:41,28.62,0.0572,0.0,2,Success,Purchase,Mumbai,INR,False
TXN-20240126-0002435,WALL-0019254,MERCH-00130,PM-01,DEV-01,2024-01-26 01:13:43,140.0,0.0,0.0,14,Success,Purchase,Lahore,PKR,False
TXN-20240126-0002436,WALL-0051351,MERCH-00404,PM-01,DEV-05,2024-01-26 19:49:20,159.75,0.0,0.0,15,Success,Payment,Taunggyi,MMK,False
TXN-20240126-0002437,WALL-0125196,MERCH-00168,PM-01,DEV-03,2024-01-26 14:00:06,89.76,0.0,4.4882,8,Success,Purchase,Hanoi,IDR,False
TXN-20240126-0002438,WALL-0060872,MERCH-00356,PM-04,DEV-02,2024-01-26 19:49:08,37.8,0.7559,0.0,3,Success,Bill Payment,Naypyidaw,MMK,False
TXN-20240126-0002439,WALL-0053884,MERCH-00449,PM-03,DEV-01,2024-01-26 20:47:48,50.0,0.4,0.0,5,Success,Tax Payment,Taunggyi,INR,False
TXN-20240126-0002440,WALL-0100453,MERCH-00234,PM-01,DEV-01,2024-01-26 20:16:34,12.77,0.0,0.0,1,Success,Subscription,Myitkyina,MMK,False
TXN-20240126-0002441,WALL-0138834,MERCH-00441,PM-01,DEV-03,2024-01-26 20:09:25,102.22,0.0,0.0,10,Success,Tax Payment,Chittagong,BDT,False
TXN-20240126-0002442,WALL-0118390,MERCH-00311,PM-02,DEV-03,2024-01-26 17:16:38,61.74,0.1235,0.0,6,Success,Bill Payment,Pathein,MMK,False
TXN-20240126-0002443,WALL-0105659,MERCH-00256,PM-04,DEV-02,2024-01-26 20:37:37,17.53,0.3507,0.0,1,Success,Subscription,Bangalore,INR,False
TXN-20240126-0002444,WALL-0110838,MERCH-00200,PM-01,DEV-01,2024-01-26 19:56:41,5.0,0.0,0.0,0,Success,Purchase,Pattaya,THB,False
TXN-20240126-0002445,WALL-0038086,MERCH-00338,PM-04,DEV-01,2024-01-26 10:49:55,67.88,1.3576,0.0,6,Success,Bill Payment,Cebu City,PHP,False
TXN-20240126-0002446,WALL-0138366,MERCH-00121,PM-01,DEV-01,2024-01-26 21:46:46,49.21,0.0,0.0,4,Success,Purchase,Hanoi,VND,False
TXN-20240126-0002447,WALL-0020733,MERCH-00025,PM-01,DEV-01,2024-01-26 18:39:15,20.62,0.0,0.4124,2,Success,Purchase,Bangalore,INR,False
TXN-20240126-0002448,WALL-0109252,MERCH-00066,PM-01,DEV-01,2024-01-26 12:38:48,55.94,0.0,1.1188,5,Success,Purchase,Kolkata,INR,False
TXN-20240126-0002449,WALL-0064554,MERCH-00159,PM-01,DEV-04,2024-01-26 21:34:36,181.22,0.0,9.061,18,Success,Purchase,Bali,IDR,False
TXN-20240126-0002450,WALL-0019787,MERCH-00159,PM-01,DEV-01,2024-01-26 17:00:22,116.27,0.0,5.8133,11,Success,Purchase,Bangkok,THB,False
TXN-20240126-0002451,WALL-0038232,MERCH-00449,PM-04,DEV-01,2024-01-26 03:21:29,981.34,19.6268,0.0,98,Success,Tax Payment,Pathein,MMK,False
TXN-20240126-0002452,WALL-0014940,MERCH-00149,PM-01,DEV-01,2024-01-26 15:15:19,21.1,0.0,1.0548,2,Success,Purchase,Bandung,IDR,False
TXN-20240126-0002453,WALL-0079767,MERCH-00005,PM-01,DEV-01,2024-01-26 17:37:36,26.41,0.0,0.5283,2,Success,Purchase,Khon Kaen,BDT,False
TXN-20240126-0002454,WALL-0102402,MERCH-00166,PM-05,DEV-02,2024-01-26 19:29:06,66.31,0.0,3.3153,6,Success,Purchase,Bandung,IDR,False
TXN-20240126-0002455,WALL-0026437,MERCH-00032,PM-03,DEV-03,2024-01-26 12:14:30,20.58,0.1646,0.4116,2,Success,Purchase,Jakarta,IDR,False
TXN-20240126-0002456,WALL-0142885,MERCH-00030,PM-03,DEV-02,2024-01-26 15:21:17,17.79,0.1423,0.3558,1,Success,Purchase,Chittagong,BDT,False
TXN-20240126-0002457,WALL-0063024,MERCH-00330,PM-04,DEV-01,2024-01-26 18:41:06,57.21,1.1441,0.0,5,Success,Bill Payment,Lahore,MMK,False
TXN-20240126-0002458,WALL-0004481,MERCH-00101,PM-01,DEV-02,2024-01-26 21:28:32,36.77,0.0,0.0,3,Success,Purchase,Manila,PHP,False
TXN-20240126-0002459,WALL-0087472,MERCH-00003,PM-01,DEV-01,2024-01-26 13:25:13,21.84,0.0,0.4369,2,Success,Purchase,Kandy,LKR,False
TXN-20240126-0002460,WALL-0117871,MERCH-00033,PM-01,DEV-01,2024-01-26 13:13:03,20.12,0.0,0.4023,2,Success,Purchase,Bangkok,THB,False
TXN-20240126-0002461,WALL-0083798,MERCH-00023,PM-04,DEV-01,2024-01-26 22:41:05,5.92,0.1184,0.1184,0,Success,Purchase,Kandy,MMK,False
TXN-20240126-0002462,WALL-0101139,MERCH-00398,PM-01,DEV-05,2024-01-26 21:31:44,55.71,0.0,0.0,5,Success,Purchase,Ho Chi Minh City,VND,False
TXN-20240126-0002463,WALL-0017076,MERCH-00130,PM-02,DEV-01,2024-01-26 15:55:38,35.57,0.0711,0.0,3,Success,Purchase,Bandung,IDR,False
TXN-20240126-0002464,WALL-0126178,MERCH-00129,PM-03,DEV-04,2024-01-26 13:52:25,95.32,0.7625,0.0,9,Success,Purchase,Chiang Mai,MMK,False
TXN-20240126-0002465,WALL-0077879,MERCH-00016,PM-01,DEV-01,2024-01-26 15:33:32,15.97,0.0,0.3193,1,Success,Purchase,Pokhara,NPR,False
TXN-20240126-0002466,WALL-0106566,MERCH-00044,PM-03,DEV-02,2024-01-26 18:24:52,8.87,0.071,0.1775,0,Success,Purchase,Yangon,MMK,False
TXN-20240126-0002467,WALL-0072852,MERCH-00081,PM-03,DEV-01,2024-01-26 14:34:08,112.82,0.9025,0.0,11,Success,Purchase,Pokhara,NPR,False
TXN-20240126-0002468,WALL-0031158,MERCH-00412,PM-02,DEV-01,2024-01-26 12:48:52,50.26,0.1005,0.0,5,Success,Payment,Chittagong,BDT,False
TXN-20240126-0002469,WALL-0035177,MERCH-00128,PM-01,DEV-03,2024-01-26 13:52:35,39.35,0.0,0.0,3,Success,Purchase,Bangkok,MMK,False
TXN-20240126-0002470,WALL-0002461,MERCH-00108,PM-03,DEV-03,2024-01-26 07:21:56,60.18,0.4815,0.0,6,Success,Purchase,Pathein,MMK,False
TXN-20240126-0002471,WALL-0081065,MERCH-00324,PM-01,DEV-01,2024-01-26 03:34:57,115.88,0.0,0.0,11,Success,Bill Payment,Kathmandu,NPR,False
TXN-20240126-0002472,WALL-0047391,MERCH-00043,PM-01,DEV-02,2024-01-26 06:18:58,24.16,0.0,0.4831,2,Success,Purchase,Kandy,LKR,False
TXN-20240126-0002473,WALL-0021933,MERCH-00435,PM-01,DEV-01,2024-01-26 03:59:34,305.23,0.0,0.0,30,Success,Tax Payment,Bali,BDT,False
TXN-20240126-0002474,WALL-0051532,MERCH-00133,PM-03,DEV-03,2024-01-26 17:23:56,323.06,2.5845,16.153,32,Success,Purchase,Bago,MMK,False
TXN-20240126-0002475,WALL-0120509,MERCH-00161,PM-04,DEV-02,2024-01-26 20:41:13,79.27,1.5854,3.9634,7,Success,Purchase,Lahore,PKR,False
TXN-20240126-0002476,WALL-0021604,MERCH-00137,PM-02,DEV-01,2024-01-26 18:44:33,124.78,0.2496,0.0,0,Pending,Purchase,Kolkata,MMK,False
TXN-20240126-0002477,WALL-0005841,MERCH-00259,PM-02,DEV-02,2024-01-26 06:38:03,11.19,0.0224,0.0,1,Success,Subscription,Delhi,INR,False
TXN-20240126-0002478,WALL-0085581,MERCH-00394,PM-05,DEV-01,2024-01-26 12:18:19,20.84,0.0,0.0,2,Success,Purchase,Mandalay,MMK,False
TXN-20240126-0002479,WALL-0108354,MERCH-00286,PM-04,DEV-05,2024-01-26 07:19:46,1006.9,20.1379,80.5518,201,Success,Purchase,Kolkata,INR,False
TXN-20240126-0002480,WALL-0131893,MERCH-00162,PM-02,DEV-01,2024-01-26 14:46:33,20.0,0.04,1.0,2,Success,Purchase,Mawlamyine,MMK,False
TXN-20240126-0002481,WALL-0066919,MERCH-00104,PM-02,DEV-04,2024-01-26 16:15:02,23.0,0.046,0.0,2,Success,Purchase,Delhi,INR,False
TXN-20240126-0002482,WALL-0032849,MERCH-00097,PM-01,DEV-01,2024-01-26 13:39:02,28.34,0.0,0.0,2,Success,Purchase,Kolkata,INR,False
TXN-20240126-0002483,WALL-0030775,MERCH-00430,PM-02,DEV-02,2024-01-26 14:49:13,506.94,1.0139,0.0,50,Success,Payment,Bangkok,THB,False
TXN-20240126-0002484,WALL-0083270,MERCH-00432,PM-01,DEV-01,2024-01-26 14:36:52,96.91,0.0,0.0,9,Success,Tax Payment,Mumbai,MMK,False
TXN-20240126-0002485,WALL-0083846,MERCH-00118,PM-01,DEV-01,2024-01-26 15:32:10,44.08,0.0,0.0,4,Success,Purchase,Surabaya,MMK,False
TXN-20240126-0002486,WALL-0020167,MERCH-00219,PM-01,DEV-01,2024-01-26 18:16:10,10.93,0.0,0.0,1,Success,Purchase,Pune,INR,False
TXN-20240126-0002487,WALL-0002374,MERCH-00098,PM-02,DEV-01,2024-01-26 21:59:25,85.3,0.1706,0.0,0,Pending,Purchase,Hyderabad,THB,False
TXN-20240126-0002488,WALL-0020725,MERCH-00352,PM-03,DEV-01,2024-01-26 04:27:53,53.0,0.424,0.0,5,Success,Bill Payment,Davao,PHP,False
TXN-20240126-0002489,WALL-0045992,MERCH-00046,PM-01,DEV-02,2024-01-26 09:46:03,16.17,0.0,0.3233,1,Success,Purchase,Myitkyina,MMK,False
TXN-20240126-0002490,WALL-0056296,MERCH-00245,PM-03,DEV-02,2024-01-26 05:37:33,17.48,0.1398,0.0,1,Success,Subscription,Cebu City,PHP,False
TXN-20240126-0002491,WALL-0083768,MERCH-00027,PM-03,DEV-01,2024-01-26 22:12:27,16.7,0.1336,0.3341,1,Success,Purchase,Myitkyina,MMK,False
TXN-20240126-0002492,WALL-0101862,MERCH-00008,PM-01,DEV-01,2024-01-26 19:03:01,14.13,0.0,0.2825,1,Success,Purchase,Ho Chi Minh City,VND,False
TXN-20240126-0002493,WALL-0034874,MERCH-00166,PM-01,DEV-03,2024-01-26 06:02:56,118.06,0.0,5.903,11,Success,Purchase,Naypyidaw,MMK,False
TXN-20240126-0002494,WALL-0145677,MERCH-00248,PM-02,DEV-01,2024-01-26 17:09:32,18.49,0.037,0.0,1,Success,Subscription,Taunggyi,MMK,False
TXN-20240126-0002495,WALL-0117849,MERCH-00393,PM-01,DEV-03,2024-01-26 12:34:13,29.88,0.0,0.0,2,Success,Purchase,Siem Reap,KHR,False
TXN-20240126-0002496,WALL-0053339,MERCH-00069,PM-01,DEV-02,2024-01-26 17:45:23,14.44,0.0,0.2888,1,Success,Purchase,Bandung,MMK,False
TXN-20240126-0002497,WALL-0053274,MERCH-00318,PM-01,DEV-02,2024-01-26 19:52:26,85.14,0.0,0.0,8,Success,Bill Payment,Myitkyina,MMK,False
TXN-20240126-0002498,WALL-0056877,MERCH-00229,PM-02,DEV-03,2024-01-26 21:51:47,12.99,0.026,0.0,1,Success,Purchase,Taunggyi,MMK,False
TXN-20240126-0002499,WALL-0082684,MERCH-00257,PM-04,DEV-01,2024-01-26 17:01:33,13.67,0.2734,0.0,1,Success,Subscription,Khon Kaen,THB,False
TXN-20240126-0002500,WALL-0034288,MERCH-00139,PM-01,DEV-02,2024-01-26 22:54:39,78.78,0.0,3.939,7,Success,Purchase,Yangon,MMK,False
TXN-20240126-0002501,WALL-0083493,MERCH-00447,PM-01,DEV-02,2024-01-26 21:05:54,499.78,0.0,0.0,49,Success,Tax Payment,Myitkyina,MMK,False
TXN-20240126-0002502,WALL-0065681,MERCH-00021,PM-01,DEV-01,2024-01-26 17:06:37,24.83,0.0,0.4966,2,Success,Purchase,Phnom Penh,KHR,False
TXN-20240126-0002503,WALL-0015572,MERCH-00405,PM-02,DEV-03,2024-01-26 15:42:40,324.06,0.6481,0.0,32,Success,Payment,Bangalore,INR,False
TXN-20240126-0002504,WALL-0128127,MERCH-00121,PM-01,DEV-02,2024-01-26 01:13:05,53.07,0.0,0.0,5,Success,Purchase,Naypyidaw,MMK,False
TXN-20240126-0002505,WALL-0117836,MERCH-00135,PM-01,DEV-01,2024-01-26 16:51:05,48.42,0.0,2.4211,4,Success,Purchase,Yangon,MMK,False
TXN-20240126-0002506,WALL-0129361,MERCH-00113,PM-03,DEV-05,2024-01-26 08:42:25,94.25,0.754,0.0,9,Success,Purchase,Ho Chi Minh City,VND,False
TXN-20240126-0002507,WALL-0077386,MERCH-00423,PM-02,DEV-03,2024-01-26 15:43:22,31.25,0.0625,0.0,3,Success,Payment,Ahmedabad,INR,False
TXN-20240126-0002508,WALL-0041985,MERCH-00161,PM-01,DEV-05,2024-01-26 19:02:29,46.74,0.0,2.337,4,Success,Purchase,Karachi,PKR,False
TXN-20240126-0002509,WALL-0017229,MERCH-00347,PM-02,DEV-03,2024-01-26 07:12:45,32.43,0.0649,0.0,3,Success,Bill Payment,Pathein,MMK,False
TXN-20240126-0002510,WALL-0146284,MERCH-00309,PM-02,DEV-01,2024-01-26 11:45:19,100.0,0.2,8.0,20,Success,Purchase,Jaipur,INR,False
TXN-20240126-0002511,WALL-0106733,MERCH-00204,PM-02,DEV-02,2024-01-26 19:47:15,9.45,0.0189,0.0,0,Success,Purchase,Bago,MMK,False
TXN-20240126-0002512,WALL-0105310,MERCH-00378,PM-02,DEV-02,2024-01-26 06:24:46,35.96,0.0719,0.0,3,Success,Purchase,Kandy,MMK,False
TXN-20240126-0002513,WALL-0014937,MERCH-00320,PM-01,DEV-01,2024-01-26 18:07:06,49.8,0.0,0.0,4,Success,Bill Payment,Hanoi,VND,False
TXN-20240126-0002514,WALL-0124488,MERCH-00180,PM-04,DEV-03,2024-01-26 14:08:05,408.83,8.1766,20.4414,40,Success,Purchase,Pokhara,MMK,False
TXN-20240126-0002515,WALL-0034536,MERCH-00231,PM-05,DEV-01,2024-01-26 17:56:32,34.3,0.0,0.0,3,Success,Subscription,Jakarta,IDR,False
TXN-20240126-0002516,WALL-0032841,MERCH-00497,PM-04,DEV-01,2024-01-26 16:31:57,50.0,1.0,0.0,5,Success,Payment,Bago,MMK,False
TXN-20240126-0002517,WALL-0113257,MERCH-00444,PM-01,DEV-01,2024-01-26 02:13:28,133.9,0.0,0.0,13,Success,Tax Payment,Hanoi,VND,False
TXN-20240126-0002518,WALL-0131522,MERCH-00389,PM-02,DEV-02,2024-01-26 13:31:15,32.11,0.0642,0.0,3,Success,Purchase,Bago,MMK,False
TXN-20240126-0002519,WALL-0044539,MERCH-00230,PM-05,DEV-02,2024-01-26 10:53:38,17.11,0.0,0.0,1,Success,Purchase,Phnom Penh,KHR,False
TXN-20240126-0002520,WALL-0101279,MERCH-00027,PM-02,DEV-01,2024-01-26 13:17:42,13.97,0.0279,0.2793,1,Success,Purchase,Mandalay,MMK,False
TXN-20240126-0002521,WALL-0007761,MERCH-00236,PM-05,DEV-03,2024-01-26 10:21:04,14.39,0.0,0.0,1,Success,Subscription,Davao,PHP,False
TXN-20240126-0002522,WALL-0092273,MERCH-00327,PM-01,DEV-01,2024-01-26 17:07:15,130.5,0.0,0.0,13,Success,Bill Payment,Taunggyi,MMK,False
TXN-20240126-0002523,WALL-0123900,MERCH-00331,PM-02,DEV-03,2024-01-26 17:39:40,38.46,0.0769,0.0,3,Success,Bill Payment,Hyderabad,INR,False
TXN-20240126-0002524,WALL-0103513,MERCH-00279,PM-01,DEV-01,2024-01-26 12:47:15,666.22,0.0,53.2973,133,Success,Purchase,Khon Kaen,THB,False
TXN-20240126-0002525,WALL-0061615,MERCH-00034,PM-02,DEV-02,2024-01-26 19:02:08,9.48,0.019,0.1896,0,Success,Purchase,Davao,PHP,False
TXN-20240126-0002526,WALL-0068164,MERCH-00425,PM-04,DEV-03,2024-01-26 16:02:36,255.85,5.117,0.0,25,Success,Payment,Mandalay,MMK,False
TXN-20240126-0002527,WALL-0030299,MERCH-00478,PM-04,DEV-01,2024-01-26 17:22:50,169.44,3.3888,0.0,16,Success,Payment,Chittagong,BDT,False
TXN-20240126-0002528,WALL-0105425,MERCH-00347,PM-02,DEV-01,2024-01-26 17:21:56,32.42,0.0648,0.0,3,Success,Bill Payment,Mandalay,MMK,False
TXN-20240126-0002529,WALL-0099575,MERCH-00356,PM-01,DEV-01,2024-01-26 20:34:39,21.29,0.0,0.0,2,Success,Bill Payment,Kuala Lumpur,MYR,False
TXN-20240126-0002530,WALL-0037448,MERCH-00420,PM-03,DEV-02,2024-01-26 21:27:26,27.2,0.2176,0.0,2,Success,Payment,Pathein,MMK,False
TXN-20240126-0002531,WALL-0027062,MERCH-00406,PM-02,DEV-01,2024-01-26 19:04:18,20.07,0.0401,0.0,0,Pending,Payment,Dhaka,INR,False
TXN-20240126-0002532,WALL-0040753,MERCH-00232,PM-01,DEV-01,2024-01-26 15:13:27,13.93,0.0,0.0,1,Success,Subscription,Manila,PHP,False
TXN-20240126-0002533,WALL-0025848,MERCH-00137,PM-03,DEV-03,2024-01-26 14:09:56,155.44,1.2435,7.7719,15,Success,Purchase,Yangon,MMK,False
TXN-20240126-0002534,WALL-0027195,MERCH-00153,PM-03,DEV-01,2024-01-26 19:24:52,246.97,1.9758,0.0,0,Reversed,Purchase,Islamabad,PKR,False
TXN-20240126-0002535,WALL-0066416,MERCH-00080,PM-01,DEV-04,2024-01-26 12:08:03,5.0,0.0,0.1,0,Success,Purchase,Cebu City,PHP,False
TXN-20240126-0002536,WALL-0031330,MERCH-00257,PM-02,DEV-01,2024-01-26 18:00:58,22.35,0.0447,0.0,2,Success,Subscription,Lahore,KHR,False
TXN-20240126-0002537,WALL-0070924,MERCH-00222,PM-05,DEV-02,2024-01-26 15:27:37,5.0,0.0,0.0,0,Success,Purchase,Delhi,INR,False
TXN-20240126-0002538,WALL-0115610,MERCH-00218,PM-03,DEV-01,2024-01-26 02:37:10,10.8,0.0864,0.0,1,Success,Purchase,Taunggyi,MMK,False
TXN-20240126-0002539,WALL-0109545,MERCH-00378,PM-05,DEV-01,2024-01-26 12:10:27,29.13,0.0,0.0,2,Success,Purchase,Myitkyina,MMK,False
TXN-20240126-0002540,WALL-0136236,MERCH-00148,PM-05,DEV-01,2024-01-26 16:15:39,40.3,0.0,2.0151,4,Success,Purchase,Taunggyi,MMK,False
TXN-20240126-0002541,WALL-0109582,MERCH-00075,PM-03,DEV-01,2024-01-26 20:55:05,7.67,0.0614,0.0,0,Failed,Purchase,Da Nang,VND,False
TXN-20240126-0002542,WALL-0131540,MERCH-00311,PM-01,DEV-01,2024-01-26 11:40:20,85.99,0.0,0.0,8,Success,Bill Payment,Naypyidaw,MMK,False
TXN-20240126-0002543,WALL-0048012,MERCH-00118,PM-01,DEV-01,2024-01-26 17:08:44,149.91,0.0,0.0,14,Success,Purchase,Mawlamyine,MMK,False
TXN-20240126-0002544,WALL-0076400,MERCH-00100,PM-02,DEV-02,2024-01-26 08:36:48,22.52,0.045,0.0,2,Success,Purchase,Mawlamyine,MMK,False
TXN-20240126-0002545,WALL-0033384,MERCH-00097,PM-02,DEV-01,2024-01-26 13:46:45,41.92,0.0838,0.0,4,Success,Purchase,Hanoi,VND,False
TXN-20240126-0002546,WALL-0098988,MERCH-00146,PM-02,DEV-01,2024-01-26 09:45:08,207.42,0.4148,10.371,20,Success,Purchase,Delhi,INR,False
TXN-20240126-0002547,WALL-0095857,MERCH-00392,PM-05,DEV-04,2024-01-26 19:08:53,51.39,0.0,0.0,5,Success,Purchase,Mandalay,MMK,False
TXN-20240126-0002548,WALL-0115096,MERCH-00228,PM-02,DEV-01,2024-01-26 16:00:02,11.23,0.0225,0.0,1,Success,Purchase,Taunggyi,MMK,False
TXN-20240126-0002549,WALL-0128069,MERCH-00017,PM-01,DEV-01,2024-01-26 16:54:17,12.16,0.0,0.2431,1,Success,Purchase,Mandalay,MMK,False
TXN-20240126-0002550,WALL-0096117,MERCH-00346,PM-02,DEV-02,2024-01-26 21:33:13,42.61,0.0852,0.0,4,Success,Bill Payment,Yangon,MMK,False
TXN-20240126-0002551,WALL-0083524,MERCH-00433,PM-03,DEV-02,2024-01-26 04:53:30,88.2,0.7056,0.0,8,Success,Tax Payment,Kolkata,INR,False
TXN-20240126-0002552,WALL-0041982,MERCH-00313,PM-02,DEV-01,2024-01-26 13:28:14,55.96,0.1119,0.0,5,Success,Bill Payment,Hyderabad,INR,False
TXN-20240126-0002553,WALL-0057411,MERCH-00050,PM-02,DEV-01,2024-01-26 13:12:31,12.22,0.0244,0.2444,1,Success,Purchase,Naypyidaw,MMK,False
TXN-20240126-0002554,WALL-0038041,MERCH-00081,PM-01,DEV-01,2024-01-26 21:04:29,41.98,0.0,0.0,4,Success,Purchase,Bago,MMK,False
TXN-20240126-0002555,WALL-0045881,MERCH-00117,PM-01,DEV-01,2024-01-26 17:16:41,59.19,0.0,0.0,5,Success,Purchase,Naypyidaw,MMK,False
TXN-20240126-0002556,WALL-0036130,MERCH-00446,PM-01,DEV-01,2024-01-26 03:51:01,85.3,0.0,0.0,8,Success,Tax Payment,Kathmandu,NPR,False
TXN-20240126-0002557,WALL-0023958,MERCH-00081,PM-04,DEV-01,2024-01-26 18:24:10,71.93,1.4387,0.0,7,Success,Purchase,Bago,MMK,False
TXN-20240126-0002558,WALL-0010968,MERCH-00331,PM-01,DEV-01,2024-01-26 06:57:18,32.22,0.0,0.0,0,Reversed,Bill Payment,Dhaka,BDT,False
TXN-20240126-0002559,WALL-0125984,MERCH-00322,PM-01,DEV-04,2024-01-26 17:25:01,20.0,0.0,0.0,2,Success,Bill Payment,Myitkyina,MMK,False
TXN-20240126-0002560,WALL-0046937,MERCH-00234,PM-02,DEV-03,2024-01-26 09:15:57,6.96,0.0139,0.0,0,Success,Subscription,Pathein,MMK,False
TXN-20240126-0002561,WALL-0015542,MERCH-00243,PM-04,DEV-01,2024-01-26 11:28:52,8.43,0.1686,0.0,0,Success,Subscription,Phuket,THB,False
TXN-20240126-0002562,WALL-0094337,MERCH-00387,PM-04,DEV-01,2024-01-26 01:06:18,45.67,0.9134,0.0,4,Success,Purchase,Pokhara,NPR,False
TXN-20240126-0002563,WALL-0068647,MERCH-00037,PM-03,DEV-01,2024-01-26 16:50:03,20.23,0.1619,0.4047,2,Success,Purchase,Penang,MYR,False
TXN-20240126-0002564,WALL-0116669,MERCH-00136,PM-02,DEV-01,2024-01-26 16:53:27,262.09,0.5242,13.1043,26,Success,Purchase,Mawlamyine,MMK,False
TXN-20240126-0002565,WALL-0082747,MERCH-00012,PM-01,DEV-05,2024-01-26 21:14:03,60.0,0.0,1.2,6,Success,Purchase,Bangalore,IDR,False
TXN-20240126-0002566,WALL-0148748,MERCH-00173,PM-04,DEV-01,2024-01-26 21:30:31,181.3,3.6261,9.0652,18,Success,Purchase,Medan,IDR,False
TXN-20240126-0002567,WALL-0029825,MERCH-00046,PM-03,DEV-01,2024-01-26 16:06:27,12.69,0.1015,0.2538,1,Success,Purchase,Penang,MYR,False
TXN-20240126-0002568,WALL-0034964,MERCH-00394,PM-04,DEV-04,2024-01-26 06:50:55,42.76,0.8552,0.0,4,Success,Purchase,Siem Reap,KHR,False
TXN-20240126-0002569,WALL-0032743,MERCH-00060,PM-04,DEV-01,2024-01-26 16:03:55,5.84,0.1168,0.1168,0,Success,Purchase,Yangon,MMK,False
TXN-20240126-0002570,WALL-0088301,MERCH-00021,PM-04,DEV-01,2024-01-26 00:10:54,21.03,0.4206,0.4206,2,Success,Purchase,Bago,MMK,False
TXN-20240126-0002571,WALL-0096019,MERCH-00081,PM-02,DEV-01,2024-01-26 15:19:01,73.16,0.1463,0.0,7,Success,Purchase,Manila,PHP,False
TXN-20240126-0002572,WALL-0011374,MERCH-00211,PM-01,DEV-01,2024-01-26 21:44:36,19.4,0.0,0.0,1,Success,Purchase,Bangkok,THB,False
TXN-20240126-0002573,WALL-0026216,MERCH-00142,PM-02,DEV-05,2024-01-26 21:37:29,225.16,0.4503,11.258,22,Success,Purchase,Kathmandu,NPR,False
TXN-20240126-0002574,WALL-0032920,MERCH-00393,PM-01,DEV-03,2024-01-26 22:25:27,96.66,0.0,0.0,9,Success,Purchase,Chennai,INR,False
TXN-20240126-0002575,WALL-0025661,MERCH-00157,PM-01,DEV-01,2024-01-26 14:49:06,54.66,0.0,2.7329,5,Success,Purchase,Taunggyi,MMK,False
TXN-20240126-0002576,WALL-0100016,MERCH-00031,PM-01,DEV-02,2024-01-26 06:56:32,8.77,0.0,0.1753,0,Success,Purchase,Medan,MMK,False
TXN-20240126-0002577,WALL-0097703,MERCH-00192,PM-01,DEV-02,2024-01-26 03:25:13,10.5,0.0,0.0,1,Success,Purchase,Yangon,MMK,False
TXN-20240126-0002578,WALL-0140140,MERCH-00366,PM-02,DEV-01,2024-01-26 10:12:24,39.44,0.0789,0.0,3,Success,Bill Payment,Bandung,IDR,False
TXN-20240126-0002579,WALL-0014231,MERCH-00381,PM-02,DEV-01,2024-01-26 17:37:10,67.1,0.1342,0.0,6,Success,Purchase,Bangalore,LKR,False
TXN-20240126-0002580,WALL-0118442,MERCH-00364,PM-01,DEV-01,2024-01-26 16:16:47,50.46,0.0,0.0,5,Success,Bill Payment,Yangon,MMK,False
TXN-20240126-0002581,WALL-0045920,MERCH-00037,PM-02,DEV-01,2024-01-26 07:18:05,25.6,0.0512,0.5119,2,Success,Purchase,Myitkyina,MMK,False
TXN-20240126-0002582,WALL-0089919,MERCH-00016,PM-03,DEV-01,2024-01-26 20:56:49,9.39,0.0751,0.1877,0,Success,Purchase,Kandy,LKR,False
TXN-20240126-0002583,WALL-0099614,MERCH-00006,PM-03,DEV-02,2024-01-26 16:40:46,22.6,0.1808,0.4521,2,Success,Purchase,Mawlamyine,MMK,False
TXN-20240126-0002584,WALL-0040537,MERCH-00418,PM-02,DEV-04,2024-01-26 21:12:11,129.82,0.2596,0.0,12,Success,Payment,Yangon,MMK,False
TXN-20240126-0002585,WALL-0148831,MERCH-00390,PM-01,DEV-02,2024-01-26 12:52:04,67.25,0.0,0.0,6,Success,Purchase,Karachi,MMK,False
TXN-20240126-0002586,WALL-0048160,MERCH-00191,PM-02,DEV-01,2024-01-26 13:01:16,9.67,0.0193,0.0,0,Success,Purchase,Naypyidaw,MMK,False
TXN-20240126-0002587,WALL-0082230,MERCH-00070,PM-01,DEV-02,2024-01-26 19:26:50,47.72,0.0,0.9544,4,Success,Purchase,Myitkyina,MMK,False
TXN-20240126-0002588,WALL-0086945,MERCH-00340,PM-02,DEV-02,2024-01-26 07:00:44,59.24,0.1185,0.0,5,Success,Bill Payment,Mandalay,MMK,False
TXN-20240126-0002589,WALL-0084896,MERCH-00092,PM-01,DEV-01,2024-01-26 17:16:13,38.59,0.0,0.0,3,Success,Purchase,Manila,PHP,False
TXN-20240126-0002590,WALL-0117236,MERCH-00020,PM-04,DEV-04,2024-01-26 16:56:18,14.67,0.2933,0.2933,1,Success,Purchase,Mandalay,MMK,False
TXN-20240126-0002591,WALL-0036131,MERCH-00027,PM-01,DEV-02,2024-01-26 20:14:07,7.83,0.0,0.1565,0,Success,Purchase,Quezon City,PHP,False
TXN-20240126-0002592,WALL-0075004,MERCH-00101,PM-03,DEV-01,2024-01-26 12:05:10,50.11,0.4009,0.0,5,Success,Purchase,Bago,MMK,False
TXN-20240126-0002593,WALL-0102658,MERCH-00377,PM-03,DEV-01,2024-01-26 21:39:26,117.03,0.9363,0.0,0,Pending,Purchase,Pattaya,THB,False
TXN-20240126-0002594,WALL-0008518,MERCH-00152,PM-03,DEV-01,2024-01-26 18:19:14,83.42,0.6673,4.1708,8,Success,Purchase,Bago,MMK,False
TXN-20240126-0002595,WALL-0054901,MERCH-00090,PM-03,DEV-04,2024-01-26 06:19:59,69.75,0.558,0.0,6,Success,Purchase,Naypyidaw,MMK,False
TXN-20240126-0002596,WALL-0000027,MERCH-00444,PM-02,DEV-01,2024-01-26 15:46:52,109.94,0.2199,0.0,10,Success,Tax Payment,Pattaya,MMK,False
TXN-20240126-0002597,WALL-0024211,MERCH-00317,PM-03,DEV-01,2024-01-26 19:29:46,101.77,0.8142,0.0,10,Success,Bill Payment,Manila,PHP,False
TXN-20240126-0002598,WALL-0075497,MERCH-00110,PM-01,DEV-01,2024-01-26 20:35:10,196.99,0.0,0.0,19,Success,Purchase,Singapore,BDT,False
TXN-20240126-0002599,WALL-0062668,MERCH-00169,PM-03,DEV-01,2024-01-26 15:17:24,249.67,1.9974,12.4836,24,Success,Purchase,Taunggyi,MMK,False
TXN-20240126-0002600,WALL-0041958,MERCH-00052,PM-01,DEV-03,2024-01-26 19:29:23,20.93,0.0,0.4185,2,Success,Purchase,Myitkyina,MMK,False
TXN-20240126-0002601,WALL-0000272,MERCH-00136,PM-05,DEV-01,2024-01-26 20:02:18,42.9,0.0,2.1452,4,Success,Purchase,Kuala Lumpur,MYR,False
TXN-20240126-0002602,WALL-0020809,MERCH-00071,PM-02,DEV-01,2024-01-26 13:02:46,31.85,0.0637,0.6371,3,Success,Purchase,Hyderabad,INR,False
TXN-20240126-0002603,WALL-0047543,MERCH-00214,PM-01,DEV-03,2024-01-26 22:36:13,7.69,0.0,0.0,0,Success,Purchase,Quezon City,PHP,False
TXN-20240126-0002604,WALL-0078577,MERCH-00048,PM-02,DEV-02,2024-01-26 19:53:35,10.57,0.0211,0.2115,1,Success,Purchase,Khon Kaen,THB,False
TXN-20240126-0002605,WALL-0047443,MERCH-00449,PM-01,DEV-01,2024-01-26 03:22:34,2528.47,0.0,0.0,252,Success,Tax Payment,Kolkata,PHP,False
TXN-20240126-0002606,WALL-0113390,MERCH-00212,PM-02,DEV-01,2024-01-26 12:33:46,14.36,0.0287,0.0,1,Success,Purchase,Ahmedabad,INR,False
TXN-20240126-0002607,WALL-0036153,MERCH-00198,PM-03,DEV-02,2024-01-26 19:48:05,46.98,0.3758,0.0,4,Success,Purchase,Mawlamyine,MMK,False
TXN-20240126-0002608,WALL-0042327,MERCH-00066,PM-01,DEV-01,2024-01-26 12:18:04,6.04,0.0,0.1208,0,Success,Purchase,Khon Kaen,THB,False
TXN-20240126-0002609,WALL-0008030,MERCH-00057,PM-02,DEV-02,2024-01-26 07:33:32,20.0,0.04,0.3999,1,Success,Purchase,Taunggyi,MMK,False
TXN-20240126-0002610,WALL-0103969,MERCH-00268,PM-02,DEV-04,2024-01-26 18:18:45,9.07,0.0181,0.0,0,Success,Subscription,Pune,INR,False
TXN-20240126-0002611,WALL-0066551,MERCH-00370,PM-02,DEV-01,2024-01-26 10:30:10,50.39,0.1008,0.0,5,Success,Bill Payment,Quezon City,PHP,False
TXN-20240126-0002612,WALL-0131335,MERCH-00473,PM-02,DEV-01,2024-01-26 08:26:39,346.43,0.6929,0.0,34,Success,Payment,Hyderabad,INR,False
TXN-20240126-0002613,WALL-0042898,MERCH-00188,PM-01,DEV-03,2024-01-26 17:02:56,252.1,0.0,12.6052,25,Success,Purchase,Kolkata,INR,False
TXN-20240126-0002614,WALL-0040444,MERCH-00292,PM-05,DEV-05,2024-01-26 19:41:48,153.65,0.0,12.2923,30,Success,Purchase,Yangon,MMK,False
TXN-20240126-0002615,WALL-0080837,MERCH-00272,PM-01,DEV-02,2024-01-26 07:01:54,598.46,0.0,0.0,0,Pending,Purchase,Yangon,MMK,False
TXN-20240126-0002616,WALL-0115604,MERCH-00238,PM-04,DEV-04,2024-01-26 11:06:33,14.88,0.2976,0.0,1,Success,Subscription,Delhi,INR,False
TXN-20240126-0002617,WALL-0128074,MERCH-00002,PM-04,DEV-01,2024-01-26 11:07:36,13.1,0.2621,0.2621,1,Success,Purchase,Davao,PHP,False
TXN-20240126-0002618,WALL-0109513,MERCH-00066,PM-05,DEV-01,2024-01-26 23:38:25,8.89,0.0,0.1778,0,Success,Purchase,Taunggyi,MMK,False
TXN-20240126-0002619,WALL-0044480,MERCH-00426,PM-03,DEV-01,2024-01-26 13:41:02,242.06,1.9365,0.0,24,Success,Payment,Singapore,KHR,False
TXN-20240126-0002620,WALL-0015740,MERCH-00237,PM-04,DEV-05,2024-01-26 06:40:57,40.0,0.8,0.0,0,Failed,Subscription,Hanoi,VND,False
TXN-20240126-0002621,WALL-0009497,MERCH-00458,PM-02,DEV-02,2024-01-26 19:51:20,227.65,0.4553,0.0,22,Success,Payment,Pathein,MMK,False
TXN-20240126-0002622,WALL-0021493,MERCH-00339,PM-01,DEV-03,2024-01-26 21:08:32,72.09,0.0,0.0,7,Success,Bill Payment,Ho Chi Minh City,VND,False
TXN-20240126-0002623,WALL-0028270,MERCH-00049,PM-02,DEV-01,2024-01-26 23:28:20,12.35,0.0247,0.2469,1,Success,Purchase,Mandalay,MMK,False
TXN-20240126-0002624,WALL-0041792,MERCH-00316,PM-02,DEV-01,2024-01-26 10:33:14,40.6,0.0812,0.0,4,Success,Bill Payment,Jaipur,INR,False
TXN-20240126-0002625,WALL-0012478,MERCH-00355,PM-02,DEV-03,2024-01-26 20:27:24,36.49,0.073,0.0,3,Success,Bill Payment,Ho Chi Minh City,INR,False
TXN-20240126-0002626,WALL-0025707,MERCH-00146,PM-03,DEV-05,2024-01-26 16:23:36,62.43,0.4994,3.1213,6,Success,Purchase,Ahmedabad,IDR,False
TXN-20240126-0002627,WALL-0105175,MERCH-00038,PM-01,DEV-01,2024-01-26 18:03:49,9.91,0.0,0.1983,0,Success,Purchase,Medan,MMK,False
TXN-20240126-0002628,WALL-0130111,MERCH-00218,PM-04,DEV-01,2024-01-26 20:23:53,18.66,0.3731,0.0,1,Success,Purchase,Jaipur,INR,False
TXN-20240126-0002629,WALL-0101020,MERCH-00325,PM-01,DEV-01,2024-01-26 13:36:16,299.27,0.0,0.0,0,Pending,Bill Payment,Mandalay,MMK,False
TXN-20240126-0002630,WALL-0077131,MERCH-00147,PM-05,DEV-01,2024-01-26 21:17:34,28.94,0.0,0.0,0,Pending,Purchase,Ho Chi Minh City,VND,False
TXN-20240126-0002631,WALL-0074070,MERCH-00131,PM-02,DEV-02,2024-01-26 14:38:06,328.45,0.6569,16.4224,32,Success,Purchase,Bago,MMK,False
TXN-20240126-0002632,WALL-0063635,MERCH-00447,PM-01,DEV-01,2024-01-26 17:51:23,90.83,0.0,0.0,9,Success,Tax Payment,Singapore,KHR,False
TXN-20240126-0002633,WALL-0035387,MERCH-00334,PM-03,DEV-03,2024-01-26 22:40:50,38.69,0.3096,0.0,3,Success,Bill Payment,Colombo,LKR,False
TXN-20240126-0002634,WALL-0023838,MERCH-00391,PM-04,DEV-01,2024-01-26 20:14:04,48.42,0.9684,0.0,4,Success,Purchase,Bandung,MMK,False
TXN-20240126-0002635,WALL-0025599,MERCH-00410,PM-04,DEV-01,2024-01-26 17:17:59,22.49,0.4499,0.0,2,Success,Payment,Mandalay,MMK,False
TXN-20240126-0002636,WALL-0086256,MERCH-00021,PM-03,DEV-05,2024-01-26 18:44:34,15.51,0.1241,0.3102,1,Success,Purchase,Taunggyi,MMK,False
TXN-20240126-0002637,WALL-0105566,MERCH-00192,PM-05,DEV-02,2024-01-26 16:32:48,56.28,0.0,0.0,5,Success,Purchase,Surabaya,INR,False
TXN-20240126-0002638,WALL-0039548,MERCH-00381,PM-03,DEV-04,2024-01-26 18:47:22,25.58,0.2046,0.0,2,Success,Purchase,Mandalay,MMK,False
TXN-20240126-0002639,WALL-0033360,MERCH-00379,PM-01,DEV-03,2024-01-26 14:23:23,38.7,0.0,0.0,3,Success,Purchase,Naypyidaw,MMK,False
TXN-20240126-0002640,WALL-0078687,MERCH-00104,PM-04,DEV-05,2024-01-26 03:58:45,71.23,1.4245,0.0,7,Success,Purchase,Hyderabad,INR,False
TXN-20240126-0002641,WALL-0122876,MERCH-00334,PM-01,DEV-01,2024-01-26 09:30:55,51.54,0.0,0.0,5,Success,Bill Payment,Mandalay,MMK,False
TXN-20240126-0002642,WALL-0140148,MERCH-00330,PM-01,DEV-03,2024-01-26 16:42:32,23.27,0.0,0.0,2,Success,Bill Payment,Ho Chi Minh City,VND,False
TXN-20240126-0002643,WALL-0130081,MERCH-00034,PM-01,DEV-01,2024-01-26 02:00:10,5.0,0.0,0.1,0,Success,Purchase,Cebu City,PHP,False
TXN-20240126-0002644,WALL-0148921,MERCH-00145,PM-01,DEV-01,2024-01-26 12:01:43,101.45,0.0,5.0725,10,Success,Purchase,Naypyidaw,MMK,False
TXN-20240126-0002645,WALL-0067673,MERCH-00023,PM-01,DEV-04,2024-01-26 09:36:08,54.9,0.0,1.0979,5,Success,Purchase,Cebu City,INR,False
TXN-20240126-0002646,WALL-0136512,MERCH-00392,PM-03,DEV-01,2024-01-26 06:59:35,51.86,0.4149,0.0,5,Success,Purchase,Colombo,LKR,False
TXN-20240126-0002647,WALL-0030196,MERCH-00075,PM-02,DEV-01,2024-01-26 18:37:15,18.81,0.0376,0.3763,1,Success,Purchase,Ahmedabad,INR,False
TXN-20240126-0002648,WALL-0134845,MERCH-00019,PM-04,DEV-05,2024-01-26 13:05:30,17.79,0.3557,0.3557,1,Success,Purchase,Mawlamyine,MMK,False
TXN-20240126-0002649,WALL-0033102,MERCH-00403,PM-01,DEV-01,2024-01-26 16:28:53,138.23,0.0,0.0,13,Success,Payment,Mandalay,MMK,False
TXN-20240126-0002650,WALL-0059378,MERCH-00060,PM-02,DEV-01,2024-01-26 14:03:25,14.75,0.0295,0.2951,1,Success,Purchase,Mawlamyine,MMK,False
TXN-20240126-0002651,WALL-0115438,MERCH-00248,PM-01,DEV-01,2024-01-26 06:57:48,10.4,0.0,0.0,1,Success,Subscription,Naypyidaw,MMK,False
TXN-20240126-0002652,WALL-0048883,MERCH-00413,PM-01,DEV-02,2024-01-26 07:27:33,115.58,0.0,0.0,11,Success,Payment,Chennai,INR,False
TXN-20240126-0002653,WALL-0080014,MERCH-00421,PM-05,DEV-03,2024-01-26 17:21:49,137.87,0.0,0.0,13,Success,Payment,Mawlamyine,IDR,False
TXN-20240126-0002654,WALL-0052152,MERCH-00129,PM-02,DEV-02,2024-01-26 12:06:07,101.78,0.2036,0.0,10,Success,Purchase,Bago,MMK,False
TXN-20240126-0002655,WALL-0053185,MERCH-00188,PM-01,DEV-01,2024-01-26 11:37:17,24.55,0.0,1.2274,2,Success,Purchase,Jaipur,INR,False
TXN-20240126-0002656,WALL-0051733,MERCH-00271,PM-02,DEV-01,2024-01-26 13:39:22,561.1,1.1222,44.8883,112,Success,Purchase,Myitkyina,MMK,False
TXN-20240126-0002657,WALL-0097987,MERCH-00377,PM-01,DEV-01,2024-01-26 16:48:35,50.28,0.0,0.0,5,Success,Purchase,Pune,MMK,False
TXN-20240126-0002658,WALL-0109966,MERCH-00094,PM-01,DEV-03,2024-01-26 17:43:49,28.37,0.0,0.0,2,Success,Purchase,Dhaka,THB,False
TXN-20240126-0002659,WALL-0022125,MERCH-00164,PM-01,DEV-01,2024-01-26 16:45:56,36.15,0.0,1.8073,3,Success,Purchase,Yangon,MMK,False
TXN-20240126-0002660,WALL-0110504,MERCH-00071,PM-04,DEV-01,2024-01-26 13:39:25,39.15,0.783,0.783,3,Success,Purchase,Myitkyina,MMK,False
TXN-20240126-0002661,WALL-0114020,MERCH-00338,PM-01,DEV-01,2024-01-26 09:24:14,72.53,0.0,0.0,7,Success,Bill Payment,Ho Chi Minh City,VND,False
TXN-20240126-0002662,WALL-0039948,MERCH-00064,PM-04,DEV-01,2024-01-26 14:26:53,15.78,0.3155,0.3155,1,Success,Purchase,Pathein,MMK,False
TXN-20240126-0002663,WALL-0147663,MERCH-00305,PM-04,DEV-03,2024-01-26 22:24:03,627.65,12.553,50.212,125,Success,Purchase,Chennai,INR,False
TXN-20240126-0002664,WALL-0033536,MERCH-00085,PM-01,DEV-02,2024-01-26 15:37:27,35.33,0.0,0.0,3,Success,Purchase,Bago,MMK,False
TXN-20240126-0002665,WALL-0030438,MERCH-00205,PM-03,DEV-02,2024-01-26 18:17:34,18.88,0.151,0.0,1,Success,Purchase,Penang,MYR,False
TXN-20240126-0002666,WALL-0077478,MERCH-00447,PM-02,DEV-02,2024-01-26 13:55:39,163.53,0.3271,0.0,16,Success,Tax Payment,Myitkyina,MMK,False
TXN-20240126-0002667,WALL-0073896,MERCH-00040,PM-02,DEV-01,2024-01-26 13:35:55,10.86,0.0217,0.2171,1,Success,Purchase,Penang,MYR,False
TXN-20240126-0002668,WALL-0092365,MERCH-00117,PM-01,DEV-02,2024-01-26 00:02:48,69.43,0.0,0.0,6,Success,Purchase,Jaipur,INR,False
TXN-20240126-0002669,WALL-0074958,MERCH-00214,PM-01,DEV-01,2024-01-26 13:13:55,7.16,0.0,0.0,0,Success,Purchase,Naypyidaw,VND,False
TXN-20240126-0002670,WALL-0063566,MERCH-00384,PM-01,DEV-02,2024-01-26 22:14:54,22.34,0.0,0.0,2,Success,Purchase,Mawlamyine,MMK,False
TXN-20240126-0002671,WALL-0129820,MERCH-00176,PM-01,DEV-02,2024-01-26 03:51:29,73.64,0.0,3.6822,7,Success,Purchase,Cebu City,PHP,False
TXN-20240126-0002672,WALL-0076649,MERCH-00117,PM-01,DEV-01,2024-01-26 16:32:34,106.77,0.0,0.0,10,Success,Purchase,Taunggyi,MMK,False
TXN-20240126-0002673,WALL-0144039,MERCH-00385,PM-01,DEV-01,2024-01-26 17:18:15,48.49,0.0,0.0,4,Success,Purchase,Chiang Mai,THB,False
TXN-20240126-0002674,WALL-0044675,MERCH-00165,PM-01,DEV-01,2024-01-26 21:19:03,187.24,0.0,9.3621,18,Success,Purchase,Dhaka,PHP,False
TXN-20240126-0002675,WALL-0048812,MERCH-00320,PM-02,DEV-03,2024-01-26 21:11:54,48.59,0.0972,0.0,4,Success,Bill Payment,Pune,INR,False
TXN-20240126-0002676,WALL-0141446,MERCH-00271,PM-05,DEV-05,2024-01-26 19:10:57,747.77,0.0,59.8213,149,Success,Purchase,Mandalay,MMK,False
TXN-20240126-0002677,WALL-0094913,MERCH-00390,PM-02,DEV-03,2024-01-26 09:26:33,64.21,0.1284,0.0,6,Success,Purchase,Chittagong,BDT,False
TXN-20240126-0002678,WALL-0005535,MERCH-00309,PM-04,DEV-03,2024-01-26 16:25:53,1490.22,29.8044,119.2177,298,Success,Purchase,Myitkyina,MMK,False
TXN-20240126-0002679,WALL-0134534,MERCH-00190,PM-01,DEV-03,2024-01-26 16:59:37,20.0,0.0,1.0,2,Success,Purchase,Lahore,PKR,False
TXN-20240126-0002680,WALL-0067182,MERCH-00004,PM-01,DEV-01,2024-01-26 13:40:16,5.45,0.0,0.1091,0,Success,Purchase,Pathein,MMK,False
TXN-20240126-0002681,WALL-0080276,MERCH-00191,PM-01,DEV-02,2024-01-26 20:37:26,6.98,0.0,0.0,0,Success,Purchase,Mandalay,MMK,False
TXN-20240126-0002682,WALL-0101767,MERCH-00064,PM-02,DEV-01,2024-01-26 16:51:31,6.66,0.0133,0.1332,0,Success,Purchase,Pathein,IDR,False
TXN-20240126-0002683,WALL-0050733,MERCH-00251,PM-03,DEV-02,2024-01-26 16:35:19,13.95,0.1116,0.0,1,Success,Subscription,Mawlamyine,MMK,False
TXN-20240126-0002684,WALL-0120701,MERCH-00054,PM-01,DEV-04,2024-01-26 09:25:47,10.56,0.0,0.2112,1,Success,Purchase,Phnom Penh,MMK,False
TXN-20240126-0002685,WALL-0110040,MERCH-00259,PM-01,DEV-03,2024-01-26 14:44:08,14.94,0.0,0.0,1,Success,Subscription,Taunggyi,MMK,False
TXN-20240126-0002686,WALL-0142625,MERCH-00177,PM-03,DEV-01,2024-01-26 17:11:02,130.94,1.0475,6.5468,13,Success,Purchase,Kuala Lumpur,MYR,False
TXN-20240126-0002687,WALL-0131116,MERCH-00055,PM-01,DEV-01,2024-01-26 13:47:26,6.0,0.0,0.1199,0,Success,Purchase,Mumbai,IDR,False
TXN-20240126-0002688,WALL-0134398,MERCH-00116,PM-02,DEV-04,2024-01-26 07:14:26,33.32,0.0666,0.0,3,Success,Purchase,Penang,MYR,False
TXN-20240126-0002689,WALL-0118234,MERCH-00416,PM-03,DEV-01,2024-01-26 16:05:39,84.31,0.6745,0.0,8,Success,Payment,Taunggyi,MMK,False
TXN-20240126-0002690,WALL-0114278,MERCH-00223,PM-02,DEV-01,2024-01-26 13:40:31,26.95,0.0539,0.0,0,Failed,Purchase,Khon Kaen,THB,False
TXN-20240126-0002691,WALL-0079327,MERCH-00316,PM-03,DEV-01,2024-01-26 20:06:55,158.71,1.2697,0.0,15,Success,Bill Payment,Taunggyi,MMK,False
TXN-20240126-0002692,WALL-0044066,MERCH-00427,PM-04,DEV-01,2024-01-26 06:25:12,59.18,1.1836,0.0,5,Success,Payment,Mawlamyine,MMK,False
TXN-20240126-0002693,WALL-0094400,MERCH-00178,PM-02,DEV-02,2024-01-26 14:51:03,195.62,0.3912,9.781,19,Success,Purchase,Yangon,MMK,False
TXN-20240126-0002694,WALL-0105310,MERCH-00445,PM-01,DEV-01,2024-01-26 21:56:26,50.0,0.0,0.0,5,Success,Tax Payment,Taunggyi,MMK,False
TXN-20240126-0002695,WALL-0047365,MERCH-00435,PM-01,DEV-01,2024-01-26 11:11:33,124.77,0.0,0.0,12,Success,Tax Payment,Yangon,MMK,False
TXN-20240126-0002696,WALL-0089958,MERCH-00084,PM-05,DEV-01,2024-01-26 05:00:51,38.85,0.0,0.0,3,Success,Purchase,Mandalay,MMK,False
TXN-20240126-0002697,WALL-0108687,MERCH-00258,PM-03,DEV-01,2024-01-26 21:25:17,14.31,0.1144,0.0,1,Success,Subscription,Mumbai,INR,False
TXN-20240126-0002698,WALL-0042428,MERCH-00414,PM-03,DEV-03,2024-01-26 12:01:13,25.14,0.2012,0.0,2,Success,Payment,Kolkata,INR,False
TXN-20240126-0002699,WALL-0074074,MERCH-00205,PM-01,DEV-01,2024-01-26 14:00:12,24.98,0.0,0.0,2,Success,Purchase,Khon Kaen,THB,False
TXN-20240126-0002700,WALL-0044460,MERCH-00133,PM-02,DEV-01,2024-01-26 20:21:07,143.84,0.2877,7.1922,14,Success,Purchase,Phnom Penh,KHR,False
TXN-20240126-0002701,WALL-0105546,MERCH-00127,PM-02,DEV-02,2024-01-26 13:21:56,38.87,0.0777,0.0,3,Success,Purchase,Kandy,LKR,False
TXN-20240126-0002702,WALL-0098521,MERCH-00094,PM-01,DEV-01,2024-01-26 06:57:38,66.53,0.0,0.0,6,Success,Purchase,Khon Kaen,THB,False
TXN-20240126-0002703,WALL-0127290,MERCH-00030,PM-02,DEV-02,2024-01-26 06:49:00,15.39,0.0308,0.3079,1,Success,Purchase,Bago,MMK,False
TXN-20240126-0002704,WALL-0105717,MERCH-00013,PM-01,DEV-01,2024-01-26 21:19:38,52.83,0.0,1.0566,5,Success,Purchase,Pattaya,THB,False
TXN-20240126-0002705,WALL-0032413,MERCH-00028,PM-04,DEV-01,2024-01-26 19:18:53,13.34,0.2669,0.2669,1,Success,Purchase,Phnom Penh,MMK,False
TXN-20240126-0002706,WALL-0148371,MERCH-00165,PM-01,DEV-01,2024-01-26 18:07:32,55.06,0.0,2.7531,5,Success,Purchase,Hanoi,VND,False
TXN-20240126-0002707,WALL-0077953,MERCH-00075,PM-02,DEV-03,2024-01-26 12:44:47,27.53,0.0551,0.5506,2,Success,Purchase,Mawlamyine,MMK,False
TXN-20240126-0002708,WALL-0015231,MERCH-00398,PM-04,DEV-03,2024-01-26 16:55:46,32.96,0.6592,0.0,3,Success,Purchase,Da Nang,VND,False
TXN-20240126-0002709,WALL-0023404,MERCH-00424,PM-04,DEV-03,2024-01-26 14:31:37,34.26,0.6851,0.0,3,Success,Payment,Penang,MYR,False
TXN-20240126-0002710,WALL-0020251,MERCH-00188,PM-02,DEV-01,2024-01-26 13:10:22,80.7,0.1614,4.0349,8,Success,Purchase,Delhi,BDT,False
TXN-20240126-0002711,WALL-0037338,MERCH-00054,PM-02,DEV-01,2024-01-26 16:09:02,71.34,0.1427,1.4268,7,Success,Purchase,Chiang Mai,THB,False
TXN-20240126-0002712,WALL-0045742,MERCH-00377,PM-02,DEV-02,2024-01-26 21:43:17,21.0,0.042,0.0,2,Success,Purchase,Cebu City,PHP,False
TXN-20240126-0002713,WALL-0036806,MERCH-00381,PM-02,DEV-01,2024-01-26 15:46:16,152.07,0.3041,0.0,15,Success,Purchase,Taunggyi,MMK,False
TXN-20240126-0002714,WALL-0078842,MERCH-00151,PM-02,DEV-02,2024-01-26 07:31:47,83.87,0.1677,4.1937,8,Success,Purchase,Ho Chi Minh City,VND,False
TXN-20240126-0002715,WALL-0111762,MERCH-00123,PM-01,DEV-01,2024-01-26 17:44:10,11.85,0.0,0.0,1,Success,Purchase,Mawlamyine,MMK,False
TXN-20240126-0002716,WALL-0014050,MERCH-00328,PM-04,DEV-02,2024-01-26 07:46:52,97.39,1.9478,0.0,9,Success,Bill Payment,Karachi,PKR,False
TXN-20240126-0002717,WALL-0110037,MERCH-00066,PM-04,DEV-02,2024-01-26 11:07:40,32.64,0.6528,0.6528,3,Success,Purchase,Cebu City,PHP,False
TXN-20240126-0002718,WALL-0049600,MERCH-00231,PM-03,DEV-01,2024-01-26 01:34:53,10.62,0.0849,0.0,1,Success,Subscription,Mandalay,MMK,False
TXN-20240126-0002719,WALL-0071868,MERCH-00152,PM-03,DEV-02,2024-01-26 17:28:47,188.05,1.5044,9.4026,18,Success,Purchase,Delhi,INR,False
TXN-20240126-0002720,WALL-0004785,MERCH-00038,PM-03,DEV-01,2024-01-26 02:03:04,34.65,0.2772,0.6931,3,Success,Purchase,Phnom Penh,KHR,False
TXN-20240126-0002721,WALL-0141420,MERCH-00016,PM-04,DEV-02,2024-01-26 17:07:27,6.98,0.1396,0.1396,0,Success,Purchase,Siem Reap,MMK,False
TXN-20240126-0002722,WALL-0050754,MERCH-00130,PM-03,DEV-03,2024-01-26 12:55:27,30.72,0.2458,0.0,3,Success,Purchase,Myitkyina,MMK,False
TXN-20240126-0002723,WALL-0130066,MERCH-00316,PM-02,DEV-02,2024-01-26 13:07:33,64.06,0.1281,0.0,6,Success,Bill Payment,Ho Chi Minh City,VND,False
TXN-20240126-0002724,WALL-0123469,MERCH-00328,PM-02,DEV-04,2024-01-26 12:39:46,45.18,0.0904,0.0,4,Success,Bill Payment,Surabaya,IDR,False
TXN-20240126-0002725,WALL-0115284,MERCH-00018,PM-03,DEV-02,2024-01-26 13:14:04,13.87,0.111,0.0,0,Pending,Purchase,Myitkyina,MMK,False
TXN-20240126-0002726,WALL-0037615,MERCH-00358,PM-02,DEV-01,2024-01-26 16:46:59,19.44,0.0389,0.0,1,Success,Bill Payment,Pathein,MMK,False
TXN-20240126-0002727,WALL-0045546,MERCH-00071,PM-01,DEV-04,2024-01-26 21:06:51,25.09,0.0,0.5017,2,Success,Purchase,Pathein,MMK,False
TXN-20240126-0002728,WALL-0017397,MERCH-00118,PM-01,DEV-01,2024-01-26 22:28:44,22.83,0.0,0.0,2,Success,Purchase,Taunggyi,MMK,False
TXN-20240126-0002729,WALL-0094785,MERCH-00269,PM-02,DEV-01,2024-01-26 12:36:18,48.06,0.0961,0.0,4,Success,Subscription,Khon Kaen,THB,False
TXN-20240126-0002730,WALL-0120893,MERCH-00122,PM-01,DEV-03,2024-01-26 15:12:15,53.18,0.0,0.0,0,Reversed,Purchase,Pathein,MMK,False
TXN-20240126-0002731,WALL-0014443,MERCH-00095,PM-03,DEV-01,2024-01-26 21:34:09,87.63,0.701,0.0,8,Success,Purchase,Mandalay,MMK,False
TXN-20240126-0002732,WALL-0107566,MERCH-00336,PM-01,DEV-04,2024-01-26 13:51:30,80.85,0.0,0.0,8,Success,Bill Payment,Chennai,INR,False
TXN-20240126-0002733,WALL-0085240,MERCH-00036,PM-03,DEV-01,2024-01-26 17:09:56,14.33,0.1146,0.2866,1,Success,Purchase,Manila,PHP,False
TXN-20240126-0002734,WALL-0057227,MERCH-00032,PM-02,DEV-01,2024-01-26 20:20:16,10.67,0.0213,0.2134,1,Success,Purchase,Bago,MMK,False
TXN-20240126-0002735,WALL-0108769,MERCH-00219,PM-02,DEV-03,2024-01-26 16:26:44,14.09,0.0282,0.0,1,Success,Purchase,Quezon City,PHP,False
TXN-20240126-0002736,WALL-0095356,MERCH-00236,PM-01,DEV-01,2024-01-26 23:25:44,20.18,0.0,0.0,2,Success,Subscription,Davao,PHP,False
TXN-20240126-0002737,WALL-0068658,MERCH-00028,PM-01,DEV-02,2024-01-26 17:47:19,19.71,0.0,0.3942,1,Success,Purchase,Kandy,LKR,False
TXN-20240126-0002738,WALL-0042337,MERCH-00085,PM-05,DEV-01,2024-01-26 13:43:14,90.12,0.0,0.0,0,Reversed,Purchase,Yangon,MMK,False
TXN-20240126-0002739,WALL-0119388,MERCH-00112,PM-02,DEV-02,2024-01-26 04:12:09,10.76,0.0215,0.0,1,Success,Purchase,Manila,PHP,False
TXN-20240126-0002740,WALL-0026794,MERCH-00163,PM-02,DEV-04,2024-01-26 12:37:46,54.99,0.11,2.7493,5,Success,Purchase,Chennai,INR,False
TXN-20240126-0002741,WALL-0123616,MERCH-00117,PM-01,DEV-03,2024-01-26 15:45:39,20.4,0.0,0.0,2,Success,Purchase,Manila,PHP,False
TXN-20240126-0002742,WALL-0065460,MERCH-00445,PM-01,DEV-01,2024-01-26 16:47:06,574.84,0.0,0.0,57,Success,Tax Payment,Yangon,MMK,False
TXN-20240126-0002743,WALL-0137137,MERCH-00078,PM-01,DEV-04,2024-01-26 12:24:40,29.11,0.0,0.5822,2,Success,Purchase,Naypyidaw,MMK,False
TXN-20240126-0002744,WALL-0088302,MERCH-00212,PM-01,DEV-01,2024-01-26 07:32:38,5.0,0.0,0.0,0,Success,Purchase,Jaipur,INR,False
TXN-20240126-0002745,WALL-0017002,MERCH-00342,PM-01,DEV-01,2024-01-26 01:43:08,38.61,0.0,0.0,3,Success,Bill Payment,Naypyidaw,MMK,False
TXN-20240126-0002746,WALL-0027365,MERCH-00394,PM-03,DEV-01,2024-01-26 13:03:11,20.0,0.16,0.0,2,Success,Purchase,Myitkyina,MMK,False
TXN-20240126-0002747,WALL-0062345,MERCH-00010,PM-01,DEV-01,2024-01-26 20:44:02,22.48,0.0,0.4495,2,Success,Purchase,Phnom Penh,MMK,False
TXN-20240126-0002748,WALL-0041695,MERCH-00442,PM-04,DEV-03,2024-01-26 16:24:06,248.42,4.9684,0.0,24,Success,Tax Payment,Surabaya,IDR,False
TXN-20240126-0002749,WALL-0144031,MERCH-00193,PM-01,DEV-01,2024-01-26 08:56:02,6.97,0.0,0.0,0,Success,Purchase,Johor Bahru,MYR,False
TXN-20240126-0002750,WALL-0029665,MERCH-00366,PM-03,DEV-01,2024-01-26 11:30:11,91.41,0.7313,0.0,9,Success,Bill Payment,Yangon,MMK,False
TXN-20240126-0002751,WALL-0136066,MERCH-00347,PM-03,DEV-02,2024-01-26 17:57:53,68.23,0.5459,0.0,6,Success,Bill Payment,Da Nang,MMK,False
TXN-20240126-0002752,WALL-0007405,MERCH-00448,PM-04,DEV-01,2024-01-26 14:21:51,84.4,1.6881,0.0,8,Success,Tax Payment,Mawlamyine,MMK,False
TXN-20240126-0002753,WALL-0020683,MERCH-00434,PM-01,DEV-02,2024-01-26 17:23:03,288.25,0.0,0.0,28,Success,Tax Payment,Johor Bahru,MYR,False
TXN-20240126-0002754,WALL-0121024,MERCH-00122,PM-01,DEV-02,2024-01-26 10:35:30,43.83,0.0,0.0,4,Success,Purchase,Naypyidaw,MMK,False
TXN-20240126-0002755,WALL-0134840,MERCH-00335,PM-02,DEV-02,2024-01-26 12:23:20,169.32,0.3386,0.0,16,Success,Bill Payment,Myitkyina,MMK,False
TXN-20240126-0002756,WALL-0075465,MERCH-00434,PM-04,DEV-01,2024-01-26 21:18:16,361.02,7.2205,0.0,36,Success,Tax Payment,Penang,MYR,False
TXN-20240126-0002757,WALL-0051048,MERCH-00090,PM-01,DEV-02,2024-01-26 19:06:38,43.21,0.0,0.0,4,Success,Purchase,Lahore,PKR,False
TXN-20240126-0002758,WALL-0093090,MERCH-00441,PM-01,DEV-01,2024-01-26 12:18:19,694.02,0.0,0.0,69,Success,Tax Payment,Phuket,THB,False
TXN-20240126-0002759,WALL-0125843,MERCH-00394,PM-02,DEV-01,2024-01-26 12:18:37,44.37,0.0887,0.0,4,Success,Purchase,Ho Chi Minh City,VND,False
TXN-20240126-0002760,WALL-0128045,MERCH-00128,PM-03,DEV-01,2024-01-26 12:47:21,41.6,0.3328,0.0,4,Success,Purchase,Naypyidaw,INR,False
TXN-20240126-0002761,WALL-0142659,MERCH-00025,PM-04,DEV-01,2024-01-26 06:28:17,53.46,1.0693,1.0693,5,Success,Purchase,Bangkok,THB,False
TXN-20240126-0002762,WALL-0065498,MERCH-00137,PM-02,DEV-01,2024-01-26 19:40:58,146.08,0.2922,7.3038,14,Success,Purchase,Quezon City,LKR,False
TXN-20240126-0002763,WALL-0109565,MERCH-00380,PM-01,DEV-01,2024-01-26 22:35:01,120.0,0.0,0.0,12,Success,Purchase,Delhi,INR,False
TXN-20240126-0002764,WALL-0042237,MERCH-00109,PM-02,DEV-01,2024-01-26 00:52:36,49.46,0.0989,0.0,4,Success,Purchase,Taunggyi,MMK,False
TXN-20240126-0002765,WALL-0085400,MERCH-00065,PM-02,DEV-01,2024-01-26 17:34:13,36.08,0.0722,0.7216,3,Success,Purchase,Pune,INR,False
TXN-20240126-0002766,WALL-0081550,MERCH-00193,PM-04,DEV-01,2024-01-26 15:57:31,9.97,0.1993,0.0,0,Success,Purchase,Yangon,MMK,False
TXN-20240126-0002767,WALL-0095581,MERCH-00445,PM-04,DEV-02,2024-01-26 08:16:23,87.47,1.7494,0.0,8,Success,Tax Payment,Myitkyina,MMK,False
TXN-20240126-0002768,WALL-0130145,MERCH-00306,PM-01,DEV-02,2024-01-26 01:04:22,147.71,0.0,11.8169,29,Success,Purchase,Bali,IDR,False
TXN-20240126-0002769,WALL-0056676,MERCH-00335,PM-02,DEV-01,2024-01-26 16:01:21,66.97,0.1339,0.0,6,Success,Bill Payment,Cebu City,PHP,False
TXN-20240126-0002770,WALL-0000893,MERCH-00332,PM-01,DEV-01,2024-01-26 19:41:02,55.54,0.0,0.0,5,Success,Bill Payment,Hyderabad,INR,False
TXN-20240126-0002771,WALL-0146047,MERCH-00092,PM-04,DEV-03,2024-01-26 05:07:38,55.95,1.1189,0.0,5,Success,Purchase,Pathein,PHP,False
TXN-20240126-0002772,WALL-0007152,MERCH-00232,PM-01,DEV-01,2024-01-26 09:11:19,7.75,0.0,0.0,0,Success,Subscription,Kathmandu,NPR,False
TXN-20240126-0002773,WALL-0081848,MERCH-00227,PM-02,DEV-02,2024-01-26 19:29:52,5.0,0.01,0.0,0,Success,Purchase,Colombo,LKR,False
TXN-20240126-0002774,WALL-0137180,MERCH-00162,PM-01,DEV-01,2024-01-26 14:42:01,487.2,0.0,24.3602,48,Success,Purchase,Kathmandu,NPR,False
TXN-20240126-0002775,WALL-0025926,MERCH-00371,PM-04,DEV-01,2024-01-26 09:23:21,42.22,0.8445,0.0,4,Success,Purchase,Kandy,LKR,False
TXN-20240126-0002776,WALL-0097675,MERCH-00142,PM-05,DEV-02,2024-01-26 14:04:59,229.96,0.0,11.498,22,Success,Purchase,Kolkata,INR,False
TXN-20240126-0002777,WALL-0124218,MERCH-00241,PM-01,DEV-03,2024-01-26 08:48:25,17.18,0.0,0.0,1,Success,Subscription,Pathein,MMK,False
TXN-20240126-0002778,WALL-0045634,MERCH-00292,PM-01,DEV-02,2024-01-26 12:52:32,567.7,0.0,45.4159,113,Success,Purchase,Pathein,MMK,False
TXN-20240126-0002779,WALL-0094636,MERCH-00125,PM-01,DEV-01,2024-01-26 14:18:08,90.55,0.0,0.0,9,Success,Purchase,Myitkyina,MMK,False
TXN-20240126-0002780,WALL-0144143,MERCH-00329,PM-01,DEV-02,2024-01-26 15:02:32,27.89,0.0,0.0,2,Success,Bill Payment,Taunggyi,MMK,False
TXN-20240126-0002781,WALL-0042667,MERCH-00128,PM-01,DEV-01,2024-01-26 07:47:29,61.21,0.0,0.0,6,Success,Purchase,Pattaya,MMK,False
TXN-20240126-0002782,WALL-0027449,MERCH-00237,PM-01,DEV-03,2024-01-26 20:43:13,14.63,0.0,0.0,1,Success,Subscription,Delhi,INR,False
TXN-20240126-0002783,WALL-0136026,MERCH-00194,PM-04,DEV-02,2024-01-26 21:42:30,6.25,0.1249,0.0,0,Success,Purchase,Bago,MMK,False
TXN-20240126-0002784,WALL-0028480,MERCH-00344,PM-01,DEV-05,2024-01-26 20:05:19,49.35,0.0,0.0,4,Success,Bill Payment,Pathein,MMK,False
TXN-20240126-0002785,WALL-0045165,MERCH-00206,PM-01,DEV-01,2024-01-26 19:57:30,27.07,0.0,0.0,2,Success,Purchase,Naypyidaw,MMK,False
TXN-20240126-0002786,WALL-0109256,MERCH-00073,PM-01,DEV-02,2024-01-26 13:14:38,22.64,0.0,0.4528,2,Success,Purchase,Kuala Lumpur,PKR,False
TXN-20240126-0002787,WALL-0084071,MERCH-00146,PM-02,DEV-01,2024-01-26 21:52:55,178.42,0.3568,8.9208,17,Success,Purchase,Kolkata,INR,False
TXN-20240126-0002788,WALL-0107859,MERCH-00384,PM-03,DEV-02,2024-01-26 21:58:34,37.09,0.2967,0.0,3,Success,Purchase,Yangon,MMK,False
TXN-20240126-0002789,WALL-0141476,MERCH-00237,PM-03,DEV-01,2024-01-26 17:12:55,8.06,0.0645,0.0,0,Success,Subscription,Dhaka,BDT,False
TXN-20240126-0002790,WALL-0016927,MERCH-00165,PM-01,DEV-01,2024-01-26 15:13:12,204.35,0.0,10.2177,20,Success,Purchase,Delhi,INR,False
TXN-20240126-0002791,WALL-0139740,MERCH-00287,PM-04,DEV-01,2024-01-26 08:55:37,303.1,6.062,24.248,60,Success,Purchase,Mandalay,MMK,False
TXN-20240126-0002792,WALL-0073165,MERCH-00250,PM-01,DEV-02,2024-01-26 19:00:48,11.03,0.0,0.0,1,Success,Subscription,Ho Chi Minh City,VND,False
TXN-20240126-0002793,WALL-0126899,MERCH-00456,PM-02,DEV-04,2024-01-26 21:48:16,334.2,0.6684,0.0,33,Success,Payment,Karachi,PKR,False
TXN-20240126-0002794,WALL-0095551,MERCH-00068,PM-02,DEV-04,2024-01-26 19:49:56,51.92,0.1038,1.0385,5,Success,Purchase,Taunggyi,MMK,False
TXN-20240126-0002795,WALL-0134777,MERCH-00323,PM-01,DEV-01,2024-01-26 15:30:59,69.94,0.0,0.0,6,Success,Bill Payment,Pattaya,LKR,False
TXN-20240126-0002796,WALL-0078958,MERCH-00127,PM-04,DEV-01,2024-01-26 16:24:18,67.34,1.3469,0.0,6,Success,Purchase,Da Nang,VND,False
TXN-20240126-0002797,WALL-0095495,MERCH-00114,PM-01,DEV-02,2024-01-26 07:15:21,31.77,0.0,0.0,3,Success,Purchase,Bago,MMK,False
TXN-20240126-0002798,WALL-0063312,MERCH-00365,PM-02,DEV-02,2024-01-26 04:47:35,35.98,0.072,0.0,3,Success,Bill Payment,Mandalay,MMK,False
TXN-20240126-0002799,WALL-0132027,MERCH-00247,PM-01,DEV-04,2024-01-26 13:26:12,25.44,0.0,0.0,2,Success,Subscription,Hanoi,VND,False
TXN-20240126-0002800,WALL-0128275,MERCH-00335,PM-02,DEV-01,2024-01-26 16:29:13,114.79,0.2296,0.0,11,Success,Bill Payment,Pathein,MMK,False
TXN-20240126-0002801,WALL-0039870,MERCH-00171,PM-05,DEV-02,2024-01-26 15:17:14,224.35,0.0,11.2173,22,Success,Purchase,Bago,MMK,False
TXN-20240126-0002802,WALL-0121661,MERCH-00257,PM-02,DEV-01,2024-01-26 13:52:27,8.05,0.0161,0.0,0,Success,Subscription,Hyderabad,INR,False
TXN-20240126-0002803,WALL-0063166,MERCH-00034,PM-04,DEV-01,2024-01-26 07:22:33,20.3,0.406,0.406,2,Success,Purchase,Chennai,INR,False
TXN-20240126-0002804,WALL-0066014,MERCH-00301,PM-01,DEV-01,2024-01-26 09:12:28,622.92,0.0,49.8334,124,Success,Purchase,Bali,MMK,False
TXN-20240126-0002805,WALL-0000349,MERCH-00159,PM-01,DEV-01,2024-01-26 14:15:51,43.37,0.0,2.1685,4,Success,Purchase,Kathmandu,NPR,False
TXN-20240126-0002806,WALL-0085134,MERCH-00436,PM-04,DEV-01,2024-01-26 06:59:15,254.66,5.0931,0.0,25,Success,Tax Payment,Davao,PHP,False
TXN-20240126-0002807,WALL-0135960,MERCH-00399,PM-04,DEV-01,2024-01-26 21:50:34,108.53,2.1706,0.0,10,Success,Purchase,Bago,MMK,False
TXN-20240126-0002808,WALL-0112235,MERCH-00411,PM-02,DEV-01,2024-01-26 12:55:41,68.63,0.1373,0.0,6,Success,Payment,Mandalay,MMK,False
TXN-20240126-0002809,WALL-0030959,MERCH-00393,PM-01,DEV-01,2024-01-26 17:04:05,129.56,0.0,0.0,12,Success,Purchase,Da Nang,VND,False
TXN-20240126-0002810,WALL-0034512,MERCH-00339,PM-02,DEV-01,2024-01-26 21:44:09,27.64,0.0553,0.0,2,Success,Bill Payment,Mandalay,MMK,False
TXN-20240126-0002811,WALL-0049371,MERCH-00384,PM-01,DEV-01,2024-01-26 15:09:27,99.79,0.0,0.0,9,Success,Purchase,Da Nang,VND,False
TXN-20240126-0002812,WALL-0147271,MERCH-00340,PM-01,DEV-05,2024-01-26 23:02:43,81.59,0.0,0.0,8,Success,Bill Payment,Mandalay,MMK,False
TXN-20240126-0002813,WALL-0050160,MERCH-00391,PM-02,DEV-01,2024-01-26 14:10:05,47.45,0.0949,0.0,0,Reversed,Purchase,Yangon,MMK,False
TXN-20240126-0002814,WALL-0009518,MERCH-00252,PM-03,DEV-01,2024-01-26 01:17:45,7.05,0.0564,0.0,0,Success,Subscription,Taunggyi,MMK,False
TXN-20240126-0002815,WALL-0003461,MERCH-00007,PM-05,DEV-01,2024-01-26 08:59:36,44.28,0.0,0.8855,4,Success,Purchase,Myitkyina,MMK,False
TXN-20240126-0002816,WALL-0092758,MERCH-00198,PM-01,DEV-01,2024-01-26 13:04:15,13.73,0.0,0.0,1,Success,Purchase,Naypyidaw,MMK,False
TXN-20240126-0002817,WALL-0136431,MERCH-00219,PM-03,DEV-01,2024-01-26 12:34:47,16.34,0.1307,0.0,1,Success,Purchase,Colombo,LKR,False
TXN-20240126-0002818,WALL-0129141,MERCH-00084,PM-02,DEV-01,2024-01-26 20:03:51,31.95,0.0639,0.0,3,Success,Purchase,Da Nang,VND,False
TXN-20240126-0002819,WALL-0003005,MERCH-00153,PM-04,DEV-03,2024-01-26 14:44:42,213.63,4.2725,10.6813,21,Success,Purchase,Myitkyina,MMK,False
TXN-20240126-0002820,WALL-0042795,MERCH-00163,PM-01,DEV-01,2024-01-26 10:52:26,31.43,0.0,1.5716,3,Success,Purchase,Mandalay,MMK,False
TXN-20240126-0002821,WALL-0112890,MERCH-00006,PM-02,DEV-02,2024-01-26 14:35:40,55.98,0.112,1.1197,5,Success,Purchase,Bangkok,IDR,False
TXN-20240126-0002822,WALL-0098626,MERCH-00134,PM-03,DEV-03,2024-01-26 09:35:37,53.77,0.4302,2.6887,5,Success,Purchase,Siem Reap,KHR,False
TXN-20240126-0002823,WALL-0037056,MERCH-00025,PM-01,DEV-01,2024-01-26 10:04:59,5.0,0.0,0.1,0,Success,Purchase,Bago,MMK,False
TXN-20240126-0002824,WALL-0005835,MERCH-00430,PM-01,DEV-01,2024-01-26 16:52:21,51.92,0.0,0.0,5,Success,Payment,Mandalay,MMK,False
TXN-20240126-0002825,WALL-0025032,MERCH-00237,PM-05,DEV-01,2024-01-26 13:09:54,13.33,0.0,0.0,1,Success,Subscription,Mandalay,MMK,False
TXN-20240126-0002826,WALL-0097964,MERCH-00380,PM-01,DEV-03,2024-01-26 18:04:06,20.0,0.0,0.0,2,Success,Purchase,Mawlamyine,MMK,False
TXN-20240126-0002827,WALL-0092252,MERCH-00062,PM-04,DEV-01,2024-01-26 18:10:12,17.4,0.3479,0.0,0,Pending,Purchase,Chennai,INR,False
TXN-20240126-0002828,WALL-0039933,MERCH-00099,PM-01,DEV-02,2024-01-26 19:04:38,86.14,0.0,0.0,8,Success,Purchase,Pathein,MMK,False
TXN-20240126-0002829,WALL-0113698,MERCH-00015,PM-03,DEV-02,2024-01-26 20:31:40,15.53,0.1243,0.3107,1,Success,Purchase,Yangon,MMK,False
TXN-20240126-0002830,WALL-0105790,MERCH-00350,PM-01,DEV-01,2024-01-26 20:19:36,25.91,0.0,0.0,2,Success,Bill Payment,Yangon,MMK,False
TXN-20240126-0002831,WALL-0071657,MERCH-00391,PM-04,DEV-01,2024-01-26 19:01:21,37.55,0.751,0.0,3,Success,Purchase,Khon Kaen,THB,False
TXN-20240126-0002832,WALL-0058083,MERCH-00309,PM-01,DEV-01,2024-01-26 15:40:17,219.4,0.0,17.5516,43,Success,Purchase,Kandy,MMK,False
TXN-20240126-0002833,WALL-0046586,MERCH-00080,PM-04,DEV-01,2024-01-26 21:41:56,19.55,0.3911,0.0,0,Reversed,Purchase,Hanoi,IDR,False
TXN-20240126-0002834,WALL-0090127,MERCH-00105,PM-01,DEV-01,2024-01-26 07:38:17,53.16,0.0,0.0,5,Success,Purchase,Bago,MMK,False
TXN-20240126-0002835,WALL-0146377,MERCH-00107,PM-01,DEV-03,2024-01-26 18:51:47,65.26,0.0,0.0,6,Success,Purchase,Da Nang,VND,False
TXN-20240126-0002836,WALL-0009689,MERCH-00239,PM-02,DEV-02,2024-01-26 13:41:10,29.53,0.0591,0.0,0,Reversed,Subscription,Johor Bahru,MYR,False
TXN-20240126-0002837,WALL-0065194,MERCH-00021,PM-03,DEV-01,2024-01-26 06:42:52,14.25,0.114,0.2851,1,Success,Purchase,Cebu City,KHR,False
TXN-20240126-0002838,WALL-0073864,MERCH-00128,PM-01,DEV-03,2024-01-26 17:09:59,54.44,0.0,0.0,0,Failed,Purchase,Bangkok,THB,False
TXN-20240126-0002839,WALL-0071825,MERCH-00250,PM-04,DEV-02,2024-01-26 16:05:17,11.22,0.2244,0.0,1,Success,Subscription,Bago,MMK,False
TXN-20240126-0002840,WALL-0106828,MERCH-00067,PM-03,DEV-05,2024-01-26 18:59:29,35.48,0.2839,0.7097,3,Success,Purchase,Jaipur,MMK,False
TXN-20240126-0002841,WALL-0104117,MERCH-00338,PM-04,DEV-01,2024-01-26 20:40:31,77.73,1.5545,0.0,7,Success,Bill Payment,Ahmedabad,INR,False
TXN-20240126-0002842,WALL-0112432,MERCH-00371,PM-02,DEV-02,2024-01-26 05:47:36,24.71,0.0494,0.0,2,Success,Purchase,Ahmedabad,INR,False
TXN-20240126-0002843,WALL-0148714,MERCH-00079,PM-02,DEV-01,2024-01-26 12:10:15,18.42,0.0368,0.3684,1,Success,Purchase,Chittagong,BDT,False
TXN-20240126-0002844,WALL-0024003,MERCH-00133,PM-03,DEV-01,2024-01-26 11:08:07,92.0,0.736,4.5999,9,Success,Purchase,Jakarta,IDR,False
TXN-20240126-0002845,WALL-0145585,MERCH-00352,PM-02,DEV-01,2024-01-26 12:12:45,22.08,0.0442,0.0,2,Success,Bill Payment,Surabaya,INR,False
TXN-20240126-0002846,WALL-0042973,MERCH-00014,PM-03,DEV-01,2024-01-26 06:22:38,42.08,0.3366,0.8416,4,Success,Purchase,Pattaya,THB,False
TXN-20240126-0002847,WALL-0004877,MERCH-00486,PM-04,DEV-02,2024-01-26 20:50:51,489.06,9.7811,0.0,48,Success,Payment,Kuala Lumpur,MYR,False
TXN-20240126-0002848,WALL-0047164,MERCH-00170,PM-03,DEV-03,2024-01-26 19:29:21,167.74,1.3419,8.3868,16,Success,Purchase,Kuala Lumpur,MYR,False
TXN-20240126-0002849,WALL-0014874,MERCH-00330,PM-01,DEV-02,2024-01-26 13:03:01,34.15,0.0,0.0,3,Success,Bill Payment,Pathein,MMK,False
TXN-20240126-0002850,WALL-0118298,MERCH-00010,PM-04,DEV-02,2024-01-26 15:41:29,32.41,0.6482,0.6482,3,Success,Purchase,Bangkok,THB,False
TXN-20240126-0002851,WALL-0085830,MERCH-00263,PM-03,DEV-01,2024-01-26 21:30:02,31.39,0.2511,0.0,3,Success,Subscription,Pune,INR,False
TXN-20240126-0002852,WALL-0098879,MERCH-00240,PM-02,DEV-03,2024-01-26 15:39:46,20.37,0.0407,0.0,2,Success,Subscription,Johor Bahru,MYR,False
TXN-20240126-0002853,WALL-0072513,MERCH-00441,PM-01,DEV-03,2024-01-26 19:03:44,50.0,0.0,0.0,5,Success,Tax Payment,Ho Chi Minh City,PHP,False
TXN-20240126-0002854,WALL-0019843,MERCH-00002,PM-01,DEV-03,2024-01-26 13:46:59,48.19,0.0,0.9639,4,Success,Purchase,Bago,MMK,False
TXN-20240126-0002855,WALL-0094093,MERCH-00461,PM-02,DEV-02,2024-01-26 10:15:41,50.0,0.1,0.0,5,Success,Payment,Delhi,INR,False
TXN-20240126-0002856,WALL-0001535,MERCH-00180,PM-01,DEV-01,2024-01-26 12:59:06,20.01,0.0,1.0007,2,Success,Purchase,Kandy,LKR,False
TXN-20240126-0002857,WALL-0141871,MERCH-00033,PM-03,DEV-02,2024-01-26 21:34:10,23.94,0.1915,0.4788,2,Success,Purchase,Mumbai,INR,False
TXN-20240126-0002858,WALL-0070820,MERCH-00361,PM-01,DEV-01,2024-01-26 13:06:14,31.19,0.0,0.0,3,Success,Bill Payment,Siem Reap,MMK,False
TXN-20240126-0002859,WALL-0060841,MERCH-00134,PM-03,DEV-05,2024-01-26 13:19:20,146.59,1.1727,7.3296,14,Success,Purchase,Mandalay,INR,False
TXN-20240126-0002860,WALL-0139040,MERCH-00257,PM-02,DEV-01,2024-01-26 16:25:16,22.69,0.0454,0.0,2,Success,Subscription,Taunggyi,MMK,False
TXN-20240126-0002861,WALL-0128690,MERCH-00081,PM-04,DEV-02,2024-01-26 07:03:10,60.42,1.2083,0.0,6,Success,Purchase,Mandalay,MMK,False
TXN-20240126-0002862,WALL-0084050,MERCH-00303,PM-02,DEV-01,2024-01-26 16:51:54,392.37,0.7847,31.3898,78,Success,Purchase,Pokhara,NPR,False
TXN-20240126-0002863,WALL-0019264,MERCH-00087,PM-03,DEV-01,2024-01-26 13:26:14,52.82,0.4225,0.0,5,Success,Purchase,Mandalay,MMK,False
TXN-20240126-0002864,WALL-0094944,MERCH-00027,PM-04,DEV-01,2024-01-26 19:07:53,17.15,0.343,0.343,1,Success,Purchase,Mumbai,INR,False
TXN-20240126-0002865,WALL-0006296,MERCH-00257,PM-01,DEV-01,2024-01-26 01:30:12,15.46,0.0,0.0,1,Success,Subscription,Hanoi,VND,False
TXN-20240126-0002866,WALL-0062769,MERCH-00340,PM-02,DEV-01,2024-01-26 16:02:36,47.32,0.0946,0.0,4,Success,Bill Payment,Yangon,MMK,False
TXN-20240126-0002867,WALL-0022856,MERCH-00206,PM-03,DEV-01,2024-01-26 13:52:05,17.63,0.141,0.0,1,Success,Purchase,Davao,PHP,False
TXN-20240126-0002868,WALL-0135200,MERCH-00136,PM-02,DEV-01,2024-01-26 20:33:59,41.77,0.0835,2.0887,4,Success,Purchase,Da Nang,VND,False
TXN-20240126-0002869,WALL-0086358,MERCH-00131,PM-01,DEV-02,2024-01-26 16:00:35,92.43,0.0,4.6215,9,Success,Purchase,Chittagong,INR,False
TXN-20240126-0002870,WALL-0074187,MERCH-00030,PM-04,DEV-01,2024-01-26 17:44:27,13.35,0.2671,0.2671,1,Success,Purchase,Mumbai,IDR,False
TXN-20240126-0002871,WALL-0079297,MERCH-00367,PM-01,DEV-03,2024-01-26 19:00:02,30.35,0.0,0.0,3,Success,Bill Payment,Singapore,SGD,False
TXN-20240126-0002872,WALL-0014702,MERCH-00114,PM-02,DEV-02,2024-01-26 18:17:03,49.01,0.098,0.0,4,Success,Purchase,Delhi,INR,False
TXN-20240126-0002873,WALL-0063234,MERCH-00337,PM-01,DEV-01,2024-01-26 21:32:07,60.01,0.0,0.0,6,Success,Bill Payment,Ahmedabad,INR,False
TXN-20240126-0002874,WALL-0105150,MERCH-00279,PM-04,DEV-01,2024-01-26 21:54:48,339.42,6.7885,27.1538,67,Success,Purchase,Singapore,SGD,False
TXN-20240126-0002875,WALL-0080732,MERCH-00484,PM-01,DEV-01,2024-01-26 12:33:49,991.63,0.0,0.0,99,Success,Payment,Bangalore,IDR,False
TXN-20240126-0002876,WALL-0048423,MERCH-00151,PM-01,DEV-01,2024-01-26 21:19:52,40.19,0.0,2.0093,4,Success,Purchase,Jaipur,LKR,False
TXN-20240126-0002877,WALL-0057979,MERCH-00017,PM-01,DEV-02,2024-01-26 13:01:01,11.55,0.0,0.0,0,Reversed,Purchase,Islamabad,MMK,False
TXN-20240126-0002878,WALL-0113488,MERCH-00274,PM-01,DEV-01,2024-01-26 12:50:54,2978.18,0.0,238.2543,595,Success,Purchase,Bangalore,NPR,False
TXN-20240126-0002879,WALL-0102861,MERCH-00003,PM-02,DEV-01,2024-01-26 06:20:59,20.71,0.0414,0.4142,2,Success,Purchase,Phnom Penh,KHR,False
TXN-20240126-0002880,WALL-0030734,MERCH-00370,PM-01,DEV-03,2024-01-26 15:39:24,24.32,0.0,0.0,2,Success,Bill Payment,Taunggyi,MMK,False
TXN-20240126-0002881,WALL-0084910,MERCH-00046,PM-02,DEV-01,2024-01-26 16:57:38,37.98,0.076,0.7595,3,Success,Purchase,Taunggyi,MMK,False
TXN-20240126-0002882,WALL-0029565,MERCH-00194,PM-04,DEV-02,2024-01-26 10:02:15,8.6,0.172,0.0,0,Success,Purchase,Myitkyina,MMK,False
TXN-20240126-0002883,WALL-0068458,MERCH-00061,PM-03,DEV-01,2024-01-26 12:20:16,17.65,0.1412,0.3529,1,Success,Purchase,Mawlamyine,MMK,False
TXN-20240126-0002884,WALL-0084025,MERCH-00399,PM-01,DEV-01,2024-01-26 17:12:14,20.0,0.0,0.0,2,Success,Purchase,Yangon,MMK,False
TXN-20240126-0002885,WALL-0001272,MERCH-00062,PM-02,DEV-01,2024-01-26 10:19:34,17.5,0.035,0.3499,1,Success,Purchase,Yangon,MMK,False
TXN-20240126-0002886,WALL-0109282,MERCH-00377,PM-01,DEV-05,2024-01-26 18:36:55,44.67,0.0,0.0,4,Success,Purchase,Mawlamyine,MMK,False
TXN-20240126-0002887,WALL-0045452,MERCH-00447,PM-04,DEV-02,2024-01-26 09:58:10,218.78,4.3756,0.0,21,Success,Tax Payment,Bali,IDR,False
TXN-20240126-0002888,WALL-0112342,MERCH-00337,PM-03,DEV-01,2024-01-26 12:58:08,46.37,0.371,0.0,4,Success,Bill Payment,Mumbai,MMK,False
TXN-20240126-0002889,WALL-0083102,MERCH-00008,PM-03,DEV-01,2024-01-26 12:18:50,7.38,0.059,0.1476,0,Success,Purchase,Mandalay,MMK,False
TXN-20240126-0002890,WALL-0068404,MERCH-00005,PM-03,DEV-03,2024-01-26 00:18:26,28.17,0.2253,0.5634,2,Success,Purchase,Johor Bahru,MYR,False
TXN-20240126-0002891,WALL-0111968,MERCH-00325,PM-03,DEV-04,2024-01-26 15:55:48,94.14,0.7531,0.0,9,Success,Bill Payment,Singapore,SGD,False
TXN-20240126-0002892,WALL-0001640,MERCH-00051,PM-03,DEV-01,2024-01-26 11:15:58,72.87,0.5829,1.4574,7,Success,Purchase,Chiang Mai,INR,False
TXN-20240126-0002893,WALL-0144396,MERCH-00223,PM-04,DEV-02,2024-01-26 14:20:05,17.2,0.344,0.0,1,Success,Purchase,Myitkyina,MMK,False
TXN-20240126-0002894,WALL-0058665,MERCH-00163,PM-02,DEV-01,2024-01-26 08:07:27,33.02,0.066,1.6512,3,Success,Purchase,Bago,MMK,False
TXN-20240126-0002895,WALL-0099918,MERCH-00240,PM-03,DEV-01,2024-01-26 17:23:56,26.95,0.2156,0.0,2,Success,Subscription,Colombo,LKR,False
TXN-20240126-0002896,WALL-0069593,MERCH-00401,PM-04,DEV-03,2024-01-26 13:28:09,162.13,3.2426,0.0,16,Success,Payment,Pune,INR,False
TXN-20240126-0002897,WALL-0035228,MERCH-00165,PM-01,DEV-01,2024-01-26 18:44:28,88.23,0.0,4.4117,8,Success,Purchase,Surabaya,IDR,False
TXN-20240126-0002898,WALL-0054216,MERCH-00492,PM-05,DEV-01,2024-01-26 09:45:00,144.57,0.0,0.0,14,Success,Payment,Phnom Penh,KHR,False
TXN-20240126-0002899,WALL-0094232,MERCH-00316,PM-03,DEV-01,2024-01-26 12:40:07,71.79,0.5743,0.0,7,Success,Bill Payment,Kandy,LKR,False
TXN-20240126-0002900,WALL-0129503,MERCH-00056,PM-01,DEV-01,2024-01-26 07:49:30,5.0,0.0,0.1,0,Success,Purchase,Manila,PHP,False
TXN-20240126-0002901,WALL-0002979,MERCH-00151,PM-02,DEV-03,2024-01-26 20:16:57,268.14,0.5363,13.407,26,Success,Purchase,Mandalay,MMK,False
TXN-20240126-0002902,WALL-0089138,MERCH-00170,PM-02,DEV-01,2024-01-26 04:09:08,47.33,0.0947,2.3666,4,Success,Purchase,Chennai,INR,False
TXN-20240126-0002903,WALL-0006127,MERCH-00106,PM-04,DEV-05,2024-01-26 16:49:50,62.99,1.2597,0.0,6,Success,Purchase,Yangon,MMK,False
TXN-20240126-0002904,WALL-0034093,MERCH-00120,PM-03,DEV-01,2024-01-26 07:48:06,18.06,0.1445,0.0,1,Success,Purchase,Jaipur,INR,False
TXN-20240126-0002905,WALL-0113705,MERCH-00270,PM-02,DEV-02,2024-01-26 13:26:35,30.56,0.0611,0.0,3,Success,Subscription,Siem Reap,KHR,False
TXN-20240126-0002906,WALL-0080077,MERCH-00106,PM-01,DEV-01,2024-01-26 18:09:53,121.66,0.0,0.0,12,Success,Purchase,Phuket,THB,False
TXN-20240126-0002907,WALL-0049114,MERCH-00374,PM-01,DEV-01,2024-01-26 13:06:27,70.5,0.0,0.0,7,Success,Purchase,Myitkyina,MMK,False
TXN-20240126-0002908,WALL-0134312,MERCH-00423,PM-01,DEV-01,2024-01-26 11:10:39,47.75,0.0,0.0,4,Success,Payment,Mumbai,INR,False
TXN-20240126-0002909,WALL-0142323,MERCH-00374,PM-04,DEV-01,2024-01-26 01:11:06,33.47,0.6693,0.0,3,Success,Purchase,Myitkyina,MMK,False
TXN-20240126-0002910,WALL-0082724,MERCH-00349,PM-01,DEV-01,2024-01-26 11:54:15,143.22,0.0,0.0,14,Success,Bill Payment,Bago,MMK,False
TXN-20240126-0002911,WALL-0087006,MERCH-00323,PM-01,DEV-01,2024-01-26 17:57:27,66.58,0.0,0.0,6,Success,Bill Payment,Bangalore,INR,False
TXN-20240126-0002912,WALL-0136175,MERCH-00262,PM-02,DEV-01,2024-01-26 14:25:18,19.13,0.0383,0.0,1,Success,Subscription,Mandalay,MMK,False
TXN-20240126-0002913,WALL-0095186,MERCH-00076,PM-01,DEV-03,2024-01-26 18:31:47,32.6,0.0,0.652,3,Success,Purchase,Chiang Mai,THB,False
TXN-20240126-0002914,WALL-0106591,MERCH-00005,PM-04,DEV-01,2024-01-26 15:28:56,13.86,0.2771,0.2771,1,Success,Purchase,Taunggyi,MMK,False
TXN-20240126-0002915,WALL-0065705,MERCH-00424,PM-01,DEV-03,2024-01-26 19:13:45,76.81,0.0,0.0,7,Success,Payment,Myitkyina,MMK,False
TXN-20240126-0002916,WALL-0123035,MERCH-00193,PM-01,DEV-02,2024-01-26 10:58:46,17.97,0.0,0.0,1,Success,Purchase,Bali,INR,False
TXN-20240126-0002917,WALL-0129224,MERCH-00030,PM-04,DEV-02,2024-01-26 12:26:01,12.05,0.2411,0.2411,1,Success,Purchase,Johor Bahru,MYR,False
TXN-20240126-0002918,WALL-0079621,MERCH-00045,PM-03,DEV-02,2024-01-26 17:38:14,17.52,0.1402,0.3504,1,Success,Purchase,Bangalore,MMK,False
TXN-20240126-0002919,WALL-0009983,MERCH-00247,PM-04,DEV-03,2024-01-26 21:22:45,18.82,0.3763,0.0,1,Success,Subscription,Islamabad,PKR,False
TXN-20240126-0002920,WALL-0069371,MERCH-00414,PM-02,DEV-02,2024-01-26 17:38:05,103.21,0.2064,0.0,10,Success,Payment,Khon Kaen,THB,False
TXN-20240126-0002921,WALL-0109200,MERCH-00027,PM-01,DEV-05,2024-01-26 15:07:37,46.76,0.0,0.9351,4,Success,Purchase,Mandalay,MMK,False
TXN-20240126-0002922,WALL-0066650,MERCH-00065,PM-01,DEV-01,2024-01-26 09:59:33,8.44,0.0,0.0,0,Pending,Purchase,Kolkata,MMK,False
TXN-20240126-0002923,WALL-0144127,MERCH-00183,PM-02,DEV-02,2024-01-26 08:38:54,109.06,0.2181,5.4529,10,Success,Purchase,Pune,INR,False
TXN-20240126-0002924,WALL-0137893,MERCH-00047,PM-01,DEV-01,2024-01-26 21:42:54,5.0,0.0,0.1,0,Success,Purchase,Mandalay,MMK,False
TXN-20240126-0002925,WALL-0057206,MERCH-00264,PM-02,DEV-01,2024-01-26 21:34:57,7.64,0.0153,0.0,0,Success,Subscription,Mumbai,INR,False
TXN-20240126-0002926,WALL-0123609,MERCH-00046,PM-02,DEV-01,2024-01-26 17:57:48,28.96,0.0579,0.5792,2,Success,Purchase,Kandy,LKR,False
TXN-20240126-0002927,WALL-0076242,MERCH-00091,PM-01,DEV-01,2024-01-26 12:14:38,32.54,0.0,0.0,3,Success,Purchase,Bago,MMK,False
TXN-20240126-0002928,WALL-0055458,MERCH-00311,PM-01,DEV-01,2024-01-26 14:15:44,40.4,0.0,0.0,4,Success,Bill Payment,Bandung,IDR,False
TXN-20240126-0002929,WALL-0073832,MERCH-00402,PM-04,DEV-01,2024-01-26 18:55:15,121.5,2.43,0.0,12,Success,Payment,Quezon City,PHP,False
TXN-20240126-0002930,WALL-0139019,MERCH-00397,PM-03,DEV-01,2024-01-26 13:46:09,25.19,0.2015,0.0,2,Success,Purchase,Karachi,PKR,False
TXN-20240126-0002931,WALL-0054160,MERCH-00224,PM-04,DEV-03,2024-01-26 16:02:31,12.73,0.2546,0.0,1,Success,Purchase,Mawlamyine,MMK,False
TXN-20240126-0002932,WALL-0033822,MERCH-00250,PM-01,DEV-01,2024-01-26 15:26:09,9.46,0.0,0.0,0,Success,Subscription,Bago,MMK,False
TXN-20240126-0002933,WALL-0082029,MERCH-00420,PM-04,DEV-01,2024-01-26 17:44:53,105.07,2.1013,0.0,10,Success,Payment,Quezon City,PHP,False
TXN-20240126-0002934,WALL-0063185,MERCH-00057,PM-01,DEV-01,2024-01-26 14:19:58,26.9,0.0,0.5381,2,Success,Purchase,Hyderabad,INR,False
TXN-20240126-0002935,WALL-0110973,MERCH-00002,PM-01,DEV-01,2024-01-26 13:11:46,9.23,0.0,0.1845,0,Success,Purchase,Naypyidaw,MMK,False
TXN-20240126-0002936,WALL-0137625,MERCH-00093,PM-01,DEV-02,2024-01-26 16:50:37,72.76,0.0,0.0,7,Success,Purchase,Pune,INR,False
TXN-20240126-0002937,WALL-0023105,MERCH-00364,PM-01,DEV-01,2024-01-26 12:12:44,40.17,0.0,0.0,4,Success,Bill Payment,Delhi,MMK,False
TXN-20240126-0002938,WALL-0109489,MERCH-00269,PM-04,DEV-01,2024-01-26 13:07:28,23.45,0.469,0.0,2,Success,Subscription,Hyderabad,INR,False
TXN-20240126-0002939,WALL-0002218,MERCH-00233,PM-03,DEV-01,2024-01-26 13:51:59,22.58,0.1806,0.0,2,Success,Subscription,Karachi,PKR,False
TXN-20240126-0002940,WALL-0059979,MERCH-00377,PM-01,DEV-02,2024-01-26 14:05:25,131.85,0.0,0.0,13,Success,Purchase,Mawlamyine,MMK,False
TXN-20240126-0002941,WALL-0071949,MERCH-00091,PM-01,DEV-02,2024-01-26 09:39:06,198.77,0.0,0.0,19,Success,Purchase,Hyderabad,INR,False
TXN-20240126-0002942,WALL-0067625,MERCH-00425,PM-02,DEV-03,2024-01-26 19:46:07,67.43,0.1349,0.0,6,Success,Payment,Hyderabad,INR,False
TXN-20240126-0002943,WALL-0044325,MERCH-00372,PM-02,DEV-02,2024-01-26 20:43:24,46.53,0.0931,0.0,4,Success,Purchase,Johor Bahru,MYR,False
TXN-20240126-0002944,WALL-0055685,MERCH-00359,PM-01,DEV-01,2024-01-26 09:07:54,45.13,0.0,0.0,4,Success,Bill Payment,Surabaya,IDR,False
TXN-20240126-0002945,WALL-0001701,MERCH-00472,PM-01,DEV-01,2024-01-26 22:15:49,124.64,0.0,0.0,12,Success,Payment,Myitkyina,MMK,False
TXN-20240126-0002946,WALL-0137474,MERCH-00422,PM-01,DEV-01,2024-01-26 05:44:30,869.26,0.0,0.0,86,Success,Payment,Kuala Lumpur,MYR,False
TXN-20240126-0002947,WALL-0097308,MERCH-00252,PM-03,DEV-01,2024-01-26 20:33:35,13.49,0.1079,0.0,1,Success,Subscription,Bandung,IDR,False
TXN-20240126-0002948,WALL-0042155,MERCH-00217,PM-02,DEV-01,2024-01-26 09:20:05,7.89,0.0158,0.0,0,Success,Purchase,Hanoi,MMK,False
TXN-20240126-0002949,WALL-0118666,MERCH-00037,PM-02,DEV-04,2024-01-26 15:38:13,5.0,0.01,0.1,0,Success,Purchase,Penang,MYR,False
TXN-20240126-0002950,WALL-0146557,MERCH-00102,PM-03,DEV-01,2024-01-26 14:17:08,56.31,0.4505,0.0,5,Success,Purchase,Mawlamyine,MMK,False
TXN-20240126-0002951,WALL-0099406,MERCH-00447,PM-01,DEV-01,2024-01-26 09:52:45,50.0,0.0,0.0,5,Success,Tax Payment,Lahore,PKR,False
TXN-20240126-0002952,WALL-0147853,MERCH-00373,PM-02,DEV-01,2024-01-26 16:29:08,91.28,0.1826,0.0,9,Success,Purchase,Chittagong,BDT,False
TXN-20240126-0002953,WALL-0045410,MERCH-00120,PM-02,DEV-01,2024-01-26 12:49:53,65.86,0.1317,0.0,6,Success,Purchase,Kathmandu,NPR,False
TXN-20240126-0002954,WALL-0004248,MERCH-00233,PM-03,DEV-01,2024-01-26 16:33:05,24.72,0.1978,0.0,2,Success,Subscription,Taunggyi,MMK,False
TXN-20240126-0002955,WALL-0055621,MERCH-00067,PM-01,DEV-01,2024-01-26 20:48:51,32.82,0.0,0.6565,3,Success,Purchase,Naypyidaw,MMK,False
TXN-20240126-0002956,WALL-0020404,MERCH-00353,PM-02,DEV-02,2024-01-26 15:57:10,22.63,0.0453,0.0,2,Success,Bill Payment,Delhi,INR,False
TXN-20240126-0002957,WALL-0080701,MERCH-00350,PM-01,DEV-01,2024-01-26 20:06:55,35.12,0.0,0.0,3,Success,Bill Payment,Yangon,MMK,False
TXN-20240126-0002958,WALL-0058295,MERCH-00221,PM-02,DEV-01,2024-01-26 08:33:36,34.82,0.0696,0.0,3,Success,Purchase,Chittagong,BDT,False
TXN-20240126-0002959,WALL-0046217,MERCH-00117,PM-01,DEV-05,2024-01-26 14:49:38,26.72,0.0,0.0,2,Success,Purchase,Phuket,THB,False
TXN-20240126-0002960,WALL-0088198,MERCH-00081,PM-02,DEV-01,2024-01-26 08:48:54,43.01,0.086,0.0,4,Success,Purchase,Taunggyi,MMK,False
TXN-20240126-0002961,WALL-0033030,MERCH-00256,PM-03,DEV-04,2024-01-26 20:50:35,6.36,0.0509,0.0,0,Success,Subscription,Taunggyi,MMK,False
TXN-20240126-0002962,WALL-0097579,MERCH-00179,PM-05,DEV-01,2024-01-26 20:30:26,48.63,0.0,2.4314,4,Success,Purchase,Bali,IDR,False
TXN-20240126-0002963,WALL-0114010,MERCH-00086,PM-05,DEV-02,2024-01-26 14:46:58,64.52,0.0,0.0,6,Success,Purchase,Dhaka,BDT,False
TXN-20240126-0002964,WALL-0146748,MERCH-00435,PM-04,DEV-01,2024-01-26 04:57:58,154.37,3.0875,0.0,15,Success,Tax Payment,Taunggyi,MMK,False
TXN-20240126-0002965,WALL-0148048,MERCH-00257,PM-04,DEV-02,2024-01-26 19:54:41,17.16,0.3433,0.0,1,Success,Subscription,Mawlamyine,MMK,False
TXN-20240126-0002966,WALL-0064989,MERCH-00177,PM-02,DEV-01,2024-01-26 23:07:12,39.36,0.0787,1.9681,3,Success,Purchase,Kuala Lumpur,MYR,False
TXN-20240126-0002967,WALL-0121041,MERCH-00220,PM-01,DEV-04,2024-01-26 12:42:24,24.79,0.0,0.0,2,Success,Purchase,Colombo,LKR,False
TXN-20240126-0002968,WALL-0004313,MERCH-00037,PM-02,DEV-04,2024-01-26 17:54:42,21.73,0.0435,0.4346,2,Success,Purchase,Islamabad,PKR,False
TXN-20240126-0002969,WALL-0005897,MERCH-00145,PM-03,DEV-01,2024-01-26 21:16:20,104.96,0.8397,5.248,10,Success,Purchase,Dhaka,BDT,False
TXN-20240126-0002970,WALL-0035975,MERCH-00024,PM-01,DEV-03,2024-01-26 19:53:12,30.87,0.0,0.6174,3,Success,Purchase,Phnom Penh,INR,False
TXN-20240126-0002971,WALL-0010662,MERCH-00200,PM-04,DEV-03,2024-01-26 10:20:13,13.07,0.2615,0.0,1,Success,Purchase,Hanoi,VND,False
TXN-20240126-0002972,WALL-0130538,MERCH-00011,PM-03,DEV-01,2024-01-26 22:58:43,32.0,0.256,0.6401,3,Success,Purchase,Mandalay,MMK,False
TXN-20240126-0002973,WALL-0044964,MERCH-00113,PM-01,DEV-03,2024-01-26 06:44:17,30.97,0.0,0.0,3,Success,Purchase,Pokhara,NPR,False
TXN-20240126-0002974,WALL-0005156,MERCH-00437,PM-01,DEV-01,2024-01-26 15:19:56,62.33,0.0,0.0,6,Success,Tax Payment,Cebu City,PHP,False
TXN-20240126-0002975,WALL-0137372,MERCH-00014,PM-01,DEV-01,2024-01-26 12:30:29,17.5,0.0,0.3501,1,Success,Purchase,Kuala Lumpur,MYR,False
TXN-20240126-0002976,WALL-0064111,MERCH-00079,PM-01,DEV-02,2024-01-26 21:31:27,33.05,0.0,0.661,3,Success,Purchase,Bangkok,MMK,False
TXN-20240126-0002977,WALL-0023304,MERCH-00228,PM-05,DEV-01,2024-01-26 21:33:41,8.24,0.0,0.0,0,Success,Purchase,Yangon,MMK,False
TXN-20240126-0002978,WALL-0139190,MERCH-00012,PM-01,DEV-02,2024-01-26 21:47:32,99.0,0.0,1.98,9,Success,Purchase,Manila,PHP,False
TXN-20240126-0002979,WALL-0147731,MERCH-00192,PM-04,DEV-03,2024-01-26 20:01:15,35.72,0.7145,0.0,3,Success,Purchase,Pokhara,NPR,False
TXN-20240126-0002980,WALL-0006968,MERCH-00263,PM-02,DEV-01,2024-01-26 23:56:58,29.63,0.0593,0.0,2,Success,Subscription,Bago,MMK,False
TXN-20240126-0002981,WALL-0103506,MERCH-00243,PM-01,DEV-01,2024-01-26 16:23:14,8.95,0.0,0.0,0,Success,Subscription,Myitkyina,MMK,False
TXN-20240126-0002982,WALL-0055462,MERCH-00305,PM-04,DEV-01,2024-01-26 11:54:28,1539.54,30.7907,123.163,307,Success,Purchase,Siem Reap,KHR,False
TXN-20240126-0002983,WALL-0086427,MERCH-00156,PM-02,DEV-02,2024-01-26 19:26:03,102.01,0.204,0.0,0,Failed,Purchase,Colombo,MMK,False
TXN-20240126-0002984,WALL-0051743,MERCH-00055,PM-01,DEV-01,2024-01-26 03:15:00,53.46,0.0,1.0691,5,Success,Purchase,Ho Chi Minh City,VND,False
TXN-20240126-0002985,WALL-0009164,MERCH-00498,PM-03,DEV-01,2024-01-26 11:20:46,216.6,1.7328,0.0,21,Success,Payment,Bago,MMK,False
TXN-20240126-0002986,WALL-0125283,MERCH-00034,PM-05,DEV-03,2024-01-26 13:19:53,14.65,0.0,0.2931,1,Success,Purchase,Pathein,MMK,False
TXN-20240126-0002987,WALL-0036326,MERCH-00044,PM-03,DEV-01,2024-01-26 11:30:17,12.6,0.1008,0.2521,1,Success,Purchase,Da Nang,VND,False
TXN-20240126-0002988,WALL-0070517,MERCH-00146,PM-04,DEV-02,2024-01-26 15:44:23,261.35,5.227,13.0674,26,Success,Purchase,Taunggyi,MMK,False
TXN-20240126-0002989,WALL-0013381,MERCH-00197,PM-02,DEV-03,2024-01-26 09:42:29,19.37,0.0387,0.0,1,Success,Purchase,Mumbai,INR,False
TXN-20240126-0002990,WALL-0083953,MERCH-00125,PM-04,DEV-02,2024-01-26 13:45:30,58.87,1.1775,0.0,5,Success,Purchase,Quezon City,THB,False
TXN-20240126-0002991,WALL-0076713,MERCH-00116,PM-04,DEV-03,2024-01-26 19:02:43,37.78,0.7556,0.0,3,Success,Purchase,Pathein,MMK,False
TXN-20240126-0002992,WALL-0084694,MERCH-00255,PM-05,DEV-01,2024-01-26 06:38:50,34.23,0.0,0.0,3,Success,Subscription,Khon Kaen,THB,False
TXN-20240126-0002993,WALL-0116951,MERCH-00393,PM-03,DEV-01,2024-01-26 03:48:47,37.37,0.2989,0.0,3,Success,Purchase,Yangon,MMK,False
TXN-20240126-0002994,WALL-0012751,MERCH-00205,PM-01,DEV-01,2024-01-26 18:39:56,10.16,0.0,0.0,1,Success,Purchase,Colombo,LKR,False
TXN-20240126-0002995,WALL-0023512,MERCH-00225,PM-02,DEV-01,2024-01-26 16:57:49,29.93,0.0599,0.0,2,Success,Purchase,Naypyidaw,MMK,False
TXN-20240126-0002996,WALL-0014914,MERCH-00461,PM-03,DEV-01,2024-01-26 14:53:27,674.78,5.3982,0.0,67,Success,Payment,Taunggyi,MMK,False
TXN-20240126-0002997,WALL-0111976,MERCH-00450,PM-05,DEV-01,2024-01-26 18:38:06,897.34,0.0,0.0,89,Success,Tax Payment,Naypyidaw,MMK,False
TXN-20240126-0002998,WALL-0091450,MERCH-00179,PM-01,DEV-04,2024-01-26 13:47:19,41.34,0.0,2.067,4,Success,Purchase,Mumbai,MMK,False
TXN-20240126-0002999,WALL-0069180,MERCH-00238,PM-01,DEV-01,2024-01-26 17:20:12,21.25,0.0,0.0,2,Success,Subscription,Bago,MMK,False
TXN-20240126-0003000,WALL-0055035,MERCH-00376,PM-01,DEV-03,2024-01-26 03:53:46,50.94,0.0,0.0,5,Success,Purchase,Chiang Mai,THB,False
TXN-20240126-0003001,WALL-0129815,MERCH-00049,PM-02,DEV-01,2024-01-26 08:38:28,16.89,0.0338,0.3377,1,Success,Purchase,Pathein,MMK,False
TXN-20240126-0003002,WALL-0067220,MERCH-00023,PM-02,DEV-02,2024-01-26 18:44:18,32.59,0.0652,0.6519,3,Success,Purchase,Myitkyina,MMK,False
TXN-20240126-0003003,WALL-0033993,MERCH-00131,PM-01,DEV-01,2024-01-26 10:24:09,196.62,0.0,9.8312,19,Success,Purchase,Myitkyina,MMK,False
TXN-20240126-0003004,WALL-0061192,MERCH-00168,PM-02,DEV-01,2024-01-26 19:04:41,34.57,0.0691,1.7286,3,Success,Purchase,Chennai,INR,False
TXN-20240126-0003005,WALL-0043296,MERCH-00160,PM-01,DEV-05,2024-01-26 12:02:56,84.13,0.0,4.2063,8,Success,Purchase,Bago,MMK,False
TXN-20240126-0003006,WALL-0141802,MERCH-00021,PM-03,DEV-02,2024-01-26 20:05:02,32.24,0.2579,0.6448,3,Success,Purchase,Jaipur,INR,False
TXN-20240126-0003007,WALL-0112363,MERCH-00199,PM-03,DEV-02,2024-01-26 13:02:20,8.52,0.0681,0.0,0,Success,Purchase,Myitkyina,MMK,False
TXN-20240126-0003008,WALL-0146858,MERCH-00218,PM-01,DEV-01,2024-01-26 15:27:39,7.59,0.0,0.0,0,Success,Purchase,Myitkyina,MMK,False
TXN-20240126-0003009,WALL-0096085,MERCH-00006,PM-02,DEV-01,2024-01-26 11:01:20,22.82,0.0456,0.4564,2,Success,Purchase,Kolkata,INR,False
TXN-20240126-0003010,WALL-0135598,MERCH-00324,PM-01,DEV-02,2024-01-26 00:41:46,71.95,0.0,0.0,7,Success,Bill Payment,Hanoi,VND,False
TXN-20240126-0003011,WALL-0058213,MERCH-00138,PM-03,DEV-01,2024-01-26 18:53:28,248.29,1.9863,12.4144,24,Success,Purchase,Ho Chi Minh City,VND,False
TXN-20240126-0003012,WALL-0076881,MERCH-00223,PM-02,DEV-02,2024-01-26 07:43:32,19.97,0.0399,0.0,1,Success,Purchase,Taunggyi,MMK,False
TXN-20240126-0003013,WALL-0138760,MERCH-00156,PM-01,DEV-02,2024-01-26 23:28:44,268.87,0.0,13.4435,26,Success,Purchase,Medan,IDR,False
TXN-20240126-0003014,WALL-0072217,MERCH-00065,PM-02,DEV-01,2024-01-26 18:01:55,13.92,0.0278,0.2785,1,Success,Purchase,Pattaya,VND,False
TXN-20240126-0003015,WALL-0020035,MERCH-00216,PM-02,DEV-03,2024-01-26 19:47:21,22.56,0.0451,0.0,2,Success,Purchase,Pathein,MMK,False
TXN-20240126-0003016,WALL-0005115,MERCH-00113,PM-03,DEV-01,2024-01-26 04:53:40,68.79,0.5503,0.0,6,Success,Purchase,Bago,MMK,False
TXN-20240126-0003017,WALL-0051054,MERCH-00147,PM-04,DEV-01,2024-01-26 12:40:38,190.88,3.8175,9.5438,19,Success,Purchase,Pathein,MMK,False
TXN-20240126-0003018,WALL-0147361,MERCH-00410,PM-03,DEV-02,2024-01-26 13:30:31,22.36,0.1789,0.0,2,Success,Payment,Yangon,MMK,False
TXN-20240126-0003019,WALL-0008707,MERCH-00271,PM-02,DEV-05,2024-01-26 20:57:47,895.49,1.791,71.6394,179,Success,Purchase,Bangalore,INR,False
TXN-20240126-0003020,WALL-0142196,MERCH-00025,PM-04,DEV-01,2024-01-26 06:34:08,25.33,0.5066,0.5066,2,Success,Purchase,Kandy,THB,False
TXN-20240126-0003021,WALL-0089481,MERCH-00060,PM-03,DEV-01,2024-01-26 17:30:42,13.5,0.108,0.27,1,Success,Purchase,Pattaya,THB,False
TXN-20240126-0003022,WALL-0104003,MERCH-00050,PM-03,DEV-01,2024-01-26 13:08:04,13.51,0.108,0.2701,1,Success,Purchase,Naypyidaw,MMK,False
TXN-20240126-0003023,WALL-0056610,MERCH-00302,PM-04,DEV-05,2024-01-26 15:56:47,1068.69,21.3738,85.4952,213,Success,Purchase,Hanoi,VND,False
TXN-20240126-0003024,WALL-0043427,MERCH-00034,PM-01,DEV-04,2024-01-26 10:05:34,70.8,0.0,1.416,7,Success,Purchase,Pathein,MMK,False
TXN-20240126-0003025,WALL-0117235,MERCH-00043,PM-04,DEV-01,2024-01-26 15:16:35,35.85,0.717,0.717,3,Success,Purchase,Yangon,MMK,False
TXN-20240126-0003026,WALL-0116492,MERCH-00262,PM-03,DEV-05,2024-01-26 18:57:34,32.68,0.2614,0.0,3,Success,Subscription,Lahore,PKR,False
TXN-20240126-0003027,WALL-0098070,MERCH-00007,PM-02,DEV-03,2024-01-26 08:11:50,42.0,0.084,0.84,4,Success,Purchase,Delhi,INR,False
TXN-20240126-0003028,WALL-0147307,MERCH-00389,PM-01,DEV-01,2024-01-26 18:07:27,91.47,0.0,0.0,9,Success,Purchase,Yangon,MMK,False
TXN-20240126-0003029,WALL-0083797,MERCH-00067,PM-01,DEV-01,2024-01-26 19:36:59,36.45,0.0,0.7291,3,Success,Purchase,Mawlamyine,MMK,False
TXN-20240126-0003030,WALL-0033017,MERCH-00056,PM-04,DEV-01,2024-01-26 00:48:46,16.73,0.3345,0.3345,1,Success,Purchase,Hanoi,VND,False
TXN-20240126-0003031,WALL-0036178,MERCH-00201,PM-01,DEV-01,2024-01-26 06:02:01,10.62,0.0,0.0,1,Success,Purchase,Kuala Lumpur,MYR,False
TXN-20240126-0003032,WALL-0000330,MERCH-00237,PM-01,DEV-02,2024-01-26 15:17:50,5.0,0.0,0.0,0,Success,Subscription,Bandung,MMK,False
TXN-20240126-0003033,WALL-0082397,MERCH-00449,PM-03,DEV-01,2024-01-26 16:01:33,1271.04,10.1683,0.0,127,Success,Tax Payment,Yangon,MMK,False
TXN-20240126-0003034,WALL-0133972,MERCH-00236,PM-02,DEV-02,2024-01-26 08:53:21,15.65,0.0313,0.0,1,Success,Subscription,Taunggyi,MMK,False
TXN-20240126-0003035,WALL-0118126,MERCH-00153,PM-02,DEV-02,2024-01-26 18:27:31,430.62,0.8612,21.5311,43,Success,Purchase,Bangkok,IDR,False
TXN-20240126-0003036,WALL-0090333,MERCH-00381,PM-04,DEV-01,2024-01-26 12:39:18,64.58,1.2917,0.0,6,Success,Purchase,Naypyidaw,MMK,False
TXN-20240126-0003037,WALL-0041192,MERCH-00138,PM-05,DEV-03,2024-01-26 20:11:30,31.52,0.0,1.5762,3,Success,Purchase,Pathein,MMK,False
TXN-20240126-0003038,WALL-0029249,MERCH-00217,PM-01,DEV-01,2024-01-26 23:30:24,5.0,0.0,0.0,0,Success,Purchase,Khon Kaen,THB,False
TXN-20240126-0003039,WALL-0123635,MERCH-00015,PM-01,DEV-01,2024-01-26 10:07:25,25.29,0.0,0.5057,2,Success,Purchase,Bangkok,THB,False
TXN-20240126-0003040,WALL-0077780,MERCH-00120,PM-02,DEV-02,2024-01-26 09:13:07,29.36,0.0587,0.0,0,Failed,Purchase,Singapore,SGD,False
TXN-20240126-0003041,WALL-0025250,MERCH-00195,PM-03,DEV-01,2024-01-26 05:45:00,6.82,0.0545,0.0,0,Success,Purchase,Taunggyi,MMK,False
TXN-20240126-0003042,WALL-0105706,MERCH-00080,PM-01,DEV-02,2024-01-26 12:05:41,20.11,0.0,0.0,0,Reversed,Purchase,Yangon,MMK,False
TXN-20240126-0003043,WALL-0140511,MERCH-00217,PM-01,DEV-02,2024-01-26 02:16:10,11.84,0.0,0.0,1,Success,Purchase,Bangalore,INR,False
TXN-20240126-0003044,WALL-0079540,MERCH-00301,PM-04,DEV-01,2024-01-26 01:46:33,166.22,3.3244,13.2976,33,Success,Purchase,Da Nang,VND,False
TXN-20240126-0003045,WALL-0025948,MERCH-00164,PM-03,DEV-01,2024-01-26 14:05:55,54.54,0.4363,2.7272,5,Success,Purchase,Pokhara,NPR,False
TXN-20240126-0003046,WALL-0137725,MERCH-00445,PM-01,DEV-02,2024-01-26 14:34:05,672.0,0.0,0.0,67,Success,Tax Payment,Pokhara,NPR,False
TXN-20240126-0003047,WALL-0092439,MERCH-00117,PM-02,DEV-01,2024-01-26 13:05:57,36.72,0.0734,0.0,3,Success,Purchase,Ho Chi Minh City,VND,False
TXN-20240126-0003048,WALL-0023641,MERCH-00440,PM-03,DEV-03,2024-01-26 13:08:05,157.65,1.2612,0.0,15,Success,Tax Payment,Bangkok,THB,False
TXN-20240126-0003049,WALL-0004740,MERCH-00082,PM-05,DEV-01,2024-01-26 04:53:47,50.96,0.0,0.0,5,Success,Purchase,Bangkok,THB,False
TXN-20240126-0003050,WALL-0068150,MERCH-00208,PM-03,DEV-01,2024-01-26 18:44:21,5.81,0.0465,0.0,0,Success,Purchase,Pathein,MMK,False
TXN-20240126-0003051,WALL-0102400,MERCH-00294,PM-02,DEV-03,2024-01-26 12:42:14,121.35,0.2427,9.7081,24,Success,Purchase,Pune,INR,False
TXN-20240126-0003052,WALL-0082056,MERCH-00326,PM-02,DEV-01,2024-01-26 14:29:50,80.7,0.1614,0.0,8,Success,Bill Payment,Mandalay,MMK,False
TXN-20240126-0003053,WALL-0136564,MERCH-00092,PM-01,DEV-01,2024-01-26 12:41:25,68.6,0.0,0.0,6,Success,Purchase,Mumbai,INR,False
TXN-20240126-0003054,WALL-0019719,MERCH-00242,PM-02,DEV-01,2024-01-26 12:52:57,15.04,0.0301,0.0,1,Success,Subscription,Myitkyina,MMK,False
TXN-20240126-0003055,WALL-0041707,MERCH-00101,PM-03,DEV-01,2024-01-26 14:26:21,39.53,0.3162,0.0,3,Success,Purchase,Myitkyina,MMK,False
TXN-20240126-0003056,WALL-0117792,MERCH-00406,PM-04,DEV-01,2024-01-26 21:51:30,252.46,5.0493,0.0,25,Success,Payment,Hanoi,VND,False
TXN-20240126-0003057,WALL-0082026,MERCH-00079,PM-01,DEV-01,2024-01-26 19:39:20,16.8,0.0,0.3361,1,Success,Purchase,Pathein,MMK,False
TXN-20240126-0003058,WALL-0135702,MERCH-00236,PM-05,DEV-01,2024-01-26 07:27:07,8.98,0.0,0.0,0,Success,Subscription,Singapore,SGD,False
TXN-20240126-0003059,WALL-0053249,MERCH-00407,PM-03,DEV-02,2024-01-26 10:37:57,24.95,0.1996,0.0,2,Success,Payment,Mawlamyine,MMK,False
TXN-20240126-0003060,WALL-0129867,MERCH-00354,PM-02,DEV-02,2024-01-26 12:09:08,73.62,0.1472,0.0,7,Success,Bill Payment,Mandalay,INR,False
TXN-20240126-0003061,WALL-0144149,MERCH-00341,PM-01,DEV-03,2024-01-26 01:20:11,59.37,0.0,0.0,5,Success,Bill Payment,Ho Chi Minh City,VND,False
TXN-20240126-0003062,WALL-0035344,MERCH-00199,PM-03,DEV-05,2024-01-26 01:58:49,12.47,0.0997,0.0,1,Success,Purchase,Naypyidaw,MMK,False
TXN-20240126-0003063,WALL-0045891,MERCH-00193,PM-03,DEV-02,2024-01-26 12:49:00,9.21,0.0737,0.0,0,Success,Purchase,Pathein,MMK,False
TXN-20240126-0003064,WALL-0081219,MERCH-00395,PM-02,DEV-01,2024-01-26 04:47:15,20.85,0.0417,0.0,2,Success,Purchase,Phnom Penh,KHR,False
TXN-20240126-0003065,WALL-0070722,MERCH-00237,PM-04,DEV-01,2024-01-26 12:20:04,24.23,0.4845,0.0,0,Failed,Subscription,Pattaya,THB,False
TXN-20240126-0003066,WALL-0023648,MERCH-00163,PM-03,DEV-02,2024-01-26 15:23:00,211.16,1.6893,10.5581,21,Success,Purchase,Colombo,LKR,False
TXN-20240126-0003067,WALL-0120166,MERCH-00359,PM-03,DEV-01,2024-01-26 15:03:18,24.58,0.1966,0.0,2,Success,Bill Payment,Pathein,MMK,False
TXN-20240126-0003068,WALL-0068606,MERCH-00153,PM-02,DEV-01,2024-01-26 21:26:42,23.61,0.0472,0.0,0,Reversed,Purchase,Davao,PKR,False
TXN-20240126-0003069,WALL-0070375,MERCH-00177,PM-03,DEV-01,2024-01-26 19:58:41,210.96,1.6877,10.5481,21,Success,Purchase,Siem Reap,KHR,False
TXN-20240126-0003070,WALL-0016253,MERCH-00195,PM-01,DEV-01,2024-01-26 21:50:07,5.5,0.0,0.0,0,Success,Purchase,Colombo,THB,False
TXN-20240126-0003071,WALL-0041180,MERCH-00256,PM-04,DEV-01,2024-01-26 07:59:37,30.65,0.613,0.0,3,Success,Subscription,Yangon,MMK,False
TXN-20240126-0003072,WALL-0065041,MERCH-00425,PM-01,DEV-01,2024-01-26 17:08:01,55.92,0.0,0.0,5,Success,Payment,Jakarta,IDR,False
TXN-20240126-0003073,WALL-0133316,MERCH-00003,PM-04,DEV-01,2024-01-26 18:13:19,15.31,0.3062,0.3062,1,Success,Purchase,Siem Reap,KHR,False
TXN-20240126-0003074,WALL-0145843,MERCH-00068,PM-01,DEV-02,2024-01-26 10:08:49,31.69,0.0,0.6337,3,Success,Purchase,Mumbai,INR,False
TXN-20240126-0003075,WALL-0011609,MERCH-00201,PM-01,DEV-01,2024-01-26 15:04:05,27.13,0.0,0.0,0,Failed,Purchase,Myitkyina,MMK,False
TXN-20240126-0003076,WALL-0082556,MERCH-00449,PM-02,DEV-01,2024-01-26 03:01:08,317.73,0.6355,0.0,31,Success,Tax Payment,Bago,MMK,False
TXN-20240126-0003077,WALL-0034855,MERCH-00328,PM-01,DEV-02,2024-01-26 23:06:54,43.94,0.0,0.0,4,Success,Bill Payment,Cebu City,PHP,False
TXN-20240126-0003078,WALL-0064719,MERCH-00365,PM-01,DEV-01,2024-01-26 13:36:37,22.27,0.0,0.0,2,Success,Bill Payment,Mumbai,INR,False
TXN-20240126-0003079,WALL-0145588,MERCH-00122,PM-01,DEV-01,2024-01-26 14:07:48,27.3,0.0,0.0,2,Success,Purchase,Kuala Lumpur,MYR,False
TXN-20240126-0003080,WALL-0063357,MERCH-00466,PM-02,DEV-02,2024-01-26 13:05:19,187.06,0.3741,0.0,18,Success,Payment,Surabaya,IDR,False
TXN-20240126-0003081,WALL-0062422,MERCH-00493,PM-03,DEV-02,2024-01-26 16:08:40,195.97,1.5678,0.0,19,Success,Payment,Pathein,MMK,False
TXN-20240126-0003082,WALL-0030064,MERCH-00265,PM-01,DEV-03,2024-01-26 18:59:10,11.82,0.0,0.0,1,Success,Subscription,Kandy,LKR,False
TXN-20240126-0003083,WALL-0057913,MERCH-00342,PM-02,DEV-03,2024-01-26 13:04:39,37.69,0.0754,0.0,3,Success,Bill Payment,Phuket,THB,False
TXN-20240126-0003084,WALL-0148463,MERCH-00268,PM-04,DEV-01,2024-01-26 13:40:28,17.51,0.3502,0.0,1,Success,Subscription,Bali,INR,False
TXN-20240126-0003085,WALL-0119666,MERCH-00337,PM-02,DEV-01,2024-01-26 08:54:53,80.49,0.161,0.0,8,Success,Bill Payment,Myitkyina,MMK,False
TXN-20240126-0003086,WALL-0058723,MERCH-00465,PM-01,DEV-01,2024-01-26 19:56:37,1090.18,0.0,0.0,109,Success,Payment,Pathein,MMK,False
TXN-20240126-0003087,WALL-0032409,MERCH-00147,PM-01,DEV-01,2024-01-26 13:22:25,160.23,0.0,8.0114,16,Success,Purchase,Pune,INR,False
TXN-20240126-0003088,WALL-0102296,MERCH-00394,PM-03,DEV-03,2024-01-26 06:37:23,24.4,0.1952,0.0,2,Success,Purchase,Chennai,INR,False
TXN-20240126-0003089,WALL-0045319,MERCH-00019,PM-01,DEV-02,2024-01-26 19:10:00,18.87,0.0,0.3774,1,Success,Purchase,Jaipur,INR,False
TXN-20240126-0003090,WALL-0065945,MERCH-00350,PM-04,DEV-01,2024-01-26 14:15:34,21.35,0.4269,0.0,2,Success,Bill Payment,Pathein,MMK,False
TXN-20240126-0003091,WALL-0044043,MERCH-00155,PM-02,DEV-01,2024-01-26 06:30:31,100.61,0.2012,5.0305,10,Success,Purchase,Myitkyina,MMK,False
TXN-20240126-0003092,WALL-0054289,MERCH-00227,PM-01,DEV-01,2024-01-26 17:38:50,9.54,0.0,0.0,0,Success,Purchase,Myitkyina,MMK,False
TXN-20240126-0003093,WALL-0063762,MERCH-00127,PM-03,DEV-01,2024-01-26 14:11:38,65.14,0.5211,0.0,6,Success,Purchase,Mawlamyine,MMK,False
TXN-20240126-0003094,WALL-0019843,MERCH-00461,PM-01,DEV-01,2024-01-26 16:19:34,94.82,0.0,0.0,9,Success,Payment,Bago,MMK,False
TXN-20240126-0003095,WALL-0000676,MERCH-00015,PM-01,DEV-01,2024-01-26 12:51:32,8.61,0.0,0.1722,0,Success,Purchase,Taunggyi,MMK,False
TXN-20240126-0003096,WALL-0133991,MERCH-00406,PM-02,DEV-05,2024-01-26 18:22:12,35.57,0.0711,0.0,3,Success,Payment,Mandalay,MMK,False
TXN-20240126-0003097,WALL-0011416,MERCH-00126,PM-04,DEV-03,2024-01-26 18:58:33,74.88,1.4976,0.0,7,Success,Purchase,Naypyidaw,MMK,False
TXN-20240126-0003098,WALL-0058285,MERCH-00363,PM-01,DEV-01,2024-01-26 16:19:11,49.74,0.0,0.0,4,Success,Bill Payment,Singapore,SGD,False
TXN-20240126-0003099,WALL-0066328,MERCH-00110,PM-03,DEV-03,2024-01-26 17:46:37,35.22,0.2817,0.0,3,Success,Purchase,Lahore,PKR,False
TXN-20240126-0003100,WALL-0025955,MERCH-00216,PM-04,DEV-01,2024-01-26 10:10:29,12.6,0.2519,0.0,1,Success,Purchase,Islamabad,PKR,False
TXN-20240126-0003101,WALL-0017017,MERCH-00121,PM-01,DEV-03,2024-01-26 18:19:15,10.0,0.0,0.0,1,Success,Purchase,Pattaya,THB,False
TXN-20240126-0003102,WALL-0002764,MERCH-00210,PM-03,DEV-01,2024-01-26 15:18:09,6.21,0.0497,0.0,0,Success,Purchase,Pattaya,THB,False
TXN-20240126-0003103,WALL-0079047,MERCH-00415,PM-02,DEV-01,2024-01-26 10:23:02,247.25,0.4945,0.0,24,Success,Payment,Manila,PHP,False
TXN-20240126-0003104,WALL-0108792,MERCH-00243,PM-01,DEV-01,2024-01-26 16:43:02,15.3,0.0,0.0,1,Success,Subscription,Yangon,MMK,False
TXN-20240126-0003105,WALL-0110541,MERCH-00124,PM-01,DEV-01,2024-01-26 14:53:42,86.4,0.0,0.0,8,Success,Purchase,Bago,MMK,False
TXN-20240126-0003106,WALL-0003571,MERCH-00148,PM-02,DEV-02,2024-01-26 12:54:46,31.96,0.0639,1.5982,3,Success,Purchase,Bago,MMK,False
TXN-20240126-0003107,WALL-0052768,MERCH-00291,PM-02,DEV-01,2024-01-26 13:12:30,364.54,0.7291,29.1635,72,Success,Purchase,Siem Reap,KHR,False
TXN-20240126-0003108,WALL-0068942,MERCH-00098,PM-02,DEV-01,2024-01-26 19:00:28,71.78,0.1436,0.0,0,Failed,Purchase,Khon Kaen,THB,False
TXN-20240126-0003109,WALL-0064853,MERCH-00475,PM-01,DEV-01,2024-01-26 18:29:56,560.25,0.0,0.0,56,Success,Payment,Naypyidaw,MMK,False
TXN-20240126-0003110,WALL-0085211,MERCH-00116,PM-01,DEV-05,2024-01-26 18:46:57,65.46,0.0,0.0,6,Success,Purchase,Bago,MMK,False
TXN-20240126-0003111,WALL-0013351,MERCH-00428,PM-04,DEV-01,2024-01-26 20:35:52,84.17,1.6834,0.0,8,Success,Payment,Mandalay,MMK,False
TXN-20240126-0003112,WALL-0097571,MERCH-00432,PM-03,DEV-03,2024-01-26 12:23:39,152.36,1.2189,0.0,15,Success,Tax Payment,Kathmandu,KHR,False
TXN-20240126-0003113,WALL-0127878,MERCH-00046,PM-02,DEV-01,2024-01-26 19:42:24,29.12,0.0582,0.5823,2,Success,Purchase,Chittagong,BDT,False
TXN-20240126-0003114,WALL-0060160,MERCH-00316,PM-04,DEV-01,2024-01-26 18:10:23,300.0,6.0,0.0,30,Success,Bill Payment,Chennai,INR,False
TXN-20240126-0003115,WALL-0120810,MERCH-00062,PM-02,DEV-01,2024-01-26 05:51:03,25.88,0.0518,0.5177,2,Success,Purchase,Bangkok,THB,False
TXN-20240126-0003116,WALL-0014149,MERCH-00240,PM-01,DEV-01,2024-01-26 18:37:19,16.25,0.0,0.0,1,Success,Subscription,Bali,MMK,False
TXN-20240126-0003117,WALL-0016631,MERCH-00376,PM-04,DEV-01,2024-01-26 17:09:53,45.36,0.9073,0.0,4,Success,Purchase,Pune,INR,False
TXN-20240126-0003118,WALL-0101848,MERCH-00038,PM-01,DEV-03,2024-01-26 13:43:38,13.01,0.0,0.2603,1,Success,Purchase,Naypyidaw,IDR,False
TXN-20240126-0003119,WALL-0026476,MERCH-00112,PM-01,DEV-02,2024-01-26 07:22:46,20.72,0.0,0.0,2,Success,Purchase,Bago,MMK,False
TXN-20240126-0003120,WALL-0007332,MERCH-00039,PM-04,DEV-01,2024-01-26 07:05:39,20.19,0.4038,0.4038,2,Success,Purchase,Pathein,MMK,False
TXN-20240126-0003121,WALL-0069193,MERCH-00233,PM-02,DEV-01,2024-01-26 17:32:48,15.48,0.031,0.0,1,Success,Subscription,Chennai,INR,False
TXN-20240126-0003122,WALL-0104238,MERCH-00381,PM-01,DEV-05,2024-01-26 14:36:54,28.89,0.0,0.0,2,Success,Purchase,Khon Kaen,THB,False
TXN-20240126-0003123,WALL-0137969,MERCH-00165,PM-05,DEV-01,2024-01-26 11:13:23,119.62,0.0,5.9809,11,Success,Purchase,Naypyidaw,MMK,False
TXN-20240126-0003124,WALL-0070969,MERCH-00079,PM-01,DEV-01,2024-01-26 21:35:46,26.48,0.0,0.5296,2,Success,Purchase,Pathein,MMK,False
TXN-20240126-0003125,WALL-0108643,MERCH-00068,PM-01,DEV-02,2024-01-26 10:59:10,9.41,0.0,0.1883,0,Success,Purchase,Mumbai,INR,False
TXN-20240126-0003126,WALL-0023611,MERCH-00066,PM-01,DEV-01,2024-01-26 01:41:04,57.02,0.0,1.1404,5,Success,Purchase,Ahmedabad,PKR,False
TXN-20240126-0003127,WALL-0013503,MERCH-00147,PM-01,DEV-02,2024-01-26 06:49:14,138.48,0.0,6.9242,13,Success,Purchase,Colombo,LKR,False
TXN-20240126-0003128,WALL-0060978,MERCH-00319,PM-01,DEV-02,2024-01-26 14:08:39,57.77,0.0,0.0,5,Success,Bill Payment,Bali,IDR,False
TXN-20240126-0003129,WALL-0121638,MERCH-00397,PM-03,DEV-01,2024-01-26 12:57:52,68.51,0.5481,0.0,6,Success,Purchase,Kandy,THB,False
TXN-20240126-0003130,WALL-0139783,MERCH-00499,PM-01,DEV-01,2024-01-26 09:48:42,109.25,0.0,0.0,10,Success,Payment,Pattaya,INR,False
TXN-20240126-0003131,WALL-0049796,MERCH-00079,PM-02,DEV-02,2024-01-26 15:51:10,14.54,0.0291,0.2908,1,Success,Purchase,Davao,PHP,False
TXN-20240126-0003132,WALL-0079830,MERCH-00193,PM-03,DEV-05,2024-01-26 21:45:09,10.36,0.0829,0.0,1,Success,Purchase,Mandalay,MMK,False
TXN-20240126-0003133,WALL-0052887,MERCH-00076,PM-01,DEV-03,2024-01-26 02:26:14,5.08,0.0,0.1016,0,Success,Purchase,Penang,KHR,False
TXN-20240126-0003134,WALL-0082249,MERCH-00407,PM-02,DEV-02,2024-01-26 07:19:01,91.35,0.1827,0.0,9,Success,Payment,Quezon City,PHP,False
TXN-20240126-0003135,WALL-0062575,MERCH-00151,PM-03,DEV-01,2024-01-26 17:13:24,64.49,0.5159,3.2243,6,Success,Purchase,Yangon,MMK,False
TXN-20240126-0003136,WALL-0041547,MERCH-00367,PM-04,DEV-01,2024-01-26 19:07:36,13.67,0.2735,0.0,1,Success,Bill Payment,Mumbai,INR,False
TXN-20240126-0003137,WALL-0101426,MERCH-00108,PM-01,DEV-01,2024-01-26 21:02:43,43.22,0.0,0.0,4,Success,Purchase,Mawlamyine,MMK,False
TXN-20240126-0003138,WALL-0012588,MERCH-00024,PM-04,DEV-01,2024-01-26 20:06:01,11.16,0.2232,0.2232,1,Success,Purchase,Ahmedabad,INR,False
TXN-20240126-0003139,WALL-0088952,MERCH-00399,PM-02,DEV-01,2024-01-26 02:00:58,169.01,0.338,0.0,16,Success,Purchase,Yangon,MMK,False
TXN-20240126-0003140,WALL-0028797,MERCH-00013,PM-05,DEV-02,2024-01-26 09:00:55,14.83,0.0,0.2965,1,Success,Purchase,Naypyidaw,MMK,False
TXN-20240126-0003141,WALL-0090696,MERCH-00249,PM-01,DEV-01,2024-01-26 17:02:01,15.8,0.0,0.0,1,Success,Subscription,Bangkok,THB,False
TXN-20240126-0003142,WALL-0047300,MERCH-00279,PM-02,DEV-01,2024-01-26 12:46:27,937.38,1.8748,74.9908,187,Success,Purchase,Naypyidaw,MMK,False
TXN-20240126-0003143,WALL-0128285,MERCH-00078,PM-01,DEV-04,2024-01-26 19:38:01,27.39,0.0,0.5477,2,Success,Purchase,Naypyidaw,MMK,False
TXN-20240126-0003144,WALL-0065206,MERCH-00157,PM-02,DEV-01,2024-01-26 19:25:50,45.05,0.0901,2.2526,4,Success,Purchase,Kolkata,INR,False
TXN-20240126-0003145,WALL-0076045,MERCH-00148,PM-01,DEV-01,2024-01-26 02:54:56,44.89,0.0,2.2445,4,Success,Purchase,Mandalay,MMK,False
TXN-20240126-0003146,WALL-0057674,MERCH-00433,PM-03,DEV-02,2024-01-26 02:11:04,148.67,1.1894,0.0,14,Success,Tax Payment,Delhi,THB,False
TXN-20240126-0003147,WALL-0104836,MERCH-00265,PM-01,DEV-04,2024-01-26 21:57:12,18.78,0.0,0.0,1,Success,Subscription,Mawlamyine,MMK,False
TXN-20240126-0003148,WALL-0068521,MERCH-00035,PM-01,DEV-01,2024-01-26 05:14:28,25.87,0.0,0.0,0,Reversed,Purchase,Khon Kaen,THB,False
TXN-20240126-0003149,WALL-0028370,MERCH-00386,PM-03,DEV-01,2024-01-26 18:21:46,80.16,0.6412,0.0,8,Success,Purchase,Davao,PHP,False
TXN-20240126-0003150,WALL-0065161,MERCH-00215,PM-02,DEV-04,2024-01-26 16:55:34,11.14,0.0223,0.0,1,Success,Purchase,Bago,MMK,False
TXN-20240126-0003151,WALL-0145341,MERCH-00230,PM-01,DEV-02,2024-01-26 21:15:04,9.9,0.0,0.0,0,Success,Purchase,Naypyidaw,MMK,False
TXN-20240126-0003152,WALL-0075874,MERCH-00308,PM-04,DEV-01,2024-01-26 04:09:30,308.39,6.1677,0.0,0,Reversed,Purchase,Cebu City,PHP,False
TXN-20240126-0003153,WALL-0093474,MERCH-00003,PM-03,DEV-02,2024-01-26 15:16:17,30.16,0.2413,0.6031,3,Success,Purchase,Manila,PHP,False
TXN-20240126-0003154,WALL-0090032,MERCH-00228,PM-01,DEV-01,2024-01-26 09:44:31,19.91,0.0,0.0,1,Success,Purchase,Penang,BDT,False
TXN-20240126-0003155,WALL-0110533,MERCH-00375,PM-01,DEV-01,2024-01-26 15:51:11,35.07,0.0,0.0,3,Success,Purchase,Taunggyi,MMK,False
TXN-20240126-0003156,WALL-0075619,MERCH-00010,PM-01,DEV-03,2024-01-26 10:11:14,7.6,0.0,0.1521,0,Success,Purchase,Bago,MMK,False
TXN-20240126-0003157,WALL-0108369,MERCH-00196,PM-04,DEV-01,2024-01-26 00:02:38,20.0,0.4,0.0,1,Success,Purchase,Johor Bahru,MYR,False
TXN-20240126-0003158,WALL-0055625,MERCH-00160,PM-05,DEV-03,2024-01-26 21:25:02,74.55,0.0,3.7275,7,Success,Purchase,Bali,IDR,False
TXN-20240126-0003159,WALL-0146734,MERCH-00029,PM-01,DEV-01,2024-01-26 20:37:03,17.07,0.0,0.3415,1,Success,Purchase,Bago,MMK,False
TXN-20240126-0003160,WALL-0104230,MERCH-00122,PM-01,DEV-01,2024-01-26 01:48:58,83.34,0.0,0.0,8,Success,Purchase,Mawlamyine,MMK,False
TXN-20240126-0003161,WALL-0136855,MERCH-00231,PM-01,DEV-03,2024-01-26 19:20:46,19.04,0.0,0.0,1,Success,Subscription,Hyderabad,INR,False
TXN-20240126-0003162,WALL-0122055,MERCH-00130,PM-01,DEV-01,2024-01-26 13:25:17,33.77,0.0,0.0,3,Success,Purchase,Yangon,MMK,False
TXN-20240126-0003163,WALL-0106506,MERCH-00260,PM-02,DEV-01,2024-01-26 06:04:24,11.47,0.0229,0.0,1,Success,Subscription,Chittagong,BDT,False
TXN-20240126-0003164,WALL-0137977,MERCH-00053,PM-03,DEV-01,2024-01-26 15:33:53,14.99,0.1199,0.2997,1,Success,Purchase,Kandy,LKR,False
TXN-20240126-0003165,WALL-0100876,MERCH-00117,PM-01,DEV-01,2024-01-26 20:07:10,34.75,0.0,0.0,3,Success,Purchase,Manila,PKR,False
TXN-20240126-0003166,WALL-0022750,MERCH-00027,PM-02,DEV-03,2024-01-26 18:39:08,38.77,0.0775,0.7754,3,Success,Purchase,Cebu City,THB,False
TXN-20240126-0003167,WALL-0099974,MERCH-00316,PM-05,DEV-02,2024-01-26 12:45:27,37.96,0.0,0.0,3,Success,Bill Payment,Jakarta,MMK,False
TXN-20240126-0003168,WALL-0097402,MERCH-00183,PM-01,DEV-01,2024-01-26 20:49:01,188.68,0.0,9.4339,18,Success,Purchase,Mandalay,MMK,False
TXN-20240126-0003169,WALL-0026519,MERCH-00283,PM-04,DEV-01,2024-01-26 00:04:07,254.23,5.0846,20.3383,50,Success,Purchase,Pathein,MMK,False
TXN-20240126-0003170,WALL-0146760,MERCH-00001,PM-02,DEV-01,2024-01-26 15:37:26,11.12,0.0222,0.2225,1,Success,Purchase,Lahore,MMK,False
TXN-20240126-0003171,WALL-0009395,MERCH-00427,PM-02,DEV-01,2024-01-26 16:58:01,865.0,1.73,0.0,86,Success,Payment,Yangon,THB,False
TXN-20240126-0003172,WALL-0132895,MERCH-00202,PM-01,DEV-01,2024-01-26 15:47:38,9.49,0.0,0.0,0,Success,Purchase,Kandy,LKR,False
TXN-20240126-0003173,WALL-0147623,MERCH-00113,PM-02,DEV-02,2024-01-26 12:23:51,86.27,0.1725,0.0,8,Success,Purchase,Karachi,PKR,False
TXN-20240126-0003174,WALL-0141615,MERCH-00107,PM-02,DEV-01,2024-01-26 10:48:03,46.44,0.0929,0.0,4,Success,Purchase,Medan,IDR,False
TXN-20240126-0003175,WALL-0128371,MERCH-00108,PM-02,DEV-02,2024-01-26 18:36:35,154.21,0.3084,0.0,15,Success,Purchase,Jaipur,MMK,False
TXN-20240126-0003176,WALL-0098317,MERCH-00121,PM-01,DEV-02,2024-01-26 16:21:20,60.41,0.0,0.0,6,Success,Purchase,Cebu City,PHP,False
TXN-20240126-0003177,WALL-0011383,MERCH-00334,PM-01,DEV-01,2024-01-26 07:03:11,82.08,0.0,0.0,8,Success,Bill Payment,Singapore,SGD,False
TXN-20240126-0003178,WALL-0055968,MERCH-00065,PM-04,DEV-01,2024-01-26 19:15:18,25.93,0.5186,0.5186,2,Success,Purchase,Yangon,MMK,False
TXN-20240126-0003179,WALL-0117767,MERCH-00151,PM-02,DEV-01,2024-01-26 13:32:13,97.45,0.1949,4.8724,9,Success,Purchase,Penang,MYR,False
TXN-20240126-0003180,WALL-0093317,MERCH-00230,PM-01,DEV-03,2024-01-26 21:38:36,5.0,0.0,0.0,0,Success,Purchase,Naypyidaw,MMK,False
TXN-20240126-0003181,WALL-0081538,MERCH-00125,PM-04,DEV-01,2024-01-26 20:54:22,45.86,0.9173,0.0,4,Success,Purchase,Taunggyi,MMK,False
TXN-20240126-0003182,WALL-0138206,MERCH-00060,PM-01,DEV-01,2024-01-26 21:54:54,6.2,0.0,0.124,0,Success,Purchase,Kandy,LKR,False
TXN-20240126-0003183,WALL-0077247,MERCH-00374,PM-03,DEV-01,2024-01-26 20:31:52,20.0,0.16,0.0,2,Success,Purchase,Johor Bahru,MYR,False
TXN-20240126-0003184,WALL-0071914,MERCH-00269,PM-03,DEV-04,2024-01-26 21:11:44,10.64,0.0851,0.0,1,Success,Subscription,Bago,MMK,False
TXN-20240126-0003185,WALL-0023624,MERCH-00215,PM-01,DEV-03,2024-01-26 19:00:23,25.83,0.0,0.0,2,Success,Purchase,Naypyidaw,MMK,False
TXN-20240126-0003186,WALL-0042310,MERCH-00266,PM-01,DEV-03,2024-01-26 18:00:02,13.4,0.0,0.0,1,Success,Subscription,Naypyidaw,MMK,False
TXN-20240126-0003187,WALL-0116349,MERCH-00236,PM-01,DEV-02,2024-01-26 14:23:19,9.49,0.0,0.0,0,Success,Subscription,Naypyidaw,MMK,False
TXN-20240126-0003188,WALL-0003519,MERCH-00233,PM-02,DEV-02,2024-01-26 21:40:53,14.7,0.0294,0.0,1,Success,Subscription,Bago,MMK,False
TXN-20240126-0003189,WALL-0059189,MERCH-00068,PM-01,DEV-01,2024-01-26 12:04:08,6.35,0.0,0.0,0,Pending,Purchase,Kolkata,INR,False
TXN-20240126-0003190,WALL-0097820,MERCH-00051,PM-02,DEV-03,2024-01-26 16:32:09,18.42,0.0368,0.3685,1,Success,Purchase,Myitkyina,MMK,False
TXN-20240126-0003191,WALL-0087013,MERCH-00141,PM-02,DEV-01,2024-01-26 13:23:30,345.13,0.6903,0.0,0,Failed,Purchase,Pathein,MMK,False
TXN-20240126-0003192,WALL-0134788,MERCH-00482,PM-03,DEV-01,2024-01-26 17:29:59,334.37,2.675,0.0,33,Success,Payment,Hyderabad,INR,False
TXN-20240126-0003193,WALL-0059321,MERCH-00146,PM-02,DEV-02,2024-01-26 07:57:03,232.1,0.4642,11.6049,23,Success,Purchase,Mawlamyine,MMK,False
TXN-20240126-0003194,WALL-0070875,MERCH-00222,PM-04,DEV-02,2024-01-26 07:54:19,58.85,1.177,0.0,5,Success,Purchase,Bago,MMK,False
TXN-20240126-0003195,WALL-0085452,MERCH-00022,PM-02,DEV-03,2024-01-26 12:39:41,18.83,0.0377,0.3766,1,Success,Purchase,Hanoi,VND,False
TXN-20240126-0003196,WALL-0123435,MERCH-00045,PM-02,DEV-02,2024-01-26 07:56:50,5.32,0.0106,0.1064,0,Success,Purchase,Bago,MMK,False
TXN-20240126-0003197,WALL-0121657,MERCH-00291,PM-01,DEV-01,2024-01-26 15:54:04,369.16,0.0,29.5332,73,Success,Purchase,Medan,INR,False
TXN-20240126-0003198,WALL-0076918,MERCH-00338,PM-01,DEV-01,2024-01-26 06:45:02,30.16,0.0,0.0,3,Success,Bill Payment,Naypyidaw,MMK,False
TXN-20240126-0003199,WALL-0097226,MERCH-00032,PM-01,DEV-02,2024-01-26 15:01:08,5.75,0.0,0.1151,0,Success,Purchase,Pathein,MMK,False
TXN-20240126-0003200,WALL-0113515,MERCH-00064,PM-01,DEV-02,2024-01-26 14:29:01,13.15,0.0,0.2631,1,Success,Purchase,Quezon City,INR,False
TXN-20240126-0003201,WALL-0073673,MERCH-00008,PM-01,DEV-01,2024-01-26 06:47:08,5.0,0.0,0.1,0,Success,Purchase,Mawlamyine,MMK,False
TXN-20240126-0003202,WALL-0076729,MERCH-00104,PM-04,DEV-02,2024-01-26 20:51:13,88.25,1.765,0.0,8,Success,Purchase,Taunggyi,MMK,False
TXN-20240126-0003203,WALL-0013676,MERCH-00279,PM-04,DEV-01,2024-01-26 09:22:35,273.19,5.4638,0.0,0,Pending,Purchase,Ho Chi Minh City,THB,False
TXN-20240126-0003204,WALL-0058046,MERCH-00495,PM-04,DEV-02,2024-01-26 09:47:28,431.82,8.6364,0.0,43,Success,Payment,Taunggyi,MMK,False
TXN-20240126-0003205,WALL-0146406,MERCH-00318,PM-03,DEV-01,2024-01-26 07:47:27,38.05,0.3044,0.0,3,Success,Bill Payment,Quezon City,PHP,False
TXN-20240126-0003206,WALL-0060853,MERCH-00418,PM-03,DEV-01,2024-01-26 16:21:03,50.1,0.4008,0.0,5,Success,Payment,Bago,MMK,False
TXN-20240126-0003207,WALL-0078926,MERCH-00165,PM-01,DEV-01,2024-01-26 21:34:32,120.14,0.0,6.0072,12,Success,Purchase,Kandy,LKR,False
TXN-20240126-0003208,WALL-0134075,MERCH-00096,PM-03,DEV-05,2024-01-26 21:26:13,52.26,0.4181,0.0,5,Success,Purchase,Taunggyi,MMK,False
TXN-20240126-0003209,WALL-0072130,MERCH-00162,PM-01,DEV-01,2024-01-26 14:16:35,59.2,0.0,2.9598,5,Success,Purchase,Pathein,MMK,False
TXN-20240126-0003210,WALL-0074831,MERCH-00499,PM-01,DEV-03,2024-01-26 00:59:01,50.0,0.0,0.0,5,Success,Payment,Ho Chi Minh City,VND,False
TXN-20240126-0003211,WALL-0020776,MERCH-00066,PM-02,DEV-03,2024-01-26 20:26:09,15.92,0.0318,0.3184,1,Success,Purchase,Bali,IDR,False
TXN-20240126-0003212,WALL-0134365,MERCH-00215,PM-03,DEV-01,2024-01-26 06:26:10,5.48,0.0438,0.0,0,Success,Purchase,Bago,MMK,False
TXN-20240126-0003213,WALL-0057225,MERCH-00226,PM-02,DEV-02,2024-01-26 19:12:47,25.8,0.0516,0.0,2,Success,Purchase,Singapore,IDR,False
TXN-20240126-0003214,WALL-0084795,MERCH-00098,PM-01,DEV-01,2024-01-26 19:12:46,48.21,0.0,0.0,4,Success,Purchase,Pathein,MMK,False
TXN-20240126-0003215,WALL-0008451,MERCH-00191,PM-01,DEV-03,2024-01-26 14:16:43,10.6,0.0,0.0,1,Success,Purchase,Bago,MMK,False
TXN-20240126-0003216,WALL-0121984,MERCH-00247,PM-01,DEV-03,2024-01-26 14:16:25,22.24,0.0,0.0,2,Success,Subscription,Colombo,LKR,False
TXN-20240126-0003217,WALL-0053400,MERCH-00109,PM-05,DEV-01,2024-01-26 16:30:55,57.09,0.0,0.0,5,Success,Purchase,Myitkyina,MMK,False
TXN-20240126-0003218,WALL-0072306,MERCH-00210,PM-01,DEV-02,2024-01-26 14:06:45,45.04,0.0,0.0,4,Success,Purchase,Chiang Mai,THB,False
TXN-20240126-0003219,WALL-0010360,MERCH-00102,PM-04,DEV-01,2024-01-26 06:04:22,76.14,1.5228,0.0,7,Success,Purchase,Yangon,MMK,False
TXN-20240126-0003220,WALL-0140145,MERCH-00022,PM-02,DEV-05,2024-01-26 18:24:32,12.31,0.0246,0.2463,1,Success,Purchase,Bali,MYR,False
TXN-20240126-0003221,WALL-0061812,MERCH-00315,PM-01,DEV-01,2024-01-26 21:16:24,73.9,0.0,0.0,7,Success,Bill Payment,Karachi,PKR,False
TXN-20240126-0003222,WALL-0079241,MERCH-00039,PM-01,DEV-01,2024-01-26 07:46:37,43.24,0.0,0.8647,4,Success,Purchase,Dhaka,BDT,False
TXN-20240126-0003223,WALL-0060512,MERCH-00362,PM-01,DEV-01,2024-01-26 02:00:43,64.15,0.0,0.0,6,Success,Bill Payment,Yangon,MMK,False
TXN-20240126-0003224,WALL-0016334,MERCH-00356,PM-04,DEV-02,2024-01-26 12:44:24,45.59,0.9117,0.0,4,Success,Bill Payment,Singapore,SGD,False
TXN-20240126-0003225,WALL-0028391,MERCH-00204,PM-04,DEV-01,2024-01-26 12:17:43,12.35,0.247,0.0,1,Success,Purchase,Pathein,MMK,False
TXN-20240126-0003226,WALL-0048198,MERCH-00333,PM-02,DEV-01,2024-01-26 20:28:06,98.76,0.1975,0.0,9,Success,Bill Payment,Myitkyina,MMK,False
TXN-20240126-0003227,WALL-0111559,MERCH-00495,PM-03,DEV-01,2024-01-26 15:52:33,191.65,1.5332,0.0,19,Success,Payment,Karachi,PKR,False
TXN-20240126-0003228,WALL-0001773,MERCH-00199,PM-03,DEV-01,2024-01-26 13:36:13,15.86,0.1269,0.0,0,Failed,Purchase,Colombo,LKR,False
TXN-20240126-0003229,WALL-0109950,MERCH-00397,PM-02,DEV-01,2024-01-26 22:52:19,47.8,0.0956,0.0,4,Success,Purchase,Pathein,MMK,False
TXN-20240126-0003230,WALL-0085440,MERCH-00358,PM-02,DEV-01,2024-01-26 21:22:33,27.19,0.0544,0.0,2,Success,Bill Payment,Jaipur,INR,False
TXN-20240126-0003231,WALL-0061492,MERCH-00299,PM-04,DEV-03,2024-01-26 17:38:14,336.85,6.7371,26.9482,67,Success,Purchase,Khon Kaen,THB,False
TXN-20240126-0003232,WALL-0036689,MERCH-00190,PM-01,DEV-01,2024-01-26 12:04:04,61.08,0.0,3.0538,6,Success,Purchase,Jakarta,IDR,False
TXN-20240126-0003233,WALL-0048505,MERCH-00079,PM-01,DEV-03,2024-01-26 19:02:02,17.54,0.0,0.3509,1,Success,Purchase,Delhi,INR,False
TXN-20240126-0003234,WALL-0099202,MERCH-00294,PM-01,DEV-02,2024-01-26 15:39:05,329.23,0.0,0.0,0,Reversed,Purchase,Yangon,MMK,False
TXN-20240126-0003235,WALL-0001973,MERCH-00368,PM-01,DEV-01,2024-01-26 15:37:58,18.26,0.0,0.0,1,Success,Bill Payment,Davao,PHP,False
TXN-20240126-0003236,WALL-0034738,MERCH-00036,PM-02,DEV-01,2024-01-26 19:28:58,13.12,0.0262,0.2623,1,Success,Purchase,Hyderabad,INR,False
TXN-20240126-0003237,WALL-0112058,MERCH-00407,PM-04,DEV-04,2024-01-26 11:33:13,36.88,0.7376,0.0,3,Success,Payment,Taunggyi,MMK,False
TXN-20240126-0003238,WALL-0109587,MERCH-00354,PM-04,DEV-05,2024-01-26 06:35:19,16.81,0.3361,0.0,1,Success,Bill Payment,Islamabad,PKR,False
TXN-20240126-0003239,WALL-0091712,MERCH-00421,PM-02,DEV-01,2024-01-26 00:42:32,38.17,0.0763,0.0,3,Success,Payment,Siem Reap,KHR,False
TXN-20240126-0003240,WALL-0050591,MERCH-00128,PM-03,DEV-01,2024-01-26 07:03:04,67.36,0.5389,0.0,6,Success,Purchase,Pune,INR,False
TXN-20240126-0003241,WALL-0097391,MERCH-00142,PM-01,DEV-01,2024-01-26 16:09:20,143.38,0.0,7.169,14,Success,Purchase,Bago,MMK,False
TXN-20240126-0003242,WALL-0040087,MERCH-00060,PM-04,DEV-01,2024-01-26 10:40:07,34.26,0.6852,0.6852,3,Success,Purchase,Naypyidaw,MMK,False
TXN-20240126-0003243,WALL-0107791,MERCH-00325,PM-02,DEV-02,2024-01-26 15:27:04,32.75,0.0655,0.0,3,Success,Bill Payment,Pathein,MMK,False
TXN-20240126-0003244,WALL-0015478,MERCH-00153,PM-02,DEV-03,2024-01-26 15:57:39,138.66,0.2773,6.9332,13,Success,Purchase,Delhi,INR,False
TXN-20240126-0003245,WALL-0076457,MERCH-00129,PM-01,DEV-02,2024-01-26 14:36:13,77.84,0.0,0.0,7,Success,Purchase,Pathein,MMK,False
TXN-20240126-0003246,WALL-0104204,MERCH-00374,PM-02,DEV-02,2024-01-26 06:45:51,66.47,0.1329,0.0,6,Success,Purchase,Chiang Mai,THB,False
TXN-20240126-0003247,WALL-0078034,MERCH-00156,PM-01,DEV-01,2024-01-26 14:20:17,74.99,0.0,3.7496,7,Success,Purchase,Mandalay,MMK,False
TXN-20240126-0003248,WALL-0136810,MERCH-00058,PM-01,DEV-04,2024-01-26 07:40:03,8.98,0.0,0.1797,0,Success,Purchase,Chittagong,BDT,False
TXN-20240126-0003249,WALL-0124139,MERCH-00040,PM-01,DEV-02,2024-01-26 19:05:15,26.36,0.0,0.5271,2,Success,Purchase,Dhaka,BDT,False
TXN-20240126-0003250,WALL-0065036,MERCH-00079,PM-01,DEV-01,2024-01-26 11:35:43,36.3,0.0,0.7261,3,Success,Purchase,Mawlamyine,MMK,False
TXN-20240126-0003251,WALL-0008902,MERCH-00244,PM-01,DEV-02,2024-01-26 17:03:52,10.89,0.0,0.0,1,Success,Subscription,Kolkata,LKR,False
TXN-20240126-0003252,WALL-0075097,MERCH-00345,PM-01,DEV-05,2024-01-26 21:35:15,62.22,0.0,0.0,6,Success,Bill Payment,Naypyidaw,MMK,False
TXN-20240126-0003253,WALL-0005891,MERCH-00386,PM-02,DEV-02,2024-01-26 23:40:04,64.85,0.1297,0.0,6,Success,Purchase,Bali,IDR,False
TXN-20240126-0003254,WALL-0104330,MERCH-00082,PM-01,DEV-03,2024-01-26 20:02:22,57.42,0.0,0.0,5,Success,Purchase,Bago,MMK,False
TXN-20240126-0003255,WALL-0017088,MERCH-00438,PM-02,DEV-01,2024-01-26 23:50:40,50.0,0.1,0.0,0,Failed,Tax Payment,Da Nang,VND,False
TXN-20240126-0003256,WALL-0088924,MERCH-00382,PM-01,DEV-04,2024-01-26 06:29:47,35.66,0.0,0.0,3,Success,Purchase,Pathein,MMK,False
TXN-20240126-0003257,WALL-0126670,MERCH-00242,PM-03,DEV-01,2024-01-26 08:53:53,16.06,0.1285,0.0,1,Success,Subscription,Ahmedabad,INR,False
TXN-20240126-0003258,WALL-0027347,MERCH-00081,PM-01,DEV-02,2024-01-26 23:25:07,10.87,0.0,0.0,1,Success,Purchase,Kuala Lumpur,MYR,False
TXN-20240126-0003259,WALL-0104448,MERCH-00353,PM-01,DEV-01,2024-01-26 15:46:32,65.64,0.0,0.0,6,Success,Bill Payment,Bago,MMK,False
TXN-20240126-0003260,WALL-0117875,MERCH-00076,PM-01,DEV-02,2024-01-26 20:22:58,6.4,0.0,0.1281,0,Success,Purchase,Penang,MYR,False
TXN-20240126-0003261,WALL-0002574,MERCH-00226,PM-04,DEV-01,2024-01-26 12:36:52,5.0,0.1,0.0,0,Success,Purchase,Medan,PKR,False
TXN-20240126-0003262,WALL-0082677,MERCH-00144,PM-01,DEV-01,2024-01-26 12:41:46,2475.0,0.0,123.75,247,Success,Purchase,Chittagong,IDR,False
TXN-20240126-0003263,WALL-0027013,MERCH-00397,PM-02,DEV-02,2024-01-26 02:42:24,42.52,0.085,0.0,4,Success,Purchase,Ho Chi Minh City,VND,False
TXN-20240126-0003264,WALL-0037124,MERCH-00393,PM-01,DEV-01,2024-01-26 22:02:57,44.28,0.0,0.0,4,Success,Purchase,Quezon City,PHP,False
TXN-20240126-0003265,WALL-0113037,MERCH-00095,PM-01,DEV-02,2024-01-26 12:39:36,14.02,0.0,0.0,1,Success,Purchase,Myitkyina,MMK,False
TXN-20240126-0003266,WALL-0104579,MERCH-00385,PM-01,DEV-01,2024-01-26 20:34:55,32.18,0.0,0.0,3,Success,Purchase,Naypyidaw,MMK,False
TXN-20240126-0003267,WALL-0140741,MERCH-00037,PM-01,DEV-04,2024-01-26 19:26:33,30.79,0.0,0.6158,3,Success,Purchase,Kandy,LKR,False
TXN-20240126-0003268,WALL-0144023,MERCH-00040,PM-01,DEV-05,2024-01-26 16:38:21,23.05,0.0,0.4609,2,Success,Purchase,Penang,BDT,False
TXN-20240126-0003269,WALL-0074197,MERCH-00353,PM-04,DEV-02,2024-01-26 17:30:23,27.07,0.5414,0.0,2,Success,Bill Payment,Lahore,MMK,False
TXN-20240126-0003270,WALL-0004890,MERCH-00060,PM-04,DEV-02,2024-01-26 19:44:25,8.58,0.1716,0.1716,0,Success,Purchase,Taunggyi,MMK,False
TXN-20240126-0003271,WALL-0054576,MERCH-00011,PM-01,DEV-05,2024-01-26 02:09:17,37.75,0.0,0.755,3,Success,Purchase,Yangon,MMK,False
TXN-20240126-0003272,WALL-0088585,MERCH-00439,PM-01,DEV-01,2024-01-26 21:27:13,113.37,0.0,0.0,11,Success,Tax Payment,Surabaya,IDR,False
TXN-20240126-0003273,WALL-0087139,MERCH-00160,PM-05,DEV-02,2024-01-26 20:41:01,24.68,0.0,1.2341,2,Success,Purchase,Dhaka,MMK,False
TXN-20240126-0003274,WALL-0072231,MERCH-00032,PM-01,DEV-03,2024-01-26 13:17:00,10.53,0.0,0.2106,1,Success,Purchase,Taunggyi,MMK,False
TXN-20240126-0003275,WALL-0001301,MERCH-00049,PM-01,DEV-01,2024-01-26 15:55:22,12.3,0.0,0.2461,1,Success,Purchase,Chiang Mai,THB,False
TXN-20240126-0003276,WALL-0082844,MERCH-00372,PM-05,DEV-01,2024-01-26 15:08:41,57.91,0.0,0.0,5,Success,Purchase,Phuket,THB,False
TXN-20240126-0003277,WALL-0114382,MERCH-00323,PM-01,DEV-03,2024-01-26 17:16:13,115.6,0.0,0.0,11,Success,Bill Payment,Manila,PHP,False
TXN-20240126-0003278,WALL-0117227,MERCH-00313,PM-01,DEV-03,2024-01-26 14:45:09,227.62,0.0,0.0,22,Success,Bill Payment,Davao,MMK,False
TXN-20240126-0003279,WALL-0074641,MERCH-00029,PM-04,DEV-01,2024-01-26 19:59:14,15.53,0.3106,0.3106,1,Success,Purchase,Da Nang,MMK,False
TXN-20240126-0003280,WALL-0090460,MERCH-00253,PM-01,DEV-03,2024-01-26 19:14:02,22.65,0.0,0.0,2,Success,Subscription,Colombo,LKR,False
TXN-20240126-0003281,WALL-0142606,MERCH-00079,PM-02,DEV-05,2024-01-26 16:28:53,7.5,0.015,0.1501,0,Success,Purchase,Bangalore,INR,False
TXN-20240126-0003282,WALL-0135546,MERCH-00445,PM-01,DEV-04,2024-01-26 11:38:48,184.54,0.0,0.0,18,Success,Tax Payment,Cebu City,PHP,False
TXN-20240126-0003283,WALL-0041124,MERCH-00439,PM-01,DEV-01,2024-01-26 17:31:09,624.93,0.0,0.0,62,Success,Tax Payment,Chiang Mai,IDR,False
TXN-20240126-0003284,WALL-0031153,MERCH-00034,PM-01,DEV-02,2024-01-26 15:47:08,21.89,0.0,0.4379,2,Success,Purchase,Jaipur,INR,False
TXN-20240126-0003285,WALL-0058182,MERCH-00386,PM-03,DEV-02,2024-01-26 17:46:36,26.84,0.2147,0.0,2,Success,Purchase,Pathein,MMK,False
TXN-20240126-0003286,WALL-0106667,MERCH-00234,PM-01,DEV-01,2024-01-26 21:15:02,20.69,0.0,0.0,2,Success,Subscription,Singapore,SGD,False
TXN-20240126-0003287,WALL-0081503,MERCH-00299,PM-01,DEV-01,2024-01-26 12:22:54,363.61,0.0,29.0887,72,Success,Purchase,Ahmedabad,INR,False
TXN-20240126-0003288,WALL-0038974,MERCH-00007,PM-04,DEV-01,2024-01-26 20:49:25,5.78,0.1156,0.1156,0,Success,Purchase,Chiang Mai,THB,False
TXN-20240126-0003289,WALL-0123221,MERCH-00368,PM-02,DEV-03,2024-01-26 13:58:08,57.39,0.1148,0.0,5,Success,Bill Payment,Chennai,THB,False
TXN-20240126-0003290,WALL-0094567,MERCH-00373,PM-04,DEV-01,2024-01-26 13:05:30,68.39,1.3679,0.0,6,Success,Purchase,Jaipur,INR,False
TXN-20240126-0003291,WALL-0101781,MERCH-00083,PM-04,DEV-05,2024-01-26 17:49:10,46.14,0.9228,0.0,4,Success,Purchase,Mawlamyine,MMK,False
TXN-20240126-0003292,WALL-0124682,MERCH-00092,PM-04,DEV-01,2024-01-26 21:08:45,19.68,0.3936,0.0,1,Success,Purchase,Chittagong,MMK,False
TXN-20240126-0003293,WALL-0010580,MERCH-00102,PM-02,DEV-04,2024-01-26 10:49:56,35.95,0.0719,0.0,3,Success,Purchase,Dhaka,MMK,False
TXN-20240126-0003294,WALL-0061575,MERCH-00058,PM-01,DEV-03,2024-01-26 14:47:57,10.67,0.0,0.2135,1,Success,Purchase,Bangalore,INR,False
TXN-20240126-0003295,WALL-0016472,MERCH-00444,PM-02,DEV-05,2024-01-26 19:25:01,50.0,0.1,0.0,5,Success,Tax Payment,Davao,PHP,False
TXN-20240126-0003296,WALL-0102609,MERCH-00299,PM-03,DEV-01,2024-01-26 11:31:43,119.59,0.9567,9.5673,23,Success,Purchase,Ho Chi Minh City,VND,False
TXN-20240126-0003297,WALL-0141535,MERCH-00132,PM-01,DEV-02,2024-01-26 01:57:23,105.54,0.0,5.2768,10,Success,Purchase,Phuket,THB,False
TXN-20240126-0003298,WALL-0023751,MERCH-00255,PM-02,DEV-03,2024-01-26 21:28:56,11.7,0.0234,0.0,1,Success,Subscription,Johor Bahru,MYR,False
TXN-20240126-0003299,WALL-0092164,MERCH-00444,PM-01,DEV-01,2024-01-26 00:34:09,133.18,0.0,0.0,13,Success,Tax Payment,Taunggyi,MMK,False
TXN-20240126-0003300,WALL-0120563,MERCH-00060,PM-01,DEV-01,2024-01-26 19:02:09,10.82,0.0,0.2164,1,Success,Purchase,Kuala Lumpur,MYR,False
TXN-20240126-0003301,WALL-0080085,MERCH-00106,PM-01,DEV-02,2024-01-26 06:09:14,64.48,0.0,0.0,6,Success,Purchase,Bangkok,THB,False
TXN-20240126-0003302,WALL-0061163,MERCH-00097,PM-01,DEV-01,2024-01-26 21:41:47,79.39,0.0,0.0,7,Success,Purchase,Taunggyi,MMK,False
TXN-20240126-0003303,WALL-0027699,MERCH-00139,PM-01,DEV-01,2024-01-26 19:36:23,410.0,0.0,20.5002,41,Success,Purchase,Phnom Penh,KHR,False
TXN-20240126-0003304,WALL-0137747,MERCH-00013,PM-01,DEV-03,2024-01-26 12:50:53,12.36,0.0,0.2472,1,Success,Purchase,Bago,MMK,False
TXN-20240126-0003305,WALL-0069017,MERCH-00050,PM-01,DEV-01,2024-01-26 21:58:56,22.55,0.0,0.4511,2,Success,Purchase,Myitkyina,MMK,False
TXN-20240126-0003306,WALL-0010284,MERCH-00374,PM-01,DEV-01,2024-01-26 17:24:32,69.07,0.0,0.0,6,Success,Purchase,Bago,MMK,False
TXN-20240126-0003307,WALL-0037823,MERCH-00301,PM-03,DEV-01,2024-01-26 17:03:50,537.43,4.2994,42.994,107,Success,Purchase,Kathmandu,NPR,False
TXN-20240126-0003308,WALL-0059988,MERCH-00161,PM-01,DEV-01,2024-01-26 14:53:41,139.52,0.0,6.976,13,Success,Purchase,Hyderabad,INR,False
TXN-20240126-0003309,WALL-0103657,MERCH-00340,PM-05,DEV-02,2024-01-26 17:09:06,40.48,0.0,0.0,4,Success,Bill Payment,Kandy,LKR,False
TXN-20240126-0003310,WALL-0033720,MERCH-00391,PM-01,DEV-03,2024-01-26 12:26:44,60.71,0.0,0.0,6,Success,Purchase,Karachi,PKR,False
TXN-20240126-0003311,WALL-0015532,MERCH-00062,PM-02,DEV-02,2024-01-26 18:41:40,7.19,0.0144,0.1438,0,Success,Purchase,Kandy,LKR,False
TXN-20240126-0003312,WALL-0031924,MERCH-00427,PM-01,DEV-01,2024-01-26 11:55:48,109.05,0.0,0.0,10,Success,Payment,Surabaya,IDR,False
TXN-20240126-0003313,WALL-0008177,MERCH-00117,PM-04,DEV-02,2024-01-26 12:58:27,77.01,1.5403,0.0,7,Success,Purchase,Ho Chi Minh City,VND,False
TXN-20240126-0003314,WALL-0123822,MERCH-00082,PM-02,DEV-01,2024-01-26 17:13:01,90.51,0.181,0.0,9,Success,Purchase,Taunggyi,MMK,False
TXN-20240126-0003315,WALL-0121837,MERCH-00223,PM-02,DEV-01,2024-01-26 21:30:22,6.93,0.0139,0.0,0,Success,Purchase,Lahore,PKR,False
TXN-20240126-0003316,WALL-0015512,MERCH-00003,PM-01,DEV-01,2024-01-26 08:03:51,18.91,0.0,0.3782,1,Success,Purchase,Kandy,LKR,False
TXN-20240126-0003317,WALL-0034598,MERCH-00467,PM-01,DEV-01,2024-01-26 12:34:48,248.34,0.0,0.0,24,Success,Payment,Colombo,LKR,False
TXN-20240126-0003318,WALL-0031047,MERCH-00386,PM-04,DEV-02,2024-01-26 21:56:59,64.98,1.2996,0.0,0,Pending,Purchase,Yangon,MMK,False
TXN-20240126-0003319,WALL-0058233,MERCH-00023,PM-02,DEV-01,2024-01-26 09:32:29,25.65,0.0513,0.513,2,Success,Purchase,Mumbai,INR,False
TXN-20240126-0003320,WALL-0001211,MERCH-00374,PM-02,DEV-01,2024-01-26 16:07:58,53.19,0.1064,0.0,5,Success,Purchase,Chittagong,BDT,False
TXN-20240126-0003321,WALL-0147309,MERCH-00314,PM-02,DEV-01,2024-01-26 13:36:16,28.16,0.0563,0.0,2,Success,Bill Payment,Taunggyi,LKR,False
TXN-20240126-0003322,WALL-0050252,MERCH-00435,PM-02,DEV-01,2024-01-26 20:38:43,380.27,0.7605,0.0,38,Success,Tax Payment,Mandalay,MMK,False
TXN-20240126-0003323,WALL-0068118,MERCH-00028,PM-04,DEV-01,2024-01-26 09:56:55,75.67,1.5133,1.5133,7,Success,Purchase,Pathein,MMK,False
TXN-20240126-0003324,WALL-0004252,MERCH-00080,PM-01,DEV-03,2024-01-26 19:05:35,33.57,0.0,0.6714,3,Success,Purchase,Bago,MMK,False
TXN-20240126-0003325,WALL-0012114,MERCH-00282,PM-04,DEV-01,2024-01-26 08:11:04,151.36,3.0273,12.109,30,Success,Purchase,Yangon,MMK,False
TXN-20240126-0003326,WALL-0135364,MERCH-00086,PM-05,DEV-03,2024-01-26 07:07:42,200.0,0.0,0.0,20,Success,Purchase,Yangon,MMK,False
TXN-20240126-0003327,WALL-0142438,MERCH-00334,PM-02,DEV-02,2024-01-26 21:40:55,57.93,0.1159,0.0,0,Pending,Bill Payment,Davao,IDR,False
TXN-20240126-0003328,WALL-0112004,MERCH-00091,PM-03,DEV-03,2024-01-26 04:21:14,47.2,0.3776,0.0,4,Success,Purchase,Karachi,PKR,False
TXN-20240126-0003329,WALL-0102903,MERCH-00339,PM-01,DEV-01,2024-01-26 17:18:06,92.19,0.0,0.0,9,Success,Bill Payment,Mandalay,MMK,False
TXN-20240126-0003330,WALL-0013876,MERCH-00059,PM-04,DEV-01,2024-01-26 20:35:34,12.37,0.2474,0.2474,1,Success,Purchase,Cebu City,PHP,False
TXN-20240126-0003331,WALL-0026384,MERCH-00198,PM-03,DEV-03,2024-01-26 05:41:59,13.41,0.1073,0.0,1,Success,Purchase,Bandung,IDR,False
TXN-20240126-0003332,WALL-0034369,MERCH-00428,PM-03,DEV-03,2024-01-26 15:08:55,65.66,0.5253,0.0,6,Success,Payment,Pune,INR,False
TXN-20240126-0003333,WALL-0108457,MERCH-00251,PM-01,DEV-01,2024-01-26 21:08:08,34.81,0.0,0.0,3,Success,Subscription,Surabaya,IDR,False
TXN-20240126-0003334,WALL-0138493,MERCH-00225,PM-04,DEV-02,2024-01-26 17:05:52,16.02,0.3203,0.0,1,Success,Purchase,Pune,MMK,False
TXN-20240126-0003335,WALL-0057125,MERCH-00167,PM-02,DEV-01,2024-01-26 21:11:00,77.25,0.1545,3.8626,7,Success,Purchase,Myitkyina,MMK,False
TXN-20240126-0003336,WALL-0136997,MERCH-00174,PM-01,DEV-05,2024-01-26 09:36:38,327.78,0.0,16.3892,32,Success,Purchase,Islamabad,VND,False
TXN-20240126-0003337,WALL-0041653,MERCH-00151,PM-02,DEV-01,2024-01-26 03:38:30,52.5,0.105,2.6249,5,Success,Purchase,Mawlamyine,MMK,False
TXN-20240126-0003338,WALL-0037106,MERCH-00355,PM-03,DEV-03,2024-01-26 13:06:45,22.96,0.1837,0.0,2,Success,Bill Payment,Pune,INR,False
TXN-20240126-0003339,WALL-0040704,MERCH-00380,PM-04,DEV-02,2024-01-26 08:46:50,83.38,1.6676,0.0,8,Success,Purchase,Myitkyina,MMK,False
TXN-20240126-0003340,WALL-0000398,MERCH-00323,PM-01,DEV-01,2024-01-26 03:46:50,23.14,0.0,0.0,2,Success,Bill Payment,Bago,MMK,False
TXN-20240126-0003341,WALL-0014806,MERCH-00393,PM-01,DEV-01,2024-01-26 17:47:37,59.17,0.0,0.0,5,Success,Purchase,Islamabad,PKR,False
TXN-20240126-0003342,WALL-0133978,MERCH-00431,PM-01,DEV-02,2024-01-26 21:50:40,50.0,0.0,0.0,5,Success,Tax Payment,Bago,MMK,False
TXN-20240126-0003343,WALL-0111181,MERCH-00187,PM-02,DEV-02,2024-01-26 19:25:26,67.9,0.1358,3.3951,6,Success,Purchase,Myitkyina,MMK,False
TXN-20240126-0003344,WALL-0132393,MERCH-00033,PM-02,DEV-04,2024-01-26 15:25:33,41.46,0.0829,0.8293,4,Success,Purchase,Islamabad,MMK,False
TXN-20240126-0003345,WALL-0040211,MERCH-00203,PM-02,DEV-01,2024-01-26 14:30:50,8.19,0.0164,0.0,0,Success,Purchase,Yangon,MMK,False
TXN-20240126-0003346,WALL-0024068,MERCH-00344,PM-05,DEV-01,2024-01-26 20:45:23,82.22,0.0,0.0,8,Success,Bill Payment,Pokhara,LKR,False
TXN-20240126-0003347,WALL-0120348,MERCH-00058,PM-01,DEV-01,2024-01-26 17:34:34,15.76,0.0,0.3153,1,Success,Purchase,Yangon,MMK,False
TXN-20240126-0003348,WALL-0002050,MERCH-00060,PM-04,DEV-02,2024-01-26 19:05:40,20.66,0.4133,0.4133,2,Success,Purchase,Chittagong,BDT,False
TXN-20240126-0003349,WALL-0037391,MERCH-00228,PM-03,DEV-03,2024-01-26 14:22:35,20.79,0.1663,0.0,2,Success,Purchase,Bandung,IDR,False
TXN-20240126-0003350,WALL-0067685,MERCH-00291,PM-02,DEV-01,2024-01-26 17:26:29,1597.87,3.1957,127.8295,319,Success,Purchase,Jakarta,IDR,False
TXN-20240126-0003351,WALL-0037416,MERCH-00037,PM-03,DEV-03,2024-01-26 14:18:11,7.83,0.0626,0.1565,0,Success,Purchase,Mawlamyine,MMK,False
TXN-20240126-0003352,WALL-0105366,MERCH-00245,PM-02,DEV-01,2024-01-26 10:08:11,18.11,0.0362,0.0,1,Success,Subscription,Bangkok,INR,False
TXN-20240126-0003353,WALL-0008310,MERCH-00064,PM-03,DEV-03,2024-01-26 06:31:24,15.25,0.122,0.3051,1,Success,Purchase,Mawlamyine,MMK,False
TXN-20240126-0003354,WALL-0081917,MERCH-00179,PM-01,DEV-05,2024-01-26 17:57:00,132.86,0.0,6.6432,13,Success,Purchase,Pathein,MMK,False
TXN-20240126-0003355,WALL-0055724,MERCH-00399,PM-01,DEV-01,2024-01-26 11:01:56,109.52,0.0,0.0,10,Success,Purchase,Singapore,SGD,False
TXN-20240126-0003356,WALL-0041703,MERCH-00087,PM-04,DEV-01,2024-01-26 06:18:10,110.47,2.2095,0.0,11,Success,Purchase,Phnom Penh,KHR,False
TXN-20240126-0003357,WALL-0079948,MERCH-00066,PM-01,DEV-01,2024-01-26 20:41:50,11.12,0.0,0.2224,1,Success,Purchase,Bago,MMK,False
TXN-20240126-0003358,WALL-0021723,MERCH-00038,PM-02,DEV-01,2024-01-26 20:58:02,23.12,0.0462,0.4625,2,Success,Purchase,Mandalay,MMK,False
TXN-20240126-0003359,WALL-0048916,MERCH-00011,PM-01,DEV-05,2024-01-26 13:47:08,10.04,0.0,0.2008,1,Success,Purchase,Dhaka,BDT,False
TXN-20240126-0003360,WALL-0018015,MERCH-00355,PM-01,DEV-01,2024-01-26 01:04:23,11.79,0.0,0.0,1,Success,Bill Payment,Bago,MMK,False
TXN-20240126-0003361,WALL-0098191,MERCH-00121,PM-01,DEV-04,2024-01-26 12:16:58,38.38,0.0,0.0,3,Success,Purchase,Chennai,INR,False
TXN-20240126-0003362,WALL-0061832,MERCH-00302,PM-01,DEV-01,2024-01-26 15:23:04,2369.04,0.0,189.5235,473,Success,Purchase,Taunggyi,MMK,False
TXN-20240126-0003363,WALL-0037748,MERCH-00150,PM-03,DEV-01,2024-01-26 08:00:48,83.9,0.6712,4.1952,8,Success,Purchase,Taunggyi,MMK,False
TXN-20240126-0003364,WALL-0074479,MERCH-00397,PM-01,DEV-01,2024-01-26 15:46:12,80.51,0.0,0.0,8,Success,Purchase,Mawlamyine,MMK,False
TXN-20240126-0003365,WALL-0022277,MERCH-00148,PM-02,DEV-02,2024-01-26 21:54:49,152.91,0.3058,7.6454,15,Success,Purchase,Pathein,MMK,False
TXN-20240126-0003366,WALL-0071701,MERCH-00213,PM-01,DEV-03,2024-01-26 22:18:21,12.71,0.0,0.0,1,Success,Purchase,Mumbai,MMK,False
TXN-20240126-0003367,WALL-0144453,MERCH-00448,PM-01,DEV-01,2024-01-26 10:55:48,88.79,0.0,0.0,8,Success,Tax Payment,Yangon,MMK,False
TXN-20240126-0003368,WALL-0058753,MERCH-00057,PM-02,DEV-01,2024-01-26 16:26:34,19.6,0.0392,0.392,1,Success,Purchase,Phnom Penh,IDR,False
TXN-20240126-0003369,WALL-0005909,MERCH-00108,PM-01,DEV-05,2024-01-26 15:26:20,92.36,0.0,0.0,9,Success,Purchase,Lahore,PKR,False
TXN-20240126-0003370,WALL-0088408,MERCH-00202,PM-01,DEV-01,2024-01-26 07:42:50,6.53,0.0,0.0,0,Success,Purchase,Davao,MMK,False
TXN-20240126-0003371,WALL-0061112,MERCH-00368,PM-01,DEV-01,2024-01-26 13:37:15,29.64,0.0,0.0,2,Success,Bill Payment,Mawlamyine,MMK,False
TXN-20240126-0003372,WALL-0130678,MERCH-00464,PM-03,DEV-03,2024-01-26 06:08:53,188.64,1.5091,0.0,18,Success,Payment,Da Nang,VND,False
TXN-20240126-0003373,WALL-0091869,MERCH-00250,PM-04,DEV-05,2024-01-26 12:50:58,40.0,0.8,0.0,4,Success,Subscription,Mandalay,MMK,False
TXN-20240126-0003374,WALL-0085961,MERCH-00414,PM-02,DEV-01,2024-01-26 13:02:32,370.09,0.7402,0.0,37,Success,Payment,Jaipur,THB,False
TXN-20240126-0003375,WALL-0122181,MERCH-00059,PM-02,DEV-01,2024-01-26 09:12:45,36.08,0.0722,0.7215,3,Success,Purchase,Siem Reap,KHR,False
TXN-20240126-0003376,WALL-0063560,MERCH-00066,PM-02,DEV-01,2024-01-26 17:12:44,34.8,0.0696,0.696,3,Success,Purchase,Siem Reap,KHR,False
TXN-20240126-0003377,WALL-0048001,MERCH-00079,PM-01,DEV-01,2024-01-26 14:34:01,14.78,0.0,0.2957,1,Success,Purchase,Bangalore,MMK,False
TXN-20240126-0003378,WALL-0061399,MERCH-00276,PM-01,DEV-02,2024-01-26 16:24:36,100.49,0.0,8.0392,20,Success,Purchase,Bali,IDR,False
TXN-20240126-0003379,WALL-0045650,MERCH-00395,PM-01,DEV-05,2024-01-26 10:23:28,78.08,0.0,0.0,7,Success,Purchase,Bandung,INR,False
TXN-20240126-0003380,WALL-0086499,MERCH-00198,PM-02,DEV-05,2024-01-26 10:32:55,15.96,0.0319,0.0,1,Success,Purchase,Kolkata,INR,False
TXN-20240126-0003381,WALL-0063318,MERCH-00269,PM-04,DEV-02,2024-01-26 07:22:11,5.07,0.1014,0.0,0,Success,Subscription,Jaipur,BDT,False
TXN-20240126-0003382,WALL-0064506,MERCH-00454,PM-01,DEV-01,2024-01-26 21:46:37,155.46,0.0,0.0,0,Pending,Payment,Medan,IDR,False
TXN-20240126-0003383,WALL-0065296,MERCH-00468,PM-02,DEV-02,2024-01-26 18:27:56,203.71,0.4074,0.0,20,Success,Payment,Myitkyina,MMK,False
TXN-20240126-0003384,WALL-0027448,MERCH-00186,PM-02,DEV-03,2024-01-26 15:24:58,223.45,0.4469,11.1725,22,Success,Purchase,Pokhara,NPR,False
TXN-20240126-0003385,WALL-0100790,MERCH-00168,PM-02,DEV-01,2024-01-26 12:24:29,37.43,0.0749,1.8715,3,Success,Purchase,Da Nang,VND,False
TXN-20240126-0003386,WALL-0072439,MERCH-00456,PM-03,DEV-01,2024-01-26 20:19:24,54.96,0.4397,0.0,5,Success,Payment,Karachi,PKR,False
TXN-20240126-0003387,WALL-0109268,MERCH-00218,PM-01,DEV-01,2024-01-26 11:50:29,16.91,0.0,0.0,1,Success,Purchase,Mawlamyine,MMK,False
TXN-20240126-0003388,WALL-0068800,MERCH-00078,PM-05,DEV-01,2024-01-26 16:43:47,11.93,0.0,0.2387,1,Success,Purchase,Bangalore,INR,False
TXN-20240126-0003389,WALL-0057868,MERCH-00221,PM-01,DEV-03,2024-01-26 14:43:17,5.58,0.0,0.0,0,Success,Purchase,Mandalay,MMK,False
TXN-20240126-0003390,WALL-0103530,MERCH-00372,PM-02,DEV-01,2024-01-26 17:38:33,28.32,0.0566,0.0,2,Success,Purchase,Bangkok,THB,False
TXN-20240126-0003391,WALL-0010132,MERCH-00348,PM-02,DEV-03,2024-01-26 16:25:29,99.66,0.1993,0.0,9,Success,Bill Payment,Mawlamyine,MMK,False
TXN-20240126-0003392,WALL-0068916,MERCH-00314,PM-02,DEV-02,2024-01-26 19:10:32,44.66,0.0893,0.0,4,Success,Bill Payment,Hyderabad,INR,False
TXN-20240126-0003393,WALL-0050746,MERCH-00254,PM-01,DEV-01,2024-01-26 16:08:15,48.68,0.0,0.0,4,Success,Subscription,Pune,INR,False
TXN-20240126-0003394,WALL-0092113,MERCH-00230,PM-02,DEV-01,2024-01-26 06:55:12,5.63,0.0113,0.0,0,Success,Purchase,Myitkyina,MMK,False
TXN-20240126-0003395,WALL-0091850,MERCH-00371,PM-02,DEV-04,2024-01-26 20:45:41,46.94,0.0939,0.0,4,Success,Purchase,Mawlamyine,MMK,False
TXN-20240126-0003396,WALL-0103928,MERCH-00204,PM-02,DEV-01,2024-01-26 10:43:06,21.46,0.0429,0.0,2,Success,Purchase,Bandung,MMK,False
TXN-20240126-0003397,WALL-0073281,MERCH-00280,PM-02,DEV-02,2024-01-26 14:25:10,105.49,0.211,8.4394,21,Success,Purchase,Myitkyina,MMK,False
TXN-20240126-0003398,WALL-0124191,MERCH-00412,PM-02,DEV-03,2024-01-26 08:30:20,26.0,0.052,0.0,2,Success,Payment,Da Nang,VND,False
TXN-20240126-0003399,WALL-0112892,MERCH-00239,PM-01,DEV-01,2024-01-26 16:03:22,11.95,0.0,0.0,1,Success,Subscription,Naypyidaw,MMK,False
TXN-20240126-0003400,WALL-0101883,MERCH-00388,PM-01,DEV-01,2024-01-26 15:59:44,49.06,0.0,0.0,4,Success,Purchase,Yangon,MMK,False
TXN-20240126-0003401,WALL-0054881,MERCH-00146,PM-04,DEV-01,2024-01-26 17:27:17,60.13,1.2027,3.0067,6,Success,Purchase,Yangon,MMK,False
TXN-20240126-0003402,WALL-0082058,MERCH-00225,PM-04,DEV-01,2024-01-26 16:02:27,13.31,0.2662,0.0,0,Pending,Purchase,Myitkyina,MMK,False
TXN-20240126-0003403,WALL-0057303,MERCH-00255,PM-04,DEV-01,2024-01-26 13:01:37,32.05,0.6411,0.0,3,Success,Subscription,Mandalay,MMK,False
TXN-20240126-0003404,WALL-0060054,MERCH-00399,PM-02,DEV-01,2024-01-26 07:44:05,120.0,0.24,0.0,12,Success,Purchase,Kuala Lumpur,MYR,False
TXN-20240126-0003405,WALL-0063671,MERCH-00254,PM-03,DEV-01,2024-01-26 14:21:10,23.49,0.188,0.0,2,Success,Subscription,Manila,PHP,False
TXN-20240126-0003406,WALL-0080382,MERCH-00124,PM-02,DEV-01,2024-01-26 06:53:41,58.11,0.1162,0.0,5,Success,Purchase,Chittagong,BDT,False
TXN-20240126-0003407,WALL-0054844,MERCH-00390,PM-01,DEV-05,2024-01-26 12:53:39,45.31,0.0,0.0,4,Success,Purchase,Taunggyi,MMK,False
TXN-20240126-0003408,WALL-0105032,MERCH-00050,PM-01,DEV-01,2024-01-26 12:31:46,12.14,0.0,0.2428,1,Success,Purchase,Yangon,MMK,False
TXN-20240126-0003409,WALL-0139832,MERCH-00192,PM-04,DEV-01,2024-01-26 15:41:40,13.06,0.2612,0.0,1,Success,Purchase,Mandalay,MMK,False
TXN-20240126-0003410,WALL-0115884,MERCH-00097,PM-03,DEV-02,2024-01-26 21:15:57,96.31,0.7704,0.0,9,Success,Purchase,Bago,MMK,False
TXN-20240126-0003411,WALL-0109976,MERCH-00371,PM-04,DEV-01,2024-01-26 00:36:22,34.56,0.6912,0.0,3,Success,Purchase,Bago,MMK,False
TXN-20240126-0003412,WALL-0101832,MERCH-00355,PM-03,DEV-01,2024-01-26 07:15:54,37.99,0.3039,0.0,3,Success,Bill Payment,Mandalay,MMK,False
TXN-20240126-0003413,WALL-0143500,MERCH-00090,PM-01,DEV-01,2024-01-26 21:15:28,52.56,0.0,0.0,5,Success,Purchase,Manila,PHP,False
TXN-20240126-0003414,WALL-0004403,MERCH-00226,PM-01,DEV-01,2024-01-26 16:55:29,5.89,0.0,0.0,0,Success,Purchase,Jaipur,INR,False
TXN-20240126-0003415,WALL-0066012,MERCH-00033,PM-02,DEV-01,2024-01-26 22:04:32,8.51,0.017,0.1703,0,Success,Purchase,Mandalay,MMK,False
TXN-20240126-0003416,WALL-0078231,MERCH-00458,PM-05,DEV-01,2024-01-26 09:28:55,344.1,0.0,0.0,34,Success,Payment,Hyderabad,MMK,False
TXN-20240126-0003417,WALL-0074872,MERCH-00094,PM-04,DEV-03,2024-01-26 16:03:36,12.33,0.2465,0.0,1,Success,Purchase,Mandalay,MMK,False
TXN-20240126-0003418,WALL-0008553,MERCH-00420,PM-01,DEV-03,2024-01-26 10:12:16,68.32,0.0,0.0,6,Success,Payment,Naypyidaw,MMK,False
TXN-20240126-0003419,WALL-0146278,MERCH-00009,PM-01,DEV-01,2024-01-26 19:42:12,32.04,0.0,0.6407,3,Success,Purchase,Siem Reap,KHR,False
TXN-20240126-0003420,WALL-0086398,MERCH-00352,PM-04,DEV-03,2024-01-26 16:30:54,61.91,1.2382,0.0,6,Success,Bill Payment,Jakarta,IDR,False
TXN-20240126-0003421,WALL-0117390,MERCH-00446,PM-04,DEV-01,2024-01-26 07:08:37,115.33,2.3066,0.0,11,Success,Tax Payment,Taunggyi,MMK,False
TXN-20240126-0003422,WALL-0071553,MERCH-00032,PM-03,DEV-01,2024-01-26 17:43:09,27.74,0.2219,0.5548,2,Success,Purchase,Naypyidaw,MMK,False
TXN-20240126-0003423,WALL-0094630,MERCH-00013,PM-05,DEV-03,2024-01-26 10:26:59,16.31,0.0,0.3262,1,Success,Purchase,Kandy,LKR,False
TXN-20240126-0003424,WALL-0025853,MERCH-00239,PM-02,DEV-02,2024-01-26 18:39:14,19.58,0.0392,0.0,0,Failed,Subscription,Mandalay,MMK,False
TXN-20240126-0003425,WALL-0142754,MERCH-00379,PM-02,DEV-01,2024-01-26 19:57:57,41.33,0.0827,0.0,4,Success,Purchase,Pathein,MMK,False
TXN-20240126-0003426,WALL-0015197,MERCH-00291,PM-01,DEV-03,2024-01-26 19:02:00,1028.9,0.0,82.312,205,Success,Purchase,Taunggyi,MMK,False
TXN-20240126-0003427,WALL-0018959,MERCH-00265,PM-03,DEV-02,2024-01-26 17:27:13,7.94,0.0635,0.0,0,Success,Subscription,Jaipur,MMK,False
TXN-20240126-0003428,WALL-0064497,MERCH-00184,PM-01,DEV-03,2024-01-26 13:46:23,114.88,0.0,5.7438,11,Success,Purchase,Quezon City,PHP,False
TXN-20240126-0003429,WALL-0105100,MERCH-00015,PM-04,DEV-04,2024-01-26 18:14:15,12.09,0.2419,0.2419,1,Success,Purchase,Mawlamyine,MMK,False
TXN-20240126-0003430,WALL-0034816,MERCH-00039,PM-01,DEV-01,2024-01-26 21:02:32,7.55,0.0,0.151,0,Success,Purchase,Johor Bahru,MYR,False
TXN-20240126-0003431,WALL-0069366,MERCH-00071,PM-02,DEV-04,2024-01-26 13:28:03,19.15,0.0383,0.3831,1,Success,Purchase,Myitkyina,MMK,False
TXN-20240126-0003432,WALL-0103394,MERCH-00086,PM-01,DEV-02,2024-01-26 16:26:04,29.06,0.0,0.0,0,Pending,Purchase,Bandung,IDR,False
TXN-20240126-0003433,WALL-0127401,MERCH-00264,PM-04,DEV-01,2024-01-26 22:27:27,5.35,0.107,0.0,0,Success,Subscription,Singapore,SGD,False
TXN-20240126-0003434,WALL-0149885,MERCH-00298,PM-01,DEV-01,2024-01-26 02:40:40,600.49,0.0,48.0388,120,Success,Purchase,Myitkyina,MMK,False
TXN-20240126-0003435,WALL-0064167,MERCH-00030,PM-05,DEV-03,2024-01-26 17:22:51,49.96,0.0,0.9993,4,Success,Purchase,Pathein,MMK,False
TXN-20240126-0003436,WALL-0111006,MERCH-00239,PM-01,DEV-02,2024-01-26 21:54:09,15.35,0.0,0.0,1,Success,Subscription,Taunggyi,MMK,False
TXN-20240126-0003437,WALL-0072699,MERCH-00144,PM-02,DEV-01,2024-01-26 18:39:44,150.98,0.302,7.5489,15,Success,Purchase,Myitkyina,MMK,False
TXN-20240126-0003438,WALL-0071884,MERCH-00340,PM-02,DEV-05,2024-01-26 21:47:55,91.17,0.1823,0.0,9,Success,Bill Payment,Manila,PHP,False
TXN-20240126-0003439,WALL-0079288,MERCH-00070,PM-02,DEV-03,2024-01-26 14:32:31,39.54,0.0791,0.7907,3,Success,Purchase,Bangkok,THB,False
TXN-20240126-0003440,WALL-0028999,MERCH-00432,PM-04,DEV-03,2024-01-26 12:45:50,122.99,2.4599,0.0,12,Success,Tax Payment,Yangon,MMK,False
TXN-20240126-0003441,WALL-0085217,MERCH-00239,PM-01,DEV-03,2024-01-26 10:35:49,9.26,0.0,0.0,0,Success,Subscription,Naypyidaw,MMK,False
TXN-20240126-0003442,WALL-0027943,MERCH-00492,PM-02,DEV-02,2024-01-26 20:22:11,50.0,0.1,0.0,5,Success,Payment,Penang,MYR,False
TXN-20240126-0003443,WALL-0104633,MERCH-00045,PM-05,DEV-05,2024-01-26 06:41:17,22.92,0.0,0.4585,2,Success,Purchase,Yangon,MMK,False
TXN-20240126-0003444,WALL-0066479,MERCH-00022,PM-03,DEV-02,2024-01-26 17:32:22,10.54,0.0843,0.2108,1,Success,Purchase,Yangon,MMK,False
TXN-20240126-0003445,WALL-0109453,MERCH-00130,PM-03,DEV-02,2024-01-26 15:09:54,47.92,0.3834,0.0,4,Success,Purchase,Ahmedabad,INR,False
TXN-20240126-0003446,WALL-0063775,MERCH-00185,PM-01,DEV-03,2024-01-26 13:04:04,70.55,0.0,3.5276,7,Success,Purchase,Myitkyina,MMK,False
TXN-20240126-0003447,WALL-0104381,MERCH-00092,PM-02,DEV-04,2024-01-26 19:37:30,49.34,0.0987,0.0,4,Success,Purchase,Taunggyi,MMK,False
TXN-20240126-0003448,WALL-0105087,MERCH-00176,PM-01,DEV-01,2024-01-26 21:25:05,26.08,0.0,1.3039,2,Success,Purchase,Mandalay,MMK,False
TXN-20240126-0003449,WALL-0033799,MERCH-00163,PM-04,DEV-01,2024-01-26 14:24:45,91.72,1.8343,4.5859,9,Success,Purchase,Pattaya,MMK,False
TXN-20240126-0003450,WALL-0114992,MERCH-00330,PM-04,DEV-02,2024-01-26 18:13:23,117.79,2.3559,0.0,11,Success,Bill Payment,Karachi,NPR,False
TXN-20240126-0003451,WALL-0043241,MERCH-00085,PM-05,DEV-01,2024-01-26 06:43:36,17.43,0.0,0.0,1,Success,Purchase,Lahore,PKR,False
TXN-20240126-0003452,WALL-0094424,MERCH-00336,PM-02,DEV-01,2024-01-26 06:10:10,100.33,0.2007,0.0,10,Success,Bill Payment,Yangon,MMK,False
TXN-20240126-0003453,WALL-0069884,MERCH-00075,PM-02,DEV-01,2024-01-26 16:43:47,60.0,0.12,1.2,6,Success,Purchase,Surabaya,IDR,False
TXN-20240126-0003454,WALL-0018608,MERCH-00374,PM-01,DEV-01,2024-01-26 07:54:20,84.0,0.0,0.0,8,Success,Purchase,Mawlamyine,MMK,False
TXN-20240126-0003455,WALL-0141437,MERCH-00108,PM-03,DEV-01,2024-01-26 12:38:41,36.75,0.294,0.0,3,Success,Purchase,Chennai,INR,False
TXN-20240126-0003456,WALL-0064593,MERCH-00060,PM-01,DEV-01,2024-01-26 07:05:41,24.91,0.0,0.4983,2,Success,Purchase,Mumbai,INR,False
TXN-20240126-0003457,WALL-0038518,MERCH-00174,PM-01,DEV-01,2024-01-26 14:48:59,64.94,0.0,3.247,6,Success,Purchase,Bali,IDR,False
TXN-20240126-0003458,WALL-0039616,MERCH-00132,PM-04,DEV-04,2024-01-26 18:11:39,104.98,2.0997,5.2492,10,Success,Purchase,Yangon,MMK,False
TXN-20240126-0003459,WALL-0111901,MERCH-00448,PM-01,DEV-01,2024-01-26 21:04:13,302.3,0.0,0.0,30,Success,Tax Payment,Yangon,MMK,False
TXN-20240126-0003460,WALL-0133327,MERCH-00372,PM-03,DEV-02,2024-01-26 00:12:56,132.25,1.058,0.0,13,Success,Purchase,Myitkyina,MMK,True
TXN-20240126-0003461,WALL-0043803,MERCH-00027,PM-03,DEV-01,2024-01-26 13:23:57,5.0,0.04,0.1,0,Success,Purchase,Bago,MMK,False
TXN-20240126-0003462,WALL-0144208,MERCH-00319,PM-02,DEV-02,2024-01-26 21:52:00,51.26,0.1025,0.0,5,Success,Bill Payment,Bali,MMK,False
TXN-20240126-0003463,WALL-0095753,MERCH-00068,PM-05,DEV-02,2024-01-26 16:48:51,22.33,0.0,0.4466,2,Success,Purchase,Chittagong,BDT,False
TXN-20240126-0003464,WALL-0080757,MERCH-00402,PM-02,DEV-01,2024-01-26 07:08:23,88.16,0.1763,0.0,0,Pending,Payment,Mandalay,MMK,False
TXN-20240126-0003465,WALL-0086300,MERCH-00440,PM-01,DEV-03,2024-01-26 09:29:27,95.08,0.0,0.0,0,Failed,Tax Payment,Quezon City,PHP,False
TXN-20240126-0003466,WALL-0068251,MERCH-00179,PM-01,DEV-01,2024-01-26 17:54:36,352.17,0.0,17.6084,35,Success,Purchase,Delhi,INR,False
TXN-20240126-0003467,WALL-0089975,MERCH-00225,PM-01,DEV-01,2024-01-26 17:39:08,16.01,0.0,0.0,0,Reversed,Purchase,Phnom Penh,KHR,False
TXN-20240126-0003468,WALL-0010029,MERCH-00134,PM-02,DEV-02,2024-01-26 16:33:05,116.47,0.2329,5.8237,11,Success,Purchase,Naypyidaw,MMK,False
TXN-20240126-0003469,WALL-0007751,MERCH-00460,PM-01,DEV-03,2024-01-26 06:34:24,985.91,0.0,0.0,98,Success,Payment,Naypyidaw,MMK,False
TXN-20240126-0003470,WALL-0003457,MERCH-00069,PM-04,DEV-01,2024-01-26 20:13:48,19.73,0.3945,0.3945,1,Success,Purchase,Hyderabad,SGD,False
TXN-20240126-0003471,WALL-0045564,MERCH-00260,PM-01,DEV-01,2024-01-26 15:11:28,17.79,0.0,0.0,1,Success,Subscription,Mandalay,MMK,False
TXN-20240126-0003472,WALL-0021613,MERCH-00412,PM-01,DEV-02,2024-01-26 02:16:30,20.0,0.0,0.0,2,Success,Payment,Pathein,MMK,False
TXN-20240126-0003473,WALL-0001852,MERCH-00129,PM-04,DEV-03,2024-01-26 21:28:59,156.05,3.121,0.0,15,Success,Purchase,Karachi,PKR,False
TXN-20240126-0003474,WALL-0050979,MERCH-00017,PM-04,DEV-02,2024-01-26 06:59:43,23.44,0.4687,0.4687,2,Success,Purchase,Pune,INR,False
TXN-20240126-0003475,WALL-0042397,MERCH-00134,PM-04,DEV-01,2024-01-26 02:04:49,321.64,6.4328,16.082,32,Success,Purchase,Bago,MMK,False
TXN-20240126-0003476,WALL-0098734,MERCH-00296,PM-04,DEV-01,2024-01-26 14:41:32,114.09,2.2818,9.1272,22,Success,Purchase,Yangon,MMK,False
TXN-20240126-0003477,WALL-0016410,MERCH-00084,PM-01,DEV-02,2024-01-26 08:06:09,36.44,0.0,0.0,3,Success,Purchase,Colombo,LKR,False
TXN-20240126-0003478,WALL-0078049,MERCH-00346,PM-01,DEV-02,2024-01-26 15:03:12,32.31,0.0,0.0,0,Pending,Bill Payment,Quezon City,PHP,False
TXN-20240126-0003479,WALL-0020568,MERCH-00333,PM-02,DEV-01,2024-01-26 15:44:56,119.99,0.24,0.0,11,Success,Bill Payment,Bago,MMK,False
TXN-20240126-0003480,WALL-0060553,MERCH-00025,PM-04,DEV-01,2024-01-26 08:05:37,5.0,0.1,0.1,0,Success,Purchase,Medan,PKR,False
TXN-20240126-0003481,WALL-0117124,MERCH-00180,PM-01,DEV-01,2024-01-26 18:00:12,43.62,0.0,2.1812,4,Success,Purchase,Jakarta,IDR,False
TXN-20240126-0003482,WALL-0056877,MERCH-00179,PM-04,DEV-02,2024-01-26 17:25:41,210.01,4.2003,10.5007,21,Success,Purchase,Mumbai,MMK,False
TXN-20240126-0003483,WALL-0059863,MERCH-00296,PM-04,DEV-04,2024-01-26 20:38:26,161.08,3.2215,12.8861,32,Success,Purchase,Bangkok,THB,False
TXN-20240126-0003484,WALL-0138589,MERCH-00116,PM-02,DEV-05,2024-01-26 12:26:36,31.71,0.0634,0.0,3,Success,Purchase,Surabaya,PHP,False
TXN-20240126-0003485,WALL-0033217,MERCH-00455,PM-02,DEV-01,2024-01-26 19:19:44,272.96,0.5459,0.0,27,Success,Payment,Myitkyina,MMK,False
TXN-20240126-0003486,WALL-0001415,MERCH-00191,PM-02,DEV-01,2024-01-26 19:14:04,10.68,0.0214,0.0,1,Success,Purchase,Bago,MMK,False
TXN-20240126-0003487,WALL-0029844,MERCH-00417,PM-01,DEV-01,2024-01-26 16:01:05,99.45,0.0,0.0,9,Success,Payment,Jaipur,VND,False
TXN-20240126-0003488,WALL-0056349,MERCH-00287,PM-01,DEV-01,2024-01-26 12:59:53,335.65,0.0,26.8521,67,Success,Purchase,Taunggyi,MMK,False
TXN-20240126-0003489,WALL-0004442,MERCH-00085,PM-04,DEV-02,2024-01-26 21:48:01,84.9,1.698,0.0,8,Success,Purchase,Kathmandu,NPR,False
TXN-20240126-0003490,WALL-0118550,MERCH-00180,PM-04,DEV-01,2024-01-26 19:40:30,89.69,1.7939,0.0,0,Reversed,Purchase,Bago,MMK,False
TXN-20240126-0003491,WALL-0100943,MERCH-00327,PM-01,DEV-01,2024-01-26 13:20:38,56.74,0.0,0.0,5,Success,Bill Payment,Taunggyi,MMK,False
TXN-20240126-0003492,WALL-0134852,MERCH-00211,PM-01,DEV-01,2024-01-26 15:53:45,7.51,0.0,0.0,0,Success,Purchase,Bago,MMK,False
TXN-20240126-0003493,WALL-0055227,MERCH-00374,PM-01,DEV-03,2024-01-26 14:27:18,61.0,0.0,0.0,6,Success,Purchase,Penang,MYR,False
TXN-20240126-0003494,WALL-0128019,MERCH-00306,PM-03,DEV-01,2024-01-26 15:58:58,1328.12,10.6249,106.2494,265,Success,Purchase,Mawlamyine,PKR,False
TXN-20240126-0003495,WALL-0094190,MERCH-00108,PM-02,DEV-01,2024-01-26 12:48:58,31.73,0.0635,0.0,3,Success,Purchase,Surabaya,IDR,False
TXN-20240126-0003496,WALL-0011305,MERCH-00499,PM-01,DEV-03,2024-01-26 15:01:00,50.0,0.0,0.0,5,Success,Payment,Naypyidaw,MMK,False
TXN-20240126-0003497,WALL-0141483,MERCH-00432,PM-01,DEV-01,2024-01-26 12:00:04,156.26,0.0,0.0,15,Success,Tax Payment,Pathein,MMK,False
TXN-20240126-0003498,WALL-0039628,MERCH-00303,PM-03,DEV-01,2024-01-26 12:45:20,345.45,2.7636,27.6363,69,Success,Purchase,Bali,IDR,False
TXN-20240126-0003499,WALL-0125178,MERCH-00476,PM-02,DEV-03,2024-01-26 18:09:56,167.55,0.3351,0.0,16,Success,Payment,Chennai,INR,False
TXN-20240126-0003500,WALL-0121428,MERCH-00254,PM-02,DEV-01,2024-01-26 13:09:15,14.82,0.0296,0.0,1,Success,Subscription,Kuala Lumpur,MYR,False
TXN-20240126-0003501,WALL-0142546,MERCH-00258,PM-01,DEV-01,2024-01-26 04:02:18,13.84,0.0,0.0,1,Success,Subscription,Taunggyi,MMK,False
TXN-20240126-0003502,WALL-0130132,MERCH-00448,PM-02,DEV-02,2024-01-26 15:14:50,217.88,0.4358,0.0,21,Success,Tax Payment,Cebu City,LKR,False
TXN-20240126-0003503,WALL-0074953,MERCH-00101,PM-01,DEV-01,2024-01-26 17:17:50,135.2,0.0,0.0,13,Success,Purchase,Yangon,MMK,False
TXN-20240126-0003504,WALL-0001724,MERCH-00059,PM-02,DEV-01,2024-01-26 01:13:29,65.24,0.1305,1.3047,6,Success,Purchase,Singapore,SGD,False
TXN-20240126-0003505,WALL-0109488,MERCH-00210,PM-01,DEV-02,2024-01-26 20:59:49,18.35,0.0,0.0,1,Success,Purchase,Medan,IDR,False
TXN-20240126-0003506,WALL-0120482,MERCH-00209,PM-04,DEV-02,2024-01-26 15:42:51,6.8,0.1361,0.0,0,Success,Purchase,Kandy,MMK,False
TXN-20240126-0003507,WALL-0053124,MERCH-00312,PM-01,DEV-01,2024-01-26 11:51:25,123.86,0.0,0.0,12,Success,Bill Payment,Bago,IDR,False
TXN-20240126-0003508,WALL-0087043,MERCH-00146,PM-01,DEV-01,2024-01-26 19:06:14,51.76,0.0,2.5879,5,Success,Purchase,Myitkyina,MMK,False
TXN-20240126-0003509,WALL-0039318,MERCH-00425,PM-03,DEV-01,2024-01-26 06:43:31,257.6,2.0608,0.0,25,Success,Payment,Khon Kaen,THB,False
TXN-20240126-0003510,WALL-0117610,MERCH-00116,PM-02,DEV-01,2024-01-26 06:18:10,94.22,0.1884,0.0,9,Success,Purchase,Delhi,INR,False
TXN-20240126-0003511,WALL-0042337,MERCH-00367,PM-03,DEV-01,2024-01-26 00:04:15,38.04,0.3043,0.0,3,Success,Bill Payment,Yangon,MMK,False
TXN-20240126-0003512,WALL-0061497,MERCH-00110,PM-03,DEV-04,2024-01-26 14:48:03,65.9,0.5272,0.0,6,Success,Purchase,Dhaka,BDT,False
TXN-20240126-0003513,WALL-0039917,MERCH-00234,PM-02,DEV-01,2024-01-26 17:19:57,38.13,0.0763,0.0,3,Success,Subscription,Taunggyi,MMK,False
TXN-20240126-0003514,WALL-0001767,MERCH-00007,PM-03,DEV-01,2024-01-26 10:57:40,26.28,0.2103,0.5257,2,Success,Purchase,Mawlamyine,MMK,False
TXN-20240126-0003515,WALL-0019081,MERCH-00435,PM-04,DEV-03,2024-01-26 13:47:29,58.38,1.1676,0.0,5,Success,Tax Payment,Mandalay,MMK,False
TXN-20240126-0003516,WALL-0145459,MERCH-00266,PM-01,DEV-01,2024-01-26 14:39:11,19.38,0.0,0.0,1,Success,Subscription,Taunggyi,MMK,False
TXN-20240126-0003517,WALL-0088557,MERCH-00136,PM-01,DEV-01,2024-01-26 15:26:45,125.7,0.0,6.2851,12,Success,Purchase,Naypyidaw,MMK,False
TXN-20240126-0003518,WALL-0121827,MERCH-00196,PM-01,DEV-05,2024-01-26 15:49:11,16.28,0.0,0.0,1,Success,Purchase,Da Nang,VND,False
TXN-20240126-0003519,WALL-0060533,MERCH-00024,PM-01,DEV-01,2024-01-26 18:38:41,19.21,0.0,0.3841,1,Success,Purchase,Chennai,INR,False
TXN-20240126-0003520,WALL-0149748,MERCH-00027,PM-01,DEV-01,2024-01-26 21:23:56,23.89,0.0,0.4777,2,Success,Purchase,Myitkyina,MMK,False
TXN-20240126-0003521,WALL-0145808,MERCH-00177,PM-02,DEV-01,2024-01-26 20:58:14,1326.74,2.6535,66.3372,132,Success,Purchase,Kolkata,INR,False
TXN-20240126-0003522,WALL-0080014,MERCH-00012,PM-01,DEV-01,2024-01-26 18:52:06,33.3,0.0,0.6659,3,Success,Purchase,Bali,IDR,False
TXN-20240126-0003523,WALL-0146046,MERCH-00148,PM-03,DEV-01,2024-01-26 15:00:05,38.3,0.3064,1.9151,3,Success,Purchase,Singapore,MMK,False
TXN-20240126-0003524,WALL-0108045,MERCH-00208,PM-01,DEV-01,2024-01-26 21:45:41,10.29,0.0,0.0,1,Success,Purchase,Myitkyina,MMK,False
TXN-20240126-0003525,WALL-0141918,MERCH-00197,PM-01,DEV-02,2024-01-26 21:16:05,17.19,0.0,0.0,1,Success,Purchase,Mandalay,MMK,False
TXN-20240126-0003526,WALL-0016335,MERCH-00020,PM-01,DEV-02,2024-01-26 19:07:11,27.3,0.0,0.5461,2,Success,Purchase,Bandung,IDR,False
TXN-20240126-0003527,WALL-0017882,MERCH-00198,PM-01,DEV-02,2024-01-26 17:15:00,18.89,0.0,0.0,1,Success,Purchase,Yangon,MMK,False
TXN-20240126-0003528,WALL-0052230,MERCH-00076,PM-02,DEV-01,2024-01-26 20:35:45,6.57,0.0131,0.1315,0,Success,Purchase,Jaipur,INR,False
TXN-20240126-0003529,WALL-0057085,MERCH-00353,PM-02,DEV-01,2024-01-26 08:22:59,54.02,0.108,0.0,5,Success,Bill Payment,Chennai,MMK,False
TXN-20240126-0003530,WALL-0042208,MERCH-00021,PM-04,DEV-01,2024-01-26 05:15:04,6.3,0.1259,0.1259,0,Success,Purchase,Islamabad,PKR,False
TXN-20240126-0003531,WALL-0006491,MERCH-00243,PM-01,DEV-01,2024-01-26 01:34:24,13.31,0.0,0.0,1,Success,Subscription,Yangon,MMK,False
TXN-20240126-0003532,WALL-0042987,MERCH-00056,PM-05,DEV-01,2024-01-26 12:40:20,16.75,0.0,0.335,1,Success,Purchase,Bago,MMK,False
TXN-20240126-0003533,WALL-0074356,MERCH-00081,PM-01,DEV-01,2024-01-26 02:21:10,73.75,0.0,0.0,7,Success,Purchase,Yangon,MMK,False
TXN-20240126-0003534,WALL-0053327,MERCH-00350,PM-01,DEV-01,2024-01-26 20:34:14,30.71,0.0,0.0,3,Success,Bill Payment,Naypyidaw,MMK,False
TXN-20240126-0003535,WALL-0076339,MERCH-00333,PM-02,DEV-01,2024-01-26 07:54:31,71.29,0.1426,0.0,7,Success,Bill Payment,Naypyidaw,PKR,False
TXN-20240126-0003536,WALL-0068928,MERCH-00333,PM-01,DEV-01,2024-01-26 18:49:18,59.04,0.0,0.0,5,Success,Bill Payment,Lahore,PKR,False
TXN-20240126-0003537,WALL-0124626,MERCH-00411,PM-02,DEV-01,2024-01-26 06:24:13,58.65,0.1173,0.0,5,Success,Payment,Medan,IDR,False
TXN-20240126-0003538,WALL-0017136,MERCH-00174,PM-05,DEV-01,2024-01-26 12:11:03,146.93,0.0,7.3467,14,Success,Purchase,Bago,MMK,False
TXN-20240126-0003539,WALL-0138012,MERCH-00019,PM-01,DEV-01,2024-01-26 06:56:39,23.78,0.0,0.4755,2,Success,Purchase,Myitkyina,MMK,False
TXN-20240126-0003540,WALL-0106909,MERCH-00176,PM-01,DEV-03,2024-01-26 21:14:27,95.54,0.0,4.777,9,Success,Purchase,Bandung,IDR,False
TXN-20240126-0003541,WALL-0007293,MERCH-00204,PM-04,DEV-02,2024-01-26 16:17:55,26.37,0.5274,0.0,0,Failed,Purchase,Ahmedabad,MMK,False
TXN-20240126-0003542,WALL-0100965,MERCH-00124,PM-04,DEV-01,2024-01-26 15:01:09,200.0,4.0,0.0,20,Success,Purchase,Naypyidaw,MMK,False
TXN-20240126-0003543,WALL-0003138,MERCH-00102,PM-03,DEV-01,2024-01-26 15:05:36,62.0,0.496,0.0,6,Success,Purchase,Yangon,MMK,False
TXN-20240126-0003544,WALL-0061385,MERCH-00304,PM-01,DEV-02,2024-01-26 17:30:52,147.0,0.0,11.7596,29,Success,Purchase,Pune,INR,False
TXN-20240126-0003545,WALL-0080243,MERCH-00120,PM-02,DEV-01,2024-01-26 18:49:33,109.76,0.2195,0.0,10,Success,Purchase,Mandalay,MMK,False
TXN-20240126-0003546,WALL-0119650,MERCH-00188,PM-04,DEV-04,2024-01-26 15:01:04,121.95,2.439,6.0976,12,Success,Purchase,Mawlamyine,MMK,False
TXN-20240126-0003547,WALL-0056331,MERCH-00323,PM-03,DEV-04,2024-01-26 05:07:19,231.86,1.8549,0.0,23,Success,Bill Payment,Yangon,MMK,False
TXN-20240126-0003548,WALL-0031196,MERCH-00324,PM-03,DEV-01,2024-01-26 21:38:01,25.99,0.2079,0.0,2,Success,Bill Payment,Bago,MMK,False
TXN-20240126-0003549,WALL-0130848,MERCH-00146,PM-02,DEV-03,2024-01-26 16:39:42,324.31,0.6486,0.0,0,Pending,Purchase,Taunggyi,MMK,False
TXN-20240126-0003550,WALL-0099193,MERCH-00409,PM-01,DEV-01,2024-01-26 18:25:58,438.97,0.0,0.0,43,Success,Payment,Mumbai,INR,False
TXN-20240126-0003551,WALL-0040745,MERCH-00240,PM-01,DEV-01,2024-01-26 13:20:52,7.3,0.0,0.0,0,Success,Subscription,Manila,PHP,False
TXN-20240126-0003552,WALL-0148741,MERCH-00478,PM-03,DEV-01,2024-01-26 18:53:58,309.1,2.4728,0.0,30,Success,Payment,Hyderabad,INR,False
TXN-20240126-0003553,WALL-0054306,MERCH-00261,PM-03,DEV-05,2024-01-26 03:54:13,46.15,0.3692,0.0,4,Success,Subscription,Taunggyi,MMK,False
TXN-20240126-0003554,WALL-0060093,MERCH-00165,PM-03,DEV-03,2024-01-26 21:05:18,56.69,0.4535,2.8343,5,Success,Purchase,Manila,PHP,False
TXN-20240126-0003555,WALL-0129789,MERCH-00203,PM-01,DEV-02,2024-01-26 11:42:28,13.35,0.0,0.0,1,Success,Purchase,Pokhara,NPR,False
TXN-20240126-0003556,WALL-0022043,MERCH-00225,PM-02,DEV-01,2024-01-26 01:44:49,11.8,0.0236,0.0,1,Success,Purchase,Yangon,MMK,False
TXN-20240126-0003557,WALL-0126694,MERCH-00169,PM-04,DEV-01,2024-01-26 19:08:42,68.57,1.3714,3.4286,6,Success,Purchase,Kolkata,MMK,False
TXN-20240126-0003558,WALL-0074200,MERCH-00069,PM-01,DEV-03,2024-01-26 15:26:48,6.62,0.0,0.1324,0,Success,Purchase,Mawlamyine,MMK,False
TXN-20240126-0003559,WALL-0090869,MERCH-00375,PM-01,DEV-02,2024-01-26 11:07:31,132.1,0.0,0.0,13,Success,Purchase,Surabaya,IDR,False
TXN-20240126-0003560,WALL-0065931,MERCH-00331,PM-03,DEV-01,2024-01-26 10:28:54,107.92,0.8633,0.0,10,Success,Bill Payment,Pokhara,INR,False
TXN-20240126-0003561,WALL-0064099,MERCH-00388,PM-04,DEV-01,2024-01-26 19:44:29,104.31,2.0862,0.0,10,Success,Purchase,Naypyidaw,MMK,False
TXN-20240126-0003562,WALL-0018146,MERCH-00340,PM-01,DEV-01,2024-01-26 09:14:39,121.96,0.0,0.0,12,Success,Bill Payment,Surabaya,MMK,False
TXN-20240126-0003563,WALL-0085897,MERCH-00018,PM-04,DEV-01,2024-01-26 12:50:25,10.4,0.2079,0.2079,1,Success,Purchase,Bago,MMK,False
TXN-20240126-0003564,WALL-0006377,MERCH-00089,PM-02,DEV-01,2024-01-26 10:10:18,30.8,0.0616,0.0,3,Success,Purchase,Naypyidaw,MMK,False
TXN-20240126-0003565,WALL-0002597,MERCH-00186,PM-01,DEV-01,2024-01-26 16:40:06,67.13,0.0,3.3563,6,Success,Purchase,Karachi,PKR,False
TXN-20240126-0003566,WALL-0094911,MERCH-00097,PM-03,DEV-01,2024-01-26 09:06:17,177.25,1.418,0.0,17,Success,Purchase,Pathein,MMK,False
TXN-20240126-0003567,WALL-0084589,MERCH-00080,PM-01,DEV-05,2024-01-26 21:51:58,5.0,0.0,0.1,0,Success,Purchase,Ho Chi Minh City,VND,False
TXN-20240126-0003568,WALL-0149904,MERCH-00025,PM-05,DEV-01,2024-01-26 09:12:01,23.05,0.0,0.461,2,Success,Purchase,Davao,PHP,False
TXN-20240126-0003569,WALL-0127404,MERCH-00249,PM-03,DEV-03,2024-01-26 16:47:03,30.77,0.2462,0.0,3,Success,Subscription,Yangon,MMK,False
TXN-20240126-0003570,WALL-0115707,MERCH-00060,PM-02,DEV-02,2024-01-26 15:47:58,13.88,0.0278,0.2775,1,Success,Purchase,Naypyidaw,MMK,False
TXN-20240126-0003571,WALL-0043886,MERCH-00452,PM-03,DEV-01,2024-01-26 16:16:50,64.71,0.5177,0.0,6,Success,Payment,Taunggyi,MMK,False
TXN-20240126-0003572,WALL-0126249,MERCH-00174,PM-02,DEV-01,2024-01-26 18:52:15,87.33,0.1747,4.3666,8,Success,Purchase,Surabaya,IDR,False
TXN-20240126-0003573,WALL-0023756,MERCH-00306,PM-04,DEV-02,2024-01-26 19:50:33,541.6,10.8319,43.3277,108,Success,Purchase,Myitkyina,MMK,False
TXN-20240126-0003574,WALL-0012133,MERCH-00371,PM-04,DEV-01,2024-01-26 12:08:50,45.24,0.9048,0.0,4,Success,Purchase,Islamabad,PKR,False
TXN-20240126-0003575,WALL-0073709,MERCH-00345,PM-01,DEV-01,2024-01-26 03:44:53,30.04,0.0,0.0,3,Success,Bill Payment,Pathein,MMK,False
TXN-20240126-0003576,WALL-0019341,MERCH-00142,PM-02,DEV-01,2024-01-26 14:18:35,182.96,0.3659,9.1482,18,Success,Purchase,Surabaya,IDR,False
TXN-20240126-0003577,WALL-0025548,MERCH-00079,PM-01,DEV-03,2024-01-26 19:11:29,27.49,0.0,0.5498,2,Success,Purchase,Mumbai,INR,False
TXN-20240126-0003578,WALL-0091047,MERCH-00054,PM-05,DEV-01,2024-01-26 19:19:21,15.56,0.0,0.3111,1,Success,Purchase,Mandalay,MMK,False
TXN-20240126-0003579,WALL-0025600,MERCH-00237,PM-03,DEV-01,2024-01-26 09:38:03,14.29,0.1143,0.0,1,Success,Subscription,Surabaya,IDR,False
TXN-20240126-0003580,WALL-0014680,MERCH-00101,PM-04,DEV-01,2024-01-26 12:48:01,38.22,0.7644,0.0,3,Success,Purchase,Myitkyina,MMK,False
TXN-20240126-0003581,WALL-0007993,MERCH-00061,PM-02,DEV-02,2024-01-26 17:17:57,61.47,0.1229,1.2294,6,Success,Purchase,Mawlamyine,MMK,False
TXN-20240126-0003582,WALL-0110516,MERCH-00285,PM-01,DEV-04,2024-01-26 02:51:58,1032.3,0.0,82.584,206,Success,Purchase,Surabaya,IDR,False
TXN-20240126-0003583,WALL-0070561,MERCH-00120,PM-03,DEV-01,2024-01-26 15:35:31,36.31,0.2905,0.0,3,Success,Purchase,Manila,PHP,False
TXN-20240126-0003584,WALL-0030042,MERCH-00398,PM-02,DEV-01,2024-01-26 09:57:45,120.0,0.24,0.0,12,Success,Purchase,Kandy,MMK,False
TXN-20240126-0003585,WALL-0099509,MERCH-00021,PM-04,DEV-01,2024-01-26 14:59:40,26.37,0.5274,0.5274,2,Success,Purchase,Bago,MMK,False
TXN-20240126-0003586,WALL-0087001,MERCH-00180,PM-03,DEV-01,2024-01-26 10:46:24,152.23,1.2179,7.6116,15,Success,Purchase,Myitkyina,MMK,False
TXN-20240126-0003587,WALL-0034616,MERCH-00198,PM-02,DEV-01,2024-01-26 15:12:15,6.12,0.0122,0.0,0,Pending,Purchase,Mawlamyine,MMK,False
TXN-20240126-0003588,WALL-0054779,MERCH-00117,PM-02,DEV-01,2024-01-26 16:39:19,188.43,0.3769,0.0,18,Success,Purchase,Naypyidaw,MMK,False
TXN-20240126-0003589,WALL-0114351,MERCH-00396,PM-02,DEV-01,2024-01-26 12:49:06,40.4,0.0808,0.0,4,Success,Purchase,Johor Bahru,MYR,False
TXN-20240126-0003590,WALL-0059586,MERCH-00326,PM-02,DEV-02,2024-01-26 06:19:38,27.39,0.0548,0.0,2,Success,Bill Payment,Mandalay,MMK,False
TXN-20240126-0003591,WALL-0068715,MERCH-00214,PM-03,DEV-01,2024-01-26 12:42:33,12.08,0.0967,0.0,1,Success,Purchase,Yangon,MMK,False
TXN-20240126-0003592,WALL-0125230,MERCH-00119,PM-04,DEV-04,2024-01-26 13:45:04,200.0,4.0,0.0,20,Success,Purchase,Jaipur,INR,False
TXN-20240126-0003593,WALL-0091080,MERCH-00084,PM-02,DEV-02,2024-01-26 09:53:27,46.25,0.0925,0.0,4,Success,Purchase,Quezon City,PHP,False
TXN-20240126-0003594,WALL-0108145,MERCH-00318,PM-01,DEV-02,2024-01-26 08:59:11,62.77,0.0,0.0,6,Success,Bill Payment,Colombo,LKR,False
TXN-20240126-0003595,WALL-0089602,MERCH-00195,PM-02,DEV-01,2024-01-26 15:21:32,8.59,0.0172,0.0,0,Success,Purchase,Bali,MMK,False
TXN-20240126-0003596,WALL-0049578,MERCH-00206,PM-01,DEV-01,2024-01-26 13:20:37,9.79,0.0,0.0,0,Success,Purchase,Myitkyina,MMK,False
TXN-20240126-0003597,WALL-0118383,MERCH-00337,PM-04,DEV-05,2024-01-26 19:45:18,47.05,0.941,0.0,0,Failed,Bill Payment,Johor Bahru,MYR,False
TXN-20240126-0003598,WALL-0047075,MERCH-00393,PM-02,DEV-05,2024-01-26 17:06:46,123.07,0.2461,0.0,12,Success,Purchase,Ahmedabad,INR,False
TXN-20240126-0003599,WALL-0108715,MERCH-00225,PM-01,DEV-05,2024-01-26 09:44:11,13.51,0.0,0.0,1,Success,Purchase,Taunggyi,MMK,False
TXN-20240126-0003600,WALL-0124638,MERCH-00041,PM-02,DEV-01,2024-01-26 19:36:21,55.63,0.1113,1.1125,5,Success,Purchase,Mandalay,MMK,False
TXN-20240126-0003601,WALL-0089120,MERCH-00440,PM-01,DEV-02,2024-01-26 19:41:01,251.91,0.0,0.0,25,Success,Tax Payment,Mumbai,INR,False
TXN-20240126-0003602,WALL-0132900,MERCH-00252,PM-01,DEV-01,2024-01-26 20:19:28,11.44,0.0,0.0,1,Success,Subscription,Mawlamyine,MMK,False
TXN-20240126-0003603,WALL-0095154,MERCH-00353,PM-03,DEV-02,2024-01-26 12:36:50,54.98,0.4398,0.0,5,Success,Bill Payment,Yangon,MMK,False
TXN-20240126-0003604,WALL-0080451,MERCH-00036,PM-01,DEV-01,2024-01-26 14:00:09,45.21,0.0,0.9042,4,Success,Purchase,Ho Chi Minh City,VND,False
TXN-20240126-0003605,WALL-0148966,MERCH-00368,PM-04,DEV-02,2024-01-26 20:38:14,48.5,0.97,0.0,4,Success,Bill Payment,Ho Chi Minh City,VND,False
TXN-20240126-0003606,WALL-0068138,MERCH-00166,PM-02,DEV-01,2024-01-26 16:42:07,269.29,0.5386,13.4644,26,Success,Purchase,Ho Chi Minh City,VND,False
TXN-20240126-0003607,WALL-0086956,MERCH-00140,PM-01,DEV-01,2024-01-26 20:13:00,221.94,0.0,11.0972,22,Success,Purchase,Yangon,MMK,False
TXN-20240126-0003608,WALL-0071665,MERCH-00270,PM-05,DEV-03,2024-01-26 12:40:04,8.06,0.0,0.0,0,Success,Subscription,Ho Chi Minh City,VND,False
TXN-20240126-0003609,WALL-0141186,MERCH-00133,PM-04,DEV-01,2024-01-26 20:04:16,95.6,1.912,4.78,9,Success,Purchase,Pune,INR,False
TXN-20240126-0003610,WALL-0088790,MERCH-00374,PM-03,DEV-01,2024-01-26 18:44:22,40.62,0.325,0.0,0,Failed,Purchase,Bangalore,MMK,False
TXN-20240126-0003611,WALL-0137198,MERCH-00446,PM-02,DEV-01,2024-01-26 11:08:58,213.74,0.4275,0.0,21,Success,Tax Payment,Myitkyina,MMK,False
TXN-20240126-0003612,WALL-0095731,MERCH-00099,PM-04,DEV-02,2024-01-26 08:37:17,21.76,0.4351,0.0,2,Success,Purchase,Pune,INR,False
TXN-20240126-0003613,WALL-0130183,MERCH-00340,PM-02,DEV-01,2024-01-26 16:13:44,64.94,0.1299,0.0,0,Failed,Bill Payment,Delhi,INR,False
TXN-20240126-0003614,WALL-0033058,MERCH-00017,PM-02,DEV-01,2024-01-26 00:37:54,13.16,0.0263,0.2632,1,Success,Purchase,Myitkyina,MMK,False
TXN-20240126-0003615,WALL-0011781,MERCH-00193,PM-01,DEV-01,2024-01-26 14:23:16,12.94,0.0,0.0,1,Success,Purchase,Lahore,PKR,False
TXN-20240126-0003616,WALL-0141990,MERCH-00278,PM-01,DEV-02,2024-01-26 19:46:57,1270.13,0.0,101.6101,254,Success,Purchase,Yangon,MMK,False
TXN-20240126-0003617,WALL-0071680,MERCH-00239,PM-01,DEV-01,2024-01-26 21:51:22,9.35,0.0,0.0,0,Success,Subscription,Pathein,MMK,False
TXN-20240126-0003618,WALL-0148901,MERCH-00163,PM-02,DEV-02,2024-01-26 21:11:55,47.23,0.0945,2.3613,4,Success,Purchase,Bangalore,INR,False
TXN-20240126-0003619,WALL-0004605,MERCH-00041,PM-02,DEV-01,2024-01-26 13:53:16,7.28,0.0146,0.1456,0,Success,Purchase,Bandung,IDR,False
TXN-20240126-0003620,WALL-0030028,MERCH-00053,PM-04,DEV-01,2024-01-26 12:39:08,14.56,0.2913,0.2913,1,Success,Purchase,Myitkyina,MMK,False
TXN-20240126-0003621,WALL-0064753,MERCH-00038,PM-01,DEV-03,2024-01-26 21:32:24,19.26,0.0,0.3852,1,Success,Purchase,Jakarta,IDR,False
TXN-20240126-0003622,WALL-0085432,MERCH-00219,PM-01,DEV-01,2024-01-26 12:45:29,12.88,0.0,0.0,1,Success,Purchase,Myitkyina,MMK,False
TXN-20240126-0003623,WALL-0141636,MERCH-00065,PM-02,DEV-02,2024-01-26 18:37:01,8.71,0.0174,0.1743,0,Success,Purchase,Chennai,INR,False
TXN-20240126-0003624,WALL-0142042,MERCH-00023,PM-02,DEV-01,2024-01-26 19:59:05,13.11,0.0262,0.2621,1,Success,Purchase,Bangkok,THB,False
TXN-20240126-0003625,WALL-0104137,MERCH-00338,PM-03,DEV-02,2024-01-26 15:10:23,76.97,0.6157,0.0,7,Success,Bill Payment,Mandalay,MMK,False
TXN-20240126-0003626,WALL-0046855,MERCH-00324,PM-03,DEV-02,2024-01-26 21:25:29,55.03,0.4403,0.0,5,Success,Bill Payment,Naypyidaw,MMK,False
TXN-20240126-0003627,WALL-0093422,MERCH-00111,PM-01,DEV-01,2024-01-26 23:46:56,68.07,0.0,0.0,6,Success,Purchase,Naypyidaw,MMK,False
TXN-20240126-0003628,WALL-0022467,MERCH-00368,PM-03,DEV-01,2024-01-26 14:44:37,24.35,0.1948,0.0,2,Success,Bill Payment,Bago,MMK,False
TXN-20240126-0003629,WALL-0083857,MERCH-00028,PM-02,DEV-02,2024-01-26 18:26:09,29.71,0.0594,0.5943,2,Success,Purchase,Karachi,PKR,False
TXN-20240126-0003630,WALL-0098442,MERCH-00256,PM-04,DEV-03,2024-01-26 16:05:32,14.84,0.2969,0.0,1,Success,Subscription,Pune,INR,False
TXN-20240126-0003631,WALL-0017541,MERCH-00273,PM-05,DEV-01,2024-01-26 01:08:48,694.73,0.0,55.5787,138,Success,Purchase,Mandalay,MMK,False
TXN-20240126-0003632,WALL-0056665,MERCH-00025,PM-04,DEV-04,2024-01-26 18:15:56,28.4,0.568,0.568,2,Success,Purchase,Taunggyi,MMK,False
TXN-20240126-0003633,WALL-0005073,MERCH-00262,PM-04,DEV-01,2024-01-26 21:55:45,28.42,0.5685,0.0,2,Success,Subscription,Quezon City,PHP,False
TXN-20240126-0003634,WALL-0059722,MERCH-00084,PM-01,DEV-02,2024-01-26 10:41:32,25.67,0.0,0.0,2,Success,Purchase,Pathein,MMK,False
TXN-20240126-0003635,WALL-0002736,MERCH-00045,PM-01,DEV-01,2024-01-26 20:05:06,21.39,0.0,0.4278,2,Success,Purchase,Pune,INR,False
TXN-20240126-0003636,WALL-0110221,MERCH-00300,PM-01,DEV-01,2024-01-26 14:08:31,295.62,0.0,23.6496,59,Success,Purchase,Cebu City,PHP,False
TXN-20240126-0003637,WALL-0056996,MERCH-00206,PM-05,DEV-01,2024-01-26 11:35:56,21.66,0.0,0.0,2,Success,Purchase,Jakarta,MMK,False
TXN-20240126-0003638,WALL-0147151,MERCH-00045,PM-03,DEV-01,2024-01-26 12:43:58,21.49,0.1719,0.4298,2,Success,Purchase,Pathein,MMK,False
TXN-20240126-0003639,WALL-0063448,MERCH-00374,PM-02,DEV-03,2024-01-26 15:27:24,27.35,0.0547,0.0,2,Success,Purchase,Surabaya,INR,False
TXN-20240126-0003640,WALL-0132966,MERCH-00299,PM-01,DEV-01,2024-01-26 21:55:33,2981.53,0.0,238.5222,596,Success,Purchase,Siem Reap,KHR,False
TXN-20240126-0003641,WALL-0069255,MERCH-00365,PM-01,DEV-03,2024-01-26 19:47:36,39.42,0.0,0.0,3,Success,Bill Payment,Pathein,MMK,False
TXN-20240126-0003642,WALL-0012963,MERCH-00197,PM-01,DEV-01,2024-01-26 18:31:39,7.1,0.0,0.0,0,Success,Purchase,Bago,PHP,False
TXN-20240126-0003643,WALL-0033162,MERCH-00031,PM-01,DEV-05,2024-01-26 23:06:14,27.21,0.0,0.5442,2,Success,Purchase,Pathein,MMK,False
TXN-20240126-0003644,WALL-0105279,MERCH-00309,PM-01,DEV-01,2024-01-26 13:02:24,1652.49,0.0,132.1992,330,Success,Purchase,Pune,INR,False
TXN-20240126-0003645,WALL-0111399,MERCH-00336,PM-01,DEV-01,2024-01-26 06:57:56,31.41,0.0,0.0,3,Success,Bill Payment,Bandung,THB,False
TXN-20240126-0003646,WALL-0104502,MERCH-00222,PM-01,DEV-01,2024-01-26 21:18:07,8.38,0.0,0.0,0,Success,Purchase,Jaipur,THB,False
TXN-20240126-0003647,WALL-0121848,MERCH-00289,PM-01,DEV-03,2024-01-26 19:14:47,891.55,0.0,0.0,0,Pending,Purchase,Pathein,MMK,False
TXN-20240126-0003648,WALL-0069284,MERCH-00358,PM-01,DEV-01,2024-01-26 21:15:52,42.09,0.0,0.0,4,Success,Bill Payment,Kolkata,INR,False
TXN-20240126-0003649,WALL-0124991,MERCH-00008,PM-02,DEV-01,2024-01-26 08:27:07,35.59,0.0712,0.7118,3,Success,Purchase,Da Nang,VND,False
TXN-20240126-0003650,WALL-0098471,MERCH-00054,PM-02,DEV-03,2024-01-26 13:33:09,10.72,0.0214,0.2143,1,Success,Purchase,Khon Kaen,THB,False
TXN-20240126-0003651,WALL-0004316,MERCH-00382,PM-01,DEV-01,2024-01-26 18:45:25,51.32,0.0,0.0,5,Success,Purchase,Pathein,MMK,False
TXN-20240126-0003652,WALL-0073255,MERCH-00258,PM-03,DEV-01,2024-01-26 17:11:15,19.14,0.1531,0.0,1,Success,Subscription,Naypyidaw,IDR,False
TXN-20240126-0003653,WALL-0061283,MERCH-00130,PM-03,DEV-01,2024-01-26 09:40:34,35.34,0.2827,0.0,3,Success,Purchase,Jakarta,IDR,False
TXN-20240126-0003654,WALL-0108243,MERCH-00195,PM-01,DEV-01,2024-01-26 09:07:12,14.57,0.0,0.0,1,Success,Purchase,Bali,IDR,False
TXN-20240126-0003655,WALL-0030882,MERCH-00381,PM-01,DEV-01,2024-01-26 15:48:46,21.07,0.0,0.0,2,Success,Purchase,Ho Chi Minh City,VND,False
TXN-20240126-0003656,WALL-0087713,MERCH-00268,PM-05,DEV-01,2024-01-26 20:10:24,18.71,0.0,0.0,1,Success,Subscription,Kandy,LKR,False
TXN-20240126-0003657,WALL-0032452,MERCH-00366,PM-05,DEV-01,2024-01-26 10:47:51,34.61,0.0,0.0,3,Success,Bill Payment,Myitkyina,MMK,False
TXN-20240126-0003658,WALL-0010288,MERCH-00398,PM-01,DEV-01,2024-01-26 06:36:51,33.38,0.0,0.0,3,Success,Purchase,Kolkata,INR,False
TXN-20240126-0003659,WALL-0074657,MERCH-00447,PM-03,DEV-01,2024-01-26 09:04:40,165.62,1.3249,0.0,16,Success,Tax Payment,Karachi,PKR,False
TXN-20240126-0003660,WALL-0146433,MERCH-00427,PM-01,DEV-05,2024-01-26 11:40:34,73.03,0.0,0.0,7,Success,Payment,Myitkyina,MMK,False
TXN-20240126-0003661,WALL-0077284,MERCH-00305,PM-03,DEV-03,2024-01-26 18:26:35,512.61,4.1009,41.0087,102,Success,Purchase,Davao,PHP,False
TXN-20240126-0003662,WALL-0135680,MERCH-00078,PM-03,DEV-03,2024-01-26 19:52:26,10.9,0.0872,0.218,1,Success,Purchase,Bangkok,THB,False
TXN-20240126-0003663,WALL-0019211,MERCH-00061,PM-02,DEV-02,2024-01-26 12:23:02,11.33,0.0227,0.2266,1,Success,Purchase,Bali,IDR,False
TXN-20240126-0003664,WALL-0055984,MERCH-00117,PM-02,DEV-01,2024-01-26 15:03:02,131.97,0.2639,0.0,13,Success,Purchase,Taunggyi,MMK,False
TXN-20240126-0003665,WALL-0083279,MERCH-00107,PM-04,DEV-01,2024-01-26 00:43:22,97.66,1.9532,0.0,9,Success,Purchase,Medan,IDR,False
TXN-20240126-0003666,WALL-0076169,MERCH-00354,PM-02,DEV-01,2024-01-26 18:01:20,74.64,0.1493,0.0,7,Success,Bill Payment,Khon Kaen,INR,False
TXN-20240126-0003667,WALL-0138995,MERCH-00015,PM-01,DEV-01,2024-01-26 07:02:51,7.58,0.0,0.1515,0,Success,Purchase,Mawlamyine,MMK,False
TXN-20240126-0003668,WALL-0127074,MERCH-00154,PM-01,DEV-01,2024-01-26 01:01:43,37.14,0.0,1.8571,3,Success,Purchase,Hyderabad,INR,False
TXN-20240126-0003669,WALL-0106135,MERCH-00427,PM-04,DEV-01,2024-01-26 16:58:35,25.25,0.505,0.0,2,Success,Payment,Mandalay,MMK,False
TXN-20240126-0003670,WALL-0058064,MERCH-00082,PM-05,DEV-03,2024-01-26 17:13:48,93.19,0.0,0.0,9,Success,Purchase,Jaipur,INR,False
TXN-20240126-0003671,WALL-0072820,MERCH-00265,PM-01,DEV-04,2024-01-26 14:33:41,15.35,0.0,0.0,1,Success,Subscription,Mandalay,MMK,False
TXN-20240126-0003672,WALL-0091307,MERCH-00341,PM-02,DEV-01,2024-01-26 18:44:47,21.28,0.0426,0.0,0,Failed,Bill Payment,Pattaya,THB,False
TXN-20240126-0003673,WALL-0128576,MERCH-00399,PM-05,DEV-01,2024-01-26 17:20:36,33.49,0.0,0.0,3,Success,Purchase,Pune,INR,False
TXN-20240126-0003674,WALL-0089362,MERCH-00038,PM-01,DEV-02,2024-01-26 20:17:13,17.65,0.0,0.3531,1,Success,Purchase,Ahmedabad,INR,False
TXN-20240126-0003675,WALL-0054520,MERCH-00374,PM-01,DEV-03,2024-01-26 17:16:10,112.15,0.0,0.0,11,Success,Purchase,Siem Reap,KHR,False
TXN-20240126-0003676,WALL-0017986,MERCH-00287,PM-04,DEV-01,2024-01-26 06:07:57,705.0,14.1,56.3999,140,Success,Purchase,Singapore,SGD,False
TXN-20240126-0003677,WALL-0139607,MERCH-00044,PM-05,DEV-02,2024-01-26 09:07:04,11.78,0.0,0.2357,1,Success,Purchase,Medan,IDR,False
TXN-20240126-0003678,WALL-0051202,MERCH-00005,PM-03,DEV-01,2024-01-26 17:41:28,41.65,0.3332,0.0,0,Reversed,Purchase,Hanoi,VND,False
TXN-20240126-0003679,WALL-0061931,MERCH-00117,PM-01,DEV-02,2024-01-26 10:41:35,29.01,0.0,0.0,2,Success,Purchase,Colombo,LKR,False
TXN-20240126-0003680,WALL-0126217,MERCH-00201,PM-01,DEV-01,2024-01-26 14:31:50,15.29,0.0,0.0,1,Success,Purchase,Myitkyina,LKR,False
TXN-20240126-0003681,WALL-0029797,MERCH-00042,PM-01,DEV-01,2024-01-26 12:11:58,8.7,0.0,0.174,0,Success,Purchase,Davao,KHR,False
TXN-20240126-0003682,WALL-0059199,MERCH-00149,PM-01,DEV-03,2024-01-26 06:22:09,88.44,0.0,4.422,8,Success,Purchase,Surabaya,IDR,False
TXN-20240126-0003683,WALL-0103571,MERCH-00116,PM-01,DEV-02,2024-01-26 14:36:26,53.49,0.0,0.0,5,Success,Purchase,Naypyidaw,MMK,False
TXN-20240126-0003684,WALL-0135754,MERCH-00351,PM-01,DEV-02,2024-01-26 18:26:25,42.68,0.0,0.0,4,Success,Bill Payment,Chittagong,BDT,False
TXN-20240126-0003685,WALL-0023907,MERCH-00432,PM-01,DEV-01,2024-01-26 21:57:06,65.8,0.0,0.0,6,Success,Tax Payment,Bangalore,INR,False
TXN-20240126-0003686,WALL-0027578,MERCH-00049,PM-01,DEV-03,2024-01-26 12:30:39,11.86,0.0,0.2372,1,Success,Purchase,Surabaya,IDR,False
TXN-20240126-0003687,WALL-0108510,MERCH-00339,PM-01,DEV-03,2024-01-26 14:20:08,26.89,0.0,0.0,2,Success,Bill Payment,Pokhara,NPR,False
TXN-20240126-0003688,WALL-0113509,MERCH-00300,PM-02,DEV-01,2024-01-26 13:46:13,255.77,0.5115,20.4619,51,Success,Purchase,Naypyidaw,MMK,False
TXN-20240126-0003689,WALL-0071957,MERCH-00337,PM-01,DEV-02,2024-01-26 18:23:22,43.54,0.0,0.0,4,Success,Bill Payment,Taunggyi,MMK,False
TXN-20240126-0003690,WALL-0037297,MERCH-00076,PM-01,DEV-04,2024-01-26 18:12:17,16.45,0.0,0.329,1,Success,Purchase,Mandalay,MMK,False
TXN-20240126-0003691,WALL-0026761,MERCH-00448,PM-01,DEV-03,2024-01-26 10:29:49,272.81,0.0,0.0,27,Success,Tax Payment,Chittagong,PKR,False
TXN-20240126-0003692,WALL-0010188,MERCH-00029,PM-01,DEV-01,2024-01-26 05:29:34,22.56,0.0,0.4512,2,Success,Purchase,Naypyidaw,MMK,False
TXN-20240126-0003693,WALL-0043366,MERCH-00162,PM-02,DEV-01,2024-01-26 06:29:40,121.74,0.2435,6.0872,12,Success,Purchase,Naypyidaw,MMK,False
TXN-20240126-0003694,WALL-0055858,MERCH-00073,PM-04,DEV-01,2024-01-26 20:28:54,19.4,0.388,0.388,1,Success,Purchase,Jakarta,LKR,False
TXN-20240126-0003695,WALL-0010037,MERCH-00442,PM-03,DEV-01,2024-01-26 20:35:47,282.91,2.2633,0.0,0,Failed,Tax Payment,Mandalay,MMK,False
TXN-20240126-0003696,WALL-0147924,MERCH-00254,PM-04,DEV-01,2024-01-26 14:56:16,7.19,0.1438,0.0,0,Success,Subscription,Kathmandu,NPR,False
TXN-20240126-0003697,WALL-0042328,MERCH-00431,PM-01,DEV-01,2024-01-26 10:44:13,271.52,0.0,0.0,0,Failed,Tax Payment,Siem Reap,KHR,False
TXN-20240126-0003698,WALL-0045319,MERCH-00385,PM-01,DEV-05,2024-01-26 14:51:13,62.72,0.0,0.0,6,Success,Purchase,Jaipur,INR,False
TXN-20240126-0003699,WALL-0044202,MERCH-00039,PM-03,DEV-02,2024-01-26 14:43:07,12.2,0.0976,0.0,0,Reversed,Purchase,Ahmedabad,INR,False
TXN-20240126-0003700,WALL-0076919,MERCH-00069,PM-01,DEV-01,2024-01-26 21:44:36,69.11,0.0,1.3822,6,Success,Purchase,Naypyidaw,MMK,False
TXN-20240126-0003701,WALL-0143154,MERCH-00069,PM-01,DEV-02,2024-01-26 20:28:24,16.7,0.0,0.334,1,Success,Purchase,Singapore,SGD,False
TXN-20240126-0003702,WALL-0141477,MERCH-00127,PM-01,DEV-01,2024-01-26 23:41:14,33.2,0.0,0.0,3,Success,Purchase,Naypyidaw,MMK,False
TXN-20240126-0003703,WALL-0035587,MERCH-00056,PM-02,DEV-01,2024-01-26 07:30:03,9.33,0.0187,0.1866,0,Success,Purchase,Myitkyina,MMK,False
TXN-20240126-0003704,WALL-0054658,MERCH-00075,PM-01,DEV-03,2024-01-26 21:46:39,10.01,0.0,0.2002,1,Success,Purchase,Pathein,MMK,False
TXN-20240126-0003705,WALL-0060714,MERCH-00164,PM-01,DEV-02,2024-01-26 18:34:52,112.76,0.0,5.6381,11,Success,Purchase,Jaipur,INR,False
TXN-20240126-0003706,WALL-0130233,MERCH-00413,PM-01,DEV-01,2024-01-26 12:54:45,75.87,0.0,0.0,7,Success,Payment,Da Nang,MMK,False
TXN-20240126-0003707,WALL-0129282,MERCH-00101,PM-03,DEV-01,2024-01-26 18:46:08,120.51,0.9641,0.0,12,Success,Purchase,Pathein,MMK,False
TXN-20240126-0003708,WALL-0114406,MERCH-00079,PM-04,DEV-03,2024-01-26 23:32:40,30.97,0.6194,0.6194,3,Success,Purchase,Bandung,IDR,False
TXN-20240126-0003709,WALL-0011146,MERCH-00206,PM-01,DEV-01,2024-01-26 14:57:14,9.29,0.0,0.0,0,Success,Purchase,Mawlamyine,MMK,False
TXN-20240126-0003710,WALL-0036386,MERCH-00428,PM-02,DEV-02,2024-01-26 18:29:09,104.0,0.208,0.0,10,Success,Payment,Da Nang,VND,False
TXN-20240126-0003711,WALL-0059763,MERCH-00166,PM-01,DEV-01,2024-01-26 14:45:22,242.53,0.0,12.1264,24,Success,Purchase,Bago,MMK,False
TXN-20240126-0003712,WALL-0048452,MERCH-00441,PM-01,DEV-01,2024-01-26 06:32:30,340.17,0.0,0.0,34,Success,Tax Payment,Phuket,THB,False
TXN-20240126-0003713,WALL-0137121,MERCH-00006,PM-01,DEV-01,2024-01-26 16:44:00,29.54,0.0,0.5909,2,Success,Purchase,Taunggyi,INR,False
TXN-20240126-0003714,WALL-0124700,MERCH-00211,PM-04,DEV-01,2024-01-26 20:56:22,8.26,0.1652,0.0,0,Success,Purchase,Bago,MMK,False
TXN-20240126-0003715,WALL-0146371,MERCH-00083,PM-01,DEV-01,2024-01-26 15:29:21,38.1,0.0,0.0,3,Success,Purchase,Chiang Mai,THB,False
TXN-20240126-0003716,WALL-0091143,MERCH-00371,PM-01,DEV-03,2024-01-26 06:02:31,27.45,0.0,0.0,2,Success,Purchase,Davao,PHP,False
TXN-20240126-0003717,WALL-0126311,MERCH-00034,PM-01,DEV-01,2024-01-26 23:47:20,37.69,0.0,0.7539,3,Success,Purchase,Ho Chi Minh City,VND,True
TXN-20240126-0003718,WALL-0147116,MERCH-00248,PM-05,DEV-02,2024-01-26 15:46:21,18.81,0.0,0.0,1,Success,Subscription,Kandy,LKR,False
TXN-20240126-0003719,WALL-0016324,MERCH-00395,PM-04,DEV-01,2024-01-26 22:25:06,51.67,1.0333,0.0,5,Success,Purchase,Delhi,INR,False
TXN-20240126-0003720,WALL-0096090,MERCH-00254,PM-04,DEV-03,2024-01-26 12:51:14,11.86,0.2373,0.0,1,Success,Subscription,Pathein,MMK,False
TXN-20240126-0003721,WALL-0037067,MERCH-00392,PM-01,DEV-03,2024-01-26 14:17:42,49.87,0.0,0.0,4,Success,Purchase,Hanoi,VND,False
TXN-20240126-0003722,WALL-0011473,MERCH-00377,PM-01,DEV-03,2024-01-26 14:00:02,71.41,0.0,0.0,7,Success,Purchase,Islamabad,PKR,False
TXN-20240126-0003723,WALL-0058691,MERCH-00184,PM-01,DEV-01,2024-01-26 04:39:52,25.58,0.0,1.2792,2,Success,Purchase,Kolkata,INR,False
TXN-20240126-0003724,WALL-0011138,MERCH-00411,PM-03,DEV-01,2024-01-26 15:08:08,102.4,0.8192,0.0,0,Failed,Payment,Hanoi,VND,False
TXN-20240126-0003725,WALL-0085399,MERCH-00112,PM-01,DEV-03,2024-01-26 14:38:10,24.1,0.0,0.0,2,Success,Purchase,Jakarta,LKR,False
TXN-20240126-0003726,WALL-0130220,MERCH-00083,PM-04,DEV-01,2024-01-26 16:46:20,90.18,1.8036,0.0,9,Success,Purchase,Taunggyi,MMK,False
TXN-20240126-0003727,WALL-0041191,MERCH-00411,PM-01,DEV-04,2024-01-26 10:35:20,70.9,0.0,0.0,7,Success,Payment,Mawlamyine,MMK,False
TXN-20240126-0003728,WALL-0035155,MERCH-00437,PM-02,DEV-04,2024-01-26 06:59:50,1005.83,2.0117,0.0,100,Success,Tax Payment,Davao,PHP,False
TXN-20240126-0003729,WALL-0079305,MERCH-00112,PM-01,DEV-01,2024-01-26 02:29:21,56.88,0.0,0.0,5,Success,Purchase,Kathmandu,MMK,False
TXN-20240126-0003730,WALL-0104705,MERCH-00374,PM-04,DEV-01,2024-01-26 05:26:06,28.16,0.5632,0.0,2,Success,Purchase,Kolkata,MYR,False
TXN-20240126-0003731,WALL-0040316,MERCH-00030,PM-01,DEV-01,2024-01-26 13:23:58,8.04,0.0,0.1607,0,Success,Purchase,Phnom Penh,THB,False
TXN-20240126-0003732,WALL-0140516,MERCH-00402,PM-02,DEV-02,2024-01-26 18:42:56,94.4,0.1888,0.0,9,Success,Payment,Bangalore,INR,False
TXN-20240126-0003733,WALL-0018739,MERCH-00434,PM-01,DEV-01,2024-01-26 13:02:44,64.56,0.0,0.0,6,Success,Tax Payment,Bago,MMK,False
TXN-20240126-0003734,WALL-0127495,MERCH-00325,PM-01,DEV-04,2024-01-26 14:38:29,30.35,0.0,0.0,3,Success,Bill Payment,Hanoi,VND,False
TXN-20240126-0003735,WALL-0141652,MERCH-00223,PM-02,DEV-03,2024-01-26 15:25:10,16.85,0.0337,0.0,1,Success,Purchase,Taunggyi,MMK,False
TXN-20240126-0003736,WALL-0050929,MERCH-00076,PM-01,DEV-01,2024-01-26 20:35:31,16.68,0.0,0.3336,1,Success,Purchase,Yangon,MMK,False
TXN-20240126-0003737,WALL-0062454,MERCH-00488,PM-01,DEV-05,2024-01-26 15:31:36,56.35,0.0,0.0,5,Success,Payment,Kuala Lumpur,MYR,False
TXN-20240126-0003738,WALL-0048182,MERCH-00355,PM-01,DEV-05,2024-01-26 16:56:17,46.19,0.0,0.0,0,Reversed,Bill Payment,Chiang Mai,THB,False
TXN-20240126-0003739,WALL-0121486,MERCH-00124,PM-04,DEV-01,2024-01-26 17:06:20,44.59,0.8917,0.0,4,Success,Purchase,Bago,MMK,False
TXN-20240126-0003740,WALL-0149319,MERCH-00395,PM-01,DEV-05,2024-01-26 17:07:00,41.74,0.0,0.0,4,Success,Purchase,Siem Reap,KHR,False
TXN-20240126-0003741,WALL-0115612,MERCH-00428,PM-01,DEV-01,2024-01-26 16:28:28,135.9,0.0,0.0,13,Success,Payment,Davao,PHP,False
TXN-20240126-0003742,WALL-0040023,MERCH-00353,PM-05,DEV-01,2024-01-26 16:03:24,118.87,0.0,0.0,11,Success,Bill Payment,Yangon,MMK,False
TXN-20240126-0003743,WALL-0088045,MERCH-00145,PM-02,DEV-04,2024-01-26 21:03:32,20.0,0.04,1.0,2,Success,Purchase,Mawlamyine,MMK,False
TXN-20240126-0003744,WALL-0094341,MERCH-00329,PM-01,DEV-05,2024-01-26 20:59:04,83.44,0.0,0.0,8,Success,Bill Payment,Khon Kaen,THB,False
TXN-20240126-0003745,WALL-0120052,MERCH-00093,PM-03,DEV-01,2024-01-26 16:11:50,184.74,1.4779,0.0,18,Success,Purchase,Bangkok,THB,False
TXN-20240126-0003746,WALL-0080112,MERCH-00195,PM-02,DEV-01,2024-01-26 19:48:08,11.4,0.0228,0.0,1,Success,Purchase,Siem Reap,KHR,False
TXN-20240126-0003747,WALL-0117771,MERCH-00217,PM-04,DEV-01,2024-01-26 00:25:42,9.74,0.1949,0.0,0,Success,Purchase,Myitkyina,MMK,False
TXN-20240126-0003748,WALL-0024462,MERCH-00152,PM-02,DEV-02,2024-01-26 17:49:13,146.81,0.2936,7.3405,14,Success,Purchase,Dhaka,BDT,False
TXN-20240126-0003749,WALL-0045849,MERCH-00071,PM-01,DEV-02,2024-01-26 16:08:23,18.88,0.0,0.3776,1,Success,Purchase,Phnom Penh,KHR,False
TXN-20240126-0003750,WALL-0122780,MERCH-00078,PM-05,DEV-04,2024-01-26 04:46:11,12.3,0.0,0.246,1,Success,Purchase,Bali,IDR,False
TXN-20240126-0003751,WALL-0067706,MERCH-00136,PM-01,DEV-01,2024-01-26 18:35:11,575.2,0.0,28.7602,57,Success,Purchase,Surabaya,IDR,False
TXN-20240126-0003752,WALL-0111292,MERCH-00426,PM-03,DEV-01,2024-01-26 11:59:09,26.98,0.2159,0.0,2,Success,Payment,Chennai,INR,False
TXN-20240126-0003753,WALL-0062584,MERCH-00314,PM-02,DEV-03,2024-01-26 17:38:13,119.18,0.2384,0.0,11,Success,Bill Payment,Ho Chi Minh City,VND,False
TXN-20240126-0003754,WALL-0016392,MERCH-00267,PM-01,DEV-01,2024-01-26 16:07:23,25.19,0.0,0.0,2,Success,Subscription,Pathein,MMK,False
TXN-20240126-0003755,WALL-0098406,MERCH-00016,PM-01,DEV-01,2024-01-26 10:19:42,24.19,0.0,0.4838,2,Success,Purchase,Johor Bahru,MYR,False
TXN-20240126-0003756,WALL-0039602,MERCH-00024,PM-04,DEV-03,2024-01-26 20:04:32,28.6,0.5721,0.5721,2,Success,Purchase,Pokhara,NPR,False
TXN-20240126-0003757,WALL-0124181,MERCH-00204,PM-02,DEV-01,2024-01-26 00:17:29,11.24,0.0225,0.0,1,Success,Purchase,Surabaya,IDR,False
TXN-20240126-0003758,WALL-0078520,MERCH-00116,PM-04,DEV-02,2024-01-26 15:18:15,40.46,0.8092,0.0,4,Success,Purchase,Penang,MYR,False
TXN-20240126-0003759,WALL-0063910,MERCH-00441,PM-01,DEV-01,2024-01-26 02:20:00,67.5,0.0,0.0,6,Success,Tax Payment,Pathein,MMK,False
TXN-20240126-0003760,WALL-0021582,MERCH-00433,PM-04,DEV-01,2024-01-26 20:58:11,170.3,3.406,0.0,17,Success,Tax Payment,Jaipur,MMK,False
TXN-20240126-0003761,WALL-0020663,MERCH-00053,PM-02,DEV-02,2024-01-26 12:33:58,59.4,0.1188,1.188,5,Success,Purchase,Johor Bahru,KHR,False
TXN-20240126-0003762,WALL-0028772,MERCH-00085,PM-01,DEV-02,2024-01-26 15:22:46,78.3,0.0,0.0,7,Success,Purchase,Islamabad,PKR,False
TXN-20240126-0003763,WALL-0103357,MERCH-00393,PM-04,DEV-01,2024-01-26 16:38:24,28.83,0.5765,0.0,2,Success,Purchase,Jaipur,INR,False
TXN-20240126-0003764,WALL-0054207,MERCH-00321,PM-01,DEV-01,2024-01-26 16:37:29,243.16,0.0,0.0,24,Success,Bill Payment,Jakarta,IDR,False
TXN-20240126-0003765,WALL-0068171,MERCH-00245,PM-02,DEV-01,2024-01-26 15:27:17,14.79,0.0296,0.0,1,Success,Subscription,Naypyidaw,MMK,False
TXN-20240126-0003766,WALL-0062076,MERCH-00430,PM-01,DEV-01,2024-01-26 01:49:18,76.54,0.0,0.0,7,Success,Payment,Yangon,MMK,False
TXN-20240126-0003767,WALL-0029505,MERCH-00098,PM-01,DEV-01,2024-01-26 21:49:50,65.61,0.0,0.0,6,Success,Purchase,Taunggyi,MMK,False
TXN-20240126-0003768,WALL-0134718,MERCH-00027,PM-02,DEV-05,2024-01-26 09:07:14,5.56,0.0111,0.1111,0,Success,Purchase,Jaipur,INR,False
TXN-20240126-0003769,WALL-0096381,MERCH-00452,PM-01,DEV-01,2024-01-26 21:06:44,379.72,0.0,0.0,37,Success,Payment,Mawlamyine,MMK,False
TXN-20240126-0003770,WALL-0093171,MERCH-00120,PM-01,DEV-03,2024-01-26 19:24:02,19.4,0.0,0.0,1,Success,Purchase,Quezon City,PHP,False
TXN-20240126-0003771,WALL-0007352,MERCH-00003,PM-01,DEV-01,2024-01-26 13:00:48,7.92,0.0,0.1584,0,Success,Purchase,Bangalore,NPR,False
TXN-20240126-0003772,WALL-0085229,MERCH-00092,PM-01,DEV-01,2024-01-26 10:26:52,24.13,0.0,0.0,2,Success,Purchase,Chittagong,BDT,False
TXN-20240126-0003773,WALL-0010367,MERCH-00039,PM-03,DEV-02,2024-01-26 21:33:47,23.2,0.1856,0.464,2,Success,Purchase,Phnom Penh,KHR,False
TXN-20240126-0003774,WALL-0065239,MERCH-00089,PM-01,DEV-03,2024-01-26 21:46:49,40.8,0.0,0.0,4,Success,Purchase,Naypyidaw,MMK,False
TXN-20240126-0003775,WALL-0019424,MERCH-00078,PM-01,DEV-01,2024-01-26 20:41:52,18.26,0.0,0.3652,1,Success,Purchase,Mandalay,MMK,False
TXN-20240126-0003776,WALL-0040409,MERCH-00136,PM-04,DEV-03,2024-01-26 19:17:57,64.79,1.2959,3.2397,6,Success,Purchase,Karachi,PKR,False
TXN-20240126-0003777,WALL-0123109,MERCH-00010,PM-02,DEV-01,2024-01-26 13:26:49,31.07,0.0621,0.6213,3,Success,Purchase,Mawlamyine,MMK,False
TXN-20240126-0003778,WALL-0056133,MERCH-00160,PM-02,DEV-02,2024-01-26 12:10:29,145.4,0.2908,7.2702,14,Success,Purchase,Ahmedabad,INR,False
TXN-20240126-0003779,WALL-0059961,MERCH-00174,PM-01,DEV-04,2024-01-26 06:56:51,37.25,0.0,1.8625,3,Success,Purchase,Pathein,MMK,False
TXN-20240126-0003780,WALL-0042228,MERCH-00325,PM-01,DEV-01,2024-01-26 08:00:37,35.56,0.0,0.0,3,Success,Bill Payment,Bangalore,NPR,False
TXN-20240126-0003781,WALL-0029374,MERCH-00001,PM-03,DEV-01,2024-01-26 19:46:41,37.81,0.3025,0.0,0,Reversed,Purchase,Cebu City,PHP,False
TXN-20240126-0003782,WALL-0032125,MERCH-00385,PM-03,DEV-01,2024-01-26 17:33:03,70.5,0.564,0.0,7,Success,Purchase,Surabaya,IDR,False
TXN-20240126-0003783,WALL-0070405,MERCH-00313,PM-01,DEV-01,2024-01-26 12:38:23,152.78,0.0,0.0,15,Success,Bill Payment,Taunggyi,MMK,False
TXN-20240126-0003784,WALL-0115992,MERCH-00317,PM-01,DEV-01,2024-01-26 12:38:51,239.68,0.0,0.0,0,Pending,Bill Payment,Pokhara,NPR,False
TXN-20240126-0003785,WALL-0048786,MERCH-00052,PM-03,DEV-01,2024-01-26 03:16:03,11.08,0.0886,0.2216,1,Success,Purchase,Khon Kaen,IDR,False
TXN-20240126-0003786,WALL-0029870,MERCH-00070,PM-01,DEV-05,2024-01-26 18:11:50,8.34,0.0,0.1668,0,Success,Purchase,Pattaya,THB,False
TXN-20240126-0003787,WALL-0011039,MERCH-00052,PM-02,DEV-01,2024-01-26 19:20:44,24.81,0.0496,0.4961,2,Success,Purchase,Singapore,SGD,False
TXN-20240126-0003788,WALL-0117835,MERCH-00328,PM-01,DEV-01,2024-01-26 21:32:00,78.16,0.0,0.0,7,Success,Bill Payment,Yangon,BDT,False
TXN-20240126-0003789,WALL-0141719,MERCH-00464,PM-04,DEV-01,2024-01-26 18:50:30,2376.82,47.5365,0.0,237,Success,Payment,Pathein,MMK,False
TXN-20240126-0003790,WALL-0139327,MERCH-00126,PM-03,DEV-01,2024-01-26 13:03:38,29.32,0.2346,0.0,2,Success,Purchase,Yangon,MMK,False
TXN-20240126-0003791,WALL-0036956,MERCH-00005,PM-04,DEV-03,2024-01-26 19:10:48,25.4,0.508,0.508,2,Success,Purchase,Myitkyina,INR,False
TXN-20240126-0003792,WALL-0087639,MERCH-00068,PM-02,DEV-01,2024-01-26 19:57:05,8.38,0.0168,0.1676,0,Success,Purchase,Taunggyi,MMK,False
TXN-20240126-0003793,WALL-0100675,MERCH-00322,PM-01,DEV-03,2024-01-26 04:08:44,154.69,0.0,0.0,15,Success,Bill Payment,Karachi,PKR,False
TXN-20240126-0003794,WALL-0053743,MERCH-00228,PM-01,DEV-01,2024-01-26 20:00:00,5.02,0.0,0.0,0,Success,Purchase,Taunggyi,MMK,False
TXN-20240126-0003795,WALL-0125257,MERCH-00159,PM-01,DEV-01,2024-01-26 11:22:46,85.19,0.0,4.2594,8,Success,Purchase,Chennai,INR,False
TXN-20240126-0003796,WALL-0121081,MERCH-00031,PM-02,DEV-01,2024-01-26 17:25:25,36.87,0.0737,0.7373,3,Success,Purchase,Chiang Mai,THB,False
TXN-20240126-0003797,WALL-0127722,MERCH-00051,PM-02,DEV-02,2024-01-26 20:46:12,13.48,0.027,0.2696,1,Success,Purchase,Surabaya,PHP,False
TXN-20240126-0003798,WALL-0011622,MERCH-00016,PM-05,DEV-01,2024-01-26 01:20:15,21.8,0.0,0.4361,2,Success,Purchase,Khon Kaen,THB,False
TXN-20240126-0003799,WALL-0039953,MERCH-00179,PM-01,DEV-01,2024-01-26 06:34:54,59.28,0.0,2.9642,5,Success,Purchase,Pune,INR,False
TXN-20240126-0003800,WALL-0038701,MERCH-00267,PM-05,DEV-03,2024-01-26 16:06:06,12.94,0.0,0.0,1,Success,Subscription,Penang,MYR,False
TXN-20240126-0003801,WALL-0073215,MERCH-00249,PM-04,DEV-01,2024-01-26 08:38:45,46.16,0.9232,0.0,4,Success,Subscription,Myitkyina,MMK,False
TXN-20240126-0003802,WALL-0076650,MERCH-00372,PM-01,DEV-01,2024-01-26 07:00:21,57.29,0.0,0.0,5,Success,Purchase,Medan,IDR,False
TXN-20240126-0003803,WALL-0049656,MERCH-00198,PM-01,DEV-01,2024-01-26 10:37:30,15.5,0.0,0.0,1,Success,Purchase,Yangon,MMK,False
TXN-20240126-0003804,WALL-0007209,MERCH-00179,PM-01,DEV-04,2024-01-26 13:04:42,66.45,0.0,3.3226,6,Success,Purchase,Khon Kaen,THB,False
TXN-20240126-0003805,WALL-0135976,MERCH-00365,PM-02,DEV-01,2024-01-26 13:17:58,47.48,0.095,0.0,4,Success,Bill Payment,Pathein,MMK,False
TXN-20240126-0003806,WALL-0054051,MERCH-00018,PM-02,DEV-01,2024-01-26 04:36:25,16.73,0.0335,0.3346,1,Success,Purchase,Mawlamyine,MMK,False
TXN-20240126-0003807,WALL-0129110,MERCH-00026,PM-04,DEV-01,2024-01-26 11:02:22,13.44,0.2688,0.2688,1,Success,Purchase,Bandung,THB,False
TXN-20240126-0003808,WALL-0068481,MERCH-00085,PM-01,DEV-01,2024-01-26 12:14:26,54.42,0.0,0.0,5,Success,Purchase,Bago,MMK,False
TXN-20240126-0003809,WALL-0110264,MERCH-00383,PM-04,DEV-02,2024-01-26 09:57:49,71.4,1.4279,0.0,7,Success,Purchase,Delhi,INR,False
TXN-20240126-0003810,WALL-0111643,MERCH-00377,PM-01,DEV-01,2024-01-26 11:20:13,108.34,0.0,0.0,10,Success,Purchase,Bangalore,INR,False
TXN-20240126-0003811,WALL-0135622,MERCH-00325,PM-02,DEV-01,2024-01-26 10:34:33,60.38,0.1208,0.0,6,Success,Bill Payment,Mandalay,MMK,False
TXN-20240126-0003812,WALL-0111976,MERCH-00126,PM-01,DEV-03,2024-01-26 08:22:55,110.15,0.0,0.0,11,Success,Purchase,Naypyidaw,MMK,False
TXN-20240126-0003813,WALL-0116639,MERCH-00053,PM-02,DEV-03,2024-01-26 18:01:41,10.97,0.0219,0.2193,1,Success,Purchase,Da Nang,VND,False
TXN-20240126-0003814,WALL-0114966,MERCH-00395,PM-05,DEV-03,2024-01-26 15:32:03,41.14,0.0,0.0,0,Reversed,Purchase,Pokhara,MYR,False
TXN-20240126-0003815,WALL-0086157,MERCH-00161,PM-04,DEV-02,2024-01-26 11:02:04,167.27,3.3453,8.3633,16,Success,Purchase,Surabaya,IDR,False
TXN-20240126-0003816,WALL-0062415,MERCH-00019,PM-05,DEV-02,2024-01-26 08:49:02,28.23,0.0,0.5646,2,Success,Purchase,Bago,MMK,False
TXN-20240126-0003817,WALL-0143052,MERCH-00480,PM-03,DEV-01,2024-01-26 14:05:32,632.86,5.0629,0.0,63,Success,Payment,Manila,PHP,False
TXN-20240126-0003818,WALL-0067707,MERCH-00053,PM-02,DEV-03,2024-01-26 13:23:34,34.44,0.0689,0.6889,3,Success,Purchase,Phnom Penh,KHR,False
TXN-20240126-0003819,WALL-0030975,MERCH-00265,PM-02,DEV-01,2024-01-26 12:20:48,5.0,0.01,0.0,0,Success,Subscription,Colombo,LKR,False
TXN-20240126-0003820,WALL-0129452,MERCH-00211,PM-02,DEV-01,2024-01-26 15:44:59,25.58,0.0512,0.0,2,Success,Purchase,Da Nang,VND,False
TXN-20240126-0003821,WALL-0132712,MERCH-00096,PM-03,DEV-01,2024-01-26 08:36:05,138.95,1.1116,0.0,13,Success,Purchase,Bali,IDR,False
TXN-20240126-0003822,WALL-0102412,MERCH-00161,PM-02,DEV-01,2024-01-26 05:28:14,89.1,0.1782,4.4548,8,Success,Purchase,Johor Bahru,MYR,False
TXN-20240126-0003823,WALL-0098962,MERCH-00332,PM-03,DEV-02,2024-01-26 18:32:38,176.77,1.4141,0.0,17,Success,Bill Payment,Medan,PHP,False
TXN-20240126-0003824,WALL-0089233,MERCH-00415,PM-03,DEV-03,2024-01-26 22:25:44,45.62,0.365,0.0,4,Success,Payment,Bago,MMK,False
TXN-20240126-0003825,WALL-0114118,MERCH-00168,PM-03,DEV-05,2024-01-26 16:27:31,101.24,0.8099,5.0622,10,Success,Purchase,Da Nang,MMK,False
TXN-20240126-0003826,WALL-0090954,MERCH-00005,PM-05,DEV-01,2024-01-26 20:03:05,7.1,0.0,0.142,0,Success,Purchase,Da Nang,MMK,False
TXN-20240126-0003827,WALL-0002781,MERCH-00185,PM-04,DEV-01,2024-01-26 15:33:50,945.91,18.9181,47.2953,94,Success,Purchase,Naypyidaw,MMK,False
TXN-20240126-0003828,WALL-0081827,MERCH-00321,PM-02,DEV-02,2024-01-26 09:46:53,105.71,0.2114,0.0,10,Success,Bill Payment,Mawlamyine,MMK,False
TXN-20240126-0003829,WALL-0000186,MERCH-00297,PM-03,DEV-01,2024-01-26 12:01:22,775.73,6.2058,62.0581,155,Success,Purchase,Mumbai,INR,False
TXN-20240126-0003830,WALL-0135207,MERCH-00037,PM-02,DEV-03,2024-01-26 18:12:22,7.69,0.0154,0.1539,0,Success,Purchase,Kandy,LKR,False
TXN-20240126-0003831,WALL-0110169,MERCH-00387,PM-01,DEV-02,2024-01-26 12:10:55,92.81,0.0,0.0,9,Success,Purchase,Phuket,THB,False
TXN-20240126-0003832,WALL-0121704,MERCH-00057,PM-05,DEV-04,2024-01-26 10:49:25,15.81,0.0,0.3163,1,Success,Purchase,Bago,MMK,False
TXN-20240126-0003833,WALL-0074014,MERCH-00017,PM-01,DEV-01,2024-01-26 20:38:19,8.14,0.0,0.1627,0,Success,Purchase,Chiang Mai,THB,False
TXN-20240126-0003834,WALL-0047273,MERCH-00372,PM-01,DEV-01,2024-01-26 16:59:37,67.73,0.0,0.0,6,Success,Purchase,Singapore,SGD,False
TXN-20240126-0003835,WALL-0143376,MERCH-00001,PM-01,DEV-03,2024-01-26 13:02:50,21.75,0.0,0.0,0,Pending,Purchase,Siem Reap,KHR,False
TXN-20240126-0003836,WALL-0116451,MERCH-00319,PM-02,DEV-02,2024-01-26 10:35:43,74.87,0.1497,0.0,7,Success,Bill Payment,Mandalay,MMK,False
TXN-20240126-0003837,WALL-0015641,MERCH-00348,PM-02,DEV-01,2024-01-26 14:17:50,27.2,0.0544,0.0,2,Success,Bill Payment,Chiang Mai,THB,False
TXN-20240126-0003838,WALL-0147383,MERCH-00405,PM-03,DEV-01,2024-01-26 04:58:39,24.18,0.1934,0.0,2,Success,Payment,Hanoi,MMK,False
TXN-20240126-0003839,WALL-0002065,MERCH-00089,PM-01,DEV-01,2024-01-26 07:29:42,34.09,0.0,0.0,0,Pending,Purchase,Pune,INR,False
TXN-20240126-0003840,WALL-0122380,MERCH-00297,PM-02,DEV-03,2024-01-26 06:23:39,149.4,0.2988,11.9517,29,Success,Purchase,Pathein,MMK,False
TXN-20240126-0003841,WALL-0125150,MERCH-00028,PM-02,DEV-01,2024-01-26 07:32:03,6.91,0.0138,0.1382,0,Success,Purchase,Pathein,MMK,False
TXN-20240126-0003842,WALL-0101763,MERCH-00272,PM-02,DEV-02,2024-01-26 15:27:28,256.07,0.5121,20.4852,51,Success,Purchase,Davao,PHP,False
TXN-20240126-0003843,WALL-0072980,MERCH-00196,PM-04,DEV-04,2024-01-26 12:32:57,5.93,0.1187,0.0,0,Success,Purchase,Naypyidaw,MMK,False
TXN-20240126-0003844,WALL-0139305,MERCH-00402,PM-03,DEV-04,2024-01-26 15:43:32,585.38,4.683,0.0,58,Success,Payment,Bangkok,MMK,False
TXN-20240126-0003845,WALL-0045292,MERCH-00270,PM-02,DEV-01,2024-01-26 21:35:39,15.56,0.0311,0.0,1,Success,Subscription,Myitkyina,MMK,False
TXN-20240126-0003846,WALL-0134027,MERCH-00023,PM-03,DEV-02,2024-01-26 16:35:27,9.81,0.0784,0.1961,0,Success,Purchase,Bago,MMK,False
TXN-20240126-0003847,WALL-0121700,MERCH-00206,PM-02,DEV-01,2024-01-26 14:11:14,14.62,0.0292,0.0,1,Success,Purchase,Pattaya,THB,False
TXN-20240126-0003848,WALL-0031669,MERCH-00095,PM-01,DEV-01,2024-01-26 21:19:03,48.88,0.0,0.0,4,Success,Purchase,Taunggyi,MMK,False
TXN-20240126-0003849,WALL-0082032,MERCH-00215,PM-01,DEV-03,2024-01-26 19:25:31,9.43,0.0,0.0,0,Success,Purchase,Lahore,PKR,False
TXN-20240126-0003850,WALL-0100585,MERCH-00473,PM-02,DEV-01,2024-01-26 17:43:12,158.06,0.3161,0.0,15,Success,Payment,Ho Chi Minh City,VND,False
TXN-20240126-0003851,WALL-0079579,MERCH-00430,PM-01,DEV-01,2024-01-26 16:31:36,217.0,0.0,0.0,21,Success,Payment,Quezon City,PHP,False
TXN-20240126-0003852,WALL-0145243,MERCH-00143,PM-04,DEV-03,2024-01-26 07:33:16,40.13,0.8026,2.0065,4,Success,Purchase,Manila,PHP,False
TXN-20240126-0003853,WALL-0011938,MERCH-00022,PM-03,DEV-04,2024-01-26 18:46:46,51.12,0.409,1.0224,5,Success,Purchase,Dhaka,MMK,False
TXN-20240126-0003854,WALL-0030728,MERCH-00266,PM-04,DEV-01,2024-01-26 14:54:00,5.72,0.1143,0.0,0,Success,Subscription,Jakarta,IDR,False
TXN-20240126-0003855,WALL-0108414,MERCH-00117,PM-02,DEV-05,2024-01-26 14:53:37,70.88,0.1418,0.0,7,Success,Purchase,Chennai,INR,False
TXN-20240126-0003856,WALL-0031563,MERCH-00416,PM-01,DEV-03,2024-01-26 18:33:01,20.0,0.0,0.0,2,Success,Payment,Delhi,INR,False
TXN-20240126-0003857,WALL-0069277,MERCH-00103,PM-02,DEV-05,2024-01-26 21:03:04,42.79,0.0856,0.0,4,Success,Purchase,Pokhara,NPR,False
TXN-20240126-0003858,WALL-0140974,MERCH-00404,PM-03,DEV-01,2024-01-26 17:25:47,270.71,2.1656,0.0,27,Success,Payment,Singapore,SGD,False
TXN-20240126-0003859,WALL-0050567,MERCH-00387,PM-03,DEV-02,2024-01-26 18:19:55,46.72,0.3738,0.0,4,Success,Purchase,Pathein,MMK,False
TXN-20240126-0003860,WALL-0021139,MERCH-00482,PM-02,DEV-01,2024-01-26 08:40:22,132.11,0.2642,0.0,13,Success,Payment,Bago,MMK,False
TXN-20240126-0003861,WALL-0117825,MERCH-00123,PM-01,DEV-01,2024-01-26 12:48:58,63.89,0.0,0.0,6,Success,Purchase,Naypyidaw,MMK,False
TXN-20240126-0003862,WALL-0071583,MERCH-00219,PM-01,DEV-03,2024-01-26 20:09:54,17.86,0.0,0.0,1,Success,Purchase,Yangon,MMK,False
TXN-20240126-0003863,WALL-0134719,MERCH-00389,PM-03,DEV-04,2024-01-26 07:07:35,37.95,0.3036,0.0,3,Success,Purchase,Naypyidaw,MMK,False
TXN-20240126-0003864,WALL-0030797,MERCH-00290,PM-02,DEV-01,2024-01-26 00:52:17,236.17,0.4723,0.0,0,Failed,Purchase,Jaipur,MMK,False
TXN-20240126-0003865,WALL-0082943,MERCH-00283,PM-02,DEV-05,2024-01-26 12:02:40,244.49,0.489,19.5588,48,Success,Purchase,Davao,PHP,False
TXN-20240126-0003866,WALL-0093279,MERCH-00008,PM-01,DEV-01,2024-01-26 14:58:19,36.52,0.0,0.7303,3,Success,Purchase,Singapore,SGD,False
TXN-20240126-0003867,WALL-0013845,MERCH-00407,PM-04,DEV-03,2024-01-26 14:30:10,416.99,8.3398,0.0,41,Success,Payment,Bago,MMK,False
TXN-20240126-0003868,WALL-0140945,MERCH-00108,PM-04,DEV-04,2024-01-26 07:40:40,60.33,1.2067,0.0,6,Success,Purchase,Manila,MMK,False
TXN-20240126-0003869,WALL-0084972,MERCH-00377,PM-01,DEV-01,2024-01-26 15:36:46,87.97,0.0,0.0,8,Success,Purchase,Bangkok,THB,False
TXN-20240126-0003870,WALL-0132717,MERCH-00007,PM-01,DEV-02,2024-01-26 11:25:15,26.51,0.0,0.5302,2,Success,Purchase,Mawlamyine,MMK,False
TXN-20240126-0003871,WALL-0118991,MERCH-00099,PM-01,DEV-01,2024-01-26 13:04:27,65.94,0.0,0.0,6,Success,Purchase,Bago,MMK,False
TXN-20240126-0003872,WALL-0085246,MERCH-00102,PM-04,DEV-01,2024-01-26 02:25:02,24.61,0.4922,0.0,2,Success,Purchase,Bangkok,THB,False
TXN-20240126-0003873,WALL-0047316,MERCH-00366,PM-04,DEV-01,2024-01-26 17:31:36,47.63,0.9526,0.0,4,Success,Bill Payment,Mumbai,INR,False
TXN-20240126-0003874,WALL-0149531,MERCH-00188,PM-01,DEV-01,2024-01-26 15:07:16,95.46,0.0,4.7732,9,Success,Purchase,Myitkyina,MMK,False
TXN-20240126-0003875,WALL-0059944,MERCH-00070,PM-04,DEV-01,2024-01-26 18:00:45,13.66,0.2732,0.2732,1,Success,Purchase,Jakarta,IDR,False
TXN-20240126-0003876,WALL-0016111,MERCH-00412,PM-05,DEV-01,2024-01-26 18:53:35,460.24,0.0,0.0,46,Success,Payment,Manila,PHP,False
TXN-20240126-0003877,WALL-0105422,MERCH-00012,PM-03,DEV-05,2024-01-26 15:14:21,17.25,0.138,0.3451,1,Success,Purchase,Delhi,INR,False
TXN-20240126-0003878,WALL-0015704,MERCH-00291,PM-04,DEV-01,2024-01-26 20:50:29,196.77,3.9355,15.7419,39,Success,Purchase,Dhaka,BDT,False
TXN-20240126-0003879,WALL-0138502,MERCH-00130,PM-01,DEV-01,2024-01-26 19:25:46,37.22,0.0,0.0,3,Success,Purchase,Taunggyi,MMK,False
TXN-20240126-0003880,WALL-0020323,MERCH-00208,PM-02,DEV-04,2024-01-26 11:22:17,63.81,0.1276,0.0,6,Success,Purchase,Mawlamyine,MMK,False
TXN-20240126-0003881,WALL-0098821,MERCH-00065,PM-02,DEV-01,2024-01-26 17:15:55,34.43,0.0689,0.6887,3,Success,Purchase,Pathein,MMK,False
TXN-20240126-0003882,WALL-0036521,MERCH-00315,PM-03,DEV-02,2024-01-26 15:13:58,72.19,0.5775,0.0,7,Success,Bill Payment,Jaipur,INR,False
TXN-20240126-0003883,WALL-0042265,MERCH-00091,PM-02,DEV-03,2024-01-26 21:13:47,68.49,0.137,0.0,6,Success,Purchase,Penang,MYR,False
TXN-20240126-0003884,WALL-0061575,MERCH-00067,PM-02,DEV-05,2024-01-26 12:59:45,12.45,0.0249,0.2491,1,Success,Purchase,Bangalore,INR,False
TXN-20240126-0003885,WALL-0030089,MERCH-00389,PM-04,DEV-04,2024-01-26 21:46:46,68.54,1.3708,0.0,6,Success,Purchase,Bago,MMK,False
TXN-20240126-0003886,WALL-0063731,MERCH-00387,PM-01,DEV-04,2024-01-26 16:45:57,33.81,0.0,0.0,3,Success,Purchase,Jaipur,KHR,False
TXN-20240126-0003887,WALL-0116980,MERCH-00481,PM-05,DEV-01,2024-01-26 10:06:14,309.07,0.0,0.0,30,Success,Payment,Cebu City,PHP,False
TXN-20240126-0003888,WALL-0023429,MERCH-00096,PM-03,DEV-01,2024-01-26 07:45:58,50.53,0.4042,0.0,5,Success,Purchase,Johor Bahru,MYR,False
TXN-20240126-0003889,WALL-0072782,MERCH-00240,PM-01,DEV-01,2024-01-26 04:40:16,16.62,0.0,0.0,1,Success,Subscription,Delhi,INR,False
TXN-20240126-0003890,WALL-0006356,MERCH-00060,PM-04,DEV-03,2024-01-26 08:16:05,33.02,0.6604,0.6604,3,Success,Purchase,Ho Chi Minh City,VND,False
TXN-20240126-0003891,WALL-0034821,MERCH-00372,PM-01,DEV-05,2024-01-26 11:03:38,24.36,0.0,0.0,2,Success,Purchase,Mawlamyine,MMK,False
TXN-20240126-0003892,WALL-0023277,MERCH-00377,PM-01,DEV-04,2024-01-26 08:43:37,20.0,0.0,0.0,2,Success,Purchase,Pattaya,THB,False
TXN-20240126-0003893,WALL-0059392,MERCH-00445,PM-02,DEV-03,2024-01-26 21:39:03,234.9,0.4698,0.0,0,Reversed,Tax Payment,Lahore,PKR,False
TXN-20240126-0003894,WALL-0083198,MERCH-00439,PM-03,DEV-03,2024-01-26 13:09:10,98.79,0.7903,0.0,9,Success,Tax Payment,Bangkok,THB,False
TXN-20240126-0003895,WALL-0054833,MERCH-00269,PM-03,DEV-02,2024-01-26 05:42:50,5.0,0.04,0.0,0,Success,Subscription,Cebu City,PHP,False
TXN-20240126-0003896,WALL-0123317,MERCH-00244,PM-04,DEV-01,2024-01-26 21:24:12,15.05,0.301,0.0,1,Success,Subscription,Medan,IDR,False
TXN-20240126-0003897,WALL-0126453,MERCH-00252,PM-05,DEV-03,2024-01-26 07:28:57,20.84,0.0,0.0,2,Success,Subscription,Kathmandu,NPR,False
TXN-20240126-0003898,WALL-0132069,MERCH-00323,PM-01,DEV-02,2024-01-26 23:50:20,140.75,0.0,0.0,14,Success,Bill Payment,Penang,NPR,False
TXN-20240126-0003899,WALL-0091178,MERCH-00383,PM-02,DEV-01,2024-01-26 17:12:22,27.86,0.0557,0.0,2,Success,Purchase,Yangon,MMK,False
TXN-20240126-0003900,WALL-0108623,MERCH-00322,PM-04,DEV-02,2024-01-26 15:47:45,99.4,1.9881,0.0,9,Success,Bill Payment,Dhaka,BDT,False
TXN-20240126-0003901,WALL-0047703,MERCH-00072,PM-02,DEV-03,2024-01-26 13:02:37,18.46,0.0369,0.3693,1,Success,Purchase,Colombo,LKR,False
TXN-20240126-0003902,WALL-0027521,MERCH-00234,PM-01,DEV-01,2024-01-26 13:20:16,15.47,0.0,0.0,1,Success,Subscription,Chennai,INR,False
TXN-20240126-0003903,WALL-0110951,MERCH-00042,PM-02,DEV-01,2024-01-26 12:47:55,15.63,0.0313,0.3126,1,Success,Purchase,Singapore,SGD,False
TXN-20240126-0003904,WALL-0103637,MERCH-00063,PM-02,DEV-01,2024-01-26 23:17:01,6.44,0.0129,0.1288,0,Success,Purchase,Bago,MMK,False
TXN-20240126-0003905,WALL-0065508,MERCH-00384,PM-02,DEV-01,2024-01-26 12:17:27,72.01,0.144,0.0,7,Success,Purchase,Pathein,MMK,False
TXN-20240126-0003906,WALL-0073664,MERCH-00421,PM-03,DEV-01,2024-01-26 16:01:09,256.29,2.0503,0.0,25,Success,Payment,Taunggyi,MMK,False
TXN-20240126-0003907,WALL-0044697,MERCH-00432,PM-01,DEV-01,2024-01-26 14:40:26,74.3,0.0,0.0,7,Success,Tax Payment,Bago,MMK,False
TXN-20240126-0003908,WALL-0018142,MERCH-00020,PM-04,DEV-01,2024-01-26 03:36:46,8.32,0.1665,0.1665,0,Success,Purchase,Mawlamyine,MMK,False
TXN-20240126-0003909,WALL-0093132,MERCH-00324,PM-01,DEV-01,2024-01-26 05:06:17,123.69,0.0,0.0,12,Success,Bill Payment,Khon Kaen,THB,False
TXN-20240126-0003910,WALL-0064959,MERCH-00070,PM-01,DEV-01,2024-01-26 18:45:09,7.57,0.0,0.1513,0,Success,Purchase,Bali,MMK,False
TXN-20240126-0003911,WALL-0070380,MERCH-00446,PM-01,DEV-01,2024-01-26 13:54:01,662.79,0.0,0.0,66,Success,Tax Payment,Hyderabad,INR,False
TXN-20240126-0003912,WALL-0014724,MERCH-00450,PM-04,DEV-05,2024-01-26 18:24:48,415.04,8.3008,0.0,41,Success,Tax Payment,Myitkyina,MMK,False
TXN-20240126-0003913,WALL-0130381,MERCH-00208,PM-01,DEV-03,2024-01-26 03:53:12,9.58,0.0,0.0,0,Success,Purchase,Bago,MMK,False
TXN-20240126-0003914,WALL-0067706,MERCH-00477,PM-02,DEV-01,2024-01-26 08:28:14,373.34,0.7467,0.0,37,Success,Payment,Surabaya,IDR,False
TXN-20240126-0003915,WALL-0005345,MERCH-00044,PM-02,DEV-02,2024-01-26 06:19:05,5.0,0.01,0.1,0,Success,Purchase,Surabaya,IDR,False
TXN-20240126-0003916,WALL-0015718,MERCH-00320,PM-03,DEV-02,2024-01-26 15:15:21,52.04,0.4163,0.0,5,Success,Bill Payment,Pattaya,THB,False
TXN-20240126-0003917,WALL-0013035,MERCH-00311,PM-04,DEV-02,2024-01-26 18:37:16,20.0,0.4,0.0,2,Success,Bill Payment,Phnom Penh,KHR,False
TXN-20240126-0003918,WALL-0141337,MERCH-00084,PM-03,DEV-01,2024-01-26 14:13:34,161.61,1.2928,0.0,16,Success,Purchase,Myitkyina,MMK,False
TXN-20240126-0003919,WALL-0146393,MERCH-00342,PM-03,DEV-02,2024-01-26 20:51:58,24.96,0.1997,0.0,2,Success,Bill Payment,Hyderabad,INR,False
TXN-20240126-0003920,WALL-0135508,MERCH-00424,PM-02,DEV-02,2024-01-26 21:27:42,95.62,0.1912,0.0,9,Success,Payment,Chiang Mai,THB,False
TXN-20240126-0003921,WALL-0081121,MERCH-00101,PM-02,DEV-03,2024-01-26 07:25:53,53.38,0.1068,0.0,5,Success,Purchase,Siem Reap,KHR,False
TXN-20240126-0003922,WALL-0143843,MERCH-00179,PM-01,DEV-03,2024-01-26 18:32:13,67.3,0.0,3.3652,6,Success,Purchase,Naypyidaw,MMK,False
TXN-20240126-0003923,WALL-0037795,MERCH-00014,PM-01,DEV-01,2024-01-26 09:26:30,62.87,0.0,1.2575,6,Success,Purchase,Taunggyi,MMK,False
TXN-20240126-0003924,WALL-0001347,MERCH-00083,PM-01,DEV-03,2024-01-26 12:32:47,40.55,0.0,0.0,4,Success,Purchase,Naypyidaw,MMK,False
TXN-20240126-0003925,WALL-0052538,MERCH-00368,PM-03,DEV-03,2024-01-26 14:28:11,25.71,0.2057,0.0,0,Failed,Bill Payment,Chittagong,BDT,False
TXN-20240126-0003926,WALL-0038401,MERCH-00090,PM-04,DEV-04,2024-01-26 14:39:16,68.1,1.3621,0.0,6,Success,Purchase,Dhaka,MYR,False
TXN-20240126-0003927,WALL-0070290,MERCH-00068,PM-01,DEV-03,2024-01-26 11:28:25,19.0,0.0,0.38,1,Success,Purchase,Naypyidaw,MMK,False
TXN-20240126-0003928,WALL-0021400,MERCH-00304,PM-03,DEV-01,2024-01-26 15:03:31,304.03,2.4322,24.3222,60,Success,Purchase,Yangon,MMK,False
TXN-20240126-0003929,WALL-0130977,MERCH-00056,PM-02,DEV-03,2024-01-26 16:07:53,10.43,0.0209,0.2085,1,Success,Purchase,Bangkok,THB,False
TXN-20240126-0003930,WALL-0028574,MERCH-00059,PM-02,DEV-01,2024-01-26 20:06:24,7.62,0.0152,0.1524,0,Success,Purchase,Kolkata,INR,False
TXN-20240126-0003931,WALL-0026543,MERCH-00014,PM-02,DEV-01,2024-01-26 10:06:46,10.9,0.0218,0.2181,1,Success,Purchase,Ho Chi Minh City,VND,False
TXN-20240126-0003932,WALL-0005542,MERCH-00310,PM-03,DEV-03,2024-01-26 12:37:36,266.71,2.1337,21.337,53,Success,Purchase,Jakarta,IDR,False
TXN-20240126-0003933,WALL-0085699,MERCH-00058,PM-03,DEV-01,2024-01-26 12:52:22,11.38,0.091,0.2276,1,Success,Purchase,Mandalay,MMK,False
TXN-20240126-0003934,WALL-0028777,MERCH-00346,PM-03,DEV-02,2024-01-26 06:57:18,16.29,0.1303,0.0,1,Success,Bill Payment,Manila,PHP,False
TXN-20240126-0003935,WALL-0034951,MERCH-00213,PM-03,DEV-02,2024-01-26 14:34:03,10.51,0.0841,0.0,1,Success,Purchase,Mawlamyine,MMK,False
TXN-20240126-0003936,WALL-0133491,MERCH-00402,PM-02,DEV-01,2024-01-26 14:37:14,108.09,0.2162,0.0,10,Success,Payment,Bago,MMK,False
TXN-20240126-0003937,WALL-0096564,MERCH-00233,PM-01,DEV-01,2024-01-26 15:37:16,12.2,0.0,0.0,1,Success,Subscription,Singapore,SGD,False
TXN-20240126-0003938,WALL-0085245,MERCH-00225,PM-01,DEV-04,2024-01-26 06:57:18,7.81,0.0,0.0,0,Success,Purchase,Myitkyina,MMK,False
TXN-20240126-0003939,WALL-0018620,MERCH-00098,PM-02,DEV-01,2024-01-26 20:52:12,71.99,0.144,0.0,7,Success,Purchase,Manila,PHP,False
TXN-20240126-0003940,WALL-0092336,MERCH-00311,PM-01,DEV-01,2024-01-26 15:09:41,46.95,0.0,0.0,4,Success,Bill Payment,Da Nang,VND,False
TXN-20240126-0003941,WALL-0063250,MERCH-00029,PM-01,DEV-01,2024-01-26 15:11:34,7.7,0.0,0.154,0,Success,Purchase,Bali,IDR,False
TXN-20240126-0003942,WALL-0062062,MERCH-00118,PM-02,DEV-01,2024-01-26 18:31:02,64.98,0.13,0.0,6,Success,Purchase,Mandalay,MMK,False
TXN-20240126-0003943,WALL-0025367,MERCH-00112,PM-04,DEV-01,2024-01-26 16:02:02,72.7,1.4541,0.0,7,Success,Purchase,Pathein,MMK,False
TXN-20240126-0003944,WALL-0139128,MERCH-00055,PM-01,DEV-01,2024-01-26 12:22:28,9.61,0.0,0.1922,0,Success,Purchase,Mawlamyine,MMK,False
TXN-20240126-0003945,WALL-0089061,MERCH-00047,PM-03,DEV-01,2024-01-26 20:58:49,21.4,0.1712,0.428,2,Success,Purchase,Pathein,MMK,False
TXN-20240126-0003946,WALL-0030563,MERCH-00193,PM-01,DEV-01,2024-01-26 05:14:05,8.7,0.0,0.0,0,Success,Purchase,Bangkok,THB,False
TXN-20240126-0003947,WALL-0025469,MERCH-00058,PM-02,DEV-02,2024-01-26 12:54:29,44.31,0.0886,0.8863,4,Success,Purchase,Da Nang,VND,False
TXN-20240126-0003948,WALL-0005606,MERCH-00436,PM-04,DEV-01,2024-01-26 08:47:59,70.37,1.4074,0.0,7,Success,Tax Payment,Mawlamyine,MMK,False
TXN-20240126-0003949,WALL-0068017,MERCH-00098,PM-02,DEV-05,2024-01-26 13:34:40,50.17,0.1003,0.0,5,Success,Purchase,Chennai,INR,False
TXN-20240126-0003950,WALL-0052929,MERCH-00027,PM-04,DEV-01,2024-01-26 19:40:51,42.58,0.8516,0.8516,4,Success,Purchase,Bali,IDR,False
TXN-20240126-0003951,WALL-0122780,MERCH-00211,PM-04,DEV-01,2024-01-26 13:00:45,26.08,0.5216,0.0,2,Success,Purchase,Bali,IDR,False
TXN-20240126-0003952,WALL-0108806,MERCH-00331,PM-01,DEV-01,2024-01-26 21:59:09,86.74,0.0,0.0,8,Success,Bill Payment,Naypyidaw,MMK,False
TXN-20240126-0003953,WALL-0002652,MERCH-00212,PM-02,DEV-01,2024-01-26 12:04:37,28.17,0.0563,0.0,2,Success,Purchase,Pune,INR,False
TXN-20240126-0003954,WALL-0019024,MERCH-00012,PM-01,DEV-03,2024-01-26 07:20:34,38.49,0.0,0.7697,3,Success,Purchase,Pathein,MMK,False
TXN-20240126-0003955,WALL-0016566,MERCH-00400,PM-02,DEV-01,2024-01-26 17:41:23,70.52,0.141,0.0,7,Success,Purchase,Kandy,BDT,False
TXN-20240126-0003956,WALL-0110607,MERCH-00091,PM-04,DEV-02,2024-01-26 07:15:21,31.11,0.6223,0.0,3,Success,Purchase,Myitkyina,MMK,False
TXN-20240126-0003957,WALL-0017870,MERCH-00096,PM-03,DEV-04,2024-01-26 13:14:16,45.92,0.3673,0.0,4,Success,Purchase,Islamabad,PKR,False
TXN-20240126-0003958,WALL-0047508,MERCH-00051,PM-01,DEV-01,2024-01-26 21:52:05,41.96,0.0,0.8391,4,Success,Purchase,Yangon,PKR,False
TXN-20240126-0003959,WALL-0144015,MERCH-00006,PM-03,DEV-03,2024-01-26 20:57:02,26.99,0.2159,0.5399,2,Success,Purchase,Taunggyi,MMK,False
TXN-20240126-0003960,WALL-0010338,MERCH-00036,PM-04,DEV-03,2024-01-26 10:17:47,58.13,1.1626,1.1626,5,Success,Purchase,Taunggyi,MMK,False
TXN-20240126-0003961,WALL-0061208,MERCH-00075,PM-01,DEV-01,2024-01-26 18:41:27,44.27,0.0,0.8854,4,Success,Purchase,Singapore,SGD,False
TXN-20240126-0003962,WALL-0139380,MERCH-00068,PM-03,DEV-01,2024-01-26 01:31:07,14.16,0.1132,0.2831,1,Success,Purchase,Manila,PHP,False
TXN-20240126-0003963,WALL-0015053,MERCH-00037,PM-04,DEV-01,2024-01-26 13:50:46,8.46,0.1691,0.1691,0,Success,Purchase,Pathein,MMK,False
TXN-20240126-0003964,WALL-0141063,MERCH-00220,PM-01,DEV-01,2024-01-26 08:12:50,12.72,0.0,0.0,1,Success,Purchase,Lahore,SGD,False
TXN-20240126-0003965,WALL-0133212,MERCH-00103,PM-04,DEV-01,2024-01-26 20:43:14,56.58,1.1315,0.0,5,Success,Purchase,Hanoi,VND,False
TXN-20240126-0003966,WALL-0030515,MERCH-00086,PM-01,DEV-03,2024-01-26 11:06:25,98.18,0.0,0.0,9,Success,Purchase,Mawlamyine,MMK,False
TXN-20240126-0003967,WALL-0058496,MERCH-00124,PM-03,DEV-01,2024-01-26 19:17:01,171.65,1.3732,0.0,17,Success,Purchase,Lahore,PKR,False
TXN-20240126-0003968,WALL-0120837,MERCH-00388,PM-04,DEV-02,2024-01-26 11:05:10,73.05,1.4611,0.0,7,Success,Purchase,Mawlamyine,MMK,False
TXN-20240126-0003969,WALL-0030756,MERCH-00212,PM-02,DEV-02,2024-01-26 15:10:23,25.69,0.0514,0.0,2,Success,Purchase,Pune,INR,False
TXN-20240126-0003970,WALL-0129515,MERCH-00006,PM-03,DEV-02,2024-01-26 09:30:38,18.55,0.1484,0.3711,1,Success,Purchase,Pathein,MMK,False
TXN-20240126-0003971,WALL-0100479,MERCH-00150,PM-04,DEV-04,2024-01-26 20:47:02,165.35,3.3069,8.2674,16,Success,Purchase,Mandalay,MMK,False
TXN-20240126-0003972,WALL-0040985,MERCH-00071,PM-01,DEV-01,2024-01-26 14:14:18,24.56,0.0,0.0,0,Failed,Purchase,Mandalay,MMK,False
TXN-20240126-0003973,WALL-0017775,MERCH-00285,PM-01,DEV-02,2024-01-26 08:24:11,157.16,0.0,12.5732,31,Success,Purchase,Bangkok,THB,False
TXN-20240126-0003974,WALL-0001193,MERCH-00321,PM-01,DEV-02,2024-01-26 16:18:21,59.29,0.0,0.0,5,Success,Bill Payment,Pathein,MMK,False
TXN-20240126-0003975,WALL-0037896,MERCH-00279,PM-02,DEV-01,2024-01-26 16:20:38,530.58,1.0612,42.4461,106,Success,Purchase,Hyderabad,INR,False
TXN-20240126-0003976,WALL-0095672,MERCH-00038,PM-03,DEV-01,2024-01-26 18:16:42,18.07,0.1445,0.3613,1,Success,Purchase,Chennai,INR,False
TXN-20240126-0003977,WALL-0079779,MERCH-00414,PM-01,DEV-02,2024-01-26 06:24:08,72.21,0.0,0.0,7,Success,Payment,Penang,MYR,False
TXN-20240126-0003978,WALL-0093555,MERCH-00392,PM-01,DEV-01,2024-01-26 15:08:59,27.35,0.0,0.0,2,Success,Purchase,Mandalay,MMK,False
TXN-20240126-0003979,WALL-0085877,MERCH-00119,PM-02,DEV-04,2024-01-26 15:11:34,47.48,0.095,0.0,4,Success,Purchase,Johor Bahru,MYR,False
TXN-20240126-0003980,WALL-0115135,MERCH-00257,PM-01,DEV-04,2024-01-26 15:19:26,12.3,0.0,0.0,1,Success,Subscription,Mandalay,MMK,False
TXN-20240126-0003981,WALL-0047655,MERCH-00450,PM-01,DEV-05,2024-01-26 06:10:46,256.51,0.0,0.0,25,Success,Tax Payment,Khon Kaen,THB,False
TXN-20240126-0003982,WALL-0085040,MERCH-00446,PM-01,DEV-02,2024-01-26 16:06:45,183.9,0.0,0.0,18,Success,Tax Payment,Kathmandu,MMK,False
TXN-20240126-0003983,WALL-0140926,MERCH-00318,PM-01,DEV-01,2024-01-26 14:33:52,111.3,0.0,0.0,11,Success,Bill Payment,Islamabad,VND,True
TXN-20240126-0003984,WALL-0056467,MERCH-00374,PM-02,DEV-01,2024-01-26 14:33:38,88.16,0.1763,0.0,8,Success,Purchase,Karachi,PKR,False
TXN-20240126-0003985,WALL-0127087,MERCH-00124,PM-03,DEV-01,2024-01-26 14:53:50,25.16,0.2013,0.0,2,Success,Purchase,Jakarta,MMK,False
TXN-20240126-0003986,WALL-0137668,MERCH-00441,PM-02,DEV-01,2024-01-26 09:58:15,1561.81,3.1236,0.0,156,Success,Tax Payment,Colombo,LKR,False
TXN-20240126-0003987,WALL-0100511,MERCH-00177,PM-05,DEV-02,2024-01-26 16:49:43,130.42,0.0,6.521,13,Success,Purchase,Khon Kaen,THB,False
TXN-20240126-0003988,WALL-0073014,MERCH-00003,PM-04,DEV-01,2024-01-26 14:20:47,15.25,0.305,0.305,1,Success,Purchase,Mandalay,MMK,False
TXN-20240126-0003989,WALL-0005898,MERCH-00047,PM-01,DEV-01,2024-01-26 17:58:51,14.46,0.0,0.2891,1,Success,Purchase,Dhaka,BDT,False
TXN-20240126-0003990,WALL-0108271,MERCH-00051,PM-02,DEV-01,2024-01-26 18:47:53,19.86,0.0397,0.3972,1,Success,Purchase,Karachi,PKR,False
TXN-20240126-0003991,WALL-0146196,MERCH-00450,PM-03,DEV-05,2024-01-26 09:19:39,768.65,6.1492,0.0,76,Success,Tax Payment,Colombo,LKR,False
TXN-20240126-0003992,WALL-0033785,MERCH-00384,PM-05,DEV-02,2024-01-26 09:24:36,79.2,0.0,0.0,7,Success,Purchase,Ahmedabad,MMK,False
TXN-20240126-0003993,WALL-0145565,MERCH-00405,PM-03,DEV-01,2024-01-26 03:26:48,451.67,3.6134,0.0,45,Success,Payment,Pathein,MMK,False
TXN-20240126-0003994,WALL-0011987,MERCH-00363,PM-03,DEV-02,2024-01-26 13:57:06,63.16,0.5053,0.0,6,Success,Bill Payment,Surabaya,MMK,False
TXN-20240126-0003995,WALL-0148935,MERCH-00125,PM-04,DEV-02,2024-01-26 16:40:59,156.64,3.1328,0.0,15,Success,Purchase,Penang,MYR,False
TXN-20240126-0003996,WALL-0117597,MERCH-00179,PM-01,DEV-02,2024-01-26 14:25:39,103.98,0.0,5.1988,10,Success,Purchase,Pathein,MMK,False
TXN-20240126-0003997,WALL-0043728,MERCH-00422,PM-02,DEV-02,2024-01-26 09:24:12,40.54,0.0811,0.0,4,Success,Payment,Myitkyina,MMK,False
TXN-20240126-0003998,WALL-0037185,MERCH-00007,PM-01,DEV-02,2024-01-26 12:48:14,11.88,0.0,0.2375,1,Success,Purchase,Mawlamyine,MMK,False
TXN-20240126-0003999,WALL-0133733,MERCH-00064,PM-01,DEV-03,2024-01-26 18:03:44,30.91,0.0,0.0,0,Reversed,Purchase,Naypyidaw,MMK,False
TXN-20240126-0004000,WALL-0127869,MERCH-00035,PM-01,DEV-01,2024-01-26 15:08:29,5.73,0.0,0.1146,0,Success,Purchase,Myitkyina,MMK,False
TXN-20240126-0004001,WALL-0002337,MERCH-00368,PM-05,DEV-01,2024-01-26 09:13:12,77.81,0.0,0.0,7,Success,Bill Payment,Pathein,MMK,False
TXN-20240126-0004002,WALL-0073443,MERCH-00326,PM-01,DEV-01,2024-01-26 11:33:33,125.05,0.0,0.0,12,Success,Bill Payment,Hanoi,VND,False
TXN-20240126-0004003,WALL-0037438,MERCH-00097,PM-04,DEV-02,2024-01-26 09:57:02,38.26,0.7652,0.0,3,Success,Purchase,Ahmedabad,INR,False
TXN-20240126-0004004,WALL-0038704,MERCH-00017,PM-01,DEV-01,2024-01-26 20:54:58,54.34,0.0,1.0868,5,Success,Purchase,Myitkyina,MMK,False
TXN-20240126-0004005,WALL-0116149,MERCH-00136,PM-02,DEV-02,2024-01-26 13:56:00,127.88,0.2558,6.394,12,Success,Purchase,Siem Reap,BDT,False
TXN-20240126-0004006,WALL-0043821,MERCH-00457,PM-02,DEV-01,2024-01-26 15:33:23,152.16,0.3043,0.0,15,Success,Payment,Colombo,LKR,False
TXN-20240126-0004007,WALL-0124064,MERCH-00125,PM-03,DEV-01,2024-01-26 12:23:35,10.0,0.08,0.0,1,Success,Purchase,Bago,MMK,False
TXN-20240126-0004008,WALL-0021710,MERCH-00112,PM-04,DEV-03,2024-01-26 12:46:08,31.88,0.6375,0.0,3,Success,Purchase,Surabaya,IDR,False
TXN-20240126-0004009,WALL-0024920,MERCH-00063,PM-01,DEV-01,2024-01-26 16:23:31,20.79,0.0,0.4157,2,Success,Purchase,Johor Bahru,MYR,False
TXN-20240126-0004010,WALL-0101445,MERCH-00116,PM-03,DEV-01,2024-01-26 12:02:50,25.67,0.2054,0.0,2,Success,Purchase,Hanoi,VND,False
TXN-20240126-0004011,WALL-0092613,MERCH-00244,PM-02,DEV-01,2024-01-26 13:56:20,14.47,0.0289,0.0,1,Success,Subscription,Yangon,MMK,False
TXN-20240126-0004012,WALL-0054078,MERCH-00077,PM-04,DEV-02,2024-01-26 18:02:53,15.51,0.3101,0.0,0,Failed,Purchase,Bandung,IDR,False
TXN-20240126-0004013,WALL-0054318,MERCH-00032,PM-01,DEV-02,2024-01-26 14:12:46,27.83,0.0,0.5567,2,Success,Purchase,Pathein,MMK,False
TXN-20240126-0004014,WALL-0133216,MERCH-00001,PM-04,DEV-02,2024-01-26 07:50:32,9.92,0.1984,0.1984,0,Success,Purchase,Mandalay,MMK,False
TXN-20240126-0004015,WALL-0031884,MERCH-00114,PM-04,DEV-01,2024-01-26 21:03:41,330.0,6.6,0.0,33,Success,Purchase,Medan,IDR,False
TXN-20240126-0004016,WALL-0038815,MERCH-00096,PM-01,DEV-01,2024-01-26 06:37:51,179.95,0.0,0.0,17,Success,Purchase,Karachi,PKR,False
TXN-20240126-0004017,WALL-0015304,MERCH-00152,PM-03,DEV-03,2024-01-26 21:27:05,43.17,0.3454,2.1587,4,Success,Purchase,Bangkok,THB,False
TXN-20240126-0004018,WALL-0084292,MERCH-00059,PM-01,DEV-04,2024-01-26 20:33:35,11.04,0.0,0.2208,1,Success,Purchase,Kathmandu,NPR,False
TXN-20240126-0004019,WALL-0144242,MERCH-00414,PM-02,DEV-03,2024-01-26 08:30:44,151.87,0.3037,0.0,15,Success,Payment,Pathein,MMK,False
TXN-20240126-0004020,WALL-0015182,MERCH-00215,PM-01,DEV-05,2024-01-26 20:13:42,15.25,0.0,0.0,1,Success,Purchase,Jaipur,INR,False
TXN-20240126-0004021,WALL-0101185,MERCH-00395,PM-01,DEV-01,2024-01-26 14:26:18,34.57,0.0,0.0,3,Success,Purchase,Myitkyina,MMK,False
TXN-20240126-0004022,WALL-0025924,MERCH-00208,PM-02,DEV-03,2024-01-26 11:27:27,24.4,0.0488,0.0,2,Success,Purchase,Chittagong,BDT,False
TXN-20240126-0004023,WALL-0109480,MERCH-00246,PM-04,DEV-03,2024-01-26 19:18:29,7.86,0.1571,0.0,0,Success,Subscription,Myitkyina,MMK,False
TXN-20240126-0004024,WALL-0016063,MERCH-00325,PM-01,DEV-05,2024-01-26 19:06:08,49.54,0.0,0.0,4,Success,Bill Payment,Mawlamyine,MMK,False
TXN-20240126-0004025,WALL-0084134,MERCH-00003,PM-03,DEV-03,2024-01-26 19:33:10,35.33,0.2826,0.7066,3,Success,Purchase,Karachi,PKR,False
TXN-20240126-0004026,WALL-0037119,MERCH-00099,PM-02,DEV-03,2024-01-26 17:20:54,45.0,0.09,0.0,4,Success,Purchase,Mawlamyine,MMK,False
TXN-20240126-0004027,WALL-0103046,MERCH-00171,PM-02,DEV-01,2024-01-26 20:45:16,122.7,0.2454,6.1349,12,Success,Purchase,Kolkata,INR,False
TXN-20240126-0004028,WALL-0039776,MERCH-00389,PM-01,DEV-01,2024-01-26 15:02:15,64.48,0.0,0.0,6,Success,Purchase,Delhi,INR,False
TXN-20240126-0004029,WALL-0010569,MERCH-00493,PM-04,DEV-02,2024-01-26 14:27:20,546.6,10.9319,0.0,54,Success,Payment,Da Nang,VND,False
TXN-20240126-0004030,WALL-0064509,MERCH-00201,PM-01,DEV-03,2024-01-26 17:44:42,24.16,0.0,0.0,2,Success,Purchase,Pune,INR,False
TXN-20240126-0004031,WALL-0131497,MERCH-00032,PM-01,DEV-03,2024-01-26 15:32:59,23.63,0.0,0.4726,2,Success,Purchase,Kandy,LKR,False
TXN-20240126-0004032,WALL-0059182,MERCH-00132,PM-01,DEV-03,2024-01-26 17:08:27,140.05,0.0,7.0027,14,Success,Purchase,Singapore,SGD,False
TXN-20240126-0004033,WALL-0029332,MERCH-00033,PM-02,DEV-01,2024-01-26 12:46:53,10.43,0.0209,0.2085,1,Success,Purchase,Kathmandu,NPR,False
TXN-20240126-0004034,WALL-0042153,MERCH-00399,PM-01,DEV-02,2024-01-26 15:26:08,64.29,0.0,0.0,6,Success,Purchase,Lahore,PKR,False
TXN-20240126-0004035,WALL-0093325,MERCH-00109,PM-04,DEV-01,2024-01-26 07:05:56,70.44,1.4089,0.0,7,Success,Purchase,Taunggyi,MMK,False
TXN-20240126-0004036,WALL-0098765,MERCH-00243,PM-04,DEV-01,2024-01-26 17:13:29,9.33,0.1865,0.0,0,Success,Subscription,Cebu City,PHP,False
TXN-20240126-0004037,WALL-0100750,MERCH-00162,PM-01,DEV-02,2024-01-26 18:16:07,107.7,0.0,5.3851,10,Success,Purchase,Yangon,MMK,False
TXN-20240126-0004038,WALL-0066597,MERCH-00038,PM-03,DEV-01,2024-01-26 18:56:28,14.43,0.1155,0.2886,1,Success,Purchase,Surabaya,IDR,False
TXN-20240126-0004039,WALL-0076634,MERCH-00403,PM-04,DEV-03,2024-01-26 17:05:41,353.8,7.076,0.0,35,Success,Payment,Delhi,INR,False
TXN-20240126-0004040,WALL-0045370,MERCH-00076,PM-01,DEV-01,2024-01-26 19:39:40,42.56,0.0,0.8511,4,Success,Purchase,Kandy,LKR,False
TXN-20240126-0004041,WALL-0106708,MERCH-00488,PM-02,DEV-01,2024-01-26 19:03:49,68.18,0.1364,0.0,6,Success,Payment,Jaipur,THB,False
TXN-20240126-0004042,WALL-0044555,MERCH-00180,PM-01,DEV-03,2024-01-26 18:15:01,45.13,0.0,2.2565,4,Success,Purchase,Chennai,INR,False
TXN-20240126-0004043,WALL-0035651,MERCH-00207,PM-02,DEV-01,2024-01-26 22:21:36,30.52,0.061,0.0,3,Success,Purchase,Pathein,MMK,False
TXN-20240126-0004044,WALL-0091903,MERCH-00441,PM-03,DEV-02,2024-01-26 15:01:03,101.01,0.8081,0.0,10,Success,Tax Payment,Bangalore,INR,False
TXN-20240126-0004045,WALL-0123031,MERCH-00306,PM-01,DEV-01,2024-01-26 18:29:38,373.87,0.0,29.9095,74,Success,Purchase,Mawlamyine,MMK,False
TXN-20240126-0004046,WALL-0097038,MERCH-00109,PM-01,DEV-03,2024-01-26 16:49:27,99.01,0.0,0.0,9,Success,Purchase,Pathein,MMK,False
TXN-20240126-0004047,WALL-0018676,MERCH-00411,PM-03,DEV-01,2024-01-26 02:32:09,93.78,0.7502,0.0,9,Success,Payment,Pokhara,NPR,False
TXN-20240126-0004048,WALL-0072011,MERCH-00387,PM-01,DEV-01,2024-01-26 21:00:52,52.02,0.0,0.0,5,Success,Purchase,Jaipur,INR,False
TXN-20240126-0004049,WALL-0038540,MERCH-00416,PM-04,DEV-01,2024-01-26 16:38:34,168.99,3.3799,0.0,16,Success,Payment,Naypyidaw,MMK,False
TXN-20240126-0004050,WALL-0125014,MERCH-00099,PM-04,DEV-01,2024-01-26 13:55:56,96.6,1.932,0.0,9,Success,Purchase,Mandalay,MMK,False
TXN-20240126-0004051,WALL-0078615,MERCH-00084,PM-03,DEV-02,2024-01-26 09:29:14,40.2,0.3216,0.0,4,Success,Purchase,Jaipur,INR,False
TXN-20240126-0004052,WALL-0031258,MERCH-00238,PM-04,DEV-02,2024-01-26 15:14:18,15.31,0.3063,0.0,1,Success,Subscription,Naypyidaw,MMK,False
TXN-20240126-0004053,WALL-0093064,MERCH-00251,PM-02,DEV-03,2024-01-26 00:41:21,17.65,0.0353,0.0,1,Success,Subscription,Ahmedabad,INR,False
TXN-20240126-0004054,WALL-0077808,MERCH-00222,PM-02,DEV-01,2024-01-26 17:19:20,25.2,0.0504,0.0,2,Success,Purchase,Jakarta,IDR,False
TXN-20240126-0004055,WALL-0076796,MERCH-00333,PM-01,DEV-03,2024-01-26 17:54:40,50.37,0.0,0.0,5,Success,Bill Payment,Mumbai,INR,False
TXN-20240126-0004056,WALL-0114370,MERCH-00302,PM-01,DEV-01,2024-01-26 13:21:15,364.65,0.0,29.1717,72,Success,Purchase,Dhaka,BDT,False
TXN-20240126-0004057,WALL-0049057,MERCH-00012,PM-01,DEV-01,2024-01-26 16:32:46,71.7,0.0,1.4339,7,Success,Purchase,Singapore,SGD,False
TXN-20240126-0004058,WALL-0145793,MERCH-00113,PM-01,DEV-01,2024-01-26 13:29:40,49.64,0.0,0.0,4,Success,Purchase,Mandalay,MMK,False
TXN-20240126-0004059,WALL-0047705,MERCH-00341,PM-01,DEV-01,2024-01-26 19:10:04,81.24,0.0,0.0,8,Success,Bill Payment,Myitkyina,MMK,False
TXN-20240126-0004060,WALL-0027101,MERCH-00196,PM-01,DEV-03,2024-01-26 21:56:31,21.46,0.0,0.0,2,Success,Purchase,Pathein,MMK,False
TXN-20240126-0004061,WALL-0024662,MERCH-00294,PM-01,DEV-03,2024-01-26 21:33:15,209.74,0.0,16.7795,41,Success,Purchase,Taunggyi,MMK,False
TXN-20240126-0004062,WALL-0093725,MERCH-00187,PM-01,DEV-03,2024-01-26 15:37:45,21.45,0.0,1.0723,2,Success,Purchase,Pokhara,NPR,False
TXN-20240126-0004063,WALL-0067018,MERCH-00445,PM-01,DEV-03,2024-01-26 12:55:26,339.17,0.0,0.0,33,Success,Tax Payment,Myitkyina,MMK,False
TXN-20240126-0004064,WALL-0117074,MERCH-00162,PM-01,DEV-01,2024-01-26 16:00:44,152.06,0.0,7.603,15,Success,Purchase,Pattaya,THB,False
TXN-20240126-0004065,WALL-0044232,MERCH-00144,PM-01,DEV-01,2024-01-26 12:08:19,472.08,0.0,23.6039,47,Success,Purchase,Pathein,MMK,False
TXN-20240126-0004066,WALL-0032114,MERCH-00202,PM-02,DEV-05,2024-01-26 15:29:00,11.14,0.0223,0.0,1,Success,Purchase,Myitkyina,MMK,False
TXN-20240126-0004067,WALL-0010359,MERCH-00287,PM-04,DEV-01,2024-01-26 19:26:54,810.45,16.209,64.8361,162,Success,Purchase,Ho Chi Minh City,VND,False
TXN-20240126-0004068,WALL-0127144,MERCH-00236,PM-04,DEV-01,2024-01-26 11:39:22,15.11,0.3022,0.0,0,Failed,Subscription,Jaipur,LKR,False
TXN-20240126-0004069,WALL-0052595,MERCH-00180,PM-02,DEV-02,2024-01-26 22:25:17,74.35,0.1487,3.7176,7,Success,Purchase,Bandung,MMK,False
TXN-20240126-0004070,WALL-0128708,MERCH-00107,PM-01,DEV-03,2024-01-26 15:39:44,78.53,0.0,0.0,7,Success,Purchase,Pune,INR,False
TXN-20240126-0004071,WALL-0031280,MERCH-00135,PM-02,DEV-03,2024-01-26 09:37:25,382.0,0.764,19.0999,38,Success,Purchase,Hyderabad,INR,False
TXN-20240126-0004072,WALL-0068618,MERCH-00113,PM-04,DEV-01,2024-01-26 15:25:16,77.33,1.5467,0.0,7,Success,Purchase,Myitkyina,MMK,False
TXN-20240126-0004073,WALL-0133029,MERCH-00060,PM-05,DEV-01,2024-01-26 16:04:29,29.04,0.0,0.5808,2,Success,Purchase,Penang,MYR,False
TXN-20240126-0004074,WALL-0029481,MERCH-00227,PM-01,DEV-02,2024-01-26 12:37:07,12.76,0.0,0.0,1,Success,Purchase,Chittagong,BDT,False
TXN-20240126-0004075,WALL-0002245,MERCH-00424,PM-01,DEV-03,2024-01-26 16:11:38,20.0,0.0,0.0,2,Success,Payment,Davao,BDT,False
TXN-20240126-0004076,WALL-0145294,MERCH-00120,PM-03,DEV-01,2024-01-26 16:10:29,65.12,0.521,0.0,6,Success,Purchase,Bago,MMK,False
TXN-20240126-0004077,WALL-0030019,MERCH-00053,PM-01,DEV-03,2024-01-26 18:57:27,7.73,0.0,0.1546,0,Success,Purchase,Chiang Mai,THB,False
TXN-20240126-0004078,WALL-0114372,MERCH-00127,PM-01,DEV-04,2024-01-26 06:44:41,26.2,0.0,0.0,2,Success,Purchase,Mawlamyine,MMK,False
TXN-20240126-0004079,WALL-0040221,MERCH-00450,PM-02,DEV-05,2024-01-26 01:20:09,433.85,0.8677,0.0,43,Success,Tax Payment,Da Nang,VND,False
TXN-20240126-0004080,WALL-0136603,MERCH-00256,PM-01,DEV-01,2024-01-26 09:21:05,33.55,0.0,0.0,3,Success,Subscription,Hanoi,VND,False
TXN-20240126-0004081,WALL-0143965,MERCH-00008,PM-04,DEV-01,2024-01-26 20:20:46,52.02,1.0405,1.0405,5,Success,Purchase,Hanoi,VND,False
TXN-20240126-0004082,WALL-0064992,MERCH-00429,PM-01,DEV-02,2024-01-26 17:54:41,105.48,0.0,0.0,10,Success,Payment,Singapore,SGD,False
TXN-20240126-0004083,WALL-0101482,MERCH-00045,PM-05,DEV-01,2024-01-26 12:18:36,35.16,0.0,0.7033,3,Success,Purchase,Khon Kaen,SGD,False
TXN-20240126-0004084,WALL-0144713,MERCH-00222,PM-01,DEV-01,2024-01-26 03:32:11,5.59,0.0,0.0,0,Success,Purchase,Pathein,MMK,False
TXN-20240126-0004085,WALL-0094545,MERCH-00336,PM-01,DEV-02,2024-01-26 15:38:16,182.76,0.0,0.0,18,Success,Bill Payment,Surabaya,IDR,False
TXN-20240126-0004086,WALL-0063661,MERCH-00386,PM-01,DEV-02,2024-01-26 18:06:34,24.2,0.0,0.0,2,Success,Purchase,Medan,IDR,False
TXN-20240126-0004087,WALL-0093289,MERCH-00391,PM-01,DEV-03,2024-01-26 08:39:19,57.71,0.0,0.0,5,Success,Purchase,Jakarta,IDR,False
TXN-20240126-0004088,WALL-0133902,MERCH-00385,PM-04,DEV-02,2024-01-26 21:50:41,34.67,0.6934,0.0,3,Success,Purchase,Quezon City,INR,False
TXN-20240126-0004089,WALL-0016253,MERCH-00035,PM-03,DEV-01,2024-01-26 19:05:21,30.25,0.242,0.605,3,Success,Purchase,Phuket,THB,False
TXN-20240126-0004090,WALL-0089952,MERCH-00305,PM-02,DEV-01,2024-01-26 10:35:59,819.1,1.6382,65.528,163,Success,Purchase,Bandung,INR,False
TXN-20240126-0004091,WALL-0125036,MERCH-00047,PM-01,DEV-01,2024-01-26 04:48:13,58.21,0.0,1.1643,5,Success,Purchase,Surabaya,IDR,False
TXN-20240126-0004092,WALL-0063375,MERCH-00111,PM-04,DEV-01,2024-01-26 08:29:03,75.59,1.5118,0.0,0,Pending,Purchase,Pathein,MMK,False
TXN-20240126-0004093,WALL-0027467,MERCH-00166,PM-01,DEV-02,2024-01-26 19:10:12,82.23,0.0,4.1116,8,Success,Purchase,Singapore,SGD,False
TXN-20240126-0004094,WALL-0110147,MERCH-00355,PM-02,DEV-01,2024-01-26 15:02:55,29.1,0.0582,0.0,2,Success,Bill Payment,Lahore,INR,False
TXN-20240126-0004095,WALL-0052215,MERCH-00084,PM-02,DEV-01,2024-01-26 14:38:56,44.94,0.0899,0.0,4,Success,Purchase,Jakarta,IDR,False
TXN-20240126-0004096,WALL-0008731,MERCH-00093,PM-01,DEV-01,2024-01-26 20:49:42,31.41,0.0,0.0,3,Success,Purchase,Chittagong,BDT,False
TXN-20240126-0004097,WALL-0085371,MERCH-00221,PM-01,DEV-01,2024-01-26 15:03:29,9.42,0.0,0.0,0,Success,Purchase,Pathein,MMK,False
TXN-20240126-0004098,WALL-0110576,MERCH-00157,PM-02,DEV-01,2024-01-26 17:53:26,319.65,0.6393,15.9827,31,Success,Purchase,Myitkyina,MMK,False
TXN-20240126-0004099,WALL-0097294,MERCH-00059,PM-02,DEV-04,2024-01-26 01:39:53,13.97,0.0279,0.2794,1,Success,Purchase,Mandalay,MMK,False
TXN-20240126-0004100,WALL-0111256,MERCH-00113,PM-04,DEV-02,2024-01-26 17:35:28,32.64,0.6528,0.0,0,Reversed,Purchase,Mandalay,MMK,False
TXN-20240126-0004101,WALL-0115633,MERCH-00170,PM-02,DEV-01,2024-01-26 12:31:03,62.19,0.1244,3.1095,6,Success,Purchase,Pathein,MMK,False
TXN-20240126-0004102,WALL-0053720,MERCH-00164,PM-01,DEV-02,2024-01-26 07:01:28,30.31,0.0,1.5156,3,Success,Purchase,Bago,MMK,False
TXN-20240126-0004103,WALL-0052810,MERCH-00199,PM-03,DEV-01,2024-01-26 09:37:51,18.28,0.1462,0.0,1,Success,Purchase,Karachi,PKR,False
TXN-20240126-0004104,WALL-0072235,MERCH-00069,PM-03,DEV-01,2024-01-26 16:41:00,25.05,0.2004,0.501,2,Success,Purchase,Kolkata,MMK,False
TXN-20240126-0004105,WALL-0127733,MERCH-00431,PM-01,DEV-01,2024-01-26 19:39:09,284.95,0.0,0.0,28,Success,Tax Payment,Bangkok,INR,False
TXN-20240126-0004106,WALL-0130241,MERCH-00145,PM-02,DEV-03,2024-01-26 12:35:01,22.96,0.0459,1.1481,2,Success,Purchase,Kandy,LKR,False
TXN-20240126-0004107,WALL-0123596,MERCH-00079,PM-03,DEV-05,2024-01-26 14:53:34,9.05,0.0724,0.1811,0,Success,Purchase,Pathein,MMK,False
TXN-20240126-0004108,WALL-0121204,MERCH-00138,PM-03,DEV-02,2024-01-26 17:54:53,136.0,1.088,6.7998,13,Success,Purchase,Pathein,MMK,False
TXN-20240126-0004109,WALL-0142387,MERCH-00035,PM-01,DEV-01,2024-01-26 19:10:55,18.02,0.0,0.3605,1,Success,Purchase,Medan,IDR,False
TXN-20240126-0004110,WALL-0104229,MERCH-00189,PM-04,DEV-01,2024-01-26 06:23:46,59.52,1.1904,2.976,5,Success,Purchase,Jakarta,IDR,False
TXN-20240126-0004111,WALL-0021785,MERCH-00394,PM-01,DEV-02,2024-01-26 19:59:32,50.26,0.0,0.0,5,Success,Purchase,Taunggyi,MMK,False
TXN-20240126-0004112,WALL-0063732,MERCH-00196,PM-01,DEV-01,2024-01-26 17:21:56,8.09,0.0,0.0,0,Success,Purchase,Taunggyi,MMK,False
TXN-20240126-0004113,WALL-0066906,MERCH-00245,PM-01,DEV-01,2024-01-26 17:08:43,5.82,0.0,0.0,0,Success,Subscription,Delhi,INR,False
TXN-20240126-0004114,WALL-0136055,MERCH-00033,PM-01,DEV-01,2024-01-26 19:32:38,8.5,0.0,0.17,0,Success,Purchase,Medan,IDR,False
TXN-20240126-0004115,WALL-0095407,MERCH-00098,PM-01,DEV-01,2024-01-26 05:28:01,171.01,0.0,0.0,17,Success,Purchase,Yangon,MMK,False
TXN-20240126-0004116,WALL-0073901,MERCH-00106,PM-04,DEV-04,2024-01-26 15:40:16,41.57,0.8314,0.0,4,Success,Purchase,Chittagong,PHP,False
TXN-20240126-0004117,WALL-0010652,MERCH-00205,PM-02,DEV-02,2024-01-26 10:31:32,10.49,0.021,0.0,1,Success,Purchase,Jakarta,IDR,False
TXN-20240126-0004118,WALL-0136987,MERCH-00057,PM-01,DEV-01,2024-01-26 19:47:39,15.44,0.0,0.3087,1,Success,Purchase,Da Nang,MMK,False
TXN-20240126-0004119,WALL-0094654,MERCH-00071,PM-03,DEV-01,2024-01-26 16:48:17,12.39,0.0991,0.2477,1,Success,Purchase,Bago,MMK,False
TXN-20240126-0004120,WALL-0004512,MERCH-00075,PM-01,DEV-01,2024-01-26 19:41:38,5.11,0.0,0.1022,0,Success,Purchase,Phuket,THB,False
TXN-20240126-0004121,WALL-0147218,MERCH-00414,PM-01,DEV-03,2024-01-26 15:12:26,66.75,0.0,0.0,6,Success,Payment,Kolkata,INR,False
TXN-20240126-0004122,WALL-0059501,MERCH-00171,PM-04,DEV-01,2024-01-26 20:19:05,280.55,5.6111,14.0277,28,Success,Purchase,Kuala Lumpur,MYR,False
TXN-20240126-0004123,WALL-0044927,MERCH-00322,PM-01,DEV-02,2024-01-26 02:41:01,35.13,0.0,0.0,3,Success,Bill Payment,Bangkok,MMK,False
TXN-20240126-0004124,WALL-0076088,MERCH-00250,PM-05,DEV-01,2024-01-26 17:22:03,14.19,0.0,0.0,1,Success,Subscription,Bago,MMK,False
TXN-20240126-0004125,WALL-0024818,MERCH-00253,PM-04,DEV-03,2024-01-26 16:44:43,24.71,0.4943,0.0,2,Success,Subscription,Jakarta,MMK,False
TXN-20240126-0004126,WALL-0062238,MERCH-00063,PM-02,DEV-02,2024-01-26 14:02:54,6.16,0.0123,0.1232,0,Success,Purchase,Pokhara,NPR,False
TXN-20240126-0004127,WALL-0137754,MERCH-00382,PM-01,DEV-01,2024-01-26 08:16:45,73.77,0.0,0.0,7,Success,Purchase,Naypyidaw,MMK,False
TXN-20240126-0004128,WALL-0027402,MERCH-00173,PM-02,DEV-04,2024-01-26 21:03:56,195.23,0.3905,0.0,0,Failed,Purchase,Jakarta,INR,False
TXN-20240126-0004129,WALL-0121832,MERCH-00215,PM-02,DEV-01,2024-01-26 20:41:40,5.0,0.01,0.0,0,Success,Purchase,Hyderabad,MMK,False
TXN-20240126-0004130,WALL-0085317,MERCH-00199,PM-01,DEV-01,2024-01-26 18:10:39,13.0,0.0,0.0,1,Success,Purchase,Taunggyi,MMK,False
TXN-20240126-0004131,WALL-0086568,MERCH-00128,PM-04,DEV-03,2024-01-26 21:31:17,36.65,0.7331,0.0,3,Success,Purchase,Naypyidaw,MMK,False
TXN-20240126-0004132,WALL-0090581,MERCH-00080,PM-03,DEV-03,2024-01-26 16:35:48,20.59,0.1647,0.4117,2,Success,Purchase,Phnom Penh,KHR,False
TXN-20240126-0004133,WALL-0113507,MERCH-00086,PM-04,DEV-03,2024-01-26 20:53:29,71.13,1.4225,0.0,7,Success,Purchase,Naypyidaw,MMK,False
TXN-20240126-0004134,WALL-0148830,MERCH-00135,PM-03,DEV-01,2024-01-26 17:18:20,42.9,0.3432,2.1449,4,Success,Purchase,Mandalay,MMK,False
TXN-20240126-0004135,WALL-0020428,MERCH-00374,PM-01,DEV-02,2024-01-26 11:00:35,89.58,0.0,0.0,8,Success,Purchase,Dhaka,VND,False
TXN-20240126-0004136,WALL-0095288,MERCH-00249,PM-02,DEV-01,2024-01-26 19:44:32,7.21,0.0144,0.0,0,Success,Subscription,Pathein,MMK,False
TXN-20240126-0004137,WALL-0014789,MERCH-00399,PM-01,DEV-02,2024-01-26 15:19:19,63.58,0.0,0.0,6,Success,Purchase,Kandy,LKR,False
TXN-20240126-0004138,WALL-0054612,MERCH-00343,PM-02,DEV-01,2024-01-26 06:11:30,69.38,0.1388,0.0,6,Success,Bill Payment,Kathmandu,NPR,False
TXN-20240126-0004139,WALL-0036725,MERCH-00017,PM-02,DEV-02,2024-01-26 11:13:07,43.96,0.0879,0.8791,4,Success,Purchase,Naypyidaw,MMK,False
TXN-20240126-0004140,WALL-0104554,MERCH-00338,PM-02,DEV-01,2024-01-26 16:56:33,170.26,0.3405,0.0,17,Success,Bill Payment,Bago,MMK,False
TXN-20240126-0004141,WALL-0005043,MERCH-00124,PM-03,DEV-03,2024-01-26 16:37:48,16.65,0.1332,0.0,1,Success,Purchase,Myitkyina,MMK,False
TXN-20240126-0004142,WALL-0060111,MERCH-00352,PM-05,DEV-01,2024-01-26 14:28:53,34.71,0.0,0.0,3,Success,Bill Payment,Yangon,MMK,False
TXN-20240126-0004143,WALL-0048137,MERCH-00461,PM-02,DEV-01,2024-01-26 21:58:07,286.94,0.5739,0.0,28,Success,Payment,Siem Reap,INR,False
TXN-20240126-0004144,WALL-0034196,MERCH-00173,PM-02,DEV-03,2024-01-26 12:08:05,267.52,0.535,13.376,26,Success,Purchase,Mawlamyine,MMK,False
TXN-20240126-0004145,WALL-0032867,MERCH-00207,PM-02,DEV-05,2024-01-26 17:24:15,26.72,0.0534,0.0,2,Success,Purchase,Pathein,MMK,False
TXN-20240126-0004146,WALL-0066083,MERCH-00419,PM-01,DEV-03,2024-01-26 19:48:58,103.87,0.0,0.0,0,Failed,Payment,Bago,MMK,False
TXN-20240126-0004147,WALL-0142860,MERCH-00038,PM-01,DEV-01,2024-01-26 23:08:51,11.88,0.0,0.2375,1,Success,Purchase,Hyderabad,INR,False
TXN-20240126-0004148,WALL-0081396,MERCH-00360,PM-01,DEV-03,2024-01-26 14:54:47,40.64,0.0,0.0,4,Success,Bill Payment,Kandy,LKR,False
TXN-20240126-0004149,WALL-0105811,MERCH-00307,PM-01,DEV-01,2024-01-26 08:46:52,763.55,0.0,61.0837,152,Success,Purchase,Lahore,IDR,False
TXN-20240126-0004150,WALL-0083384,MERCH-00236,PM-02,DEV-01,2024-01-26 16:31:35,5.0,0.01,0.0,0,Success,Subscription,Kuala Lumpur,MYR,False
TXN-20240126-0004151,WALL-0006552,MERCH-00167,PM-02,DEV-02,2024-01-26 12:54:48,136.26,0.2725,6.8128,13,Success,Purchase,Pathein,MMK,False
TXN-20240126-0004152,WALL-0046883,MERCH-00021,PM-04,DEV-02,2024-01-26 19:10:38,8.45,0.169,0.169,0,Success,Purchase,Bago,MMK,False
TXN-20240126-0004153,WALL-0110838,MERCH-00081,PM-01,DEV-02,2024-01-26 15:30:51,104.5,0.0,0.0,10,Success,Purchase,Surabaya,THB,False
TXN-20240126-0004154,WALL-0024007,MERCH-00160,PM-02,DEV-02,2024-01-26 21:30:33,209.44,0.4189,10.4722,20,Success,Purchase,Colombo,MMK,False
TXN-20240126-0004155,WALL-0070078,MERCH-00325,PM-01,DEV-03,2024-01-26 17:07:14,133.83,0.0,0.0,13,Success,Bill Payment,Ahmedabad,INR,False
TXN-20240126-0004156,WALL-0016582,MERCH-00018,PM-03,DEV-01,2024-01-26 01:23:53,29.69,0.2376,0.5939,2,Success,Purchase,Ahmedabad,INR,False
TXN-20240126-0004157,WALL-0071555,MERCH-00048,PM-02,DEV-02,2024-01-26 08:08:49,60.0,0.12,1.2,6,Success,Purchase,Islamabad,PKR,False
TXN-20240126-0004158,WALL-0026164,MERCH-00365,PM-04,DEV-04,2024-01-26 15:06:21,36.85,0.737,0.0,3,Success,Bill Payment,Bandung,IDR,False
TXN-20240126-0004159,WALL-0144453,MERCH-00101,PM-05,DEV-01,2024-01-26 20:20:07,37.89,0.0,0.0,3,Success,Purchase,Yangon,MMK,False
TXN-20240126-0004160,WALL-0128162,MERCH-00103,PM-01,DEV-02,2024-01-26 06:18:58,145.32,0.0,0.0,0,Failed,Purchase,Medan,IDR,False
TXN-20240126-0004161,WALL-0075181,MERCH-00221,PM-01,DEV-02,2024-01-26 14:01:30,33.97,0.0,0.0,3,Success,Purchase,Taunggyi,MMK,False
TXN-20240126-0004162,WALL-0083937,MERCH-00068,PM-02,DEV-04,2024-01-26 20:55:28,25.17,0.0503,0.5033,2,Success,Purchase,Mandalay,MMK,False
TXN-20240126-0004163,WALL-0011877,MERCH-00292,PM-02,DEV-01,2024-01-26 06:30:03,247.57,0.4951,0.0,0,Failed,Purchase,Lahore,PKR,False
TXN-20240126-0004164,WALL-0146249,MERCH-00084,PM-02,DEV-01,2024-01-26 22:27:12,36.84,0.0737,0.0,3,Success,Purchase,Jakarta,BDT,False
TXN-20240126-0004165,WALL-0040036,MERCH-00463,PM-01,DEV-01,2024-01-26 16:00:48,50.0,0.0,0.0,5,Success,Payment,Davao,PHP,False
TXN-20240126-0004166,WALL-0128738,MERCH-00384,PM-04,DEV-01,2024-01-26 15:30:26,31.55,0.6311,0.0,3,Success,Purchase,Taunggyi,MMK,False
TXN-20240126-0004167,WALL-0125703,MERCH-00060,PM-05,DEV-04,2024-01-26 18:57:02,21.57,0.0,0.4314,2,Success,Purchase,Kuala Lumpur,MYR,False
TXN-20240126-0004168,WALL-0030381,MERCH-00260,PM-01,DEV-01,2024-01-26 21:50:26,42.71,0.0,0.0,4,Success,Subscription,Naypyidaw,MMK,False
TXN-20240126-0004169,WALL-0017766,MERCH-00030,PM-01,DEV-01,2024-01-26 17:06:53,13.78,0.0,0.2756,1,Success,Purchase,Mandalay,MMK,False
TXN-20240126-0004170,WALL-0148240,MERCH-00049,PM-04,DEV-01,2024-01-26 07:58:23,10.42,0.2083,0.2083,1,Success,Purchase,Pathein,MMK,False
TXN-20240126-0004171,WALL-0061404,MERCH-00141,PM-02,DEV-01,2024-01-26 05:26:44,78.91,0.1578,3.9457,7,Success,Purchase,Pathein,MMK,False
TXN-20240126-0004172,WALL-0020119,MERCH-00124,PM-01,DEV-01,2024-01-26 23:03:58,43.72,0.0,0.0,4,Success,Purchase,Jaipur,INR,False
TXN-20240126-0004173,WALL-0093013,MERCH-00124,PM-04,DEV-01,2024-01-26 11:06:45,33.39,0.6677,0.0,3,Success,Purchase,Hyderabad,INR,False
TXN-20240126-0004174,WALL-0084868,MERCH-00187,PM-03,DEV-02,2024-01-26 21:14:26,167.84,1.3427,8.3919,16,Success,Purchase,Bangkok,THB,False
TXN-20240126-0004175,WALL-0101143,MERCH-00009,PM-05,DEV-02,2024-01-26 03:41:13,11.99,0.0,0.2397,1,Success,Purchase,Pokhara,NPR,False
TXN-20240126-0004176,WALL-0013020,MERCH-00385,PM-02,DEV-02,2024-01-26 21:41:22,120.0,0.24,0.0,12,Success,Purchase,Hyderabad,INR,False
TXN-20240126-0004177,WALL-0108320,MERCH-00082,PM-01,DEV-04,2024-01-26 15:34:30,39.57,0.0,0.0,3,Success,Purchase,Taunggyi,INR,False
TXN-20240126-0004178,WALL-0081095,MERCH-00043,PM-03,DEV-05,2024-01-26 20:07:53,25.02,0.2001,0.5004,2,Success,Purchase,Naypyidaw,MMK,False
TXN-20240126-0004179,WALL-0084522,MERCH-00407,PM-01,DEV-01,2024-01-26 12:29:26,21.57,0.0,0.0,2,Success,Payment,Karachi,PKR,False
TXN-20240126-0004180,WALL-0109742,MERCH-00141,PM-05,DEV-04,2024-01-26 20:38:13,20.0,0.0,1.0,2,Success,Purchase,Yangon,MMK,False
TXN-20240126-0004181,WALL-0037551,MERCH-00431,PM-01,DEV-05,2024-01-26 21:29:13,406.22,0.0,0.0,40,Success,Tax Payment,Mawlamyine,MMK,False
TXN-20240126-0004182,WALL-0072919,MERCH-00205,PM-02,DEV-01,2024-01-26 19:40:53,5.65,0.0113,0.0,0,Success,Purchase,Mandalay,MMK,False
TXN-20240126-0004183,WALL-0021494,MERCH-00170,PM-02,DEV-01,2024-01-26 17:35:48,471.77,0.9435,23.5885,47,Success,Purchase,Lahore,MMK,False
TXN-20240126-0004184,WALL-0125819,MERCH-00473,PM-01,DEV-03,2024-01-26 16:53:52,420.99,0.0,0.0,42,Success,Payment,Lahore,PKR,False
TXN-20240126-0004185,WALL-0082000,MERCH-00106,PM-01,DEV-01,2024-01-26 19:51:31,41.93,0.0,0.0,4,Success,Purchase,Surabaya,IDR,False
TXN-20240126-0004186,WALL-0001519,MERCH-00011,PM-01,DEV-01,2024-01-26 11:24:55,27.6,0.0,0.5519,2,Success,Purchase,Pathein,MMK,False
TXN-20240126-0004187,WALL-0070433,MERCH-00246,PM-01,DEV-01,2024-01-26 11:34:32,29.33,0.0,0.0,2,Success,Subscription,Phnom Penh,KHR,False
TXN-20240126-0004188,WALL-0047836,MERCH-00053,PM-01,DEV-02,2024-01-26 12:35:19,20.94,0.0,0.4188,2,Success,Purchase,Karachi,PKR,False
TXN-20240126-0004189,WALL-0104350,MERCH-00492,PM-01,DEV-01,2024-01-26 17:03:14,50.0,0.0,0.0,5,Success,Payment,Dhaka,BDT,False
TXN-20240126-0004190,WALL-0112741,MERCH-00396,PM-02,DEV-02,2024-01-26 06:32:28,30.19,0.0604,0.0,3,Success,Purchase,Bangkok,THB,False
TXN-20240126-0004191,WALL-0049706,MERCH-00420,PM-02,DEV-03,2024-01-26 19:29:38,129.36,0.2587,0.0,12,Success,Payment,Myitkyina,VND,False
TXN-20240126-0004192,WALL-0038141,MERCH-00003,PM-03,DEV-01,2024-01-26 14:07:37,46.91,0.3752,0.9381,4,Success,Purchase,Naypyidaw,INR,False
TXN-20240126-0004193,WALL-0114919,MERCH-00237,PM-04,DEV-02,2024-01-26 08:39:46,23.69,0.4739,0.0,2,Success,Subscription,Mandalay,MMK,False
TXN-20240126-0004194,WALL-0102066,MERCH-00449,PM-02,DEV-03,2024-01-26 17:27:01,183.88,0.3678,0.0,18,Success,Tax Payment,Pokhara,NPR,False
TXN-20240126-0004195,WALL-0147919,MERCH-00133,PM-03,DEV-01,2024-01-26 07:03:44,200.53,1.6043,10.0266,20,Success,Purchase,Bangalore,INR,False
TXN-20240126-0004196,WALL-0132765,MERCH-00042,PM-02,DEV-02,2024-01-26 10:40:43,14.05,0.0281,0.2809,1,Success,Purchase,Da Nang,VND,False
TXN-20240126-0004197,WALL-0000582,MERCH-00398,PM-01,DEV-04,2024-01-26 20:28:52,43.63,0.0,0.0,4,Success,Purchase,Myitkyina,MMK,False
TXN-20240126-0004198,WALL-0064958,MERCH-00228,PM-01,DEV-01,2024-01-26 18:15:22,7.15,0.0,0.0,0,Success,Purchase,Siem Reap,KHR,False
TXN-20240126-0004199,WALL-0133579,MERCH-00115,PM-02,DEV-01,2024-01-26 03:03:37,101.69,0.2034,0.0,10,Success,Purchase,Bago,MMK,False
TXN-20240126-0004200,WALL-0063556,MERCH-00454,PM-01,DEV-03,2024-01-26 21:21:11,183.08,0.0,0.0,18,Success,Payment,Kuala Lumpur,MYR,False
TXN-20240126-0004201,WALL-0030592,MERCH-00311,PM-01,DEV-01,2024-01-26 17:45:57,80.93,0.0,0.0,8,Success,Bill Payment,Bago,MMK,False
TXN-20240126-0004202,WALL-0105725,MERCH-00418,PM-01,DEV-01,2024-01-26 14:04:47,47.89,0.0,0.0,4,Success,Payment,Bago,MMK,False
TXN-20240126-0004203,WALL-0142046,MERCH-00088,PM-03,DEV-05,2024-01-26 12:28:12,107.77,0.8621,0.0,0,Failed,Purchase,Jaipur,INR,False
TXN-20240126-0004204,WALL-0131646,MERCH-00384,PM-01,DEV-02,2024-01-26 01:19:38,103.22,0.0,0.0,10,Success,Purchase,Ahmedabad,SGD,False
TXN-20240126-0004205,WALL-0048992,MERCH-00455,PM-02,DEV-02,2024-01-26 15:09:56,77.24,0.1545,0.0,7,Success,Payment,Mandalay,MMK,False
TXN-20240126-0004206,WALL-0051539,MERCH-00385,PM-03,DEV-02,2024-01-26 21:15:34,80.05,0.6404,0.0,8,Success,Purchase,Mawlamyine,MMK,False
TXN-20240126-0004207,WALL-0098914,MERCH-00393,PM-05,DEV-01,2024-01-26 16:22:49,41.68,0.0,0.0,4,Success,Purchase,Ahmedabad,MMK,False
TXN-20240126-0004208,WALL-0069311,MERCH-00052,PM-01,DEV-01,2024-01-26 14:38:26,19.53,0.0,0.3905,1,Success,Purchase,Bangalore,INR,False
TXN-20240126-0004209,WALL-0026793,MERCH-00063,PM-01,DEV-01,2024-01-26 14:09:20,7.24,0.0,0.1448,0,Success,Purchase,Chennai,PKR,False
TXN-20240126-0004210,WALL-0123877,MERCH-00026,PM-04,DEV-03,2024-01-26 17:13:51,22.33,0.4466,0.4466,2,Success,Purchase,Bali,IDR,False
TXN-20240126-0004211,WALL-0013047,MERCH-00077,PM-01,DEV-02,2024-01-26 19:01:04,25.06,0.0,0.5012,2,Success,Purchase,Karachi,PKR,False
TXN-20240126-0004212,WALL-0132817,MERCH-00279,PM-02,DEV-01,2024-01-26 15:53:21,718.51,1.437,57.4809,143,Success,Purchase,Singapore,SGD,False
TXN-20240126-0004213,WALL-0084195,MERCH-00047,PM-01,DEV-02,2024-01-26 12:20:38,7.09,0.0,0.1418,0,Success,Purchase,Myitkyina,MMK,False
TXN-20240126-0004214,WALL-0145960,MERCH-00417,PM-01,DEV-01,2024-01-26 09:35:31,217.85,0.0,0.0,21,Success,Payment,Pathein,MMK,False
TXN-20240126-0004215,WALL-0057161,MERCH-00379,PM-05,DEV-05,2024-01-26 10:07:33,46.12,0.0,0.0,4,Success,Purchase,Johor Bahru,IDR,False
TXN-20240126-0004216,WALL-0026598,MERCH-00329,PM-02,DEV-01,2024-01-26 14:35:11,61.02,0.122,0.0,6,Success,Bill Payment,Jakarta,IDR,False
TXN-20240126-0004217,WALL-0048466,MERCH-00449,PM-02,DEV-03,2024-01-26 02:52:09,614.55,1.2291,0.0,61,Success,Tax Payment,Yangon,MMK,False
TXN-20240126-0004218,WALL-0098068,MERCH-00086,PM-01,DEV-02,2024-01-26 14:56:47,48.54,0.0,0.0,4,Success,Purchase,Quezon City,PHP,False
TXN-20240126-0004219,WALL-0060818,MERCH-00045,PM-02,DEV-01,2024-01-26 12:52:33,9.87,0.0197,0.1973,0,Success,Purchase,Davao,PHP,False
TXN-20240126-0004220,WALL-0131364,MERCH-00113,PM-04,DEV-01,2024-01-26 20:08:20,46.24,0.9247,0.0,4,Success,Purchase,Myitkyina,MMK,False
TXN-20240126-0004221,WALL-0061796,MERCH-00098,PM-04,DEV-01,2024-01-26 18:57:58,51.27,1.0253,0.0,5,Success,Purchase,Bandung,IDR,False
TXN-20240126-0004222,WALL-0029355,MERCH-00115,PM-03,DEV-01,2024-01-26 14:58:24,76.93,0.6155,0.0,7,Success,Purchase,Bali,IDR,False
TXN-20240126-0004223,WALL-0118790,MERCH-00255,PM-01,DEV-01,2024-01-26 13:31:34,26.35,0.0,0.0,2,Success,Subscription,Kandy,LKR,False
TXN-20240126-0004224,WALL-0043453,MERCH-00108,PM-03,DEV-02,2024-01-26 08:44:26,79.35,0.6348,0.0,7,Success,Purchase,Mandalay,MMK,False
TXN-20240126-0004225,WALL-0057597,MERCH-00409,PM-03,DEV-01,2024-01-26 21:58:11,20.0,0.16,0.0,2,Success,Payment,Yangon,MMK,False
TXN-20240126-0004226,WALL-0110133,MERCH-00069,PM-04,DEV-01,2024-01-26 21:53:29,8.42,0.1685,0.1685,0,Success,Purchase,Pune,INR,False
TXN-20240126-0004227,WALL-0125282,MERCH-00080,PM-02,DEV-02,2024-01-26 13:40:46,8.62,0.0172,0.1725,0,Success,Purchase,Bago,MMK,False
TXN-20240126-0004228,WALL-0004490,MERCH-00004,PM-01,DEV-01,2024-01-26 10:58:57,28.36,0.0,0.5673,2,Success,Purchase,Chennai,INR,False
TXN-20240126-0004229,WALL-0042273,MERCH-00169,PM-02,DEV-01,2024-01-26 07:40:28,29.07,0.0581,1.4533,2,Success,Purchase,Naypyidaw,MMK,False
TXN-20240126-0004230,WALL-0066040,MERCH-00434,PM-02,DEV-01,2024-01-26 13:42:07,65.41,0.1308,0.0,6,Success,Tax Payment,Mawlamyine,MMK,False
TXN-20240126-0004231,WALL-0080112,MERCH-00281,PM-02,DEV-01,2024-01-26 08:43:56,752.95,1.5059,60.2362,150,Success,Purchase,Siem Reap,KHR,False
TXN-20240126-0004232,WALL-0021332,MERCH-00223,PM-02,DEV-01,2024-01-26 15:05:33,11.83,0.0237,0.0,1,Success,Purchase,Islamabad,PKR,False
TXN-20240126-0004233,WALL-0034234,MERCH-00340,PM-03,DEV-03,2024-01-26 15:16:37,59.65,0.4772,0.0,5,Success,Bill Payment,Mandalay,MMK,False
TXN-20240126-0004234,WALL-0038506,MERCH-00015,PM-04,DEV-02,2024-01-26 19:57:53,22.48,0.4497,0.4497,2,Success,Purchase,Bangkok,THB,False
TXN-20240126-0004235,WALL-0116927,MERCH-00305,PM-05,DEV-01,2024-01-26 10:02:56,725.81,0.0,58.0649,145,Success,Purchase,Hanoi,THB,False
TXN-20240126-0004236,WALL-0003629,MERCH-00444,PM-03,DEV-01,2024-01-26 18:23:30,50.0,0.4,0.0,5,Success,Tax Payment,Phuket,THB,False
TXN-20240126-0004237,WALL-0007463,MERCH-00360,PM-01,DEV-02,2024-01-26 16:22:36,36.08,0.0,0.0,3,Success,Bill Payment,Mandalay,MMK,False
TXN-20240126-0004238,WALL-0117283,MERCH-00377,PM-02,DEV-02,2024-01-26 16:07:56,120.0,0.24,0.0,12,Success,Purchase,Pathein,MMK,False
TXN-20240126-0004239,WALL-0096475,MERCH-00190,PM-01,DEV-03,2024-01-26 15:05:02,973.96,0.0,48.6979,97,Success,Purchase,Taunggyi,MMK,False
TXN-20240126-0004240,WALL-0086422,MERCH-00285,PM-04,DEV-03,2024-01-26 12:38:22,765.49,15.3097,61.2388,153,Success,Purchase,Khon Kaen,THB,False
TXN-20240126-0004241,WALL-0112739,MERCH-00369,PM-04,DEV-01,2024-01-26 15:22:02,20.78,0.4155,0.0,2,Success,Bill Payment,Naypyidaw,MMK,False
TXN-20240126-0004242,WALL-0069043,MERCH-00007,PM-02,DEV-02,2024-01-26 21:48:46,18.44,0.0369,0.3687,1,Success,Purchase,Ho Chi Minh City,VND,False
TXN-20240126-0004243,WALL-0095900,MERCH-00038,PM-02,DEV-01,2024-01-26 21:56:36,14.19,0.0284,0.2837,1,Success,Purchase,Karachi,PKR,False
TXN-20240126-0004244,WALL-0002136,MERCH-00088,PM-02,DEV-02,2024-01-26 22:21:19,32.94,0.0659,0.0,3,Success,Purchase,Johor Bahru,MYR,False
TXN-20240126-0004245,WALL-0123520,MERCH-00058,PM-05,DEV-03,2024-01-26 12:47:53,7.68,0.0,0.1537,0,Success,Purchase,Jaipur,INR,False
TXN-20240126-0004246,WALL-0030226,MERCH-00220,PM-03,DEV-01,2024-01-26 17:11:01,15.22,0.1218,0.0,0,Reversed,Purchase,Chiang Mai,THB,False
TXN-20240126-0004247,WALL-0045683,MERCH-00177,PM-03,DEV-01,2024-01-26 21:57:18,113.75,0.91,0.0,0,Failed,Purchase,Kandy,IDR,False
TXN-20240126-0004248,WALL-0119856,MERCH-00136,PM-02,DEV-05,2024-01-26 10:32:31,41.24,0.0825,2.062,4,Success,Purchase,Taunggyi,MMK,False
TXN-20240126-0004249,WALL-0006848,MERCH-00441,PM-01,DEV-01,2024-01-26 14:32:13,781.92,0.0,0.0,78,Success,Tax Payment,Davao,MMK,False
TXN-20240126-0004250,WALL-0108804,MERCH-00440,PM-01,DEV-04,2024-01-26 17:31:28,231.83,0.0,0.0,23,Success,Tax Payment,Taunggyi,MMK,False
TXN-20240126-0004251,WALL-0083216,MERCH-00068,PM-04,DEV-04,2024-01-26 10:31:56,16.61,0.3322,0.3322,1,Success,Purchase,Kolkata,INR,False
TXN-20240126-0004252,WALL-0012855,MERCH-00114,PM-04,DEV-01,2024-01-26 08:23:17,252.79,5.0558,0.0,25,Success,Purchase,Myitkyina,INR,False
TXN-20240126-0004253,WALL-0093393,MERCH-00222,PM-04,DEV-02,2024-01-26 09:19:19,16.43,0.3285,0.0,1,Success,Purchase,Mawlamyine,MMK,False
TXN-20240126-0004254,WALL-0084901,MERCH-00077,PM-04,DEV-01,2024-01-26 08:34:27,42.99,0.8597,0.8597,4,Success,Purchase,Jaipur,INR,False
TXN-20240126-0004255,WALL-0060462,MERCH-00190,PM-04,DEV-01,2024-01-26 22:23:39,51.19,1.0237,2.5594,5,Success,Purchase,Myitkyina,MMK,False
TXN-20240126-0004256,WALL-0130988,MERCH-00350,PM-01,DEV-01,2024-01-26 15:09:47,97.09,0.0,0.0,0,Pending,Bill Payment,Myitkyina,MMK,False
TXN-20240126-0004257,WALL-0096122,MERCH-00168,PM-02,DEV-01,2024-01-26 18:16:31,25.52,0.051,1.276,2,Success,Purchase,Pokhara,NPR,False
TXN-20240126-0004258,WALL-0139197,MERCH-00052,PM-05,DEV-01,2024-01-26 10:57:24,13.91,0.0,0.2782,1,Success,Purchase,Yangon,MMK,False
TXN-20240126-0004259,WALL-0039599,MERCH-00388,PM-01,DEV-01,2024-01-26 13:54:50,33.91,0.0,0.0,3,Success,Purchase,Yangon,MMK,False
TXN-20240126-0004260,WALL-0107812,MERCH-00132,PM-02,DEV-02,2024-01-26 13:12:20,1947.91,3.8958,97.3955,194,Success,Purchase,Phuket,THB,False
TXN-20240126-0004261,WALL-0117809,MERCH-00167,PM-01,DEV-01,2024-01-26 14:30:58,316.94,0.0,15.8471,31,Success,Purchase,Bago,MMK,False
TXN-20240126-0004262,WALL-0005170,MERCH-00113,PM-01,DEV-02,2024-01-26 21:44:58,57.38,0.0,0.0,5,Success,Purchase,Bago,MMK,False
TXN-20240126-0004263,WALL-0084363,MERCH-00337,PM-01,DEV-01,2024-01-26 16:50:20,283.6,0.0,0.0,28,Success,Bill Payment,Siem Reap,KHR,False
TXN-20240126-0004264,WALL-0057094,MERCH-00076,PM-02,DEV-03,2024-01-26 20:44:25,19.31,0.0386,0.3863,1,Success,Purchase,Mandalay,MMK,False
TXN-20240126-0004265,WALL-0038446,MERCH-00179,PM-01,DEV-02,2024-01-26 16:07:55,590.88,0.0,29.5438,59,Success,Purchase,Quezon City,PHP,False
TXN-20240126-0004266,WALL-0087411,MERCH-00056,PM-01,DEV-02,2024-01-26 11:20:18,37.83,0.0,0.7565,3,Success,Purchase,Bali,IDR,False
TXN-20240126-0004267,WALL-0042018,MERCH-00173,PM-01,DEV-01,2024-01-26 04:38:12,53.61,0.0,2.6803,5,Success,Purchase,Davao,MMK,False
TXN-20240126-0004268,WALL-0068826,MERCH-00093,PM-02,DEV-01,2024-01-26 08:59:57,38.97,0.0779,0.0,3,Success,Purchase,Naypyidaw,MMK,False
TXN-20240126-0004269,WALL-0129133,MERCH-00346,PM-02,DEV-01,2024-01-26 21:29:40,59.94,0.1199,0.0,5,Success,Bill Payment,Chiang Mai,THB,False
TXN-20240126-0004270,WALL-0027781,MERCH-00180,PM-03,DEV-01,2024-01-26 20:37:06,197.22,1.5777,9.8609,19,Success,Purchase,Kandy,LKR,False
TXN-20240126-0004271,WALL-0113123,MERCH-00488,PM-02,DEV-03,2024-01-26 21:57:03,2649.28,5.2986,0.0,264,Success,Payment,Hanoi,VND,False
TXN-20240126-0004272,WALL-0147565,MERCH-00142,PM-01,DEV-01,2024-01-26 18:26:35,171.54,0.0,8.5769,17,Success,Purchase,Dhaka,MMK,False
TXN-20240126-0004273,WALL-0149612,MERCH-00267,PM-02,DEV-02,2024-01-26 17:09:58,5.0,0.01,0.0,0,Success,Subscription,Bago,MMK,False
TXN-20240126-0004274,WALL-0101835,MERCH-00445,PM-01,DEV-01,2024-01-26 13:52:16,375.63,0.0,0.0,37,Success,Tax Payment,Chennai,PKR,False
TXN-20240126-0004275,WALL-0113361,MERCH-00039,PM-01,DEV-04,2024-01-26 17:15:39,12.48,0.0,0.2496,1,Success,Purchase,Myitkyina,MMK,False
TXN-20240126-0004276,WALL-0092772,MERCH-00014,PM-04,DEV-01,2024-01-26 12:35:19,8.09,0.1619,0.1619,0,Success,Purchase,Bago,MMK,False
TXN-20240126-0004277,WALL-0080159,MERCH-00064,PM-01,DEV-01,2024-01-26 13:17:57,24.0,0.0,0.4799,2,Success,Purchase,Ho Chi Minh City,VND,False
TXN-20240126-0004278,WALL-0070953,MERCH-00009,PM-05,DEV-05,2024-01-26 23:44:49,13.85,0.0,0.2769,1,Success,Purchase,Yangon,MMK,False
TXN-20240126-0004279,WALL-0013818,MERCH-00069,PM-01,DEV-01,2024-01-26 13:11:42,20.92,0.0,0.4185,2,Success,Purchase,Medan,IDR,False
TXN-20240126-0004280,WALL-0132681,MERCH-00089,PM-02,DEV-04,2024-01-26 18:38:24,83.95,0.1679,0.0,8,Success,Purchase,Mawlamyine,MMK,False
TXN-20240126-0004281,WALL-0143605,MERCH-00203,PM-04,DEV-01,2024-01-26 16:11:35,16.66,0.3331,0.0,1,Success,Purchase,Mawlamyine,MMK,False
TXN-20240126-0004282,WALL-0070549,MERCH-00149,PM-04,DEV-01,2024-01-26 17:07:20,104.01,2.0802,5.2004,10,Success,Purchase,Hanoi,VND,False
TXN-20240126-0004283,WALL-0039166,MERCH-00390,PM-04,DEV-03,2024-01-26 11:53:19,59.76,1.1952,0.0,5,Success,Purchase,Taunggyi,MMK,False
TXN-20240126-0004284,WALL-0004457,MERCH-00163,PM-01,DEV-02,2024-01-26 19:09:53,97.42,0.0,4.8711,9,Success,Purchase,Pokhara,NPR,False
TXN-20240126-0004285,WALL-0121709,MERCH-00264,PM-01,DEV-01,2024-01-26 07:43:16,16.84,0.0,0.0,1,Success,Subscription,Colombo,LKR,False
TXN-20240126-0004286,WALL-0069936,MERCH-00207,PM-03,DEV-01,2024-01-26 20:46:26,10.09,0.0808,0.0,1,Success,Purchase,Mandalay,MMK,False
TXN-20240126-0004287,WALL-0126674,MERCH-00226,PM-01,DEV-01,2024-01-26 17:07:30,20.13,0.0,0.0,2,Success,Purchase,Johor Bahru,MYR,False
TXN-20240126-0004288,WALL-0115533,MERCH-00262,PM-01,DEV-01,2024-01-26 15:36:26,24.97,0.0,0.0,2,Success,Subscription,Cebu City,PHP,False
TXN-20240126-0004289,WALL-0021866,MERCH-00435,PM-01,DEV-01,2024-01-26 16:02:31,101.88,0.0,0.0,10,Success,Tax Payment,Yangon,IDR,False
TXN-20240126-0004290,WALL-0043617,MERCH-00011,PM-01,DEV-02,2024-01-26 10:18:23,23.18,0.0,0.4635,2,Success,Purchase,Naypyidaw,MMK,False
TXN-20240126-0004291,WALL-0078771,MERCH-00297,PM-04,DEV-05,2024-01-26 16:36:44,292.31,5.8462,23.3848,58,Success,Purchase,Naypyidaw,MMK,False
TXN-20240126-0004292,WALL-0012146,MERCH-00311,PM-03,DEV-01,2024-01-26 14:48:37,108.61,0.8689,0.0,10,Success,Bill Payment,Bago,MMK,False
TXN-20240126-0004293,WALL-0058232,MERCH-00079,PM-02,DEV-03,2024-01-26 14:03:29,86.53,0.1731,1.7307,8,Success,Purchase,Mandalay,MMK,False
TXN-20240126-0004294,WALL-0027180,MERCH-00120,PM-01,DEV-01,2024-01-26 17:50:04,32.33,0.0,0.0,3,Success,Purchase,Phuket,THB,False
TXN-20240126-0004295,WALL-0014982,MERCH-00018,PM-01,DEV-03,2024-01-26 13:21:14,78.13,0.0,1.5626,7,Success,Purchase,Kathmandu,NPR,False
TXN-20240126-0004296,WALL-0122154,MERCH-00313,PM-03,DEV-01,2024-01-26 21:19:35,112.41,0.8993,0.0,11,Success,Bill Payment,Kuala Lumpur,MYR,False
TXN-20240126-0004297,WALL-0065506,MERCH-00197,PM-02,DEV-03,2024-01-26 13:19:50,5.0,0.01,0.0,0,Success,Purchase,Mawlamyine,MMK,False
TXN-20240126-0004298,WALL-0115509,MERCH-00027,PM-01,DEV-01,2024-01-26 16:05:13,39.77,0.0,0.7953,3,Success,Purchase,Kuala Lumpur,MMK,False
TXN-20240126-0004299,WALL-0126591,MERCH-00250,PM-04,DEV-01,2024-01-26 18:41:24,20.62,0.4124,0.0,2,Success,Subscription,Yangon,MMK,False
TXN-20240126-0004300,WALL-0091664,MERCH-00081,PM-02,DEV-01,2024-01-26 02:19:12,10.14,0.0203,0.0,1,Success,Purchase,Colombo,LKR,False
TXN-20240126-0004301,WALL-0057224,MERCH-00027,PM-01,DEV-01,2024-01-26 21:07:12,17.95,0.0,0.3589,1,Success,Purchase,Jaipur,INR,False
TXN-20240126-0004302,WALL-0021191,MERCH-00377,PM-02,DEV-03,2024-01-26 16:50:45,69.86,0.1397,0.0,6,Success,Purchase,Chennai,INR,False
TXN-20240126-0004303,WALL-0041571,MERCH-00001,PM-04,DEV-02,2024-01-26 12:44:39,8.01,0.1601,0.1601,0,Success,Purchase,Colombo,LKR,False
TXN-20240126-0004304,WALL-0078200,MERCH-00368,PM-03,DEV-01,2024-01-26 20:27:17,91.48,0.7318,0.0,9,Success,Bill Payment,Khon Kaen,THB,False
TXN-20240126-0004305,WALL-0101421,MERCH-00076,PM-01,DEV-01,2024-01-26 13:21:35,22.96,0.0,0.4592,2,Success,Purchase,Dhaka,BDT,False
TXN-20240126-0004306,WALL-0113364,MERCH-00058,PM-03,DEV-01,2024-01-26 15:07:06,12.49,0.0999,0.2498,1,Success,Purchase,Bali,THB,False
TXN-20240126-0004307,WALL-0113466,MERCH-00030,PM-01,DEV-01,2024-01-26 18:20:49,13.42,0.0,0.0,0,Pending,Purchase,Quezon City,PHP,False
TXN-20240126-0004308,WALL-0100443,MERCH-00145,PM-02,DEV-02,2024-01-26 18:11:08,172.35,0.3447,8.6174,17,Success,Purchase,Ho Chi Minh City,VND,False
TXN-20240126-0004309,WALL-0068669,MERCH-00124,PM-03,DEV-02,2024-01-26 12:02:09,60.19,0.4815,0.0,6,Success,Purchase,Karachi,PKR,False
TXN-20240126-0004310,WALL-0113661,MERCH-00488,PM-04,DEV-01,2024-01-26 08:13:50,504.62,10.0924,0.0,50,Success,Payment,Yangon,MMK,False
TXN-20240126-0004311,WALL-0016635,MERCH-00386,PM-02,DEV-02,2024-01-26 15:33:47,63.66,0.1273,0.0,6,Success,Purchase,Kathmandu,NPR,False
TXN-20240126-0004312,WALL-0137653,MERCH-00215,PM-03,DEV-01,2024-01-26 18:28:05,12.22,0.0977,0.0,1,Success,Purchase,Taunggyi,MMK,False
TXN-20240126-0004313,WALL-0129357,MERCH-00385,PM-03,DEV-03,2024-01-26 03:54:38,29.15,0.2332,0.0,2,Success,Purchase,Hanoi,VND,False
TXN-20240126-0004314,WALL-0050509,MERCH-00367,PM-04,DEV-01,2024-01-26 13:26:23,66.73,1.3345,0.0,6,Success,Bill Payment,Myitkyina,MMK,False
TXN-20240126-0004315,WALL-0058902,MERCH-00492,PM-04,DEV-02,2024-01-26 03:32:00,241.57,4.8314,0.0,24,Success,Payment,Naypyidaw,MMK,False
TXN-20240126-0004316,WALL-0132645,MERCH-00430,PM-01,DEV-01,2024-01-26 19:37:27,56.21,0.0,0.0,5,Success,Payment,Myitkyina,MMK,False
TXN-20240126-0004317,WALL-0068007,MERCH-00060,PM-03,DEV-01,2024-01-26 12:45:20,14.84,0.1187,0.0,0,Reversed,Purchase,Medan,MMK,False
TXN-20240126-0004318,WALL-0122272,MERCH-00420,PM-04,DEV-04,2024-01-26 03:44:19,64.37,1.2875,0.0,0,Failed,Payment,Manila,PHP,False
TXN-20240126-0004319,WALL-0020246,MERCH-00299,PM-03,DEV-01,2024-01-26 18:08:46,492.03,3.9363,39.3626,98,Success,Purchase,Bago,MMK,False
TXN-20240126-0004320,WALL-0033905,MERCH-00062,PM-01,DEV-01,2024-01-26 13:53:53,71.09,0.0,1.4218,7,Success,Purchase,Karachi,PKR,False
TXN-20240126-0004321,WALL-0128708,MERCH-00161,PM-04,DEV-01,2024-01-26 12:08:33,102.04,2.0407,5.1018,10,Success,Purchase,Hanoi,INR,False
TXN-20240126-0004322,WALL-0097395,MERCH-00016,PM-03,DEV-01,2024-01-26 08:29:40,27.51,0.2201,0.5501,2,Success,Purchase,Yangon,MMK,False
TXN-20240126-0004323,WALL-0074555,MERCH-00317,PM-02,DEV-01,2024-01-26 19:20:48,38.23,0.0765,0.0,3,Success,Bill Payment,Naypyidaw,MMK,False
TXN-20240126-0004324,WALL-0027793,MERCH-00347,PM-01,DEV-01,2024-01-26 13:23:25,30.57,0.0,0.0,3,Success,Bill Payment,Pathein,MMK,False
TXN-20240126-0004325,WALL-0132523,MERCH-00274,PM-01,DEV-01,2024-01-26 17:28:39,175.71,0.0,14.057,35,Success,Purchase,Pathein,MMK,False
TXN-20240126-0004326,WALL-0114169,MERCH-00108,PM-01,DEV-01,2024-01-26 20:25:52,121.7,0.0,0.0,12,Success,Purchase,Pathein,MMK,False
TXN-20240126-0004327,WALL-0012059,MERCH-00016,PM-05,DEV-03,2024-01-26 16:28:33,35.93,0.0,0.7186,3,Success,Purchase,Delhi,MYR,False
TXN-20240126-0004328,WALL-0033969,MERCH-00458,PM-04,DEV-01,2024-01-26 11:48:59,965.88,19.3176,0.0,96,Success,Payment,Bali,IDR,False
TXN-20240126-0004329,WALL-0052825,MERCH-00191,PM-01,DEV-05,2024-01-26 19:07:43,19.61,0.0,0.0,1,Success,Purchase,Ahmedabad,MMK,False
TXN-20240126-0004330,WALL-0022302,MERCH-00025,PM-01,DEV-01,2024-01-26 20:32:14,31.05,0.0,0.621,3,Success,Purchase,Cebu City,PHP,False
TXN-20240126-0004331,WALL-0001732,MERCH-00243,PM-01,DEV-01,2024-01-26 19:50:13,27.69,0.0,0.0,2,Success,Subscription,Bangkok,THB,False
TXN-20240126-0004332,WALL-0114872,MERCH-00174,PM-04,DEV-03,2024-01-26 15:30:34,109.41,2.1883,5.4707,10,Success,Purchase,Mandalay,MMK,False
TXN-20240126-0004333,WALL-0063624,MERCH-00369,PM-01,DEV-03,2024-01-26 23:20:55,11.65,0.0,0.0,1,Success,Bill Payment,Penang,MYR,False
TXN-20240126-0004334,WALL-0003458,MERCH-00380,PM-04,DEV-01,2024-01-26 12:30:45,41.71,0.8341,0.0,4,Success,Purchase,Da Nang,VND,False
TXN-20240126-0004335,WALL-0006504,MERCH-00039,PM-04,DEV-02,2024-01-26 17:09:38,10.81,0.2162,0.2162,1,Success,Purchase,Bali,IDR,False
TXN-20240126-0004336,WALL-0027052,MERCH-00326,PM-01,DEV-05,2024-01-26 23:43:19,131.06,0.0,0.0,0,Failed,Bill Payment,Surabaya,IDR,False
TXN-20240126-0004337,WALL-0133391,MERCH-00239,PM-04,DEV-01,2024-01-26 21:57:55,22.28,0.4455,0.0,2,Success,Subscription,Pattaya,THB,False
TXN-20240126-0004338,WALL-0077362,MERCH-00381,PM-02,DEV-01,2024-01-26 18:36:02,148.29,0.2966,0.0,14,Success,Purchase,Mawlamyine,MMK,False
TXN-20240126-0004339,WALL-0097122,MERCH-00145,PM-01,DEV-01,2024-01-26 05:25:38,116.96,0.0,0.0,0,Pending,Purchase,Myitkyina,MMK,False
TXN-20240126-0004340,WALL-0117881,MERCH-00160,PM-01,DEV-03,2024-01-26 18:07:00,68.37,0.0,3.4184,6,Success,Purchase,Taunggyi,MMK,False
TXN-20240126-0004341,WALL-0006786,MERCH-00410,PM-01,DEV-02,2024-01-26 21:43:27,199.34,0.0,0.0,19,Success,Payment,Kathmandu,NPR,False
TXN-20240126-0004342,WALL-0063752,MERCH-00446,PM-02,DEV-02,2024-01-26 16:11:44,483.03,0.9661,0.0,48,Success,Tax Payment,Naypyidaw,MMK,False
TXN-20240126-0004343,WALL-0029817,MERCH-00105,PM-01,DEV-05,2024-01-26 15:18:47,23.12,0.0,0.0,2,Success,Purchase,Pathein,MMK,False
TXN-20240126-0004344,WALL-0133497,MERCH-00181,PM-01,DEV-03,2024-01-26 20:10:37,230.92,0.0,11.5462,23,Success,Purchase,Manila,PHP,False
TXN-20240126-0004345,WALL-0068158,MERCH-00128,PM-01,DEV-01,2024-01-26 17:14:56,29.42,0.0,0.0,2,Success,Purchase,Hyderabad,INR,False
TXN-20240126-0004346,WALL-0028438,MERCH-00338,PM-02,DEV-02,2024-01-26 06:15:06,54.83,0.1097,0.0,5,Success,Bill Payment,Delhi,INR,False
TXN-20240126-0004347,WALL-0047559,MERCH-00243,PM-01,DEV-01,2024-01-26 16:35:39,5.82,0.0,0.0,0,Success,Subscription,Mandalay,MYR,False
TXN-20240126-0004348,WALL-0139772,MERCH-00215,PM-03,DEV-01,2024-01-26 18:09:31,11.29,0.0903,0.0,1,Success,Purchase,Jakarta,IDR,False
TXN-20240126-0004349,WALL-0040448,MERCH-00104,PM-01,DEV-01,2024-01-26 11:39:47,30.99,0.0,0.0,3,Success,Purchase,Yangon,MMK,False
TXN-20240126-0004350,WALL-0135087,MERCH-00127,PM-04,DEV-02,2024-01-26 13:28:45,61.17,1.2233,0.0,6,Success,Purchase,Islamabad,PKR,False
TXN-20240126-0004351,WALL-0026489,MERCH-00337,PM-02,DEV-01,2024-01-26 11:07:35,68.48,0.137,0.0,6,Success,Bill Payment,Johor Bahru,MYR,False
TXN-20240126-0004352,WALL-0020060,MERCH-00036,PM-02,DEV-04,2024-01-26 16:21:13,54.45,0.1089,1.0889,5,Success,Purchase,Dhaka,BDT,False
TXN-20240126-0004353,WALL-0089065,MERCH-00020,PM-01,DEV-02,2024-01-26 11:05:52,34.97,0.0,0.6995,3,Success,Purchase,Davao,PHP,False
TXN-20240126-0004354,WALL-0101218,MERCH-00313,PM-04,DEV-01,2024-01-26 12:08:14,101.15,2.023,0.0,10,Success,Bill Payment,Ahmedabad,INR,False
TXN-20240126-0004355,WALL-0016623,MERCH-00049,PM-03,DEV-04,2024-01-26 13:06:43,24.8,0.1984,0.496,2,Success,Purchase,Johor Bahru,MYR,False
TXN-20240126-0004356,WALL-0115997,MERCH-00056,PM-01,DEV-03,2024-01-26 08:46:29,18.11,0.0,0.3622,1,Success,Purchase,Phnom Penh,KHR,False
TXN-20240126-0004357,WALL-0026790,MERCH-00067,PM-02,DEV-01,2024-01-26 11:38:17,19.62,0.0392,0.3924,1,Success,Purchase,Islamabad,PKR,False
TXN-20240126-0004358,WALL-0035445,MERCH-00036,PM-01,DEV-02,2024-01-26 11:07:06,21.13,0.0,0.0,0,Reversed,Purchase,Johor Bahru,MYR,False
TXN-20240126-0004359,WALL-0089287,MERCH-00079,PM-03,DEV-02,2024-01-26 12:54:08,18.84,0.1507,0.3768,1,Success,Purchase,Manila,NPR,False
TXN-20240126-0004360,WALL-0081480,MERCH-00314,PM-02,DEV-01,2024-01-26 14:27:06,38.38,0.0768,0.0,3,Success,Bill Payment,Pathein,MMK,False
TXN-20240126-0004361,WALL-0012465,MERCH-00140,PM-01,DEV-01,2024-01-26 14:05:42,23.02,0.0,1.151,2,Success,Purchase,Hanoi,MMK,False
TXN-20240126-0004362,WALL-0021320,MERCH-00001,PM-01,DEV-01,2024-01-26 14:42:58,23.89,0.0,0.4778,2,Success,Purchase,Karachi,PKR,False
TXN-20240126-0004363,WALL-0069868,MERCH-00377,PM-02,DEV-01,2024-01-26 16:24:03,146.31,0.2926,0.0,14,Success,Purchase,Mandalay,MMK,False
TXN-20240126-0004364,WALL-0101333,MERCH-00054,PM-01,DEV-03,2024-01-26 16:33:24,19.44,0.0,0.3888,1,Success,Purchase,Yangon,MMK,False
TXN-20240126-0004365,WALL-0067267,MERCH-00095,PM-01,DEV-04,2024-01-26 19:30:37,49.66,0.0,0.0,4,Success,Purchase,Chennai,INR,False
TXN-20240126-0004366,WALL-0089132,MERCH-00389,PM-01,DEV-02,2024-01-26 17:19:39,117.38,0.0,0.0,11,Success,Purchase,Johor Bahru,MYR,False
TXN-20240126-0004367,WALL-0042525,MERCH-00316,PM-01,DEV-02,2024-01-26 18:21:28,32.43,0.0,0.0,3,Success,Bill Payment,Pattaya,THB,False
TXN-20240126-0004368,WALL-0044456,MERCH-00487,PM-01,DEV-01,2024-01-26 12:28:47,62.92,0.0,0.0,6,Success,Payment,Myitkyina,MMK,False
TXN-20240126-0004369,WALL-0108463,MERCH-00071,PM-01,DEV-05,2024-01-26 02:39:58,12.51,0.0,0.2502,1,Success,Purchase,Naypyidaw,MMK,False
TXN-20240126-0004370,WALL-0040962,MERCH-00441,PM-01,DEV-01,2024-01-26 21:55:50,50.0,0.0,0.0,5,Success,Tax Payment,Cebu City,PHP,False
TXN-20240126-0004371,WALL-0018298,MERCH-00040,PM-02,DEV-04,2024-01-26 13:19:40,16.44,0.0329,0.3287,1,Success,Purchase,Yangon,MMK,False
TXN-20240126-0004372,WALL-0028878,MERCH-00233,PM-04,DEV-01,2024-01-26 12:00:41,13.0,0.26,0.0,1,Success,Subscription,Mandalay,MMK,False
TXN-20240126-0004373,WALL-0073484,MERCH-00263,PM-03,DEV-02,2024-01-26 15:45:46,29.31,0.2345,0.0,2,Success,Subscription,Chennai,INR,False
TXN-20240126-0004374,WALL-0139377,MERCH-00209,PM-01,DEV-03,2024-01-26 09:50:44,7.18,0.0,0.0,0,Success,Purchase,Chittagong,BDT,False
TXN-20240126-0004375,WALL-0013982,MERCH-00265,PM-02,DEV-03,2024-01-26 11:54:32,15.05,0.0301,0.0,1,Success,Subscription,Taunggyi,MMK,False
TXN-20240126-0004376,WALL-0115334,MERCH-00061,PM-03,DEV-01,2024-01-26 04:59:47,13.52,0.1081,0.2703,1,Success,Purchase,Naypyidaw,MMK,False
TXN-20240126-0004377,WALL-0027210,MERCH-00024,PM-01,DEV-01,2024-01-26 16:37:47,10.99,0.0,0.2198,1,Success,Purchase,Yangon,MMK,False
TXN-20240126-0004378,WALL-0078168,MERCH-00426,PM-01,DEV-03,2024-01-26 17:57:02,32.86,0.0,0.0,3,Success,Payment,Pathein,MMK,False
TXN-20240126-0004379,WALL-0129278,MERCH-00174,PM-03,DEV-03,2024-01-26 13:37:04,42.27,0.3382,2.1135,4,Success,Purchase,Cebu City,PHP,False
TXN-20240126-0004380,WALL-0125638,MERCH-00447,PM-02,DEV-01,2024-01-26 14:45:02,838.47,1.6769,0.0,83,Success,Tax Payment,Mandalay,MMK,False
TXN-20240126-0004381,WALL-0053169,MERCH-00257,PM-02,DEV-01,2024-01-26 04:02:09,22.19,0.0444,0.0,2,Success,Subscription,Chiang Mai,THB,False
TXN-20240126-0004382,WALL-0062319,MERCH-00409,PM-02,DEV-02,2024-01-26 17:29:00,117.52,0.235,0.0,11,Success,Payment,Pune,MMK,False
TXN-20240126-0004383,WALL-0077775,MERCH-00153,PM-01,DEV-01,2024-01-26 19:49:10,556.56,0.0,27.8278,55,Success,Purchase,Chittagong,BDT,False
TXN-20240126-0004384,WALL-0144331,MERCH-00240,PM-02,DEV-02,2024-01-26 16:19:34,9.56,0.0191,0.0,0,Success,Subscription,Mandalay,MMK,False
TXN-20240126-0004385,WALL-0075452,MERCH-00448,PM-01,DEV-02,2024-01-26 13:08:07,171.65,0.0,0.0,17,Success,Tax Payment,Mandalay,MMK,False
TXN-20240126-0004386,WALL-0052122,MERCH-00266,PM-01,DEV-05,2024-01-26 18:32:21,10.13,0.0,0.0,1,Success,Subscription,Taunggyi,MMK,False
TXN-20240126-0004387,WALL-0021239,MERCH-00334,PM-04,DEV-01,2024-01-26 16:10:28,177.97,3.5594,0.0,17,Success,Bill Payment,Naypyidaw,MMK,False
TXN-20240126-0004388,WALL-0136300,MERCH-00118,PM-05,DEV-01,2024-01-26 05:20:08,71.09,0.0,0.0,7,Success,Purchase,Taunggyi,MMK,False
TXN-20240126-0004389,WALL-0029269,MERCH-00340,PM-02,DEV-03,2024-01-26 18:58:20,25.21,0.0504,0.0,2,Success,Bill Payment,Colombo,LKR,False
TXN-20240126-0004390,WALL-0130260,MERCH-00092,PM-03,DEV-02,2024-01-26 14:49:31,14.94,0.1195,0.0,1,Success,Purchase,Taunggyi,KHR,False
TXN-20240126-0004391,WALL-0093643,MERCH-00401,PM-02,DEV-01,2024-01-26 21:30:16,46.02,0.092,0.0,4,Success,Payment,Karachi,PKR,False
TXN-20240126-0004392,WALL-0040835,MERCH-00225,PM-02,DEV-05,2024-01-26 13:22:08,30.18,0.0604,0.0,3,Success,Purchase,Chennai,INR,False
TXN-20240126-0004393,WALL-0075463,MERCH-00040,PM-02,DEV-01,2024-01-26 12:36:14,38.95,0.0779,0.7789,3,Success,Purchase,Islamabad,PKR,False
TXN-20240126-0004394,WALL-0110112,MERCH-00214,PM-01,DEV-01,2024-01-26 02:04:48,13.15,0.0,0.0,1,Success,Purchase,Pune,INR,False
TXN-20240126-0004395,WALL-0053654,MERCH-00397,PM-02,DEV-01,2024-01-26 04:11:03,120.0,0.24,0.0,12,Success,Purchase,Mandalay,MMK,False
TXN-20240126-0004396,WALL-0007606,MERCH-00115,PM-01,DEV-01,2024-01-26 08:42:39,28.45,0.0,0.0,2,Success,Purchase,Pathein,MMK,False
TXN-20240126-0004397,WALL-0130414,MERCH-00414,PM-01,DEV-02,2024-01-26 15:55:31,38.01,0.0,0.0,3,Success,Payment,Penang,MYR,False
TXN-20240126-0004398,WALL-0048532,MERCH-00287,PM-05,DEV-01,2024-01-26 00:31:09,164.4,0.0,13.152,32,Success,Purchase,Naypyidaw,MMK,False
TXN-20240126-0004399,WALL-0091009,MERCH-00500,PM-01,DEV-01,2024-01-26 16:58:54,194.34,0.0,0.0,19,Success,Payment,Bangkok,PKR,False
TXN-20240126-0004400,WALL-0138218,MERCH-00362,PM-01,DEV-01,2024-01-26 13:23:17,40.84,0.0,0.0,4,Success,Bill Payment,Pathein,MMK,False
TXN-20240126-0004401,WALL-0122155,MERCH-00234,PM-01,DEV-01,2024-01-26 02:39:01,6.81,0.0,0.0,0,Success,Subscription,Kandy,LKR,False
TXN-20240126-0004402,WALL-0104687,MERCH-00235,PM-04,DEV-02,2024-01-26 13:30:52,5.0,0.1,0.0,0,Success,Subscription,Naypyidaw,MMK,False
TXN-20240126-0004403,WALL-0147521,MERCH-00335,PM-05,DEV-01,2024-01-26 17:32:56,141.31,0.0,0.0,14,Success,Bill Payment,Dhaka,BDT,False
TXN-20240126-0004404,WALL-0062065,MERCH-00294,PM-04,DEV-01,2024-01-26 13:12:47,172.66,3.4533,13.8131,34,Success,Purchase,Phnom Penh,KHR,False
TXN-20240126-0004405,WALL-0053823,MERCH-00343,PM-01,DEV-02,2024-01-26 14:53:10,48.84,0.0,0.0,4,Success,Bill Payment,Islamabad,PKR,False
TXN-20240126-0004406,WALL-0081406,MERCH-00305,PM-02,DEV-02,2024-01-26 15:05:00,1067.49,2.135,85.3991,213,Success,Purchase,Bago,MMK,False
TXN-20240126-0004407,WALL-0077603,MERCH-00213,PM-01,DEV-02,2024-01-26 14:10:23,14.85,0.0,0.0,0,Failed,Purchase,Pattaya,THB,False
TXN-20240126-0004408,WALL-0133301,MERCH-00007,PM-01,DEV-03,2024-01-26 19:30:50,27.58,0.0,0.5517,2,Success,Purchase,Pathein,MMK,False
TXN-20240126-0004409,WALL-0061942,MERCH-00062,PM-02,DEV-01,2024-01-26 20:33:47,28.41,0.0568,0.5682,2,Success,Purchase,Pokhara,NPR,False
TXN-20240126-0004410,WALL-0140448,MERCH-00448,PM-01,DEV-01,2024-01-26 16:00:05,142.61,0.0,0.0,14,Success,Tax Payment,Phnom Penh,PHP,False
TXN-20240126-0004411,WALL-0134563,MERCH-00113,PM-04,DEV-03,2024-01-26 11:03:50,82.85,1.6569,0.0,8,Success,Purchase,Pathein,MMK,False
TXN-20240126-0004412,WALL-0100617,MERCH-00319,PM-01,DEV-03,2024-01-26 06:44:32,59.46,0.0,0.0,5,Success,Bill Payment,Islamabad,PKR,False
TXN-20240126-0004413,WALL-0040233,MERCH-00392,PM-01,DEV-01,2024-01-26 19:22:01,40.59,0.0,0.0,4,Success,Purchase,Karachi,PKR,False
TXN-20240126-0004414,WALL-0082997,MERCH-00075,PM-02,DEV-01,2024-01-26 16:39:11,99.0,0.198,1.98,9,Success,Purchase,Ahmedabad,INR,False
TXN-20240126-0004415,WALL-0059993,MERCH-00134,PM-01,DEV-01,2024-01-26 05:02:03,431.21,0.0,21.5603,43,Success,Purchase,Hyderabad,INR,False
TXN-20240126-0004416,WALL-0096487,MERCH-00146,PM-04,DEV-02,2024-01-26 16:44:08,20.0,0.4,1.0,2,Success,Purchase,Bangalore,INR,False
TXN-20240126-0004417,WALL-0017660,MERCH-00110,PM-04,DEV-01,2024-01-26 13:01:41,114.37,2.2874,0.0,11,Success,Purchase,Cebu City,MMK,False
TXN-20240126-0004418,WALL-0093116,MERCH-00117,PM-03,DEV-02,2024-01-26 12:04:01,105.33,0.8426,0.0,10,Success,Purchase,Bangalore,INR,False
TXN-20240126-0004419,WALL-0026447,MERCH-00285,PM-04,DEV-02,2024-01-26 17:35:23,478.18,9.5636,38.2545,95,Success,Purchase,Lahore,PKR,False
TXN-20240126-0004420,WALL-0025743,MERCH-00323,PM-02,DEV-03,2024-01-26 12:47:11,46.36,0.0927,0.0,4,Success,Bill Payment,Hanoi,VND,False
TXN-20240126-0004421,WALL-0032142,MERCH-00254,PM-03,DEV-02,2024-01-26 16:15:29,9.09,0.0727,0.0,0,Success,Subscription,Naypyidaw,MMK,False
TXN-20240126-0004422,WALL-0145513,MERCH-00228,PM-05,DEV-03,2024-01-26 19:41:22,25.96,0.0,0.0,2,Success,Purchase,Bangkok,MYR,False
TXN-20240126-0004423,WALL-0043696,MERCH-00142,PM-01,DEV-01,2024-01-26 15:51:40,42.93,0.0,2.1463,4,Success,Purchase,Naypyidaw,MMK,False
TXN-20240126-0004424,WALL-0127951,MERCH-00130,PM-04,DEV-01,2024-01-26 17:55:09,154.74,3.0948,0.0,15,Success,Purchase,Bandung,IDR,False
TXN-20240126-0004425,WALL-0012890,MERCH-00381,PM-02,DEV-01,2024-01-26 12:32:51,44.52,0.089,0.0,4,Success,Purchase,Siem Reap,KHR,False
TXN-20240126-0004426,WALL-0098790,MERCH-00068,PM-04,DEV-02,2024-01-26 18:33:27,26.55,0.531,0.531,2,Success,Purchase,Kathmandu,NPR,False
TXN-20240126-0004427,WALL-0127215,MERCH-00063,PM-01,DEV-04,2024-01-26 21:11:03,29.76,0.0,0.5952,2,Success,Purchase,Pathein,MMK,False
TXN-20240126-0004428,WALL-0082590,MERCH-00079,PM-03,DEV-02,2024-01-26 12:14:57,25.63,0.205,0.5126,2,Success,Purchase,Taunggyi,MMK,False
TXN-20240126-0004429,WALL-0115575,MERCH-00238,PM-05,DEV-01,2024-01-26 10:29:52,7.94,0.0,0.0,0,Success,Subscription,Mawlamyine,PHP,False
TXN-20240126-0004430,WALL-0013458,MERCH-00228,PM-02,DEV-01,2024-01-26 21:00:28,17.23,0.0345,0.0,1,Success,Purchase,Pattaya,THB,False
TXN-20240126-0004431,WALL-0114370,MERCH-00267,PM-01,DEV-01,2024-01-26 16:56:45,5.32,0.0,0.0,0,Success,Subscription,Dhaka,BDT,False
TXN-20240126-0004432,WALL-0074392,MERCH-00091,PM-03,DEV-01,2024-01-26 03:30:03,40.58,0.3247,0.0,4,Success,Purchase,Mumbai,INR,False
TXN-20240126-0004433,WALL-0034009,MERCH-00311,PM-01,DEV-01,2024-01-26 06:01:44,88.88,0.0,0.0,8,Success,Bill Payment,Kolkata,INR,False
TXN-20240126-0004434,WALL-0031344,MERCH-00071,PM-01,DEV-01,2024-01-26 16:28:02,12.19,0.0,0.2438,1,Success,Purchase,Lahore,PKR,False
TXN-20240126-0004435,WALL-0140196,MERCH-00112,PM-03,DEV-01,2024-01-26 06:48:38,29.24,0.2339,0.0,2,Success,Purchase,Colombo,LKR,False
TXN-20240126-0004436,WALL-0032342,MERCH-00457,PM-05,DEV-02,2024-01-26 10:16:43,607.36,0.0,0.0,60,Success,Payment,Mawlamyine,MMK,False
TXN-20240126-0004437,WALL-0098047,MERCH-00007,PM-02,DEV-05,2024-01-26 21:03:18,11.8,0.0236,0.236,1,Success,Purchase,Pokhara,NPR,False
TXN-20240126-0004438,WALL-0071923,MERCH-00085,PM-01,DEV-02,2024-01-26 21:12:34,28.23,0.0,0.0,2,Success,Purchase,Lahore,PKR,False
TXN-20240126-0004439,WALL-0037551,MERCH-00391,PM-01,DEV-02,2024-01-26 21:44:06,133.04,0.0,0.0,13,Success,Purchase,Mawlamyine,MMK,False
TXN-20240126-0004440,WALL-0120722,MERCH-00229,PM-01,DEV-01,2024-01-26 15:07:22,8.34,0.0,0.0,0,Success,Purchase,Taunggyi,MMK,False
TXN-20240126-0004441,WALL-0075917,MERCH-00101,PM-02,DEV-01,2024-01-26 07:58:59,143.65,0.2873,0.0,14,Success,Purchase,Phuket,THB,False
TXN-20240126-0004442,WALL-0108479,MERCH-00123,PM-02,DEV-02,2024-01-26 15:18:10,73.41,0.1468,0.0,7,Success,Purchase,Bali,IDR,False
TXN-20240126-0004443,WALL-0126392,MERCH-00315,PM-01,DEV-03,2024-01-26 06:38:22,75.78,0.0,0.0,0,Failed,Bill Payment,Chittagong,BDT,False
TXN-20240126-0004444,WALL-0124350,MERCH-00232,PM-02,DEV-02,2024-01-26 23:49:32,30.84,0.0617,0.0,3,Success,Subscription,Myitkyina,MMK,False
TXN-20240126-0004445,WALL-0014196,MERCH-00096,PM-01,DEV-01,2024-01-26 14:26:30,61.14,0.0,0.0,6,Success,Purchase,Mawlamyine,MMK,False
TXN-20240126-0004446,WALL-0023431,MERCH-00165,PM-01,DEV-01,2024-01-26 15:58:50,85.08,0.0,4.2538,8,Success,Purchase,Bago,MMK,False
TXN-20240126-0004447,WALL-0141548,MERCH-00407,PM-01,DEV-01,2024-01-26 20:52:23,36.28,0.0,0.0,3,Success,Payment,Cebu City,BDT,False
TXN-20240126-0004448,WALL-0095389,MERCH-00470,PM-01,DEV-01,2024-01-26 17:40:46,608.48,0.0,0.0,60,Success,Payment,Mawlamyine,MMK,False
TXN-20240126-0004449,WALL-0022020,MERCH-00380,PM-01,DEV-03,2024-01-26 12:47:43,38.47,0.0,0.0,3,Success,Purchase,Myitkyina,MMK,False
TXN-20240126-0004450,WALL-0092078,MERCH-00267,PM-02,DEV-02,2024-01-26 12:26:43,31.08,0.0622,0.0,3,Success,Subscription,Johor Bahru,MYR,False
TXN-20240126-0004451,WALL-0046210,MERCH-00431,PM-01,DEV-01,2024-01-26 06:52:05,593.53,0.0,0.0,59,Success,Tax Payment,Jaipur,INR,False
TXN-20240126-0004452,WALL-0054619,MERCH-00199,PM-04,DEV-01,2024-01-26 00:15:10,5.71,0.1143,0.0,0,Success,Purchase,Penang,MYR,False
TXN-20240126-0004453,WALL-0020587,MERCH-00267,PM-02,DEV-01,2024-01-26 16:15:35,15.52,0.031,0.0,1,Success,Subscription,Bandung,IDR,False
TXN-20240126-0004454,WALL-0077403,MERCH-00390,PM-03,DEV-02,2024-01-26 17:18:22,20.0,0.16,0.0,2,Success,Purchase,Myitkyina,MMK,False
TXN-20240126-0004455,WALL-0030883,MERCH-00448,PM-05,DEV-01,2024-01-26 21:16:20,302.92,0.0,0.0,30,Success,Tax Payment,Colombo,LKR,False
TXN-20240126-0004456,WALL-0033317,MERCH-00171,PM-05,DEV-01,2024-01-26 04:43:53,33.76,0.0,1.6882,3,Success,Purchase,Mandalay,MMK,False
TXN-20240126-0004457,WALL-0055907,MERCH-00246,PM-01,DEV-01,2024-01-26 15:20:59,22.68,0.0,0.0,2,Success,Subscription,Pathein,MMK,False
TXN-20240126-0004458,WALL-0038248,MERCH-00106,PM-04,DEV-01,2024-01-26 01:43:27,70.59,1.4117,0.0,7,Success,Purchase,Taunggyi,MMK,False
TXN-20240126-0004459,WALL-0066621,MERCH-00084,PM-01,DEV-01,2024-01-26 19:26:48,50.15,0.0,0.0,5,Success,Purchase,Chiang Mai,THB,False
TXN-20240126-0004460,WALL-0072542,MERCH-00071,PM-04,DEV-01,2024-01-26 18:35:30,5.0,0.1,0.1,0,Success,Purchase,Taunggyi,MMK,False
TXN-20240126-0004461,WALL-0027163,MERCH-00326,PM-01,DEV-01,2024-01-26 08:02:00,125.74,0.0,0.0,12,Success,Bill Payment,Hyderabad,INR,False
TXN-20240126-0004462,WALL-0108031,MERCH-00056,PM-01,DEV-01,2024-01-26 07:31:50,28.51,0.0,0.5702,2,Success,Purchase,Jaipur,MMK,False
TXN-20240126-0004463,WALL-0114809,MERCH-00205,PM-01,DEV-01,2024-01-26 17:39:31,39.51,0.0,0.0,3,Success,Purchase,Mawlamyine,MMK,False
TXN-20240126-0004464,WALL-0045860,MERCH-00011,PM-01,DEV-01,2024-01-26 16:15:26,24.68,0.0,0.4937,2,Success,Purchase,Yangon,MMK,False
TXN-20240126-0004465,WALL-0124316,MERCH-00070,PM-05,DEV-01,2024-01-26 14:59:55,14.38,0.0,0.2877,1,Success,Purchase,Singapore,MMK,False
TXN-20240126-0004466,WALL-0146832,MERCH-00371,PM-01,DEV-01,2024-01-26 14:40:38,39.52,0.0,0.0,3,Success,Purchase,Bali,IDR,False
TXN-20240126-0004467,WALL-0056785,MERCH-00179,PM-02,DEV-05,2024-01-26 11:49:50,115.63,0.2313,5.7814,11,Success,Purchase,Myitkyina,MMK,False
TXN-20240126-0004468,WALL-0042263,MERCH-00427,PM-03,DEV-01,2024-01-26 16:33:40,48.73,0.3898,0.0,4,Success,Payment,Myitkyina,MMK,False
TXN-20240126-0004469,WALL-0019644,MERCH-00069,PM-01,DEV-02,2024-01-26 20:49:24,24.91,0.0,0.4982,2,Success,Purchase,Kathmandu,MMK,False
TXN-20240126-0004470,WALL-0131291,MERCH-00007,PM-03,DEV-02,2024-01-26 18:23:36,24.54,0.1963,0.4908,2,Success,Purchase,Manila,PHP,False
TXN-20240126-0004471,WALL-0072907,MERCH-00156,PM-02,DEV-01,2024-01-26 06:46:49,240.23,0.4805,12.0114,24,Success,Purchase,Dhaka,BDT,False
TXN-20240126-0004472,WALL-0061128,MERCH-00249,PM-03,DEV-01,2024-01-26 18:36:39,9.59,0.0767,0.0,0,Success,Subscription,Jaipur,INR,False
TXN-20240126-0004473,WALL-0119646,MERCH-00250,PM-04,DEV-01,2024-01-26 17:57:58,7.46,0.1492,0.0,0,Success,Subscription,Singapore,SGD,False
TXN-20240126-0004474,WALL-0129019,MERCH-00289,PM-01,DEV-03,2024-01-26 19:16:44,258.86,0.0,20.7089,51,Success,Purchase,Bali,IDR,False
TXN-20240126-0004475,WALL-0125074,MERCH-00009,PM-02,DEV-01,2024-01-26 19:28:01,40.16,0.0803,0.8032,4,Success,Purchase,Quezon City,PHP,False
TXN-20240126-0004476,WALL-0122885,MERCH-00086,PM-01,DEV-02,2024-01-26 20:40:56,169.93,0.0,0.0,16,Success,Purchase,Bago,MMK,False
TXN-20240126-0004477,WALL-0109033,MERCH-00200,PM-01,DEV-02,2024-01-26 14:16:41,7.38,0.0,0.0,0,Success,Purchase,Lahore,PKR,False
TXN-20240126-0004478,WALL-0032012,MERCH-00015,PM-01,DEV-01,2024-01-26 07:14:24,10.66,0.0,0.2132,1,Success,Purchase,Delhi,INR,False
TXN-20240126-0004479,WALL-0108090,MERCH-00343,PM-01,DEV-01,2024-01-26 21:58:55,54.5,0.0,0.0,5,Success,Bill Payment,Bago,MMK,False
TXN-20240126-0004480,WALL-0130417,MERCH-00017,PM-02,DEV-03,2024-01-26 13:04:10,40.3,0.0806,0.806,4,Success,Purchase,Bandung,MMK,False
TXN-20240126-0004481,WALL-0014467,MERCH-00331,PM-05,DEV-01,2024-01-26 03:05:43,89.57,0.0,0.0,8,Success,Bill Payment,Chennai,INR,False
TXN-20240126-0004482,WALL-0116429,MERCH-00063,PM-01,DEV-02,2024-01-26 13:15:54,8.87,0.0,0.1774,0,Success,Purchase,Siem Reap,KHR,False
TXN-20240126-0004483,WALL-0092642,MERCH-00017,PM-02,DEV-04,2024-01-26 21:57:00,13.09,0.0262,0.2619,1,Success,Purchase,Naypyidaw,LKR,False
TXN-20240126-0004484,WALL-0007843,MERCH-00150,PM-03,DEV-02,2024-01-26 14:39:47,30.36,0.2429,1.5182,3,Success,Purchase,Pune,INR,False
TXN-20240126-0004485,WALL-0012133,MERCH-00070,PM-03,DEV-01,2024-01-26 19:40:00,19.87,0.159,0.3975,1,Success,Purchase,Islamabad,PKR,False
TXN-20240126-0004486,WALL-0136895,MERCH-00164,PM-01,DEV-01,2024-01-26 09:25:57,72.66,0.0,3.6328,7,Success,Purchase,Mawlamyine,MMK,False
TXN-20240126-0004487,WALL-0097169,MERCH-00065,PM-03,DEV-03,2024-01-26 09:01:35,20.44,0.1635,0.0,0,Pending,Purchase,Naypyidaw,MMK,False
TXN-20240126-0004488,WALL-0075941,MERCH-00082,PM-05,DEV-02,2024-01-26 20:18:02,66.3,0.0,0.0,6,Success,Purchase,Penang,VND,False
TXN-20240126-0004489,WALL-0097715,MERCH-00356,PM-01,DEV-02,2024-01-26 13:53:45,70.0,0.0,0.0,7,Success,Bill Payment,Kathmandu,MMK,False
TXN-20240126-0004490,WALL-0094906,MERCH-00386,PM-03,DEV-01,2024-01-26 17:25:44,20.0,0.16,0.0,2,Success,Purchase,Khon Kaen,THB,False
TXN-20240126-0004491,WALL-0115672,MERCH-00275,PM-01,DEV-01,2024-01-26 20:50:14,122.03,0.0,9.7627,24,Success,Purchase,Mawlamyine,MMK,False
TXN-20240126-0004492,WALL-0097584,MERCH-00082,PM-04,DEV-01,2024-01-26 13:16:12,52.91,1.0581,0.0,5,Success,Purchase,Naypyidaw,MMK,False
TXN-20240126-0004493,WALL-0130835,MERCH-00109,PM-04,DEV-01,2024-01-26 20:18:31,72.81,1.4562,0.0,7,Success,Purchase,Mawlamyine,MMK,False
TXN-20240126-0004494,WALL-0019412,MERCH-00338,PM-03,DEV-01,2024-01-26 18:41:22,79.79,0.6384,0.0,7,Success,Bill Payment,Manila,KHR,False
TXN-20240126-0004495,WALL-0074209,MERCH-00038,PM-04,DEV-01,2024-01-26 12:13:55,10.22,0.2043,0.2043,1,Success,Purchase,Manila,PHP,False
TXN-20240126-0004496,WALL-0086172,MERCH-00021,PM-04,DEV-03,2024-01-26 16:50:27,8.75,0.175,0.175,0,Success,Purchase,Yangon,MMK,False
TXN-20240126-0004497,WALL-0072677,MERCH-00404,PM-04,DEV-02,2024-01-26 13:14:03,162.44,3.2488,0.0,16,Success,Payment,Phnom Penh,KHR,False
TXN-20240126-0004498,WALL-0081074,MERCH-00315,PM-02,DEV-03,2024-01-26 04:56:05,105.83,0.2117,0.0,10,Success,Bill Payment,Pattaya,PKR,False
TXN-20240126-0004499,WALL-0124374,MERCH-00488,PM-01,DEV-01,2024-01-26 02:42:58,81.96,0.0,0.0,8,Success,Payment,Mawlamyine,MMK,False
TXN-20240126-0004500,WALL-0117224,MERCH-00174,PM-04,DEV-02,2024-01-26 21:50:44,91.62,1.8323,4.5808,9,Success,Purchase,Mawlamyine,MMK,False
TXN-20240126-0004501,WALL-0088516,MERCH-00199,PM-03,DEV-01,2024-01-26 01:04:51,6.55,0.0524,0.0,0,Success,Purchase,Myitkyina,MMK,False
TXN-20240126-0004502,WALL-0113140,MERCH-00097,PM-01,DEV-02,2024-01-26 22:24:50,20.28,0.0,0.0,2,Success,Purchase,Bago,MMK,False
TXN-20240126-0004503,WALL-0133049,MERCH-00334,PM-04,DEV-03,2024-01-26 08:48:02,174.51,3.4901,0.0,17,Success,Bill Payment,Bangkok,MMK,False
TXN-20240126-0004504,WALL-0008683,MERCH-00028,PM-02,DEV-01,2024-01-26 19:29:17,7.71,0.0154,0.1541,0,Success,Purchase,Davao,PHP,False
TXN-20240126-0004505,WALL-0015058,MERCH-00434,PM-03,DEV-01,2024-01-26 16:28:54,153.18,1.2255,0.0,15,Success,Tax Payment,Bago,MMK,False
TXN-20240126-0004506,WALL-0063116,MERCH-00215,PM-04,DEV-05,2024-01-26 01:33:14,6.83,0.1367,0.0,0,Success,Purchase,Myitkyina,MMK,False
TXN-20240126-0004507,WALL-0080896,MERCH-00194,PM-02,DEV-02,2024-01-26 21:15:20,15.87,0.0317,0.0,1,Success,Purchase,Kathmandu,NPR,False
TXN-20240126-0004508,WALL-0090351,MERCH-00064,PM-01,DEV-03,2024-01-26 13:43:53,30.88,0.0,0.6175,3,Success,Purchase,Ahmedabad,INR,False
TXN-20240126-0004509,WALL-0016420,MERCH-00316,PM-04,DEV-01,2024-01-26 17:50:09,30.38,0.6077,0.0,3,Success,Bill Payment,Pattaya,THB,False
TXN-20240126-0004510,WALL-0050113,MERCH-00154,PM-05,DEV-01,2024-01-26 12:10:47,114.15,0.0,5.7073,11,Success,Purchase,Kolkata,INR,False
TXN-20240126-0004511,WALL-0007218,MERCH-00378,PM-03,DEV-01,2024-01-26 08:58:45,53.12,0.425,0.0,5,Success,Purchase,Chittagong,BDT,False
TXN-20240126-0004512,WALL-0132552,MERCH-00332,PM-05,DEV-02,2024-01-26 19:38:59,120.23,0.0,0.0,12,Success,Bill Payment,Mandalay,MMK,False
TXN-20240126-0004513,WALL-0116056,MERCH-00381,PM-02,DEV-02,2024-01-26 12:43:26,20.0,0.04,0.0,2,Success,Purchase,Pathein,MMK,False
TXN-20240126-0004514,WALL-0135482,MERCH-00007,PM-02,DEV-01,2024-01-26 17:05:27,20.34,0.0407,0.4068,2,Success,Purchase,Yangon,MMK,False
TXN-20240126-0004515,WALL-0059223,MERCH-00267,PM-02,DEV-03,2024-01-26 22:30:56,6.43,0.0129,0.0,0,Success,Subscription,Pathein,MMK,False
TXN-20240126-0004516,WALL-0102872,MERCH-00203,PM-01,DEV-01,2024-01-26 19:42:28,39.13,0.0,0.0,3,Success,Purchase,Hyderabad,INR,False
TXN-20240126-0004517,WALL-0015813,MERCH-00010,PM-03,DEV-03,2024-01-26 13:52:16,10.49,0.0839,0.2098,1,Success,Purchase,Colombo,LKR,False
TXN-20240126-0004518,WALL-0075072,MERCH-00416,PM-02,DEV-04,2024-01-26 15:40:04,264.96,0.5299,0.0,26,Success,Payment,Bago,MMK,False
TXN-20240126-0004519,WALL-0055518,MERCH-00296,PM-01,DEV-02,2024-01-26 13:02:23,1775.44,0.0,142.0352,355,Success,Purchase,Penang,MYR,False
TXN-20240126-0004520,WALL-0137692,MERCH-00435,PM-01,DEV-01,2024-01-26 21:45:17,142.78,0.0,0.0,14,Success,Tax Payment,Surabaya,IDR,False
TXN-20240126-0004521,WALL-0037507,MERCH-00313,PM-01,DEV-01,2024-01-26 04:19:12,125.26,0.0,0.0,0,Reversed,Bill Payment,Pathein,MMK,False
TXN-20240126-0004522,WALL-0033294,MERCH-00464,PM-04,DEV-02,2024-01-26 23:35:24,76.28,1.5257,0.0,7,Success,Payment,Karachi,PKR,False
TXN-20240126-0004523,WALL-0022095,MERCH-00314,PM-02,DEV-02,2024-01-26 08:16:06,165.91,0.3318,0.0,16,Success,Bill Payment,Pokhara,MMK,False
TXN-20240126-0004524,WALL-0021218,MERCH-00073,PM-01,DEV-01,2024-01-26 19:00:42,12.58,0.0,0.2517,1,Success,Purchase,Bago,MMK,False
TXN-20240126-0004525,WALL-0136726,MERCH-00049,PM-01,DEV-02,2024-01-26 20:25:05,20.5,0.0,0.4101,2,Success,Purchase,Hanoi,VND,False
TXN-20240126-0004526,WALL-0029807,MERCH-00188,PM-04,DEV-02,2024-01-26 17:04:52,92.67,1.8533,4.6333,9,Success,Purchase,Myitkyina,MMK,False
TXN-20240126-0004527,WALL-0063783,MERCH-00089,PM-03,DEV-03,2024-01-26 09:14:29,16.3,0.1304,0.0,1,Success,Purchase,Mawlamyine,MMK,False
TXN-20240126-0004528,WALL-0005903,MERCH-00012,PM-05,DEV-01,2024-01-26 14:02:18,31.49,0.0,0.6299,3,Success,Purchase,Pathein,MMK,False
TXN-20240126-0004529,WALL-0109123,MERCH-00269,PM-02,DEV-01,2024-01-26 14:25:32,9.91,0.0198,0.0,0,Success,Subscription,Pathein,MMK,False
TXN-20240126-0004530,WALL-0051335,MERCH-00357,PM-04,DEV-02,2024-01-26 19:34:13,45.34,0.9068,0.0,4,Success,Bill Payment,Yangon,MMK,False
TXN-20240126-0004531,WALL-0138462,MERCH-00342,PM-02,DEV-01,2024-01-26 14:30:26,31.81,0.0636,0.0,3,Success,Bill Payment,Mandalay,MMK,False
TXN-20240126-0004532,WALL-0117365,MERCH-00267,PM-04,DEV-03,2024-01-26 09:34:27,8.81,0.1762,0.0,0,Success,Subscription,Taunggyi,MMK,False
TXN-20240126-0004533,WALL-0057874,MERCH-00187,PM-03,DEV-01,2024-01-26 08:21:31,71.39,0.5711,3.5697,7,Success,Purchase,Pune,INR,False
TXN-20240126-0004534,WALL-0016343,MERCH-00113,PM-01,DEV-01,2024-01-26 10:51:26,87.94,0.0,0.0,8,Success,Purchase,Quezon City,PHP,False
TXN-20240126-0004535,WALL-0039329,MERCH-00022,PM-01,DEV-03,2024-01-26 21:54:08,18.8,0.0,0.376,1,Success,Purchase,Islamabad,PKR,False
TXN-20240126-0004536,WALL-0125211,MERCH-00079,PM-02,DEV-01,2024-01-26 13:52:16,17.21,0.0344,0.3442,1,Success,Purchase,Taunggyi,MMK,False
TXN-20240126-0004537,WALL-0060853,MERCH-00142,PM-02,DEV-02,2024-01-26 20:04:45,107.58,0.2152,5.3788,10,Success,Purchase,Bago,MMK,False
TXN-20240126-0004538,WALL-0064778,MERCH-00066,PM-02,DEV-01,2024-01-26 11:21:17,10.13,0.0203,0.2026,1,Success,Purchase,Bali,IDR,False
TXN-20240126-0004539,WALL-0140900,MERCH-00425,PM-04,DEV-01,2024-01-26 20:46:46,252.61,5.0522,0.0,25,Success,Payment,Bago,MMK,False
TXN-20240126-0004540,WALL-0103122,MERCH-00329,PM-03,DEV-02,2024-01-26 15:31:06,105.48,0.8438,0.0,10,Success,Bill Payment,Hanoi,VND,False
TXN-20240126-0004541,WALL-0119868,MERCH-00095,PM-01,DEV-01,2024-01-26 16:41:06,43.11,0.0,0.0,4,Success,Purchase,Pokhara,MMK,False
TXN-20240126-0004542,WALL-0114526,MERCH-00390,PM-01,DEV-01,2024-01-26 15:32:03,72.07,0.0,0.0,0,Reversed,Purchase,Siem Reap,KHR,False
TXN-20240126-0004543,WALL-0087316,MERCH-00387,PM-01,DEV-03,2024-01-26 23:35:18,30.54,0.0,0.0,3,Success,Purchase,Hyderabad,INR,False
TXN-20240126-0004544,WALL-0068361,MERCH-00105,PM-05,DEV-04,2024-01-26 03:54:27,37.41,0.0,0.0,3,Success,Purchase,Ho Chi Minh City,INR,False
TXN-20240126-0004545,WALL-0072781,MERCH-00305,PM-02,DEV-01,2024-01-26 07:42:34,1523.27,3.0465,121.8616,304,Success,Purchase,Phuket,THB,False
TXN-20240126-0004546,WALL-0015304,MERCH-00058,PM-01,DEV-05,2024-01-26 13:57:53,26.9,0.0,0.538,2,Success,Purchase,Bangkok,THB,False
TXN-20240126-0004547,WALL-0043561,MERCH-00205,PM-03,DEV-02,2024-01-26 16:35:33,7.52,0.0601,0.0,0,Success,Purchase,Chiang Mai,THB,False
TXN-20240126-0004548,WALL-0098215,MERCH-00007,PM-01,DEV-01,2024-01-26 19:34:21,15.0,0.0,0.2999,1,Success,Purchase,Johor Bahru,MMK,False
TXN-20240126-0004549,WALL-0148218,MERCH-00371,PM-04,DEV-04,2024-01-26 15:26:08,59.47,1.1895,0.0,5,Success,Purchase,Mawlamyine,MMK,False
TXN-20240126-0004550,WALL-0021221,MERCH-00083,PM-01,DEV-02,2024-01-26 00:43:00,78.1,0.0,0.0,7,Success,Purchase,Mawlamyine,MMK,False
TXN-20240126-0004551,WALL-0035588,MERCH-00102,PM-01,DEV-02,2024-01-26 16:28:26,149.52,0.0,0.0,14,Success,Purchase,Ho Chi Minh City,VND,False
TXN-20240126-0004552,WALL-0092411,MERCH-00376,PM-01,DEV-05,2024-01-26 16:37:47,104.32,0.0,0.0,10,Success,Purchase,Naypyidaw,MMK,False
TXN-20240126-0004553,WALL-0019944,MERCH-00472,PM-04,DEV-02,2024-01-26 06:36:59,471.05,9.4209,0.0,47,Success,Payment,Hyderabad,INR,False
TXN-20240126-0004554,WALL-0037735,MERCH-00250,PM-01,DEV-02,2024-01-26 20:54:01,11.42,0.0,0.0,1,Success,Subscription,Mandalay,MMK,False
TXN-20240126-0004555,WALL-0070285,MERCH-00032,PM-01,DEV-01,2024-01-26 09:09:55,8.47,0.0,0.1694,0,Success,Purchase,Jaipur,INR,False
TXN-20240126-0004556,WALL-0076414,MERCH-00055,PM-02,DEV-04,2024-01-26 15:42:34,7.29,0.0146,0.1457,0,Success,Purchase,Yangon,MMK,False
TXN-20240126-0004557,WALL-0071869,MERCH-00006,PM-01,DEV-01,2024-01-26 19:00:01,5.0,0.0,0.1,0,Success,Purchase,Bangalore,INR,False
TXN-20240126-0004558,WALL-0074218,MERCH-00226,PM-05,DEV-03,2024-01-26 00:32:55,19.77,0.0,0.0,1,Success,Purchase,Quezon City,IDR,False
TXN-20240126-0004559,WALL-0110546,MERCH-00031,PM-03,DEV-03,2024-01-26 05:45:12,22.87,0.1829,0.4574,2,Success,Purchase,Taunggyi,PHP,False
TXN-20240126-0004560,WALL-0067879,MERCH-00252,PM-02,DEV-03,2024-01-26 07:48:35,11.04,0.0221,0.0,1,Success,Subscription,Siem Reap,KHR,False
TXN-20240126-0004561,WALL-0004701,MERCH-00459,PM-01,DEV-01,2024-01-26 11:51:10,183.94,0.0,0.0,18,Success,Payment,Kathmandu,NPR,False
TXN-20240126-0004562,WALL-0020943,MERCH-00105,PM-03,DEV-01,2024-01-26 17:13:31,53.97,0.4318,0.0,5,Success,Purchase,Pattaya,THB,False
TXN-20240126-0004563,WALL-0111295,MERCH-00398,PM-01,DEV-02,2024-01-26 16:44:57,90.75,0.0,0.0,9,Success,Purchase,Taunggyi,MMK,False
TXN-20240126-0004564,WALL-0098821,MERCH-00321,PM-01,DEV-01,2024-01-26 16:50:50,109.7,0.0,0.0,10,Success,Bill Payment,Pathein,MMK,False
TXN-20240126-0004565,WALL-0138230,MERCH-00011,PM-03,DEV-01,2024-01-26 13:55:00,16.23,0.1298,0.3246,1,Success,Purchase,Phnom Penh,KHR,False
TXN-20240126-0004566,WALL-0117366,MERCH-00188,PM-04,DEV-02,2024-01-26 19:43:43,301.77,6.0353,15.0883,30,Success,Purchase,Surabaya,IDR,False
TXN-20240126-0004567,WALL-0032230,MERCH-00257,PM-03,DEV-03,2024-01-26 08:45:31,10.3,0.0824,0.0,1,Success,Subscription,Phuket,THB,False
TXN-20240126-0004568,WALL-0063395,MERCH-00324,PM-05,DEV-01,2024-01-26 21:17:23,116.09,0.0,0.0,0,Failed,Bill Payment,Kathmandu,INR,False
TXN-20240126-0004569,WALL-0117994,MERCH-00034,PM-03,DEV-01,2024-01-26 10:20:29,29.38,0.2351,0.5877,2,Success,Purchase,Mandalay,MMK,False
TXN-20240126-0004570,WALL-0111504,MERCH-00141,PM-01,DEV-02,2024-01-26 10:16:08,125.04,0.0,6.252,12,Success,Purchase,Cebu City,PHP,False
TXN-20240126-0004571,WALL-0066719,MERCH-00244,PM-04,DEV-02,2024-01-26 20:16:31,19.82,0.3965,0.0,1,Success,Subscription,Taunggyi,MMK,False
TXN-20240126-0004572,WALL-0051853,MERCH-00092,PM-02,DEV-01,2024-01-26 17:33:11,73.58,0.1472,0.0,7,Success,Purchase,Mawlamyine,MMK,False
TXN-20240126-0004573,WALL-0003765,MERCH-00391,PM-02,DEV-01,2024-01-26 19:54:36,110.68,0.2214,0.0,11,Success,Purchase,Bago,MMK,False
TXN-20240126-0004574,WALL-0125752,MERCH-00194,PM-01,DEV-01,2024-01-26 23:17:27,10.91,0.0,0.0,1,Success,Purchase,Pune,INR,False
TXN-20240126-0004575,WALL-0047539,MERCH-00091,PM-01,DEV-01,2024-01-26 21:43:33,68.56,0.0,0.0,0,Failed,Purchase,Mandalay,MMK,False
TXN-20240126-0004576,WALL-0058499,MERCH-00347,PM-01,DEV-01,2024-01-26 21:50:02,37.14,0.0,0.0,3,Success,Bill Payment,Taunggyi,MMK,False
TXN-20240126-0004577,WALL-0017111,MERCH-00023,PM-04,DEV-04,2024-01-26 02:29:56,12.18,0.2436,0.2436,1,Success,Purchase,Delhi,INR,False
TXN-20240126-0004578,WALL-0114081,MERCH-00203,PM-04,DEV-02,2024-01-26 00:48:56,9.97,0.1994,0.0,0,Success,Purchase,Myitkyina,MMK,False
TXN-20240126-0004579,WALL-0073486,MERCH-00374,PM-01,DEV-05,2024-01-26 08:57:18,42.37,0.0,0.0,4,Success,Purchase,Mandalay,MMK,False
TXN-20240126-0004580,WALL-0012597,MERCH-00202,PM-01,DEV-01,2024-01-26 13:42:44,15.21,0.0,0.0,1,Success,Purchase,Kolkata,INR,False
TXN-20240126-0004581,WALL-0106905,MERCH-00339,PM-01,DEV-01,2024-01-26 02:00:35,57.9,0.0,0.0,5,Success,Bill Payment,Ahmedabad,INR,False
TXN-20240126-0004582,WALL-0034236,MERCH-00004,PM-01,DEV-01,2024-01-26 21:39:36,23.13,0.0,0.4627,2,Success,Purchase,Myitkyina,MMK,False
TXN-20240126-0004583,WALL-0105682,MERCH-00012,PM-01,DEV-03,2024-01-26 19:14:39,24.08,0.0,0.4815,2,Success,Purchase,Naypyidaw,MMK,False
TXN-20240126-0004584,WALL-0127882,MERCH-00014,PM-03,DEV-02,2024-01-26 20:06:58,22.86,0.1829,0.4571,2,Success,Purchase,Mandalay,MMK,False
TXN-20240126-0004585,WALL-0054789,MERCH-00221,PM-04,DEV-05,2024-01-26 15:36:28,41.85,0.8369,0.0,4,Success,Purchase,Hanoi,VND,False
TXN-20240126-0004586,WALL-0112083,MERCH-00381,PM-01,DEV-01,2024-01-26 17:12:33,151.44,0.0,0.0,15,Success,Purchase,Mandalay,MMK,False
TXN-20240126-0004587,WALL-0059653,MERCH-00061,PM-01,DEV-03,2024-01-26 18:04:59,7.75,0.0,0.155,0,Success,Purchase,Pathein,MMK,False
TXN-20240126-0004588,WALL-0147066,MERCH-00052,PM-01,DEV-01,2024-01-26 09:10:47,15.37,0.0,0.3074,1,Success,Purchase,Mandalay,MMK,False
TXN-20240126-0004589,WALL-0027358,MERCH-00023,PM-02,DEV-01,2024-01-26 04:39:13,10.95,0.0219,0.2189,1,Success,Purchase,Chittagong,PHP,False
TXN-20240126-0004590,WALL-0040242,MERCH-00102,PM-01,DEV-03,2024-01-26 21:36:30,37.58,0.0,0.0,3,Success,Purchase,Quezon City,INR,False
TXN-20240126-0004591,WALL-0108797,MERCH-00335,PM-01,DEV-01,2024-01-26 00:49:15,40.43,0.0,0.0,4,Success,Bill Payment,Colombo,MMK,False
TXN-20240126-0004592,WALL-0111610,MERCH-00046,PM-01,DEV-01,2024-01-26 21:29:30,24.06,0.0,0.4813,2,Success,Purchase,Ahmedabad,INR,False
TXN-20240126-0004593,WALL-0068846,MERCH-00085,PM-03,DEV-01,2024-01-26 12:18:51,38.04,0.3043,0.0,3,Success,Purchase,Phnom Penh,KHR,False
TXN-20240126-0004594,WALL-0006111,MERCH-00084,PM-05,DEV-01,2024-01-26 12:59:08,46.69,0.0,0.0,4,Success,Purchase,Mandalay,MMK,False
TXN-20240126-0004595,WALL-0021938,MERCH-00220,PM-03,DEV-04,2024-01-26 14:30:04,43.78,0.3503,0.0,4,Success,Purchase,Surabaya,IDR,False
TXN-20240126-0004596,WALL-0113025,MERCH-00379,PM-04,DEV-02,2024-01-26 11:27:42,121.61,2.4321,0.0,0,Pending,Purchase,Pathein,MMK,False
TXN-20240126-0004597,WALL-0043212,MERCH-00085,PM-02,DEV-05,2024-01-26 23:16:33,94.77,0.1895,0.0,9,Success,Purchase,Bandung,INR,False
TXN-20240126-0004598,WALL-0123233,MERCH-00236,PM-02,DEV-01,2024-01-26 21:08:16,27.58,0.0552,0.0,2,Success,Subscription,Quezon City,PHP,False
TXN-20240126-0004599,WALL-0138517,MERCH-00376,PM-03,DEV-03,2024-01-26 16:24:36,42.87,0.3429,0.0,4,Success,Purchase,Quezon City,PHP,False
TXN-20240126-0004600,WALL-0046803,MERCH-00193,PM-01,DEV-01,2024-01-26 17:57:07,15.85,0.0,0.0,1,Success,Purchase,Jaipur,INR,False
TXN-20240126-0004601,WALL-0133067,MERCH-00422,PM-03,DEV-01,2024-01-26 13:42:24,105.79,0.8463,0.0,10,Success,Payment,Bangalore,INR,False
TXN-20240126-0004602,WALL-0107185,MERCH-00048,PM-05,DEV-03,2024-01-26 06:42:01,20.42,0.0,0.0,0,Reversed,Purchase,Penang,MMK,False
TXN-20240126-0004603,WALL-0114585,MERCH-00441,PM-03,DEV-01,2024-01-26 10:21:56,327.3,2.6184,0.0,32,Success,Tax Payment,Yangon,MMK,False
TXN-20240126-0004604,WALL-0015802,MERCH-00022,PM-02,DEV-01,2024-01-26 16:25:55,26.56,0.0531,0.5311,2,Success,Purchase,Da Nang,VND,False
TXN-20240126-0004605,WALL-0035011,MERCH-00441,PM-03,DEV-01,2024-01-26 13:05:30,119.67,0.9574,0.0,11,Success,Tax Payment,Yangon,MMK,False
TXN-20240126-0004606,WALL-0060283,MERCH-00442,PM-01,DEV-02,2024-01-26 18:34:25,211.09,0.0,0.0,21,Success,Tax Payment,Naypyidaw,MMK,False
TXN-20240126-0004607,WALL-0125423,MERCH-00198,PM-02,DEV-04,2024-01-26 17:09:47,11.74,0.0235,0.0,1,Success,Purchase,Taunggyi,MMK,False
TXN-20240126-0004608,WALL-0130345,MERCH-00052,PM-01,DEV-01,2024-01-26 05:58:37,36.61,0.0,0.7321,3,Success,Purchase,Yangon,MMK,False
TXN-20240126-0004609,WALL-0119694,MERCH-00350,PM-02,DEV-03,2024-01-26 18:57:44,21.69,0.0434,0.0,2,Success,Bill Payment,Davao,PHP,False
TXN-20240126-0004610,WALL-0046867,MERCH-00035,PM-03,DEV-01,2024-01-26 17:13:12,36.3,0.2904,0.726,3,Success,Purchase,Siem Reap,KHR,False
TXN-20240126-0004611,WALL-0148886,MERCH-00084,PM-02,DEV-01,2024-01-26 16:00:17,40.39,0.0808,0.0,4,Success,Purchase,Pathein,MMK,False
TXN-20240126-0004612,WALL-0130885,MERCH-00424,PM-04,DEV-01,2024-01-26 14:46:59,87.91,1.7581,0.0,0,Reversed,Payment,Jakarta,IDR,False
TXN-20240126-0004613,WALL-0090162,MERCH-00292,PM-02,DEV-01,2024-01-26 15:46:42,259.65,0.5193,20.7718,51,Success,Purchase,Kuala Lumpur,MYR,False
TXN-20240126-0004614,WALL-0097444,MERCH-00051,PM-02,DEV-02,2024-01-26 13:58:08,13.61,0.0272,0.2722,1,Success,Purchase,Surabaya,IDR,False
TXN-20240126-0004615,WALL-0024611,MERCH-00098,PM-01,DEV-01,2024-01-26 08:26:01,47.53,0.0,0.0,4,Success,Purchase,Bali,IDR,False
TXN-20240126-0004616,WALL-0020003,MERCH-00219,PM-02,DEV-01,2024-01-26 21:04:58,7.71,0.0154,0.0,0,Success,Purchase,Colombo,LKR,False
TXN-20240126-0004617,WALL-0057636,MERCH-00202,PM-02,DEV-03,2024-01-26 16:27:03,8.31,0.0166,0.0,0,Success,Purchase,Myitkyina,MMK,False
TXN-20240126-0004618,WALL-0057376,MERCH-00415,PM-02,DEV-01,2024-01-26 18:41:04,89.32,0.1786,0.0,8,Success,Payment,Surabaya,IDR,False
TXN-20240126-0004619,WALL-0147003,MERCH-00046,PM-01,DEV-01,2024-01-26 20:40:55,6.59,0.0,0.1318,0,Success,Purchase,Bangalore,INR,False
TXN-20240126-0004620,WALL-0011872,MERCH-00084,PM-04,DEV-01,2024-01-26 08:37:40,36.46,0.7291,0.0,3,Success,Purchase,Mandalay,MMK,False
TXN-20240126-0004621,WALL-0024319,MERCH-00335,PM-01,DEV-02,2024-01-26 13:17:43,92.93,0.0,0.0,9,Success,Bill Payment,Yangon,MMK,False
TXN-20240126-0004622,WALL-0035108,MERCH-00460,PM-04,DEV-01,2024-01-26 10:24:18,346.35,6.9271,0.0,34,Success,Payment,Naypyidaw,MMK,False
TXN-20240126-0004623,WALL-0028685,MERCH-00353,PM-01,DEV-03,2024-01-26 10:43:56,10.22,0.0,0.0,1,Success,Bill Payment,Mandalay,MMK,False
TXN-20240126-0004624,WALL-0134009,MERCH-00429,PM-02,DEV-01,2024-01-26 06:04:16,61.37,0.1227,0.0,6,Success,Payment,Penang,MYR,False
TXN-20240126-0004625,WALL-0005414,MERCH-00078,PM-05,DEV-01,2024-01-26 19:13:25,19.15,0.0,0.383,1,Success,Purchase,Bandung,IDR,False
TXN-20240126-0004626,WALL-0030904,MERCH-00263,PM-02,DEV-01,2024-01-26 14:07:18,12.82,0.0256,0.0,1,Success,Subscription,Phuket,THB,False
TXN-20240126-0004627,WALL-0062980,MERCH-00410,PM-03,DEV-01,2024-01-26 12:56:03,312.43,2.4994,0.0,31,Success,Payment,Taunggyi,MMK,False
TXN-20240126-0004628,WALL-0141246,MERCH-00286,PM-03,DEV-01,2024-01-26 19:48:34,314.5,2.516,25.1603,62,Success,Purchase,Yangon,MMK,False
TXN-20240126-0004629,WALL-0147274,MERCH-00174,PM-03,DEV-01,2024-01-26 17:33:30,57.14,0.4571,2.8569,5,Success,Purchase,Pathein,MMK,False
TXN-20240126-0004630,WALL-0101640,MERCH-00005,PM-01,DEV-03,2024-01-26 20:34:57,22.18,0.0,0.4436,2,Success,Purchase,Bago,MMK,False
TXN-20240126-0004631,WALL-0035214,MERCH-00397,PM-02,DEV-03,2024-01-26 21:57:50,44.45,0.0889,0.0,4,Success,Purchase,Taunggyi,MMK,False
TXN-20240126-0004632,WALL-0133365,MERCH-00216,PM-01,DEV-01,2024-01-26 20:56:07,8.79,0.0,0.0,0,Success,Purchase,Penang,MYR,False
TXN-20240126-0004633,WALL-0021294,MERCH-00437,PM-03,DEV-01,2024-01-26 20:11:41,50.0,0.4,0.0,5,Success,Tax Payment,Chennai,INR,False
TXN-20240126-0004634,WALL-0006854,MERCH-00054,PM-03,DEV-01,2024-01-26 12:17:52,10.02,0.0802,0.2004,1,Success,Purchase,Mandalay,MMK,False
TXN-20240126-0004635,WALL-0074623,MERCH-00423,PM-01,DEV-01,2024-01-26 18:22:59,31.69,0.0,0.0,3,Success,Payment,Mandalay,MMK,False
TXN-20240126-0004636,WALL-0148706,MERCH-00077,PM-04,DEV-01,2024-01-26 18:13:43,29.91,0.5982,0.5982,2,Success,Purchase,Khon Kaen,THB,False
TXN-20240126-0004637,WALL-0106732,MERCH-00162,PM-01,DEV-01,2024-01-26 08:38:15,45.71,0.0,2.2856,4,Success,Purchase,Kuala Lumpur,MYR,False
TXN-20240126-0004638,WALL-0001674,MERCH-00204,PM-04,DEV-01,2024-01-26 20:13:24,6.45,0.129,0.0,0,Success,Purchase,Myitkyina,MMK,False
TXN-20240126-0004639,WALL-0085940,MERCH-00049,PM-01,DEV-02,2024-01-26 12:13:58,35.43,0.0,0.7087,3,Success,Purchase,Yangon,MMK,False
TXN-20240126-0004640,WALL-0060212,MERCH-00007,PM-01,DEV-02,2024-01-26 20:33:00,22.97,0.0,0.4594,2,Success,Purchase,Davao,PHP,False
TXN-20240126-0004641,WALL-0001984,MERCH-00021,PM-03,DEV-01,2024-01-26 19:10:12,23.44,0.1875,0.0,0,Pending,Purchase,Taunggyi,MMK,False
TXN-20240126-0004642,WALL-0089707,MERCH-00118,PM-04,DEV-01,2024-01-26 07:41:20,19.71,0.3943,0.0,1,Success,Purchase,Colombo,MMK,False
TXN-20240126-0004643,WALL-0021534,MERCH-00191,PM-02,DEV-01,2024-01-26 14:49:12,5.0,0.01,0.0,0,Success,Purchase,Mandalay,MMK,False
TXN-20240126-0004644,WALL-0032666,MERCH-00120,PM-01,DEV-03,2024-01-26 11:35:55,19.37,0.0,0.0,1,Success,Purchase,Chiang Mai,THB,False
TXN-20240126-0004645,WALL-0028213,MERCH-00193,PM-03,DEV-01,2024-01-26 20:39:36,15.46,0.1236,0.0,1,Success,Purchase,Kathmandu,NPR,False
TXN-20240126-0004646,WALL-0015448,MERCH-00114,PM-02,DEV-01,2024-01-26 23:47:54,164.14,0.3283,0.0,0,Failed,Purchase,Pathein,MMK,False
TXN-20240126-0004647,WALL-0105960,MERCH-00032,PM-03,DEV-01,2024-01-26 18:24:14,19.25,0.154,0.385,1,Success,Purchase,Naypyidaw,MMK,False
TXN-20240126-0004648,WALL-0029580,MERCH-00442,PM-03,DEV-01,2024-01-26 19:26:41,716.04,5.7283,0.0,71,Success,Tax Payment,Mawlamyine,MMK,False
TXN-20240126-0004649,WALL-0126281,MERCH-00224,PM-02,DEV-01,2024-01-26 22:04:00,21.31,0.0426,0.0,2,Success,Purchase,Taunggyi,MMK,False
TXN-20240126-0004650,WALL-0065787,MERCH-00094,PM-02,DEV-03,2024-01-26 12:09:02,69.95,0.1399,0.0,6,Success,Purchase,Mandalay,MMK,False
TXN-20240126-0004651,WALL-0088706,MERCH-00376,PM-01,DEV-01,2024-01-26 16:21:21,65.75,0.0,0.0,6,Success,Purchase,Jakarta,INR,False
TXN-20240126-0004652,WALL-0102322,MERCH-00216,PM-02,DEV-01,2024-01-26 09:38:46,18.46,0.0369,0.0,0,Failed,Purchase,Siem Reap,KHR,False
TXN-20240126-0004653,WALL-0036841,MERCH-00052,PM-04,DEV-01,2024-01-26 18:12:21,15.9,0.3181,0.3181,1,Success,Purchase,Johor Bahru,MYR,False
TXN-20240126-0004654,WALL-0017126,MERCH-00097,PM-03,DEV-01,2024-01-26 20:00:21,36.67,0.2934,0.0,3,Success,Purchase,Yangon,MMK,False
TXN-20240126-0004655,WALL-0119230,MERCH-00093,PM-05,DEV-03,2024-01-26 02:09:21,80.19,0.0,0.0,8,Success,Purchase,Kandy,LKR,False
TXN-20240126-0004656,WALL-0086666,MERCH-00205,PM-01,DEV-01,2024-01-26 08:02:12,35.0,0.0,0.0,3,Success,Purchase,Mawlamyine,MMK,False
TXN-20240126-0004657,WALL-0035421,MERCH-00258,PM-01,DEV-01,2024-01-26 00:25:03,23.93,0.0,0.0,2,Success,Subscription,Naypyidaw,MMK,False
TXN-20240126-0004658,WALL-0007537,MERCH-00049,PM-01,DEV-03,2024-01-26 21:55:52,8.15,0.0,0.1631,0,Success,Purchase,Bangkok,THB,False
TXN-20240126-0004659,WALL-0074959,MERCH-00157,PM-02,DEV-03,2024-01-26 20:45:14,43.15,0.0863,2.1575,4,Success,Purchase,Bago,MMK,False
TXN-20240126-0004660,WALL-0032893,MERCH-00035,PM-04,DEV-03,2024-01-26 02:01:16,75.66,1.5131,1.5131,7,Success,Purchase,Mumbai,INR,False
TXN-20240126-0004661,WALL-0050683,MERCH-00027,PM-02,DEV-01,2024-01-26 13:03:30,25.16,0.0503,0.5033,2,Success,Purchase,Pattaya,THB,False
TXN-20240126-0004662,WALL-0019424,MERCH-00149,PM-05,DEV-01,2024-01-26 15:35:32,145.9,0.0,7.295,14,Success,Purchase,Mandalay,MMK,False
TXN-20240126-0004663,WALL-0135735,MERCH-00311,PM-01,DEV-01,2024-01-26 13:10:36,134.43,0.0,0.0,13,Success,Bill Payment,Mandalay,MMK,False
TXN-20240126-0004664,WALL-0074559,MERCH-00408,PM-03,DEV-04,2024-01-26 20:19:28,74.32,0.5946,0.0,7,Success,Payment,Quezon City,PHP,False
TXN-20240126-0004665,WALL-0118312,MERCH-00076,PM-02,DEV-01,2024-01-26 18:58:15,12.17,0.0243,0.2435,1,Success,Purchase,Pokhara,NPR,False
TXN-20240126-0004666,WALL-0091656,MERCH-00105,PM-04,DEV-01,2024-01-26 14:00:16,78.28,1.5655,0.0,7,Success,Purchase,Kandy,LKR,False
TXN-20240126-0004667,WALL-0114090,MERCH-00376,PM-02,DEV-02,2024-01-26 17:19:58,90.21,0.1804,0.0,0,Reversed,Purchase,Quezon City,PHP,False
TXN-20240126-0004668,WALL-0129729,MERCH-00141,PM-01,DEV-03,2024-01-26 14:38:45,204.76,0.0,10.2381,20,Success,Purchase,Taunggyi,MMK,False
TXN-20240126-0004669,WALL-0060338,MERCH-00272,PM-01,DEV-03,2024-01-26 07:21:29,235.99,0.0,18.8795,47,Success,Purchase,Kathmandu,NPR,False
TXN-20240126-0004670,WALL-0028660,MERCH-00042,PM-01,DEV-02,2024-01-26 21:07:44,7.78,0.0,0.1556,0,Success,Purchase,Manila,PHP,False
TXN-20240126-0004671,WALL-0066824,MERCH-00027,PM-01,DEV-01,2024-01-26 08:30:13,15.3,0.0,0.306,1,Success,Purchase,Taunggyi,MMK,False
TXN-20240126-0004672,WALL-0046763,MERCH-00030,PM-03,DEV-01,2024-01-26 13:45:34,20.77,0.1661,0.4154,2,Success,Purchase,Kuala Lumpur,MYR,False
TXN-20240126-0004673,WALL-0121788,MERCH-00385,PM-05,DEV-01,2024-01-26 07:04:30,106.53,0.0,0.0,10,Success,Purchase,Chennai,IDR,False
TXN-20240126-0004674,WALL-0021884,MERCH-00070,PM-04,DEV-01,2024-01-26 16:59:26,15.56,0.3113,0.3113,1,Success,Purchase,Cebu City,PHP,False
TXN-20240126-0004675,WALL-0079381,MERCH-00258,PM-01,DEV-01,2024-01-26 16:45:07,8.98,0.0,0.0,0,Success,Subscription,Bangkok,THB,False
TXN-20240126-0004676,WALL-0032324,MERCH-00189,PM-05,DEV-01,2024-01-26 08:37:14,46.74,0.0,2.3372,4,Success,Purchase,Pathein,MMK,False
TXN-20240126-0004677,WALL-0077581,MERCH-00182,PM-03,DEV-01,2024-01-26 18:53:54,102.06,0.8165,5.1029,10,Success,Purchase,Davao,PHP,False
TXN-20240126-0004678,WALL-0148045,MERCH-00068,PM-01,DEV-01,2024-01-26 17:50:02,99.0,0.0,1.98,9,Success,Purchase,Yangon,MMK,False
TXN-20240126-0004679,WALL-0137636,MERCH-00112,PM-02,DEV-05,2024-01-26 12:45:07,40.84,0.0817,0.0,4,Success,Purchase,Khon Kaen,MMK,False
TXN-20240126-0004680,WALL-0075316,MERCH-00269,PM-05,DEV-01,2024-01-26 15:42:49,10.42,0.0,0.0,1,Success,Subscription,Mandalay,MMK,False
TXN-20240126-0004681,WALL-0035788,MERCH-00158,PM-01,DEV-03,2024-01-26 21:42:48,72.77,0.0,3.6384,7,Success,Purchase,Naypyidaw,MMK,False
TXN-20240126-0004682,WALL-0116875,MERCH-00030,PM-01,DEV-02,2024-01-26 09:13:58,23.16,0.0,0.4632,2,Success,Purchase,Manila,PHP,False
TXN-20240126-0004683,WALL-0017292,MERCH-00188,PM-03,DEV-01,2024-01-26 15:42:35,48.81,0.3905,2.4407,4,Success,Purchase,Delhi,INR,False
TXN-20240126-0004684,WALL-0133767,MERCH-00176,PM-02,DEV-03,2024-01-26 12:08:48,48.18,0.0964,0.0,0,Failed,Purchase,Mandalay,MMK,False
TXN-20240126-0004685,WALL-0118665,MERCH-00310,PM-02,DEV-02,2024-01-26 12:56:07,174.61,0.3492,13.9689,34,Success,Purchase,Mawlamyine,MMK,False
TXN-20240126-0004686,WALL-0087174,MERCH-00420,PM-02,DEV-01,2024-01-26 19:03:42,20.0,0.04,0.0,2,Success,Payment,Cebu City,PHP,False
TXN-20240126-0004687,WALL-0145117,MERCH-00292,PM-01,DEV-01,2024-01-26 16:05:53,101.62,0.0,8.1299,20,Success,Purchase,Naypyidaw,MMK,False
TXN-20240126-0004688,WALL-0120634,MERCH-00342,PM-01,DEV-01,2024-01-26 10:33:34,27.87,0.0,0.0,2,Success,Bill Payment,Pathein,IDR,False
TXN-20240126-0004689,WALL-0096514,MERCH-00402,PM-03,DEV-01,2024-01-26 18:23:20,77.8,0.6224,0.0,7,Success,Payment,Kathmandu,NPR,False
TXN-20240126-0004690,WALL-0057252,MERCH-00350,PM-01,DEV-01,2024-01-26 16:49:36,29.57,0.0,0.0,2,Success,Bill Payment,Myitkyina,NPR,False
TXN-20240126-0004691,WALL-0010857,MERCH-00362,PM-01,DEV-05,2024-01-26 15:32:21,28.63,0.0,0.0,2,Success,Bill Payment,Hyderabad,INR,False
TXN-20240126-0004692,WALL-0076975,MERCH-00112,PM-01,DEV-01,2024-01-26 01:07:18,117.3,0.0,0.0,11,Success,Purchase,Bangkok,THB,True
TXN-20240126-0004693,WALL-0055770,MERCH-00164,PM-02,DEV-01,2024-01-26 18:19:05,104.1,0.2082,5.205,10,Success,Purchase,Surabaya,IDR,False
TXN-20240126-0004694,WALL-0137707,MERCH-00063,PM-01,DEV-01,2024-01-26 18:21:32,5.0,0.0,0.1,0,Success,Purchase,Taunggyi,MMK,False
TXN-20240126-0004695,WALL-0132308,MERCH-00095,PM-02,DEV-01,2024-01-26 20:52:52,74.5,0.149,0.0,7,Success,Purchase,Mandalay,MMK,False
TXN-20240126-0004696,WALL-0087807,MERCH-00158,PM-02,DEV-01,2024-01-26 22:24:04,478.5,0.957,23.9249,47,Success,Purchase,Pattaya,THB,False
TXN-20240126-0004697,WALL-0093781,MERCH-00252,PM-01,DEV-03,2024-01-26 18:52:21,41.52,0.0,0.0,4,Success,Subscription,Naypyidaw,MMK,False
TXN-20240126-0004698,WALL-0052143,MERCH-00295,PM-02,DEV-01,2024-01-26 06:41:47,102.38,0.2048,8.1907,20,Success,Purchase,Naypyidaw,MMK,False
TXN-20240126-0004699,WALL-0115218,MERCH-00425,PM-01,DEV-01,2024-01-26 17:06:01,122.83,0.0,0.0,12,Success,Payment,Kandy,LKR,False
TXN-20240126-0004700,WALL-0034286,MERCH-00352,PM-04,DEV-01,2024-01-26 06:23:35,32.73,0.6546,0.0,3,Success,Bill Payment,Chittagong,BDT,False
TXN-20240126-0004701,WALL-0049364,MERCH-00433,PM-01,DEV-01,2024-01-26 04:37:16,107.6,0.0,0.0,10,Success,Tax Payment,Myitkyina,MMK,False
TXN-20240126-0004702,WALL-0139837,MERCH-00123,PM-02,DEV-01,2024-01-26 15:34:21,32.87,0.0657,0.0,3,Success,Purchase,Kathmandu,NPR,False
TXN-20240126-0004703,WALL-0050476,MERCH-00141,PM-01,DEV-01,2024-01-26 12:58:15,692.47,0.0,34.6235,69,Success,Purchase,Khon Kaen,THB,False
TXN-20240126-0004704,WALL-0113697,MERCH-00002,PM-05,DEV-02,2024-01-26 11:14:09,12.26,0.0,0.2452,1,Success,Purchase,Mawlamyine,MMK,False
TXN-20240126-0004705,WALL-0131115,MERCH-00036,PM-01,DEV-04,2024-01-26 19:53:19,17.41,0.0,0.3481,1,Success,Purchase,Da Nang,VND,False
TXN-20240126-0004706,WALL-0145545,MERCH-00098,PM-04,DEV-01,2024-01-26 17:31:20,83.27,1.6654,0.0,8,Success,Purchase,Myitkyina,MMK,False
TXN-20240126-0004707,WALL-0090201,MERCH-00192,PM-03,DEV-01,2024-01-26 15:58:16,31.74,0.2539,0.0,3,Success,Purchase,Bangalore,INR,False
TXN-20240126-0004708,WALL-0008384,MERCH-00248,PM-04,DEV-02,2024-01-26 07:43:33,11.09,0.2218,0.0,0,Failed,Subscription,Johor Bahru,MMK,False
TXN-20240126-0004709,WALL-0086310,MERCH-00090,PM-04,DEV-01,2024-01-26 15:00:42,48.26,0.9652,0.0,4,Success,Purchase,Myitkyina,MMK,False
TXN-20240126-0004710,WALL-0055829,MERCH-00029,PM-03,DEV-03,2024-01-26 15:23:00,9.73,0.0779,0.1947,0,Success,Purchase,Pathein,MMK,False
TXN-20240126-0004711,WALL-0116858,MERCH-00400,PM-03,DEV-05,2024-01-26 15:42:35,72.03,0.5762,0.0,7,Success,Purchase,Singapore,SGD,False
TXN-20240126-0004712,WALL-0016031,MERCH-00153,PM-01,DEV-01,2024-01-26 15:10:01,174.46,0.0,0.0,0,Failed,Purchase,Naypyidaw,MMK,False
TXN-20240126-0004713,WALL-0055392,MERCH-00004,PM-03,DEV-01,2024-01-26 19:05:07,12.45,0.0996,0.249,1,Success,Purchase,Mawlamyine,MMK,False
TXN-20240126-0004714,WALL-0010463,MERCH-00008,PM-01,DEV-01,2024-01-26 20:15:06,11.58,0.0,0.2315,1,Success,Purchase,Hyderabad,INR,False
TXN-20240126-0004715,WALL-0020013,MERCH-00435,PM-01,DEV-02,2024-01-26 20:32:23,50.0,0.0,0.0,5,Success,Tax Payment,Davao,MMK,False
TXN-20240126-0004716,WALL-0136700,MERCH-00114,PM-03,DEV-01,2024-01-26 18:08:52,77.61,0.6209,0.0,7,Success,Purchase,Hanoi,VND,False
TXN-20240126-0004717,WALL-0006617,MERCH-00019,PM-02,DEV-02,2024-01-26 20:33:37,53.66,0.1073,1.0732,5,Success,Purchase,Bandung,IDR,False
TXN-20240126-0004718,WALL-0001937,MERCH-00243,PM-01,DEV-03,2024-01-26 20:59:21,5.34,0.0,0.0,0,Success,Subscription,Manila,PHP,False
TXN-20240126-0004719,WALL-0125500,MERCH-00460,PM-02,DEV-03,2024-01-26 18:19:11,135.46,0.2709,0.0,13,Success,Payment,Pattaya,THB,False
TXN-20240126-0004720,WALL-0122199,MERCH-00393,PM-02,DEV-01,2024-01-26 08:30:50,25.07,0.0501,0.0,2,Success,Purchase,Mandalay,MMK,False
TXN-20240126-0004721,WALL-0027644,MERCH-00203,PM-03,DEV-02,2024-01-26 11:57:28,9.1,0.0728,0.0,0,Success,Purchase,Bago,MMK,False
TXN-20240126-0004722,WALL-0101979,MERCH-00119,PM-01,DEV-01,2024-01-26 15:37:59,12.88,0.0,0.0,1,Success,Purchase,Yangon,MMK,False
TXN-20240126-0004723,WALL-0115678,MERCH-00105,PM-02,DEV-03,2024-01-26 15:17:08,20.72,0.0414,0.0,2,Success,Purchase,Dhaka,BDT,False
TXN-20240126-0004724,WALL-0010640,MERCH-00231,PM-01,DEV-01,2024-01-26 19:01:14,8.7,0.0,0.0,0,Success,Subscription,Jakarta,IDR,False
TXN-20240126-0004725,WALL-0041486,MERCH-00164,PM-03,DEV-02,2024-01-26 11:26:06,38.17,0.3053,1.9084,3,Success,Purchase,Taunggyi,MMK,False
TXN-20240126-0004726,WALL-0139623,MERCH-00291,PM-01,DEV-01,2024-01-26 17:00:33,268.29,0.0,21.4634,53,Success,Purchase,Jaipur,INR,False
TXN-20240126-0004727,WALL-0117760,MERCH-00099,PM-05,DEV-01,2024-01-26 15:13:19,34.81,0.0,0.0,3,Success,Purchase,Bago,MMK,False
TXN-20240126-0004728,WALL-0068949,MERCH-00150,PM-02,DEV-01,2024-01-26 20:43:22,82.61,0.1652,4.1304,8,Success,Purchase,Myitkyina,MMK,False
TXN-20240126-0004729,WALL-0044388,MERCH-00217,PM-03,DEV-01,2024-01-26 11:27:15,6.48,0.0519,0.0,0,Success,Purchase,Pattaya,THB,False
TXN-20240126-0004730,WALL-0094029,MERCH-00216,PM-01,DEV-01,2024-01-26 09:43:30,27.74,0.0,0.0,2,Success,Purchase,Pattaya,MMK,False
TXN-20240126-0004731,WALL-0139185,MERCH-00221,PM-02,DEV-03,2024-01-26 11:12:16,6.83,0.0137,0.0,0,Success,Purchase,Pathein,MMK,False
TXN-20240126-0004732,WALL-0050587,MERCH-00199,PM-04,DEV-05,2024-01-26 19:03:16,13.09,0.2618,0.0,1,Success,Purchase,Mawlamyine,MMK,False
TXN-20240126-0004733,WALL-0091892,MERCH-00215,PM-02,DEV-01,2024-01-26 13:55:49,21.36,0.0427,0.0,2,Success,Purchase,Khon Kaen,THB,False
TXN-20240126-0004734,WALL-0040327,MERCH-00039,PM-02,DEV-02,2024-01-26 15:43:32,46.17,0.0923,0.9234,4,Success,Purchase,Quezon City,INR,False
TXN-20240126-0004735,WALL-0096617,MERCH-00022,PM-04,DEV-03,2024-01-26 17:56:03,60.0,1.2,1.2,6,Success,Purchase,Mandalay,MMK,False
TXN-20240126-0004736,WALL-0032233,MERCH-00279,PM-02,DEV-01,2024-01-26 20:39:46,100.0,0.2,8.0,20,Success,Purchase,Kandy,LKR,False
TXN-20240126-0004737,WALL-0023374,MERCH-00247,PM-05,DEV-01,2024-01-26 04:59:25,28.0,0.0,0.0,2,Success,Subscription,Colombo,LKR,False
TXN-20240126-0004738,WALL-0144727,MERCH-00127,PM-01,DEV-02,2024-01-26 10:28:07,50.13,0.0,0.0,5,Success,Purchase,Quezon City,PHP,False
TXN-20240126-0004739,WALL-0149107,MERCH-00425,PM-02,DEV-03,2024-01-26 12:11:42,82.72,0.1654,0.0,8,Success,Payment,Siem Reap,KHR,False
TXN-20240126-0004740,WALL-0033656,MERCH-00230,PM-01,DEV-03,2024-01-26 21:59:30,5.0,0.0,0.0,0,Success,Purchase,Manila,PHP,False
TXN-20240126-0004741,WALL-0141656,MERCH-00073,PM-01,DEV-01,2024-01-26 19:50:37,99.0,0.0,1.98,9,Success,Purchase,Pathein,MMK,False
TXN-20240126-0004742,WALL-0140543,MERCH-00286,PM-02,DEV-05,2024-01-26 13:25:06,135.41,0.2708,10.8329,27,Success,Purchase,Bangalore,INR,False
TXN-20240126-0004743,WALL-0022177,MERCH-00030,PM-01,DEV-03,2024-01-26 17:56:26,21.65,0.0,0.433,2,Success,Purchase,Siem Reap,KHR,False
TXN-20240126-0004744,WALL-0036859,MERCH-00038,PM-02,DEV-01,2024-01-26 05:06:35,18.06,0.0361,0.3612,1,Success,Purchase,Davao,PHP,False
TXN-20240126-0004745,WALL-0043147,MERCH-00207,PM-01,DEV-01,2024-01-26 16:57:34,11.08,0.0,0.0,1,Success,Purchase,Bandung,IDR,False
TXN-20240126-0004746,WALL-0022800,MERCH-00207,PM-02,DEV-01,2024-01-26 15:19:52,18.12,0.0362,0.0,1,Success,Purchase,Pathein,MMK,False
TXN-20240126-0004747,WALL-0039884,MERCH-00278,PM-01,DEV-02,2024-01-26 14:56:00,100.0,0.0,0.0,0,Pending,Purchase,Yangon,MMK,False
TXN-20240126-0004748,WALL-0067094,MERCH-00419,PM-01,DEV-01,2024-01-26 21:45:01,73.13,0.0,0.0,7,Success,Payment,Pathein,MMK,False
TXN-20240126-0004749,WALL-0131733,MERCH-00417,PM-03,DEV-01,2024-01-26 10:49:43,43.09,0.3447,0.0,0,Failed,Payment,Chiang Mai,PHP,False
TXN-20240126-0004750,WALL-0062677,MERCH-00054,PM-02,DEV-05,2024-01-26 23:55:23,22.42,0.0448,0.4484,2,Success,Purchase,Mawlamyine,MMK,False
TXN-20240126-0004751,WALL-0143215,MERCH-00359,PM-04,DEV-02,2024-01-26 18:18:40,39.77,0.7954,0.0,0,Pending,Bill Payment,Bangkok,THB,False
TXN-20240126-0004752,WALL-0128382,MERCH-00135,PM-03,DEV-02,2024-01-26 07:32:59,77.18,0.6175,3.8591,7,Success,Purchase,Yangon,MMK,False
TXN-20240126-0004753,WALL-0131167,MERCH-00155,PM-02,DEV-02,2024-01-26 17:51:38,21.79,0.0436,0.0,0,Pending,Purchase,Bali,IDR,False
TXN-20240126-0004754,WALL-0011416,MERCH-00348,PM-04,DEV-02,2024-01-26 07:45:27,35.59,0.7118,0.0,3,Success,Bill Payment,Naypyidaw,MMK,False
TXN-20240126-0004755,WALL-0052150,MERCH-00343,PM-04,DEV-03,2024-01-26 15:03:30,21.27,0.4255,0.0,2,Success,Bill Payment,Bago,MMK,False
TXN-20240126-0004756,WALL-0041538,MERCH-00479,PM-04,DEV-01,2024-01-26 15:11:48,98.34,1.9669,0.0,9,Success,Payment,Mumbai,INR,False
TXN-20240126-0004757,WALL-0097238,MERCH-00081,PM-01,DEV-05,2024-01-26 09:26:10,31.41,0.0,0.0,3,Success,Purchase,Phnom Penh,KHR,False
TXN-20240126-0004758,WALL-0087695,MERCH-00401,PM-03,DEV-01,2024-01-26 10:28:57,105.3,0.8424,0.0,10,Success,Payment,Bangalore,INR,False
TXN-20240126-0004759,WALL-0098141,MERCH-00246,PM-02,DEV-04,2024-01-26 10:52:43,13.95,0.0279,0.0,1,Success,Subscription,Mumbai,INR,False
TXN-20240126-0004760,WALL-0031094,MERCH-00292,PM-03,DEV-03,2024-01-26 15:28:28,2538.79,20.3104,203.1035,507,Success,Purchase,Yangon,MMK,False
TXN-20240126-0004761,WALL-0040695,MERCH-00008,PM-01,DEV-03,2024-01-26 19:12:45,5.0,0.0,0.1,0,Success,Purchase,Delhi,INR,False
TXN-20240126-0004762,WALL-0031452,MERCH-00289,PM-01,DEV-01,2024-01-26 10:55:07,2544.41,0.0,203.5525,508,Success,Purchase,Bago,MMK,False
TXN-20240126-0004763,WALL-0016541,MERCH-00127,PM-03,DEV-01,2024-01-26 15:49:30,37.21,0.2977,0.0,3,Success,Purchase,Kuala Lumpur,NPR,False
TXN-20240126-0004764,WALL-0133800,MERCH-00319,PM-01,DEV-03,2024-01-26 00:16:04,100.74,0.0,0.0,10,Success,Bill Payment,Pokhara,NPR,False
TXN-20240126-0004765,WALL-0145305,MERCH-00333,PM-03,DEV-01,2024-01-26 05:18:32,413.03,3.3042,0.0,41,Success,Bill Payment,Mawlamyine,MMK,False
TXN-20240126-0004766,WALL-0001913,MERCH-00263,PM-01,DEV-03,2024-01-26 19:17:39,5.03,0.0,0.0,0,Success,Subscription,Yangon,MMK,False
TXN-20240126-0004767,WALL-0000981,MERCH-00411,PM-02,DEV-02,2024-01-26 16:49:37,127.65,0.2553,0.0,12,Success,Payment,Jakarta,VND,False
TXN-20240126-0004768,WALL-0116180,MERCH-00390,PM-04,DEV-01,2024-01-26 21:55:37,88.92,1.7783,0.0,8,Success,Purchase,Hanoi,VND,False
TXN-20240126-0004769,WALL-0114859,MERCH-00002,PM-02,DEV-01,2024-01-26 10:54:34,6.64,0.0133,0.1329,0,Success,Purchase,Cebu City,PHP,False
TXN-20240126-0004770,WALL-0149345,MERCH-00013,PM-02,DEV-03,2024-01-26 11:04:43,17.79,0.0356,0.3558,1,Success,Purchase,Myitkyina,MMK,False
TXN-20240126-0004771,WALL-0128188,MERCH-00136,PM-03,DEV-03,2024-01-26 10:22:52,309.41,2.4753,15.4704,30,Success,Purchase,Hanoi,VND,False
TXN-20240126-0004772,WALL-0008245,MERCH-00323,PM-02,DEV-01,2024-01-26 16:51:14,105.91,0.2118,0.0,10,Success,Bill Payment,Pathein,MMK,False
TXN-20240126-0004773,WALL-0066486,MERCH-00013,PM-05,DEV-02,2024-01-26 10:31:09,25.74,0.0,0.5148,2,Success,Purchase,Taunggyi,MMK,False
TXN-20240126-0004774,WALL-0137733,MERCH-00164,PM-03,DEV-03,2024-01-26 03:28:54,147.1,1.1768,7.355,14,Success,Purchase,Phuket,THB,False
TXN-20240126-0004775,WALL-0140355,MERCH-00147,PM-01,DEV-01,2024-01-26 13:35:17,352.78,0.0,17.639,35,Success,Purchase,Mawlamyine,MMK,False
TXN-20240126-0004776,WALL-0057861,MERCH-00087,PM-01,DEV-02,2024-01-26 16:14:33,53.66,0.0,0.0,5,Success,Purchase,Dhaka,BDT,False
TXN-20240126-0004777,WALL-0042230,MERCH-00320,PM-03,DEV-02,2024-01-26 16:20:28,28.2,0.2256,0.0,2,Success,Bill Payment,Yangon,MMK,False
TXN-20240126-0004778,WALL-0082134,MERCH-00063,PM-03,DEV-02,2024-01-26 21:26:23,17.28,0.1382,0.3456,1,Success,Purchase,Bangkok,THB,False
TXN-20240126-0004779,WALL-0009484,MERCH-00131,PM-01,DEV-01,2024-01-26 08:07:37,24.34,0.0,1.2169,2,Success,Purchase,Dhaka,BDT,False
TXN-20240126-0004780,WALL-0018361,MERCH-00296,PM-01,DEV-03,2024-01-26 14:33:47,1095.54,0.0,87.6434,219,Success,Purchase,Taunggyi,MMK,False
TXN-20240126-0004781,WALL-0133355,MERCH-00082,PM-03,DEV-03,2024-01-26 13:38:29,37.37,0.2989,0.0,3,Success,Purchase,Yangon,MMK,False
TXN-20240126-0004782,WALL-0114560,MERCH-00166,PM-02,DEV-01,2024-01-26 17:08:01,20.0,0.04,1.0,2,Success,Purchase,Siem Reap,KHR,False
TXN-20240126-0004783,WALL-0038996,MERCH-00315,PM-04,DEV-01,2024-01-26 18:06:26,90.19,1.8038,0.0,9,Success,Bill Payment,Mumbai,INR,False
TXN-20240126-0004784,WALL-0024700,MERCH-00010,PM-02,DEV-03,2024-01-26 08:37:43,9.15,0.0183,0.183,0,Success,Purchase,Davao,THB,False
TXN-20240126-0004785,WALL-0016235,MERCH-00031,PM-01,DEV-01,2024-01-26 12:12:46,15.56,0.0,0.3111,1,Success,Purchase,Myitkyina,MMK,False
TXN-20240126-0004786,WALL-0007068,MERCH-00260,PM-03,DEV-02,2024-01-26 15:25:11,12.34,0.0987,0.0,1,Success,Subscription,Bangkok,THB,False
TXN-20240126-0004787,WALL-0001981,MERCH-00217,PM-02,DEV-01,2024-01-26 13:01:36,8.49,0.017,0.0,0,Success,Purchase,Taunggyi,MMK,False
TXN-20240126-0004788,WALL-0044172,MERCH-00130,PM-03,DEV-02,2024-01-26 08:51:09,37.64,0.3012,0.0,3,Success,Purchase,Pathein,MMK,False
TXN-20240126-0004789,WALL-0077186,MERCH-00136,PM-02,DEV-02,2024-01-26 18:19:32,49.35,0.0987,2.4677,4,Success,Purchase,Davao,PHP,False
TXN-20240126-0004790,WALL-0052569,MERCH-00118,PM-03,DEV-01,2024-01-26 13:57:19,61.25,0.49,0.0,6,Success,Purchase,Chennai,INR,False
TXN-20240126-0004791,WALL-0132441,MERCH-00389,PM-01,DEV-02,2024-01-26 20:56:17,95.85,0.0,0.0,9,Success,Purchase,Kolkata,INR,False
TXN-20240126-0004792,WALL-0059428,MERCH-00194,PM-03,DEV-01,2024-01-26 14:16:46,18.52,0.1481,0.0,1,Success,Purchase,Ahmedabad,INR,False
TXN-20240126-0004793,WALL-0103319,MERCH-00195,PM-01,DEV-01,2024-01-26 10:01:29,6.5,0.0,0.0,0,Success,Purchase,Surabaya,IDR,False
TXN-20240126-0004794,WALL-0084320,MERCH-00160,PM-01,DEV-01,2024-01-26 18:02:32,171.68,0.0,8.584,17,Success,Purchase,Surabaya,IDR,False
TXN-20240126-0004795,WALL-0045643,MERCH-00376,PM-04,DEV-01,2024-01-26 18:14:04,53.17,1.0634,0.0,5,Success,Purchase,Delhi,INR,False
TXN-20240126-0004796,WALL-0147890,MERCH-00108,PM-01,DEV-01,2024-01-26 20:39:05,87.14,0.0,0.0,8,Success,Purchase,Kathmandu,NPR,False
TXN-20240126-0004797,WALL-0043745,MERCH-00401,PM-03,DEV-01,2024-01-26 21:11:37,300.18,2.4014,0.0,30,Success,Payment,Pathein,MMK,False
TXN-20240126-0004798,WALL-0104691,MERCH-00122,PM-01,DEV-01,2024-01-26 06:02:13,61.68,0.0,0.0,6,Success,Purchase,Mandalay,MMK,False
TXN-20240126-0004799,WALL-0097641,MERCH-00273,PM-03,DEV-01,2024-01-26 04:11:27,355.86,2.8469,28.4691,71,Success,Purchase,Mawlamyine,MMK,False
TXN-20240126-0004800,WALL-0010352,MERCH-00139,PM-02,DEV-02,2024-01-26 14:09:10,25.4,0.0508,1.2698,2,Success,Purchase,Pathein,MMK,False
TXN-20240126-0004801,WALL-0090451,MERCH-00030,PM-01,DEV-03,2024-01-26 09:42:04,15.57,0.0,0.3114,1,Success,Purchase,Pathein,MMK,False
TXN-20240126-0004802,WALL-0065652,MERCH-00411,PM-04,DEV-02,2024-01-26 04:09:28,88.79,1.7757,0.0,8,Success,Payment,Mandalay,MMK,False
TXN-20240126-0004803,WALL-0031174,MERCH-00106,PM-04,DEV-01,2024-01-26 14:47:06,10.73,0.2146,0.0,1,Success,Purchase,Mandalay,MMK,False
TXN-20240126-0004804,WALL-0086765,MERCH-00446,PM-01,DEV-01,2024-01-26 09:03:48,65.47,0.0,0.0,6,Success,Tax Payment,Mawlamyine,MMK,False
TXN-20240126-0004805,WALL-0047217,MERCH-00091,PM-01,DEV-03,2024-01-26 10:26:14,34.27,0.0,0.0,3,Success,Purchase,Surabaya,IDR,False
TXN-20240126-0004806,WALL-0120033,MERCH-00190,PM-01,DEV-02,2024-01-26 19:15:28,86.52,0.0,0.0,0,Failed,Purchase,Medan,INR,False
TXN-20240126-0004807,WALL-0141928,MERCH-00397,PM-02,DEV-03,2024-01-26 16:28:06,95.59,0.1912,0.0,9,Success,Purchase,Da Nang,VND,False
TXN-20240126-0004808,WALL-0115558,MERCH-00072,PM-01,DEV-01,2024-01-26 14:01:54,9.84,0.0,0.1967,0,Success,Purchase,Pune,INR,False
TXN-20240126-0004809,WALL-0050331,MERCH-00378,PM-01,DEV-03,2024-01-26 07:37:21,35.32,0.0,0.0,3,Success,Purchase,Kolkata,INR,False
TXN-20240126-0004810,WALL-0040757,MERCH-00199,PM-04,DEV-01,2024-01-26 00:45:15,18.65,0.373,0.0,1,Success,Purchase,Quezon City,PHP,False
TXN-20240126-0004811,WALL-0047381,MERCH-00076,PM-03,DEV-05,2024-01-26 15:56:45,16.32,0.1305,0.3263,1,Success,Purchase,Kolkata,INR,False
TXN-20240126-0004812,WALL-0106373,MERCH-00220,PM-01,DEV-01,2024-01-26 18:55:56,16.87,0.0,0.0,1,Success,Purchase,Cebu City,PHP,False
TXN-20240126-0004813,WALL-0011479,MERCH-00162,PM-04,DEV-01,2024-01-26 19:19:16,75.44,1.5088,3.7721,7,Success,Purchase,Kathmandu,NPR,False
TXN-20240126-0004814,WALL-0040602,MERCH-00073,PM-01,DEV-03,2024-01-26 13:21:18,18.27,0.0,0.3654,1,Success,Purchase,Davao,PHP,False
TXN-20240126-0004815,WALL-0133678,MERCH-00131,PM-01,DEV-03,2024-01-26 12:06:02,33.33,0.0,1.6666,3,Success,Purchase,Kathmandu,NPR,False
TXN-20240126-0004816,WALL-0020305,MERCH-00174,PM-02,DEV-03,2024-01-26 17:26:51,320.23,0.6405,16.0114,32,Success,Purchase,Khon Kaen,IDR,False
TXN-20240126-0004817,WALL-0009119,MERCH-00248,PM-03,DEV-02,2024-01-26 19:52:49,18.6,0.1488,0.0,1,Success,Subscription,Siem Reap,KHR,False
TXN-20240126-0004818,WALL-0034542,MERCH-00377,PM-01,DEV-02,2024-01-26 12:22:15,87.26,0.0,0.0,8,Success,Purchase,Bali,IDR,False
TXN-20240126-0004819,WALL-0092747,MERCH-00134,PM-02,DEV-04,2024-01-26 21:21:11,442.63,0.8853,22.1314,44,Success,Purchase,Manila,PHP,False
TXN-20240126-0004820,WALL-0106088,MERCH-00301,PM-02,DEV-02,2024-01-26 13:55:53,566.64,1.1333,45.331,113,Success,Purchase,Bago,MMK,False
TXN-20240126-0004821,WALL-0021765,MERCH-00095,PM-01,DEV-02,2024-01-26 16:23:36,78.8,0.0,0.0,7,Success,Purchase,Mawlamyine,MMK,False
TXN-20240126-0004822,WALL-0134527,MERCH-00060,PM-02,DEV-02,2024-01-26 10:21:51,34.04,0.0681,0.6808,3,Success,Purchase,Karachi,PKR,False
TXN-20240126-0004823,WALL-0101693,MERCH-00183,PM-01,DEV-05,2024-01-26 09:45:26,20.0,0.0,1.0,2,Success,Purchase,Bago,MMK,False
TXN-20240126-0004824,WALL-0101859,MERCH-00313,PM-02,DEV-03,2024-01-26 22:58:49,97.28,0.1946,0.0,9,Success,Bill Payment,Medan,IDR,False
TXN-20240126-0004825,WALL-0031248,MERCH-00230,PM-02,DEV-01,2024-01-26 11:02:54,8.19,0.0164,0.0,0,Success,Purchase,Mandalay,MMK,False
TXN-20240126-0004826,WALL-0066830,MERCH-00321,PM-05,DEV-03,2024-01-26 15:33:57,63.31,0.0,0.0,6,Success,Bill Payment,Mumbai,INR,False
TXN-20240126-0004827,WALL-0046248,MERCH-00208,PM-05,DEV-02,2024-01-26 01:59:08,24.62,0.0,0.0,2,Success,Purchase,Ho Chi Minh City,INR,False
TXN-20240126-0004828,WALL-0107996,MERCH-00272,PM-01,DEV-01,2024-01-26 15:06:58,1400.99,0.0,112.0794,280,Success,Purchase,Phnom Penh,KHR,False
TXN-20240126-0004829,WALL-0075827,MERCH-00116,PM-02,DEV-01,2024-01-26 17:52:50,23.21,0.0464,0.0,2,Success,Purchase,Taunggyi,MMK,False
TXN-20240126-0004830,WALL-0126422,MERCH-00077,PM-01,DEV-01,2024-01-26 18:53:43,5.0,0.0,0.1,0,Success,Purchase,Yangon,MMK,False
TXN-20240126-0004831,WALL-0114437,MERCH-00030,PM-01,DEV-01,2024-01-26 14:10:01,22.76,0.0,0.0,0,Reversed,Purchase,Kolkata,INR,False
TXN-20240126-0004832,WALL-0041603,MERCH-00150,PM-02,DEV-02,2024-01-26 18:57:02,360.89,0.7218,0.0,0,Failed,Purchase,Chiang Mai,THB,False
TXN-20240126-0004833,WALL-0039891,MERCH-00384,PM-02,DEV-03,2024-01-26 21:59:12,36.26,0.0725,0.0,3,Success,Purchase,Pattaya,THB,False
TXN-20240126-0004834,WALL-0050244,MERCH-00029,PM-01,DEV-01,2024-01-26 12:43:37,50.07,0.0,1.0014,5,Success,Purchase,Pathein,MMK,False
TXN-20240126-0004835,WALL-0041840,MERCH-00067,PM-03,DEV-01,2024-01-26 04:51:21,11.07,0.0886,0.2214,1,Success,Purchase,Penang,MYR,False
TXN-20240126-0004836,WALL-0104330,MERCH-00096,PM-01,DEV-02,2024-01-26 10:39:08,20.47,0.0,0.0,2,Success,Purchase,Bago,MMK,False
TXN-20240126-0004837,WALL-0095704,MERCH-00114,PM-02,DEV-02,2024-01-26 20:07:26,58.46,0.1169,0.0,5,Success,Purchase,Taunggyi,MMK,False
TXN-20240126-0004838,WALL-0079067,MERCH-00068,PM-01,DEV-01,2024-01-26 12:33:09,19.69,0.0,0.3939,1,Success,Purchase,Quezon City,PHP,False
TXN-20240126-0004839,WALL-0002835,MERCH-00120,PM-02,DEV-03,2024-01-26 17:20:38,18.45,0.0369,0.0,0,Reversed,Purchase,Johor Bahru,MYR,False
TXN-20240126-0004840,WALL-0049381,MERCH-00025,PM-04,DEV-03,2024-01-26 11:31:18,11.85,0.2371,0.2371,1,Success,Purchase,Quezon City,PHP,False
TXN-20240126-0004841,WALL-0071239,MERCH-00100,PM-01,DEV-02,2024-01-26 06:17:11,25.33,0.0,0.0,2,Success,Purchase,Islamabad,PKR,False
TXN-20240126-0004842,WALL-0064457,MERCH-00058,PM-01,DEV-01,2024-01-26 16:39:55,18.9,0.0,0.3781,1,Success,Purchase,Myitkyina,MMK,False
TXN-20240126-0004843,WALL-0123161,MERCH-00039,PM-01,DEV-05,2024-01-26 03:58:58,23.1,0.0,0.462,2,Success,Purchase,Yangon,MMK,False
TXN-20240126-0004844,WALL-0038776,MERCH-00332,PM-01,DEV-05,2024-01-26 20:14:51,74.84,0.0,0.0,7,Success,Bill Payment,Delhi,INR,False
TXN-20240126-0004845,WALL-0019661,MERCH-00019,PM-05,DEV-01,2024-01-26 11:41:41,24.39,0.0,0.4879,2,Success,Purchase,Ahmedabad,INR,False
TXN-20240126-0004846,WALL-0038456,MERCH-00055,PM-04,DEV-01,2024-01-26 13:23:46,24.06,0.4811,0.4811,2,Success,Purchase,Bago,MMK,False
TXN-20240126-0004847,WALL-0051407,MERCH-00381,PM-02,DEV-03,2024-01-26 21:27:55,69.61,0.1392,0.0,6,Success,Purchase,Johor Bahru,INR,False
TXN-20240126-0004848,WALL-0103517,MERCH-00228,PM-03,DEV-01,2024-01-26 16:01:32,9.9,0.0792,0.0,0,Success,Purchase,Bangkok,THB,False
TXN-20240126-0004849,WALL-0126939,MERCH-00354,PM-01,DEV-05,2024-01-26 16:49:17,128.99,0.0,0.0,12,Success,Bill Payment,Taunggyi,MMK,False
TXN-20240126-0004850,WALL-0056839,MERCH-00076,PM-01,DEV-05,2024-01-26 03:23:51,13.08,0.0,0.2616,1,Success,Purchase,Naypyidaw,MMK,False
TXN-20240126-0004851,WALL-0035931,MERCH-00344,PM-03,DEV-05,2024-01-26 23:42:31,83.32,0.6666,0.0,8,Success,Bill Payment,Pattaya,INR,False
TXN-20240126-0004852,WALL-0000666,MERCH-00253,PM-03,DEV-03,2024-01-26 20:12:32,19.46,0.1557,0.0,1,Success,Subscription,Mandalay,MMK,False
TXN-20240126-0004853,WALL-0142255,MERCH-00250,PM-01,DEV-05,2024-01-26 15:01:47,28.01,0.0,0.0,2,Success,Subscription,Bago,MMK,False
TXN-20240126-0004854,WALL-0024668,MERCH-00318,PM-05,DEV-04,2024-01-26 16:58:41,129.67,0.0,0.0,12,Success,Bill Payment,Yangon,MMK,False
TXN-20240126-0004855,WALL-0139494,MERCH-00219,PM-04,DEV-02,2024-01-26 13:46:08,30.22,0.6045,0.0,3,Success,Purchase,Phnom Penh,MMK,False
TXN-20240126-0004856,WALL-0067240,MERCH-00180,PM-02,DEV-01,2024-01-26 16:39:05,117.03,0.2341,5.8513,11,Success,Purchase,Khon Kaen,THB,False
TXN-20240126-0004857,WALL-0143195,MERCH-00017,PM-02,DEV-01,2024-01-26 12:28:22,30.27,0.0605,0.6055,3,Success,Purchase,Khon Kaen,THB,False
TXN-20240126-0004858,WALL-0043316,MERCH-00041,PM-01,DEV-01,2024-01-26 03:21:58,6.91,0.0,0.1381,0,Success,Purchase,Myitkyina,MMK,False
TXN-20240126-0004859,WALL-0059213,MERCH-00314,PM-01,DEV-01,2024-01-26 20:25:46,77.4,0.0,0.0,7,Success,Bill Payment,Karachi,PKR,False
TXN-20240126-0004860,WALL-0084397,MERCH-00263,PM-03,DEV-04,2024-01-26 16:56:09,47.8,0.3824,0.0,4,Success,Subscription,Jakarta,MMK,False
TXN-20240126-0004861,WALL-0144811,MERCH-00387,PM-02,DEV-01,2024-01-26 15:07:26,50.49,0.101,0.0,5,Success,Purchase,Naypyidaw,MMK,False
TXN-20240126-0004862,WALL-0033863,MERCH-00480,PM-03,DEV-01,2024-01-26 14:07:05,288.4,2.3072,0.0,28,Success,Payment,Jakarta,IDR,False
TXN-20240126-0004863,WALL-0077972,MERCH-00209,PM-01,DEV-03,2024-01-26 18:35:00,13.15,0.0,0.0,1,Success,Purchase,Lahore,PKR,False
TXN-20240126-0004864,WALL-0077690,MERCH-00230,PM-01,DEV-01,2024-01-26 08:02:29,15.29,0.0,0.0,1,Success,Purchase,Kolkata,INR,False
TXN-20240126-0004865,WALL-0073635,MERCH-00199,PM-01,DEV-02,2024-01-26 03:13:41,5.0,0.0,0.0,0,Success,Purchase,Bangkok,THB,False
TXN-20240126-0004866,WALL-0059473,MERCH-00134,PM-02,DEV-02,2024-01-26 18:26:23,22.9,0.0458,1.1449,2,Success,Purchase,Pathein,MMK,False
TXN-20240126-0004867,WALL-0131379,MERCH-00471,PM-02,DEV-01,2024-01-26 20:06:03,200.95,0.4019,0.0,20,Success,Payment,Naypyidaw,MMK,False
TXN-20240126-0004868,WALL-0102079,MERCH-00226,PM-01,DEV-02,2024-01-26 15:27:14,13.98,0.0,0.0,1,Success,Purchase,Jakarta,MMK,False
TXN-20240126-0004869,WALL-0043082,MERCH-00139,PM-01,DEV-01,2024-01-26 20:10:36,33.09,0.0,0.0,0,Failed,Purchase,Karachi,PKR,False
TXN-20240126-0004870,WALL-0128593,MERCH-00473,PM-04,DEV-01,2024-01-26 13:06:52,426.51,8.5301,0.0,0,Failed,Payment,Taunggyi,MMK,False
TXN-20240126-0004871,WALL-0085379,MERCH-00457,PM-03,DEV-01,2024-01-26 21:54:36,651.12,5.209,0.0,65,Success,Payment,Bandung,IDR,False
TXN-20240126-0004872,WALL-0079800,MERCH-00334,PM-04,DEV-02,2024-01-26 12:28:01,300.0,6.0,0.0,30,Success,Bill Payment,Mawlamyine,MMK,False
TXN-20240126-0004873,WALL-0019334,MERCH-00298,PM-02,DEV-01,2024-01-26 17:31:59,339.13,0.6783,27.1306,67,Success,Purchase,Mawlamyine,MMK,False
TXN-20240126-0004874,WALL-0101757,MERCH-00220,PM-04,DEV-01,2024-01-26 21:03:47,19.42,0.3885,0.0,1,Success,Purchase,Pathein,MMK,False
TXN-20240126-0004875,WALL-0144032,MERCH-00339,PM-01,DEV-03,2024-01-26 20:08:06,139.0,0.0,0.0,13,Success,Bill Payment,Mumbai,INR,False
TXN-20240126-0004876,WALL-0140894,MERCH-00422,PM-01,DEV-01,2024-01-26 21:41:23,36.47,0.0,0.0,3,Success,Payment,Myitkyina,MMK,False
TXN-20240126-0004877,WALL-0086429,MERCH-00362,PM-03,DEV-04,2024-01-26 16:04:35,100.38,0.8031,0.0,10,Success,Bill Payment,Islamabad,PKR,False
TXN-20240126-0004878,WALL-0113745,MERCH-00127,PM-02,DEV-05,2024-01-26 20:47:40,41.99,0.084,0.0,4,Success,Purchase,Pathein,MMK,False
TXN-20240126-0004879,WALL-0107606,MERCH-00012,PM-02,DEV-01,2024-01-26 13:07:04,17.46,0.0349,0.3492,1,Success,Purchase,Bangkok,THB,False
TXN-20240126-0004880,WALL-0096316,MERCH-00016,PM-01,DEV-01,2024-01-26 17:04:39,11.25,0.0,0.2251,1,Success,Purchase,Surabaya,IDR,False
TXN-20240126-0004881,WALL-0132442,MERCH-00360,PM-01,DEV-01,2024-01-26 17:03:19,17.81,0.0,0.0,1,Success,Bill Payment,Phuket,THB,False
TXN-20240126-0004882,WALL-0097866,MERCH-00364,PM-01,DEV-01,2024-01-26 22:10:24,50.06,0.0,0.0,5,Success,Bill Payment,Mandalay,MMK,False
TXN-20240126-0004883,WALL-0086207,MERCH-00145,PM-05,DEV-01,2024-01-26 07:32:22,255.76,0.0,12.7881,25,Success,Purchase,Colombo,LKR,False
TXN-20240126-0004884,WALL-0130877,MERCH-00134,PM-01,DEV-01,2024-01-26 00:21:04,130.62,0.0,6.5309,13,Success,Purchase,Naypyidaw,MMK,False
TXN-20240126-0004885,WALL-0096909,MERCH-00093,PM-04,DEV-01,2024-01-26 06:00:25,58.82,1.1764,0.0,5,Success,Purchase,Mumbai,INR,False
TXN-20240126-0004886,WALL-0136530,MERCH-00005,PM-04,DEV-02,2024-01-26 17:23:20,31.32,0.6264,0.6264,3,Success,Purchase,Taunggyi,MMK,False
TXN-20240126-0004887,WALL-0088073,MERCH-00033,PM-01,DEV-02,2024-01-26 18:53:37,26.85,0.0,0.5369,2,Success,Purchase,Pokhara,NPR,False
TXN-20240126-0004888,WALL-0065595,MERCH-00152,PM-01,DEV-01,2024-01-26 14:47:07,67.03,0.0,3.3514,6,Success,Purchase,Kathmandu,NPR,False
TXN-20240126-0004889,WALL-0045734,MERCH-00419,PM-02,DEV-02,2024-01-26 19:56:57,25.48,0.051,0.0,2,Success,Payment,Manila,PHP,False
TXN-20240126-0004890,WALL-0089306,MERCH-00449,PM-03,DEV-01,2024-01-26 21:41:59,232.34,1.8587,0.0,23,Success,Tax Payment,Colombo,LKR,False
TXN-20240126-0004891,WALL-0130044,MERCH-00309,PM-01,DEV-01,2024-01-26 15:09:36,554.77,0.0,44.3813,110,Success,Purchase,Pathein,MMK,False
TXN-20240126-0004892,WALL-0057635,MERCH-00131,PM-01,DEV-02,2024-01-26 15:07:04,219.43,0.0,10.9715,21,Success,Purchase,Mandalay,MMK,False
TXN-20240126-0004893,WALL-0051236,MERCH-00074,PM-03,DEV-04,2024-01-26 08:25:21,30.06,0.2405,0.6012,3,Success,Purchase,Myitkyina,MMK,False
TXN-20240126-0004894,WALL-0014209,MERCH-00135,PM-01,DEV-02,2024-01-26 16:04:12,106.23,0.0,5.3113,10,Success,Purchase,Myitkyina,MMK,False
TXN-20240126-0004895,WALL-0142462,MERCH-00115,PM-04,DEV-04,2024-01-26 09:40:00,80.97,1.6194,0.0,8,Success,Purchase,Davao,PHP,False
TXN-20240126-0004896,WALL-0112336,MERCH-00361,PM-05,DEV-01,2024-01-26 15:52:21,38.51,0.0,0.0,3,Success,Bill Payment,Colombo,LKR,False
TXN-20240126-0004897,WALL-0076048,MERCH-00352,PM-02,DEV-05,2024-01-26 22:27:30,42.53,0.0851,0.0,4,Success,Bill Payment,Colombo,LKR,False
TXN-20240126-0004898,WALL-0097506,MERCH-00410,PM-02,DEV-05,2024-01-26 15:22:50,117.26,0.2345,0.0,11,Success,Payment,Myitkyina,IDR,False
TXN-20240126-0004899,WALL-0092695,MERCH-00323,PM-03,DEV-02,2024-01-26 19:16:02,88.19,0.7055,0.0,8,Success,Bill Payment,Taunggyi,MMK,False
TXN-20240126-0004900,WALL-0001956,MERCH-00096,PM-02,DEV-01,2024-01-26 09:40:10,29.99,0.06,0.0,0,Failed,Purchase,Bago,THB,False
TXN-20240126-0004901,WALL-0097779,MERCH-00196,PM-03,DEV-01,2024-01-26 08:33:09,10.55,0.0844,0.0,1,Success,Purchase,Kandy,LKR,False
TXN-20240126-0004902,WALL-0091096,MERCH-00125,PM-04,DEV-04,2024-01-26 15:57:20,61.39,1.2278,0.0,6,Success,Purchase,Mawlamyine,MMK,False
TXN-20240126-0004903,WALL-0024962,MERCH-00136,PM-01,DEV-03,2024-01-26 18:32:54,528.68,0.0,26.4338,52,Success,Purchase,Myitkyina,MMK,False
TXN-20240126-0004904,WALL-0140951,MERCH-00102,PM-02,DEV-03,2024-01-26 13:16:16,64.62,0.1292,0.0,6,Success,Purchase,Bago,MMK,False
TXN-20240126-0004905,WALL-0029121,MERCH-00204,PM-04,DEV-01,2024-01-26 09:15:02,6.03,0.1205,0.0,0,Success,Purchase,Johor Bahru,MYR,False
TXN-20240126-0004906,WALL-0027619,MERCH-00290,PM-02,DEV-03,2024-01-26 09:27:39,816.47,1.6329,65.3175,163,Success,Purchase,Penang,MYR,False
TXN-20240126-0004907,WALL-0036446,MERCH-00298,PM-03,DEV-01,2024-01-26 20:21:05,182.59,1.4607,14.6071,36,Success,Purchase,Pune,INR,False
TXN-20240126-0004908,WALL-0069390,MERCH-00075,PM-05,DEV-01,2024-01-26 21:09:30,32.29,0.0,0.6458,3,Success,Purchase,Kuala Lumpur,MYR,False
TXN-20240126-0004909,WALL-0123334,MERCH-00447,PM-01,DEV-02,2024-01-26 20:45:37,336.34,0.0,0.0,33,Success,Tax Payment,Bago,MMK,False
TXN-20240126-0004910,WALL-0072112,MERCH-00056,PM-01,DEV-01,2024-01-26 15:42:50,36.17,0.0,0.7234,3,Success,Purchase,Pathein,MMK,False
TXN-20240126-0004911,WALL-0094483,MERCH-00198,PM-01,DEV-01,2024-01-26 09:25:20,28.29,0.0,0.0,2,Success,Purchase,Mandalay,INR,False
TXN-20240126-0004912,WALL-0100623,MERCH-00498,PM-03,DEV-02,2024-01-26 19:08:46,512.28,4.0982,0.0,51,Success,Payment,Myitkyina,MMK,False
TXN-20240126-0004913,WALL-0040030,MERCH-00116,PM-01,DEV-02,2024-01-26 16:29:36,92.58,0.0,0.0,9,Success,Purchase,Taunggyi,MMK,False
TXN-20240126-0004914,WALL-0097804,MERCH-00069,PM-02,DEV-01,2024-01-26 20:12:13,10.63,0.0213,0.2126,1,Success,Purchase,Pune,INR,False
TXN-20240126-0004915,WALL-0130308,MERCH-00054,PM-01,DEV-02,2024-01-26 19:14:16,14.96,0.0,0.2992,1,Success,Purchase,Taunggyi,MMK,False
TXN-20240126-0004916,WALL-0121703,MERCH-00006,PM-04,DEV-01,2024-01-26 07:12:55,14.71,0.2941,0.2941,1,Success,Purchase,Ahmedabad,INR,False
TXN-20240126-0004917,WALL-0071390,MERCH-00054,PM-04,DEV-01,2024-01-26 00:49:07,42.53,0.8507,0.8507,4,Success,Purchase,Myitkyina,MMK,False
TXN-20240126-0004918,WALL-0122873,MERCH-00481,PM-02,DEV-03,2024-01-26 19:07:54,83.37,0.1667,0.0,8,Success,Payment,Yangon,MMK,False
TXN-20240126-0004919,WALL-0146039,MERCH-00466,PM-01,DEV-01,2024-01-26 18:56:11,139.15,0.0,0.0,13,Success,Payment,Mumbai,INR,False
TXN-20240126-0004920,WALL-0137775,MERCH-00292,PM-01,DEV-01,2024-01-26 14:40:23,797.27,0.0,63.7817,159,Success,Purchase,Bangalore,INR,False
TXN-20240126-0004921,WALL-0042190,MERCH-00094,PM-04,DEV-03,2024-01-26 16:24:32,25.4,0.508,0.0,2,Success,Purchase,Medan,IDR,False
TXN-20240126-0004922,WALL-0058680,MERCH-00167,PM-03,DEV-01,2024-01-26 05:42:21,40.22,0.3218,2.011,4,Success,Purchase,Pune,INR,False
TXN-20240126-0004923,WALL-0045819,MERCH-00415,PM-01,DEV-05,2024-01-26 16:37:14,229.86,0.0,0.0,22,Success,Payment,Myitkyina,MMK,False
TXN-20240126-0004924,WALL-0014678,MERCH-00046,PM-03,DEV-02,2024-01-26 13:20:47,25.17,0.2013,0.5034,2,Success,Purchase,Bali,IDR,False
TXN-20240126-0004925,WALL-0134761,MERCH-00283,PM-01,DEV-01,2024-01-26 16:18:19,889.72,0.0,71.178,177,Success,Purchase,Jaipur,INR,False
TXN-20240126-0004926,WALL-0005118,MERCH-00179,PM-04,DEV-04,2024-01-26 19:08:34,20.0,0.4,1.0,2,Success,Purchase,Karachi,PKR,False
TXN-20240126-0004927,WALL-0077346,MERCH-00363,PM-02,DEV-05,2024-01-26 14:01:19,36.24,0.0725,0.0,3,Success,Bill Payment,Bago,MMK,False
TXN-20240126-0004928,WALL-0066363,MERCH-00032,PM-01,DEV-01,2024-01-26 20:20:21,15.01,0.0,0.3001,1,Success,Purchase,Bago,MMK,False
TXN-20240126-0004929,WALL-0016366,MERCH-00051,PM-04,DEV-02,2024-01-26 18:46:09,11.95,0.2389,0.2389,1,Success,Purchase,Mandalay,PKR,False
TXN-20240126-0004930,WALL-0022313,MERCH-00490,PM-04,DEV-04,2024-01-26 15:49:49,610.42,12.2085,0.0,61,Success,Payment,Quezon City,PHP,False
TXN-20240126-0004931,WALL-0050665,MERCH-00126,PM-01,DEV-02,2024-01-26 17:05:57,49.85,0.0,0.0,4,Success,Purchase,Phuket,THB,False
TXN-20240126-0004932,WALL-0077473,MERCH-00011,PM-02,DEV-01,2024-01-26 17:47:42,16.46,0.0329,0.3293,1,Success,Purchase,Kandy,LKR,False
TXN-20240126-0004933,WALL-0067802,MERCH-00420,PM-01,DEV-05,2024-01-26 20:09:29,141.06,0.0,0.0,14,Success,Payment,Naypyidaw,MMK,False
TXN-20240126-0004934,WALL-0111135,MERCH-00185,PM-04,DEV-03,2024-01-26 14:04:08,69.15,1.383,3.4575,6,Success,Purchase,Bago,MMK,False
TXN-20240126-0004935,WALL-0139750,MERCH-00030,PM-03,DEV-05,2024-01-26 13:20:27,25.47,0.2037,0.5093,2,Success,Purchase,Myitkyina,MMK,False
TXN-20240126-0004936,WALL-0074205,MERCH-00140,PM-03,DEV-05,2024-01-26 21:03:55,58.72,0.4698,2.9359,5,Success,Purchase,Colombo,LKR,False
TXN-20240126-0004937,WALL-0139397,MERCH-00230,PM-01,DEV-01,2024-01-26 14:16:23,8.73,0.0,0.0,0,Success,Purchase,Da Nang,VND,False
TXN-20240126-0004938,WALL-0131701,MERCH-00102,PM-02,DEV-01,2024-01-26 16:24:54,36.82,0.0736,0.0,3,Success,Purchase,Quezon City,PHP,False
TXN-20240126-0004939,WALL-0070794,MERCH-00398,PM-02,DEV-01,2024-01-26 17:22:56,162.52,0.325,0.0,16,Success,Purchase,Naypyidaw,MMK,False
TXN-20240126-0004940,WALL-0138320,MERCH-00337,PM-04,DEV-04,2024-01-26 10:08:17,98.07,1.9613,0.0,9,Success,Bill Payment,Ho Chi Minh City,VND,False
TXN-20240126-0004941,WALL-0111206,MERCH-00021,PM-03,DEV-03,2024-01-26 12:53:30,5.0,0.04,0.1,0,Success,Purchase,Chiang Mai,THB,False
TXN-20240126-0004942,WALL-0119578,MERCH-00069,PM-01,DEV-02,2024-01-26 19:21:08,11.16,0.0,0.2233,1,Success,Purchase,Colombo,LKR,False
TXN-20240126-0004943,WALL-0075714,MERCH-00496,PM-01,DEV-01,2024-01-26 12:55:12,240.51,0.0,0.0,24,Success,Payment,Davao,PHP,False
TXN-20240126-0004944,WALL-0086313,MERCH-00363,PM-01,DEV-01,2024-01-26 18:21:22,37.57,0.0,0.0,3,Success,Bill Payment,Chittagong,BDT,False
TXN-20240126-0004945,WALL-0026796,MERCH-00412,PM-02,DEV-01,2024-01-26 12:08:59,137.85,0.2757,0.0,0,Failed,Payment,Dhaka,BDT,False
TXN-20240126-0004946,WALL-0128091,MERCH-00419,PM-01,DEV-01,2024-01-26 16:17:09,119.86,0.0,0.0,11,Success,Payment,Yangon,MMK,False
TXN-20240126-0004947,WALL-0147466,MERCH-00397,PM-01,DEV-02,2024-01-26 17:05:35,67.11,0.0,0.0,6,Success,Purchase,Bago,MMK,False
TXN-20240126-0004948,WALL-0084101,MERCH-00279,PM-02,DEV-01,2024-01-26 14:40:57,488.67,0.9773,39.0938,97,Success,Purchase,Quezon City,PHP,False
TXN-20240126-0004949,WALL-0034760,MERCH-00235,PM-01,DEV-01,2024-01-26 21:08:33,16.59,0.0,0.0,1,Success,Subscription,Bali,IDR,False
TXN-20240126-0004950,WALL-0031213,MERCH-00073,PM-01,DEV-01,2024-01-26 00:52:21,24.99,0.0,0.4998,2,Success,Purchase,Karachi,PKR,False
TXN-20240126-0004951,WALL-0057573,MERCH-00458,PM-03,DEV-05,2024-01-26 13:20:02,245.12,1.9609,0.0,24,Success,Payment,Bandung,MMK,False
TXN-20240126-0004952,WALL-0125790,MERCH-00128,PM-03,DEV-01,2024-01-26 18:58:11,93.04,0.7443,0.0,9,Success,Purchase,Davao,PHP,False
TXN-20240126-0004953,WALL-0096528,MERCH-00493,PM-04,DEV-01,2024-01-26 13:29:49,618.48,12.3696,0.0,61,Success,Payment,Islamabad,PKR,False
TXN-20240126-0004954,WALL-0031094,MERCH-00007,PM-05,DEV-02,2024-01-26 17:51:28,22.65,0.0,0.4529,2,Success,Purchase,Yangon,MMK,False
TXN-20240126-0004955,WALL-0125723,MERCH-00078,PM-02,DEV-03,2024-01-26 18:59:59,22.12,0.0442,0.4425,2,Success,Purchase,Quezon City,PHP,False
TXN-20240126-0004956,WALL-0015090,MERCH-00320,PM-02,DEV-02,2024-01-26 03:48:36,120.41,0.2408,0.0,12,Success,Bill Payment,Singapore,THB,False
TXN-20240126-0004957,WALL-0084759,MERCH-00050,PM-01,DEV-02,2024-01-26 16:19:46,17.64,0.0,0.3529,1,Success,Purchase,Quezon City,PHP,False
TXN-20240126-0004958,WALL-0086180,MERCH-00128,PM-02,DEV-01,2024-01-26 22:07:55,20.25,0.0405,0.0,2,Success,Purchase,Myitkyina,MMK,False
TXN-20240126-0004959,WALL-0000225,MERCH-00062,PM-01,DEV-01,2024-01-26 05:12:49,11.44,0.0,0.2288,1,Success,Purchase,Bago,MMK,False
TXN-20240126-0004960,WALL-0047940,MERCH-00347,PM-05,DEV-03,2024-01-26 19:54:05,18.05,0.0,0.0,1,Success,Bill Payment,Bangalore,INR,False
TXN-20240126-0004961,WALL-0006199,MERCH-00450,PM-02,DEV-01,2024-01-26 13:47:18,574.7,1.1494,0.0,57,Success,Tax Payment,Da Nang,VND,False
TXN-20240126-0004962,WALL-0134114,MERCH-00063,PM-03,DEV-02,2024-01-26 19:14:03,20.48,0.1639,0.4097,2,Success,Purchase,Taunggyi,MMK,False
TXN-20240126-0004963,WALL-0027085,MERCH-00073,PM-01,DEV-01,2024-01-26 12:04:09,29.27,0.0,0.5854,2,Success,Purchase,Naypyidaw,MMK,False
TXN-20240126-0004964,WALL-0040540,MERCH-00410,PM-02,DEV-05,2024-01-26 21:55:07,64.07,0.1281,0.0,6,Success,Payment,Bago,MMK,False
TXN-20240126-0004965,WALL-0089108,MERCH-00463,PM-02,DEV-01,2024-01-26 16:40:44,139.49,0.279,0.0,13,Success,Payment,Pathein,MMK,False
TXN-20240126-0004966,WALL-0125364,MERCH-00181,PM-04,DEV-01,2024-01-26 13:36:48,215.98,4.3196,10.7991,21,Success,Purchase,Mandalay,MMK,False
TXN-20240126-0004967,WALL-0019907,MERCH-00050,PM-04,DEV-01,2024-01-26 06:20:28,5.0,0.1,0.1,0,Success,Purchase,Chittagong,BDT,False
TXN-20240126-0004968,WALL-0069909,MERCH-00059,PM-01,DEV-01,2024-01-26 18:52:28,38.42,0.0,0.7684,3,Success,Purchase,Taunggyi,MMK,False
TXN-20240126-0004969,WALL-0140735,MERCH-00326,PM-01,DEV-01,2024-01-26 14:11:08,59.15,0.0,0.0,5,Success,Bill Payment,Taunggyi,MMK,False
TXN-20240126-0004970,WALL-0018697,MERCH-00024,PM-04,DEV-01,2024-01-26 12:58:32,37.56,0.7511,0.7511,3,Success,Purchase,Jakarta,VND,False
TXN-20240126-0004971,WALL-0067282,MERCH-00466,PM-01,DEV-01,2024-01-26 07:44:06,768.45,0.0,0.0,76,Success,Payment,Pattaya,THB,False
TXN-20240126-0004972,WALL-0073273,MERCH-00218,PM-05,DEV-03,2024-01-26 16:10:16,11.43,0.0,0.0,1,Success,Purchase,Islamabad,PKR,False
TXN-20240126-0004973,WALL-0080450,MERCH-00233,PM-03,DEV-02,2024-01-26 18:26:23,6.26,0.0501,0.0,0,Success,Subscription,Johor Bahru,BDT,False
TXN-20240126-0004974,WALL-0009118,MERCH-00201,PM-04,DEV-01,2024-01-26 17:05:34,19.03,0.3807,0.0,1,Success,Purchase,Ho Chi Minh City,VND,False
TXN-20240126-0004975,WALL-0105443,MERCH-00303,PM-02,DEV-01,2024-01-26 17:51:35,752.3,1.5046,60.1841,150,Success,Purchase,Yangon,MMK,False
TXN-20240126-0004976,WALL-0044176,MERCH-00417,PM-01,DEV-01,2024-01-26 13:45:23,348.12,0.0,0.0,34,Success,Payment,Colombo,MMK,False
TXN-20240126-0004977,WALL-0094593,MERCH-00378,PM-05,DEV-03,2024-01-26 22:17:32,78.22,0.0,0.0,7,Success,Purchase,Yangon,MMK,False
TXN-20240126-0004978,WALL-0086050,MERCH-00407,PM-01,DEV-01,2024-01-26 20:26:45,20.0,0.0,0.0,2,Success,Payment,Mandalay,MMK,False
TXN-20240126-0004979,WALL-0083129,MERCH-00372,PM-01,DEV-01,2024-01-26 19:10:39,27.06,0.0,0.0,2,Success,Purchase,Myitkyina,MMK,False
TXN-20240126-0004980,WALL-0047898,MERCH-00037,PM-01,DEV-03,2024-01-26 12:32:47,22.27,0.0,0.4453,2,Success,Purchase,Bandung,IDR,False
TXN-20240126-0004981,WALL-0067111,MERCH-00198,PM-05,DEV-02,2024-01-26 13:16:08,13.98,0.0,0.0,1,Success,Purchase,Islamabad,PKR,False
TXN-20240126-0004982,WALL-0076992,MERCH-00093,PM-03,DEV-01,2024-01-26 08:02:40,94.71,0.7577,0.0,9,Success,Purchase,Surabaya,IDR,False
TXN-20240126-0004983,WALL-0094081,MERCH-00338,PM-03,DEV-02,2024-01-26 23:40:41,35.47,0.2838,0.0,3,Success,Bill Payment,Islamabad,PKR,False
TXN-20240126-0004984,WALL-0130154,MERCH-00128,PM-01,DEV-01,2024-01-26 17:30:37,78.38,0.0,0.0,7,Success,Purchase,Mawlamyine,MMK,False
TXN-20240126-0004985,WALL-0147665,MERCH-00009,PM-02,DEV-01,2024-01-26 09:03:28,18.44,0.0369,0.3688,1,Success,Purchase,Pathein,MMK,False
TXN-20240126-0004986,WALL-0137732,MERCH-00244,PM-05,DEV-03,2024-01-26 14:10:51,12.8,0.0,0.0,1,Success,Subscription,Bangalore,INR,False
TXN-20240126-0004987,WALL-0083526,MERCH-00332,PM-02,DEV-01,2024-01-26 20:54:02,120.15,0.2403,0.0,12,Success,Bill Payment,Chennai,INR,False
TXN-20240126-0004988,WALL-0137999,MERCH-00015,PM-02,DEV-01,2024-01-26 20:39:00,26.46,0.0529,0.5292,2,Success,Purchase,Davao,PHP,False
TXN-20240126-0004989,WALL-0123979,MERCH-00122,PM-03,DEV-02,2024-01-26 16:03:24,30.14,0.2411,0.0,3,Success,Purchase,Chiang Mai,MMK,False
TXN-20240126-0004990,WALL-0070868,MERCH-00437,PM-04,DEV-05,2024-01-26 20:20:04,206.5,4.13,0.0,20,Success,Tax Payment,Taunggyi,MMK,False
TXN-20240126-0004991,WALL-0122696,MERCH-00063,PM-02,DEV-01,2024-01-26 18:30:44,10.92,0.0218,0.2183,1,Success,Purchase,Davao,PHP,False
TXN-20240126-0004992,WALL-0110730,MERCH-00267,PM-01,DEV-01,2024-01-26 14:39:10,21.19,0.0,0.0,2,Success,Subscription,Naypyidaw,MMK,False
TXN-20240126-0004993,WALL-0094171,MERCH-00448,PM-01,DEV-02,2024-01-26 16:52:23,69.31,0.0,0.0,6,Success,Tax Payment,Naypyidaw,MMK,False
TXN-20240126-0004994,WALL-0048930,MERCH-00183,PM-01,DEV-02,2024-01-26 10:42:38,111.91,0.0,5.5953,11,Success,Purchase,Mumbai,INR,False
TXN-20240126-0004995,WALL-0036973,MERCH-00439,PM-02,DEV-03,2024-01-26 13:07:59,65.73,0.1315,0.0,6,Success,Tax Payment,Bali,INR,False
TXN-20240126-0004996,WALL-0052315,MERCH-00249,PM-02,DEV-04,2024-01-26 13:45:16,22.32,0.0446,0.0,2,Success,Subscription,Cebu City,PHP,False
TXN-20240126-0004997,WALL-0113056,MERCH-00182,PM-01,DEV-02,2024-01-26 00:40:32,126.66,0.0,6.333,12,Success,Purchase,Kandy,LKR,False
TXN-20240126-0004998,WALL-0080585,MERCH-00374,PM-01,DEV-01,2024-01-26 03:59:16,35.6,0.0,0.0,3,Success,Purchase,Pathein,MMK,False
TXN-20240126-0004999,WALL-0081741,MERCH-00044,PM-02,DEV-01,2024-01-26 20:29:35,5.6,0.0112,0.112,0,Success,Purchase,Taunggyi,MMK,False
TXN-20240126-0005000,WALL-0067743,MERCH-00409,PM-01,DEV-01,2024-01-26 14:00:30,173.21,0.0,0.0,17,Success,Payment,Karachi,PKR,False
TXN-20240126-0005001,WALL-0033192,MERCH-00110,PM-03,DEV-02,2024-01-26 17:01:42,39.94,0.3195,0.0,3,Success,Purchase,Medan,PHP,False
TXN-20240126-0005002,WALL-0043155,MERCH-00407,PM-04,DEV-01,2024-01-26 17:02:00,42.95,0.8589,0.0,4,Success,Payment,Naypyidaw,MMK,False
TXN-20240126-0005003,WALL-0099928,MERCH-00112,PM-01,DEV-02,2024-01-26 10:30:50,75.96,0.0,0.0,7,Success,Purchase,Naypyidaw,MMK,False
TXN-20240126-0005004,WALL-0109276,MERCH-00405,PM-01,DEV-01,2024-01-26 00:07:29,20.0,0.0,0.0,2,Success,Payment,Naypyidaw,MMK,False
TXN-20240126-0005005,WALL-0069129,MERCH-00046,PM-02,DEV-03,2024-01-26 12:56:00,60.0,0.12,1.2,6,Success,Purchase,Colombo,LKR,False
TXN-20240126-0005006,WALL-0010483,MERCH-00069,PM-02,DEV-03,2024-01-26 18:45:00,26.98,0.054,0.5395,2,Success,Purchase,Kuala Lumpur,MYR,False
TXN-20240126-0005007,WALL-0069636,MERCH-00126,PM-01,DEV-05,2024-01-26 16:37:23,74.26,0.0,0.0,7,Success,Purchase,Penang,MYR,False
TXN-20240126-0005008,WALL-0121160,MERCH-00049,PM-01,DEV-01,2024-01-26 16:46:30,69.8,0.0,1.396,6,Success,Purchase,Yangon,MMK,False
TXN-20240126-0005009,WALL-0066855,MERCH-00112,PM-01,DEV-01,2024-01-26 08:33:05,50.31,0.0,0.0,5,Success,Purchase,Naypyidaw,MMK,False
TXN-20240126-0005010,WALL-0030403,MERCH-00038,PM-02,DEV-02,2024-01-26 22:30:35,19.27,0.0385,0.3854,1,Success,Purchase,Mumbai,INR,False
TXN-20240126-0005011,WALL-0047916,MERCH-00276,PM-01,DEV-03,2024-01-26 14:22:37,288.32,0.0,23.0659,57,Success,Purchase,Pune,INR,False
TXN-20240126-0005012,WALL-0041714,MERCH-00036,PM-01,DEV-02,2024-01-26 12:43:10,9.17,0.0,0.1834,0,Success,Purchase,Singapore,SGD,False
TXN-20240126-0005013,WALL-0064707,MERCH-00398,PM-01,DEV-01,2024-01-26 13:37:20,57.44,0.0,0.0,5,Success,Purchase,Jakarta,IDR,False
TXN-20240126-0005014,WALL-0049880,MERCH-00106,PM-01,DEV-01,2024-01-26 08:23:41,34.76,0.0,0.0,3,Success,Purchase,Yangon,MMK,False
TXN-20240126-0005015,WALL-0091097,MERCH-00014,PM-02,DEV-01,2024-01-26 12:17:48,13.35,0.0267,0.2669,1,Success,Purchase,Bangalore,INR,False
TXN-20240126-0005016,WALL-0101754,MERCH-00004,PM-01,DEV-01,2024-01-26 14:25:00,11.27,0.0,0.2254,1,Success,Purchase,Pathein,MMK,False
TXN-20240126-0005017,WALL-0122456,MERCH-00064,PM-01,DEV-01,2024-01-26 11:32:43,67.76,0.0,1.3552,6,Success,Purchase,Siem Reap,KHR,False
TXN-20240126-0005018,WALL-0133889,MERCH-00097,PM-01,DEV-02,2024-01-26 09:41:17,27.12,0.0,0.0,2,Success,Purchase,Bago,MMK,False
TXN-20240126-0005019,WALL-0021316,MERCH-00115,PM-02,DEV-01,2024-01-26 15:13:48,73.23,0.1465,0.0,7,Success,Purchase,Ahmedabad,INR,False
TXN-20240126-0005020,WALL-0062074,MERCH-00023,PM-02,DEV-01,2024-01-26 17:49:46,50.11,0.1002,1.0022,5,Success,Purchase,Hyderabad,INR,False
TXN-20240126-0005021,WALL-0056359,MERCH-00374,PM-04,DEV-03,2024-01-26 18:52:40,57.76,1.1552,0.0,5,Success,Purchase,Taunggyi,MMK,False
TXN-20240126-0005022,WALL-0006016,MERCH-00177,PM-02,DEV-03,2024-01-26 07:11:26,241.17,0.4823,12.0586,24,Success,Purchase,Mandalay,MMK,False
TXN-20240126-0005023,WALL-0131635,MERCH-00297,PM-01,DEV-04,2024-01-26 19:06:32,740.75,0.0,59.2599,148,Success,Purchase,Quezon City,PHP,False
TXN-20240126-0005024,WALL-0022721,MERCH-00370,PM-01,DEV-01,2024-01-26 14:02:57,10.0,0.0,0.0,1,Success,Bill Payment,Jaipur,INR,False
TXN-20240126-0005025,WALL-0091072,MERCH-00449,PM-05,DEV-01,2024-01-26 13:12:15,613.74,0.0,0.0,61,Success,Tax Payment,Delhi,INR,False
TXN-20240126-0005026,WALL-0085346,MERCH-00065,PM-02,DEV-03,2024-01-26 12:41:51,36.64,0.0733,0.7328,3,Success,Purchase,Davao,PHP,False
TXN-20240126-0005027,WALL-0026667,MERCH-00009,PM-01,DEV-01,2024-01-26 23:17:12,9.51,0.0,0.1902,0,Success,Purchase,Bangalore,INR,False
TXN-20240126-0005028,WALL-0133716,MERCH-00415,PM-03,DEV-02,2024-01-26 01:11:48,79.78,0.6383,0.0,7,Success,Payment,Johor Bahru,MMK,False
TXN-20240126-0005029,WALL-0114142,MERCH-00051,PM-01,DEV-02,2024-01-26 22:03:17,37.63,0.0,0.7525,3,Success,Purchase,Naypyidaw,MMK,False
TXN-20240126-0005030,WALL-0140638,MERCH-00020,PM-01,DEV-02,2024-01-26 14:42:43,53.9,0.0,1.0781,5,Success,Purchase,Pathein,MMK,False
TXN-20240126-0005031,WALL-0006083,MERCH-00185,PM-05,DEV-02,2024-01-26 17:42:48,83.2,0.0,4.16,8,Success,Purchase,Mawlamyine,MMK,False
TXN-20240126-0005032,WALL-0133853,MERCH-00083,PM-03,DEV-02,2024-01-26 13:58:41,14.75,0.118,0.0,1,Success,Purchase,Naypyidaw,MMK,False
TXN-20240126-0005033,WALL-0127467,MERCH-00090,PM-04,DEV-04,2024-01-26 02:21:48,168.91,3.3783,0.0,16,Success,Purchase,Surabaya,IDR,True
TXN-20240126-0005034,WALL-0047387,MERCH-00327,PM-02,DEV-01,2024-01-26 17:47:27,114.15,0.2283,0.0,11,Success,Bill Payment,Bago,MMK,False
TXN-20240126-0005035,WALL-0094819,MERCH-00386,PM-03,DEV-01,2024-01-26 12:36:44,29.24,0.2339,0.0,2,Success,Purchase,Phuket,THB,False
TXN-20240126-0005036,WALL-0029292,MERCH-00352,PM-01,DEV-05,2024-01-26 22:44:47,15.4,0.0,0.0,1,Success,Bill Payment,Pattaya,THB,False
TXN-20240126-0005037,WALL-0095618,MERCH-00344,PM-03,DEV-03,2024-01-26 14:18:54,25.04,0.2003,0.0,2,Success,Bill Payment,Pathein,MMK,False
TXN-20240126-0005038,WALL-0105345,MERCH-00014,PM-02,DEV-01,2024-01-26 12:50:18,47.09,0.0942,0.0,0,Failed,Purchase,Yangon,MMK,False
TXN-20240126-0005039,WALL-0017802,MERCH-00316,PM-04,DEV-02,2024-01-26 08:41:08,114.58,2.2916,0.0,11,Success,Bill Payment,Yangon,MMK,False
TXN-20240126-0005040,WALL-0114621,MERCH-00250,PM-01,DEV-01,2024-01-26 04:58:25,8.05,0.0,0.0,0,Success,Subscription,Dhaka,BDT,False
TXN-20240126-0005041,WALL-0017246,MERCH-00024,PM-01,DEV-01,2024-01-26 05:24:50,23.84,0.0,0.4767,2,Success,Purchase,Hyderabad,INR,False
TXN-20240126-0005042,WALL-0031584,MERCH-00118,PM-02,DEV-03,2024-01-26 19:50:15,15.0,0.03,0.0,1,Success,Purchase,Mandalay,MMK,False
TXN-20240126-0005043,WALL-0002538,MERCH-00043,PM-01,DEV-01,2024-01-26 18:18:47,11.54,0.0,0.2308,1,Success,Purchase,Pattaya,THB,False
TXN-20240126-0005044,WALL-0036336,MERCH-00090,PM-01,DEV-03,2024-01-26 09:40:10,65.46,0.0,0.0,6,Success,Purchase,Da Nang,VND,False
TXN-20240126-0005045,WALL-0108998,MERCH-00192,PM-02,DEV-05,2024-01-26 09:02:05,8.82,0.0176,0.0,0,Success,Purchase,Davao,PHP,False
TXN-20240126-0005046,WALL-0018018,MERCH-00171,PM-01,DEV-01,2024-01-26 12:36:43,35.2,0.0,1.7602,3,Success,Purchase,Pune,MMK,False
TXN-20240126-0005047,WALL-0062340,MERCH-00166,PM-01,DEV-01,2024-01-26 18:18:24,365.94,0.0,18.2968,36,Success,Purchase,Pune,INR,False
TXN-20240126-0005048,WALL-0061693,MERCH-00030,PM-04,DEV-02,2024-01-26 20:29:33,50.75,1.015,1.015,5,Success,Purchase,Bago,MMK,False
TXN-20240126-0005049,WALL-0099336,MERCH-00413,PM-04,DEV-01,2024-01-26 07:37:01,81.69,1.6339,0.0,8,Success,Payment,Hyderabad,INR,False
TXN-20240126-0005050,WALL-0050704,MERCH-00413,PM-03,DEV-01,2024-01-26 02:56:28,75.98,0.6078,0.0,7,Success,Payment,Bandung,IDR,False
TXN-20240126-0005051,WALL-0062403,MERCH-00304,PM-01,DEV-02,2024-01-26 14:58:10,333.89,0.0,26.7116,66,Success,Purchase,Pune,INR,False
TXN-20240126-0005052,WALL-0113331,MERCH-00357,PM-02,DEV-01,2024-01-26 19:42:12,25.86,0.0517,0.0,2,Success,Bill Payment,Pune,INR,False
TXN-20240126-0005053,WALL-0140509,MERCH-00108,PM-03,DEV-01,2024-01-26 19:18:19,60.07,0.4805,0.0,6,Success,Purchase,Taunggyi,MMK,False
TXN-20240126-0005054,WALL-0002555,MERCH-00277,PM-01,DEV-03,2024-01-26 15:40:28,1062.55,0.0,85.0039,212,Success,Purchase,Hanoi,MMK,False
TXN-20240126-0005055,WALL-0119528,MERCH-00449,PM-01,DEV-01,2024-01-26 08:57:41,129.8,0.0,0.0,12,Success,Tax Payment,Chennai,INR,False
TXN-20240126-0005056,WALL-0038401,MERCH-00135,PM-02,DEV-02,2024-01-26 18:52:24,106.98,0.214,5.3488,10,Success,Purchase,Johor Bahru,MYR,False
TXN-20240126-0005057,WALL-0145780,MERCH-00291,PM-01,DEV-02,2024-01-26 12:49:07,886.6,0.0,0.0,0,Failed,Purchase,Yangon,MMK,False
TXN-20240126-0005058,WALL-0148964,MERCH-00478,PM-05,DEV-02,2024-01-26 18:28:19,947.64,0.0,0.0,94,Success,Payment,Delhi,THB,False
TXN-20240126-0005059,WALL-0145893,MERCH-00240,PM-04,DEV-01,2024-01-26 08:12:53,10.6,0.2121,0.0,1,Success,Subscription,Mandalay,MMK,False
TXN-20240126-0005060,WALL-0049469,MERCH-00146,PM-05,DEV-03,2024-01-26 15:00:54,52.55,0.0,2.6277,5,Success,Purchase,Naypyidaw,MMK,False
TXN-20240126-0005061,WALL-0005795,MERCH-00220,PM-05,DEV-01,2024-01-26 21:13:18,43.01,0.0,0.0,4,Success,Purchase,Pathein,MMK,False
TXN-20240126-0005062,WALL-0021512,MERCH-00223,PM-02,DEV-03,2024-01-26 19:11:22,7.63,0.0153,0.0,0,Success,Purchase,Yangon,MMK,False
TXN-20240126-0005063,WALL-0146252,MERCH-00458,PM-03,DEV-01,2024-01-26 20:56:40,456.15,3.6492,0.0,45,Success,Payment,Mumbai,INR,False
TXN-20240126-0005064,WALL-0060354,MERCH-00121,PM-01,DEV-01,2024-01-26 02:51:53,24.52,0.0,0.0,2,Success,Purchase,Medan,IDR,False
TXN-20240126-0005065,WALL-0044318,MERCH-00448,PM-04,DEV-03,2024-01-26 12:26:44,137.49,2.7497,0.0,13,Success,Tax Payment,Taunggyi,MMK,False
TXN-20240126-0005066,WALL-0022577,MERCH-00076,PM-01,DEV-03,2024-01-26 13:35:41,11.91,0.0,0.2382,1,Success,Purchase,Davao,PHP,False
TXN-20240126-0005067,WALL-0141197,MERCH-00394,PM-03,DEV-01,2024-01-26 16:08:39,74.99,0.5999,0.0,7,Success,Purchase,Da Nang,VND,False
TXN-20240126-0005068,WALL-0029746,MERCH-00260,PM-01,DEV-01,2024-01-26 19:09:29,11.41,0.0,0.0,1,Success,Subscription,Johor Bahru,MYR,False
TXN-20240126-0005069,WALL-0132106,MERCH-00220,PM-03,DEV-05,2024-01-26 16:10:34,22.91,0.1833,0.0,2,Success,Purchase,Naypyidaw,MMK,False
TXN-20240126-0005070,WALL-0051233,MERCH-00381,PM-05,DEV-01,2024-01-26 12:25:27,127.98,0.0,0.0,12,Success,Purchase,Manila,BDT,False
TXN-20240126-0005071,WALL-0118521,MERCH-00386,PM-03,DEV-03,2024-01-26 08:54:39,33.78,0.2702,0.0,3,Success,Purchase,Islamabad,PKR,False
TXN-20240126-0005072,WALL-0049939,MERCH-00119,PM-03,DEV-01,2024-01-26 15:39:06,66.06,0.5285,0.0,6,Success,Purchase,Chennai,INR,False
TXN-20240126-0005073,WALL-0109272,MERCH-00013,PM-02,DEV-01,2024-01-26 11:11:28,21.5,0.043,0.43,2,Success,Purchase,Pathein,MMK,False
TXN-20240126-0005074,WALL-0146614,MERCH-00182,PM-01,DEV-05,2024-01-26 19:12:02,380.16,0.0,19.008,38,Success,Purchase,Kolkata,INR,False
TXN-20240126-0005075,WALL-0139707,MERCH-00200,PM-02,DEV-02,2024-01-26 15:00:10,13.11,0.0262,0.0,1,Success,Purchase,Jakarta,IDR,False
TXN-20240126-0005076,WALL-0041927,MERCH-00029,PM-03,DEV-01,2024-01-26 19:57:16,29.52,0.2361,0.5903,2,Success,Purchase,Taunggyi,MMK,False
TXN-20240126-0005077,WALL-0020037,MERCH-00242,PM-01,DEV-01,2024-01-26 16:23:11,5.0,0.0,0.0,0,Success,Subscription,Phnom Penh,KHR,False
TXN-20240126-0005078,WALL-0089213,MERCH-00091,PM-04,DEV-01,2024-01-26 01:55:20,40.31,0.8061,0.0,4,Success,Purchase,Naypyidaw,MMK,False
TXN-20240126-0005079,WALL-0120888,MERCH-00422,PM-02,DEV-01,2024-01-26 21:03:58,29.76,0.0595,0.0,2,Success,Payment,Bangalore,INR,False
TXN-20240126-0005080,WALL-0103598,MERCH-00204,PM-01,DEV-02,2024-01-26 13:46:38,13.67,0.0,0.0,1,Success,Purchase,Pathein,MMK,False
TXN-20240126-0005081,WALL-0060970,MERCH-00226,PM-04,DEV-04,2024-01-26 19:51:09,10.57,0.2114,0.0,1,Success,Purchase,Islamabad,PKR,False
TXN-20240126-0005082,WALL-0140922,MERCH-00337,PM-01,DEV-02,2024-01-26 04:55:45,90.61,0.0,0.0,9,Success,Bill Payment,Kuala Lumpur,MYR,False
TXN-20240126-0005083,WALL-0024417,MERCH-00164,PM-03,DEV-03,2024-01-26 19:16:40,583.3,4.6664,29.1652,58,Success,Purchase,Yangon,MMK,False
TXN-20240126-0005084,WALL-0025581,MERCH-00359,PM-01,DEV-01,2024-01-26 22:13:19,60.57,0.0,0.0,6,Success,Bill Payment,Ho Chi Minh City,VND,False
TXN-20240126-0005085,WALL-0085993,MERCH-00102,PM-01,DEV-03,2024-01-26 22:39:20,122.27,0.0,0.0,12,Success,Purchase,Mawlamyine,MMK,False
TXN-20240126-0005086,WALL-0142326,MERCH-00127,PM-01,DEV-02,2024-01-26 21:13:21,32.79,0.0,0.0,3,Success,Purchase,Dhaka,BDT,False
TXN-20240126-0005087,WALL-0141558,MERCH-00179,PM-01,DEV-03,2024-01-26 02:28:07,307.15,0.0,15.3576,30,Success,Purchase,Davao,PHP,False
TXN-20240126-0005088,WALL-0115239,MERCH-00249,PM-03,DEV-01,2024-01-26 17:42:07,20.98,0.1679,0.0,2,Success,Subscription,Hanoi,VND,False
TXN-20240126-0005089,WALL-0109215,MERCH-00297,PM-01,DEV-01,2024-01-26 15:34:47,388.6,0.0,31.0879,77,Success,Purchase,Taunggyi,MMK,False
TXN-20240126-0005090,WALL-0134462,MERCH-00433,PM-02,DEV-02,2024-01-26 16:08:22,318.69,0.6374,0.0,31,Success,Tax Payment,Pattaya,THB,False
TXN-20240126-0005091,WALL-0027989,MERCH-00099,PM-02,DEV-01,2024-01-26 15:39:10,42.57,0.0851,0.0,4,Success,Purchase,Dhaka,BDT,False
TXN-20240126-0005092,WALL-0061399,MERCH-00383,PM-01,DEV-01,2024-01-26 00:16:35,20.0,0.0,0.0,2,Success,Purchase,Bali,IDR,False
TXN-20240126-0005093,WALL-0003132,MERCH-00314,PM-01,DEV-01,2024-01-26 20:32:29,58.05,0.0,0.0,5,Success,Bill Payment,Hyderabad,INR,False
TXN-20240126-0005094,WALL-0125179,MERCH-00019,PM-01,DEV-04,2024-01-26 16:52:41,40.3,0.0,0.806,4,Success,Purchase,Singapore,SGD,False
TXN-20240126-0005095,WALL-0127916,MERCH-00128,PM-02,DEV-01,2024-01-26 12:53:03,30.58,0.0612,0.0,3,Success,Purchase,Hyderabad,LKR,False
TXN-20240126-0005096,WALL-0050819,MERCH-00407,PM-01,DEV-01,2024-01-26 21:36:18,170.4,0.0,0.0,17,Success,Payment,Lahore,PKR,False
TXN-20240126-0005097,WALL-0137711,MERCH-00420,PM-03,DEV-01,2024-01-26 09:53:29,57.02,0.4561,0.0,5,Success,Payment,Singapore,SGD,False
TXN-20240126-0005098,WALL-0111607,MERCH-00167,PM-01,DEV-01,2024-01-26 18:56:58,88.32,0.0,4.4158,8,Success,Purchase,Medan,IDR,False
TXN-20240126-0005099,WALL-0057419,MERCH-00408,PM-02,DEV-04,2024-01-26 21:16:31,45.42,0.0908,0.0,4,Success,Payment,Davao,PHP,False
TXN-20240126-0005100,WALL-0079770,MERCH-00150,PM-01,DEV-02,2024-01-26 02:47:53,100.55,0.0,5.0273,10,Success,Purchase,Myitkyina,MMK,False
TXN-20240126-0005101,WALL-0022074,MERCH-00280,PM-03,DEV-02,2024-01-26 23:05:56,713.17,5.7054,57.054,142,Success,Purchase,Bago,MMK,False
TXN-20240126-0005102,WALL-0089794,MERCH-00019,PM-01,DEV-01,2024-01-26 10:22:12,7.76,0.0,0.1552,0,Success,Purchase,Bago,MMK,False
TXN-20240126-0005103,WALL-0047472,MERCH-00013,PM-03,DEV-01,2024-01-26 19:52:50,30.86,0.2469,0.6173,3,Success,Purchase,Quezon City,PHP,False
TXN-20240126-0005104,WALL-0036368,MERCH-00140,PM-02,DEV-01,2024-01-26 02:20:36,61.47,0.1229,3.0734,6,Success,Purchase,Mawlamyine,MMK,False
TXN-20240126-0005105,WALL-0116925,MERCH-00382,PM-01,DEV-02,2024-01-26 19:39:19,46.51,0.0,0.0,4,Success,Purchase,Bangalore,INR,False
TXN-20240126-0005106,WALL-0123057,MERCH-00442,PM-01,DEV-02,2024-01-26 19:54:23,85.4,0.0,0.0,8,Success,Tax Payment,Pattaya,THB,False
TXN-20240126-0005107,WALL-0070022,MERCH-00160,PM-04,DEV-02,2024-01-26 14:23:47,20.0,0.4,1.0,2,Success,Purchase,Jakarta,IDR,False
TXN-20240126-0005108,WALL-0074149,MERCH-00128,PM-05,DEV-01,2024-01-26 16:39:40,165.91,0.0,0.0,0,Failed,Purchase,Myitkyina,MMK,False
TXN-20240126-0005109,WALL-0090198,MERCH-00114,PM-01,DEV-02,2024-01-26 15:27:21,68.2,0.0,0.0,6,Success,Purchase,Yangon,MMK,False
TXN-20240126-0005110,WALL-0048622,MERCH-00140,PM-02,DEV-01,2024-01-26 18:57:39,328.53,0.6571,16.4266,32,Success,Purchase,Dhaka,BDT,False
TXN-20240126-0005111,WALL-0003559,MERCH-00403,PM-01,DEV-02,2024-01-26 15:27:57,84.06,0.0,0.0,8,Success,Payment,Bago,MMK,False
TXN-20240126-0005112,WALL-0123342,MERCH-00486,PM-04,DEV-02,2024-01-26 13:24:34,86.07,1.7213,0.0,8,Success,Payment,Kolkata,INR,False
TXN-20240126-0005113,WALL-0128154,MERCH-00405,PM-01,DEV-01,2024-01-26 14:57:50,71.38,0.0,0.0,7,Success,Payment,Taunggyi,MMK,False
TXN-20240126-0005114,WALL-0013426,MERCH-00415,PM-02,DEV-01,2024-01-26 17:50:02,482.2,0.9644,0.0,48,Success,Payment,Mandalay,MMK,False
TXN-20240126-0005115,WALL-0011809,MERCH-00430,PM-04,DEV-03,2024-01-26 20:41:14,345.58,6.9115,0.0,34,Success,Payment,Kandy,LKR,False
TXN-20240126-0005116,WALL-0009361,MERCH-00226,PM-01,DEV-01,2024-01-26 07:43:27,6.78,0.0,0.0,0,Success,Purchase,Johor Bahru,MYR,False
TXN-20240126-0005117,WALL-0033038,MERCH-00162,PM-02,DEV-01,2024-01-26 19:17:58,69.22,0.1384,3.4611,6,Success,Purchase,Pathein,MMK,False
TXN-20240126-0005118,WALL-0050774,MERCH-00036,PM-05,DEV-01,2024-01-26 19:09:36,5.93,0.0,0.1186,0,Success,Purchase,Kandy,IDR,False
TXN-20240126-0005119,WALL-0069647,MERCH-00123,PM-03,DEV-01,2024-01-26 06:51:36,46.82,0.3745,0.0,4,Success,Purchase,Bangalore,INR,False
TXN-20240126-0005120,WALL-0123358,MERCH-00281,PM-01,DEV-03,2024-01-26 14:09:04,682.87,0.0,54.6298,136,Success,Purchase,Khon Kaen,THB,False
TXN-20240126-0005121,WALL-0019589,MERCH-00312,PM-03,DEV-01,2024-01-26 00:12:12,119.51,0.9561,0.0,11,Success,Bill Payment,Lahore,PKR,False
TXN-20240126-0005122,WALL-0127295,MERCH-00059,PM-05,DEV-01,2024-01-26 15:56:08,20.87,0.0,0.4174,2,Success,Purchase,Bago,MMK,False
TXN-20240126-0005123,WALL-0041430,MERCH-00213,PM-01,DEV-01,2024-01-26 15:24:28,16.06,0.0,0.0,1,Success,Purchase,Delhi,INR,False
TXN-20240126-0005124,WALL-0113799,MERCH-00319,PM-04,DEV-01,2024-01-26 09:51:54,101.62,2.0325,0.0,10,Success,Bill Payment,Taunggyi,MMK,False
TXN-20240126-0005125,WALL-0057811,MERCH-00237,PM-01,DEV-04,2024-01-26 16:26:17,17.65,0.0,0.0,1,Success,Subscription,Quezon City,IDR,False
TXN-20240126-0005126,WALL-0050689,MERCH-00148,PM-02,DEV-02,2024-01-26 19:29:53,74.37,0.1487,3.7186,7,Success,Purchase,Mumbai,INR,False
TXN-20240126-0005127,WALL-0133006,MERCH-00019,PM-01,DEV-01,2024-01-26 06:25:38,17.03,0.0,0.3407,1,Success,Purchase,Quezon City,PHP,False
TXN-20240126-0005128,WALL-0028307,MERCH-00363,PM-04,DEV-01,2024-01-26 04:05:12,60.84,1.2167,0.0,6,Success,Bill Payment,Bago,MMK,False
TXN-20240126-0005129,WALL-0129287,MERCH-00259,PM-03,DEV-01,2024-01-26 10:26:08,14.47,0.1158,0.0,1,Success,Subscription,Pathein,MMK,False
TXN-20240126-0005130,WALL-0124356,MERCH-00243,PM-03,DEV-01,2024-01-26 10:12:45,22.36,0.1789,0.0,2,Success,Subscription,Johor Bahru,MMK,False
TXN-20240126-0005131,WALL-0026411,MERCH-00082,PM-01,DEV-02,2024-01-26 16:08:34,168.34,0.0,0.0,16,Success,Purchase,Ho Chi Minh City,VND,False
TXN-20240126-0005132,WALL-0114428,MERCH-00075,PM-01,DEV-01,2024-01-26 20:09:54,19.58,0.0,0.3916,1,Success,Purchase,Pune,INR,False
TXN-20240126-0005133,WALL-0008690,MERCH-00023,PM-03,DEV-03,2024-01-26 15:35:10,12.22,0.0977,0.2444,1,Success,Purchase,Medan,IDR,False
TXN-20240126-0005134,WALL-0034296,MERCH-00111,PM-02,DEV-01,2024-01-26 10:03:31,41.46,0.0829,0.0,4,Success,Purchase,Chittagong,BDT,False
TXN-20240126-0005135,WALL-0102866,MERCH-00154,PM-03,DEV-01,2024-01-26 18:20:01,177.6,1.4208,8.88,17,Success,Purchase,Myitkyina,MMK,False
TXN-20240126-0005136,WALL-0041044,MERCH-00026,PM-02,DEV-01,2024-01-26 15:32:51,15.65,0.0313,0.3131,1,Success,Purchase,Bandung,IDR,False
TXN-20240126-0005137,WALL-0019401,MERCH-00013,PM-01,DEV-02,2024-01-26 10:41:06,7.23,0.0,0.1445,0,Success,Purchase,Pattaya,PKR,False
TXN-20240126-0005138,WALL-0065160,MERCH-00253,PM-01,DEV-02,2024-01-26 20:39:05,6.27,0.0,0.0,0,Success,Subscription,Bago,MMK,False
TXN-20240126-0005139,WALL-0043482,MERCH-00175,PM-01,DEV-02,2024-01-26 16:43:39,278.23,0.0,13.9117,27,Success,Purchase,Cebu City,PHP,False
TXN-20240126-0005140,WALL-0061724,MERCH-00467,PM-04,DEV-03,2024-01-26 17:35:37,360.41,7.2082,0.0,36,Success,Payment,Bangalore,PHP,False
TXN-20240126-0005141,WALL-0030804,MERCH-00001,PM-02,DEV-04,2024-01-26 20:20:32,13.1,0.0262,0.2619,1,Success,Purchase,Colombo,LKR,False
TXN-20240126-0005142,WALL-0083287,MERCH-00014,PM-04,DEV-01,2024-01-26 12:22:52,13.13,0.2627,0.2627,1,Success,Purchase,Manila,IDR,False
TXN-20240126-0005143,WALL-0007362,MERCH-00298,PM-01,DEV-01,2024-01-26 15:17:03,153.4,0.0,12.2719,30,Success,Purchase,Naypyidaw,MMK,False
TXN-20240126-0005144,WALL-0025205,MERCH-00491,PM-02,DEV-01,2024-01-26 08:29:41,185.84,0.3717,0.0,18,Success,Payment,Mumbai,MMK,False
TXN-20240126-0005145,WALL-0006407,MERCH-00007,PM-01,DEV-02,2024-01-26 18:43:18,16.04,0.0,0.3209,1,Success,Purchase,Delhi,INR,False
TXN-20240126-0005146,WALL-0061311,MERCH-00293,PM-01,DEV-03,2024-01-26 14:10:23,635.76,0.0,50.8606,127,Success,Purchase,Mawlamyine,MMK,False
TXN-20240126-0005147,WALL-0004881,MERCH-00376,PM-01,DEV-03,2024-01-26 20:11:24,104.18,0.0,0.0,10,Success,Purchase,Cebu City,PHP,False
TXN-20240126-0005148,WALL-0030214,MERCH-00220,PM-02,DEV-02,2024-01-26 18:50:36,6.52,0.013,0.0,0,Success,Purchase,Kuala Lumpur,PHP,False
TXN-20240126-0005149,WALL-0112323,MERCH-00199,PM-01,DEV-01,2024-01-26 17:02:29,22.07,0.0,0.0,2,Success,Purchase,Phuket,THB,False
TXN-20240126-0005150,WALL-0051062,MERCH-00332,PM-02,DEV-01,2024-01-26 08:37:44,40.84,0.0817,0.0,4,Success,Bill Payment,Siem Reap,KHR,False
TXN-20240126-0005151,WALL-0070208,MERCH-00384,PM-02,DEV-03,2024-01-26 10:34:10,25.1,0.0502,0.0,2,Success,Purchase,Chittagong,BDT,False
TXN-20240126-0005152,WALL-0139356,MERCH-00160,PM-03,DEV-03,2024-01-26 11:09:09,20.48,0.1638,1.024,2,Success,Purchase,Taunggyi,MMK,False
TXN-20240126-0005153,WALL-0049779,MERCH-00088,PM-03,DEV-01,2024-01-26 11:00:27,24.76,0.1981,0.0,2,Success,Purchase,Taunggyi,MMK,False
TXN-20240126-0005154,WALL-0022131,MERCH-00461,PM-01,DEV-01,2024-01-26 16:30:12,298.55,0.0,0.0,29,Success,Payment,Kandy,LKR,False
TXN-20240126-0005155,WALL-0122893,MERCH-00154,PM-03,DEV-01,2024-01-26 19:45:11,266.27,2.1301,13.3134,26,Success,Purchase,Hanoi,VND,False
TXN-20240126-0005156,WALL-0092471,MERCH-00404,PM-01,DEV-02,2024-01-26 16:25:43,60.4,0.0,0.0,6,Success,Payment,Jakarta,IDR,False
TXN-20240126-0005157,WALL-0130791,MERCH-00024,PM-02,DEV-05,2024-01-26 02:03:18,28.53,0.0571,0.5706,2,Success,Purchase,Jakarta,IDR,False
TXN-20240126-0005158,WALL-0055038,MERCH-00208,PM-01,DEV-01,2024-01-26 19:28:14,14.58,0.0,0.0,1,Success,Purchase,Islamabad,MMK,False
TXN-20240126-0005159,WALL-0110220,MERCH-00141,PM-04,DEV-01,2024-01-26 07:16:28,49.75,0.995,2.4876,4,Success,Purchase,Islamabad,PKR,False
TXN-20240126-0005160,WALL-0003236,MERCH-00033,PM-01,DEV-01,2024-01-26 19:09:03,11.64,0.0,0.2327,1,Success,Purchase,Mawlamyine,MMK,False
TXN-20240126-0005161,WALL-0122859,MERCH-00218,PM-01,DEV-03,2024-01-26 14:23:20,10.24,0.0,0.0,1,Success,Purchase,Medan,IDR,False
TXN-20240126-0005162,WALL-0096419,MERCH-00234,PM-01,DEV-03,2024-01-26 15:34:07,11.02,0.0,0.0,1,Success,Subscription,Bago,MMK,False
TXN-20240126-0005163,WALL-0101385,MERCH-00221,PM-02,DEV-03,2024-01-26 18:33:07,23.49,0.047,0.0,0,Pending,Purchase,Dhaka,BDT,False
TXN-20240126-0005164,WALL-0131870,MERCH-00050,PM-01,DEV-03,2024-01-26 16:26:14,5.88,0.0,0.1176,0,Success,Purchase,Lahore,PKR,False
TXN-20240126-0005165,WALL-0026586,MERCH-00075,PM-02,DEV-01,2024-01-26 12:45:10,47.08,0.0942,0.9416,4,Success,Purchase,Penang,PKR,False
TXN-20240126-0005166,WALL-0082630,MERCH-00284,PM-01,DEV-01,2024-01-26 15:18:15,869.97,0.0,69.5976,173,Success,Purchase,Kandy,MMK,False
TXN-20240126-0005167,WALL-0102587,MERCH-00432,PM-03,DEV-02,2024-01-26 12:08:18,107.56,0.8605,0.0,10,Success,Tax Payment,Kuala Lumpur,MYR,False
TXN-20240126-0005168,WALL-0128385,MERCH-00409,PM-01,DEV-01,2024-01-26 14:20:48,95.39,0.0,0.0,9,Success,Payment,Ahmedabad,INR,False
TXN-20240126-0005169,WALL-0099975,MERCH-00157,PM-04,DEV-03,2024-01-26 22:48:04,60.97,1.2193,3.0484,6,Success,Purchase,Mandalay,MMK,False
TXN-20240126-0005170,WALL-0124379,MERCH-00377,PM-01,DEV-01,2024-01-26 17:48:31,36.28,0.0,0.0,3,Success,Purchase,Bangalore,PHP,False
TXN-20240126-0005171,WALL-0089362,MERCH-00146,PM-05,DEV-02,2024-01-26 17:56:45,52.47,0.0,2.6235,5,Success,Purchase,Ahmedabad,INR,False
TXN-20240126-0005172,WALL-0119857,MERCH-00287,PM-05,DEV-01,2024-01-26 23:28:23,100.0,0.0,8.0,20,Success,Purchase,Jaipur,INR,False
TXN-20240126-0005173,WALL-0062181,MERCH-00004,PM-01,DEV-03,2024-01-26 15:45:08,6.28,0.0,0.0,0,Failed,Purchase,Taunggyi,MMK,False
TXN-20240126-0005174,WALL-0149025,MERCH-00217,PM-02,DEV-03,2024-01-26 18:14:56,16.91,0.0338,0.0,1,Success,Purchase,Yangon,MMK,False
TXN-20240126-0005175,WALL-0087930,MERCH-00137,PM-04,DEV-03,2024-01-26 21:21:50,107.37,2.1475,5.3687,10,Success,Purchase,Phuket,PHP,False
TXN-20240126-0005176,WALL-0012791,MERCH-00075,PM-04,DEV-01,2024-01-26 13:25:01,27.69,0.5538,0.5538,2,Success,Purchase,Mandalay,MMK,False
TXN-20240126-0005177,WALL-0127719,MERCH-00094,PM-03,DEV-01,2024-01-26 18:38:00,102.67,0.8214,0.0,10,Success,Purchase,Mandalay,MMK,False
TXN-20240126-0005178,WALL-0112583,MERCH-00379,PM-03,DEV-03,2024-01-26 10:44:21,89.11,0.7129,0.0,8,Success,Purchase,Johor Bahru,MYR,False
TXN-20240126-0005179,WALL-0086667,MERCH-00225,PM-05,DEV-03,2024-01-26 18:45:42,14.59,0.0,0.0,1,Success,Purchase,Mandalay,MMK,False
TXN-20240126-0005180,WALL-0142050,MERCH-00242,PM-03,DEV-01,2024-01-26 06:01:16,6.39,0.0511,0.0,0,Success,Subscription,Yangon,MMK,False
TXN-20240126-0005181,WALL-0015382,MERCH-00255,PM-02,DEV-03,2024-01-26 19:36:30,11.19,0.0224,0.0,1,Success,Subscription,Yangon,MMK,False
TXN-20240126-0005182,WALL-0064391,MERCH-00296,PM-01,DEV-01,2024-01-26 16:54:11,720.08,0.0,57.6066,144,Success,Purchase,Taunggyi,MMK,False
TXN-20240126-0005183,WALL-0002041,MERCH-00164,PM-01,DEV-01,2024-01-26 19:03:35,64.55,0.0,3.2273,6,Success,Purchase,Islamabad,PKR,False
TXN-20240126-0005184,WALL-0017269,MERCH-00371,PM-05,DEV-04,2024-01-26 07:08:40,76.71,0.0,0.0,7,Success,Purchase,Pathein,MMK,False
TXN-20240126-0005185,WALL-0149362,MERCH-00198,PM-01,DEV-01,2024-01-26 03:17:11,7.58,0.0,0.0,0,Success,Purchase,Naypyidaw,MMK,False
TXN-20240126-0005186,WALL-0144019,MERCH-00355,PM-04,DEV-03,2024-01-26 23:04:21,90.62,1.8124,0.0,9,Success,Bill Payment,Pathein,MMK,False
TXN-20240126-0005187,WALL-0013101,MERCH-00257,PM-04,DEV-04,2024-01-26 11:26:50,19.74,0.3949,0.0,1,Success,Subscription,Taunggyi,INR,False
TXN-20240126-0005188,WALL-0139765,MERCH-00046,PM-03,DEV-02,2024-01-26 20:18:12,9.35,0.0748,0.187,0,Success,Purchase,Mumbai,INR,False
TXN-20240126-0005189,WALL-0033851,MERCH-00206,PM-01,DEV-01,2024-01-26 05:21:36,5.0,0.0,0.0,0,Failed,Purchase,Phnom Penh,KHR,False
TXN-20240126-0005190,WALL-0128933,MERCH-00371,PM-03,DEV-01,2024-01-26 19:38:39,57.67,0.4614,0.0,5,Success,Purchase,Taunggyi,MMK,False
TXN-20240126-0005191,WALL-0019745,MERCH-00403,PM-04,DEV-03,2024-01-26 11:46:22,87.06,1.7412,0.0,8,Success,Payment,Myitkyina,MMK,False
TXN-20240126-0005192,WALL-0006049,MERCH-00483,PM-03,DEV-01,2024-01-26 20:09:25,380.19,3.0415,0.0,38,Success,Payment,Delhi,INR,False
TXN-20240126-0005193,WALL-0062297,MERCH-00399,PM-04,DEV-01,2024-01-26 07:15:46,77.35,1.5469,0.0,7,Success,Purchase,Pathein,INR,False
TXN-20240126-0005194,WALL-0132720,MERCH-00329,PM-02,DEV-01,2024-01-26 16:56:31,73.75,0.1475,0.0,7,Success,Bill Payment,Kandy,INR,False
TXN-20240126-0005195,WALL-0054749,MERCH-00021,PM-01,DEV-02,2024-01-26 12:44:07,23.54,0.0,0.4707,2,Success,Purchase,Taunggyi,MMK,False
TXN-20240126-0005196,WALL-0139563,MERCH-00082,PM-01,DEV-01,2024-01-26 13:22:37,80.22,0.0,0.0,8,Success,Purchase,Taunggyi,MMK,False
TXN-20240126-0005197,WALL-0097251,MERCH-00260,PM-01,DEV-02,2024-01-26 08:20:58,21.76,0.0,0.0,2,Success,Subscription,Davao,MMK,False
TXN-20240126-0005198,WALL-0009351,MERCH-00412,PM-01,DEV-02,2024-01-26 20:17:10,158.91,0.0,0.0,15,Success,Payment,Dhaka,BDT,False
TXN-20240126-0005199,WALL-0130760,MERCH-00142,PM-02,DEV-01,2024-01-26 16:09:03,337.95,0.6759,16.8976,33,Success,Purchase,Quezon City,PHP,False
TXN-20240126-0005200,WALL-0039227,MERCH-00124,PM-02,DEV-01,2024-01-26 20:16:34,45.93,0.0919,0.0,4,Success,Purchase,Pune,INR,False
TXN-20240126-0005201,WALL-0035218,MERCH-00080,PM-02,DEV-02,2024-01-26 18:25:03,26.64,0.0533,0.5329,2,Success,Purchase,Lahore,PKR,False
TXN-20240126-0005202,WALL-0054348,MERCH-00359,PM-03,DEV-02,2024-01-26 11:49:08,24.04,0.1923,0.0,2,Success,Bill Payment,Medan,IDR,False
TXN-20240126-0005203,WALL-0017929,MERCH-00206,PM-01,DEV-02,2024-01-26 15:11:15,13.59,0.0,0.0,1,Success,Purchase,Myitkyina,MMK,False
TXN-20240126-0005204,WALL-0008912,MERCH-00489,PM-04,DEV-01,2024-01-26 18:21:55,50.0,1.0,0.0,5,Success,Payment,Hanoi,VND,False
TXN-20240126-0005205,WALL-0017117,MERCH-00022,PM-01,DEV-02,2024-01-26 15:13:02,21.09,0.0,0.4218,2,Success,Purchase,Khon Kaen,THB,False
TXN-20240126-0005206,WALL-0139440,MERCH-00414,PM-04,DEV-05,2024-01-26 03:48:19,116.03,2.3206,0.0,11,Success,Payment,Phuket,THB,False
TXN-20240126-0005207,WALL-0013539,MERCH-00410,PM-01,DEV-01,2024-01-26 10:52:07,31.43,0.0,0.0,3,Success,Payment,Chiang Mai,THB,False
TXN-20240126-0005208,WALL-0147918,MERCH-00381,PM-03,DEV-01,2024-01-26 21:12:01,141.1,1.1288,0.0,0,Failed,Purchase,Bali,INR,False
TXN-20240126-0005209,WALL-0087944,MERCH-00286,PM-05,DEV-01,2024-01-26 14:25:08,496.43,0.0,39.7141,99,Success,Purchase,Bago,MMK,False
TXN-20240126-0005210,WALL-0030235,MERCH-00059,PM-04,DEV-02,2024-01-26 15:52:52,14.78,0.2956,0.2956,1,Success,Purchase,Lahore,MMK,False
TXN-20240126-0005211,WALL-0076933,MERCH-00044,PM-02,DEV-01,2024-01-26 12:40:45,12.62,0.0252,0.2524,1,Success,Purchase,Pathein,MMK,False
TXN-20240126-0005212,WALL-0054935,MERCH-00253,PM-03,DEV-04,2024-01-26 14:41:25,14.71,0.1177,0.0,1,Success,Subscription,Taunggyi,MMK,False
TXN-20240126-0005213,WALL-0002559,MERCH-00429,PM-03,DEV-02,2024-01-26 19:16:48,44.63,0.357,0.0,4,Success,Payment,Manila,INR,False
TXN-20240126-0005214,WALL-0081351,MERCH-00368,PM-05,DEV-01,2024-01-26 13:46:25,36.66,0.0,0.0,3,Success,Bill Payment,Mandalay,MMK,False
TXN-20240126-0005215,WALL-0069462,MERCH-00204,PM-01,DEV-01,2024-01-26 03:59:22,16.86,0.0,0.0,1,Success,Purchase,Taunggyi,MMK,False
TXN-20240126-0005216,WALL-0136775,MERCH-00334,PM-02,DEV-01,2024-01-26 16:39:33,165.37,0.3307,0.0,16,Success,Bill Payment,Chennai,INR,False
TXN-20240126-0005217,WALL-0051846,MERCH-00193,PM-01,DEV-01,2024-01-26 14:34:23,18.33,0.0,0.0,1,Success,Purchase,Mandalay,MMK,False
TXN-20240126-0005218,WALL-0004369,MERCH-00238,PM-04,DEV-05,2024-01-26 20:56:44,12.55,0.251,0.0,1,Success,Subscription,Naypyidaw,MYR,False
TXN-20240126-0005219,WALL-0080986,MERCH-00201,PM-02,DEV-01,2024-01-26 14:21:17,14.1,0.0282,0.0,1,Success,Purchase,Karachi,PKR,False
TXN-20240126-0005220,WALL-0122428,MERCH-00302,PM-04,DEV-02,2024-01-26 17:29:57,1779.71,35.5941,142.3765,355,Success,Purchase,Singapore,SGD,False
TXN-20240126-0005221,WALL-0046157,MERCH-00326,PM-03,DEV-01,2024-01-26 08:43:22,87.46,0.6997,0.0,8,Success,Bill Payment,Mandalay,MMK,False
TXN-20240126-0005222,WALL-0007408,MERCH-00384,PM-03,DEV-02,2024-01-26 20:12:19,25.98,0.2079,0.0,2,Success,Purchase,Manila,PHP,False
TXN-20240126-0005223,WALL-0023425,MERCH-00094,PM-01,DEV-01,2024-01-26 17:45:56,49.02,0.0,0.0,0,Reversed,Purchase,Jaipur,INR,False
TXN-20240126-0005224,WALL-0091843,MERCH-00409,PM-02,DEV-01,2024-01-26 13:20:35,105.24,0.2105,0.0,10,Success,Payment,Myitkyina,MMK,False
TXN-20240126-0005225,WALL-0080095,MERCH-00045,PM-01,DEV-01,2024-01-26 16:40:37,9.07,0.0,0.1815,0,Success,Purchase,Dhaka,BDT,False
TXN-20240126-0005226,WALL-0015611,MERCH-00031,PM-04,DEV-01,2024-01-26 16:26:24,21.16,0.4231,0.4231,2,Success,Purchase,Taunggyi,MMK,False
TXN-20240126-0005227,WALL-0069363,MERCH-00237,PM-04,DEV-03,2024-01-26 12:10:50,15.47,0.3093,0.0,1,Success,Subscription,Bago,PHP,False
TXN-20240126-0005228,WALL-0148096,MERCH-00327,PM-04,DEV-04,2024-01-26 09:51:34,49.53,0.9905,0.0,4,Success,Bill Payment,Ho Chi Minh City,VND,False
TXN-20240126-0005229,WALL-0129247,MERCH-00089,PM-03,DEV-03,2024-01-26 14:30:37,73.81,0.5905,0.0,7,Success,Purchase,Mawlamyine,MMK,False
TXN-20240126-0005230,WALL-0074135,MERCH-00023,PM-02,DEV-02,2024-01-26 18:16:33,13.99,0.028,0.2797,1,Success,Purchase,Yangon,INR,False
TXN-20240126-0005231,WALL-0101391,MERCH-00390,PM-01,DEV-01,2024-01-26 07:35:02,38.66,0.0,0.0,3,Success,Purchase,Manila,PHP,False
TXN-20240126-0005232,WALL-0068100,MERCH-00450,PM-02,DEV-02,2024-01-26 18:01:03,222.55,0.4451,0.0,22,Success,Tax Payment,Jakarta,MMK,False
TXN-20240126-0005233,WALL-0140004,MERCH-00378,PM-03,DEV-01,2024-01-26 09:15:27,106.89,0.8551,0.0,10,Success,Purchase,Bangalore,INR,False
TXN-20240126-0005234,WALL-0090305,MERCH-00422,PM-04,DEV-01,2024-01-26 16:43:23,96.97,1.9395,0.0,9,Success,Payment,Bago,MMK,False
TXN-20240126-0005235,WALL-0020345,MERCH-00389,PM-01,DEV-03,2024-01-26 21:30:10,46.64,0.0,0.0,4,Success,Purchase,Bago,MMK,False
TXN-20240126-0005236,WALL-0077289,MERCH-00233,PM-01,DEV-02,2024-01-26 16:38:31,6.49,0.0,0.0,0,Success,Subscription,Yangon,MMK,False
TXN-20240126-0005237,WALL-0140603,MERCH-00322,PM-03,DEV-02,2024-01-26 17:28:31,43.8,0.3504,0.0,4,Success,Bill Payment,Taunggyi,MMK,False
TXN-20240126-0005238,WALL-0096801,MERCH-00044,PM-04,DEV-01,2024-01-26 11:24:50,6.47,0.1294,0.1294,0,Success,Purchase,Hanoi,VND,False
TXN-20240126-0005239,WALL-0107529,MERCH-00418,PM-02,DEV-01,2024-01-26 19:44:57,63.65,0.1273,0.0,6,Success,Payment,Yangon,MMK,False
TXN-20240126-0005240,WALL-0037039,MERCH-00155,PM-01,DEV-02,2024-01-26 14:31:57,322.11,0.0,16.1055,32,Success,Purchase,Da Nang,VND,False
TXN-20240126-0005241,WALL-0016062,MERCH-00382,PM-02,DEV-01,2024-01-26 08:59:59,31.26,0.0625,0.0,3,Success,Purchase,Islamabad,PKR,False
TXN-20240126-0005242,WALL-0146147,MERCH-00252,PM-03,DEV-01,2024-01-26 19:25:07,17.02,0.1362,0.0,1,Success,Subscription,Naypyidaw,LKR,False
TXN-20240126-0005243,WALL-0017290,MERCH-00188,PM-01,DEV-01,2024-01-26 13:34:25,271.24,0.0,13.5621,27,Success,Purchase,Mandalay,MMK,False
TXN-20240126-0005244,WALL-0033740,MERCH-00284,PM-01,DEV-03,2024-01-26 13:05:41,111.77,0.0,8.9419,22,Success,Purchase,Singapore,SGD,False
TXN-20240126-0005245,WALL-0124576,MERCH-00218,PM-01,DEV-02,2024-01-26 15:58:18,7.98,0.0,0.0,0,Success,Purchase,Delhi,PKR,False
TXN-20240126-0005246,WALL-0063320,MERCH-00245,PM-03,DEV-01,2024-01-26 16:44:24,5.0,0.04,0.0,0,Success,Subscription,Karachi,PKR,False
TXN-20240126-0005247,WALL-0041347,MERCH-00094,PM-03,DEV-01,2024-01-26 05:03:20,56.86,0.4548,0.0,5,Success,Purchase,Naypyidaw,MMK,False
TXN-20240126-0005248,WALL-0058784,MERCH-00175,PM-01,DEV-02,2024-01-26 19:46:57,50.78,0.0,2.539,5,Success,Purchase,Mawlamyine,MMK,False
TXN-20240126-0005249,WALL-0085020,MERCH-00032,PM-01,DEV-03,2024-01-26 08:42:55,13.3,0.0,0.2661,1,Success,Purchase,Taunggyi,MMK,False
TXN-20240126-0005250,WALL-0117000,MERCH-00314,PM-01,DEV-02,2024-01-26 18:34:28,50.2,0.0,0.0,5,Success,Bill Payment,Myitkyina,MMK,False
TXN-20240126-0005251,WALL-0009447,MERCH-00037,PM-02,DEV-04,2024-01-26 08:16:28,10.77,0.0215,0.2155,1,Success,Purchase,Bali,IDR,False
TXN-20240126-0005252,WALL-0071395,MERCH-00036,PM-03,DEV-01,2024-01-26 12:18:25,78.62,0.629,1.5724,7,Success,Purchase,Johor Bahru,MYR,False
TXN-20240126-0005253,WALL-0000839,MERCH-00155,PM-01,DEV-01,2024-01-26 16:59:12,66.15,0.0,3.3076,6,Success,Purchase,Taunggyi,MMK,False
TXN-20240126-0005254,WALL-0064684,MERCH-00052,PM-01,DEV-02,2024-01-26 15:28:58,8.41,0.0,0.1681,0,Success,Purchase,Naypyidaw,MMK,False
TXN-20240126-0005255,WALL-0052470,MERCH-00266,PM-02,DEV-01,2024-01-26 15:51:44,8.61,0.0172,0.0,0,Success,Subscription,Mawlamyine,MMK,False
TXN-20240126-0005256,WALL-0002638,MERCH-00157,PM-03,DEV-01,2024-01-26 00:26:54,82.66,0.6613,4.1332,8,Success,Purchase,Chittagong,BDT,False
TXN-20240126-0005257,WALL-0041875,MERCH-00081,PM-01,DEV-01,2024-01-26 07:47:57,55.71,0.0,0.0,5,Success,Purchase,Kathmandu,NPR,False
TXN-20240126-0005258,WALL-0130934,MERCH-00133,PM-02,DEV-02,2024-01-26 21:01:41,304.54,0.6091,15.2269,30,Success,Purchase,Pathein,MMK,False
TXN-20240126-0005259,WALL-0051740,MERCH-00382,PM-04,DEV-01,2024-01-26 04:11:39,60.86,1.2172,0.0,6,Success,Purchase,Karachi,MMK,False
TXN-20240126-0005260,WALL-0120394,MERCH-00311,PM-01,DEV-02,2024-01-26 03:49:53,96.27,0.0,0.0,9,Success,Bill Payment,Bago,MMK,False
TXN-20240126-0005261,WALL-0133753,MERCH-00054,PM-01,DEV-02,2024-01-26 12:58:20,8.35,0.0,0.167,0,Success,Purchase,Delhi,INR,False
TXN-20240126-0005262,WALL-0018218,MERCH-00085,PM-02,DEV-05,2024-01-26 16:32:59,58.42,0.1168,0.0,5,Success,Purchase,Bago,MMK,False
TXN-20240126-0005263,WALL-0002287,MERCH-00086,PM-05,DEV-01,2024-01-26 18:21:26,255.27,0.0,0.0,25,Success,Purchase,Kathmandu,MMK,False
TXN-20240126-0005264,WALL-0144187,MERCH-00053,PM-02,DEV-02,2024-01-26 23:50:13,31.02,0.062,0.6205,3,Success,Purchase,Pathein,MMK,False
TXN-20240126-0005265,WALL-0143001,MERCH-00072,PM-03,DEV-01,2024-01-26 18:52:44,11.37,0.091,0.2274,1,Success,Purchase,Johor Bahru,MYR,False
TXN-20240126-0005266,WALL-0134317,MERCH-00200,PM-01,DEV-05,2024-01-26 11:23:04,11.58,0.0,0.0,1,Success,Purchase,Bago,MMK,False
TXN-20240126-0005267,WALL-0037217,MERCH-00126,PM-01,DEV-01,2024-01-26 19:40:36,67.64,0.0,0.0,6,Success,Purchase,Penang,MYR,False
TXN-20240126-0005268,WALL-0061156,MERCH-00064,PM-02,DEV-02,2024-01-26 18:51:53,37.4,0.0748,0.7481,3,Success,Purchase,Islamabad,INR,False
TXN-20240126-0005269,WALL-0103622,MERCH-00027,PM-04,DEV-01,2024-01-26 06:33:54,10.05,0.2011,0.2011,1,Success,Purchase,Islamabad,INR,False
TXN-20240126-0005270,WALL-0093831,MERCH-00076,PM-01,DEV-01,2024-01-26 21:04:55,6.73,0.0,0.1345,0,Success,Purchase,Medan,IDR,False
TXN-20240126-0005271,WALL-0061983,MERCH-00183,PM-03,DEV-02,2024-01-26 16:27:58,39.61,0.3169,1.9805,3,Success,Purchase,Da Nang,VND,False
TXN-20240126-0005272,WALL-0146045,MERCH-00325,PM-03,DEV-03,2024-01-26 10:45:01,65.69,0.5255,0.0,6,Success,Bill Payment,Pathein,MMK,False
TXN-20240126-0005273,WALL-0045438,MERCH-00008,PM-01,DEV-03,2024-01-26 16:05:09,25.5,0.0,0.5099,2,Success,Purchase,Naypyidaw,MMK,False
TXN-20240126-0005274,WALL-0071152,MERCH-00081,PM-01,DEV-02,2024-01-26 16:45:28,109.05,0.0,0.0,10,Success,Purchase,Khon Kaen,THB,False
TXN-20240126-0005275,WALL-0103723,MERCH-00169,PM-04,DEV-05,2024-01-26 14:39:53,147.02,2.9405,7.3512,14,Success,Purchase,Yangon,MMK,False
TXN-20240126-0005276,WALL-0059594,MERCH-00099,PM-01,DEV-02,2024-01-26 00:55:07,88.18,0.0,0.0,8,Success,Purchase,Myitkyina,MMK,False
TXN-20240126-0005277,WALL-0120393,MERCH-00155,PM-01,DEV-01,2024-01-26 13:19:39,28.63,0.0,1.4313,2,Success,Purchase,Myitkyina,MMK,False
TXN-20240126-0005278,WALL-0009341,MERCH-00137,PM-01,DEV-04,2024-01-26 12:56:04,223.53,0.0,11.1767,22,Success,Purchase,Islamabad,MMK,False
TXN-20240126-0005279,WALL-0049013,MERCH-00412,PM-01,DEV-02,2024-01-26 15:25:25,104.88,0.0,0.0,10,Success,Payment,Kandy,LKR,False
TXN-20240126-0005280,WALL-0088050,MERCH-00329,PM-01,DEV-03,2024-01-26 15:23:36,83.41,0.0,0.0,8,Success,Bill Payment,Bago,MMK,False
TXN-20240126-0005281,WALL-0027912,MERCH-00219,PM-01,DEV-02,2024-01-26 08:02:38,9.26,0.0,0.0,0,Success,Purchase,Johor Bahru,MYR,False
TXN-20240126-0005282,WALL-0032918,MERCH-00417,PM-03,DEV-03,2024-01-26 09:36:02,104.98,0.8399,0.0,10,Success,Payment,Khon Kaen,THB,False
TXN-20240126-0005283,WALL-0080396,MERCH-00081,PM-04,DEV-01,2024-01-26 12:01:08,20.02,0.4004,0.0,2,Success,Purchase,Mandalay,MMK,False
TXN-20240126-0005284,WALL-0053580,MERCH-00088,PM-03,DEV-03,2024-01-26 13:08:14,47.89,0.3832,0.0,4,Success,Purchase,Myitkyina,MMK,False
TXN-20240126-0005285,WALL-0133805,MERCH-00073,PM-01,DEV-01,2024-01-26 19:16:03,24.04,0.0,0.4809,2,Success,Purchase,Mandalay,MMK,False
TXN-20240126-0005286,WALL-0031761,MERCH-00013,PM-05,DEV-01,2024-01-26 19:12:56,20.39,0.0,0.4078,2,Success,Purchase,Pune,INR,False
TXN-20240126-0005287,WALL-0023959,MERCH-00099,PM-02,DEV-01,2024-01-26 21:07:27,16.24,0.0325,0.0,1,Success,Purchase,Quezon City,PHP,False
TXN-20240126-0005288,WALL-0036877,MERCH-00071,PM-02,DEV-02,2024-01-26 21:03:32,8.65,0.0173,0.173,0,Success,Purchase,Chennai,INR,False
TXN-20240126-0005289,WALL-0008487,MERCH-00129,PM-04,DEV-01,2024-01-26 17:49:30,62.2,1.244,0.0,6,Success,Purchase,Pathein,MMK,False
TXN-20240126-0005290,WALL-0033071,MERCH-00025,PM-01,DEV-05,2024-01-26 13:45:12,16.74,0.0,0.3347,1,Success,Purchase,Myitkyina,MMK,False
TXN-20240126-0005291,WALL-0059979,MERCH-00443,PM-03,DEV-01,2024-01-26 06:27:17,969.13,7.753,0.0,96,Success,Tax Payment,Mawlamyine,MMK,False
TXN-20240126-0005292,WALL-0116548,MERCH-00442,PM-04,DEV-02,2024-01-26 18:33:53,654.16,13.0832,0.0,65,Success,Tax Payment,Jakarta,IDR,False
TXN-20240126-0005293,WALL-0123057,MERCH-00289,PM-01,DEV-01,2024-01-26 13:43:50,149.76,0.0,11.9804,29,Success,Purchase,Jaipur,THB,False
TXN-20240126-0005294,WALL-0026500,MERCH-00276,PM-02,DEV-02,2024-01-26 15:31:38,210.36,0.4207,16.829,42,Success,Purchase,Myitkyina,MMK,False
TXN-20240126-0005295,WALL-0013931,MERCH-00007,PM-01,DEV-01,2024-01-26 12:52:34,17.08,0.0,0.3416,1,Success,Purchase,Chennai,INR,False
TXN-20240126-0005296,WALL-0065671,MERCH-00276,PM-01,DEV-02,2024-01-26 11:16:26,188.56,0.0,15.0847,37,Success,Purchase,Taunggyi,MMK,False
TXN-20240126-0005297,WALL-0075399,MERCH-00094,PM-03,DEV-01,2024-01-26 19:37:02,58.64,0.4691,0.0,5,Success,Purchase,Pattaya,THB,False
TXN-20240126-0005298,WALL-0045022,MERCH-00381,PM-01,DEV-02,2024-01-26 08:34:00,20.0,0.0,0.0,2,Success,Purchase,Kathmandu,MMK,False
TXN-20240126-0005299,WALL-0121672,MERCH-00410,PM-02,DEV-05,2024-01-26 13:55:48,110.57,0.2211,0.0,11,Success,Payment,Mawlamyine,MMK,False
TXN-20240126-0005300,WALL-0147525,MERCH-00345,PM-01,DEV-02,2024-01-26 09:35:48,95.21,0.0,0.0,0,Reversed,Bill Payment,Pattaya,THB,False
TXN-20240126-0005301,WALL-0024486,MERCH-00316,PM-01,DEV-01,2024-01-26 23:18:39,68.2,0.0,0.0,6,Success,Bill Payment,Cebu City,PKR,False
TXN-20240126-0005302,WALL-0081616,MERCH-00390,PM-04,DEV-01,2024-01-26 19:48:39,83.7,1.6741,0.0,8,Success,Purchase,Chennai,INR,False
TXN-20240126-0005303,WALL-0004930,MERCH-00203,PM-02,DEV-01,2024-01-26 04:38:08,32.54,0.0651,0.0,3,Success,Purchase,Myitkyina,MMK,False
TXN-20240126-0005304,WALL-0048665,MERCH-00262,PM-02,DEV-04,2024-01-26 12:23:17,24.03,0.0481,0.0,2,Success,Subscription,Phuket,THB,False
TXN-20240126-0005305,WALL-0093998,MERCH-00398,PM-02,DEV-01,2024-01-26 21:05:01,81.14,0.1623,0.0,8,Success,Purchase,Chiang Mai,MMK,False
TXN-20240126-0005306,WALL-0139567,MERCH-00035,PM-02,DEV-03,2024-01-26 18:08:19,22.94,0.0459,0.4587,2,Success,Purchase,Phnom Penh,PKR,False
TXN-20240126-0005307,WALL-0037823,MERCH-00165,PM-02,DEV-03,2024-01-26 13:10:10,35.52,0.071,1.7762,3,Success,Purchase,Kathmandu,NPR,False
TXN-20240126-0005308,WALL-0060207,MERCH-00050,PM-02,DEV-02,2024-01-26 18:56:39,6.68,0.0134,0.1335,0,Success,Purchase,Dhaka,BDT,False
TXN-20240126-0005309,WALL-0113358,MERCH-00083,PM-03,DEV-02,2024-01-26 19:26:41,37.61,0.3009,0.0,3,Success,Purchase,Pokhara,NPR,False
TXN-20240126-0005310,WALL-0129447,MERCH-00439,PM-03,DEV-01,2024-01-26 19:31:48,208.27,1.6661,0.0,20,Success,Tax Payment,Myitkyina,MMK,False
TXN-20240126-0005311,WALL-0004909,MERCH-00166,PM-04,DEV-01,2024-01-26 04:43:00,210.42,4.2085,10.5212,21,Success,Purchase,Mumbai,INR,False
TXN-20240126-0005312,WALL-0062148,MERCH-00001,PM-01,DEV-01,2024-01-26 04:41:11,16.13,0.0,0.3225,1,Success,Purchase,Dhaka,BDT,False
TXN-20240126-0005313,WALL-0073596,MERCH-00409,PM-03,DEV-01,2024-01-26 14:32:16,31.99,0.2559,0.0,3,Success,Payment,Ahmedabad,INR,False
TXN-20240126-0005314,WALL-0131521,MERCH-00207,PM-04,DEV-05,2024-01-26 10:37:58,11.79,0.2358,0.0,1,Success,Purchase,Cebu City,PHP,False
TXN-20240126-0005315,WALL-0122726,MERCH-00315,PM-04,DEV-02,2024-01-26 09:34:33,162.3,3.246,0.0,16,Success,Bill Payment,Chittagong,MMK,False
TXN-20240126-0005316,WALL-0109599,MERCH-00056,PM-02,DEV-03,2024-01-26 12:00:12,26.39,0.0528,0.5278,2,Success,Purchase,Chittagong,BDT,False
TXN-20240126-0005317,WALL-0001112,MERCH-00337,PM-04,DEV-02,2024-01-26 16:38:42,58.21,1.1642,0.0,5,Success,Bill Payment,Delhi,INR,False
TXN-20240126-0005318,WALL-0121415,MERCH-00181,PM-01,DEV-01,2024-01-26 15:14:29,59.09,0.0,2.9544,5,Success,Purchase,Chittagong,BDT,False
TXN-20240126-0005319,WALL-0147416,MERCH-00083,PM-01,DEV-01,2024-01-26 14:20:19,64.61,0.0,0.0,6,Success,Purchase,Davao,PHP,False
TXN-20240126-0005320,WALL-0016038,MERCH-00035,PM-02,DEV-02,2024-01-26 07:56:47,14.27,0.0285,0.2854,1,Success,Purchase,Penang,MYR,False
TXN-20240126-0005321,WALL-0065763,MERCH-00461,PM-03,DEV-01,2024-01-26 13:01:26,192.58,1.5406,0.0,19,Success,Payment,Mandalay,MMK,False
TXN-20240126-0005322,WALL-0131979,MERCH-00040,PM-01,DEV-01,2024-01-26 19:28:31,27.48,0.0,0.5496,2,Success,Purchase,Bago,MMK,False
TXN-20240126-0005323,WALL-0104374,MERCH-00177,PM-02,DEV-01,2024-01-26 18:25:32,20.0,0.04,1.0,2,Success,Purchase,Quezon City,PHP,False
TXN-20240126-0005324,WALL-0055789,MERCH-00397,PM-05,DEV-01,2024-01-26 12:52:06,36.97,0.0,0.0,3,Success,Purchase,Yangon,MMK,False
TXN-20240126-0005325,WALL-0034465,MERCH-00361,PM-05,DEV-03,2024-01-26 17:46:11,45.91,0.0,0.0,4,Success,Bill Payment,Pathein,MMK,False
TXN-20240126-0005326,WALL-0088245,MERCH-00139,PM-03,DEV-01,2024-01-26 20:05:41,162.14,1.2972,8.1072,16,Success,Purchase,Islamabad,PKR,False
TXN-20240126-0005327,WALL-0025331,MERCH-00073,PM-03,DEV-03,2024-01-26 18:19:22,27.25,0.218,0.5451,2,Success,Purchase,Hanoi,VND,False
TXN-20240126-0005328,WALL-0101251,MERCH-00217,PM-01,DEV-03,2024-01-26 22:34:14,6.53,0.0,0.0,0,Failed,Purchase,Ahmedabad,INR,False
TXN-20240126-0005329,WALL-0071642,MERCH-00331,PM-01,DEV-03,2024-01-26 17:25:21,50.42,0.0,0.0,5,Success,Bill Payment,Medan,IDR,False
TXN-20240126-0005330,WALL-0060357,MERCH-00325,PM-01,DEV-01,2024-01-26 15:09:53,20.0,0.0,0.0,2,Success,Bill Payment,Yangon,MMK,False
TXN-20240126-0005331,WALL-0033186,MERCH-00170,PM-01,DEV-01,2024-01-26 22:37:17,76.34,0.0,0.0,0,Reversed,Purchase,Bangalore,INR,False
TXN-20240126-0005332,WALL-0000988,MERCH-00159,PM-04,DEV-03,2024-01-26 19:51:20,184.1,3.6821,0.0,0,Pending,Purchase,Taunggyi,MMK,False
TXN-20240126-0005333,WALL-0049339,MERCH-00182,PM-01,DEV-01,2024-01-26 12:26:15,107.87,0.0,5.3933,10,Success,Purchase,Bago,MMK,False
TXN-20240126-0005334,WALL-0013113,MERCH-00034,PM-05,DEV-03,2024-01-26 21:47:21,29.18,0.0,0.5836,2,Success,Purchase,Bandung,IDR,False
TXN-20240126-0005335,WALL-0025570,MERCH-00022,PM-01,DEV-01,2024-01-26 23:39:37,21.75,0.0,0.4349,2,Success,Purchase,Dhaka,BDT,False
TXN-20240126-0005336,WALL-0139626,MERCH-00192,PM-02,DEV-01,2024-01-26 15:35:17,16.37,0.0327,0.0,1,Success,Purchase,Singapore,SGD,False
TXN-20240126-0005337,WALL-0119881,MERCH-00093,PM-01,DEV-04,2024-01-26 03:40:46,35.45,0.0,0.0,3,Success,Purchase,Yangon,MMK,False
TXN-20240126-0005338,WALL-0053839,MERCH-00339,PM-01,DEV-01,2024-01-26 20:10:37,220.7,0.0,0.0,22,Success,Bill Payment,Davao,PHP,False
TXN-20240126-0005339,WALL-0024509,MERCH-00465,PM-01,DEV-01,2024-01-26 12:02:56,336.5,0.0,0.0,33,Success,Payment,Chennai,INR,False
TXN-20240126-0005340,WALL-0149678,MERCH-00379,PM-05,DEV-01,2024-01-26 15:45:37,20.0,0.0,0.0,2,Success,Purchase,Phnom Penh,KHR,False
TXN-20240126-0005341,WALL-0056674,MERCH-00337,PM-04,DEV-02,2024-01-26 14:13:55,43.89,0.8777,0.0,4,Success,Bill Payment,Pokhara,NPR,False
TXN-20240126-0005342,WALL-0121756,MERCH-00369,PM-01,DEV-01,2024-01-26 02:04:23,42.36,0.0,0.0,4,Success,Bill Payment,Manila,PHP,False
TXN-20240126-0005343,WALL-0063584,MERCH-00030,PM-05,DEV-02,2024-01-26 16:17:58,18.53,0.0,0.3705,1,Success,Purchase,Pathein,MMK,False
TXN-20240126-0005344,WALL-0072768,MERCH-00109,PM-02,DEV-02,2024-01-26 12:38:20,10.0,0.02,0.0,1,Success,Purchase,Dhaka,BDT,False
TXN-20240126-0005345,WALL-0117641,MERCH-00022,PM-01,DEV-01,2024-01-26 20:02:05,12.93,0.0,0.2586,1,Success,Purchase,Dhaka,BDT,False
TXN-20240126-0005346,WALL-0032332,MERCH-00009,PM-03,DEV-01,2024-01-26 20:29:09,48.6,0.3888,0.9719,4,Success,Purchase,Lahore,PKR,False
TXN-20240126-0005347,WALL-0123996,MERCH-00136,PM-03,DEV-01,2024-01-26 06:45:08,114.86,0.9189,5.7432,11,Success,Purchase,Chennai,INR,False
TXN-20240126-0005348,WALL-0008434,MERCH-00053,PM-04,DEV-03,2024-01-26 02:55:37,58.56,1.1711,1.1711,5,Success,Purchase,Mawlamyine,MMK,False
TXN-20240126-0005349,WALL-0037600,MERCH-00036,PM-04,DEV-02,2024-01-26 09:12:53,16.93,0.3385,0.3385,1,Success,Purchase,Hanoi,VND,False
TXN-20240126-0005350,WALL-0078538,MERCH-00391,PM-02,DEV-01,2024-01-26 23:32:09,150.59,0.3012,0.0,15,Success,Purchase,Da Nang,VND,False
TXN-20240126-0005351,WALL-0016628,MERCH-00100,PM-01,DEV-02,2024-01-26 21:47:35,101.05,0.0,0.0,10,Success,Purchase,Singapore,SGD,False
TXN-20240126-0005352,WALL-0043599,MERCH-00367,PM-01,DEV-01,2024-01-26 20:50:55,23.5,0.0,0.0,2,Success,Bill Payment,Mandalay,MMK,False
TXN-20240126-0005353,WALL-0026284,MERCH-00194,PM-04,DEV-01,2024-01-26 14:32:58,5.0,0.1,0.0,0,Success,Purchase,Phuket,THB,False
TXN-20240126-0005354,WALL-0073709,MERCH-00044,PM-04,DEV-01,2024-01-26 19:07:52,14.96,0.2991,0.2991,1,Success,Purchase,Pathein,MMK,False
TXN-20240126-0005355,WALL-0092912,MERCH-00431,PM-04,DEV-02,2024-01-26 20:32:49,146.2,2.9241,0.0,14,Success,Tax Payment,Yangon,MMK,False
TXN-20240126-0005356,WALL-0052652,MERCH-00220,PM-05,DEV-01,2024-01-26 18:07:56,15.27,0.0,0.0,1,Success,Purchase,Dhaka,BDT,False
TXN-20240126-0005357,WALL-0031678,MERCH-00422,PM-02,DEV-01,2024-01-26 12:59:09,38.58,0.0772,0.0,3,Success,Payment,Mandalay,MMK,False
TXN-20240126-0005358,WALL-0065188,MERCH-00475,PM-02,DEV-02,2024-01-26 20:09:18,635.73,1.2715,0.0,63,Success,Payment,Chittagong,BDT,False
TXN-20240126-0005359,WALL-0103883,MERCH-00274,PM-02,DEV-01,2024-01-26 17:13:27,486.16,0.9723,38.8931,97,Success,Purchase,Johor Bahru,MYR,False
TXN-20240126-0005360,WALL-0105432,MERCH-00176,PM-01,DEV-01,2024-01-26 11:07:02,46.92,0.0,2.346,4,Success,Purchase,Mumbai,INR,False
TXN-20240126-0005361,WALL-0082011,MERCH-00252,PM-04,DEV-03,2024-01-26 06:47:49,8.91,0.1781,0.0,0,Success,Subscription,Myitkyina,MMK,False
TXN-20240126-0005362,WALL-0112546,MERCH-00334,PM-04,DEV-01,2024-01-26 19:15:54,65.17,1.3035,0.0,6,Success,Bill Payment,Myitkyina,MMK,False
TXN-20240126-0005363,WALL-0102957,MERCH-00374,PM-03,DEV-02,2024-01-26 12:05:55,48.33,0.3866,0.0,4,Success,Purchase,Yangon,MMK,False
TXN-20240126-0005364,WALL-0077622,MERCH-00383,PM-03,DEV-01,2024-01-26 02:20:32,90.13,0.721,0.0,9,Success,Purchase,Mawlamyine,MMK,False
TXN-20240126-0005365,WALL-0012292,MERCH-00014,PM-01,DEV-04,2024-01-26 12:48:33,59.16,0.0,1.1831,5,Success,Purchase,Pathein,MMK,False
TXN-20240126-0005366,WALL-0092051,MERCH-00092,PM-03,DEV-01,2024-01-26 04:53:07,53.61,0.4289,0.0,5,Success,Purchase,Dhaka,BDT,False
TXN-20240126-0005367,WALL-0117190,MERCH-00159,PM-01,DEV-01,2024-01-26 05:41:36,80.29,0.0,4.0146,8,Success,Purchase,Taunggyi,MMK,False
TXN-20240126-0005368,WALL-0122139,MERCH-00441,PM-02,DEV-02,2024-01-26 19:27:17,212.38,0.4248,0.0,21,Success,Tax Payment,Phnom Penh,KHR,False
TXN-20240126-0005369,WALL-0120743,MERCH-00213,PM-01,DEV-02,2024-01-26 19:22:35,14.11,0.0,0.0,1,Success,Purchase,Mawlamyine,MMK,False
