transaction_id,wallet_id,merchant_id,payment_method_id,device_id,transaction_timestamp,amount,transaction_fee,cashback,loyalty_points,status,transaction_type,location_city,currency,fraud_flag
TXN-20240116-0000001,WALL-0072288,MERCH-00436,PM-01,DEV-03,2024-01-16 14:56:01,52.54,0.0,0.0,5,Success,Tax Payment,Yangon,MMK,False
TXN-20240116-0000002,WALL-0111939,MERCH-00444,PM-04,DEV-02,2024-01-16 15:12:55,104.95,2.099,0.0,10,Success,Tax Payment,Pattaya,THB,False
TXN-20240116-0000003,WALL-0071017,MERCH-00032,PM-02,DEV-01,2024-01-16 16:10:07,39.71,0.0794,0.7942,3,Success,Purchase,Bandung,IDR,False
TXN-20240116-0000004,WALL-0126814,MERCH-00126,PM-01,DEV-01,2024-01-16 14:01:43,43.38,0.0,0.0,4,Success,Purchase,Bangkok,THB,False
TXN-20240116-0000005,WALL-0102477,MERCH-00344,PM-03,DEV-01,2024-01-16 08:03:54,33.79,0.2704,0.0,3,Success,Bill Payment,Manila,MMK,False
TXN-20240116-0000006,WALL-0042384,MERCH-00183,PM-01,DEV-03,2024-01-16 14:26:41,58.97,0.0,2.9487,5,Success,Purchase,Taunggyi,MMK,False
TXN-20240116-0000007,WALL-0038739,MERCH-00031,PM-01,DEV-03,2024-01-16 07:46:44,18.38,0.0,0.3675,1,Success,Purchase,Pathein,MMK,False
TXN-20240116-0000008,WALL-0140748,MERCH-00188,PM-02,DEV-01,2024-01-16 06:40:07,48.65,0.0973,2.4324,4,Success,Purchase,Pathein,MMK,False
TXN-20240116-0000009,WALL-0102704,MERCH-00432,PM-01,DEV-02,2024-01-16 18:46:29,203.99,0.0,0.0,20,Success,Tax Payment,Pathein,MMK,False
TXN-20240116-0000010,WALL-0143736,MERCH-00321,PM-01,DEV-02,2024-01-16 02:40:21,63.71,0.0,0.0,6,Success,Bill Payment,Dhaka,MMK,False
TXN-20240116-0000011,WALL-0064982,MERCH-00060,PM-01,DEV-02,2024-01-16 12:32:54,5.0,0.0,0.1,0,Success,Purchase,Delhi,INR,False
TXN-20240116-0000012,WALL-0090259,MERCH-00490,PM-04,DEV-02,2024-01-16 21:02:41,233.09,4.6617,0.0,23,Success,Payment,Yangon,MMK,False
TXN-20240116-0000013,WALL-0114870,MERCH-00026,PM-02,DEV-03,2024-01-16 16:35:31,35.29,0.0706,0.7058,3,Success,Purchase,Bago,MMK,False
TXN-20240116-0000014,WALL-0105335,MERCH-00050,PM-02,DEV-01,2024-01-16 13:33:51,24.02,0.048,0.4804,2,Success,Purchase,Davao,MMK,False
TXN-20240116-0000015,WALL-0135617,MERCH-00323,PM-03,DEV-03,2024-01-16 20:04:09,188.62,1.509,0.0,18,Success,Bill Payment,Mawlamyine,MMK,False
TXN-20240116-0000016,WALL-0064283,MERCH-00238,PM-01,DEV-03,2024-01-16 14:23:38,16.25,0.0,0.0,1,Success,Subscription,Singapore,SGD,False
TXN-20240116-0000017,WALL-0070327,MERCH-00021,PM-02,DEV-01,2024-01-16 18:36:16,5.0,0.01,0.1,0,Success,Purchase,Bandung,IDR,False
TXN-20240116-0000018,WALL-0136819,MERCH-00485,PM-01,DEV-01,2024-01-16 21:42:12,815.53,0.0,0.0,81,Success,Payment,Mandalay,MMK,False
TXN-20240116-0000019,WALL-0007795,MERCH-00118,PM-02,DEV-02,2024-01-16 20:56:31,36.34,0.0727,0.0,3,Success,Purchase,Chennai,INR,False
TXN-20240116-0000020,WALL-0105397,MERCH-00145,PM-01,DEV-03,2024-01-16 14:25:58,237.08,0.0,11.8539,23,Success,Purchase,Chiang Mai,THB,False
TXN-20240116-0000021,WALL-0108436,MERCH-00126,PM-03,DEV-01,2024-01-16 16:26:07,50.87,0.407,0.0,5,Success,Purchase,Yangon,MMK,False
TXN-20240116-0000022,WALL-0074935,MERCH-00053,PM-02,DEV-01,2024-01-16 12:04:36,5.0,0.01,0.1,0,Success,Purchase,Myitkyina,MMK,False
TXN-20240116-0000023,WALL-0088947,MERCH-00039,PM-03,DEV-01,2024-01-16 13:03:44,47.43,0.3794,0.9486,4,Success,Purchase,Bago,MMK,False
TXN-20240116-0000024,WALL-0003556,MERCH-00027,PM-01,DEV-03,2024-01-16 09:33:42,25.16,0.0,0.5033,2,Success,Purchase,Chiang Mai,PHP,False
TXN-20240116-0000025,WALL-0130700,MERCH-00290,PM-04,DEV-02,2024-01-16 12:26:17,1261.29,25.2258,100.9032,252,Success,Purchase,Myitkyina,MMK,False
TXN-20240116-0000026,WALL-0087913,MERCH-00446,PM-04,DEV-04,2024-01-16 08:40:35,184.52,3.6905,0.0,18,Success,Tax Payment,Bali,IDR,False
TXN-20240116-0000027,WALL-0077735,MERCH-00109,PM-05,DEV-03,2024-01-16 07:50:34,28.94,0.0,0.0,2,Success,Purchase,Naypyidaw,MMK,False
TXN-20240116-0000028,WALL-0121846,MERCH-00004,PM-05,DEV-01,2024-01-16 00:56:47,31.0,0.0,0.6201,3,Success,Purchase,Islamabad,PKR,False
TXN-20240116-0000029,WALL-0096729,MERCH-00077,PM-03,DEV-03,2024-01-16 10:29:43,22.53,0.1803,0.4507,2,Success,Purchase,Cebu City,PHP,False
TXN-20240116-0000030,WALL-0122280,MERCH-00024,PM-02,DEV-01,2024-01-16 21:47:42,17.84,0.0357,0.3568,1,Success,Purchase,Mawlamyine,MMK,False
TXN-20240116-0000031,WALL-0076165,MERCH-00436,PM-03,DEV-01,2024-01-16 15:43:16,178.09,1.4248,0.0,17,Success,Tax Payment,Davao,PHP,False
TXN-20240116-0000032,WALL-0035234,MERCH-00310,PM-02,DEV-01,2024-01-16 19:04:32,465.93,0.9319,37.2747,93,Success,Purchase,Mandalay,MMK,False
TXN-20240116-0000033,WALL-0078496,MERCH-00199,PM-02,DEV-02,2024-01-16 12:18:57,17.64,0.0353,0.0,1,Success,Purchase,Mumbai,INR,False
TXN-20240116-0000034,WALL-0016819,MERCH-00061,PM-02,DEV-01,2024-01-16 16:28:21,6.45,0.0129,0.129,0,Success,Purchase,Pathein,MMK,False
TXN-20240116-0000035,WALL-0141671,MERCH-00394,PM-01,DEV-01,2024-01-16 21:26:48,198.0,0.0,0.0,19,Success,Purchase,Chiang Mai,THB,False
TXN-20240116-0000036,WALL-0071968,MERCH-00132,PM-01,DEV-03,2024-01-16 14:34:54,53.08,0.0,2.6542,5,Success,Purchase,Mawlamyine,MMK,False
TXN-20240116-0000037,WALL-0119579,MERCH-00451,PM-02,DEV-01,2024-01-16 21:13:53,954.11,1.9082,0.0,95,Success,Payment,Mawlamyine,MMK,False
TXN-20240116-0000038,WALL-0055674,MERCH-00203,PM-03,DEV-02,2024-01-16 15:10:42,35.33,0.2827,0.0,3,Success,Purchase,Khon Kaen,THB,False
TXN-20240116-0000039,WALL-0042962,MERCH-00333,PM-01,DEV-01,2024-01-16 13:10:55,29.67,0.0,0.0,2,Success,Bill Payment,Bangalore,MMK,False
TXN-20240116-0000040,WALL-0045687,MERCH-00023,PM-02,DEV-01,2024-01-16 15:22:18,13.79,0.0276,0.2759,1,Success,Purchase,Islamabad,PKR,False
TXN-20240116-0000041,WALL-0068928,MERCH-00224,PM-01,DEV-01,2024-01-16 16:24:51,13.71,0.0,0.0,1,Success,Purchase,Lahore,PKR,False
TXN-20240116-0000042,WALL-0065841,MERCH-00372,PM-01,DEV-03,2024-01-16 19:57:10,64.27,0.0,0.0,6,Success,Purchase,Taunggyi,MMK,False
TXN-20240116-0000043,WALL-0133699,MERCH-00319,PM-01,DEV-05,2024-01-16 13:04:48,37.38,0.0,0.0,3,Success,Bill Payment,Bago,THB,False
TXN-20240116-0000044,WALL-0013273,MERCH-00096,PM-01,DEV-03,2024-01-16 17:34:23,29.52,0.0,0.0,2,Success,Purchase,Da Nang,VND,False
TXN-20240116-0000045,WALL-0084826,MERCH-00130,PM-04,DEV-02,2024-01-16 23:57:18,91.19,1.8239,0.0,9,Success,Purchase,Kuala Lumpur,MMK,False
TXN-20240116-0000046,WALL-0141900,MERCH-00400,PM-02,DEV-01,2024-01-16 06:46:49,34.97,0.0699,0.0,3,Success,Purchase,Karachi,PKR,False
TXN-20240116-0000047,WALL-0068941,MERCH-00396,PM-03,DEV-01,2024-01-16 19:48:02,52.09,0.4167,0.0,5,Success,Purchase,Taunggyi,MMK,False
TXN-20240116-0000048,WALL-0135168,MERCH-00327,PM-04,DEV-01,2024-01-16 10:40:14,35.15,0.703,0.0,3,Success,Bill Payment,Lahore,MMK,False
TXN-20240116-0000049,WALL-0119606,MERCH-00169,PM-04,DEV-01,2024-01-16 16:36:07,47.93,0.9586,2.3966,4,Success,Purchase,Jakarta,IDR,False
TXN-20240116-0000050,WALL-0112824,MERCH-00189,PM-04,DEV-01,2024-01-16 21:44:55,161.86,3.2372,8.0929,16,Success,Purchase,Naypyidaw,MMK,False
TXN-20240116-0000051,WALL-0039360,MERCH-00389,PM-01,DEV-01,2024-01-16 16:09:25,89.37,0.0,0.0,8,Success,Purchase,Hanoi,PHP,False
TXN-20240116-0000052,WALL-0066687,MERCH-00292,PM-02,DEV-02,2024-01-16 14:42:22,961.78,1.9236,76.9422,192,Success,Purchase,Da Nang,VND,False
TXN-20240116-0000053,WALL-0037079,MERCH-00007,PM-01,DEV-01,2024-01-16 18:34:53,14.94,0.0,0.2987,1,Success,Purchase,Davao,PHP,False
TXN-20240116-0000054,WALL-0125122,MERCH-00011,PM-01,DEV-02,2024-01-16 14:16:55,48.33,0.0,0.9666,4,Success,Purchase,Ahmedabad,MMK,False
TXN-20240116-0000055,WALL-0139286,MERCH-00011,PM-01,DEV-01,2024-01-16 19:42:01,18.68,0.0,0.3736,1,Success,Purchase,Hyderabad,INR,False
TXN-20240116-0000056,WALL-0025293,MERCH-00121,PM-01,DEV-01,2024-01-16 21:26:01,60.47,0.0,0.0,6,Success,Purchase,Siem Reap,KHR,False
TXN-20240116-0000057,WALL-0047030,MERCH-00404,PM-02,DEV-01,2024-01-16 18:03:48,64.27,0.1285,0.0,6,Success,Payment,Mawlamyine,MMK,False
TXN-20240116-0000058,WALL-0071125,MERCH-00205,PM-01,DEV-04,2024-01-16 03:22:13,25.58,0.0,0.0,2,Success,Purchase,Yangon,MMK,False
TXN-20240116-0000059,WALL-0028169,MERCH-00262,PM-01,DEV-02,2024-01-16 17:13:06,32.44,0.0,0.0,3,Success,Subscription,Siem Reap,KHR,False
TXN-20240116-0000060,WALL-0002830,MERCH-00009,PM-02,DEV-01,2024-01-16 08:23:55,12.87,0.0257,0.2573,1,Success,Purchase,Phuket,INR,False
TXN-20240116-0000061,WALL-0086074,MERCH-00102,PM-02,DEV-01,2024-01-16 13:50:46,17.69,0.0354,0.0,1,Success,Purchase,Mumbai,INR,False
TXN-20240116-0000062,WALL-0116570,MERCH-00101,PM-03,DEV-02,2024-01-16 18:46:11,67.24,0.5379,0.0,6,Success,Purchase,Khon Kaen,THB,False
TXN-20240116-0000063,WALL-0010423,MERCH-00263,PM-05,DEV-01,2024-01-16 14:59:54,11.86,0.0,0.0,1,Success,Subscription,Pattaya,VND,False
TXN-20240116-0000064,WALL-0067778,MERCH-00400,PM-01,DEV-03,2024-01-16 02:21:24,44.57,0.0,0.0,4,Success,Purchase,Mawlamyine,MMK,False
TXN-20240116-0000065,WALL-0053893,MERCH-00004,PM-01,DEV-01,2024-01-16 17:21:34,11.21,0.0,0.2242,1,Success,Purchase,Kathmandu,NPR,False
TXN-20240116-0000066,WALL-0131842,MERCH-00479,PM-02,DEV-01,2024-01-16 16:04:32,137.43,0.2749,0.0,13,Success,Payment,Yangon,MMK,False
TXN-20240116-0000067,WALL-0007425,MERCH-00171,PM-05,DEV-01,2024-01-16 11:34:22,174.78,0.0,0.0,0,Failed,Purchase,Kuala Lumpur,MMK,False
TXN-20240116-0000068,WALL-0007669,MERCH-00376,PM-04,DEV-01,2024-01-16 09:42:23,54.07,1.0813,0.0,5,Success,Purchase,Taunggyi,MMK,False
TXN-20240116-0000069,WALL-0143716,MERCH-00439,PM-01,DEV-01,2024-01-16 19:52:31,111.45,0.0,0.0,11,Success,Tax Payment,Yangon,MMK,False
TXN-20240116-0000070,WALL-0002783,MERCH-00008,PM-04,DEV-01,2024-01-16 16:14:06,44.33,0.8866,0.8866,4,Success,Purchase,Jaipur,INR,False
TXN-20240116-0000071,WALL-0109308,MERCH-00223,PM-04,DEV-03,2024-01-16 20:20:06,15.39,0.3079,0.0,1,Success,Purchase,Lahore,PKR,False
TXN-20240116-0000072,WALL-0104486,MERCH-00097,PM-01,DEV-03,2024-01-16 21:15:34,34.47,0.0,0.0,3,Success,Purchase,Pattaya,THB,False
TXN-20240116-0000073,WALL-0090283,MERCH-00320,PM-03,DEV-02,2024-01-16 15:40:02,58.72,0.4697,0.0,5,Success,Bill Payment,Chittagong,BDT,False
TXN-20240116-0000074,WALL-0108038,MERCH-00043,PM-02,DEV-03,2024-01-16 08:49:05,24.94,0.0499,0.4987,2,Success,Purchase,Kuala Lumpur,MYR,False
TXN-20240116-0000075,WALL-0037862,MERCH-00028,PM-01,DEV-01,2024-01-16 07:15:16,18.68,0.0,0.3736,1,Success,Purchase,Phnom Penh,KHR,False
TXN-20240116-0000076,WALL-0087502,MERCH-00417,PM-05,DEV-01,2024-01-16 13:25:13,21.96,0.0,0.0,2,Success,Payment,Bago,MMK,False
TXN-20240116-0000077,WALL-0081438,MERCH-00445,PM-01,DEV-01,2024-01-16 08:37:03,50.0,0.0,0.0,5,Success,Tax Payment,Kathmandu,NPR,False
TXN-20240116-0000078,WALL-0003070,MERCH-00348,PM-01,DEV-01,2024-01-16 21:19:06,21.96,0.0,0.0,2,Success,Bill Payment,Kandy,LKR,False
TXN-20240116-0000079,WALL-0112545,MERCH-00194,PM-02,DEV-01,2024-01-16 19:52:11,12.89,0.0258,0.0,1,Success,Purchase,Cebu City,PHP,False
TXN-20240116-0000080,WALL-0124037,MERCH-00011,PM-01,DEV-01,2024-01-16 22:54:31,16.24,0.0,0.3249,1,Success,Purchase,Taunggyi,MMK,False
TXN-20240116-0000081,WALL-0072512,MERCH-00308,PM-02,DEV-01,2024-01-16 22:51:55,334.43,0.6689,26.7545,66,Success,Purchase,Kolkata,INR,False
TXN-20240116-0000082,WALL-0037264,MERCH-00017,PM-03,DEV-03,2024-01-16 20:02:40,12.05,0.0964,0.2409,1,Success,Purchase,Jakarta,IDR,False
TXN-20240116-0000083,WALL-0018466,MERCH-00340,PM-02,DEV-01,2024-01-16 12:31:29,90.97,0.1819,0.0,9,Success,Bill Payment,Kolkata,MMK,True
TXN-20240116-0000084,WALL-0099796,MERCH-00261,PM-01,DEV-01,2024-01-16 13:16:25,24.69,0.0,0.0,2,Success,Subscription,Pune,INR,False
TXN-20240116-0000085,WALL-0141955,MERCH-00144,PM-02,DEV-01,2024-01-16 09:00:17,339.34,0.6787,16.9669,33,Success,Purchase,Da Nang,VND,False
TXN-20240116-0000086,WALL-0000660,MERCH-00103,PM-04,DEV-04,2024-01-16 15:51:24,54.88,1.0975,0.0,5,Success,Purchase,Kuala Lumpur,MYR,False
TXN-20240116-0000087,WALL-0081754,MERCH-00012,PM-01,DEV-01,2024-01-16 18:53:38,13.58,0.0,0.2716,1,Success,Purchase,Bangalore,INR,False
TXN-20240116-0000088,WALL-0064918,MERCH-00198,PM-04,DEV-01,2024-01-16 19:46:24,5.56,0.1112,0.0,0,Success,Purchase,Pathein,MMK,False
TXN-20240116-0000089,WALL-0064820,MERCH-00440,PM-03,DEV-02,2024-01-16 18:55:04,370.69,2.9655,0.0,37,Success,Tax Payment,Mandalay,MMK,False
TXN-20240116-0000090,WALL-0011937,MERCH-00146,PM-02,DEV-01,2024-01-16 13:05:35,37.66,0.0753,1.8832,3,Success,Purchase,Bago,MMK,False
TXN-20240116-0000091,WALL-0106280,MERCH-00085,PM-02,DEV-01,2024-01-16 12:42:14,73.92,0.1478,0.0,7,Success,Purchase,Cebu City,PHP,False
TXN-20240116-0000092,WALL-0100420,MERCH-00219,PM-01,DEV-01,2024-01-16 19:44:58,7.32,0.0,0.0,0,Success,Purchase,Bago,MMK,False
TXN-20240116-0000093,WALL-0055879,MERCH-00010,PM-01,DEV-01,2024-01-16 18:29:37,18.54,0.0,0.3708,1,Success,Purchase,Khon Kaen,THB,False
TXN-20240116-0000094,WALL-0146018,MERCH-00038,PM-04,DEV-01,2024-01-16 11:15:09,54.39,1.0878,1.0878,5,Success,Purchase,Myitkyina,MMK,False
TXN-20240116-0000095,WALL-0008667,MERCH-00201,PM-01,DEV-01,2024-01-16 01:24:07,16.79,0.0,0.0,1,Success,Purchase,Mawlamyine,MMK,False
TXN-20240116-0000096,WALL-0108360,MERCH-00482,PM-04,DEV-01,2024-01-16 12:25:55,594.09,11.8819,0.0,59,Success,Payment,Taunggyi,MMK,False
TXN-20240116-0000097,WALL-0090332,MERCH-00336,PM-03,DEV-05,2024-01-16 07:39:02,128.87,1.031,0.0,12,Success,Bill Payment,Quezon City,PHP,False
TXN-20240116-0000098,WALL-0014145,MERCH-00301,PM-02,DEV-05,2024-01-16 05:55:32,629.29,1.2586,50.3433,125,Success,Purchase,Bangkok,THB,False
TXN-20240116-0000099,WALL-0042704,MERCH-00299,PM-04,DEV-03,2024-01-16 08:01:54,509.16,10.1833,40.7331,101,Success,Purchase,Mandalay,MMK,False
TXN-20240116-0000100,WALL-0138607,MERCH-00146,PM-04,DEV-03,2024-01-16 18:53:04,154.23,3.0845,7.7113,15,Success,Purchase,Kandy,LKR,False
TXN-20240116-0000101,WALL-0065924,MERCH-00414,PM-01,DEV-05,2024-01-16 05:28:07,245.49,0.0,0.0,24,Success,Payment,Yangon,MMK,False
TXN-20240116-0000102,WALL-0143800,MERCH-00079,PM-02,DEV-01,2024-01-16 18:54:08,42.82,0.0856,0.8565,4,Success,Purchase,Mandalay,MMK,False
TXN-20240116-0000103,WALL-0021471,MERCH-00054,PM-01,DEV-01,2024-01-16 18:25:10,34.78,0.0,0.6956,3,Success,Purchase,Hanoi,VND,False
TXN-20240116-0000104,WALL-0087677,MERCH-00485,PM-01,DEV-01,2024-01-16 10:08:17,50.0,0.0,0.0,5,Success,Payment,Mawlamyine,MMK,False
TXN-20240116-0000105,WALL-0135403,MERCH-00142,PM-04,DEV-01,2024-01-16 15:05:13,40.66,0.8131,2.0328,4,Success,Purchase,Mandalay,MMK,False
TXN-20240116-0000106,WALL-0111069,MERCH-00318,PM-02,DEV-03,2024-01-16 12:08:37,26.13,0.0523,0.0,2,Success,Bill Payment,Singapore,SGD,False
TXN-20240116-0000107,WALL-0065043,MERCH-00324,PM-04,DEV-03,2024-01-16 09:21:22,82.07,1.6414,0.0,8,Success,Bill Payment,Chiang Mai,THB,False
TXN-20240116-0000108,WALL-0014138,MERCH-00315,PM-03,DEV-01,2024-01-16 12:34:08,25.99,0.2079,0.0,2,Success,Bill Payment,Mawlamyine,MMK,False
TXN-20240116-0000109,WALL-0067109,MERCH-00075,PM-04,DEV-04,2024-01-16 14:30:29,47.78,0.9555,0.9555,4,Success,Purchase,Bago,MMK,False
TXN-20240116-0000110,WALL-0045006,MERCH-00377,PM-05,DEV-02,2024-01-16 17:51:20,78.1,0.0,0.0,7,Success,Purchase,Pokhara,MMK,False
TXN-20240116-0000111,WALL-0054150,MERCH-00015,PM-01,DEV-04,2024-01-16 12:53:40,10.8,0.0,0.216,1,Success,Purchase,Phnom Penh,KHR,False
TXN-20240116-0000112,WALL-0099504,MERCH-00425,PM-04,DEV-01,2024-01-16 02:16:36,66.46,1.3291,0.0,6,Success,Payment,Medan,IDR,False
TXN-20240116-0000113,WALL-0049763,MERCH-00232,PM-02,DEV-01,2024-01-16 11:03:08,12.35,0.0247,0.0,1,Success,Subscription,Khon Kaen,THB,False
TXN-20240116-0000114,WALL-0118986,MERCH-00136,PM-02,DEV-03,2024-01-16 15:14:45,20.0,0.04,1.0,2,Success,Purchase,Myitkyina,MMK,False
TXN-20240116-0000115,WALL-0077804,MERCH-00372,PM-03,DEV-02,2024-01-16 13:01:59,198.0,1.584,0.0,19,Success,Purchase,Yangon,MMK,False
TXN-20240116-0000116,WALL-0140137,MERCH-00030,PM-02,DEV-02,2024-01-16 07:04:56,18.23,0.0365,0.3646,1,Success,Purchase,Da Nang,VND,False
TXN-20240116-0000117,WALL-0124038,MERCH-00087,PM-05,DEV-03,2024-01-16 14:25:44,79.87,0.0,0.0,7,Success,Purchase,Singapore,SGD,False
TXN-20240116-0000118,WALL-0129321,MERCH-00389,PM-03,DEV-02,2024-01-16 05:41:41,47.33,0.3786,0.0,4,Success,Purchase,Naypyidaw,MMK,False
TXN-20240116-0000119,WALL-0026773,MERCH-00242,PM-03,DEV-01,2024-01-16 13:50:54,18.98,0.1519,0.0,1,Success,Subscription,Johor Bahru,MYR,False
TXN-20240116-0000120,WALL-0025978,MERCH-00083,PM-02,DEV-03,2024-01-16 10:22:59,29.09,0.0582,0.0,2,Success,Purchase,Johor Bahru,MYR,False
TXN-20240116-0000121,WALL-0133088,MERCH-00443,PM-04,DEV-02,2024-01-16 18:37:51,894.18,17.8837,0.0,89,Success,Tax Payment,Surabaya,IDR,False
TXN-20240116-0000122,WALL-0036404,MERCH-00343,PM-01,DEV-01,2024-01-16 02:31:54,56.72,0.0,0.0,5,Success,Bill Payment,Taunggyi,MMK,False
TXN-20240116-0000123,WALL-0004564,MERCH-00066,PM-01,DEV-02,2024-01-16 17:25:57,36.94,0.0,0.7388,3,Success,Purchase,Ahmedabad,INR,False
TXN-20240116-0000124,WALL-0075091,MERCH-00446,PM-04,DEV-01,2024-01-16 11:24:44,313.76,6.2753,0.0,31,Success,Tax Payment,Pokhara,NPR,False
TXN-20240116-0000125,WALL-0038464,MERCH-00057,PM-04,DEV-02,2024-01-16 10:02:18,9.79,0.1958,0.1958,0,Success,Purchase,Taunggyi,MMK,False
TXN-20240116-0000126,WALL-0059858,MERCH-00022,PM-02,DEV-05,2024-01-16 14:49:23,54.79,0.1096,1.0959,5,Success,Purchase,Ho Chi Minh City,MMK,False
TXN-20240116-0000127,WALL-0085394,MERCH-00194,PM-03,DEV-01,2024-01-16 17:23:00,5.0,0.04,0.0,0,Success,Purchase,Kathmandu,NPR,False
TXN-20240116-0000128,WALL-0143947,MERCH-00308,PM-01,DEV-02,2024-01-16 16:24:38,306.11,0.0,24.4885,61,Success,Purchase,Yangon,MMK,False
TXN-20240116-0000129,WALL-0065203,MERCH-00189,PM-02,DEV-01,2024-01-16 13:33:42,104.67,0.2093,5.2333,10,Success,Purchase,Quezon City,PHP,False
TXN-20240116-0000130,WALL-0144768,MERCH-00435,PM-03,DEV-01,2024-01-16 16:13:21,745.09,5.9607,0.0,74,Success,Tax Payment,Myitkyina,MMK,False
TXN-20240116-0000131,WALL-0117479,MERCH-00221,PM-05,DEV-02,2024-01-16 14:53:23,6.66,0.0,0.0,0,Success,Purchase,Chiang Mai,THB,False
TXN-20240116-0000132,WALL-0030954,MERCH-00079,PM-01,DEV-02,2024-01-16 15:23:48,12.85,0.0,0.2571,1,Success,Purchase,Penang,MYR,False
TXN-20240116-0000133,WALL-0006734,MERCH-00215,PM-01,DEV-02,2024-01-16 15:46:34,5.98,0.0,0.0,0,Success,Purchase,Khon Kaen,THB,False
TXN-20240116-0000134,WALL-0019011,MERCH-00220,PM-01,DEV-01,2024-01-16 17:49:49,10.63,0.0,0.0,1,Success,Purchase,Cebu City,PHP,False
TXN-20240116-0000135,WALL-0145768,MERCH-00346,PM-03,DEV-01,2024-01-16 11:12:37,49.22,0.3938,0.0,4,Success,Bill Payment,Yangon,MMK,False
TXN-20240116-0000136,WALL-0070089,MERCH-00087,PM-01,DEV-01,2024-01-16 13:50:31,146.28,0.0,0.0,14,Success,Purchase,Yangon,MMK,False
TXN-20240116-0000137,WALL-0044627,MERCH-00050,PM-02,DEV-01,2024-01-16 19:51:41,20.77,0.0415,0.4154,2,Success,Purchase,Pathein,MMK,False
TXN-20240116-0000138,WALL-0148944,MERCH-00046,PM-03,DEV-02,2024-01-16 21:19:13,10.51,0.0841,0.2102,1,Success,Purchase,Bangalore,INR,False
TXN-20240116-0000139,WALL-0130852,MERCH-00271,PM-02,DEV-01,2024-01-16 18:55:37,411.63,0.8233,32.9303,82,Success,Purchase,Mandalay,MMK,False
TXN-20240116-0000140,WALL-0070437,MERCH-00183,PM-02,DEV-01,2024-01-16 15:58:02,44.39,0.0888,2.2197,4,Success,Purchase,Bago,MMK,False
TXN-20240116-0000141,WALL-0090806,MERCH-00254,PM-03,DEV-02,2024-01-16 01:22:16,8.68,0.0694,0.0,0,Success,Subscription,Hyderabad,INR,False
TXN-20240116-0000142,WALL-0131492,MERCH-00017,PM-01,DEV-01,2024-01-16 20:54:25,81.4,0.0,1.628,8,Success,Purchase,Penang,MYR,False
TXN-20240116-0000143,WALL-0019774,MERCH-00041,PM-03,DEV-02,2024-01-16 11:12:41,12.36,0.0989,0.2471,1,Success,Purchase,Hanoi,VND,False
TXN-20240116-0000144,WALL-0081236,MERCH-00443,PM-01,DEV-02,2024-01-16 21:01:46,266.63,0.0,0.0,26,Success,Tax Payment,Hyderabad,INR,False
TXN-20240116-0000145,WALL-0124313,MERCH-00174,PM-03,DEV-03,2024-01-16 13:50:04,263.8,2.1104,13.1901,26,Success,Purchase,Khon Kaen,THB,False
TXN-20240116-0000146,WALL-0038140,MERCH-00021,PM-01,DEV-02,2024-01-16 12:17:07,81.53,0.0,1.6306,8,Success,Purchase,Kolkata,INR,False
TXN-20240116-0000147,WALL-0025387,MERCH-00127,PM-01,DEV-01,2024-01-16 09:07:26,49.36,0.0,0.0,4,Success,Purchase,Myitkyina,MMK,False
TXN-20240116-0000148,WALL-0066380,MERCH-00093,PM-03,DEV-01,2024-01-16 14:37:05,75.91,0.6073,0.0,7,Success,Purchase,Siem Reap,KHR,False
TXN-20240116-0000149,WALL-0071162,MERCH-00397,PM-02,DEV-04,2024-01-16 16:44:06,20.0,0.04,0.0,2,Success,Purchase,Mandalay,MMK,False
TXN-20240116-0000150,WALL-0100789,MERCH-00031,PM-05,DEV-01,2024-01-16 10:12:55,11.02,0.0,0.2203,1,Success,Purchase,Hanoi,MMK,False
TXN-20240116-0000151,WALL-0073239,MERCH-00325,PM-01,DEV-01,2024-01-16 08:22:53,177.22,0.0,0.0,17,Success,Bill Payment,Yangon,MMK,False
TXN-20240116-0000152,WALL-0097368,MERCH-00324,PM-01,DEV-01,2024-01-16 16:14:04,135.84,0.0,0.0,13,Success,Bill Payment,Naypyidaw,MMK,False
TXN-20240116-0000153,WALL-0075875,MERCH-00230,PM-02,DEV-01,2024-01-16 15:23:40,7.25,0.0145,0.0,0,Success,Purchase,Chennai,INR,False
TXN-20240116-0000154,WALL-0021649,MERCH-00338,PM-01,DEV-02,2024-01-16 16:41:53,154.53,0.0,0.0,15,Success,Bill Payment,Naypyidaw,MMK,False
TXN-20240116-0000155,WALL-0098977,MERCH-00181,PM-03,DEV-01,2024-01-16 14:30:24,335.9,2.6872,16.7948,33,Success,Purchase,Hanoi,THB,False
TXN-20240116-0000156,WALL-0108584,MERCH-00494,PM-03,DEV-03,2024-01-16 13:31:13,358.52,2.8682,0.0,35,Success,Payment,Mawlamyine,MMK,False
TXN-20240116-0000157,WALL-0081123,MERCH-00402,PM-03,DEV-01,2024-01-16 11:47:34,257.17,2.0573,0.0,25,Success,Payment,Kandy,PHP,False
TXN-20240116-0000158,WALL-0134668,MERCH-00096,PM-02,DEV-05,2024-01-16 13:37:15,49.86,0.0997,0.0,4,Success,Purchase,Myitkyina,MMK,False
TXN-20240116-0000159,WALL-0033297,MERCH-00463,PM-01,DEV-02,2024-01-16 08:05:24,606.29,0.0,0.0,60,Success,Payment,Colombo,LKR,False
TXN-20240116-0000160,WALL-0000235,MERCH-00054,PM-02,DEV-03,2024-01-16 19:13:01,19.6,0.0392,0.3921,1,Success,Purchase,Khon Kaen,THB,False
TXN-20240116-0000161,WALL-0015438,MERCH-00431,PM-01,DEV-03,2024-01-16 19:18:13,1016.52,0.0,0.0,101,Success,Tax Payment,Ho Chi Minh City,MMK,False
TXN-20240116-0000162,WALL-0120127,MERCH-00081,PM-01,DEV-01,2024-01-16 21:18:09,84.95,0.0,0.0,8,Success,Purchase,Mandalay,MMK,False
TXN-20240116-0000163,WALL-0001717,MERCH-00328,PM-01,DEV-03,2024-01-16 18:11:20,42.94,0.0,0.0,4,Success,Bill Payment,Kandy,LKR,False
TXN-20240116-0000164,WALL-0102684,MERCH-00003,PM-01,DEV-01,2024-01-16 11:10:29,25.63,0.0,0.5125,2,Success,Purchase,Quezon City,PHP,False
TXN-20240116-0000165,WALL-0026302,MERCH-00146,PM-04,DEV-01,2024-01-16 04:49:05,446.93,8.9387,22.3467,44,Success,Purchase,Taunggyi,MMK,False
TXN-20240116-0000166,WALL-0004587,MERCH-00419,PM-02,DEV-02,2024-01-16 14:47:11,47.06,0.0941,0.0,4,Success,Payment,Taunggyi,MMK,False
TXN-20240116-0000167,WALL-0056814,MERCH-00330,PM-03,DEV-01,2024-01-16 20:22:41,282.99,2.264,0.0,28,Success,Bill Payment,Medan,IDR,False
TXN-20240116-0000168,WALL-0020218,MERCH-00043,PM-04,DEV-02,2024-01-16 19:51:30,7.7,0.1541,0.1541,0,Success,Purchase,Yangon,MMK,False
TXN-20240116-0000169,WALL-0100070,MERCH-00416,PM-01,DEV-01,2024-01-16 21:41:32,28.93,0.0,0.0,2,Success,Payment,Bali,IDR,False
TXN-20240116-0000170,WALL-0002574,MERCH-00415,PM-04,DEV-01,2024-01-16 06:04:52,450.18,9.0036,0.0,45,Success,Payment,Lahore,PKR,False
TXN-20240116-0000171,WALL-0017032,MERCH-00047,PM-04,DEV-03,2024-01-16 20:34:34,28.35,0.5671,0.5671,2,Success,Purchase,Pokhara,IDR,False
TXN-20240116-0000172,WALL-0115502,MERCH-00044,PM-01,DEV-01,2024-01-16 09:51:26,13.83,0.0,0.2766,1,Success,Purchase,Ahmedabad,INR,False
TXN-20240116-0000173,WALL-0148449,MERCH-00325,PM-03,DEV-03,2024-01-16 14:11:37,115.93,0.9274,0.0,11,Success,Bill Payment,Chennai,INR,False
TXN-20240116-0000174,WALL-0142212,MERCH-00092,PM-02,DEV-01,2024-01-16 14:07:45,33.55,0.0671,0.0,3,Success,Purchase,Surabaya,IDR,False
TXN-20240116-0000175,WALL-0045319,MERCH-00038,PM-02,DEV-02,2024-01-16 07:22:35,9.21,0.0184,0.1841,0,Success,Purchase,Bandung,INR,False
TXN-20240116-0000176,WALL-0022171,MERCH-00007,PM-01,DEV-02,2024-01-16 12:50:05,60.0,0.0,1.2,6,Success,Purchase,Bangkok,THB,False
TXN-20240116-0000177,WALL-0003138,MERCH-00449,PM-02,DEV-02,2024-01-16 17:03:02,457.93,0.9159,0.0,45,Success,Tax Payment,Yangon,MMK,False
TXN-20240116-0000178,WALL-0105589,MERCH-00447,PM-03,DEV-02,2024-01-16 16:31:52,77.24,0.6179,0.0,7,Success,Tax Payment,Pathein,MMK,False
TXN-20240116-0000179,WALL-0010281,MERCH-00176,PM-03,DEV-01,2024-01-16 16:11:51,111.23,0.8899,5.5617,11,Success,Purchase,Yangon,MMK,False
TXN-20240116-0000180,WALL-0123134,MERCH-00081,PM-01,DEV-01,2024-01-16 07:26:26,46.37,0.0,0.0,4,Success,Purchase,Mawlamyine,MMK,False
TXN-20240116-0000181,WALL-0093600,MERCH-00258,PM-01,DEV-03,2024-01-16 16:04:43,25.81,0.0,0.0,2,Success,Subscription,Yangon,MMK,False
TXN-20240116-0000182,WALL-0135096,MERCH-00219,PM-01,DEV-03,2024-01-16 04:35:57,11.34,0.0,0.0,1,Success,Purchase,Kolkata,MMK,False
TXN-20240116-0000183,WALL-0088770,MERCH-00326,PM-05,DEV-02,2024-01-16 07:30:20,268.08,0.0,0.0,26,Success,Bill Payment,Pathein,MMK,False
TXN-20240116-0000184,WALL-0002789,MERCH-00062,PM-02,DEV-01,2024-01-16 08:16:51,9.23,0.0185,0.1845,0,Success,Purchase,Naypyidaw,MMK,False
TXN-20240116-0000185,WALL-0097090,MERCH-00014,PM-03,DEV-01,2024-01-16 11:26:48,25.62,0.2049,0.5123,2,Success,Purchase,Yangon,MMK,False
TXN-20240116-0000186,WALL-0099075,MERCH-00230,PM-02,DEV-03,2024-01-16 04:08:46,18.73,0.0375,0.0,1,Success,Purchase,Da Nang,THB,False
TXN-20240116-0000187,WALL-0080255,MERCH-00200,PM-02,DEV-01,2024-01-16 12:29:34,6.15,0.0123,0.0,0,Success,Purchase,Singapore,IDR,False
TXN-20240116-0000188,WALL-0097451,MERCH-00234,PM-01,DEV-01,2024-01-16 18:57:44,15.42,0.0,0.0,1,Success,Subscription,Pokhara,NPR,False
TXN-20240116-0000189,WALL-0138630,MERCH-00077,PM-02,DEV-01,2024-01-16 20:23:18,8.44,0.0169,0.1688,0,Success,Purchase,Siem Reap,KHR,False
TXN-20240116-0000190,WALL-0107064,MERCH-00276,PM-02,DEV-01,2024-01-16 08:48:53,1124.83,2.2497,89.9864,224,Success,Purchase,Yangon,MMK,False
TXN-20240116-0000191,WALL-0077623,MERCH-00132,PM-01,DEV-03,2024-01-16 16:53:56,74.12,0.0,3.7062,7,Success,Purchase,Kolkata,INR,False
TXN-20240116-0000192,WALL-0063951,MERCH-00450,PM-01,DEV-01,2024-01-16 17:05:57,98.41,0.0,0.0,9,Success,Tax Payment,Mawlamyine,MMK,False
TXN-20240116-0000193,WALL-0062600,MERCH-00218,PM-02,DEV-01,2024-01-16 15:07:32,19.57,0.0391,0.0,1,Success,Purchase,Pokhara,MMK,False
TXN-20240116-0000194,WALL-0108164,MERCH-00176,PM-04,DEV-03,2024-01-16 17:40:08,29.49,0.5898,1.4745,2,Success,Purchase,Hanoi,VND,False
TXN-20240116-0000195,WALL-0091526,MERCH-00408,PM-01,DEV-03,2024-01-16 19:45:11,180.3,0.0,0.0,18,Success,Payment,Cebu City,PHP,False
TXN-20240116-0000196,WALL-0022001,MERCH-00110,PM-04,DEV-01,2024-01-16 16:38:38,52.92,1.0585,0.0,5,Success,Purchase,Penang,MYR,False
TXN-20240116-0000197,WALL-0094599,MERCH-00024,PM-01,DEV-01,2024-01-16 17:35:56,14.99,0.0,0.2999,1,Success,Purchase,Pokhara,NPR,False
TXN-20240116-0000198,WALL-0102549,MERCH-00068,PM-04,DEV-01,2024-01-16 15:14:27,34.09,0.6818,0.6818,3,Success,Purchase,Dhaka,NPR,False
TXN-20240116-0000199,WALL-0079517,MERCH-00034,PM-02,DEV-01,2024-01-16 15:44:49,32.31,0.0646,0.6463,3,Success,Purchase,Pathein,MMK,False
TXN-20240116-0000200,WALL-0096630,MERCH-00142,PM-03,DEV-01,2024-01-16 16:06:56,304.66,2.4373,15.2329,30,Success,Purchase,Kathmandu,NPR,False
TXN-20240116-0000201,WALL-0088654,MERCH-00037,PM-02,DEV-02,2024-01-16 20:51:12,9.08,0.0182,0.1816,0,Success,Purchase,Johor Bahru,MYR,False
TXN-20240116-0000202,WALL-0137524,MERCH-00018,PM-04,DEV-01,2024-01-16 13:22:23,5.0,0.1,0.1,0,Success,Purchase,Naypyidaw,MMK,False
TXN-20240116-0000203,WALL-0064730,MERCH-00118,PM-02,DEV-01,2024-01-16 15:11:26,57.61,0.1152,0.0,5,Success,Purchase,Pathein,MMK,False
TXN-20240116-0000204,WALL-0140439,MERCH-00044,PM-03,DEV-01,2024-01-16 22:43:57,69.12,0.553,0.0,0,Reversed,Purchase,Naypyidaw,MMK,False
TXN-20240116-0000205,WALL-0076535,MERCH-00025,PM-02,DEV-03,2024-01-16 14:06:42,73.63,0.1473,1.4725,7,Success,Purchase,Taunggyi,MMK,False
TXN-20240116-0000206,WALL-0076694,MERCH-00254,PM-02,DEV-01,2024-01-16 12:12:15,19.06,0.0381,0.0,1,Success,Subscription,Taunggyi,MMK,False
TXN-20240116-0000207,WALL-0049089,MERCH-00321,PM-01,DEV-03,2024-01-16 19:30:45,61.53,0.0,0.0,6,Success,Bill Payment,Khon Kaen,IDR,False
TXN-20240116-0000208,WALL-0037801,MERCH-00012,PM-02,DEV-05,2024-01-16 15:51:45,37.51,0.075,0.7503,3,Success,Purchase,Myitkyina,MMK,False
TXN-20240116-0000209,WALL-0042185,MERCH-00240,PM-01,DEV-02,2024-01-16 09:31:51,53.59,0.0,0.0,5,Success,Subscription,Mumbai,MMK,False
TXN-20240116-0000210,WALL-0054823,MERCH-00029,PM-01,DEV-01,2024-01-16 06:57:09,39.01,0.0,0.7803,3,Success,Purchase,Bali,IDR,False
TXN-20240116-0000211,WALL-0079635,MERCH-00323,PM-01,DEV-02,2024-01-16 13:11:02,20.0,0.0,0.0,2,Success,Bill Payment,Bangkok,INR,False
TXN-20240116-0000212,WALL-0045279,MERCH-00076,PM-02,DEV-01,2024-01-16 18:45:57,16.95,0.0339,0.3389,1,Success,Purchase,Johor Bahru,MYR,False
TXN-20240116-0000213,WALL-0058686,MERCH-00226,PM-01,DEV-05,2024-01-16 08:32:42,9.74,0.0,0.0,0,Success,Purchase,Chennai,INR,False
TXN-20240116-0000214,WALL-0114005,MERCH-00422,PM-01,DEV-01,2024-01-16 16:18:43,579.14,0.0,0.0,57,Success,Payment,Mawlamyine,MMK,False
TXN-20240116-0000215,WALL-0034871,MERCH-00462,PM-01,DEV-03,2024-01-16 21:04:23,1237.05,0.0,0.0,123,Success,Payment,Pathein,MMK,False
TXN-20240116-0000216,WALL-0082975,MERCH-00087,PM-04,DEV-01,2024-01-16 19:06:16,35.01,0.7002,0.0,3,Success,Purchase,Chittagong,BDT,False
TXN-20240116-0000217,WALL-0079232,MERCH-00028,PM-01,DEV-05,2024-01-16 10:43:14,14.2,0.0,0.2841,1,Success,Purchase,Mandalay,MMK,False
TXN-20240116-0000218,WALL-0027441,MERCH-00113,PM-01,DEV-05,2024-01-16 07:34:23,19.61,0.0,0.0,1,Success,Purchase,Chennai,INR,False
TXN-20240116-0000219,WALL-0091406,MERCH-00231,PM-03,DEV-05,2024-01-16 00:31:44,27.02,0.2161,0.0,2,Success,Subscription,Bago,MMK,False
TXN-20240116-0000220,WALL-0040128,MERCH-00283,PM-03,DEV-01,2024-01-16 15:07:28,252.4,2.0192,20.1923,50,Success,Purchase,Myitkyina,MMK,False
TXN-20240116-0000221,WALL-0031170,MERCH-00284,PM-02,DEV-03,2024-01-16 16:02:57,681.54,1.3631,54.523,136,Success,Purchase,Cebu City,PHP,False
TXN-20240116-0000222,WALL-0044034,MERCH-00334,PM-04,DEV-01,2024-01-16 13:11:31,72.91,1.4582,0.0,7,Success,Bill Payment,Delhi,INR,False
TXN-20240116-0000223,WALL-0094447,MERCH-00313,PM-01,DEV-02,2024-01-16 16:17:14,63.81,0.0,0.0,6,Success,Bill Payment,Lahore,PKR,False
TXN-20240116-0000224,WALL-0134285,MERCH-00119,PM-03,DEV-02,2024-01-16 12:45:12,66.27,0.5302,0.0,6,Success,Purchase,Hanoi,VND,False
TXN-20240116-0000225,WALL-0092710,MERCH-00337,PM-05,DEV-02,2024-01-16 17:10:34,44.33,0.0,0.0,4,Success,Bill Payment,Bago,MMK,False
TXN-20240116-0000226,WALL-0123058,MERCH-00407,PM-01,DEV-02,2024-01-16 16:03:15,36.8,0.0,0.0,3,Success,Payment,Pathein,MMK,False
TXN-20240116-0000227,WALL-0120777,MERCH-00072,PM-01,DEV-01,2024-01-16 14:35:16,16.62,0.0,0.3325,1,Success,Purchase,Jaipur,INR,False
TXN-20240116-0000228,WALL-0000314,MERCH-00262,PM-01,DEV-03,2024-01-16 11:32:47,23.34,0.0,0.0,2,Success,Subscription,Colombo,IDR,False
TXN-20240116-0000229,WALL-0065357,MERCH-00351,PM-02,DEV-02,2024-01-16 20:47:36,19.01,0.038,0.0,1,Success,Bill Payment,Chennai,MMK,False
TXN-20240116-0000230,WALL-0024922,MERCH-00066,PM-05,DEV-01,2024-01-16 07:23:14,11.84,0.0,0.2369,1,Success,Purchase,Bali,MMK,False
TXN-20240116-0000231,WALL-0066143,MERCH-00069,PM-02,DEV-01,2024-01-16 06:00:47,10.54,0.0211,0.2108,1,Success,Purchase,Penang,MYR,False
TXN-20240116-0000232,WALL-0136250,MERCH-00493,PM-01,DEV-01,2024-01-16 10:28:04,1593.48,0.0,0.0,159,Success,Payment,Mandalay,MMK,False
TXN-20240116-0000233,WALL-0061556,MERCH-00033,PM-03,DEV-03,2024-01-16 17:51:35,8.83,0.0706,0.1765,0,Success,Purchase,Da Nang,MMK,False
TXN-20240116-0000234,WALL-0141293,MERCH-00009,PM-01,DEV-05,2024-01-16 14:34:27,12.7,0.0,0.2539,1,Success,Purchase,Chennai,INR,False
TXN-20240116-0000235,WALL-0017165,MERCH-00106,PM-04,DEV-02,2024-01-16 13:30:04,25.62,0.5124,0.0,2,Success,Purchase,Kathmandu,NPR,False
TXN-20240116-0000236,WALL-0056287,MERCH-00090,PM-02,DEV-01,2024-01-16 18:19:56,89.4,0.1788,0.0,8,Success,Purchase,Mandalay,MMK,False
TXN-20240116-0000237,WALL-0038252,MERCH-00037,PM-01,DEV-01,2024-01-16 17:01:11,9.45,0.0,0.189,0,Success,Purchase,Davao,PHP,False
TXN-20240116-0000238,WALL-0051325,MERCH-00092,PM-02,DEV-01,2024-01-16 16:33:56,97.49,0.195,0.0,9,Success,Purchase,Mawlamyine,MMK,False
TXN-20240116-0000239,WALL-0040921,MERCH-00354,PM-01,DEV-01,2024-01-16 06:05:52,51.46,0.0,0.0,5,Success,Bill Payment,Mandalay,MMK,False
TXN-20240116-0000240,WALL-0040171,MERCH-00075,PM-04,DEV-01,2024-01-16 18:54:58,35.59,0.7118,0.7118,3,Success,Purchase,Taunggyi,LKR,False
TXN-20240116-0000241,WALL-0066464,MERCH-00480,PM-03,DEV-05,2024-01-16 05:58:02,58.24,0.466,0.0,5,Success,Payment,Yangon,MMK,False
TXN-20240116-0000242,WALL-0148329,MERCH-00012,PM-02,DEV-05,2024-01-16 06:17:04,26.41,0.0528,0.5282,2,Success,Purchase,Hyderabad,INR,False
TXN-20240116-0000243,WALL-0108733,MERCH-00265,PM-01,DEV-03,2024-01-16 18:12:30,11.5,0.0,0.0,1,Success,Subscription,Mandalay,MMK,False
TXN-20240116-0000244,WALL-0015227,MERCH-00076,PM-02,DEV-02,2024-01-16 06:57:23,14.56,0.0291,0.2912,1,Success,Purchase,Ahmedabad,BDT,False
TXN-20240116-0000245,WALL-0004639,MERCH-00116,PM-02,DEV-01,2024-01-16 15:22:52,31.31,0.0626,0.0,0,Pending,Purchase,Mandalay,MMK,False
TXN-20240116-0000246,WALL-0118878,MERCH-00334,PM-04,DEV-01,2024-01-16 16:26:52,221.04,4.4207,0.0,22,Success,Bill Payment,Da Nang,VND,False
TXN-20240116-0000247,WALL-0084807,MERCH-00089,PM-02,DEV-03,2024-01-16 13:17:05,40.43,0.0809,0.0,4,Success,Purchase,Myitkyina,MMK,False
TXN-20240116-0000248,WALL-0069967,MERCH-00155,PM-01,DEV-02,2024-01-16 21:30:54,177.07,0.0,8.8535,17,Success,Purchase,Jakarta,IDR,False
TXN-20240116-0000249,WALL-0096639,MERCH-00474,PM-02,DEV-01,2024-01-16 15:49:48,137.86,0.2757,0.0,13,Success,Payment,Ahmedabad,MYR,False
TXN-20240116-0000250,WALL-0071685,MERCH-00408,PM-04,DEV-02,2024-01-16 18:18:35,447.56,8.9512,0.0,44,Success,Payment,Pathein,MMK,False
TXN-20240116-0000251,WALL-0105968,MERCH-00153,PM-04,DEV-01,2024-01-16 07:34:41,33.93,0.6786,1.6966,3,Success,Purchase,Singapore,SGD,False
TXN-20240116-0000252,WALL-0107627,MERCH-00346,PM-04,DEV-01,2024-01-16 17:40:57,19.88,0.3976,0.0,1,Success,Bill Payment,Delhi,INR,False
TXN-20240116-0000253,WALL-0063167,MERCH-00335,PM-02,DEV-01,2024-01-16 18:55:06,44.33,0.0887,0.0,4,Success,Bill Payment,Jaipur,INR,False
TXN-20240116-0000254,WALL-0038973,MERCH-00076,PM-01,DEV-01,2024-01-16 13:55:27,29.85,0.0,0.0,0,Failed,Purchase,Colombo,MMK,False
TXN-20240116-0000255,WALL-0063668,MERCH-00158,PM-04,DEV-01,2024-01-16 21:20:58,20.0,0.4,1.0,2,Success,Purchase,Quezon City,PHP,False
TXN-20240116-0000256,WALL-0015679,MERCH-00211,PM-04,DEV-01,2024-01-16 06:53:45,11.93,0.2387,0.0,1,Success,Purchase,Myitkyina,PKR,False
TXN-20240116-0000257,WALL-0101283,MERCH-00064,PM-01,DEV-01,2024-01-16 11:23:43,24.3,0.0,0.4859,2,Success,Purchase,Naypyidaw,MMK,False
TXN-20240116-0000258,WALL-0132750,MERCH-00473,PM-01,DEV-01,2024-01-16 04:38:28,725.21,0.0,0.0,72,Success,Payment,Pathein,MMK,True
TXN-20240116-0000259,WALL-0056906,MERCH-00096,PM-05,DEV-01,2024-01-16 09:03:10,28.39,0.0,0.0,2,Success,Purchase,Johor Bahru,MYR,False
TXN-20240116-0000260,WALL-0125641,MERCH-00379,PM-04,DEV-01,2024-01-16 04:58:59,34.44,0.6888,0.0,3,Success,Purchase,Pathein,MMK,False
TXN-20240116-0000261,WALL-0148237,MERCH-00135,PM-02,DEV-01,2024-01-16 14:42:34,55.19,0.1104,2.7593,5,Success,Purchase,Penang,MYR,False
TXN-20240116-0000262,WALL-0125014,MERCH-00106,PM-01,DEV-01,2024-01-16 15:34:51,72.33,0.0,0.0,7,Success,Purchase,Mandalay,MMK,False
TXN-20240116-0000263,WALL-0069339,MERCH-00103,PM-03,DEV-01,2024-01-16 14:33:44,39.97,0.3198,0.0,3,Success,Purchase,Karachi,MMK,False
TXN-20240116-0000264,WALL-0137268,MERCH-00485,PM-01,DEV-05,2024-01-16 09:37:08,195.88,0.0,0.0,19,Success,Payment,Jakarta,IDR,False
TXN-20240116-0000265,WALL-0143760,MERCH-00100,PM-01,DEV-01,2024-01-16 10:30:16,133.24,0.0,0.0,13,Success,Purchase,Taunggyi,MMK,False
TXN-20240116-0000266,WALL-0015692,MERCH-00256,PM-03,DEV-01,2024-01-16 06:10:14,35.17,0.2813,0.0,3,Success,Subscription,Naypyidaw,MMK,False
TXN-20240116-0000267,WALL-0100172,MERCH-00291,PM-01,DEV-01,2024-01-16 02:46:18,261.37,0.0,0.0,0,Failed,Purchase,Jaipur,INR,False
TXN-20240116-0000268,WALL-0145757,MERCH-00021,PM-01,DEV-01,2024-01-16 13:43:07,99.0,0.0,1.98,9,Success,Purchase,Bago,MMK,False
TXN-20240116-0000269,WALL-0044077,MERCH-00323,PM-04,DEV-01,2024-01-16 19:51:02,48.22,0.9644,0.0,4,Success,Bill Payment,Khon Kaen,THB,False
TXN-20240116-0000270,WALL-0014390,MERCH-00168,PM-03,DEV-01,2024-01-16 16:34:41,839.72,6.7178,41.9862,83,Success,Purchase,Bago,MMK,False
TXN-20240116-0000271,WALL-0012925,MERCH-00115,PM-04,DEV-01,2024-01-16 00:51:40,36.13,0.7226,0.0,3,Success,Purchase,Bago,MMK,False
TXN-20240116-0000272,WALL-0122415,MERCH-00066,PM-03,DEV-02,2024-01-16 20:29:41,14.55,0.1164,0.291,1,Success,Purchase,Pathein,MMK,False
TXN-20240116-0000273,WALL-0026838,MERCH-00092,PM-03,DEV-01,2024-01-16 08:41:00,56.37,0.4509,0.0,5,Success,Purchase,Pathein,MMK,False
TXN-20240116-0000274,WALL-0028720,MERCH-00057,PM-01,DEV-03,2024-01-16 18:47:19,19.94,0.0,0.3987,1,Success,Purchase,Da Nang,VND,False
TXN-20240116-0000275,WALL-0015590,MERCH-00276,PM-04,DEV-02,2024-01-16 18:16:02,100.0,2.0,0.0,0,Pending,Purchase,Delhi,INR,False
TXN-20240116-0000276,WALL-0037153,MERCH-00026,PM-01,DEV-01,2024-01-16 00:26:24,23.97,0.0,0.4793,2,Success,Purchase,Hanoi,VND,False
TXN-20240116-0000277,WALL-0065981,MERCH-00306,PM-04,DEV-01,2024-01-16 08:45:52,713.68,14.2737,57.0947,142,Success,Purchase,Bandung,MYR,False
TXN-20240116-0000278,WALL-0117864,MERCH-00322,PM-03,DEV-01,2024-01-16 14:47:39,53.13,0.4251,0.0,5,Success,Bill Payment,Pattaya,THB,False
TXN-20240116-0000279,WALL-0094553,MERCH-00299,PM-01,DEV-01,2024-01-16 13:19:20,737.51,0.0,59.0007,147,Success,Purchase,Delhi,INR,False
TXN-20240116-0000280,WALL-0070726,MERCH-00129,PM-01,DEV-01,2024-01-16 13:32:15,114.02,0.0,0.0,11,Success,Purchase,Bago,MMK,False
TXN-20240116-0000281,WALL-0051794,MERCH-00117,PM-02,DEV-01,2024-01-16 08:22:21,77.0,0.154,0.0,7,Success,Purchase,Karachi,KHR,False
TXN-20240116-0000282,WALL-0024069,MERCH-00070,PM-03,DEV-01,2024-01-16 20:50:33,5.0,0.04,0.1,0,Success,Purchase,Cebu City,PHP,False
TXN-20240116-0000283,WALL-0003193,MERCH-00278,PM-03,DEV-01,2024-01-16 15:29:22,159.92,1.2794,12.7935,31,Success,Purchase,Johor Bahru,MYR,False
TXN-20240116-0000284,WALL-0017673,MERCH-00340,PM-01,DEV-01,2024-01-16 16:47:11,79.23,0.0,0.0,7,Success,Bill Payment,Penang,MYR,False
TXN-20240116-0000285,WALL-0010032,MERCH-00100,PM-01,DEV-01,2024-01-16 03:31:16,27.4,0.0,0.0,2,Success,Purchase,Yangon,MMK,False
TXN-20240116-0000286,WALL-0084577,MERCH-00143,PM-03,DEV-01,2024-01-16 12:08:19,299.69,2.3975,14.9843,29,Success,Purchase,Naypyidaw,MMK,False
TXN-20240116-0000287,WALL-0012445,MERCH-00227,PM-03,DEV-03,2024-01-16 10:10:15,12.56,0.1005,0.0,1,Success,Purchase,Bali,IDR,False
TXN-20240116-0000288,WALL-0048858,MERCH-00090,PM-02,DEV-01,2024-01-16 19:10:03,139.08,0.2782,0.0,13,Success,Purchase,Cebu City,PHP,False
TXN-20240116-0000289,WALL-0074039,MERCH-00215,PM-03,DEV-01,2024-01-16 10:13:29,14.38,0.115,0.0,1,Success,Purchase,Hyderabad,INR,False
TXN-20240116-0000290,WALL-0041610,MERCH-00080,PM-03,DEV-01,2024-01-16 11:27:48,16.1,0.1288,0.322,1,Success,Purchase,Bago,MMK,False
TXN-20240116-0000291,WALL-0108184,MERCH-00068,PM-02,DEV-03,2024-01-16 15:45:02,16.62,0.0332,0.3323,1,Success,Purchase,Myitkyina,MMK,False
TXN-20240116-0000292,WALL-0073071,MERCH-00073,PM-03,DEV-02,2024-01-16 11:24:03,19.13,0.153,0.3826,1,Success,Purchase,Kuala Lumpur,MYR,False
TXN-20240116-0000293,WALL-0028182,MERCH-00273,PM-04,DEV-04,2024-01-16 11:15:00,493.56,9.8711,39.4844,98,Success,Purchase,Kolkata,INR,False
TXN-20240116-0000294,WALL-0050029,MERCH-00089,PM-01,DEV-03,2024-01-16 10:21:32,43.15,0.0,0.0,4,Success,Purchase,Bangkok,THB,False
TXN-20240116-0000295,WALL-0099158,MERCH-00013,PM-04,DEV-03,2024-01-16 12:27:02,13.12,0.2624,0.2624,1,Success,Purchase,Pathein,MMK,False
TXN-20240116-0000296,WALL-0133042,MERCH-00488,PM-01,DEV-01,2024-01-16 13:38:58,1064.42,0.0,0.0,106,Success,Payment,Islamabad,PKR,False
TXN-20240116-0000297,WALL-0128551,MERCH-00162,PM-04,DEV-01,2024-01-16 21:17:32,124.97,2.4995,6.2487,12,Success,Purchase,Phuket,THB,False
TXN-20240116-0000298,WALL-0095318,MERCH-00091,PM-03,DEV-01,2024-01-16 18:32:16,42.16,0.3373,0.0,4,Success,Purchase,Chiang Mai,THB,False
TXN-20240116-0000299,WALL-0099522,MERCH-00423,PM-01,DEV-01,2024-01-16 18:52:23,42.49,0.0,0.0,4,Success,Payment,Phnom Penh,KHR,False
TXN-20240116-0000300,WALL-0068300,MERCH-00354,PM-04,DEV-02,2024-01-16 05:29:17,26.7,0.534,0.0,2,Success,Bill Payment,Myitkyina,MMK,False
TXN-20240116-0000301,WALL-0148263,MERCH-00410,PM-05,DEV-01,2024-01-16 05:35:43,23.28,0.0,0.0,2,Success,Payment,Dhaka,BDT,False
TXN-20240116-0000302,WALL-0102207,MERCH-00078,PM-01,DEV-03,2024-01-16 16:29:26,20.13,0.0,0.4025,2,Success,Purchase,Chennai,INR,False
TXN-20240116-0000303,WALL-0054024,MERCH-00055,PM-01,DEV-02,2024-01-16 14:37:38,45.89,0.0,0.9178,4,Success,Purchase,Kathmandu,NPR,False
TXN-20240116-0000304,WALL-0000260,MERCH-00312,PM-01,DEV-03,2024-01-16 08:14:33,71.79,0.0,0.0,7,Success,Bill Payment,Phnom Penh,KHR,False
TXN-20240116-0000305,WALL-0086700,MERCH-00386,PM-03,DEV-01,2024-01-16 10:51:44,20.15,0.1612,0.0,2,Success,Purchase,Myitkyina,MMK,False
TXN-20240116-0000306,WALL-0106045,MERCH-00324,PM-02,DEV-04,2024-01-16 12:58:36,103.02,0.206,0.0,10,Success,Bill Payment,Taunggyi,MMK,False
TXN-20240116-0000307,WALL-0110209,MERCH-00201,PM-03,DEV-04,2024-01-16 16:51:46,14.27,0.1141,0.0,1,Success,Purchase,Cebu City,PHP,False
TXN-20240116-0000308,WALL-0094002,MERCH-00191,PM-01,DEV-01,2024-01-16 13:34:59,9.06,0.0,0.0,0,Success,Purchase,Hanoi,VND,False
TXN-20240116-0000309,WALL-0036492,MERCH-00376,PM-01,DEV-03,2024-01-16 12:23:04,42.03,0.0,0.0,4,Success,Purchase,Yangon,MMK,False
TXN-20240116-0000310,WALL-0040922,MERCH-00117,PM-03,DEV-01,2024-01-16 14:20:41,64.29,0.5143,0.0,6,Success,Purchase,Jaipur,INR,False
TXN-20240116-0000311,WALL-0043016,MERCH-00022,PM-01,DEV-02,2024-01-16 12:21:38,20.45,0.0,0.409,2,Success,Purchase,Khon Kaen,THB,False
TXN-20240116-0000312,WALL-0024774,MERCH-00062,PM-01,DEV-01,2024-01-16 21:32:40,7.18,0.0,0.1435,0,Success,Purchase,Hyderabad,SGD,False
TXN-20240116-0000313,WALL-0013617,MERCH-00040,PM-02,DEV-01,2024-01-16 14:01:25,19.96,0.0399,0.3991,1,Success,Purchase,Jakarta,IDR,False
TXN-20240116-0000314,WALL-0125417,MERCH-00445,PM-01,DEV-02,2024-01-16 13:53:27,302.16,0.0,0.0,30,Success,Tax Payment,Myitkyina,MMK,False
TXN-20240116-0000315,WALL-0144629,MERCH-00317,PM-01,DEV-03,2024-01-16 07:16:49,29.3,0.0,0.0,2,Success,Bill Payment,Pune,INR,False
TXN-20240116-0000316,WALL-0057587,MERCH-00009,PM-04,DEV-01,2024-01-16 06:57:45,10.37,0.2073,0.2073,1,Success,Purchase,Chiang Mai,IDR,False
TXN-20240116-0000317,WALL-0017321,MERCH-00141,PM-01,DEV-01,2024-01-16 20:12:38,43.14,0.0,2.1572,4,Success,Purchase,Taunggyi,MMK,False
TXN-20240116-0000318,WALL-0007988,MERCH-00444,PM-01,DEV-01,2024-01-16 12:26:45,817.76,0.0,0.0,81,Success,Tax Payment,Kuala Lumpur,MYR,False
TXN-20240116-0000319,WALL-0097605,MERCH-00072,PM-04,DEV-01,2024-01-16 11:41:31,38.48,0.7695,0.7695,3,Success,Purchase,Myitkyina,MMK,False
TXN-20240116-0000320,WALL-0000808,MERCH-00227,PM-01,DEV-01,2024-01-16 14:54:15,21.24,0.0,0.0,2,Success,Purchase,Naypyidaw,MMK,False
TXN-20240116-0000321,WALL-0018088,MERCH-00425,PM-01,DEV-03,2024-01-16 13:14:51,57.68,0.0,0.0,5,Success,Payment,Ho Chi Minh City,VND,False
TXN-20240116-0000322,WALL-0068919,MERCH-00201,PM-03,DEV-01,2024-01-16 21:44:28,9.73,0.0778,0.0,0,Success,Purchase,Johor Bahru,MYR,False
TXN-20240116-0000323,WALL-0118749,MERCH-00144,PM-01,DEV-01,2024-01-16 11:58:14,94.67,0.0,4.7333,9,Success,Purchase,Pattaya,THB,False
TXN-20240116-0000324,WALL-0005049,MERCH-00035,PM-02,DEV-01,2024-01-16 13:58:01,28.35,0.0567,0.567,2,Success,Purchase,Myitkyina,MMK,False
TXN-20240116-0000325,WALL-0057121,MERCH-00088,PM-02,DEV-04,2024-01-16 22:58:27,41.11,0.0822,0.0,4,Success,Purchase,Yangon,MMK,False
TXN-20240116-0000326,WALL-0001215,MERCH-00081,PM-01,DEV-02,2024-01-16 09:33:00,143.36,0.0,0.0,14,Success,Purchase,Bangkok,THB,False
TXN-20240116-0000327,WALL-0029870,MERCH-00191,PM-02,DEV-01,2024-01-16 19:51:51,6.65,0.0133,0.0,0,Success,Purchase,Kathmandu,THB,False
TXN-20240116-0000328,WALL-0033503,MERCH-00391,PM-02,DEV-01,2024-01-16 20:07:49,48.05,0.0961,0.0,4,Success,Purchase,Bali,IDR,False
TXN-20240116-0000329,WALL-0128119,MERCH-00075,PM-01,DEV-01,2024-01-16 17:56:40,23.99,0.0,0.4798,2,Success,Purchase,Chennai,INR,False
TXN-20240116-0000330,WALL-0070807,MERCH-00135,PM-01,DEV-04,2024-01-16 22:58:40,485.04,0.0,24.2518,48,Success,Purchase,Bago,MMK,False
TXN-20240116-0000331,WALL-0045487,MERCH-00076,PM-02,DEV-01,2024-01-16 19:55:34,13.11,0.0262,0.2622,1,Success,Purchase,Myitkyina,MMK,False
TXN-20240116-0000332,WALL-0022326,MERCH-00076,PM-01,DEV-05,2024-01-16 20:46:33,13.27,0.0,0.2654,1,Success,Purchase,Naypyidaw,MMK,False
TXN-20240116-0000333,WALL-0097625,MERCH-00421,PM-01,DEV-01,2024-01-16 21:05:43,20.0,0.0,0.0,0,Failed,Payment,Islamabad,PKR,False
TXN-20240116-0000334,WALL-0088261,MERCH-00127,PM-03,DEV-01,2024-01-16 13:46:48,30.74,0.2459,0.0,3,Success,Purchase,Yangon,MMK,False
TXN-20240116-0000335,WALL-0021016,MERCH-00384,PM-02,DEV-02,2024-01-16 21:46:32,48.01,0.096,0.0,4,Success,Purchase,Taunggyi,MMK,False
TXN-20240116-0000336,WALL-0122327,MERCH-00451,PM-03,DEV-01,2024-01-16 14:38:56,289.73,2.3178,0.0,28,Success,Payment,Colombo,LKR,False
TXN-20240116-0000337,WALL-0067760,MERCH-00389,PM-04,DEV-02,2024-01-16 03:29:07,98.18,1.9636,0.0,9,Success,Purchase,Phuket,THB,False
TXN-20240116-0000338,WALL-0068749,MERCH-00451,PM-02,DEV-01,2024-01-16 09:48:25,248.53,0.4971,0.0,24,Success,Payment,Mandalay,MMK,False
TXN-20240116-0000339,WALL-0069151,MERCH-00036,PM-01,DEV-04,2024-01-16 07:49:53,15.3,0.0,0.306,1,Success,Purchase,Pune,INR,False
TXN-20240116-0000340,WALL-0059889,MERCH-00281,PM-01,DEV-02,2024-01-16 10:59:10,216.17,0.0,17.2939,43,Success,Purchase,Phnom Penh,VND,False
TXN-20240116-0000341,WALL-0074748,MERCH-00267,PM-02,DEV-01,2024-01-16 09:28:27,9.35,0.0187,0.0,0,Success,Subscription,Phnom Penh,KHR,False
TXN-20240116-0000342,WALL-0036709,MERCH-00076,PM-01,DEV-02,2024-01-16 15:13:51,37.87,0.0,0.7575,3,Success,Purchase,Naypyidaw,MMK,False
TXN-20240116-0000343,WALL-0001020,MERCH-00163,PM-04,DEV-03,2024-01-16 14:55:27,40.03,0.8006,2.0016,4,Success,Purchase,Khon Kaen,THB,False
TXN-20240116-0000344,WALL-0036340,MERCH-00467,PM-04,DEV-02,2024-01-16 14:48:19,988.02,19.7603,0.0,98,Success,Payment,Yangon,MMK,False
TXN-20240116-0000345,WALL-0046509,MERCH-00126,PM-02,DEV-01,2024-01-16 21:47:08,171.71,0.3434,0.0,17,Success,Purchase,Bago,MMK,False
TXN-20240116-0000346,WALL-0023203,MERCH-00335,PM-02,DEV-01,2024-01-16 15:28:41,55.63,0.1113,0.0,5,Success,Bill Payment,Jaipur,INR,False
TXN-20240116-0000347,WALL-0064819,MERCH-00382,PM-05,DEV-01,2024-01-16 03:28:43,152.69,0.0,0.0,15,Success,Purchase,Davao,PHP,False
TXN-20240116-0000348,WALL-0107145,MERCH-00414,PM-02,DEV-05,2024-01-16 18:05:17,418.06,0.8361,0.0,41,Success,Payment,Pokhara,NPR,False
TXN-20240116-0000349,WALL-0071648,MERCH-00385,PM-02,DEV-01,2024-01-16 18:01:13,64.69,0.1294,0.0,0,Pending,Purchase,Chiang Mai,MMK,False
TXN-20240116-0000350,WALL-0044263,MERCH-00395,PM-01,DEV-02,2024-01-16 14:31:06,25.16,0.0,0.0,2,Success,Purchase,Pokhara,IDR,False
TXN-20240116-0000351,WALL-0141961,MERCH-00391,PM-02,DEV-03,2024-01-16 13:51:34,86.05,0.1721,0.0,8,Success,Purchase,Myitkyina,MMK,False
TXN-20240116-0000352,WALL-0038062,MERCH-00067,PM-04,DEV-02,2024-01-16 20:19:43,59.03,1.1806,1.1806,5,Success,Purchase,Mawlamyine,THB,False
TXN-20240116-0000353,WALL-0117437,MERCH-00068,PM-01,DEV-01,2024-01-16 20:41:03,16.07,0.0,0.3214,1,Success,Purchase,Kuala Lumpur,MMK,False
TXN-20240116-0000354,WALL-0066342,MERCH-00130,PM-01,DEV-03,2024-01-16 01:13:51,58.32,0.0,0.0,5,Success,Purchase,Quezon City,PHP,False
TXN-20240116-0000355,WALL-0107810,MERCH-00073,PM-01,DEV-01,2024-01-16 15:07:02,14.15,0.0,0.2829,1,Success,Purchase,Penang,MYR,False
TXN-20240116-0000356,WALL-0106522,MERCH-00197,PM-01,DEV-04,2024-01-16 18:39:58,30.0,0.0,0.0,2,Success,Purchase,Yangon,MMK,False
TXN-20240116-0000357,WALL-0063333,MERCH-00119,PM-01,DEV-03,2024-01-16 17:40:56,39.11,0.0,0.0,3,Success,Purchase,Jaipur,INR,False
TXN-20240116-0000358,WALL-0059796,MERCH-00029,PM-01,DEV-01,2024-01-16 20:48:11,18.43,0.0,0.3685,1,Success,Purchase,Mawlamyine,MMK,False
TXN-20240116-0000359,WALL-0076177,MERCH-00465,PM-03,DEV-01,2024-01-16 21:35:34,1677.5,13.42,0.0,167,Success,Payment,Pathein,MMK,False
TXN-20240116-0000360,WALL-0098128,MERCH-00134,PM-01,DEV-04,2024-01-16 15:22:41,315.22,0.0,15.7608,31,Success,Purchase,Phuket,THB,False
TXN-20240116-0000361,WALL-0109514,MERCH-00250,PM-04,DEV-03,2024-01-16 15:53:38,43.92,0.8784,0.0,4,Success,Subscription,Yangon,MMK,False
TXN-20240116-0000362,WALL-0003797,MERCH-00237,PM-01,DEV-01,2024-01-16 21:59:58,22.55,0.0,0.0,2,Success,Subscription,Phuket,THB,False
TXN-20240116-0000363,WALL-0051437,MERCH-00218,PM-01,DEV-04,2024-01-16 03:36:43,33.2,0.0,0.0,3,Success,Purchase,Pathein,MMK,False
TXN-20240116-0000364,WALL-0010094,MERCH-00041,PM-03,DEV-02,2024-01-16 18:15:09,37.14,0.2971,0.7428,3,Success,Purchase,Ho Chi Minh City,VND,False
TXN-20240116-0000365,WALL-0135562,MERCH-00345,PM-04,DEV-01,2024-01-16 13:24:06,89.1,1.782,0.0,8,Success,Bill Payment,Khon Kaen,THB,False
TXN-20240116-0000366,WALL-0081508,MERCH-00054,PM-01,DEV-04,2024-01-16 14:31:40,15.43,0.0,0.3085,1,Success,Purchase,Colombo,LKR,False
TXN-20240116-0000367,WALL-0048317,MERCH-00265,PM-01,DEV-01,2024-01-16 14:09:09,21.27,0.0,0.0,2,Success,Subscription,Dhaka,MMK,False
TXN-20240116-0000368,WALL-0077428,MERCH-00160,PM-02,DEV-02,2024-01-16 19:56:47,20.0,0.04,1.0,2,Success,Purchase,Mandalay,MMK,False
TXN-20240116-0000369,WALL-0022889,MERCH-00095,PM-01,DEV-05,2024-01-16 14:53:15,330.0,0.0,0.0,33,Success,Purchase,Mandalay,MMK,False
TXN-20240116-0000370,WALL-0079406,MERCH-00303,PM-03,DEV-02,2024-01-16 15:40:03,1806.79,14.4543,144.5435,361,Success,Purchase,Yangon,MMK,False
TXN-20240116-0000371,WALL-0048518,MERCH-00131,PM-04,DEV-01,2024-01-16 20:11:20,80.58,1.6116,4.0291,8,Success,Purchase,Phuket,THB,False
TXN-20240116-0000372,WALL-0069450,MERCH-00203,PM-01,DEV-03,2024-01-16 20:12:33,17.2,0.0,0.0,1,Success,Purchase,Chennai,INR,False
TXN-20240116-0000373,WALL-0035419,MERCH-00068,PM-03,DEV-01,2024-01-16 13:46:17,59.11,0.4728,1.1821,5,Success,Purchase,Myitkyina,MMK,False
TXN-20240116-0000374,WALL-0123991,MERCH-00405,PM-02,DEV-01,2024-01-16 17:14:40,20.41,0.0408,0.0,2,Success,Payment,Pathein,MMK,False
TXN-20240116-0000375,WALL-0079582,MERCH-00062,PM-04,DEV-01,2024-01-16 12:24:10,6.06,0.1212,0.1212,0,Success,Purchase,Taunggyi,MMK,False
TXN-20240116-0000376,WALL-0148320,MERCH-00298,PM-03,DEV-01,2024-01-16 20:24:22,214.88,1.719,17.1905,42,Success,Purchase,Kathmandu,NPR,False
TXN-20240116-0000377,WALL-0110226,MERCH-00420,PM-03,DEV-01,2024-01-16 13:23:43,58.92,0.4714,0.0,5,Success,Payment,Da Nang,IDR,False
TXN-20240116-0000378,WALL-0114370,MERCH-00045,PM-01,DEV-01,2024-01-16 12:16:33,10.18,0.0,0.2036,1,Success,Purchase,Dhaka,BDT,False
TXN-20240116-0000379,WALL-0111595,MERCH-00267,PM-05,DEV-03,2024-01-16 16:48:24,30.08,0.0,0.0,3,Success,Subscription,Bali,MMK,False
TXN-20240116-0000380,WALL-0025206,MERCH-00387,PM-01,DEV-01,2024-01-16 21:14:33,38.32,0.0,0.0,3,Success,Purchase,Kathmandu,NPR,False
TXN-20240116-0000381,WALL-0016641,MERCH-00074,PM-04,DEV-03,2024-01-16 10:34:37,22.26,0.4452,0.4452,2,Success,Purchase,Dhaka,BDT,False
TXN-20240116-0000382,WALL-0052053,MERCH-00424,PM-01,DEV-01,2024-01-16 09:34:10,82.7,0.0,0.0,8,Success,Payment,Ahmedabad,INR,False
TXN-20240116-0000383,WALL-0139673,MERCH-00046,PM-01,DEV-05,2024-01-16 21:19:43,13.86,0.0,0.2771,1,Success,Purchase,Naypyidaw,MMK,False
TXN-20240116-0000384,WALL-0023709,MERCH-00103,PM-01,DEV-01,2024-01-16 06:45:24,102.92,0.0,0.0,10,Success,Purchase,Kolkata,INR,False
TXN-20240116-0000385,WALL-0027846,MERCH-00017,PM-05,DEV-04,2024-01-16 14:27:20,21.34,0.0,0.4268,2,Success,Purchase,Da Nang,VND,False
TXN-20240116-0000386,WALL-0009274,MERCH-00031,PM-02,DEV-02,2024-01-16 21:02:34,21.88,0.0438,0.4377,2,Success,Purchase,Khon Kaen,THB,False
TXN-20240116-0000387,WALL-0100626,MERCH-00387,PM-03,DEV-01,2024-01-16 18:21:32,89.63,0.7171,0.0,8,Success,Purchase,Mawlamyine,MMK,False
TXN-20240116-0000388,WALL-0031502,MERCH-00194,PM-03,DEV-01,2024-01-16 03:54:14,12.02,0.0961,0.0,0,Pending,Purchase,Pattaya,THB,False
TXN-20240116-0000389,WALL-0125604,MERCH-00216,PM-01,DEV-01,2024-01-16 13:36:58,20.15,0.0,0.0,2,Success,Purchase,Penang,SGD,False
TXN-20240116-0000390,WALL-0139079,MERCH-00145,PM-02,DEV-01,2024-01-16 06:40:58,36.43,0.0729,1.8217,3,Success,Purchase,Myitkyina,MMK,False
TXN-20240116-0000391,WALL-0060977,MERCH-00006,PM-01,DEV-03,2024-01-16 20:37:15,12.7,0.0,0.2541,1,Success,Purchase,Mumbai,THB,False
TXN-20240116-0000392,WALL-0096462,MERCH-00010,PM-02,DEV-02,2024-01-16 16:47:47,9.78,0.0196,0.1956,0,Success,Purchase,Pokhara,NPR,False
TXN-20240116-0000393,WALL-0036357,MERCH-00416,PM-02,DEV-03,2024-01-16 16:28:47,304.26,0.6085,0.0,30,Success,Payment,Yangon,MMK,False
TXN-20240116-0000394,WALL-0015571,MERCH-00381,PM-01,DEV-02,2024-01-16 20:01:00,106.28,0.0,0.0,10,Success,Purchase,Khon Kaen,THB,False
TXN-20240116-0000395,WALL-0043066,MERCH-00192,PM-01,DEV-01,2024-01-16 11:34:29,32.17,0.0,0.0,3,Success,Purchase,Naypyidaw,MMK,False
TXN-20240116-0000396,WALL-0123524,MERCH-00385,PM-01,DEV-02,2024-01-16 21:10:38,33.28,0.0,0.0,3,Success,Purchase,Bago,MMK,False
TXN-20240116-0000397,WALL-0025575,MERCH-00385,PM-05,DEV-03,2024-01-16 02:35:31,73.42,0.0,0.0,7,Success,Purchase,Kolkata,INR,False
TXN-20240116-0000398,WALL-0135900,MERCH-00054,PM-01,DEV-02,2024-01-16 12:46:12,22.85,0.0,0.457,2,Success,Purchase,Colombo,LKR,False
TXN-20240116-0000399,WALL-0011733,MERCH-00301,PM-03,DEV-01,2024-01-16 20:14:54,111.44,0.8915,8.915,22,Success,Purchase,Manila,MMK,False
TXN-20240116-0000400,WALL-0071648,MERCH-00108,PM-01,DEV-01,2024-01-16 18:21:14,89.75,0.0,0.0,8,Success,Purchase,Mandalay,MMK,False
TXN-20240116-0000401,WALL-0098397,MERCH-00309,PM-03,DEV-01,2024-01-16 16:37:34,397.09,3.1767,31.7671,79,Success,Purchase,Bago,MMK,False
TXN-20240116-0000402,WALL-0071786,MERCH-00381,PM-04,DEV-01,2024-01-16 19:42:59,59.43,1.1886,0.0,5,Success,Purchase,Pathein,MYR,False
TXN-20240116-0000403,WALL-0148817,MERCH-00465,PM-03,DEV-01,2024-01-16 12:28:11,320.3,2.5624,0.0,32,Success,Payment,Naypyidaw,IDR,False
TXN-20240116-0000404,WALL-0018483,MERCH-00185,PM-04,DEV-01,2024-01-16 12:02:00,62.54,1.2508,3.1269,6,Success,Purchase,Karachi,PKR,False
TXN-20240116-0000405,WALL-0015215,MERCH-00429,PM-04,DEV-01,2024-01-16 18:43:47,53.42,1.0684,0.0,5,Success,Payment,Penang,MYR,False
TXN-20240116-0000406,WALL-0084545,MERCH-00084,PM-04,DEV-01,2024-01-16 15:11:55,52.25,1.0451,0.0,5,Success,Purchase,Naypyidaw,MMK,False
TXN-20240116-0000407,WALL-0075778,MERCH-00448,PM-05,DEV-01,2024-01-16 18:28:28,156.43,0.0,0.0,15,Success,Tax Payment,Yangon,MMK,False
TXN-20240116-0000408,WALL-0107415,MERCH-00320,PM-04,DEV-01,2024-01-16 18:29:47,185.89,3.7178,0.0,18,Success,Bill Payment,Quezon City,PHP,False
TXN-20240116-0000409,WALL-0040551,MERCH-00326,PM-01,DEV-05,2024-01-16 18:57:49,127.23,0.0,0.0,12,Success,Bill Payment,Bangalore,INR,False
TXN-20240116-0000410,WALL-0023807,MERCH-00445,PM-01,DEV-02,2024-01-16 09:49:52,115.34,0.0,0.0,11,Success,Tax Payment,Mandalay,MMK,False
TXN-20240116-0000411,WALL-0052786,MERCH-00083,PM-01,DEV-01,2024-01-16 14:37:47,70.02,0.0,0.0,7,Success,Purchase,Mandalay,MMK,False
TXN-20240116-0000412,WALL-0011719,MERCH-00080,PM-02,DEV-01,2024-01-16 18:49:42,16.82,0.0336,0.3363,1,Success,Purchase,Ho Chi Minh City,VND,False
TXN-20240116-0000413,WALL-0061551,MERCH-00136,PM-01,DEV-05,2024-01-16 09:30:43,42.56,0.0,2.1279,4,Success,Purchase,Jaipur,INR,False
TXN-20240116-0000414,WALL-0022985,MERCH-00215,PM-02,DEV-01,2024-01-16 13:54:08,27.47,0.0549,0.0,2,Success,Purchase,Siem Reap,KHR,False
TXN-20240116-0000415,WALL-0053110,MERCH-00168,PM-02,DEV-02,2024-01-16 19:39:00,100.36,0.2007,5.0178,10,Success,Purchase,Ahmedabad,INR,False
TXN-20240116-0000416,WALL-0042639,MERCH-00171,PM-01,DEV-01,2024-01-16 16:04:49,277.51,0.0,13.8754,27,Success,Purchase,Da Nang,VND,False
TXN-20240116-0000417,WALL-0004590,MERCH-00405,PM-04,DEV-03,2024-01-16 16:17:58,87.72,1.7544,0.0,8,Success,Payment,Naypyidaw,MMK,False
TXN-20240116-0000418,WALL-0056846,MERCH-00014,PM-02,DEV-01,2024-01-16 08:11:17,15.24,0.0305,0.3048,1,Success,Purchase,Jaipur,INR,False
TXN-20240116-0000419,WALL-0113760,MERCH-00034,PM-01,DEV-01,2024-01-16 11:39:00,10.02,0.0,0.2004,1,Success,Purchase,Mandalay,MMK,False
TXN-20240116-0000420,WALL-0077463,MERCH-00104,PM-03,DEV-05,2024-01-16 19:17:41,63.53,0.5082,0.0,6,Success,Purchase,Surabaya,IDR,False
TXN-20240116-0000421,WALL-0035412,MERCH-00143,PM-01,DEV-02,2024-01-16 01:09:11,153.1,0.0,7.655,15,Success,Purchase,Medan,IDR,False
TXN-20240116-0000422,WALL-0121359,MERCH-00219,PM-01,DEV-04,2024-01-16 21:50:34,6.36,0.0,0.0,0,Success,Purchase,Bali,IDR,False
TXN-20240116-0000423,WALL-0012206,MERCH-00371,PM-03,DEV-01,2024-01-16 16:34:04,56.44,0.4516,0.0,5,Success,Purchase,Jakarta,MMK,False
TXN-20240116-0000424,WALL-0064640,MERCH-00214,PM-01,DEV-01,2024-01-16 17:04:12,5.27,0.0,0.0,0,Success,Purchase,Bago,MMK,False
TXN-20240116-0000425,WALL-0075797,MERCH-00493,PM-01,DEV-02,2024-01-16 18:28:20,137.78,0.0,0.0,13,Success,Payment,Bago,MMK,False
TXN-20240116-0000426,WALL-0087951,MERCH-00242,PM-04,DEV-01,2024-01-16 06:26:34,25.3,0.506,0.0,2,Success,Subscription,Pathein,MMK,False
TXN-20240116-0000427,WALL-0065314,MERCH-00374,PM-01,DEV-03,2024-01-16 05:29:47,89.84,0.0,0.0,8,Success,Purchase,Medan,MMK,False
TXN-20240116-0000428,WALL-0121679,MERCH-00256,PM-02,DEV-05,2024-01-16 16:04:52,14.17,0.0283,0.0,1,Success,Subscription,Johor Bahru,THB,False
TXN-20240116-0000429,WALL-0140777,MERCH-00072,PM-01,DEV-01,2024-01-16 20:14:18,16.08,0.0,0.3215,1,Success,Purchase,Bali,IDR,False
TXN-20240116-0000430,WALL-0119684,MERCH-00486,PM-01,DEV-03,2024-01-16 12:51:05,100.19,0.0,0.0,10,Success,Payment,Jaipur,INR,False
TXN-20240116-0000431,WALL-0056204,MERCH-00180,PM-03,DEV-01,2024-01-16 17:52:55,300.66,2.4053,15.0332,30,Success,Purchase,Bangalore,INR,False
TXN-20240116-0000432,WALL-0067468,MERCH-00349,PM-02,DEV-03,2024-01-16 00:06:09,47.15,0.0943,0.0,4,Success,Bill Payment,Ho Chi Minh City,MMK,False
TXN-20240116-0000433,WALL-0092441,MERCH-00376,PM-02,DEV-01,2024-01-16 14:50:57,87.33,0.1747,0.0,8,Success,Purchase,Naypyidaw,MMK,False
TXN-20240116-0000434,WALL-0025430,MERCH-00270,PM-01,DEV-01,2024-01-16 19:34:35,7.39,0.0,0.0,0,Success,Subscription,Phuket,THB,False
TXN-20240116-0000435,WALL-0146978,MERCH-00384,PM-03,DEV-02,2024-01-16 07:17:54,74.62,0.597,0.0,7,Success,Purchase,Bali,IDR,False
TXN-20240116-0000436,WALL-0016300,MERCH-00463,PM-02,DEV-03,2024-01-16 21:32:24,931.31,1.8626,0.0,0,Pending,Payment,Pathein,MMK,False
TXN-20240116-0000437,WALL-0120066,MERCH-00205,PM-01,DEV-01,2024-01-16 08:35:54,19.68,0.0,0.0,1,Success,Purchase,Myitkyina,MMK,False
TXN-20240116-0000438,WALL-0013570,MERCH-00063,PM-04,DEV-01,2024-01-16 09:08:03,24.96,0.4992,0.4992,2,Success,Purchase,Taunggyi,MMK,False
TXN-20240116-0000439,WALL-0003655,MERCH-00278,PM-05,DEV-02,2024-01-16 06:42:36,101.0,0.0,8.0796,20,Success,Purchase,Mawlamyine,MMK,False
TXN-20240116-0000440,WALL-0089874,MERCH-00002,PM-02,DEV-01,2024-01-16 15:41:12,8.67,0.0173,0.1733,0,Success,Purchase,Yangon,MMK,False
TXN-20240116-0000441,WALL-0037917,MERCH-00325,PM-01,DEV-01,2024-01-16 17:26:57,70.55,0.0,0.0,7,Success,Bill Payment,Davao,PHP,False
TXN-20240116-0000442,WALL-0116847,MERCH-00083,PM-04,DEV-02,2024-01-16 11:40:34,68.62,1.3723,0.0,6,Success,Purchase,Mandalay,MMK,False
TXN-20240116-0000443,WALL-0059554,MERCH-00382,PM-01,DEV-01,2024-01-16 09:49:41,94.87,0.0,0.0,9,Success,Purchase,Quezon City,PHP,False
TXN-20240116-0000444,WALL-0058562,MERCH-00392,PM-01,DEV-02,2024-01-16 00:30:25,77.89,0.0,0.0,7,Success,Purchase,Mandalay,MMK,False
TXN-20240116-0000445,WALL-0096881,MERCH-00064,PM-01,DEV-01,2024-01-16 17:26:49,15.64,0.0,0.3128,1,Success,Purchase,Dhaka,BDT,False
TXN-20240116-0000446,WALL-0065805,MERCH-00017,PM-01,DEV-01,2024-01-16 16:26:22,20.78,0.0,0.4156,2,Success,Purchase,Taunggyi,MMK,False
TXN-20240116-0000447,WALL-0021437,MERCH-00117,PM-03,DEV-01,2024-01-16 16:37:16,29.65,0.2372,0.0,2,Success,Purchase,Mawlamyine,MMK,False
TXN-20240116-0000448,WALL-0132343,MERCH-00199,PM-03,DEV-01,2024-01-16 10:46:35,8.59,0.0688,0.0,0,Success,Purchase,Jakarta,IDR,False
TXN-20240116-0000449,WALL-0116488,MERCH-00019,PM-02,DEV-01,2024-01-16 20:27:50,14.23,0.0285,0.2847,1,Success,Purchase,Ahmedabad,INR,False
TXN-20240116-0000450,WALL-0054332,MERCH-00122,PM-02,DEV-01,2024-01-16 13:07:17,17.28,0.0346,0.0,0,Pending,Purchase,Yangon,MMK,False
TXN-20240116-0000451,WALL-0018046,MERCH-00305,PM-04,DEV-05,2024-01-16 15:19:17,415.58,8.3115,33.2461,83,Success,Purchase,Delhi,INR,False
TXN-20240116-0000452,WALL-0145741,MERCH-00240,PM-01,DEV-01,2024-01-16 23:50:25,40.0,0.0,0.0,4,Success,Subscription,Kolkata,INR,False
TXN-20240116-0000453,WALL-0107791,MERCH-00268,PM-02,DEV-01,2024-01-16 06:17:39,10.51,0.021,0.0,1,Success,Subscription,Pathein,MMK,False
TXN-20240116-0000454,WALL-0087472,MERCH-00015,PM-02,DEV-05,2024-01-16 12:19:48,6.91,0.0138,0.1383,0,Success,Purchase,Pattaya,LKR,False
TXN-20240116-0000455,WALL-0126087,MERCH-00362,PM-05,DEV-04,2024-01-16 15:31:20,89.51,0.0,0.0,8,Success,Bill Payment,Pokhara,NPR,False
TXN-20240116-0000456,WALL-0003187,MERCH-00322,PM-02,DEV-01,2024-01-16 20:34:35,37.45,0.0749,0.0,3,Success,Bill Payment,Hyderabad,INR,False
TXN-20240116-0000457,WALL-0147614,MERCH-00036,PM-03,DEV-01,2024-01-16 10:26:32,18.69,0.1495,0.3738,1,Success,Purchase,Bali,IDR,False
TXN-20240116-0000458,WALL-0132233,MERCH-00147,PM-04,DEV-01,2024-01-16 17:51:23,81.9,1.638,4.0949,8,Success,Purchase,Pathein,MMK,False
TXN-20240116-0000459,WALL-0038167,MERCH-00090,PM-01,DEV-01,2024-01-16 17:36:11,193.86,0.0,0.0,19,Success,Purchase,Hyderabad,INR,False
TXN-20240116-0000460,WALL-0056912,MERCH-00033,PM-01,DEV-01,2024-01-16 12:52:54,28.85,0.0,0.577,2,Success,Purchase,Myitkyina,INR,False
TXN-20240116-0000461,WALL-0104084,MERCH-00181,PM-04,DEV-01,2024-01-16 20:29:35,36.76,0.7352,1.8379,3,Success,Purchase,Mandalay,MMK,False
TXN-20240116-0000462,WALL-0062896,MERCH-00389,PM-03,DEV-01,2024-01-16 19:50:06,54.7,0.4376,0.0,5,Success,Purchase,Manila,PHP,False
TXN-20240116-0000463,WALL-0002357,MERCH-00392,PM-02,DEV-01,2024-01-16 14:45:27,142.08,0.2842,0.0,14,Success,Purchase,Pattaya,PKR,False
TXN-20240116-0000464,WALL-0046965,MERCH-00251,PM-01,DEV-01,2024-01-16 13:49:47,13.68,0.0,0.0,1,Success,Subscription,Mandalay,MMK,False
TXN-20240116-0000465,WALL-0050220,MERCH-00204,PM-02,DEV-01,2024-01-16 16:23:40,5.54,0.0111,0.0,0,Success,Purchase,Jakarta,MMK,False
TXN-20240116-0000466,WALL-0073114,MERCH-00241,PM-04,DEV-05,2024-01-16 18:12:15,9.56,0.1911,0.0,0,Success,Subscription,Mawlamyine,MMK,False
TXN-20240116-0000467,WALL-0120002,MERCH-00136,PM-01,DEV-01,2024-01-16 07:10:20,152.03,0.0,7.6013,15,Success,Purchase,Taunggyi,MMK,False
TXN-20240116-0000468,WALL-0064628,MERCH-00419,PM-02,DEV-05,2024-01-16 16:24:37,26.25,0.0525,0.0,2,Success,Payment,Pathein,MMK,False
TXN-20240116-0000469,WALL-0048847,MERCH-00181,PM-04,DEV-02,2024-01-16 19:53:12,297.56,5.9511,14.8778,29,Success,Purchase,Medan,IDR,False
TXN-20240116-0000470,WALL-0073013,MERCH-00293,PM-03,DEV-05,2024-01-16 07:05:43,1765.58,14.1247,141.2466,353,Success,Purchase,Quezon City,LKR,False
TXN-20240116-0000471,WALL-0119300,MERCH-00391,PM-03,DEV-01,2024-01-16 18:28:38,120.0,0.96,0.0,12,Success,Purchase,Pathein,MMK,False
TXN-20240116-0000472,WALL-0107200,MERCH-00031,PM-03,DEV-02,2024-01-16 12:17:39,27.46,0.2197,0.5493,2,Success,Purchase,Yangon,MMK,False
TXN-20240116-0000473,WALL-0047408,MERCH-00173,PM-03,DEV-01,2024-01-16 16:32:58,31.6,0.2528,1.5798,3,Success,Purchase,Jaipur,INR,False
TXN-20240116-0000474,WALL-0027367,MERCH-00263,PM-01,DEV-01,2024-01-16 17:34:26,11.02,0.0,0.0,1,Success,Subscription,Mawlamyine,MMK,False
TXN-20240116-0000475,WALL-0051596,MERCH-00222,PM-01,DEV-01,2024-01-16 16:02:36,20.53,0.0,0.0,2,Success,Purchase,Penang,MYR,False
TXN-20240116-0000476,WALL-0075025,MERCH-00226,PM-01,DEV-01,2024-01-16 06:35:37,18.0,0.0,0.0,1,Success,Purchase,Myitkyina,MMK,False
TXN-20240116-0000477,WALL-0046421,MERCH-00349,PM-01,DEV-01,2024-01-16 12:52:47,25.25,0.0,0.0,2,Success,Bill Payment,Bangkok,THB,False
TXN-20240116-0000478,WALL-0050239,MERCH-00060,PM-01,DEV-04,2024-01-16 17:51:16,11.35,0.0,0.2271,1,Success,Purchase,Taunggyi,IDR,False
TXN-20240116-0000479,WALL-0058096,MERCH-00045,PM-03,DEV-02,2024-01-16 13:41:06,24.31,0.1944,0.4861,2,Success,Purchase,Chittagong,BDT,False
TXN-20240116-0000480,WALL-0068085,MERCH-00066,PM-04,DEV-02,2024-01-16 16:55:27,42.0,0.84,0.84,4,Success,Purchase,Lahore,PKR,False
TXN-20240116-0000481,WALL-0107177,MERCH-00276,PM-05,DEV-01,2024-01-16 10:58:21,254.23,0.0,20.3383,50,Success,Purchase,Manila,MMK,False
TXN-20240116-0000482,WALL-0140356,MERCH-00112,PM-04,DEV-01,2024-01-16 12:23:23,86.85,1.737,0.0,0,Failed,Purchase,Da Nang,VND,False
TXN-20240116-0000483,WALL-0002997,MERCH-00011,PM-01,DEV-03,2024-01-16 16:59:36,8.45,0.0,0.169,0,Success,Purchase,Kolkata,INR,False
TXN-20240116-0000484,WALL-0098061,MERCH-00370,PM-03,DEV-02,2024-01-16 16:15:28,37.15,0.2972,0.0,3,Success,Bill Payment,Khon Kaen,MMK,False
TXN-20240116-0000485,WALL-0089978,MERCH-00409,PM-02,DEV-02,2024-01-16 07:08:48,66.76,0.1335,0.0,6,Success,Payment,Quezon City,PHP,False
TXN-20240116-0000486,WALL-0057839,MERCH-00145,PM-04,DEV-02,2024-01-16 20:28:13,197.83,3.9566,9.8915,19,Success,Purchase,Surabaya,IDR,False
TXN-20240116-0000487,WALL-0007840,MERCH-00234,PM-02,DEV-03,2024-01-16 08:04:32,17.98,0.036,0.0,1,Success,Subscription,Karachi,PKR,False
TXN-20240116-0000488,WALL-0069624,MERCH-00138,PM-02,DEV-03,2024-01-16 06:08:42,255.94,0.5119,12.7968,25,Success,Purchase,Phuket,THB,False
TXN-20240116-0000489,WALL-0088019,MERCH-00276,PM-03,DEV-01,2024-01-16 15:02:46,512.11,4.0969,40.9691,102,Success,Purchase,Jaipur,INR,False
TXN-20240116-0000490,WALL-0036676,MERCH-00185,PM-03,DEV-01,2024-01-16 15:39:31,396.1,3.1688,19.8052,39,Success,Purchase,Naypyidaw,MMK,False
TXN-20240116-0000491,WALL-0068128,MERCH-00207,PM-01,DEV-04,2024-01-16 12:29:19,19.75,0.0,0.0,1,Success,Purchase,Karachi,INR,False
TXN-20240116-0000492,WALL-0093490,MERCH-00422,PM-01,DEV-02,2024-01-16 07:24:29,128.01,0.0,0.0,12,Success,Payment,Naypyidaw,THB,False
TXN-20240116-0000493,WALL-0046196,MERCH-00016,PM-04,DEV-01,2024-01-16 00:52:28,15.63,0.3126,0.3126,1,Success,Purchase,Taunggyi,MMK,False
TXN-20240116-0000494,WALL-0062881,MERCH-00124,PM-05,DEV-01,2024-01-16 07:56:38,16.75,0.0,0.0,1,Success,Purchase,Yangon,MYR,False
TXN-20240116-0000495,WALL-0064182,MERCH-00194,PM-01,DEV-01,2024-01-16 17:31:23,8.67,0.0,0.0,0,Success,Purchase,Bago,MMK,False
TXN-20240116-0000496,WALL-0061082,MERCH-00386,PM-04,DEV-02,2024-01-16 13:38:27,31.77,0.6353,0.0,3,Success,Purchase,Myitkyina,MMK,False
TXN-20240116-0000497,WALL-0139063,MERCH-00085,PM-03,DEV-02,2024-01-16 12:11:33,14.51,0.116,0.0,1,Success,Purchase,Mandalay,MMK,False
TXN-20240116-0000498,WALL-0085548,MERCH-00323,PM-02,DEV-04,2024-01-16 06:41:43,123.16,0.2463,0.0,12,Success,Bill Payment,Myitkyina,MMK,False
TXN-20240116-0000499,WALL-0066031,MERCH-00230,PM-03,DEV-01,2024-01-16 18:59:43,5.0,0.04,0.0,0,Success,Purchase,Kuala Lumpur,MYR,False
TXN-20240116-0000500,WALL-0131901,MERCH-00245,PM-01,DEV-01,2024-01-16 08:03:03,17.82,0.0,0.0,1,Success,Subscription,Bago,MMK,False
TXN-20240116-0000501,WALL-0059554,MERCH-00175,PM-03,DEV-01,2024-01-16 12:41:38,97.0,0.776,4.8502,9,Success,Purchase,Medan,PHP,False
TXN-20240116-0000502,WALL-0042699,MERCH-00098,PM-01,DEV-05,2024-01-16 13:22:49,44.61,0.0,0.0,4,Success,Purchase,Hanoi,THB,False
TXN-20240116-0000503,WALL-0079244,MERCH-00206,PM-02,DEV-03,2024-01-16 13:47:20,15.04,0.0301,0.0,1,Success,Purchase,Karachi,PKR,False
TXN-20240116-0000504,WALL-0017258,MERCH-00128,PM-01,DEV-01,2024-01-16 12:55:50,46.57,0.0,0.0,4,Success,Purchase,Pattaya,SGD,False
TXN-20240116-0000505,WALL-0090662,MERCH-00339,PM-02,DEV-05,2024-01-16 12:07:06,48.89,0.0978,0.0,4,Success,Bill Payment,Surabaya,MMK,False
TXN-20240116-0000506,WALL-0139361,MERCH-00228,PM-01,DEV-01,2024-01-16 10:12:59,7.52,0.0,0.0,0,Success,Purchase,Mandalay,MMK,False
TXN-20240116-0000507,WALL-0078742,MERCH-00156,PM-01,DEV-01,2024-01-16 20:42:55,560.5,0.0,28.0252,56,Success,Purchase,Surabaya,IDR,False
TXN-20240116-0000508,WALL-0031420,MERCH-00438,PM-01,DEV-01,2024-01-16 19:39:39,421.08,0.0,0.0,42,Success,Tax Payment,Penang,SGD,False
TXN-20240116-0000509,WALL-0045664,MERCH-00283,PM-01,DEV-01,2024-01-16 21:53:18,757.86,0.0,60.6291,151,Success,Purchase,Jakarta,IDR,False
TXN-20240116-0000510,WALL-0125596,MERCH-00273,PM-01,DEV-02,2024-01-16 18:23:27,148.94,0.0,11.9152,29,Success,Purchase,Jaipur,INR,False
TXN-20240116-0000511,WALL-0122429,MERCH-00087,PM-03,DEV-01,2024-01-16 21:30:46,18.41,0.1473,0.0,1,Success,Purchase,Mandalay,MMK,False
TXN-20240116-0000512,WALL-0063298,MERCH-00374,PM-03,DEV-01,2024-01-16 20:23:44,68.8,0.5504,0.0,6,Success,Purchase,Yangon,MMK,False
TXN-20240116-0000513,WALL-0136890,MERCH-00073,PM-01,DEV-02,2024-01-16 14:36:34,10.71,0.0,0.2142,1,Success,Purchase,Bali,INR,False
TXN-20240116-0000514,WALL-0072935,MERCH-00003,PM-01,DEV-01,2024-01-16 14:38:52,30.56,0.0,0.6111,3,Success,Purchase,Bangalore,INR,False
TXN-20240116-0000515,WALL-0071736,MERCH-00052,PM-01,DEV-01,2024-01-16 18:01:22,15.16,0.0,0.3032,1,Success,Purchase,Medan,IDR,False
TXN-20240116-0000516,WALL-0144254,MERCH-00036,PM-01,DEV-01,2024-01-16 16:28:45,7.47,0.0,0.1493,0,Success,Purchase,Mumbai,INR,False
TXN-20240116-0000517,WALL-0046894,MERCH-00126,PM-04,DEV-03,2024-01-16 14:45:53,65.84,1.3168,0.0,6,Success,Purchase,Kandy,LKR,False
TXN-20240116-0000518,WALL-0139297,MERCH-00236,PM-02,DEV-01,2024-01-16 19:09:46,10.9,0.0218,0.0,1,Success,Subscription,Johor Bahru,MYR,False
TXN-20240116-0000519,WALL-0066322,MERCH-00201,PM-02,DEV-01,2024-01-16 14:41:43,12.49,0.025,0.0,1,Success,Purchase,Bangkok,THB,False
TXN-20240116-0000520,WALL-0006098,MERCH-00394,PM-04,DEV-02,2024-01-16 14:40:14,85.16,1.7033,0.0,8,Success,Purchase,Yangon,MMK,False
TXN-20240116-0000521,WALL-0127051,MERCH-00093,PM-03,DEV-03,2024-01-16 08:30:55,24.75,0.198,0.0,2,Success,Purchase,Surabaya,IDR,False
TXN-20240116-0000522,WALL-0039916,MERCH-00489,PM-01,DEV-01,2024-01-16 19:41:33,2068.57,0.0,0.0,206,Success,Payment,Dhaka,BDT,False
TXN-20240116-0000523,WALL-0093061,MERCH-00329,PM-03,DEV-01,2024-01-16 12:35:19,98.4,0.7872,0.0,9,Success,Bill Payment,Hanoi,VND,False
TXN-20240116-0000524,WALL-0086054,MERCH-00084,PM-04,DEV-02,2024-01-16 06:49:21,12.21,0.2441,0.0,1,Success,Purchase,Chittagong,BDT,False
TXN-20240116-0000525,WALL-0052072,MERCH-00059,PM-01,DEV-03,2024-01-16 13:48:59,5.79,0.0,0.1158,0,Success,Purchase,Pune,INR,False
TXN-20240116-0000526,WALL-0039356,MERCH-00110,PM-04,DEV-02,2024-01-16 16:38:20,39.57,0.7914,0.0,3,Success,Purchase,Ahmedabad,THB,False
TXN-20240116-0000527,WALL-0032201,MERCH-00112,PM-04,DEV-05,2024-01-16 10:59:31,26.71,0.5342,0.0,2,Success,Purchase,Mawlamyine,MMK,False
TXN-20240116-0000528,WALL-0113208,MERCH-00067,PM-01,DEV-03,2024-01-16 18:21:13,16.4,0.0,0.3281,1,Success,Purchase,Myitkyina,MMK,False
TXN-20240116-0000529,WALL-0047500,MERCH-00212,PM-01,DEV-01,2024-01-16 14:09:02,6.87,0.0,0.0,0,Success,Purchase,Johor Bahru,MYR,False
TXN-20240116-0000530,WALL-0100410,MERCH-00361,PM-02,DEV-01,2024-01-16 17:00:13,35.66,0.0713,0.0,3,Success,Bill Payment,Penang,KHR,False
TXN-20240116-0000531,WALL-0126598,MERCH-00048,PM-04,DEV-02,2024-01-16 13:00:45,6.6,0.132,0.132,0,Success,Purchase,Surabaya,IDR,False
TXN-20240116-0000532,WALL-0003508,MERCH-00030,PM-04,DEV-02,2024-01-16 20:44:10,9.75,0.195,0.195,0,Success,Purchase,Mandalay,MMK,False
TXN-20240116-0000533,WALL-0074977,MERCH-00085,PM-03,DEV-03,2024-01-16 18:51:00,46.67,0.3734,0.0,4,Success,Purchase,Medan,IDR,False
TXN-20240116-0000534,WALL-0032305,MERCH-00002,PM-01,DEV-02,2024-01-16 14:43:54,60.21,0.0,1.2042,6,Success,Purchase,Colombo,LKR,False
TXN-20240116-0000535,WALL-0026542,MERCH-00484,PM-03,DEV-02,2024-01-16 19:11:45,688.49,5.5079,0.0,68,Success,Payment,Ahmedabad,MMK,False
TXN-20240116-0000536,WALL-0061596,MERCH-00113,PM-02,DEV-02,2024-01-16 19:22:09,94.22,0.1884,0.0,9,Success,Purchase,Islamabad,PKR,False
TXN-20240116-0000537,WALL-0124008,MERCH-00032,PM-05,DEV-03,2024-01-16 03:05:56,11.99,0.0,0.2399,1,Success,Purchase,Jaipur,INR,False
TXN-20240116-0000538,WALL-0099249,MERCH-00289,PM-02,DEV-01,2024-01-16 17:23:24,445.18,0.8904,35.6142,89,Success,Purchase,Hyderabad,BDT,False
TXN-20240116-0000539,WALL-0094911,MERCH-00380,PM-04,DEV-02,2024-01-16 18:41:59,93.79,1.8759,0.0,9,Success,Purchase,Pathein,MMK,False
TXN-20240116-0000540,WALL-0064416,MERCH-00164,PM-01,DEV-01,2024-01-16 21:29:00,271.91,0.0,13.5954,27,Success,Purchase,Myitkyina,MMK,False
TXN-20240116-0000541,WALL-0134811,MERCH-00249,PM-05,DEV-01,2024-01-16 15:07:13,10.07,0.0,0.0,1,Success,Subscription,Pathein,MMK,False
TXN-20240116-0000542,WALL-0137308,MERCH-00378,PM-01,DEV-02,2024-01-16 20:14:25,26.55,0.0,0.0,2,Success,Purchase,Naypyidaw,MMK,False
TXN-20240116-0000543,WALL-0032321,MERCH-00087,PM-04,DEV-01,2024-01-16 16:34:45,157.22,3.1443,0.0,15,Success,Purchase,Yangon,MMK,False
TXN-20240116-0000544,WALL-0112817,MERCH-00204,PM-05,DEV-01,2024-01-16 20:18:21,16.55,0.0,0.0,0,Pending,Purchase,Pokhara,NPR,False
TXN-20240116-0000545,WALL-0088637,MERCH-00061,PM-01,DEV-05,2024-01-16 13:26:24,14.43,0.0,0.2886,1,Success,Purchase,Quezon City,PHP,False
TXN-20240116-0000546,WALL-0117907,MERCH-00365,PM-01,DEV-03,2024-01-16 07:15:59,42.31,0.0,0.0,4,Success,Bill Payment,Pattaya,THB,False
TXN-20240116-0000547,WALL-0071033,MERCH-00492,PM-01,DEV-03,2024-01-16 10:19:26,216.62,0.0,0.0,21,Success,Payment,Jaipur,MMK,False
TXN-20240116-0000548,WALL-0124652,MERCH-00058,PM-02,DEV-01,2024-01-16 18:01:38,11.88,0.0238,0.2375,1,Success,Purchase,Ahmedabad,INR,False
TXN-20240116-0000549,WALL-0141205,MERCH-00160,PM-03,DEV-03,2024-01-16 09:12:57,150.65,1.2052,7.5325,15,Success,Purchase,Mandalay,MMK,False
TXN-20240116-0000550,WALL-0028684,MERCH-00327,PM-03,DEV-03,2024-01-16 18:29:46,44.18,0.3534,0.0,4,Success,Bill Payment,Myitkyina,MMK,False
TXN-20240116-0000551,WALL-0081025,MERCH-00473,PM-03,DEV-01,2024-01-16 18:11:33,68.48,0.5478,0.0,6,Success,Payment,Mawlamyine,MMK,False
TXN-20240116-0000552,WALL-0050540,MERCH-00007,PM-03,DEV-01,2024-01-16 12:01:38,50.2,0.4016,1.0041,5,Success,Purchase,Mandalay,MMK,False
TXN-20240116-0000553,WALL-0143011,MERCH-00086,PM-01,DEV-01,2024-01-16 14:25:56,46.17,0.0,0.0,4,Success,Purchase,Yangon,PHP,False
TXN-20240116-0000554,WALL-0090244,MERCH-00206,PM-01,DEV-01,2024-01-16 15:49:13,5.0,0.0,0.0,0,Success,Purchase,Mawlamyine,MMK,False
TXN-20240116-0000555,WALL-0094142,MERCH-00069,PM-02,DEV-03,2024-01-16 13:27:12,12.01,0.024,0.2402,1,Success,Purchase,Chennai,INR,False
TXN-20240116-0000556,WALL-0093260,MERCH-00330,PM-04,DEV-05,2024-01-16 17:19:57,293.44,5.8687,0.0,0,Reversed,Bill Payment,Kolkata,INR,False
TXN-20240116-0000557,WALL-0060456,MERCH-00189,PM-01,DEV-05,2024-01-16 14:15:17,1132.63,0.0,56.6315,113,Success,Purchase,Phnom Penh,KHR,False
TXN-20240116-0000558,WALL-0016985,MERCH-00215,PM-01,DEV-01,2024-01-16 22:14:13,9.98,0.0,0.0,0,Success,Purchase,Ho Chi Minh City,VND,False
TXN-20240116-0000559,WALL-0112128,MERCH-00355,PM-05,DEV-02,2024-01-16 00:49:47,131.8,0.0,0.0,13,Success,Bill Payment,Singapore,SGD,False
TXN-20240116-0000560,WALL-0066738,MERCH-00263,PM-04,DEV-01,2024-01-16 20:35:03,12.08,0.2417,0.0,1,Success,Subscription,Myitkyina,MMK,False
TXN-20240116-0000561,WALL-0000020,MERCH-00013,PM-05,DEV-01,2024-01-16 18:53:35,21.98,0.0,0.0,0,Pending,Purchase,Dhaka,BDT,False
TXN-20240116-0000562,WALL-0005316,MERCH-00183,PM-01,DEV-01,2024-01-16 13:21:04,120.76,0.0,6.038,12,Success,Purchase,Lahore,PKR,False
TXN-20240116-0000563,WALL-0135847,MERCH-00311,PM-04,DEV-02,2024-01-16 13:55:10,121.1,2.422,0.0,12,Success,Bill Payment,Colombo,MMK,False
TXN-20240116-0000564,WALL-0024615,MERCH-00279,PM-02,DEV-01,2024-01-16 10:11:03,2333.87,4.6677,186.7098,466,Success,Purchase,Yangon,MMK,False
TXN-20240116-0000565,WALL-0146545,MERCH-00388,PM-03,DEV-01,2024-01-16 14:31:33,20.0,0.16,0.0,2,Success,Purchase,Manila,PHP,False
TXN-20240116-0000566,WALL-0056495,MERCH-00262,PM-02,DEV-01,2024-01-16 01:03:11,49.72,0.0994,0.0,4,Success,Subscription,Islamabad,MMK,False
TXN-20240116-0000567,WALL-0069065,MERCH-00012,PM-01,DEV-01,2024-01-16 16:11:31,44.19,0.0,0.8837,4,Success,Purchase,Penang,MYR,False
TXN-20240116-0000568,WALL-0043020,MERCH-00424,PM-03,DEV-03,2024-01-16 19:43:46,254.05,2.0324,0.0,25,Success,Payment,Da Nang,VND,False
TXN-20240116-0000569,WALL-0038345,MERCH-00197,PM-03,DEV-05,2024-01-16 11:56:25,31.29,0.2503,0.0,3,Success,Purchase,Bago,MMK,False
TXN-20240116-0000570,WALL-0097192,MERCH-00153,PM-02,DEV-01,2024-01-16 08:26:04,70.03,0.1401,3.5016,7,Success,Purchase,Bangalore,INR,False
TXN-20240116-0000571,WALL-0087266,MERCH-00380,PM-02,DEV-03,2024-01-16 15:46:33,34.46,0.0689,0.0,3,Success,Purchase,Phuket,THB,False
TXN-20240116-0000572,WALL-0112575,MERCH-00021,PM-03,DEV-01,2024-01-16 13:12:48,26.32,0.2106,0.5264,2,Success,Purchase,Dhaka,BDT,False
TXN-20240116-0000573,WALL-0049497,MERCH-00117,PM-01,DEV-01,2024-01-16 18:13:00,25.53,0.0,0.0,2,Success,Purchase,Myitkyina,MMK,False
TXN-20240116-0000574,WALL-0035783,MERCH-00005,PM-05,DEV-02,2024-01-16 20:35:51,20.75,0.0,0.415,2,Success,Purchase,Kandy,LKR,False
TXN-20240116-0000575,WALL-0013811,MERCH-00345,PM-01,DEV-04,2024-01-16 20:02:45,15.19,0.0,0.0,1,Success,Bill Payment,Da Nang,VND,False
TXN-20240116-0000576,WALL-0074162,MERCH-00114,PM-01,DEV-01,2024-01-16 19:03:32,50.22,0.0,0.0,5,Success,Purchase,Naypyidaw,MMK,False
TXN-20240116-0000577,WALL-0051951,MERCH-00200,PM-02,DEV-02,2024-01-16 19:03:14,18.5,0.037,0.0,1,Success,Purchase,Pattaya,THB,False
TXN-20240116-0000578,WALL-0148633,MERCH-00108,PM-03,DEV-01,2024-01-16 14:45:15,140.0,1.12,0.0,14,Success,Purchase,Yangon,MMK,False
TXN-20240116-0000579,WALL-0080809,MERCH-00311,PM-04,DEV-03,2024-01-16 14:35:37,122.64,2.4528,0.0,12,Success,Bill Payment,Islamabad,IDR,False
TXN-20240116-0000580,WALL-0112477,MERCH-00122,PM-03,DEV-03,2024-01-16 06:29:21,60.3,0.4824,0.0,6,Success,Purchase,Penang,MYR,False
TXN-20240116-0000581,WALL-0082321,MERCH-00374,PM-01,DEV-01,2024-01-16 18:26:24,26.09,0.0,0.0,2,Success,Purchase,Da Nang,MYR,False
TXN-20240116-0000582,WALL-0042210,MERCH-00440,PM-03,DEV-02,2024-01-16 16:37:42,96.6,0.7728,0.0,9,Success,Tax Payment,Phnom Penh,MMK,False
TXN-20240116-0000583,WALL-0032437,MERCH-00317,PM-02,DEV-01,2024-01-16 12:00:12,89.77,0.1795,0.0,8,Success,Bill Payment,Pattaya,THB,False
TXN-20240116-0000584,WALL-0033896,MERCH-00289,PM-02,DEV-01,2024-01-16 18:42:22,379.95,0.7599,30.3962,75,Success,Purchase,Kandy,LKR,False
TXN-20240116-0000585,WALL-0014254,MERCH-00371,PM-02,DEV-01,2024-01-16 06:18:00,20.0,0.04,0.0,2,Success,Purchase,Pathein,MMK,False
TXN-20240116-0000586,WALL-0043368,MERCH-00351,PM-01,DEV-03,2024-01-16 10:34:09,49.8,0.0,0.0,4,Success,Bill Payment,Phuket,THB,False
TXN-20240116-0000587,WALL-0097756,MERCH-00211,PM-04,DEV-02,2024-01-16 20:06:25,12.34,0.2468,0.0,1,Success,Purchase,Chittagong,BDT,False
TXN-20240116-0000588,WALL-0084264,MERCH-00152,PM-01,DEV-01,2024-01-16 15:18:54,165.05,0.0,8.2527,16,Success,Purchase,Phnom Penh,KHR,False
TXN-20240116-0000589,WALL-0075813,MERCH-00205,PM-04,DEV-01,2024-01-16 12:15:07,11.91,0.2382,0.0,1,Success,Purchase,Mandalay,MMK,False
TXN-20240116-0000590,WALL-0000396,MERCH-00252,PM-01,DEV-01,2024-01-16 08:09:06,7.5,0.0,0.0,0,Pending,Subscription,Pathein,MMK,False
TXN-20240116-0000591,WALL-0094785,MERCH-00240,PM-04,DEV-04,2024-01-16 19:12:59,20.29,0.4058,0.0,2,Success,Subscription,Pune,THB,False
TXN-20240116-0000592,WALL-0045564,MERCH-00109,PM-04,DEV-03,2024-01-16 19:32:28,18.01,0.3601,0.0,1,Success,Purchase,Mandalay,MMK,False
TXN-20240116-0000593,WALL-0073452,MERCH-00097,PM-02,DEV-01,2024-01-16 08:44:23,140.0,0.28,0.0,14,Success,Purchase,Myitkyina,MMK,False
TXN-20240116-0000594,WALL-0110246,MERCH-00278,PM-01,DEV-03,2024-01-16 14:27:38,3119.79,0.0,249.5828,623,Success,Purchase,Taunggyi,MMK,False
TXN-20240116-0000595,WALL-0075495,MERCH-00041,PM-02,DEV-01,2024-01-16 20:20:08,9.59,0.0192,0.1919,0,Success,Purchase,Singapore,SGD,False
TXN-20240116-0000596,WALL-0006663,MERCH-00007,PM-02,DEV-01,2024-01-16 12:52:01,23.2,0.0464,0.4641,2,Success,Purchase,Penang,PKR,False
TXN-20240116-0000597,WALL-0143488,MERCH-00185,PM-02,DEV-05,2024-01-16 12:56:37,78.72,0.1574,3.936,7,Success,Purchase,Jaipur,INR,False
TXN-20240116-0000598,WALL-0057288,MERCH-00437,PM-01,DEV-01,2024-01-16 17:52:44,180.72,0.0,0.0,18,Success,Tax Payment,Hyderabad,INR,False
TXN-20240116-0000599,WALL-0100469,MERCH-00018,PM-02,DEV-02,2024-01-16 18:36:40,31.64,0.0633,0.6328,3,Success,Purchase,Chittagong,BDT,False
TXN-20240116-0000600,WALL-0033800,MERCH-00057,PM-03,DEV-01,2024-01-16 23:01:21,63.95,0.5116,1.2791,6,Success,Purchase,Jakarta,KHR,False
TXN-20240116-0000601,WALL-0131566,MERCH-00271,PM-02,DEV-01,2024-01-16 19:25:17,1196.73,2.3935,95.7386,239,Success,Purchase,Colombo,LKR,False
TXN-20240116-0000602,WALL-0070980,MERCH-00435,PM-05,DEV-01,2024-01-16 12:00:16,541.61,0.0,0.0,54,Success,Tax Payment,Bali,IDR,False
TXN-20240116-0000603,WALL-0116696,MERCH-00139,PM-04,DEV-02,2024-01-16 20:44:38,345.9,6.918,17.2949,34,Success,Purchase,Penang,MYR,False
TXN-20240116-0000604,WALL-0083998,MERCH-00042,PM-04,DEV-02,2024-01-16 13:31:54,13.13,0.2626,0.0,0,Pending,Purchase,Myitkyina,VND,False
TXN-20240116-0000605,WALL-0011444,MERCH-00049,PM-04,DEV-01,2024-01-16 13:04:28,44.83,0.8965,0.8965,4,Success,Purchase,Kandy,PHP,False
TXN-20240116-0000606,WALL-0053711,MERCH-00107,PM-01,DEV-01,2024-01-16 16:34:12,33.81,0.0,0.0,3,Success,Purchase,Colombo,LKR,False
TXN-20240116-0000607,WALL-0081964,MERCH-00397,PM-03,DEV-01,2024-01-16 08:25:20,20.0,0.16,0.0,2,Success,Purchase,Ahmedabad,INR,False
TXN-20240116-0000608,WALL-0024287,MERCH-00147,PM-04,DEV-03,2024-01-16 10:38:14,105.95,2.1191,5.2977,10,Success,Purchase,Bago,MMK,False
TXN-20240116-0000609,WALL-0089549,MERCH-00368,PM-01,DEV-01,2024-01-16 22:35:12,30.95,0.0,0.0,3,Success,Bill Payment,Pathein,MMK,False
TXN-20240116-0000610,WALL-0126329,MERCH-00126,PM-01,DEV-01,2024-01-16 02:32:38,69.02,0.0,0.0,6,Success,Purchase,Hyderabad,INR,False
TXN-20240116-0000611,WALL-0120781,MERCH-00392,PM-02,DEV-01,2024-01-16 12:01:11,53.6,0.1072,0.0,5,Success,Purchase,Mawlamyine,MMK,False
TXN-20240116-0000612,WALL-0044368,MERCH-00083,PM-03,DEV-01,2024-01-16 14:39:52,77.63,0.621,0.0,7,Success,Purchase,Surabaya,IDR,False
TXN-20240116-0000613,WALL-0103512,MERCH-00120,PM-02,DEV-01,2024-01-16 13:51:04,96.2,0.1924,0.0,9,Success,Purchase,Dhaka,BDT,False
TXN-20240116-0000614,WALL-0025605,MERCH-00496,PM-01,DEV-03,2024-01-16 19:28:15,50.0,0.0,0.0,5,Success,Payment,Mawlamyine,MMK,False
TXN-20240116-0000615,WALL-0065180,MERCH-00109,PM-01,DEV-05,2024-01-16 17:40:15,20.49,0.0,0.0,2,Success,Purchase,Karachi,PKR,False
TXN-20240116-0000616,WALL-0137154,MERCH-00438,PM-02,DEV-01,2024-01-16 12:03:56,194.14,0.3883,0.0,19,Success,Tax Payment,Kolkata,INR,False
TXN-20240116-0000617,WALL-0134682,MERCH-00006,PM-01,DEV-02,2024-01-16 15:39:35,10.45,0.0,0.2091,1,Success,Purchase,Karachi,PKR,False
TXN-20240116-0000618,WALL-0144185,MERCH-00132,PM-04,DEV-01,2024-01-16 04:54:57,212.04,4.2408,10.602,21,Success,Purchase,Mandalay,MMK,False
TXN-20240116-0000619,WALL-0013362,MERCH-00386,PM-02,DEV-01,2024-01-16 15:51:11,150.34,0.3007,0.0,15,Success,Purchase,Yangon,MMK,False
TXN-20240116-0000620,WALL-0003956,MERCH-00395,PM-01,DEV-04,2024-01-16 21:27:22,30.1,0.0,0.0,3,Success,Purchase,Pokhara,NPR,False
TXN-20240116-0000621,WALL-0143686,MERCH-00107,PM-02,DEV-03,2024-01-16 18:25:55,23.16,0.0463,0.0,2,Success,Purchase,Karachi,PKR,False
TXN-20240116-0000622,WALL-0133482,MERCH-00092,PM-03,DEV-02,2024-01-16 07:50:45,214.64,1.7171,0.0,21,Success,Purchase,Pathein,MMK,False
TXN-20240116-0000623,WALL-0066642,MERCH-00050,PM-04,DEV-01,2024-01-16 13:26:56,51.95,1.0391,0.0,0,Reversed,Purchase,Surabaya,IDR,False
TXN-20240116-0000624,WALL-0078255,MERCH-00462,PM-01,DEV-01,2024-01-16 15:20:10,2071.09,0.0,0.0,207,Success,Payment,Mumbai,INR,False
TXN-20240116-0000625,WALL-0044950,MERCH-00059,PM-04,DEV-04,2024-01-16 21:11:57,7.5,0.15,0.15,0,Success,Purchase,Yangon,MMK,False
TXN-20240116-0000626,WALL-0066017,MERCH-00183,PM-01,DEV-01,2024-01-16 21:10:27,74.04,0.0,3.7021,7,Success,Purchase,Taunggyi,MMK,False
TXN-20240116-0000627,WALL-0059884,MERCH-00464,PM-02,DEV-01,2024-01-16 11:42:28,50.0,0.1,0.0,5,Success,Payment,Pathein,MMK,False
TXN-20240116-0000628,WALL-0074514,MERCH-00091,PM-01,DEV-01,2024-01-16 22:39:11,58.24,0.0,0.0,5,Success,Purchase,Kathmandu,NPR,False
TXN-20240116-0000629,WALL-0094558,MERCH-00437,PM-02,DEV-02,2024-01-16 02:53:04,617.84,1.2357,0.0,61,Success,Tax Payment,Pathein,MMK,False
TXN-20240116-0000630,WALL-0044631,MERCH-00070,PM-01,DEV-01,2024-01-16 20:25:56,57.57,0.0,1.1514,5,Success,Purchase,Islamabad,PKR,False
TXN-20240116-0000631,WALL-0139244,MERCH-00008,PM-01,DEV-01,2024-01-16 17:37:48,22.36,0.0,0.4473,2,Success,Purchase,Delhi,INR,False
TXN-20240116-0000632,WALL-0035702,MERCH-00025,PM-01,DEV-04,2024-01-16 18:38:16,18.1,0.0,0.362,1,Success,Purchase,Khon Kaen,THB,False
TXN-20240116-0000633,WALL-0074081,MERCH-00326,PM-01,DEV-05,2024-01-16 14:43:30,132.36,0.0,0.0,13,Success,Bill Payment,Lahore,INR,False
TXN-20240116-0000634,WALL-0011347,MERCH-00387,PM-01,DEV-02,2024-01-16 09:09:04,91.78,0.0,0.0,9,Success,Purchase,Bangkok,THB,False
TXN-20240116-0000635,WALL-0024966,MERCH-00201,PM-04,DEV-01,2024-01-16 16:34:40,9.09,0.1817,0.0,0,Success,Purchase,Johor Bahru,MYR,False
TXN-20240116-0000636,WALL-0010252,MERCH-00022,PM-04,DEV-01,2024-01-16 13:31:10,9.95,0.199,0.199,0,Success,Purchase,Pattaya,THB,False
TXN-20240116-0000637,WALL-0061101,MERCH-00387,PM-02,DEV-01,2024-01-16 18:47:14,77.41,0.1548,0.0,7,Success,Purchase,Penang,MYR,False
TXN-20240116-0000638,WALL-0083068,MERCH-00222,PM-01,DEV-02,2024-01-16 09:14:05,5.81,0.0,0.0,0,Success,Purchase,Bangalore,INR,False
TXN-20240116-0000639,WALL-0055251,MERCH-00307,PM-04,DEV-01,2024-01-16 20:33:06,2731.7,54.6339,218.5357,546,Success,Purchase,Naypyidaw,MMK,False
TXN-20240116-0000640,WALL-0046410,MERCH-00395,PM-02,DEV-01,2024-01-16 14:22:41,41.95,0.0839,0.0,4,Success,Purchase,Mawlamyine,MMK,False
TXN-20240116-0000641,WALL-0098810,MERCH-00247,PM-01,DEV-05,2024-01-16 21:09:14,12.48,0.0,0.0,1,Success,Subscription,Yangon,MMK,False
TXN-20240116-0000642,WALL-0042243,MERCH-00391,PM-01,DEV-02,2024-01-16 08:11:37,37.52,0.0,0.0,3,Success,Purchase,Colombo,LKR,False
TXN-20240116-0000643,WALL-0133626,MERCH-00260,PM-01,DEV-03,2024-01-16 21:39:20,5.31,0.0,0.0,0,Success,Subscription,Taunggyi,MMK,False
TXN-20240116-0000644,WALL-0044647,MERCH-00142,PM-01,DEV-01,2024-01-16 15:28:10,146.23,0.0,7.3115,14,Success,Purchase,Mandalay,MMK,False
TXN-20240116-0000645,WALL-0040222,MERCH-00463,PM-01,DEV-01,2024-01-16 15:33:33,268.65,0.0,0.0,26,Success,Payment,Mawlamyine,MMK,False
TXN-20240116-0000646,WALL-0039388,MERCH-00191,PM-01,DEV-01,2024-01-16 15:52:11,17.55,0.0,0.0,1,Success,Purchase,Mandalay,MMK,False
TXN-20240116-0000647,WALL-0110510,MERCH-00168,PM-01,DEV-02,2024-01-16 17:53:05,157.01,0.0,7.8505,15,Success,Purchase,Karachi,PKR,False
TXN-20240116-0000648,WALL-0086505,MERCH-00054,PM-01,DEV-01,2024-01-16 01:51:05,8.48,0.0,0.1697,0,Success,Purchase,Colombo,THB,False
TXN-20240116-0000649,WALL-0116331,MERCH-00085,PM-02,DEV-01,2024-01-16 16:29:52,28.49,0.057,0.0,2,Success,Purchase,Phnom Penh,KHR,False
TXN-20240116-0000650,WALL-0040922,MERCH-00254,PM-02,DEV-01,2024-01-16 11:06:19,6.96,0.0139,0.0,0,Success,Subscription,Jaipur,INR,False
TXN-20240116-0000651,WALL-0082763,MERCH-00032,PM-01,DEV-01,2024-01-16 13:36:31,13.59,0.0,0.2718,1,Success,Purchase,Pune,BDT,False
TXN-20240116-0000652,WALL-0095579,MERCH-00417,PM-03,DEV-01,2024-01-16 19:55:51,167.48,1.3398,0.0,16,Success,Payment,Pune,INR,False
TXN-20240116-0000653,WALL-0051983,MERCH-00217,PM-02,DEV-02,2024-01-16 17:59:39,21.15,0.0423,0.0,2,Success,Purchase,Da Nang,VND,False
TXN-20240116-0000654,WALL-0142951,MERCH-00195,PM-01,DEV-03,2024-01-16 14:31:11,12.64,0.0,0.0,1,Success,Purchase,Yangon,MMK,False
TXN-20240116-0000655,WALL-0082303,MERCH-00178,PM-04,DEV-01,2024-01-16 20:01:00,20.0,0.4,1.0,2,Success,Purchase,Hanoi,KHR,False
TXN-20240116-0000656,WALL-0100631,MERCH-00370,PM-01,DEV-01,2024-01-16 17:40:16,53.91,0.0,0.0,5,Success,Bill Payment,Mandalay,MMK,False
TXN-20240116-0000657,WALL-0105680,MERCH-00251,PM-01,DEV-01,2024-01-16 15:44:28,17.53,0.0,0.0,1,Success,Subscription,Taunggyi,MMK,False
TXN-20240116-0000658,WALL-0032988,MERCH-00441,PM-01,DEV-01,2024-01-16 18:51:47,424.15,0.0,0.0,42,Success,Tax Payment,Penang,THB,False
TXN-20240116-0000659,WALL-0025007,MERCH-00415,PM-01,DEV-02,2024-01-16 21:51:08,34.04,0.0,0.0,3,Success,Payment,Jaipur,INR,False
TXN-20240116-0000660,WALL-0088726,MERCH-00311,PM-01,DEV-03,2024-01-16 16:58:14,35.48,0.0,0.0,3,Success,Bill Payment,Delhi,INR,False
TXN-20240116-0000661,WALL-0077164,MERCH-00061,PM-01,DEV-03,2024-01-16 12:41:11,32.1,0.0,0.642,3,Success,Purchase,Mawlamyine,MMK,False
TXN-20240116-0000662,WALL-0125008,MERCH-00364,PM-01,DEV-03,2024-01-16 11:32:17,45.55,0.0,0.0,4,Success,Bill Payment,Mawlamyine,MMK,False
TXN-20240116-0000663,WALL-0097227,MERCH-00210,PM-02,DEV-02,2024-01-16 06:41:30,9.91,0.0198,0.0,0,Success,Purchase,Pathein,MMK,False
TXN-20240116-0000664,WALL-0030628,MERCH-00293,PM-03,DEV-01,2024-01-16 06:37:27,167.69,1.3415,13.4154,33,Success,Purchase,Dhaka,BDT,False
TXN-20240116-0000665,WALL-0004970,MERCH-00090,PM-04,DEV-01,2024-01-16 14:43:50,146.42,2.9285,0.0,14,Success,Purchase,Mandalay,MMK,False
TXN-20240116-0000666,WALL-0039443,MERCH-00096,PM-01,DEV-02,2024-01-16 15:24:58,21.68,0.0,0.0,2,Success,Purchase,Da Nang,MMK,False
TXN-20240116-0000667,WALL-0047593,MERCH-00103,PM-02,DEV-01,2024-01-16 15:53:51,120.25,0.2405,0.0,12,Success,Purchase,Kandy,LKR,False
TXN-20240116-0000668,WALL-0031804,MERCH-00137,PM-04,DEV-02,2024-01-16 11:58:29,72.93,1.4585,3.6463,7,Success,Purchase,Myitkyina,MMK,False
TXN-20240116-0000669,WALL-0140825,MERCH-00235,PM-03,DEV-01,2024-01-16 19:07:05,38.6,0.3088,0.0,3,Success,Subscription,Myitkyina,MMK,False
TXN-20240116-0000670,WALL-0067798,MERCH-00045,PM-01,DEV-02,2024-01-16 01:13:24,24.19,0.0,0.4839,2,Success,Purchase,Mandalay,MMK,False
TXN-20240116-0000671,WALL-0107828,MERCH-00184,PM-01,DEV-03,2024-01-16 18:51:56,367.89,0.0,0.0,0,Failed,Purchase,Phuket,THB,False
TXN-20240116-0000672,WALL-0096438,MERCH-00037,PM-03,DEV-01,2024-01-16 16:41:06,14.61,0.1168,0.2921,1,Success,Purchase,Mandalay,MMK,False
TXN-20240116-0000673,WALL-0123982,MERCH-00253,PM-01,DEV-01,2024-01-16 00:44:09,9.53,0.0,0.0,0,Success,Subscription,Lahore,PKR,False
TXN-20240116-0000674,WALL-0122374,MERCH-00391,PM-03,DEV-01,2024-01-16 18:25:39,43.82,0.3506,0.0,4,Success,Purchase,Myitkyina,MMK,False
TXN-20240116-0000675,WALL-0038796,MERCH-00289,PM-04,DEV-01,2024-01-16 21:01:48,273.55,5.471,21.8841,54,Success,Purchase,Mandalay,MMK,False
TXN-20240116-0000676,WALL-0017069,MERCH-00421,PM-02,DEV-02,2024-01-16 21:44:45,112.81,0.2256,0.0,11,Success,Payment,Jakarta,INR,False
TXN-20240116-0000677,WALL-0022667,MERCH-00366,PM-03,DEV-05,2024-01-16 19:43:50,15.97,0.1278,0.0,1,Success,Bill Payment,Chiang Mai,THB,False
TXN-20240116-0000678,WALL-0145929,MERCH-00042,PM-01,DEV-01,2024-01-16 18:11:49,43.71,0.0,0.8742,4,Success,Purchase,Bago,MMK,False
TXN-20240116-0000679,WALL-0125395,MERCH-00436,PM-01,DEV-01,2024-01-16 15:25:15,107.52,0.0,0.0,10,Success,Tax Payment,Pune,INR,False
TXN-20240116-0000680,WALL-0012633,MERCH-00438,PM-02,DEV-03,2024-01-16 18:44:44,2152.4,4.3048,0.0,215,Success,Tax Payment,Mandalay,MMK,False
TXN-20240116-0000681,WALL-0010287,MERCH-00178,PM-02,DEV-01,2024-01-16 18:16:39,53.11,0.1062,2.6555,5,Success,Purchase,Lahore,PKR,False
TXN-20240116-0000682,WALL-0001763,MERCH-00238,PM-01,DEV-03,2024-01-16 18:28:51,10.64,0.0,0.0,1,Success,Subscription,Karachi,PKR,False
TXN-20240116-0000683,WALL-0113715,MERCH-00046,PM-01,DEV-01,2024-01-16 17:57:24,8.25,0.0,0.165,0,Success,Purchase,Naypyidaw,MMK,False
TXN-20240116-0000684,WALL-0054953,MERCH-00097,PM-01,DEV-02,2024-01-16 20:25:28,48.07,0.0,0.0,4,Success,Purchase,Chittagong,BDT,False
TXN-20240116-0000685,WALL-0070960,MERCH-00032,PM-04,DEV-01,2024-01-16 08:29:35,33.2,0.664,0.664,3,Success,Purchase,Lahore,PKR,False
TXN-20240116-0000686,WALL-0093816,MERCH-00230,PM-04,DEV-03,2024-01-16 19:42:16,28.58,0.5716,0.0,2,Success,Purchase,Islamabad,MMK,False
TXN-20240116-0000687,WALL-0144887,MERCH-00103,PM-03,DEV-01,2024-01-16 12:39:12,98.75,0.79,0.0,9,Success,Purchase,Manila,PHP,False
TXN-20240116-0000688,WALL-0068704,MERCH-00005,PM-01,DEV-01,2024-01-16 12:32:09,36.8,0.0,0.7361,3,Success,Purchase,Yangon,IDR,False
TXN-20240116-0000689,WALL-0127978,MERCH-00045,PM-01,DEV-01,2024-01-16 15:28:56,76.04,0.0,1.5208,7,Success,Purchase,Bago,MMK,False
TXN-20240116-0000690,WALL-0050671,MERCH-00286,PM-01,DEV-04,2024-01-16 14:56:01,400.09,0.0,32.0075,80,Success,Purchase,Hyderabad,INR,False
TXN-20240116-0000691,WALL-0108791,MERCH-00317,PM-04,DEV-01,2024-01-16 16:52:28,145.37,2.9073,0.0,14,Success,Bill Payment,Quezon City,PHP,False
TXN-20240116-0000692,WALL-0143887,MERCH-00132,PM-01,DEV-02,2024-01-16 06:01:12,134.34,0.0,6.7172,13,Success,Purchase,Myitkyina,MMK,False
TXN-20240116-0000693,WALL-0089989,MERCH-00162,PM-01,DEV-01,2024-01-16 17:20:36,339.84,0.0,16.9922,33,Success,Purchase,Singapore,SGD,False
TXN-20240116-0000694,WALL-0147689,MERCH-00475,PM-01,DEV-02,2024-01-16 11:14:15,143.56,0.0,0.0,0,Reversed,Payment,Taunggyi,MMK,False
TXN-20240116-0000695,WALL-0064175,MERCH-00138,PM-01,DEV-01,2024-01-16 23:55:44,199.33,0.0,9.9667,19,Success,Purchase,Johor Bahru,MYR,False
TXN-20240116-0000696,WALL-0144184,MERCH-00371,PM-01,DEV-01,2024-01-16 23:22:02,46.82,0.0,0.0,4,Success,Purchase,Phuket,THB,False
TXN-20240116-0000697,WALL-0115511,MERCH-00085,PM-01,DEV-01,2024-01-16 10:48:39,124.5,0.0,0.0,12,Success,Purchase,Myitkyina,MMK,False
TXN-20240116-0000698,WALL-0104787,MERCH-00352,PM-04,DEV-01,2024-01-16 07:00:03,68.94,1.3787,0.0,6,Success,Bill Payment,Quezon City,MMK,False
TXN-20240116-0000699,WALL-0131619,MERCH-00043,PM-01,DEV-02,2024-01-16 18:41:15,18.15,0.0,0.363,1,Success,Purchase,Naypyidaw,MMK,False
TXN-20240116-0000700,WALL-0090606,MERCH-00053,PM-04,DEV-03,2024-01-16 10:45:52,19.5,0.3899,0.3899,1,Success,Purchase,Yangon,MMK,False
TXN-20240116-0000701,WALL-0059363,MERCH-00256,PM-03,DEV-03,2024-01-16 18:49:36,26.8,0.2144,0.0,2,Success,Subscription,Penang,MMK,False
TXN-20240116-0000702,WALL-0005326,MERCH-00339,PM-03,DEV-01,2024-01-16 15:06:41,43.54,0.3483,0.0,4,Success,Bill Payment,Bandung,IDR,False
TXN-20240116-0000703,WALL-0107714,MERCH-00295,PM-01,DEV-02,2024-01-16 19:32:46,239.38,0.0,19.1505,47,Success,Purchase,Myitkyina,MMK,False
TXN-20240116-0000704,WALL-0146261,MERCH-00370,PM-04,DEV-02,2024-01-16 08:59:14,98.54,1.9708,0.0,9,Success,Bill Payment,Jaipur,INR,False
TXN-20240116-0000705,WALL-0102357,MERCH-00067,PM-01,DEV-02,2024-01-16 17:03:51,12.97,0.0,0.2595,1,Success,Purchase,Myitkyina,MMK,False
TXN-20240116-0000706,WALL-0038420,MERCH-00229,PM-01,DEV-01,2024-01-16 16:28:06,11.44,0.0,0.0,1,Success,Purchase,Pathein,MMK,False
TXN-20240116-0000707,WALL-0129127,MERCH-00082,PM-04,DEV-01,2024-01-16 12:42:17,45.43,0.9086,0.0,4,Success,Purchase,Bago,MMK,False
TXN-20240116-0000708,WALL-0094767,MERCH-00014,PM-03,DEV-01,2024-01-16 17:16:27,13.33,0.1066,0.2665,1,Success,Purchase,Siem Reap,KHR,False
TXN-20240116-0000709,WALL-0111937,MERCH-00342,PM-01,DEV-01,2024-01-16 14:52:54,37.43,0.0,0.0,3,Success,Bill Payment,Mumbai,INR,False
TXN-20240116-0000710,WALL-0072926,MERCH-00379,PM-05,DEV-01,2024-01-16 18:36:01,44.22,0.0,0.0,4,Success,Purchase,Myitkyina,MMK,False
TXN-20240116-0000711,WALL-0104356,MERCH-00221,PM-01,DEV-02,2024-01-16 16:58:10,7.56,0.0,0.0,0,Success,Purchase,Pathein,LKR,False
TXN-20240116-0000712,WALL-0081261,MERCH-00440,PM-01,DEV-02,2024-01-16 09:17:09,213.77,0.0,0.0,21,Success,Tax Payment,Bali,MMK,False
TXN-20240116-0000713,WALL-0045763,MERCH-00156,PM-02,DEV-01,2024-01-16 06:36:16,177.52,0.355,8.8758,17,Success,Purchase,Pokhara,NPR,False
TXN-20240116-0000714,WALL-0090668,MERCH-00298,PM-02,DEV-02,2024-01-16 12:03:27,1656.84,3.3137,132.5473,331,Success,Purchase,Pathein,MMK,False
TXN-20240116-0000715,WALL-0064909,MERCH-00205,PM-03,DEV-01,2024-01-16 06:10:02,21.19,0.1695,0.0,2,Success,Purchase,Hanoi,PKR,False
TXN-20240116-0000716,WALL-0115622,MERCH-00422,PM-02,DEV-03,2024-01-16 10:09:45,148.05,0.2961,0.0,14,Success,Payment,Chiang Mai,THB,False
TXN-20240116-0000717,WALL-0042773,MERCH-00040,PM-01,DEV-04,2024-01-16 21:24:36,29.3,0.0,0.586,2,Success,Purchase,Mawlamyine,MMK,False
TXN-20240116-0000718,WALL-0136012,MERCH-00038,PM-04,DEV-02,2024-01-16 12:26:16,9.61,0.1921,0.1921,0,Success,Purchase,Taunggyi,MMK,False
TXN-20240116-0000719,WALL-0057982,MERCH-00256,PM-04,DEV-03,2024-01-16 12:15:25,15.99,0.3198,0.0,1,Success,Subscription,Pokhara,NPR,False
TXN-20240116-0000720,WALL-0102519,MERCH-00283,PM-03,DEV-02,2024-01-16 13:04:47,519.08,4.1527,41.5267,103,Success,Purchase,Pathein,MMK,False
TXN-20240116-0000721,WALL-0102050,MERCH-00336,PM-03,DEV-01,2024-01-16 08:52:48,224.98,1.7998,0.0,22,Success,Bill Payment,Bago,MMK,False
TXN-20240116-0000722,WALL-0060506,MERCH-00274,PM-03,DEV-01,2024-01-16 07:10:15,100.0,0.8,8.0,20,Success,Purchase,Da Nang,MYR,False
TXN-20240116-0000723,WALL-0052642,MERCH-00249,PM-01,DEV-02,2024-01-16 22:03:10,21.82,0.0,0.0,0,Failed,Subscription,Naypyidaw,MMK,False
TXN-20240116-0000724,WALL-0102318,MERCH-00189,PM-01,DEV-02,2024-01-16 12:23:05,245.29,0.0,12.2643,24,Success,Purchase,Medan,IDR,False
TXN-20240116-0000725,WALL-0050195,MERCH-00097,PM-03,DEV-04,2024-01-16 17:53:42,45.49,0.3639,0.0,4,Success,Purchase,Chittagong,BDT,False
TXN-20240116-0000726,WALL-0142539,MERCH-00045,PM-02,DEV-01,2024-01-16 19:11:39,28.21,0.0564,0.0,0,Failed,Purchase,Bago,MMK,False
TXN-20240116-0000727,WALL-0137681,MERCH-00179,PM-04,DEV-03,2024-01-16 08:34:55,158.57,3.1714,7.9284,15,Success,Purchase,Yangon,MMK,False
TXN-20240116-0000728,WALL-0029814,MERCH-00078,PM-01,DEV-01,2024-01-16 20:15:42,28.67,0.0,0.5734,2,Success,Purchase,Cebu City,PHP,False
TXN-20240116-0000729,WALL-0044130,MERCH-00192,PM-02,DEV-01,2024-01-16 20:07:41,8.09,0.0162,0.0,0,Success,Purchase,Ho Chi Minh City,VND,False
TXN-20240116-0000730,WALL-0145564,MERCH-00136,PM-04,DEV-01,2024-01-16 11:54:52,76.97,1.5394,3.8486,7,Success,Purchase,Siem Reap,KHR,False
TXN-20240116-0000731,WALL-0142335,MERCH-00108,PM-01,DEV-01,2024-01-16 09:12:13,48.33,0.0,0.0,4,Success,Purchase,Mandalay,MMK,False
TXN-20240116-0000732,WALL-0033450,MERCH-00274,PM-01,DEV-01,2024-01-16 14:20:48,446.99,0.0,35.7588,89,Success,Purchase,Kolkata,INR,False
TXN-20240116-0000733,WALL-0119221,MERCH-00319,PM-03,DEV-02,2024-01-16 14:12:38,109.17,0.8734,0.0,10,Success,Bill Payment,Mawlamyine,MMK,False
TXN-20240116-0000734,WALL-0034911,MERCH-00207,PM-04,DEV-01,2024-01-16 14:37:29,7.65,0.1529,0.0,0,Success,Purchase,Pokhara,NPR,False
TXN-20240116-0000735,WALL-0054585,MERCH-00440,PM-01,DEV-03,2024-01-16 13:21:25,1272.19,0.0,0.0,127,Success,Tax Payment,Taunggyi,MMK,False
TXN-20240116-0000736,WALL-0096640,MERCH-00493,PM-03,DEV-02,2024-01-16 10:29:45,131.54,1.0524,0.0,13,Success,Payment,Kuala Lumpur,MYR,False
TXN-20240116-0000737,WALL-0088984,MERCH-00470,PM-04,DEV-03,2024-01-16 10:07:09,490.73,9.8146,0.0,0,Failed,Payment,Kandy,LKR,False
TXN-20240116-0000738,WALL-0142293,MERCH-00373,PM-01,DEV-03,2024-01-16 17:42:33,20.05,0.0,0.0,2,Success,Purchase,Taunggyi,MMK,False
TXN-20240116-0000739,WALL-0127668,MERCH-00075,PM-02,DEV-01,2024-01-16 15:00:54,15.44,0.0309,0.3088,1,Success,Purchase,Hanoi,VND,False
TXN-20240116-0000740,WALL-0107015,MERCH-00387,PM-01,DEV-02,2024-01-16 15:42:21,37.99,0.0,0.0,3,Success,Purchase,Kandy,LKR,False
TXN-20240116-0000741,WALL-0149360,MERCH-00220,PM-03,DEV-02,2024-01-16 16:17:19,6.02,0.0482,0.0,0,Success,Purchase,Mandalay,MMK,False
TXN-20240116-0000742,WALL-0119489,MERCH-00034,PM-01,DEV-01,2024-01-16 13:54:25,15.03,0.0,0.3006,1,Success,Purchase,Chiang Mai,LKR,False
TXN-20240116-0000743,WALL-0128844,MERCH-00077,PM-02,DEV-01,2024-01-16 18:42:37,64.14,0.1283,0.0,0,Reversed,Purchase,Dhaka,BDT,False
TXN-20240116-0000744,WALL-0013847,MERCH-00075,PM-03,DEV-01,2024-01-16 16:10:18,28.65,0.2292,0.573,2,Success,Purchase,Bangalore,INR,False
TXN-20240116-0000745,WALL-0019230,MERCH-00116,PM-01,DEV-01,2024-01-16 20:49:17,29.42,0.0,0.0,2,Success,Purchase,Myitkyina,MMK,False
TXN-20240116-0000746,WALL-0098092,MERCH-00140,PM-04,DEV-03,2024-01-16 11:40:51,34.84,0.6967,1.7418,3,Success,Purchase,Surabaya,INR,False
TXN-20240116-0000747,WALL-0050098,MERCH-00007,PM-02,DEV-01,2024-01-16 18:03:57,29.95,0.0599,0.5989,2,Success,Purchase,Da Nang,VND,False
TXN-20240116-0000748,WALL-0035906,MERCH-00094,PM-01,DEV-01,2024-01-16 14:04:43,54.36,0.0,0.0,5,Success,Purchase,Phuket,THB,False
TXN-20240116-0000749,WALL-0099592,MERCH-00028,PM-01,DEV-02,2024-01-16 14:00:50,6.27,0.0,0.1255,0,Success,Purchase,Bangalore,VND,False
TXN-20240116-0000750,WALL-0023646,MERCH-00113,PM-02,DEV-05,2024-01-16 04:22:31,42.81,0.0856,0.0,4,Success,Purchase,Lahore,PKR,False
TXN-20240116-0000751,WALL-0005692,MERCH-00125,PM-02,DEV-01,2024-01-16 21:02:56,45.66,0.0913,0.0,4,Success,Purchase,Kuala Lumpur,MYR,False
TXN-20240116-0000752,WALL-0046627,MERCH-00338,PM-03,DEV-01,2024-01-16 16:22:38,78.51,0.6281,0.0,7,Success,Bill Payment,Mandalay,MMK,False
TXN-20240116-0000753,WALL-0082075,MERCH-00350,PM-01,DEV-01,2024-01-16 15:18:35,40.48,0.0,0.0,4,Success,Bill Payment,Mandalay,MMK,False
TXN-20240116-0000754,WALL-0071620,MERCH-00231,PM-01,DEV-01,2024-01-16 10:05:43,13.29,0.0,0.0,1,Success,Subscription,Bago,MMK,False
TXN-20240116-0000755,WALL-0142989,MERCH-00383,PM-01,DEV-02,2024-01-16 06:31:10,40.05,0.0,0.0,4,Success,Purchase,Pune,INR,False
TXN-20240116-0000756,WALL-0148981,MERCH-00397,PM-02,DEV-02,2024-01-16 13:46:06,101.3,0.2026,0.0,10,Success,Purchase,Quezon City,PHP,False
TXN-20240116-0000757,WALL-0147692,MERCH-00241,PM-02,DEV-02,2024-01-16 17:13:03,22.17,0.0443,0.0,2,Success,Subscription,Manila,PHP,False
TXN-20240116-0000758,WALL-0038219,MERCH-00312,PM-04,DEV-02,2024-01-16 00:00:44,112.77,2.2554,0.0,0,Failed,Bill Payment,Bago,MMK,False
TXN-20240116-0000759,WALL-0127104,MERCH-00043,PM-02,DEV-02,2024-01-16 07:04:43,52.54,0.1051,1.0508,5,Success,Purchase,Colombo,PKR,False
TXN-20240116-0000760,WALL-0093407,MERCH-00058,PM-03,DEV-02,2024-01-16 03:23:43,10.6,0.0848,0.212,1,Success,Purchase,Pattaya,THB,False
TXN-20240116-0000761,WALL-0123879,MERCH-00400,PM-02,DEV-01,2024-01-16 17:21:07,78.6,0.1572,0.0,7,Success,Purchase,Kathmandu,NPR,False
TXN-20240116-0000762,WALL-0061702,MERCH-00119,PM-01,DEV-01,2024-01-16 20:51:22,96.62,0.0,0.0,9,Success,Purchase,Naypyidaw,MMK,False
TXN-20240116-0000763,WALL-0022061,MERCH-00027,PM-02,DEV-01,2024-01-16 10:19:01,5.0,0.01,0.1,0,Success,Purchase,Naypyidaw,THB,False
TXN-20240116-0000764,WALL-0115239,MERCH-00116,PM-01,DEV-01,2024-01-16 17:05:10,72.37,0.0,0.0,7,Success,Purchase,Hanoi,VND,False
TXN-20240116-0000765,WALL-0113218,MERCH-00331,PM-02,DEV-02,2024-01-16 12:07:07,74.37,0.1487,0.0,7,Success,Bill Payment,Mawlamyine,MMK,False
TXN-20240116-0000766,WALL-0038954,MERCH-00230,PM-01,DEV-01,2024-01-16 13:04:28,10.43,0.0,0.0,1,Success,Purchase,Lahore,PKR,False
TXN-20240116-0000767,WALL-0036282,MERCH-00304,PM-01,DEV-05,2024-01-16 14:29:50,1420.97,0.0,113.6776,284,Success,Purchase,Karachi,PKR,False
TXN-20240116-0000768,WALL-0002686,MERCH-00216,PM-03,DEV-01,2024-01-16 21:49:53,19.1,0.1528,0.0,1,Success,Purchase,Myitkyina,MMK,False
TXN-20240116-0000769,WALL-0147745,MERCH-00204,PM-01,DEV-02,2024-01-16 20:01:54,9.26,0.0,0.0,0,Success,Purchase,Kathmandu,NPR,False
TXN-20240116-0000770,WALL-0055043,MERCH-00313,PM-01,DEV-01,2024-01-16 18:09:42,116.19,0.0,0.0,11,Success,Bill Payment,Pathein,MMK,False
TXN-20240116-0000771,WALL-0043392,MERCH-00118,PM-04,DEV-01,2024-01-16 22:55:08,20.41,0.4082,0.0,2,Success,Purchase,Mawlamyine,MMK,False
TXN-20240116-0000772,WALL-0013232,MERCH-00426,PM-01,DEV-04,2024-01-16 08:58:15,56.71,0.0,0.0,5,Success,Payment,Yangon,MMK,False
TXN-20240116-0000773,WALL-0050812,MERCH-00407,PM-02,DEV-01,2024-01-16 18:41:10,56.7,0.1134,0.0,5,Success,Payment,Karachi,MMK,False
TXN-20240116-0000774,WALL-0027230,MERCH-00206,PM-01,DEV-03,2024-01-16 21:36:24,7.78,0.0,0.0,0,Success,Purchase,Bago,MMK,False
TXN-20240116-0000775,WALL-0070974,MERCH-00099,PM-01,DEV-01,2024-01-16 16:57:40,68.4,0.0,0.0,6,Success,Purchase,Mandalay,MMK,False
TXN-20240116-0000776,WALL-0044267,MERCH-00427,PM-02,DEV-01,2024-01-16 21:37:26,58.5,0.117,0.0,5,Success,Payment,Chiang Mai,THB,False
TXN-20240116-0000777,WALL-0133750,MERCH-00445,PM-02,DEV-04,2024-01-16 06:57:09,256.0,0.512,0.0,25,Success,Tax Payment,Pathein,MMK,False
TXN-20240116-0000778,WALL-0074425,MERCH-00125,PM-01,DEV-01,2024-01-16 11:49:04,26.08,0.0,0.0,2,Success,Purchase,Singapore,NPR,False
TXN-20240116-0000779,WALL-0133790,MERCH-00479,PM-01,DEV-01,2024-01-16 00:04:39,265.32,0.0,0.0,26,Success,Payment,Bandung,IDR,False
TXN-20240116-0000780,WALL-0092247,MERCH-00027,PM-02,DEV-02,2024-01-16 12:17:37,24.58,0.0492,0.4915,2,Success,Purchase,Yangon,MMK,False
TXN-20240116-0000781,WALL-0101143,MERCH-00329,PM-01,DEV-04,2024-01-16 17:37:30,239.36,0.0,0.0,23,Success,Bill Payment,Pokhara,NPR,False
TXN-20240116-0000782,WALL-0143890,MERCH-00455,PM-02,DEV-01,2024-01-16 16:48:06,108.04,0.2161,0.0,10,Success,Payment,Bago,MMK,False
TXN-20240116-0000783,WALL-0107653,MERCH-00359,PM-04,DEV-01,2024-01-16 11:19:03,38.88,0.7776,0.0,3,Success,Bill Payment,Yangon,MMK,False
TXN-20240116-0000784,WALL-0103551,MERCH-00172,PM-03,DEV-05,2024-01-16 20:12:47,146.08,1.1686,7.3039,14,Success,Purchase,Mawlamyine,MMK,False
TXN-20240116-0000785,WALL-0028935,MERCH-00200,PM-01,DEV-01,2024-01-16 17:19:44,10.21,0.0,0.0,0,Pending,Purchase,Mawlamyine,MMK,False
TXN-20240116-0000786,WALL-0074205,MERCH-00222,PM-01,DEV-01,2024-01-16 14:42:01,12.36,0.0,0.0,1,Success,Purchase,Colombo,LKR,False
TXN-20240116-0000787,WALL-0052060,MERCH-00380,PM-01,DEV-01,2024-01-16 19:56:55,81.26,0.0,0.0,8,Success,Purchase,Chittagong,BDT,False
TXN-20240116-0000788,WALL-0034153,MERCH-00234,PM-01,DEV-03,2024-01-16 07:25:17,11.76,0.0,0.0,1,Success,Subscription,Karachi,PKR,False
TXN-20240116-0000789,WALL-0006822,MERCH-00373,PM-03,DEV-01,2024-01-16 17:39:23,134.96,1.0797,0.0,13,Success,Purchase,Jaipur,INR,False
TXN-20240116-0000790,WALL-0147775,MERCH-00169,PM-03,DEV-01,2024-01-16 00:45:29,121.09,0.9687,6.0544,12,Success,Purchase,Taunggyi,MMK,False
TXN-20240116-0000791,WALL-0018809,MERCH-00458,PM-05,DEV-03,2024-01-16 06:59:21,88.94,0.0,0.0,8,Success,Payment,Quezon City,PHP,False
TXN-20240116-0000792,WALL-0125011,MERCH-00102,PM-01,DEV-01,2024-01-16 23:43:11,43.02,0.0,0.0,4,Success,Purchase,Hyderabad,INR,False
TXN-20240116-0000793,WALL-0058900,MERCH-00005,PM-01,DEV-01,2024-01-16 11:28:03,14.04,0.0,0.2808,1,Success,Purchase,Ahmedabad,INR,False
TXN-20240116-0000794,WALL-0002408,MERCH-00038,PM-02,DEV-01,2024-01-16 10:29:52,76.82,0.1536,1.5365,7,Success,Purchase,Mawlamyine,MMK,False
TXN-20240116-0000795,WALL-0149966,MERCH-00355,PM-01,DEV-01,2024-01-16 21:30:49,34.39,0.0,0.0,3,Success,Bill Payment,Mawlamyine,MMK,False
TXN-20240116-0000796,WALL-0147067,MERCH-00033,PM-02,DEV-02,2024-01-16 09:10:55,17.78,0.0356,0.3555,1,Success,Purchase,Bago,MMK,False
TXN-20240116-0000797,WALL-0136047,MERCH-00255,PM-02,DEV-01,2024-01-16 14:01:32,29.14,0.0583,0.0,2,Success,Subscription,Pattaya,THB,False
TXN-20240116-0000798,WALL-0033202,MERCH-00276,PM-01,DEV-01,2024-01-16 14:08:00,497.78,0.0,39.8224,99,Success,Purchase,Lahore,PKR,False
TXN-20240116-0000799,WALL-0055786,MERCH-00157,PM-01,DEV-01,2024-01-16 10:02:45,36.26,0.0,1.813,3,Success,Purchase,Lahore,PKR,False
TXN-20240116-0000800,WALL-0091414,MERCH-00193,PM-01,DEV-01,2024-01-16 12:51:29,9.58,0.0,0.0,0,Success,Purchase,Taunggyi,MMK,False
TXN-20240116-0000801,WALL-0105133,MERCH-00403,PM-02,DEV-01,2024-01-16 06:33:50,222.98,0.446,0.0,22,Success,Payment,Chennai,INR,False
TXN-20240116-0000802,WALL-0030925,MERCH-00057,PM-01,DEV-01,2024-01-16 20:58:43,15.89,0.0,0.3178,1,Success,Purchase,Naypyidaw,MMK,False
TXN-20240116-0000803,WALL-0078782,MERCH-00114,PM-01,DEV-01,2024-01-16 05:28:10,153.8,0.0,0.0,15,Success,Purchase,Surabaya,IDR,False
TXN-20240116-0000804,WALL-0054488,MERCH-00228,PM-01,DEV-01,2024-01-16 07:58:13,13.65,0.0,0.0,1,Success,Purchase,Phuket,THB,False
TXN-20240116-0000805,WALL-0070184,MERCH-00411,PM-02,DEV-01,2024-01-16 09:53:30,39.89,0.0798,0.0,3,Success,Payment,Yangon,MMK,False
TXN-20240116-0000806,WALL-0042228,MERCH-00434,PM-04,DEV-01,2024-01-16 13:04:09,563.99,11.2797,0.0,56,Success,Tax Payment,Pokhara,NPR,False
TXN-20240116-0000807,WALL-0028965,MERCH-00301,PM-01,DEV-01,2024-01-16 13:29:23,274.98,0.0,21.9982,54,Success,Purchase,Mandalay,MMK,False
TXN-20240116-0000808,WALL-0016139,MERCH-00378,PM-01,DEV-03,2024-01-16 17:59:22,30.22,0.0,0.0,3,Success,Purchase,Delhi,INR,False
TXN-20240116-0000809,WALL-0067311,MERCH-00240,PM-04,DEV-01,2024-01-16 15:51:43,8.75,0.175,0.0,0,Success,Subscription,Mandalay,MMK,False
TXN-20240116-0000810,WALL-0112235,MERCH-00381,PM-01,DEV-01,2024-01-16 16:37:38,42.23,0.0,0.0,4,Success,Purchase,Mandalay,MMK,False
TXN-20240116-0000811,WALL-0048625,MERCH-00007,PM-03,DEV-02,2024-01-16 12:19:12,10.16,0.0812,0.2031,1,Success,Purchase,Chittagong,BDT,False
TXN-20240116-0000812,WALL-0119227,MERCH-00316,PM-04,DEV-02,2024-01-16 16:14:52,37.43,0.7486,0.0,3,Success,Bill Payment,Mawlamyine,MMK,False
TXN-20240116-0000813,WALL-0041051,MERCH-00219,PM-05,DEV-03,2024-01-16 14:27:27,5.99,0.0,0.0,0,Success,Purchase,Lahore,PKR,False
TXN-20240116-0000814,WALL-0095644,MERCH-00436,PM-04,DEV-01,2024-01-16 16:52:23,50.0,1.0,0.0,5,Success,Tax Payment,Naypyidaw,MMK,False
TXN-20240116-0000815,WALL-0105282,MERCH-00201,PM-02,DEV-01,2024-01-16 15:20:33,21.11,0.0422,0.0,2,Success,Purchase,Pokhara,NPR,False
TXN-20240116-0000816,WALL-0006895,MERCH-00423,PM-01,DEV-01,2024-01-16 16:09:41,75.61,0.0,0.0,7,Success,Payment,Mawlamyine,MMK,False
TXN-20240116-0000817,WALL-0129487,MERCH-00124,PM-02,DEV-03,2024-01-16 15:40:00,36.02,0.072,0.0,3,Success,Purchase,Davao,LKR,False
TXN-20240116-0000818,WALL-0026492,MERCH-00105,PM-02,DEV-02,2024-01-16 12:04:03,35.03,0.0701,0.0,3,Success,Purchase,Manila,PHP,False
TXN-20240116-0000819,WALL-0116959,MERCH-00019,PM-01,DEV-02,2024-01-16 12:57:15,13.11,0.0,0.2621,1,Success,Purchase,Taunggyi,MMK,False
TXN-20240116-0000820,WALL-0027799,MERCH-00043,PM-01,DEV-01,2024-01-16 06:07:22,13.59,0.0,0.2718,1,Success,Purchase,Kandy,MMK,False
TXN-20240116-0000821,WALL-0033454,MERCH-00087,PM-03,DEV-03,2024-01-16 07:12:29,29.63,0.237,0.0,2,Success,Purchase,Bangkok,THB,False
TXN-20240116-0000822,WALL-0058288,MERCH-00021,PM-04,DEV-01,2024-01-16 20:28:36,20.85,0.417,0.417,2,Success,Purchase,Singapore,SGD,False
TXN-20240116-0000823,WALL-0085937,MERCH-00032,PM-01,DEV-03,2024-01-16 19:35:11,13.83,0.0,0.2766,1,Success,Purchase,Manila,MYR,False
TXN-20240116-0000824,WALL-0053440,MERCH-00293,PM-01,DEV-01,2024-01-16 16:28:42,316.85,0.0,25.3483,63,Success,Purchase,Taunggyi,MMK,False
TXN-20240116-0000825,WALL-0021120,MERCH-00390,PM-02,DEV-01,2024-01-16 14:45:46,63.82,0.1276,0.0,6,Success,Purchase,Manila,PHP,False
TXN-20240116-0000826,WALL-0012613,MERCH-00117,PM-03,DEV-03,2024-01-16 21:18:31,30.32,0.2425,0.0,3,Success,Purchase,Manila,PHP,False
TXN-20240116-0000827,WALL-0008936,MERCH-00150,PM-05,DEV-04,2024-01-16 15:11:43,28.28,0.0,1.4139,2,Success,Purchase,Bali,IDR,False
TXN-20240116-0000828,WALL-0089203,MERCH-00048,PM-01,DEV-01,2024-01-16 12:38:28,19.14,0.0,0.3828,1,Success,Purchase,Mawlamyine,MMK,False
TXN-20240116-0000829,WALL-0008468,MERCH-00194,PM-03,DEV-02,2024-01-16 08:57:35,27.07,0.2165,0.0,0,Pending,Purchase,Bangkok,MMK,False
TXN-20240116-0000830,WALL-0034794,MERCH-00109,PM-01,DEV-03,2024-01-16 16:29:48,36.78,0.0,0.0,3,Success,Purchase,Cebu City,MYR,False
TXN-20240116-0000831,WALL-0095326,MERCH-00450,PM-04,DEV-01,2024-01-16 12:34:55,121.62,2.4325,0.0,12,Success,Tax Payment,Surabaya,IDR,False
TXN-20240116-0000832,WALL-0072986,MERCH-00070,PM-03,DEV-03,2024-01-16 14:49:04,13.32,0.1066,0.2664,1,Success,Purchase,Pune,INR,False
TXN-20240116-0000833,WALL-0011438,MERCH-00052,PM-05,DEV-02,2024-01-16 19:19:20,5.54,0.0,0.1109,0,Success,Purchase,Mandalay,MMK,False
TXN-20240116-0000834,WALL-0042595,MERCH-00262,PM-03,DEV-04,2024-01-16 14:43:26,15.35,0.1228,0.0,1,Success,Subscription,Cebu City,PHP,False
TXN-20240116-0000835,WALL-0146580,MERCH-00067,PM-01,DEV-01,2024-01-16 10:51:41,26.66,0.0,0.5332,2,Success,Purchase,Yangon,MMK,False
TXN-20240116-0000836,WALL-0009984,MERCH-00123,PM-01,DEV-01,2024-01-16 17:27:32,60.71,0.0,0.0,6,Success,Purchase,Bandung,INR,False
TXN-20240116-0000837,WALL-0034014,MERCH-00285,PM-02,DEV-03,2024-01-16 19:32:01,100.0,0.2,8.0,20,Success,Purchase,Pathein,MMK,False
TXN-20240116-0000838,WALL-0013778,MERCH-00388,PM-05,DEV-02,2024-01-16 12:34:04,60.44,0.0,0.0,6,Success,Purchase,Kuala Lumpur,MYR,False
TXN-20240116-0000839,WALL-0008742,MERCH-00397,PM-02,DEV-01,2024-01-16 07:55:28,20.0,0.04,0.0,2,Success,Purchase,Mawlamyine,MMK,False
TXN-20240116-0000840,WALL-0114819,MERCH-00121,PM-02,DEV-02,2024-01-16 07:18:35,105.52,0.211,0.0,10,Success,Purchase,Manila,PHP,False
TXN-20240116-0000841,WALL-0086528,MERCH-00444,PM-03,DEV-02,2024-01-16 21:54:48,50.0,0.4,0.0,5,Success,Tax Payment,Pathein,MMK,False
TXN-20240116-0000842,WALL-0081880,MERCH-00173,PM-03,DEV-01,2024-01-16 12:27:54,200.42,1.6034,10.0211,20,Success,Purchase,Islamabad,PKR,False
TXN-20240116-0000843,WALL-0133204,MERCH-00306,PM-01,DEV-03,2024-01-16 09:42:17,1607.38,0.0,128.5904,321,Success,Purchase,Bandung,IDR,False
TXN-20240116-0000844,WALL-0134843,MERCH-00070,PM-01,DEV-01,2024-01-16 12:25:58,13.79,0.0,0.2759,1,Success,Purchase,Bandung,IDR,False
TXN-20240116-0000845,WALL-0125996,MERCH-00128,PM-04,DEV-01,2024-01-16 18:56:39,22.18,0.4435,0.0,2,Success,Purchase,Bangkok,THB,False
TXN-20240116-0000846,WALL-0003283,MERCH-00251,PM-02,DEV-01,2024-01-16 20:12:22,9.66,0.0193,0.0,0,Success,Subscription,Myitkyina,MMK,False
TXN-20240116-0000847,WALL-0051570,MERCH-00310,PM-01,DEV-03,2024-01-16 14:09:58,3193.95,0.0,255.5163,638,Success,Purchase,Kandy,MMK,False
TXN-20240116-0000848,WALL-0072802,MERCH-00075,PM-01,DEV-03,2024-01-16 18:17:48,19.19,0.0,0.3838,1,Success,Purchase,Surabaya,INR,False
TXN-20240116-0000849,WALL-0024884,MERCH-00346,PM-01,DEV-02,2024-01-16 12:44:46,23.4,0.0,0.0,2,Success,Bill Payment,Bago,MMK,False
TXN-20240116-0000850,WALL-0126482,MERCH-00205,PM-04,DEV-01,2024-01-16 17:58:47,10.71,0.2141,0.0,1,Success,Purchase,Pathein,MMK,False
TXN-20240116-0000851,WALL-0022468,MERCH-00160,PM-02,DEV-05,2024-01-16 13:22:21,102.73,0.2055,5.1363,10,Success,Purchase,Kuala Lumpur,PHP,False
TXN-20240116-0000852,WALL-0082947,MERCH-00185,PM-03,DEV-01,2024-01-16 16:20:32,38.97,0.3117,1.9484,3,Success,Purchase,Pathein,MMK,False
TXN-20240116-0000853,WALL-0055510,MERCH-00332,PM-03,DEV-01,2024-01-16 18:21:32,116.04,0.9284,0.0,11,Success,Bill Payment,Mandalay,MMK,False
TXN-20240116-0000854,WALL-0040798,MERCH-00436,PM-02,DEV-01,2024-01-16 11:31:20,272.43,0.5449,0.0,27,Success,Tax Payment,Ahmedabad,INR,False
TXN-20240116-0000855,WALL-0069690,MERCH-00008,PM-01,DEV-03,2024-01-16 11:33:54,14.06,0.0,0.2813,1,Success,Purchase,Lahore,PKR,False
TXN-20240116-0000856,WALL-0141429,MERCH-00114,PM-04,DEV-01,2024-01-16 19:21:36,70.67,1.4133,0.0,7,Success,Purchase,Siem Reap,PHP,False
TXN-20240116-0000857,WALL-0047635,MERCH-00184,PM-02,DEV-02,2024-01-16 18:29:06,146.65,0.2933,7.3323,14,Success,Purchase,Johor Bahru,MYR,False
TXN-20240116-0000858,WALL-0116567,MERCH-00116,PM-04,DEV-03,2024-01-16 10:34:06,14.47,0.2895,0.0,1,Success,Purchase,Chiang Mai,THB,False
TXN-20240116-0000859,WALL-0023358,MERCH-00122,PM-02,DEV-03,2024-01-16 13:25:08,69.28,0.1386,0.0,6,Success,Purchase,Naypyidaw,MMK,False
TXN-20240116-0000860,WALL-0031812,MERCH-00343,PM-01,DEV-05,2024-01-16 16:41:20,76.06,0.0,0.0,7,Success,Bill Payment,Bangalore,INR,False
TXN-20240116-0000861,WALL-0024217,MERCH-00071,PM-03,DEV-01,2024-01-16 15:01:03,39.38,0.315,0.7876,3,Success,Purchase,Dhaka,IDR,False
TXN-20240116-0000862,WALL-0138358,MERCH-00114,PM-03,DEV-02,2024-01-16 00:18:06,59.92,0.4794,0.0,5,Success,Purchase,Manila,MMK,False
TXN-20240116-0000863,WALL-0074988,MERCH-00097,PM-02,DEV-01,2024-01-16 18:39:45,46.99,0.094,0.0,4,Success,Purchase,Ahmedabad,INR,False
TXN-20240116-0000864,WALL-0010857,MERCH-00140,PM-01,DEV-01,2024-01-16 19:42:52,68.84,0.0,3.4422,6,Success,Purchase,Hyderabad,INR,False
TXN-20240116-0000865,WALL-0039174,MERCH-00371,PM-01,DEV-01,2024-01-16 00:48:59,53.39,0.0,0.0,5,Success,Purchase,Kandy,LKR,False
TXN-20240116-0000866,WALL-0124337,MERCH-00392,PM-01,DEV-02,2024-01-16 22:36:45,20.0,0.0,0.0,2,Success,Purchase,Mandalay,MMK,False
TXN-20240116-0000867,WALL-0116132,MERCH-00213,PM-01,DEV-01,2024-01-16 08:03:26,12.19,0.0,0.0,1,Success,Purchase,Colombo,LKR,False
TXN-20240116-0000868,WALL-0147133,MERCH-00448,PM-03,DEV-02,2024-01-16 05:24:15,457.91,3.6633,0.0,45,Success,Tax Payment,Taunggyi,MMK,False
TXN-20240116-0000869,WALL-0122203,MERCH-00184,PM-02,DEV-03,2024-01-16 08:01:36,163.41,0.3268,8.1705,16,Success,Purchase,Myitkyina,MMK,False
TXN-20240116-0000870,WALL-0000888,MERCH-00229,PM-03,DEV-04,2024-01-16 02:27:40,29.76,0.2381,0.0,2,Success,Purchase,Myitkyina,MMK,False
TXN-20240116-0000871,WALL-0027777,MERCH-00312,PM-03,DEV-03,2024-01-16 18:42:07,65.17,0.5214,0.0,6,Success,Bill Payment,Johor Bahru,MYR,False
TXN-20240116-0000872,WALL-0050482,MERCH-00058,PM-02,DEV-01,2024-01-16 11:24:38,5.0,0.01,0.1,0,Success,Purchase,Jaipur,INR,False
TXN-20240116-0000873,WALL-0136823,MERCH-00123,PM-05,DEV-02,2024-01-16 18:38:07,13.71,0.0,0.0,1,Success,Purchase,Chiang Mai,THB,False
TXN-20240116-0000874,WALL-0148143,MERCH-00384,PM-02,DEV-01,2024-01-16 18:54:11,70.47,0.1409,0.0,7,Success,Purchase,Ahmedabad,INR,False
TXN-20240116-0000875,WALL-0109053,MERCH-00193,PM-01,DEV-02,2024-01-16 18:18:55,8.17,0.0,0.0,0,Success,Purchase,Pathein,MMK,False
TXN-20240116-0000876,WALL-0083728,MERCH-00340,PM-05,DEV-02,2024-01-16 03:04:28,495.0,0.0,0.0,49,Success,Bill Payment,Pathein,MMK,False
TXN-20240116-0000877,WALL-0127828,MERCH-00183,PM-02,DEV-03,2024-01-16 14:32:16,73.17,0.1463,3.6583,7,Success,Purchase,Pathein,MMK,False
TXN-20240116-0000878,WALL-0140521,MERCH-00313,PM-01,DEV-02,2024-01-16 12:45:38,69.03,0.0,0.0,6,Success,Bill Payment,Yangon,MMK,False
TXN-20240116-0000879,WALL-0138532,MERCH-00009,PM-01,DEV-03,2024-01-16 01:10:37,17.49,0.0,0.3498,1,Success,Purchase,Myitkyina,MMK,False
TXN-20240116-0000880,WALL-0034763,MERCH-00418,PM-04,DEV-01,2024-01-16 10:10:00,613.66,12.2731,0.0,0,Reversed,Payment,Mandalay,MMK,False
TXN-20240116-0000881,WALL-0072462,MERCH-00149,PM-02,DEV-01,2024-01-16 21:41:50,186.87,0.3737,9.3436,18,Success,Purchase,Phnom Penh,KHR,False
TXN-20240116-0000882,WALL-0036407,MERCH-00146,PM-01,DEV-04,2024-01-16 06:55:22,122.2,0.0,6.1102,12,Success,Purchase,Karachi,MYR,False
TXN-20240116-0000883,WALL-0112663,MERCH-00067,PM-03,DEV-02,2024-01-16 17:52:02,10.42,0.0833,0.2084,1,Success,Purchase,Islamabad,PKR,False
TXN-20240116-0000884,WALL-0121557,MERCH-00088,PM-05,DEV-02,2024-01-16 01:08:19,101.96,0.0,0.0,0,Reversed,Purchase,Taunggyi,MMK,False
TXN-20240116-0000885,WALL-0072412,MERCH-00068,PM-01,DEV-01,2024-01-16 14:28:05,40.51,0.0,0.8103,4,Success,Purchase,Mandalay,PHP,False
TXN-20240116-0000886,WALL-0128738,MERCH-00075,PM-03,DEV-01,2024-01-16 12:39:11,6.34,0.0507,0.1269,0,Success,Purchase,Taunggyi,MMK,False
TXN-20240116-0000887,WALL-0015952,MERCH-00099,PM-04,DEV-02,2024-01-16 20:34:18,63.08,1.2616,0.0,6,Success,Purchase,Jakarta,IDR,False
TXN-20240116-0000888,WALL-0112102,MERCH-00075,PM-03,DEV-01,2024-01-16 00:49:44,19.06,0.1525,0.3812,1,Success,Purchase,Islamabad,PKR,False
TXN-20240116-0000889,WALL-0048101,MERCH-00048,PM-04,DEV-02,2024-01-16 18:45:26,28.46,0.5692,0.5692,2,Success,Purchase,Bangkok,THB,False
TXN-20240116-0000890,WALL-0029341,MERCH-00115,PM-05,DEV-02,2024-01-16 03:00:03,10.0,0.0,0.0,1,Success,Purchase,Bandung,MMK,False
TXN-20240116-0000891,WALL-0137827,MERCH-00435,PM-01,DEV-05,2024-01-16 13:58:05,364.17,0.0,0.0,36,Success,Tax Payment,Cebu City,KHR,False
TXN-20240116-0000892,WALL-0120660,MERCH-00149,PM-02,DEV-02,2024-01-16 14:45:16,38.19,0.0764,1.9097,3,Success,Purchase,Colombo,VND,False
TXN-20240116-0000893,WALL-0042810,MERCH-00247,PM-01,DEV-04,2024-01-16 14:48:02,22.68,0.0,0.0,2,Success,Subscription,Delhi,INR,False
TXN-20240116-0000894,WALL-0141341,MERCH-00133,PM-02,DEV-02,2024-01-16 19:49:29,44.03,0.0881,2.2013,4,Success,Purchase,Bago,MMK,False
TXN-20240116-0000895,WALL-0032511,MERCH-00453,PM-02,DEV-01,2024-01-16 12:14:58,378.24,0.7565,0.0,37,Success,Payment,Dhaka,BDT,False
TXN-20240116-0000896,WALL-0133489,MERCH-00334,PM-02,DEV-01,2024-01-16 20:15:06,35.78,0.0716,0.0,3,Success,Bill Payment,Dhaka,BDT,False
TXN-20240116-0000897,WALL-0144649,MERCH-00362,PM-02,DEV-03,2024-01-16 12:48:55,95.77,0.1915,0.0,9,Success,Bill Payment,Phuket,THB,False
TXN-20240116-0000898,WALL-0091088,MERCH-00226,PM-01,DEV-01,2024-01-16 13:25:20,15.98,0.0,0.0,1,Success,Purchase,Yangon,MMK,False
TXN-20240116-0000899,WALL-0009329,MERCH-00366,PM-02,DEV-03,2024-01-16 16:20:11,50.36,0.1007,0.0,5,Success,Bill Payment,Pathein,MMK,False
TXN-20240116-0000900,WALL-0002614,MERCH-00055,PM-04,DEV-01,2024-01-16 13:51:08,12.43,0.2487,0.2487,1,Success,Purchase,Myitkyina,MMK,False
TXN-20240116-0000901,WALL-0073412,MERCH-00046,PM-01,DEV-01,2024-01-16 12:15:30,28.5,0.0,0.57,2,Success,Purchase,Taunggyi,MMK,False
TXN-20240116-0000902,WALL-0115628,MERCH-00363,PM-03,DEV-05,2024-01-16 13:29:48,55.63,0.4451,0.0,5,Success,Bill Payment,Taunggyi,MMK,False
TXN-20240116-0000903,WALL-0093919,MERCH-00232,PM-01,DEV-01,2024-01-16 17:46:32,18.2,0.0,0.0,1,Success,Subscription,Mawlamyine,MMK,False
TXN-20240116-0000904,WALL-0105775,MERCH-00084,PM-03,DEV-02,2024-01-16 20:55:27,69.04,0.5523,0.0,6,Success,Purchase,Phuket,THB,False
TXN-20240116-0000905,WALL-0144424,MERCH-00024,PM-02,DEV-01,2024-01-16 08:02:29,13.66,0.0273,0.2732,1,Success,Purchase,Da Nang,VND,False
TXN-20240116-0000906,WALL-0119126,MERCH-00395,PM-01,DEV-04,2024-01-16 05:18:26,140.46,0.0,0.0,14,Success,Purchase,Bali,IDR,False
TXN-20240116-0000907,WALL-0053193,MERCH-00252,PM-03,DEV-03,2024-01-16 19:41:32,22.5,0.18,0.0,2,Success,Subscription,Quezon City,PHP,False
TXN-20240116-0000908,WALL-0025577,MERCH-00225,PM-03,DEV-01,2024-01-16 19:14:55,11.93,0.0955,0.0,1,Success,Purchase,Taunggyi,MMK,False
TXN-20240116-0000909,WALL-0091852,MERCH-00137,PM-02,DEV-01,2024-01-16 14:53:42,58.91,0.1178,2.9454,5,Success,Purchase,Chiang Mai,MMK,False
TXN-20240116-0000910,WALL-0149618,MERCH-00043,PM-04,DEV-01,2024-01-16 13:27:51,16.17,0.3234,0.3234,1,Success,Purchase,Jaipur,INR,False
TXN-20240116-0000911,WALL-0059585,MERCH-00466,PM-03,DEV-02,2024-01-16 17:58:15,83.26,0.6661,0.0,8,Success,Payment,Singapore,SGD,False
TXN-20240116-0000912,WALL-0083266,MERCH-00166,PM-01,DEV-01,2024-01-16 15:09:25,83.08,0.0,4.154,8,Success,Purchase,Karachi,PKR,False
TXN-20240116-0000913,WALL-0088627,MERCH-00305,PM-02,DEV-02,2024-01-16 07:04:50,235.76,0.4715,18.861,47,Success,Purchase,Singapore,MMK,False
TXN-20240116-0000914,WALL-0055202,MERCH-00278,PM-01,DEV-02,2024-01-16 14:33:13,172.86,0.0,13.8289,34,Success,Purchase,Mandalay,MMK,False
TXN-20240116-0000915,WALL-0010721,MERCH-00138,PM-03,DEV-02,2024-01-16 20:43:36,82.72,0.6618,4.136,8,Success,Purchase,Myitkyina,MMK,False
TXN-20240116-0000916,WALL-0008205,MERCH-00078,PM-04,DEV-01,2024-01-16 19:55:47,10.54,0.2109,0.2109,1,Success,Purchase,Myitkyina,MMK,False
TXN-20240116-0000917,WALL-0062695,MERCH-00368,PM-01,DEV-01,2024-01-16 09:14:53,19.78,0.0,0.0,1,Success,Bill Payment,Myitkyina,MMK,False
TXN-20240116-0000918,WALL-0146255,MERCH-00105,PM-01,DEV-02,2024-01-16 19:35:08,211.54,0.0,0.0,21,Success,Purchase,Taunggyi,MMK,False
TXN-20240116-0000919,WALL-0104708,MERCH-00404,PM-04,DEV-01,2024-01-16 14:35:45,133.06,2.6613,0.0,13,Success,Payment,Delhi,INR,False
TXN-20240116-0000920,WALL-0069183,MERCH-00230,PM-04,DEV-01,2024-01-16 20:35:46,17.64,0.3528,0.0,1,Success,Purchase,Manila,MMK,False
TXN-20240116-0000921,WALL-0031064,MERCH-00226,PM-01,DEV-03,2024-01-16 20:58:16,9.61,0.0,0.0,0,Success,Purchase,Mandalay,MMK,False
TXN-20240116-0000922,WALL-0067878,MERCH-00466,PM-01,DEV-01,2024-01-16 13:33:03,265.94,0.0,0.0,26,Success,Payment,Kathmandu,NPR,False
TXN-20240116-0000923,WALL-0138456,MERCH-00181,PM-02,DEV-02,2024-01-16 17:45:35,29.87,0.0597,1.4936,2,Success,Purchase,Jaipur,INR,False
TXN-20240116-0000924,WALL-0102240,MERCH-00328,PM-04,DEV-01,2024-01-16 20:45:02,77.72,1.5543,0.0,7,Success,Bill Payment,Pune,INR,False
TXN-20240116-0000925,WALL-0068499,MERCH-00174,PM-03,DEV-02,2024-01-16 19:07:23,65.87,0.527,3.2937,6,Success,Purchase,Quezon City,INR,False
TXN-20240116-0000926,WALL-0110946,MERCH-00233,PM-03,DEV-01,2024-01-16 19:31:57,14.8,0.1184,0.0,0,Failed,Subscription,Mandalay,KHR,False
TXN-20240116-0000927,WALL-0069584,MERCH-00045,PM-05,DEV-03,2024-01-16 09:18:00,27.73,0.0,0.5547,2,Success,Purchase,Khon Kaen,THB,False
TXN-20240116-0000928,WALL-0053777,MERCH-00398,PM-02,DEV-01,2024-01-16 17:43:25,37.95,0.0759,0.0,3,Success,Purchase,Bago,MMK,False
TXN-20240116-0000929,WALL-0119497,MERCH-00075,PM-01,DEV-02,2024-01-16 20:36:38,8.06,0.0,0.1612,0,Success,Purchase,Davao,KHR,False
TXN-20240116-0000930,WALL-0098217,MERCH-00107,PM-05,DEV-01,2024-01-16 19:03:54,74.13,0.0,0.0,7,Success,Purchase,Medan,IDR,False
TXN-20240116-0000931,WALL-0143363,MERCH-00115,PM-02,DEV-04,2024-01-16 20:49:08,132.24,0.2645,0.0,13,Success,Purchase,Pathein,MMK,False
TXN-20240116-0000932,WALL-0118536,MERCH-00043,PM-04,DEV-02,2024-01-16 07:03:25,11.32,0.2265,0.2265,1,Success,Purchase,Yangon,MMK,False
TXN-20240116-0000933,WALL-0128558,MERCH-00420,PM-01,DEV-02,2024-01-16 04:30:13,44.84,0.0,0.0,4,Success,Payment,Bago,MMK,False
TXN-20240116-0000934,WALL-0108404,MERCH-00340,PM-01,DEV-01,2024-01-16 15:04:49,96.29,0.0,0.0,9,Success,Bill Payment,Jaipur,INR,False
TXN-20240116-0000935,WALL-0042047,MERCH-00424,PM-02,DEV-02,2024-01-16 21:27:31,87.01,0.174,0.0,8,Success,Payment,Penang,PKR,False
TXN-20240116-0000936,WALL-0031422,MERCH-00437,PM-02,DEV-01,2024-01-16 09:21:20,64.06,0.1281,0.0,6,Success,Tax Payment,Pathein,MMK,False
TXN-20240116-0000937,WALL-0059017,MERCH-00035,PM-02,DEV-02,2024-01-16 20:04:35,10.11,0.0202,0.2022,1,Success,Purchase,Bandung,IDR,False
TXN-20240116-0000938,WALL-0055744,MERCH-00387,PM-04,DEV-01,2024-01-16 20:53:53,69.02,1.3805,0.0,6,Success,Purchase,Pathein,MMK,False
TXN-20240116-0000939,WALL-0038241,MERCH-00142,PM-01,DEV-01,2024-01-16 14:31:32,128.13,0.0,6.4066,12,Success,Purchase,Penang,MYR,False
TXN-20240116-0000940,WALL-0105259,MERCH-00009,PM-05,DEV-02,2024-01-16 13:26:34,30.89,0.0,0.6177,3,Success,Purchase,Bangkok,THB,False
TXN-20240116-0000941,WALL-0117975,MERCH-00029,PM-01,DEV-01,2024-01-16 18:16:43,24.6,0.0,0.492,2,Success,Purchase,Myitkyina,MMK,False
TXN-20240116-0000942,WALL-0038775,MERCH-00350,PM-01,DEV-01,2024-01-16 19:35:28,16.09,0.0,0.0,1,Success,Bill Payment,Naypyidaw,MMK,False
TXN-20240116-0000943,WALL-0006180,MERCH-00028,PM-01,DEV-01,2024-01-16 21:00:55,17.14,0.0,0.3428,1,Success,Purchase,Johor Bahru,MYR,False
TXN-20240116-0000944,WALL-0001800,MERCH-00172,PM-01,DEV-03,2024-01-16 14:01:43,20.01,0.0,1.0007,2,Success,Purchase,Hanoi,VND,False
TXN-20240116-0000945,WALL-0069023,MERCH-00294,PM-04,DEV-01,2024-01-16 11:19:34,541.31,10.8262,43.3049,108,Success,Purchase,Pathein,MMK,False
TXN-20240116-0000946,WALL-0074900,MERCH-00084,PM-05,DEV-02,2024-01-16 21:29:53,172.98,0.0,0.0,17,Success,Purchase,Delhi,INR,False
TXN-20240116-0000947,WALL-0044004,MERCH-00385,PM-01,DEV-01,2024-01-16 14:48:26,43.52,0.0,0.0,4,Success,Purchase,Bali,IDR,False
TXN-20240116-0000948,WALL-0148800,MERCH-00115,PM-01,DEV-01,2024-01-16 18:13:24,44.39,0.0,0.0,4,Success,Purchase,Mandalay,MMK,False
TXN-20240116-0000949,WALL-0001828,MERCH-00038,PM-01,DEV-01,2024-01-16 20:28:57,7.94,0.0,0.1588,0,Success,Purchase,Bangkok,THB,False
TXN-20240116-0000950,WALL-0092831,MERCH-00160,PM-04,DEV-03,2024-01-16 14:51:53,132.22,2.6444,6.6109,13,Success,Purchase,Ho Chi Minh City,VND,False
TXN-20240116-0000951,WALL-0017059,MERCH-00235,PM-01,DEV-03,2024-01-16 19:53:32,7.18,0.0,0.0,0,Success,Subscription,Mawlamyine,MMK,False
TXN-20240116-0000952,WALL-0047223,MERCH-00010,PM-03,DEV-02,2024-01-16 19:04:40,80.95,0.6476,1.6191,8,Success,Purchase,Johor Bahru,MYR,False
TXN-20240116-0000953,WALL-0049284,MERCH-00042,PM-03,DEV-02,2024-01-16 16:53:09,37.84,0.3027,0.7568,3,Success,Purchase,Bago,MMK,False
TXN-20240116-0000954,WALL-0117207,MERCH-00081,PM-04,DEV-01,2024-01-16 01:28:41,36.53,0.7306,0.0,3,Success,Purchase,Mandalay,MMK,False
TXN-20240116-0000955,WALL-0048717,MERCH-00150,PM-02,DEV-03,2024-01-16 20:05:05,53.37,0.1067,2.6685,5,Success,Purchase,Bago,MMK,False
TXN-20240116-0000956,WALL-0133251,MERCH-00191,PM-01,DEV-02,2024-01-16 06:28:22,7.93,0.0,0.0,0,Success,Purchase,Pattaya,THB,False
TXN-20240116-0000957,WALL-0028845,MERCH-00005,PM-04,DEV-03,2024-01-16 11:41:36,24.98,0.4995,0.4995,2,Success,Purchase,Kolkata,INR,False
TXN-20240116-0000958,WALL-0093711,MERCH-00018,PM-02,DEV-01,2024-01-16 12:12:00,34.9,0.0698,0.6981,3,Success,Purchase,Pathein,MMK,False
TXN-20240116-0000959,WALL-0128352,MERCH-00074,PM-01,DEV-02,2024-01-16 12:16:10,19.84,0.0,0.3968,1,Success,Purchase,Kuala Lumpur,MYR,False
TXN-20240116-0000960,WALL-0135385,MERCH-00446,PM-04,DEV-02,2024-01-16 12:25:31,452.3,9.046,0.0,45,Success,Tax Payment,Manila,INR,False
TXN-20240116-0000961,WALL-0131987,MERCH-00372,PM-03,DEV-01,2024-01-16 15:59:50,74.36,0.5949,0.0,7,Success,Purchase,Taunggyi,MMK,False
TXN-20240116-0000962,WALL-0037120,MERCH-00471,PM-05,DEV-05,2024-01-16 19:23:37,336.0,0.0,0.0,33,Success,Payment,Pokhara,NPR,False
TXN-20240116-0000963,WALL-0126718,MERCH-00256,PM-03,DEV-04,2024-01-16 15:49:20,10.64,0.0851,0.0,1,Success,Subscription,Surabaya,IDR,False
TXN-20240116-0000964,WALL-0134580,MERCH-00167,PM-01,DEV-02,2024-01-16 13:30:17,164.66,0.0,8.2331,16,Success,Purchase,Hanoi,VND,False
TXN-20240116-0000965,WALL-0066241,MERCH-00022,PM-01,DEV-01,2024-01-16 21:13:54,36.82,0.0,0.7364,3,Success,Purchase,Mandalay,MMK,False
TXN-20240116-0000966,WALL-0014310,MERCH-00197,PM-04,DEV-03,2024-01-16 14:12:45,12.41,0.2481,0.0,1,Success,Purchase,Surabaya,MMK,False
TXN-20240116-0000967,WALL-0039966,MERCH-00325,PM-01,DEV-01,2024-01-16 12:33:46,167.85,0.0,0.0,16,Success,Bill Payment,Medan,IDR,False
TXN-20240116-0000968,WALL-0132441,MERCH-00416,PM-03,DEV-01,2024-01-16 07:00:27,38.19,0.3055,0.0,3,Success,Payment,Kolkata,INR,False
TXN-20240116-0000969,WALL-0089120,MERCH-00003,PM-03,DEV-01,2024-01-16 18:56:56,23.9,0.1912,0.4779,2,Success,Purchase,Mumbai,INR,False
TXN-20240116-0000970,WALL-0120519,MERCH-00384,PM-01,DEV-02,2024-01-16 17:19:23,56.04,0.0,0.0,5,Success,Purchase,Hyderabad,INR,False
TXN-20240116-0000971,WALL-0076553,MERCH-00073,PM-04,DEV-01,2024-01-16 17:33:12,16.54,0.3309,0.3309,1,Success,Purchase,Bangkok,THB,False
TXN-20240116-0000972,WALL-0063682,MERCH-00095,PM-01,DEV-01,2024-01-16 18:28:42,34.94,0.0,0.0,3,Success,Purchase,Dhaka,BDT,False
TXN-20240116-0000973,WALL-0026239,MERCH-00255,PM-01,DEV-01,2024-01-16 03:53:34,7.15,0.0,0.0,0,Success,Subscription,Karachi,PKR,False
TXN-20240116-0000974,WALL-0053283,MERCH-00328,PM-04,DEV-02,2024-01-16 15:01:44,118.73,2.3745,0.0,11,Success,Bill Payment,Bali,IDR,False
TXN-20240116-0000975,WALL-0102796,MERCH-00130,PM-01,DEV-02,2024-01-16 09:17:06,47.04,0.0,0.0,0,Failed,Purchase,Da Nang,MMK,False
TXN-20240116-0000976,WALL-0034165,MERCH-00115,PM-01,DEV-02,2024-01-16 08:14:10,44.29,0.0,0.0,4,Success,Purchase,Yangon,MMK,False
TXN-20240116-0000977,WALL-0066449,MERCH-00048,PM-02,DEV-01,2024-01-16 20:25:00,5.95,0.0119,0.119,0,Success,Purchase,Pattaya,THB,False
TXN-20240116-0000978,WALL-0131398,MERCH-00166,PM-01,DEV-03,2024-01-16 14:33:34,37.31,0.0,1.8655,3,Success,Purchase,Bago,MMK,False
TXN-20240116-0000979,WALL-0057602,MERCH-00340,PM-01,DEV-01,2024-01-16 22:36:58,137.52,0.0,0.0,13,Success,Bill Payment,Naypyidaw,MMK,False
TXN-20240116-0000980,WALL-0049053,MERCH-00177,PM-01,DEV-01,2024-01-16 17:43:23,95.09,0.0,4.7543,9,Success,Purchase,Taunggyi,MMK,False
TXN-20240116-0000981,WALL-0106289,MERCH-00040,PM-02,DEV-04,2024-01-16 19:07:52,16.25,0.0325,0.325,1,Success,Purchase,Mawlamyine,MMK,False
TXN-20240116-0000982,WALL-0115958,MERCH-00170,PM-02,DEV-05,2024-01-16 02:05:33,91.48,0.183,4.5742,9,Success,Purchase,Siem Reap,KHR,False
TXN-20240116-0000983,WALL-0114489,MERCH-00108,PM-01,DEV-01,2024-01-16 00:04:16,13.88,0.0,0.0,1,Success,Purchase,Mandalay,MMK,False
TXN-20240116-0000984,WALL-0011285,MERCH-00051,PM-04,DEV-01,2024-01-16 19:06:05,13.27,0.2654,0.2654,1,Success,Purchase,Pokhara,NPR,False
TXN-20240116-0000985,WALL-0025885,MERCH-00025,PM-02,DEV-01,2024-01-16 14:42:42,7.44,0.0149,0.1489,0,Success,Purchase,Karachi,PKR,False
TXN-20240116-0000986,WALL-0050890,MERCH-00356,PM-01,DEV-01,2024-01-16 16:39:37,49.96,0.0,0.0,4,Success,Bill Payment,Manila,PHP,False
TXN-20240116-0000987,WALL-0057608,MERCH-00149,PM-04,DEV-03,2024-01-16 07:21:39,94.25,1.885,4.7126,9,Success,Purchase,Siem Reap,KHR,False
TXN-20240116-0000988,WALL-0082000,MERCH-00262,PM-01,DEV-01,2024-01-16 09:45:38,20.96,0.0,0.0,2,Success,Subscription,Surabaya,IDR,False
TXN-20240116-0000989,WALL-0038781,MERCH-00144,PM-02,DEV-01,2024-01-16 08:03:33,46.47,0.0929,2.3236,4,Success,Purchase,Karachi,MMK,False
TXN-20240116-0000990,WALL-0037188,MERCH-00083,PM-01,DEV-01,2024-01-16 17:44:40,10.0,0.0,0.0,1,Success,Purchase,Penang,MYR,False
TXN-20240116-0000991,WALL-0110667,MERCH-00373,PM-04,DEV-01,2024-01-16 05:12:58,52.88,1.0575,0.0,0,Failed,Purchase,Karachi,PHP,False
TXN-20240116-0000992,WALL-0008542,MERCH-00419,PM-02,DEV-01,2024-01-16 17:17:14,254.34,0.5087,0.0,0,Failed,Payment,Myitkyina,MMK,False
TXN-20240116-0000993,WALL-0087048,MERCH-00095,PM-01,DEV-01,2024-01-16 22:57:22,27.35,0.0,0.0,2,Success,Purchase,Taunggyi,MMK,False
TXN-20240116-0000994,WALL-0113597,MERCH-00112,PM-03,DEV-01,2024-01-16 20:14:41,15.8,0.1264,0.0,1,Success,Purchase,Pathein,MMK,False
TXN-20240116-0000995,WALL-0149158,MERCH-00102,PM-01,DEV-03,2024-01-16 12:04:52,85.05,0.0,0.0,8,Success,Purchase,Mandalay,MMK,False
TXN-20240116-0000996,WALL-0025559,MERCH-00199,PM-01,DEV-01,2024-01-16 18:11:09,10.1,0.0,0.0,1,Success,Purchase,Naypyidaw,MMK,False
TXN-20240116-0000997,WALL-0126584,MERCH-00139,PM-02,DEV-02,2024-01-16 20:36:32,25.11,0.0502,1.2553,2,Success,Purchase,Pune,BDT,False
TXN-20240116-0000998,WALL-0146757,MERCH-00112,PM-01,DEV-01,2024-01-16 19:29:33,28.68,0.0,0.0,2,Success,Purchase,Medan,IDR,False
TXN-20240116-0000999,WALL-0008649,MERCH-00388,PM-01,DEV-05,2024-01-16 14:42:11,88.58,0.0,0.0,8,Success,Purchase,Yangon,MMK,False
TXN-20240116-0001000,WALL-0070130,MERCH-00378,PM-03,DEV-01,2024-01-16 13:11:12,25.24,0.2019,0.0,2,Success,Purchase,Manila,PHP,False
TXN-20240116-0001001,WALL-0066890,MERCH-00091,PM-02,DEV-03,2024-01-16 08:07:39,47.69,0.0954,0.0,4,Success,Purchase,Da Nang,VND,False
TXN-20240116-0001002,WALL-0079774,MERCH-00126,PM-02,DEV-01,2024-01-16 16:22:53,35.89,0.0718,0.0,3,Success,Purchase,Naypyidaw,MMK,False
TXN-20240116-0001003,WALL-0009451,MERCH-00035,PM-01,DEV-02,2024-01-16 19:44:47,20.88,0.0,0.4175,2,Success,Purchase,Lahore,PKR,False
TXN-20240116-0001004,WALL-0144785,MERCH-00440,PM-03,DEV-01,2024-01-16 14:15:32,1905.43,15.2434,0.0,190,Success,Tax Payment,Bago,MMK,False
TXN-20240116-0001005,WALL-0126151,MERCH-00094,PM-01,DEV-03,2024-01-16 18:39:26,32.73,0.0,0.0,3,Success,Purchase,Yangon,MMK,False
TXN-20240116-0001006,WALL-0029138,MERCH-00214,PM-05,DEV-03,2024-01-16 09:29:32,28.3,0.0,0.0,2,Success,Purchase,Ahmedabad,INR,False
TXN-20240116-0001007,WALL-0065319,MERCH-00130,PM-01,DEV-02,2024-01-16 09:43:32,71.03,0.0,0.0,7,Success,Purchase,Pathein,MMK,False
TXN-20240116-0001008,WALL-0060689,MERCH-00101,PM-03,DEV-01,2024-01-16 21:21:03,200.0,1.6,0.0,20,Success,Purchase,Mandalay,MMK,False
TXN-20240116-0001009,WALL-0047551,MERCH-00483,PM-05,DEV-01,2024-01-16 20:48:03,295.66,0.0,0.0,29,Success,Payment,Taunggyi,MMK,False
TXN-20240116-0001010,WALL-0134366,MERCH-00431,PM-01,DEV-01,2024-01-16 15:13:48,211.58,0.0,0.0,21,Success,Tax Payment,Surabaya,IDR,False
TXN-20240116-0001011,WALL-0114898,MERCH-00388,PM-01,DEV-01,2024-01-16 10:56:29,49.77,0.0,0.0,0,Reversed,Purchase,Kathmandu,THB,False
TXN-20240116-0001012,WALL-0014574,MERCH-00128,PM-02,DEV-01,2024-01-16 19:26:07,26.37,0.0527,0.0,2,Success,Purchase,Bangkok,THB,False
TXN-20240116-0001013,WALL-0042989,MERCH-00345,PM-01,DEV-01,2024-01-16 16:38:54,46.24,0.0,0.0,4,Success,Bill Payment,Pattaya,THB,False
TXN-20240116-0001014,WALL-0103341,MERCH-00274,PM-01,DEV-03,2024-01-16 23:47:51,1769.27,0.0,141.5419,353,Success,Purchase,Mandalay,MMK,False
TXN-20240116-0001015,WALL-0029945,MERCH-00129,PM-03,DEV-02,2024-01-16 20:54:51,28.76,0.2301,0.0,2,Success,Purchase,Penang,MYR,False
TXN-20240116-0001016,WALL-0095375,MERCH-00043,PM-03,DEV-02,2024-01-16 06:33:08,51.06,0.4085,1.0213,5,Success,Purchase,Yangon,MMK,False
TXN-20240116-0001017,WALL-0029935,MERCH-00149,PM-01,DEV-01,2024-01-16 12:06:13,138.42,0.0,6.9208,13,Success,Purchase,Cebu City,PHP,False
TXN-20240116-0001018,WALL-0086067,MERCH-00275,PM-03,DEV-01,2024-01-16 16:36:13,2963.75,23.71,237.0998,592,Success,Purchase,Mawlamyine,MMK,False
TXN-20240116-0001019,WALL-0057897,MERCH-00315,PM-04,DEV-02,2024-01-16 07:37:51,95.37,1.9073,0.0,9,Success,Bill Payment,Myitkyina,MMK,False
TXN-20240116-0001020,WALL-0079300,MERCH-00387,PM-03,DEV-01,2024-01-16 08:31:55,39.56,0.3165,0.0,3,Success,Purchase,Mawlamyine,MMK,False
TXN-20240116-0001021,WALL-0112771,MERCH-00280,PM-02,DEV-01,2024-01-16 01:32:29,515.31,1.0306,41.2252,103,Success,Purchase,Bago,MMK,False
TXN-20240116-0001022,WALL-0012221,MERCH-00063,PM-05,DEV-02,2024-01-16 21:59:28,11.27,0.0,0.2253,1,Success,Purchase,Naypyidaw,MMK,False
TXN-20240116-0001023,WALL-0088154,MERCH-00100,PM-02,DEV-01,2024-01-16 07:18:18,17.98,0.036,0.0,1,Success,Purchase,Taunggyi,MMK,False
TXN-20240116-0001024,WALL-0008131,MERCH-00217,PM-04,DEV-01,2024-01-16 14:43:22,10.15,0.2031,0.0,1,Success,Purchase,Yangon,MMK,False
TXN-20240116-0001025,WALL-0002055,MERCH-00444,PM-03,DEV-01,2024-01-16 16:33:22,81.59,0.6527,0.0,8,Success,Tax Payment,Mandalay,MMK,False
TXN-20240116-0001026,WALL-0079834,MERCH-00384,PM-03,DEV-01,2024-01-16 14:29:16,77.89,0.6232,0.0,7,Success,Purchase,Myitkyina,MMK,False
TXN-20240116-0001027,WALL-0025840,MERCH-00171,PM-01,DEV-02,2024-01-16 15:10:04,229.79,0.0,11.4894,22,Success,Purchase,Myitkyina,MMK,False
TXN-20240116-0001028,WALL-0007536,MERCH-00088,PM-02,DEV-01,2024-01-16 12:49:40,35.91,0.0718,0.0,3,Success,Purchase,Pathein,MMK,False
TXN-20240116-0001029,WALL-0127686,MERCH-00034,PM-02,DEV-01,2024-01-16 14:02:15,15.82,0.0316,0.3164,1,Success,Purchase,Myitkyina,MMK,False
TXN-20240116-0001030,WALL-0029786,MERCH-00401,PM-04,DEV-01,2024-01-16 01:23:50,95.53,1.9105,0.0,9,Success,Payment,Taunggyi,MMK,False
TXN-20240116-0001031,WALL-0034194,MERCH-00058,PM-02,DEV-03,2024-01-16 18:27:59,31.82,0.0636,0.6365,3,Success,Purchase,Taunggyi,MMK,False
TXN-20240116-0001032,WALL-0122261,MERCH-00374,PM-01,DEV-01,2024-01-16 16:29:27,39.28,0.0,0.0,3,Success,Purchase,Singapore,LKR,False
TXN-20240116-0001033,WALL-0096857,MERCH-00272,PM-02,DEV-01,2024-01-16 15:04:45,1452.05,2.9041,116.1641,290,Success,Purchase,Taunggyi,MMK,False
TXN-20240116-0001034,WALL-0079785,MERCH-00264,PM-02,DEV-03,2024-01-16 15:51:10,13.15,0.0263,0.0,1,Success,Subscription,Singapore,SGD,False
TXN-20240116-0001035,WALL-0063422,MERCH-00005,PM-03,DEV-03,2024-01-16 12:52:03,23.4,0.1872,0.4679,2,Success,Purchase,Mawlamyine,MMK,False
TXN-20240116-0001036,WALL-0125451,MERCH-00086,PM-05,DEV-02,2024-01-16 09:28:59,50.93,0.0,0.0,5,Success,Purchase,Penang,MYR,False
TXN-20240116-0001037,WALL-0134007,MERCH-00192,PM-01,DEV-01,2024-01-16 16:22:15,12.51,0.0,0.0,1,Success,Purchase,Bali,IDR,False
TXN-20240116-0001038,WALL-0002882,MERCH-00024,PM-02,DEV-01,2024-01-16 13:45:11,13.63,0.0273,0.2727,1,Success,Purchase,Mawlamyine,MMK,False
TXN-20240116-0001039,WALL-0019125,MERCH-00054,PM-02,DEV-05,2024-01-16 12:22:55,12.85,0.0257,0.257,1,Success,Purchase,Colombo,LKR,False
TXN-20240116-0001040,WALL-0092370,MERCH-00419,PM-01,DEV-03,2024-01-16 22:04:24,29.04,0.0,0.0,2,Success,Payment,Taunggyi,MMK,False
TXN-20240116-0001041,WALL-0031842,MERCH-00402,PM-01,DEV-03,2024-01-16 01:18:27,469.83,0.0,0.0,46,Success,Payment,Taunggyi,MMK,False
TXN-20240116-0001042,WALL-0102608,MERCH-00182,PM-01,DEV-03,2024-01-16 19:28:06,78.82,0.0,3.9409,7,Success,Purchase,Kolkata,MMK,False
TXN-20240116-0001043,WALL-0068063,MERCH-00312,PM-03,DEV-02,2024-01-16 11:19:48,153.93,1.2315,0.0,15,Success,Bill Payment,Taunggyi,PHP,False
TXN-20240116-0001044,WALL-0137621,MERCH-00447,PM-04,DEV-05,2024-01-16 09:17:23,305.02,6.1005,0.0,30,Success,Tax Payment,Yangon,MMK,False
TXN-20240116-0001045,WALL-0113521,MERCH-00145,PM-01,DEV-01,2024-01-16 21:09:54,38.18,0.0,1.9088,3,Success,Purchase,Naypyidaw,MMK,False
TXN-20240116-0001046,WALL-0004557,MERCH-00113,PM-02,DEV-02,2024-01-16 18:33:23,34.57,0.0691,0.0,3,Success,Purchase,Kathmandu,VND,False
TXN-20240116-0001047,WALL-0054086,MERCH-00133,PM-04,DEV-02,2024-01-16 14:14:35,233.02,4.6605,11.6512,23,Success,Purchase,Siem Reap,KHR,False
TXN-20240116-0001048,WALL-0053842,MERCH-00264,PM-02,DEV-01,2024-01-16 18:10:53,21.36,0.0427,0.0,2,Success,Subscription,Naypyidaw,IDR,False
TXN-20240116-0001049,WALL-0104494,MERCH-00412,PM-01,DEV-01,2024-01-16 21:48:38,47.98,0.0,0.0,4,Success,Payment,Taunggyi,MMK,False
TXN-20240116-0001050,WALL-0049613,MERCH-00441,PM-01,DEV-05,2024-01-16 17:08:36,60.35,0.0,0.0,6,Success,Tax Payment,Mandalay,MMK,False
TXN-20240116-0001051,WALL-0135989,MERCH-00071,PM-04,DEV-01,2024-01-16 13:50:26,25.08,0.5016,0.5016,2,Success,Purchase,Chennai,MMK,False
TXN-20240116-0001052,WALL-0072865,MERCH-00005,PM-02,DEV-01,2024-01-16 23:03:34,13.4,0.0268,0.268,1,Success,Purchase,Penang,IDR,False
TXN-20240116-0001053,WALL-0089307,MERCH-00331,PM-02,DEV-01,2024-01-16 11:34:06,183.2,0.3664,0.0,18,Success,Bill Payment,Myitkyina,MMK,False
TXN-20240116-0001054,WALL-0119061,MERCH-00270,PM-04,DEV-01,2024-01-16 14:22:46,7.11,0.1422,0.0,0,Success,Subscription,Chiang Mai,THB,False
TXN-20240116-0001055,WALL-0054815,MERCH-00128,PM-03,DEV-02,2024-01-16 15:34:57,74.05,0.5924,0.0,7,Success,Purchase,Mandalay,MMK,False
TXN-20240116-0001056,WALL-0120052,MERCH-00136,PM-04,DEV-01,2024-01-16 09:48:29,94.94,1.8988,4.7471,9,Success,Purchase,Bangkok,THB,False
TXN-20240116-0001057,WALL-0143528,MERCH-00105,PM-03,DEV-01,2024-01-16 17:51:07,81.83,0.6546,0.0,8,Success,Purchase,Myitkyina,MMK,False
TXN-20240116-0001058,WALL-0062841,MERCH-00128,PM-01,DEV-01,2024-01-16 20:11:08,59.26,0.0,0.0,5,Success,Purchase,Yangon,MMK,False
TXN-20240116-0001059,WALL-0098678,MERCH-00183,PM-02,DEV-01,2024-01-16 17:36:15,37.34,0.0747,1.8668,3,Success,Purchase,Bali,IDR,False
TXN-20240116-0001060,WALL-0104323,MERCH-00021,PM-03,DEV-02,2024-01-16 21:59:22,5.0,0.04,0.1,0,Success,Purchase,Delhi,MMK,False
TXN-20240116-0001061,WALL-0075757,MERCH-00312,PM-02,DEV-02,2024-01-16 18:16:11,105.58,0.2112,0.0,10,Success,Bill Payment,Myitkyina,MMK,False
TXN-20240116-0001062,WALL-0019408,MERCH-00025,PM-03,DEV-01,2024-01-16 14:41:25,26.67,0.2134,0.0,0,Failed,Purchase,Davao,MYR,False
TXN-20240116-0001063,WALL-0097595,MERCH-00065,PM-03,DEV-02,2024-01-16 18:04:16,13.8,0.1104,0.276,1,Success,Purchase,Bago,MMK,False
TXN-20240116-0001064,WALL-0114106,MERCH-00158,PM-04,DEV-01,2024-01-16 10:48:52,143.32,2.8663,7.1658,14,Success,Purchase,Bago,MMK,False
TXN-20240116-0001065,WALL-0057582,MERCH-00137,PM-01,DEV-01,2024-01-16 17:27:38,79.35,0.0,3.9674,7,Success,Purchase,Da Nang,PHP,False
TXN-20240116-0001066,WALL-0036728,MERCH-00199,PM-04,DEV-02,2024-01-16 20:17:15,5.0,0.1,0.0,0,Success,Purchase,Da Nang,VND,False
TXN-20240116-0001067,WALL-0010934,MERCH-00049,PM-01,DEV-02,2024-01-16 16:40:31,28.75,0.0,0.575,2,Success,Purchase,Hyderabad,INR,False
TXN-20240116-0001068,WALL-0144355,MERCH-00009,PM-01,DEV-02,2024-01-16 13:20:04,13.04,0.0,0.2609,1,Success,Purchase,Singapore,SGD,False
TXN-20240116-0001069,WALL-0102909,MERCH-00152,PM-04,DEV-03,2024-01-16 12:09:24,58.26,1.1652,2.9131,5,Success,Purchase,Medan,IDR,False
TXN-20240116-0001070,WALL-0016762,MERCH-00447,PM-02,DEV-01,2024-01-16 18:17:51,79.09,0.1582,0.0,7,Success,Tax Payment,Singapore,SGD,False
TXN-20240116-0001071,WALL-0060894,MERCH-00221,PM-01,DEV-02,2024-01-16 17:46:47,7.85,0.0,0.0,0,Success,Purchase,Bangkok,THB,False
TXN-20240116-0001072,WALL-0036699,MERCH-00289,PM-04,DEV-01,2024-01-16 17:23:43,1255.88,25.1176,100.4702,251,Success,Purchase,Yangon,MMK,False
TXN-20240116-0001073,WALL-0143113,MERCH-00238,PM-01,DEV-01,2024-01-16 16:32:37,16.98,0.0,0.0,1,Success,Subscription,Cebu City,INR,False
TXN-20240116-0001074,WALL-0053481,MERCH-00158,PM-02,DEV-02,2024-01-16 21:52:25,89.79,0.1796,4.4895,8,Success,Purchase,Yangon,MMK,False
TXN-20240116-0001075,WALL-0129104,MERCH-00436,PM-04,DEV-01,2024-01-16 14:08:43,125.85,2.517,0.0,0,Failed,Tax Payment,Kathmandu,INR,False
TXN-20240116-0001076,WALL-0072352,MERCH-00092,PM-01,DEV-01,2024-01-16 19:55:01,68.57,0.0,0.0,6,Success,Purchase,Johor Bahru,MYR,False
TXN-20240116-0001077,WALL-0036920,MERCH-00120,PM-01,DEV-03,2024-01-16 15:37:19,46.65,0.0,0.0,4,Success,Purchase,Mandalay,MMK,False
TXN-20240116-0001078,WALL-0073048,MERCH-00443,PM-02,DEV-02,2024-01-16 01:50:29,247.44,0.4949,0.0,24,Success,Tax Payment,Johor Bahru,MYR,False
TXN-20240116-0001079,WALL-0002844,MERCH-00378,PM-04,DEV-03,2024-01-16 07:01:53,125.79,2.5158,0.0,12,Success,Purchase,Chittagong,BDT,False
TXN-20240116-0001080,WALL-0129288,MERCH-00053,PM-02,DEV-03,2024-01-16 15:13:50,46.92,0.0938,0.9384,4,Success,Purchase,Pokhara,NPR,False
TXN-20240116-0001081,WALL-0079282,MERCH-00481,PM-02,DEV-01,2024-01-16 14:21:59,50.0,0.1,0.0,5,Success,Payment,Karachi,PKR,False
TXN-20240116-0001082,WALL-0068727,MERCH-00445,PM-04,DEV-01,2024-01-16 07:44:07,986.35,19.727,0.0,98,Success,Tax Payment,Naypyidaw,MMK,False
TXN-20240116-0001083,WALL-0129443,MERCH-00442,PM-02,DEV-04,2024-01-16 18:23:10,64.23,0.1285,0.0,6,Success,Tax Payment,Kolkata,INR,False
TXN-20240116-0001084,WALL-0100913,MERCH-00054,PM-01,DEV-01,2024-01-16 14:52:54,10.66,0.0,0.2133,1,Success,Purchase,Johor Bahru,MMK,False
TXN-20240116-0001085,WALL-0002297,MERCH-00410,PM-01,DEV-01,2024-01-16 17:32:51,166.64,0.0,0.0,16,Success,Payment,Mandalay,MMK,False
TXN-20240116-0001086,WALL-0090753,MERCH-00108,PM-03,DEV-04,2024-01-16 18:09:07,33.07,0.2646,0.0,3,Success,Purchase,Dhaka,BDT,False
TXN-20240116-0001087,WALL-0002543,MERCH-00319,PM-02,DEV-01,2024-01-16 10:25:13,56.17,0.1123,0.0,5,Success,Bill Payment,Pathein,MMK,False
TXN-20240116-0001088,WALL-0149667,MERCH-00063,PM-03,DEV-01,2024-01-16 21:26:54,10.36,0.0829,0.2072,1,Success,Purchase,Mawlamyine,MMK,False
TXN-20240116-0001089,WALL-0124056,MERCH-00468,PM-02,DEV-01,2024-01-16 15:25:42,206.64,0.4133,0.0,20,Success,Payment,Naypyidaw,MMK,False
TXN-20240116-0001090,WALL-0081529,MERCH-00171,PM-03,DEV-02,2024-01-16 07:57:38,72.8,0.5824,3.6402,7,Success,Purchase,Manila,PHP,False
TXN-20240116-0001091,WALL-0138820,MERCH-00208,PM-01,DEV-01,2024-01-16 06:57:04,21.07,0.0,0.0,0,Failed,Purchase,Karachi,PKR,False
TXN-20240116-0001092,WALL-0069815,MERCH-00285,PM-01,DEV-03,2024-01-16 15:41:57,100.0,0.0,8.0,20,Success,Purchase,Phnom Penh,KHR,False
TXN-20240116-0001093,WALL-0121478,MERCH-00356,PM-01,DEV-01,2024-01-16 21:55:13,74.5,0.0,0.0,7,Success,Bill Payment,Bago,MMK,False
TXN-20240116-0001094,WALL-0018769,MERCH-00225,PM-01,DEV-01,2024-01-16 10:02:47,20.33,0.0,0.0,2,Success,Purchase,Pathein,MMK,False
TXN-20240116-0001095,WALL-0005186,MERCH-00419,PM-02,DEV-01,2024-01-16 15:15:45,524.9,1.0498,0.0,0,Pending,Payment,Medan,IDR,False
TXN-20240116-0001096,WALL-0141469,MERCH-00258,PM-01,DEV-05,2024-01-16 18:54:29,13.21,0.0,0.0,1,Success,Subscription,Myitkyina,MMK,False
TXN-20240116-0001097,WALL-0134836,MERCH-00032,PM-01,DEV-01,2024-01-16 06:12:48,5.0,0.0,0.1,0,Success,Purchase,Bago,MMK,False
TXN-20240116-0001098,WALL-0032627,MERCH-00437,PM-02,DEV-01,2024-01-16 19:53:59,123.89,0.2478,0.0,12,Success,Tax Payment,Pune,INR,False
TXN-20240116-0001099,WALL-0018313,MERCH-00049,PM-05,DEV-03,2024-01-16 13:36:16,48.43,0.0,0.9685,4,Success,Purchase,Bangalore,INR,False
TXN-20240116-0001100,WALL-0055925,MERCH-00107,PM-01,DEV-01,2024-01-16 02:40:59,41.69,0.0,0.0,4,Success,Purchase,Chittagong,BDT,False
TXN-20240116-0001101,WALL-0121201,MERCH-00415,PM-04,DEV-05,2024-01-16 19:55:28,152.94,3.0589,0.0,15,Success,Payment,Khon Kaen,MMK,False
TXN-20240116-0001102,WALL-0084907,MERCH-00431,PM-01,DEV-01,2024-01-16 07:54:11,174.0,0.0,0.0,17,Success,Tax Payment,Surabaya,MMK,False
TXN-20240116-0001103,WALL-0083017,MERCH-00377,PM-01,DEV-01,2024-01-16 17:34:15,39.53,0.0,0.0,3,Success,Purchase,Karachi,PKR,False
TXN-20240116-0001104,WALL-0026499,MERCH-00242,PM-05,DEV-04,2024-01-16 05:14:30,15.52,0.0,0.0,1,Success,Subscription,Khon Kaen,THB,False
TXN-20240116-0001105,WALL-0057074,MERCH-00312,PM-03,DEV-03,2024-01-16 16:00:17,89.74,0.7179,0.0,8,Success,Bill Payment,Mumbai,INR,False
TXN-20240116-0001106,WALL-0146903,MERCH-00120,PM-01,DEV-01,2024-01-16 14:36:03,10.68,0.0,0.0,1,Success,Purchase,Myitkyina,MMK,False
TXN-20240116-0001107,WALL-0107877,MERCH-00113,PM-01,DEV-01,2024-01-16 09:13:42,75.31,0.0,0.0,7,Success,Purchase,Phuket,THB,False
TXN-20240116-0001108,WALL-0116732,MERCH-00324,PM-01,DEV-02,2024-01-16 16:06:53,121.08,0.0,0.0,12,Success,Bill Payment,Chiang Mai,THB,False
TXN-20240116-0001109,WALL-0010192,MERCH-00335,PM-01,DEV-01,2024-01-16 20:01:32,54.88,0.0,0.0,5,Success,Bill Payment,Myitkyina,MMK,False
TXN-20240116-0001110,WALL-0081975,MERCH-00085,PM-05,DEV-04,2024-01-16 12:17:13,39.06,0.0,0.0,3,Success,Purchase,Naypyidaw,MMK,False
TXN-20240116-0001111,WALL-0139944,MERCH-00128,PM-02,DEV-01,2024-01-16 16:15:25,60.67,0.1213,0.0,6,Success,Purchase,Kuala Lumpur,MYR,False
TXN-20240116-0001112,WALL-0132777,MERCH-00277,PM-02,DEV-02,2024-01-16 15:00:32,127.93,0.2559,10.2341,25,Success,Purchase,Pathein,MMK,False
TXN-20240116-0001113,WALL-0004702,MERCH-00166,PM-04,DEV-01,2024-01-16 10:11:00,20.0,0.4,1.0,2,Success,Purchase,Myitkyina,MMK,False
TXN-20240116-0001114,WALL-0050204,MERCH-00107,PM-03,DEV-01,2024-01-16 14:55:52,78.66,0.6292,0.0,7,Success,Purchase,Pathein,MMK,False
TXN-20240116-0001115,WALL-0132711,MERCH-00349,PM-02,DEV-01,2024-01-16 14:28:31,21.07,0.0421,0.0,2,Success,Bill Payment,Mandalay,MMK,False
TXN-20240116-0001116,WALL-0029130,MERCH-00095,PM-05,DEV-05,2024-01-16 17:53:35,158.1,0.0,0.0,15,Success,Purchase,Bago,MMK,False
TXN-20240116-0001117,WALL-0049934,MERCH-00232,PM-01,DEV-01,2024-01-16 16:44:23,15.6,0.0,0.0,1,Success,Subscription,Siem Reap,KHR,False
TXN-20240116-0001118,WALL-0115605,MERCH-00416,PM-01,DEV-01,2024-01-16 14:02:13,81.87,0.0,0.0,8,Success,Payment,Hanoi,VND,False
TXN-20240116-0001119,WALL-0091456,MERCH-00065,PM-01,DEV-01,2024-01-16 12:46:28,25.32,0.0,0.5063,2,Success,Purchase,Chiang Mai,THB,False
TXN-20240116-0001120,WALL-0083561,MERCH-00083,PM-05,DEV-02,2024-01-16 07:38:24,89.84,0.0,0.0,8,Success,Purchase,Dhaka,BDT,False
TXN-20240116-0001121,WALL-0143316,MERCH-00317,PM-05,DEV-04,2024-01-16 09:08:30,138.27,0.0,0.0,13,Success,Bill Payment,Delhi,INR,False
TXN-20240116-0001122,WALL-0031163,MERCH-00361,PM-01,DEV-02,2024-01-16 18:34:00,46.16,0.0,0.0,4,Success,Bill Payment,Chennai,MMK,False
TXN-20240116-0001123,WALL-0137599,MERCH-00486,PM-03,DEV-02,2024-01-16 21:43:44,283.1,2.2648,0.0,28,Success,Payment,Mandalay,MMK,False
TXN-20240116-0001124,WALL-0040461,MERCH-00324,PM-05,DEV-03,2024-01-16 21:28:15,46.38,0.0,0.0,4,Success,Bill Payment,Jaipur,INR,False
TXN-20240116-0001125,WALL-0042766,MERCH-00005,PM-02,DEV-04,2024-01-16 12:37:18,26.91,0.0538,0.5383,2,Success,Purchase,Siem Reap,KHR,False
TXN-20240116-0001126,WALL-0036836,MERCH-00320,PM-02,DEV-01,2024-01-16 06:10:07,67.34,0.1347,0.0,6,Success,Bill Payment,Khon Kaen,THB,False
TXN-20240116-0001127,WALL-0116300,MERCH-00136,PM-01,DEV-03,2024-01-16 12:04:40,68.18,0.0,3.4088,6,Success,Purchase,Da Nang,VND,False
TXN-20240116-0001128,WALL-0044055,MERCH-00313,PM-01,DEV-04,2024-01-16 20:23:41,99.93,0.0,0.0,9,Success,Bill Payment,Ahmedabad,INR,False
TXN-20240116-0001129,WALL-0133545,MERCH-00206,PM-03,DEV-02,2024-01-16 16:20:34,23.98,0.1918,0.0,2,Success,Purchase,Pathein,MMK,False
TXN-20240116-0001130,WALL-0125235,MERCH-00257,PM-01,DEV-05,2024-01-16 17:28:02,5.0,0.0,0.0,0,Success,Subscription,Ho Chi Minh City,VND,False
TXN-20240116-0001131,WALL-0046962,MERCH-00390,PM-01,DEV-01,2024-01-16 19:37:04,144.63,0.0,0.0,14,Success,Purchase,Chiang Mai,MMK,False
TXN-20240116-0001132,WALL-0123609,MERCH-00043,PM-02,DEV-01,2024-01-16 16:12:17,8.11,0.0162,0.1622,0,Success,Purchase,Kandy,LKR,False
TXN-20240116-0001133,WALL-0115780,MERCH-00170,PM-01,DEV-01,2024-01-16 10:31:48,20.9,0.0,1.0451,2,Success,Purchase,Medan,IDR,False
TXN-20240116-0001134,WALL-0108615,MERCH-00214,PM-02,DEV-02,2024-01-16 17:51:40,8.79,0.0176,0.0,0,Success,Purchase,Pattaya,THB,False
TXN-20240116-0001135,WALL-0012472,MERCH-00146,PM-02,DEV-03,2024-01-16 12:39:47,87.23,0.1745,4.3613,8,Success,Purchase,Pathein,MMK,False
TXN-20240116-0001136,WALL-0103875,MERCH-00088,PM-02,DEV-01,2024-01-16 18:57:57,45.57,0.0911,0.0,4,Success,Purchase,Da Nang,VND,False
TXN-20240116-0001137,WALL-0045957,MERCH-00154,PM-02,DEV-02,2024-01-16 11:27:56,278.86,0.5577,13.9429,27,Success,Purchase,Pokhara,NPR,False
TXN-20240116-0001138,WALL-0104035,MERCH-00157,PM-04,DEV-05,2024-01-16 21:57:39,396.61,7.9322,19.8306,39,Success,Purchase,Phuket,THB,False
TXN-20240116-0001139,WALL-0122443,MERCH-00243,PM-01,DEV-03,2024-01-16 09:14:57,10.47,0.0,0.0,1,Success,Subscription,Chiang Mai,THB,False
TXN-20240116-0001140,WALL-0003036,MERCH-00352,PM-02,DEV-02,2024-01-16 08:42:48,37.0,0.074,0.0,3,Success,Bill Payment,Taunggyi,MMK,False
TXN-20240116-0001141,WALL-0078262,MERCH-00449,PM-01,DEV-01,2024-01-16 16:12:52,327.96,0.0,0.0,32,Success,Tax Payment,Mawlamyine,MMK,False
TXN-20240116-0001142,WALL-0004937,MERCH-00355,PM-02,DEV-02,2024-01-16 14:00:21,54.76,0.1095,0.0,5,Success,Bill Payment,Colombo,LKR,False
TXN-20240116-0001143,WALL-0056654,MERCH-00375,PM-02,DEV-02,2024-01-16 12:02:36,30.41,0.0608,0.0,3,Success,Purchase,Bago,MMK,False
TXN-20240116-0001144,WALL-0129959,MERCH-00147,PM-02,DEV-01,2024-01-16 17:07:34,46.48,0.093,2.3242,4,Success,Purchase,Yangon,MMK,False
TXN-20240116-0001145,WALL-0132219,MERCH-00305,PM-01,DEV-01,2024-01-16 12:39:54,654.22,0.0,52.3373,130,Success,Purchase,Pathein,MMK,False
TXN-20240116-0001146,WALL-0110052,MERCH-00394,PM-02,DEV-01,2024-01-16 20:42:23,36.33,0.0727,0.0,3,Success,Purchase,Hyderabad,INR,False
TXN-20240116-0001147,WALL-0007192,MERCH-00221,PM-04,DEV-01,2024-01-16 18:09:22,8.63,0.1726,0.0,0,Success,Purchase,Mawlamyine,MMK,False
TXN-20240116-0001148,WALL-0103254,MERCH-00068,PM-01,DEV-01,2024-01-16 14:49:28,11.47,0.0,0.2295,1,Success,Purchase,Yangon,MMK,False
TXN-20240116-0001149,WALL-0070419,MERCH-00248,PM-02,DEV-01,2024-01-16 13:44:41,10.15,0.0203,0.0,1,Success,Subscription,Kathmandu,NPR,False
TXN-20240116-0001150,WALL-0006265,MERCH-00104,PM-02,DEV-01,2024-01-16 21:58:01,29.85,0.0597,0.0,2,Success,Purchase,Chiang Mai,THB,False
TXN-20240116-0001151,WALL-0004933,MERCH-00413,PM-02,DEV-02,2024-01-16 19:21:49,98.24,0.1965,0.0,9,Success,Payment,Pokhara,NPR,False
TXN-20240116-0001152,WALL-0074319,MERCH-00151,PM-03,DEV-03,2024-01-16 19:42:08,217.9,1.7432,10.895,21,Success,Purchase,Mawlamyine,IDR,False
TXN-20240116-0001153,WALL-0104079,MERCH-00170,PM-02,DEV-03,2024-01-16 13:19:48,20.0,0.04,1.0,2,Success,Purchase,Bali,IDR,False
TXN-20240116-0001154,WALL-0084110,MERCH-00372,PM-02,DEV-01,2024-01-16 21:11:23,59.53,0.1191,0.0,5,Success,Purchase,Phnom Penh,KHR,False
TXN-20240116-0001155,WALL-0048702,MERCH-00381,PM-04,DEV-01,2024-01-16 06:33:34,62.17,1.2434,0.0,0,Failed,Purchase,Cebu City,PHP,False
TXN-20240116-0001156,WALL-0049927,MERCH-00403,PM-04,DEV-02,2024-01-16 14:49:28,186.43,3.7287,0.0,18,Success,Payment,Taunggyi,MMK,False
TXN-20240116-0001157,WALL-0133831,MERCH-00250,PM-02,DEV-02,2024-01-16 15:52:03,7.61,0.0152,0.0,0,Success,Subscription,Ahmedabad,INR,False
TXN-20240116-0001158,WALL-0134791,MERCH-00414,PM-03,DEV-02,2024-01-16 16:30:38,326.64,2.6131,0.0,32,Success,Payment,Kandy,LKR,False
TXN-20240116-0001159,WALL-0024100,MERCH-00234,PM-02,DEV-03,2024-01-16 12:13:41,12.93,0.0259,0.0,1,Success,Subscription,Naypyidaw,MMK,False
TXN-20240116-0001160,WALL-0036959,MERCH-00104,PM-01,DEV-01,2024-01-16 14:42:00,200.0,0.0,0.0,0,Failed,Purchase,Bangalore,INR,False
TXN-20240116-0001161,WALL-0044198,MERCH-00081,PM-03,DEV-03,2024-01-16 15:21:35,85.14,0.6811,0.0,8,Success,Purchase,Mandalay,MMK,False
TXN-20240116-0001162,WALL-0014413,MERCH-00042,PM-05,DEV-01,2024-01-16 09:17:30,11.31,0.0,0.2262,1,Success,Purchase,Bago,MMK,False
TXN-20240116-0001163,WALL-0042566,MERCH-00150,PM-04,DEV-01,2024-01-16 18:06:57,462.65,9.2529,23.1323,46,Success,Purchase,Naypyidaw,MMK,False
TXN-20240116-0001164,WALL-0088925,MERCH-00050,PM-01,DEV-03,2024-01-16 14:11:22,18.13,0.0,0.3626,1,Success,Purchase,Jaipur,INR,False
TXN-20240116-0001165,WALL-0144725,MERCH-00276,PM-01,DEV-02,2024-01-16 03:28:39,288.03,0.0,23.0422,57,Success,Purchase,Hanoi,LKR,False
TXN-20240116-0001166,WALL-0020760,MERCH-00035,PM-01,DEV-03,2024-01-16 18:56:29,34.81,0.0,0.6961,3,Success,Purchase,Pathein,MMK,False
TXN-20240116-0001167,WALL-0041761,MERCH-00134,PM-04,DEV-01,2024-01-16 16:41:31,85.19,1.7038,4.2596,8,Success,Purchase,Surabaya,IDR,False
TXN-20240116-0001168,WALL-0043805,MERCH-00117,PM-05,DEV-03,2024-01-16 09:38:27,38.49,0.0,0.0,3,Success,Purchase,Bago,MMK,False
TXN-20240116-0001169,WALL-0050158,MERCH-00419,PM-01,DEV-01,2024-01-16 21:26:33,108.73,0.0,0.0,10,Success,Payment,Mandalay,MMK,False
TXN-20240116-0001170,WALL-0019531,MERCH-00449,PM-01,DEV-04,2024-01-16 13:17:06,289.79,0.0,0.0,28,Success,Tax Payment,Myitkyina,MMK,False
TXN-20240116-0001171,WALL-0106373,MERCH-00014,PM-02,DEV-03,2024-01-16 13:09:52,27.01,0.054,0.5402,2,Success,Purchase,Cebu City,PHP,False
TXN-20240116-0001172,WALL-0022232,MERCH-00124,PM-02,DEV-01,2024-01-16 10:15:31,32.76,0.0655,0.0,3,Success,Purchase,Kathmandu,THB,False
TXN-20240116-0001173,WALL-0005202,MERCH-00119,PM-01,DEV-03,2024-01-16 21:59:07,42.78,0.0,0.0,4,Success,Purchase,Bago,MMK,False
TXN-20240116-0001174,WALL-0081206,MERCH-00188,PM-01,DEV-01,2024-01-16 03:47:43,111.56,0.0,5.5781,11,Success,Purchase,Lahore,PKR,False
TXN-20240116-0001175,WALL-0130833,MERCH-00409,PM-03,DEV-01,2024-01-16 15:04:53,159.3,1.2744,0.0,15,Success,Payment,Mawlamyine,MMK,False
TXN-20240116-0001176,WALL-0015210,MERCH-00149,PM-02,DEV-05,2024-01-16 17:11:25,167.93,0.3359,8.3963,16,Success,Purchase,Naypyidaw,BDT,False
TXN-20240116-0001177,WALL-0113034,MERCH-00373,PM-03,DEV-01,2024-01-16 15:10:11,54.46,0.4357,0.0,0,Failed,Purchase,Bali,IDR,False
TXN-20240116-0001178,WALL-0031851,MERCH-00435,PM-01,DEV-01,2024-01-16 18:42:54,187.38,0.0,0.0,18,Success,Tax Payment,Johor Bahru,MYR,False
TXN-20240116-0001179,WALL-0135865,MERCH-00391,PM-01,DEV-01,2024-01-16 02:33:10,66.77,0.0,0.0,6,Success,Purchase,Cebu City,PHP,False
TXN-20240116-0001180,WALL-0042285,MERCH-00101,PM-04,DEV-01,2024-01-16 14:31:57,70.49,1.4097,0.0,7,Success,Purchase,Naypyidaw,MMK,False
TXN-20240116-0001181,WALL-0055953,MERCH-00336,PM-01,DEV-02,2024-01-16 13:03:03,40.12,0.0,0.0,4,Success,Bill Payment,Surabaya,IDR,False
TXN-20240116-0001182,WALL-0008246,MERCH-00164,PM-02,DEV-02,2024-01-16 20:24:18,43.83,0.0877,0.0,0,Failed,Purchase,Phnom Penh,KHR,False
TXN-20240116-0001183,WALL-0075960,MERCH-00222,PM-01,DEV-02,2024-01-16 10:48:49,11.07,0.0,0.0,1,Success,Purchase,Mandalay,MMK,False
TXN-20240116-0001184,WALL-0130551,MERCH-00345,PM-02,DEV-01,2024-01-16 11:39:14,28.31,0.0566,0.0,2,Success,Bill Payment,Kathmandu,NPR,False
TXN-20240116-0001185,WALL-0068234,MERCH-00264,PM-03,DEV-01,2024-01-16 19:02:02,8.92,0.0713,0.0,0,Success,Subscription,Johor Bahru,NPR,False
TXN-20240116-0001186,WALL-0072625,MERCH-00108,PM-03,DEV-03,2024-01-16 12:33:00,53.12,0.4249,0.0,5,Success,Purchase,Naypyidaw,MMK,False
TXN-20240116-0001187,WALL-0067399,MERCH-00204,PM-02,DEV-01,2024-01-16 18:55:04,13.08,0.0262,0.0,1,Success,Purchase,Mawlamyine,LKR,False
TXN-20240116-0001188,WALL-0066130,MERCH-00149,PM-05,DEV-01,2024-01-16 19:13:58,79.93,0.0,3.9964,7,Success,Purchase,Mawlamyine,MMK,False
TXN-20240116-0001189,WALL-0098631,MERCH-00048,PM-01,DEV-01,2024-01-16 13:12:18,13.06,0.0,0.2613,1,Success,Purchase,Chiang Mai,THB,False
TXN-20240116-0001190,WALL-0087361,MERCH-00060,PM-02,DEV-02,2024-01-16 09:03:50,60.0,0.12,1.2,6,Success,Purchase,Naypyidaw,MMK,False
TXN-20240116-0001191,WALL-0098288,MERCH-00258,PM-01,DEV-01,2024-01-16 21:47:32,40.0,0.0,0.0,4,Success,Subscription,Naypyidaw,MMK,False
TXN-20240116-0001192,WALL-0135757,MERCH-00001,PM-01,DEV-01,2024-01-16 13:50:49,32.94,0.0,0.6587,3,Success,Purchase,Jakarta,IDR,False
TXN-20240116-0001193,WALL-0067905,MERCH-00152,PM-02,DEV-01,2024-01-16 20:46:00,20.0,0.04,1.0,2,Success,Purchase,Cebu City,PHP,False
TXN-20240116-0001194,WALL-0087598,MERCH-00068,PM-01,DEV-02,2024-01-16 10:08:19,16.21,0.0,0.3241,1,Success,Purchase,Bandung,IDR,False
TXN-20240116-0001195,WALL-0064328,MERCH-00018,PM-03,DEV-02,2024-01-16 11:22:24,10.46,0.0836,0.2091,1,Success,Purchase,Naypyidaw,MMK,False
TXN-20240116-0001196,WALL-0070865,MERCH-00007,PM-03,DEV-03,2024-01-16 19:26:32,7.73,0.0619,0.1547,0,Success,Purchase,Mandalay,MMK,False
TXN-20240116-0001197,WALL-0018911,MERCH-00341,PM-02,DEV-03,2024-01-16 15:05:02,77.91,0.1558,0.0,7,Success,Bill Payment,Colombo,LKR,False
TXN-20240116-0001198,WALL-0118696,MERCH-00285,PM-04,DEV-03,2024-01-16 14:53:27,1341.55,26.831,107.3238,268,Success,Purchase,Yangon,MMK,False
TXN-20240116-0001199,WALL-0022620,MERCH-00383,PM-01,DEV-01,2024-01-16 13:11:10,63.6,0.0,0.0,6,Success,Purchase,Medan,IDR,False
TXN-20240116-0001200,WALL-0112454,MERCH-00407,PM-04,DEV-01,2024-01-16 20:49:58,20.0,0.4,0.0,2,Success,Payment,Mawlamyine,MMK,False
TXN-20240116-0001201,WALL-0001462,MERCH-00243,PM-03,DEV-01,2024-01-16 10:32:00,12.75,0.102,0.0,1,Success,Subscription,Mumbai,INR,False
TXN-20240116-0001202,WALL-0145161,MERCH-00376,PM-01,DEV-01,2024-01-16 19:58:49,55.53,0.0,0.0,5,Success,Purchase,Mawlamyine,MMK,False
TXN-20240116-0001203,WALL-0021318,MERCH-00446,PM-03,DEV-01,2024-01-16 14:49:14,455.07,3.6406,0.0,45,Success,Tax Payment,Jaipur,INR,False
TXN-20240116-0001204,WALL-0070665,MERCH-00082,PM-02,DEV-01,2024-01-16 02:20:08,80.35,0.1607,0.0,8,Success,Purchase,Hyderabad,INR,False
TXN-20240116-0001205,WALL-0002403,MERCH-00112,PM-02,DEV-02,2024-01-16 15:45:23,46.1,0.0922,0.0,4,Success,Purchase,Bangkok,THB,False
TXN-20240116-0001206,WALL-0081486,MERCH-00155,PM-02,DEV-03,2024-01-16 18:45:22,352.05,0.7041,17.6025,35,Success,Purchase,Mandalay,MMK,False
TXN-20240116-0001207,WALL-0025095,MERCH-00300,PM-02,DEV-02,2024-01-16 13:06:08,100.0,0.2,8.0,20,Success,Purchase,Bago,MMK,False
TXN-20240116-0001208,WALL-0087311,MERCH-00008,PM-01,DEV-05,2024-01-16 17:33:59,46.36,0.0,0.9273,4,Success,Purchase,Mumbai,INR,False
TXN-20240116-0001209,WALL-0139050,MERCH-00154,PM-03,DEV-03,2024-01-16 19:55:35,304.81,2.4385,15.2405,30,Success,Purchase,Pokhara,NPR,False
TXN-20240116-0001210,WALL-0043964,MERCH-00118,PM-03,DEV-01,2024-01-16 11:09:50,70.49,0.5639,0.0,7,Success,Purchase,Khon Kaen,THB,False
TXN-20240116-0001211,WALL-0062345,MERCH-00373,PM-01,DEV-01,2024-01-16 12:01:59,38.3,0.0,0.0,3,Success,Purchase,Yangon,MMK,False
TXN-20240116-0001212,WALL-0134076,MERCH-00060,PM-01,DEV-01,2024-01-16 07:21:43,17.63,0.0,0.3525,1,Success,Purchase,Islamabad,MMK,False
TXN-20240116-0001213,WALL-0125582,MERCH-00346,PM-04,DEV-02,2024-01-16 15:28:06,46.19,0.9238,0.0,4,Success,Bill Payment,Bandung,IDR,False
TXN-20240116-0001214,WALL-0059537,MERCH-00247,PM-04,DEV-05,2024-01-16 18:02:00,12.12,0.2424,0.0,1,Success,Subscription,Phuket,THB,False
TXN-20240116-0001215,WALL-0049763,MERCH-00073,PM-04,DEV-01,2024-01-16 18:03:05,14.07,0.2814,0.2814,1,Success,Purchase,Khon Kaen,THB,False
TXN-20240116-0001216,WALL-0017882,MERCH-00116,PM-04,DEV-02,2024-01-16 18:40:46,30.95,0.6189,0.0,3,Success,Purchase,Yangon,MMK,False
TXN-20240116-0001217,WALL-0101839,MERCH-00185,PM-01,DEV-01,2024-01-16 11:10:34,132.95,0.0,6.6476,13,Success,Purchase,Ahmedabad,INR,False
TXN-20240116-0001218,WALL-0052097,MERCH-00303,PM-04,DEV-01,2024-01-16 18:45:18,3236.15,64.7229,258.8916,647,Success,Purchase,Davao,PHP,False
TXN-20240116-0001219,WALL-0035742,MERCH-00208,PM-04,DEV-05,2024-01-16 09:17:06,9.07,0.1813,0.0,0,Success,Purchase,Pokhara,NPR,False
TXN-20240116-0001220,WALL-0123437,MERCH-00054,PM-03,DEV-02,2024-01-16 20:57:48,76.89,0.6151,1.5377,7,Success,Purchase,Bago,MMK,False
TXN-20240116-0001221,WALL-0130327,MERCH-00321,PM-05,DEV-03,2024-01-16 09:21:44,48.35,0.0,0.0,4,Success,Bill Payment,Bangalore,INR,False
TXN-20240116-0001222,WALL-0028961,MERCH-00049,PM-04,DEV-01,2024-01-16 13:23:04,5.74,0.1149,0.1149,0,Success,Purchase,Bago,MMK,False
TXN-20240116-0001223,WALL-0032173,MERCH-00070,PM-01,DEV-02,2024-01-16 12:46:45,15.44,0.0,0.3088,1,Success,Purchase,Dhaka,BDT,False
TXN-20240116-0001224,WALL-0088380,MERCH-00339,PM-03,DEV-03,2024-01-16 18:53:23,33.54,0.2683,0.0,3,Success,Bill Payment,Naypyidaw,MMK,False
TXN-20240116-0001225,WALL-0012668,MERCH-00096,PM-01,DEV-01,2024-01-16 15:23:52,94.29,0.0,0.0,9,Success,Purchase,Chittagong,BDT,False
TXN-20240116-0001226,WALL-0132890,MERCH-00067,PM-04,DEV-03,2024-01-16 18:51:48,22.06,0.4411,0.4411,2,Success,Purchase,Bago,MMK,False
TXN-20240116-0001227,WALL-0055534,MERCH-00422,PM-02,DEV-02,2024-01-16 13:59:31,53.17,0.1063,0.0,5,Success,Payment,Taunggyi,MMK,False
TXN-20240116-0001228,WALL-0066377,MERCH-00348,PM-01,DEV-04,2024-01-16 17:00:23,26.28,0.0,0.0,2,Success,Bill Payment,Taunggyi,MMK,False
TXN-20240116-0001229,WALL-0036676,MERCH-00039,PM-01,DEV-02,2024-01-16 19:03:23,13.49,0.0,0.2699,1,Success,Purchase,Naypyidaw,MMK,False
TXN-20240116-0001230,WALL-0056640,MERCH-00119,PM-02,DEV-02,2024-01-16 12:27:30,48.25,0.0965,0.0,4,Success,Purchase,Mawlamyine,MMK,False
TXN-20240116-0001231,WALL-0113411,MERCH-00107,PM-01,DEV-02,2024-01-16 12:03:53,117.11,0.0,0.0,11,Success,Purchase,Mandalay,KHR,False
TXN-20240116-0001232,WALL-0139442,MERCH-00131,PM-01,DEV-03,2024-01-16 08:55:59,126.67,0.0,6.3333,12,Success,Purchase,Naypyidaw,MMK,False
TXN-20240116-0001233,WALL-0126133,MERCH-00421,PM-01,DEV-01,2024-01-16 14:47:16,32.12,0.0,0.0,0,Failed,Payment,Myitkyina,MMK,False
TXN-20240116-0001234,WALL-0071350,MERCH-00215,PM-03,DEV-02,2024-01-16 17:08:15,20.36,0.1629,0.0,2,Success,Purchase,Da Nang,VND,False
TXN-20240116-0001235,WALL-0047397,MERCH-00104,PM-04,DEV-01,2024-01-16 20:33:01,106.74,2.1347,0.0,10,Success,Purchase,Naypyidaw,INR,False
TXN-20240116-0001236,WALL-0067014,MERCH-00224,PM-01,DEV-01,2024-01-16 18:37:59,14.81,0.0,0.0,1,Success,Purchase,Mumbai,LKR,False
TXN-20240116-0001237,WALL-0009369,MERCH-00040,PM-01,DEV-03,2024-01-16 18:40:58,8.75,0.0,0.175,0,Success,Purchase,Ahmedabad,INR,False
TXN-20240116-0001238,WALL-0147374,MERCH-00158,PM-01,DEV-01,2024-01-16 05:45:28,184.46,0.0,9.223,18,Success,Purchase,Pattaya,THB,False
TXN-20240116-0001239,WALL-0100948,MERCH-00010,PM-03,DEV-01,2024-01-16 15:20:20,27.97,0.2238,0.5594,2,Success,Purchase,Chittagong,THB,False
TXN-20240116-0001240,WALL-0133717,MERCH-00258,PM-03,DEV-01,2024-01-16 13:22:36,14.42,0.1153,0.0,1,Success,Subscription,Bandung,IDR,False
TXN-20240116-0001241,WALL-0037297,MERCH-00429,PM-02,DEV-01,2024-01-16 07:05:37,70.52,0.141,0.0,7,Success,Payment,Mandalay,MMK,False
TXN-20240116-0001242,WALL-0052089,MERCH-00009,PM-02,DEV-02,2024-01-16 12:48:44,5.0,0.01,0.1,0,Success,Purchase,Pattaya,THB,False
TXN-20240116-0001243,WALL-0040895,MERCH-00086,PM-02,DEV-01,2024-01-16 22:09:22,45.16,0.0903,0.0,4,Success,Purchase,Yangon,MMK,False
TXN-20240116-0001244,WALL-0117279,MERCH-00413,PM-01,DEV-03,2024-01-16 17:44:02,49.54,0.0,0.0,4,Success,Payment,Da Nang,VND,False
TXN-20240116-0001245,WALL-0029421,MERCH-00003,PM-01,DEV-02,2024-01-16 03:17:58,13.25,0.0,0.265,1,Success,Purchase,Taunggyi,MMK,False
TXN-20240116-0001246,WALL-0114553,MERCH-00121,PM-02,DEV-03,2024-01-16 19:46:00,116.35,0.2327,0.0,0,Pending,Purchase,Jakarta,IDR,False
TXN-20240116-0001247,WALL-0103419,MERCH-00018,PM-02,DEV-04,2024-01-16 22:36:52,15.76,0.0315,0.3153,1,Success,Purchase,Myitkyina,MMK,False
TXN-20240116-0001248,WALL-0038534,MERCH-00088,PM-02,DEV-01,2024-01-16 14:04:04,75.92,0.1518,0.0,7,Success,Purchase,Pattaya,MMK,False
TXN-20240116-0001249,WALL-0146003,MERCH-00258,PM-03,DEV-01,2024-01-16 18:29:22,26.63,0.213,0.0,2,Success,Subscription,Taunggyi,MMK,False
TXN-20240116-0001250,WALL-0010589,MERCH-00186,PM-01,DEV-01,2024-01-16 03:56:10,359.25,0.0,17.9624,35,Success,Purchase,Mandalay,MMK,False
TXN-20240116-0001251,WALL-0072954,MERCH-00071,PM-01,DEV-01,2024-01-16 06:17:40,40.75,0.0,0.815,4,Success,Purchase,Quezon City,LKR,False
TXN-20240116-0001252,WALL-0073583,MERCH-00039,PM-04,DEV-03,2024-01-16 09:28:28,46.55,0.9309,0.9309,4,Success,Purchase,Phnom Penh,VND,False
TXN-20240116-0001253,WALL-0128354,MERCH-00348,PM-02,DEV-03,2024-01-16 10:15:36,43.22,0.0864,0.0,4,Success,Bill Payment,Bali,IDR,False
TXN-20240116-0001254,WALL-0003794,MERCH-00074,PM-02,DEV-01,2024-01-16 15:19:07,11.61,0.0232,0.2321,1,Success,Purchase,Pathein,MMK,False
TXN-20240116-0001255,WALL-0125676,MERCH-00300,PM-05,DEV-04,2024-01-16 17:06:54,783.61,0.0,62.6887,156,Success,Purchase,Naypyidaw,MMK,False
TXN-20240116-0001256,WALL-0125293,MERCH-00123,PM-01,DEV-04,2024-01-16 15:43:03,79.49,0.0,0.0,7,Success,Purchase,Chiang Mai,THB,False
TXN-20240116-0001257,WALL-0022117,MERCH-00252,PM-04,DEV-02,2024-01-16 12:21:41,18.24,0.3647,0.0,1,Success,Subscription,Yangon,MMK,False
TXN-20240116-0001258,WALL-0136550,MERCH-00043,PM-01,DEV-05,2024-01-16 11:13:52,15.76,0.0,0.3151,1,Success,Purchase,Bangkok,INR,False
TXN-20240116-0001259,WALL-0022783,MERCH-00298,PM-04,DEV-04,2024-01-16 17:20:59,1213.57,24.2714,97.0855,242,Success,Purchase,Bago,MMK,False
TXN-20240116-0001260,WALL-0134498,MERCH-00026,PM-04,DEV-02,2024-01-16 16:09:28,46.08,0.9216,0.9216,4,Success,Purchase,Bago,MMK,False
TXN-20240116-0001261,WALL-0055231,MERCH-00328,PM-02,DEV-01,2024-01-16 21:01:02,68.78,0.1376,0.0,6,Success,Bill Payment,Manila,PHP,False
TXN-20240116-0001262,WALL-0061254,MERCH-00112,PM-04,DEV-03,2024-01-16 08:23:38,71.7,1.434,0.0,7,Success,Purchase,Mawlamyine,MMK,False
TXN-20240116-0001263,WALL-0142024,MERCH-00198,PM-01,DEV-02,2024-01-16 16:28:25,16.18,0.0,0.0,1,Success,Purchase,Karachi,PKR,False
TXN-20240116-0001264,WALL-0064391,MERCH-00140,PM-01,DEV-01,2024-01-16 08:53:00,282.02,0.0,14.101,28,Success,Purchase,Taunggyi,MMK,False
TXN-20240116-0001265,WALL-0068938,MERCH-00326,PM-01,DEV-03,2024-01-16 20:18:32,69.39,0.0,0.0,6,Success,Bill Payment,Kolkata,INR,False
TXN-20240116-0001266,WALL-0033602,MERCH-00477,PM-02,DEV-03,2024-01-16 18:43:32,309.47,0.6189,0.0,30,Success,Payment,Lahore,PKR,False
TXN-20240116-0001267,WALL-0126399,MERCH-00180,PM-02,DEV-01,2024-01-16 16:04:31,127.82,0.2556,6.3912,12,Success,Purchase,Myitkyina,MMK,False
TXN-20240116-0001268,WALL-0116321,MERCH-00315,PM-04,DEV-01,2024-01-16 05:25:01,43.25,0.865,0.0,4,Success,Bill Payment,Davao,PHP,False
TXN-20240116-0001269,WALL-0148069,MERCH-00231,PM-02,DEV-05,2024-01-16 20:07:06,16.79,0.0336,0.0,1,Success,Subscription,Phnom Penh,KHR,False
TXN-20240116-0001270,WALL-0025917,MERCH-00023,PM-01,DEV-01,2024-01-16 08:32:12,5.66,0.0,0.0,0,Failed,Purchase,Hanoi,VND,False
TXN-20240116-0001271,WALL-0121530,MERCH-00037,PM-01,DEV-01,2024-01-16 11:18:33,9.55,0.0,0.191,0,Success,Purchase,Penang,MMK,False
TXN-20240116-0001272,WALL-0122451,MERCH-00336,PM-01,DEV-02,2024-01-16 14:19:31,65.88,0.0,0.0,6,Success,Bill Payment,Bago,MMK,False
TXN-20240116-0001273,WALL-0003564,MERCH-00020,PM-03,DEV-01,2024-01-16 14:09:28,13.84,0.1107,0.2768,1,Success,Purchase,Surabaya,MMK,False
TXN-20240116-0001274,WALL-0142100,MERCH-00333,PM-03,DEV-01,2024-01-16 06:09:56,321.74,2.5739,0.0,32,Success,Bill Payment,Davao,MMK,False
TXN-20240116-0001275,WALL-0062429,MERCH-00279,PM-03,DEV-01,2024-01-16 07:09:49,538.19,4.3055,43.0553,107,Success,Purchase,Kandy,IDR,False
TXN-20240116-0001276,WALL-0121307,MERCH-00133,PM-01,DEV-03,2024-01-16 13:45:08,92.17,0.0,4.6086,9,Success,Purchase,Da Nang,VND,False
TXN-20240116-0001277,WALL-0021628,MERCH-00379,PM-01,DEV-03,2024-01-16 10:24:54,110.28,0.0,0.0,11,Success,Purchase,Chennai,SGD,False
TXN-20240116-0001278,WALL-0016054,MERCH-00045,PM-02,DEV-02,2024-01-16 11:51:03,9.32,0.0186,0.1865,0,Success,Purchase,Jaipur,INR,False
TXN-20240116-0001279,WALL-0144900,MERCH-00253,PM-04,DEV-01,2024-01-16 15:19:18,23.33,0.4667,0.0,2,Success,Subscription,Jaipur,INR,False
TXN-20240116-0001280,WALL-0074691,MERCH-00214,PM-03,DEV-03,2024-01-16 14:48:58,11.36,0.0909,0.0,1,Success,Purchase,Bago,MMK,False
TXN-20240116-0001281,WALL-0054863,MERCH-00075,PM-01,DEV-01,2024-01-16 14:12:15,8.08,0.0,0.1616,0,Success,Purchase,Bago,MMK,False
TXN-20240116-0001282,WALL-0019730,MERCH-00327,PM-04,DEV-02,2024-01-16 21:51:07,100.44,2.0088,0.0,10,Success,Bill Payment,Kathmandu,NPR,False
TXN-20240116-0001283,WALL-0079276,MERCH-00424,PM-01,DEV-01,2024-01-16 17:37:16,99.63,0.0,0.0,9,Success,Payment,Islamabad,PKR,False
TXN-20240116-0001284,WALL-0064385,MERCH-00060,PM-03,DEV-02,2024-01-16 19:23:14,15.53,0.1243,0.3107,1,Success,Purchase,Karachi,PKR,False
TXN-20240116-0001285,WALL-0014610,MERCH-00420,PM-03,DEV-01,2024-01-16 14:46:29,24.3,0.1944,0.0,2,Success,Payment,Bago,MMK,False
TXN-20240116-0001286,WALL-0111782,MERCH-00195,PM-04,DEV-01,2024-01-16 17:36:05,9.33,0.1867,0.0,0,Success,Purchase,Mawlamyine,MMK,False
TXN-20240116-0001287,WALL-0071205,MERCH-00125,PM-02,DEV-02,2024-01-16 15:43:01,158.8,0.3176,0.0,15,Success,Purchase,Taunggyi,MMK,False
TXN-20240116-0001288,WALL-0094050,MERCH-00100,PM-03,DEV-02,2024-01-16 14:30:56,127.93,1.0235,0.0,12,Success,Purchase,Myitkyina,MMK,False
TXN-20240116-0001289,WALL-0111492,MERCH-00363,PM-01,DEV-01,2024-01-16 13:48:15,12.97,0.0,0.0,1,Success,Bill Payment,Taunggyi,MMK,False
TXN-20240116-0001290,WALL-0146223,MERCH-00500,PM-04,DEV-01,2024-01-16 15:13:29,1073.22,21.4645,0.0,107,Success,Payment,Chiang Mai,PKR,False
TXN-20240116-0001291,WALL-0030455,MERCH-00089,PM-01,DEV-03,2024-01-16 00:35:58,30.8,0.0,0.0,3,Success,Purchase,Phnom Penh,KHR,False
TXN-20240116-0001292,WALL-0057540,MERCH-00107,PM-02,DEV-01,2024-01-16 18:07:14,35.82,0.0716,0.0,3,Success,Purchase,Pattaya,THB,False
TXN-20240116-0001293,WALL-0061873,MERCH-00049,PM-02,DEV-01,2024-01-16 06:48:22,20.62,0.0412,0.4123,2,Success,Purchase,Medan,IDR,False
TXN-20240116-0001294,WALL-0089537,MERCH-00012,PM-01,DEV-01,2024-01-16 14:42:10,26.05,0.0,0.5209,2,Success,Purchase,Chiang Mai,PKR,False
TXN-20240116-0001295,WALL-0064123,MERCH-00013,PM-01,DEV-01,2024-01-16 16:20:15,18.63,0.0,0.3726,1,Success,Purchase,Khon Kaen,THB,False
TXN-20240116-0001296,WALL-0056160,MERCH-00445,PM-01,DEV-01,2024-01-16 18:06:46,677.44,0.0,0.0,0,Failed,Tax Payment,Singapore,SGD,False
TXN-20240116-0001297,WALL-0132585,MERCH-00308,PM-04,DEV-03,2024-01-16 09:23:18,2117.3,42.3459,169.3838,423,Success,Purchase,Chiang Mai,THB,False
TXN-20240116-0001298,WALL-0135173,MERCH-00102,PM-01,DEV-01,2024-01-16 10:55:39,31.47,0.0,0.0,3,Success,Purchase,Colombo,LKR,False
TXN-20240116-0001299,WALL-0119146,MERCH-00216,PM-01,DEV-01,2024-01-16 12:23:05,5.0,0.0,0.0,0,Success,Purchase,Bandung,PHP,False
TXN-20240116-0001300,WALL-0078444,MERCH-00117,PM-02,DEV-01,2024-01-16 13:56:06,45.44,0.0909,0.0,4,Success,Purchase,Siem Reap,PKR,False
TXN-20240116-0001301,WALL-0068515,MERCH-00265,PM-05,DEV-02,2024-01-16 18:40:50,28.37,0.0,0.0,2,Success,Subscription,Pathein,MMK,False
TXN-20240116-0001302,WALL-0081344,MERCH-00232,PM-03,DEV-03,2024-01-16 09:27:27,7.21,0.0577,0.0,0,Success,Subscription,Medan,IDR,False
TXN-20240116-0001303,WALL-0099946,MERCH-00203,PM-04,DEV-01,2024-01-16 10:59:05,15.94,0.3187,0.0,1,Success,Purchase,Colombo,LKR,False
TXN-20240116-0001304,WALL-0071327,MERCH-00326,PM-01,DEV-01,2024-01-16 18:56:39,44.44,0.0,0.0,4,Success,Bill Payment,Lahore,PKR,False
TXN-20240116-0001305,WALL-0081912,MERCH-00235,PM-04,DEV-01,2024-01-16 16:32:24,9.12,0.1824,0.0,0,Success,Subscription,Pune,INR,False
TXN-20240116-0001306,WALL-0110808,MERCH-00390,PM-01,DEV-04,2024-01-16 03:01:23,198.0,0.0,0.0,19,Success,Purchase,Delhi,INR,False
TXN-20240116-0001307,WALL-0086095,MERCH-00269,PM-01,DEV-01,2024-01-16 20:18:46,15.74,0.0,0.0,1,Success,Subscription,Taunggyi,MMK,False
TXN-20240116-0001308,WALL-0107683,MERCH-00251,PM-02,DEV-02,2024-01-16 04:03:21,22.02,0.044,0.0,2,Success,Subscription,Bangalore,VND,False
TXN-20240116-0001309,WALL-0089221,MERCH-00187,PM-05,DEV-01,2024-01-16 21:35:42,448.37,0.0,22.4183,44,Success,Purchase,Manila,PHP,False
TXN-20240116-0001310,WALL-0045841,MERCH-00047,PM-04,DEV-01,2024-01-16 06:30:54,27.81,0.5563,0.5563,2,Success,Purchase,Bali,IDR,False
TXN-20240116-0001311,WALL-0026549,MERCH-00226,PM-02,DEV-05,2024-01-16 16:37:34,6.42,0.0128,0.0,0,Pending,Purchase,Bago,MMK,False
TXN-20240116-0001312,WALL-0047727,MERCH-00005,PM-03,DEV-03,2024-01-16 19:48:35,19.11,0.1528,0.3821,1,Success,Purchase,Da Nang,VND,False
TXN-20240116-0001313,WALL-0127647,MERCH-00043,PM-03,DEV-01,2024-01-16 04:54:17,45.42,0.3634,0.9084,4,Success,Purchase,Siem Reap,KHR,False
TXN-20240116-0001314,WALL-0064757,MERCH-00254,PM-05,DEV-01,2024-01-16 01:13:19,8.76,0.0,0.0,0,Success,Subscription,Taunggyi,MMK,False
TXN-20240116-0001315,WALL-0061498,MERCH-00170,PM-01,DEV-01,2024-01-16 17:42:49,37.79,0.0,1.8895,3,Success,Purchase,Colombo,LKR,False
TXN-20240116-0001316,WALL-0120766,MERCH-00382,PM-03,DEV-01,2024-01-16 21:46:47,198.0,1.584,0.0,19,Success,Purchase,Bago,MMK,False
TXN-20240116-0001317,WALL-0012093,MERCH-00131,PM-01,DEV-01,2024-01-16 16:08:19,25.59,0.0,1.2794,2,Success,Purchase,Kandy,LKR,False
TXN-20240116-0001318,WALL-0116840,MERCH-00217,PM-01,DEV-01,2024-01-16 12:28:57,9.77,0.0,0.0,0,Success,Purchase,Ahmedabad,INR,False
TXN-20240116-0001319,WALL-0036757,MERCH-00011,PM-05,DEV-01,2024-01-16 13:06:25,19.13,0.0,0.3826,1,Success,Purchase,Myitkyina,MMK,False
TXN-20240116-0001320,WALL-0124484,MERCH-00379,PM-01,DEV-02,2024-01-16 11:10:13,20.0,0.0,0.0,2,Success,Purchase,Taunggyi,MMK,False
TXN-20240116-0001321,WALL-0130890,MERCH-00081,PM-02,DEV-03,2024-01-16 07:45:24,28.09,0.0562,0.0,2,Success,Purchase,Yangon,MMK,False
TXN-20240116-0001322,WALL-0128503,MERCH-00090,PM-02,DEV-01,2024-01-16 16:25:16,192.11,0.3842,0.0,19,Success,Purchase,Mandalay,MMK,False
TXN-20240116-0001323,WALL-0130595,MERCH-00421,PM-05,DEV-03,2024-01-16 06:31:01,102.73,0.0,0.0,10,Success,Payment,Bago,MMK,False
TXN-20240116-0001324,WALL-0029811,MERCH-00078,PM-04,DEV-03,2024-01-16 13:15:26,10.22,0.2043,0.2043,1,Success,Purchase,Naypyidaw,MMK,False
TXN-20240116-0001325,WALL-0011082,MERCH-00346,PM-02,DEV-01,2024-01-16 03:28:09,38.26,0.0765,0.0,3,Success,Bill Payment,Yangon,MMK,False
TXN-20240116-0001326,WALL-0002465,MERCH-00078,PM-01,DEV-01,2024-01-16 17:57:19,7.75,0.0,0.155,0,Success,Purchase,Hanoi,VND,False
TXN-20240116-0001327,WALL-0018180,MERCH-00005,PM-03,DEV-01,2024-01-16 11:55:31,8.27,0.0661,0.1653,0,Success,Purchase,Pathein,MMK,False
TXN-20240116-0001328,WALL-0060116,MERCH-00075,PM-04,DEV-03,2024-01-16 13:25:24,8.11,0.1623,0.1623,0,Success,Purchase,Chittagong,THB,False
TXN-20240116-0001329,WALL-0102501,MERCH-00251,PM-02,DEV-02,2024-01-16 12:15:11,9.51,0.019,0.0,0,Success,Subscription,Myitkyina,MMK,False
TXN-20240116-0001330,WALL-0141724,MERCH-00077,PM-02,DEV-03,2024-01-16 06:55:51,25.62,0.0512,0.5124,2,Success,Purchase,Bago,MMK,False
TXN-20240116-0001331,WALL-0138714,MERCH-00358,PM-01,DEV-01,2024-01-16 17:01:08,70.33,0.0,0.0,7,Success,Bill Payment,Yangon,MMK,False
TXN-20240116-0001332,WALL-0115585,MERCH-00427,PM-02,DEV-01,2024-01-16 16:55:05,937.81,1.8756,0.0,93,Success,Payment,Penang,PKR,False
TXN-20240116-0001333,WALL-0032465,MERCH-00043,PM-01,DEV-02,2024-01-16 20:20:53,15.58,0.0,0.3116,1,Success,Purchase,Bago,MMK,False
TXN-20240116-0001334,WALL-0038021,MERCH-00136,PM-04,DEV-01,2024-01-16 18:29:06,79.55,1.5909,3.9773,7,Success,Purchase,Myitkyina,VND,False
TXN-20240116-0001335,WALL-0124934,MERCH-00261,PM-01,DEV-02,2024-01-16 07:43:33,5.4,0.0,0.0,0,Success,Subscription,Kandy,LKR,False
TXN-20240116-0001336,WALL-0094643,MERCH-00135,PM-01,DEV-02,2024-01-16 18:49:07,181.35,0.0,9.0674,18,Success,Purchase,Kathmandu,MMK,False
TXN-20240116-0001337,WALL-0011609,MERCH-00066,PM-02,DEV-01,2024-01-16 18:24:14,49.42,0.0988,0.9884,4,Success,Purchase,Myitkyina,MMK,False
TXN-20240116-0001338,WALL-0129052,MERCH-00010,PM-02,DEV-01,2024-01-16 12:33:21,19.18,0.0384,0.3835,1,Success,Purchase,Mandalay,MMK,False
TXN-20240116-0001339,WALL-0025059,MERCH-00134,PM-05,DEV-01,2024-01-16 04:48:23,295.37,0.0,14.7683,29,Success,Purchase,Mandalay,MMK,False
TXN-20240116-0001340,WALL-0042908,MERCH-00162,PM-03,DEV-01,2024-01-16 04:19:18,90.17,0.7214,4.5086,9,Success,Purchase,Chiang Mai,THB,False
TXN-20240116-0001341,WALL-0016112,MERCH-00024,PM-03,DEV-01,2024-01-16 14:47:14,38.87,0.311,0.7774,3,Success,Purchase,Taunggyi,MMK,False
TXN-20240116-0001342,WALL-0032431,MERCH-00088,PM-01,DEV-02,2024-01-16 23:26:18,28.69,0.0,0.0,2,Success,Purchase,Johor Bahru,BDT,False
TXN-20240116-0001343,WALL-0067600,MERCH-00368,PM-01,DEV-01,2024-01-16 16:24:46,55.79,0.0,0.0,5,Success,Bill Payment,Bandung,IDR,False
TXN-20240116-0001344,WALL-0017741,MERCH-00122,PM-01,DEV-01,2024-01-16 21:33:36,46.99,0.0,0.0,4,Success,Purchase,Hyderabad,INR,False
TXN-20240116-0001345,WALL-0050067,MERCH-00431,PM-03,DEV-01,2024-01-16 12:42:40,167.42,1.3394,0.0,16,Success,Tax Payment,Manila,PHP,False
TXN-20240116-0001346,WALL-0134311,MERCH-00468,PM-03,DEV-01,2024-01-16 04:17:57,76.31,0.6105,0.0,0,Failed,Payment,Bangkok,THB,False
TXN-20240116-0001347,WALL-0074069,MERCH-00311,PM-01,DEV-03,2024-01-16 15:36:41,57.25,0.0,0.0,5,Success,Bill Payment,Taunggyi,MMK,False
TXN-20240116-0001348,WALL-0037193,MERCH-00001,PM-05,DEV-01,2024-01-16 19:55:20,19.04,0.0,0.3808,1,Success,Purchase,Surabaya,MMK,False
TXN-20240116-0001349,WALL-0057643,MERCH-00396,PM-01,DEV-01,2024-01-16 20:32:49,96.8,0.0,0.0,9,Success,Purchase,Siem Reap,INR,True
TXN-20240116-0001350,WALL-0087200,MERCH-00337,PM-05,DEV-02,2024-01-16 12:53:17,75.16,0.0,0.0,7,Success,Bill Payment,Naypyidaw,MMK,False
TXN-20240116-0001351,WALL-0008412,MERCH-00094,PM-01,DEV-01,2024-01-16 14:04:35,22.58,0.0,0.0,2,Success,Purchase,Bali,IDR,False
TXN-20240116-0001352,WALL-0047581,MERCH-00450,PM-03,DEV-03,2024-01-16 16:26:57,130.89,1.0471,0.0,13,Success,Tax Payment,Ho Chi Minh City,THB,False
TXN-20240116-0001353,WALL-0058678,MERCH-00217,PM-03,DEV-02,2024-01-16 16:30:46,14.58,0.1166,0.0,1,Success,Purchase,Taunggyi,MMK,False
TXN-20240116-0001354,WALL-0090365,MERCH-00221,PM-02,DEV-02,2024-01-16 16:07:30,6.89,0.0138,0.0,0,Success,Purchase,Mawlamyine,MMK,False
TXN-20240116-0001355,WALL-0115862,MERCH-00073,PM-01,DEV-02,2024-01-16 19:13:02,9.53,0.0,0.1907,0,Success,Purchase,Pokhara,NPR,False
TXN-20240116-0001356,WALL-0094894,MERCH-00434,PM-02,DEV-02,2024-01-16 09:42:34,51.32,0.1026,0.0,5,Success,Tax Payment,Phnom Penh,KHR,False
TXN-20240116-0001357,WALL-0007970,MERCH-00283,PM-01,DEV-03,2024-01-16 06:22:37,687.59,0.0,55.0071,137,Success,Purchase,Quezon City,PHP,False
TXN-20240116-0001358,WALL-0057999,MERCH-00101,PM-02,DEV-01,2024-01-16 21:24:46,23.8,0.0476,0.0,2,Success,Purchase,Myitkyina,MMK,False
TXN-20240116-0001359,WALL-0014543,MERCH-00344,PM-01,DEV-01,2024-01-16 13:07:51,32.43,0.0,0.0,3,Success,Bill Payment,Hanoi,VND,False
TXN-20240116-0001360,WALL-0098867,MERCH-00074,PM-01,DEV-01,2024-01-16 01:45:01,7.92,0.0,0.1583,0,Success,Purchase,Chiang Mai,INR,False
TXN-20240116-0001361,WALL-0011037,MERCH-00144,PM-02,DEV-01,2024-01-16 10:10:50,22.71,0.0454,1.1354,2,Success,Purchase,Ho Chi Minh City,VND,False
TXN-20240116-0001362,WALL-0011524,MERCH-00354,PM-01,DEV-01,2024-01-16 21:26:42,24.98,0.0,0.0,2,Success,Bill Payment,Siem Reap,KHR,False
TXN-20240116-0001363,WALL-0051657,MERCH-00078,PM-03,DEV-02,2024-01-16 17:32:31,23.02,0.1842,0.0,0,Failed,Purchase,Yangon,MMK,False
TXN-20240116-0001364,WALL-0033082,MERCH-00388,PM-01,DEV-01,2024-01-16 02:41:07,34.44,0.0,0.0,3,Success,Purchase,Yangon,MMK,False
TXN-20240116-0001365,WALL-0106556,MERCH-00100,PM-05,DEV-05,2024-01-16 12:58:01,78.65,0.0,0.0,7,Success,Purchase,Kandy,LKR,False
TXN-20240116-0001366,WALL-0098866,MERCH-00431,PM-02,DEV-02,2024-01-16 10:03:00,335.0,0.67,0.0,33,Success,Tax Payment,Islamabad,PKR,False
TXN-20240116-0001367,WALL-0058724,MERCH-00291,PM-04,DEV-02,2024-01-16 05:38:57,119.55,2.3911,9.5642,23,Success,Purchase,Karachi,MMK,False
TXN-20240116-0001368,WALL-0026231,MERCH-00057,PM-04,DEV-02,2024-01-16 17:02:43,10.29,0.2057,0.2057,1,Success,Purchase,Bangkok,THB,False
TXN-20240116-0001369,WALL-0123045,MERCH-00340,PM-03,DEV-01,2024-01-16 12:05:55,37.81,0.3025,0.0,3,Success,Bill Payment,Taunggyi,MMK,False
TXN-20240116-0001370,WALL-0117726,MERCH-00060,PM-04,DEV-01,2024-01-16 20:22:35,7.36,0.1472,0.1472,0,Success,Purchase,Kolkata,INR,False
TXN-20240116-0001371,WALL-0077289,MERCH-00230,PM-01,DEV-02,2024-01-16 22:44:26,5.69,0.0,0.0,0,Success,Purchase,Yangon,MMK,False
TXN-20240116-0001372,WALL-0140697,MERCH-00325,PM-02,DEV-01,2024-01-16 12:52:34,91.12,0.1822,0.0,9,Success,Bill Payment,Pattaya,NPR,False
TXN-20240116-0001373,WALL-0114694,MERCH-00020,PM-01,DEV-04,2024-01-16 07:41:56,15.24,0.0,0.3047,1,Success,Purchase,Myitkyina,MMK,False
TXN-20240116-0001374,WALL-0129371,MERCH-00447,PM-01,DEV-01,2024-01-16 20:32:31,427.66,0.0,0.0,42,Success,Tax Payment,Naypyidaw,MMK,False
TXN-20240116-0001375,WALL-0076611,MERCH-00066,PM-04,DEV-01,2024-01-16 13:35:05,7.18,0.1435,0.1435,0,Success,Purchase,Surabaya,IDR,False
TXN-20240116-0001376,WALL-0051673,MERCH-00175,PM-02,DEV-01,2024-01-16 09:03:06,39.41,0.0788,1.9707,3,Success,Purchase,Pune,INR,False
TXN-20240116-0001377,WALL-0026828,MERCH-00280,PM-01,DEV-02,2024-01-16 19:14:55,100.0,0.0,8.0,20,Success,Purchase,Myitkyina,MMK,False
TXN-20240116-0001378,WALL-0126182,MERCH-00330,PM-04,DEV-01,2024-01-16 11:44:18,98.91,1.9782,0.0,9,Success,Bill Payment,Kathmandu,NPR,False
TXN-20240116-0001379,WALL-0120477,MERCH-00188,PM-02,DEV-01,2024-01-16 17:08:06,34.06,0.0681,1.7028,3,Success,Purchase,Myitkyina,MMK,False
TXN-20240116-0001380,WALL-0047801,MERCH-00498,PM-04,DEV-03,2024-01-16 06:00:33,89.19,1.7837,0.0,8,Success,Payment,Karachi,PKR,False
TXN-20240116-0001381,WALL-0039946,MERCH-00365,PM-01,DEV-01,2024-01-16 11:26:47,70.0,0.0,0.0,7,Success,Bill Payment,Bago,MMK,False
TXN-20240116-0001382,WALL-0081059,MERCH-00205,PM-01,DEV-01,2024-01-16 11:13:37,15.43,0.0,0.0,1,Success,Purchase,Davao,PHP,False
TXN-20240116-0001383,WALL-0134069,MERCH-00386,PM-01,DEV-02,2024-01-16 14:16:48,74.87,0.0,0.0,7,Success,Purchase,Quezon City,PHP,False
TXN-20240116-0001384,WALL-0109268,MERCH-00113,PM-01,DEV-01,2024-01-16 07:22:43,230.22,0.0,0.0,23,Success,Purchase,Dhaka,MMK,False
TXN-20240116-0001385,WALL-0130680,MERCH-00035,PM-02,DEV-02,2024-01-16 18:35:42,13.57,0.0271,0.2713,1,Success,Purchase,Pathein,MMK,False
TXN-20240116-0001386,WALL-0104537,MERCH-00160,PM-02,DEV-05,2024-01-16 21:03:40,117.47,0.2349,5.8735,11,Success,Purchase,Davao,PHP,False
TXN-20240116-0001387,WALL-0029113,MERCH-00334,PM-02,DEV-01,2024-01-16 16:55:55,144.95,0.2899,0.0,14,Success,Bill Payment,Kuala Lumpur,MYR,False
TXN-20240116-0001388,WALL-0116303,MERCH-00120,PM-01,DEV-01,2024-01-16 05:26:33,82.83,0.0,0.0,8,Success,Purchase,Mawlamyine,MMK,False
TXN-20240116-0001389,WALL-0085131,MERCH-00248,PM-01,DEV-01,2024-01-16 15:36:58,66.0,0.0,0.0,6,Success,Subscription,Johor Bahru,MYR,False
TXN-20240116-0001390,WALL-0047178,MERCH-00394,PM-03,DEV-01,2024-01-16 16:25:50,34.62,0.277,0.0,3,Success,Purchase,Bali,IDR,False
TXN-20240116-0001391,WALL-0044341,MERCH-00072,PM-01,DEV-03,2024-01-16 19:25:50,26.65,0.0,0.533,2,Success,Purchase,Mandalay,MMK,False
TXN-20240116-0001392,WALL-0001850,MERCH-00333,PM-04,DEV-01,2024-01-16 03:31:19,91.67,1.8335,0.0,9,Success,Bill Payment,Naypyidaw,MMK,False
TXN-20240116-0001393,WALL-0037467,MERCH-00073,PM-01,DEV-01,2024-01-16 04:03:28,27.09,0.0,0.5418,2,Success,Purchase,Pokhara,BDT,False
TXN-20240116-0001394,WALL-0001650,MERCH-00024,PM-02,DEV-01,2024-01-16 19:28:39,14.04,0.0281,0.2807,1,Success,Purchase,Hyderabad,INR,False
TXN-20240116-0001395,WALL-0019449,MERCH-00226,PM-01,DEV-01,2024-01-16 15:33:18,12.56,0.0,0.0,1,Success,Purchase,Pattaya,THB,False
TXN-20240116-0001396,WALL-0043525,MERCH-00415,PM-02,DEV-02,2024-01-16 04:44:12,38.64,0.0773,0.0,3,Success,Payment,Phuket,MMK,False
TXN-20240116-0001397,WALL-0067448,MERCH-00002,PM-04,DEV-01,2024-01-16 18:53:33,13.48,0.2695,0.2695,1,Success,Purchase,Khon Kaen,THB,False
TXN-20240116-0001398,WALL-0112317,MERCH-00050,PM-02,DEV-01,2024-01-16 08:20:16,9.88,0.0198,0.1976,0,Success,Purchase,Mumbai,MMK,False
TXN-20240116-0001399,WALL-0113195,MERCH-00427,PM-02,DEV-02,2024-01-16 14:14:55,80.09,0.1602,0.0,8,Success,Payment,Ahmedabad,INR,False
TXN-20240116-0001400,WALL-0099982,MERCH-00069,PM-01,DEV-05,2024-01-16 20:02:47,12.25,0.0,0.2451,1,Success,Purchase,Delhi,INR,False
TXN-20240116-0001401,WALL-0036867,MERCH-00142,PM-01,DEV-03,2024-01-16 14:42:05,104.73,0.0,5.2364,10,Success,Purchase,Da Nang,VND,False
TXN-20240116-0001402,WALL-0009594,MERCH-00315,PM-01,DEV-02,2024-01-16 17:03:23,180.32,0.0,0.0,18,Success,Bill Payment,Mawlamyine,MMK,False
TXN-20240116-0001403,WALL-0116657,MERCH-00081,PM-04,DEV-01,2024-01-16 16:30:04,17.47,0.3494,0.0,1,Success,Purchase,Mandalay,MMK,False
TXN-20240116-0001404,WALL-0073817,MERCH-00126,PM-02,DEV-01,2024-01-16 11:02:28,55.62,0.1112,0.0,5,Success,Purchase,Pokhara,IDR,False
TXN-20240116-0001405,WALL-0004456,MERCH-00097,PM-04,DEV-05,2024-01-16 20:48:04,48.39,0.9677,0.0,4,Success,Purchase,Phuket,THB,False
TXN-20240116-0001406,WALL-0003060,MERCH-00385,PM-01,DEV-02,2024-01-16 19:28:23,171.84,0.0,0.0,17,Success,Purchase,Lahore,PKR,False
TXN-20240116-0001407,WALL-0031800,MERCH-00411,PM-04,DEV-02,2024-01-16 20:44:25,48.43,0.9686,0.0,4,Success,Payment,Dhaka,BDT,False
TXN-20240116-0001408,WALL-0104687,MERCH-00346,PM-01,DEV-03,2024-01-16 19:13:42,17.69,0.0,0.0,1,Success,Bill Payment,Naypyidaw,MMK,False
TXN-20240116-0001409,WALL-0038937,MERCH-00130,PM-03,DEV-01,2024-01-16 21:33:50,35.87,0.2869,0.0,3,Success,Purchase,Taunggyi,MMK,False
TXN-20240116-0001410,WALL-0046930,MERCH-00336,PM-01,DEV-01,2024-01-16 19:07:32,27.24,0.0,0.0,0,Failed,Bill Payment,Bandung,MMK,False
TXN-20240116-0001411,WALL-0106995,MERCH-00006,PM-01,DEV-02,2024-01-16 01:03:50,21.6,0.0,0.432,2,Success,Purchase,Mumbai,INR,False
TXN-20240116-0001412,WALL-0101724,MERCH-00433,PM-05,DEV-01,2024-01-16 20:48:47,71.79,0.0,0.0,7,Success,Tax Payment,Mandalay,VND,False
TXN-20240116-0001413,WALL-0043349,MERCH-00136,PM-01,DEV-01,2024-01-16 21:17:08,57.31,0.0,2.8653,5,Success,Purchase,Pathein,MMK,False
TXN-20240116-0001414,WALL-0031363,MERCH-00104,PM-01,DEV-01,2024-01-16 20:14:11,44.73,0.0,0.0,4,Success,Purchase,Chittagong,BDT,False
TXN-20240116-0001415,WALL-0089969,MERCH-00007,PM-01,DEV-02,2024-01-16 17:59:02,18.31,0.0,0.3662,1,Success,Purchase,Ho Chi Minh City,VND,False
TXN-20240116-0001416,WALL-0074089,MERCH-00295,PM-04,DEV-01,2024-01-16 12:47:25,2984.84,59.6968,238.7872,596,Success,Purchase,Pathein,MMK,False
TXN-20240116-0001417,WALL-0076266,MERCH-00437,PM-02,DEV-01,2024-01-16 11:12:54,54.61,0.1092,0.0,5,Success,Tax Payment,Pathein,MMK,False
TXN-20240116-0001418,WALL-0125538,MERCH-00060,PM-01,DEV-01,2024-01-16 17:32:11,17.49,0.0,0.3498,1,Success,Purchase,Mawlamyine,MMK,False
TXN-20240116-0001419,WALL-0109260,MERCH-00439,PM-01,DEV-01,2024-01-16 19:56:45,354.64,0.0,0.0,0,Failed,Tax Payment,Karachi,PKR,False
TXN-20240116-0001420,WALL-0067610,MERCH-00208,PM-01,DEV-01,2024-01-16 17:38:02,6.84,0.0,0.0,0,Success,Purchase,Phnom Penh,MMK,False
TXN-20240116-0001421,WALL-0142159,MERCH-00090,PM-02,DEV-02,2024-01-16 13:26:22,71.82,0.1436,0.0,7,Success,Purchase,Cebu City,KHR,False
TXN-20240116-0001422,WALL-0074407,MERCH-00237,PM-01,DEV-01,2024-01-16 09:54:54,11.14,0.0,0.0,1,Success,Subscription,Chennai,INR,False
TXN-20240116-0001423,WALL-0106269,MERCH-00222,PM-03,DEV-02,2024-01-16 16:24:46,5.92,0.0473,0.0,0,Failed,Purchase,Phuket,THB,False
TXN-20240116-0001424,WALL-0123047,MERCH-00023,PM-01,DEV-01,2024-01-16 11:09:00,20.37,0.0,0.4074,2,Success,Purchase,Pathein,MMK,False
TXN-20240116-0001425,WALL-0099712,MERCH-00234,PM-01,DEV-01,2024-01-16 13:05:04,31.23,0.0,0.0,3,Success,Subscription,Bago,MMK,False
TXN-20240116-0001426,WALL-0072582,MERCH-00041,PM-01,DEV-01,2024-01-16 08:09:45,13.09,0.0,0.2618,1,Success,Purchase,Jaipur,INR,False
TXN-20240116-0001427,WALL-0064813,MERCH-00203,PM-03,DEV-01,2024-01-16 06:54:24,13.18,0.1054,0.0,0,Pending,Purchase,Pune,INR,False
TXN-20240116-0001428,WALL-0036758,MERCH-00253,PM-04,DEV-01,2024-01-16 08:10:47,23.91,0.4782,0.0,2,Success,Subscription,Mawlamyine,MMK,False
TXN-20240116-0001429,WALL-0066597,MERCH-00318,PM-02,DEV-03,2024-01-16 08:55:25,66.43,0.1329,0.0,6,Success,Bill Payment,Surabaya,IDR,False
TXN-20240116-0001430,WALL-0031525,MERCH-00081,PM-02,DEV-01,2024-01-16 11:32:04,107.54,0.2151,0.0,10,Success,Purchase,Mawlamyine,MMK,False
TXN-20240116-0001431,WALL-0117098,MERCH-00329,PM-01,DEV-01,2024-01-16 13:52:53,67.39,0.0,0.0,6,Success,Bill Payment,Hanoi,VND,False
TXN-20240116-0001432,WALL-0016362,MERCH-00379,PM-02,DEV-03,2024-01-16 01:49:14,75.32,0.1506,0.0,7,Success,Purchase,Chittagong,BDT,False
TXN-20240116-0001433,WALL-0022673,MERCH-00327,PM-01,DEV-01,2024-01-16 12:23:47,62.67,0.0,0.0,6,Success,Bill Payment,Ahmedabad,INR,False
TXN-20240116-0001434,WALL-0118737,MERCH-00125,PM-03,DEV-02,2024-01-16 08:29:58,12.2,0.0976,0.0,1,Success,Purchase,Delhi,PHP,False
TXN-20240116-0001435,WALL-0048401,MERCH-00498,PM-01,DEV-02,2024-01-16 05:56:11,294.42,0.0,0.0,29,Success,Payment,Manila,PHP,False
TXN-20240116-0001436,WALL-0062554,MERCH-00352,PM-01,DEV-01,2024-01-16 15:17:11,94.67,0.0,0.0,9,Success,Bill Payment,Phnom Penh,KHR,False
TXN-20240116-0001437,WALL-0048512,MERCH-00134,PM-02,DEV-02,2024-01-16 17:31:54,106.47,0.2129,5.3233,10,Success,Purchase,Myitkyina,MMK,False
TXN-20240116-0001438,WALL-0087023,MERCH-00447,PM-01,DEV-02,2024-01-16 16:08:57,79.42,0.0,0.0,7,Success,Tax Payment,Ahmedabad,INR,False
TXN-20240116-0001439,WALL-0054539,MERCH-00369,PM-03,DEV-01,2024-01-16 13:34:41,56.54,0.4523,0.0,5,Success,Bill Payment,Bali,IDR,False
TXN-20240116-0001440,WALL-0091694,MERCH-00310,PM-01,DEV-01,2024-01-16 19:31:16,100.0,0.0,8.0,20,Success,Purchase,Bandung,IDR,False
TXN-20240116-0001441,WALL-0001147,MERCH-00191,PM-03,DEV-01,2024-01-16 10:33:37,10.0,0.08,0.0,0,Success,Purchase,Jakarta,IDR,False
TXN-20240116-0001442,WALL-0045680,MERCH-00025,PM-01,DEV-01,2024-01-16 19:01:43,22.1,0.0,0.4421,2,Success,Purchase,Naypyidaw,MMK,False
TXN-20240116-0001443,WALL-0020076,MERCH-00339,PM-01,DEV-01,2024-01-16 16:17:41,153.15,0.0,0.0,15,Success,Bill Payment,Phnom Penh,KHR,False
TXN-20240116-0001444,WALL-0083810,MERCH-00288,PM-01,DEV-01,2024-01-16 10:23:32,181.25,0.0,14.4999,36,Success,Purchase,Kathmandu,NPR,False
TXN-20240116-0001445,WALL-0110857,MERCH-00276,PM-04,DEV-01,2024-01-16 19:50:47,433.58,8.6716,34.6863,86,Success,Purchase,Myitkyina,MMK,False
TXN-20240116-0001446,WALL-0021246,MERCH-00028,PM-02,DEV-01,2024-01-16 20:26:10,20.11,0.0402,0.4023,2,Success,Purchase,Kandy,LKR,False
TXN-20240116-0001447,WALL-0010322,MERCH-00425,PM-01,DEV-02,2024-01-16 06:03:48,61.56,0.0,0.0,6,Success,Payment,Colombo,KHR,False
TXN-20240116-0001448,WALL-0148267,MERCH-00311,PM-04,DEV-03,2024-01-16 13:20:58,24.93,0.4986,0.0,2,Success,Bill Payment,Chiang Mai,THB,False
TXN-20240116-0001449,WALL-0121881,MERCH-00190,PM-01,DEV-01,2024-01-16 21:06:47,121.05,0.0,6.0526,12,Success,Purchase,Hanoi,MYR,False
TXN-20240116-0001450,WALL-0101993,MERCH-00103,PM-01,DEV-01,2024-01-16 16:59:04,20.83,0.0,0.0,2,Success,Purchase,Hanoi,VND,False
TXN-20240116-0001451,WALL-0133591,MERCH-00034,PM-01,DEV-01,2024-01-16 16:17:51,11.69,0.0,0.2339,1,Success,Purchase,Quezon City,PHP,False
TXN-20240116-0001452,WALL-0149332,MERCH-00251,PM-02,DEV-01,2024-01-16 21:41:11,50.06,0.1001,0.0,5,Success,Subscription,Colombo,LKR,False
TXN-20240116-0001453,WALL-0058662,MERCH-00373,PM-01,DEV-03,2024-01-16 16:32:50,74.83,0.0,0.0,7,Success,Purchase,Manila,PHP,False
TXN-20240116-0001454,WALL-0045722,MERCH-00164,PM-01,DEV-01,2024-01-16 14:27:44,214.36,0.0,10.7179,21,Success,Purchase,Myitkyina,MMK,False
TXN-20240116-0001455,WALL-0013972,MERCH-00018,PM-01,DEV-03,2024-01-16 19:30:36,23.62,0.0,0.4724,2,Success,Purchase,Yangon,MMK,False
TXN-20240116-0001456,WALL-0045308,MERCH-00022,PM-01,DEV-02,2024-01-16 03:50:49,23.24,0.0,0.4648,2,Success,Purchase,Manila,PHP,False
TXN-20240116-0001457,WALL-0141549,MERCH-00329,PM-03,DEV-02,2024-01-16 12:40:31,58.67,0.4693,0.0,5,Success,Bill Payment,Pokhara,MMK,False
TXN-20240116-0001458,WALL-0076508,MERCH-00240,PM-02,DEV-02,2024-01-16 23:46:38,17.37,0.0347,0.0,1,Success,Subscription,Bandung,PKR,False
TXN-20240116-0001459,WALL-0090839,MERCH-00228,PM-01,DEV-01,2024-01-16 19:56:58,15.17,0.0,0.0,1,Success,Purchase,Da Nang,VND,False
TXN-20240116-0001460,WALL-0039959,MERCH-00479,PM-01,DEV-02,2024-01-16 04:34:48,230.63,0.0,0.0,23,Success,Payment,Bago,MMK,False
TXN-20240116-0001461,WALL-0081155,MERCH-00420,PM-01,DEV-01,2024-01-16 14:32:37,307.58,0.0,0.0,30,Success,Payment,Naypyidaw,MMK,False
TXN-20240116-0001462,WALL-0127017,MERCH-00375,PM-02,DEV-01,2024-01-16 12:40:56,65.13,0.1303,0.0,6,Success,Purchase,Bago,MMK,False
TXN-20240116-0001463,WALL-0142291,MERCH-00279,PM-01,DEV-01,2024-01-16 09:54:31,189.88,0.0,15.19,37,Success,Purchase,Kandy,LKR,False
TXN-20240116-0001464,WALL-0058633,MERCH-00021,PM-05,DEV-01,2024-01-16 15:26:37,21.97,0.0,0.0,0,Pending,Purchase,Cebu City,PHP,False
TXN-20240116-0001465,WALL-0012750,MERCH-00022,PM-01,DEV-01,2024-01-16 16:05:08,18.13,0.0,0.3625,1,Success,Purchase,Pathein,MMK,False
TXN-20240116-0001466,WALL-0062048,MERCH-00028,PM-01,DEV-01,2024-01-16 19:46:59,42.59,0.0,0.8518,4,Success,Purchase,Surabaya,IDR,False
TXN-20240116-0001467,WALL-0109851,MERCH-00304,PM-03,DEV-02,2024-01-16 14:30:45,1847.58,14.7806,147.8062,369,Success,Purchase,Bago,MMK,False
TXN-20240116-0001468,WALL-0039597,MERCH-00231,PM-01,DEV-01,2024-01-16 13:57:17,33.78,0.0,0.0,3,Success,Subscription,Myitkyina,MMK,False
TXN-20240116-0001469,WALL-0048868,MERCH-00120,PM-04,DEV-03,2024-01-16 17:33:33,28.65,0.5729,0.0,2,Success,Purchase,Bandung,IDR,False
TXN-20240116-0001470,WALL-0029467,MERCH-00036,PM-01,DEV-01,2024-01-16 17:17:48,44.56,0.0,0.8913,4,Success,Purchase,Delhi,INR,False
TXN-20240116-0001471,WALL-0101042,MERCH-00201,PM-03,DEV-01,2024-01-16 12:09:46,12.66,0.1013,0.0,1,Success,Purchase,Kolkata,INR,False
TXN-20240116-0001472,WALL-0041446,MERCH-00043,PM-01,DEV-02,2024-01-16 02:52:38,25.74,0.0,0.5148,2,Success,Purchase,Pune,INR,False
TXN-20240116-0001473,WALL-0042546,MERCH-00325,PM-02,DEV-01,2024-01-16 17:56:12,59.25,0.1185,0.0,5,Success,Bill Payment,Myitkyina,MMK,False
TXN-20240116-0001474,WALL-0071782,MERCH-00185,PM-01,DEV-01,2024-01-16 18:57:39,20.0,0.0,1.0,2,Success,Purchase,Khon Kaen,THB,False
TXN-20240116-0001475,WALL-0003726,MERCH-00060,PM-01,DEV-03,2024-01-16 18:17:55,10.12,0.0,0.2025,1,Success,Purchase,Kathmandu,NPR,False
TXN-20240116-0001476,WALL-0119010,MERCH-00287,PM-03,DEV-01,2024-01-16 21:11:07,326.41,2.6113,26.1127,65,Success,Purchase,Pune,INR,False
TXN-20240116-0001477,WALL-0066429,MERCH-00151,PM-05,DEV-05,2024-01-16 19:00:44,53.53,0.0,2.6765,5,Success,Purchase,Mawlamyine,MMK,False
TXN-20240116-0001478,WALL-0138621,MERCH-00309,PM-01,DEV-01,2024-01-16 20:56:38,1111.59,0.0,88.9269,222,Success,Purchase,Cebu City,PHP,False
TXN-20240116-0001479,WALL-0058666,MERCH-00268,PM-02,DEV-02,2024-01-16 02:56:01,21.84,0.0437,0.0,2,Success,Subscription,Dhaka,BDT,False
TXN-20240116-0001480,WALL-0091280,MERCH-00113,PM-03,DEV-03,2024-01-16 16:20:33,33.77,0.2701,0.0,3,Success,Purchase,Hyderabad,INR,False
TXN-20240116-0001481,WALL-0053133,MERCH-00411,PM-04,DEV-01,2024-01-16 19:11:04,183.85,3.6769,0.0,18,Success,Payment,Mawlamyine,MMK,False
TXN-20240116-0001482,WALL-0127485,MERCH-00244,PM-02,DEV-01,2024-01-16 22:25:38,13.3,0.0266,0.0,0,Pending,Subscription,Myitkyina,MMK,False
TXN-20240116-0001483,WALL-0137356,MERCH-00415,PM-02,DEV-01,2024-01-16 06:48:56,164.85,0.3297,0.0,0,Pending,Payment,Yangon,MMK,False
TXN-20240116-0001484,WALL-0018099,MERCH-00337,PM-02,DEV-01,2024-01-16 13:24:38,88.05,0.1761,0.0,8,Success,Bill Payment,Cebu City,PHP,False
TXN-20240116-0001485,WALL-0010674,MERCH-00123,PM-01,DEV-01,2024-01-16 21:51:59,111.7,0.0,0.0,0,Failed,Purchase,Chennai,MMK,False
TXN-20240116-0001486,WALL-0120408,MERCH-00400,PM-02,DEV-01,2024-01-16 13:10:03,38.36,0.0767,0.0,3,Success,Purchase,Mandalay,MMK,False
TXN-20240116-0001487,WALL-0032898,MERCH-00299,PM-04,DEV-02,2024-01-16 14:15:50,100.0,2.0,8.0,20,Success,Purchase,Mawlamyine,MMK,False
TXN-20240116-0001488,WALL-0065066,MERCH-00364,PM-01,DEV-02,2024-01-16 21:47:24,62.61,0.0,0.0,6,Success,Bill Payment,Pokhara,NPR,False
TXN-20240116-0001489,WALL-0073752,MERCH-00344,PM-04,DEV-02,2024-01-16 14:59:45,42.63,0.8527,0.0,4,Success,Bill Payment,Lahore,MMK,False
TXN-20240116-0001490,WALL-0018535,MERCH-00446,PM-01,DEV-01,2024-01-16 19:55:18,167.03,0.0,0.0,16,Success,Tax Payment,Hanoi,VND,False
TXN-20240116-0001491,WALL-0023970,MERCH-00023,PM-04,DEV-02,2024-01-16 16:09:31,7.83,0.1565,0.1565,0,Success,Purchase,Pokhara,NPR,False
TXN-20240116-0001492,WALL-0063229,MERCH-00007,PM-05,DEV-01,2024-01-16 15:52:57,36.43,0.0,0.7285,3,Success,Purchase,Mawlamyine,MMK,False
TXN-20240116-0001493,WALL-0145680,MERCH-00023,PM-02,DEV-03,2024-01-16 15:39:40,9.28,0.0186,0.0,0,Pending,Purchase,Yangon,MMK,False
TXN-20240116-0001494,WALL-0127882,MERCH-00108,PM-02,DEV-01,2024-01-16 06:05:28,185.21,0.3704,0.0,18,Success,Purchase,Cebu City,MMK,False
TXN-20240116-0001495,WALL-0019639,MERCH-00021,PM-01,DEV-02,2024-01-16 09:54:36,11.59,0.0,0.2319,1,Success,Purchase,Siem Reap,KHR,False
TXN-20240116-0001496,WALL-0084020,MERCH-00171,PM-01,DEV-03,2024-01-16 18:23:44,47.45,0.0,2.3723,4,Success,Purchase,Taunggyi,MMK,False
TXN-20240116-0001497,WALL-0093566,MERCH-00426,PM-02,DEV-02,2024-01-16 13:11:27,93.71,0.1874,0.0,9,Success,Payment,Islamabad,PKR,False
TXN-20240116-0001498,WALL-0020230,MERCH-00030,PM-01,DEV-01,2024-01-16 11:38:30,12.93,0.0,0.2586,1,Success,Purchase,Pune,INR,False
TXN-20240116-0001499,WALL-0068089,MERCH-00335,PM-01,DEV-01,2024-01-16 15:30:18,70.69,0.0,0.0,7,Success,Bill Payment,Manila,PHP,False
TXN-20240116-0001500,WALL-0065646,MERCH-00394,PM-05,DEV-03,2024-01-16 17:22:06,20.0,0.0,0.0,2,Success,Purchase,Cebu City,PHP,False
TXN-20240116-0001501,WALL-0141023,MERCH-00272,PM-01,DEV-02,2024-01-16 19:26:38,561.48,0.0,44.9187,112,Success,Purchase,Myitkyina,MMK,False
TXN-20240116-0001502,WALL-0050099,MERCH-00015,PM-01,DEV-01,2024-01-16 12:35:41,18.96,0.0,0.3793,1,Success,Purchase,Taunggyi,MMK,False
TXN-20240116-0001503,WALL-0025801,MERCH-00095,PM-01,DEV-02,2024-01-16 15:33:21,25.58,0.0,0.0,2,Success,Purchase,Myitkyina,MMK,False
TXN-20240116-0001504,WALL-0086506,MERCH-00035,PM-04,DEV-01,2024-01-16 12:25:54,11.14,0.2227,0.2227,1,Success,Purchase,Jakarta,IDR,False
TXN-20240116-0001505,WALL-0042399,MERCH-00317,PM-04,DEV-03,2024-01-16 10:31:00,65.76,1.3152,0.0,6,Success,Bill Payment,Ahmedabad,BDT,False
TXN-20240116-0001506,WALL-0094398,MERCH-00365,PM-01,DEV-01,2024-01-16 21:00:02,49.69,0.0,0.0,4,Success,Bill Payment,Manila,PHP,False
TXN-20240116-0001507,WALL-0074948,MERCH-00186,PM-03,DEV-01,2024-01-16 17:57:43,89.21,0.7137,4.4606,8,Success,Purchase,Bali,MMK,False
TXN-20240116-0001508,WALL-0032256,MERCH-00266,PM-02,DEV-01,2024-01-16 15:50:34,32.48,0.065,0.0,3,Success,Subscription,Naypyidaw,MMK,False
TXN-20240116-0001509,WALL-0115760,MERCH-00324,PM-04,DEV-01,2024-01-16 18:09:16,137.95,2.7589,0.0,13,Success,Bill Payment,Manila,PHP,False
TXN-20240116-0001510,WALL-0063098,MERCH-00421,PM-02,DEV-01,2024-01-16 17:47:25,20.0,0.04,0.0,0,Reversed,Payment,Bago,MMK,False
TXN-20240116-0001511,WALL-0026544,MERCH-00007,PM-03,DEV-03,2024-01-16 11:58:23,43.1,0.3448,0.8621,4,Success,Purchase,Delhi,INR,False
TXN-20240116-0001512,WALL-0065322,MERCH-00339,PM-02,DEV-01,2024-01-16 16:57:25,55.58,0.1112,0.0,5,Success,Bill Payment,Taunggyi,MMK,False
TXN-20240116-0001513,WALL-0124034,MERCH-00355,PM-02,DEV-01,2024-01-16 22:00:12,26.76,0.0535,0.0,2,Success,Bill Payment,Davao,SGD,False
TXN-20240116-0001514,WALL-0049531,MERCH-00304,PM-01,DEV-01,2024-01-16 19:17:30,446.78,0.0,35.7428,89,Success,Purchase,Mandalay,MMK,False
TXN-20240116-0001515,WALL-0079649,MERCH-00044,PM-05,DEV-01,2024-01-16 15:45:34,8.67,0.0,0.1734,0,Success,Purchase,Yangon,NPR,False
TXN-20240116-0001516,WALL-0109308,MERCH-00228,PM-01,DEV-01,2024-01-16 23:46:48,26.88,0.0,0.0,2,Success,Purchase,Lahore,PKR,False
TXN-20240116-0001517,WALL-0103049,MERCH-00369,PM-01,DEV-02,2024-01-16 14:56:41,44.63,0.0,0.0,4,Success,Bill Payment,Chiang Mai,THB,False
TXN-20240116-0001518,WALL-0041459,MERCH-00097,PM-02,DEV-01,2024-01-16 13:51:27,51.64,0.1033,0.0,5,Success,Purchase,Colombo,LKR,False
TXN-20240116-0001519,WALL-0149339,MERCH-00180,PM-04,DEV-02,2024-01-16 02:30:14,221.35,4.4271,11.0677,22,Success,Purchase,Pattaya,THB,False
TXN-20240116-0001520,WALL-0036712,MERCH-00445,PM-01,DEV-01,2024-01-16 08:57:08,599.68,0.0,0.0,59,Success,Tax Payment,Phuket,INR,False
TXN-20240116-0001521,WALL-0000042,MERCH-00376,PM-02,DEV-02,2024-01-16 19:43:39,29.55,0.0591,0.0,2,Success,Purchase,Naypyidaw,MMK,False
TXN-20240116-0001522,WALL-0093080,MERCH-00022,PM-02,DEV-02,2024-01-16 20:47:36,6.13,0.0123,0.1225,0,Success,Purchase,Myitkyina,MMK,False
TXN-20240116-0001523,WALL-0073965,MERCH-00071,PM-03,DEV-02,2024-01-16 21:54:57,12.07,0.0966,0.2414,1,Success,Purchase,Penang,MYR,False
TXN-20240116-0001524,WALL-0009431,MERCH-00334,PM-02,DEV-04,2024-01-16 18:25:58,112.22,0.2244,0.0,11,Success,Bill Payment,Karachi,PKR,False
TXN-20240116-0001525,WALL-0053542,MERCH-00085,PM-01,DEV-01,2024-01-16 01:42:00,60.93,0.0,0.0,6,Success,Purchase,Bandung,INR,False
TXN-20240116-0001526,WALL-0139351,MERCH-00373,PM-01,DEV-02,2024-01-16 17:59:43,54.85,0.0,0.0,5,Success,Purchase,Kuala Lumpur,MYR,False
TXN-20240116-0001527,WALL-0092836,MERCH-00048,PM-01,DEV-01,2024-01-16 04:41:38,25.59,0.0,0.5119,2,Success,Purchase,Phuket,THB,False
TXN-20240116-0001528,WALL-0061288,MERCH-00445,PM-01,DEV-01,2024-01-16 17:39:36,237.89,0.0,0.0,23,Success,Tax Payment,Penang,MYR,False
TXN-20240116-0001529,WALL-0055001,MERCH-00020,PM-04,DEV-01,2024-01-16 15:02:36,19.23,0.3845,0.3845,1,Success,Purchase,Mawlamyine,MMK,False
TXN-20240116-0001530,WALL-0058697,MERCH-00437,PM-01,DEV-03,2024-01-16 15:10:20,102.53,0.0,0.0,10,Success,Tax Payment,Quezon City,PHP,False
TXN-20240116-0001531,WALL-0019470,MERCH-00363,PM-01,DEV-01,2024-01-16 20:20:15,23.94,0.0,0.0,2,Success,Bill Payment,Bandung,PKR,False
TXN-20240116-0001532,WALL-0002701,MERCH-00339,PM-04,DEV-04,2024-01-16 10:07:47,62.6,1.252,0.0,6,Success,Bill Payment,Yangon,MMK,False
TXN-20240116-0001533,WALL-0125156,MERCH-00064,PM-01,DEV-01,2024-01-16 20:36:03,11.42,0.0,0.2284,1,Success,Purchase,Kuala Lumpur,MYR,False
TXN-20240116-0001534,WALL-0001945,MERCH-00067,PM-01,DEV-02,2024-01-16 21:43:47,5.68,0.0,0.1136,0,Success,Purchase,Bangalore,INR,False
TXN-20240116-0001535,WALL-0031061,MERCH-00148,PM-04,DEV-01,2024-01-16 16:23:20,66.55,1.331,3.3275,6,Success,Purchase,Yangon,MMK,False
TXN-20240116-0001536,WALL-0147594,MERCH-00084,PM-01,DEV-02,2024-01-16 12:57:36,19.91,0.0,0.0,1,Success,Purchase,Mandalay,MMK,False
TXN-20240116-0001537,WALL-0004389,MERCH-00015,PM-01,DEV-02,2024-01-16 12:53:18,43.01,0.0,0.8602,4,Success,Purchase,Mandalay,MMK,False
TXN-20240116-0001538,WALL-0144067,MERCH-00296,PM-01,DEV-04,2024-01-16 21:33:54,2212.81,0.0,177.0246,442,Success,Purchase,Karachi,MYR,False
TXN-20240116-0001539,WALL-0090339,MERCH-00137,PM-01,DEV-01,2024-01-16 20:36:11,196.16,0.0,9.8082,19,Success,Purchase,Dhaka,BDT,False
TXN-20240116-0001540,WALL-0016548,MERCH-00026,PM-01,DEV-01,2024-01-16 06:00:15,5.0,0.0,0.1,0,Success,Purchase,Phnom Penh,KHR,False
TXN-20240116-0001541,WALL-0106103,MERCH-00333,PM-01,DEV-01,2024-01-16 13:48:25,70.84,0.0,0.0,7,Success,Bill Payment,Penang,MYR,False
TXN-20240116-0001542,WALL-0040757,MERCH-00173,PM-03,DEV-03,2024-01-16 20:05:23,101.69,0.8135,5.0846,10,Success,Purchase,Quezon City,PHP,False
TXN-20240116-0001543,WALL-0027105,MERCH-00065,PM-03,DEV-01,2024-01-16 10:51:41,23.43,0.1874,0.4686,2,Success,Purchase,Yangon,MMK,False
TXN-20240116-0001544,WALL-0124670,MERCH-00151,PM-02,DEV-01,2024-01-16 05:10:39,26.1,0.0522,1.3049,2,Success,Purchase,Surabaya,IDR,False
TXN-20240116-0001545,WALL-0116840,MERCH-00127,PM-01,DEV-03,2024-01-16 20:11:12,104.91,0.0,0.0,10,Success,Purchase,Ahmedabad,INR,False
TXN-20240116-0001546,WALL-0066394,MERCH-00113,PM-01,DEV-01,2024-01-16 15:48:17,33.51,0.0,0.0,3,Success,Purchase,Naypyidaw,MMK,False
TXN-20240116-0001547,WALL-0051102,MERCH-00211,PM-03,DEV-01,2024-01-16 18:40:15,16.67,0.1333,0.0,1,Success,Purchase,Yangon,MMK,False
TXN-20240116-0001548,WALL-0133907,MERCH-00081,PM-04,DEV-01,2024-01-16 18:16:52,50.72,1.0144,0.0,5,Success,Purchase,Bago,MMK,False
TXN-20240116-0001549,WALL-0015457,MERCH-00130,PM-01,DEV-01,2024-01-16 20:31:23,66.18,0.0,0.0,6,Success,Purchase,Lahore,PKR,False
TXN-20240116-0001550,WALL-0119908,MERCH-00152,PM-03,DEV-01,2024-01-16 18:40:06,166.1,1.3288,8.3049,16,Success,Purchase,Da Nang,VND,False
TXN-20240116-0001551,WALL-0069125,MERCH-00272,PM-03,DEV-01,2024-01-16 18:36:02,2444.3,19.5544,195.5438,488,Success,Purchase,Pathein,MMK,False
TXN-20240116-0001552,WALL-0110417,MERCH-00382,PM-02,DEV-01,2024-01-16 13:15:35,49.53,0.0991,0.0,4,Success,Purchase,Karachi,PKR,False
TXN-20240116-0001553,WALL-0085758,MERCH-00009,PM-04,DEV-02,2024-01-16 18:37:11,16.43,0.3287,0.3287,1,Success,Purchase,Mandalay,MMK,False
TXN-20240116-0001554,WALL-0053570,MERCH-00342,PM-04,DEV-03,2024-01-16 14:11:13,26.39,0.5278,0.0,2,Success,Bill Payment,Penang,MYR,False
TXN-20240116-0001555,WALL-0143177,MERCH-00022,PM-01,DEV-01,2024-01-16 09:12:22,34.85,0.0,0.697,3,Success,Purchase,Mandalay,MMK,False
TXN-20240116-0001556,WALL-0026766,MERCH-00268,PM-03,DEV-03,2024-01-16 13:55:31,21.63,0.173,0.0,2,Success,Subscription,Ahmedabad,MMK,False
TXN-20240116-0001557,WALL-0092362,MERCH-00320,PM-01,DEV-01,2024-01-16 14:08:56,71.45,0.0,0.0,7,Success,Bill Payment,Kolkata,INR,False
TXN-20240116-0001558,WALL-0044950,MERCH-00136,PM-01,DEV-01,2024-01-16 07:02:50,211.82,0.0,10.5909,21,Success,Purchase,Phuket,MMK,False
TXN-20240116-0001559,WALL-0109284,MERCH-00027,PM-04,DEV-05,2024-01-16 08:02:47,12.4,0.248,0.248,1,Success,Purchase,Mandalay,MMK,False
TXN-20240116-0001560,WALL-0029390,MERCH-00088,PM-01,DEV-01,2024-01-16 13:43:08,70.42,0.0,0.0,7,Success,Purchase,Mandalay,MMK,False
TXN-20240116-0001561,WALL-0149383,MERCH-00234,PM-01,DEV-03,2024-01-16 22:48:29,8.2,0.0,0.0,0,Success,Subscription,Cebu City,PHP,False
TXN-20240116-0001562,WALL-0088364,MERCH-00009,PM-03,DEV-01,2024-01-16 13:14:47,16.14,0.1291,0.3228,1,Success,Purchase,Medan,IDR,False
TXN-20240116-0001563,WALL-0134221,MERCH-00090,PM-02,DEV-05,2024-01-16 20:44:23,85.42,0.1708,0.0,8,Success,Purchase,Naypyidaw,MMK,False
TXN-20240116-0001564,WALL-0048112,MERCH-00221,PM-02,DEV-03,2024-01-16 07:34:45,13.39,0.0268,0.0,1,Success,Purchase,Dhaka,MYR,False
TXN-20240116-0001565,WALL-0110546,MERCH-00154,PM-01,DEV-01,2024-01-16 18:49:40,37.27,0.0,1.8635,3,Success,Purchase,Davao,PHP,False
TXN-20240116-0001566,WALL-0082608,MERCH-00024,PM-01,DEV-01,2024-01-16 15:05:59,20.1,0.0,0.402,2,Success,Purchase,Myitkyina,MMK,False
TXN-20240116-0001567,WALL-0055673,MERCH-00050,PM-02,DEV-01,2024-01-16 21:41:57,23.41,0.0468,0.4681,2,Success,Purchase,Taunggyi,MMK,False
TXN-20240116-0001568,WALL-0143520,MERCH-00174,PM-05,DEV-01,2024-01-16 20:40:40,28.51,0.0,1.4256,2,Success,Purchase,Ho Chi Minh City,VND,False
TXN-20240116-0001569,WALL-0056152,MERCH-00338,PM-03,DEV-04,2024-01-16 15:07:38,28.78,0.2302,0.0,2,Success,Bill Payment,Cebu City,PKR,False
TXN-20240116-0001570,WALL-0113646,MERCH-00028,PM-01,DEV-01,2024-01-16 12:37:39,29.1,0.0,0.582,2,Success,Purchase,Pattaya,BDT,False
TXN-20240116-0001571,WALL-0067940,MERCH-00096,PM-01,DEV-01,2024-01-16 19:52:29,58.46,0.0,0.0,5,Success,Purchase,Hanoi,IDR,False
TXN-20240116-0001572,WALL-0133264,MERCH-00420,PM-02,DEV-02,2024-01-16 10:59:38,32.79,0.0656,0.0,3,Success,Payment,Ho Chi Minh City,VND,False
TXN-20240116-0001573,WALL-0145492,MERCH-00254,PM-01,DEV-01,2024-01-16 18:49:42,59.84,0.0,0.0,5,Success,Subscription,Johor Bahru,MYR,False
TXN-20240116-0001574,WALL-0000635,MERCH-00116,PM-04,DEV-01,2024-01-16 05:46:48,76.41,1.5283,0.0,7,Success,Purchase,Naypyidaw,MMK,False
TXN-20240116-0001575,WALL-0034600,MERCH-00277,PM-01,DEV-01,2024-01-16 21:11:53,160.83,0.0,12.8666,32,Success,Purchase,Lahore,PKR,False
TXN-20240116-0001576,WALL-0039489,MERCH-00048,PM-05,DEV-01,2024-01-16 10:41:50,35.76,0.0,0.7152,3,Success,Purchase,Naypyidaw,MMK,False
TXN-20240116-0001577,WALL-0062060,MERCH-00031,PM-02,DEV-01,2024-01-16 06:31:51,18.08,0.0362,0.3616,1,Success,Purchase,Davao,INR,False
TXN-20240116-0001578,WALL-0115473,MERCH-00114,PM-01,DEV-04,2024-01-16 06:09:58,83.43,0.0,0.0,8,Success,Purchase,Pokhara,NPR,False
TXN-20240116-0001579,WALL-0017449,MERCH-00083,PM-04,DEV-02,2024-01-16 21:11:28,64.75,1.2949,0.0,6,Success,Purchase,Ho Chi Minh City,VND,False
TXN-20240116-0001580,WALL-0037283,MERCH-00340,PM-01,DEV-02,2024-01-16 21:54:58,300.0,0.0,0.0,30,Success,Bill Payment,Jaipur,INR,False
TXN-20240116-0001581,WALL-0082597,MERCH-00171,PM-01,DEV-01,2024-01-16 18:17:27,183.66,0.0,9.1831,18,Success,Purchase,Taunggyi,MMK,False
TXN-20240116-0001582,WALL-0007824,MERCH-00206,PM-02,DEV-01,2024-01-16 10:46:13,29.36,0.0587,0.0,2,Success,Purchase,Johor Bahru,MYR,False
TXN-20240116-0001583,WALL-0100511,MERCH-00034,PM-05,DEV-01,2024-01-16 17:55:27,16.34,0.0,0.3268,1,Success,Purchase,Khon Kaen,THB,False
TXN-20240116-0001584,WALL-0094755,MERCH-00098,PM-03,DEV-01,2024-01-16 04:20:25,17.17,0.1374,0.0,1,Success,Purchase,Surabaya,THB,False
TXN-20240116-0001585,WALL-0044893,MERCH-00195,PM-03,DEV-01,2024-01-16 20:19:44,21.25,0.17,0.0,2,Success,Purchase,Delhi,INR,False
TXN-20240116-0001586,WALL-0010507,MERCH-00002,PM-01,DEV-01,2024-01-16 16:37:24,22.74,0.0,0.4549,2,Success,Purchase,Khon Kaen,THB,False
TXN-20240116-0001587,WALL-0086809,MERCH-00207,PM-03,DEV-03,2024-01-16 23:41:30,13.05,0.1044,0.0,1,Success,Purchase,Manila,PHP,False
TXN-20240116-0001588,WALL-0071941,MERCH-00117,PM-05,DEV-01,2024-01-16 12:07:17,69.76,0.0,0.0,6,Success,Purchase,Islamabad,PKR,False
TXN-20240116-0001589,WALL-0116214,MERCH-00408,PM-02,DEV-03,2024-01-16 13:05:59,48.21,0.0964,0.0,4,Success,Payment,Bago,MMK,False
TXN-20240116-0001590,WALL-0136503,MERCH-00495,PM-02,DEV-03,2024-01-16 23:14:46,493.77,0.9875,0.0,49,Success,Payment,Yangon,MMK,False
TXN-20240116-0001591,WALL-0043366,MERCH-00232,PM-02,DEV-02,2024-01-16 13:10:59,7.86,0.0157,0.0,0,Success,Subscription,Naypyidaw,MMK,False
TXN-20240116-0001592,WALL-0083996,MERCH-00055,PM-02,DEV-01,2024-01-16 18:43:34,13.89,0.0278,0.2779,1,Success,Purchase,Yangon,MMK,False
TXN-20240116-0001593,WALL-0114031,MERCH-00153,PM-01,DEV-04,2024-01-16 18:55:09,84.78,0.0,4.2388,8,Success,Purchase,Da Nang,VND,False
TXN-20240116-0001594,WALL-0126903,MERCH-00367,PM-04,DEV-01,2024-01-16 16:39:20,41.24,0.8248,0.0,4,Success,Bill Payment,Penang,MYR,False
TXN-20240116-0001595,WALL-0036050,MERCH-00129,PM-01,DEV-03,2024-01-16 20:01:52,131.92,0.0,0.0,13,Success,Purchase,Myitkyina,MMK,False
TXN-20240116-0001596,WALL-0047540,MERCH-00019,PM-01,DEV-01,2024-01-16 12:58:02,7.41,0.0,0.1482,0,Success,Purchase,Penang,MYR,False
TXN-20240116-0001597,WALL-0132926,MERCH-00087,PM-01,DEV-01,2024-01-16 15:35:53,39.21,0.0,0.0,3,Success,Purchase,Lahore,PKR,False
TXN-20240116-0001598,WALL-0143272,MERCH-00131,PM-04,DEV-01,2024-01-16 17:37:02,142.05,2.8411,7.1027,14,Success,Purchase,Hyderabad,INR,False
TXN-20240116-0001599,WALL-0096166,MERCH-00081,PM-03,DEV-03,2024-01-16 10:36:43,18.32,0.1465,0.0,1,Success,Purchase,Khon Kaen,THB,False
TXN-20240116-0001600,WALL-0029550,MERCH-00366,PM-02,DEV-02,2024-01-16 13:04:12,62.79,0.1256,0.0,6,Success,Bill Payment,Jakarta,IDR,False
TXN-20240116-0001601,WALL-0029462,MERCH-00332,PM-01,DEV-03,2024-01-16 14:09:04,51.53,0.0,0.0,5,Success,Bill Payment,Dhaka,BDT,False
TXN-20240116-0001602,WALL-0048682,MERCH-00067,PM-02,DEV-01,2024-01-16 18:48:01,31.75,0.0635,0.6349,3,Success,Purchase,Kandy,LKR,False
TXN-20240116-0001603,WALL-0054939,MERCH-00083,PM-03,DEV-01,2024-01-16 20:44:15,58.62,0.469,0.0,5,Success,Purchase,Islamabad,VND,False
TXN-20240116-0001604,WALL-0062255,MERCH-00067,PM-04,DEV-01,2024-01-16 21:54:05,21.82,0.4364,0.4364,2,Success,Purchase,Pathein,MMK,False
TXN-20240116-0001605,WALL-0059182,MERCH-00157,PM-05,DEV-03,2024-01-16 10:53:38,197.48,0.0,9.8739,19,Success,Purchase,Singapore,SGD,False
TXN-20240116-0001606,WALL-0001595,MERCH-00299,PM-01,DEV-01,2024-01-16 22:56:49,297.34,0.0,23.7869,59,Success,Purchase,Myitkyina,MMK,False
TXN-20240116-0001607,WALL-0018437,MERCH-00337,PM-04,DEV-01,2024-01-16 12:56:33,85.3,1.7059,0.0,8,Success,Bill Payment,Bangkok,THB,False
TXN-20240116-0001608,WALL-0112605,MERCH-00066,PM-05,DEV-01,2024-01-16 19:05:58,24.94,0.0,0.4988,2,Success,Purchase,Mawlamyine,MMK,False
TXN-20240116-0001609,WALL-0093807,MERCH-00265,PM-01,DEV-01,2024-01-16 02:05:31,5.0,0.0,0.0,0,Failed,Subscription,Chennai,INR,False
TXN-20240116-0001610,WALL-0107439,MERCH-00109,PM-03,DEV-03,2024-01-16 21:27:57,46.2,0.3696,0.0,4,Success,Purchase,Ahmedabad,BDT,False
TXN-20240116-0001611,WALL-0126925,MERCH-00253,PM-02,DEV-02,2024-01-16 09:42:32,9.63,0.0193,0.0,0,Success,Subscription,Mandalay,MMK,False
TXN-20240116-0001612,WALL-0113016,MERCH-00036,PM-03,DEV-03,2024-01-16 08:19:20,16.1,0.1288,0.322,1,Success,Purchase,Islamabad,PKR,False
TXN-20240116-0001613,WALL-0073526,MERCH-00285,PM-04,DEV-01,2024-01-16 22:41:05,293.79,5.8758,23.5031,58,Success,Purchase,Pathein,MMK,False
TXN-20240116-0001614,WALL-0019181,MERCH-00138,PM-02,DEV-01,2024-01-16 14:06:48,646.66,1.2933,32.3331,64,Success,Purchase,Bago,MMK,False
TXN-20240116-0001615,WALL-0029180,MERCH-00313,PM-01,DEV-05,2024-01-16 02:22:13,104.22,0.0,0.0,10,Success,Bill Payment,Mandalay,MMK,False
TXN-20240116-0001616,WALL-0126113,MERCH-00135,PM-04,DEV-02,2024-01-16 02:33:10,40.82,0.8163,2.0408,4,Success,Purchase,Pathein,MMK,False
TXN-20240116-0001617,WALL-0056257,MERCH-00422,PM-02,DEV-01,2024-01-16 14:30:59,21.86,0.0437,0.0,2,Success,Payment,Da Nang,VND,False
TXN-20240116-0001618,WALL-0118465,MERCH-00053,PM-02,DEV-04,2024-01-16 20:09:30,53.06,0.1061,1.0613,5,Success,Purchase,Mumbai,INR,False
TXN-20240116-0001619,WALL-0077623,MERCH-00206,PM-03,DEV-03,2024-01-16 14:40:45,5.84,0.0467,0.0,0,Success,Purchase,Kolkata,INR,False
TXN-20240116-0001620,WALL-0002479,MERCH-00157,PM-03,DEV-01,2024-01-16 12:22:14,101.82,0.8146,0.0,0,Reversed,Purchase,Bali,IDR,False
TXN-20240116-0001621,WALL-0087196,MERCH-00050,PM-02,DEV-01,2024-01-16 16:14:34,37.35,0.0747,0.747,3,Success,Purchase,Pattaya,THB,False
TXN-20240116-0001622,WALL-0013292,MERCH-00324,PM-01,DEV-01,2024-01-16 01:02:26,161.48,0.0,0.0,16,Success,Bill Payment,Singapore,SGD,False
TXN-20240116-0001623,WALL-0137714,MERCH-00128,PM-05,DEV-05,2024-01-16 16:51:58,67.99,0.0,0.0,6,Success,Purchase,Dhaka,BDT,False
TXN-20240116-0001624,WALL-0099520,MERCH-00149,PM-01,DEV-02,2024-01-16 19:07:33,353.84,0.0,17.6921,35,Success,Purchase,Mawlamyine,MMK,False
TXN-20240116-0001625,WALL-0070184,MERCH-00347,PM-01,DEV-05,2024-01-16 13:50:09,83.95,0.0,0.0,8,Success,Bill Payment,Yangon,MMK,False
TXN-20240116-0001626,WALL-0130453,MERCH-00176,PM-03,DEV-03,2024-01-16 17:37:22,29.62,0.2369,1.4808,2,Success,Purchase,Myitkyina,MMK,False
TXN-20240116-0001627,WALL-0008060,MERCH-00102,PM-02,DEV-01,2024-01-16 16:20:01,55.14,0.1103,0.0,5,Success,Purchase,Taunggyi,MMK,False
TXN-20240116-0001628,WALL-0002716,MERCH-00078,PM-02,DEV-01,2024-01-16 20:20:52,11.51,0.023,0.2301,1,Success,Purchase,Cebu City,PHP,False
TXN-20240116-0001629,WALL-0075564,MERCH-00093,PM-01,DEV-01,2024-01-16 07:14:59,81.4,0.0,0.0,8,Success,Purchase,Davao,PHP,False
TXN-20240116-0001630,WALL-0137961,MERCH-00227,PM-05,DEV-03,2024-01-16 14:43:26,10.88,0.0,0.0,1,Success,Purchase,Taunggyi,MMK,False
TXN-20240116-0001631,WALL-0065780,MERCH-00356,PM-01,DEV-03,2024-01-16 18:36:40,99.68,0.0,0.0,0,Failed,Bill Payment,Islamabad,PKR,False
TXN-20240116-0001632,WALL-0086182,MERCH-00400,PM-01,DEV-01,2024-01-16 14:59:44,73.5,0.0,0.0,7,Success,Purchase,Myitkyina,MMK,False
TXN-20240116-0001633,WALL-0142074,MERCH-00081,PM-01,DEV-01,2024-01-16 00:55:40,89.23,0.0,0.0,8,Success,Purchase,Mumbai,INR,False
TXN-20240116-0001634,WALL-0069933,MERCH-00028,PM-03,DEV-01,2024-01-16 19:48:57,35.26,0.2821,0.7052,3,Success,Purchase,Mawlamyine,MMK,False
TXN-20240116-0001635,WALL-0009263,MERCH-00068,PM-03,DEV-01,2024-01-16 07:09:11,31.78,0.2542,0.6355,3,Success,Purchase,Mandalay,MMK,False
TXN-20240116-0001636,WALL-0147558,MERCH-00048,PM-01,DEV-02,2024-01-16 10:18:32,22.75,0.0,0.4549,2,Success,Purchase,Pattaya,THB,False
TXN-20240116-0001637,WALL-0091948,MERCH-00033,PM-04,DEV-01,2024-01-16 12:53:17,16.16,0.3232,0.3232,1,Success,Purchase,Mumbai,INR,False
TXN-20240116-0001638,WALL-0109845,MERCH-00391,PM-01,DEV-01,2024-01-16 21:09:21,75.37,0.0,0.0,7,Success,Purchase,Pathein,MMK,False
TXN-20240116-0001639,WALL-0149262,MERCH-00094,PM-02,DEV-03,2024-01-16 20:44:26,126.62,0.2532,0.0,12,Success,Purchase,Bago,MMK,False
TXN-20240116-0001640,WALL-0065072,MERCH-00100,PM-02,DEV-01,2024-01-16 03:22:07,122.61,0.2452,0.0,12,Success,Purchase,Naypyidaw,MMK,False
TXN-20240116-0001641,WALL-0013835,MERCH-00205,PM-02,DEV-01,2024-01-16 17:44:31,18.12,0.0362,0.0,1,Success,Purchase,Mawlamyine,MMK,False
TXN-20240116-0001642,WALL-0022339,MERCH-00407,PM-01,DEV-01,2024-01-16 20:23:20,63.87,0.0,0.0,6,Success,Payment,Mawlamyine,MMK,False
TXN-20240116-0001643,WALL-0109433,MERCH-00217,PM-01,DEV-01,2024-01-16 16:39:52,6.92,0.0,0.0,0,Success,Purchase,Da Nang,VND,False
TXN-20240116-0001644,WALL-0019800,MERCH-00018,PM-01,DEV-04,2024-01-16 10:05:32,11.02,0.0,0.2203,1,Success,Purchase,Ho Chi Minh City,VND,False
TXN-20240116-0001645,WALL-0082639,MERCH-00023,PM-02,DEV-01,2024-01-16 18:16:06,20.05,0.0401,0.401,2,Success,Purchase,Surabaya,IDR,False
TXN-20240116-0001646,WALL-0067311,MERCH-00474,PM-01,DEV-01,2024-01-16 18:27:48,50.0,0.0,0.0,5,Success,Payment,Mandalay,MMK,False
TXN-20240116-0001647,WALL-0068920,MERCH-00428,PM-02,DEV-02,2024-01-16 16:56:56,35.3,0.0706,0.0,3,Success,Payment,Bali,IDR,False
TXN-20240116-0001648,WALL-0134820,MERCH-00093,PM-02,DEV-01,2024-01-16 21:13:48,57.81,0.1156,0.0,5,Success,Purchase,Bago,MMK,False
TXN-20240116-0001649,WALL-0134468,MERCH-00154,PM-02,DEV-01,2024-01-16 10:58:03,81.71,0.1634,4.0855,8,Success,Purchase,Pathein,MMK,False
TXN-20240116-0001650,WALL-0022416,MERCH-00006,PM-04,DEV-01,2024-01-16 21:38:27,13.66,0.2732,0.2732,1,Success,Purchase,Taunggyi,MMK,False
TXN-20240116-0001651,WALL-0017144,MERCH-00216,PM-01,DEV-03,2024-01-16 16:39:45,30.78,0.0,0.0,3,Success,Purchase,Quezon City,PHP,False
TXN-20240116-0001652,WALL-0057452,MERCH-00134,PM-02,DEV-03,2024-01-16 14:21:13,177.55,0.3551,8.8775,17,Success,Purchase,Islamabad,PHP,False
TXN-20240116-0001653,WALL-0010227,MERCH-00233,PM-03,DEV-01,2024-01-16 20:09:07,16.74,0.1339,0.0,1,Success,Subscription,Phnom Penh,KHR,False
TXN-20240116-0001654,WALL-0001880,MERCH-00434,PM-01,DEV-02,2024-01-16 07:25:33,204.85,0.0,0.0,20,Success,Tax Payment,Mumbai,INR,False
TXN-20240116-0001655,WALL-0089452,MERCH-00071,PM-02,DEV-01,2024-01-16 18:50:38,15.41,0.0308,0.3081,1,Success,Purchase,Delhi,INR,False
TXN-20240116-0001656,WALL-0015721,MERCH-00033,PM-03,DEV-01,2024-01-16 20:05:17,19.98,0.1598,0.3996,1,Success,Purchase,Chennai,INR,False
TXN-20240116-0001657,WALL-0115846,MERCH-00201,PM-05,DEV-01,2024-01-16 22:35:33,13.45,0.0,0.0,1,Success,Purchase,Khon Kaen,THB,False
TXN-20240116-0001658,WALL-0089882,MERCH-00435,PM-01,DEV-01,2024-01-16 09:39:14,50.0,0.0,0.0,5,Success,Tax Payment,Bago,MMK,False
TXN-20240116-0001659,WALL-0065837,MERCH-00210,PM-01,DEV-01,2024-01-16 14:24:38,36.55,0.0,0.0,3,Success,Purchase,Mandalay,MMK,False
TXN-20240116-0001660,WALL-0096519,MERCH-00036,PM-01,DEV-03,2024-01-16 18:12:00,27.38,0.0,0.5475,2,Success,Purchase,Yangon,MMK,False
TXN-20240116-0001661,WALL-0135836,MERCH-00035,PM-04,DEV-01,2024-01-16 01:52:17,6.44,0.1287,0.1287,0,Success,Purchase,Taunggyi,MMK,False
TXN-20240116-0001662,WALL-0133825,MERCH-00062,PM-02,DEV-01,2024-01-16 19:31:12,18.3,0.0366,0.366,1,Success,Purchase,Mawlamyine,MMK,False
TXN-20240116-0001663,WALL-0135381,MERCH-00087,PM-03,DEV-01,2024-01-16 16:40:09,41.29,0.3303,0.0,4,Success,Purchase,Kathmandu,NPR,False
TXN-20240116-0001664,WALL-0139926,MERCH-00035,PM-01,DEV-05,2024-01-16 19:22:23,18.6,0.0,0.3719,1,Success,Purchase,Bangalore,INR,False
TXN-20240116-0001665,WALL-0062568,MERCH-00139,PM-02,DEV-03,2024-01-16 18:05:39,521.87,1.0437,26.0936,52,Success,Purchase,Myitkyina,MMK,False
TXN-20240116-0001666,WALL-0117171,MERCH-00364,PM-02,DEV-02,2024-01-16 08:40:52,19.99,0.04,0.0,1,Success,Bill Payment,Taunggyi,MMK,False
TXN-20240116-0001667,WALL-0135803,MERCH-00394,PM-01,DEV-01,2024-01-16 17:34:53,55.97,0.0,0.0,5,Success,Purchase,Khon Kaen,THB,False
TXN-20240116-0001668,WALL-0003712,MERCH-00091,PM-01,DEV-01,2024-01-16 20:05:08,15.49,0.0,0.0,1,Success,Purchase,Mandalay,MMK,False
TXN-20240116-0001669,WALL-0133084,MERCH-00317,PM-02,DEV-03,2024-01-16 17:10:22,48.4,0.0968,0.0,4,Success,Bill Payment,Mawlamyine,MMK,False
TXN-20240116-0001670,WALL-0139166,MERCH-00391,PM-04,DEV-03,2024-01-16 18:31:46,38.94,0.7788,0.0,0,Failed,Purchase,Yangon,MMK,False
TXN-20240116-0001671,WALL-0015677,MERCH-00313,PM-01,DEV-02,2024-01-16 17:19:06,152.09,0.0,0.0,15,Success,Bill Payment,Ahmedabad,INR,False
TXN-20240116-0001672,WALL-0054954,MERCH-00187,PM-01,DEV-01,2024-01-16 15:15:52,51.5,0.0,2.5751,5,Success,Purchase,Chittagong,BDT,False
TXN-20240116-0001673,WALL-0124634,MERCH-00432,PM-02,DEV-02,2024-01-16 14:55:50,489.33,0.9787,0.0,48,Success,Tax Payment,Mawlamyine,MMK,False
TXN-20240116-0001674,WALL-0065948,MERCH-00060,PM-02,DEV-01,2024-01-16 13:32:37,24.34,0.0487,0.4868,2,Success,Purchase,Mandalay,MMK,False
TXN-20240116-0001675,WALL-0082878,MERCH-00156,PM-02,DEV-02,2024-01-16 17:17:27,334.42,0.6688,16.7209,33,Success,Purchase,Taunggyi,MMK,False
TXN-20240116-0001676,WALL-0045919,MERCH-00418,PM-02,DEV-01,2024-01-16 19:44:52,177.02,0.354,0.0,17,Success,Payment,Taunggyi,MMK,False
TXN-20240116-0001677,WALL-0032679,MERCH-00439,PM-01,DEV-01,2024-01-16 13:54:34,161.78,0.0,0.0,16,Success,Tax Payment,Ho Chi Minh City,VND,False
TXN-20240116-0001678,WALL-0021159,MERCH-00328,PM-01,DEV-01,2024-01-16 20:49:20,96.83,0.0,0.0,9,Success,Bill Payment,Pathein,MMK,False
TXN-20240116-0001679,WALL-0020672,MERCH-00266,PM-01,DEV-01,2024-01-16 18:24:43,5.0,0.0,0.0,0,Success,Subscription,Kandy,LKR,False
TXN-20240116-0001680,WALL-0026452,MERCH-00327,PM-02,DEV-02,2024-01-16 09:58:25,89.71,0.1794,0.0,8,Success,Bill Payment,Hyderabad,MMK,False
TXN-20240116-0001681,WALL-0129173,MERCH-00439,PM-02,DEV-02,2024-01-16 17:31:53,140.66,0.2813,0.0,14,Success,Tax Payment,Bago,MMK,False
TXN-20240116-0001682,WALL-0127850,MERCH-00346,PM-02,DEV-02,2024-01-16 15:20:33,46.06,0.0921,0.0,4,Success,Bill Payment,Lahore,PKR,False
TXN-20240116-0001683,WALL-0020129,MERCH-00127,PM-04,DEV-03,2024-01-16 16:33:27,28.72,0.5745,0.0,2,Success,Purchase,Pathein,MMK,False
TXN-20240116-0001684,WALL-0038954,MERCH-00215,PM-02,DEV-03,2024-01-16 19:57:49,19.67,0.0393,0.0,0,Pending,Purchase,Dhaka,PKR,False
TXN-20240116-0001685,WALL-0073834,MERCH-00134,PM-04,DEV-05,2024-01-16 12:52:08,397.59,7.9519,19.8797,39,Success,Purchase,Jaipur,INR,False
TXN-20240116-0001686,WALL-0127803,MERCH-00150,PM-03,DEV-05,2024-01-16 15:10:56,811.39,6.4911,40.5693,81,Success,Purchase,Johor Bahru,INR,False
TXN-20240116-0001687,WALL-0101624,MERCH-00004,PM-02,DEV-01,2024-01-16 13:06:27,60.0,0.12,1.2,6,Success,Purchase,Kolkata,INR,False
TXN-20240116-0001688,WALL-0096838,MERCH-00350,PM-02,DEV-01,2024-01-16 21:17:21,84.23,0.1685,0.0,8,Success,Bill Payment,Myitkyina,MMK,False
TXN-20240116-0001689,WALL-0009790,MERCH-00286,PM-01,DEV-01,2024-01-16 16:30:32,803.78,0.0,64.3021,160,Success,Purchase,Siem Reap,KHR,False
TXN-20240116-0001690,WALL-0140799,MERCH-00031,PM-03,DEV-03,2024-01-16 01:11:30,44.1,0.3528,0.882,4,Success,Purchase,Davao,MYR,False
TXN-20240116-0001691,WALL-0140881,MERCH-00123,PM-04,DEV-02,2024-01-16 14:04:04,47.01,0.9402,0.0,4,Success,Purchase,Manila,PHP,False
TXN-20240116-0001692,WALL-0143639,MERCH-00317,PM-05,DEV-04,2024-01-16 07:06:32,67.85,0.0,0.0,6,Success,Bill Payment,Delhi,KHR,False
TXN-20240116-0001693,WALL-0077430,MERCH-00076,PM-02,DEV-02,2024-01-16 18:57:33,12.48,0.025,0.2495,1,Success,Purchase,Dhaka,BDT,False
TXN-20240116-0001694,WALL-0049194,MERCH-00260,PM-04,DEV-02,2024-01-16 16:33:35,5.75,0.1149,0.0,0,Success,Subscription,Kolkata,INR,False
TXN-20240116-0001695,WALL-0110209,MERCH-00212,PM-01,DEV-01,2024-01-16 12:45:00,37.02,0.0,0.0,3,Success,Purchase,Cebu City,PHP,False
TXN-20240116-0001696,WALL-0055864,MERCH-00435,PM-03,DEV-01,2024-01-16 06:06:52,467.64,3.7411,0.0,46,Success,Tax Payment,Kolkata,THB,False
TXN-20240116-0001697,WALL-0008650,MERCH-00227,PM-04,DEV-01,2024-01-16 21:33:38,16.45,0.3291,0.0,1,Success,Purchase,Kuala Lumpur,MYR,False
TXN-20240116-0001698,WALL-0053340,MERCH-00089,PM-02,DEV-03,2024-01-16 19:28:07,37.54,0.0751,0.0,3,Success,Purchase,Lahore,MMK,False
TXN-20240116-0001699,WALL-0082339,MERCH-00304,PM-04,DEV-02,2024-01-16 21:27:52,290.91,5.8181,23.2724,58,Success,Purchase,Ho Chi Minh City,VND,False
TXN-20240116-0001700,WALL-0066468,MERCH-00213,PM-01,DEV-01,2024-01-16 15:46:48,12.15,0.0,0.0,1,Success,Purchase,Taunggyi,MMK,False
TXN-20240116-0001701,WALL-0028835,MERCH-00381,PM-04,DEV-03,2024-01-16 17:59:06,66.65,1.3331,0.0,6,Success,Purchase,Mandalay,MMK,False
TXN-20240116-0001702,WALL-0002788,MERCH-00055,PM-01,DEV-02,2024-01-16 06:31:18,15.73,0.0,0.3146,1,Success,Purchase,Kathmandu,KHR,False
TXN-20240116-0001703,WALL-0064794,MERCH-00149,PM-01,DEV-04,2024-01-16 03:54:54,51.85,0.0,2.5924,5,Success,Purchase,Hanoi,VND,False
TXN-20240116-0001704,WALL-0078309,MERCH-00172,PM-01,DEV-02,2024-01-16 19:39:10,95.16,0.0,4.7579,9,Success,Purchase,Chittagong,BDT,False
TXN-20240116-0001705,WALL-0129435,MERCH-00088,PM-01,DEV-01,2024-01-16 21:08:13,51.3,0.0,0.0,5,Success,Purchase,Jakarta,THB,False
TXN-20240116-0001706,WALL-0100060,MERCH-00197,PM-05,DEV-01,2024-01-16 02:26:55,5.95,0.0,0.0,0,Success,Purchase,Mandalay,MMK,False
TXN-20240116-0001707,WALL-0132882,MERCH-00154,PM-02,DEV-02,2024-01-16 16:57:03,51.66,0.1033,2.5831,5,Success,Purchase,Mawlamyine,MMK,False
TXN-20240116-0001708,WALL-0119456,MERCH-00101,PM-01,DEV-01,2024-01-16 12:30:47,47.14,0.0,0.0,4,Success,Purchase,Chittagong,BDT,False
TXN-20240116-0001709,WALL-0043513,MERCH-00386,PM-05,DEV-01,2024-01-16 15:41:51,38.28,0.0,0.0,3,Success,Purchase,Jaipur,INR,False
TXN-20240116-0001710,WALL-0001756,MERCH-00311,PM-01,DEV-02,2024-01-16 13:11:26,45.38,0.0,0.0,4,Success,Bill Payment,Siem Reap,KHR,False
TXN-20240116-0001711,WALL-0101113,MERCH-00314,PM-02,DEV-02,2024-01-16 18:34:08,61.14,0.1223,0.0,6,Success,Bill Payment,Bali,IDR,False
TXN-20240116-0001712,WALL-0024919,MERCH-00421,PM-02,DEV-01,2024-01-16 16:02:01,151.16,0.3023,0.0,15,Success,Payment,Manila,MMK,False
TXN-20240116-0001713,WALL-0114710,MERCH-00066,PM-01,DEV-01,2024-01-16 12:14:31,15.17,0.0,0.3034,1,Success,Purchase,Mandalay,MMK,False
TXN-20240116-0001714,WALL-0118228,MERCH-00081,PM-01,DEV-01,2024-01-16 21:59:45,59.87,0.0,0.0,5,Success,Purchase,Davao,PHP,False
TXN-20240116-0001715,WALL-0004129,MERCH-00205,PM-03,DEV-02,2024-01-16 13:19:58,27.81,0.2225,0.0,2,Success,Purchase,Ho Chi Minh City,VND,False
TXN-20240116-0001716,WALL-0022827,MERCH-00273,PM-01,DEV-01,2024-01-16 09:52:16,1161.54,0.0,92.9229,232,Success,Purchase,Phnom Penh,KHR,False
TXN-20240116-0001717,WALL-0105505,MERCH-00461,PM-01,DEV-01,2024-01-16 17:31:10,94.88,0.0,0.0,9,Success,Payment,Mawlamyine,MMK,False
TXN-20240116-0001718,WALL-0021057,MERCH-00222,PM-01,DEV-01,2024-01-16 21:16:58,15.81,0.0,0.0,1,Success,Purchase,Singapore,SGD,False
TXN-20240116-0001719,WALL-0046333,MERCH-00052,PM-01,DEV-01,2024-01-16 02:14:10,11.66,0.0,0.2332,1,Success,Purchase,Hyderabad,INR,False
TXN-20240116-0001720,WALL-0094972,MERCH-00225,PM-02,DEV-01,2024-01-16 18:54:58,22.04,0.0441,0.0,2,Success,Purchase,Kuala Lumpur,MYR,False
TXN-20240116-0001721,WALL-0015793,MERCH-00140,PM-01,DEV-02,2024-01-16 17:38:05,20.0,0.0,1.0,2,Success,Purchase,Bangalore,VND,False
TXN-20240116-0001722,WALL-0122495,MERCH-00092,PM-01,DEV-05,2024-01-16 21:52:39,79.18,0.0,0.0,7,Success,Purchase,Pathein,MMK,False
TXN-20240116-0001723,WALL-0071265,MERCH-00438,PM-03,DEV-01,2024-01-16 16:50:17,55.75,0.446,0.0,5,Success,Tax Payment,Bangalore,THB,False
TXN-20240116-0001724,WALL-0001627,MERCH-00232,PM-03,DEV-01,2024-01-16 12:42:22,35.8,0.2864,0.0,3,Success,Subscription,Mumbai,INR,False
TXN-20240116-0001725,WALL-0044497,MERCH-00064,PM-04,DEV-03,2024-01-16 08:44:32,16.18,0.3236,0.3236,1,Success,Purchase,Mawlamyine,MMK,False
TXN-20240116-0001726,WALL-0014954,MERCH-00030,PM-02,DEV-01,2024-01-16 15:44:23,40.6,0.0812,0.8121,4,Success,Purchase,Mawlamyine,MMK,False
TXN-20240116-0001727,WALL-0088709,MERCH-00447,PM-01,DEV-01,2024-01-16 12:55:47,254.07,0.0,0.0,25,Success,Tax Payment,Chiang Mai,PKR,False
TXN-20240116-0001728,WALL-0006139,MERCH-00048,PM-01,DEV-01,2024-01-16 13:31:48,39.01,0.0,0.7803,3,Success,Purchase,Naypyidaw,MMK,False
TXN-20240116-0001729,WALL-0125068,MERCH-00339,PM-04,DEV-01,2024-01-16 08:29:08,49.77,0.9955,0.0,4,Success,Bill Payment,Mandalay,MMK,False
TXN-20240116-0001730,WALL-0024545,MERCH-00167,PM-03,DEV-01,2024-01-16 21:10:16,41.58,0.3326,2.079,4,Success,Purchase,Quezon City,PHP,False
TXN-20240116-0001731,WALL-0044728,MERCH-00094,PM-04,DEV-03,2024-01-16 15:50:36,30.08,0.6016,0.0,3,Success,Purchase,Chennai,INR,False
TXN-20240116-0001732,WALL-0086647,MERCH-00082,PM-02,DEV-01,2024-01-16 18:36:44,63.5,0.127,0.0,6,Success,Purchase,Mandalay,MMK,False
TXN-20240116-0001733,WALL-0101335,MERCH-00310,PM-02,DEV-01,2024-01-16 19:26:10,739.02,1.478,59.1213,147,Success,Purchase,Manila,PHP,False
TXN-20240116-0001734,WALL-0136018,MERCH-00343,PM-01,DEV-01,2024-01-16 17:19:46,32.23,0.0,0.0,3,Success,Bill Payment,Bago,MMK,False
TXN-20240116-0001735,WALL-0050514,MERCH-00319,PM-03,DEV-01,2024-01-16 07:46:35,100.13,0.8011,0.0,10,Success,Bill Payment,Naypyidaw,MMK,False
TXN-20240116-0001736,WALL-0060142,MERCH-00155,PM-01,DEV-05,2024-01-16 14:12:59,47.59,0.0,2.3797,4,Success,Purchase,Naypyidaw,MMK,False
TXN-20240116-0001737,WALL-0042808,MERCH-00435,PM-02,DEV-01,2024-01-16 13:26:00,63.84,0.1277,0.0,6,Success,Tax Payment,Chennai,INR,False
TXN-20240116-0001738,WALL-0034671,MERCH-00111,PM-01,DEV-02,2024-01-16 12:06:39,192.53,0.0,0.0,0,Failed,Purchase,Taunggyi,MMK,False
TXN-20240116-0001739,WALL-0077128,MERCH-00101,PM-02,DEV-02,2024-01-16 01:18:22,13.95,0.0279,0.0,1,Success,Purchase,Naypyidaw,MMK,False
TXN-20240116-0001740,WALL-0079663,MERCH-00091,PM-02,DEV-04,2024-01-16 11:59:49,17.08,0.0342,0.0,1,Success,Purchase,Jaipur,INR,False
TXN-20240116-0001741,WALL-0094581,MERCH-00431,PM-05,DEV-01,2024-01-16 14:40:38,168.5,0.0,0.0,16,Success,Tax Payment,Singapore,SGD,False
TXN-20240116-0001742,WALL-0054133,MERCH-00304,PM-01,DEV-02,2024-01-16 21:44:18,839.04,0.0,67.1234,167,Success,Purchase,Chennai,INR,False
TXN-20240116-0001743,WALL-0008991,MERCH-00361,PM-04,DEV-02,2024-01-16 14:14:33,33.9,0.678,0.0,3,Success,Bill Payment,Mumbai,INR,False
TXN-20240116-0001744,WALL-0103548,MERCH-00043,PM-01,DEV-01,2024-01-16 08:20:40,30.19,0.0,0.6037,3,Success,Purchase,Quezon City,PHP,False
TXN-20240116-0001745,WALL-0040495,MERCH-00488,PM-02,DEV-02,2024-01-16 15:45:14,52.44,0.1049,0.0,5,Success,Payment,Pathein,MMK,False
TXN-20240116-0001746,WALL-0043160,MERCH-00032,PM-02,DEV-04,2024-01-16 20:10:56,71.77,0.1435,1.4353,7,Success,Purchase,Ho Chi Minh City,MMK,False
TXN-20240116-0001747,WALL-0044945,MERCH-00023,PM-01,DEV-03,2024-01-16 20:42:59,12.83,0.0,0.2566,1,Success,Purchase,Myitkyina,INR,False
TXN-20240116-0001748,WALL-0146002,MERCH-00439,PM-01,DEV-01,2024-01-16 12:25:16,92.56,0.0,0.0,9,Success,Tax Payment,Siem Reap,KHR,False
TXN-20240116-0001749,WALL-0137279,MERCH-00348,PM-04,DEV-05,2024-01-16 23:59:36,60.98,1.2196,0.0,6,Success,Bill Payment,Ahmedabad,INR,False
TXN-20240116-0001750,WALL-0093226,MERCH-00230,PM-02,DEV-03,2024-01-16 10:44:11,5.72,0.0114,0.0,0,Success,Purchase,Pathein,MMK,False
TXN-20240116-0001751,WALL-0139626,MERCH-00127,PM-02,DEV-02,2024-01-16 11:37:26,59.21,0.1184,0.0,0,Failed,Purchase,Singapore,SGD,False
TXN-20240116-0001752,WALL-0117065,MERCH-00151,PM-05,DEV-01,2024-01-16 12:58:26,38.83,0.0,1.9413,3,Success,Purchase,Pune,MMK,False
TXN-20240116-0001753,WALL-0035932,MERCH-00057,PM-01,DEV-02,2024-01-16 12:22:38,12.65,0.0,0.253,1,Success,Purchase,Bago,PKR,False
TXN-20240116-0001754,WALL-0130090,MERCH-00352,PM-05,DEV-03,2024-01-16 17:55:25,57.22,0.0,0.0,5,Success,Bill Payment,Mawlamyine,MMK,False
TXN-20240116-0001755,WALL-0096624,MERCH-00028,PM-03,DEV-03,2024-01-16 11:50:47,28.67,0.2294,0.5734,2,Success,Purchase,Bago,MMK,False
TXN-20240116-0001756,WALL-0125038,MERCH-00197,PM-01,DEV-01,2024-01-16 16:52:19,8.2,0.0,0.0,0,Success,Purchase,Dhaka,BDT,False
TXN-20240116-0001757,WALL-0083435,MERCH-00178,PM-01,DEV-01,2024-01-16 08:46:26,118.26,0.0,5.9128,11,Success,Purchase,Manila,PHP,False
TXN-20240116-0001758,WALL-0059192,MERCH-00307,PM-01,DEV-01,2024-01-16 01:11:49,539.07,0.0,43.1259,107,Success,Purchase,Dhaka,BDT,False
TXN-20240116-0001759,WALL-0028306,MERCH-00382,PM-02,DEV-01,2024-01-16 06:49:43,104.37,0.2087,0.0,10,Success,Purchase,Pathein,MMK,False
TXN-20240116-0001760,WALL-0117552,MERCH-00300,PM-02,DEV-01,2024-01-16 15:08:22,672.0,1.344,53.7604,134,Success,Purchase,Mawlamyine,MMK,False
TXN-20240116-0001761,WALL-0067906,MERCH-00311,PM-01,DEV-04,2024-01-16 15:18:08,189.62,0.0,0.0,18,Success,Bill Payment,Bago,MMK,False
TXN-20240116-0001762,WALL-0077364,MERCH-00399,PM-04,DEV-02,2024-01-16 09:45:47,38.99,0.7798,0.0,3,Success,Purchase,Mawlamyine,MMK,False
TXN-20240116-0001763,WALL-0074403,MERCH-00228,PM-04,DEV-02,2024-01-16 14:32:04,48.06,0.9611,0.0,4,Success,Purchase,Chennai,INR,False
TXN-20240116-0001764,WALL-0123943,MERCH-00173,PM-03,DEV-01,2024-01-16 20:08:39,37.49,0.2999,1.8744,3,Success,Purchase,Cebu City,PHP,False
TXN-20240116-0001765,WALL-0077661,MERCH-00229,PM-03,DEV-03,2024-01-16 03:36:38,15.78,0.1263,0.0,1,Success,Purchase,Davao,PHP,False
TXN-20240116-0001766,WALL-0073968,MERCH-00061,PM-03,DEV-03,2024-01-16 22:06:38,8.53,0.0682,0.1706,0,Success,Purchase,Jaipur,MMK,False
TXN-20240116-0001767,WALL-0106569,MERCH-00031,PM-02,DEV-01,2024-01-16 07:34:59,26.58,0.0532,0.5317,2,Success,Purchase,Colombo,LKR,False
TXN-20240116-0001768,WALL-0136205,MERCH-00470,PM-01,DEV-01,2024-01-16 02:24:57,230.28,0.0,0.0,23,Success,Payment,Phuket,THB,False
TXN-20240116-0001769,WALL-0031020,MERCH-00198,PM-01,DEV-04,2024-01-16 01:37:31,27.99,0.0,0.0,2,Success,Purchase,Davao,PHP,False
TXN-20240116-0001770,WALL-0147007,MERCH-00419,PM-01,DEV-02,2024-01-16 08:31:56,286.49,0.0,0.0,28,Success,Payment,Surabaya,IDR,False
TXN-20240116-0001771,WALL-0053903,MERCH-00224,PM-04,DEV-02,2024-01-16 12:59:14,11.36,0.2272,0.0,1,Success,Purchase,Penang,MYR,False
TXN-20240116-0001772,WALL-0037374,MERCH-00256,PM-04,DEV-01,2024-01-16 15:13:36,27.48,0.5495,0.0,2,Success,Subscription,Johor Bahru,MYR,False
TXN-20240116-0001773,WALL-0018913,MERCH-00020,PM-01,DEV-01,2024-01-16 13:11:41,15.1,0.0,0.3021,1,Success,Purchase,Taunggyi,MMK,False
TXN-20240116-0001774,WALL-0025834,MERCH-00146,PM-01,DEV-01,2024-01-16 21:37:52,35.71,0.0,1.7856,3,Success,Purchase,Bali,IDR,False
TXN-20240116-0001775,WALL-0023435,MERCH-00030,PM-01,DEV-02,2024-01-16 14:06:49,6.37,0.0,0.1274,0,Success,Purchase,Mandalay,MMK,False
TXN-20240116-0001776,WALL-0087914,MERCH-00305,PM-02,DEV-03,2024-01-16 19:01:21,523.99,1.048,41.919,104,Success,Purchase,Chiang Mai,THB,False
TXN-20240116-0001777,WALL-0009997,MERCH-00092,PM-02,DEV-05,2024-01-16 10:55:58,29.68,0.0594,0.0,2,Success,Purchase,Taunggyi,MMK,False
TXN-20240116-0001778,WALL-0021112,MERCH-00076,PM-05,DEV-01,2024-01-16 15:58:58,17.57,0.0,0.3514,1,Success,Purchase,Kandy,LKR,False
TXN-20240116-0001779,WALL-0068528,MERCH-00417,PM-01,DEV-01,2024-01-16 18:58:56,60.09,0.0,0.0,6,Success,Payment,Lahore,PKR,False
TXN-20240116-0001780,WALL-0106544,MERCH-00129,PM-02,DEV-01,2024-01-16 12:37:38,28.69,0.0574,0.0,2,Success,Purchase,Pattaya,THB,False
TXN-20240116-0001781,WALL-0072177,MERCH-00318,PM-01,DEV-03,2024-01-16 10:14:07,47.5,0.0,0.0,4,Success,Bill Payment,Bali,IDR,False
TXN-20240116-0001782,WALL-0090712,MERCH-00320,PM-03,DEV-02,2024-01-16 15:46:23,90.03,0.7203,0.0,9,Success,Bill Payment,Pattaya,THB,False
TXN-20240116-0001783,WALL-0135858,MERCH-00314,PM-02,DEV-01,2024-01-16 13:15:03,123.21,0.2464,0.0,0,Pending,Bill Payment,Mawlamyine,MMK,False
TXN-20240116-0001784,WALL-0111156,MERCH-00135,PM-04,DEV-01,2024-01-16 05:52:47,350.55,7.011,17.5274,35,Success,Purchase,Taunggyi,MMK,False
TXN-20240116-0001785,WALL-0005027,MERCH-00241,PM-03,DEV-04,2024-01-16 13:12:36,6.92,0.0554,0.0,0,Success,Subscription,Pathein,MMK,False
TXN-20240116-0001786,WALL-0123805,MERCH-00040,PM-05,DEV-03,2024-01-16 16:09:14,51.61,0.0,1.0321,5,Success,Purchase,Jaipur,INR,False
TXN-20240116-0001787,WALL-0066502,MERCH-00383,PM-01,DEV-01,2024-01-16 21:47:05,82.37,0.0,0.0,8,Success,Purchase,Lahore,MMK,False
TXN-20240116-0001788,WALL-0069802,MERCH-00034,PM-04,DEV-03,2024-01-16 17:24:19,13.67,0.2734,0.2734,1,Success,Purchase,Taunggyi,MMK,False
TXN-20240116-0001789,WALL-0024482,MERCH-00002,PM-01,DEV-03,2024-01-16 22:21:55,19.38,0.0,0.3875,1,Success,Purchase,Da Nang,VND,False
TXN-20240116-0001790,WALL-0071531,MERCH-00393,PM-01,DEV-01,2024-01-16 14:51:59,32.77,0.0,0.0,3,Success,Purchase,Kandy,LKR,False
TXN-20240116-0001791,WALL-0145217,MERCH-00326,PM-04,DEV-01,2024-01-16 16:30:57,52.5,1.0499,0.0,5,Success,Bill Payment,Da Nang,VND,False
TXN-20240116-0001792,WALL-0072653,MERCH-00269,PM-02,DEV-03,2024-01-16 13:52:51,19.74,0.0395,0.0,1,Success,Subscription,Pathein,PKR,False
TXN-20240116-0001793,WALL-0095091,MERCH-00176,PM-05,DEV-03,2024-01-16 12:52:43,48.96,0.0,2.448,4,Success,Purchase,Davao,PHP,False
TXN-20240116-0001794,WALL-0089019,MERCH-00282,PM-01,DEV-02,2024-01-16 12:12:43,478.68,0.0,0.0,0,Failed,Purchase,Islamabad,MMK,False
TXN-20240116-0001795,WALL-0107812,MERCH-00005,PM-01,DEV-01,2024-01-16 14:11:09,26.72,0.0,0.5345,2,Success,Purchase,Phuket,THB,False
TXN-20240116-0001796,WALL-0019869,MERCH-00066,PM-02,DEV-02,2024-01-16 21:14:14,35.44,0.0709,0.7088,3,Success,Purchase,Da Nang,VND,False
TXN-20240116-0001797,WALL-0115241,MERCH-00352,PM-03,DEV-03,2024-01-16 22:09:19,23.79,0.1903,0.0,2,Success,Bill Payment,Mandalay,MMK,False
TXN-20240116-0001798,WALL-0131443,MERCH-00302,PM-01,DEV-01,2024-01-16 15:36:29,125.74,0.0,10.0589,25,Success,Purchase,Naypyidaw,MMK,False
TXN-20240116-0001799,WALL-0007750,MERCH-00407,PM-03,DEV-01,2024-01-16 20:52:22,198.84,1.5907,0.0,19,Success,Payment,Bangkok,THB,False
TXN-20240116-0001800,WALL-0063094,MERCH-00087,PM-01,DEV-01,2024-01-16 15:52:49,96.02,0.0,0.0,9,Success,Purchase,Cebu City,PHP,False
TXN-20240116-0001801,WALL-0015383,MERCH-00031,PM-01,DEV-01,2024-01-16 10:10:20,10.27,0.0,0.2054,1,Success,Purchase,Pathein,MMK,False
TXN-20240116-0001802,WALL-0008581,MERCH-00384,PM-02,DEV-01,2024-01-16 21:55:15,38.1,0.0762,0.0,3,Success,Purchase,Bangkok,THB,False
TXN-20240116-0001803,WALL-0126515,MERCH-00499,PM-04,DEV-02,2024-01-16 22:05:42,898.14,17.9628,0.0,89,Success,Payment,Mawlamyine,MMK,False
TXN-20240116-0001804,WALL-0103071,MERCH-00247,PM-02,DEV-01,2024-01-16 18:06:11,10.62,0.0212,0.0,1,Success,Subscription,Yangon,MMK,False
TXN-20240116-0001805,WALL-0004441,MERCH-00055,PM-04,DEV-01,2024-01-16 21:46:38,10.19,0.2037,0.2037,1,Success,Purchase,Hanoi,VND,False
TXN-20240116-0001806,WALL-0042962,MERCH-00240,PM-01,DEV-01,2024-01-16 09:17:51,24.24,0.0,0.0,2,Success,Subscription,Taunggyi,MMK,False
TXN-20240116-0001807,WALL-0080998,MERCH-00101,PM-04,DEV-01,2024-01-16 20:42:16,54.84,1.0969,0.0,5,Success,Purchase,Khon Kaen,THB,False
TXN-20240116-0001808,WALL-0045673,MERCH-00441,PM-04,DEV-02,2024-01-16 16:53:05,264.21,5.2842,0.0,26,Success,Tax Payment,Karachi,PKR,False
TXN-20240116-0001809,WALL-0115730,MERCH-00011,PM-02,DEV-03,2024-01-16 10:28:06,14.22,0.0284,0.2844,1,Success,Purchase,Penang,MYR,False
TXN-20240116-0001810,WALL-0032879,MERCH-00447,PM-01,DEV-02,2024-01-16 17:47:36,275.7,0.0,0.0,27,Success,Tax Payment,Chiang Mai,MMK,False
TXN-20240116-0001811,WALL-0037712,MERCH-00459,PM-01,DEV-01,2024-01-16 03:36:50,227.4,0.0,0.0,22,Success,Payment,Bago,MMK,False
TXN-20240116-0001812,WALL-0123882,MERCH-00134,PM-02,DEV-02,2024-01-16 17:31:26,147.26,0.2945,7.3628,14,Success,Purchase,Manila,PHP,False
TXN-20240116-0001813,WALL-0080720,MERCH-00144,PM-04,DEV-01,2024-01-16 15:46:55,216.81,4.3362,10.8406,21,Success,Purchase,Naypyidaw,MMK,False
TXN-20240116-0001814,WALL-0098646,MERCH-00436,PM-01,DEV-01,2024-01-16 05:40:40,54.22,0.0,0.0,5,Success,Tax Payment,Yangon,MMK,False
TXN-20240116-0001815,WALL-0017524,MERCH-00097,PM-01,DEV-05,2024-01-16 07:31:26,126.3,0.0,0.0,12,Success,Purchase,Myitkyina,MMK,False
TXN-20240116-0001816,WALL-0002337,MERCH-00477,PM-03,DEV-01,2024-01-16 01:54:55,312.97,2.5038,0.0,31,Success,Payment,Pathein,MMK,False
TXN-20240116-0001817,WALL-0027079,MERCH-00441,PM-02,DEV-01,2024-01-16 01:49:20,182.87,0.3657,0.0,18,Success,Tax Payment,Islamabad,INR,False
TXN-20240116-0001818,WALL-0047280,MERCH-00379,PM-02,DEV-02,2024-01-16 20:44:03,83.56,0.1671,0.0,8,Success,Purchase,Mandalay,MMK,False
TXN-20240116-0001819,WALL-0148549,MERCH-00196,PM-02,DEV-04,2024-01-16 18:06:23,5.58,0.0112,0.0,0,Success,Purchase,Myitkyina,MMK,False
TXN-20240116-0001820,WALL-0089633,MERCH-00316,PM-04,DEV-01,2024-01-16 11:11:10,63.78,1.2755,0.0,6,Success,Bill Payment,Bali,IDR,False
TXN-20240116-0001821,WALL-0118945,MERCH-00353,PM-03,DEV-01,2024-01-16 06:09:22,37.87,0.303,0.0,3,Success,Bill Payment,Naypyidaw,MMK,False
TXN-20240116-0001822,WALL-0124940,MERCH-00433,PM-04,DEV-03,2024-01-16 16:18:36,109.74,2.1948,0.0,10,Success,Tax Payment,Taunggyi,MMK,False
TXN-20240116-0001823,WALL-0081998,MERCH-00245,PM-03,DEV-01,2024-01-16 21:42:52,16.62,0.1329,0.0,0,Failed,Subscription,Phuket,THB,False
TXN-20240116-0001824,WALL-0049862,MERCH-00125,PM-02,DEV-01,2024-01-16 08:43:12,11.06,0.0221,0.0,1,Success,Purchase,Bago,MMK,False
TXN-20240116-0001825,WALL-0105836,MERCH-00158,PM-01,DEV-03,2024-01-16 21:32:58,21.8,0.0,1.0902,2,Success,Purchase,Lahore,PKR,False
TXN-20240116-0001826,WALL-0080976,MERCH-00126,PM-01,DEV-01,2024-01-16 13:47:18,30.81,0.0,0.0,3,Success,Purchase,Kandy,LKR,False
TXN-20240116-0001827,WALL-0095273,MERCH-00029,PM-01,DEV-01,2024-01-16 04:03:45,53.03,0.0,1.0606,5,Success,Purchase,Bali,MMK,False
TXN-20240116-0001828,WALL-0027660,MERCH-00145,PM-03,DEV-02,2024-01-16 15:17:20,109.1,0.8728,5.4549,10,Success,Purchase,Myitkyina,MMK,False
TXN-20240116-0001829,WALL-0073529,MERCH-00290,PM-02,DEV-01,2024-01-16 01:36:59,417.13,0.8343,33.3706,83,Success,Purchase,Ho Chi Minh City,MMK,False
TXN-20240116-0001830,WALL-0024708,MERCH-00113,PM-01,DEV-01,2024-01-16 21:38:09,62.76,0.0,0.0,6,Success,Purchase,Jaipur,INR,False
TXN-20240116-0001831,WALL-0069812,MERCH-00236,PM-01,DEV-01,2024-01-16 07:25:51,14.42,0.0,0.0,1,Success,Subscription,Hanoi,VND,False
TXN-20240116-0001832,WALL-0126906,MERCH-00110,PM-02,DEV-01,2024-01-16 18:42:22,74.62,0.1492,0.0,7,Success,Purchase,Mandalay,MMK,False
TXN-20240116-0001833,WALL-0065010,MERCH-00080,PM-01,DEV-03,2024-01-16 10:14:07,39.29,0.0,0.0,0,Failed,Purchase,Kuala Lumpur,MYR,False
TXN-20240116-0001834,WALL-0085989,MERCH-00003,PM-01,DEV-02,2024-01-16 09:23:19,23.74,0.0,0.4747,2,Success,Purchase,Kuala Lumpur,MYR,False
TXN-20240116-0001835,WALL-0124696,MERCH-00412,PM-01,DEV-01,2024-01-16 10:11:53,45.74,0.0,0.0,4,Success,Payment,Chittagong,BDT,False
TXN-20240116-0001836,WALL-0059368,MERCH-00141,PM-02,DEV-01,2024-01-16 19:23:26,334.08,0.6682,16.704,33,Success,Purchase,Myitkyina,MMK,False
TXN-20240116-0001837,WALL-0038150,MERCH-00403,PM-01,DEV-02,2024-01-16 16:32:28,693.64,0.0,0.0,69,Success,Payment,Kathmandu,NPR,False
TXN-20240116-0001838,WALL-0141554,MERCH-00401,PM-01,DEV-01,2024-01-16 17:08:47,42.28,0.0,0.0,4,Success,Payment,Mawlamyine,MMK,False
TXN-20240116-0001839,WALL-0071057,MERCH-00126,PM-01,DEV-03,2024-01-16 08:23:40,101.07,0.0,0.0,10,Success,Purchase,Bandung,THB,False
TXN-20240116-0001840,WALL-0101418,MERCH-00436,PM-03,DEV-02,2024-01-16 16:51:46,190.74,1.5259,0.0,19,Success,Tax Payment,Bangalore,INR,False
TXN-20240116-0001841,WALL-0025399,MERCH-00103,PM-04,DEV-01,2024-01-16 13:03:44,147.23,2.9445,0.0,14,Success,Purchase,Pathein,MMK,False
TXN-20240116-0001842,WALL-0069531,MERCH-00120,PM-02,DEV-01,2024-01-16 01:59:40,88.95,0.1779,0.0,8,Success,Purchase,Bago,MMK,False
TXN-20240116-0001843,WALL-0070005,MERCH-00065,PM-03,DEV-02,2024-01-16 15:20:45,7.98,0.0638,0.1596,0,Success,Purchase,Taunggyi,MMK,False
TXN-20240116-0001844,WALL-0091153,MERCH-00271,PM-02,DEV-01,2024-01-16 12:22:49,3000.0,6.0,240.0,600,Success,Purchase,Kandy,LKR,False
TXN-20240116-0001845,WALL-0045118,MERCH-00400,PM-03,DEV-02,2024-01-16 21:56:32,74.39,0.5951,0.0,7,Success,Purchase,Pune,INR,False
TXN-20240116-0001846,WALL-0021648,MERCH-00485,PM-03,DEV-01,2024-01-16 13:28:36,373.33,2.9867,0.0,37,Success,Payment,Mawlamyine,MMK,False
TXN-20240116-0001847,WALL-0025432,MERCH-00058,PM-04,DEV-01,2024-01-16 13:42:13,80.75,1.6151,1.6151,8,Success,Purchase,Karachi,PKR,False
TXN-20240116-0001848,WALL-0103234,MERCH-00357,PM-05,DEV-02,2024-01-16 03:50:01,30.84,0.0,0.0,3,Success,Bill Payment,Medan,IDR,False
TXN-20240116-0001849,WALL-0003222,MERCH-00487,PM-03,DEV-01,2024-01-16 15:26:48,260.64,2.0851,0.0,26,Success,Payment,Mandalay,MMK,False
TXN-20240116-0001850,WALL-0088313,MERCH-00066,PM-01,DEV-01,2024-01-16 20:42:28,8.77,0.0,0.1753,0,Success,Purchase,Yangon,MMK,False
TXN-20240116-0001851,WALL-0147314,MERCH-00257,PM-01,DEV-03,2024-01-16 14:42:50,5.19,0.0,0.0,0,Success,Subscription,Bandung,IDR,False
TXN-20240116-0001852,WALL-0041997,MERCH-00128,PM-01,DEV-01,2024-01-16 18:51:14,10.0,0.0,0.0,1,Success,Purchase,Pathein,MMK,False
TXN-20240116-0001853,WALL-0057083,MERCH-00265,PM-01,DEV-01,2024-01-16 14:23:31,10.02,0.0,0.0,1,Success,Subscription,Naypyidaw,MMK,False
TXN-20240116-0001854,WALL-0116654,MERCH-00187,PM-01,DEV-01,2024-01-16 14:48:41,133.87,0.0,6.6933,13,Success,Purchase,Mandalay,MMK,False
TXN-20240116-0001855,WALL-0136898,MERCH-00319,PM-01,DEV-05,2024-01-16 17:35:09,30.14,0.0,0.0,3,Success,Bill Payment,Bangalore,INR,False
TXN-20240116-0001856,WALL-0050846,MERCH-00194,PM-01,DEV-01,2024-01-16 14:42:43,17.96,0.0,0.0,1,Success,Purchase,Bago,MMK,False
TXN-20240116-0001857,WALL-0147589,MERCH-00392,PM-02,DEV-01,2024-01-16 03:01:08,134.61,0.2692,0.0,13,Success,Purchase,Naypyidaw,MMK,False
TXN-20240116-0001858,WALL-0043708,MERCH-00375,PM-04,DEV-01,2024-01-16 15:14:16,29.67,0.5933,0.0,0,Pending,Purchase,Myitkyina,MMK,False
TXN-20240116-0001859,WALL-0137216,MERCH-00077,PM-04,DEV-02,2024-01-16 10:33:27,22.08,0.4417,0.4417,2,Success,Purchase,Myitkyina,INR,False
TXN-20240116-0001860,WALL-0014399,MERCH-00473,PM-01,DEV-02,2024-01-16 09:25:16,177.09,0.0,0.0,17,Success,Payment,Jaipur,INR,False
TXN-20240116-0001861,WALL-0043658,MERCH-00188,PM-01,DEV-03,2024-01-16 16:09:29,39.67,0.0,1.9835,3,Success,Purchase,Myitkyina,MMK,False
TXN-20240116-0001862,WALL-0017812,MERCH-00084,PM-01,DEV-02,2024-01-16 02:30:26,33.73,0.0,0.0,3,Success,Purchase,Kandy,LKR,False
TXN-20240116-0001863,WALL-0142963,MERCH-00321,PM-04,DEV-01,2024-01-16 17:51:26,76.36,1.5273,0.0,7,Success,Bill Payment,Mawlamyine,MMK,False
TXN-20240116-0001864,WALL-0020856,MERCH-00383,PM-01,DEV-01,2024-01-16 17:25:22,24.63,0.0,0.0,2,Success,Purchase,Yangon,MMK,False
TXN-20240116-0001865,WALL-0120756,MERCH-00126,PM-01,DEV-02,2024-01-16 17:41:53,37.38,0.0,0.0,3,Success,Purchase,Bago,MMK,False
TXN-20240116-0001866,WALL-0125623,MERCH-00177,PM-03,DEV-01,2024-01-16 15:11:46,1205.08,9.6406,60.2538,120,Success,Purchase,Islamabad,PKR,False
TXN-20240116-0001867,WALL-0119759,MERCH-00348,PM-01,DEV-01,2024-01-16 15:12:26,14.42,0.0,0.0,1,Success,Bill Payment,Pathein,MMK,False
TXN-20240116-0001868,WALL-0005246,MERCH-00107,PM-02,DEV-01,2024-01-16 20:27:26,41.49,0.083,0.0,4,Success,Purchase,Bago,MMK,False
TXN-20240116-0001869,WALL-0062521,MERCH-00242,PM-01,DEV-03,2024-01-16 19:03:33,12.99,0.0,0.0,1,Success,Subscription,Bago,MMK,False
TXN-20240116-0001870,WALL-0052950,MERCH-00228,PM-02,DEV-03,2024-01-16 14:54:12,12.62,0.0252,0.0,1,Success,Purchase,Phuket,MMK,False
TXN-20240116-0001871,WALL-0064735,MERCH-00020,PM-02,DEV-02,2024-01-16 13:42:44,8.17,0.0163,0.1635,0,Success,Purchase,Bago,MMK,False
TXN-20240116-0001872,WALL-0055236,MERCH-00392,PM-04,DEV-01,2024-01-16 07:04:00,25.22,0.5043,0.0,2,Success,Purchase,Khon Kaen,THB,False
TXN-20240116-0001873,WALL-0129232,MERCH-00392,PM-01,DEV-04,2024-01-16 08:37:47,68.6,0.0,0.0,6,Success,Purchase,Pune,INR,False
TXN-20240116-0001874,WALL-0116897,MERCH-00063,PM-02,DEV-02,2024-01-16 08:14:17,10.34,0.0207,0.2067,1,Success,Purchase,Bali,IDR,False
TXN-20240116-0001875,WALL-0141409,MERCH-00430,PM-04,DEV-01,2024-01-16 03:21:22,44.53,0.8906,0.0,4,Success,Payment,Bago,MMK,False
TXN-20240116-0001876,WALL-0131531,MERCH-00344,PM-01,DEV-02,2024-01-16 12:11:32,60.67,0.0,0.0,6,Success,Bill Payment,Cebu City,PHP,False
TXN-20240116-0001877,WALL-0118724,MERCH-00347,PM-02,DEV-02,2024-01-16 17:12:19,17.62,0.0352,0.0,1,Success,Bill Payment,Chittagong,BDT,False
TXN-20240116-0001878,WALL-0018941,MERCH-00249,PM-02,DEV-02,2024-01-16 20:44:46,5.0,0.01,0.0,0,Success,Subscription,Taunggyi,MMK,False
TXN-20240116-0001879,WALL-0086680,MERCH-00403,PM-01,DEV-02,2024-01-16 20:07:51,305.63,0.0,0.0,30,Success,Payment,Naypyidaw,MMK,False
TXN-20240116-0001880,WALL-0076727,MERCH-00455,PM-01,DEV-01,2024-01-16 00:36:18,1827.08,0.0,0.0,182,Success,Payment,Colombo,LKR,False
TXN-20240116-0001881,WALL-0016092,MERCH-00383,PM-01,DEV-02,2024-01-16 19:41:10,33.22,0.0,0.0,3,Success,Purchase,Hanoi,VND,False
TXN-20240116-0001882,WALL-0003138,MERCH-00138,PM-01,DEV-02,2024-01-16 16:58:55,47.12,0.0,2.3558,4,Success,Purchase,Bali,MMK,False
TXN-20240116-0001883,WALL-0059284,MERCH-00322,PM-01,DEV-01,2024-01-16 21:22:32,79.3,0.0,0.0,7,Success,Bill Payment,Delhi,INR,False
TXN-20240116-0001884,WALL-0039783,MERCH-00166,PM-02,DEV-02,2024-01-16 21:08:13,190.0,0.38,9.5002,19,Success,Purchase,Jaipur,NPR,False
TXN-20240116-0001885,WALL-0010033,MERCH-00345,PM-01,DEV-01,2024-01-16 17:21:51,36.19,0.0,0.0,3,Success,Bill Payment,Da Nang,VND,False
TXN-20240116-0001886,WALL-0146511,MERCH-00129,PM-05,DEV-04,2024-01-16 21:48:28,129.56,0.0,0.0,12,Success,Purchase,Bangalore,INR,False
TXN-20240116-0001887,WALL-0110233,MERCH-00321,PM-05,DEV-03,2024-01-16 17:04:12,87.53,0.0,0.0,8,Success,Bill Payment,Phnom Penh,KHR,False
TXN-20240116-0001888,WALL-0009898,MERCH-00255,PM-01,DEV-03,2024-01-16 11:42:10,32.33,0.0,0.0,3,Success,Subscription,Bago,MMK,False
TXN-20240116-0001889,WALL-0143463,MERCH-00102,PM-05,DEV-01,2024-01-16 15:56:00,30.72,0.0,0.0,3,Success,Purchase,Myitkyina,PKR,False
TXN-20240116-0001890,WALL-0057920,MERCH-00073,PM-05,DEV-01,2024-01-16 17:19:56,16.1,0.0,0.3219,1,Success,Purchase,Phuket,THB,False
TXN-20240116-0001891,WALL-0055577,MERCH-00201,PM-02,DEV-05,2024-01-16 16:14:52,7.73,0.0155,0.0,0,Failed,Purchase,Jaipur,INR,False
TXN-20240116-0001892,WALL-0028245,MERCH-00121,PM-03,DEV-01,2024-01-16 20:10:58,75.8,0.6064,0.0,7,Success,Purchase,Delhi,PHP,False
TXN-20240116-0001893,WALL-0073158,MERCH-00012,PM-01,DEV-02,2024-01-16 19:31:46,13.94,0.0,0.2788,1,Success,Purchase,Pathein,MMK,False
TXN-20240116-0001894,WALL-0032305,MERCH-00126,PM-01,DEV-02,2024-01-16 06:42:34,205.36,0.0,0.0,20,Success,Purchase,Colombo,LKR,False
TXN-20240116-0001895,WALL-0132985,MERCH-00029,PM-02,DEV-03,2024-01-16 13:08:25,16.51,0.033,0.0,0,Pending,Purchase,Yangon,MMK,False
TXN-20240116-0001896,WALL-0055310,MERCH-00124,PM-01,DEV-04,2024-01-16 15:01:06,120.54,0.0,0.0,12,Success,Purchase,Pathein,MMK,False
TXN-20240116-0001897,WALL-0028694,MERCH-00407,PM-03,DEV-01,2024-01-16 07:25:25,109.52,0.8762,0.0,10,Success,Payment,Bago,INR,False
TXN-20240116-0001898,WALL-0070303,MERCH-00264,PM-02,DEV-01,2024-01-16 07:15:59,5.06,0.0101,0.0,0,Success,Subscription,Penang,INR,False
TXN-20240116-0001899,WALL-0020567,MERCH-00472,PM-01,DEV-01,2024-01-16 19:03:18,325.56,0.0,0.0,32,Success,Payment,Pune,INR,False
TXN-20240116-0001900,WALL-0108526,MERCH-00129,PM-03,DEV-03,2024-01-16 04:33:17,72.75,0.582,0.0,7,Success,Purchase,Karachi,INR,False
TXN-20240116-0001901,WALL-0127637,MERCH-00221,PM-04,DEV-01,2024-01-16 21:06:21,15.25,0.305,0.0,1,Success,Purchase,Taunggyi,MMK,False
TXN-20240116-0001902,WALL-0129402,MERCH-00337,PM-04,DEV-03,2024-01-16 21:04:55,29.54,0.5908,0.0,2,Success,Bill Payment,Quezon City,PHP,False
TXN-20240116-0001903,WALL-0082030,MERCH-00066,PM-01,DEV-02,2024-01-16 06:09:16,7.26,0.0,0.1453,0,Success,Purchase,Bago,MMK,False
TXN-20240116-0001904,WALL-0133460,MERCH-00084,PM-04,DEV-01,2024-01-16 20:37:30,62.09,1.2418,0.0,6,Success,Purchase,Yangon,MMK,False
TXN-20240116-0001905,WALL-0027836,MERCH-00197,PM-01,DEV-01,2024-01-16 08:33:53,6.44,0.0,0.0,0,Success,Purchase,Taunggyi,MMK,False
TXN-20240116-0001906,WALL-0009685,MERCH-00206,PM-04,DEV-01,2024-01-16 06:43:09,15.61,0.3122,0.0,1,Success,Purchase,Taunggyi,MMK,False
TXN-20240116-0001907,WALL-0004289,MERCH-00427,PM-01,DEV-03,2024-01-16 18:26:49,100.97,0.0,0.0,10,Success,Payment,Kuala Lumpur,MYR,False
TXN-20240116-0001908,WALL-0040388,MERCH-00315,PM-02,DEV-05,2024-01-16 15:08:55,85.07,0.1701,0.0,8,Success,Bill Payment,Mumbai,INR,False
TXN-20240116-0001909,WALL-0139981,MERCH-00069,PM-01,DEV-01,2024-01-16 20:05:42,13.35,0.0,0.2669,1,Success,Purchase,Yangon,MMK,False
TXN-20240116-0001910,WALL-0114003,MERCH-00246,PM-01,DEV-01,2024-01-16 09:07:43,16.92,0.0,0.0,1,Success,Subscription,Johor Bahru,MYR,False
TXN-20240116-0001911,WALL-0105242,MERCH-00432,PM-01,DEV-01,2024-01-16 15:04:18,591.88,0.0,0.0,59,Success,Tax Payment,Jaipur,INR,False
TXN-20240116-0001912,WALL-0149423,MERCH-00076,PM-04,DEV-03,2024-01-16 20:42:14,11.97,0.2394,0.2394,1,Success,Purchase,Naypyidaw,MMK,False
TXN-20240116-0001913,WALL-0116814,MERCH-00209,PM-01,DEV-01,2024-01-16 10:09:02,7.63,0.0,0.0,0,Success,Purchase,Taunggyi,MMK,False
TXN-20240116-0001914,WALL-0127838,MERCH-00218,PM-05,DEV-01,2024-01-16 16:51:28,50.06,0.0,0.0,5,Success,Purchase,Pokhara,NPR,False
TXN-20240116-0001915,WALL-0100548,MERCH-00111,PM-02,DEV-03,2024-01-16 11:11:32,250.95,0.5019,0.0,25,Success,Purchase,Khon Kaen,THB,False
TXN-20240116-0001916,WALL-0131034,MERCH-00433,PM-04,DEV-01,2024-01-16 17:49:45,171.54,3.4307,0.0,17,Success,Tax Payment,Singapore,SGD,False
TXN-20240116-0001917,WALL-0120838,MERCH-00378,PM-04,DEV-01,2024-01-16 11:12:02,20.0,0.4,0.0,2,Success,Purchase,Mandalay,MMK,False
TXN-20240116-0001918,WALL-0149485,MERCH-00130,PM-01,DEV-01,2024-01-16 15:45:18,40.73,0.0,0.0,4,Success,Purchase,Da Nang,VND,False
TXN-20240116-0001919,WALL-0027503,MERCH-00109,PM-02,DEV-03,2024-01-16 12:44:44,40.79,0.0816,0.0,4,Success,Purchase,Naypyidaw,MMK,False
TXN-20240116-0001920,WALL-0104318,MERCH-00296,PM-01,DEV-02,2024-01-16 12:15:28,714.4,0.0,57.1518,142,Success,Purchase,Surabaya,IDR,False
TXN-20240116-0001921,WALL-0092877,MERCH-00014,PM-04,DEV-01,2024-01-16 10:10:40,15.98,0.3195,0.3195,1,Success,Purchase,Yangon,MMK,False
TXN-20240116-0001922,WALL-0115547,MERCH-00151,PM-01,DEV-02,2024-01-16 12:32:16,64.59,0.0,3.2293,6,Success,Purchase,Pathein,MMK,False
TXN-20240116-0001923,WALL-0099849,MERCH-00186,PM-01,DEV-03,2024-01-16 07:22:27,123.66,0.0,6.1831,12,Success,Purchase,Mandalay,MMK,False
TXN-20240116-0001924,WALL-0087061,MERCH-00197,PM-02,DEV-01,2024-01-16 12:34:27,7.67,0.0153,0.0,0,Success,Purchase,Kandy,LKR,False
TXN-20240116-0001925,WALL-0016650,MERCH-00242,PM-04,DEV-01,2024-01-16 20:52:22,17.28,0.3457,0.0,1,Success,Subscription,Pathein,MMK,False
TXN-20240116-0001926,WALL-0079029,MERCH-00192,PM-02,DEV-03,2024-01-16 17:46:46,17.32,0.0346,0.0,1,Success,Purchase,Yangon,MMK,False
TXN-20240116-0001927,WALL-0015870,MERCH-00177,PM-01,DEV-02,2024-01-16 08:38:32,148.63,0.0,7.4316,14,Success,Purchase,Naypyidaw,MMK,False
TXN-20240116-0001928,WALL-0005648,MERCH-00137,PM-04,DEV-02,2024-01-16 12:33:29,123.54,2.4708,6.177,12,Success,Purchase,Jakarta,IDR,False
TXN-20240116-0001929,WALL-0047221,MERCH-00070,PM-01,DEV-01,2024-01-16 12:04:43,9.56,0.0,0.1913,0,Success,Purchase,Jakarta,IDR,False
TXN-20240116-0001930,WALL-0037757,MERCH-00102,PM-01,DEV-01,2024-01-16 07:43:36,49.37,0.0,0.0,4,Success,Purchase,Taunggyi,MMK,False
TXN-20240116-0001931,WALL-0038622,MERCH-00115,PM-03,DEV-01,2024-01-16 20:29:14,61.73,0.4938,0.0,6,Success,Purchase,Myitkyina,MMK,False
TXN-20240116-0001932,WALL-0109182,MERCH-00441,PM-01,DEV-04,2024-01-16 16:01:01,497.74,0.0,0.0,49,Success,Tax Payment,Ahmedabad,INR,False
TXN-20240116-0001933,WALL-0018117,MERCH-00217,PM-03,DEV-02,2024-01-16 04:27:57,18.74,0.1499,0.0,1,Success,Purchase,Pune,INR,False
TXN-20240116-0001934,WALL-0087841,MERCH-00069,PM-01,DEV-01,2024-01-16 09:47:35,19.76,0.0,0.3953,1,Success,Purchase,Pune,INR,False
TXN-20240116-0001935,WALL-0002479,MERCH-00199,PM-01,DEV-01,2024-01-16 15:03:28,11.98,0.0,0.0,1,Success,Purchase,Bali,IDR,False
TXN-20240116-0001936,WALL-0124310,MERCH-00039,PM-01,DEV-04,2024-01-16 08:48:34,11.65,0.0,0.2329,1,Success,Purchase,Bangkok,MYR,False
TXN-20240116-0001937,WALL-0126925,MERCH-00027,PM-01,DEV-01,2024-01-16 20:03:46,20.43,0.0,0.4086,2,Success,Purchase,Mandalay,MMK,False
TXN-20240116-0001938,WALL-0085087,MERCH-00119,PM-03,DEV-04,2024-01-16 12:43:18,52.8,0.4224,0.0,5,Success,Purchase,Yangon,MMK,False
TXN-20240116-0001939,WALL-0027244,MERCH-00004,PM-03,DEV-05,2024-01-16 02:15:13,55.07,0.4406,1.1015,5,Success,Purchase,Taunggyi,MMK,False
TXN-20240116-0001940,WALL-0115533,MERCH-00349,PM-03,DEV-04,2024-01-16 21:51:36,27.05,0.2164,0.0,2,Success,Bill Payment,Cebu City,PHP,False
TXN-20240116-0001941,WALL-0055351,MERCH-00320,PM-04,DEV-02,2024-01-16 21:36:19,148.79,2.9759,0.0,14,Success,Bill Payment,Colombo,IDR,False
TXN-20240116-0001942,WALL-0029056,MERCH-00197,PM-01,DEV-01,2024-01-16 23:33:51,21.68,0.0,0.0,2,Success,Purchase,Penang,MYR,False
TXN-20240116-0001943,WALL-0096570,MERCH-00366,PM-01,DEV-02,2024-01-16 20:57:55,25.67,0.0,0.0,2,Success,Bill Payment,Taunggyi,MMK,False
TXN-20240116-0001944,WALL-0144778,MERCH-00088,PM-03,DEV-01,2024-01-16 20:17:30,17.41,0.1392,0.0,1,Success,Purchase,Dhaka,BDT,False
TXN-20240116-0001945,WALL-0024807,MERCH-00057,PM-04,DEV-02,2024-01-16 13:56:16,28.22,0.5643,0.0,0,Failed,Purchase,Taunggyi,MMK,False
TXN-20240116-0001946,WALL-0087162,MERCH-00428,PM-02,DEV-04,2024-01-16 15:33:39,39.12,0.0782,0.0,3,Success,Payment,Kolkata,INR,False
TXN-20240116-0001947,WALL-0043820,MERCH-00146,PM-01,DEV-03,2024-01-16 18:27:10,44.41,0.0,2.2205,4,Success,Purchase,Chennai,INR,False
TXN-20240116-0001948,WALL-0124889,MERCH-00444,PM-03,DEV-01,2024-01-16 13:22:24,50.0,0.4,0.0,5,Success,Tax Payment,Mawlamyine,MMK,False
TXN-20240116-0001949,WALL-0149864,MERCH-00192,PM-01,DEV-01,2024-01-16 20:47:38,6.54,0.0,0.0,0,Success,Purchase,Naypyidaw,MMK,False
TXN-20240116-0001950,WALL-0104598,MERCH-00313,PM-02,DEV-05,2024-01-16 21:16:29,122.31,0.2446,0.0,12,Success,Bill Payment,Johor Bahru,THB,False
TXN-20240116-0001951,WALL-0138835,MERCH-00092,PM-02,DEV-01,2024-01-16 15:50:13,99.67,0.1993,0.0,9,Success,Purchase,Jakarta,MMK,False
TXN-20240116-0001952,WALL-0126223,MERCH-00042,PM-03,DEV-01,2024-01-16 16:25:47,33.46,0.2677,0.6692,3,Success,Purchase,Pathein,MMK,False
TXN-20240116-0001953,WALL-0008801,MERCH-00284,PM-01,DEV-02,2024-01-16 10:00:24,1373.45,0.0,109.876,274,Success,Purchase,Myitkyina,MMK,False
TXN-20240116-0001954,WALL-0078342,MERCH-00343,PM-01,DEV-01,2024-01-16 18:30:10,40.05,0.0,0.0,4,Success,Bill Payment,Mandalay,MMK,False
TXN-20240116-0001955,WALL-0138174,MERCH-00036,PM-01,DEV-01,2024-01-16 12:39:57,21.41,0.0,0.4283,2,Success,Purchase,Yangon,MMK,False
TXN-20240116-0001956,WALL-0043951,MERCH-00097,PM-01,DEV-02,2024-01-16 13:04:05,74.58,0.0,0.0,7,Success,Purchase,Johor Bahru,MYR,False
TXN-20240116-0001957,WALL-0133502,MERCH-00171,PM-03,DEV-01,2024-01-16 05:09:49,423.44,3.3875,21.1721,42,Success,Purchase,Chittagong,BDT,False
TXN-20240116-0001958,WALL-0044800,MERCH-00381,PM-01,DEV-01,2024-01-16 09:24:27,26.94,0.0,0.0,2,Success,Purchase,Pokhara,NPR,False
TXN-20240116-0001959,WALL-0016257,MERCH-00051,PM-02,DEV-04,2024-01-16 19:27:46,18.34,0.0367,0.3667,1,Success,Purchase,Colombo,LKR,False
TXN-20240116-0001960,WALL-0128273,MERCH-00050,PM-01,DEV-03,2024-01-16 14:24:08,22.58,0.0,0.0,0,Reversed,Purchase,Yangon,MMK,False
TXN-20240116-0001961,WALL-0002987,MERCH-00041,PM-02,DEV-03,2024-01-16 17:17:26,13.3,0.0266,0.2659,1,Success,Purchase,Hyderabad,VND,False
TXN-20240116-0001962,WALL-0126274,MERCH-00120,PM-01,DEV-01,2024-01-16 21:45:26,37.31,0.0,0.0,3,Success,Purchase,Bago,MMK,False
TXN-20240116-0001963,WALL-0081989,MERCH-00216,PM-02,DEV-01,2024-01-16 12:23:19,43.15,0.0863,0.0,4,Success,Purchase,Chennai,INR,False
TXN-20240116-0001964,WALL-0064503,MERCH-00109,PM-04,DEV-01,2024-01-16 07:17:04,154.2,3.084,0.0,15,Success,Purchase,Mawlamyine,MMK,False
TXN-20240116-0001965,WALL-0094366,MERCH-00122,PM-02,DEV-01,2024-01-16 00:47:44,73.66,0.1473,0.0,7,Success,Purchase,Jakarta,INR,False
TXN-20240116-0001966,WALL-0068639,MERCH-00335,PM-02,DEV-02,2024-01-16 21:16:09,124.58,0.2492,0.0,12,Success,Bill Payment,Naypyidaw,MMK,False
TXN-20240116-0001967,WALL-0023012,MERCH-00078,PM-02,DEV-02,2024-01-16 13:43:27,15.76,0.0315,0.3152,1,Success,Purchase,Pathein,MMK,False
TXN-20240116-0001968,WALL-0040831,MERCH-00152,PM-02,DEV-01,2024-01-16 19:20:02,153.02,0.306,7.651,15,Success,Purchase,Davao,PHP,False
TXN-20240116-0001969,WALL-0015980,MERCH-00430,PM-03,DEV-01,2024-01-16 21:32:01,63.16,0.5053,0.0,6,Success,Payment,Mawlamyine,MMK,False
TXN-20240116-0001970,WALL-0050079,MERCH-00221,PM-04,DEV-01,2024-01-16 15:16:36,5.0,0.1,0.0,0,Success,Purchase,Naypyidaw,MMK,False
TXN-20240116-0001971,WALL-0137027,MERCH-00340,PM-02,DEV-01,2024-01-16 18:25:17,84.72,0.1694,0.0,8,Success,Bill Payment,Colombo,LKR,False
TXN-20240116-0001972,WALL-0078634,MERCH-00209,PM-01,DEV-03,2024-01-16 12:38:40,12.11,0.0,0.0,1,Success,Purchase,Myitkyina,MMK,False
TXN-20240116-0001973,WALL-0049376,MERCH-00015,PM-02,DEV-01,2024-01-16 08:04:59,17.35,0.0347,0.3469,1,Success,Purchase,Taunggyi,MMK,False
TXN-20240116-0001974,WALL-0016129,MERCH-00120,PM-02,DEV-01,2024-01-16 13:12:21,93.0,0.186,0.0,9,Success,Purchase,Bangkok,THB,False
TXN-20240116-0001975,WALL-0005458,MERCH-00016,PM-04,DEV-02,2024-01-16 11:27:41,5.0,0.1,0.1,0,Success,Purchase,Myitkyina,MMK,False
TXN-20240116-0001976,WALL-0100303,MERCH-00304,PM-02,DEV-01,2024-01-16 20:21:44,467.42,0.9348,37.3938,93,Success,Purchase,Yangon,MMK,False
TXN-20240116-0001977,WALL-0059994,MERCH-00042,PM-01,DEV-03,2024-01-16 11:31:51,5.0,0.0,0.1,0,Success,Purchase,Pokhara,NPR,False
TXN-20240116-0001978,WALL-0111680,MERCH-00060,PM-01,DEV-01,2024-01-16 07:37:37,6.08,0.0,0.1215,0,Success,Purchase,Phuket,THB,False
TXN-20240116-0001979,WALL-0103355,MERCH-00039,PM-02,DEV-01,2024-01-16 18:50:34,25.74,0.0515,0.5148,2,Success,Purchase,Pokhara,NPR,False
TXN-20240116-0001980,WALL-0146324,MERCH-00244,PM-01,DEV-01,2024-01-16 13:10:40,21.24,0.0,0.0,2,Success,Subscription,Pokhara,NPR,False
TXN-20240116-0001981,WALL-0127908,MERCH-00086,PM-01,DEV-01,2024-01-16 17:24:38,53.98,0.0,0.0,5,Success,Purchase,Mandalay,MMK,False
TXN-20240116-0001982,WALL-0000911,MERCH-00156,PM-02,DEV-01,2024-01-16 16:26:28,398.56,0.7971,19.9281,39,Success,Purchase,Lahore,PKR,False
TXN-20240116-0001983,WALL-0108975,MERCH-00487,PM-02,DEV-03,2024-01-16 02:02:31,100.63,0.2013,0.0,10,Success,Payment,Phuket,THB,False
TXN-20240116-0001984,WALL-0133593,MERCH-00046,PM-02,DEV-01,2024-01-16 16:41:15,24.03,0.0481,0.4807,2,Success,Purchase,Phnom Penh,KHR,False
TXN-20240116-0001985,WALL-0021510,MERCH-00213,PM-05,DEV-01,2024-01-16 15:20:15,7.0,0.0,0.0,0,Success,Purchase,Pattaya,THB,False
TXN-20240116-0001986,WALL-0116043,MERCH-00129,PM-01,DEV-01,2024-01-16 01:45:07,48.1,0.0,0.0,4,Success,Purchase,Delhi,INR,False
TXN-20240116-0001987,WALL-0060122,MERCH-00426,PM-04,DEV-01,2024-01-16 16:00:18,57.9,1.158,0.0,5,Success,Payment,Mawlamyine,MMK,False
TXN-20240116-0001988,WALL-0003344,MERCH-00092,PM-01,DEV-01,2024-01-16 16:57:53,26.78,0.0,0.0,2,Success,Purchase,Pokhara,NPR,False
TXN-20240116-0001989,WALL-0002151,MERCH-00187,PM-02,DEV-05,2024-01-16 15:26:10,40.4,0.0808,2.02,4,Success,Purchase,Chittagong,BDT,False
TXN-20240116-0001990,WALL-0015156,MERCH-00475,PM-04,DEV-01,2024-01-16 14:41:05,147.52,2.9503,0.0,14,Success,Payment,Mandalay,MMK,False
TXN-20240116-0001991,WALL-0071298,MERCH-00221,PM-04,DEV-05,2024-01-16 13:11:34,9.79,0.1958,0.0,0,Success,Purchase,Taunggyi,MMK,False
TXN-20240116-0001992,WALL-0133553,MERCH-00018,PM-02,DEV-01,2024-01-16 19:02:10,6.38,0.0128,0.1275,0,Success,Purchase,Mandalay,MMK,False
TXN-20240116-0001993,WALL-0143782,MERCH-00172,PM-03,DEV-01,2024-01-16 11:41:50,138.81,1.1105,6.9406,13,Success,Purchase,Bangalore,INR,False
TXN-20240116-0001994,WALL-0133526,MERCH-00211,PM-03,DEV-03,2024-01-16 16:18:00,5.0,0.04,0.0,0,Success,Purchase,Colombo,MMK,False
TXN-20240116-0001995,WALL-0117919,MERCH-00156,PM-03,DEV-01,2024-01-16 20:49:43,24.36,0.1949,1.2178,2,Success,Purchase,Mawlamyine,MMK,False
TXN-20240116-0001996,WALL-0015617,MERCH-00487,PM-03,DEV-05,2024-01-16 12:20:03,417.7,3.3416,0.0,41,Success,Payment,Colombo,LKR,False
TXN-20240116-0001997,WALL-0004935,MERCH-00073,PM-01,DEV-01,2024-01-16 13:25:42,52.41,0.0,1.0482,5,Success,Purchase,Pathein,MMK,False
TXN-20240116-0001998,WALL-0062868,MERCH-00096,PM-03,DEV-02,2024-01-16 21:24:12,79.34,0.6347,0.0,0,Pending,Purchase,Dhaka,BDT,False
TXN-20240116-0001999,WALL-0068620,MERCH-00140,PM-02,DEV-02,2024-01-16 01:18:02,186.22,0.3724,9.3109,18,Success,Purchase,Khon Kaen,THB,False
TXN-20240116-0002000,WALL-0139834,MERCH-00397,PM-02,DEV-05,2024-01-16 17:58:09,96.82,0.1936,0.0,0,Pending,Purchase,Jaipur,INR,False
TXN-20240116-0002001,WALL-0078160,MERCH-00079,PM-01,DEV-01,2024-01-16 23:18:25,12.38,0.0,0.2476,1,Success,Purchase,Quezon City,PHP,False
TXN-20240116-0002002,WALL-0008816,MERCH-00110,PM-04,DEV-01,2024-01-16 18:58:30,37.91,0.7583,0.0,3,Success,Purchase,Khon Kaen,THB,False
TXN-20240116-0002003,WALL-0082522,MERCH-00398,PM-02,DEV-02,2024-01-16 21:49:29,27.92,0.0558,0.0,2,Success,Purchase,Johor Bahru,MYR,False
TXN-20240116-0002004,WALL-0060913,MERCH-00086,PM-01,DEV-04,2024-01-16 00:10:44,73.6,0.0,0.0,7,Success,Purchase,Surabaya,IDR,False
TXN-20240116-0002005,WALL-0025012,MERCH-00208,PM-01,DEV-02,2024-01-16 17:19:30,8.72,0.0,0.0,0,Success,Purchase,Yangon,MMK,False
TXN-20240116-0002006,WALL-0076250,MERCH-00238,PM-01,DEV-01,2024-01-16 15:09:46,41.21,0.0,0.0,4,Success,Subscription,Bangalore,INR,False
TXN-20240116-0002007,WALL-0039663,MERCH-00029,PM-01,DEV-01,2024-01-16 21:29:49,24.07,0.0,0.4814,2,Success,Purchase,Lahore,PKR,False
TXN-20240116-0002008,WALL-0053750,MERCH-00041,PM-02,DEV-01,2024-01-16 19:47:34,18.58,0.0372,0.3716,1,Success,Purchase,Jaipur,INR,False
TXN-20240116-0002009,WALL-0145806,MERCH-00009,PM-01,DEV-01,2024-01-16 02:16:20,9.86,0.0,0.1972,0,Success,Purchase,Chennai,INR,False
TXN-20240116-0002010,WALL-0069994,MERCH-00076,PM-03,DEV-01,2024-01-16 14:52:05,9.54,0.0764,0.1909,0,Success,Purchase,Mandalay,MMK,False
TXN-20240116-0002011,WALL-0115965,MERCH-00095,PM-03,DEV-02,2024-01-16 18:13:09,130.35,1.0428,0.0,13,Success,Purchase,Manila,PHP,False
TXN-20240116-0002012,WALL-0005664,MERCH-00163,PM-03,DEV-02,2024-01-16 07:25:07,106.56,0.8525,5.3281,10,Success,Purchase,Chittagong,BDT,False
TXN-20240116-0002013,WALL-0090466,MERCH-00404,PM-02,DEV-02,2024-01-16 14:49:32,303.06,0.6061,0.0,30,Success,Payment,Kolkata,INR,False
TXN-20240116-0002014,WALL-0049167,MERCH-00070,PM-02,DEV-01,2024-01-16 12:10:15,15.2,0.0304,0.304,1,Success,Purchase,Bago,MMK,False
TXN-20240116-0002015,WALL-0127110,MERCH-00310,PM-01,DEV-01,2024-01-16 02:33:57,1946.42,0.0,155.7138,389,Success,Purchase,Islamabad,MYR,False
TXN-20240116-0002016,WALL-0076514,MERCH-00267,PM-02,DEV-01,2024-01-16 06:45:41,47.79,0.0956,0.0,4,Success,Subscription,Naypyidaw,MMK,False
TXN-20240116-0002017,WALL-0033128,MERCH-00057,PM-01,DEV-02,2024-01-16 20:50:21,8.98,0.0,0.1795,0,Success,Purchase,Bago,MMK,False
TXN-20240116-0002018,WALL-0018935,MERCH-00104,PM-01,DEV-01,2024-01-16 21:23:14,95.64,0.0,0.0,9,Success,Purchase,Pathein,MMK,False
TXN-20240116-0002019,WALL-0020979,MERCH-00009,PM-02,DEV-03,2024-01-16 20:37:08,10.13,0.0203,0.2026,1,Success,Purchase,Naypyidaw,MMK,False
TXN-20240116-0002020,WALL-0093392,MERCH-00056,PM-01,DEV-04,2024-01-16 13:00:48,32.68,0.0,0.6537,3,Success,Purchase,Mandalay,MMK,False
TXN-20240116-0002021,WALL-0013107,MERCH-00103,PM-04,DEV-01,2024-01-16 09:45:29,60.79,1.2158,0.0,6,Success,Purchase,Bangalore,INR,False
TXN-20240116-0002022,WALL-0082247,MERCH-00334,PM-02,DEV-04,2024-01-16 17:02:05,47.62,0.0952,0.0,4,Success,Bill Payment,Mandalay,MMK,False
TXN-20240116-0002023,WALL-0051934,MERCH-00126,PM-02,DEV-03,2024-01-16 14:20:15,207.18,0.4144,0.0,20,Success,Purchase,Bago,MMK,False
TXN-20240116-0002024,WALL-0141194,MERCH-00159,PM-01,DEV-03,2024-01-16 21:48:28,1156.76,0.0,57.8382,115,Success,Purchase,Dhaka,BDT,False
TXN-20240116-0002025,WALL-0144342,MERCH-00069,PM-01,DEV-03,2024-01-16 06:08:37,43.79,0.0,0.8757,4,Success,Purchase,Kuala Lumpur,MYR,False
TXN-20240116-0002026,WALL-0040790,MERCH-00197,PM-02,DEV-04,2024-01-16 18:34:54,11.08,0.0222,0.0,1,Success,Purchase,Singapore,SGD,False
TXN-20240116-0002027,WALL-0111627,MERCH-00459,PM-02,DEV-01,2024-01-16 21:14:55,66.11,0.1322,0.0,6,Success,Payment,Yangon,MMK,False
TXN-20240116-0002028,WALL-0122351,MERCH-00123,PM-03,DEV-01,2024-01-16 16:45:37,52.96,0.4237,0.0,5,Success,Purchase,Kuala Lumpur,THB,False
TXN-20240116-0002029,WALL-0092390,MERCH-00078,PM-01,DEV-02,2024-01-16 18:33:23,8.78,0.0,0.1756,0,Success,Purchase,Yangon,MMK,False
TXN-20240116-0002030,WALL-0032861,MERCH-00227,PM-03,DEV-01,2024-01-16 21:40:33,9.18,0.0734,0.0,0,Success,Purchase,Bago,MMK,False
TXN-20240116-0002031,WALL-0138630,MERCH-00181,PM-02,DEV-01,2024-01-16 14:37:20,104.88,0.2098,5.244,10,Success,Purchase,Siem Reap,KHR,False
TXN-20240116-0002032,WALL-0114870,MERCH-00053,PM-01,DEV-01,2024-01-16 19:28:47,21.28,0.0,0.4256,2,Success,Purchase,Bago,MMK,False
TXN-20240116-0002033,WALL-0008602,MERCH-00448,PM-02,DEV-03,2024-01-16 18:54:45,217.41,0.4348,0.0,21,Success,Tax Payment,Yangon,MMK,False
TXN-20240116-0002034,WALL-0010796,MERCH-00149,PM-03,DEV-02,2024-01-16 13:54:28,42.06,0.3365,2.1028,4,Success,Purchase,Bangkok,THB,False
TXN-20240116-0002035,WALL-0122601,MERCH-00415,PM-03,DEV-01,2024-01-16 07:31:54,59.42,0.4753,0.0,5,Success,Payment,Siem Reap,LKR,False
TXN-20240116-0002036,WALL-0011439,MERCH-00084,PM-05,DEV-05,2024-01-16 06:11:34,39.14,0.0,0.0,3,Success,Purchase,Delhi,INR,False
TXN-20240116-0002037,WALL-0027735,MERCH-00408,PM-02,DEV-05,2024-01-16 18:42:39,23.32,0.0466,0.0,2,Success,Payment,Chennai,INR,False
TXN-20240116-0002038,WALL-0147916,MERCH-00447,PM-02,DEV-03,2024-01-16 14:17:33,185.03,0.3701,0.0,0,Failed,Tax Payment,Naypyidaw,MMK,False
TXN-20240116-0002039,WALL-0064630,MERCH-00461,PM-02,DEV-01,2024-01-16 15:54:02,127.62,0.2552,0.0,12,Success,Payment,Myitkyina,MMK,False
TXN-20240116-0002040,WALL-0010164,MERCH-00387,PM-01,DEV-01,2024-01-16 23:59:07,39.8,0.0,0.0,3,Success,Purchase,Ahmedabad,INR,False
TXN-20240116-0002041,WALL-0084701,MERCH-00336,PM-02,DEV-01,2024-01-16 18:08:10,170.21,0.3404,0.0,17,Success,Bill Payment,Bandung,IDR,False
TXN-20240116-0002042,WALL-0126590,MERCH-00213,PM-03,DEV-01,2024-01-16 10:09:48,8.51,0.0681,0.0,0,Success,Purchase,Chittagong,BDT,False
TXN-20240116-0002043,WALL-0138997,MERCH-00034,PM-05,DEV-01,2024-01-16 12:13:31,10.63,0.0,0.0,0,Reversed,Purchase,Islamabad,MYR,False
TXN-20240116-0002044,WALL-0064591,MERCH-00175,PM-02,DEV-01,2024-01-16 21:38:59,112.48,0.225,5.6239,11,Success,Purchase,Mawlamyine,MMK,False
TXN-20240116-0002045,WALL-0045692,MERCH-00469,PM-01,DEV-03,2024-01-16 13:38:10,426.45,0.0,0.0,42,Success,Payment,Bago,MMK,False
TXN-20240116-0002046,WALL-0105678,MERCH-00074,PM-01,DEV-01,2024-01-16 11:41:12,14.62,0.0,0.2925,1,Success,Purchase,Delhi,INR,False
TXN-20240116-0002047,WALL-0060931,MERCH-00429,PM-02,DEV-02,2024-01-16 19:26:37,103.75,0.2075,0.0,10,Success,Payment,Pokhara,MMK,False
TXN-20240116-0002048,WALL-0133882,MERCH-00063,PM-04,DEV-01,2024-01-16 17:55:27,10.87,0.2173,0.2173,1,Success,Purchase,Davao,PHP,False
TXN-20240116-0002049,WALL-0000559,MERCH-00311,PM-02,DEV-03,2024-01-16 11:08:06,45.19,0.0904,0.0,4,Success,Bill Payment,Naypyidaw,MMK,False
TXN-20240116-0002050,WALL-0060109,MERCH-00315,PM-02,DEV-03,2024-01-16 18:24:01,67.36,0.1347,0.0,6,Success,Bill Payment,Delhi,MMK,False
TXN-20240116-0002051,WALL-0081246,MERCH-00001,PM-02,DEV-03,2024-01-16 03:01:49,18.93,0.0379,0.3786,1,Success,Purchase,Yangon,MMK,False
TXN-20240116-0002052,WALL-0034797,MERCH-00089,PM-02,DEV-02,2024-01-16 15:43:18,53.94,0.1079,0.0,5,Success,Purchase,Islamabad,PKR,False
TXN-20240116-0002053,WALL-0123218,MERCH-00420,PM-05,DEV-01,2024-01-16 10:13:05,20.0,0.0,0.0,2,Success,Payment,Karachi,PKR,False
TXN-20240116-0002054,WALL-0068573,MERCH-00352,PM-03,DEV-01,2024-01-16 20:01:08,46.62,0.373,0.0,4,Success,Bill Payment,Singapore,SGD,False
TXN-20240116-0002055,WALL-0120976,MERCH-00408,PM-04,DEV-01,2024-01-16 16:54:54,22.88,0.4576,0.0,2,Success,Payment,Pattaya,THB,False
TXN-20240116-0002056,WALL-0129971,MERCH-00120,PM-01,DEV-01,2024-01-16 16:33:12,207.82,0.0,0.0,20,Success,Purchase,Mawlamyine,MMK,False
TXN-20240116-0002057,WALL-0081196,MERCH-00141,PM-01,DEV-05,2024-01-16 17:44:44,189.74,0.0,9.4871,18,Success,Purchase,Bago,MMK,False
TXN-20240116-0002058,WALL-0132511,MERCH-00173,PM-01,DEV-05,2024-01-16 10:54:52,20.0,0.0,1.0,2,Success,Purchase,Ho Chi Minh City,VND,False
TXN-20240116-0002059,WALL-0077990,MERCH-00106,PM-03,DEV-03,2024-01-16 02:38:55,25.68,0.2054,0.0,2,Success,Purchase,Phnom Penh,KHR,False
TXN-20240116-0002060,WALL-0043015,MERCH-00384,PM-04,DEV-01,2024-01-16 16:07:49,46.61,0.9321,0.0,4,Success,Purchase,Bangalore,INR,False
TXN-20240116-0002061,WALL-0089869,MERCH-00101,PM-01,DEV-01,2024-01-16 16:23:52,183.46,0.0,0.0,18,Success,Purchase,Jaipur,INR,False
TXN-20240116-0002062,WALL-0012060,MERCH-00393,PM-02,DEV-02,2024-01-16 10:28:12,48.7,0.0974,0.0,4,Success,Purchase,Johor Bahru,MMK,False
TXN-20240116-0002063,WALL-0057154,MERCH-00444,PM-04,DEV-04,2024-01-16 17:14:08,935.32,18.7063,0.0,93,Success,Tax Payment,Singapore,SGD,False
TXN-20240116-0002064,WALL-0116530,MERCH-00111,PM-04,DEV-01,2024-01-16 11:55:11,93.89,1.8777,0.0,9,Success,Purchase,Bago,MMK,False
TXN-20240116-0002065,WALL-0106452,MERCH-00093,PM-01,DEV-01,2024-01-16 13:54:24,39.03,0.0,0.0,3,Success,Purchase,Pattaya,THB,False
TXN-20240116-0002066,WALL-0045279,MERCH-00320,PM-02,DEV-02,2024-01-16 19:08:08,108.0,0.216,0.0,0,Failed,Bill Payment,Johor Bahru,MYR,False
TXN-20240116-0002067,WALL-0047125,MERCH-00379,PM-03,DEV-03,2024-01-16 11:06:07,23.6,0.1888,0.0,2,Success,Purchase,Kolkata,INR,False
TXN-20240116-0002068,WALL-0008002,MERCH-00215,PM-01,DEV-01,2024-01-16 08:43:05,33.24,0.0,0.0,3,Success,Purchase,Mandalay,MMK,False
TXN-20240116-0002069,WALL-0037046,MERCH-00362,PM-04,DEV-03,2024-01-16 08:04:50,17.27,0.3454,0.0,1,Success,Bill Payment,Karachi,PKR,False
TXN-20240116-0002070,WALL-0010635,MERCH-00412,PM-04,DEV-03,2024-01-16 06:06:51,64.47,1.2894,0.0,6,Success,Payment,Singapore,SGD,False
TXN-20240116-0002071,WALL-0141342,MERCH-00235,PM-01,DEV-03,2024-01-16 16:28:15,5.0,0.0,0.0,0,Success,Subscription,Kuala Lumpur,MYR,False
TXN-20240116-0002072,WALL-0024633,MERCH-00461,PM-03,DEV-01,2024-01-16 14:40:18,50.0,0.4,0.0,5,Success,Payment,Chittagong,BDT,False
TXN-20240116-0002073,WALL-0107696,MERCH-00032,PM-03,DEV-01,2024-01-16 12:51:57,30.7,0.2456,0.6139,3,Success,Purchase,Phnom Penh,KHR,False
TXN-20240116-0002074,WALL-0063321,MERCH-00041,PM-03,DEV-01,2024-01-16 14:19:29,99.0,0.792,1.98,9,Success,Purchase,Myitkyina,MMK,False
TXN-20240116-0002075,WALL-0018827,MERCH-00264,PM-02,DEV-01,2024-01-16 23:42:36,9.28,0.0186,0.0,0,Success,Subscription,Quezon City,INR,False
TXN-20240116-0002076,WALL-0006881,MERCH-00430,PM-03,DEV-02,2024-01-16 19:43:37,25.05,0.2004,0.0,2,Success,Payment,Singapore,SGD,False
TXN-20240116-0002077,WALL-0130539,MERCH-00121,PM-02,DEV-01,2024-01-16 20:25:17,66.69,0.1334,0.0,6,Success,Purchase,Myitkyina,MMK,False
TXN-20240116-0002078,WALL-0070668,MERCH-00295,PM-03,DEV-01,2024-01-16 18:52:36,337.39,2.6991,26.9911,67,Success,Purchase,Karachi,PKR,False
TXN-20240116-0002079,WALL-0037156,MERCH-00296,PM-02,DEV-01,2024-01-16 21:24:11,220.03,0.4401,17.6026,44,Success,Purchase,Lahore,PKR,False
TXN-20240116-0002080,WALL-0057900,MERCH-00299,PM-05,DEV-01,2024-01-16 20:47:23,906.41,0.0,0.0,0,Failed,Purchase,Bago,MMK,False
TXN-20240116-0002081,WALL-0111350,MERCH-00183,PM-01,DEV-01,2024-01-16 14:22:35,69.27,0.0,3.4636,6,Success,Purchase,Bangalore,INR,False
TXN-20240116-0002082,WALL-0057611,MERCH-00328,PM-02,DEV-01,2024-01-16 07:24:43,44.29,0.0886,0.0,4,Success,Bill Payment,Hyderabad,INR,False
TXN-20240116-0002083,WALL-0105836,MERCH-00420,PM-01,DEV-02,2024-01-16 14:09:17,42.26,0.0,0.0,4,Success,Payment,Lahore,PKR,False
TXN-20240116-0002084,WALL-0144392,MERCH-00080,PM-01,DEV-02,2024-01-16 08:38:36,13.8,0.0,0.276,1,Success,Purchase,Chennai,INR,False
TXN-20240116-0002085,WALL-0114089,MERCH-00165,PM-03,DEV-03,2024-01-16 15:14:51,135.95,1.0876,6.7975,13,Success,Purchase,Yangon,MMK,False
TXN-20240116-0002086,WALL-0028689,MERCH-00311,PM-03,DEV-01,2024-01-16 09:48:41,25.46,0.2037,0.0,2,Success,Bill Payment,Chennai,INR,False
TXN-20240116-0002087,WALL-0138714,MERCH-00046,PM-03,DEV-04,2024-01-16 13:38:18,43.95,0.3516,0.879,4,Success,Purchase,Yangon,MMK,False
TXN-20240116-0002088,WALL-0034202,MERCH-00141,PM-04,DEV-05,2024-01-16 08:06:01,86.8,1.7361,4.3402,8,Success,Purchase,Mawlamyine,MMK,False
TXN-20240116-0002089,WALL-0041058,MERCH-00278,PM-01,DEV-03,2024-01-16 01:52:00,254.37,0.0,20.3499,50,Success,Purchase,Kathmandu,NPR,False
TXN-20240116-0002090,WALL-0090795,MERCH-00135,PM-02,DEV-01,2024-01-16 15:22:26,675.66,1.3513,33.7832,67,Success,Purchase,Pathein,MMK,False
TXN-20240116-0002091,WALL-0119601,MERCH-00355,PM-02,DEV-01,2024-01-16 16:46:16,52.5,0.105,0.0,5,Success,Bill Payment,Siem Reap,PHP,False
TXN-20240116-0002092,WALL-0148407,MERCH-00294,PM-02,DEV-02,2024-01-16 20:32:05,1673.24,3.3465,133.8589,334,Success,Purchase,Penang,MYR,False
TXN-20240116-0002093,WALL-0076143,MERCH-00105,PM-04,DEV-01,2024-01-16 07:06:27,32.94,0.6589,0.0,3,Success,Purchase,Naypyidaw,PHP,False
TXN-20240116-0002094,WALL-0046034,MERCH-00353,PM-01,DEV-02,2024-01-16 18:34:30,20.43,0.0,0.0,2,Success,Bill Payment,Mawlamyine,MMK,False
TXN-20240116-0002095,WALL-0021266,MERCH-00447,PM-01,DEV-02,2024-01-16 17:58:16,258.92,0.0,0.0,25,Success,Tax Payment,Ho Chi Minh City,VND,False
TXN-20240116-0002096,WALL-0097494,MERCH-00073,PM-03,DEV-01,2024-01-16 21:05:18,60.0,0.48,1.2,6,Success,Purchase,Phnom Penh,KHR,False
TXN-20240116-0002097,WALL-0058592,MERCH-00037,PM-02,DEV-02,2024-01-16 12:51:23,30.8,0.0616,0.616,3,Success,Purchase,Bangalore,THB,False
TXN-20240116-0002098,WALL-0026871,MERCH-00429,PM-04,DEV-03,2024-01-16 04:35:42,52.87,1.0574,0.0,5,Success,Payment,Taunggyi,MMK,False
TXN-20240116-0002099,WALL-0065370,MERCH-00008,PM-01,DEV-02,2024-01-16 14:54:24,9.4,0.0,0.1881,0,Success,Purchase,Taunggyi,MMK,False
TXN-20240116-0002100,WALL-0005307,MERCH-00229,PM-03,DEV-01,2024-01-16 13:04:03,11.52,0.0922,0.0,1,Success,Purchase,Myitkyina,MMK,False
TXN-20240116-0002101,WALL-0041988,MERCH-00010,PM-03,DEV-03,2024-01-16 19:13:25,35.62,0.2849,0.7124,3,Success,Purchase,Pokhara,NPR,False
TXN-20240116-0002102,WALL-0142010,MERCH-00314,PM-01,DEV-02,2024-01-16 19:46:58,121.79,0.0,0.0,12,Success,Bill Payment,Phnom Penh,KHR,False
TXN-20240116-0002103,WALL-0083551,MERCH-00329,PM-03,DEV-02,2024-01-16 17:40:12,118.6,0.9488,0.0,11,Success,Bill Payment,Ho Chi Minh City,VND,False
TXN-20240116-0002104,WALL-0012872,MERCH-00348,PM-04,DEV-01,2024-01-16 17:14:05,20.13,0.4025,0.0,2,Success,Bill Payment,Da Nang,VND,False
TXN-20240116-0002105,WALL-0133907,MERCH-00421,PM-01,DEV-01,2024-01-16 18:26:26,275.6,0.0,0.0,27,Success,Payment,Bago,MMK,False
TXN-20240116-0002106,WALL-0001026,MERCH-00112,PM-02,DEV-03,2024-01-16 19:11:48,22.09,0.0442,0.0,2,Success,Purchase,Yangon,MMK,False
TXN-20240116-0002107,WALL-0116435,MERCH-00456,PM-01,DEV-02,2024-01-16 12:26:29,146.21,0.0,0.0,14,Success,Payment,Lahore,PKR,False
TXN-20240116-0002108,WALL-0118945,MERCH-00429,PM-05,DEV-03,2024-01-16 06:37:23,31.58,0.0,0.0,3,Success,Payment,Naypyidaw,MMK,False
TXN-20240116-0002109,WALL-0113572,MERCH-00059,PM-02,DEV-03,2024-01-16 12:00:38,12.33,0.0247,0.2465,1,Success,Purchase,Bangalore,INR,False
TXN-20240116-0002110,WALL-0061638,MERCH-00428,PM-05,DEV-03,2024-01-16 01:34:58,130.22,0.0,0.0,13,Success,Payment,Mandalay,MMK,False
TXN-20240116-0002111,WALL-0127248,MERCH-00261,PM-01,DEV-01,2024-01-16 21:26:19,7.81,0.0,0.0,0,Success,Subscription,Chennai,INR,False
TXN-20240116-0002112,WALL-0015232,MERCH-00418,PM-03,DEV-02,2024-01-16 17:31:28,127.92,1.0233,0.0,12,Success,Payment,Mawlamyine,MMK,False
TXN-20240116-0002113,WALL-0068465,MERCH-00486,PM-01,DEV-02,2024-01-16 16:35:32,74.46,0.0,0.0,7,Success,Payment,Colombo,LKR,False
TXN-20240116-0002114,WALL-0148219,MERCH-00154,PM-03,DEV-01,2024-01-16 13:35:21,390.41,3.1233,19.5207,39,Success,Purchase,Naypyidaw,MMK,False
TXN-20240116-0002115,WALL-0018870,MERCH-00011,PM-01,DEV-02,2024-01-16 14:29:23,18.1,0.0,0.3619,1,Success,Purchase,Phuket,BDT,False
TXN-20240116-0002116,WALL-0058147,MERCH-00076,PM-01,DEV-03,2024-01-16 17:12:55,38.09,0.0,0.7617,3,Success,Purchase,Mawlamyine,MMK,False
TXN-20240116-0002117,WALL-0025633,MERCH-00436,PM-01,DEV-01,2024-01-16 14:19:32,218.4,0.0,0.0,21,Success,Tax Payment,Siem Reap,KHR,False
TXN-20240116-0002118,WALL-0009381,MERCH-00108,PM-01,DEV-05,2024-01-16 17:33:16,46.76,0.0,0.0,4,Success,Purchase,Taunggyi,MMK,False
TXN-20240116-0002119,WALL-0138509,MERCH-00002,PM-01,DEV-01,2024-01-16 16:22:30,48.11,0.0,0.9621,4,Success,Purchase,Myitkyina,MMK,False
TXN-20240116-0002120,WALL-0035057,MERCH-00432,PM-01,DEV-02,2024-01-16 19:49:54,181.58,0.0,0.0,18,Success,Tax Payment,Chiang Mai,THB,False
TXN-20240116-0002121,WALL-0055322,MERCH-00209,PM-05,DEV-04,2024-01-16 20:34:51,22.25,0.0,0.0,2,Success,Purchase,Pathein,MMK,False
TXN-20240116-0002122,WALL-0059303,MERCH-00249,PM-04,DEV-02,2024-01-16 15:32:08,10.94,0.2188,0.0,1,Success,Subscription,Hyderabad,INR,False
TXN-20240116-0002123,WALL-0021006,MERCH-00134,PM-01,DEV-01,2024-01-16 18:22:08,231.49,0.0,11.5746,23,Success,Purchase,Mawlamyine,MMK,False
TXN-20240116-0002124,WALL-0055992,MERCH-00326,PM-02,DEV-01,2024-01-16 14:51:30,98.88,0.1978,0.0,9,Success,Bill Payment,Pattaya,THB,False
TXN-20240116-0002125,WALL-0059484,MERCH-00037,PM-01,DEV-01,2024-01-16 13:25:14,26.44,0.0,0.5287,2,Success,Purchase,Bago,MMK,False
TXN-20240116-0002126,WALL-0081689,MERCH-00326,PM-01,DEV-01,2024-01-16 21:28:44,120.56,0.0,0.0,12,Success,Bill Payment,Karachi,PKR,False
TXN-20240116-0002127,WALL-0086040,MERCH-00286,PM-02,DEV-01,2024-01-16 20:31:50,532.71,1.0654,42.6165,106,Success,Purchase,Naypyidaw,MMK,False
TXN-20240116-0002128,WALL-0137881,MERCH-00056,PM-01,DEV-02,2024-01-16 19:21:03,12.2,0.0,0.244,1,Success,Purchase,Manila,PHP,False
TXN-20240116-0002129,WALL-0025032,MERCH-00130,PM-02,DEV-01,2024-01-16 16:05:50,20.05,0.0401,0.0,2,Success,Purchase,Mandalay,MMK,False
TXN-20240116-0002130,WALL-0136760,MERCH-00454,PM-01,DEV-02,2024-01-16 03:16:55,1987.95,0.0,0.0,198,Success,Payment,Yangon,MMK,False
TXN-20240116-0002131,WALL-0103404,MERCH-00139,PM-01,DEV-01,2024-01-16 04:50:12,149.63,0.0,7.4815,14,Success,Purchase,Ahmedabad,INR,False
TXN-20240116-0002132,WALL-0125727,MERCH-00436,PM-04,DEV-01,2024-01-16 15:53:55,581.31,11.6263,0.0,58,Success,Tax Payment,Islamabad,PKR,False
TXN-20240116-0002133,WALL-0027513,MERCH-00152,PM-03,DEV-03,2024-01-16 16:56:47,30.26,0.2421,1.513,3,Success,Purchase,Quezon City,PHP,False
TXN-20240116-0002134,WALL-0006207,MERCH-00218,PM-02,DEV-03,2024-01-16 04:59:43,5.56,0.0111,0.0,0,Success,Purchase,Chiang Mai,THB,False
TXN-20240116-0002135,WALL-0109969,MERCH-00135,PM-04,DEV-04,2024-01-16 18:57:11,269.73,5.3946,13.4865,26,Success,Purchase,Surabaya,IDR,False
TXN-20240116-0002136,WALL-0047290,MERCH-00072,PM-02,DEV-01,2024-01-16 17:33:39,25.4,0.0508,0.508,2,Success,Purchase,Surabaya,IDR,False
TXN-20240116-0002137,WALL-0021614,MERCH-00001,PM-02,DEV-01,2024-01-16 19:30:27,21.63,0.0433,0.4325,2,Success,Purchase,Hanoi,VND,False
TXN-20240116-0002138,WALL-0146951,MERCH-00216,PM-01,DEV-01,2024-01-16 06:57:53,8.68,0.0,0.0,0,Success,Purchase,Kandy,MMK,False
TXN-20240116-0002139,WALL-0061813,MERCH-00195,PM-01,DEV-02,2024-01-16 18:11:12,13.86,0.0,0.0,1,Success,Purchase,Pattaya,INR,False
TXN-20240116-0002140,WALL-0016936,MERCH-00245,PM-03,DEV-01,2024-01-16 19:58:16,5.0,0.04,0.0,0,Success,Subscription,Mumbai,MMK,False
TXN-20240116-0002141,WALL-0076012,MERCH-00381,PM-02,DEV-03,2024-01-16 16:06:38,120.0,0.24,0.0,12,Success,Purchase,Bago,MMK,False
TXN-20240116-0002142,WALL-0030774,MERCH-00084,PM-04,DEV-01,2024-01-16 13:31:06,145.02,2.9004,0.0,14,Success,Purchase,Yangon,MMK,False
TXN-20240116-0002143,WALL-0058651,MERCH-00027,PM-01,DEV-02,2024-01-16 16:38:42,17.68,0.0,0.3535,1,Success,Purchase,Bangkok,PKR,False
TXN-20240116-0002144,WALL-0074712,MERCH-00395,PM-01,DEV-01,2024-01-16 16:40:52,37.08,0.0,0.0,3,Success,Purchase,Jaipur,INR,False
TXN-20240116-0002145,WALL-0029890,MERCH-00360,PM-01,DEV-03,2024-01-16 21:59:27,107.21,0.0,0.0,10,Success,Bill Payment,Lahore,PKR,False
TXN-20240116-0002146,WALL-0043210,MERCH-00221,PM-02,DEV-01,2024-01-16 13:21:04,16.38,0.0328,0.0,1,Success,Purchase,Lahore,PKR,False
TXN-20240116-0002147,WALL-0041184,MERCH-00366,PM-04,DEV-01,2024-01-16 14:56:09,33.91,0.6781,0.0,3,Success,Bill Payment,Mawlamyine,MMK,False
TXN-20240116-0002148,WALL-0093233,MERCH-00012,PM-04,DEV-01,2024-01-16 09:35:04,11.23,0.2246,0.2246,1,Success,Purchase,Taunggyi,MMK,False
TXN-20240116-0002149,WALL-0005402,MERCH-00377,PM-02,DEV-05,2024-01-16 15:53:44,68.76,0.1375,0.0,6,Success,Purchase,Kuala Lumpur,MYR,False
TXN-20240116-0002150,WALL-0098040,MERCH-00163,PM-02,DEV-01,2024-01-16 19:40:39,57.88,0.1158,2.8938,5,Success,Purchase,Bago,MMK,False
TXN-20240116-0002151,WALL-0077400,MERCH-00223,PM-01,DEV-02,2024-01-16 21:34:20,7.52,0.0,0.0,0,Success,Purchase,Medan,IDR,False
TXN-20240116-0002152,WALL-0106297,MERCH-00463,PM-02,DEV-01,2024-01-16 16:43:18,133.01,0.266,0.0,13,Success,Payment,Myitkyina,MMK,False
TXN-20240116-0002153,WALL-0062201,MERCH-00341,PM-01,DEV-02,2024-01-16 14:21:57,79.25,0.0,0.0,7,Success,Bill Payment,Yangon,MMK,False
TXN-20240116-0002154,WALL-0107545,MERCH-00090,PM-01,DEV-01,2024-01-16 21:46:58,39.66,0.0,0.0,3,Success,Purchase,Bangalore,INR,False
TXN-20240116-0002155,WALL-0124805,MERCH-00199,PM-04,DEV-01,2024-01-16 19:54:00,12.51,0.2502,0.0,1,Success,Purchase,Siem Reap,MMK,False
TXN-20240116-0002156,WALL-0017699,MERCH-00189,PM-01,DEV-03,2024-01-16 15:05:39,743.32,0.0,37.1662,74,Success,Purchase,Islamabad,MMK,True
TXN-20240116-0002157,WALL-0138611,MERCH-00248,PM-02,DEV-01,2024-01-16 14:54:32,8.83,0.0177,0.0,0,Success,Subscription,Johor Bahru,MYR,False
TXN-20240116-0002158,WALL-0113448,MERCH-00438,PM-01,DEV-03,2024-01-16 15:46:01,657.38,0.0,0.0,65,Success,Tax Payment,Naypyidaw,MMK,False
TXN-20240116-0002159,WALL-0058001,MERCH-00003,PM-03,DEV-05,2024-01-16 13:44:59,24.4,0.1952,0.488,2,Success,Purchase,Bangalore,INR,False
TXN-20240116-0002160,WALL-0036389,MERCH-00481,PM-02,DEV-01,2024-01-16 08:54:56,268.49,0.537,0.0,26,Success,Payment,Penang,IDR,False
TXN-20240116-0002161,WALL-0100914,MERCH-00093,PM-01,DEV-01,2024-01-16 13:22:54,68.62,0.0,0.0,6,Success,Purchase,Singapore,MMK,False
TXN-20240116-0002162,WALL-0068949,MERCH-00429,PM-01,DEV-02,2024-01-16 01:06:56,227.54,0.0,0.0,22,Success,Payment,Myitkyina,MMK,False
TXN-20240116-0002163,WALL-0086866,MERCH-00427,PM-04,DEV-03,2024-01-16 20:57:52,59.04,1.1807,0.0,5,Success,Payment,Hyderabad,INR,False
TXN-20240116-0002164,WALL-0059011,MERCH-00007,PM-02,DEV-01,2024-01-16 14:18:17,17.7,0.0354,0.3541,1,Success,Purchase,Myitkyina,BDT,False
TXN-20240116-0002165,WALL-0149217,MERCH-00353,PM-01,DEV-01,2024-01-16 01:19:10,87.37,0.0,0.0,8,Success,Bill Payment,Taunggyi,MMK,False
TXN-20240116-0002166,WALL-0064606,MERCH-00369,PM-01,DEV-01,2024-01-16 15:39:08,25.39,0.0,0.0,2,Success,Bill Payment,Phnom Penh,KHR,False
TXN-20240116-0002167,WALL-0075559,MERCH-00258,PM-01,DEV-03,2024-01-16 14:46:13,26.12,0.0,0.0,2,Success,Subscription,Bandung,IDR,False
TXN-20240116-0002168,WALL-0067204,MERCH-00105,PM-02,DEV-01,2024-01-16 17:48:40,60.38,0.1208,0.0,6,Success,Purchase,Naypyidaw,MMK,False
TXN-20240116-0002169,WALL-0118212,MERCH-00418,PM-05,DEV-03,2024-01-16 14:51:38,185.96,0.0,0.0,18,Success,Payment,Taunggyi,MMK,False
TXN-20240116-0002170,WALL-0018702,MERCH-00349,PM-01,DEV-01,2024-01-16 08:26:38,42.35,0.0,0.0,4,Success,Bill Payment,Bangalore,INR,False
TXN-20240116-0002171,WALL-0148423,MERCH-00142,PM-01,DEV-01,2024-01-16 23:52:49,58.73,0.0,2.9366,5,Success,Purchase,Jaipur,MMK,False
TXN-20240116-0002172,WALL-0125538,MERCH-00334,PM-01,DEV-02,2024-01-16 15:41:41,54.39,0.0,0.0,5,Success,Bill Payment,Mawlamyine,MMK,False
TXN-20240116-0002173,WALL-0027921,MERCH-00332,PM-01,DEV-01,2024-01-16 06:38:22,127.12,0.0,0.0,12,Success,Bill Payment,Medan,IDR,False
TXN-20240116-0002174,WALL-0121158,MERCH-00384,PM-01,DEV-01,2024-01-16 00:32:50,40.22,0.0,0.0,4,Success,Purchase,Ahmedabad,INR,False
TXN-20240116-0002175,WALL-0048257,MERCH-00068,PM-02,DEV-01,2024-01-16 09:26:54,34.04,0.0681,0.6808,3,Success,Purchase,Mawlamyine,MMK,False
TXN-20240116-0002176,WALL-0056941,MERCH-00395,PM-04,DEV-01,2024-01-16 12:59:53,27.03,0.5406,0.0,2,Success,Purchase,Dhaka,BDT,False
TXN-20240116-0002177,WALL-0122283,MERCH-00133,PM-03,DEV-01,2024-01-16 08:24:26,77.87,0.623,3.8937,7,Success,Purchase,Ahmedabad,INR,False
TXN-20240116-0002178,WALL-0142589,MERCH-00330,PM-01,DEV-01,2024-01-16 04:38:13,108.19,0.0,0.0,10,Success,Bill Payment,Pathein,MMK,False
TXN-20240116-0002179,WALL-0078713,MERCH-00202,PM-04,DEV-02,2024-01-16 22:59:50,19.12,0.3823,0.0,1,Success,Purchase,Medan,IDR,False
TXN-20240116-0002180,WALL-0093745,MERCH-00016,PM-01,DEV-01,2024-01-16 02:35:28,23.33,0.0,0.4665,2,Success,Purchase,Naypyidaw,MMK,False
TXN-20240116-0002181,WALL-0032092,MERCH-00140,PM-02,DEV-05,2024-01-16 11:42:32,73.67,0.1473,3.6833,7,Success,Purchase,Mawlamyine,MMK,False
TXN-20240116-0002182,WALL-0030939,MERCH-00291,PM-01,DEV-01,2024-01-16 20:52:54,543.14,0.0,43.451,108,Success,Purchase,Chiang Mai,THB,False
TXN-20240116-0002183,WALL-0020914,MERCH-00326,PM-02,DEV-01,2024-01-16 16:38:13,27.88,0.0558,0.0,2,Success,Bill Payment,Kathmandu,NPR,False
TXN-20240116-0002184,WALL-0107132,MERCH-00434,PM-01,DEV-01,2024-01-16 12:19:58,698.62,0.0,0.0,69,Success,Tax Payment,Bago,MMK,False
TXN-20240116-0002185,WALL-0139133,MERCH-00345,PM-02,DEV-02,2024-01-16 13:08:43,36.13,0.0723,0.0,3,Success,Bill Payment,Pathein,MMK,False
TXN-20240116-0002186,WALL-0026307,MERCH-00181,PM-01,DEV-04,2024-01-16 19:54:29,256.09,0.0,12.8045,25,Success,Purchase,Medan,IDR,False
TXN-20240116-0002187,WALL-0014495,MERCH-00119,PM-04,DEV-01,2024-01-16 11:58:38,22.59,0.4519,0.0,2,Success,Purchase,Pathein,MMK,False
TXN-20240116-0002188,WALL-0081412,MERCH-00014,PM-05,DEV-01,2024-01-16 11:57:13,22.91,0.0,0.4581,2,Success,Purchase,Jaipur,INR,False
TXN-20240116-0002189,WALL-0025331,MERCH-00119,PM-04,DEV-01,2024-01-16 07:55:24,69.22,1.3844,0.0,6,Success,Purchase,Hanoi,VND,False
TXN-20240116-0002190,WALL-0011904,MERCH-00002,PM-01,DEV-01,2024-01-16 19:37:37,12.45,0.0,0.2491,1,Success,Purchase,Bago,MMK,False
TXN-20240116-0002191,WALL-0108207,MERCH-00336,PM-02,DEV-01,2024-01-16 06:18:38,20.0,0.04,0.0,2,Success,Bill Payment,Yangon,PKR,False
TXN-20240116-0002192,WALL-0128368,MERCH-00030,PM-01,DEV-01,2024-01-16 08:52:35,31.25,0.0,0.6251,3,Success,Purchase,Medan,MMK,False
TXN-20240116-0002193,WALL-0067793,MERCH-00373,PM-04,DEV-01,2024-01-16 17:41:49,82.84,1.6568,0.0,8,Success,Purchase,Phuket,THB,False
TXN-20240116-0002194,WALL-0073250,MERCH-00087,PM-02,DEV-05,2024-01-16 03:56:22,84.09,0.1682,0.0,8,Success,Purchase,Siem Reap,KHR,False
TXN-20240116-0002195,WALL-0048933,MERCH-00355,PM-02,DEV-02,2024-01-16 18:14:17,56.52,0.113,0.0,5,Success,Bill Payment,Pattaya,KHR,False
TXN-20240116-0002196,WALL-0088600,MERCH-00010,PM-03,DEV-02,2024-01-16 12:20:54,28.1,0.2248,0.5619,2,Success,Purchase,Mumbai,INR,False
TXN-20240116-0002197,WALL-0088479,MERCH-00006,PM-01,DEV-01,2024-01-16 02:02:15,19.64,0.0,0.3929,1,Success,Purchase,Mandalay,MMK,False
TXN-20240116-0002198,WALL-0116486,MERCH-00002,PM-02,DEV-05,2024-01-16 11:41:03,41.63,0.0833,0.8327,4,Success,Purchase,Dhaka,BDT,False
TXN-20240116-0002199,WALL-0092869,MERCH-00029,PM-02,DEV-02,2024-01-16 18:16:36,14.77,0.0295,0.2953,1,Success,Purchase,Singapore,SGD,False
TXN-20240116-0002200,WALL-0068115,MERCH-00082,PM-05,DEV-01,2024-01-16 14:20:49,25.68,0.0,0.0,2,Success,Purchase,Surabaya,IDR,False
TXN-20240116-0002201,WALL-0087623,MERCH-00401,PM-04,DEV-01,2024-01-16 16:30:19,81.32,1.6264,0.0,8,Success,Payment,Mandalay,MMK,False
TXN-20240116-0002202,WALL-0143296,MERCH-00422,PM-01,DEV-01,2024-01-16 19:15:44,93.81,0.0,0.0,9,Success,Payment,Myitkyina,MMK,False
TXN-20240116-0002203,WALL-0078111,MERCH-00021,PM-01,DEV-02,2024-01-16 10:53:52,17.74,0.0,0.3547,1,Success,Purchase,Lahore,PKR,False
TXN-20240116-0002204,WALL-0042558,MERCH-00474,PM-01,DEV-01,2024-01-16 21:55:30,124.88,0.0,0.0,12,Success,Payment,Jakarta,IDR,False
TXN-20240116-0002205,WALL-0083211,MERCH-00196,PM-02,DEV-01,2024-01-16 18:26:05,29.9,0.0598,0.0,2,Success,Purchase,Naypyidaw,MMK,False
TXN-20240116-0002206,WALL-0003738,MERCH-00159,PM-03,DEV-03,2024-01-16 18:33:11,496.41,3.9713,24.8206,49,Success,Purchase,Davao,BDT,False
TXN-20240116-0002207,WALL-0038007,MERCH-00326,PM-01,DEV-01,2024-01-16 19:46:43,64.46,0.0,0.0,6,Success,Bill Payment,Bago,MMK,False
TXN-20240116-0002208,WALL-0135214,MERCH-00043,PM-02,DEV-01,2024-01-16 21:27:14,11.74,0.0235,0.2349,1,Success,Purchase,Bali,SGD,False
TXN-20240116-0002209,WALL-0000271,MERCH-00176,PM-02,DEV-01,2024-01-16 19:53:13,565.93,1.1319,28.2966,56,Success,Purchase,Pathein,MMK,False
TXN-20240116-0002210,WALL-0084234,MERCH-00198,PM-02,DEV-02,2024-01-16 17:21:15,12.74,0.0255,0.0,1,Success,Purchase,Bago,MMK,False
TXN-20240116-0002211,WALL-0016546,MERCH-00264,PM-02,DEV-01,2024-01-16 21:35:26,25.81,0.0516,0.0,2,Success,Subscription,Mandalay,MMK,False
TXN-20240116-0002212,WALL-0014833,MERCH-00230,PM-04,DEV-02,2024-01-16 06:03:40,14.92,0.2985,0.0,1,Success,Purchase,Surabaya,IDR,False
TXN-20240116-0002213,WALL-0098016,MERCH-00209,PM-04,DEV-01,2024-01-16 10:36:43,5.0,0.1,0.0,0,Success,Purchase,Delhi,INR,False
TXN-20240116-0002214,WALL-0017476,MERCH-00197,PM-03,DEV-02,2024-01-16 08:04:30,31.74,0.2539,0.0,3,Success,Purchase,Singapore,SGD,False
TXN-20240116-0002215,WALL-0110130,MERCH-00396,PM-03,DEV-03,2024-01-16 10:16:03,111.58,0.8926,0.0,11,Success,Purchase,Pathein,MMK,False
TXN-20240116-0002216,WALL-0021058,MERCH-00495,PM-02,DEV-01,2024-01-16 20:53:53,192.25,0.3845,0.0,19,Success,Payment,Mawlamyine,LKR,False
TXN-20240116-0002217,WALL-0059101,MERCH-00043,PM-01,DEV-02,2024-01-16 11:23:45,9.73,0.0,0.1946,0,Success,Purchase,Myitkyina,MMK,False
TXN-20240116-0002218,WALL-0135345,MERCH-00344,PM-02,DEV-04,2024-01-16 17:41:05,54.66,0.1093,0.0,5,Success,Bill Payment,Yangon,MMK,False
TXN-20240116-0002219,WALL-0134970,MERCH-00295,PM-03,DEV-05,2024-01-16 09:52:18,926.67,7.4134,74.1337,185,Success,Purchase,Ho Chi Minh City,IDR,False
TXN-20240116-0002220,WALL-0101224,MERCH-00149,PM-03,DEV-03,2024-01-16 09:32:51,198.39,1.5871,9.9195,19,Success,Purchase,Naypyidaw,MMK,False
TXN-20240116-0002221,WALL-0085045,MERCH-00336,PM-04,DEV-01,2024-01-16 07:55:09,28.82,0.5765,0.0,2,Success,Bill Payment,Kuala Lumpur,INR,False
TXN-20240116-0002222,WALL-0119373,MERCH-00180,PM-02,DEV-01,2024-01-16 13:23:29,50.34,0.1007,2.5171,5,Success,Purchase,Mandalay,MMK,False
TXN-20240116-0002223,WALL-0005468,MERCH-00348,PM-04,DEV-01,2024-01-16 10:03:21,37.86,0.7572,0.0,3,Success,Bill Payment,Hanoi,VND,False
TXN-20240116-0002224,WALL-0063534,MERCH-00072,PM-03,DEV-01,2024-01-16 15:49:38,33.52,0.2682,0.6704,3,Success,Purchase,Pathein,MMK,False
TXN-20240116-0002225,WALL-0148168,MERCH-00397,PM-01,DEV-04,2024-01-16 07:13:01,36.59,0.0,0.0,3,Success,Purchase,Dhaka,BDT,False
TXN-20240116-0002226,WALL-0019831,MERCH-00085,PM-02,DEV-01,2024-01-16 08:20:54,140.31,0.2806,0.0,14,Success,Purchase,Delhi,INR,False
TXN-20240116-0002227,WALL-0018057,MERCH-00078,PM-01,DEV-02,2024-01-16 15:23:06,12.26,0.0,0.2453,1,Success,Purchase,Ho Chi Minh City,INR,False
TXN-20240116-0002228,WALL-0001599,MERCH-00228,PM-04,DEV-01,2024-01-16 20:25:33,10.81,0.2161,0.0,1,Success,Purchase,Kandy,PKR,False
TXN-20240116-0002229,WALL-0089116,MERCH-00120,PM-01,DEV-02,2024-01-16 07:42:39,67.17,0.0,0.0,6,Success,Purchase,Quezon City,PHP,False
TXN-20240116-0002230,WALL-0131682,MERCH-00448,PM-02,DEV-01,2024-01-16 17:04:51,50.0,0.1,0.0,5,Success,Tax Payment,Naypyidaw,MMK,False
TXN-20240116-0002231,WALL-0148570,MERCH-00266,PM-05,DEV-01,2024-01-16 20:15:11,19.5,0.0,0.0,1,Success,Subscription,Pathein,MMK,False
TXN-20240116-0002232,WALL-0069906,MERCH-00185,PM-02,DEV-01,2024-01-16 18:13:10,120.19,0.2404,6.0096,12,Success,Purchase,Lahore,MYR,False
TXN-20240116-0002233,WALL-0003345,MERCH-00391,PM-04,DEV-01,2024-01-16 13:24:38,35.2,0.704,0.0,3,Success,Purchase,Yangon,MMK,False
TXN-20240116-0002234,WALL-0085470,MERCH-00262,PM-02,DEV-05,2024-01-16 15:26:06,27.44,0.0549,0.0,2,Success,Subscription,Manila,PHP,False
TXN-20240116-0002235,WALL-0140785,MERCH-00057,PM-03,DEV-01,2024-01-16 19:20:06,16.22,0.1297,0.3244,1,Success,Purchase,Mawlamyine,MMK,False
TXN-20240116-0002236,WALL-0099238,MERCH-00220,PM-01,DEV-01,2024-01-16 21:04:48,18.05,0.0,0.0,1,Success,Purchase,Pathein,MMK,False
TXN-20240116-0002237,WALL-0146312,MERCH-00333,PM-01,DEV-03,2024-01-16 23:01:14,46.69,0.0,0.0,4,Success,Bill Payment,Naypyidaw,MMK,False
TXN-20240116-0002238,WALL-0090706,MERCH-00246,PM-02,DEV-02,2024-01-16 11:12:56,15.67,0.0313,0.0,1,Success,Subscription,Chiang Mai,THB,False
TXN-20240116-0002239,WALL-0092468,MERCH-00107,PM-02,DEV-01,2024-01-16 17:43:44,191.81,0.3836,0.0,19,Success,Purchase,Quezon City,PHP,False
TXN-20240116-0002240,WALL-0065209,MERCH-00081,PM-02,DEV-02,2024-01-16 14:04:10,189.58,0.3792,0.0,18,Success,Purchase,Bandung,IDR,False
TXN-20240116-0002241,WALL-0129666,MERCH-00374,PM-02,DEV-04,2024-01-16 12:38:50,76.1,0.1522,0.0,7,Success,Purchase,Chittagong,BDT,False
TXN-20240116-0002242,WALL-0144504,MERCH-00142,PM-01,DEV-01,2024-01-16 18:23:18,100.99,0.0,5.0493,10,Success,Purchase,Penang,INR,False
TXN-20240116-0002243,WALL-0020397,MERCH-00378,PM-01,DEV-05,2024-01-16 11:48:08,76.3,0.0,0.0,7,Success,Purchase,Mandalay,IDR,False
TXN-20240116-0002244,WALL-0124092,MERCH-00356,PM-03,DEV-05,2024-01-16 21:06:37,33.92,0.2713,0.0,3,Success,Bill Payment,Mumbai,INR,False
TXN-20240116-0002245,WALL-0046298,MERCH-00217,PM-04,DEV-01,2024-01-16 02:21:47,5.89,0.1179,0.0,0,Success,Purchase,Naypyidaw,MMK,False
TXN-20240116-0002246,WALL-0088038,MERCH-00075,PM-02,DEV-03,2024-01-16 16:19:11,38.37,0.0767,0.7675,3,Success,Purchase,Kuala Lumpur,BDT,False
TXN-20240116-0002247,WALL-0125548,MERCH-00082,PM-02,DEV-01,2024-01-16 08:16:00,29.35,0.0587,0.0,2,Success,Purchase,Medan,IDR,False
TXN-20240116-0002248,WALL-0060842,MERCH-00264,PM-01,DEV-01,2024-01-16 21:29:10,12.96,0.0,0.0,1,Success,Subscription,Pokhara,NPR,False
TXN-20240116-0002249,WALL-0063578,MERCH-00048,PM-01,DEV-01,2024-01-16 14:41:21,74.52,0.0,1.4903,7,Success,Purchase,Taunggyi,MMK,False
TXN-20240116-0002250,WALL-0146339,MERCH-00363,PM-05,DEV-03,2024-01-16 03:27:50,27.37,0.0,0.0,0,Failed,Bill Payment,Islamabad,PKR,False
TXN-20240116-0002251,WALL-0139270,MERCH-00428,PM-01,DEV-01,2024-01-16 01:24:57,20.0,0.0,0.0,2,Success,Payment,Myitkyina,MMK,False
TXN-20240116-0002252,WALL-0016301,MERCH-00230,PM-01,DEV-01,2024-01-16 19:52:20,5.0,0.0,0.0,0,Success,Purchase,Delhi,INR,False
TXN-20240116-0002253,WALL-0067942,MERCH-00179,PM-04,DEV-01,2024-01-16 15:47:52,174.0,3.4799,8.6998,17,Success,Purchase,Mawlamyine,MMK,False
TXN-20240116-0002254,WALL-0004457,MERCH-00218,PM-01,DEV-01,2024-01-16 13:37:25,27.71,0.0,0.0,2,Success,Purchase,Pokhara,NPR,False
TXN-20240116-0002255,WALL-0084821,MERCH-00178,PM-02,DEV-02,2024-01-16 12:07:00,328.47,0.6569,16.4233,32,Success,Purchase,Ho Chi Minh City,VND,False
TXN-20240116-0002256,WALL-0008389,MERCH-00091,PM-02,DEV-01,2024-01-16 14:54:13,90.19,0.1804,0.0,9,Success,Purchase,Kathmandu,MMK,False
TXN-20240116-0002257,WALL-0073127,MERCH-00075,PM-01,DEV-01,2024-01-16 01:40:44,40.78,0.0,0.8156,4,Success,Purchase,Mandalay,MMK,False
TXN-20240116-0002258,WALL-0131241,MERCH-00355,PM-01,DEV-02,2024-01-16 19:14:41,36.06,0.0,0.0,3,Success,Bill Payment,Penang,NPR,False
TXN-20240116-0002259,WALL-0016714,MERCH-00239,PM-01,DEV-01,2024-01-16 08:57:20,7.19,0.0,0.0,0,Success,Subscription,Mandalay,MMK,False
TXN-20240116-0002260,WALL-0051007,MERCH-00253,PM-05,DEV-01,2024-01-16 15:10:44,26.08,0.0,0.0,2,Success,Subscription,Pathein,MMK,False
TXN-20240116-0002261,WALL-0071107,MERCH-00111,PM-02,DEV-01,2024-01-16 16:41:27,73.04,0.1461,0.0,7,Success,Purchase,Naypyidaw,MMK,False
TXN-20240116-0002262,WALL-0086121,MERCH-00203,PM-01,DEV-02,2024-01-16 06:32:59,5.0,0.0,0.0,0,Success,Purchase,Myitkyina,MMK,False
TXN-20240116-0002263,WALL-0040945,MERCH-00376,PM-04,DEV-01,2024-01-16 13:10:25,33.93,0.6787,0.0,3,Success,Purchase,Hyderabad,INR,False
TXN-20240116-0002264,WALL-0118778,MERCH-00204,PM-01,DEV-01,2024-01-16 22:32:44,5.91,0.0,0.0,0,Success,Purchase,Chiang Mai,THB,False
TXN-20240116-0002265,WALL-0066630,MERCH-00148,PM-02,DEV-01,2024-01-16 14:59:34,124.49,0.249,6.2244,12,Success,Purchase,Myitkyina,MMK,False
TXN-20240116-0002266,WALL-0128909,MERCH-00132,PM-01,DEV-03,2024-01-16 20:47:06,86.53,0.0,4.3266,8,Success,Purchase,Yangon,MMK,False
TXN-20240116-0002267,WALL-0034045,MERCH-00460,PM-01,DEV-01,2024-01-16 15:18:23,199.71,0.0,0.0,19,Success,Payment,Surabaya,NPR,False
TXN-20240116-0002268,WALL-0085394,MERCH-00151,PM-04,DEV-01,2024-01-16 13:00:28,48.14,0.9628,2.407,4,Success,Purchase,Kathmandu,NPR,False
TXN-20240116-0002269,WALL-0028647,MERCH-00380,PM-01,DEV-01,2024-01-16 17:37:33,120.0,0.0,0.0,12,Success,Purchase,Kandy,LKR,False
TXN-20240116-0002270,WALL-0091170,MERCH-00386,PM-04,DEV-01,2024-01-16 16:16:14,42.78,0.8557,0.0,4,Success,Purchase,Khon Kaen,THB,False
TXN-20240116-0002271,WALL-0070772,MERCH-00282,PM-01,DEV-03,2024-01-16 21:23:31,1060.65,0.0,84.8521,212,Success,Purchase,Karachi,PKR,False
TXN-20240116-0002272,WALL-0109287,MERCH-00321,PM-01,DEV-01,2024-01-16 03:54:52,63.53,0.0,0.0,6,Success,Bill Payment,Davao,PHP,False
TXN-20240116-0002273,WALL-0132138,MERCH-00035,PM-03,DEV-01,2024-01-16 11:19:35,15.21,0.1217,0.3042,1,Success,Purchase,Mawlamyine,MMK,False
TXN-20240116-0002274,WALL-0026864,MERCH-00243,PM-01,DEV-03,2024-01-16 05:38:52,17.72,0.0,0.0,1,Success,Subscription,Myitkyina,MMK,False
TXN-20240116-0002275,WALL-0083276,MERCH-00346,PM-02,DEV-01,2024-01-16 16:44:49,45.0,0.09,0.0,4,Success,Bill Payment,Delhi,INR,False
TXN-20240116-0002276,WALL-0102148,MERCH-00037,PM-01,DEV-01,2024-01-16 18:02:07,8.1,0.0,0.162,0,Success,Purchase,Naypyidaw,MMK,False
TXN-20240116-0002277,WALL-0092846,MERCH-00425,PM-01,DEV-01,2024-01-16 17:55:33,214.32,0.0,0.0,21,Success,Payment,Yangon,MMK,False
TXN-20240116-0002278,WALL-0087210,MERCH-00331,PM-04,DEV-03,2024-01-16 18:14:15,33.05,0.661,0.0,3,Success,Bill Payment,Yangon,MMK,False
TXN-20240116-0002279,WALL-0085796,MERCH-00107,PM-04,DEV-01,2024-01-16 17:02:35,75.52,1.5104,0.0,7,Success,Purchase,Yangon,MMK,False
TXN-20240116-0002280,WALL-0130496,MERCH-00061,PM-04,DEV-02,2024-01-16 20:29:38,18.66,0.3732,0.3732,1,Success,Purchase,Bangalore,INR,False
TXN-20240116-0002281,WALL-0047684,MERCH-00109,PM-04,DEV-01,2024-01-16 12:36:33,69.8,1.3961,0.0,6,Success,Purchase,Manila,PHP,False
TXN-20240116-0002282,WALL-0015938,MERCH-00189,PM-05,DEV-04,2024-01-16 13:00:34,97.62,0.0,4.8811,9,Success,Purchase,Taunggyi,MMK,False
TXN-20240116-0002283,WALL-0032690,MERCH-00317,PM-02,DEV-01,2024-01-16 17:42:23,243.89,0.4878,0.0,24,Success,Bill Payment,Bago,MMK,False
TXN-20240116-0002284,WALL-0078143,MERCH-00369,PM-02,DEV-01,2024-01-16 14:34:08,41.94,0.0839,0.0,4,Success,Bill Payment,Ahmedabad,INR,False
TXN-20240116-0002285,WALL-0136770,MERCH-00398,PM-05,DEV-01,2024-01-16 13:55:01,30.0,0.0,0.0,3,Success,Purchase,Manila,PHP,False
TXN-20240116-0002286,WALL-0140346,MERCH-00268,PM-05,DEV-03,2024-01-16 11:06:07,10.0,0.0,0.0,1,Success,Subscription,Surabaya,IDR,False
TXN-20240116-0002287,WALL-0034556,MERCH-00304,PM-01,DEV-03,2024-01-16 20:31:48,126.67,0.0,10.1335,25,Success,Purchase,Pathein,MMK,False
TXN-20240116-0002288,WALL-0067108,MERCH-00026,PM-02,DEV-03,2024-01-16 17:50:38,9.43,0.0189,0.1886,0,Success,Purchase,Mawlamyine,MMK,False
TXN-20240116-0002289,WALL-0111578,MERCH-00395,PM-01,DEV-01,2024-01-16 17:49:51,23.44,0.0,0.0,2,Success,Purchase,Naypyidaw,MMK,False
TXN-20240116-0002290,WALL-0112251,MERCH-00099,PM-01,DEV-02,2024-01-16 17:46:09,46.81,0.0,0.0,4,Success,Purchase,Mandalay,MMK,False
TXN-20240116-0002291,WALL-0056275,MERCH-00191,PM-02,DEV-01,2024-01-16 18:25:26,11.52,0.023,0.0,1,Success,Purchase,Pathein,PKR,False
TXN-20240116-0002292,WALL-0148148,MERCH-00247,PM-01,DEV-01,2024-01-16 09:42:51,17.39,0.0,0.0,1,Success,Subscription,Mandalay,MMK,False
TXN-20240116-0002293,WALL-0141013,MERCH-00253,PM-01,DEV-01,2024-01-16 22:38:54,20.19,0.0,0.0,0,Failed,Subscription,Johor Bahru,MYR,False
TXN-20240116-0002294,WALL-0101343,MERCH-00206,PM-02,DEV-03,2024-01-16 20:48:44,5.0,0.01,0.0,0,Success,Purchase,Mandalay,MMK,False
TXN-20240116-0002295,WALL-0051754,MERCH-00479,PM-04,DEV-01,2024-01-16 16:24:04,215.56,4.3112,0.0,21,Success,Payment,Phnom Penh,KHR,False
TXN-20240116-0002296,WALL-0029868,MERCH-00096,PM-05,DEV-01,2024-01-16 22:47:57,29.49,0.0,0.0,2,Success,Purchase,Taunggyi,MMK,False
TXN-20240116-0002297,WALL-0055708,MERCH-00299,PM-04,DEV-01,2024-01-16 22:15:47,1157.71,23.1543,92.6171,231,Success,Purchase,Manila,PHP,False
TXN-20240116-0002298,WALL-0015486,MERCH-00027,PM-01,DEV-01,2024-01-16 15:25:28,11.14,0.0,0.2227,1,Success,Purchase,Ho Chi Minh City,VND,False
TXN-20240116-0002299,WALL-0077218,MERCH-00343,PM-02,DEV-03,2024-01-16 16:15:28,17.15,0.0343,0.0,1,Success,Bill Payment,Cebu City,PHP,False
TXN-20240116-0002300,WALL-0047560,MERCH-00391,PM-04,DEV-01,2024-01-16 13:29:19,44.64,0.8928,0.0,4,Success,Purchase,Colombo,LKR,False
TXN-20240116-0002301,WALL-0112381,MERCH-00379,PM-02,DEV-01,2024-01-16 13:46:41,36.72,0.0734,0.0,3,Success,Purchase,Kandy,PKR,False
TXN-20240116-0002302,WALL-0075455,MERCH-00020,PM-03,DEV-01,2024-01-16 21:36:54,12.48,0.0998,0.2496,1,Success,Purchase,Ho Chi Minh City,VND,False
TXN-20240116-0002303,WALL-0111078,MERCH-00384,PM-03,DEV-01,2024-01-16 00:16:50,160.1,1.2808,0.0,16,Success,Purchase,Taunggyi,MMK,False
TXN-20240116-0002304,WALL-0009092,MERCH-00005,PM-02,DEV-05,2024-01-16 15:11:42,26.88,0.0538,0.5376,2,Success,Purchase,Khon Kaen,MMK,False
TXN-20240116-0002305,WALL-0103973,MERCH-00162,PM-02,DEV-01,2024-01-16 08:23:27,629.06,1.2581,31.4528,62,Success,Purchase,Yangon,MMK,False
TXN-20240116-0002306,WALL-0084825,MERCH-00104,PM-01,DEV-01,2024-01-16 09:15:57,15.79,0.0,0.0,1,Success,Purchase,Taunggyi,MMK,False
TXN-20240116-0002307,WALL-0053855,MERCH-00169,PM-01,DEV-02,2024-01-16 21:33:47,266.88,0.0,13.3439,26,Success,Purchase,Cebu City,PHP,False
TXN-20240116-0002308,WALL-0113236,MERCH-00041,PM-02,DEV-02,2024-01-16 11:17:05,16.93,0.0339,0.3385,1,Success,Purchase,Ahmedabad,INR,False
TXN-20240116-0002309,WALL-0051996,MERCH-00043,PM-03,DEV-02,2024-01-16 19:18:20,37.68,0.3014,0.7535,3,Success,Purchase,Mawlamyine,MMK,False
TXN-20240116-0002310,WALL-0013116,MERCH-00098,PM-01,DEV-01,2024-01-16 20:41:47,61.05,0.0,0.0,6,Success,Purchase,Phnom Penh,KHR,False
TXN-20240116-0002311,WALL-0017196,MERCH-00185,PM-04,DEV-01,2024-01-16 13:27:13,1518.82,30.3764,75.941,151,Success,Purchase,Penang,MYR,False
TXN-20240116-0002312,WALL-0054470,MERCH-00077,PM-04,DEV-02,2024-01-16 18:34:19,11.78,0.2356,0.2356,1,Success,Purchase,Pathein,MMK,False
TXN-20240116-0002313,WALL-0074717,MERCH-00333,PM-01,DEV-03,2024-01-16 18:20:43,26.89,0.0,0.0,2,Success,Bill Payment,Phuket,THB,False
TXN-20240116-0002314,WALL-0148386,MERCH-00198,PM-01,DEV-05,2024-01-16 12:41:45,34.92,0.0,0.0,3,Success,Purchase,Davao,PHP,False
TXN-20240116-0002315,WALL-0059124,MERCH-00109,PM-01,DEV-03,2024-01-16 18:13:40,76.22,0.0,0.0,7,Success,Purchase,Taunggyi,MMK,False
TXN-20240116-0002316,WALL-0010230,MERCH-00054,PM-03,DEV-02,2024-01-16 16:56:06,15.26,0.1221,0.3052,1,Success,Purchase,Chittagong,BDT,False
TXN-20240116-0002317,WALL-0038875,MERCH-00148,PM-03,DEV-01,2024-01-16 21:23:01,131.34,1.0507,6.5669,13,Success,Purchase,Chittagong,BDT,False
TXN-20240116-0002318,WALL-0031428,MERCH-00221,PM-04,DEV-02,2024-01-16 13:42:58,5.94,0.1188,0.0,0,Success,Purchase,Islamabad,PKR,False
TXN-20240116-0002319,WALL-0051959,MERCH-00083,PM-04,DEV-05,2024-01-16 20:26:55,124.42,2.4883,0.0,12,Success,Purchase,Pokhara,NPR,False
TXN-20240116-0002320,WALL-0001228,MERCH-00180,PM-01,DEV-02,2024-01-16 17:38:22,75.07,0.0,3.7534,7,Success,Purchase,Cebu City,PHP,False
TXN-20240116-0002321,WALL-0135971,MERCH-00127,PM-01,DEV-04,2024-01-16 05:35:05,88.64,0.0,0.0,8,Success,Purchase,Chennai,INR,False
TXN-20240116-0002322,WALL-0142713,MERCH-00012,PM-01,DEV-01,2024-01-16 13:25:02,37.04,0.0,0.7408,3,Success,Purchase,Bago,MMK,False
TXN-20240116-0002323,WALL-0027127,MERCH-00449,PM-01,DEV-02,2024-01-16 21:54:29,118.13,0.0,0.0,11,Success,Tax Payment,Phnom Penh,KHR,False
TXN-20240116-0002324,WALL-0052973,MERCH-00420,PM-03,DEV-03,2024-01-16 15:06:07,27.03,0.2163,0.0,2,Success,Payment,Pokhara,NPR,False
TXN-20240116-0002325,WALL-0026312,MERCH-00419,PM-03,DEV-02,2024-01-16 18:58:56,53.84,0.4308,0.0,5,Success,Payment,Bangkok,THB,False
TXN-20240116-0002326,WALL-0095470,MERCH-00168,PM-03,DEV-02,2024-01-16 19:21:22,96.31,0.7704,4.8153,9,Success,Purchase,Lahore,PKR,False
TXN-20240116-0002327,WALL-0125945,MERCH-00134,PM-02,DEV-03,2024-01-16 12:58:18,178.79,0.3576,8.9393,17,Success,Purchase,Chiang Mai,THB,False
TXN-20240116-0002328,WALL-0049275,MERCH-00442,PM-01,DEV-03,2024-01-16 15:04:58,1009.64,0.0,0.0,100,Success,Tax Payment,Mawlamyine,MMK,False
TXN-20240116-0002329,WALL-0122994,MERCH-00121,PM-03,DEV-01,2024-01-16 13:31:09,75.17,0.6014,0.0,7,Success,Purchase,Dhaka,PKR,False
TXN-20240116-0002330,WALL-0062613,MERCH-00368,PM-02,DEV-02,2024-01-16 16:46:28,50.82,0.1016,0.0,5,Success,Bill Payment,Cebu City,PHP,False
TXN-20240116-0002331,WALL-0140550,MERCH-00263,PM-03,DEV-03,2024-01-16 11:14:07,36.55,0.2924,0.0,3,Success,Subscription,Ho Chi Minh City,VND,False
TXN-20240116-0002332,WALL-0023837,MERCH-00121,PM-04,DEV-01,2024-01-16 05:31:25,100.02,2.0004,0.0,10,Success,Purchase,Chittagong,BDT,False
TXN-20240116-0002333,WALL-0062873,MERCH-00126,PM-04,DEV-03,2024-01-16 16:58:54,141.25,2.8251,0.0,14,Success,Purchase,Kandy,LKR,False
TXN-20240116-0002334,WALL-0066252,MERCH-00393,PM-01,DEV-02,2024-01-16 11:08:28,80.18,0.0,0.0,8,Success,Purchase,Khon Kaen,THB,False
TXN-20240116-0002335,WALL-0131514,MERCH-00171,PM-01,DEV-02,2024-01-16 20:12:23,36.01,0.0,1.8005,3,Success,Purchase,Kuala Lumpur,MYR,False
TXN-20240116-0002336,WALL-0117638,MERCH-00152,PM-04,DEV-01,2024-01-16 08:31:08,90.95,1.8191,4.5477,9,Success,Purchase,Penang,MYR,False
TXN-20240116-0002337,WALL-0059466,MERCH-00177,PM-01,DEV-01,2024-01-16 19:52:23,146.51,0.0,0.0,0,Failed,Purchase,Bangkok,THB,False
TXN-20240116-0002338,WALL-0130038,MERCH-00089,PM-03,DEV-01,2024-01-16 09:36:24,23.54,0.1883,0.0,2,Success,Purchase,Kathmandu,NPR,False
TXN-20240116-0002339,WALL-0079650,MERCH-00073,PM-05,DEV-03,2024-01-16 17:50:04,58.16,0.0,1.1633,5,Success,Purchase,Bangalore,INR,False
TXN-20240116-0002340,WALL-0112385,MERCH-00379,PM-01,DEV-01,2024-01-16 14:11:03,106.44,0.0,0.0,10,Success,Purchase,Naypyidaw,MMK,False
TXN-20240116-0002341,WALL-0137183,MERCH-00243,PM-01,DEV-01,2024-01-16 07:15:03,26.51,0.0,0.0,2,Success,Subscription,Jakarta,IDR,False
TXN-20240116-0002342,WALL-0102244,MERCH-00062,PM-01,DEV-01,2024-01-16 19:12:19,27.7,0.0,0.5539,2,Success,Purchase,Bago,MMK,False
TXN-20240116-0002343,WALL-0006242,MERCH-00340,PM-01,DEV-01,2024-01-16 21:14:10,64.43,0.0,0.0,6,Success,Bill Payment,Naypyidaw,MMK,False
TXN-20240116-0002344,WALL-0125543,MERCH-00116,PM-01,DEV-02,2024-01-16 03:20:21,70.6,0.0,0.0,7,Success,Purchase,Naypyidaw,MMK,False
TXN-20240116-0002345,WALL-0017351,MERCH-00201,PM-01,DEV-03,2024-01-16 14:37:24,8.4,0.0,0.0,0,Success,Purchase,Mawlamyine,MMK,False
TXN-20240116-0002346,WALL-0022404,MERCH-00025,PM-01,DEV-01,2024-01-16 07:29:01,27.34,0.0,0.5468,2,Success,Purchase,Pokhara,THB,False
TXN-20240116-0002347,WALL-0141115,MERCH-00193,PM-03,DEV-01,2024-01-16 21:34:35,9.93,0.0794,0.0,0,Success,Purchase,Manila,PHP,False
TXN-20240116-0002348,WALL-0087869,MERCH-00412,PM-01,DEV-03,2024-01-16 07:31:10,118.07,0.0,0.0,11,Success,Payment,Yangon,MMK,False
TXN-20240116-0002349,WALL-0007679,MERCH-00035,PM-01,DEV-01,2024-01-16 21:41:17,10.77,0.0,0.2155,1,Success,Purchase,Pathein,MMK,False
TXN-20240116-0002350,WALL-0078505,MERCH-00030,PM-02,DEV-05,2024-01-16 13:58:06,6.23,0.0125,0.1246,0,Success,Purchase,Quezon City,PHP,False
TXN-20240116-0002351,WALL-0061363,MERCH-00133,PM-02,DEV-03,2024-01-16 09:29:03,29.49,0.059,1.4744,2,Success,Purchase,Ho Chi Minh City,VND,False
TXN-20240116-0002352,WALL-0049541,MERCH-00368,PM-03,DEV-01,2024-01-16 13:14:39,29.68,0.2374,0.0,2,Success,Bill Payment,Myitkyina,MMK,False
TXN-20240116-0002353,WALL-0003838,MERCH-00079,PM-02,DEV-01,2024-01-16 17:20:16,53.99,0.108,1.0799,5,Success,Purchase,Islamabad,PKR,False
TXN-20240116-0002354,WALL-0061957,MERCH-00110,PM-01,DEV-03,2024-01-16 09:55:23,83.52,0.0,0.0,8,Success,Purchase,Khon Kaen,THB,False
TXN-20240116-0002355,WALL-0125931,MERCH-00024,PM-04,DEV-03,2024-01-16 12:20:39,10.32,0.2063,0.2063,1,Success,Purchase,Delhi,INR,False
TXN-20240116-0002356,WALL-0004236,MERCH-00049,PM-02,DEV-01,2024-01-16 17:37:17,14.75,0.0295,0.2949,1,Success,Purchase,Karachi,PKR,False
TXN-20240116-0002357,WALL-0107562,MERCH-00097,PM-03,DEV-01,2024-01-16 14:16:01,58.08,0.4646,0.0,5,Success,Purchase,Jakarta,IDR,False
TXN-20240116-0002358,WALL-0096870,MERCH-00390,PM-01,DEV-01,2024-01-16 20:43:58,112.89,0.0,0.0,11,Success,Purchase,Taunggyi,MMK,False
TXN-20240116-0002359,WALL-0016666,MERCH-00420,PM-01,DEV-03,2024-01-16 14:09:41,37.08,0.0,0.0,3,Success,Payment,Pathein,MMK,False
TXN-20240116-0002360,WALL-0024678,MERCH-00002,PM-02,DEV-01,2024-01-16 17:48:20,39.65,0.0793,0.793,3,Success,Purchase,Surabaya,IDR,False
TXN-20240116-0002361,WALL-0065168,MERCH-00343,PM-01,DEV-01,2024-01-16 10:28:49,49.41,0.0,0.0,4,Success,Bill Payment,Lahore,PKR,False
TXN-20240116-0002362,WALL-0105619,MERCH-00350,PM-01,DEV-01,2024-01-16 17:21:36,51.88,0.0,0.0,5,Success,Bill Payment,Hyderabad,INR,False
TXN-20240116-0002363,WALL-0090953,MERCH-00016,PM-03,DEV-02,2024-01-16 19:16:23,5.0,0.04,0.1,0,Success,Purchase,Islamabad,PKR,False
TXN-20240116-0002364,WALL-0059572,MERCH-00202,PM-01,DEV-04,2024-01-16 10:01:10,9.87,0.0,0.0,0,Success,Purchase,Kathmandu,NPR,False
TXN-20240116-0002365,WALL-0046983,MERCH-00071,PM-02,DEV-01,2024-01-16 10:55:23,42.0,0.084,0.84,4,Success,Purchase,Da Nang,VND,False
TXN-20240116-0002366,WALL-0016787,MERCH-00325,PM-01,DEV-01,2024-01-16 16:00:33,69.93,0.0,0.0,6,Success,Bill Payment,Taunggyi,MMK,False
TXN-20240116-0002367,WALL-0007448,MERCH-00291,PM-01,DEV-01,2024-01-16 12:19:31,108.89,0.0,8.7112,21,Success,Purchase,Chiang Mai,THB,False
TXN-20240116-0002368,WALL-0052886,MERCH-00148,PM-02,DEV-01,2024-01-16 17:01:35,214.43,0.4289,10.7213,21,Success,Purchase,Davao,PHP,False
TXN-20240116-0002369,WALL-0139013,MERCH-00360,PM-04,DEV-01,2024-01-16 17:27:31,20.57,0.4114,0.0,2,Success,Bill Payment,Lahore,PKR,False
TXN-20240116-0002370,WALL-0053760,MERCH-00223,PM-01,DEV-01,2024-01-16 14:47:17,38.23,0.0,0.0,3,Success,Purchase,Naypyidaw,MMK,False
TXN-20240116-0002371,WALL-0057926,MERCH-00115,PM-02,DEV-01,2024-01-16 09:59:08,53.22,0.1064,0.0,5,Success,Purchase,Jakarta,MMK,False
TXN-20240116-0002372,WALL-0113010,MERCH-00375,PM-02,DEV-01,2024-01-16 22:02:42,49.12,0.0982,0.0,4,Success,Purchase,Mandalay,MMK,False
TXN-20240116-0002373,WALL-0090735,MERCH-00240,PM-04,DEV-02,2024-01-16 15:53:30,14.31,0.2861,0.0,1,Success,Subscription,Jakarta,IDR,False
TXN-20240116-0002374,WALL-0071977,MERCH-00062,PM-02,DEV-01,2024-01-16 03:26:47,25.61,0.0512,0.5121,2,Success,Purchase,Pathein,MMK,False
TXN-20240116-0002375,WALL-0120146,MERCH-00135,PM-04,DEV-01,2024-01-16 00:23:11,138.99,2.7798,6.9494,13,Success,Purchase,Ho Chi Minh City,VND,False
TXN-20240116-0002376,WALL-0072183,MERCH-00097,PM-01,DEV-01,2024-01-16 15:15:02,41.87,0.0,0.0,4,Success,Purchase,Karachi,PHP,False
TXN-20240116-0002377,WALL-0054476,MERCH-00421,PM-02,DEV-03,2024-01-16 19:54:48,64.78,0.1296,0.0,6,Success,Payment,Myitkyina,MMK,False
TXN-20240116-0002378,WALL-0032850,MERCH-00187,PM-01,DEV-01,2024-01-16 11:38:25,820.09,0.0,41.0043,82,Success,Purchase,Chennai,INR,False
TXN-20240116-0002379,WALL-0131244,MERCH-00314,PM-01,DEV-03,2024-01-16 14:06:02,43.56,0.0,0.0,4,Success,Bill Payment,Hanoi,MMK,False
TXN-20240116-0002380,WALL-0052492,MERCH-00300,PM-02,DEV-01,2024-01-16 18:19:25,521.93,1.0439,41.7546,104,Success,Purchase,Ahmedabad,INR,False
TXN-20240116-0002381,WALL-0007268,MERCH-00187,PM-01,DEV-01,2024-01-16 22:54:42,168.65,0.0,8.4325,16,Success,Purchase,Ahmedabad,INR,False
TXN-20240116-0002382,WALL-0061013,MERCH-00386,PM-01,DEV-03,2024-01-16 13:52:02,27.54,0.0,0.0,2,Success,Purchase,Cebu City,PHP,False
TXN-20240116-0002383,WALL-0103326,MERCH-00005,PM-04,DEV-01,2024-01-16 12:23:13,83.31,1.6663,1.6663,8,Success,Purchase,Bangalore,INR,False
TXN-20240116-0002384,WALL-0008292,MERCH-00010,PM-02,DEV-01,2024-01-16 20:50:22,35.93,0.0719,0.7185,3,Success,Purchase,Kuala Lumpur,IDR,False
TXN-20240116-0002385,WALL-0065025,MERCH-00063,PM-02,DEV-01,2024-01-16 18:22:25,19.51,0.039,0.3901,1,Success,Purchase,Chittagong,BDT,False
TXN-20240116-0002386,WALL-0096609,MERCH-00378,PM-03,DEV-01,2024-01-16 18:57:54,121.06,0.9685,0.0,12,Success,Purchase,Bangkok,THB,False
TXN-20240116-0002387,WALL-0072949,MERCH-00076,PM-02,DEV-01,2024-01-16 17:47:47,27.43,0.0549,0.5487,2,Success,Purchase,Johor Bahru,MYR,False
TXN-20240116-0002388,WALL-0012018,MERCH-00099,PM-01,DEV-01,2024-01-16 15:38:44,54.71,0.0,0.0,5,Success,Purchase,Yangon,MMK,False
TXN-20240116-0002389,WALL-0095484,MERCH-00199,PM-01,DEV-01,2024-01-16 12:46:19,17.37,0.0,0.0,1,Success,Purchase,Jakarta,MMK,False
TXN-20240116-0002390,WALL-0035089,MERCH-00205,PM-01,DEV-01,2024-01-16 19:16:42,14.16,0.0,0.0,1,Success,Purchase,Chennai,PKR,False
TXN-20240116-0002391,WALL-0054417,MERCH-00351,PM-02,DEV-01,2024-01-16 15:07:52,12.67,0.0253,0.0,1,Success,Bill Payment,Davao,PHP,False
TXN-20240116-0002392,WALL-0094422,MERCH-00264,PM-01,DEV-02,2024-01-16 14:55:55,16.19,0.0,0.0,1,Success,Subscription,Mandalay,MMK,False
TXN-20240116-0002393,WALL-0005161,MERCH-00017,PM-04,DEV-05,2024-01-16 13:19:44,5.3,0.1059,0.1059,0,Success,Purchase,Dhaka,BDT,False
TXN-20240116-0002394,WALL-0058949,MERCH-00115,PM-01,DEV-03,2024-01-16 15:34:05,117.2,0.0,0.0,11,Success,Purchase,Chennai,INR,False
TXN-20240116-0002395,WALL-0080460,MERCH-00224,PM-01,DEV-03,2024-01-16 10:36:27,5.0,0.0,0.0,0,Success,Purchase,Bangalore,INR,False
TXN-20240116-0002396,WALL-0090153,MERCH-00292,PM-03,DEV-01,2024-01-16 18:17:00,100.0,0.8,8.0,20,Success,Purchase,Quezon City,PHP,False
TXN-20240116-0002397,WALL-0030206,MERCH-00015,PM-02,DEV-02,2024-01-16 08:31:52,15.04,0.0301,0.3008,1,Success,Purchase,Lahore,PKR,False
TXN-20240116-0002398,WALL-0140170,MERCH-00411,PM-01,DEV-02,2024-01-16 16:53:39,67.18,0.0,0.0,6,Success,Payment,Chiang Mai,THB,False
TXN-20240116-0002399,WALL-0079091,MERCH-00261,PM-01,DEV-01,2024-01-16 17:38:09,30.05,0.0,0.0,3,Success,Subscription,Bangkok,THB,False
TXN-20240116-0002400,WALL-0109617,MERCH-00427,PM-03,DEV-01,2024-01-16 18:39:59,85.91,0.6873,0.0,8,Success,Payment,Khon Kaen,THB,False
TXN-20240116-0002401,WALL-0047927,MERCH-00030,PM-04,DEV-01,2024-01-16 16:36:06,34.63,0.6927,0.6927,3,Success,Purchase,Hyderabad,INR,False
TXN-20240116-0002402,WALL-0050814,MERCH-00208,PM-02,DEV-05,2024-01-16 07:13:05,5.49,0.011,0.0,0,Success,Purchase,Da Nang,VND,False
TXN-20240116-0002403,WALL-0142773,MERCH-00340,PM-03,DEV-01,2024-01-16 16:01:00,91.87,0.7349,0.0,9,Success,Bill Payment,Naypyidaw,MMK,False
TXN-20240116-0002404,WALL-0008986,MERCH-00034,PM-01,DEV-01,2024-01-16 12:55:42,11.29,0.0,0.2258,1,Success,Purchase,Pokhara,NPR,False
TXN-20240116-0002405,WALL-0091128,MERCH-00010,PM-02,DEV-01,2024-01-16 14:52:10,20.88,0.0418,0.4176,2,Success,Purchase,Penang,MMK,False
TXN-20240116-0002406,WALL-0117403,MERCH-00385,PM-03,DEV-02,2024-01-16 06:07:20,21.96,0.1757,0.0,2,Success,Purchase,Karachi,PKR,False
TXN-20240116-0002407,WALL-0000749,MERCH-00178,PM-03,DEV-01,2024-01-16 01:58:20,58.03,0.4643,2.9017,5,Success,Purchase,Pune,INR,False
TXN-20240116-0002408,WALL-0061599,MERCH-00467,PM-01,DEV-01,2024-01-16 16:22:47,50.0,0.0,0.0,5,Success,Payment,Colombo,LKR,False
TXN-20240116-0002409,WALL-0103592,MERCH-00218,PM-02,DEV-01,2024-01-16 16:36:10,16.26,0.0325,0.0,1,Success,Purchase,Myitkyina,MMK,False
TXN-20240116-0002410,WALL-0116625,MERCH-00413,PM-03,DEV-01,2024-01-16 16:35:44,328.52,2.6281,0.0,32,Success,Payment,Naypyidaw,MMK,False
TXN-20240116-0002411,WALL-0130478,MERCH-00371,PM-02,DEV-04,2024-01-16 21:38:13,93.25,0.1865,0.0,9,Success,Purchase,Taunggyi,MMK,False
TXN-20240116-0002412,WALL-0027968,MERCH-00138,PM-01,DEV-05,2024-01-16 13:04:40,29.22,0.0,1.4609,2,Success,Purchase,Kathmandu,MMK,False
TXN-20240116-0002413,WALL-0035315,MERCH-00404,PM-03,DEV-01,2024-01-16 02:45:13,265.87,2.127,0.0,26,Success,Payment,Pathein,MMK,False
TXN-20240116-0002414,WALL-0056276,MERCH-00387,PM-04,DEV-01,2024-01-16 12:31:31,20.51,0.4102,0.0,2,Success,Purchase,Myitkyina,MMK,False
TXN-20240116-0002415,WALL-0108144,MERCH-00434,PM-03,DEV-02,2024-01-16 18:02:02,99.3,0.7944,0.0,9,Success,Tax Payment,Chittagong,BDT,False
TXN-20240116-0002416,WALL-0030402,MERCH-00224,PM-04,DEV-01,2024-01-16 21:07:21,13.19,0.2638,0.0,1,Success,Purchase,Pathein,MMK,False
TXN-20240116-0002417,WALL-0134513,MERCH-00028,PM-01,DEV-02,2024-01-16 03:04:36,12.42,0.0,0.2484,1,Success,Purchase,Yangon,MMK,False
TXN-20240116-0002418,WALL-0141849,MERCH-00133,PM-04,DEV-01,2024-01-16 17:57:44,93.6,1.872,4.68,9,Success,Purchase,Chennai,INR,False
TXN-20240116-0002419,WALL-0067290,MERCH-00036,PM-03,DEV-02,2024-01-16 17:35:39,36.66,0.2932,0.7331,3,Success,Purchase,Phnom Penh,KHR,False
TXN-20240116-0002420,WALL-0098343,MERCH-00395,PM-02,DEV-01,2024-01-16 22:35:40,42.85,0.0857,0.0,4,Success,Purchase,Pathein,MMK,False
TXN-20240116-0002421,WALL-0009729,MERCH-00303,PM-01,DEV-02,2024-01-16 19:28:05,346.94,0.0,27.7553,69,Success,Purchase,Jakarta,INR,False
TXN-20240116-0002422,WALL-0015637,MERCH-00052,PM-01,DEV-01,2024-01-16 15:07:27,16.69,0.0,0.3339,1,Success,Purchase,Pune,THB,False
TXN-20240116-0002423,WALL-0043569,MERCH-00450,PM-04,DEV-01,2024-01-16 15:28:44,50.0,1.0,0.0,5,Success,Tax Payment,Hanoi,IDR,False
TXN-20240116-0002424,WALL-0016527,MERCH-00051,PM-01,DEV-04,2024-01-16 18:58:11,29.21,0.0,0.5841,2,Success,Purchase,Naypyidaw,MMK,False
TXN-20240116-0002425,WALL-0068955,MERCH-00085,PM-01,DEV-01,2024-01-16 14:48:08,75.07,0.0,0.0,7,Success,Purchase,Naypyidaw,MMK,False
TXN-20240116-0002426,WALL-0057616,MERCH-00091,PM-02,DEV-01,2024-01-16 20:57:27,30.22,0.0604,0.0,3,Success,Purchase,Chennai,INR,False
TXN-20240116-0002427,WALL-0056775,MERCH-00196,PM-02,DEV-01,2024-01-16 07:11:19,10.79,0.0216,0.0,1,Success,Purchase,Chiang Mai,SGD,False
TXN-20240116-0002428,WALL-0027644,MERCH-00318,PM-01,DEV-01,2024-01-16 11:49:53,152.49,0.0,0.0,15,Success,Bill Payment,Bago,MMK,False
TXN-20240116-0002429,WALL-0073782,MERCH-00223,PM-04,DEV-01,2024-01-16 06:55:08,12.27,0.2453,0.0,1,Success,Purchase,Mandalay,MMK,False
TXN-20240116-0002430,WALL-0071666,MERCH-00403,PM-01,DEV-01,2024-01-16 19:39:14,65.04,0.0,0.0,6,Success,Payment,Bangalore,INR,False
TXN-20240116-0002431,WALL-0058712,MERCH-00036,PM-02,DEV-02,2024-01-16 12:40:43,37.25,0.0745,0.745,3,Success,Purchase,Pathein,MMK,False
TXN-20240116-0002432,WALL-0098017,MERCH-00133,PM-04,DEV-02,2024-01-16 14:59:23,522.46,10.4491,26.1228,52,Success,Purchase,Quezon City,PHP,False
TXN-20240116-0002433,WALL-0049299,MERCH-00255,PM-01,DEV-01,2024-01-16 16:36:01,16.41,0.0,0.0,1,Success,Subscription,Mawlamyine,MMK,False
TXN-20240116-0002434,WALL-0131550,MERCH-00066,PM-02,DEV-01,2024-01-16 13:25:06,11.33,0.0227,0.2265,1,Success,Purchase,Yangon,INR,False
TXN-20240116-0002435,WALL-0041804,MERCH-00402,PM-02,DEV-03,2024-01-16 20:07:55,57.07,0.1141,0.0,5,Success,Payment,Myitkyina,MMK,False
TXN-20240116-0002436,WALL-0028309,MERCH-00068,PM-04,DEV-01,2024-01-16 17:15:12,14.87,0.2975,0.2975,1,Success,Purchase,Ahmedabad,INR,False
TXN-20240116-0002437,WALL-0024921,MERCH-00384,PM-04,DEV-01,2024-01-16 06:28:17,33.01,0.6602,0.0,3,Success,Purchase,Bago,MMK,False
TXN-20240116-0002438,WALL-0020954,MERCH-00387,PM-03,DEV-01,2024-01-16 09:24:48,126.7,1.0136,0.0,12,Success,Purchase,Yangon,MMK,False
TXN-20240116-0002439,WALL-0015808,MERCH-00003,PM-04,DEV-02,2024-01-16 09:23:57,47.46,0.9493,0.9493,4,Success,Purchase,Pune,INR,False
TXN-20240116-0002440,WALL-0143359,MERCH-00016,PM-01,DEV-01,2024-01-16 21:10:19,47.4,0.0,0.0,0,Pending,Purchase,Bangalore,INR,False
TXN-20240116-0002441,WALL-0045344,MERCH-00190,PM-01,DEV-01,2024-01-16 17:17:47,141.62,0.0,7.081,14,Success,Purchase,Cebu City,PHP,False
TXN-20240116-0002442,WALL-0007249,MERCH-00228,PM-01,DEV-01,2024-01-16 12:16:29,10.72,0.0,0.0,1,Success,Purchase,Delhi,VND,False
TXN-20240116-0002443,WALL-0039950,MERCH-00094,PM-05,DEV-03,2024-01-16 13:57:20,37.76,0.0,0.0,3,Success,Purchase,Taunggyi,MMK,False
TXN-20240116-0002444,WALL-0109530,MERCH-00336,PM-03,DEV-03,2024-01-16 18:16:57,77.29,0.6183,0.0,7,Success,Bill Payment,Myitkyina,MMK,False
TXN-20240116-0002445,WALL-0106742,MERCH-00391,PM-02,DEV-01,2024-01-16 03:57:55,31.68,0.0634,0.0,3,Success,Purchase,Mawlamyine,IDR,False
TXN-20240116-0002446,WALL-0101289,MERCH-00406,PM-01,DEV-03,2024-01-16 18:01:16,98.96,0.0,0.0,9,Success,Payment,Phnom Penh,KHR,False
TXN-20240116-0002447,WALL-0140656,MERCH-00406,PM-02,DEV-01,2024-01-16 10:48:12,159.62,0.3192,0.0,15,Success,Payment,Siem Reap,KHR,False
TXN-20240116-0002448,WALL-0103430,MERCH-00036,PM-01,DEV-02,2024-01-16 18:09:25,21.32,0.0,0.4264,2,Success,Purchase,Pokhara,NPR,False
TXN-20240116-0002449,WALL-0139153,MERCH-00046,PM-02,DEV-03,2024-01-16 17:03:17,10.36,0.0207,0.2071,1,Success,Purchase,Kolkata,MMK,False
TXN-20240116-0002450,WALL-0119695,MERCH-00319,PM-02,DEV-03,2024-01-16 20:04:59,91.91,0.1838,0.0,9,Success,Bill Payment,Pathein,MMK,False
TXN-20240116-0002451,WALL-0007577,MERCH-00120,PM-03,DEV-01,2024-01-16 06:42:21,66.18,0.5295,0.0,6,Success,Purchase,Delhi,INR,False
TXN-20240116-0002452,WALL-0045514,MERCH-00101,PM-01,DEV-01,2024-01-16 14:21:44,80.01,0.0,0.0,8,Success,Purchase,Taunggyi,MMK,False
TXN-20240116-0002453,WALL-0039920,MERCH-00274,PM-03,DEV-01,2024-01-16 09:04:01,187.96,1.5037,15.037,37,Success,Purchase,Surabaya,IDR,False
TXN-20240116-0002454,WALL-0063900,MERCH-00400,PM-01,DEV-01,2024-01-16 15:59:40,50.76,0.0,0.0,5,Success,Purchase,Penang,MYR,False
TXN-20240116-0002455,WALL-0148653,MERCH-00342,PM-04,DEV-02,2024-01-16 14:31:01,38.62,0.7725,0.0,3,Success,Bill Payment,Singapore,MMK,False
TXN-20240116-0002456,WALL-0016927,MERCH-00396,PM-04,DEV-01,2024-01-16 09:46:26,132.75,2.655,0.0,13,Success,Purchase,Mumbai,INR,False
TXN-20240116-0002457,WALL-0141598,MERCH-00031,PM-03,DEV-03,2024-01-16 11:33:43,28.12,0.225,0.5624,2,Success,Purchase,Taunggyi,MMK,False
TXN-20240116-0002458,WALL-0060524,MERCH-00193,PM-01,DEV-03,2024-01-16 05:29:34,17.49,0.0,0.0,1,Success,Purchase,Chennai,INR,False
TXN-20240116-0002459,WALL-0135313,MERCH-00062,PM-03,DEV-02,2024-01-16 19:20:57,15.25,0.122,0.3051,1,Success,Purchase,Colombo,LKR,False
TXN-20240116-0002460,WALL-0060365,MERCH-00237,PM-05,DEV-04,2024-01-16 14:54:04,19.36,0.0,0.0,1,Success,Subscription,Chennai,INR,False
TXN-20240116-0002461,WALL-0076613,MERCH-00047,PM-01,DEV-03,2024-01-16 19:09:39,12.69,0.0,0.2537,1,Success,Purchase,Lahore,PKR,False
TXN-20240116-0002462,WALL-0071755,MERCH-00317,PM-01,DEV-01,2024-01-16 18:39:33,163.6,0.0,0.0,16,Success,Bill Payment,Phuket,MYR,False
TXN-20240116-0002463,WALL-0033334,MERCH-00427,PM-02,DEV-01,2024-01-16 10:45:47,53.9,0.1078,0.0,5,Success,Payment,Kathmandu,NPR,False
TXN-20240116-0002464,WALL-0034372,MERCH-00026,PM-01,DEV-02,2024-01-16 19:53:32,5.0,0.0,0.1,0,Success,Purchase,Surabaya,IDR,False
TXN-20240116-0002465,WALL-0100037,MERCH-00364,PM-01,DEV-01,2024-01-16 16:14:35,111.77,0.0,0.0,11,Success,Bill Payment,Pattaya,THB,False
TXN-20240116-0002466,WALL-0149908,MERCH-00380,PM-01,DEV-01,2024-01-16 00:25:52,128.87,0.0,0.0,12,Success,Purchase,Myitkyina,MMK,False
TXN-20240116-0002467,WALL-0048246,MERCH-00202,PM-02,DEV-01,2024-01-16 20:18:44,6.43,0.0129,0.0,0,Success,Purchase,Manila,PHP,False
TXN-20240116-0002468,WALL-0079378,MERCH-00035,PM-02,DEV-01,2024-01-16 19:12:31,11.92,0.0238,0.2385,1,Success,Purchase,Davao,PHP,False
TXN-20240116-0002469,WALL-0004288,MERCH-00438,PM-03,DEV-01,2024-01-16 10:39:23,216.03,1.7283,0.0,21,Success,Tax Payment,Bali,IDR,False
TXN-20240116-0002470,WALL-0027480,MERCH-00119,PM-03,DEV-01,2024-01-16 18:27:25,47.74,0.382,0.0,4,Success,Purchase,Myitkyina,MMK,False
TXN-20240116-0002471,WALL-0106834,MERCH-00437,PM-03,DEV-01,2024-01-16 20:25:11,756.0,6.048,0.0,75,Success,Tax Payment,Yangon,MMK,False
TXN-20240116-0002472,WALL-0126659,MERCH-00078,PM-05,DEV-01,2024-01-16 22:12:17,13.95,0.0,0.279,1,Success,Purchase,Yangon,MMK,False
TXN-20240116-0002473,WALL-0032116,MERCH-00016,PM-02,DEV-02,2024-01-16 12:11:52,28.84,0.0577,0.5767,2,Success,Purchase,Naypyidaw,MMK,False
TXN-20240116-0002474,WALL-0122559,MERCH-00226,PM-02,DEV-03,2024-01-16 18:39:57,5.63,0.0113,0.0,0,Success,Purchase,Jakarta,MMK,False
TXN-20240116-0002475,WALL-0016814,MERCH-00446,PM-01,DEV-01,2024-01-16 15:32:14,80.72,0.0,0.0,8,Success,Tax Payment,Delhi,IDR,False
TXN-20240116-0002476,WALL-0054548,MERCH-00132,PM-02,DEV-01,2024-01-16 20:29:09,35.36,0.0707,1.768,3,Success,Purchase,Myitkyina,MMK,False
TXN-20240116-0002477,WALL-0019832,MERCH-00051,PM-01,DEV-05,2024-01-16 13:00:58,22.11,0.0,0.4422,2,Success,Purchase,Hanoi,VND,False
TXN-20240116-0002478,WALL-0049406,MERCH-00078,PM-04,DEV-01,2024-01-16 12:40:37,25.03,0.5007,0.5007,2,Success,Purchase,Bago,MMK,False
TXN-20240116-0002479,WALL-0131668,MERCH-00403,PM-02,DEV-01,2024-01-16 10:50:08,25.22,0.0504,0.0,0,Failed,Payment,Mawlamyine,MMK,False
TXN-20240116-0002480,WALL-0144127,MERCH-00269,PM-01,DEV-01,2024-01-16 16:42:31,15.32,0.0,0.0,1,Success,Subscription,Pune,INR,False
TXN-20240116-0002481,WALL-0139249,MERCH-00018,PM-01,DEV-03,2024-01-16 07:28:00,39.5,0.0,0.79,3,Success,Purchase,Phuket,THB,False
TXN-20240116-0002482,WALL-0038785,MERCH-00035,PM-01,DEV-01,2024-01-16 20:39:55,29.8,0.0,0.596,2,Success,Purchase,Pokhara,NPR,False
TXN-20240116-0002483,WALL-0007596,MERCH-00377,PM-01,DEV-01,2024-01-16 13:00:45,48.92,0.0,0.0,4,Success,Purchase,Jakarta,IDR,False
TXN-20240116-0002484,WALL-0043845,MERCH-00052,PM-03,DEV-01,2024-01-16 03:54:17,24.11,0.1929,0.4822,2,Success,Purchase,Da Nang,VND,False
TXN-20240116-0002485,WALL-0096819,MERCH-00469,PM-02,DEV-02,2024-01-16 22:37:38,394.61,0.7892,0.0,39,Success,Payment,Medan,BDT,False
TXN-20240116-0002486,WALL-0072990,MERCH-00006,PM-01,DEV-02,2024-01-16 12:55:59,12.54,0.0,0.2508,1,Success,Purchase,Pathein,VND,False
TXN-20240116-0002487,WALL-0011534,MERCH-00062,PM-03,DEV-01,2024-01-16 20:10:22,8.25,0.066,0.165,0,Success,Purchase,Medan,IDR,False
TXN-20240116-0002488,WALL-0042670,MERCH-00048,PM-02,DEV-01,2024-01-16 21:49:30,10.12,0.0202,0.2023,1,Success,Purchase,Bago,MMK,False
TXN-20240116-0002489,WALL-0075128,MERCH-00282,PM-01,DEV-01,2024-01-16 08:06:19,466.44,0.0,37.3151,93,Success,Purchase,Cebu City,PHP,False
TXN-20240116-0002490,WALL-0141078,MERCH-00275,PM-01,DEV-01,2024-01-16 01:18:08,100.0,0.0,8.0,20,Success,Purchase,Bago,MMK,False
TXN-20240116-0002491,WALL-0000764,MERCH-00144,PM-01,DEV-02,2024-01-16 12:35:24,55.5,0.0,2.7748,5,Success,Purchase,Myitkyina,MMK,False
TXN-20240116-0002492,WALL-0130175,MERCH-00253,PM-04,DEV-02,2024-01-16 13:26:21,19.65,0.3931,0.0,1,Success,Subscription,Pathein,MMK,False
TXN-20240116-0002493,WALL-0101848,MERCH-00065,PM-02,DEV-02,2024-01-16 12:57:37,7.51,0.015,0.1502,0,Success,Purchase,Surabaya,IDR,False
TXN-20240116-0002494,WALL-0122491,MERCH-00293,PM-04,DEV-03,2024-01-16 21:13:59,308.09,6.1618,24.6472,61,Success,Purchase,Singapore,SGD,False
TXN-20240116-0002495,WALL-0081271,MERCH-00111,PM-02,DEV-04,2024-01-16 19:58:18,25.53,0.0511,0.0,2,Success,Purchase,Mandalay,MMK,False
TXN-20240116-0002496,WALL-0074958,MERCH-00057,PM-01,DEV-03,2024-01-16 07:53:28,31.37,0.0,0.6274,3,Success,Purchase,Da Nang,VND,False
TXN-20240116-0002497,WALL-0112050,MERCH-00087,PM-03,DEV-01,2024-01-16 06:56:07,91.51,0.7321,0.0,9,Success,Purchase,Ho Chi Minh City,VND,False
TXN-20240116-0002498,WALL-0137435,MERCH-00174,PM-02,DEV-05,2024-01-16 13:21:11,20.0,0.04,1.0,2,Success,Purchase,Bandung,IDR,False
TXN-20240116-0002499,WALL-0095480,MERCH-00010,PM-01,DEV-01,2024-01-16 14:11:29,9.7,0.0,0.1939,0,Success,Purchase,Mawlamyine,MMK,False
TXN-20240116-0002500,WALL-0036436,MERCH-00143,PM-02,DEV-05,2024-01-16 06:45:48,36.82,0.0736,1.8409,3,Success,Purchase,Islamabad,PKR,False
TXN-20240116-0002501,WALL-0113757,MERCH-00071,PM-02,DEV-01,2024-01-16 11:01:16,14.41,0.0288,0.2882,1,Success,Purchase,Bago,MMK,False
TXN-20240116-0002502,WALL-0145617,MERCH-00380,PM-02,DEV-01,2024-01-16 04:48:44,65.58,0.1312,0.0,6,Success,Purchase,Yangon,MMK,False
TXN-20240116-0002503,WALL-0134655,MERCH-00048,PM-02,DEV-03,2024-01-16 18:25:05,45.49,0.091,0.9098,4,Success,Purchase,Karachi,PKR,False
TXN-20240116-0002504,WALL-0141429,MERCH-00187,PM-04,DEV-01,2024-01-16 16:17:47,143.6,2.8719,7.1799,14,Success,Purchase,Cebu City,PHP,False
TXN-20240116-0002505,WALL-0016336,MERCH-00231,PM-01,DEV-03,2024-01-16 15:14:50,21.19,0.0,0.0,2,Success,Subscription,Myitkyina,MMK,False
TXN-20240116-0002506,WALL-0072673,MERCH-00255,PM-02,DEV-03,2024-01-16 15:40:01,28.92,0.0578,0.0,2,Success,Subscription,Mandalay,MMK,False
TXN-20240116-0002507,WALL-0053292,MERCH-00393,PM-02,DEV-02,2024-01-16 16:00:47,66.33,0.1327,0.0,6,Success,Purchase,Phnom Penh,MMK,False
TXN-20240116-0002508,WALL-0036862,MERCH-00068,PM-05,DEV-02,2024-01-16 10:40:00,11.73,0.0,0.2346,1,Success,Purchase,Mawlamyine,MMK,False
TXN-20240116-0002509,WALL-0101137,MERCH-00028,PM-02,DEV-01,2024-01-16 12:34:11,25.58,0.0512,0.5116,2,Success,Purchase,Pathein,MMK,False
TXN-20240116-0002510,WALL-0031955,MERCH-00429,PM-01,DEV-03,2024-01-16 15:02:12,31.16,0.0,0.0,3,Success,Payment,Kathmandu,NPR,False
TXN-20240116-0002511,WALL-0128759,MERCH-00010,PM-04,DEV-01,2024-01-16 22:08:50,17.93,0.3587,0.3587,1,Success,Purchase,Yangon,MMK,False
TXN-20240116-0002512,WALL-0130640,MERCH-00102,PM-05,DEV-01,2024-01-16 08:54:56,58.91,0.0,0.0,5,Success,Purchase,Bago,MMK,False
TXN-20240116-0002513,WALL-0094674,MERCH-00259,PM-01,DEV-01,2024-01-16 18:06:43,19.84,0.0,0.0,1,Success,Subscription,Medan,IDR,False
TXN-20240116-0002514,WALL-0116898,MERCH-00439,PM-01,DEV-01,2024-01-16 18:39:01,413.33,0.0,0.0,41,Success,Tax Payment,Cebu City,PHP,False
TXN-20240116-0002515,WALL-0080521,MERCH-00055,PM-02,DEV-03,2024-01-16 12:03:50,17.62,0.0352,0.3524,1,Success,Purchase,Mawlamyine,MMK,False
TXN-20240116-0002516,WALL-0044552,MERCH-00079,PM-04,DEV-05,2024-01-16 04:04:12,28.14,0.5627,0.5627,2,Success,Purchase,Kolkata,INR,False
TXN-20240116-0002517,WALL-0080345,MERCH-00410,PM-01,DEV-01,2024-01-16 11:25:46,31.27,0.0,0.0,3,Success,Payment,Ho Chi Minh City,VND,False
TXN-20240116-0002518,WALL-0110763,MERCH-00180,PM-01,DEV-01,2024-01-16 19:49:11,75.04,0.0,3.7521,7,Success,Purchase,Myitkyina,MMK,False
TXN-20240116-0002519,WALL-0076920,MERCH-00243,PM-01,DEV-01,2024-01-16 20:08:10,66.0,0.0,0.0,6,Success,Subscription,Johor Bahru,MYR,False
TXN-20240116-0002520,WALL-0034786,MERCH-00018,PM-01,DEV-03,2024-01-16 03:04:27,13.37,0.0,0.2673,1,Success,Purchase,Mandalay,MMK,False
TXN-20240116-0002521,WALL-0056852,MERCH-00219,PM-01,DEV-04,2024-01-16 19:30:34,13.8,0.0,0.0,1,Success,Purchase,Khon Kaen,THB,False
TXN-20240116-0002522,WALL-0021333,MERCH-00189,PM-01,DEV-01,2024-01-16 19:56:31,24.08,0.0,1.2041,2,Success,Purchase,Mandalay,MMK,False
TXN-20240116-0002523,WALL-0132421,MERCH-00130,PM-02,DEV-01,2024-01-16 19:53:56,42.29,0.0846,0.0,4,Success,Purchase,Pune,INR,False
TXN-20240116-0002524,WALL-0116957,MERCH-00298,PM-01,DEV-04,2024-01-16 07:49:38,2129.02,0.0,170.3213,425,Success,Purchase,Jaipur,INR,False
TXN-20240116-0002525,WALL-0047379,MERCH-00006,PM-02,DEV-03,2024-01-16 15:10:05,17.03,0.0341,0.3407,1,Success,Purchase,Ahmedabad,INR,False
TXN-20240116-0002526,WALL-0033455,MERCH-00003,PM-04,DEV-05,2024-01-16 19:56:50,28.19,0.5639,0.5639,2,Success,Purchase,Bago,MMK,False
TXN-20240116-0002527,WALL-0124487,MERCH-00122,PM-02,DEV-01,2024-01-16 08:42:59,190.15,0.3803,0.0,19,Success,Purchase,Myitkyina,MYR,False
TXN-20240116-0002528,WALL-0108560,MERCH-00079,PM-03,DEV-01,2024-01-16 12:25:40,6.79,0.0543,0.1358,0,Success,Purchase,Kathmandu,MMK,False
TXN-20240116-0002529,WALL-0061227,MERCH-00277,PM-03,DEV-01,2024-01-16 17:02:11,124.44,0.9955,9.9553,24,Success,Purchase,Pathein,MMK,False
TXN-20240116-0002530,WALL-0099300,MERCH-00267,PM-01,DEV-05,2024-01-16 14:49:19,18.16,0.0,0.0,1,Success,Subscription,Jaipur,INR,False
TXN-20240116-0002531,WALL-0012516,MERCH-00233,PM-03,DEV-01,2024-01-16 20:23:01,26.23,0.2099,0.0,2,Success,Subscription,Myitkyina,MMK,False
TXN-20240116-0002532,WALL-0079862,MERCH-00378,PM-02,DEV-03,2024-01-16 12:15:19,23.27,0.0465,0.0,2,Success,Purchase,Phuket,THB,False
TXN-20240116-0002533,WALL-0045940,MERCH-00083,PM-01,DEV-01,2024-01-16 16:40:25,24.49,0.0,0.0,2,Success,Purchase,Davao,MMK,False
TXN-20240116-0002534,WALL-0093180,MERCH-00036,PM-05,DEV-01,2024-01-16 13:26:59,34.47,0.0,0.6895,3,Success,Purchase,Surabaya,IDR,False
TXN-20240116-0002535,WALL-0085219,MERCH-00062,PM-05,DEV-01,2024-01-16 01:21:31,29.31,0.0,0.5863,2,Success,Purchase,Hanoi,VND,False
TXN-20240116-0002536,WALL-0145019,MERCH-00029,PM-01,DEV-03,2024-01-16 13:23:33,27.83,0.0,0.5565,2,Success,Purchase,Mandalay,MMK,False
TXN-20240116-0002537,WALL-0119592,MERCH-00362,PM-04,DEV-04,2024-01-16 10:13:10,20.56,0.4113,0.0,2,Success,Bill Payment,Bangalore,INR,False
TXN-20240116-0002538,WALL-0106967,MERCH-00312,PM-01,DEV-01,2024-01-16 16:58:48,38.25,0.0,0.0,3,Success,Bill Payment,Chittagong,BDT,False
TXN-20240116-0002539,WALL-0069231,MERCH-00431,PM-01,DEV-02,2024-01-16 11:50:56,112.09,0.0,0.0,11,Success,Tax Payment,Dhaka,BDT,False
TXN-20240116-0002540,WALL-0066728,MERCH-00075,PM-01,DEV-01,2024-01-16 19:19:00,12.56,0.0,0.2512,1,Success,Purchase,Taunggyi,MMK,False
TXN-20240116-0002541,WALL-0118138,MERCH-00013,PM-01,DEV-01,2024-01-16 08:45:57,13.99,0.0,0.2799,1,Success,Purchase,Mawlamyine,MMK,False
TXN-20240116-0002542,WALL-0139705,MERCH-00029,PM-03,DEV-01,2024-01-16 13:22:44,27.25,0.218,0.5449,2,Success,Purchase,Colombo,LKR,False
TXN-20240116-0002543,WALL-0122128,MERCH-00287,PM-03,DEV-01,2024-01-16 13:28:40,2425.48,19.4039,194.0386,485,Success,Purchase,Khon Kaen,THB,False
TXN-20240116-0002544,WALL-0055362,MERCH-00137,PM-04,DEV-01,2024-01-16 06:03:36,286.45,5.7289,14.3223,28,Success,Purchase,Pattaya,THB,False
TXN-20240116-0002545,WALL-0136765,MERCH-00015,PM-01,DEV-03,2024-01-16 17:55:09,25.24,0.0,0.5047,2,Success,Purchase,Penang,MYR,False
TXN-20240116-0002546,WALL-0028374,MERCH-00347,PM-01,DEV-01,2024-01-16 23:40:26,98.65,0.0,0.0,9,Success,Bill Payment,Mumbai,THB,False
TXN-20240116-0002547,WALL-0053356,MERCH-00299,PM-04,DEV-02,2024-01-16 17:45:43,827.75,16.5551,66.2203,165,Success,Purchase,Karachi,PKR,False
TXN-20240116-0002548,WALL-0052522,MERCH-00447,PM-01,DEV-01,2024-01-16 18:33:03,910.52,0.0,0.0,91,Success,Tax Payment,Ahmedabad,INR,False
TXN-20240116-0002549,WALL-0136206,MERCH-00224,PM-03,DEV-05,2024-01-16 21:23:59,12.64,0.1011,0.0,1,Success,Purchase,Yangon,MMK,False
TXN-20240116-0002550,WALL-0140696,MERCH-00183,PM-01,DEV-02,2024-01-16 17:26:34,43.96,0.0,2.1978,4,Success,Purchase,Islamabad,PKR,False
TXN-20240116-0002551,WALL-0142373,MERCH-00433,PM-01,DEV-01,2024-01-16 20:35:31,391.47,0.0,0.0,39,Success,Tax Payment,Jakarta,IDR,False
TXN-20240116-0002552,WALL-0107461,MERCH-00002,PM-02,DEV-03,2024-01-16 12:53:49,28.65,0.0573,0.0,0,Failed,Purchase,Pattaya,THB,False
TXN-20240116-0002553,WALL-0067493,MERCH-00110,PM-02,DEV-01,2024-01-16 14:30:28,53.94,0.1079,0.0,5,Success,Purchase,Chittagong,BDT,False
TXN-20240116-0002554,WALL-0068420,MERCH-00230,PM-04,DEV-01,2024-01-16 16:04:39,29.34,0.5868,0.0,2,Success,Purchase,Myitkyina,MMK,False
TXN-20240116-0002555,WALL-0098927,MERCH-00004,PM-01,DEV-01,2024-01-16 20:37:01,13.96,0.0,0.2791,1,Success,Purchase,Naypyidaw,MMK,False
TXN-20240116-0002556,WALL-0093262,MERCH-00162,PM-01,DEV-01,2024-01-16 21:51:14,23.15,0.0,1.1576,2,Success,Purchase,Pathein,MMK,False
TXN-20240116-0002557,WALL-0006478,MERCH-00024,PM-04,DEV-01,2024-01-16 21:59:09,16.29,0.3259,0.3259,1,Success,Purchase,Ahmedabad,INR,False
TXN-20240116-0002558,WALL-0016348,MERCH-00019,PM-02,DEV-03,2024-01-16 13:53:06,25.48,0.051,0.5096,2,Success,Purchase,Johor Bahru,MYR,False
TXN-20240116-0002559,WALL-0046416,MERCH-00201,PM-03,DEV-01,2024-01-16 17:16:47,16.38,0.131,0.0,1,Success,Purchase,Taunggyi,MMK,False
TXN-20240116-0002560,WALL-0148792,MERCH-00161,PM-04,DEV-01,2024-01-16 15:56:49,280.82,5.6164,14.0409,28,Success,Purchase,Kathmandu,NPR,False
TXN-20240116-0002561,WALL-0149669,MERCH-00158,PM-01,DEV-02,2024-01-16 04:03:40,290.66,0.0,14.5328,29,Success,Purchase,Siem Reap,MMK,False
TXN-20240116-0002562,WALL-0113574,MERCH-00222,PM-03,DEV-03,2024-01-16 11:04:10,7.38,0.0591,0.0,0,Success,Purchase,Phuket,MMK,False
TXN-20240116-0002563,WALL-0060828,MERCH-00251,PM-02,DEV-01,2024-01-16 18:32:13,12.72,0.0254,0.0,1,Success,Subscription,Yangon,MMK,False
TXN-20240116-0002564,WALL-0125525,MERCH-00153,PM-03,DEV-01,2024-01-16 18:51:49,104.1,0.8328,5.2051,10,Success,Purchase,Hyderabad,INR,False
TXN-20240116-0002565,WALL-0123130,MERCH-00145,PM-04,DEV-01,2024-01-16 09:24:29,71.21,1.4242,3.5606,7,Success,Purchase,Bago,MMK,False
TXN-20240116-0002566,WALL-0144671,MERCH-00287,PM-01,DEV-04,2024-01-16 17:14:55,3000.0,0.0,240.0,600,Success,Purchase,Lahore,PKR,False
TXN-20240116-0002567,WALL-0025627,MERCH-00442,PM-03,DEV-01,2024-01-16 11:53:41,91.53,0.7322,0.0,9,Success,Tax Payment,Phuket,MMK,False
TXN-20240116-0002568,WALL-0120341,MERCH-00375,PM-03,DEV-03,2024-01-16 20:20:52,53.9,0.4312,0.0,5,Success,Purchase,Yangon,MMK,False
TXN-20240116-0002569,WALL-0094828,MERCH-00462,PM-04,DEV-01,2024-01-16 09:24:11,347.55,6.9509,0.0,34,Success,Payment,Naypyidaw,MMK,False
TXN-20240116-0002570,WALL-0136604,MERCH-00490,PM-04,DEV-05,2024-01-16 11:05:21,208.32,4.1664,0.0,20,Success,Payment,Ahmedabad,INR,False
TXN-20240116-0002571,WALL-0021474,MERCH-00033,PM-01,DEV-04,2024-01-16 12:22:28,10.74,0.0,0.2148,1,Success,Purchase,Yangon,MMK,False
TXN-20240116-0002572,WALL-0057896,MERCH-00330,PM-01,DEV-01,2024-01-16 12:40:46,62.45,0.0,0.0,6,Success,Bill Payment,Delhi,INR,False
TXN-20240116-0002573,WALL-0012444,MERCH-00043,PM-01,DEV-05,2024-01-16 18:51:00,6.9,0.0,0.138,0,Success,Purchase,Bangkok,THB,False
TXN-20240116-0002574,WALL-0068798,MERCH-00089,PM-01,DEV-03,2024-01-16 07:07:05,56.94,0.0,0.0,5,Success,Purchase,Mandalay,MMK,False
TXN-20240116-0002575,WALL-0032580,MERCH-00126,PM-01,DEV-01,2024-01-16 10:35:58,71.82,0.0,0.0,7,Success,Purchase,Bangkok,THB,False
TXN-20240116-0002576,WALL-0081032,MERCH-00106,PM-02,DEV-05,2024-01-16 03:28:25,40.09,0.0802,0.0,4,Success,Purchase,Yangon,MMK,False
TXN-20240116-0002577,WALL-0090385,MERCH-00267,PM-05,DEV-01,2024-01-16 21:28:42,7.09,0.0,0.0,0,Success,Subscription,Yangon,MMK,False
TXN-20240116-0002578,WALL-0091316,MERCH-00295,PM-01,DEV-01,2024-01-16 21:17:03,423.78,0.0,33.9026,84,Success,Purchase,Da Nang,VND,False
TXN-20240116-0002579,WALL-0128060,MERCH-00113,PM-01,DEV-03,2024-01-16 16:22:03,48.12,0.0,0.0,4,Success,Purchase,Bangalore,INR,False
TXN-20240116-0002580,WALL-0123836,MERCH-00083,PM-02,DEV-01,2024-01-16 07:25:34,213.33,0.4267,0.0,21,Success,Purchase,Ahmedabad,THB,False
TXN-20240116-0002581,WALL-0142117,MERCH-00062,PM-01,DEV-04,2024-01-16 20:39:36,6.66,0.0,0.1332,0,Success,Purchase,Naypyidaw,MMK,False
TXN-20240116-0002582,WALL-0078352,MERCH-00040,PM-01,DEV-01,2024-01-16 16:57:26,5.0,0.0,0.0,0,Pending,Purchase,Bago,MMK,False
TXN-20240116-0002583,WALL-0138048,MERCH-00082,PM-01,DEV-01,2024-01-16 20:48:49,58.74,0.0,0.0,5,Success,Purchase,Ahmedabad,INR,False
TXN-20240116-0002584,WALL-0143320,MERCH-00266,PM-02,DEV-04,2024-01-16 17:05:22,11.34,0.0227,0.0,1,Success,Subscription,Taunggyi,MMK,False
TXN-20240116-0002585,WALL-0020122,MERCH-00239,PM-01,DEV-03,2024-01-16 09:53:47,11.9,0.0,0.0,1,Success,Subscription,Mandalay,MMK,False
TXN-20240116-0002586,WALL-0110343,MERCH-00320,PM-01,DEV-01,2024-01-16 17:33:05,220.91,0.0,0.0,0,Failed,Bill Payment,Delhi,INR,False
TXN-20240116-0002587,WALL-0085620,MERCH-00308,PM-01,DEV-01,2024-01-16 20:49:40,353.99,0.0,28.3192,70,Success,Purchase,Phuket,THB,False
TXN-20240116-0002588,WALL-0135552,MERCH-00215,PM-04,DEV-01,2024-01-16 14:00:22,5.45,0.1089,0.0,0,Success,Purchase,Pathein,MMK,False
TXN-20240116-0002589,WALL-0040996,MERCH-00057,PM-04,DEV-01,2024-01-16 16:40:22,17.97,0.3594,0.3594,1,Success,Purchase,Mawlamyine,MMK,False
TXN-20240116-0002590,WALL-0094200,MERCH-00115,PM-01,DEV-01,2024-01-16 11:26:01,21.69,0.0,0.0,2,Success,Purchase,Colombo,LKR,False
TXN-20240116-0002591,WALL-0062900,MERCH-00109,PM-04,DEV-01,2024-01-16 17:46:47,71.04,1.4208,0.0,7,Success,Purchase,Manila,PHP,False
TXN-20240116-0002592,WALL-0057679,MERCH-00205,PM-04,DEV-01,2024-01-16 05:31:54,5.0,0.1,0.0,0,Success,Purchase,Da Nang,VND,False
TXN-20240116-0002593,WALL-0044682,MERCH-00002,PM-02,DEV-01,2024-01-16 08:39:57,17.49,0.035,0.3499,1,Success,Purchase,Da Nang,VND,False
TXN-20240116-0002594,WALL-0091579,MERCH-00479,PM-03,DEV-01,2024-01-16 14:44:37,146.16,1.1692,0.0,14,Success,Payment,Kandy,LKR,False
TXN-20240116-0002595,WALL-0019150,MERCH-00222,PM-03,DEV-01,2024-01-16 18:48:31,24.63,0.1971,0.0,2,Success,Purchase,Phuket,THB,False
TXN-20240116-0002596,WALL-0000153,MERCH-00346,PM-04,DEV-02,2024-01-16 15:35:45,57.92,1.1584,0.0,0,Pending,Bill Payment,Yangon,MMK,False
TXN-20240116-0002597,WALL-0126484,MERCH-00053,PM-03,DEV-02,2024-01-16 15:00:47,54.24,0.4339,1.0848,5,Success,Purchase,Manila,PHP,False
TXN-20240116-0002598,WALL-0090025,MERCH-00307,PM-01,DEV-01,2024-01-16 10:15:52,259.25,0.0,20.7402,51,Success,Purchase,Phuket,INR,False
TXN-20240116-0002599,WALL-0068686,MERCH-00001,PM-02,DEV-01,2024-01-16 14:26:51,10.76,0.0215,0.2152,1,Success,Purchase,Hyderabad,SGD,False
TXN-20240116-0002600,WALL-0004924,MERCH-00368,PM-01,DEV-01,2024-01-16 13:02:31,78.93,0.0,0.0,7,Success,Bill Payment,Myitkyina,MMK,False
TXN-20240116-0002601,WALL-0134395,MERCH-00198,PM-01,DEV-01,2024-01-16 00:44:37,8.17,0.0,0.0,0,Success,Purchase,Myitkyina,MMK,False
TXN-20240116-0002602,WALL-0041038,MERCH-00381,PM-02,DEV-03,2024-01-16 08:45:43,53.21,0.1064,0.0,5,Success,Purchase,Karachi,INR,False
TXN-20240116-0002603,WALL-0129423,MERCH-00261,PM-01,DEV-01,2024-01-16 09:54:31,17.98,0.0,0.0,1,Success,Subscription,Karachi,PKR,False
TXN-20240116-0002604,WALL-0014184,MERCH-00232,PM-02,DEV-03,2024-01-16 17:39:25,17.45,0.0349,0.0,1,Success,Subscription,Chiang Mai,THB,False
TXN-20240116-0002605,WALL-0020289,MERCH-00274,PM-02,DEV-01,2024-01-16 19:48:11,674.35,1.3487,53.9478,134,Success,Purchase,Karachi,MMK,False
TXN-20240116-0002606,WALL-0048277,MERCH-00401,PM-03,DEV-01,2024-01-16 09:32:59,36.69,0.2936,0.0,3,Success,Payment,Lahore,PKR,False
TXN-20240116-0002607,WALL-0117669,MERCH-00180,PM-03,DEV-02,2024-01-16 20:48:15,529.97,4.2397,26.4984,52,Success,Purchase,Naypyidaw,MMK,False
TXN-20240116-0002608,WALL-0076003,MERCH-00284,PM-01,DEV-02,2024-01-16 14:40:31,232.41,0.0,18.5924,46,Success,Purchase,Yangon,MMK,False
TXN-20240116-0002609,WALL-0045146,MERCH-00175,PM-05,DEV-03,2024-01-16 12:00:47,94.59,0.0,4.7294,9,Success,Purchase,Phuket,THB,False
TXN-20240116-0002610,WALL-0062738,MERCH-00230,PM-01,DEV-01,2024-01-16 17:14:30,18.58,0.0,0.0,1,Success,Purchase,Jaipur,INR,False
TXN-20240116-0002611,WALL-0079317,MERCH-00324,PM-03,DEV-01,2024-01-16 11:10:27,99.42,0.7953,0.0,9,Success,Bill Payment,Mumbai,INR,False
TXN-20240116-0002612,WALL-0092171,MERCH-00104,PM-04,DEV-03,2024-01-16 18:22:08,63.37,1.2674,0.0,6,Success,Purchase,Naypyidaw,MMK,False
TXN-20240116-0002613,WALL-0126020,MERCH-00063,PM-02,DEV-01,2024-01-16 17:46:43,64.07,0.1281,1.2814,6,Success,Purchase,Ahmedabad,MMK,False
TXN-20240116-0002614,WALL-0049282,MERCH-00195,PM-04,DEV-01,2024-01-16 08:28:26,14.04,0.2808,0.0,1,Success,Purchase,Colombo,LKR,False
TXN-20240116-0002615,WALL-0077194,MERCH-00401,PM-03,DEV-03,2024-01-16 09:42:22,34.67,0.2774,0.0,3,Success,Payment,Bangkok,THB,False
TXN-20240116-0002616,WALL-0137324,MERCH-00002,PM-03,DEV-03,2024-01-16 14:14:07,7.15,0.0572,0.143,0,Success,Purchase,Bangalore,PHP,False
TXN-20240116-0002617,WALL-0083033,MERCH-00113,PM-02,DEV-03,2024-01-16 00:59:57,51.34,0.1027,0.0,5,Success,Purchase,Hanoi,VND,False
TXN-20240116-0002618,WALL-0129500,MERCH-00389,PM-02,DEV-01,2024-01-16 07:40:10,60.73,0.1215,0.0,6,Success,Purchase,Mumbai,INR,False
TXN-20240116-0002619,WALL-0136420,MERCH-00401,PM-01,DEV-03,2024-01-16 03:52:06,57.5,0.0,0.0,5,Success,Payment,Mawlamyine,MMK,False
TXN-20240116-0002620,WALL-0091704,MERCH-00160,PM-04,DEV-01,2024-01-16 18:17:05,422.85,8.457,0.0,0,Failed,Purchase,Islamabad,PKR,False
TXN-20240116-0002621,WALL-0026492,MERCH-00368,PM-02,DEV-02,2024-01-16 20:23:20,30.3,0.0606,0.0,3,Success,Bill Payment,Manila,PHP,False
TXN-20240116-0002622,WALL-0025434,MERCH-00004,PM-03,DEV-01,2024-01-16 13:17:48,36.12,0.289,0.7224,3,Success,Purchase,Chittagong,BDT,False
TXN-20240116-0002623,WALL-0138656,MERCH-00125,PM-02,DEV-01,2024-01-16 16:42:37,24.11,0.0482,0.0,2,Success,Purchase,Taunggyi,VND,False
TXN-20240116-0002624,WALL-0017736,MERCH-00010,PM-01,DEV-03,2024-01-16 20:58:54,11.92,0.0,0.2385,1,Success,Purchase,Ahmedabad,INR,False
TXN-20240116-0002625,WALL-0012750,MERCH-00347,PM-01,DEV-01,2024-01-16 06:00:21,125.32,0.0,0.0,12,Success,Bill Payment,Pathein,MMK,False
TXN-20240116-0002626,WALL-0088592,MERCH-00040,PM-03,DEV-02,2024-01-16 17:43:16,13.45,0.1076,0.269,1,Success,Purchase,Taunggyi,MMK,False
TXN-20240116-0002627,WALL-0081975,MERCH-00021,PM-02,DEV-03,2024-01-16 17:47:46,10.9,0.0218,0.218,1,Success,Purchase,Naypyidaw,MMK,False
TXN-20240116-0002628,WALL-0064898,MERCH-00442,PM-01,DEV-01,2024-01-16 11:34:54,166.08,0.0,0.0,16,Success,Tax Payment,Siem Reap,MMK,False
TXN-20240116-0002629,WALL-0033140,MERCH-00284,PM-02,DEV-01,2024-01-16 17:13:24,383.81,0.7676,30.7051,76,Success,Purchase,Phuket,THB,False
TXN-20240116-0002630,WALL-0066382,MERCH-00060,PM-01,DEV-01,2024-01-16 13:16:41,14.37,0.0,0.2874,1,Success,Purchase,Yangon,MMK,False
TXN-20240116-0002631,WALL-0056821,MERCH-00026,PM-01,DEV-01,2024-01-16 20:57:07,33.43,0.0,0.6686,3,Success,Purchase,Phnom Penh,KHR,False
TXN-20240116-0002632,WALL-0011435,MERCH-00150,PM-02,DEV-01,2024-01-16 16:56:33,409.53,0.8191,20.4766,40,Success,Purchase,Quezon City,MMK,False
TXN-20240116-0002633,WALL-0127139,MERCH-00366,PM-02,DEV-01,2024-01-16 13:31:43,30.09,0.0602,0.0,3,Success,Bill Payment,Phnom Penh,MMK,False
TXN-20240116-0002634,WALL-0050056,MERCH-00332,PM-03,DEV-02,2024-01-16 13:36:28,45.21,0.3617,0.0,4,Success,Bill Payment,Singapore,SGD,False
TXN-20240116-0002635,WALL-0092831,MERCH-00038,PM-04,DEV-02,2024-01-16 18:12:32,25.81,0.5161,0.5161,2,Success,Purchase,Ho Chi Minh City,VND,False
TXN-20240116-0002636,WALL-0101695,MERCH-00144,PM-02,DEV-01,2024-01-16 12:03:41,99.45,0.1989,4.9727,9,Success,Purchase,Chiang Mai,THB,False
TXN-20240116-0002637,WALL-0072181,MERCH-00040,PM-02,DEV-01,2024-01-16 15:18:43,28.82,0.0576,0.5764,2,Success,Purchase,Pune,MMK,False
TXN-20240116-0002638,WALL-0118483,MERCH-00417,PM-04,DEV-01,2024-01-16 13:44:24,139.02,2.7803,0.0,13,Success,Payment,Colombo,LKR,False
TXN-20240116-0002639,WALL-0082840,MERCH-00413,PM-05,DEV-04,2024-01-16 17:06:19,235.3,0.0,0.0,23,Success,Payment,Quezon City,MMK,False
TXN-20240116-0002640,WALL-0113212,MERCH-00060,PM-02,DEV-02,2024-01-16 20:14:30,24.2,0.0484,0.484,2,Success,Purchase,Mandalay,MMK,False
TXN-20240116-0002641,WALL-0046632,MERCH-00192,PM-01,DEV-01,2024-01-16 13:07:50,6.12,0.0,0.0,0,Success,Purchase,Naypyidaw,MMK,False
TXN-20240116-0002642,WALL-0125215,MERCH-00141,PM-04,DEV-02,2024-01-16 16:49:31,115.06,2.3012,5.753,11,Success,Purchase,Taunggyi,MMK,False
TXN-20240116-0002643,WALL-0085550,MERCH-00066,PM-01,DEV-01,2024-01-16 13:01:40,7.51,0.0,0.1501,0,Success,Purchase,Ho Chi Minh City,PHP,False
TXN-20240116-0002644,WALL-0133583,MERCH-00074,PM-02,DEV-01,2024-01-16 14:46:51,29.11,0.0582,0.5822,2,Success,Purchase,Da Nang,VND,False
TXN-20240116-0002645,WALL-0098619,MERCH-00084,PM-02,DEV-01,2024-01-16 21:48:22,45.0,0.09,0.0,4,Success,Purchase,Taunggyi,MMK,False
TXN-20240116-0002646,WALL-0017604,MERCH-00198,PM-01,DEV-05,2024-01-16 19:13:13,10.53,0.0,0.0,1,Success,Purchase,Mumbai,INR,False
TXN-20240116-0002647,WALL-0143836,MERCH-00056,PM-01,DEV-01,2024-01-16 20:23:45,18.3,0.0,0.366,1,Success,Purchase,Johor Bahru,MYR,False
TXN-20240116-0002648,WALL-0008144,MERCH-00322,PM-01,DEV-02,2024-01-16 19:41:18,57.78,0.0,0.0,5,Success,Bill Payment,Medan,IDR,False
TXN-20240116-0002649,WALL-0076423,MERCH-00418,PM-01,DEV-01,2024-01-16 13:53:10,20.0,0.0,0.0,2,Success,Payment,Yangon,MMK,False
TXN-20240116-0002650,WALL-0130837,MERCH-00319,PM-04,DEV-02,2024-01-16 19:24:00,178.95,3.579,0.0,17,Success,Bill Payment,Surabaya,IDR,False
TXN-20240116-0002651,WALL-0041980,MERCH-00384,PM-01,DEV-03,2024-01-16 09:30:47,20.0,0.0,0.0,2,Success,Purchase,Hyderabad,INR,False
TXN-20240116-0002652,WALL-0076404,MERCH-00059,PM-04,DEV-01,2024-01-16 16:56:15,45.07,0.9015,0.0,0,Failed,Purchase,Yangon,MMK,False
TXN-20240116-0002653,WALL-0001128,MERCH-00155,PM-05,DEV-02,2024-01-16 09:51:43,187.24,0.0,9.3618,18,Success,Purchase,Johor Bahru,MMK,False
TXN-20240116-0002654,WALL-0012442,MERCH-00370,PM-02,DEV-01,2024-01-16 11:33:33,33.03,0.0661,0.0,3,Success,Bill Payment,Dhaka,BDT,False
TXN-20240116-0002655,WALL-0077143,MERCH-00187,PM-01,DEV-05,2024-01-16 20:38:14,71.53,0.0,3.5765,7,Success,Purchase,Pathein,MMK,False
TXN-20240116-0002656,WALL-0081150,MERCH-00198,PM-03,DEV-04,2024-01-16 19:42:28,6.68,0.0535,0.0,0,Success,Purchase,Yangon,MMK,False
TXN-20240116-0002657,WALL-0055680,MERCH-00119,PM-02,DEV-04,2024-01-16 14:51:25,16.6,0.0332,0.0,1,Success,Purchase,Pathein,MMK,False
TXN-20240116-0002658,WALL-0040569,MERCH-00106,PM-02,DEV-01,2024-01-16 18:00:58,200.0,0.4,0.0,20,Success,Purchase,Kandy,LKR,False
TXN-20240116-0002659,WALL-0137660,MERCH-00322,PM-02,DEV-03,2024-01-16 11:47:00,215.66,0.4313,0.0,21,Success,Bill Payment,Mawlamyine,MMK,False
TXN-20240116-0002660,WALL-0080037,MERCH-00014,PM-04,DEV-03,2024-01-16 08:38:25,21.26,0.4252,0.4252,2,Success,Purchase,Jaipur,INR,False
TXN-20240116-0002661,WALL-0007676,MERCH-00123,PM-01,DEV-01,2024-01-16 09:40:04,50.42,0.0,0.0,5,Success,Purchase,Bali,IDR,False
TXN-20240116-0002662,WALL-0133185,MERCH-00117,PM-02,DEV-01,2024-01-16 14:25:08,42.75,0.0855,0.0,4,Success,Purchase,Jakarta,IDR,False
TXN-20240116-0002663,WALL-0139612,MERCH-00203,PM-01,DEV-03,2024-01-16 19:31:50,10.22,0.0,0.0,1,Success,Purchase,Bago,MMK,False
TXN-20240116-0002664,WALL-0081759,MERCH-00373,PM-04,DEV-03,2024-01-16 13:27:21,76.98,1.5396,0.0,7,Success,Purchase,Mawlamyine,MMK,False
TXN-20240116-0002665,WALL-0093565,MERCH-00022,PM-05,DEV-01,2024-01-16 17:14:24,9.29,0.0,0.1858,0,Success,Purchase,Chittagong,MMK,False
TXN-20240116-0002666,WALL-0019417,MERCH-00033,PM-02,DEV-05,2024-01-16 10:27:32,15.25,0.0305,0.0,0,Failed,Purchase,Mawlamyine,MMK,False
TXN-20240116-0002667,WALL-0068009,MERCH-00004,PM-03,DEV-01,2024-01-16 16:46:46,13.91,0.1113,0.0,0,Failed,Purchase,Colombo,LKR,False
TXN-20240116-0002668,WALL-0039657,MERCH-00154,PM-02,DEV-01,2024-01-16 18:27:20,286.97,0.5739,14.3487,28,Success,Purchase,Naypyidaw,MMK,False
TXN-20240116-0002669,WALL-0018608,MERCH-00098,PM-03,DEV-01,2024-01-16 20:45:52,17.06,0.1364,0.0,1,Success,Purchase,Mawlamyine,MMK,False
TXN-20240116-0002670,WALL-0030052,MERCH-00111,PM-04,DEV-05,2024-01-16 17:58:19,65.97,1.3195,0.0,6,Success,Purchase,Bago,MMK,False
TXN-20240116-0002671,WALL-0118792,MERCH-00103,PM-02,DEV-02,2024-01-16 13:10:18,98.41,0.1968,0.0,9,Success,Purchase,Bali,IDR,False
TXN-20240116-0002672,WALL-0045797,MERCH-00451,PM-03,DEV-01,2024-01-16 05:37:43,403.85,3.2308,0.0,40,Success,Payment,Khon Kaen,THB,False
TXN-20240116-0002673,WALL-0015805,MERCH-00254,PM-02,DEV-01,2024-01-16 15:31:49,8.5,0.017,0.0,0,Success,Subscription,Chittagong,BDT,False
TXN-20240116-0002674,WALL-0148483,MERCH-00376,PM-01,DEV-01,2024-01-16 16:04:05,83.91,0.0,0.0,8,Success,Purchase,Mandalay,MMK,False
TXN-20240116-0002675,WALL-0037242,MERCH-00371,PM-01,DEV-01,2024-01-16 07:02:22,63.23,0.0,0.0,6,Success,Purchase,Da Nang,VND,False
TXN-20240116-0002676,WALL-0120883,MERCH-00135,PM-01,DEV-02,2024-01-16 14:12:14,114.98,0.0,5.7492,11,Success,Purchase,Mawlamyine,MMK,False
TXN-20240116-0002677,WALL-0074226,MERCH-00212,PM-03,DEV-01,2024-01-16 00:34:36,6.28,0.0502,0.0,0,Success,Purchase,Kuala Lumpur,MYR,False
TXN-20240116-0002678,WALL-0118805,MERCH-00400,PM-02,DEV-02,2024-01-16 12:47:43,78.92,0.1578,0.0,7,Success,Purchase,Chittagong,BDT,False
TXN-20240116-0002679,WALL-0098486,MERCH-00316,PM-01,DEV-05,2024-01-16 09:32:39,115.84,0.0,0.0,11,Success,Bill Payment,Pune,INR,False
TXN-20240116-0002680,WALL-0063511,MERCH-00074,PM-01,DEV-01,2024-01-16 19:34:27,24.26,0.0,0.4852,2,Success,Purchase,Kathmandu,NPR,False
TXN-20240116-0002681,WALL-0148683,MERCH-00205,PM-05,DEV-03,2024-01-16 07:02:16,31.33,0.0,0.0,3,Success,Purchase,Myitkyina,MMK,False
TXN-20240116-0002682,WALL-0118217,MERCH-00154,PM-03,DEV-02,2024-01-16 19:31:39,56.96,0.4556,2.8478,5,Success,Purchase,Yangon,MMK,False
TXN-20240116-0002683,WALL-0076906,MERCH-00004,PM-01,DEV-01,2024-01-16 16:22:55,32.16,0.0,0.6432,3,Success,Purchase,Lahore,PKR,False
TXN-20240116-0002684,WALL-0143416,MERCH-00076,PM-01,DEV-01,2024-01-16 06:59:47,37.79,0.0,0.7558,3,Success,Purchase,Kandy,LKR,False
TXN-20240116-0002685,WALL-0075199,MERCH-00171,PM-01,DEV-02,2024-01-16 14:01:52,61.48,0.0,3.0741,6,Success,Purchase,Yangon,INR,False
TXN-20240116-0002686,WALL-0096078,MERCH-00314,PM-02,DEV-01,2024-01-16 16:21:18,134.88,0.2698,0.0,13,Success,Bill Payment,Dhaka,BDT,False
TXN-20240116-0002687,WALL-0050781,MERCH-00218,PM-02,DEV-03,2024-01-16 16:54:41,9.23,0.0185,0.0,0,Success,Purchase,Davao,PHP,False
TXN-20240116-0002688,WALL-0027065,MERCH-00365,PM-02,DEV-02,2024-01-16 16:04:04,45.42,0.0908,0.0,4,Success,Bill Payment,Yangon,MMK,False
TXN-20240116-0002689,WALL-0031459,MERCH-00050,PM-01,DEV-01,2024-01-16 14:45:11,6.51,0.0,0.1303,0,Success,Purchase,Taunggyi,MMK,False
TXN-20240116-0002690,WALL-0044341,MERCH-00158,PM-03,DEV-01,2024-01-16 18:06:36,795.1,6.3608,39.755,79,Success,Purchase,Myitkyina,MMK,False
TXN-20240116-0002691,WALL-0051391,MERCH-00037,PM-04,DEV-01,2024-01-16 20:57:25,8.8,0.176,0.176,0,Success,Purchase,Myitkyina,MMK,False
TXN-20240116-0002692,WALL-0076902,MERCH-00072,PM-02,DEV-01,2024-01-16 16:48:55,32.44,0.0649,0.6489,3,Success,Purchase,Ahmedabad,INR,False
TXN-20240116-0002693,WALL-0128070,MERCH-00487,PM-01,DEV-01,2024-01-16 21:08:36,53.34,0.0,0.0,5,Success,Payment,Chennai,INR,False
TXN-20240116-0002694,WALL-0035505,MERCH-00079,PM-01,DEV-03,2024-01-16 17:23:43,8.6,0.0,0.1721,0,Success,Purchase,Siem Reap,KHR,False
TXN-20240116-0002695,WALL-0134009,MERCH-00399,PM-01,DEV-01,2024-01-16 12:24:07,20.0,0.0,0.0,2,Success,Purchase,Penang,MYR,False
TXN-20240116-0002696,WALL-0088386,MERCH-00051,PM-01,DEV-03,2024-01-16 08:41:13,9.01,0.0,0.1803,0,Success,Purchase,Kuala Lumpur,MYR,False
TXN-20240116-0002697,WALL-0044903,MERCH-00248,PM-01,DEV-01,2024-01-16 16:29:23,8.78,0.0,0.0,0,Success,Subscription,Mandalay,MMK,False
TXN-20240116-0002698,WALL-0047764,MERCH-00023,PM-05,DEV-03,2024-01-16 12:50:11,28.4,0.0,0.568,2,Success,Purchase,Kathmandu,MMK,False
TXN-20240116-0002699,WALL-0143674,MERCH-00184,PM-01,DEV-03,2024-01-16 17:16:38,70.85,0.0,3.5423,7,Success,Purchase,Delhi,INR,False
TXN-20240116-0002700,WALL-0121448,MERCH-00167,PM-03,DEV-02,2024-01-16 15:47:41,31.94,0.2555,1.5968,3,Success,Purchase,Yangon,MMK,False
TXN-20240116-0002701,WALL-0007005,MERCH-00281,PM-03,DEV-05,2024-01-16 12:34:20,200.36,1.6029,16.0291,40,Success,Purchase,Davao,PHP,False
TXN-20240116-0002702,WALL-0026228,MERCH-00064,PM-04,DEV-01,2024-01-16 17:44:09,29.9,0.598,0.598,2,Success,Purchase,Bangalore,MYR,False
TXN-20240116-0002703,WALL-0143502,MERCH-00353,PM-05,DEV-04,2024-01-16 18:03:53,107.01,0.0,0.0,10,Success,Bill Payment,Karachi,LKR,False
TXN-20240116-0002704,WALL-0041147,MERCH-00025,PM-02,DEV-01,2024-01-16 11:13:19,18.82,0.0376,0.3763,1,Success,Purchase,Cebu City,PHP,False
TXN-20240116-0002705,WALL-0079517,MERCH-00055,PM-01,DEV-02,2024-01-16 14:43:42,15.67,0.0,0.3135,1,Success,Purchase,Pathein,MMK,False
TXN-20240116-0002706,WALL-0072193,MERCH-00030,PM-03,DEV-01,2024-01-16 20:56:00,10.96,0.0877,0.2192,1,Success,Purchase,Dhaka,INR,False
TXN-20240116-0002707,WALL-0080219,MERCH-00222,PM-01,DEV-02,2024-01-16 07:46:52,10.21,0.0,0.0,0,Failed,Purchase,Siem Reap,KHR,False
TXN-20240116-0002708,WALL-0029733,MERCH-00129,PM-02,DEV-02,2024-01-16 21:29:00,60.76,0.1215,0.0,6,Success,Purchase,Lahore,LKR,False
TXN-20240116-0002709,WALL-0021587,MERCH-00251,PM-03,DEV-01,2024-01-16 11:30:21,6.04,0.0483,0.0,0,Success,Subscription,Phuket,THB,False
TXN-20240116-0002710,WALL-0070985,MERCH-00076,PM-01,DEV-01,2024-01-16 19:03:45,14.53,0.0,0.2906,1,Success,Purchase,Medan,BDT,False
TXN-20240116-0002711,WALL-0138760,MERCH-00232,PM-02,DEV-03,2024-01-16 17:19:11,20.39,0.0408,0.0,2,Success,Subscription,Medan,IDR,False
TXN-20240116-0002712,WALL-0111964,MERCH-00062,PM-03,DEV-01,2024-01-16 12:15:16,23.23,0.1858,0.4646,2,Success,Purchase,Yangon,MMK,False
TXN-20240116-0002713,WALL-0011940,MERCH-00036,PM-01,DEV-01,2024-01-16 13:18:20,42.6,0.0,0.852,4,Success,Purchase,Pathein,MMK,False
TXN-20240116-0002714,WALL-0132117,MERCH-00413,PM-02,DEV-03,2024-01-16 14:35:53,118.05,0.2361,0.0,11,Success,Payment,Bangkok,THB,False
TXN-20240116-0002715,WALL-0108221,MERCH-00036,PM-01,DEV-03,2024-01-16 18:32:14,99.0,0.0,1.98,9,Success,Purchase,Chennai,INR,False
TXN-20240116-0002716,WALL-0065784,MERCH-00086,PM-02,DEV-02,2024-01-16 15:23:24,49.32,0.0986,0.0,4,Success,Purchase,Naypyidaw,MMK,False
TXN-20240116-0002717,WALL-0087139,MERCH-00026,PM-03,DEV-01,2024-01-16 15:47:54,10.16,0.0813,0.2031,1,Success,Purchase,Myitkyina,MMK,False
TXN-20240116-0002718,WALL-0044161,MERCH-00103,PM-02,DEV-03,2024-01-16 09:12:21,36.43,0.0729,0.0,3,Success,Purchase,Karachi,PKR,False
TXN-20240116-0002719,WALL-0038057,MERCH-00290,PM-01,DEV-01,2024-01-16 14:01:47,345.38,0.0,27.6303,69,Success,Purchase,Naypyidaw,MMK,False
TXN-20240116-0002720,WALL-0044242,MERCH-00257,PM-03,DEV-03,2024-01-16 18:57:29,34.05,0.2724,0.0,3,Success,Subscription,Kolkata,INR,False
TXN-20240116-0002721,WALL-0111771,MERCH-00021,PM-03,DEV-04,2024-01-16 06:36:11,14.6,0.1168,0.292,1,Success,Purchase,Quezon City,PHP,False
TXN-20240116-0002722,WALL-0078944,MERCH-00267,PM-04,DEV-03,2024-01-16 02:44:39,15.62,0.3123,0.0,1,Success,Subscription,Bangalore,INR,False
TXN-20240116-0002723,WALL-0005192,MERCH-00082,PM-01,DEV-01,2024-01-16 11:47:43,39.82,0.0,0.0,3,Success,Purchase,Lahore,MMK,False
TXN-20240116-0002724,WALL-0034549,MERCH-00139,PM-02,DEV-01,2024-01-16 14:22:40,46.63,0.0933,2.3317,4,Success,Purchase,Taunggyi,MMK,False
TXN-20240116-0002725,WALL-0021447,MERCH-00392,PM-01,DEV-02,2024-01-16 11:05:56,47.87,0.0,0.0,4,Success,Purchase,Phuket,THB,False
TXN-20240116-0002726,WALL-0101594,MERCH-00158,PM-03,DEV-01,2024-01-16 15:42:23,212.95,1.7036,10.6474,21,Success,Purchase,Bago,MMK,False
TXN-20240116-0002727,WALL-0148189,MERCH-00380,PM-04,DEV-01,2024-01-16 18:58:07,51.05,1.021,0.0,5,Success,Purchase,Bandung,IDR,False
TXN-20240116-0002728,WALL-0034187,MERCH-00446,PM-01,DEV-03,2024-01-16 06:38:14,87.73,0.0,0.0,8,Success,Tax Payment,Johor Bahru,MYR,False
TXN-20240116-0002729,WALL-0119372,MERCH-00359,PM-03,DEV-01,2024-01-16 21:23:32,37.61,0.3009,0.0,3,Success,Bill Payment,Da Nang,VND,False
TXN-20240116-0002730,WALL-0051293,MERCH-00173,PM-03,DEV-02,2024-01-16 19:31:47,81.64,0.6531,4.0821,8,Success,Purchase,Hanoi,VND,False
TXN-20240116-0002731,WALL-0117987,MERCH-00267,PM-01,DEV-02,2024-01-16 21:08:03,8.45,0.0,0.0,0,Success,Subscription,Myitkyina,MMK,False
TXN-20240116-0002732,WALL-0008742,MERCH-00164,PM-02,DEV-01,2024-01-16 16:21:12,278.04,0.5561,13.902,27,Success,Purchase,Mawlamyine,MMK,False
TXN-20240116-0002733,WALL-0046470,MERCH-00047,PM-01,DEV-02,2024-01-16 20:07:47,25.03,0.0,0.5007,2,Success,Purchase,Chennai,INR,False
TXN-20240116-0002734,WALL-0124858,MERCH-00275,PM-01,DEV-03,2024-01-16 16:29:06,582.59,0.0,46.6074,116,Success,Purchase,Ho Chi Minh City,VND,False
TXN-20240116-0002735,WALL-0109540,MERCH-00018,PM-01,DEV-04,2024-01-16 07:36:26,15.74,0.0,0.3148,1,Success,Purchase,Davao,NPR,False
TXN-20240116-0002736,WALL-0147690,MERCH-00442,PM-03,DEV-02,2024-01-16 18:01:53,181.13,1.449,0.0,18,Success,Tax Payment,Naypyidaw,MMK,False
TXN-20240116-0002737,WALL-0047132,MERCH-00189,PM-04,DEV-01,2024-01-16 12:49:13,38.15,0.763,1.9075,3,Success,Purchase,Lahore,PKR,False
TXN-20240116-0002738,WALL-0118120,MERCH-00017,PM-04,DEV-02,2024-01-16 20:45:06,17.24,0.3447,0.3447,1,Success,Purchase,Bago,MMK,False
TXN-20240116-0002739,WALL-0002894,MERCH-00092,PM-01,DEV-02,2024-01-16 07:35:19,21.16,0.0,0.0,2,Success,Purchase,Kuala Lumpur,MYR,False
TXN-20240116-0002740,WALL-0138599,MERCH-00049,PM-04,DEV-01,2024-01-16 12:37:27,60.0,1.2,1.2,6,Success,Purchase,Hanoi,MMK,False
TXN-20240116-0002741,WALL-0138619,MERCH-00183,PM-01,DEV-01,2024-01-16 16:19:35,199.78,0.0,9.9891,19,Success,Purchase,Davao,PHP,False
TXN-20240116-0002742,WALL-0085109,MERCH-00435,PM-01,DEV-01,2024-01-16 17:28:09,261.76,0.0,0.0,26,Success,Tax Payment,Kathmandu,NPR,False
TXN-20240116-0002743,WALL-0111936,MERCH-00293,PM-01,DEV-02,2024-01-16 13:53:49,251.44,0.0,20.1153,50,Success,Purchase,Myitkyina,MMK,False
TXN-20240116-0002744,WALL-0013546,MERCH-00361,PM-02,DEV-01,2024-01-16 17:47:24,40.56,0.0811,0.0,4,Success,Bill Payment,Ho Chi Minh City,THB,False
TXN-20240116-0002745,WALL-0058413,MERCH-00057,PM-02,DEV-02,2024-01-16 23:07:28,33.97,0.0679,0.6795,3,Success,Purchase,Yangon,MMK,False
TXN-20240116-0002746,WALL-0035504,MERCH-00187,PM-04,DEV-02,2024-01-16 19:48:27,138.18,2.7636,6.909,13,Success,Purchase,Mandalay,MMK,False
TXN-20240116-0002747,WALL-0055223,MERCH-00384,PM-02,DEV-01,2024-01-16 03:53:32,34.37,0.0687,0.0,3,Success,Purchase,Bangkok,PKR,False
TXN-20240116-0002748,WALL-0044347,MERCH-00195,PM-01,DEV-05,2024-01-16 10:43:16,16.68,0.0,0.0,1,Success,Purchase,Pune,INR,False
TXN-20240116-0002749,WALL-0075341,MERCH-00377,PM-01,DEV-01,2024-01-16 08:35:40,59.6,0.0,0.0,5,Success,Purchase,Kathmandu,NPR,False
TXN-20240116-0002750,WALL-0089117,MERCH-00197,PM-01,DEV-01,2024-01-16 18:20:13,15.37,0.0,0.0,0,Pending,Purchase,Yangon,MMK,False
TXN-20240116-0002751,WALL-0149924,MERCH-00035,PM-03,DEV-02,2024-01-16 19:20:35,34.76,0.2781,0.6953,3,Success,Purchase,Taunggyi,MMK,False
TXN-20240116-0002752,WALL-0090818,MERCH-00483,PM-01,DEV-01,2024-01-16 11:46:34,145.2,0.0,0.0,14,Success,Payment,Phnom Penh,KHR,False
TXN-20240116-0002753,WALL-0131801,MERCH-00049,PM-01,DEV-01,2024-01-16 12:07:04,5.88,0.0,0.1176,0,Success,Purchase,Kuala Lumpur,MYR,False
TXN-20240116-0002754,WALL-0062666,MERCH-00040,PM-01,DEV-03,2024-01-16 12:29:07,25.67,0.0,0.5133,2,Success,Purchase,Yangon,MMK,False
TXN-20240116-0002755,WALL-0036330,MERCH-00005,PM-01,DEV-01,2024-01-16 19:14:57,7.06,0.0,0.1412,0,Success,Purchase,Taunggyi,MMK,False
TXN-20240116-0002756,WALL-0021041,MERCH-00018,PM-01,DEV-03,2024-01-16 19:44:20,19.14,0.0,0.3827,1,Success,Purchase,Mandalay,MMK,False
TXN-20240116-0002757,WALL-0044147,MERCH-00044,PM-03,DEV-01,2024-01-16 03:26:43,30.3,0.2424,0.6059,3,Success,Purchase,Yangon,MMK,False
TXN-20240116-0002758,WALL-0032980,MERCH-00392,PM-03,DEV-01,2024-01-16 12:05:10,31.99,0.256,0.0,3,Success,Purchase,Delhi,INR,False
TXN-20240116-0002759,WALL-0141691,MERCH-00319,PM-02,DEV-05,2024-01-16 14:38:29,72.57,0.1451,0.0,7,Success,Bill Payment,Pokhara,NPR,False
TXN-20240116-0002760,WALL-0108625,MERCH-00116,PM-01,DEV-03,2024-01-16 18:49:49,43.95,0.0,0.0,4,Success,Purchase,Bago,MMK,False
TXN-20240116-0002761,WALL-0132137,MERCH-00489,PM-03,DEV-01,2024-01-16 20:15:44,70.75,0.566,0.0,7,Success,Payment,Colombo,LKR,False
TXN-20240116-0002762,WALL-0002974,MERCH-00220,PM-02,DEV-02,2024-01-16 21:46:33,5.0,0.01,0.0,0,Success,Purchase,Da Nang,VND,False
TXN-20240116-0002763,WALL-0001727,MERCH-00183,PM-04,DEV-01,2024-01-16 15:17:50,156.19,3.1237,7.8093,15,Success,Purchase,Penang,MYR,False
TXN-20240116-0002764,WALL-0020943,MERCH-00227,PM-02,DEV-04,2024-01-16 23:01:44,15.57,0.0311,0.0,1,Success,Purchase,Pattaya,THB,False
TXN-20240116-0002765,WALL-0101770,MERCH-00329,PM-04,DEV-02,2024-01-16 18:32:51,32.47,0.6495,0.0,0,Failed,Bill Payment,Mawlamyine,MMK,False
TXN-20240116-0002766,WALL-0019039,MERCH-00166,PM-01,DEV-01,2024-01-16 15:50:18,210.31,0.0,10.5154,21,Success,Purchase,Ho Chi Minh City,VND,False
TXN-20240116-0002767,WALL-0013475,MERCH-00123,PM-01,DEV-01,2024-01-16 04:37:40,89.86,0.0,0.0,8,Success,Purchase,Mumbai,INR,False
TXN-20240116-0002768,WALL-0115619,MERCH-00123,PM-01,DEV-02,2024-01-16 19:49:36,121.5,0.0,0.0,12,Success,Purchase,Mandalay,MMK,False
TXN-20240116-0002769,WALL-0122453,MERCH-00322,PM-01,DEV-04,2024-01-16 21:46:02,39.98,0.0,0.0,3,Success,Bill Payment,Da Nang,VND,False
TXN-20240116-0002770,WALL-0109152,MERCH-00029,PM-01,DEV-03,2024-01-16 12:04:11,20.17,0.0,0.4035,2,Success,Purchase,Bali,IDR,False
TXN-20240116-0002771,WALL-0052851,MERCH-00035,PM-02,DEV-02,2024-01-16 21:09:24,12.47,0.0249,0.2493,1,Success,Purchase,Manila,THB,False
TXN-20240116-0002772,WALL-0148074,MERCH-00314,PM-02,DEV-02,2024-01-16 06:55:53,73.02,0.146,0.0,7,Success,Bill Payment,Colombo,MMK,False
TXN-20240116-0002773,WALL-0054970,MERCH-00398,PM-02,DEV-01,2024-01-16 08:19:25,57.91,0.1158,0.0,5,Success,Purchase,Ho Chi Minh City,VND,False
TXN-20240116-0002774,WALL-0026791,MERCH-00043,PM-03,DEV-01,2024-01-16 18:54:48,6.9,0.0552,0.138,0,Success,Purchase,Johor Bahru,MYR,False
TXN-20240116-0002775,WALL-0003456,MERCH-00334,PM-02,DEV-02,2024-01-16 08:41:12,249.51,0.499,0.0,24,Success,Bill Payment,Da Nang,VND,False
TXN-20240116-0002776,WALL-0008448,MERCH-00147,PM-02,DEV-02,2024-01-16 19:40:25,64.85,0.1297,3.2424,6,Success,Purchase,Siem Reap,KHR,False
TXN-20240116-0002777,WALL-0075988,MERCH-00022,PM-01,DEV-01,2024-01-16 12:07:47,23.88,0.0,0.4776,2,Success,Purchase,Taunggyi,MMK,False
TXN-20240116-0002778,WALL-0100853,MERCH-00179,PM-01,DEV-01,2024-01-16 18:18:41,28.72,0.0,1.4362,2,Success,Purchase,Siem Reap,NPR,False
TXN-20240116-0002779,WALL-0015050,MERCH-00169,PM-01,DEV-05,2024-01-16 10:50:47,102.6,0.0,5.1299,10,Success,Purchase,Pathein,MMK,False
TXN-20240116-0002780,WALL-0002132,MERCH-00073,PM-03,DEV-01,2024-01-16 20:54:07,5.0,0.04,0.1,0,Success,Purchase,Chennai,INR,False
TXN-20240116-0002781,WALL-0018238,MERCH-00170,PM-01,DEV-03,2024-01-16 06:30:04,237.06,0.0,11.8532,23,Success,Purchase,Dhaka,BDT,False
TXN-20240116-0002782,WALL-0124165,MERCH-00297,PM-01,DEV-01,2024-01-16 14:59:08,1022.73,0.0,81.8184,204,Success,Purchase,Karachi,PKR,False
TXN-20240116-0002783,WALL-0024425,MERCH-00048,PM-02,DEV-01,2024-01-16 16:04:52,15.95,0.0319,0.3189,1,Success,Purchase,Ahmedabad,INR,False
TXN-20240116-0002784,WALL-0054587,MERCH-00139,PM-03,DEV-01,2024-01-16 20:40:32,95.86,0.7669,4.7931,9,Success,Purchase,Hanoi,VND,False
TXN-20240116-0002785,WALL-0079343,MERCH-00065,PM-02,DEV-03,2024-01-16 17:10:52,6.44,0.0129,0.1288,0,Success,Purchase,Mandalay,MMK,False
TXN-20240116-0002786,WALL-0024427,MERCH-00092,PM-02,DEV-04,2024-01-16 03:21:06,28.29,0.0566,0.0,2,Success,Purchase,Cebu City,PHP,False
TXN-20240116-0002787,WALL-0118978,MERCH-00205,PM-04,DEV-04,2024-01-16 12:15:37,9.19,0.1839,0.0,0,Success,Purchase,Bangalore,INR,False
TXN-20240116-0002788,WALL-0117048,MERCH-00003,PM-02,DEV-01,2024-01-16 13:47:22,9.37,0.0187,0.1874,0,Success,Purchase,Siem Reap,KHR,False
TXN-20240116-0002789,WALL-0010981,MERCH-00091,PM-03,DEV-01,2024-01-16 14:09:55,65.49,0.524,0.0,6,Success,Purchase,Hyderabad,MMK,False
TXN-20240116-0002790,WALL-0120668,MERCH-00440,PM-02,DEV-01,2024-01-16 11:40:34,558.66,1.1173,0.0,55,Success,Tax Payment,Jaipur,INR,False
TXN-20240116-0002791,WALL-0072127,MERCH-00182,PM-04,DEV-02,2024-01-16 21:03:06,217.54,4.3508,10.8771,21,Success,Purchase,Pune,INR,False
TXN-20240116-0002792,WALL-0114147,MERCH-00118,PM-04,DEV-01,2024-01-16 14:38:21,43.85,0.8769,0.0,4,Success,Purchase,Mandalay,MMK,False
TXN-20240116-0002793,WALL-0024948,MERCH-00421,PM-01,DEV-01,2024-01-16 17:37:54,31.16,0.0,0.0,3,Success,Payment,Bangalore,INR,False
TXN-20240116-0002794,WALL-0038414,MERCH-00089,PM-01,DEV-02,2024-01-16 12:00:59,51.42,0.0,0.0,5,Success,Purchase,Pune,INR,False
TXN-20240116-0002795,WALL-0064517,MERCH-00266,PM-01,DEV-02,2024-01-16 21:21:39,6.81,0.0,0.0,0,Success,Subscription,Taunggyi,MMK,False
TXN-20240116-0002796,WALL-0027387,MERCH-00181,PM-02,DEV-03,2024-01-16 18:44:27,127.62,0.2552,6.3808,12,Success,Purchase,Surabaya,IDR,False
TXN-20240116-0002797,WALL-0075976,MERCH-00444,PM-01,DEV-01,2024-01-16 07:10:12,459.07,0.0,0.0,45,Success,Tax Payment,Bago,MMK,False
TXN-20240116-0002798,WALL-0079225,MERCH-00053,PM-02,DEV-03,2024-01-16 20:07:57,14.74,0.0295,0.2948,1,Success,Purchase,Chiang Mai,THB,False
TXN-20240116-0002799,WALL-0147484,MERCH-00397,PM-03,DEV-05,2024-01-16 10:20:52,38.39,0.3072,0.0,3,Success,Purchase,Medan,INR,False
TXN-20240116-0002800,WALL-0069324,MERCH-00151,PM-01,DEV-01,2024-01-16 08:41:25,87.97,0.0,4.3986,8,Success,Purchase,Ho Chi Minh City,VND,False
TXN-20240116-0002801,WALL-0070816,MERCH-00402,PM-01,DEV-01,2024-01-16 12:55:13,42.91,0.0,0.0,4,Success,Payment,Pokhara,NPR,False
TXN-20240116-0002802,WALL-0039697,MERCH-00175,PM-01,DEV-01,2024-01-16 15:09:07,90.91,0.0,4.5454,9,Success,Purchase,Bangkok,THB,False
TXN-20240116-0002803,WALL-0027680,MERCH-00181,PM-04,DEV-03,2024-01-16 20:35:17,20.0,0.4,1.0,2,Success,Purchase,Jaipur,INR,False
TXN-20240116-0002804,WALL-0004136,MERCH-00336,PM-04,DEV-01,2024-01-16 12:51:15,130.0,2.6,0.0,12,Success,Bill Payment,Naypyidaw,MMK,False
TXN-20240116-0002805,WALL-0010165,MERCH-00075,PM-01,DEV-01,2024-01-16 11:46:03,14.85,0.0,0.2969,1,Success,Purchase,Naypyidaw,MMK,False
TXN-20240116-0002806,WALL-0057842,MERCH-00264,PM-04,DEV-03,2024-01-16 08:47:55,25.87,0.5173,0.0,2,Success,Subscription,Jaipur,INR,False
TXN-20240116-0002807,WALL-0059123,MERCH-00141,PM-01,DEV-04,2024-01-16 10:11:06,42.11,0.0,2.1056,4,Success,Purchase,Medan,IDR,False
TXN-20240116-0002808,WALL-0054605,MERCH-00136,PM-01,DEV-01,2024-01-16 15:03:27,95.23,0.0,4.7613,9,Success,Purchase,Ho Chi Minh City,MMK,False
TXN-20240116-0002809,WALL-0006727,MERCH-00232,PM-04,DEV-03,2024-01-16 03:33:39,16.31,0.3263,0.0,1,Success,Subscription,Phuket,THB,False
TXN-20240116-0002810,WALL-0085413,MERCH-00041,PM-01,DEV-05,2024-01-16 21:07:22,7.1,0.0,0.1421,0,Success,Purchase,Mandalay,MMK,False
TXN-20240116-0002811,WALL-0066712,MERCH-00042,PM-03,DEV-01,2024-01-16 13:01:31,63.28,0.5063,1.2657,6,Success,Purchase,Phuket,THB,False
TXN-20240116-0002812,WALL-0114569,MERCH-00085,PM-01,DEV-01,2024-01-16 12:31:01,39.05,0.0,0.0,0,Failed,Purchase,Mandalay,MMK,False
TXN-20240116-0002813,WALL-0138680,MERCH-00167,PM-02,DEV-01,2024-01-16 20:27:11,41.19,0.0824,2.0594,4,Success,Purchase,Islamabad,MMK,False
TXN-20240116-0002814,WALL-0043988,MERCH-00196,PM-04,DEV-01,2024-01-16 16:27:09,22.5,0.4499,0.0,2,Success,Purchase,Naypyidaw,MMK,False
TXN-20240116-0002815,WALL-0074182,MERCH-00324,PM-01,DEV-03,2024-01-16 18:45:01,58.42,0.0,0.0,5,Success,Bill Payment,Chennai,INR,False
TXN-20240116-0002816,WALL-0112746,MERCH-00037,PM-04,DEV-05,2024-01-16 07:03:05,11.51,0.2301,0.2301,1,Success,Purchase,Bali,IDR,False
TXN-20240116-0002817,WALL-0063506,MERCH-00077,PM-01,DEV-01,2024-01-16 11:24:34,61.15,0.0,1.223,6,Success,Purchase,Taunggyi,MMK,False
TXN-20240116-0002818,WALL-0086003,MERCH-00182,PM-01,DEV-01,2024-01-16 19:55:32,38.99,0.0,1.9496,3,Success,Purchase,Taunggyi,MMK,False
TXN-20240116-0002819,WALL-0060230,MERCH-00107,PM-03,DEV-01,2024-01-16 16:38:55,140.0,1.12,0.0,14,Success,Purchase,Mawlamyine,MMK,False
TXN-20240116-0002820,WALL-0064361,MERCH-00032,PM-05,DEV-01,2024-01-16 20:16:56,39.47,0.0,0.7894,3,Success,Purchase,Jakarta,IDR,False
TXN-20240116-0002821,WALL-0107471,MERCH-00396,PM-01,DEV-01,2024-01-16 01:55:10,31.38,0.0,0.0,3,Success,Purchase,Bandung,IDR,False
TXN-20240116-0002822,WALL-0083772,MERCH-00220,PM-04,DEV-01,2024-01-16 06:17:59,18.04,0.3609,0.0,1,Success,Purchase,Bandung,IDR,False
TXN-20240116-0002823,WALL-0018138,MERCH-00154,PM-04,DEV-03,2024-01-16 08:35:53,59.05,1.1811,2.9526,5,Success,Purchase,Pune,INR,False
TXN-20240116-0002824,WALL-0104167,MERCH-00336,PM-02,DEV-05,2024-01-16 10:39:21,100.38,0.2008,0.0,10,Success,Bill Payment,Bago,MMK,False
TXN-20240116-0002825,WALL-0047146,MERCH-00163,PM-01,DEV-01,2024-01-16 20:59:16,262.51,0.0,13.1254,26,Success,Purchase,Pattaya,THB,False
TXN-20240116-0002826,WALL-0023084,MERCH-00394,PM-02,DEV-01,2024-01-16 14:26:03,47.05,0.0941,0.0,4,Success,Purchase,Khon Kaen,THB,False
TXN-20240116-0002827,WALL-0072197,MERCH-00321,PM-01,DEV-01,2024-01-16 09:26:14,35.97,0.0,0.0,3,Success,Bill Payment,Myitkyina,MMK,False
TXN-20240116-0002828,WALL-0064933,MERCH-00215,PM-04,DEV-01,2024-01-16 06:51:59,14.63,0.2927,0.0,1,Success,Purchase,Myitkyina,MMK,False
TXN-20240116-0002829,WALL-0041499,MERCH-00023,PM-03,DEV-01,2024-01-16 13:17:29,33.21,0.2657,0.0,0,Reversed,Purchase,Pattaya,THB,False
TXN-20240116-0002830,WALL-0004956,MERCH-00194,PM-01,DEV-01,2024-01-16 21:59:16,16.72,0.0,0.0,1,Success,Purchase,Naypyidaw,MMK,False
TXN-20240116-0002831,WALL-0096415,MERCH-00362,PM-01,DEV-02,2024-01-16 14:57:14,15.32,0.0,0.0,1,Success,Bill Payment,Mandalay,MMK,False
TXN-20240116-0002832,WALL-0038173,MERCH-00262,PM-01,DEV-01,2024-01-16 17:18:20,11.97,0.0,0.0,1,Success,Subscription,Mandalay,MMK,False
TXN-20240116-0002833,WALL-0026038,MERCH-00164,PM-04,DEV-01,2024-01-16 21:13:20,363.42,7.2684,18.171,36,Success,Purchase,Phuket,INR,False
TXN-20240116-0002834,WALL-0079205,MERCH-00340,PM-04,DEV-01,2024-01-16 20:34:06,92.32,1.8463,0.0,9,Success,Bill Payment,Hanoi,VND,False
TXN-20240116-0002835,WALL-0051641,MERCH-00145,PM-03,DEV-02,2024-01-16 16:46:29,77.74,0.6219,3.8871,7,Success,Purchase,Delhi,KHR,False
TXN-20240116-0002836,WALL-0140766,MERCH-00171,PM-04,DEV-01,2024-01-16 19:49:10,153.24,3.0648,7.6621,15,Success,Purchase,Mawlamyine,MMK,False
TXN-20240116-0002837,WALL-0059056,MERCH-00396,PM-04,DEV-02,2024-01-16 21:42:05,22.37,0.4474,0.0,2,Success,Purchase,Naypyidaw,MMK,False
TXN-20240116-0002838,WALL-0018494,MERCH-00431,PM-01,DEV-01,2024-01-16 18:33:21,357.57,0.0,0.0,35,Success,Tax Payment,Da Nang,VND,False
TXN-20240116-0002839,WALL-0148585,MERCH-00128,PM-03,DEV-05,2024-01-16 08:24:02,24.72,0.1977,0.0,2,Success,Purchase,Hanoi,VND,False
TXN-20240116-0002840,WALL-0031253,MERCH-00326,PM-02,DEV-01,2024-01-16 19:23:02,43.5,0.087,0.0,4,Success,Bill Payment,Khon Kaen,THB,False
TXN-20240116-0002841,WALL-0122247,MERCH-00151,PM-03,DEV-02,2024-01-16 16:14:02,69.71,0.5577,3.4856,6,Success,Purchase,Pattaya,THB,False
TXN-20240116-0002842,WALL-0027165,MERCH-00110,PM-03,DEV-01,2024-01-16 21:20:58,48.85,0.3908,0.0,4,Success,Purchase,Naypyidaw,MMK,False
TXN-20240116-0002843,WALL-0095138,MERCH-00490,PM-01,DEV-01,2024-01-16 17:56:19,417.81,0.0,0.0,41,Success,Payment,Pathein,MMK,False
TXN-20240116-0002844,WALL-0126165,MERCH-00348,PM-01,DEV-05,2024-01-16 20:37:13,25.36,0.0,0.0,2,Success,Bill Payment,Ho Chi Minh City,VND,False
TXN-20240116-0002845,WALL-0011113,MERCH-00092,PM-01,DEV-01,2024-01-16 10:51:15,47.0,0.0,0.0,4,Success,Purchase,Pathein,MMK,False
TXN-20240116-0002846,WALL-0005358,MERCH-00033,PM-01,DEV-02,2024-01-16 20:00:36,46.21,0.0,0.9241,4,Success,Purchase,Delhi,INR,False
TXN-20240116-0002847,WALL-0034145,MERCH-00252,PM-04,DEV-01,2024-01-16 07:57:41,16.99,0.3397,0.0,1,Success,Subscription,Ahmedabad,INR,False
TXN-20240116-0002848,WALL-0024832,MERCH-00413,PM-02,DEV-02,2024-01-16 12:53:21,58.8,0.1176,0.0,5,Success,Payment,Chittagong,BDT,False
TXN-20240116-0002849,WALL-0028671,MERCH-00279,PM-01,DEV-01,2024-01-16 14:39:18,428.08,0.0,34.2461,85,Success,Purchase,Mandalay,MMK,False
TXN-20240116-0002850,WALL-0134371,MERCH-00063,PM-05,DEV-01,2024-01-16 20:42:40,10.51,0.0,0.2103,1,Success,Purchase,Mandalay,MMK,False
TXN-20240116-0002851,WALL-0045340,MERCH-00486,PM-03,DEV-01,2024-01-16 19:54:27,214.44,1.7155,0.0,21,Success,Payment,Bangkok,THB,False
TXN-20240116-0002852,WALL-0083787,MERCH-00084,PM-01,DEV-01,2024-01-16 18:16:36,57.32,0.0,0.0,5,Success,Purchase,Jakarta,IDR,False
TXN-20240116-0002853,WALL-0089440,MERCH-00365,PM-02,DEV-03,2024-01-16 06:36:14,27.48,0.055,0.0,2,Success,Bill Payment,Bangalore,INR,False
TXN-20240116-0002854,WALL-0091247,MERCH-00124,PM-05,DEV-02,2024-01-16 12:56:18,47.58,0.0,0.0,4,Success,Purchase,Taunggyi,MMK,False
TXN-20240116-0002855,WALL-0030474,MERCH-00117,PM-01,DEV-02,2024-01-16 12:18:43,153.4,0.0,0.0,15,Success,Purchase,Bago,MMK,False
TXN-20240116-0002856,WALL-0009023,MERCH-00413,PM-02,DEV-02,2024-01-16 21:46:34,125.66,0.2513,0.0,12,Success,Payment,Ahmedabad,MYR,False
TXN-20240116-0002857,WALL-0103924,MERCH-00441,PM-02,DEV-02,2024-01-16 16:20:12,113.77,0.2275,0.0,11,Success,Tax Payment,Jakarta,IDR,False
TXN-20240116-0002858,WALL-0079086,MERCH-00258,PM-02,DEV-01,2024-01-16 23:20:30,9.06,0.0181,0.0,0,Success,Subscription,Myitkyina,MMK,False
TXN-20240116-0002859,WALL-0121529,MERCH-00058,PM-03,DEV-01,2024-01-16 13:16:05,13.17,0.1053,0.2634,1,Success,Purchase,Kuala Lumpur,MMK,False
TXN-20240116-0002860,WALL-0132493,MERCH-00136,PM-01,DEV-02,2024-01-16 15:03:10,116.92,0.0,5.8462,11,Success,Purchase,Pathein,MMK,False
TXN-20240116-0002861,WALL-0110134,MERCH-00141,PM-02,DEV-01,2024-01-16 18:58:44,75.64,0.1513,3.7819,7,Success,Purchase,Chittagong,BDT,False
TXN-20240116-0002862,WALL-0030792,MERCH-00229,PM-02,DEV-02,2024-01-16 10:02:25,20.62,0.0412,0.0,2,Success,Purchase,Chiang Mai,PHP,False
TXN-20240116-0002863,WALL-0141659,MERCH-00220,PM-04,DEV-01,2024-01-16 00:10:55,20.08,0.4015,0.0,2,Success,Purchase,Davao,PHP,False
TXN-20240116-0002864,WALL-0039617,MERCH-00240,PM-04,DEV-01,2024-01-16 20:23:35,15.68,0.3135,0.0,1,Success,Subscription,Kolkata,INR,False
TXN-20240116-0002865,WALL-0017778,MERCH-00008,PM-02,DEV-04,2024-01-16 12:06:39,9.58,0.0192,0.1917,0,Success,Purchase,Islamabad,PKR,False
TXN-20240116-0002866,WALL-0017677,MERCH-00381,PM-03,DEV-01,2024-01-16 07:41:21,25.9,0.2072,0.0,2,Success,Purchase,Pathein,MMK,False
TXN-20240116-0002867,WALL-0138998,MERCH-00324,PM-02,DEV-02,2024-01-16 07:01:18,72.07,0.1441,0.0,7,Success,Bill Payment,Pathein,MMK,False
TXN-20240116-0002868,WALL-0073134,MERCH-00184,PM-02,DEV-01,2024-01-16 21:42:47,197.64,0.3953,9.8819,19,Success,Purchase,Naypyidaw,MMK,False
TXN-20240116-0002869,WALL-0125913,MERCH-00281,PM-01,DEV-01,2024-01-16 16:15:31,558.63,0.0,44.6901,111,Success,Purchase,Ahmedabad,INR,False
TXN-20240116-0002870,WALL-0129276,MERCH-00352,PM-02,DEV-01,2024-01-16 14:27:04,95.43,0.1909,0.0,9,Success,Bill Payment,Bago,MMK,False
TXN-20240116-0002871,WALL-0025429,MERCH-00018,PM-02,DEV-02,2024-01-16 16:14:08,36.19,0.0724,0.7239,3,Success,Purchase,Kathmandu,NPR,False
TXN-20240116-0002872,WALL-0148416,MERCH-00248,PM-01,DEV-01,2024-01-16 03:13:30,23.57,0.0,0.0,2,Success,Subscription,Myitkyina,MMK,False
TXN-20240116-0002873,WALL-0112125,MERCH-00384,PM-01,DEV-03,2024-01-16 16:36:14,84.63,0.0,0.0,8,Success,Purchase,Myitkyina,MMK,False
TXN-20240116-0002874,WALL-0019815,MERCH-00021,PM-01,DEV-02,2024-01-16 16:51:03,19.59,0.0,0.3918,1,Success,Purchase,Hanoi,VND,False
TXN-20240116-0002875,WALL-0074959,MERCH-00099,PM-01,DEV-02,2024-01-16 19:08:01,19.73,0.0,0.0,1,Success,Purchase,Bago,MMK,False
TXN-20240116-0002876,WALL-0099388,MERCH-00085,PM-02,DEV-01,2024-01-16 16:56:59,71.72,0.1434,0.0,7,Success,Purchase,Bago,MMK,False
TXN-20240116-0002877,WALL-0039367,MERCH-00178,PM-01,DEV-02,2024-01-16 15:37:48,76.44,0.0,3.8222,7,Success,Purchase,Khon Kaen,IDR,False
TXN-20240116-0002878,WALL-0019823,MERCH-00210,PM-01,DEV-02,2024-01-16 14:34:27,50.34,0.0,0.0,5,Success,Purchase,Islamabad,THB,False
TXN-20240116-0002879,WALL-0136021,MERCH-00243,PM-04,DEV-05,2024-01-16 15:42:01,23.82,0.4764,0.0,2,Success,Subscription,Mawlamyine,MMK,False
TXN-20240116-0002880,WALL-0116416,MERCH-00338,PM-02,DEV-01,2024-01-16 20:12:49,55.77,0.1115,0.0,0,Pending,Bill Payment,Pathein,MMK,False
TXN-20240116-0002881,WALL-0033094,MERCH-00102,PM-01,DEV-02,2024-01-16 21:33:34,83.05,0.0,0.0,8,Success,Purchase,Pokhara,IDR,True
TXN-20240116-0002882,WALL-0123656,MERCH-00040,PM-02,DEV-01,2024-01-16 15:50:04,12.13,0.0243,0.2427,1,Success,Purchase,Pathein,MMK,False
TXN-20240116-0002883,WALL-0147994,MERCH-00281,PM-01,DEV-05,2024-01-16 18:56:50,527.51,0.0,42.2008,105,Success,Purchase,Colombo,LKR,False
TXN-20240116-0002884,WALL-0051202,MERCH-00041,PM-02,DEV-05,2024-01-16 01:48:05,36.96,0.0739,0.7392,3,Success,Purchase,Chittagong,VND,False
TXN-20240116-0002885,WALL-0147265,MERCH-00040,PM-02,DEV-01,2024-01-16 21:39:53,68.64,0.1373,1.3728,6,Success,Purchase,Medan,IDR,False
TXN-20240116-0002886,WALL-0122521,MERCH-00248,PM-03,DEV-01,2024-01-16 18:45:30,7.71,0.0617,0.0,0,Success,Subscription,Davao,PHP,False
TXN-20240116-0002887,WALL-0074526,MERCH-00165,PM-02,DEV-01,2024-01-16 21:00:05,21.89,0.0438,1.0946,2,Success,Purchase,Phnom Penh,VND,False
TXN-20240116-0002888,WALL-0003236,MERCH-00011,PM-02,DEV-02,2024-01-16 20:20:05,15.36,0.0307,0.3073,1,Success,Purchase,Mawlamyine,MMK,False
TXN-20240116-0002889,WALL-0036722,MERCH-00065,PM-01,DEV-04,2024-01-16 15:39:42,37.35,0.0,0.7471,3,Success,Purchase,Naypyidaw,MMK,False
TXN-20240116-0002890,WALL-0037613,MERCH-00036,PM-04,DEV-02,2024-01-16 07:14:32,28.12,0.5623,0.5623,2,Success,Purchase,Taunggyi,MMK,False
TXN-20240116-0002891,WALL-0139820,MERCH-00154,PM-03,DEV-03,2024-01-16 16:41:54,101.76,0.8141,5.0881,10,Success,Purchase,Ho Chi Minh City,INR,False
TXN-20240116-0002892,WALL-0145013,MERCH-00061,PM-02,DEV-01,2024-01-16 20:09:48,9.23,0.0185,0.1847,0,Success,Purchase,Karachi,PKR,False
TXN-20240116-0002893,WALL-0084692,MERCH-00038,PM-01,DEV-02,2024-01-16 20:53:29,19.74,0.0,0.3948,1,Success,Purchase,Jaipur,INR,False
TXN-20240116-0002894,WALL-0015786,MERCH-00014,PM-04,DEV-05,2024-01-16 20:29:58,12.29,0.2458,0.2458,1,Success,Purchase,Yangon,MMK,False
TXN-20240116-0002895,WALL-0106788,MERCH-00089,PM-01,DEV-03,2024-01-16 12:36:38,32.53,0.0,0.0,3,Success,Purchase,Ho Chi Minh City,BDT,False
TXN-20240116-0002896,WALL-0002290,MERCH-00067,PM-01,DEV-02,2024-01-16 20:31:24,24.9,0.0,0.4979,2,Success,Purchase,Pokhara,NPR,False
TXN-20240116-0002897,WALL-0143261,MERCH-00275,PM-02,DEV-01,2024-01-16 12:54:16,159.21,0.3184,12.7366,31,Success,Purchase,Mandalay,MMK,False
TXN-20240116-0002898,WALL-0072171,MERCH-00302,PM-04,DEV-02,2024-01-16 14:15:01,151.88,3.0377,12.1507,30,Success,Purchase,Kandy,LKR,False
TXN-20240116-0002899,WALL-0070540,MERCH-00041,PM-05,DEV-01,2024-01-16 14:40:09,23.5,0.0,0.4699,2,Success,Purchase,Pune,INR,False
TXN-20240116-0002900,WALL-0031444,MERCH-00194,PM-01,DEV-04,2024-01-16 10:24:43,5.0,0.0,0.0,0,Success,Purchase,Kuala Lumpur,MYR,False
TXN-20240116-0002901,WALL-0015561,MERCH-00050,PM-03,DEV-02,2024-01-16 18:49:16,46.79,0.3743,0.9357,4,Success,Purchase,Bangalore,INR,False
TXN-20240116-0002902,WALL-0095663,MERCH-00360,PM-03,DEV-02,2024-01-16 23:26:45,33.06,0.2645,0.0,3,Success,Bill Payment,Yangon,MMK,False
TXN-20240116-0002903,WALL-0099707,MERCH-00211,PM-03,DEV-01,2024-01-16 20:37:40,14.27,0.1142,0.0,1,Success,Purchase,Pathein,MMK,False
TXN-20240116-0002904,WALL-0091166,MERCH-00154,PM-01,DEV-03,2024-01-16 14:28:49,127.22,0.0,6.3609,12,Success,Purchase,Yangon,MMK,False
TXN-20240116-0002905,WALL-0071277,MERCH-00181,PM-03,DEV-01,2024-01-16 17:04:57,217.37,1.7389,10.8684,21,Success,Purchase,Pathein,MMK,False
TXN-20240116-0002906,WALL-0051277,MERCH-00211,PM-04,DEV-01,2024-01-16 10:08:58,10.25,0.205,0.0,1,Success,Purchase,Bago,MMK,False
TXN-20240116-0002907,WALL-0118699,MERCH-00488,PM-04,DEV-01,2024-01-16 19:05:26,216.94,4.3388,0.0,21,Success,Payment,Taunggyi,MMK,False
TXN-20240116-0002908,WALL-0142849,MERCH-00396,PM-04,DEV-01,2024-01-16 12:36:36,42.21,0.8442,0.0,4,Success,Purchase,Pune,INR,False
TXN-20240116-0002909,WALL-0054930,MERCH-00152,PM-01,DEV-05,2024-01-16 15:35:04,91.98,0.0,4.5992,9,Success,Purchase,Taunggyi,MMK,False
TXN-20240116-0002910,WALL-0086952,MERCH-00375,PM-03,DEV-01,2024-01-16 01:26:00,28.0,0.224,0.0,2,Success,Purchase,Khon Kaen,THB,False
TXN-20240116-0002911,WALL-0090370,MERCH-00230,PM-04,DEV-01,2024-01-16 14:21:49,7.29,0.1459,0.0,0,Success,Purchase,Naypyidaw,MMK,False
TXN-20240116-0002912,WALL-0062435,MERCH-00390,PM-05,DEV-01,2024-01-16 20:14:05,36.88,0.0,0.0,3,Success,Purchase,Penang,MYR,False
TXN-20240116-0002913,WALL-0052273,MERCH-00015,PM-01,DEV-03,2024-01-16 08:26:51,13.99,0.0,0.2799,1,Success,Purchase,Yangon,MMK,False
TXN-20240116-0002914,WALL-0039993,MERCH-00153,PM-03,DEV-01,2024-01-16 19:23:35,79.67,0.6374,3.9836,7,Success,Purchase,Davao,PHP,False
TXN-20240116-0002915,WALL-0130048,MERCH-00436,PM-02,DEV-01,2024-01-16 16:16:02,664.51,1.329,0.0,66,Success,Tax Payment,Pathein,MMK,False
TXN-20240116-0002916,WALL-0026764,MERCH-00036,PM-01,DEV-01,2024-01-16 20:32:51,24.29,0.0,0.4858,2,Success,Purchase,Dhaka,INR,False
TXN-20240116-0002917,WALL-0063749,MERCH-00241,PM-01,DEV-01,2024-01-16 19:11:03,12.17,0.0,0.0,1,Success,Subscription,Myitkyina,MMK,False
TXN-20240116-0002918,WALL-0149938,MERCH-00426,PM-04,DEV-01,2024-01-16 17:43:28,28.74,0.5747,0.0,2,Success,Payment,Naypyidaw,MMK,False
TXN-20240116-0002919,WALL-0053758,MERCH-00319,PM-03,DEV-01,2024-01-16 21:41:08,167.5,1.34,0.0,16,Success,Bill Payment,Yangon,MMK,False
TXN-20240116-0002920,WALL-0082570,MERCH-00147,PM-02,DEV-03,2024-01-16 15:22:36,119.38,0.2388,5.9691,11,Success,Purchase,Hanoi,KHR,False
TXN-20240116-0002921,WALL-0090371,MERCH-00312,PM-02,DEV-01,2024-01-16 21:12:01,32.63,0.0653,0.0,3,Success,Bill Payment,Johor Bahru,MYR,False
TXN-20240116-0002922,WALL-0074482,MERCH-00103,PM-01,DEV-01,2024-01-16 16:06:22,53.34,0.0,0.0,5,Success,Purchase,Quezon City,PHP,False
TXN-20240116-0002923,WALL-0119121,MERCH-00095,PM-01,DEV-01,2024-01-16 07:24:00,35.34,0.0,0.0,3,Success,Purchase,Dhaka,BDT,False
TXN-20240116-0002924,WALL-0045863,MERCH-00079,PM-03,DEV-01,2024-01-16 15:00:14,15.65,0.1252,0.3129,1,Success,Purchase,Pathein,MMK,False
TXN-20240116-0002925,WALL-0097435,MERCH-00319,PM-02,DEV-02,2024-01-16 18:55:42,51.93,0.1039,0.0,5,Success,Bill Payment,Siem Reap,KHR,False
TXN-20240116-0002926,WALL-0117230,MERCH-00245,PM-02,DEV-01,2024-01-16 10:34:57,11.5,0.023,0.0,1,Success,Subscription,Karachi,PKR,False
TXN-20240116-0002927,WALL-0017476,MERCH-00207,PM-04,DEV-03,2024-01-16 16:20:45,15.77,0.3155,0.0,1,Success,Purchase,Lahore,SGD,False
TXN-20240116-0002928,WALL-0005362,MERCH-00399,PM-04,DEV-01,2024-01-16 13:52:04,104.6,2.092,0.0,10,Success,Purchase,Bandung,IDR,False
TXN-20240116-0002929,WALL-0121547,MERCH-00030,PM-01,DEV-03,2024-01-16 18:38:29,29.46,0.0,0.5892,2,Success,Purchase,Da Nang,VND,False
TXN-20240116-0002930,WALL-0144868,MERCH-00465,PM-05,DEV-01,2024-01-16 11:14:59,374.32,0.0,0.0,37,Success,Payment,Bandung,IDR,False
TXN-20240116-0002931,WALL-0131697,MERCH-00202,PM-03,DEV-04,2024-01-16 03:29:11,13.82,0.1105,0.0,1,Success,Purchase,Yangon,MMK,False
TXN-20240116-0002932,WALL-0122274,MERCH-00236,PM-05,DEV-01,2024-01-16 09:50:13,14.18,0.0,0.0,1,Success,Subscription,Chiang Mai,THB,False
TXN-20240116-0002933,WALL-0099079,MERCH-00362,PM-01,DEV-04,2024-01-16 12:47:55,77.16,0.0,0.0,7,Success,Bill Payment,Quezon City,PHP,False
TXN-20240116-0002934,WALL-0118368,MERCH-00417,PM-02,DEV-03,2024-01-16 04:34:23,68.21,0.1364,0.0,0,Failed,Payment,Bago,MMK,False
TXN-20240116-0002935,WALL-0065582,MERCH-00187,PM-01,DEV-02,2024-01-16 21:51:05,115.13,0.0,5.7565,11,Success,Purchase,Mawlamyine,MMK,False
TXN-20240116-0002936,WALL-0017692,MERCH-00356,PM-03,DEV-03,2024-01-16 01:16:47,89.44,0.7155,0.0,8,Success,Bill Payment,Mandalay,MMK,False
TXN-20240116-0002937,WALL-0059648,MERCH-00021,PM-03,DEV-01,2024-01-16 19:35:53,40.17,0.3214,0.8035,4,Success,Purchase,Hyderabad,THB,True
TXN-20240116-0002938,WALL-0039521,MERCH-00369,PM-02,DEV-02,2024-01-16 19:40:48,61.27,0.1225,0.0,6,Success,Bill Payment,Bangkok,THB,False
TXN-20240116-0002939,WALL-0144866,MERCH-00386,PM-01,DEV-03,2024-01-16 19:54:12,31.71,0.0,0.0,3,Success,Purchase,Pathein,MMK,False
TXN-20240116-0002940,WALL-0034645,MERCH-00017,PM-04,DEV-02,2024-01-16 02:55:01,15.98,0.3196,0.3196,1,Success,Purchase,Lahore,LKR,False
TXN-20240116-0002941,WALL-0047339,MERCH-00060,PM-01,DEV-02,2024-01-16 20:26:19,29.31,0.0,0.5861,2,Success,Purchase,Chennai,INR,False
TXN-20240116-0002942,WALL-0102485,MERCH-00178,PM-01,DEV-01,2024-01-16 16:02:35,104.44,0.0,5.2222,10,Success,Purchase,Naypyidaw,MMK,False
TXN-20240116-0002943,WALL-0118050,MERCH-00183,PM-03,DEV-01,2024-01-16 18:18:41,40.29,0.3223,2.0143,4,Success,Purchase,Mawlamyine,MMK,False
TXN-20240116-0002944,WALL-0079998,MERCH-00320,PM-03,DEV-02,2024-01-16 15:28:36,59.93,0.4795,0.0,5,Success,Bill Payment,Johor Bahru,MYR,False
TXN-20240116-0002945,WALL-0003758,MERCH-00374,PM-02,DEV-05,2024-01-16 19:42:34,52.02,0.104,0.0,5,Success,Purchase,Islamabad,PKR,False
TXN-20240116-0002946,WALL-0102373,MERCH-00193,PM-02,DEV-03,2024-01-16 00:09:01,20.02,0.04,0.0,2,Success,Purchase,Da Nang,VND,False
TXN-20240116-0002947,WALL-0148367,MERCH-00290,PM-01,DEV-03,2024-01-16 20:09:51,119.96,0.0,9.5965,23,Success,Purchase,Bangalore,INR,False
TXN-20240116-0002948,WALL-0086858,MERCH-00058,PM-01,DEV-01,2024-01-16 13:07:39,21.99,0.0,0.4398,2,Success,Purchase,Penang,MYR,False
TXN-20240116-0002949,WALL-0024067,MERCH-00383,PM-04,DEV-05,2024-01-16 10:51:45,24.35,0.4869,0.0,2,Success,Purchase,Yangon,MMK,False
TXN-20240116-0002950,WALL-0041400,MERCH-00080,PM-01,DEV-01,2024-01-16 21:00:38,24.51,0.0,0.0,0,Failed,Purchase,Manila,PHP,False
TXN-20240116-0002951,WALL-0147709,MERCH-00068,PM-01,DEV-02,2024-01-16 06:10:10,17.92,0.0,0.0,0,Failed,Purchase,Bangkok,MYR,False
TXN-20240116-0002952,WALL-0051843,MERCH-00056,PM-03,DEV-02,2024-01-16 18:09:07,16.78,0.1342,0.3355,1,Success,Purchase,Chennai,INR,False
TXN-20240116-0002953,WALL-0025342,MERCH-00176,PM-02,DEV-01,2024-01-16 12:22:26,20.0,0.04,1.0,2,Success,Purchase,Hanoi,VND,False
TXN-20240116-0002954,WALL-0048511,MERCH-00169,PM-01,DEV-01,2024-01-16 14:24:35,124.17,0.0,6.2083,12,Success,Purchase,Myitkyina,MMK,False
TXN-20240116-0002955,WALL-0035411,MERCH-00462,PM-04,DEV-01,2024-01-16 12:52:11,191.24,3.8249,0.0,19,Success,Payment,Myitkyina,MMK,False
TXN-20240116-0002956,WALL-0050541,MERCH-00225,PM-04,DEV-01,2024-01-16 23:42:46,5.0,0.1,0.0,0,Success,Purchase,Ahmedabad,MMK,False
TXN-20240116-0002957,WALL-0054717,MERCH-00358,PM-01,DEV-03,2024-01-16 08:17:52,31.46,0.0,0.0,3,Success,Bill Payment,Surabaya,IDR,False
TXN-20240116-0002958,WALL-0024454,MERCH-00207,PM-03,DEV-01,2024-01-16 13:47:00,9.26,0.0741,0.0,0,Success,Purchase,Chennai,INR,False
TXN-20240116-0002959,WALL-0091949,MERCH-00064,PM-01,DEV-02,2024-01-16 17:16:31,70.76,0.0,1.4152,7,Success,Purchase,Bago,MMK,False
TXN-20240116-0002960,WALL-0069652,MERCH-00299,PM-02,DEV-03,2024-01-16 16:39:42,3195.09,6.3902,255.6074,639,Success,Purchase,Bangalore,INR,False
TXN-20240116-0002961,WALL-0073774,MERCH-00033,PM-03,DEV-01,2024-01-16 14:58:11,11.75,0.094,0.2349,1,Success,Purchase,Kolkata,INR,False
TXN-20240116-0002962,WALL-0000237,MERCH-00118,PM-05,DEV-01,2024-01-16 09:31:41,85.61,0.0,0.0,8,Success,Purchase,Pathein,MMK,False
TXN-20240116-0002963,WALL-0058503,MERCH-00224,PM-01,DEV-03,2024-01-16 15:26:39,11.03,0.0,0.0,1,Success,Purchase,Chittagong,BDT,False
TXN-20240116-0002964,WALL-0036840,MERCH-00364,PM-02,DEV-02,2024-01-16 00:28:31,57.25,0.1145,0.0,5,Success,Bill Payment,Kuala Lumpur,MYR,False
TXN-20240116-0002965,WALL-0041135,MERCH-00295,PM-01,DEV-01,2024-01-16 10:56:06,481.68,0.0,38.5346,96,Success,Purchase,Hanoi,VND,False
TXN-20240116-0002966,WALL-0095215,MERCH-00213,PM-02,DEV-04,2024-01-16 14:23:04,11.63,0.0233,0.0,1,Success,Purchase,Medan,IDR,False
TXN-20240116-0002967,WALL-0009443,MERCH-00360,PM-01,DEV-03,2024-01-16 08:21:42,41.52,0.0,0.0,4,Success,Bill Payment,Da Nang,IDR,False
TXN-20240116-0002968,WALL-0138098,MERCH-00289,PM-04,DEV-05,2024-01-16 09:36:45,1676.7,33.5339,134.1357,335,Success,Purchase,Pathein,MMK,False
TXN-20240116-0002969,WALL-0063862,MERCH-00428,PM-01,DEV-01,2024-01-16 12:24:20,246.51,0.0,0.0,24,Success,Payment,Yangon,KHR,False
TXN-20240116-0002970,WALL-0040605,MERCH-00229,PM-02,DEV-01,2024-01-16 20:47:06,21.13,0.0423,0.0,2,Success,Purchase,Lahore,PKR,False
TXN-20240116-0002971,WALL-0144214,MERCH-00193,PM-03,DEV-05,2024-01-16 19:03:07,9.95,0.0796,0.0,0,Success,Purchase,Mandalay,MMK,False
TXN-20240116-0002972,WALL-0013428,MERCH-00185,PM-04,DEV-03,2024-01-16 19:10:28,124.14,2.4829,0.0,0,Pending,Purchase,Naypyidaw,MMK,False
TXN-20240116-0002973,WALL-0133560,MERCH-00177,PM-01,DEV-05,2024-01-16 21:38:54,42.39,0.0,2.1193,4,Success,Purchase,Mandalay,MMK,False
TXN-20240116-0002974,WALL-0029845,MERCH-00092,PM-02,DEV-04,2024-01-16 19:29:58,65.87,0.1317,0.0,6,Success,Purchase,Medan,IDR,False
TXN-20240116-0002975,WALL-0079661,MERCH-00096,PM-01,DEV-01,2024-01-16 14:34:32,26.97,0.0,0.0,2,Success,Purchase,Bago,MMK,False
TXN-20240116-0002976,WALL-0020881,MERCH-00327,PM-03,DEV-04,2024-01-16 00:35:32,55.94,0.4475,0.0,5,Success,Bill Payment,Bago,MMK,False
TXN-20240116-0002977,WALL-0029625,MERCH-00096,PM-01,DEV-02,2024-01-16 19:07:27,83.91,0.0,0.0,8,Success,Purchase,Yangon,MMK,False
TXN-20240116-0002978,WALL-0101755,MERCH-00477,PM-03,DEV-01,2024-01-16 19:45:45,200.17,1.6013,0.0,20,Success,Payment,Davao,PHP,False
TXN-20240116-0002979,WALL-0104473,MERCH-00143,PM-04,DEV-01,2024-01-16 14:50:15,20.0,0.4,1.0,2,Success,Purchase,Jakarta,IDR,False
TXN-20240116-0002980,WALL-0102941,MERCH-00034,PM-01,DEV-01,2024-01-16 20:55:17,28.96,0.0,0.5793,2,Success,Purchase,Bago,MMK,False
TXN-20240116-0002981,WALL-0110134,MERCH-00392,PM-04,DEV-01,2024-01-16 18:36:11,81.18,1.6237,0.0,8,Success,Purchase,Chittagong,BDT,False
TXN-20240116-0002982,WALL-0121868,MERCH-00151,PM-02,DEV-02,2024-01-16 05:11:11,57.15,0.1143,2.8575,5,Success,Purchase,Taunggyi,MMK,False
TXN-20240116-0002983,WALL-0113098,MERCH-00211,PM-01,DEV-01,2024-01-16 10:10:25,7.3,0.0,0.0,0,Success,Purchase,Lahore,PKR,False
TXN-20240116-0002984,WALL-0001176,MERCH-00112,PM-01,DEV-01,2024-01-16 09:40:33,36.59,0.0,0.0,3,Success,Purchase,Islamabad,PKR,False
TXN-20240116-0002985,WALL-0139917,MERCH-00121,PM-01,DEV-03,2024-01-16 06:30:25,147.24,0.0,0.0,14,Success,Purchase,Naypyidaw,MMK,False
TXN-20240116-0002986,WALL-0029696,MERCH-00154,PM-01,DEV-01,2024-01-16 14:35:45,48.03,0.0,2.4015,4,Success,Purchase,Bandung,PKR,False
TXN-20240116-0002987,WALL-0064471,MERCH-00167,PM-01,DEV-04,2024-01-16 20:37:39,31.92,0.0,1.5959,3,Success,Purchase,Taunggyi,MMK,False
TXN-20240116-0002988,WALL-0082009,MERCH-00445,PM-04,DEV-05,2024-01-16 07:31:37,116.18,2.3237,0.0,11,Success,Tax Payment,Jakarta,NPR,False
TXN-20240116-0002989,WALL-0011071,MERCH-00021,PM-04,DEV-01,2024-01-16 12:28:39,27.13,0.5425,0.5425,2,Success,Purchase,Yangon,MMK,False
TXN-20240116-0002990,WALL-0100269,MERCH-00447,PM-02,DEV-05,2024-01-16 14:12:39,2738.57,5.4771,0.0,273,Success,Tax Payment,Cebu City,MMK,False
TXN-20240116-0002991,WALL-0078435,MERCH-00342,PM-01,DEV-05,2024-01-16 21:20:48,49.03,0.0,0.0,4,Success,Bill Payment,Ahmedabad,MYR,False
TXN-20240116-0002992,WALL-0079414,MERCH-00059,PM-04,DEV-05,2024-01-16 12:07:10,10.29,0.2059,0.2059,1,Success,Purchase,Phnom Penh,KHR,False
TXN-20240116-0002993,WALL-0103429,MERCH-00017,PM-01,DEV-02,2024-01-16 12:22:58,12.58,0.0,0.2516,1,Success,Purchase,Johor Bahru,MYR,False
TXN-20240116-0002994,WALL-0027394,MERCH-00181,PM-03,DEV-03,2024-01-16 17:28:01,226.46,1.8117,11.323,22,Success,Purchase,Pathein,MMK,False
TXN-20240116-0002995,WALL-0089002,MERCH-00252,PM-04,DEV-02,2024-01-16 19:00:52,34.91,0.6982,0.0,3,Success,Subscription,Bago,MMK,False
TXN-20240116-0002996,WALL-0091479,MERCH-00171,PM-01,DEV-02,2024-01-16 09:46:50,1492.65,0.0,74.6327,149,Success,Purchase,Bandung,IDR,False
TXN-20240116-0002997,WALL-0016850,MERCH-00117,PM-01,DEV-03,2024-01-16 13:49:38,26.79,0.0,0.0,2,Success,Purchase,Chittagong,BDT,False
TXN-20240116-0002998,WALL-0045380,MERCH-00106,PM-01,DEV-01,2024-01-16 08:27:19,110.11,0.0,0.0,11,Success,Purchase,Taunggyi,MMK,False
TXN-20240116-0002999,WALL-0120807,MERCH-00093,PM-02,DEV-01,2024-01-16 21:26:15,44.82,0.0896,0.0,4,Success,Purchase,Hyderabad,INR,False
TXN-20240116-0003000,WALL-0104024,MERCH-00125,PM-04,DEV-05,2024-01-16 07:42:54,65.7,1.314,0.0,6,Success,Purchase,Kandy,LKR,False
TXN-20240116-0003001,WALL-0035704,MERCH-00096,PM-01,DEV-03,2024-01-16 18:42:13,60.38,0.0,0.0,6,Success,Purchase,Chittagong,MMK,False
TXN-20240116-0003002,WALL-0027942,MERCH-00034,PM-01,DEV-02,2024-01-16 15:08:38,17.72,0.0,0.3545,1,Success,Purchase,Phnom Penh,KHR,False
TXN-20240116-0003003,WALL-0058843,MERCH-00401,PM-04,DEV-03,2024-01-16 15:28:17,157.68,3.1536,0.0,15,Success,Payment,Bandung,IDR,False
TXN-20240116-0003004,WALL-0011265,MERCH-00442,PM-01,DEV-02,2024-01-16 15:50:38,470.58,0.0,0.0,47,Success,Tax Payment,Mawlamyine,MMK,False
TXN-20240116-0003005,WALL-0137228,MERCH-00042,PM-01,DEV-02,2024-01-16 13:13:32,21.12,0.0,0.4224,2,Success,Purchase,Yangon,MMK,False
TXN-20240116-0003006,WALL-0088014,MERCH-00023,PM-01,DEV-01,2024-01-16 23:40:23,40.27,0.0,0.8054,4,Success,Purchase,Quezon City,PHP,False
TXN-20240116-0003007,WALL-0054056,MERCH-00183,PM-01,DEV-02,2024-01-16 19:27:06,37.22,0.0,1.8609,3,Success,Purchase,Chennai,INR,False
TXN-20240116-0003008,WALL-0090470,MERCH-00007,PM-03,DEV-01,2024-01-16 21:03:02,12.1,0.0968,0.2419,1,Success,Purchase,Taunggyi,MMK,False
TXN-20240116-0003009,WALL-0148949,MERCH-00064,PM-05,DEV-01,2024-01-16 18:01:07,26.08,0.0,0.5216,2,Success,Purchase,Singapore,SGD,False
TXN-20240116-0003010,WALL-0045639,MERCH-00450,PM-02,DEV-01,2024-01-16 18:08:00,108.59,0.2172,0.0,10,Success,Tax Payment,Phuket,THB,False
TXN-20240116-0003011,WALL-0069386,MERCH-00068,PM-04,DEV-01,2024-01-16 06:14:18,12.99,0.2598,0.2598,1,Success,Purchase,Davao,PHP,False
TXN-20240116-0003012,WALL-0069224,MERCH-00218,PM-01,DEV-02,2024-01-16 20:06:30,18.96,0.0,0.0,1,Success,Purchase,Taunggyi,MMK,False
TXN-20240116-0003013,WALL-0018014,MERCH-00142,PM-04,DEV-01,2024-01-16 18:43:08,59.3,1.1861,2.9652,5,Success,Purchase,Chiang Mai,THB,False
TXN-20240116-0003014,WALL-0091664,MERCH-00362,PM-01,DEV-01,2024-01-16 09:28:08,14.25,0.0,0.0,1,Success,Bill Payment,Colombo,LKR,False
TXN-20240116-0003015,WALL-0031518,MERCH-00377,PM-01,DEV-01,2024-01-16 09:09:25,102.75,0.0,0.0,10,Success,Purchase,Ahmedabad,INR,False
TXN-20240116-0003016,WALL-0062437,MERCH-00004,PM-01,DEV-01,2024-01-16 18:43:05,7.48,0.0,0.1497,0,Success,Purchase,Taunggyi,MMK,False
TXN-20240116-0003017,WALL-0110018,MERCH-00159,PM-04,DEV-02,2024-01-16 10:01:06,35.87,0.7175,1.7937,3,Success,Purchase,Bago,MMK,False
TXN-20240116-0003018,WALL-0123846,MERCH-00012,PM-04,DEV-01,2024-01-16 10:01:55,53.91,1.0782,1.0782,5,Success,Purchase,Myitkyina,MMK,False
TXN-20240116-0003019,WALL-0146914,MERCH-00124,PM-04,DEV-02,2024-01-16 13:55:27,96.11,1.9223,0.0,9,Success,Purchase,Yangon,MMK,False
TXN-20240116-0003020,WALL-0098040,MERCH-00213,PM-04,DEV-02,2024-01-16 08:31:30,18.56,0.3712,0.0,1,Success,Purchase,Bago,MMK,False
TXN-20240116-0003021,WALL-0041816,MERCH-00374,PM-01,DEV-01,2024-01-16 15:54:40,64.14,0.0,0.0,6,Success,Purchase,Phuket,IDR,True
TXN-20240116-0003022,WALL-0057698,MERCH-00173,PM-03,DEV-02,2024-01-16 23:39:01,696.02,5.5682,34.801,69,Success,Purchase,Myitkyina,MMK,False
TXN-20240116-0003023,WALL-0101974,MERCH-00029,PM-05,DEV-01,2024-01-16 14:26:45,22.0,0.0,0.44,2,Success,Purchase,Bago,MMK,False
TXN-20240116-0003024,WALL-0145412,MERCH-00383,PM-02,DEV-03,2024-01-16 16:11:43,62.9,0.1258,0.0,6,Success,Purchase,Pathein,MMK,False
TXN-20240116-0003025,WALL-0031363,MERCH-00373,PM-04,DEV-02,2024-01-16 14:53:43,120.0,2.4,0.0,12,Success,Purchase,Chittagong,BDT,False
TXN-20240116-0003026,WALL-0109899,MERCH-00257,PM-01,DEV-03,2024-01-16 21:31:23,5.41,0.0,0.0,0,Success,Subscription,Ho Chi Minh City,VND,False
TXN-20240116-0003027,WALL-0049195,MERCH-00054,PM-01,DEV-01,2024-01-16 18:06:42,16.49,0.0,0.3299,1,Success,Purchase,Naypyidaw,MMK,False
TXN-20240116-0003028,WALL-0068928,MERCH-00025,PM-01,DEV-02,2024-01-16 17:28:23,10.11,0.0,0.2023,1,Success,Purchase,Lahore,PKR,False
TXN-20240116-0003029,WALL-0086171,MERCH-00214,PM-02,DEV-01,2024-01-16 15:44:58,5.99,0.012,0.0,0,Success,Purchase,Taunggyi,MMK,False
TXN-20240116-0003030,WALL-0132062,MERCH-00362,PM-01,DEV-04,2024-01-16 19:02:50,24.02,0.0,0.0,2,Success,Bill Payment,Yangon,MMK,False
TXN-20240116-0003031,WALL-0132499,MERCH-00491,PM-03,DEV-01,2024-01-16 21:51:39,76.04,0.6083,0.0,7,Success,Payment,Myitkyina,MMK,False
TXN-20240116-0003032,WALL-0071384,MERCH-00274,PM-03,DEV-03,2024-01-16 19:48:51,196.01,1.5681,15.6805,39,Success,Purchase,Chittagong,BDT,False
TXN-20240116-0003033,WALL-0104258,MERCH-00288,PM-02,DEV-01,2024-01-16 14:28:07,558.53,1.1171,44.6824,111,Success,Purchase,Chennai,INR,False
TXN-20240116-0003034,WALL-0097890,MERCH-00027,PM-01,DEV-02,2024-01-16 14:41:36,28.34,0.0,0.5668,2,Success,Purchase,Manila,PHP,False
TXN-20240116-0003035,WALL-0033140,MERCH-00001,PM-01,DEV-05,2024-01-16 18:26:42,58.34,0.0,1.1668,5,Success,Purchase,Phuket,THB,False
TXN-20240116-0003036,WALL-0051901,MERCH-00246,PM-01,DEV-01,2024-01-16 16:22:09,8.29,0.0,0.0,0,Success,Subscription,Siem Reap,MMK,False
TXN-20240116-0003037,WALL-0078980,MERCH-00297,PM-02,DEV-01,2024-01-16 15:36:13,295.82,0.5916,23.6658,59,Success,Purchase,Karachi,PKR,False
TXN-20240116-0003038,WALL-0075462,MERCH-00420,PM-03,DEV-01,2024-01-16 19:25:07,54.39,0.4351,0.0,5,Success,Payment,Bali,IDR,False
TXN-20240116-0003039,WALL-0022615,MERCH-00303,PM-01,DEV-03,2024-01-16 13:39:25,233.03,0.0,18.6425,46,Success,Purchase,Naypyidaw,MMK,False
TXN-20240116-0003040,WALL-0101812,MERCH-00196,PM-01,DEV-02,2024-01-16 23:06:01,7.63,0.0,0.0,0,Success,Purchase,Davao,PHP,False
TXN-20240116-0003041,WALL-0069001,MERCH-00048,PM-02,DEV-01,2024-01-16 20:07:17,16.66,0.0333,0.3332,1,Success,Purchase,Mandalay,MMK,False
TXN-20240116-0003042,WALL-0013239,MERCH-00116,PM-04,DEV-03,2024-01-16 13:16:40,14.94,0.2989,0.0,1,Success,Purchase,Delhi,INR,False
TXN-20240116-0003043,WALL-0109093,MERCH-00134,PM-01,DEV-01,2024-01-16 04:45:06,376.66,0.0,18.8331,37,Success,Purchase,Davao,PHP,False
TXN-20240116-0003044,WALL-0075064,MERCH-00009,PM-04,DEV-03,2024-01-16 16:24:18,28.1,0.562,0.0,0,Reversed,Purchase,Phnom Penh,KHR,False
TXN-20240116-0003045,WALL-0073778,MERCH-00004,PM-01,DEV-02,2024-01-16 13:52:11,7.23,0.0,0.1446,0,Success,Purchase,Manila,PHP,False
TXN-20240116-0003046,WALL-0114188,MERCH-00034,PM-01,DEV-02,2024-01-16 15:44:35,17.03,0.0,0.3406,1,Success,Purchase,Mawlamyine,MMK,False
TXN-20240116-0003047,WALL-0045787,MERCH-00324,PM-01,DEV-02,2024-01-16 12:54:46,260.04,0.0,0.0,26,Success,Bill Payment,Pokhara,MMK,False
TXN-20240116-0003048,WALL-0126715,MERCH-00469,PM-01,DEV-01,2024-01-16 10:13:52,339.42,0.0,0.0,33,Success,Payment,Johor Bahru,MYR,False
TXN-20240116-0003049,WALL-0108131,MERCH-00016,PM-01,DEV-01,2024-01-16 11:27:41,47.45,0.0,0.9489,4,Success,Purchase,Johor Bahru,MYR,False
TXN-20240116-0003050,WALL-0142454,MERCH-00286,PM-04,DEV-01,2024-01-16 04:20:53,100.0,2.0,8.0,20,Success,Purchase,Lahore,SGD,False
TXN-20240116-0003051,WALL-0149419,MERCH-00211,PM-01,DEV-05,2024-01-16 21:38:53,5.47,0.0,0.0,0,Success,Purchase,Pathein,MMK,False
TXN-20240116-0003052,WALL-0137062,MERCH-00324,PM-03,DEV-01,2024-01-16 14:55:50,67.52,0.5402,0.0,6,Success,Bill Payment,Kuala Lumpur,MYR,False
TXN-20240116-0003053,WALL-0029615,MERCH-00069,PM-05,DEV-01,2024-01-16 13:20:18,5.0,0.0,0.1,0,Success,Purchase,Khon Kaen,THB,False
TXN-20240116-0003054,WALL-0009770,MERCH-00346,PM-02,DEV-02,2024-01-16 12:49:01,28.13,0.0563,0.0,2,Success,Bill Payment,Bali,IDR,False
TXN-20240116-0003055,WALL-0121316,MERCH-00046,PM-01,DEV-01,2024-01-16 16:12:56,15.28,0.0,0.3056,1,Success,Purchase,Pokhara,THB,False
TXN-20240116-0003056,WALL-0065431,MERCH-00031,PM-01,DEV-01,2024-01-16 14:59:21,31.18,0.0,0.6236,3,Success,Purchase,Yangon,MMK,False
TXN-20240116-0003057,WALL-0093262,MERCH-00429,PM-04,DEV-01,2024-01-16 01:47:05,83.61,1.6723,0.0,0,Failed,Payment,Pathein,MMK,False
TXN-20240116-0003058,WALL-0065362,MERCH-00053,PM-02,DEV-01,2024-01-16 19:11:09,22.91,0.0458,0.4581,2,Success,Purchase,Pathein,MMK,False
TXN-20240116-0003059,WALL-0039644,MERCH-00059,PM-02,DEV-01,2024-01-16 18:18:33,18.79,0.0376,0.0,0,Failed,Purchase,Manila,PHP,False
TXN-20240116-0003060,WALL-0107117,MERCH-00354,PM-04,DEV-01,2024-01-16 14:54:50,70.52,1.4105,0.0,7,Success,Bill Payment,Jaipur,INR,False
TXN-20240116-0003061,WALL-0106261,MERCH-00093,PM-03,DEV-01,2024-01-16 08:06:44,48.69,0.3895,0.0,4,Success,Purchase,Mawlamyine,MMK,False
TXN-20240116-0003062,WALL-0048179,MERCH-00347,PM-04,DEV-01,2024-01-16 00:10:36,65.38,1.3077,0.0,6,Success,Bill Payment,Bago,MMK,False
TXN-20240116-0003063,WALL-0014007,MERCH-00183,PM-01,DEV-03,2024-01-16 21:16:40,121.59,0.0,6.0795,12,Success,Purchase,Ahmedabad,INR,False
TXN-20240116-0003064,WALL-0125921,MERCH-00124,PM-01,DEV-01,2024-01-16 16:43:46,84.38,0.0,0.0,8,Success,Purchase,Myitkyina,MMK,False
TXN-20240116-0003065,WALL-0039815,MERCH-00405,PM-01,DEV-01,2024-01-16 19:18:21,79.32,0.0,0.0,7,Success,Payment,Myitkyina,MMK,False
TXN-20240116-0003066,WALL-0034217,MERCH-00072,PM-02,DEV-02,2024-01-16 11:14:19,31.27,0.0625,0.6254,3,Success,Purchase,Bago,MMK,False
TXN-20240116-0003067,WALL-0040189,MERCH-00077,PM-05,DEV-03,2024-01-16 18:25:19,13.47,0.0,0.2694,1,Success,Purchase,Naypyidaw,MMK,False
TXN-20240116-0003068,WALL-0067024,MERCH-00479,PM-01,DEV-03,2024-01-16 16:09:23,295.7,0.0,0.0,29,Success,Payment,Bago,MMK,False
TXN-20240116-0003069,WALL-0023141,MERCH-00131,PM-04,DEV-02,2024-01-16 17:44:13,177.85,3.557,8.8925,17,Success,Purchase,Naypyidaw,MMK,False
TXN-20240116-0003070,WALL-0006529,MERCH-00258,PM-01,DEV-02,2024-01-16 18:35:37,29.89,0.0,0.0,2,Success,Subscription,Delhi,INR,False
TXN-20240116-0003071,WALL-0046427,MERCH-00347,PM-01,DEV-03,2024-01-16 11:47:58,11.35,0.0,0.0,1,Success,Bill Payment,Da Nang,VND,False
TXN-20240116-0003072,WALL-0032145,MERCH-00080,PM-01,DEV-02,2024-01-16 09:15:28,18.55,0.0,0.371,1,Success,Purchase,Chiang Mai,THB,False
TXN-20240116-0003073,WALL-0097312,MERCH-00039,PM-01,DEV-04,2024-01-16 11:20:04,13.68,0.0,0.2735,1,Success,Purchase,Delhi,INR,False
TXN-20240116-0003074,WALL-0047880,MERCH-00343,PM-04,DEV-01,2024-01-16 19:11:38,30.6,0.612,0.0,3,Success,Bill Payment,Myitkyina,MMK,False
TXN-20240116-0003075,WALL-0089578,MERCH-00324,PM-02,DEV-05,2024-01-16 13:16:03,140.82,0.2816,0.0,14,Success,Bill Payment,Pathein,MMK,False
TXN-20240116-0003076,WALL-0138073,MERCH-00247,PM-01,DEV-02,2024-01-16 18:14:10,6.16,0.0,0.0,0,Success,Subscription,Siem Reap,MMK,False
TXN-20240116-0003077,WALL-0123673,MERCH-00218,PM-03,DEV-02,2024-01-16 09:44:55,8.61,0.0689,0.0,0,Success,Purchase,Myitkyina,MMK,False
TXN-20240116-0003078,WALL-0033745,MERCH-00476,PM-05,DEV-02,2024-01-16 17:06:00,94.12,0.0,0.0,9,Success,Payment,Mandalay,MMK,False
TXN-20240116-0003079,WALL-0069795,MERCH-00328,PM-03,DEV-01,2024-01-16 13:56:48,261.68,2.0934,0.0,26,Success,Bill Payment,Islamabad,PKR,False
TXN-20240116-0003080,WALL-0133473,MERCH-00169,PM-02,DEV-03,2024-01-16 13:56:10,149.24,0.2985,0.0,0,Failed,Purchase,Lahore,PKR,False
TXN-20240116-0003081,WALL-0007216,MERCH-00165,PM-03,DEV-03,2024-01-16 22:23:05,112.19,0.8975,5.6094,11,Success,Purchase,Taunggyi,INR,False
TXN-20240116-0003082,WALL-0061576,MERCH-00021,PM-01,DEV-03,2024-01-16 19:16:51,11.33,0.0,0.2266,1,Success,Purchase,Myitkyina,MMK,False
TXN-20240116-0003083,WALL-0114455,MERCH-00022,PM-02,DEV-01,2024-01-16 13:31:34,54.01,0.108,1.0803,5,Success,Purchase,Manila,PKR,False
TXN-20240116-0003084,WALL-0090482,MERCH-00087,PM-02,DEV-01,2024-01-16 18:37:07,31.85,0.0637,0.0,0,Reversed,Purchase,Kathmandu,NPR,False
TXN-20240116-0003085,WALL-0005815,MERCH-00222,PM-04,DEV-04,2024-01-16 06:14:07,11.02,0.2204,0.0,1,Success,Purchase,Siem Reap,KHR,False
TXN-20240116-0003086,WALL-0143243,MERCH-00303,PM-01,DEV-01,2024-01-16 11:23:21,108.55,0.0,8.6838,21,Success,Purchase,Kuala Lumpur,MYR,False
TXN-20240116-0003087,WALL-0038580,MERCH-00326,PM-01,DEV-01,2024-01-16 01:34:30,71.24,0.0,0.0,7,Success,Bill Payment,Bago,MMK,False
TXN-20240116-0003088,WALL-0028660,MERCH-00330,PM-01,DEV-03,2024-01-16 14:33:20,63.96,0.0,0.0,6,Success,Bill Payment,Manila,PHP,False
TXN-20240116-0003089,WALL-0029042,MERCH-00303,PM-02,DEV-01,2024-01-16 19:18:03,672.04,1.3441,53.7631,134,Success,Purchase,Pokhara,NPR,False
TXN-20240116-0003090,WALL-0073430,MERCH-00206,PM-01,DEV-01,2024-01-16 16:16:48,29.11,0.0,0.0,2,Success,Purchase,Siem Reap,KHR,False
TXN-20240116-0003091,WALL-0048375,MERCH-00297,PM-01,DEV-05,2024-01-16 08:14:51,307.64,0.0,0.0,0,Failed,Purchase,Jakarta,IDR,False
TXN-20240116-0003092,WALL-0006194,MERCH-00303,PM-01,DEV-01,2024-01-16 17:40:18,720.41,0.0,57.6327,144,Success,Purchase,Hanoi,VND,False
TXN-20240116-0003093,WALL-0002375,MERCH-00144,PM-02,DEV-03,2024-01-16 00:33:00,20.0,0.04,1.0,2,Success,Purchase,Surabaya,IDR,False
TXN-20240116-0003094,WALL-0085167,MERCH-00002,PM-02,DEV-01,2024-01-16 19:10:36,14.77,0.0295,0.2954,1,Success,Purchase,Yangon,MMK,False
TXN-20240116-0003095,WALL-0065310,MERCH-00165,PM-02,DEV-02,2024-01-16 14:59:04,643.72,1.2874,32.1858,64,Success,Purchase,Jaipur,INR,False
TXN-20240116-0003096,WALL-0029609,MERCH-00254,PM-04,DEV-01,2024-01-16 12:38:57,35.69,0.7138,0.0,3,Success,Subscription,Taunggyi,MMK,False
TXN-20240116-0003097,WALL-0138046,MERCH-00217,PM-01,DEV-02,2024-01-16 20:30:18,11.85,0.0,0.0,1,Success,Purchase,Ho Chi Minh City,INR,False
TXN-20240116-0003098,WALL-0002276,MERCH-00030,PM-02,DEV-01,2024-01-16 02:25:29,11.72,0.0234,0.2344,1,Success,Purchase,Manila,PHP,False
TXN-20240116-0003099,WALL-0028860,MERCH-00265,PM-05,DEV-01,2024-01-16 20:17:55,28.0,0.0,0.0,2,Success,Subscription,Mandalay,MMK,False
TXN-20240116-0003100,WALL-0117487,MERCH-00273,PM-01,DEV-01,2024-01-16 17:03:48,240.19,0.0,19.2153,48,Success,Purchase,Kandy,LKR,False
TXN-20240116-0003101,WALL-0110187,MERCH-00232,PM-03,DEV-01,2024-01-16 13:36:44,5.75,0.046,0.0,0,Success,Subscription,Kolkata,INR,False
TXN-20240116-0003102,WALL-0001880,MERCH-00318,PM-01,DEV-01,2024-01-16 11:13:42,78.35,0.0,0.0,7,Success,Bill Payment,Mumbai,INR,False
TXN-20240116-0003103,WALL-0071606,MERCH-00453,PM-02,DEV-01,2024-01-16 09:32:58,1812.81,3.6256,0.0,181,Success,Payment,Bago,MMK,False
TXN-20240116-0003104,WALL-0084305,MERCH-00063,PM-01,DEV-04,2024-01-16 10:46:01,56.51,0.0,1.1302,5,Success,Purchase,Mawlamyine,MMK,False
TXN-20240116-0003105,WALL-0099979,MERCH-00441,PM-02,DEV-01,2024-01-16 18:37:33,186.12,0.3722,0.0,18,Success,Tax Payment,Bangkok,THB,False
TXN-20240116-0003106,WALL-0059735,MERCH-00427,PM-01,DEV-02,2024-01-16 21:09:30,20.0,0.0,0.0,0,Reversed,Payment,Hyderabad,IDR,False
TXN-20240116-0003107,WALL-0094118,MERCH-00344,PM-01,DEV-03,2024-01-16 10:09:44,34.58,0.0,0.0,3,Success,Bill Payment,Karachi,PKR,False
TXN-20240116-0003108,WALL-0107434,MERCH-00172,PM-01,DEV-04,2024-01-16 13:40:35,80.95,0.0,4.0477,8,Success,Purchase,Naypyidaw,MMK,False
TXN-20240116-0003109,WALL-0140592,MERCH-00288,PM-01,DEV-02,2024-01-16 11:59:18,259.91,0.0,20.793,51,Success,Purchase,Phnom Penh,KHR,False
TXN-20240116-0003110,WALL-0017053,MERCH-00007,PM-04,DEV-03,2024-01-16 02:17:05,46.1,0.922,0.922,4,Success,Purchase,Pune,INR,False
TXN-20240116-0003111,WALL-0109161,MERCH-00386,PM-03,DEV-03,2024-01-16 03:25:21,84.0,0.672,0.0,8,Success,Purchase,Lahore,INR,False
TXN-20240116-0003112,WALL-0065862,MERCH-00364,PM-05,DEV-01,2024-01-16 07:15:48,36.11,0.0,0.0,3,Success,Bill Payment,Karachi,LKR,False
TXN-20240116-0003113,WALL-0038552,MERCH-00355,PM-02,DEV-03,2024-01-16 13:40:58,18.54,0.0371,0.0,1,Success,Bill Payment,Hanoi,VND,False
TXN-20240116-0003114,WALL-0044393,MERCH-00320,PM-04,DEV-01,2024-01-16 08:52:00,171.5,3.43,0.0,17,Success,Bill Payment,Chennai,INR,False
TXN-20240116-0003115,WALL-0027064,MERCH-00500,PM-01,DEV-01,2024-01-16 14:47:27,388.5,0.0,0.0,38,Success,Payment,Karachi,IDR,False
TXN-20240116-0003116,WALL-0083016,MERCH-00183,PM-01,DEV-01,2024-01-16 13:48:58,20.0,0.0,1.0,2,Success,Purchase,Pune,INR,False
TXN-20240116-0003117,WALL-0050948,MERCH-00350,PM-04,DEV-01,2024-01-16 12:17:54,70.0,1.4,0.0,7,Success,Bill Payment,Taunggyi,MMK,False
TXN-20240116-0003118,WALL-0002259,MERCH-00232,PM-03,DEV-02,2024-01-16 17:26:00,17.63,0.1411,0.0,1,Success,Subscription,Manila,IDR,False
TXN-20240116-0003119,WALL-0033627,MERCH-00154,PM-01,DEV-01,2024-01-16 04:21:11,306.05,0.0,15.3024,30,Success,Purchase,Manila,PHP,False
TXN-20240116-0003120,WALL-0014513,MERCH-00014,PM-01,DEV-01,2024-01-16 12:24:51,7.15,0.0,0.143,0,Success,Purchase,Khon Kaen,THB,False
TXN-20240116-0003121,WALL-0034451,MERCH-00351,PM-01,DEV-01,2024-01-16 21:07:14,23.67,0.0,0.0,2,Success,Bill Payment,Bangalore,INR,False
TXN-20240116-0003122,WALL-0012638,MERCH-00310,PM-02,DEV-01,2024-01-16 05:37:23,316.37,0.6327,25.3094,63,Success,Purchase,Bago,MMK,False
TXN-20240116-0003123,WALL-0132863,MERCH-00090,PM-05,DEV-03,2024-01-16 03:16:46,84.62,0.0,0.0,8,Success,Purchase,Chennai,INR,False
TXN-20240116-0003124,WALL-0121267,MERCH-00229,PM-03,DEV-01,2024-01-16 13:37:51,13.52,0.1082,0.0,1,Success,Purchase,Chiang Mai,THB,False
TXN-20240116-0003125,WALL-0031634,MERCH-00432,PM-01,DEV-01,2024-01-16 17:13:01,510.28,0.0,0.0,51,Success,Tax Payment,Pune,INR,False
TXN-20240116-0003126,WALL-0123873,MERCH-00305,PM-02,DEV-03,2024-01-16 16:42:58,543.56,1.0871,43.4849,108,Success,Purchase,Ho Chi Minh City,VND,False
TXN-20240116-0003127,WALL-0043116,MERCH-00079,PM-04,DEV-01,2024-01-16 13:40:05,15.01,0.3002,0.3002,1,Success,Purchase,Pathein,MMK,False
TXN-20240116-0003128,WALL-0025296,MERCH-00205,PM-04,DEV-03,2024-01-16 13:50:59,5.0,0.1,0.0,0,Success,Purchase,Khon Kaen,THB,False
TXN-20240116-0003129,WALL-0101509,MERCH-00048,PM-05,DEV-01,2024-01-16 16:08:59,7.48,0.0,0.1495,0,Success,Purchase,Bago,MMK,False
TXN-20240116-0003130,WALL-0017485,MERCH-00196,PM-03,DEV-01,2024-01-16 18:26:24,18.02,0.1442,0.0,1,Success,Purchase,Taunggyi,MMK,False
TXN-20240116-0003131,WALL-0104603,MERCH-00128,PM-01,DEV-01,2024-01-16 20:22:52,156.94,0.0,0.0,15,Success,Purchase,Jakarta,IDR,False
TXN-20240116-0003132,WALL-0070122,MERCH-00008,PM-05,DEV-03,2024-01-16 15:13:55,9.89,0.0,0.1977,0,Success,Purchase,Pathein,MMK,False
TXN-20240116-0003133,WALL-0085471,MERCH-00026,PM-02,DEV-01,2024-01-16 19:32:33,32.23,0.0645,0.6446,3,Success,Purchase,Bago,MMK,False
TXN-20240116-0003134,WALL-0026082,MERCH-00078,PM-01,DEV-01,2024-01-16 20:13:51,23.04,0.0,0.4608,2,Success,Purchase,Kuala Lumpur,MYR,False
TXN-20240116-0003135,WALL-0069026,MERCH-00048,PM-01,DEV-02,2024-01-16 11:49:09,20.31,0.0,0.4062,2,Success,Purchase,Jakarta,IDR,False
TXN-20240116-0003136,WALL-0039772,MERCH-00121,PM-01,DEV-01,2024-01-16 18:22:00,22.48,0.0,0.0,2,Success,Purchase,Phuket,THB,False
TXN-20240116-0003137,WALL-0137401,MERCH-00198,PM-01,DEV-01,2024-01-16 13:16:38,10.47,0.0,0.0,1,Success,Purchase,Manila,PHP,False
TXN-20240116-0003138,WALL-0049403,MERCH-00205,PM-03,DEV-05,2024-01-16 21:09:10,29.51,0.2361,0.0,2,Success,Purchase,Jaipur,INR,False
TXN-20240116-0003139,WALL-0032000,MERCH-00117,PM-01,DEV-03,2024-01-16 10:11:32,47.54,0.0,0.0,4,Success,Purchase,Cebu City,PHP,False
TXN-20240116-0003140,WALL-0000877,MERCH-00031,PM-01,DEV-01,2024-01-16 13:24:09,57.77,0.0,1.1554,5,Success,Purchase,Da Nang,MMK,False
TXN-20240116-0003141,WALL-0110066,MERCH-00262,PM-02,DEV-01,2024-01-16 21:33:15,31.63,0.0633,0.0,3,Success,Subscription,Mumbai,INR,False
TXN-20240116-0003142,WALL-0128474,MERCH-00006,PM-01,DEV-01,2024-01-16 21:53:25,19.63,0.0,0.3926,1,Success,Purchase,Taunggyi,MMK,False
TXN-20240116-0003143,WALL-0030195,MERCH-00358,PM-01,DEV-01,2024-01-16 17:08:15,55.01,0.0,0.0,5,Success,Bill Payment,Quezon City,PHP,False
TXN-20240116-0003144,WALL-0131499,MERCH-00188,PM-01,DEV-01,2024-01-16 19:43:16,20.73,0.0,1.0363,2,Success,Purchase,Bago,MMK,False
TXN-20240116-0003145,WALL-0011267,MERCH-00408,PM-03,DEV-01,2024-01-16 15:16:15,242.2,1.9376,0.0,0,Reversed,Payment,Bago,MMK,False
TXN-20240116-0003146,WALL-0047030,MERCH-00410,PM-02,DEV-02,2024-01-16 16:20:07,160.38,0.3208,0.0,16,Success,Payment,Mawlamyine,MMK,False
TXN-20240116-0003147,WALL-0080462,MERCH-00032,PM-04,DEV-01,2024-01-16 14:15:12,5.0,0.1,0.1,0,Success,Purchase,Bago,MMK,False
TXN-20240116-0003148,WALL-0065330,MERCH-00072,PM-02,DEV-02,2024-01-16 15:40:05,28.12,0.0562,0.5625,2,Success,Purchase,Pathein,MMK,False
TXN-20240116-0003149,WALL-0031989,MERCH-00423,PM-02,DEV-01,2024-01-16 13:36:56,217.25,0.4345,0.0,21,Success,Payment,Pune,INR,False
TXN-20240116-0003150,WALL-0057866,MERCH-00211,PM-01,DEV-03,2024-01-16 15:54:19,20.12,0.0,0.0,2,Success,Purchase,Chiang Mai,THB,False
TXN-20240116-0003151,WALL-0089224,MERCH-00116,PM-04,DEV-05,2024-01-16 20:11:37,66.15,1.323,0.0,6,Success,Purchase,Pathein,MMK,False
TXN-20240116-0003152,WALL-0091225,MERCH-00066,PM-01,DEV-01,2024-01-16 10:10:57,21.48,0.0,0.4296,2,Success,Purchase,Bangkok,THB,False
TXN-20240116-0003153,WALL-0109181,MERCH-00248,PM-02,DEV-01,2024-01-16 16:32:41,8.91,0.0178,0.0,0,Failed,Subscription,Medan,IDR,False
TXN-20240116-0003154,WALL-0038665,MERCH-00150,PM-03,DEV-02,2024-01-16 16:16:09,214.33,1.7146,10.7166,21,Success,Purchase,Karachi,PKR,False
TXN-20240116-0003155,WALL-0057141,MERCH-00371,PM-03,DEV-04,2024-01-16 20:11:00,198.0,1.584,0.0,19,Success,Purchase,Chennai,INR,False
TXN-20240116-0003156,WALL-0149815,MERCH-00001,PM-02,DEV-01,2024-01-16 20:30:05,9.08,0.0182,0.1815,0,Success,Purchase,Jakarta,IDR,False
TXN-20240116-0003157,WALL-0125116,MERCH-00406,PM-02,DEV-04,2024-01-16 07:13:41,74.92,0.1498,0.0,7,Success,Payment,Ahmedabad,INR,False
TXN-20240116-0003158,WALL-0046487,MERCH-00412,PM-03,DEV-01,2024-01-16 19:33:40,300.77,2.4062,0.0,30,Success,Payment,Bangkok,THB,False
TXN-20240116-0003159,WALL-0072071,MERCH-00178,PM-01,DEV-01,2024-01-16 15:13:38,119.58,0.0,5.979,11,Success,Purchase,Bago,MMK,False
TXN-20240116-0003160,WALL-0031522,MERCH-00183,PM-03,DEV-02,2024-01-16 14:56:30,86.33,0.6907,4.3166,8,Success,Purchase,Ho Chi Minh City,VND,False
TXN-20240116-0003161,WALL-0119309,MERCH-00068,PM-02,DEV-01,2024-01-16 09:02:34,6.13,0.0123,0.1227,0,Success,Purchase,Johor Bahru,MYR,False
TXN-20240116-0003162,WALL-0034302,MERCH-00342,PM-04,DEV-01,2024-01-16 06:26:57,26.93,0.5385,0.0,2,Success,Bill Payment,Myitkyina,MMK,False
TXN-20240116-0003163,WALL-0103432,MERCH-00259,PM-04,DEV-01,2024-01-16 05:43:58,5.0,0.1,0.0,0,Success,Subscription,Yangon,INR,False
TXN-20240116-0003164,WALL-0076004,MERCH-00202,PM-01,DEV-03,2024-01-16 17:45:24,14.49,0.0,0.0,1,Success,Purchase,Hyderabad,INR,False
TXN-20240116-0003165,WALL-0097104,MERCH-00065,PM-01,DEV-01,2024-01-16 20:46:22,60.0,0.0,1.2,6,Success,Purchase,Pattaya,THB,False
TXN-20240116-0003166,WALL-0096862,MERCH-00146,PM-02,DEV-01,2024-01-16 16:05:19,90.0,0.18,4.5,8,Success,Purchase,Pathein,MMK,False
TXN-20240116-0003167,WALL-0015130,MERCH-00200,PM-01,DEV-01,2024-01-16 18:08:06,9.44,0.0,0.0,0,Success,Purchase,Phnom Penh,KHR,False
TXN-20240116-0003168,WALL-0069853,MERCH-00431,PM-03,DEV-01,2024-01-16 17:11:03,218.53,1.7482,0.0,0,Failed,Tax Payment,Myitkyina,MMK,False
TXN-20240116-0003169,WALL-0131794,MERCH-00074,PM-01,DEV-02,2024-01-16 16:49:35,10.53,0.0,0.0,0,Failed,Purchase,Mandalay,MMK,False
TXN-20240116-0003170,WALL-0064226,MERCH-00256,PM-01,DEV-02,2024-01-16 02:54:58,5.0,0.0,0.0,0,Success,Subscription,Phuket,MMK,False
TXN-20240116-0003171,WALL-0005295,MERCH-00447,PM-02,DEV-01,2024-01-16 12:34:17,208.68,0.4174,0.0,20,Success,Tax Payment,Islamabad,PKR,False
TXN-20240116-0003172,WALL-0124102,MERCH-00015,PM-02,DEV-01,2024-01-16 21:07:02,17.34,0.0347,0.3469,1,Success,Purchase,Colombo,LKR,False
TXN-20240116-0003173,WALL-0133502,MERCH-00299,PM-01,DEV-01,2024-01-16 20:47:35,379.59,0.0,30.3674,75,Success,Purchase,Chennai,BDT,False
TXN-20240116-0003174,WALL-0012536,MERCH-00378,PM-03,DEV-02,2024-01-16 19:14:36,27.27,0.2182,0.0,2,Success,Purchase,Bangkok,THB,False
TXN-20240116-0003175,WALL-0116083,MERCH-00120,PM-01,DEV-01,2024-01-16 20:59:12,70.28,0.0,0.0,7,Success,Purchase,Naypyidaw,MMK,False
TXN-20240116-0003176,WALL-0065077,MERCH-00052,PM-02,DEV-02,2024-01-16 11:31:59,31.68,0.0634,0.6336,3,Success,Purchase,Taunggyi,MMK,False
TXN-20240116-0003177,WALL-0022278,MERCH-00129,PM-03,DEV-01,2024-01-16 17:37:17,60.88,0.487,0.0,6,Success,Purchase,Hanoi,VND,False
TXN-20240116-0003178,WALL-0022616,MERCH-00196,PM-01,DEV-01,2024-01-16 14:18:30,5.86,0.0,0.0,0,Failed,Purchase,Ahmedabad,INR,False
TXN-20240116-0003179,WALL-0061350,MERCH-00163,PM-04,DEV-01,2024-01-16 19:18:03,270.56,5.4112,13.528,27,Success,Purchase,Kuala Lumpur,MYR,False
TXN-20240116-0003180,WALL-0006233,MERCH-00102,PM-01,DEV-01,2024-01-16 18:22:26,116.34,0.0,0.0,11,Success,Purchase,Bangalore,THB,False
TXN-20240116-0003181,WALL-0114685,MERCH-00422,PM-01,DEV-01,2024-01-16 15:00:47,47.44,0.0,0.0,4,Success,Payment,Myitkyina,MMK,False
TXN-20240116-0003182,WALL-0106011,MERCH-00072,PM-01,DEV-01,2024-01-16 23:16:28,17.26,0.0,0.3452,1,Success,Purchase,Bali,INR,False
TXN-20240116-0003183,WALL-0136052,MERCH-00209,PM-01,DEV-01,2024-01-16 08:46:04,32.46,0.0,0.0,3,Success,Purchase,Mawlamyine,MMK,False
TXN-20240116-0003184,WALL-0029421,MERCH-00429,PM-01,DEV-01,2024-01-16 13:45:51,20.0,0.0,0.0,2,Success,Payment,Taunggyi,MMK,False
TXN-20240116-0003185,WALL-0098637,MERCH-00117,PM-01,DEV-01,2024-01-16 21:52:07,47.56,0.0,0.0,4,Success,Purchase,Myitkyina,MMK,False
TXN-20240116-0003186,WALL-0096126,MERCH-00418,PM-01,DEV-01,2024-01-16 21:40:55,76.92,0.0,0.0,0,Pending,Payment,Surabaya,IDR,False
TXN-20240116-0003187,WALL-0129168,MERCH-00022,PM-01,DEV-04,2024-01-16 18:49:09,24.92,0.0,0.4984,2,Success,Purchase,Myitkyina,MMK,False
TXN-20240116-0003188,WALL-0117447,MERCH-00080,PM-01,DEV-01,2024-01-16 20:08:56,24.88,0.0,0.0,0,Pending,Purchase,Bago,MMK,False
TXN-20240116-0003189,WALL-0133456,MERCH-00022,PM-03,DEV-01,2024-01-16 12:38:34,29.45,0.2356,0.589,2,Success,Purchase,Bali,IDR,False
TXN-20240116-0003190,WALL-0114161,MERCH-00118,PM-01,DEV-02,2024-01-16 15:21:30,37.13,0.0,0.0,3,Success,Purchase,Kuala Lumpur,MYR,False
TXN-20240116-0003191,WALL-0068018,MERCH-00166,PM-04,DEV-02,2024-01-16 19:09:53,49.36,0.9873,2.4682,4,Success,Purchase,Mandalay,MMK,False
TXN-20240116-0003192,WALL-0124292,MERCH-00080,PM-02,DEV-01,2024-01-16 14:04:39,27.31,0.0546,0.5462,2,Success,Purchase,Lahore,PKR,False
TXN-20240116-0003193,WALL-0000242,MERCH-00015,PM-01,DEV-01,2024-01-16 18:28:00,8.56,0.0,0.1711,0,Success,Purchase,Bangkok,THB,False
TXN-20240116-0003194,WALL-0047173,MERCH-00171,PM-02,DEV-02,2024-01-16 11:38:43,42.5,0.085,2.1252,4,Success,Purchase,Kuala Lumpur,MYR,False
TXN-20240116-0003195,WALL-0029291,MERCH-00002,PM-02,DEV-02,2024-01-16 20:26:40,10.82,0.0216,0.2165,1,Success,Purchase,Lahore,PKR,False
TXN-20240116-0003196,WALL-0033493,MERCH-00103,PM-02,DEV-01,2024-01-16 10:48:59,79.91,0.1598,0.0,7,Success,Purchase,Naypyidaw,MMK,False
TXN-20240116-0003197,WALL-0043518,MERCH-00206,PM-01,DEV-01,2024-01-16 15:38:42,13.18,0.0,0.0,1,Success,Purchase,Kuala Lumpur,VND,False
TXN-20240116-0003198,WALL-0003511,MERCH-00114,PM-01,DEV-01,2024-01-16 04:42:17,200.0,0.0,0.0,20,Success,Purchase,Bago,MMK,True
TXN-20240116-0003199,WALL-0131510,MERCH-00310,PM-05,DEV-02,2024-01-16 06:25:54,298.82,0.0,23.906,59,Success,Purchase,Mandalay,MMK,False
TXN-20240116-0003200,WALL-0085863,MERCH-00484,PM-01,DEV-03,2024-01-16 04:57:15,50.0,0.0,0.0,5,Success,Payment,Mawlamyine,MMK,False
TXN-20240116-0003201,WALL-0005635,MERCH-00068,PM-03,DEV-01,2024-01-16 02:24:46,12.33,0.0986,0.2465,1,Success,Purchase,Hanoi,VND,False
TXN-20240116-0003202,WALL-0025275,MERCH-00026,PM-01,DEV-03,2024-01-16 19:31:32,16.1,0.0,0.3219,1,Success,Purchase,Mawlamyine,MMK,False
TXN-20240116-0003203,WALL-0021286,MERCH-00117,PM-03,DEV-01,2024-01-16 16:07:42,86.74,0.6939,0.0,8,Success,Purchase,Kolkata,NPR,False
TXN-20240116-0003204,WALL-0058940,MERCH-00072,PM-02,DEV-01,2024-01-16 12:55:00,14.81,0.0296,0.2962,1,Success,Purchase,Yangon,MMK,False
TXN-20240116-0003205,WALL-0083142,MERCH-00424,PM-01,DEV-03,2024-01-16 09:51:08,54.91,0.0,0.0,5,Success,Payment,Kathmandu,NPR,False
TXN-20240116-0003206,WALL-0112545,MERCH-00170,PM-04,DEV-01,2024-01-16 17:39:16,147.35,2.9469,7.3673,14,Success,Purchase,Naypyidaw,PHP,False
TXN-20240116-0003207,WALL-0057667,MERCH-00071,PM-05,DEV-01,2024-01-16 19:37:33,19.57,0.0,0.3914,1,Success,Purchase,Jakarta,IDR,False
TXN-20240116-0003208,WALL-0037993,MERCH-00045,PM-04,DEV-02,2024-01-16 14:56:46,33.1,0.6621,0.6621,3,Success,Purchase,Myitkyina,MMK,False
TXN-20240116-0003209,WALL-0087274,MERCH-00394,PM-01,DEV-02,2024-01-16 06:33:04,78.41,0.0,0.0,7,Success,Purchase,Islamabad,SGD,False
TXN-20240116-0003210,WALL-0128526,MERCH-00103,PM-01,DEV-02,2024-01-16 14:48:29,65.28,0.0,0.0,6,Success,Purchase,Mandalay,MMK,False
TXN-20240116-0003211,WALL-0135716,MERCH-00145,PM-01,DEV-01,2024-01-16 12:26:05,301.37,0.0,15.0686,30,Success,Purchase,Dhaka,BDT,False
TXN-20240116-0003212,WALL-0076171,MERCH-00038,PM-01,DEV-01,2024-01-16 09:46:53,18.18,0.0,0.3637,1,Success,Purchase,Kandy,MMK,False
TXN-20240116-0003213,WALL-0062194,MERCH-00350,PM-03,DEV-01,2024-01-16 12:53:08,23.22,0.1858,0.0,2,Success,Bill Payment,Mandalay,MMK,False
TXN-20240116-0003214,WALL-0095272,MERCH-00282,PM-01,DEV-01,2024-01-16 02:50:05,122.05,0.0,9.7637,24,Success,Purchase,Colombo,LKR,False
TXN-20240116-0003215,WALL-0135718,MERCH-00179,PM-03,DEV-03,2024-01-16 15:30:12,37.53,0.3002,1.8764,3,Success,Purchase,Hyderabad,INR,False
TXN-20240116-0003216,WALL-0017399,MERCH-00140,PM-03,DEV-01,2024-01-16 14:51:39,24.18,0.1935,1.2091,2,Success,Purchase,Surabaya,IDR,False
TXN-20240116-0003217,WALL-0009553,MERCH-00210,PM-05,DEV-01,2024-01-16 07:00:10,30.72,0.0,0.0,3,Success,Purchase,Myitkyina,MMK,False
TXN-20240116-0003218,WALL-0055167,MERCH-00374,PM-01,DEV-01,2024-01-16 19:36:20,41.49,0.0,0.0,4,Success,Purchase,Yangon,MMK,False
TXN-20240116-0003219,WALL-0142727,MERCH-00305,PM-01,DEV-01,2024-01-16 09:29:34,403.49,0.0,32.2794,80,Success,Purchase,Naypyidaw,MMK,False
TXN-20240116-0003220,WALL-0099448,MERCH-00002,PM-01,DEV-01,2024-01-16 08:00:31,19.24,0.0,0.3847,1,Success,Purchase,Myitkyina,MMK,False
TXN-20240116-0003221,WALL-0135455,MERCH-00104,PM-03,DEV-04,2024-01-16 18:15:11,21.49,0.1719,0.0,2,Success,Purchase,Medan,IDR,False
TXN-20240116-0003222,WALL-0034695,MERCH-00069,PM-02,DEV-02,2024-01-16 17:07:31,18.63,0.0373,0.3726,1,Success,Purchase,Kolkata,INR,False
TXN-20240116-0003223,WALL-0031285,MERCH-00258,PM-04,DEV-01,2024-01-16 09:45:48,23.6,0.472,0.0,2,Success,Subscription,Phuket,THB,False
TXN-20240116-0003224,WALL-0020783,MERCH-00116,PM-01,DEV-03,2024-01-16 13:18:18,84.04,0.0,0.0,8,Success,Purchase,Naypyidaw,MMK,False
TXN-20240116-0003225,WALL-0099477,MERCH-00030,PM-01,DEV-01,2024-01-16 20:23:05,7.92,0.0,0.1585,0,Success,Purchase,Da Nang,VND,False
TXN-20240116-0003226,WALL-0080424,MERCH-00121,PM-02,DEV-01,2024-01-16 14:44:30,30.6,0.0612,0.0,3,Success,Purchase,Myitkyina,MMK,False
TXN-20240116-0003227,WALL-0083106,MERCH-00365,PM-01,DEV-01,2024-01-16 15:59:18,53.4,0.0,0.0,5,Success,Bill Payment,Surabaya,IDR,False
TXN-20240116-0003228,WALL-0025367,MERCH-00448,PM-03,DEV-04,2024-01-16 21:21:01,203.83,1.6306,0.0,20,Success,Tax Payment,Pathein,MMK,False
TXN-20240116-0003229,WALL-0138530,MERCH-00088,PM-01,DEV-02,2024-01-16 18:18:13,66.7,0.0,0.0,6,Success,Purchase,Mandalay,MMK,False
TXN-20240116-0003230,WALL-0078740,MERCH-00142,PM-01,DEV-02,2024-01-16 21:41:04,142.74,0.0,7.1368,14,Success,Purchase,Siem Reap,MMK,False
TXN-20240116-0003231,WALL-0057780,MERCH-00287,PM-02,DEV-03,2024-01-16 18:54:09,349.72,0.6994,27.9775,69,Success,Purchase,Islamabad,PKR,False
TXN-20240116-0003232,WALL-0054944,MERCH-00443,PM-02,DEV-02,2024-01-16 16:08:59,396.75,0.7935,0.0,39,Success,Tax Payment,Kathmandu,MMK,False
TXN-20240116-0003233,WALL-0007294,MERCH-00100,PM-04,DEV-01,2024-01-16 15:00:23,92.54,1.8508,0.0,9,Success,Purchase,Penang,MYR,False
TXN-20240116-0003234,WALL-0011829,MERCH-00024,PM-02,DEV-03,2024-01-16 21:41:01,38.19,0.0764,0.7639,3,Success,Purchase,Myitkyina,MMK,False
TXN-20240116-0003235,WALL-0140086,MERCH-00039,PM-05,DEV-02,2024-01-16 19:56:11,16.6,0.0,0.3319,1,Success,Purchase,Pokhara,NPR,False
TXN-20240116-0003236,WALL-0129605,MERCH-00121,PM-04,DEV-02,2024-01-16 09:42:53,34.09,0.6817,0.0,3,Success,Purchase,Chittagong,PHP,False
TXN-20240116-0003237,WALL-0080605,MERCH-00051,PM-04,DEV-01,2024-01-16 13:01:28,43.21,0.8641,0.8641,4,Success,Purchase,Kolkata,MMK,False
TXN-20240116-0003238,WALL-0043122,MERCH-00250,PM-01,DEV-03,2024-01-16 03:55:41,37.5,0.0,0.0,3,Success,Subscription,Mumbai,INR,False
TXN-20240116-0003239,WALL-0132676,MERCH-00024,PM-03,DEV-02,2024-01-16 16:38:34,5.33,0.0426,0.1066,0,Success,Purchase,Mumbai,INR,False
TXN-20240116-0003240,WALL-0065913,MERCH-00449,PM-02,DEV-01,2024-01-16 21:43:13,319.11,0.6382,0.0,31,Success,Tax Payment,Pathein,MMK,False
TXN-20240116-0003241,WALL-0035984,MERCH-00323,PM-04,DEV-03,2024-01-16 21:07:21,76.25,1.525,0.0,7,Success,Bill Payment,Yangon,MMK,False
TXN-20240116-0003242,WALL-0085200,MERCH-00437,PM-04,DEV-01,2024-01-16 18:50:24,368.76,7.3751,0.0,36,Success,Tax Payment,Johor Bahru,MYR,False
TXN-20240116-0003243,WALL-0118242,MERCH-00421,PM-02,DEV-01,2024-01-16 22:50:50,45.82,0.0916,0.0,4,Success,Payment,Dhaka,BDT,False
TXN-20240116-0003244,WALL-0149192,MERCH-00131,PM-01,DEV-03,2024-01-16 14:34:03,1500.0,0.0,75.0,150,Success,Purchase,Quezon City,PHP,False
TXN-20240116-0003245,WALL-0036951,MERCH-00279,PM-01,DEV-01,2024-01-16 19:01:38,1054.55,0.0,0.0,0,Failed,Purchase,Singapore,SGD,False
TXN-20240116-0003246,WALL-0098191,MERCH-00169,PM-02,DEV-01,2024-01-16 08:49:07,132.77,0.2655,6.6384,13,Success,Purchase,Chennai,INR,False
TXN-20240116-0003247,WALL-0099639,MERCH-00142,PM-01,DEV-01,2024-01-16 19:38:48,152.64,0.0,7.6318,15,Success,Purchase,Pathein,MMK,False
TXN-20240116-0003248,WALL-0067840,MERCH-00057,PM-02,DEV-01,2024-01-16 16:58:40,12.57,0.0251,0.2515,1,Success,Purchase,Yangon,MMK,False
TXN-20240116-0003249,WALL-0124799,MERCH-00132,PM-01,DEV-01,2024-01-16 14:57:42,180.51,0.0,9.0256,18,Success,Purchase,Mawlamyine,MMK,False
TXN-20240116-0003250,WALL-0091901,MERCH-00414,PM-01,DEV-01,2024-01-16 21:47:58,42.59,0.0,0.0,4,Success,Payment,Bandung,IDR,False
TXN-20240116-0003251,WALL-0003959,MERCH-00101,PM-02,DEV-01,2024-01-16 15:07:22,107.86,0.2157,0.0,10,Success,Purchase,Kathmandu,NPR,False
TXN-20240116-0003252,WALL-0019142,MERCH-00055,PM-04,DEV-01,2024-01-16 17:44:30,6.11,0.1221,0.1221,0,Success,Purchase,Mawlamyine,MMK,False
TXN-20240116-0003253,WALL-0024901,MERCH-00196,PM-04,DEV-01,2024-01-16 07:48:08,13.05,0.261,0.0,1,Success,Purchase,Taunggyi,MMK,False
TXN-20240116-0003254,WALL-0123210,MERCH-00016,PM-03,DEV-01,2024-01-16 19:49:36,16.65,0.1332,0.3331,1,Success,Purchase,Naypyidaw,MMK,False
TXN-20240116-0003255,WALL-0109187,MERCH-00235,PM-01,DEV-01,2024-01-16 19:14:52,5.23,0.0,0.0,0,Success,Subscription,Myitkyina,MMK,False
TXN-20240116-0003256,WALL-0053667,MERCH-00066,PM-01,DEV-01,2024-01-16 00:08:51,13.49,0.0,0.2697,1,Success,Purchase,Kathmandu,NPR,False
TXN-20240116-0003257,WALL-0015353,MERCH-00341,PM-02,DEV-02,2024-01-16 19:59:23,26.21,0.0524,0.0,2,Success,Bill Payment,Phuket,IDR,False
TXN-20240116-0003258,WALL-0112786,MERCH-00005,PM-01,DEV-01,2024-01-16 16:06:39,26.79,0.0,0.5358,2,Success,Purchase,Chennai,INR,False
TXN-20240116-0003259,WALL-0016814,MERCH-00090,PM-03,DEV-01,2024-01-16 06:04:48,84.2,0.6736,0.0,8,Success,Purchase,Medan,IDR,False
TXN-20240116-0003260,WALL-0135670,MERCH-00227,PM-03,DEV-02,2024-01-16 13:58:07,5.82,0.0465,0.0,0,Success,Purchase,Myitkyina,MMK,False
TXN-20240116-0003261,WALL-0144559,MERCH-00198,PM-04,DEV-02,2024-01-16 16:02:23,9.55,0.1911,0.0,0,Success,Purchase,Mumbai,INR,False
TXN-20240116-0003262,WALL-0146326,MERCH-00340,PM-01,DEV-02,2024-01-16 13:40:58,100.73,0.0,0.0,10,Success,Bill Payment,Siem Reap,LKR,False
TXN-20240116-0003263,WALL-0039223,MERCH-00181,PM-04,DEV-01,2024-01-16 21:58:21,85.96,1.7193,4.2982,8,Success,Purchase,Bangalore,INR,False
TXN-20240116-0003264,WALL-0005730,MERCH-00006,PM-01,DEV-01,2024-01-16 13:41:11,15.57,0.0,0.3115,1,Success,Purchase,Hyderabad,INR,False
TXN-20240116-0003265,WALL-0098122,MERCH-00126,PM-02,DEV-01,2024-01-16 17:39:42,14.53,0.0291,0.0,1,Success,Purchase,Davao,PHP,False
TXN-20240116-0003266,WALL-0098222,MERCH-00265,PM-04,DEV-01,2024-01-16 22:53:39,12.04,0.2407,0.0,1,Success,Subscription,Pathein,MMK,False
TXN-20240116-0003267,WALL-0124942,MERCH-00114,PM-04,DEV-03,2024-01-16 08:56:42,44.27,0.8853,0.0,4,Success,Purchase,Kathmandu,NPR,False
TXN-20240116-0003268,WALL-0081968,MERCH-00042,PM-02,DEV-01,2024-01-16 12:49:55,5.0,0.01,0.1,0,Success,Purchase,Bago,MMK,False
TXN-20240116-0003269,WALL-0096054,MERCH-00005,PM-02,DEV-01,2024-01-16 13:46:48,13.9,0.0278,0.2781,1,Success,Purchase,Cebu City,PHP,False
TXN-20240116-0003270,WALL-0106141,MERCH-00304,PM-04,DEV-01,2024-01-16 16:00:52,166.38,3.3276,13.3105,33,Success,Purchase,Surabaya,IDR,False
TXN-20240116-0003271,WALL-0081851,MERCH-00400,PM-01,DEV-01,2024-01-16 15:15:07,55.78,0.0,0.0,0,Failed,Purchase,Myitkyina,MMK,False
TXN-20240116-0003272,WALL-0084391,MERCH-00151,PM-02,DEV-01,2024-01-16 19:18:56,20.0,0.04,1.0,2,Success,Purchase,Yangon,MMK,False
TXN-20240116-0003273,WALL-0046528,MERCH-00088,PM-02,DEV-01,2024-01-16 08:46:54,87.94,0.1759,0.0,8,Success,Purchase,Mumbai,INR,False
TXN-20240116-0003274,WALL-0102713,MERCH-00017,PM-02,DEV-01,2024-01-16 09:06:42,8.77,0.0175,0.1753,0,Success,Purchase,Singapore,SGD,False
TXN-20240116-0003275,WALL-0049922,MERCH-00279,PM-01,DEV-01,2024-01-16 21:14:24,244.09,0.0,19.5272,48,Success,Purchase,Bago,MMK,False
TXN-20240116-0003276,WALL-0089745,MERCH-00162,PM-01,DEV-01,2024-01-16 21:03:57,91.92,0.0,4.5962,9,Success,Purchase,Kolkata,INR,False
TXN-20240116-0003277,WALL-0063879,MERCH-00190,PM-01,DEV-02,2024-01-16 14:27:39,54.94,0.0,2.747,5,Success,Purchase,Bangalore,INR,False
TXN-20240116-0003278,WALL-0043408,MERCH-00008,PM-04,DEV-01,2024-01-16 07:41:11,9.87,0.1975,0.1975,0,Success,Purchase,Da Nang,VND,False
TXN-20240116-0003279,WALL-0022245,MERCH-00119,PM-02,DEV-02,2024-01-16 16:55:30,21.44,0.0429,0.0,2,Success,Purchase,Pokhara,MMK,False
TXN-20240116-0003280,WALL-0130131,MERCH-00079,PM-02,DEV-05,2024-01-16 23:18:17,16.94,0.0339,0.3388,1,Success,Purchase,Phuket,THB,False
TXN-20240116-0003281,WALL-0069135,MERCH-00440,PM-02,DEV-01,2024-01-16 11:33:49,720.56,1.4411,0.0,72,Success,Tax Payment,Kathmandu,NPR,False
TXN-20240116-0003282,WALL-0093456,MERCH-00274,PM-01,DEV-02,2024-01-16 14:14:20,546.65,0.0,43.7322,109,Success,Purchase,Kandy,LKR,False
TXN-20240116-0003283,WALL-0108423,MERCH-00175,PM-01,DEV-04,2024-01-16 05:40:39,81.13,0.0,4.0567,8,Success,Purchase,Phnom Penh,KHR,False
TXN-20240116-0003284,WALL-0137243,MERCH-00186,PM-04,DEV-02,2024-01-16 16:17:25,93.98,1.8796,4.6991,9,Success,Purchase,Pathein,MMK,False
TXN-20240116-0003285,WALL-0101781,MERCH-00110,PM-01,DEV-04,2024-01-16 11:11:43,56.6,0.0,0.0,5,Success,Purchase,Mawlamyine,MMK,False
TXN-20240116-0003286,WALL-0046028,MERCH-00155,PM-01,DEV-01,2024-01-16 15:31:43,234.28,0.0,11.7142,23,Success,Purchase,Lahore,PKR,False
TXN-20240116-0003287,WALL-0077989,MERCH-00116,PM-02,DEV-01,2024-01-16 21:25:34,94.82,0.1896,0.0,9,Success,Purchase,Colombo,LKR,False
TXN-20240116-0003288,WALL-0012698,MERCH-00370,PM-04,DEV-01,2024-01-16 12:45:48,67.11,1.3422,0.0,6,Success,Bill Payment,Mawlamyine,MMK,False
TXN-20240116-0003289,WALL-0099035,MERCH-00403,PM-01,DEV-02,2024-01-16 15:55:04,20.0,0.0,0.0,2,Success,Payment,Naypyidaw,MMK,False
TXN-20240116-0003290,WALL-0028640,MERCH-00060,PM-01,DEV-02,2024-01-16 12:56:59,30.87,0.0,0.6175,3,Success,Purchase,Kandy,LKR,False
TXN-20240116-0003291,WALL-0009633,MERCH-00057,PM-01,DEV-02,2024-01-16 13:59:44,23.72,0.0,0.4743,2,Success,Purchase,Colombo,LKR,False
TXN-20240116-0003292,WALL-0123902,MERCH-00301,PM-01,DEV-01,2024-01-16 18:16:36,797.74,0.0,63.8189,159,Success,Purchase,Bago,MMK,False
TXN-20240116-0003293,WALL-0038899,MERCH-00496,PM-01,DEV-01,2024-01-16 01:11:35,845.06,0.0,0.0,84,Success,Payment,Myitkyina,MMK,False
TXN-20240116-0003294,WALL-0079907,MERCH-00298,PM-05,DEV-03,2024-01-16 13:16:13,710.38,0.0,56.8307,142,Success,Purchase,Manila,PHP,False
TXN-20240116-0003295,WALL-0009090,MERCH-00301,PM-01,DEV-02,2024-01-16 19:54:24,922.75,0.0,73.8202,184,Success,Purchase,Manila,PHP,False
TXN-20240116-0003296,WALL-0005037,MERCH-00227,PM-01,DEV-01,2024-01-16 03:11:48,14.11,0.0,0.0,1,Success,Purchase,Bago,MMK,False
TXN-20240116-0003297,WALL-0122769,MERCH-00228,PM-05,DEV-02,2024-01-16 11:57:42,24.47,0.0,0.0,2,Success,Purchase,Karachi,PKR,False
TXN-20240116-0003298,WALL-0069348,MERCH-00119,PM-03,DEV-03,2024-01-16 15:56:45,29.47,0.2358,0.0,2,Success,Purchase,Bago,MMK,False
TXN-20240116-0003299,WALL-0001654,MERCH-00352,PM-04,DEV-01,2024-01-16 18:45:47,45.25,0.905,0.0,4,Success,Bill Payment,Yangon,MMK,False
TXN-20240116-0003300,WALL-0136836,MERCH-00020,PM-01,DEV-03,2024-01-16 06:03:50,11.64,0.0,0.2328,1,Success,Purchase,Quezon City,THB,False
TXN-20240116-0003301,WALL-0100011,MERCH-00243,PM-02,DEV-02,2024-01-16 08:32:57,10.23,0.0205,0.0,1,Success,Subscription,Dhaka,BDT,False
TXN-20240116-0003302,WALL-0120279,MERCH-00001,PM-03,DEV-01,2024-01-16 18:24:04,58.66,0.4693,1.1732,5,Success,Purchase,Penang,MYR,False
TXN-20240116-0003303,WALL-0112407,MERCH-00034,PM-04,DEV-01,2024-01-16 15:19:45,14.54,0.2908,0.0,0,Failed,Purchase,Naypyidaw,MMK,False
TXN-20240116-0003304,WALL-0134629,MERCH-00053,PM-02,DEV-02,2024-01-16 16:50:36,65.41,0.1308,1.3082,6,Success,Purchase,Myitkyina,MMK,False
TXN-20240116-0003305,WALL-0050091,MERCH-00381,PM-04,DEV-01,2024-01-16 15:17:09,28.29,0.5657,0.0,2,Success,Purchase,Kolkata,INR,False
TXN-20240116-0003306,WALL-0127460,MERCH-00447,PM-01,DEV-01,2024-01-16 13:10:08,281.69,0.0,0.0,28,Success,Tax Payment,Pattaya,THB,False
TXN-20240116-0003307,WALL-0117564,MERCH-00232,PM-01,DEV-01,2024-01-16 14:52:07,23.1,0.0,0.0,2,Success,Subscription,Myitkyina,MMK,False
TXN-20240116-0003308,WALL-0065844,MERCH-00388,PM-04,DEV-04,2024-01-16 13:03:57,120.0,2.4,0.0,12,Success,Purchase,Davao,PHP,False
TXN-20240116-0003309,WALL-0142575,MERCH-00285,PM-05,DEV-01,2024-01-16 20:55:36,817.79,0.0,65.423,163,Success,Purchase,Karachi,MYR,False
TXN-20240116-0003310,WALL-0030156,MERCH-00080,PM-04,DEV-03,2024-01-16 15:10:17,13.7,0.274,0.274,1,Success,Purchase,Yangon,MMK,False
TXN-20240116-0003311,WALL-0040294,MERCH-00119,PM-01,DEV-01,2024-01-16 14:04:48,36.71,0.0,0.0,3,Success,Purchase,Penang,MYR,False
TXN-20240116-0003312,WALL-0079192,MERCH-00253,PM-01,DEV-03,2024-01-16 16:53:16,22.66,0.0,0.0,2,Success,Subscription,Phnom Penh,KHR,False
TXN-20240116-0003313,WALL-0055850,MERCH-00355,PM-03,DEV-03,2024-01-16 13:05:46,47.91,0.3833,0.0,4,Success,Bill Payment,Kandy,LKR,False
TXN-20240116-0003314,WALL-0084087,MERCH-00060,PM-04,DEV-03,2024-01-16 18:21:26,35.11,0.7022,0.7022,3,Success,Purchase,Pathein,MMK,False
TXN-20240116-0003315,WALL-0116629,MERCH-00039,PM-04,DEV-01,2024-01-16 19:05:11,10.31,0.2062,0.2062,1,Success,Purchase,Surabaya,IDR,False
TXN-20240116-0003316,WALL-0108666,MERCH-00026,PM-01,DEV-01,2024-01-16 15:34:39,14.77,0.0,0.2953,1,Success,Purchase,Kathmandu,NPR,False
TXN-20240116-0003317,WALL-0116420,MERCH-00234,PM-05,DEV-03,2024-01-16 21:00:29,12.26,0.0,0.0,1,Success,Subscription,Mandalay,MMK,False
TXN-20240116-0003318,WALL-0089259,MERCH-00055,PM-01,DEV-02,2024-01-16 13:00:26,11.71,0.0,0.2342,1,Success,Purchase,Taunggyi,MMK,False
TXN-20240116-0003319,WALL-0049332,MERCH-00070,PM-05,DEV-01,2024-01-16 08:53:06,32.07,0.0,0.6414,3,Success,Purchase,Chiang Mai,THB,False
TXN-20240116-0003320,WALL-0089372,MERCH-00224,PM-01,DEV-03,2024-01-16 16:57:11,17.92,0.0,0.0,1,Success,Purchase,Surabaya,IDR,False
TXN-20240116-0003321,WALL-0083496,MERCH-00224,PM-01,DEV-02,2024-01-16 15:49:29,6.92,0.0,0.0,0,Success,Purchase,Pattaya,THB,False
TXN-20240116-0003322,WALL-0061622,MERCH-00375,PM-01,DEV-02,2024-01-16 15:12:50,110.95,0.0,0.0,11,Success,Purchase,Jakarta,IDR,False
TXN-20240116-0003323,WALL-0083011,MERCH-00069,PM-01,DEV-03,2024-01-16 21:15:40,13.06,0.0,0.2613,1,Success,Purchase,Pune,INR,False
TXN-20240116-0003324,WALL-0082573,MERCH-00365,PM-01,DEV-01,2024-01-16 08:45:57,17.08,0.0,0.0,1,Success,Bill Payment,Quezon City,PHP,False
TXN-20240116-0003325,WALL-0061993,MERCH-00043,PM-03,DEV-01,2024-01-16 12:53:41,15.84,0.1267,0.3168,1,Success,Purchase,Phnom Penh,KHR,False
TXN-20240116-0003326,WALL-0111328,MERCH-00142,PM-01,DEV-02,2024-01-16 18:46:45,149.47,0.0,7.4734,14,Success,Purchase,Mandalay,MMK,False
TXN-20240116-0003327,WALL-0038113,MERCH-00155,PM-02,DEV-01,2024-01-16 18:11:34,195.81,0.3916,9.7905,19,Success,Purchase,Naypyidaw,MMK,False
TXN-20240116-0003328,WALL-0127562,MERCH-00055,PM-03,DEV-05,2024-01-16 13:13:38,6.36,0.0509,0.1272,0,Success,Purchase,Ho Chi Minh City,VND,False
TXN-20240116-0003329,WALL-0048083,MERCH-00111,PM-04,DEV-01,2024-01-16 11:05:41,162.62,3.2523,0.0,0,Failed,Purchase,Phuket,THB,False
TXN-20240116-0003330,WALL-0115770,MERCH-00365,PM-03,DEV-01,2024-01-16 12:41:04,27.4,0.2192,0.0,2,Success,Bill Payment,Taunggyi,MMK,False
TXN-20240116-0003331,WALL-0050276,MERCH-00131,PM-01,DEV-02,2024-01-16 13:54:28,151.86,0.0,7.5928,15,Success,Purchase,Bandung,VND,False
TXN-20240116-0003332,WALL-0140868,MERCH-00112,PM-01,DEV-01,2024-01-16 13:29:42,36.7,0.0,0.0,3,Success,Purchase,Singapore,BDT,False
TXN-20240116-0003333,WALL-0117603,MERCH-00305,PM-02,DEV-03,2024-01-16 13:15:41,552.49,1.105,44.1993,110,Success,Purchase,Mawlamyine,MMK,False
TXN-20240116-0003334,WALL-0044374,MERCH-00371,PM-01,DEV-03,2024-01-16 16:54:18,25.35,0.0,0.0,2,Success,Purchase,Penang,MYR,False
TXN-20240116-0003335,WALL-0005104,MERCH-00096,PM-01,DEV-01,2024-01-16 10:25:13,42.99,0.0,0.0,4,Success,Purchase,Singapore,SGD,False
TXN-20240116-0003336,WALL-0098254,MERCH-00005,PM-01,DEV-01,2024-01-16 13:17:51,20.41,0.0,0.4083,2,Success,Purchase,Myitkyina,MMK,False
TXN-20240116-0003337,WALL-0024754,MERCH-00402,PM-02,DEV-01,2024-01-16 20:58:02,60.87,0.1217,0.0,6,Success,Payment,Quezon City,PHP,False
TXN-20240116-0003338,WALL-0010062,MERCH-00374,PM-01,DEV-03,2024-01-16 19:35:13,84.48,0.0,0.0,8,Success,Purchase,Taunggyi,MMK,False
TXN-20240116-0003339,WALL-0057818,MERCH-00103,PM-02,DEV-02,2024-01-16 12:00:35,75.13,0.1503,0.0,7,Success,Purchase,Taunggyi,MMK,False
TXN-20240116-0003340,WALL-0123243,MERCH-00447,PM-01,DEV-01,2024-01-16 06:32:22,427.92,0.0,0.0,42,Success,Tax Payment,Manila,IDR,False
TXN-20240116-0003341,WALL-0121141,MERCH-00439,PM-01,DEV-01,2024-01-16 10:03:54,154.48,0.0,0.0,15,Success,Tax Payment,Jaipur,INR,False
TXN-20240116-0003342,WALL-0064516,MERCH-00155,PM-01,DEV-03,2024-01-16 08:48:47,68.28,0.0,3.4142,6,Success,Purchase,Yangon,MMK,False
TXN-20240116-0003343,WALL-0096824,MERCH-00411,PM-04,DEV-03,2024-01-16 22:00:40,90.39,1.8079,0.0,9,Success,Payment,Myitkyina,MMK,False
TXN-20240116-0003344,WALL-0102331,MERCH-00076,PM-04,DEV-03,2024-01-16 14:04:29,6.56,0.1312,0.1312,0,Success,Purchase,Jakarta,MMK,False
TXN-20240116-0003345,WALL-0046936,MERCH-00093,PM-05,DEV-02,2024-01-16 18:26:29,86.14,0.0,0.0,8,Success,Purchase,Karachi,PKR,False
TXN-20240116-0003346,WALL-0045295,MERCH-00041,PM-01,DEV-03,2024-01-16 13:15:11,21.1,0.0,0.422,2,Success,Purchase,Pune,INR,False
TXN-20240116-0003347,WALL-0061807,MERCH-00118,PM-04,DEV-05,2024-01-16 14:25:10,54.1,1.0821,0.0,5,Success,Purchase,Mawlamyine,MMK,False
TXN-20240116-0003348,WALL-0044087,MERCH-00035,PM-03,DEV-01,2024-01-16 20:35:23,33.12,0.2649,0.6623,3,Success,Purchase,Naypyidaw,MMK,False
TXN-20240116-0003349,WALL-0099707,MERCH-00036,PM-01,DEV-03,2024-01-16 10:18:53,23.39,0.0,0.4678,2,Success,Purchase,Pathein,MMK,False
TXN-20240116-0003350,WALL-0054682,MERCH-00006,PM-04,DEV-01,2024-01-16 13:48:44,13.02,0.2604,0.2604,1,Success,Purchase,Davao,PHP,False
TXN-20240116-0003351,WALL-0098111,MERCH-00401,PM-03,DEV-01,2024-01-16 18:37:20,90.37,0.723,0.0,9,Success,Payment,Kolkata,INR,False
TXN-20240116-0003352,WALL-0048984,MERCH-00106,PM-04,DEV-01,2024-01-16 12:53:41,101.57,2.0315,0.0,10,Success,Purchase,Pattaya,MMK,False
TXN-20240116-0003353,WALL-0143165,MERCH-00291,PM-04,DEV-01,2024-01-16 21:06:00,100.0,2.0,8.0,20,Success,Purchase,Bali,IDR,False
TXN-20240116-0003354,WALL-0096414,MERCH-00127,PM-03,DEV-02,2024-01-16 17:35:04,49.67,0.3973,0.0,4,Success,Purchase,Pattaya,THB,False
TXN-20240116-0003355,WALL-0094920,MERCH-00450,PM-02,DEV-01,2024-01-16 16:51:37,158.87,0.3177,0.0,15,Success,Tax Payment,Medan,IDR,False
TXN-20240116-0003356,WALL-0103566,MERCH-00437,PM-04,DEV-02,2024-01-16 08:13:52,1051.7,21.034,0.0,105,Success,Tax Payment,Phuket,THB,False
TXN-20240116-0003357,WALL-0012491,MERCH-00072,PM-04,DEV-02,2024-01-16 16:50:28,10.78,0.2155,0.2155,1,Success,Purchase,Myitkyina,MMK,False
TXN-20240116-0003358,WALL-0002811,MERCH-00308,PM-01,DEV-02,2024-01-16 14:03:09,458.6,0.0,0.0,0,Pending,Purchase,Mandalay,MMK,False
TXN-20240116-0003359,WALL-0145713,MERCH-00230,PM-03,DEV-03,2024-01-16 16:19:09,39.11,0.3129,0.0,3,Success,Purchase,Delhi,INR,False
TXN-20240116-0003360,WALL-0089733,MERCH-00135,PM-01,DEV-01,2024-01-16 12:08:57,50.09,0.0,2.5043,5,Success,Purchase,Quezon City,MYR,False
TXN-20240116-0003361,WALL-0025433,MERCH-00219,PM-01,DEV-01,2024-01-16 10:33:46,5.69,0.0,0.0,0,Success,Purchase,Mandalay,MMK,False
TXN-20240116-0003362,WALL-0052515,MERCH-00438,PM-03,DEV-01,2024-01-16 10:44:35,1488.99,11.9119,0.0,148,Success,Tax Payment,Yangon,MMK,False
TXN-20240116-0003363,WALL-0002534,MERCH-00413,PM-01,DEV-01,2024-01-16 09:31:31,77.08,0.0,0.0,7,Success,Payment,Myitkyina,MMK,False
TXN-20240116-0003364,WALL-0100880,MERCH-00068,PM-04,DEV-03,2024-01-16 19:48:50,30.96,0.6191,0.6191,3,Success,Purchase,Yangon,MMK,False
TXN-20240116-0003365,WALL-0048303,MERCH-00396,PM-02,DEV-02,2024-01-16 16:09:12,37.59,0.0752,0.0,3,Success,Purchase,Taunggyi,MMK,False
TXN-20240116-0003366,WALL-0109144,MERCH-00243,PM-01,DEV-01,2024-01-16 08:56:16,5.19,0.0,0.0,0,Success,Subscription,Pathein,KHR,False
TXN-20240116-0003367,WALL-0047630,MERCH-00117,PM-02,DEV-03,2024-01-16 17:57:52,38.46,0.0769,0.0,3,Success,Purchase,Naypyidaw,MMK,False
TXN-20240116-0003368,WALL-0077952,MERCH-00417,PM-01,DEV-01,2024-01-16 10:56:36,38.91,0.0,0.0,3,Success,Payment,Islamabad,PKR,False
TXN-20240116-0003369,WALL-0147857,MERCH-00222,PM-03,DEV-01,2024-01-16 10:53:23,9.03,0.0723,0.0,0,Success,Purchase,Naypyidaw,MMK,False
TXN-20240116-0003370,WALL-0011781,MERCH-00200,PM-05,DEV-02,2024-01-16 14:32:15,11.86,0.0,0.0,1,Success,Purchase,Lahore,PKR,False
TXN-20240116-0003371,WALL-0079785,MERCH-00016,PM-01,DEV-03,2024-01-16 14:25:20,5.25,0.0,0.105,0,Success,Purchase,Da Nang,SGD,False
TXN-20240116-0003372,WALL-0107542,MERCH-00078,PM-02,DEV-01,2024-01-16 18:23:07,18.29,0.0366,0.3657,1,Success,Purchase,Kuala Lumpur,MYR,False
TXN-20240116-0003373,WALL-0068404,MERCH-00262,PM-04,DEV-02,2024-01-16 19:55:38,11.98,0.2397,0.0,1,Success,Subscription,Johor Bahru,MYR,False
TXN-20240116-0003374,WALL-0109501,MERCH-00223,PM-01,DEV-02,2024-01-16 09:36:54,12.67,0.0,0.0,1,Success,Purchase,Pathein,MMK,False
TXN-20240116-0003375,WALL-0012578,MERCH-00135,PM-01,DEV-03,2024-01-16 03:24:25,137.36,0.0,6.868,13,Success,Purchase,Yangon,MMK,False
TXN-20240116-0003376,WALL-0010718,MERCH-00075,PM-02,DEV-02,2024-01-16 15:43:59,10.37,0.0207,0.2074,1,Success,Purchase,Yangon,MMK,False
TXN-20240116-0003377,WALL-0088028,MERCH-00227,PM-03,DEV-01,2024-01-16 06:48:29,5.15,0.0412,0.0,0,Success,Purchase,Myitkyina,MMK,False
TXN-20240116-0003378,WALL-0005933,MERCH-00361,PM-02,DEV-01,2024-01-16 20:41:07,23.08,0.0462,0.0,2,Success,Bill Payment,Pune,INR,False
TXN-20240116-0003379,WALL-0010591,MERCH-00381,PM-03,DEV-03,2024-01-16 12:08:43,28.09,0.2247,0.0,2,Success,Purchase,Cebu City,PHP,False
TXN-20240116-0003380,WALL-0090026,MERCH-00336,PM-03,DEV-01,2024-01-16 14:48:01,129.1,1.0328,0.0,12,Success,Bill Payment,Phuket,THB,False
TXN-20240116-0003381,WALL-0070403,MERCH-00350,PM-01,DEV-01,2024-01-16 13:33:35,43.52,0.0,0.0,4,Success,Bill Payment,Taunggyi,MMK,False
TXN-20240116-0003382,WALL-0097300,MERCH-00332,PM-03,DEV-05,2024-01-16 15:42:58,101.34,0.8107,0.0,10,Success,Bill Payment,Da Nang,VND,False
TXN-20240116-0003383,WALL-0073651,MERCH-00387,PM-04,DEV-03,2024-01-16 14:38:33,34.47,0.6893,0.0,0,Pending,Purchase,Jaipur,BDT,False
TXN-20240116-0003384,WALL-0110089,MERCH-00397,PM-01,DEV-01,2024-01-16 20:05:59,23.24,0.0,0.0,2,Success,Purchase,Pathein,MMK,False
TXN-20240116-0003385,WALL-0066792,MERCH-00059,PM-03,DEV-01,2024-01-16 19:17:45,19.04,0.1523,0.3808,1,Success,Purchase,Yangon,MMK,False
TXN-20240116-0003386,WALL-0146547,MERCH-00389,PM-02,DEV-01,2024-01-16 17:44:38,20.0,0.04,0.0,2,Success,Purchase,Mawlamyine,MMK,False
TXN-20240116-0003387,WALL-0103711,MERCH-00413,PM-04,DEV-01,2024-01-16 16:08:31,67.85,1.3571,0.0,6,Success,Payment,Quezon City,PHP,False
TXN-20240116-0003388,WALL-0089661,MERCH-00300,PM-05,DEV-02,2024-01-16 11:45:55,162.93,0.0,13.0342,32,Success,Purchase,Bago,MMK,False
TXN-20240116-0003389,WALL-0090832,MERCH-00039,PM-03,DEV-05,2024-01-16 15:06:32,22.92,0.1834,0.4584,2,Success,Purchase,Bangkok,THB,False
TXN-20240116-0003390,WALL-0094716,MERCH-00017,PM-01,DEV-01,2024-01-16 21:17:05,19.6,0.0,0.0,0,Reversed,Purchase,Mandalay,MMK,False
TXN-20240116-0003391,WALL-0087433,MERCH-00051,PM-04,DEV-01,2024-01-16 12:03:18,12.38,0.2476,0.2476,1,Success,Purchase,Pathein,MMK,False
TXN-20240116-0003392,WALL-0127386,MERCH-00071,PM-03,DEV-01,2024-01-16 15:57:08,37.68,0.3014,0.7535,3,Success,Purchase,Cebu City,PHP,False
TXN-20240116-0003393,WALL-0140851,MERCH-00231,PM-01,DEV-05,2024-01-16 12:53:45,11.68,0.0,0.0,1,Success,Subscription,Phuket,MMK,False
TXN-20240116-0003394,WALL-0016322,MERCH-00198,PM-01,DEV-03,2024-01-16 11:03:51,19.38,0.0,0.0,1,Success,Purchase,Hanoi,INR,False
TXN-20240116-0003395,WALL-0143754,MERCH-00162,PM-01,DEV-01,2024-01-16 16:41:51,60.91,0.0,3.0457,6,Success,Purchase,Naypyidaw,MMK,False
TXN-20240116-0003396,WALL-0138039,MERCH-00387,PM-03,DEV-01,2024-01-16 18:24:56,88.42,0.7073,0.0,8,Success,Purchase,Pathein,MMK,False
TXN-20240116-0003397,WALL-0067612,MERCH-00446,PM-02,DEV-01,2024-01-16 20:34:11,205.13,0.4103,0.0,20,Success,Tax Payment,Mandalay,MMK,False
TXN-20240116-0003398,WALL-0054678,MERCH-00313,PM-01,DEV-04,2024-01-16 08:03:13,92.12,0.0,0.0,9,Success,Bill Payment,Mawlamyine,MMK,False
TXN-20240116-0003399,WALL-0050792,MERCH-00068,PM-05,DEV-01,2024-01-16 15:46:35,21.77,0.0,0.4353,2,Success,Purchase,Yangon,MMK,False
TXN-20240116-0003400,WALL-0098077,MERCH-00110,PM-02,DEV-03,2024-01-16 11:36:37,130.28,0.2606,0.0,13,Success,Purchase,Kandy,LKR,False
TXN-20240116-0003401,WALL-0007658,MERCH-00094,PM-01,DEV-01,2024-01-16 06:13:55,186.05,0.0,0.0,18,Success,Purchase,Myitkyina,MMK,False
TXN-20240116-0003402,WALL-0020348,MERCH-00434,PM-03,DEV-02,2024-01-16 21:46:25,160.51,1.284,0.0,16,Success,Tax Payment,Bago,MMK,False
TXN-20240116-0003403,WALL-0083992,MERCH-00103,PM-02,DEV-01,2024-01-16 13:44:21,53.1,0.1062,0.0,5,Success,Purchase,Myitkyina,PKR,False
TXN-20240116-0003404,WALL-0120065,MERCH-00111,PM-04,DEV-04,2024-01-16 20:18:26,30.75,0.615,0.0,3,Success,Purchase,Bangalore,INR,False
TXN-20240116-0003405,WALL-0035011,MERCH-00073,PM-02,DEV-03,2024-01-16 18:17:00,21.39,0.0428,0.4277,2,Success,Purchase,Yangon,MMK,False
TXN-20240116-0003406,WALL-0105913,MERCH-00238,PM-01,DEV-01,2024-01-16 14:21:05,10.76,0.0,0.0,1,Success,Subscription,Myitkyina,MMK,False
TXN-20240116-0003407,WALL-0015864,MERCH-00152,PM-01,DEV-01,2024-01-16 15:47:36,55.15,0.0,2.7576,5,Success,Purchase,Phuket,THB,False
TXN-20240116-0003408,WALL-0123519,MERCH-00288,PM-01,DEV-03,2024-01-16 14:13:47,150.38,0.0,12.03,30,Success,Purchase,Lahore,PKR,False
TXN-20240116-0003409,WALL-0105315,MERCH-00437,PM-01,DEV-02,2024-01-16 08:30:07,453.8,0.0,0.0,45,Success,Tax Payment,Medan,IDR,False
TXN-20240116-0003410,WALL-0070971,MERCH-00349,PM-03,DEV-02,2024-01-16 06:37:52,28.57,0.2286,0.0,2,Success,Bill Payment,Bali,IDR,False
TXN-20240116-0003411,WALL-0018876,MERCH-00450,PM-02,DEV-03,2024-01-16 06:45:29,307.14,0.6143,0.0,30,Success,Tax Payment,Mawlamyine,MMK,False
TXN-20240116-0003412,WALL-0013504,MERCH-00408,PM-01,DEV-01,2024-01-16 08:05:46,25.64,0.0,0.0,2,Success,Payment,Pathein,MMK,False
TXN-20240116-0003413,WALL-0000651,MERCH-00057,PM-03,DEV-01,2024-01-16 21:42:12,7.97,0.0638,0.1594,0,Success,Purchase,Kandy,LKR,False
TXN-20240116-0003414,WALL-0078175,MERCH-00161,PM-01,DEV-01,2024-01-16 15:31:32,205.6,0.0,10.2799,20,Success,Purchase,Davao,MMK,False
TXN-20240116-0003415,WALL-0036375,MERCH-00413,PM-03,DEV-05,2024-01-16 13:20:42,20.0,0.16,0.0,2,Success,Payment,Karachi,PKR,False
TXN-20240116-0003416,WALL-0100451,MERCH-00137,PM-01,DEV-01,2024-01-16 07:54:34,222.49,0.0,11.1246,22,Success,Purchase,Cebu City,PHP,False
TXN-20240116-0003417,WALL-0122495,MERCH-00396,PM-01,DEV-02,2024-01-16 19:58:44,39.94,0.0,0.0,3,Success,Purchase,Pathein,MMK,False
TXN-20240116-0003418,WALL-0103826,MERCH-00404,PM-02,DEV-03,2024-01-16 18:08:29,81.66,0.1633,0.0,8,Success,Payment,Bago,MMK,False
TXN-20240116-0003419,WALL-0117807,MERCH-00056,PM-03,DEV-02,2024-01-16 03:27:24,12.05,0.0964,0.241,1,Success,Purchase,Naypyidaw,MMK,False
TXN-20240116-0003420,WALL-0048529,MERCH-00468,PM-01,DEV-02,2024-01-16 09:22:30,279.52,0.0,0.0,27,Success,Payment,Lahore,PKR,False
TXN-20240116-0003421,WALL-0064197,MERCH-00403,PM-03,DEV-01,2024-01-16 21:28:59,226.32,1.8106,0.0,22,Success,Payment,Siem Reap,KHR,False
TXN-20240116-0003422,WALL-0145775,MERCH-00188,PM-01,DEV-01,2024-01-16 18:20:20,36.82,0.0,1.8411,3,Success,Purchase,Kolkata,BDT,False
TXN-20240116-0003423,WALL-0118616,MERCH-00115,PM-01,DEV-02,2024-01-16 12:23:06,19.56,0.0,0.0,1,Success,Purchase,Penang,MYR,False
TXN-20240116-0003424,WALL-0032961,MERCH-00012,PM-02,DEV-01,2024-01-16 02:10:56,43.66,0.0873,0.8732,4,Success,Purchase,Yangon,MMK,False
TXN-20240116-0003425,WALL-0023399,MERCH-00089,PM-01,DEV-03,2024-01-16 07:54:08,33.59,0.0,0.0,3,Success,Purchase,Bago,MMK,False
TXN-20240116-0003426,WALL-0013919,MERCH-00208,PM-01,DEV-03,2024-01-16 13:07:16,19.25,0.0,0.0,1,Success,Purchase,Yangon,MMK,False
TXN-20240116-0003427,WALL-0033316,MERCH-00081,PM-04,DEV-02,2024-01-16 00:35:23,17.81,0.3562,0.0,1,Success,Purchase,Ho Chi Minh City,VND,False
TXN-20240116-0003428,WALL-0084332,MERCH-00024,PM-03,DEV-01,2024-01-16 18:37:29,28.39,0.2271,0.5678,2,Success,Purchase,Chennai,INR,False
TXN-20240116-0003429,WALL-0142921,MERCH-00433,PM-01,DEV-02,2024-01-16 05:28:12,236.52,0.0,0.0,23,Success,Tax Payment,Phuket,THB,False
TXN-20240116-0003430,WALL-0090389,MERCH-00362,PM-02,DEV-01,2024-01-16 20:17:47,15.65,0.0313,0.0,1,Success,Bill Payment,Medan,IDR,False
TXN-20240116-0003431,WALL-0086570,MERCH-00005,PM-01,DEV-01,2024-01-16 12:24:38,7.5,0.0,0.1499,0,Success,Purchase,Da Nang,VND,False
TXN-20240116-0003432,WALL-0004906,MERCH-00209,PM-03,DEV-01,2024-01-16 19:31:50,13.89,0.1111,0.0,1,Success,Purchase,Yangon,MMK,False
TXN-20240116-0003433,WALL-0146317,MERCH-00191,PM-04,DEV-01,2024-01-16 13:10:33,16.56,0.3312,0.0,1,Success,Purchase,Yangon,MMK,False
TXN-20240116-0003434,WALL-0139584,MERCH-00239,PM-02,DEV-01,2024-01-16 08:09:08,29.74,0.0595,0.0,2,Success,Subscription,Khon Kaen,THB,False
TXN-20240116-0003435,WALL-0044147,MERCH-00011,PM-05,DEV-02,2024-01-16 15:59:28,59.6,0.0,1.1921,5,Success,Purchase,Yangon,MMK,False
TXN-20240116-0003436,WALL-0069990,MERCH-00306,PM-02,DEV-03,2024-01-16 17:31:15,1560.16,3.1203,124.8124,312,Success,Purchase,Surabaya,IDR,False
TXN-20240116-0003437,WALL-0010166,MERCH-00354,PM-01,DEV-03,2024-01-16 21:23:31,26.51,0.0,0.0,2,Success,Bill Payment,Khon Kaen,THB,False
TXN-20240116-0003438,WALL-0126812,MERCH-00061,PM-02,DEV-01,2024-01-16 21:14:12,60.0,0.12,1.2,6,Success,Purchase,Taunggyi,MMK,False
TXN-20240116-0003439,WALL-0045355,MERCH-00135,PM-02,DEV-01,2024-01-16 22:55:31,33.53,0.0671,1.6764,3,Success,Purchase,Mawlamyine,MMK,False
TXN-20240116-0003440,WALL-0026957,MERCH-00160,PM-01,DEV-01,2024-01-16 21:45:39,349.1,0.0,17.4552,34,Success,Purchase,Mawlamyine,MMK,False
TXN-20240116-0003441,WALL-0133664,MERCH-00025,PM-03,DEV-02,2024-01-16 05:17:23,5.15,0.0412,0.1029,0,Success,Purchase,Phuket,THB,False
TXN-20240116-0003442,WALL-0141785,MERCH-00276,PM-02,DEV-01,2024-01-16 15:32:32,621.49,1.243,49.7195,124,Success,Purchase,Yangon,MMK,False
TXN-20240116-0003443,WALL-0141409,MERCH-00176,PM-01,DEV-04,2024-01-16 20:58:38,128.51,0.0,6.4254,12,Success,Purchase,Bago,MMK,False
TXN-20240116-0003444,WALL-0083493,MERCH-00271,PM-04,DEV-02,2024-01-16 21:50:35,991.27,19.8254,79.3016,198,Success,Purchase,Myitkyina,MMK,False
TXN-20240116-0003445,WALL-0083243,MERCH-00087,PM-02,DEV-02,2024-01-16 12:32:55,15.36,0.0307,0.0,1,Success,Purchase,Bago,MMK,False
TXN-20240116-0003446,WALL-0087545,MERCH-00060,PM-03,DEV-05,2024-01-16 13:45:20,14.37,0.115,0.2874,1,Success,Purchase,Pathein,MMK,False
TXN-20240116-0003447,WALL-0063183,MERCH-00100,PM-01,DEV-01,2024-01-16 22:10:47,96.56,0.0,0.0,0,Failed,Purchase,Mawlamyine,MMK,False
TXN-20240116-0003448,WALL-0146317,MERCH-00021,PM-02,DEV-01,2024-01-16 20:12:28,33.35,0.0667,0.667,3,Success,Purchase,Yangon,MMK,False
TXN-20240116-0003449,WALL-0077948,MERCH-00318,PM-04,DEV-01,2024-01-16 12:43:20,157.18,3.1436,0.0,15,Success,Bill Payment,Yangon,MMK,False
TXN-20240116-0003450,WALL-0089317,MERCH-00020,PM-01,DEV-01,2024-01-16 21:34:41,19.47,0.0,0.3895,1,Success,Purchase,Naypyidaw,MMK,False
TXN-20240116-0003451,WALL-0118115,MERCH-00166,PM-01,DEV-01,2024-01-16 21:04:55,78.41,0.0,3.9205,7,Success,Purchase,Manila,PHP,False
TXN-20240116-0003452,WALL-0125824,MERCH-00144,PM-03,DEV-01,2024-01-16 13:17:23,185.47,1.4837,9.2733,18,Success,Purchase,Hyderabad,INR,False
TXN-20240116-0003453,WALL-0052885,MERCH-00077,PM-02,DEV-01,2024-01-16 20:40:36,10.24,0.0205,0.2048,1,Success,Purchase,Mawlamyine,MMK,False
TXN-20240116-0003454,WALL-0025857,MERCH-00094,PM-04,DEV-03,2024-01-16 14:04:18,22.96,0.4592,0.0,2,Success,Purchase,Bandung,INR,False
TXN-20240116-0003455,WALL-0112243,MERCH-00184,PM-01,DEV-01,2024-01-16 07:55:24,91.05,0.0,4.5524,9,Success,Purchase,Pathein,MMK,False
TXN-20240116-0003456,WALL-0031658,MERCH-00423,PM-01,DEV-01,2024-01-16 14:04:45,43.96,0.0,0.0,4,Success,Payment,Kuala Lumpur,MYR,False
TXN-20240116-0003457,WALL-0127683,MERCH-00088,PM-02,DEV-01,2024-01-16 21:09:00,129.14,0.2583,0.0,12,Success,Purchase,Pathein,MMK,False
TXN-20240116-0003458,WALL-0072824,MERCH-00100,PM-02,DEV-01,2024-01-16 13:06:22,11.39,0.0228,0.0,1,Success,Purchase,Naypyidaw,MMK,False
TXN-20240116-0003459,WALL-0065277,MERCH-00080,PM-03,DEV-02,2024-01-16 13:03:53,18.52,0.1481,0.3703,1,Success,Purchase,Bago,MMK,False
TXN-20240116-0003460,WALL-0042132,MERCH-00490,PM-04,DEV-01,2024-01-16 14:44:51,50.0,1.0,0.0,5,Success,Payment,Kolkata,INR,False
TXN-20240116-0003461,WALL-0088146,MERCH-00060,PM-02,DEV-03,2024-01-16 20:32:15,20.77,0.0415,0.4154,2,Success,Purchase,Singapore,SGD,False
TXN-20240116-0003462,WALL-0129529,MERCH-00324,PM-01,DEV-02,2024-01-16 13:06:35,249.94,0.0,0.0,24,Success,Bill Payment,Pathein,MMK,False
TXN-20240116-0003463,WALL-0087319,MERCH-00105,PM-04,DEV-01,2024-01-16 11:28:49,43.38,0.8676,0.0,4,Success,Purchase,Jaipur,INR,False
TXN-20240116-0003464,WALL-0005691,MERCH-00035,PM-01,DEV-01,2024-01-16 14:58:53,34.87,0.0,0.6974,3,Success,Purchase,Myitkyina,MMK,False
TXN-20240116-0003465,WALL-0117722,MERCH-00067,PM-02,DEV-03,2024-01-16 10:27:58,28.71,0.0574,0.5742,2,Success,Purchase,Delhi,INR,False
TXN-20240116-0003466,WALL-0125699,MERCH-00445,PM-01,DEV-03,2024-01-16 16:32:05,50.0,0.0,0.0,5,Success,Tax Payment,Khon Kaen,THB,False
TXN-20240116-0003467,WALL-0145350,MERCH-00184,PM-01,DEV-03,2024-01-16 16:22:09,25.61,0.0,1.2807,2,Success,Purchase,Islamabad,PKR,False
TXN-20240116-0003468,WALL-0148151,MERCH-00207,PM-02,DEV-02,2024-01-16 22:27:12,7.5,0.015,0.0,0,Success,Purchase,Pathein,MMK,False
TXN-20240116-0003469,WALL-0011118,MERCH-00157,PM-04,DEV-03,2024-01-16 04:53:33,100.52,2.0104,5.0259,10,Success,Purchase,Kandy,MMK,False
TXN-20240116-0003470,WALL-0081497,MERCH-00203,PM-01,DEV-01,2024-01-16 18:24:25,21.18,0.0,0.0,2,Success,Purchase,Islamabad,PKR,False
TXN-20240116-0003471,WALL-0082193,MERCH-00288,PM-04,DEV-01,2024-01-16 14:52:55,407.62,8.1525,32.6099,81,Success,Purchase,Naypyidaw,MMK,False
TXN-20240116-0003472,WALL-0006418,MERCH-00107,PM-01,DEV-03,2024-01-16 11:04:16,35.45,0.0,0.0,3,Success,Purchase,Penang,MYR,False
TXN-20240116-0003473,WALL-0125097,MERCH-00128,PM-01,DEV-02,2024-01-16 13:32:15,37.09,0.0,0.0,3,Success,Purchase,Naypyidaw,MMK,False
TXN-20240116-0003474,WALL-0133525,MERCH-00483,PM-01,DEV-01,2024-01-16 18:24:52,1120.71,0.0,0.0,112,Success,Payment,Yangon,MMK,False
TXN-20240116-0003475,WALL-0090639,MERCH-00015,PM-01,DEV-01,2024-01-16 12:58:44,11.12,0.0,0.2225,1,Success,Purchase,Yangon,MMK,False
TXN-20240116-0003476,WALL-0147738,MERCH-00166,PM-02,DEV-01,2024-01-16 12:36:51,732.01,1.464,0.0,0,Failed,Purchase,Yangon,MMK,False
TXN-20240116-0003477,WALL-0091512,MERCH-00199,PM-02,DEV-05,2024-01-16 11:43:50,15.44,0.0309,0.0,0,Failed,Purchase,Bangalore,INR,False
TXN-20240116-0003478,WALL-0077936,MERCH-00112,PM-01,DEV-03,2024-01-16 12:29:18,87.89,0.0,0.0,8,Success,Purchase,Jakarta,IDR,False
TXN-20240116-0003479,WALL-0036189,MERCH-00028,PM-05,DEV-01,2024-01-16 07:03:16,24.88,0.0,0.4977,2,Success,Purchase,Phuket,THB,False
TXN-20240116-0003480,WALL-0052885,MERCH-00255,PM-03,DEV-03,2024-01-16 19:46:59,6.9,0.0552,0.0,0,Success,Subscription,Mawlamyine,MMK,False
TXN-20240116-0003481,WALL-0012987,MERCH-00100,PM-03,DEV-01,2024-01-16 11:47:53,46.23,0.3699,0.0,4,Success,Purchase,Bago,MMK,False
TXN-20240116-0003482,WALL-0093215,MERCH-00196,PM-03,DEV-01,2024-01-16 21:04:35,13.7,0.1096,0.0,1,Success,Purchase,Manila,IDR,False
TXN-20240116-0003483,WALL-0107918,MERCH-00239,PM-02,DEV-02,2024-01-16 08:00:50,13.37,0.0267,0.0,1,Success,Subscription,Cebu City,PHP,False
TXN-20240116-0003484,WALL-0108106,MERCH-00045,PM-03,DEV-01,2024-01-16 15:37:43,12.17,0.0973,0.2434,1,Success,Purchase,Lahore,PKR,False
TXN-20240116-0003485,WALL-0095313,MERCH-00022,PM-01,DEV-02,2024-01-16 13:59:43,15.47,0.0,0.3093,1,Success,Purchase,Bago,MMK,False
TXN-20240116-0003486,WALL-0002864,MERCH-00371,PM-01,DEV-04,2024-01-16 17:44:06,198.0,0.0,0.0,19,Success,Purchase,Jaipur,INR,False
TXN-20240116-0003487,WALL-0040684,MERCH-00069,PM-01,DEV-02,2024-01-16 11:21:17,5.0,0.0,0.1,0,Success,Purchase,Bangkok,BDT,False
TXN-20240116-0003488,WALL-0107737,MERCH-00192,PM-04,DEV-04,2024-01-16 15:41:55,6.15,0.1231,0.0,0,Success,Purchase,Kathmandu,NPR,False
TXN-20240116-0003489,WALL-0017646,MERCH-00274,PM-03,DEV-01,2024-01-16 08:48:49,742.25,5.938,59.3802,148,Success,Purchase,Taunggyi,MMK,False
TXN-20240116-0003490,WALL-0027191,MERCH-00205,PM-01,DEV-01,2024-01-16 18:12:55,8.46,0.0,0.0,0,Success,Purchase,Bangalore,INR,False
TXN-20240116-0003491,WALL-0008065,MERCH-00220,PM-04,DEV-01,2024-01-16 06:37:46,20.95,0.419,0.0,2,Success,Purchase,Mandalay,MMK,False
TXN-20240116-0003492,WALL-0082191,MERCH-00182,PM-01,DEV-03,2024-01-16 14:42:44,124.23,0.0,6.2114,12,Success,Purchase,Mandalay,INR,False
TXN-20240116-0003493,WALL-0079459,MERCH-00446,PM-01,DEV-03,2024-01-16 21:39:30,50.0,0.0,0.0,5,Success,Tax Payment,Phnom Penh,KHR,False
TXN-20240116-0003494,WALL-0042884,MERCH-00048,PM-04,DEV-03,2024-01-16 13:28:45,15.72,0.3144,0.3144,1,Success,Purchase,Bago,MMK,False
TXN-20240116-0003495,WALL-0035258,MERCH-00265,PM-01,DEV-02,2024-01-16 17:20:43,37.65,0.0,0.0,3,Success,Subscription,Taunggyi,MMK,False
TXN-20240116-0003496,WALL-0079282,MERCH-00040,PM-01,DEV-01,2024-01-16 08:52:42,6.03,0.0,0.1206,0,Success,Purchase,Karachi,PKR,False
TXN-20240116-0003497,WALL-0088332,MERCH-00069,PM-01,DEV-03,2024-01-16 20:41:00,32.56,0.0,0.6511,3,Success,Purchase,Pokhara,NPR,False
TXN-20240116-0003498,WALL-0097011,MERCH-00065,PM-02,DEV-05,2024-01-16 13:49:53,21.85,0.0437,0.4371,2,Success,Purchase,Naypyidaw,MMK,False
TXN-20240116-0003499,WALL-0053428,MERCH-00377,PM-02,DEV-01,2024-01-16 15:03:10,32.8,0.0656,0.0,3,Success,Purchase,Kandy,LKR,False
TXN-20240116-0003500,WALL-0077944,MERCH-00485,PM-04,DEV-01,2024-01-16 14:05:53,650.38,13.0077,0.0,65,Success,Payment,Colombo,LKR,False
TXN-20240116-0003501,WALL-0078012,MERCH-00090,PM-04,DEV-01,2024-01-16 23:54:34,175.54,3.5107,0.0,17,Success,Purchase,Bangalore,INR,False
TXN-20240116-0003502,WALL-0057352,MERCH-00108,PM-01,DEV-02,2024-01-16 13:28:43,65.43,0.0,0.0,6,Success,Purchase,Mumbai,MMK,False
TXN-20240116-0003503,WALL-0067707,MERCH-00203,PM-03,DEV-03,2024-01-16 21:28:42,8.11,0.0649,0.0,0,Success,Purchase,Phnom Penh,KHR,False
TXN-20240116-0003504,WALL-0038609,MERCH-00147,PM-01,DEV-01,2024-01-16 10:22:35,50.55,0.0,2.5275,5,Success,Purchase,Pokhara,NPR,False
TXN-20240116-0003505,WALL-0044893,MERCH-00204,PM-03,DEV-03,2024-01-16 17:48:41,21.58,0.1726,0.0,2,Success,Purchase,Delhi,INR,False
TXN-20240116-0003506,WALL-0005156,MERCH-00095,PM-02,DEV-01,2024-01-16 16:55:46,60.23,0.1205,0.0,6,Success,Purchase,Cebu City,PHP,False
TXN-20240116-0003507,WALL-0117167,MERCH-00077,PM-01,DEV-03,2024-01-16 19:51:07,14.66,0.0,0.2932,1,Success,Purchase,Yangon,MMK,False
TXN-20240116-0003508,WALL-0147953,MERCH-00121,PM-03,DEV-01,2024-01-16 18:42:43,37.43,0.2994,0.0,3,Success,Purchase,Jaipur,INR,False
TXN-20240116-0003509,WALL-0056516,MERCH-00343,PM-02,DEV-01,2024-01-16 18:06:22,105.17,0.2103,0.0,10,Success,Bill Payment,Davao,PHP,False
TXN-20240116-0003510,WALL-0145600,MERCH-00443,PM-01,DEV-02,2024-01-16 16:16:06,136.59,0.0,0.0,13,Success,Tax Payment,Islamabad,PKR,False
TXN-20240116-0003511,WALL-0025862,MERCH-00331,PM-01,DEV-01,2024-01-16 04:30:55,64.06,0.0,0.0,6,Success,Bill Payment,Colombo,LKR,False
TXN-20240116-0003512,WALL-0012447,MERCH-00083,PM-02,DEV-01,2024-01-16 18:05:27,72.53,0.1451,0.0,7,Success,Purchase,Quezon City,PHP,False
TXN-20240116-0003513,WALL-0095923,MERCH-00339,PM-01,DEV-01,2024-01-16 21:13:18,118.14,0.0,0.0,11,Success,Bill Payment,Colombo,LKR,False
TXN-20240116-0003514,WALL-0064885,MERCH-00208,PM-02,DEV-01,2024-01-16 23:06:58,5.27,0.0105,0.0,0,Success,Purchase,Phnom Penh,KHR,False
TXN-20240116-0003515,WALL-0099175,MERCH-00202,PM-02,DEV-01,2024-01-16 10:18:58,10.64,0.0213,0.0,0,Pending,Purchase,Kandy,LKR,False
TXN-20240116-0003516,WALL-0110941,MERCH-00341,PM-03,DEV-01,2024-01-16 20:14:09,42.14,0.3372,0.0,4,Success,Bill Payment,Pattaya,LKR,False
TXN-20240116-0003517,WALL-0054324,MERCH-00251,PM-02,DEV-01,2024-01-16 15:36:20,22.76,0.0455,0.0,2,Success,Subscription,Pathein,MMK,False
TXN-20240116-0003518,WALL-0105499,MERCH-00086,PM-01,DEV-05,2024-01-16 15:58:13,49.68,0.0,0.0,4,Success,Purchase,Hyderabad,PHP,False
TXN-20240116-0003519,WALL-0098583,MERCH-00078,PM-05,DEV-03,2024-01-16 08:08:16,8.49,0.0,0.1699,0,Success,Purchase,Quezon City,PHP,False
TXN-20240116-0003520,WALL-0100221,MERCH-00025,PM-01,DEV-01,2024-01-16 17:16:47,13.4,0.0,0.2681,1,Success,Purchase,Mandalay,MMK,False
TXN-20240116-0003521,WALL-0031033,MERCH-00402,PM-01,DEV-03,2024-01-16 19:32:35,67.3,0.0,0.0,6,Success,Payment,Colombo,LKR,False
TXN-20240116-0003522,WALL-0026945,MERCH-00010,PM-04,DEV-02,2024-01-16 16:37:39,12.09,0.2417,0.2417,1,Success,Purchase,Mandalay,MMK,False
TXN-20240116-0003523,WALL-0140589,MERCH-00364,PM-01,DEV-03,2024-01-16 08:29:24,29.99,0.0,0.0,2,Success,Bill Payment,Pathein,MMK,False
TXN-20240116-0003524,WALL-0028051,MERCH-00356,PM-03,DEV-02,2024-01-16 23:28:25,48.0,0.384,0.0,4,Success,Bill Payment,Myitkyina,MMK,False
TXN-20240116-0003525,WALL-0063257,MERCH-00251,PM-05,DEV-01,2024-01-16 16:00:40,6.01,0.0,0.0,0,Success,Subscription,Khon Kaen,THB,False
TXN-20240116-0003526,WALL-0109175,MERCH-00006,PM-03,DEV-02,2024-01-16 17:05:19,26.99,0.2159,0.5398,2,Success,Purchase,Bangalore,INR,False
TXN-20240116-0003527,WALL-0054392,MERCH-00419,PM-01,DEV-01,2024-01-16 08:04:33,96.35,0.0,0.0,9,Success,Payment,Hanoi,VND,False
TXN-20240116-0003528,WALL-0016156,MERCH-00091,PM-01,DEV-02,2024-01-16 12:15:31,13.05,0.0,0.0,1,Success,Purchase,Naypyidaw,MMK,False
TXN-20240116-0003529,WALL-0041660,MERCH-00331,PM-03,DEV-01,2024-01-16 16:15:35,58.06,0.4645,0.0,5,Success,Bill Payment,Kandy,LKR,False
TXN-20240116-0003530,WALL-0033641,MERCH-00239,PM-01,DEV-01,2024-01-16 16:45:56,20.52,0.0,0.0,2,Success,Subscription,Pathein,MMK,False
TXN-20240116-0003531,WALL-0054303,MERCH-00417,PM-02,DEV-02,2024-01-16 10:35:59,35.8,0.0716,0.0,3,Success,Payment,Mandalay,MMK,False
TXN-20240116-0003532,WALL-0065762,MERCH-00226,PM-04,DEV-05,2024-01-16 18:42:38,10.26,0.2052,0.0,1,Success,Purchase,Kathmandu,MMK,False
TXN-20240116-0003533,WALL-0114273,MERCH-00160,PM-04,DEV-01,2024-01-16 05:13:17,229.66,4.5933,11.4832,22,Success,Purchase,Da Nang,VND,False
TXN-20240116-0003534,WALL-0132272,MERCH-00411,PM-04,DEV-01,2024-01-16 03:56:13,34.79,0.6958,0.0,3,Success,Payment,Phuket,THB,False
TXN-20240116-0003535,WALL-0009036,MERCH-00437,PM-02,DEV-03,2024-01-16 18:55:44,253.71,0.5074,0.0,25,Success,Tax Payment,Delhi,INR,False
TXN-20240116-0003536,WALL-0076073,MERCH-00127,PM-03,DEV-01,2024-01-16 15:24:18,37.96,0.3037,0.0,3,Success,Purchase,Phuket,THB,False
TXN-20240116-0003537,WALL-0064701,MERCH-00402,PM-02,DEV-03,2024-01-16 12:13:41,90.53,0.1811,0.0,9,Success,Payment,Bago,MMK,False
TXN-20240116-0003538,WALL-0098007,MERCH-00019,PM-02,DEV-01,2024-01-16 19:16:36,18.26,0.0365,0.3652,1,Success,Purchase,Mawlamyine,MMK,False
TXN-20240116-0003539,WALL-0086154,MERCH-00387,PM-01,DEV-01,2024-01-16 11:47:42,198.0,0.0,0.0,19,Success,Purchase,Chennai,INR,False
TXN-20240116-0003540,WALL-0068963,MERCH-00096,PM-01,DEV-02,2024-01-16 16:06:25,46.61,0.0,0.0,4,Success,Purchase,Myitkyina,MMK,False
TXN-20240116-0003541,WALL-0001006,MERCH-00385,PM-03,DEV-01,2024-01-16 06:46:04,20.0,0.16,0.0,2,Success,Purchase,Taunggyi,MMK,False
TXN-20240116-0003542,WALL-0077577,MERCH-00347,PM-03,DEV-02,2024-01-16 23:21:21,74.69,0.5975,0.0,7,Success,Bill Payment,Karachi,MYR,False
TXN-20240116-0003543,WALL-0047451,MERCH-00053,PM-01,DEV-03,2024-01-16 18:45:45,11.07,0.0,0.0,0,Pending,Purchase,Myitkyina,MMK,False
TXN-20240116-0003544,WALL-0023849,MERCH-00347,PM-01,DEV-01,2024-01-16 20:49:55,48.58,0.0,0.0,4,Success,Bill Payment,Chiang Mai,MMK,False
TXN-20240116-0003545,WALL-0041258,MERCH-00189,PM-02,DEV-03,2024-01-16 14:58:00,183.65,0.3673,9.1825,18,Success,Purchase,Myitkyina,MMK,False
TXN-20240116-0003546,WALL-0040866,MERCH-00020,PM-02,DEV-01,2024-01-16 09:08:20,19.15,0.0383,0.3829,1,Success,Purchase,Yangon,MYR,False
TXN-20240116-0003547,WALL-0000145,MERCH-00116,PM-01,DEV-02,2024-01-16 19:15:55,21.24,0.0,0.0,2,Success,Purchase,Jaipur,INR,False
TXN-20240116-0003548,WALL-0101152,MERCH-00314,PM-01,DEV-02,2024-01-16 18:10:14,48.02,0.0,0.0,4,Success,Bill Payment,Pokhara,PHP,False
TXN-20240116-0003549,WALL-0033875,MERCH-00314,PM-01,DEV-05,2024-01-16 13:01:22,57.97,0.0,0.0,5,Success,Bill Payment,Naypyidaw,MMK,False
TXN-20240116-0003550,WALL-0061495,MERCH-00328,PM-02,DEV-01,2024-01-16 12:34:01,230.66,0.4613,0.0,23,Success,Bill Payment,Bago,MMK,False
TXN-20240116-0003551,WALL-0036013,MERCH-00108,PM-03,DEV-03,2024-01-16 16:53:45,25.04,0.2003,0.0,2,Success,Purchase,Yangon,MMK,False
TXN-20240116-0003552,WALL-0070450,MERCH-00490,PM-03,DEV-01,2024-01-16 21:44:59,434.0,3.472,0.0,43,Success,Payment,Bago,MMK,False
TXN-20240116-0003553,WALL-0028006,MERCH-00008,PM-02,DEV-02,2024-01-16 12:57:02,8.65,0.0173,0.173,0,Success,Purchase,Ahmedabad,INR,False
TXN-20240116-0003554,WALL-0029202,MERCH-00275,PM-01,DEV-01,2024-01-16 19:50:22,566.3,0.0,45.3042,113,Success,Purchase,Chiang Mai,THB,False
TXN-20240116-0003555,WALL-0117504,MERCH-00334,PM-01,DEV-01,2024-01-16 23:28:49,131.98,0.0,0.0,13,Success,Bill Payment,Ho Chi Minh City,VND,False
TXN-20240116-0003556,WALL-0068312,MERCH-00336,PM-01,DEV-01,2024-01-16 09:17:29,168.38,0.0,0.0,16,Success,Bill Payment,Jaipur,INR,False
TXN-20240116-0003557,WALL-0039689,MERCH-00435,PM-01,DEV-01,2024-01-16 13:10:51,53.28,0.0,0.0,5,Success,Tax Payment,Mandalay,MMK,False
TXN-20240116-0003558,WALL-0101600,MERCH-00301,PM-02,DEV-03,2024-01-16 15:20:49,282.64,0.5653,22.6109,56,Success,Purchase,Pathein,MMK,False
TXN-20240116-0003559,WALL-0006817,MERCH-00002,PM-01,DEV-04,2024-01-16 19:25:02,41.9,0.0,0.8379,4,Success,Purchase,Mandalay,MMK,False
TXN-20240116-0003560,WALL-0128108,MERCH-00285,PM-02,DEV-01,2024-01-16 15:32:28,331.24,0.6625,26.499,66,Success,Purchase,Jaipur,INR,False
TXN-20240116-0003561,WALL-0090532,MERCH-00396,PM-01,DEV-01,2024-01-16 19:14:08,58.17,0.0,0.0,5,Success,Purchase,Chittagong,BDT,False
TXN-20240116-0003562,WALL-0064811,MERCH-00273,PM-01,DEV-03,2024-01-16 21:04:36,2369.33,0.0,189.5463,473,Success,Purchase,Penang,MYR,False
TXN-20240116-0003563,WALL-0087810,MERCH-00194,PM-01,DEV-01,2024-01-16 03:18:04,10.92,0.0,0.0,1,Success,Purchase,Pathein,MMK,False
TXN-20240116-0003564,WALL-0014461,MERCH-00100,PM-01,DEV-01,2024-01-16 10:59:51,64.0,0.0,0.0,6,Success,Purchase,Mandalay,MMK,False
TXN-20240116-0003565,WALL-0078168,MERCH-00382,PM-04,DEV-01,2024-01-16 14:32:12,87.22,1.7444,0.0,8,Success,Purchase,Pathein,MMK,False
TXN-20240116-0003566,WALL-0035845,MERCH-00042,PM-01,DEV-01,2024-01-16 10:56:16,16.11,0.0,0.3222,1,Success,Purchase,Pathein,MMK,False
TXN-20240116-0003567,WALL-0059988,MERCH-00071,PM-01,DEV-01,2024-01-16 13:35:15,5.0,0.0,0.1,0,Success,Purchase,Hyderabad,INR,False
TXN-20240116-0003568,WALL-0014787,MERCH-00046,PM-02,DEV-01,2024-01-16 16:35:38,10.97,0.0219,0.2194,1,Success,Purchase,Islamabad,PKR,False
TXN-20240116-0003569,WALL-0023347,MERCH-00077,PM-03,DEV-03,2024-01-16 19:48:34,11.49,0.0919,0.2298,1,Success,Purchase,Jaipur,INR,False
TXN-20240116-0003570,WALL-0129225,MERCH-00105,PM-01,DEV-01,2024-01-16 21:58:33,46.74,0.0,0.0,4,Success,Purchase,Mandalay,MMK,False
TXN-20240116-0003571,WALL-0087942,MERCH-00076,PM-02,DEV-03,2024-01-16 20:40:51,40.86,0.0817,0.8171,4,Success,Purchase,Lahore,PKR,False
TXN-20240116-0003572,WALL-0098713,MERCH-00306,PM-02,DEV-01,2024-01-16 23:36:42,445.0,0.89,35.5999,88,Success,Purchase,Bandung,IDR,False
TXN-20240116-0003573,WALL-0021017,MERCH-00330,PM-01,DEV-01,2024-01-16 08:21:37,95.81,0.0,0.0,9,Success,Bill Payment,Taunggyi,MMK,False
TXN-20240116-0003574,WALL-0027303,MERCH-00080,PM-01,DEV-02,2024-01-16 20:17:49,31.68,0.0,0.6337,3,Success,Purchase,Ahmedabad,INR,False
TXN-20240116-0003575,WALL-0103651,MERCH-00226,PM-02,DEV-03,2024-01-16 19:08:54,6.31,0.0126,0.0,0,Success,Purchase,Ho Chi Minh City,VND,False
TXN-20240116-0003576,WALL-0110549,MERCH-00178,PM-03,DEV-05,2024-01-16 08:25:05,134.38,1.075,6.719,13,Success,Purchase,Singapore,SGD,False
TXN-20240116-0003577,WALL-0125752,MERCH-00070,PM-01,DEV-02,2024-01-16 13:15:34,20.38,0.0,0.4076,2,Success,Purchase,Pune,INR,False
TXN-20240116-0003578,WALL-0069720,MERCH-00226,PM-01,DEV-03,2024-01-16 17:32:13,5.0,0.0,0.0,0,Success,Purchase,Jaipur,MMK,False
TXN-20240116-0003579,WALL-0136737,MERCH-00303,PM-02,DEV-02,2024-01-16 06:20:01,133.23,0.2665,10.6585,26,Success,Purchase,Phnom Penh,KHR,False
TXN-20240116-0003580,WALL-0051279,MERCH-00036,PM-03,DEV-03,2024-01-16 05:04:20,19.21,0.1536,0.3841,1,Success,Purchase,Dhaka,BDT,False
TXN-20240116-0003581,WALL-0079102,MERCH-00057,PM-01,DEV-01,2024-01-16 06:46:33,16.37,0.0,0.3273,1,Success,Purchase,Da Nang,MMK,False
TXN-20240116-0003582,WALL-0006429,MERCH-00424,PM-01,DEV-02,2024-01-16 21:47:52,200.52,0.0,0.0,20,Success,Payment,Khon Kaen,THB,False
TXN-20240116-0003583,WALL-0051292,MERCH-00334,PM-01,DEV-01,2024-01-16 17:32:59,46.08,0.0,0.0,4,Success,Bill Payment,Pathein,MMK,False
TXN-20240116-0003584,WALL-0010708,MERCH-00431,PM-02,DEV-05,2024-01-16 15:25:00,394.89,0.7898,0.0,39,Success,Tax Payment,Naypyidaw,MMK,False
TXN-20240116-0003585,WALL-0080322,MERCH-00186,PM-01,DEV-01,2024-01-16 18:06:51,131.43,0.0,6.5713,13,Success,Purchase,Mawlamyine,MMK,False
TXN-20240116-0003586,WALL-0101339,MERCH-00318,PM-01,DEV-02,2024-01-16 08:52:36,82.3,0.0,0.0,8,Success,Bill Payment,Mandalay,MMK,False
TXN-20240116-0003587,WALL-0004366,MERCH-00290,PM-01,DEV-02,2024-01-16 21:44:32,1860.03,0.0,148.8022,372,Success,Purchase,Phuket,THB,False
TXN-20240116-0003588,WALL-0043122,MERCH-00193,PM-01,DEV-01,2024-01-16 15:56:30,24.16,0.0,0.0,2,Success,Purchase,Mumbai,INR,False
TXN-20240116-0003589,WALL-0119494,MERCH-00013,PM-01,DEV-02,2024-01-16 17:39:19,19.41,0.0,0.3882,1,Success,Purchase,Yangon,MMK,False
TXN-20240116-0003590,WALL-0111486,MERCH-00276,PM-01,DEV-03,2024-01-16 16:21:00,261.66,0.0,20.9326,52,Success,Purchase,Naypyidaw,MMK,False
TXN-20240116-0003591,WALL-0044766,MERCH-00219,PM-01,DEV-01,2024-01-16 18:13:10,9.28,0.0,0.0,0,Success,Purchase,Taunggyi,MMK,False
TXN-20240116-0003592,WALL-0016109,MERCH-00403,PM-01,DEV-02,2024-01-16 20:08:48,67.37,0.0,0.0,6,Success,Payment,Phnom Penh,KHR,False
TXN-20240116-0003593,WALL-0100105,MERCH-00053,PM-04,DEV-01,2024-01-16 11:58:36,32.13,0.6425,0.0,0,Failed,Purchase,Myitkyina,MMK,False
TXN-20240116-0003594,WALL-0073410,MERCH-00013,PM-04,DEV-01,2024-01-16 04:38:40,19.84,0.3969,0.3969,1,Success,Purchase,Chittagong,BDT,False
TXN-20240116-0003595,WALL-0027172,MERCH-00345,PM-01,DEV-01,2024-01-16 10:46:17,36.65,0.0,0.0,3,Success,Bill Payment,Bangkok,THB,False
TXN-20240116-0003596,WALL-0023945,MERCH-00160,PM-01,DEV-03,2024-01-16 13:15:08,347.94,0.0,17.3968,34,Success,Purchase,Hyderabad,INR,False
TXN-20240116-0003597,WALL-0127585,MERCH-00182,PM-04,DEV-02,2024-01-16 12:13:33,156.32,3.1263,7.8158,15,Success,Purchase,Siem Reap,MMK,False
TXN-20240116-0003598,WALL-0129234,MERCH-00425,PM-01,DEV-03,2024-01-16 14:52:13,63.72,0.0,0.0,6,Success,Payment,Taunggyi,MMK,False
TXN-20240116-0003599,WALL-0073731,MERCH-00382,PM-01,DEV-02,2024-01-16 13:31:13,53.39,0.0,0.0,5,Success,Purchase,Medan,IDR,False
TXN-20240116-0003600,WALL-0129057,MERCH-00393,PM-01,DEV-01,2024-01-16 16:34:56,54.85,0.0,0.0,5,Success,Purchase,Ahmedabad,INR,False
TXN-20240116-0003601,WALL-0004161,MERCH-00319,PM-02,DEV-02,2024-01-16 13:08:01,53.71,0.1074,0.0,5,Success,Bill Payment,Siem Reap,KHR,False
TXN-20240116-0003602,WALL-0048079,MERCH-00176,PM-01,DEV-02,2024-01-16 21:22:38,35.21,0.0,1.7605,3,Success,Purchase,Cebu City,PHP,False
TXN-20240116-0003603,WALL-0081931,MERCH-00241,PM-02,DEV-01,2024-01-16 17:31:13,20.67,0.0413,0.0,2,Success,Subscription,Mawlamyine,MMK,False
TXN-20240116-0003604,WALL-0074343,MERCH-00227,PM-02,DEV-01,2024-01-16 19:28:27,13.67,0.0273,0.0,1,Success,Purchase,Bangkok,THB,False
TXN-20240116-0003605,WALL-0082957,MERCH-00098,PM-01,DEV-03,2024-01-16 21:26:13,24.34,0.0,0.0,2,Success,Purchase,Naypyidaw,IDR,False
TXN-20240116-0003606,WALL-0015072,MERCH-00095,PM-01,DEV-03,2024-01-16 18:36:55,111.43,0.0,0.0,11,Success,Purchase,Myitkyina,MMK,False
TXN-20240116-0003607,WALL-0107075,MERCH-00423,PM-03,DEV-01,2024-01-16 15:25:02,132.72,1.0618,0.0,13,Success,Payment,Hyderabad,INR,False
TXN-20240116-0003608,WALL-0104170,MERCH-00121,PM-01,DEV-01,2024-01-16 07:50:45,95.12,0.0,0.0,9,Success,Purchase,Myitkyina,MMK,False
TXN-20240116-0003609,WALL-0016915,MERCH-00089,PM-01,DEV-05,2024-01-16 20:39:55,31.2,0.0,0.0,3,Success,Purchase,Dhaka,BDT,False
TXN-20240116-0003610,WALL-0046841,MERCH-00066,PM-04,DEV-01,2024-01-16 18:23:42,15.52,0.3104,0.3104,1,Success,Purchase,Hyderabad,INR,False
TXN-20240116-0003611,WALL-0076783,MERCH-00220,PM-01,DEV-01,2024-01-16 12:09:24,23.43,0.0,0.0,2,Success,Purchase,Jaipur,INR,False
TXN-20240116-0003612,WALL-0017412,MERCH-00044,PM-03,DEV-01,2024-01-16 18:20:11,16.8,0.1344,0.3359,1,Success,Purchase,Bangalore,INR,False
TXN-20240116-0003613,WALL-0070481,MERCH-00174,PM-04,DEV-01,2024-01-16 12:06:02,128.7,2.5741,6.4352,12,Success,Purchase,Ho Chi Minh City,VND,False
TXN-20240116-0003614,WALL-0072878,MERCH-00430,PM-01,DEV-03,2024-01-16 09:33:44,20.0,0.0,0.0,2,Success,Payment,Mawlamyine,MMK,False
TXN-20240116-0003615,WALL-0018197,MERCH-00403,PM-03,DEV-03,2024-01-16 12:57:26,24.27,0.1941,0.0,2,Success,Payment,Karachi,PKR,False
TXN-20240116-0003616,WALL-0122655,MERCH-00119,PM-03,DEV-01,2024-01-16 15:58:57,38.05,0.3044,0.0,3,Success,Purchase,Mawlamyine,MMK,False
TXN-20240116-0003617,WALL-0136664,MERCH-00314,PM-01,DEV-01,2024-01-16 15:03:17,68.33,0.0,0.0,6,Success,Bill Payment,Mawlamyine,MMK,False
TXN-20240116-0003618,WALL-0071577,MERCH-00155,PM-01,DEV-01,2024-01-16 15:41:11,74.5,0.0,3.7251,7,Success,Purchase,Delhi,INR,False
TXN-20240116-0003619,WALL-0068298,MERCH-00181,PM-02,DEV-02,2024-01-16 21:08:56,247.06,0.4941,12.3528,24,Success,Purchase,Chennai,INR,False
TXN-20240116-0003620,WALL-0094896,MERCH-00200,PM-01,DEV-01,2024-01-16 02:19:08,18.99,0.0,0.0,1,Success,Purchase,Mawlamyine,MMK,False
TXN-20240116-0003621,WALL-0110681,MERCH-00072,PM-01,DEV-02,2024-01-16 16:17:30,26.69,0.0,0.5337,2,Success,Purchase,Naypyidaw,MMK,False
TXN-20240116-0003622,WALL-0050006,MERCH-00179,PM-03,DEV-01,2024-01-16 21:59:49,573.51,4.5881,28.6754,57,Success,Purchase,Mawlamyine,MMK,False
TXN-20240116-0003623,WALL-0147760,MERCH-00032,PM-01,DEV-05,2024-01-16 08:43:17,8.05,0.0,0.1611,0,Success,Purchase,Hyderabad,INR,False
TXN-20240116-0003624,WALL-0089476,MERCH-00341,PM-01,DEV-01,2024-01-16 03:19:22,18.77,0.0,0.0,1,Success,Bill Payment,Manila,PHP,False
TXN-20240116-0003625,WALL-0137508,MERCH-00336,PM-01,DEV-01,2024-01-16 10:13:22,47.88,0.0,0.0,4,Success,Bill Payment,Lahore,PKR,False
TXN-20240116-0003626,WALL-0095566,MERCH-00184,PM-03,DEV-02,2024-01-16 20:24:26,173.3,1.3864,8.6649,17,Success,Purchase,Mandalay,MMK,False
TXN-20240116-0003627,WALL-0052547,MERCH-00316,PM-02,DEV-01,2024-01-16 08:39:26,30.42,0.0608,0.0,3,Success,Bill Payment,Bangalore,INR,False
TXN-20240116-0003628,WALL-0019304,MERCH-00045,PM-02,DEV-04,2024-01-16 14:01:58,6.32,0.0126,0.1263,0,Success,Purchase,Pathein,MMK,False
TXN-20240116-0003629,WALL-0047792,MERCH-00310,PM-02,DEV-02,2024-01-16 01:23:21,671.9,1.3438,53.7523,134,Success,Purchase,Davao,MMK,False
TXN-20240116-0003630,WALL-0049581,MERCH-00031,PM-04,DEV-02,2024-01-16 15:23:54,18.14,0.3627,0.3627,1,Success,Purchase,Manila,PHP,False
TXN-20240116-0003631,WALL-0012448,MERCH-00434,PM-02,DEV-02,2024-01-16 11:56:31,753.85,1.5077,0.0,75,Success,Tax Payment,Myitkyina,MMK,False
TXN-20240116-0003632,WALL-0044628,MERCH-00135,PM-04,DEV-03,2024-01-16 20:59:45,124.81,2.4962,6.2404,12,Success,Purchase,Jakarta,IDR,False
TXN-20240116-0003633,WALL-0137612,MERCH-00056,PM-02,DEV-01,2024-01-16 17:27:07,13.68,0.0274,0.2736,1,Success,Purchase,Mandalay,MMK,False
TXN-20240116-0003634,WALL-0018814,MERCH-00056,PM-01,DEV-02,2024-01-16 16:42:10,46.57,0.0,0.9313,4,Success,Purchase,Pathein,MMK,False
TXN-20240116-0003635,WALL-0067250,MERCH-00011,PM-02,DEV-04,2024-01-16 12:12:02,30.21,0.0604,0.6042,3,Success,Purchase,Yangon,MMK,False
TXN-20240116-0003636,WALL-0025356,MERCH-00390,PM-05,DEV-02,2024-01-16 17:27:30,45.81,0.0,0.0,4,Success,Purchase,Islamabad,PKR,False
TXN-20240116-0003637,WALL-0056137,MERCH-00357,PM-02,DEV-02,2024-01-16 07:15:36,31.72,0.0634,0.0,3,Success,Bill Payment,Kathmandu,KHR,False
TXN-20240116-0003638,WALL-0138911,MERCH-00090,PM-01,DEV-01,2024-01-16 07:13:23,29.32,0.0,0.0,2,Success,Purchase,Mawlamyine,MMK,False
TXN-20240116-0003639,WALL-0100524,MERCH-00339,PM-01,DEV-01,2024-01-16 18:45:12,62.03,0.0,0.0,6,Success,Bill Payment,Kathmandu,NPR,False
TXN-20240116-0003640,WALL-0088657,MERCH-00478,PM-01,DEV-04,2024-01-16 11:37:41,205.55,0.0,0.0,20,Success,Payment,Delhi,INR,False
TXN-20240116-0003641,WALL-0129280,MERCH-00120,PM-03,DEV-01,2024-01-16 22:57:50,89.9,0.7192,0.0,0,Reversed,Purchase,Bago,MMK,False
TXN-20240116-0003642,WALL-0028267,MERCH-00319,PM-03,DEV-01,2024-01-16 04:12:27,109.47,0.8758,0.0,10,Success,Bill Payment,Bago,MMK,False
TXN-20240116-0003643,WALL-0132823,MERCH-00103,PM-02,DEV-02,2024-01-16 10:11:09,99.01,0.198,0.0,9,Success,Purchase,Pune,INR,False
TXN-20240116-0003644,WALL-0053756,MERCH-00248,PM-02,DEV-02,2024-01-16 09:27:02,18.33,0.0367,0.0,1,Success,Subscription,Naypyidaw,MMK,False
TXN-20240116-0003645,WALL-0050161,MERCH-00132,PM-01,DEV-01,2024-01-16 19:18:25,72.24,0.0,3.6119,7,Success,Purchase,Khon Kaen,THB,False
TXN-20240116-0003646,WALL-0002738,MERCH-00040,PM-01,DEV-01,2024-01-16 14:45:37,61.88,0.0,0.0,0,Failed,Purchase,Naypyidaw,MMK,False
TXN-20240116-0003647,WALL-0142684,MERCH-00178,PM-01,DEV-01,2024-01-16 17:05:45,532.1,0.0,26.6052,53,Success,Purchase,Quezon City,VND,False
TXN-20240116-0003648,WALL-0022278,MERCH-00321,PM-03,DEV-01,2024-01-16 14:08:17,30.28,0.2422,0.0,3,Success,Bill Payment,Hanoi,VND,False
TXN-20240116-0003649,WALL-0081502,MERCH-00329,PM-01,DEV-02,2024-01-16 19:13:35,211.89,0.0,0.0,0,Pending,Bill Payment,Bago,MMK,False
TXN-20240116-0003650,WALL-0025508,MERCH-00378,PM-01,DEV-04,2024-01-16 14:54:04,41.92,0.0,0.0,4,Success,Purchase,Penang,MMK,False
TXN-20240116-0003651,WALL-0057317,MERCH-00251,PM-03,DEV-02,2024-01-16 10:02:53,9.54,0.0763,0.0,0,Success,Subscription,Bago,MMK,False
TXN-20240116-0003652,WALL-0050565,MERCH-00048,PM-01,DEV-01,2024-01-16 19:28:42,14.25,0.0,0.2851,1,Success,Purchase,Mawlamyine,MMK,False
TXN-20240116-0003653,WALL-0089599,MERCH-00130,PM-01,DEV-01,2024-01-16 16:51:34,120.79,0.0,0.0,12,Success,Purchase,Lahore,PKR,False
TXN-20240116-0003654,WALL-0011053,MERCH-00290,PM-03,DEV-01,2024-01-16 21:22:41,254.33,2.0346,20.3462,50,Success,Purchase,Siem Reap,KHR,False
TXN-20240116-0003655,WALL-0072154,MERCH-00193,PM-05,DEV-01,2024-01-16 20:31:31,9.62,0.0,0.0,0,Pending,Purchase,Mawlamyine,MMK,False
TXN-20240116-0003656,WALL-0098802,MERCH-00251,PM-01,DEV-01,2024-01-16 15:38:15,9.36,0.0,0.0,0,Success,Subscription,Yangon,MMK,False
TXN-20240116-0003657,WALL-0117247,MERCH-00136,PM-02,DEV-01,2024-01-16 14:40:26,68.86,0.1377,3.4431,6,Success,Purchase,Manila,PHP,False
TXN-20240116-0003658,WALL-0038241,MERCH-00204,PM-04,DEV-01,2024-01-16 10:50:33,12.81,0.2561,0.0,1,Success,Purchase,Penang,MYR,False
TXN-20240116-0003659,WALL-0011448,MERCH-00264,PM-02,DEV-01,2024-01-16 13:59:53,17.64,0.0353,0.0,1,Success,Subscription,Hanoi,VND,False
TXN-20240116-0003660,WALL-0018136,MERCH-00210,PM-01,DEV-01,2024-01-16 06:51:52,18.06,0.0,0.0,1,Success,Purchase,Jaipur,INR,False
TXN-20240116-0003661,WALL-0003861,MERCH-00041,PM-02,DEV-01,2024-01-16 17:18:49,20.57,0.0411,0.4113,2,Success,Purchase,Da Nang,VND,False
TXN-20240116-0003662,WALL-0096372,MERCH-00142,PM-01,DEV-05,2024-01-16 07:33:32,31.09,0.0,1.5545,3,Success,Purchase,Delhi,INR,False
TXN-20240116-0003663,WALL-0102155,MERCH-00173,PM-05,DEV-04,2024-01-16 06:47:45,40.38,0.0,2.0188,4,Success,Purchase,Dhaka,BDT,False
TXN-20240116-0003664,WALL-0086017,MERCH-00354,PM-01,DEV-01,2024-01-16 13:05:03,100.0,0.0,0.0,10,Success,Bill Payment,Myitkyina,MMK,False
TXN-20240116-0003665,WALL-0015875,MERCH-00188,PM-03,DEV-01,2024-01-16 09:25:31,918.63,7.3491,45.9316,91,Success,Purchase,Myitkyina,MMK,False
TXN-20240116-0003666,WALL-0012997,MERCH-00170,PM-03,DEV-02,2024-01-16 09:13:45,91.67,0.7334,4.5837,9,Success,Purchase,Mandalay,MMK,False
TXN-20240116-0003667,WALL-0058351,MERCH-00011,PM-01,DEV-03,2024-01-16 12:30:15,47.32,0.0,0.9464,4,Success,Purchase,Mawlamyine,MMK,False
TXN-20240116-0003668,WALL-0149577,MERCH-00235,PM-02,DEV-02,2024-01-16 12:37:40,12.53,0.0251,0.0,1,Success,Subscription,Pathein,MMK,False
TXN-20240116-0003669,WALL-0016957,MERCH-00025,PM-01,DEV-01,2024-01-16 14:15:00,5.87,0.0,0.1174,0,Success,Purchase,Yangon,MMK,False
TXN-20240116-0003670,WALL-0048472,MERCH-00001,PM-01,DEV-01,2024-01-16 14:48:42,10.8,0.0,0.2161,1,Success,Purchase,Siem Reap,MMK,False
TXN-20240116-0003671,WALL-0078583,MERCH-00079,PM-01,DEV-01,2024-01-16 15:05:42,97.63,0.0,1.9526,9,Success,Purchase,Khon Kaen,THB,False
TXN-20240116-0003672,WALL-0148719,MERCH-00113,PM-02,DEV-01,2024-01-16 12:58:21,219.99,0.44,0.0,21,Success,Purchase,Myitkyina,MMK,False
TXN-20240116-0003673,WALL-0101549,MERCH-00359,PM-04,DEV-01,2024-01-16 16:02:37,61.94,1.2388,0.0,6,Success,Bill Payment,Mandalay,MMK,False
TXN-20240116-0003674,WALL-0015905,MERCH-00072,PM-04,DEV-03,2024-01-16 04:06:36,11.14,0.2228,0.2228,1,Success,Purchase,Ahmedabad,INR,False
TXN-20240116-0003675,WALL-0018265,MERCH-00393,PM-01,DEV-01,2024-01-16 18:12:55,43.54,0.0,0.0,4,Success,Purchase,Manila,PHP,False
TXN-20240116-0003676,WALL-0117826,MERCH-00388,PM-04,DEV-01,2024-01-16 21:30:32,38.76,0.7753,0.0,3,Success,Purchase,Dhaka,BDT,False
TXN-20240116-0003677,WALL-0130838,MERCH-00336,PM-02,DEV-01,2024-01-16 21:13:00,40.45,0.0809,0.0,4,Success,Bill Payment,Pattaya,THB,False
TXN-20240116-0003678,WALL-0120924,MERCH-00125,PM-01,DEV-01,2024-01-16 19:57:16,24.09,0.0,0.0,2,Success,Purchase,Myitkyina,MMK,False
TXN-20240116-0003679,WALL-0101511,MERCH-00033,PM-02,DEV-01,2024-01-16 12:48:26,14.64,0.0293,0.2927,1,Success,Purchase,Bago,MMK,False
TXN-20240116-0003680,WALL-0038100,MERCH-00060,PM-01,DEV-03,2024-01-16 18:44:10,21.26,0.0,0.4252,2,Success,Purchase,Chennai,INR,False
TXN-20240116-0003681,WALL-0117707,MERCH-00343,PM-02,DEV-01,2024-01-16 12:14:29,25.62,0.0512,0.0,2,Success,Bill Payment,Mawlamyine,MMK,False
TXN-20240116-0003682,WALL-0120280,MERCH-00116,PM-01,DEV-01,2024-01-16 10:09:59,10.0,0.0,0.0,1,Success,Purchase,Kandy,MMK,False
TXN-20240116-0003683,WALL-0106479,MERCH-00065,PM-04,DEV-02,2024-01-16 04:19:31,14.99,0.2998,0.2998,1,Success,Purchase,Myitkyina,MMK,False
TXN-20240116-0003684,WALL-0045732,MERCH-00157,PM-03,DEV-02,2024-01-16 15:14:03,88.46,0.7077,4.4231,8,Success,Purchase,Chittagong,BDT,False
TXN-20240116-0003685,WALL-0041159,MERCH-00333,PM-02,DEV-04,2024-01-16 07:54:11,139.11,0.2782,0.0,13,Success,Bill Payment,Mawlamyine,NPR,False
TXN-20240116-0003686,WALL-0140380,MERCH-00033,PM-02,DEV-03,2024-01-16 13:06:49,26.36,0.0527,0.5272,2,Success,Purchase,Yangon,MMK,False
TXN-20240116-0003687,WALL-0144558,MERCH-00037,PM-01,DEV-03,2024-01-16 18:34:55,47.58,0.0,0.9517,4,Success,Purchase,Kolkata,INR,False
TXN-20240116-0003688,WALL-0093096,MERCH-00065,PM-01,DEV-02,2024-01-16 04:15:39,32.82,0.0,0.6563,3,Success,Purchase,Yangon,MMK,False
TXN-20240116-0003689,WALL-0003338,MERCH-00109,PM-03,DEV-01,2024-01-16 21:16:03,86.87,0.6949,0.0,8,Success,Purchase,Myitkyina,MMK,False
TXN-20240116-0003690,WALL-0105400,MERCH-00439,PM-03,DEV-05,2024-01-16 21:31:50,377.15,3.0172,0.0,37,Success,Tax Payment,Johor Bahru,MYR,False
TXN-20240116-0003691,WALL-0047723,MERCH-00083,PM-03,DEV-01,2024-01-16 20:54:33,12.76,0.1021,0.0,1,Success,Purchase,Dhaka,BDT,False
TXN-20240116-0003692,WALL-0022966,MERCH-00320,PM-01,DEV-01,2024-01-16 14:17:43,282.79,0.0,0.0,0,Reversed,Bill Payment,Phnom Penh,KHR,False
TXN-20240116-0003693,WALL-0094500,MERCH-00082,PM-01,DEV-01,2024-01-16 21:16:54,65.38,0.0,0.0,6,Success,Purchase,Medan,IDR,False
TXN-20240116-0003694,WALL-0074729,MERCH-00109,PM-03,DEV-01,2024-01-16 16:13:18,54.25,0.434,0.0,5,Success,Purchase,Hanoi,VND,False
TXN-20240116-0003695,WALL-0080638,MERCH-00194,PM-04,DEV-04,2024-01-16 14:25:29,30.64,0.6129,0.0,3,Success,Purchase,Kolkata,INR,False
TXN-20240116-0003696,WALL-0029014,MERCH-00097,PM-01,DEV-01,2024-01-16 15:47:20,36.71,0.0,0.0,3,Success,Purchase,Bangkok,THB,False
TXN-20240116-0003697,WALL-0031103,MERCH-00406,PM-02,DEV-01,2024-01-16 20:04:32,57.36,0.1147,0.0,5,Success,Payment,Siem Reap,KHR,False
TXN-20240116-0003698,WALL-0133359,MERCH-00094,PM-01,DEV-02,2024-01-16 17:15:28,104.28,0.0,0.0,10,Success,Purchase,Ho Chi Minh City,VND,False
TXN-20240116-0003699,WALL-0124935,MERCH-00376,PM-01,DEV-02,2024-01-16 14:24:07,85.57,0.0,0.0,8,Success,Purchase,Yangon,MMK,False
TXN-20240116-0003700,WALL-0106120,MERCH-00478,PM-01,DEV-01,2024-01-16 15:04:59,350.82,0.0,0.0,35,Success,Payment,Mawlamyine,MMK,False
TXN-20240116-0003701,WALL-0076613,MERCH-00022,PM-03,DEV-04,2024-01-16 18:27:20,25.78,0.2063,0.5157,2,Success,Purchase,Lahore,PKR,False
TXN-20240116-0003702,WALL-0012811,MERCH-00116,PM-02,DEV-01,2024-01-16 14:27:46,40.12,0.0802,0.0,4,Success,Purchase,Bago,MMK,False
TXN-20240116-0003703,WALL-0120149,MERCH-00013,PM-03,DEV-02,2024-01-16 19:15:18,13.83,0.1107,0.2767,1,Success,Purchase,Surabaya,IDR,False
TXN-20240116-0003704,WALL-0005258,MERCH-00003,PM-02,DEV-01,2024-01-16 11:29:20,26.66,0.0533,0.5332,2,Success,Purchase,Jaipur,IDR,False
TXN-20240116-0003705,WALL-0125654,MERCH-00041,PM-01,DEV-01,2024-01-16 09:57:54,21.99,0.0,0.4398,2,Success,Purchase,Kuala Lumpur,MYR,False
TXN-20240116-0003706,WALL-0081242,MERCH-00013,PM-01,DEV-01,2024-01-16 13:39:22,31.41,0.0,0.6282,3,Success,Purchase,Ho Chi Minh City,INR,False
TXN-20240116-0003707,WALL-0112600,MERCH-00013,PM-01,DEV-01,2024-01-16 13:59:26,13.6,0.0,0.272,1,Success,Purchase,Yangon,MMK,False
TXN-20240116-0003708,WALL-0034071,MERCH-00006,PM-01,DEV-01,2024-01-16 21:44:34,99.0,0.0,1.98,9,Success,Purchase,Myitkyina,MMK,False
TXN-20240116-0003709,WALL-0003472,MERCH-00026,PM-02,DEV-05,2024-01-16 19:08:35,5.0,0.01,0.1,0,Success,Purchase,Bago,MMK,False
TXN-20240116-0003710,WALL-0052973,MERCH-00009,PM-03,DEV-01,2024-01-16 08:23:40,20.15,0.1612,0.403,2,Success,Purchase,Pokhara,NPR,False
TXN-20240116-0003711,WALL-0085653,MERCH-00014,PM-01,DEV-01,2024-01-16 13:08:22,34.4,0.0,0.688,3,Success,Purchase,Naypyidaw,MMK,False
TXN-20240116-0003712,WALL-0057988,MERCH-00379,PM-03,DEV-01,2024-01-16 14:18:58,52.29,0.4183,0.0,5,Success,Purchase,Lahore,PKR,False
TXN-20240116-0003713,WALL-0089289,MERCH-00480,PM-01,DEV-02,2024-01-16 17:21:30,160.86,0.0,0.0,16,Success,Payment,Bago,MMK,False
TXN-20240116-0003714,WALL-0083314,MERCH-00111,PM-01,DEV-01,2024-01-16 16:24:38,34.92,0.0,0.0,3,Success,Purchase,Quezon City,MMK,False
TXN-20240116-0003715,WALL-0068214,MERCH-00347,PM-05,DEV-03,2024-01-16 02:28:02,58.02,0.0,0.0,5,Success,Bill Payment,Myitkyina,MMK,False
TXN-20240116-0003716,WALL-0087118,MERCH-00234,PM-01,DEV-02,2024-01-16 11:38:32,13.0,0.0,0.0,1,Success,Subscription,Yangon,MMK,False
TXN-20240116-0003717,WALL-0062642,MERCH-00343,PM-03,DEV-01,2024-01-16 17:07:13,43.31,0.3465,0.0,4,Success,Bill Payment,Dhaka,BDT,False
TXN-20240116-0003718,WALL-0064527,MERCH-00027,PM-01,DEV-01,2024-01-16 15:44:45,12.48,0.0,0.2497,1,Success,Purchase,Medan,IDR,False
TXN-20240116-0003719,WALL-0084023,MERCH-00365,PM-03,DEV-01,2024-01-16 06:03:57,31.7,0.2536,0.0,3,Success,Bill Payment,Da Nang,VND,False
TXN-20240116-0003720,WALL-0134412,MERCH-00191,PM-02,DEV-05,2024-01-16 15:50:44,23.1,0.0462,0.0,2,Success,Purchase,Pathein,MMK,False
TXN-20240116-0003721,WALL-0102362,MERCH-00008,PM-04,DEV-01,2024-01-16 06:36:41,12.65,0.253,0.253,1,Success,Purchase,Lahore,PKR,False
TXN-20240116-0003722,WALL-0004517,MERCH-00156,PM-01,DEV-01,2024-01-16 01:41:14,86.29,0.0,4.3145,8,Success,Purchase,Kolkata,INR,False
TXN-20240116-0003723,WALL-0111126,MERCH-00102,PM-04,DEV-01,2024-01-16 16:37:10,75.47,1.5094,0.0,7,Success,Purchase,Singapore,SGD,False
TXN-20240116-0003724,WALL-0049736,MERCH-00358,PM-04,DEV-01,2024-01-16 21:13:58,22.77,0.4555,0.0,2,Success,Bill Payment,Taunggyi,MMK,False
TXN-20240116-0003725,WALL-0070948,MERCH-00202,PM-01,DEV-01,2024-01-16 13:33:50,20.61,0.0,0.0,2,Success,Purchase,Karachi,PKR,False
TXN-20240116-0003726,WALL-0027028,MERCH-00084,PM-02,DEV-03,2024-01-16 19:28:03,330.0,0.66,0.0,33,Success,Purchase,Mawlamyine,MMK,False
TXN-20240116-0003727,WALL-0069152,MERCH-00258,PM-02,DEV-01,2024-01-16 20:57:37,10.9,0.0218,0.0,1,Success,Subscription,Colombo,LKR,False
TXN-20240116-0003728,WALL-0090416,MERCH-00215,PM-01,DEV-01,2024-01-16 15:54:21,18.25,0.0,0.0,1,Success,Purchase,Manila,PHP,False
TXN-20240116-0003729,WALL-0124018,MERCH-00368,PM-02,DEV-01,2024-01-16 13:50:21,34.23,0.0685,0.0,3,Success,Bill Payment,Naypyidaw,MMK,False
TXN-20240116-0003730,WALL-0053573,MERCH-00135,PM-01,DEV-01,2024-01-16 15:59:15,62.57,0.0,3.1283,6,Success,Purchase,Surabaya,IDR,False
TXN-20240116-0003731,WALL-0050410,MERCH-00404,PM-02,DEV-01,2024-01-16 11:18:03,115.49,0.231,0.0,0,Reversed,Payment,Quezon City,PHP,False
TXN-20240116-0003732,WALL-0127905,MERCH-00169,PM-01,DEV-03,2024-01-16 13:02:44,119.41,0.0,5.9705,11,Success,Purchase,Chittagong,BDT,False
TXN-20240116-0003733,WALL-0081154,MERCH-00008,PM-01,DEV-01,2024-01-16 18:51:23,15.3,0.0,0.306,1,Success,Purchase,Davao,PHP,False
TXN-20240116-0003734,WALL-0098840,MERCH-00111,PM-01,DEV-02,2024-01-16 12:13:27,47.8,0.0,0.0,4,Success,Purchase,Colombo,LKR,False
TXN-20240116-0003735,WALL-0110230,MERCH-00128,PM-02,DEV-01,2024-01-16 18:02:05,21.09,0.0422,0.0,2,Success,Purchase,Hyderabad,THB,False
TXN-20240116-0003736,WALL-0132519,MERCH-00310,PM-01,DEV-01,2024-01-16 17:44:54,389.61,0.0,31.1691,77,Success,Purchase,Pattaya,THB,False
TXN-20240116-0003737,WALL-0122230,MERCH-00054,PM-02,DEV-03,2024-01-16 18:38:55,26.2,0.0524,0.5241,2,Success,Purchase,Kathmandu,NPR,False
TXN-20240116-0003738,WALL-0008650,MERCH-00448,PM-01,DEV-01,2024-01-16 10:56:37,364.34,0.0,0.0,36,Success,Tax Payment,Kuala Lumpur,MYR,False
TXN-20240116-0003739,WALL-0135806,MERCH-00210,PM-02,DEV-03,2024-01-16 21:51:56,12.12,0.0242,0.0,1,Success,Purchase,Chittagong,BDT,False
TXN-20240116-0003740,WALL-0141436,MERCH-00411,PM-01,DEV-01,2024-01-16 21:27:42,70.02,0.0,0.0,7,Success,Payment,Pune,INR,False
TXN-20240116-0003741,WALL-0080695,MERCH-00331,PM-02,DEV-02,2024-01-16 10:15:30,43.45,0.0869,0.0,4,Success,Bill Payment,Taunggyi,MMK,False
TXN-20240116-0003742,WALL-0016932,MERCH-00034,PM-01,DEV-01,2024-01-16 19:36:11,10.44,0.0,0.2089,1,Success,Purchase,Ahmedabad,INR,False
TXN-20240116-0003743,WALL-0035408,MERCH-00350,PM-04,DEV-01,2024-01-16 12:31:00,26.34,0.5267,0.0,2,Success,Bill Payment,Kolkata,INR,False
TXN-20240116-0003744,WALL-0076860,MERCH-00334,PM-01,DEV-05,2024-01-16 17:17:29,146.24,0.0,0.0,14,Success,Bill Payment,Naypyidaw,MMK,False
TXN-20240116-0003745,WALL-0089641,MERCH-00029,PM-03,DEV-02,2024-01-16 20:42:00,13.0,0.104,0.26,1,Success,Purchase,Pune,THB,False
TXN-20240116-0003746,WALL-0022382,MERCH-00076,PM-01,DEV-02,2024-01-16 09:34:03,11.02,0.0,0.2203,1,Success,Purchase,Cebu City,PHP,False
TXN-20240116-0003747,WALL-0046850,MERCH-00415,PM-01,DEV-01,2024-01-16 20:52:54,134.88,0.0,0.0,13,Success,Payment,Surabaya,MMK,False
TXN-20240116-0003748,WALL-0025611,MERCH-00010,PM-03,DEV-03,2024-01-16 12:49:41,20.39,0.1631,0.4077,2,Success,Purchase,Chennai,INR,False
TXN-20240116-0003749,WALL-0086363,MERCH-00221,PM-01,DEV-04,2024-01-16 01:12:03,32.37,0.0,0.0,3,Success,Purchase,Hyderabad,INR,False
TXN-20240116-0003750,WALL-0129840,MERCH-00021,PM-01,DEV-03,2024-01-16 14:11:32,13.12,0.0,0.2624,1,Success,Purchase,Mandalay,MMK,False
TXN-20240116-0003751,WALL-0064916,MERCH-00288,PM-02,DEV-03,2024-01-16 21:33:36,956.67,1.9133,76.5336,191,Success,Purchase,Penang,VND,False
TXN-20240116-0003752,WALL-0068260,MERCH-00225,PM-02,DEV-03,2024-01-16 21:26:49,16.12,0.0322,0.0,1,Success,Purchase,Ho Chi Minh City,VND,False
TXN-20240116-0003753,WALL-0021120,MERCH-00372,PM-01,DEV-01,2024-01-16 07:04:50,34.35,0.0,0.0,3,Success,Purchase,Manila,PHP,False
TXN-20240116-0003754,WALL-0115548,MERCH-00060,PM-03,DEV-01,2024-01-16 18:20:40,13.01,0.1041,0.2603,1,Success,Purchase,Bangkok,THB,False
TXN-20240116-0003755,WALL-0097237,MERCH-00147,PM-02,DEV-01,2024-01-16 10:02:52,42.39,0.0848,2.1197,4,Success,Purchase,Phuket,THB,False
TXN-20240116-0003756,WALL-0126455,MERCH-00077,PM-04,DEV-03,2024-01-16 20:21:03,6.04,0.1209,0.1209,0,Success,Purchase,Kuala Lumpur,MYR,False
TXN-20240116-0003757,WALL-0074399,MERCH-00215,PM-02,DEV-02,2024-01-16 01:37:10,5.04,0.0101,0.0,0,Success,Purchase,Davao,PHP,False
TXN-20240116-0003758,WALL-0005254,MERCH-00177,PM-04,DEV-01,2024-01-16 13:10:35,193.27,3.8655,9.6637,19,Success,Purchase,Bangkok,THB,False
TXN-20240116-0003759,WALL-0029860,MERCH-00315,PM-03,DEV-01,2024-01-16 23:15:23,182.68,1.4614,0.0,18,Success,Bill Payment,Mandalay,MMK,False
TXN-20240116-0003760,WALL-0029948,MERCH-00500,PM-04,DEV-01,2024-01-16 17:19:33,378.03,7.5607,0.0,37,Success,Payment,Mandalay,MMK,False
TXN-20240116-0003761,WALL-0079342,MERCH-00027,PM-03,DEV-01,2024-01-16 20:34:02,42.69,0.3415,0.8538,4,Success,Purchase,Bangalore,IDR,False
TXN-20240116-0003762,WALL-0029609,MERCH-00134,PM-01,DEV-01,2024-01-16 16:40:22,228.91,0.0,11.4453,22,Success,Purchase,Taunggyi,MMK,False
TXN-20240116-0003763,WALL-0034505,MERCH-00206,PM-04,DEV-04,2024-01-16 21:44:25,7.33,0.1466,0.0,0,Success,Purchase,Yangon,MMK,False
TXN-20240116-0003764,WALL-0029463,MERCH-00183,PM-01,DEV-02,2024-01-16 18:32:54,90.57,0.0,4.5285,9,Success,Purchase,Phuket,THB,False
TXN-20240116-0003765,WALL-0037045,MERCH-00188,PM-02,DEV-01,2024-01-16 07:57:23,402.62,0.8052,20.1311,40,Success,Purchase,Pokhara,NPR,False
TXN-20240116-0003766,WALL-0042369,MERCH-00239,PM-02,DEV-01,2024-01-16 20:04:05,12.68,0.0254,0.0,1,Success,Subscription,Mandalay,MMK,False
TXN-20240116-0003767,WALL-0149036,MERCH-00317,PM-01,DEV-03,2024-01-16 13:42:24,71.09,0.0,0.0,7,Success,Bill Payment,Bangalore,INR,False
TXN-20240116-0003768,WALL-0081583,MERCH-00349,PM-04,DEV-01,2024-01-16 15:45:06,19.92,0.3983,0.0,1,Success,Bill Payment,Bali,IDR,False
TXN-20240116-0003769,WALL-0131646,MERCH-00395,PM-04,DEV-01,2024-01-16 11:31:04,116.91,2.3383,0.0,11,Success,Purchase,Singapore,SGD,False
TXN-20240116-0003770,WALL-0013075,MERCH-00362,PM-01,DEV-01,2024-01-16 12:50:22,31.22,0.0,0.0,3,Success,Bill Payment,Chiang Mai,MYR,False
TXN-20240116-0003771,WALL-0142238,MERCH-00419,PM-05,DEV-01,2024-01-16 15:06:43,261.1,0.0,0.0,26,Success,Payment,Kolkata,INR,False
TXN-20240116-0003772,WALL-0110449,MERCH-00297,PM-04,DEV-03,2024-01-16 11:58:48,1409.49,28.1897,112.7589,281,Success,Purchase,Lahore,PKR,False
TXN-20240116-0003773,WALL-0092112,MERCH-00426,PM-01,DEV-01,2024-01-16 17:54:36,105.73,0.0,0.0,10,Success,Payment,Pokhara,MMK,False
TXN-20240116-0003774,WALL-0144025,MERCH-00383,PM-01,DEV-03,2024-01-16 04:44:48,99.17,0.0,0.0,9,Success,Purchase,Phnom Penh,MMK,False
TXN-20240116-0003775,WALL-0138484,MERCH-00087,PM-02,DEV-03,2024-01-16 14:50:46,86.12,0.1722,0.0,8,Success,Purchase,Hyderabad,INR,False
TXN-20240116-0003776,WALL-0078434,MERCH-00238,PM-02,DEV-01,2024-01-16 07:37:02,20.52,0.041,0.0,2,Success,Subscription,Ho Chi Minh City,VND,False
TXN-20240116-0003777,WALL-0069045,MERCH-00093,PM-01,DEV-02,2024-01-16 18:47:59,62.61,0.0,0.0,6,Success,Purchase,Delhi,INR,False
TXN-20240116-0003778,WALL-0149569,MERCH-00291,PM-05,DEV-02,2024-01-16 17:36:16,100.0,0.0,8.0,20,Success,Purchase,Pattaya,THB,False
TXN-20240116-0003779,WALL-0112126,MERCH-00223,PM-02,DEV-01,2024-01-16 15:26:34,11.98,0.024,0.0,1,Success,Purchase,Taunggyi,MMK,False
TXN-20240116-0003780,WALL-0049804,MERCH-00433,PM-01,DEV-01,2024-01-16 00:07:04,232.34,0.0,0.0,23,Success,Tax Payment,Kandy,LKR,False
TXN-20240116-0003781,WALL-0015132,MERCH-00142,PM-01,DEV-01,2024-01-16 18:37:42,753.65,0.0,37.6824,75,Success,Purchase,Pune,INR,False
TXN-20240116-0003782,WALL-0121739,MERCH-00423,PM-01,DEV-03,2024-01-16 04:11:01,24.64,0.0,0.0,2,Success,Payment,Mawlamyine,MMK,False
TXN-20240116-0003783,WALL-0027137,MERCH-00271,PM-02,DEV-01,2024-01-16 14:05:53,393.46,0.7869,31.4764,78,Success,Purchase,Karachi,MMK,False
TXN-20240116-0003784,WALL-0128892,MERCH-00115,PM-01,DEV-02,2024-01-16 18:49:22,53.55,0.0,0.0,5,Success,Purchase,Singapore,SGD,False
TXN-20240116-0003785,WALL-0066530,MERCH-00149,PM-01,DEV-01,2024-01-16 07:20:19,118.3,0.0,5.9151,11,Success,Purchase,Myitkyina,MMK,False
TXN-20240116-0003786,WALL-0078379,MERCH-00077,PM-02,DEV-04,2024-01-16 20:30:13,33.24,0.0665,0.6648,3,Success,Purchase,Dhaka,BDT,False
TXN-20240116-0003787,WALL-0115418,MERCH-00023,PM-04,DEV-01,2024-01-16 15:57:03,45.54,0.9107,0.9107,4,Success,Purchase,Siem Reap,KHR,False
TXN-20240116-0003788,WALL-0047455,MERCH-00336,PM-04,DEV-03,2024-01-16 15:38:31,165.25,3.305,0.0,16,Success,Bill Payment,Surabaya,IDR,False
TXN-20240116-0003789,WALL-0117659,MERCH-00032,PM-02,DEV-01,2024-01-16 06:46:19,29.77,0.0595,0.5954,2,Success,Purchase,Bago,MMK,False
TXN-20240116-0003790,WALL-0121150,MERCH-00242,PM-01,DEV-02,2024-01-16 08:09:29,8.47,0.0,0.0,0,Success,Subscription,Bandung,IDR,False
TXN-20240116-0003791,WALL-0122845,MERCH-00270,PM-01,DEV-01,2024-01-16 12:32:07,12.54,0.0,0.0,1,Success,Subscription,Pattaya,THB,False
TXN-20240116-0003792,WALL-0087683,MERCH-00271,PM-04,DEV-01,2024-01-16 11:37:23,974.02,19.4804,77.9216,194,Success,Purchase,Colombo,MMK,False
TXN-20240116-0003793,WALL-0100279,MERCH-00334,PM-02,DEV-01,2024-01-16 08:41:27,104.37,0.2087,0.0,10,Success,Bill Payment,Mawlamyine,MMK,False
TXN-20240116-0003794,WALL-0058644,MERCH-00426,PM-04,DEV-01,2024-01-16 14:50:54,42.13,0.8425,0.0,4,Success,Payment,Mandalay,MMK,False
TXN-20240116-0003795,WALL-0031389,MERCH-00109,PM-03,DEV-01,2024-01-16 11:53:20,55.6,0.4448,0.0,5,Success,Purchase,Medan,PHP,False
TXN-20240116-0003796,WALL-0112074,MERCH-00177,PM-04,DEV-01,2024-01-16 16:00:49,278.26,5.5651,13.9128,27,Success,Purchase,Manila,MMK,False
TXN-20240116-0003797,WALL-0145825,MERCH-00467,PM-02,DEV-05,2024-01-16 09:03:33,126.1,0.2522,0.0,12,Success,Payment,Davao,PHP,False
TXN-20240116-0003798,WALL-0135971,MERCH-00374,PM-01,DEV-01,2024-01-16 13:16:14,46.9,0.0,0.0,4,Success,Purchase,Chennai,INR,False
TXN-20240116-0003799,WALL-0124973,MERCH-00282,PM-01,DEV-01,2024-01-16 14:06:41,699.77,0.0,55.9815,139,Success,Purchase,Taunggyi,MMK,False
TXN-20240116-0003800,WALL-0065587,MERCH-00044,PM-01,DEV-01,2024-01-16 14:19:36,16.29,0.0,0.3258,1,Success,Purchase,Pathein,MMK,False
TXN-20240116-0003801,WALL-0127611,MERCH-00399,PM-01,DEV-01,2024-01-16 15:02:57,48.38,0.0,0.0,4,Success,Purchase,Bago,MMK,False
TXN-20240116-0003802,WALL-0148766,MERCH-00407,PM-01,DEV-01,2024-01-16 18:18:36,184.0,0.0,0.0,18,Success,Payment,Phuket,THB,False
TXN-20240116-0003803,WALL-0057415,MERCH-00265,PM-01,DEV-01,2024-01-16 17:53:57,10.0,0.0,0.0,0,Success,Subscription,Ho Chi Minh City,VND,False
TXN-20240116-0003804,WALL-0079129,MERCH-00296,PM-01,DEV-01,2024-01-16 07:49:25,586.22,0.0,46.8976,117,Success,Purchase,Ho Chi Minh City,VND,False
TXN-20240116-0003805,WALL-0128954,MERCH-00439,PM-03,DEV-01,2024-01-16 20:30:49,146.58,1.1726,0.0,14,Success,Tax Payment,Davao,PHP,False
TXN-20240116-0003806,WALL-0146963,MERCH-00129,PM-01,DEV-01,2024-01-16 05:01:27,39.75,0.0,0.0,3,Success,Purchase,Taunggyi,MMK,False
TXN-20240116-0003807,WALL-0016544,MERCH-00405,PM-01,DEV-01,2024-01-16 20:41:38,20.0,0.0,0.0,2,Success,Payment,Myitkyina,MMK,False
TXN-20240116-0003808,WALL-0051584,MERCH-00381,PM-02,DEV-05,2024-01-16 09:36:37,64.17,0.1283,0.0,6,Success,Purchase,Medan,IDR,False
TXN-20240116-0003809,WALL-0125772,MERCH-00276,PM-03,DEV-01,2024-01-16 12:06:09,1074.74,8.5979,85.9791,214,Success,Purchase,Kandy,LKR,False
TXN-20240116-0003810,WALL-0138642,MERCH-00375,PM-03,DEV-02,2024-01-16 16:23:29,20.0,0.16,0.0,2,Success,Purchase,Taunggyi,MMK,False
TXN-20240116-0003811,WALL-0031085,MERCH-00016,PM-01,DEV-03,2024-01-16 10:52:23,15.55,0.0,0.3111,1,Success,Purchase,Karachi,IDR,False
TXN-20240116-0003812,WALL-0120701,MERCH-00384,PM-01,DEV-01,2024-01-16 10:53:07,85.38,0.0,0.0,8,Success,Purchase,Pathein,MMK,False
TXN-20240116-0003813,WALL-0032848,MERCH-00416,PM-01,DEV-01,2024-01-16 02:59:31,20.0,0.0,0.0,2,Success,Payment,Colombo,LKR,False
TXN-20240116-0003814,WALL-0143151,MERCH-00409,PM-01,DEV-01,2024-01-16 17:14:11,86.36,0.0,0.0,8,Success,Payment,Islamabad,MMK,False
TXN-20240116-0003815,WALL-0061750,MERCH-00091,PM-01,DEV-03,2024-01-16 10:50:49,69.31,0.0,0.0,0,Failed,Purchase,Naypyidaw,MMK,False
TXN-20240116-0003816,WALL-0115372,MERCH-00130,PM-01,DEV-01,2024-01-16 14:37:27,48.55,0.0,0.0,4,Success,Purchase,Bali,IDR,False
TXN-20240116-0003817,WALL-0145281,MERCH-00297,PM-04,DEV-01,2024-01-16 12:47:25,1210.11,24.2021,96.8085,242,Success,Purchase,Chittagong,BDT,False
TXN-20240116-0003818,WALL-0110951,MERCH-00044,PM-03,DEV-03,2024-01-16 12:31:49,22.19,0.1775,0.4438,2,Success,Purchase,Singapore,SGD,False
TXN-20240116-0003819,WALL-0090651,MERCH-00228,PM-01,DEV-01,2024-01-16 22:38:53,15.6,0.0,0.0,1,Success,Purchase,Pokhara,NPR,False
TXN-20240116-0003820,WALL-0011652,MERCH-00080,PM-04,DEV-01,2024-01-16 17:21:48,33.27,0.6655,0.6655,3,Success,Purchase,Hanoi,VND,False
TXN-20240116-0003821,WALL-0035502,MERCH-00168,PM-01,DEV-02,2024-01-16 23:22:49,42.03,0.0,2.1017,4,Success,Purchase,Islamabad,IDR,False
TXN-20240116-0003822,WALL-0085023,MERCH-00038,PM-01,DEV-02,2024-01-16 21:47:26,23.81,0.0,0.4762,2,Success,Purchase,Johor Bahru,MYR,False
TXN-20240116-0003823,WALL-0044419,MERCH-00048,PM-02,DEV-02,2024-01-16 15:29:56,16.21,0.0324,0.3242,1,Success,Purchase,Pathein,MMK,False
TXN-20240116-0003824,WALL-0076618,MERCH-00180,PM-05,DEV-01,2024-01-16 04:45:32,339.26,0.0,16.9631,33,Success,Purchase,Mandalay,MMK,False
TXN-20240116-0003825,WALL-0065283,MERCH-00374,PM-01,DEV-04,2024-01-16 22:21:00,85.65,0.0,0.0,0,Failed,Purchase,Mandalay,THB,False
TXN-20240116-0003826,WALL-0115157,MERCH-00417,PM-01,DEV-01,2024-01-16 08:50:39,26.79,0.0,0.0,2,Success,Payment,Phnom Penh,KHR,False
TXN-20240116-0003827,WALL-0129620,MERCH-00046,PM-01,DEV-03,2024-01-16 18:10:25,10.42,0.0,0.2084,1,Success,Purchase,Naypyidaw,MMK,False
TXN-20240116-0003828,WALL-0003870,MERCH-00070,PM-01,DEV-01,2024-01-16 07:05:20,22.48,0.0,0.4496,2,Success,Purchase,Naypyidaw,MMK,False
TXN-20240116-0003829,WALL-0059531,MERCH-00130,PM-02,DEV-01,2024-01-16 18:00:54,85.07,0.1701,0.0,8,Success,Purchase,Mawlamyine,MMK,False
TXN-20240116-0003830,WALL-0144095,MERCH-00378,PM-01,DEV-01,2024-01-16 21:42:29,198.0,0.0,0.0,19,Success,Purchase,Hanoi,VND,False
TXN-20240116-0003831,WALL-0016070,MERCH-00063,PM-02,DEV-01,2024-01-16 21:13:09,25.46,0.0509,0.5091,2,Success,Purchase,Delhi,IDR,False
TXN-20240116-0003832,WALL-0071305,MERCH-00315,PM-04,DEV-01,2024-01-16 16:27:59,75.88,1.5175,0.0,7,Success,Bill Payment,Ho Chi Minh City,VND,False
TXN-20240116-0003833,WALL-0019472,MERCH-00427,PM-02,DEV-02,2024-01-16 20:04:24,62.09,0.1242,0.0,6,Success,Payment,Phuket,THB,False
TXN-20240116-0003834,WALL-0056820,MERCH-00411,PM-01,DEV-01,2024-01-16 15:16:37,80.3,0.0,0.0,8,Success,Payment,Mawlamyine,MMK,False
TXN-20240116-0003835,WALL-0099677,MERCH-00066,PM-05,DEV-01,2024-01-16 18:14:38,9.82,0.0,0.1965,0,Success,Purchase,Chennai,INR,False
TXN-20240116-0003836,WALL-0005390,MERCH-00042,PM-01,DEV-03,2024-01-16 17:00:19,13.38,0.0,0.2676,1,Success,Purchase,Pune,INR,False
TXN-20240116-0003837,WALL-0092229,MERCH-00113,PM-01,DEV-01,2024-01-16 15:12:20,29.75,0.0,0.0,2,Success,Purchase,Yangon,MMK,False
TXN-20240116-0003838,WALL-0111724,MERCH-00165,PM-01,DEV-01,2024-01-16 18:59:57,356.23,0.0,17.8115,35,Success,Purchase,Khon Kaen,THB,False
TXN-20240116-0003839,WALL-0004766,MERCH-00247,PM-01,DEV-02,2024-01-16 16:07:43,12.11,0.0,0.0,1,Success,Subscription,Singapore,IDR,False
TXN-20240116-0003840,WALL-0120550,MERCH-00246,PM-04,DEV-03,2024-01-16 14:43:46,18.54,0.3708,0.0,1,Success,Subscription,Ho Chi Minh City,VND,False
TXN-20240116-0003841,WALL-0128475,MERCH-00066,PM-01,DEV-01,2024-01-16 10:04:56,18.42,0.0,0.3685,1,Success,Purchase,Naypyidaw,MMK,False
TXN-20240116-0003842,WALL-0018854,MERCH-00350,PM-01,DEV-01,2024-01-16 09:10:24,49.65,0.0,0.0,4,Success,Bill Payment,Davao,PHP,False
TXN-20240116-0003843,WALL-0149341,MERCH-00044,PM-02,DEV-02,2024-01-16 07:47:40,11.51,0.023,0.2302,1,Success,Purchase,Mawlamyine,MMK,False
TXN-20240116-0003844,WALL-0001632,MERCH-00047,PM-01,DEV-03,2024-01-16 12:51:02,23.44,0.0,0.4689,2,Success,Purchase,Taunggyi,MMK,False
TXN-20240116-0003845,WALL-0067215,MERCH-00007,PM-01,DEV-01,2024-01-16 11:09:48,17.08,0.0,0.3416,1,Success,Purchase,Jaipur,INR,False
TXN-20240116-0003846,WALL-0147491,MERCH-00432,PM-04,DEV-01,2024-01-16 15:03:28,144.92,2.8985,0.0,14,Success,Tax Payment,Bago,MMK,False
TXN-20240116-0003847,WALL-0111812,MERCH-00057,PM-04,DEV-01,2024-01-16 18:52:56,21.84,0.4369,0.4369,2,Success,Purchase,Singapore,SGD,False
TXN-20240116-0003848,WALL-0078633,MERCH-00218,PM-04,DEV-01,2024-01-16 10:47:12,11.35,0.227,0.0,1,Success,Purchase,Pathein,MMK,False
TXN-20240116-0003849,WALL-0045597,MERCH-00117,PM-03,DEV-01,2024-01-16 13:52:39,88.47,0.7077,0.0,8,Success,Purchase,Singapore,SGD,False
TXN-20240116-0003850,WALL-0127098,MERCH-00119,PM-03,DEV-01,2024-01-16 19:00:12,36.52,0.2922,0.0,3,Success,Purchase,Karachi,PKR,False
TXN-20240116-0003851,WALL-0055042,MERCH-00049,PM-01,DEV-01,2024-01-16 20:56:05,17.39,0.0,0.3478,1,Success,Purchase,Ahmedabad,LKR,False
TXN-20240116-0003852,WALL-0046505,MERCH-00065,PM-01,DEV-03,2024-01-16 20:21:40,11.12,0.0,0.2223,1,Success,Purchase,Mandalay,MMK,False
TXN-20240116-0003853,WALL-0036816,MERCH-00031,PM-04,DEV-01,2024-01-16 13:14:20,18.06,0.3611,0.3611,1,Success,Purchase,Singapore,SGD,False
TXN-20240116-0003854,WALL-0004112,MERCH-00100,PM-01,DEV-01,2024-01-16 20:26:47,16.84,0.0,0.0,1,Success,Purchase,Yangon,MMK,False
TXN-20240116-0003855,WALL-0078844,MERCH-00153,PM-04,DEV-05,2024-01-16 16:51:15,20.0,0.4,1.0,2,Success,Purchase,Myitkyina,MMK,False
TXN-20240116-0003856,WALL-0083286,MERCH-00036,PM-05,DEV-02,2024-01-16 13:41:04,17.95,0.0,0.359,1,Success,Purchase,Jaipur,INR,False
TXN-20240116-0003857,WALL-0085425,MERCH-00469,PM-02,DEV-01,2024-01-16 19:54:24,50.0,0.1,0.0,5,Success,Payment,Pathein,MMK,False
TXN-20240116-0003858,WALL-0000707,MERCH-00026,PM-02,DEV-05,2024-01-16 12:20:06,13.56,0.0271,0.2712,1,Success,Purchase,Mawlamyine,MMK,False
TXN-20240116-0003859,WALL-0044673,MERCH-00284,PM-01,DEV-01,2024-01-16 16:38:28,214.59,0.0,17.1669,42,Success,Purchase,Naypyidaw,MMK,False
TXN-20240116-0003860,WALL-0022372,MERCH-00428,PM-01,DEV-01,2024-01-16 06:13:13,61.05,0.0,0.0,6,Success,Payment,Islamabad,MMK,False
TXN-20240116-0003861,WALL-0115825,MERCH-00408,PM-01,DEV-03,2024-01-16 01:11:53,42.85,0.0,0.0,4,Success,Payment,Siem Reap,MMK,False
TXN-20240116-0003862,WALL-0044776,MERCH-00048,PM-04,DEV-01,2024-01-16 21:57:30,17.59,0.3518,0.3518,1,Success,Purchase,Phuket,THB,False
TXN-20240116-0003863,WALL-0025494,MERCH-00077,PM-04,DEV-03,2024-01-16 06:16:56,12.8,0.256,0.256,1,Success,Purchase,Islamabad,INR,False
TXN-20240116-0003864,WALL-0058178,MERCH-00346,PM-01,DEV-01,2024-01-16 11:01:13,72.84,0.0,0.0,7,Success,Bill Payment,Taunggyi,MMK,False
TXN-20240116-0003865,WALL-0023061,MERCH-00166,PM-03,DEV-01,2024-01-16 06:44:31,332.77,2.6622,0.0,0,Failed,Purchase,Kathmandu,NPR,False
TXN-20240116-0003866,WALL-0104675,MERCH-00012,PM-04,DEV-01,2024-01-16 20:10:36,22.01,0.4401,0.4401,2,Success,Purchase,Jaipur,MMK,False
TXN-20240116-0003867,WALL-0010880,MERCH-00391,PM-02,DEV-02,2024-01-16 09:30:17,45.38,0.0908,0.0,4,Success,Purchase,Islamabad,PKR,False
TXN-20240116-0003868,WALL-0136206,MERCH-00139,PM-03,DEV-01,2024-01-16 14:47:55,77.61,0.6209,3.8807,7,Success,Purchase,Mandalay,MMK,False
TXN-20240116-0003869,WALL-0032306,MERCH-00036,PM-01,DEV-02,2024-01-16 21:56:42,17.64,0.0,0.3529,1,Success,Purchase,Kolkata,INR,False
TXN-20240116-0003870,WALL-0126909,MERCH-00184,PM-01,DEV-01,2024-01-16 21:31:29,154.19,0.0,7.7093,15,Success,Purchase,Hyderabad,INR,False
TXN-20240116-0003871,WALL-0075764,MERCH-00233,PM-01,DEV-01,2024-01-16 13:46:17,6.81,0.0,0.0,0,Success,Subscription,Singapore,SGD,False
TXN-20240116-0003872,WALL-0093353,MERCH-00365,PM-01,DEV-02,2024-01-16 17:19:16,46.4,0.0,0.0,0,Reversed,Bill Payment,Hanoi,VND,False
TXN-20240116-0003873,WALL-0116239,MERCH-00222,PM-02,DEV-01,2024-01-16 21:19:56,7.4,0.0148,0.0,0,Success,Purchase,Mawlamyine,MMK,False
TXN-20240116-0003874,WALL-0132927,MERCH-00060,PM-01,DEV-01,2024-01-16 20:15:26,17.61,0.0,0.3522,1,Success,Purchase,Lahore,MMK,False
TXN-20240116-0003875,WALL-0052401,MERCH-00125,PM-01,DEV-01,2024-01-16 08:05:16,49.71,0.0,0.0,4,Success,Purchase,Bago,MMK,False
TXN-20240116-0003876,WALL-0088067,MERCH-00008,PM-02,DEV-02,2024-01-16 14:32:04,14.87,0.0297,0.2975,1,Success,Purchase,Chittagong,BDT,False
TXN-20240116-0003877,WALL-0108361,MERCH-00069,PM-01,DEV-03,2024-01-16 15:05:46,63.07,0.0,1.2614,6,Success,Purchase,Bali,LKR,False
TXN-20240116-0003878,WALL-0144072,MERCH-00013,PM-01,DEV-01,2024-01-16 18:58:43,6.73,0.0,0.1346,0,Success,Purchase,Pathein,MMK,False
TXN-20240116-0003879,WALL-0120619,MERCH-00186,PM-01,DEV-01,2024-01-16 19:12:42,61.91,0.0,3.0955,6,Success,Purchase,Pokhara,NPR,False
TXN-20240116-0003880,WALL-0140057,MERCH-00221,PM-01,DEV-02,2024-01-16 13:31:31,5.13,0.0,0.0,0,Success,Purchase,Myitkyina,MMK,False
TXN-20240116-0003881,WALL-0037434,MERCH-00197,PM-04,DEV-01,2024-01-16 17:47:00,20.56,0.4113,0.0,2,Success,Purchase,Manila,PHP,False
TXN-20240116-0003882,WALL-0013809,MERCH-00148,PM-02,DEV-01,2024-01-16 02:59:56,104.88,0.2098,5.2442,10,Success,Purchase,Naypyidaw,MMK,False
TXN-20240116-0003883,WALL-0058881,MERCH-00041,PM-01,DEV-01,2024-01-16 17:29:46,28.65,0.0,0.573,2,Success,Purchase,Bago,MMK,False
TXN-20240116-0003884,WALL-0064454,MERCH-00392,PM-01,DEV-01,2024-01-16 18:59:53,40.13,0.0,0.0,4,Success,Purchase,Yangon,MMK,False
TXN-20240116-0003885,WALL-0009226,MERCH-00385,PM-03,DEV-01,2024-01-16 16:44:54,26.11,0.2089,0.0,2,Success,Purchase,Colombo,LKR,False
TXN-20240116-0003886,WALL-0058617,MERCH-00202,PM-01,DEV-01,2024-01-16 21:32:52,14.07,0.0,0.0,1,Success,Purchase,Chennai,INR,False
TXN-20240116-0003887,WALL-0067136,MERCH-00260,PM-03,DEV-02,2024-01-16 10:22:07,14.7,0.1176,0.0,1,Success,Subscription,Pathein,MMK,False
TXN-20240116-0003888,WALL-0144145,MERCH-00189,PM-02,DEV-01,2024-01-16 07:14:06,45.49,0.091,2.2746,4,Success,Purchase,Bago,MMK,False
TXN-20240116-0003889,WALL-0032647,MERCH-00109,PM-02,DEV-01,2024-01-16 12:05:03,92.05,0.1841,0.0,9,Success,Purchase,Bangkok,THB,False
TXN-20240116-0003890,WALL-0118144,MERCH-00038,PM-01,DEV-02,2024-01-16 07:23:18,44.31,0.0,0.8862,4,Success,Purchase,Taunggyi,MMK,False
TXN-20240116-0003891,WALL-0130899,MERCH-00342,PM-01,DEV-01,2024-01-16 19:50:27,162.37,0.0,0.0,16,Success,Bill Payment,Pathein,MMK,False
TXN-20240116-0003892,WALL-0089679,MERCH-00084,PM-01,DEV-01,2024-01-16 20:43:05,55.93,0.0,0.0,5,Success,Purchase,Bangalore,INR,False
TXN-20240116-0003893,WALL-0140025,MERCH-00389,PM-05,DEV-04,2024-01-16 15:27:19,32.48,0.0,0.0,3,Success,Purchase,Hyderabad,INR,False
TXN-20240116-0003894,WALL-0025822,MERCH-00025,PM-03,DEV-01,2024-01-16 16:54:14,30.83,0.2466,0.6166,3,Success,Purchase,Kolkata,INR,False
TXN-20240116-0003895,WALL-0134626,MERCH-00010,PM-01,DEV-01,2024-01-16 16:59:54,36.79,0.0,0.7357,3,Success,Purchase,Manila,PHP,False
TXN-20240116-0003896,WALL-0122249,MERCH-00065,PM-01,DEV-01,2024-01-16 06:31:35,27.92,0.0,0.5584,2,Success,Purchase,Mandalay,MMK,False
TXN-20240116-0003897,WALL-0080634,MERCH-00220,PM-01,DEV-01,2024-01-16 18:26:16,13.26,0.0,0.0,1,Success,Purchase,Taunggyi,MMK,False
TXN-20240116-0003898,WALL-0132507,MERCH-00320,PM-01,DEV-01,2024-01-16 08:12:09,107.2,0.0,0.0,10,Success,Bill Payment,Bago,MMK,False
TXN-20240116-0003899,WALL-0044501,MERCH-00428,PM-01,DEV-01,2024-01-16 03:07:35,47.85,0.0,0.0,4,Success,Payment,Pathein,MMK,False
TXN-20240116-0003900,WALL-0063110,MERCH-00116,PM-03,DEV-03,2024-01-16 17:54:29,55.11,0.4409,0.0,5,Success,Purchase,Taunggyi,MMK,False
TXN-20240116-0003901,WALL-0123798,MERCH-00116,PM-04,DEV-01,2024-01-16 23:05:57,18.21,0.3643,0.0,1,Success,Purchase,Yangon,MMK,False
TXN-20240116-0003902,WALL-0010795,MERCH-00212,PM-01,DEV-03,2024-01-16 11:33:57,30.98,0.0,0.0,3,Success,Purchase,Jakarta,IDR,False
TXN-20240116-0003903,WALL-0142593,MERCH-00287,PM-01,DEV-02,2024-01-16 03:07:19,3126.0,0.0,250.0801,625,Success,Purchase,Medan,IDR,False
TXN-20240116-0003904,WALL-0046959,MERCH-00132,PM-02,DEV-03,2024-01-16 10:59:43,653.88,1.3078,32.6939,65,Success,Purchase,Mumbai,INR,False
TXN-20240116-0003905,WALL-0016050,MERCH-00012,PM-01,DEV-02,2024-01-16 12:46:13,16.46,0.0,0.3292,1,Success,Purchase,Chittagong,BDT,False
TXN-20240116-0003906,WALL-0126808,MERCH-00047,PM-01,DEV-02,2024-01-16 16:25:44,16.31,0.0,0.3263,1,Success,Purchase,Cebu City,MMK,False
TXN-20240116-0003907,WALL-0042901,MERCH-00144,PM-02,DEV-01,2024-01-16 18:42:41,31.73,0.0635,1.5864,3,Success,Purchase,Ho Chi Minh City,VND,False
TXN-20240116-0003908,WALL-0146936,MERCH-00097,PM-01,DEV-01,2024-01-16 07:36:11,30.56,0.0,0.0,3,Success,Purchase,Da Nang,VND,False
TXN-20240116-0003909,WALL-0106009,MERCH-00419,PM-01,DEV-01,2024-01-16 21:33:28,101.85,0.0,0.0,10,Success,Payment,Myitkyina,MMK,False
TXN-20240116-0003910,WALL-0060999,MERCH-00261,PM-03,DEV-02,2024-01-16 10:23:39,25.28,0.2023,0.0,2,Success,Subscription,Pune,INR,False
TXN-20240116-0003911,WALL-0008296,MERCH-00009,PM-02,DEV-03,2024-01-16 20:38:15,22.44,0.0449,0.4489,2,Success,Purchase,Bago,MMK,False
TXN-20240116-0003912,WALL-0054473,MERCH-00445,PM-02,DEV-01,2024-01-16 20:45:39,313.93,0.6279,0.0,31,Success,Tax Payment,Mandalay,MMK,False
TXN-20240116-0003913,WALL-0080194,MERCH-00108,PM-03,DEV-01,2024-01-16 18:35:07,45.34,0.3627,0.0,4,Success,Purchase,Kandy,INR,False
TXN-20240116-0003914,WALL-0011082,MERCH-00388,PM-01,DEV-05,2024-01-16 20:09:10,37.28,0.0,0.0,3,Success,Purchase,Yangon,MMK,False
TXN-20240116-0003915,WALL-0056685,MERCH-00095,PM-01,DEV-01,2024-01-16 07:49:39,52.85,0.0,0.0,5,Success,Purchase,Ahmedabad,INR,False
TXN-20240116-0003916,WALL-0012122,MERCH-00044,PM-04,DEV-02,2024-01-16 19:37:36,28.57,0.5715,0.5715,2,Success,Purchase,Mandalay,MMK,False
TXN-20240116-0003917,WALL-0064198,MERCH-00267,PM-01,DEV-01,2024-01-16 13:50:49,25.51,0.0,0.0,2,Success,Subscription,Islamabad,PKR,False
TXN-20240116-0003918,WALL-0124805,MERCH-00074,PM-01,DEV-01,2024-01-16 13:01:05,11.58,0.0,0.2317,1,Success,Purchase,Manila,MMK,False
TXN-20240116-0003919,WALL-0018610,MERCH-00054,PM-01,DEV-01,2024-01-16 12:24:25,19.58,0.0,0.3915,1,Success,Purchase,Lahore,PKR,False
TXN-20240116-0003920,WALL-0033760,MERCH-00163,PM-04,DEV-01,2024-01-16 11:51:29,211.22,4.2244,10.5609,21,Success,Purchase,Pathein,MMK,False
TXN-20240116-0003921,WALL-0143975,MERCH-00092,PM-04,DEV-01,2024-01-16 17:53:30,15.77,0.3154,0.0,1,Success,Purchase,Pathein,MMK,False
TXN-20240116-0003922,WALL-0112344,MERCH-00026,PM-01,DEV-01,2024-01-16 12:35:42,27.69,0.0,0.5537,2,Success,Purchase,Mandalay,SGD,False
TXN-20240116-0003923,WALL-0050925,MERCH-00200,PM-01,DEV-01,2024-01-16 16:08:11,9.8,0.0,0.0,0,Success,Purchase,Myitkyina,MMK,False
TXN-20240116-0003924,WALL-0004418,MERCH-00017,PM-02,DEV-01,2024-01-16 19:56:00,8.56,0.0171,0.1712,0,Success,Purchase,Naypyidaw,MMK,False
TXN-20240116-0003925,WALL-0056041,MERCH-00147,PM-02,DEV-02,2024-01-16 17:30:21,80.86,0.1617,4.043,8,Success,Purchase,Yangon,MMK,False
TXN-20240116-0003926,WALL-0057021,MERCH-00425,PM-02,DEV-01,2024-01-16 01:50:53,34.12,0.0682,0.0,3,Success,Payment,Yangon,MMK,False
TXN-20240116-0003927,WALL-0041631,MERCH-00273,PM-01,DEV-01,2024-01-16 06:55:02,579.41,0.0,46.3528,115,Success,Purchase,Kolkata,INR,False
TXN-20240116-0003928,WALL-0065886,MERCH-00051,PM-03,DEV-04,2024-01-16 16:09:31,18.5,0.148,0.37,1,Success,Purchase,Karachi,PKR,False
TXN-20240116-0003929,WALL-0137253,MERCH-00113,PM-04,DEV-01,2024-01-16 17:03:02,45.34,0.9069,0.0,4,Success,Purchase,Johor Bahru,MYR,False
TXN-20240116-0003930,WALL-0099336,MERCH-00108,PM-04,DEV-01,2024-01-16 23:31:37,21.57,0.4315,0.0,2,Success,Purchase,Hyderabad,INR,False
TXN-20240116-0003931,WALL-0026717,MERCH-00132,PM-02,DEV-01,2024-01-16 21:48:35,118.87,0.2377,5.9436,11,Success,Purchase,Myitkyina,MMK,False
TXN-20240116-0003932,WALL-0109118,MERCH-00035,PM-01,DEV-01,2024-01-16 13:44:26,18.37,0.0,0.3673,1,Success,Purchase,Kathmandu,NPR,False
TXN-20240116-0003933,WALL-0042306,MERCH-00117,PM-01,DEV-02,2024-01-16 16:19:18,49.81,0.0,0.0,4,Success,Purchase,Kathmandu,NPR,False
TXN-20240116-0003934,WALL-0118201,MERCH-00364,PM-02,DEV-01,2024-01-16 16:40:00,46.12,0.0922,0.0,4,Success,Bill Payment,Lahore,PKR,False
TXN-20240116-0003935,WALL-0099916,MERCH-00032,PM-03,DEV-02,2024-01-16 17:28:14,38.65,0.3092,0.773,3,Success,Purchase,Kathmandu,NPR,False
TXN-20240116-0003936,WALL-0029361,MERCH-00099,PM-02,DEV-03,2024-01-16 18:15:32,75.03,0.1501,0.0,7,Success,Purchase,Myitkyina,MMK,False
TXN-20240116-0003937,WALL-0091761,MERCH-00015,PM-02,DEV-01,2024-01-16 18:34:59,10.58,0.0212,0.2117,1,Success,Purchase,Manila,PHP,False
TXN-20240116-0003938,WALL-0037792,MERCH-00366,PM-02,DEV-01,2024-01-16 15:50:44,50.58,0.1012,0.0,0,Pending,Bill Payment,Singapore,MMK,False
TXN-20240116-0003939,WALL-0092796,MERCH-00044,PM-05,DEV-01,2024-01-16 12:19:12,12.07,0.0,0.2414,1,Success,Purchase,Bago,MMK,False
TXN-20240116-0003940,WALL-0045104,MERCH-00039,PM-01,DEV-01,2024-01-16 11:39:02,12.16,0.0,0.2431,1,Success,Purchase,Medan,IDR,False
TXN-20240116-0003941,WALL-0140519,MERCH-00040,PM-02,DEV-02,2024-01-16 19:30:16,11.3,0.0226,0.2259,1,Success,Purchase,Kolkata,INR,False
TXN-20240116-0003942,WALL-0057294,MERCH-00104,PM-04,DEV-01,2024-01-16 20:46:44,59.27,1.1853,0.0,5,Success,Purchase,Bago,MMK,False
TXN-20240116-0003943,WALL-0105823,MERCH-00378,PM-02,DEV-01,2024-01-16 14:33:03,147.57,0.2951,0.0,14,Success,Purchase,Phuket,THB,False
TXN-20240116-0003944,WALL-0098032,MERCH-00332,PM-04,DEV-02,2024-01-16 18:33:25,83.18,1.6636,0.0,8,Success,Bill Payment,Myitkyina,MMK,False
TXN-20240116-0003945,WALL-0028926,MERCH-00196,PM-01,DEV-02,2024-01-16 11:29:02,20.09,0.0,0.0,2,Success,Purchase,Da Nang,VND,False
TXN-20240116-0003946,WALL-0114270,MERCH-00369,PM-04,DEV-01,2024-01-16 20:08:56,19.4,0.388,0.0,1,Success,Bill Payment,Taunggyi,MMK,False
TXN-20240116-0003947,WALL-0071758,MERCH-00006,PM-04,DEV-01,2024-01-16 05:48:57,6.4,0.1279,0.1279,0,Success,Purchase,Mandalay,MMK,False
TXN-20240116-0003948,WALL-0100026,MERCH-00433,PM-01,DEV-01,2024-01-16 06:04:56,143.53,0.0,0.0,14,Success,Tax Payment,Johor Bahru,MYR,False
TXN-20240116-0003949,WALL-0114446,MERCH-00338,PM-05,DEV-03,2024-01-16 07:55:21,59.14,0.0,0.0,5,Success,Bill Payment,Yangon,MMK,False
TXN-20240116-0003950,WALL-0138868,MERCH-00427,PM-01,DEV-01,2024-01-16 03:42:25,30.34,0.0,0.0,3,Success,Payment,Mandalay,MMK,False
TXN-20240116-0003951,WALL-0085329,MERCH-00419,PM-03,DEV-01,2024-01-16 12:53:46,20.0,0.16,0.0,2,Success,Payment,Taunggyi,MMK,False
TXN-20240116-0003952,WALL-0054812,MERCH-00403,PM-04,DEV-02,2024-01-16 16:40:47,157.44,3.1487,0.0,15,Success,Payment,Medan,IDR,False
TXN-20240116-0003953,WALL-0117709,MERCH-00297,PM-01,DEV-01,2024-01-16 13:47:33,1247.58,0.0,99.8064,249,Success,Purchase,Bandung,IDR,False
TXN-20240116-0003954,WALL-0123106,MERCH-00219,PM-03,DEV-03,2024-01-16 12:18:29,21.22,0.1698,0.0,2,Success,Purchase,Bago,MMK,False
TXN-20240116-0003955,WALL-0054087,MERCH-00271,PM-01,DEV-01,2024-01-16 14:00:02,353.64,0.0,28.2912,70,Success,Purchase,Taunggyi,MMK,False
TXN-20240116-0003956,WALL-0012302,MERCH-00353,PM-01,DEV-01,2024-01-16 21:43:32,17.54,0.0,0.0,1,Success,Bill Payment,Cebu City,PHP,False
TXN-20240116-0003957,WALL-0035596,MERCH-00037,PM-04,DEV-02,2024-01-16 21:11:16,42.0,0.84,0.0,0,Reversed,Purchase,Yangon,MMK,False
TXN-20240116-0003958,WALL-0000107,MERCH-00109,PM-01,DEV-05,2024-01-16 12:46:47,48.43,0.0,0.0,4,Success,Purchase,Bangalore,INR,False
TXN-20240116-0003959,WALL-0053871,MERCH-00356,PM-01,DEV-05,2024-01-16 10:31:23,18.31,0.0,0.0,1,Success,Bill Payment,Hanoi,VND,False
TXN-20240116-0003960,WALL-0144081,MERCH-00221,PM-02,DEV-01,2024-01-16 17:09:27,7.1,0.0142,0.0,0,Success,Purchase,Da Nang,MMK,False
TXN-20240116-0003961,WALL-0042098,MERCH-00253,PM-04,DEV-01,2024-01-16 14:20:32,34.44,0.6888,0.0,3,Success,Subscription,Islamabad,PKR,False
TXN-20240116-0003962,WALL-0125391,MERCH-00008,PM-01,DEV-03,2024-01-16 19:27:22,14.51,0.0,0.2902,1,Success,Purchase,Delhi,INR,False
TXN-20240116-0003963,WALL-0110026,MERCH-00066,PM-02,DEV-03,2024-01-16 14:57:06,17.34,0.0347,0.3468,1,Success,Purchase,Medan,IDR,False
TXN-20240116-0003964,WALL-0093967,MERCH-00023,PM-02,DEV-01,2024-01-16 18:16:14,30.4,0.0608,0.608,3,Success,Purchase,Myitkyina,MMK,False
TXN-20240116-0003965,WALL-0139415,MERCH-00346,PM-03,DEV-01,2024-01-16 06:13:57,25.75,0.206,0.0,2,Success,Bill Payment,Kolkata,INR,False
TXN-20240116-0003966,WALL-0086806,MERCH-00339,PM-04,DEV-01,2024-01-16 09:05:09,87.0,1.74,0.0,8,Success,Bill Payment,Kuala Lumpur,PKR,False
TXN-20240116-0003967,WALL-0044344,MERCH-00061,PM-05,DEV-01,2024-01-16 14:35:08,27.11,0.0,0.5422,2,Success,Purchase,Bali,IDR,False
TXN-20240116-0003968,WALL-0009831,MERCH-00030,PM-05,DEV-01,2024-01-16 15:28:58,20.49,0.0,0.4098,2,Success,Purchase,Siem Reap,KHR,False
TXN-20240116-0003969,WALL-0090844,MERCH-00122,PM-01,DEV-04,2024-01-16 12:44:04,223.79,0.0,0.0,22,Success,Purchase,Hanoi,VND,False
TXN-20240116-0003970,WALL-0138478,MERCH-00083,PM-01,DEV-01,2024-01-16 17:47:45,69.18,0.0,0.0,6,Success,Purchase,Karachi,PKR,False
TXN-20240116-0003971,WALL-0016761,MERCH-00012,PM-01,DEV-03,2024-01-16 18:29:43,18.5,0.0,0.3701,1,Success,Purchase,Johor Bahru,MYR,False
TXN-20240116-0003972,WALL-0061914,MERCH-00300,PM-03,DEV-03,2024-01-16 21:43:43,631.27,5.0502,50.5018,126,Success,Purchase,Surabaya,PHP,False
TXN-20240116-0003973,WALL-0085455,MERCH-00399,PM-01,DEV-04,2024-01-16 09:57:38,56.34,0.0,0.0,5,Success,Purchase,Khon Kaen,THB,False
TXN-20240116-0003974,WALL-0146416,MERCH-00090,PM-01,DEV-01,2024-01-16 02:45:00,69.7,0.0,0.0,6,Success,Purchase,Ahmedabad,INR,False
TXN-20240116-0003975,WALL-0018845,MERCH-00129,PM-03,DEV-02,2024-01-16 13:04:04,71.74,0.5739,0.0,7,Success,Purchase,Mawlamyine,MMK,False
TXN-20240116-0003976,WALL-0008152,MERCH-00093,PM-04,DEV-01,2024-01-16 18:54:46,57.92,1.1584,0.0,5,Success,Purchase,Ho Chi Minh City,INR,False
TXN-20240116-0003977,WALL-0011842,MERCH-00419,PM-05,DEV-03,2024-01-16 11:54:08,53.76,0.0,0.0,5,Success,Payment,Chennai,MMK,False
TXN-20240116-0003978,WALL-0043633,MERCH-00473,PM-01,DEV-01,2024-01-16 07:33:15,474.38,0.0,0.0,47,Success,Payment,Naypyidaw,MMK,False
TXN-20240116-0003979,WALL-0075596,MERCH-00361,PM-01,DEV-01,2024-01-16 09:24:16,41.2,0.0,0.0,4,Success,Bill Payment,Pune,INR,False
TXN-20240116-0003980,WALL-0063625,MERCH-00434,PM-02,DEV-02,2024-01-16 16:11:36,483.13,0.9663,0.0,48,Success,Tax Payment,Jaipur,INR,False
TXN-20240116-0003981,WALL-0051640,MERCH-00308,PM-01,DEV-02,2024-01-16 15:56:49,108.09,0.0,8.647,21,Success,Purchase,Kolkata,INR,False
TXN-20240116-0003982,WALL-0099859,MERCH-00104,PM-04,DEV-01,2024-01-16 10:44:37,66.18,1.3235,0.0,6,Success,Purchase,Bangkok,THB,False
TXN-20240116-0003983,WALL-0074231,MERCH-00162,PM-01,DEV-01,2024-01-16 03:13:29,268.82,0.0,13.4409,26,Success,Purchase,Bago,MMK,False
TXN-20240116-0003984,WALL-0043255,MERCH-00325,PM-04,DEV-01,2024-01-16 11:00:06,129.5,2.59,0.0,12,Success,Bill Payment,Kolkata,INR,False
TXN-20240116-0003985,WALL-0043733,MERCH-00092,PM-01,DEV-02,2024-01-16 12:24:07,69.9,0.0,0.0,6,Success,Purchase,Pattaya,THB,False
TXN-20240116-0003986,WALL-0010311,MERCH-00326,PM-04,DEV-01,2024-01-16 08:27:35,50.66,1.0133,0.0,5,Success,Bill Payment,Surabaya,IDR,False
TXN-20240116-0003987,WALL-0108819,MERCH-00092,PM-01,DEV-04,2024-01-16 13:55:33,55.89,0.0,0.0,5,Success,Purchase,Pokhara,NPR,False
TXN-20240116-0003988,WALL-0089921,MERCH-00144,PM-01,DEV-02,2024-01-16 15:14:14,31.01,0.0,1.5504,3,Success,Purchase,Chittagong,MMK,False
TXN-20240116-0003989,WALL-0024246,MERCH-00053,PM-01,DEV-04,2024-01-16 11:46:59,18.43,0.0,0.3685,1,Success,Purchase,Kolkata,INR,False
TXN-20240116-0003990,WALL-0006611,MERCH-00317,PM-04,DEV-01,2024-01-16 16:46:55,37.98,0.7596,0.0,3,Success,Bill Payment,Taunggyi,MMK,False
TXN-20240116-0003991,WALL-0070049,MERCH-00337,PM-03,DEV-01,2024-01-16 21:33:12,28.05,0.2244,0.0,2,Success,Bill Payment,Medan,LKR,False
TXN-20240116-0003992,WALL-0032654,MERCH-00422,PM-02,DEV-03,2024-01-16 15:11:48,87.48,0.175,0.0,8,Success,Payment,Pathein,MMK,False
TXN-20240116-0003993,WALL-0038873,MERCH-00341,PM-01,DEV-02,2024-01-16 03:39:54,54.71,0.0,0.0,5,Success,Bill Payment,Quezon City,MMK,False
TXN-20240116-0003994,WALL-0137299,MERCH-00081,PM-01,DEV-02,2024-01-16 20:00:56,31.62,0.0,0.0,3,Success,Purchase,Mawlamyine,MMK,False
TXN-20240116-0003995,WALL-0025741,MERCH-00097,PM-01,DEV-01,2024-01-16 14:47:45,102.52,0.0,0.0,10,Success,Purchase,Taunggyi,MMK,False
TXN-20240116-0003996,WALL-0059827,MERCH-00160,PM-01,DEV-05,2024-01-16 18:56:31,43.29,0.0,2.1647,4,Success,Purchase,Yangon,MMK,False
TXN-20240116-0003997,WALL-0074307,MERCH-00446,PM-03,DEV-01,2024-01-16 07:52:29,449.2,3.5936,0.0,0,Reversed,Tax Payment,Surabaya,IDR,False
TXN-20240116-0003998,WALL-0118658,MERCH-00264,PM-02,DEV-01,2024-01-16 19:52:22,6.77,0.0135,0.0,0,Success,Subscription,Jaipur,LKR,False
TXN-20240116-0003999,WALL-0142185,MERCH-00250,PM-01,DEV-02,2024-01-16 19:41:00,31.11,0.0,0.0,3,Success,Subscription,Pathein,MMK,False
TXN-20240116-0004000,WALL-0035479,MERCH-00483,PM-02,DEV-03,2024-01-16 16:57:31,50.0,0.1,0.0,5,Success,Payment,Bago,IDR,False
TXN-20240116-0004001,WALL-0067794,MERCH-00024,PM-01,DEV-01,2024-01-16 16:56:51,27.01,0.0,0.5401,2,Success,Purchase,Pattaya,THB,False
TXN-20240116-0004002,WALL-0143690,MERCH-00422,PM-04,DEV-01,2024-01-16 03:35:11,430.17,8.6034,0.0,43,Success,Payment,Ho Chi Minh City,VND,False
TXN-20240116-0004003,WALL-0011209,MERCH-00388,PM-04,DEV-01,2024-01-16 14:33:24,77.17,1.5434,0.0,7,Success,Purchase,Siem Reap,KHR,False
TXN-20240116-0004004,WALL-0105459,MERCH-00393,PM-02,DEV-01,2024-01-16 15:13:27,51.07,0.1021,0.0,5,Success,Purchase,Myitkyina,MMK,False
TXN-20240116-0004005,WALL-0060130,MERCH-00223,PM-03,DEV-03,2024-01-16 13:18:41,5.81,0.0464,0.0,0,Success,Purchase,Kuala Lumpur,MYR,False
TXN-20240116-0004006,WALL-0092796,MERCH-00438,PM-01,DEV-02,2024-01-16 05:36:34,150.65,0.0,0.0,15,Success,Tax Payment,Bago,MMK,False
TXN-20240116-0004007,WALL-0120896,MERCH-00087,PM-02,DEV-01,2024-01-16 14:39:19,108.47,0.2169,0.0,10,Success,Purchase,Phuket,THB,False
TXN-20240116-0004008,WALL-0003566,MERCH-00320,PM-02,DEV-01,2024-01-16 20:10:07,105.82,0.2116,0.0,10,Success,Bill Payment,Mawlamyine,MMK,False
TXN-20240116-0004009,WALL-0132498,MERCH-00396,PM-04,DEV-01,2024-01-16 07:37:18,20.0,0.4,0.0,2,Success,Purchase,Bangkok,THB,False
TXN-20240116-0004010,WALL-0061744,MERCH-00442,PM-02,DEV-01,2024-01-16 09:34:47,992.85,1.9857,0.0,99,Success,Tax Payment,Pathein,IDR,False
TXN-20240116-0004011,WALL-0071161,MERCH-00040,PM-03,DEV-02,2024-01-16 18:59:22,17.84,0.1427,0.3568,1,Success,Purchase,Dhaka,PHP,False
TXN-20240116-0004012,WALL-0088802,MERCH-00391,PM-02,DEV-05,2024-01-16 15:47:31,198.0,0.396,0.0,19,Success,Purchase,Bangkok,THB,False
TXN-20240116-0004013,WALL-0148273,MERCH-00011,PM-02,DEV-01,2024-01-16 11:03:25,34.52,0.069,0.6903,3,Success,Purchase,Quezon City,PHP,False
TXN-20240116-0004014,WALL-0077680,MERCH-00285,PM-03,DEV-01,2024-01-16 15:11:56,808.09,6.4647,64.6473,161,Success,Purchase,Mawlamyine,INR,False
TXN-20240116-0004015,WALL-0080171,MERCH-00405,PM-05,DEV-02,2024-01-16 12:12:58,146.63,0.0,0.0,14,Success,Payment,Chittagong,BDT,False
TXN-20240116-0004016,WALL-0081769,MERCH-00067,PM-01,DEV-01,2024-01-16 16:33:10,12.27,0.0,0.2453,1,Success,Purchase,Taunggyi,MMK,False
TXN-20240116-0004017,WALL-0064797,MERCH-00251,PM-03,DEV-02,2024-01-16 11:05:24,19.22,0.1538,0.0,1,Success,Subscription,Khon Kaen,THB,False
TXN-20240116-0004018,WALL-0090073,MERCH-00148,PM-03,DEV-01,2024-01-16 20:04:58,92.63,0.741,4.6313,9,Success,Purchase,Hanoi,VND,False
TXN-20240116-0004019,WALL-0001980,MERCH-00055,PM-01,DEV-01,2024-01-16 15:36:09,16.23,0.0,0.3245,1,Success,Purchase,Islamabad,MMK,False
TXN-20240116-0004020,WALL-0126461,MERCH-00375,PM-01,DEV-02,2024-01-16 18:03:05,55.22,0.0,0.0,5,Success,Purchase,Bandung,IDR,False
TXN-20240116-0004021,WALL-0049677,MERCH-00300,PM-01,DEV-02,2024-01-16 15:19:23,395.69,0.0,31.6552,79,Success,Purchase,Mandalay,MMK,False
TXN-20240116-0004022,WALL-0102343,MERCH-00296,PM-01,DEV-01,2024-01-16 16:47:08,295.67,0.0,23.6533,59,Success,Purchase,Pattaya,THB,False
TXN-20240116-0004023,WALL-0109233,MERCH-00197,PM-01,DEV-01,2024-01-16 16:52:18,29.68,0.0,0.0,2,Success,Purchase,Myitkyina,MMK,False
TXN-20240116-0004024,WALL-0013994,MERCH-00111,PM-03,DEV-02,2024-01-16 17:46:13,29.5,0.236,0.0,2,Success,Purchase,Quezon City,PHP,False
TXN-20240116-0004025,WALL-0107505,MERCH-00468,PM-01,DEV-05,2024-01-16 05:14:22,146.23,0.0,0.0,14,Success,Payment,Myitkyina,MMK,False
TXN-20240116-0004026,WALL-0110989,MERCH-00045,PM-04,DEV-04,2024-01-16 16:26:25,6.28,0.1257,0.1257,0,Success,Purchase,Pune,MMK,False
TXN-20240116-0004027,WALL-0011104,MERCH-00263,PM-01,DEV-01,2024-01-16 07:22:28,63.87,0.0,0.0,6,Success,Subscription,Bali,IDR,False
TXN-20240116-0004028,WALL-0125543,MERCH-00118,PM-01,DEV-01,2024-01-16 20:39:58,154.14,0.0,0.0,15,Success,Purchase,Naypyidaw,MMK,False
TXN-20240116-0004029,WALL-0084689,MERCH-00108,PM-05,DEV-02,2024-01-16 13:08:05,76.12,0.0,0.0,7,Success,Purchase,Pathein,MMK,False
TXN-20240116-0004030,WALL-0034959,MERCH-00383,PM-02,DEV-01,2024-01-16 18:53:34,63.58,0.1272,0.0,6,Success,Purchase,Bandung,MMK,False
TXN-20240116-0004031,WALL-0044490,MERCH-00122,PM-01,DEV-03,2024-01-16 15:47:59,67.25,0.0,0.0,6,Success,Purchase,Khon Kaen,THB,False
TXN-20240116-0004032,WALL-0147288,MERCH-00057,PM-04,DEV-01,2024-01-16 19:36:29,32.44,0.6487,0.6487,3,Success,Purchase,Mumbai,INR,False
TXN-20240116-0004033,WALL-0035503,MERCH-00198,PM-01,DEV-03,2024-01-16 08:54:15,28.42,0.0,0.0,2,Success,Purchase,Hanoi,VND,False
TXN-20240116-0004034,WALL-0111004,MERCH-00341,PM-01,DEV-01,2024-01-16 16:55:21,62.9,0.0,0.0,6,Success,Bill Payment,Karachi,THB,False
TXN-20240116-0004035,WALL-0148789,MERCH-00245,PM-01,DEV-02,2024-01-16 04:21:50,40.0,0.0,0.0,4,Success,Subscription,Singapore,SGD,False
TXN-20240116-0004036,WALL-0080796,MERCH-00179,PM-02,DEV-01,2024-01-16 18:14:19,59.39,0.1188,2.9696,5,Success,Purchase,Mandalay,MMK,False
TXN-20240116-0004037,WALL-0113291,MERCH-00135,PM-04,DEV-01,2024-01-16 19:06:28,115.47,2.3095,5.7737,11,Success,Purchase,Siem Reap,KHR,False
TXN-20240116-0004038,WALL-0051204,MERCH-00016,PM-01,DEV-02,2024-01-16 16:34:11,23.37,0.0,0.4674,2,Success,Purchase,Mawlamyine,MMK,False
TXN-20240116-0004039,WALL-0047788,MERCH-00069,PM-01,DEV-01,2024-01-16 18:16:51,10.05,0.0,0.2011,1,Success,Purchase,Naypyidaw,MMK,False
TXN-20240116-0004040,WALL-0148774,MERCH-00242,PM-03,DEV-01,2024-01-16 16:26:13,26.31,0.2105,0.0,2,Success,Subscription,Mawlamyine,MMK,False
TXN-20240116-0004041,WALL-0114734,MERCH-00210,PM-04,DEV-01,2024-01-16 15:54:08,13.15,0.263,0.0,1,Success,Purchase,Dhaka,BDT,False
TXN-20240116-0004042,WALL-0103643,MERCH-00344,PM-04,DEV-02,2024-01-16 09:55:06,78.64,1.5728,0.0,7,Success,Bill Payment,Bandung,IDR,False
TXN-20240116-0004043,WALL-0015473,MERCH-00176,PM-01,DEV-03,2024-01-16 21:29:58,21.24,0.0,1.0619,2,Success,Purchase,Bali,IDR,False
TXN-20240116-0004044,WALL-0068359,MERCH-00256,PM-04,DEV-02,2024-01-16 19:43:35,18.85,0.3769,0.0,1,Success,Subscription,Surabaya,IDR,False
TXN-20240116-0004045,WALL-0096760,MERCH-00208,PM-03,DEV-01,2024-01-16 13:37:41,6.81,0.0545,0.0,0,Success,Purchase,Colombo,LKR,False
TXN-20240116-0004046,WALL-0009875,MERCH-00445,PM-05,DEV-01,2024-01-16 21:12:16,139.49,0.0,0.0,13,Success,Tax Payment,Khon Kaen,THB,False
TXN-20240116-0004047,WALL-0074253,MERCH-00105,PM-03,DEV-01,2024-01-16 06:52:23,31.26,0.2501,0.0,3,Success,Purchase,Mandalay,MMK,False
TXN-20240116-0004048,WALL-0009011,MERCH-00068,PM-02,DEV-05,2024-01-16 09:36:56,10.21,0.0204,0.2042,1,Success,Purchase,Pathein,MMK,False
TXN-20240116-0004049,WALL-0031786,MERCH-00025,PM-02,DEV-01,2024-01-16 17:35:20,7.95,0.0159,0.1591,0,Success,Purchase,Pune,INR,False
TXN-20240116-0004050,WALL-0110091,MERCH-00357,PM-04,DEV-02,2024-01-16 07:10:57,24.62,0.4925,0.0,2,Success,Bill Payment,Karachi,PKR,False
TXN-20240116-0004051,WALL-0129110,MERCH-00356,PM-01,DEV-01,2024-01-16 11:42:16,54.74,0.0,0.0,5,Success,Bill Payment,Khon Kaen,THB,False
TXN-20240116-0004052,WALL-0097860,MERCH-00351,PM-03,DEV-01,2024-01-16 17:20:05,20.47,0.1638,0.0,2,Success,Bill Payment,Yangon,MMK,False
TXN-20240116-0004053,WALL-0018423,MERCH-00455,PM-01,DEV-01,2024-01-16 12:43:44,745.28,0.0,0.0,74,Success,Payment,Mumbai,INR,False
TXN-20240116-0004054,WALL-0087439,MERCH-00377,PM-04,DEV-01,2024-01-16 20:22:43,32.32,0.6464,0.0,3,Success,Purchase,Yangon,MMK,False
TXN-20240116-0004055,WALL-0062085,MERCH-00026,PM-01,DEV-01,2024-01-16 19:28:27,6.46,0.0,0.1291,0,Success,Purchase,Siem Reap,KHR,False
TXN-20240116-0004056,WALL-0146787,MERCH-00321,PM-01,DEV-02,2024-01-16 20:26:37,93.79,0.0,0.0,9,Success,Bill Payment,Kandy,LKR,False
TXN-20240116-0004057,WALL-0002536,MERCH-00145,PM-03,DEV-02,2024-01-16 13:06:57,53.17,0.4254,2.6584,5,Success,Purchase,Bago,MMK,False
TXN-20240116-0004058,WALL-0111839,MERCH-00057,PM-02,DEV-03,2024-01-16 08:19:48,6.33,0.0127,0.1267,0,Success,Purchase,Phnom Penh,KHR,False
TXN-20240116-0004059,WALL-0148939,MERCH-00415,PM-05,DEV-01,2024-01-16 14:29:49,97.02,0.0,0.0,9,Success,Payment,Pathein,MMK,False
TXN-20240116-0004060,WALL-0003565,MERCH-00156,PM-01,DEV-02,2024-01-16 18:41:58,75.28,0.0,3.7641,7,Success,Purchase,Phuket,THB,False
TXN-20240116-0004061,WALL-0081944,MERCH-00260,PM-02,DEV-01,2024-01-16 18:52:49,23.09,0.0462,0.0,2,Success,Subscription,Myitkyina,MMK,False
TXN-20240116-0004062,WALL-0020853,MERCH-00253,PM-01,DEV-03,2024-01-16 10:17:03,5.51,0.0,0.0,0,Success,Subscription,Pathein,MMK,False
TXN-20240116-0004063,WALL-0004013,MERCH-00329,PM-04,DEV-01,2024-01-16 10:04:30,99.93,1.9986,0.0,9,Success,Bill Payment,Penang,MMK,False
TXN-20240116-0004064,WALL-0034967,MERCH-00405,PM-01,DEV-02,2024-01-16 22:53:51,138.04,0.0,0.0,13,Success,Payment,Yangon,MMK,False
TXN-20240116-0004065,WALL-0104183,MERCH-00054,PM-01,DEV-01,2024-01-16 17:56:23,26.61,0.0,0.5322,2,Success,Purchase,Kathmandu,NPR,False
TXN-20240116-0004066,WALL-0002427,MERCH-00391,PM-04,DEV-03,2024-01-16 19:48:45,50.17,1.0034,0.0,5,Success,Purchase,Phuket,THB,False
TXN-20240116-0004067,WALL-0069360,MERCH-00080,PM-04,DEV-02,2024-01-16 15:50:42,11.12,0.2223,0.2223,1,Success,Purchase,Taunggyi,MMK,False
TXN-20240116-0004068,WALL-0120444,MERCH-00430,PM-01,DEV-04,2024-01-16 09:22:39,30.3,0.0,0.0,3,Success,Payment,Lahore,PKR,False
TXN-20240116-0004069,WALL-0100541,MERCH-00144,PM-04,DEV-01,2024-01-16 21:19:15,56.64,1.1328,2.8319,5,Success,Purchase,Taunggyi,MMK,False
TXN-20240116-0004070,WALL-0048151,MERCH-00305,PM-04,DEV-02,2024-01-16 18:23:37,606.38,12.1277,48.5107,121,Success,Purchase,Bago,MMK,False
TXN-20240116-0004071,WALL-0034432,MERCH-00398,PM-01,DEV-04,2024-01-16 12:37:00,99.84,0.0,0.0,9,Success,Purchase,Chiang Mai,THB,False
TXN-20240116-0004072,WALL-0120444,MERCH-00449,PM-02,DEV-02,2024-01-16 12:55:18,224.28,0.4486,0.0,22,Success,Tax Payment,Lahore,PKR,False
TXN-20240116-0004073,WALL-0021442,MERCH-00300,PM-02,DEV-02,2024-01-16 17:00:31,192.99,0.386,15.4393,38,Success,Purchase,Mandalay,MMK,False
TXN-20240116-0004074,WALL-0011732,MERCH-00347,PM-01,DEV-01,2024-01-16 15:26:35,80.7,0.0,0.0,8,Success,Bill Payment,Naypyidaw,MMK,False
TXN-20240116-0004075,WALL-0142844,MERCH-00175,PM-01,DEV-01,2024-01-16 15:15:54,169.2,0.0,8.4598,16,Success,Purchase,Hyderabad,INR,False
TXN-20240116-0004076,WALL-0016678,MERCH-00039,PM-02,DEV-02,2024-01-16 17:11:41,5.4,0.0108,0.1081,0,Success,Purchase,Karachi,PKR,False
TXN-20240116-0004077,WALL-0076079,MERCH-00403,PM-02,DEV-02,2024-01-16 08:45:23,64.01,0.128,0.0,6,Success,Payment,Jakarta,IDR,False
TXN-20240116-0004078,WALL-0070980,MERCH-00176,PM-01,DEV-02,2024-01-16 16:13:41,120.98,0.0,6.049,12,Success,Purchase,Bali,IDR,False
TXN-20240116-0004079,WALL-0037949,MERCH-00096,PM-02,DEV-01,2024-01-16 15:52:52,15.4,0.0308,0.0,1,Success,Purchase,Mandalay,MMK,False
TXN-20240116-0004080,WALL-0063841,MERCH-00119,PM-02,DEV-02,2024-01-16 13:12:45,191.63,0.3833,0.0,19,Success,Purchase,Phuket,THB,False
TXN-20240116-0004081,WALL-0085900,MERCH-00106,PM-05,DEV-01,2024-01-16 19:59:15,59.76,0.0,0.0,5,Success,Purchase,Medan,IDR,False
TXN-20240116-0004082,WALL-0031393,MERCH-00327,PM-02,DEV-03,2024-01-16 07:43:37,114.08,0.2282,0.0,11,Success,Bill Payment,Chennai,INR,False
TXN-20240116-0004083,WALL-0094087,MERCH-00325,PM-02,DEV-02,2024-01-16 21:16:32,73.69,0.1474,0.0,7,Success,Bill Payment,Kathmandu,NPR,False
TXN-20240116-0004084,WALL-0117912,MERCH-00071,PM-03,DEV-05,2024-01-16 16:53:40,30.53,0.2442,0.6106,3,Success,Purchase,Yangon,MMK,False
TXN-20240116-0004085,WALL-0142882,MERCH-00158,PM-01,DEV-02,2024-01-16 13:23:55,114.48,0.0,5.724,11,Success,Purchase,Phuket,THB,False
TXN-20240116-0004086,WALL-0096148,MERCH-00084,PM-02,DEV-02,2024-01-16 18:16:07,92.46,0.1849,0.0,9,Success,Purchase,Naypyidaw,MMK,False
TXN-20240116-0004087,WALL-0058968,MERCH-00399,PM-04,DEV-03,2024-01-16 15:53:44,50.46,1.0092,0.0,5,Success,Purchase,Mumbai,INR,False
TXN-20240116-0004088,WALL-0135331,MERCH-00161,PM-03,DEV-02,2024-01-16 16:09:26,479.64,3.8371,23.982,47,Success,Purchase,Naypyidaw,MMK,False
TXN-20240116-0004089,WALL-0041886,MERCH-00109,PM-02,DEV-01,2024-01-16 16:28:44,32.94,0.0659,0.0,3,Success,Purchase,Jakarta,IDR,False
TXN-20240116-0004090,WALL-0070248,MERCH-00448,PM-01,DEV-03,2024-01-16 17:10:44,50.0,0.0,0.0,5,Success,Tax Payment,Kandy,LKR,False
TXN-20240116-0004091,WALL-0038956,MERCH-00026,PM-03,DEV-01,2024-01-16 05:41:01,59.11,0.4729,1.1821,5,Success,Purchase,Mawlamyine,MMK,False
TXN-20240116-0004092,WALL-0047952,MERCH-00279,PM-02,DEV-01,2024-01-16 10:18:49,296.01,0.592,23.6809,59,Success,Purchase,Quezon City,PHP,False
TXN-20240116-0004093,WALL-0141507,MERCH-00411,PM-03,DEV-02,2024-01-16 19:34:44,150.78,1.2062,0.0,15,Success,Payment,Taunggyi,MMK,False
TXN-20240116-0004094,WALL-0114330,MERCH-00073,PM-01,DEV-01,2024-01-16 18:54:40,10.02,0.0,0.2004,1,Success,Purchase,Taunggyi,MMK,False
TXN-20240116-0004095,WALL-0026203,MERCH-00245,PM-01,DEV-01,2024-01-16 00:22:58,10.53,0.0,0.0,1,Success,Subscription,Ahmedabad,INR,False
TXN-20240116-0004096,WALL-0094011,MERCH-00387,PM-02,DEV-01,2024-01-16 16:16:07,72.02,0.144,0.0,7,Success,Purchase,Karachi,IDR,False
TXN-20240116-0004097,WALL-0053618,MERCH-00069,PM-01,DEV-03,2024-01-16 12:12:40,12.16,0.0,0.2432,1,Success,Purchase,Bali,IDR,False
TXN-20240116-0004098,WALL-0099211,MERCH-00113,PM-01,DEV-01,2024-01-16 21:07:19,28.21,0.0,0.0,2,Success,Purchase,Colombo,MMK,False
TXN-20240116-0004099,WALL-0029326,MERCH-00500,PM-01,DEV-02,2024-01-16 15:22:04,167.21,0.0,0.0,16,Success,Payment,Phnom Penh,KHR,False
TXN-20240116-0004100,WALL-0141967,MERCH-00061,PM-01,DEV-03,2024-01-16 06:16:27,15.14,0.0,0.3029,1,Success,Purchase,Mandalay,MMK,False
TXN-20240116-0004101,WALL-0109350,MERCH-00269,PM-02,DEV-01,2024-01-16 11:56:05,10.65,0.0213,0.0,1,Success,Subscription,Bago,MMK,False
TXN-20240116-0004102,WALL-0034537,MERCH-00128,PM-01,DEV-03,2024-01-16 10:17:00,27.19,0.0,0.0,2,Success,Purchase,Ho Chi Minh City,MYR,False
TXN-20240116-0004103,WALL-0055086,MERCH-00423,PM-04,DEV-02,2024-01-16 17:50:13,272.34,5.4468,0.0,27,Success,Payment,Da Nang,VND,False
TXN-20240116-0004104,WALL-0035651,MERCH-00414,PM-01,DEV-01,2024-01-16 14:38:20,123.01,0.0,0.0,12,Success,Payment,Chennai,MMK,False
TXN-20240116-0004105,WALL-0050013,MERCH-00410,PM-03,DEV-02,2024-01-16 19:15:02,28.65,0.2292,0.0,2,Success,Payment,Manila,PHP,False
TXN-20240116-0004106,WALL-0084681,MERCH-00309,PM-02,DEV-02,2024-01-16 20:07:49,186.05,0.3721,0.0,0,Reversed,Purchase,Khon Kaen,THB,False
TXN-20240116-0004107,WALL-0002577,MERCH-00322,PM-01,DEV-01,2024-01-16 19:53:22,78.02,0.0,0.0,7,Success,Bill Payment,Myitkyina,MMK,False
TXN-20240116-0004108,WALL-0007291,MERCH-00296,PM-01,DEV-05,2024-01-16 09:05:21,3036.22,0.0,242.8979,607,Success,Purchase,Naypyidaw,MMK,False
TXN-20240116-0004109,WALL-0129710,MERCH-00295,PM-04,DEV-05,2024-01-16 10:00:40,2310.67,46.2135,184.8539,462,Success,Purchase,Naypyidaw,MMK,False
TXN-20240116-0004110,WALL-0106105,MERCH-00012,PM-03,DEV-01,2024-01-16 17:21:27,20.05,0.1604,0.4009,2,Success,Purchase,Lahore,PKR,False
TXN-20240116-0004111,WALL-0052097,MERCH-00131,PM-01,DEV-01,2024-01-16 21:28:31,987.38,0.0,49.3692,98,Success,Purchase,Davao,PHP,False
TXN-20240116-0004112,WALL-0107090,MERCH-00060,PM-01,DEV-01,2024-01-16 06:33:35,9.71,0.0,0.1942,0,Success,Purchase,Taunggyi,BDT,False
TXN-20240116-0004113,WALL-0145159,MERCH-00129,PM-02,DEV-01,2024-01-16 05:37:57,30.35,0.0607,0.0,0,Reversed,Purchase,Karachi,PHP,False
TXN-20240116-0004114,WALL-0098514,MERCH-00075,PM-02,DEV-01,2024-01-16 06:35:29,16.04,0.0321,0.3208,1,Success,Purchase,Phuket,THB,False
TXN-20240116-0004115,WALL-0128184,MERCH-00083,PM-01,DEV-02,2024-01-16 17:28:30,185.89,0.0,0.0,0,Failed,Purchase,Chennai,INR,False
TXN-20240116-0004116,WALL-0015800,MERCH-00343,PM-02,DEV-01,2024-01-16 12:25:16,48.33,0.0967,0.0,4,Success,Bill Payment,Chittagong,BDT,False
TXN-20240116-0004117,WALL-0122000,MERCH-00388,PM-01,DEV-02,2024-01-16 09:33:59,183.25,0.0,0.0,18,Success,Purchase,Mumbai,INR,False
TXN-20240116-0004118,WALL-0053003,MERCH-00435,PM-02,DEV-03,2024-01-16 12:57:05,203.41,0.4068,0.0,20,Success,Tax Payment,Myitkyina,MMK,False
TXN-20240116-0004119,WALL-0121737,MERCH-00196,PM-01,DEV-02,2024-01-16 16:54:15,11.21,0.0,0.0,1,Success,Purchase,Mandalay,MMK,False
TXN-20240116-0004120,WALL-0117999,MERCH-00127,PM-01,DEV-01,2024-01-16 04:00:39,64.97,0.0,0.0,6,Success,Purchase,Pune,INR,False
TXN-20240116-0004121,WALL-0110386,MERCH-00189,PM-01,DEV-01,2024-01-16 19:34:35,187.78,0.0,9.3889,18,Success,Purchase,Lahore,PKR,False
TXN-20240116-0004122,WALL-0113141,MERCH-00258,PM-01,DEV-02,2024-01-16 12:34:08,22.03,0.0,0.0,2,Success,Subscription,Naypyidaw,MMK,False
TXN-20240116-0004123,WALL-0018255,MERCH-00370,PM-03,DEV-01,2024-01-16 09:01:13,24.38,0.195,0.0,2,Success,Bill Payment,Myitkyina,MMK,False
TXN-20240116-0004124,WALL-0010412,MERCH-00101,PM-01,DEV-02,2024-01-16 12:44:20,51.92,0.0,0.0,5,Success,Purchase,Khon Kaen,THB,False
TXN-20240116-0004125,WALL-0108841,MERCH-00351,PM-01,DEV-02,2024-01-16 18:01:46,36.61,0.0,0.0,3,Success,Bill Payment,Phnom Penh,KHR,False
TXN-20240116-0004126,WALL-0058161,MERCH-00022,PM-03,DEV-02,2024-01-16 07:13:55,9.68,0.0774,0.1936,0,Success,Purchase,Yangon,THB,False
TXN-20240116-0004127,WALL-0068671,MERCH-00326,PM-01,DEV-01,2024-01-16 20:10:08,20.0,0.0,0.0,2,Success,Bill Payment,Pathein,MMK,False
TXN-20240116-0004128,WALL-0091705,MERCH-00344,PM-01,DEV-01,2024-01-16 20:13:58,42.41,0.0,0.0,4,Success,Bill Payment,Mawlamyine,MMK,False
TXN-20240116-0004129,WALL-0141072,MERCH-00072,PM-02,DEV-01,2024-01-16 21:11:52,7.53,0.0151,0.1505,0,Success,Purchase,Pathein,MMK,False
TXN-20240116-0004130,WALL-0029023,MERCH-00384,PM-02,DEV-01,2024-01-16 09:20:27,96.55,0.1931,0.0,9,Success,Purchase,Taunggyi,MMK,False
TXN-20240116-0004131,WALL-0029162,MERCH-00419,PM-01,DEV-03,2024-01-16 06:19:39,20.0,0.0,0.0,2,Success,Payment,Delhi,INR,False
TXN-20240116-0004132,WALL-0135229,MERCH-00374,PM-03,DEV-02,2024-01-16 12:44:07,55.24,0.4419,0.0,0,Failed,Purchase,Naypyidaw,MMK,False
TXN-20240116-0004133,WALL-0070201,MERCH-00358,PM-04,DEV-02,2024-01-16 20:53:27,93.61,1.8722,0.0,9,Success,Bill Payment,Karachi,PKR,False
TXN-20240116-0004134,WALL-0036782,MERCH-00427,PM-04,DEV-03,2024-01-16 08:18:25,145.01,2.9002,0.0,14,Success,Payment,Siem Reap,KHR,False
TXN-20240116-0004135,WALL-0014742,MERCH-00195,PM-04,DEV-01,2024-01-16 15:14:33,8.72,0.1743,0.0,0,Success,Purchase,Mandalay,MMK,False
TXN-20240116-0004136,WALL-0093862,MERCH-00329,PM-03,DEV-03,2024-01-16 21:29:04,88.16,0.7052,0.0,8,Success,Bill Payment,Pathein,MMK,False
TXN-20240116-0004137,WALL-0034188,MERCH-00202,PM-02,DEV-03,2024-01-16 20:14:27,24.0,0.048,0.0,2,Success,Purchase,Ho Chi Minh City,VND,False
TXN-20240116-0004138,WALL-0013041,MERCH-00136,PM-01,DEV-01,2024-01-16 16:09:41,142.52,0.0,7.126,14,Success,Purchase,Kandy,KHR,False
TXN-20240116-0004139,WALL-0099683,MERCH-00167,PM-03,DEV-01,2024-01-16 07:39:08,32.82,0.2625,1.6408,3,Success,Purchase,Yangon,MMK,False
TXN-20240116-0004140,WALL-0029433,MERCH-00121,PM-01,DEV-04,2024-01-16 17:46:33,52.75,0.0,0.0,5,Success,Purchase,Myitkyina,MMK,False
TXN-20240116-0004141,WALL-0113290,MERCH-00474,PM-02,DEV-01,2024-01-16 08:02:22,177.34,0.3547,0.0,17,Success,Payment,Bali,IDR,False
TXN-20240116-0004142,WALL-0110580,MERCH-00347,PM-01,DEV-03,2024-01-16 16:43:04,55.16,0.0,0.0,5,Success,Bill Payment,Phuket,MMK,False
TXN-20240116-0004143,WALL-0126062,MERCH-00353,PM-05,DEV-01,2024-01-16 12:12:00,75.87,0.0,0.0,7,Success,Bill Payment,Mandalay,MMK,False
TXN-20240116-0004144,WALL-0062116,MERCH-00383,PM-01,DEV-01,2024-01-16 21:11:22,42.1,0.0,0.0,4,Success,Purchase,Yangon,MMK,False
TXN-20240116-0004145,WALL-0136143,MERCH-00324,PM-01,DEV-01,2024-01-16 10:02:40,88.15,0.0,0.0,8,Success,Bill Payment,Pune,INR,False
TXN-20240116-0004146,WALL-0114650,MERCH-00348,PM-03,DEV-02,2024-01-16 21:50:33,20.72,0.1658,0.0,2,Success,Bill Payment,Lahore,PKR,False
TXN-20240116-0004147,WALL-0015017,MERCH-00109,PM-02,DEV-01,2024-01-16 07:29:50,102.92,0.2058,0.0,10,Success,Purchase,Yangon,MMK,False
TXN-20240116-0004148,WALL-0132266,MERCH-00191,PM-01,DEV-01,2024-01-16 13:40:00,10.82,0.0,0.0,1,Success,Purchase,Mandalay,MMK,False
TXN-20240116-0004149,WALL-0018465,MERCH-00181,PM-01,DEV-01,2024-01-16 14:23:36,227.61,0.0,11.3803,22,Success,Purchase,Mandalay,MMK,False
TXN-20240116-0004150,WALL-0015758,MERCH-00084,PM-04,DEV-01,2024-01-16 06:16:32,64.19,1.2838,0.0,6,Success,Purchase,Kandy,LKR,False
TXN-20240116-0004151,WALL-0067652,MERCH-00301,PM-02,DEV-01,2024-01-16 11:32:18,635.08,1.2702,50.8067,127,Success,Purchase,Bali,IDR,False
TXN-20240116-0004152,WALL-0073299,MERCH-00027,PM-03,DEV-04,2024-01-16 07:07:58,31.83,0.2547,0.6367,3,Success,Purchase,Delhi,INR,False
TXN-20240116-0004153,WALL-0147670,MERCH-00409,PM-01,DEV-03,2024-01-16 17:09:00,68.27,0.0,0.0,6,Success,Payment,Taunggyi,MMK,False
TXN-20240116-0004154,WALL-0003096,MERCH-00282,PM-04,DEV-05,2024-01-16 14:44:56,100.0,2.0,8.0,20,Success,Purchase,Mandalay,MMK,False
TXN-20240116-0004155,WALL-0143924,MERCH-00216,PM-05,DEV-01,2024-01-16 13:51:10,17.88,0.0,0.0,1,Success,Purchase,Naypyidaw,MMK,False
TXN-20240116-0004156,WALL-0131270,MERCH-00155,PM-02,DEV-02,2024-01-16 18:09:25,107.82,0.2156,5.391,10,Success,Purchase,Mandalay,MMK,False
TXN-20240116-0004157,WALL-0042036,MERCH-00440,PM-03,DEV-01,2024-01-16 16:22:08,163.02,1.3041,0.0,16,Success,Tax Payment,Chennai,INR,False
TXN-20240116-0004158,WALL-0115645,MERCH-00228,PM-02,DEV-05,2024-01-16 21:53:14,15.18,0.0304,0.0,1,Success,Purchase,Pathein,MMK,False
TXN-20240116-0004159,WALL-0018681,MERCH-00217,PM-04,DEV-03,2024-01-16 06:01:23,9.0,0.18,0.0,0,Success,Purchase,Mumbai,INR,False
TXN-20240116-0004160,WALL-0078369,MERCH-00399,PM-03,DEV-01,2024-01-16 18:22:31,56.48,0.4519,0.0,5,Success,Purchase,Bago,MMK,False
TXN-20240116-0004161,WALL-0041291,MERCH-00117,PM-05,DEV-02,2024-01-16 00:55:36,33.42,0.0,0.0,0,Reversed,Purchase,Dhaka,BDT,False
TXN-20240116-0004162,WALL-0009338,MERCH-00446,PM-02,DEV-01,2024-01-16 20:24:03,85.9,0.1718,0.0,8,Success,Tax Payment,Yangon,MMK,False
TXN-20240116-0004163,WALL-0055375,MERCH-00054,PM-01,DEV-01,2024-01-16 17:42:38,32.99,0.0,0.6599,3,Success,Purchase,Hyderabad,THB,False
TXN-20240116-0004164,WALL-0077434,MERCH-00023,PM-01,DEV-01,2024-01-16 01:38:12,24.54,0.0,0.4908,2,Success,Purchase,Cebu City,PHP,False
TXN-20240116-0004165,WALL-0052463,MERCH-00256,PM-01,DEV-01,2024-01-16 17:16:33,6.26,0.0,0.0,0,Success,Subscription,Mumbai,INR,False
TXN-20240116-0004166,WALL-0122980,MERCH-00375,PM-02,DEV-01,2024-01-16 04:41:11,57.36,0.1147,0.0,5,Success,Purchase,Bago,MMK,False
TXN-20240116-0004167,WALL-0114668,MERCH-00365,PM-01,DEV-03,2024-01-16 12:24:15,35.34,0.0,0.0,3,Success,Bill Payment,Jaipur,INR,False
TXN-20240116-0004168,WALL-0100911,MERCH-00280,PM-01,DEV-01,2024-01-16 21:58:03,509.76,0.0,40.7808,101,Success,Purchase,Bali,IDR,False
TXN-20240116-0004169,WALL-0000186,MERCH-00005,PM-02,DEV-01,2024-01-16 19:06:07,40.91,0.0818,0.8183,4,Success,Purchase,Mumbai,INR,False
TXN-20240116-0004170,WALL-0009628,MERCH-00049,PM-02,DEV-02,2024-01-16 09:18:16,12.95,0.0259,0.259,1,Success,Purchase,Naypyidaw,MMK,False
TXN-20240116-0004171,WALL-0025153,MERCH-00398,PM-01,DEV-03,2024-01-16 19:17:04,84.69,0.0,0.0,8,Success,Purchase,Kandy,LKR,False
TXN-20240116-0004172,WALL-0067189,MERCH-00042,PM-02,DEV-05,2024-01-16 17:13:54,25.48,0.051,0.5096,2,Success,Purchase,Karachi,PKR,False
TXN-20240116-0004173,WALL-0035284,MERCH-00337,PM-03,DEV-01,2024-01-16 13:23:23,26.86,0.2149,0.0,2,Success,Bill Payment,Mumbai,INR,False
TXN-20240116-0004174,WALL-0110181,MERCH-00056,PM-04,DEV-02,2024-01-16 20:34:41,20.47,0.4095,0.4095,2,Success,Purchase,Phnom Penh,KHR,False
TXN-20240116-0004175,WALL-0031528,MERCH-00269,PM-03,DEV-02,2024-01-16 18:09:09,19.08,0.1527,0.0,1,Success,Subscription,Mawlamyine,MMK,False
TXN-20240116-0004176,WALL-0004685,MERCH-00246,PM-02,DEV-01,2024-01-16 12:25:36,21.42,0.0428,0.0,0,Failed,Subscription,Hanoi,THB,False
TXN-20240116-0004177,WALL-0105674,MERCH-00067,PM-03,DEV-01,2024-01-16 12:05:32,34.86,0.2789,0.6972,3,Success,Purchase,Yangon,MMK,False
TXN-20240116-0004178,WALL-0054380,MERCH-00330,PM-05,DEV-03,2024-01-16 16:08:12,31.98,0.0,0.0,3,Success,Bill Payment,Bago,MMK,False
TXN-20240116-0004179,WALL-0008240,MERCH-00364,PM-04,DEV-01,2024-01-16 10:17:07,43.64,0.8727,0.0,4,Success,Bill Payment,Pune,INR,False
TXN-20240116-0004180,WALL-0110766,MERCH-00077,PM-02,DEV-02,2024-01-16 11:45:39,17.4,0.0348,0.348,1,Success,Purchase,Mawlamyine,MMK,False
TXN-20240116-0004181,WALL-0043895,MERCH-00245,PM-03,DEV-01,2024-01-16 11:54:54,32.2,0.2576,0.0,3,Success,Subscription,Bangalore,INR,False
TXN-20240116-0004182,WALL-0135299,MERCH-00232,PM-01,DEV-04,2024-01-16 00:10:24,13.21,0.0,0.0,1,Success,Subscription,Kuala Lumpur,MYR,False
TXN-20240116-0004183,WALL-0028082,MERCH-00036,PM-02,DEV-03,2024-01-16 16:00:08,12.93,0.0259,0.2585,1,Success,Purchase,Pathein,MMK,False
TXN-20240116-0004184,WALL-0023720,MERCH-00415,PM-02,DEV-01,2024-01-16 19:25:18,30.5,0.061,0.0,3,Success,Payment,Colombo,LKR,False
TXN-20240116-0004185,WALL-0117262,MERCH-00425,PM-04,DEV-04,2024-01-16 12:46:13,75.3,1.5059,0.0,7,Success,Payment,Lahore,PKR,False
TXN-20240116-0004186,WALL-0047724,MERCH-00459,PM-02,DEV-05,2024-01-16 15:52:03,174.38,0.3488,0.0,17,Success,Payment,Manila,PHP,False
TXN-20240116-0004187,WALL-0062468,MERCH-00274,PM-02,DEV-01,2024-01-16 14:17:43,867.28,1.7346,69.3822,173,Success,Purchase,Chennai,MMK,False
TXN-20240116-0004188,WALL-0113146,MERCH-00073,PM-01,DEV-01,2024-01-16 16:08:50,8.33,0.0,0.1666,0,Success,Purchase,Colombo,LKR,False
TXN-20240116-0004189,WALL-0106712,MERCH-00466,PM-01,DEV-04,2024-01-16 17:23:56,478.44,0.0,0.0,47,Success,Payment,Yangon,MMK,False
TXN-20240116-0004190,WALL-0071749,MERCH-00016,PM-01,DEV-03,2024-01-16 15:04:59,67.75,0.0,1.355,6,Success,Purchase,Jaipur,INR,False
TXN-20240116-0004191,WALL-0143661,MERCH-00396,PM-03,DEV-05,2024-01-16 19:38:39,146.95,1.1756,0.0,14,Success,Purchase,Dhaka,BDT,False
TXN-20240116-0004192,WALL-0058626,MERCH-00241,PM-01,DEV-01,2024-01-16 12:02:37,12.09,0.0,0.0,1,Success,Subscription,Mawlamyine,MMK,False
TXN-20240116-0004193,WALL-0017960,MERCH-00100,PM-01,DEV-04,2024-01-16 22:58:49,54.11,0.0,0.0,5,Success,Purchase,Pattaya,PKR,False
TXN-20240116-0004194,WALL-0096599,MERCH-00447,PM-01,DEV-02,2024-01-16 07:28:47,80.74,0.0,0.0,8,Success,Tax Payment,Colombo,LKR,False
TXN-20240116-0004195,WALL-0093573,MERCH-00264,PM-03,DEV-01,2024-01-16 12:26:25,14.38,0.1151,0.0,1,Success,Subscription,Davao,PHP,False
TXN-20240116-0004196,WALL-0122880,MERCH-00413,PM-04,DEV-02,2024-01-16 14:29:29,172.9,3.4579,0.0,17,Success,Payment,Naypyidaw,MMK,False
TXN-20240116-0004197,WALL-0065072,MERCH-00434,PM-01,DEV-04,2024-01-16 14:02:16,145.62,0.0,0.0,14,Success,Tax Payment,Naypyidaw,MMK,False
TXN-20240116-0004198,WALL-0099385,MERCH-00408,PM-02,DEV-01,2024-01-16 09:15:40,48.38,0.0968,0.0,4,Success,Payment,Bangalore,INR,False
TXN-20240116-0004199,WALL-0075648,MERCH-00019,PM-02,DEV-01,2024-01-16 04:34:47,26.54,0.0531,0.5308,2,Success,Purchase,Pune,INR,False
TXN-20240116-0004200,WALL-0088078,MERCH-00312,PM-01,DEV-01,2024-01-16 10:51:33,20.0,0.0,0.0,0,Failed,Bill Payment,Naypyidaw,MMK,False
TXN-20240116-0004201,WALL-0060867,MERCH-00268,PM-01,DEV-01,2024-01-16 11:22:34,12.17,0.0,0.0,1,Success,Subscription,Naypyidaw,MMK,False
TXN-20240116-0004202,WALL-0000238,MERCH-00400,PM-01,DEV-03,2024-01-16 10:26:40,55.03,0.0,0.0,5,Success,Purchase,Pathein,MMK,False
TXN-20240116-0004203,WALL-0119030,MERCH-00070,PM-03,DEV-01,2024-01-16 14:59:17,34.32,0.2745,0.6864,3,Success,Purchase,Naypyidaw,MMK,False
TXN-20240116-0004204,WALL-0037339,MERCH-00133,PM-02,DEV-01,2024-01-16 14:05:20,44.78,0.0896,2.2391,4,Success,Purchase,Naypyidaw,MMK,False
TXN-20240116-0004205,WALL-0096358,MERCH-00117,PM-03,DEV-02,2024-01-16 14:46:59,64.05,0.5124,0.0,6,Success,Purchase,Jakarta,IDR,False
TXN-20240116-0004206,WALL-0087837,MERCH-00151,PM-02,DEV-03,2024-01-16 05:47:36,22.14,0.0443,1.1072,2,Success,Purchase,Bago,MMK,False
TXN-20240116-0004207,WALL-0100073,MERCH-00467,PM-03,DEV-01,2024-01-16 07:29:20,414.88,3.3191,0.0,41,Success,Payment,Hanoi,VND,False
TXN-20240116-0004208,WALL-0142649,MERCH-00413,PM-01,DEV-01,2024-01-16 14:35:39,355.56,0.0,0.0,35,Success,Payment,Myitkyina,MMK,False
TXN-20240116-0004209,WALL-0047273,MERCH-00075,PM-01,DEV-05,2024-01-16 15:23:44,11.43,0.0,0.2287,1,Success,Purchase,Singapore,SGD,False
TXN-20240116-0004210,WALL-0082070,MERCH-00043,PM-01,DEV-01,2024-01-16 19:29:13,11.53,0.0,0.2306,1,Success,Purchase,Hanoi,VND,False
TXN-20240116-0004211,WALL-0141733,MERCH-00381,PM-01,DEV-01,2024-01-16 08:42:39,63.24,0.0,0.0,6,Success,Purchase,Bali,NPR,False
TXN-20240116-0004212,WALL-0020683,MERCH-00493,PM-03,DEV-01,2024-01-16 01:26:05,192.9,1.5432,0.0,19,Success,Payment,Johor Bahru,MYR,False
TXN-20240116-0004213,WALL-0070761,MERCH-00115,PM-02,DEV-02,2024-01-16 06:09:13,19.67,0.0393,0.0,1,Success,Purchase,Mandalay,MMK,False
TXN-20240116-0004214,WALL-0075471,MERCH-00215,PM-02,DEV-04,2024-01-16 14:30:53,7.51,0.015,0.0,0,Success,Purchase,Kandy,LKR,False
TXN-20240116-0004215,WALL-0109632,MERCH-00055,PM-03,DEV-01,2024-01-16 10:07:01,58.07,0.4645,1.1613,5,Success,Purchase,Bangalore,INR,False
TXN-20240116-0004216,WALL-0069854,MERCH-00325,PM-01,DEV-01,2024-01-16 14:16:19,138.34,0.0,0.0,13,Success,Bill Payment,Bago,MMK,False
TXN-20240116-0004217,WALL-0088068,MERCH-00068,PM-01,DEV-04,2024-01-16 14:23:59,14.05,0.0,0.281,1,Success,Purchase,Mandalay,MMK,False
TXN-20240116-0004218,WALL-0033401,MERCH-00250,PM-01,DEV-01,2024-01-16 03:38:48,14.31,0.0,0.0,1,Success,Subscription,Dhaka,BDT,False
TXN-20240116-0004219,WALL-0015122,MERCH-00020,PM-01,DEV-01,2024-01-16 19:53:46,32.37,0.0,0.6473,3,Success,Purchase,Bago,MMK,False
TXN-20240116-0004220,WALL-0041780,MERCH-00200,PM-01,DEV-03,2024-01-16 21:53:07,5.77,0.0,0.0,0,Success,Purchase,Pathein,MMK,False
TXN-20240116-0004221,WALL-0027922,MERCH-00054,PM-02,DEV-01,2024-01-16 18:48:14,11.6,0.0232,0.2321,1,Success,Purchase,Khon Kaen,THB,False
TXN-20240116-0004222,WALL-0105856,MERCH-00388,PM-01,DEV-02,2024-01-16 12:55:01,38.18,0.0,0.0,3,Success,Purchase,Singapore,SGD,False
TXN-20240116-0004223,WALL-0096858,MERCH-00065,PM-01,DEV-01,2024-01-16 18:15:06,27.95,0.0,0.5589,2,Success,Purchase,Kandy,PHP,False
TXN-20240116-0004224,WALL-0001591,MERCH-00379,PM-01,DEV-01,2024-01-16 21:47:23,49.32,0.0,0.0,4,Success,Purchase,Naypyidaw,MMK,False
TXN-20240116-0004225,WALL-0048343,MERCH-00329,PM-01,DEV-01,2024-01-16 05:48:03,37.01,0.0,0.0,3,Success,Bill Payment,Singapore,SGD,False
TXN-20240116-0004226,WALL-0068089,MERCH-00094,PM-04,DEV-03,2024-01-16 13:37:46,66.63,1.3327,0.0,6,Success,Purchase,Manila,PHP,False
TXN-20240116-0004227,WALL-0018925,MERCH-00146,PM-04,DEV-01,2024-01-16 19:13:24,113.92,2.2784,5.696,11,Success,Purchase,Bago,MMK,False
TXN-20240116-0004228,WALL-0025476,MERCH-00444,PM-02,DEV-01,2024-01-16 00:01:57,361.12,0.7222,0.0,36,Success,Tax Payment,Taunggyi,MMK,False
TXN-20240116-0004229,WALL-0133818,MERCH-00171,PM-02,DEV-01,2024-01-16 13:39:15,29.95,0.0599,1.4977,2,Success,Purchase,Da Nang,VND,False
TXN-20240116-0004230,WALL-0023882,MERCH-00010,PM-01,DEV-01,2024-01-16 13:19:58,7.51,0.0,0.1501,0,Success,Purchase,Khon Kaen,MMK,False
TXN-20240116-0004231,WALL-0092911,MERCH-00359,PM-01,DEV-01,2024-01-16 09:40:58,36.41,0.0,0.0,3,Success,Bill Payment,Phuket,THB,False
TXN-20240116-0004232,WALL-0050267,MERCH-00272,PM-02,DEV-01,2024-01-16 16:05:51,244.93,0.4899,19.5944,48,Success,Purchase,Delhi,INR,False
TXN-20240116-0004233,WALL-0144951,MERCH-00177,PM-02,DEV-01,2024-01-16 19:00:46,171.2,0.3424,8.5599,17,Success,Purchase,Davao,PHP,False
TXN-20240116-0004234,WALL-0119598,MERCH-00084,PM-02,DEV-01,2024-01-16 15:52:26,55.18,0.1104,0.0,5,Success,Purchase,Ho Chi Minh City,VND,False
TXN-20240116-0004235,WALL-0100865,MERCH-00132,PM-02,DEV-02,2024-01-16 21:24:59,52.55,0.1051,2.6276,5,Success,Purchase,Quezon City,PHP,False
TXN-20240116-0004236,WALL-0134233,MERCH-00363,PM-02,DEV-01,2024-01-16 03:41:15,24.49,0.049,0.0,2,Success,Bill Payment,Myitkyina,MMK,False
TXN-20240116-0004237,WALL-0119209,MERCH-00201,PM-02,DEV-02,2024-01-16 07:49:53,7.25,0.0145,0.0,0,Success,Purchase,Mandalay,MMK,False
TXN-20240116-0004238,WALL-0000798,MERCH-00061,PM-01,DEV-04,2024-01-16 11:34:48,5.6,0.0,0.112,0,Success,Purchase,Bago,MMK,False
TXN-20240116-0004239,WALL-0139317,MERCH-00218,PM-01,DEV-01,2024-01-16 20:23:46,40.51,0.0,0.0,4,Success,Purchase,Mawlamyine,INR,False
TXN-20240116-0004240,WALL-0048147,MERCH-00019,PM-01,DEV-01,2024-01-16 01:25:27,56.12,0.0,1.1224,5,Success,Purchase,Chiang Mai,THB,False
TXN-20240116-0004241,WALL-0099711,MERCH-00206,PM-01,DEV-02,2024-01-16 11:17:48,31.96,0.0,0.0,3,Success,Purchase,Taunggyi,MMK,False
TXN-20240116-0004242,WALL-0068090,MERCH-00242,PM-01,DEV-02,2024-01-16 13:38:17,21.25,0.0,0.0,2,Success,Subscription,Davao,PHP,False
TXN-20240116-0004243,WALL-0136628,MERCH-00163,PM-01,DEV-01,2024-01-16 16:59:48,77.72,0.0,3.8859,7,Success,Purchase,Naypyidaw,MMK,False
TXN-20240116-0004244,WALL-0089326,MERCH-00422,PM-02,DEV-04,2024-01-16 17:10:41,42.9,0.0858,0.0,4,Success,Payment,Kuala Lumpur,MYR,False
TXN-20240116-0004245,WALL-0078263,MERCH-00337,PM-02,DEV-03,2024-01-16 20:46:59,56.67,0.1133,0.0,5,Success,Bill Payment,Chittagong,BDT,False
TXN-20240116-0004246,WALL-0020441,MERCH-00094,PM-04,DEV-03,2024-01-16 09:21:47,175.56,3.5112,0.0,17,Success,Purchase,Yangon,MMK,False
TXN-20240116-0004247,WALL-0076756,MERCH-00177,PM-01,DEV-01,2024-01-16 20:20:49,410.97,0.0,20.5485,41,Success,Purchase,Pune,INR,False
TXN-20240116-0004248,WALL-0067236,MERCH-00363,PM-05,DEV-02,2024-01-16 12:32:45,40.18,0.0,0.0,4,Success,Bill Payment,Myitkyina,MMK,False
TXN-20240116-0004249,WALL-0014362,MERCH-00186,PM-05,DEV-02,2024-01-16 11:51:52,22.93,0.0,1.1466,2,Success,Purchase,Hyderabad,INR,False
TXN-20240116-0004250,WALL-0131122,MERCH-00447,PM-02,DEV-01,2024-01-16 10:36:20,63.73,0.1275,0.0,6,Success,Tax Payment,Mawlamyine,MMK,False
TXN-20240116-0004251,WALL-0123704,MERCH-00041,PM-01,DEV-03,2024-01-16 08:42:37,26.04,0.0,0.5209,2,Success,Purchase,Hanoi,VND,False
TXN-20240116-0004252,WALL-0000056,MERCH-00028,PM-01,DEV-01,2024-01-16 20:51:41,31.54,0.0,0.6307,3,Success,Purchase,Dhaka,BDT,False
TXN-20240116-0004253,WALL-0143501,MERCH-00009,PM-05,DEV-03,2024-01-16 21:26:53,29.87,0.0,0.5975,2,Success,Purchase,Pathein,MMK,False
TXN-20240116-0004254,WALL-0088219,MERCH-00323,PM-02,DEV-02,2024-01-16 16:42:37,272.18,0.5444,0.0,27,Success,Bill Payment,Mawlamyine,MMK,False
TXN-20240116-0004255,WALL-0041819,MERCH-00256,PM-01,DEV-03,2024-01-16 11:02:39,13.38,0.0,0.0,1,Success,Subscription,Pathein,MMK,False
TXN-20240116-0004256,WALL-0053462,MERCH-00080,PM-02,DEV-02,2024-01-16 02:52:09,60.0,0.12,1.2,6,Success,Purchase,Lahore,PKR,True
TXN-20240116-0004257,WALL-0028922,MERCH-00182,PM-04,DEV-01,2024-01-16 13:07:09,24.56,0.4912,1.228,2,Success,Purchase,Johor Bahru,MMK,False
TXN-20240116-0004258,WALL-0091298,MERCH-00019,PM-02,DEV-01,2024-01-16 13:14:35,25.54,0.0511,0.5108,2,Success,Purchase,Pattaya,THB,False
TXN-20240116-0004259,WALL-0116568,MERCH-00212,PM-02,DEV-04,2024-01-16 07:47:20,18.25,0.0365,0.0,1,Success,Purchase,Pattaya,IDR,False
TXN-20240116-0004260,WALL-0020287,MERCH-00112,PM-01,DEV-03,2024-01-16 07:44:42,80.68,0.0,0.0,8,Success,Purchase,Surabaya,IDR,False
TXN-20240116-0004261,WALL-0080547,MERCH-00007,PM-03,DEV-02,2024-01-16 18:03:35,61.8,0.4944,0.0,0,Reversed,Purchase,Colombo,LKR,False
TXN-20240116-0004262,WALL-0140264,MERCH-00112,PM-02,DEV-02,2024-01-16 19:53:06,28.68,0.0574,0.0,2,Success,Purchase,Bago,MMK,False
TXN-20240116-0004263,WALL-0120311,MERCH-00383,PM-01,DEV-03,2024-01-16 07:49:52,31.7,0.0,0.0,3,Success,Purchase,Mandalay,MMK,False
TXN-20240116-0004264,WALL-0092350,MERCH-00076,PM-03,DEV-04,2024-01-16 15:22:26,9.5,0.076,0.1901,0,Success,Purchase,Islamabad,VND,False
TXN-20240116-0004265,WALL-0138660,MERCH-00287,PM-04,DEV-01,2024-01-16 12:16:42,271.23,5.4245,21.6982,54,Success,Purchase,Medan,IDR,False
TXN-20240116-0004266,WALL-0051140,MERCH-00383,PM-01,DEV-04,2024-01-16 10:35:41,65.31,0.0,0.0,6,Success,Purchase,Lahore,PKR,False
TXN-20240116-0004267,WALL-0028252,MERCH-00346,PM-02,DEV-04,2024-01-16 02:06:50,34.71,0.0694,0.0,3,Success,Bill Payment,Islamabad,PKR,False
TXN-20240116-0004268,WALL-0020995,MERCH-00035,PM-01,DEV-01,2024-01-16 10:57:10,9.39,0.0,0.1878,0,Success,Purchase,Pokhara,NPR,False
TXN-20240116-0004269,WALL-0039888,MERCH-00095,PM-01,DEV-05,2024-01-16 15:45:31,50.54,0.0,0.0,5,Success,Purchase,Taunggyi,MMK,False
TXN-20240116-0004270,WALL-0040391,MERCH-00197,PM-01,DEV-01,2024-01-16 10:03:57,10.58,0.0,0.0,1,Success,Purchase,Bago,PHP,False
TXN-20240116-0004271,WALL-0091525,MERCH-00222,PM-01,DEV-01,2024-01-16 23:56:56,13.67,0.0,0.0,1,Success,Purchase,Bago,MMK,False
TXN-20240116-0004272,WALL-0124674,MERCH-00025,PM-02,DEV-02,2024-01-16 20:51:05,8.36,0.0167,0.1672,0,Success,Purchase,Jaipur,INR,False
TXN-20240116-0004273,WALL-0086376,MERCH-00319,PM-03,DEV-01,2024-01-16 20:02:11,124.37,0.995,0.0,12,Success,Bill Payment,Cebu City,PHP,False
TXN-20240116-0004274,WALL-0001232,MERCH-00120,PM-03,DEV-03,2024-01-16 18:48:45,76.83,0.6147,0.0,7,Success,Purchase,Mawlamyine,MMK,False
TXN-20240116-0004275,WALL-0087769,MERCH-00097,PM-02,DEV-01,2024-01-16 16:14:14,16.04,0.0321,0.0,1,Success,Purchase,Pathein,MMK,False
TXN-20240116-0004276,WALL-0089514,MERCH-00063,PM-01,DEV-01,2024-01-16 11:02:08,14.02,0.0,0.2803,1,Success,Purchase,Mandalay,MMK,False
TXN-20240116-0004277,WALL-0064804,MERCH-00035,PM-02,DEV-01,2024-01-16 17:11:29,41.18,0.0824,0.8236,4,Success,Purchase,Surabaya,MMK,False
TXN-20240116-0004278,WALL-0087820,MERCH-00245,PM-03,DEV-01,2024-01-16 12:14:41,31.95,0.2556,0.0,3,Success,Subscription,Kuala Lumpur,MMK,False
TXN-20240116-0004279,WALL-0097816,MERCH-00321,PM-02,DEV-01,2024-01-16 09:57:58,24.8,0.0496,0.0,2,Success,Bill Payment,Kandy,LKR,False
TXN-20240116-0004280,WALL-0098656,MERCH-00408,PM-03,DEV-01,2024-01-16 09:20:57,183.41,1.4672,0.0,18,Success,Payment,Mawlamyine,MMK,False
TXN-20240116-0004281,WALL-0146296,MERCH-00195,PM-03,DEV-01,2024-01-16 09:07:47,18.49,0.1479,0.0,1,Success,Purchase,Quezon City,MMK,False
TXN-20240116-0004282,WALL-0143145,MERCH-00130,PM-03,DEV-02,2024-01-16 07:59:53,46.32,0.3706,0.0,4,Success,Purchase,Yangon,MMK,False
TXN-20240116-0004283,WALL-0058905,MERCH-00259,PM-05,DEV-03,2024-01-16 01:52:17,6.71,0.0,0.0,0,Success,Subscription,Phuket,THB,False
TXN-20240116-0004284,WALL-0085823,MERCH-00357,PM-01,DEV-02,2024-01-16 10:38:56,42.65,0.0,0.0,4,Success,Bill Payment,Pathein,MMK,False
TXN-20240116-0004285,WALL-0033049,MERCH-00383,PM-03,DEV-01,2024-01-16 10:26:05,92.44,0.7395,0.0,9,Success,Purchase,Kuala Lumpur,MYR,False
TXN-20240116-0004286,WALL-0142205,MERCH-00373,PM-01,DEV-01,2024-01-16 21:23:09,138.39,0.0,0.0,13,Success,Purchase,Kathmandu,VND,False
TXN-20240116-0004287,WALL-0112196,MERCH-00334,PM-02,DEV-02,2024-01-16 21:30:06,68.18,0.1364,0.0,6,Success,Bill Payment,Surabaya,IDR,False
TXN-20240116-0004288,WALL-0110939,MERCH-00210,PM-01,DEV-04,2024-01-16 17:38:17,9.6,0.0,0.0,0,Success,Purchase,Pathein,MMK,False
TXN-20240116-0004289,WALL-0126159,MERCH-00364,PM-04,DEV-02,2024-01-16 16:12:37,35.21,0.7043,0.0,3,Success,Bill Payment,Surabaya,IDR,False
TXN-20240116-0004290,WALL-0129882,MERCH-00361,PM-05,DEV-01,2024-01-16 11:09:07,81.71,0.0,0.0,8,Success,Bill Payment,Bandung,IDR,False
TXN-20240116-0004291,WALL-0065325,MERCH-00190,PM-02,DEV-03,2024-01-16 15:21:42,58.39,0.1168,2.9195,5,Success,Purchase,Mawlamyine,MMK,False
TXN-20240116-0004292,WALL-0092153,MERCH-00065,PM-01,DEV-01,2024-01-16 15:58:12,54.03,0.0,1.0806,5,Success,Purchase,Pathein,MMK,False
TXN-20240116-0004293,WALL-0087364,MERCH-00187,PM-05,DEV-01,2024-01-16 19:12:50,70.59,0.0,3.5294,7,Success,Purchase,Hyderabad,INR,False
TXN-20240116-0004294,WALL-0099196,MERCH-00364,PM-05,DEV-01,2024-01-16 19:01:03,22.56,0.0,0.0,2,Success,Bill Payment,Myitkyina,MMK,False
TXN-20240116-0004295,WALL-0138887,MERCH-00120,PM-01,DEV-02,2024-01-16 14:17:35,26.08,0.0,0.0,2,Success,Purchase,Manila,PHP,False
TXN-20240116-0004296,WALL-0129311,MERCH-00074,PM-02,DEV-01,2024-01-16 14:30:48,18.58,0.0372,0.3716,1,Success,Purchase,Myitkyina,MMK,False
TXN-20240116-0004297,WALL-0078115,MERCH-00357,PM-05,DEV-04,2024-01-16 14:07:54,24.48,0.0,0.0,2,Success,Bill Payment,Pattaya,THB,False
TXN-20240116-0004298,WALL-0045067,MERCH-00380,PM-01,DEV-01,2024-01-16 21:44:25,111.03,0.0,0.0,11,Success,Purchase,Manila,PHP,False
TXN-20240116-0004299,WALL-0141036,MERCH-00066,PM-02,DEV-05,2024-01-16 04:59:11,17.25,0.0345,0.3451,1,Success,Purchase,Pune,INR,False
TXN-20240116-0004300,WALL-0067718,MERCH-00359,PM-01,DEV-05,2024-01-16 08:23:24,49.9,0.0,0.0,4,Success,Bill Payment,Chennai,INR,False
TXN-20240116-0004301,WALL-0008652,MERCH-00409,PM-02,DEV-01,2024-01-16 05:53:58,144.82,0.2896,0.0,14,Success,Payment,Myitkyina,MMK,False
TXN-20240116-0004302,WALL-0031658,MERCH-00363,PM-01,DEV-01,2024-01-16 07:35:54,49.15,0.0,0.0,4,Success,Bill Payment,Kuala Lumpur,MYR,False
TXN-20240116-0004303,WALL-0146222,MERCH-00001,PM-04,DEV-01,2024-01-16 07:45:46,16.24,0.3248,0.3248,1,Success,Purchase,Karachi,PKR,False
TXN-20240116-0004304,WALL-0114085,MERCH-00411,PM-01,DEV-03,2024-01-16 06:26:32,277.81,0.0,0.0,27,Success,Payment,Medan,INR,False
TXN-20240116-0004305,WALL-0127401,MERCH-00347,PM-03,DEV-03,2024-01-16 14:09:59,28.94,0.2315,0.0,2,Success,Bill Payment,Singapore,SGD,False
TXN-20240116-0004306,WALL-0036495,MERCH-00204,PM-01,DEV-02,2024-01-16 21:20:33,13.74,0.0,0.0,1,Success,Purchase,Penang,MYR,False
TXN-20240116-0004307,WALL-0148641,MERCH-00078,PM-02,DEV-01,2024-01-16 20:37:00,13.81,0.0276,0.2762,1,Success,Purchase,Johor Bahru,MYR,False
TXN-20240116-0004308,WALL-0078968,MERCH-00446,PM-02,DEV-01,2024-01-16 07:48:13,174.23,0.3485,0.0,17,Success,Tax Payment,Pattaya,THB,False
TXN-20240116-0004309,WALL-0133534,MERCH-00445,PM-02,DEV-03,2024-01-16 17:02:13,175.41,0.3508,0.0,17,Success,Tax Payment,Taunggyi,MMK,False
TXN-20240116-0004310,WALL-0046492,MERCH-00332,PM-01,DEV-03,2024-01-16 06:38:57,67.23,0.0,0.0,6,Success,Bill Payment,Bago,MMK,False
TXN-20240116-0004311,WALL-0037744,MERCH-00337,PM-04,DEV-01,2024-01-16 12:49:46,148.24,2.9648,0.0,14,Success,Bill Payment,Delhi,INR,False
TXN-20240116-0004312,WALL-0056103,MERCH-00122,PM-04,DEV-01,2024-01-16 08:10:10,45.87,0.9173,0.0,4,Success,Purchase,Mandalay,MMK,False
TXN-20240116-0004313,WALL-0093353,MERCH-00036,PM-04,DEV-03,2024-01-16 12:15:38,28.76,0.5752,0.5752,2,Success,Purchase,Hanoi,VND,False
TXN-20240116-0004314,WALL-0012281,MERCH-00195,PM-01,DEV-03,2024-01-16 15:37:21,9.07,0.0,0.0,0,Success,Purchase,Phnom Penh,KHR,False
TXN-20240116-0004315,WALL-0120710,MERCH-00164,PM-01,DEV-01,2024-01-16 18:32:07,24.81,0.0,1.2404,2,Success,Purchase,Mawlamyine,MMK,False
TXN-20240116-0004316,WALL-0103316,MERCH-00172,PM-02,DEV-03,2024-01-16 18:26:48,92.72,0.1854,0.0,0,Failed,Purchase,Chiang Mai,THB,False
TXN-20240116-0004317,WALL-0014136,MERCH-00029,PM-02,DEV-01,2024-01-16 06:02:05,11.94,0.0239,0.2388,1,Success,Purchase,Yangon,MMK,False
TXN-20240116-0004318,WALL-0004313,MERCH-00230,PM-02,DEV-01,2024-01-16 23:25:51,17.26,0.0345,0.0,1,Success,Purchase,Islamabad,PKR,False
TXN-20240116-0004319,WALL-0136113,MERCH-00057,PM-04,DEV-01,2024-01-16 16:33:48,48.27,0.9654,0.9654,4,Success,Purchase,Myitkyina,MMK,False
TXN-20240116-0004320,WALL-0082696,MERCH-00311,PM-02,DEV-02,2024-01-16 01:41:26,79.6,0.1592,0.0,7,Success,Bill Payment,Kuala Lumpur,MYR,False
TXN-20240116-0004321,WALL-0108432,MERCH-00069,PM-02,DEV-02,2024-01-16 14:27:03,60.0,0.12,1.2,6,Success,Purchase,Mandalay,MMK,False
TXN-20240116-0004322,WALL-0103166,MERCH-00065,PM-02,DEV-01,2024-01-16 18:56:26,12.45,0.0249,0.249,1,Success,Purchase,Myitkyina,MMK,False
TXN-20240116-0004323,WALL-0140080,MERCH-00186,PM-01,DEV-01,2024-01-16 18:22:46,88.89,0.0,4.4446,8,Success,Purchase,Kuala Lumpur,MYR,False
TXN-20240116-0004324,WALL-0010402,MERCH-00394,PM-01,DEV-02,2024-01-16 06:26:00,40.28,0.0,0.0,0,Failed,Purchase,Kolkata,INR,False
TXN-20240116-0004325,WALL-0111042,MERCH-00180,PM-02,DEV-01,2024-01-16 02:57:40,96.54,0.1931,4.8269,9,Success,Purchase,Bago,MMK,False
TXN-20240116-0004326,WALL-0002262,MERCH-00139,PM-02,DEV-03,2024-01-16 22:36:10,65.11,0.1302,3.2554,6,Success,Purchase,Naypyidaw,MMK,False
TXN-20240116-0004327,WALL-0092848,MERCH-00352,PM-03,DEV-03,2024-01-16 17:27:10,32.55,0.2604,0.0,3,Success,Bill Payment,Kathmandu,IDR,False
TXN-20240116-0004328,WALL-0115495,MERCH-00044,PM-02,DEV-01,2024-01-16 14:11:05,26.49,0.053,0.0,0,Pending,Purchase,Kandy,LKR,False
TXN-20240116-0004329,WALL-0066773,MERCH-00278,PM-03,DEV-01,2024-01-16 15:31:46,336.71,2.6937,26.9365,67,Success,Purchase,Pattaya,THB,False
TXN-20240116-0004330,WALL-0063307,MERCH-00150,PM-02,DEV-01,2024-01-16 14:31:27,41.59,0.0832,2.0797,4,Success,Purchase,Manila,PHP,False
TXN-20240116-0004331,WALL-0142601,MERCH-00002,PM-01,DEV-01,2024-01-16 16:10:28,8.91,0.0,0.1783,0,Success,Purchase,Pattaya,MMK,False
TXN-20240116-0004332,WALL-0147918,MERCH-00221,PM-01,DEV-01,2024-01-16 16:40:55,14.46,0.0,0.0,1,Success,Purchase,Bangalore,INR,False
TXN-20240116-0004333,WALL-0091747,MERCH-00332,PM-02,DEV-02,2024-01-16 17:19:08,82.18,0.1644,0.0,8,Success,Bill Payment,Jaipur,INR,False
TXN-20240116-0004334,WALL-0090744,MERCH-00395,PM-02,DEV-01,2024-01-16 19:59:20,54.46,0.1089,0.0,5,Success,Purchase,Yangon,MMK,False
TXN-20240116-0004335,WALL-0082686,MERCH-00130,PM-01,DEV-01,2024-01-16 02:05:50,50.04,0.0,0.0,5,Success,Purchase,Naypyidaw,MMK,False
TXN-20240116-0004336,WALL-0016030,MERCH-00159,PM-03,DEV-01,2024-01-16 08:14:28,170.58,1.3646,8.5289,17,Success,Purchase,Mawlamyine,MMK,False
TXN-20240116-0004337,WALL-0046867,MERCH-00318,PM-02,DEV-03,2024-01-16 10:59:37,74.36,0.1487,0.0,7,Success,Bill Payment,Siem Reap,KHR,False
TXN-20240116-0004338,WALL-0055511,MERCH-00240,PM-02,DEV-01,2024-01-16 14:30:38,13.26,0.0265,0.0,1,Success,Subscription,Mandalay,MMK,False
TXN-20240116-0004339,WALL-0056611,MERCH-00374,PM-01,DEV-01,2024-01-16 21:27:06,40.67,0.0,0.0,4,Success,Purchase,Karachi,PKR,False
TXN-20240116-0004340,WALL-0050946,MERCH-00031,PM-01,DEV-01,2024-01-16 18:24:24,35.67,0.0,0.7133,3,Success,Purchase,Mawlamyine,MMK,False
TXN-20240116-0004341,WALL-0111569,MERCH-00345,PM-02,DEV-01,2024-01-16 18:50:09,16.27,0.0325,0.0,1,Success,Bill Payment,Chittagong,BDT,False
TXN-20240116-0004342,WALL-0087849,MERCH-00313,PM-02,DEV-05,2024-01-16 19:22:46,259.34,0.5187,0.0,25,Success,Bill Payment,Quezon City,PHP,False
TXN-20240116-0004343,WALL-0000358,MERCH-00103,PM-02,DEV-03,2024-01-16 16:13:26,48.88,0.0978,0.0,4,Success,Purchase,Lahore,PKR,False
TXN-20240116-0004344,WALL-0032629,MERCH-00271,PM-01,DEV-03,2024-01-16 10:04:09,100.0,0.0,8.0,20,Success,Purchase,Mandalay,MMK,False
TXN-20240116-0004345,WALL-0017943,MERCH-00337,PM-01,DEV-01,2024-01-16 17:20:54,79.54,0.0,0.0,7,Success,Bill Payment,Jaipur,INR,False
TXN-20240116-0004346,WALL-0113176,MERCH-00256,PM-01,DEV-01,2024-01-16 07:29:43,20.02,0.0,0.0,2,Success,Subscription,Lahore,PKR,False
TXN-20240116-0004347,WALL-0107955,MERCH-00102,PM-02,DEV-03,2024-01-16 12:03:41,26.93,0.0539,0.0,2,Success,Purchase,Ho Chi Minh City,VND,False
TXN-20240116-0004348,WALL-0027136,MERCH-00248,PM-01,DEV-05,2024-01-16 15:55:43,16.4,0.0,0.0,1,Success,Subscription,Johor Bahru,MYR,False
TXN-20240116-0004349,WALL-0040677,MERCH-00342,PM-02,DEV-01,2024-01-16 21:38:10,22.95,0.0459,0.0,2,Success,Bill Payment,Lahore,PHP,False
TXN-20240116-0004350,WALL-0109109,MERCH-00090,PM-02,DEV-01,2024-01-16 20:26:39,59.43,0.1189,0.0,5,Success,Purchase,Phnom Penh,KHR,False
TXN-20240116-0004351,WALL-0108378,MERCH-00042,PM-03,DEV-01,2024-01-16 12:48:01,12.65,0.1012,0.253,1,Success,Purchase,Mawlamyine,MMK,False
TXN-20240116-0004352,WALL-0009258,MERCH-00194,PM-01,DEV-05,2024-01-16 18:10:34,6.08,0.0,0.0,0,Success,Purchase,Yangon,MMK,False
TXN-20240116-0004353,WALL-0104588,MERCH-00023,PM-02,DEV-01,2024-01-16 17:48:44,5.0,0.01,0.1,0,Success,Purchase,Myitkyina,MMK,False
TXN-20240116-0004354,WALL-0106215,MERCH-00216,PM-01,DEV-01,2024-01-16 20:26:52,5.81,0.0,0.0,0,Success,Purchase,Colombo,LKR,False
TXN-20240116-0004355,WALL-0064124,MERCH-00240,PM-01,DEV-03,2024-01-16 12:40:58,17.35,0.0,0.0,1,Success,Subscription,Lahore,PKR,False
TXN-20240116-0004356,WALL-0015809,MERCH-00229,PM-02,DEV-05,2024-01-16 16:52:29,11.53,0.0231,0.0,1,Success,Purchase,Jakarta,IDR,False
TXN-20240116-0004357,WALL-0102315,MERCH-00387,PM-01,DEV-04,2024-01-16 22:38:01,34.41,0.0,0.0,3,Success,Purchase,Naypyidaw,MMK,False
TXN-20240116-0004358,WALL-0079787,MERCH-00102,PM-02,DEV-05,2024-01-16 22:10:49,52.84,0.1057,0.0,0,Failed,Purchase,Myitkyina,MMK,False
TXN-20240116-0004359,WALL-0141139,MERCH-00405,PM-03,DEV-03,2024-01-16 08:43:49,116.27,0.9302,0.0,11,Success,Payment,Kathmandu,NPR,False
TXN-20240116-0004360,WALL-0089428,MERCH-00137,PM-04,DEV-02,2024-01-16 08:29:18,90.44,1.8087,4.5219,9,Success,Purchase,Mandalay,MMK,False
TXN-20240116-0004361,WALL-0089518,MERCH-00233,PM-03,DEV-02,2024-01-16 19:47:17,12.18,0.0974,0.0,0,Failed,Subscription,Ho Chi Minh City,VND,False
TXN-20240116-0004362,WALL-0144503,MERCH-00071,PM-02,DEV-02,2024-01-16 09:49:51,20.6,0.0412,0.4121,2,Success,Purchase,Johor Bahru,MYR,False
TXN-20240116-0004363,WALL-0138763,MERCH-00056,PM-02,DEV-02,2024-01-16 10:17:05,22.64,0.0453,0.4528,2,Success,Purchase,Hanoi,VND,False
TXN-20240116-0004364,WALL-0099480,MERCH-00500,PM-02,DEV-01,2024-01-16 06:28:34,281.02,0.562,0.0,28,Success,Payment,Siem Reap,KHR,False
TXN-20240116-0004365,WALL-0056903,MERCH-00051,PM-05,DEV-02,2024-01-16 19:09:58,46.49,0.0,0.9297,4,Success,Purchase,Hanoi,VND,False
TXN-20240116-0004366,WALL-0003074,MERCH-00185,PM-05,DEV-03,2024-01-16 19:27:11,205.99,0.0,10.2993,20,Success,Purchase,Manila,PHP,False
TXN-20240116-0004367,WALL-0021414,MERCH-00368,PM-01,DEV-01,2024-01-16 19:02:48,21.43,0.0,0.0,2,Success,Bill Payment,Surabaya,IDR,False
TXN-20240116-0004368,WALL-0014991,MERCH-00222,PM-02,DEV-02,2024-01-16 07:52:59,19.72,0.0394,0.0,1,Success,Purchase,Mawlamyine,MMK,False
TXN-20240116-0004369,WALL-0036631,MERCH-00390,PM-03,DEV-02,2024-01-16 23:40:39,32.75,0.262,0.0,3,Success,Purchase,Naypyidaw,MMK,False
TXN-20240116-0004370,WALL-0005998,MERCH-00172,PM-05,DEV-01,2024-01-16 22:26:13,154.34,0.0,7.7169,15,Success,Purchase,Chiang Mai,IDR,False
TXN-20240116-0004371,WALL-0092813,MERCH-00382,PM-02,DEV-01,2024-01-16 16:39:17,198.0,0.396,0.0,19,Success,Purchase,Bago,MMK,False
TXN-20240116-0004372,WALL-0007720,MERCH-00328,PM-01,DEV-02,2024-01-16 14:18:44,190.11,0.0,0.0,19,Success,Bill Payment,Hanoi,MYR,False
TXN-20240116-0004373,WALL-0086976,MERCH-00100,PM-01,DEV-02,2024-01-16 21:15:20,54.93,0.0,0.0,5,Success,Purchase,Pathein,MMK,False
TXN-20240116-0004374,WALL-0058106,MERCH-00157,PM-01,DEV-01,2024-01-16 04:03:32,44.63,0.0,2.2317,4,Success,Purchase,Bandung,IDR,False
TXN-20240116-0004375,WALL-0126427,MERCH-00125,PM-01,DEV-02,2024-01-16 14:13:47,64.56,0.0,0.0,6,Success,Purchase,Pokhara,NPR,False
TXN-20240116-0004376,WALL-0072687,MERCH-00437,PM-03,DEV-02,2024-01-16 18:36:47,50.0,0.4,0.0,5,Success,Tax Payment,Pattaya,THB,False
TXN-20240116-0004377,WALL-0137829,MERCH-00039,PM-02,DEV-01,2024-01-16 19:58:46,22.63,0.0453,0.4526,2,Success,Purchase,Mawlamyine,MMK,False
TXN-20240116-0004378,WALL-0090056,MERCH-00374,PM-01,DEV-01,2024-01-16 01:52:12,32.71,0.0,0.0,3,Success,Purchase,Bago,MMK,False
TXN-20240116-0004379,WALL-0115458,MERCH-00085,PM-02,DEV-03,2024-01-16 13:24:22,107.19,0.2144,0.0,10,Success,Purchase,Singapore,SGD,False
TXN-20240116-0004380,WALL-0018579,MERCH-00199,PM-01,DEV-01,2024-01-16 08:34:44,19.15,0.0,0.0,0,Failed,Purchase,Islamabad,MMK,False
TXN-20240116-0004381,WALL-0099401,MERCH-00218,PM-02,DEV-01,2024-01-16 17:37:44,26.94,0.0539,0.0,2,Success,Purchase,Yangon,MMK,False
TXN-20240116-0004382,WALL-0013457,MERCH-00416,PM-01,DEV-01,2024-01-16 09:26:12,42.51,0.0,0.0,4,Success,Payment,Mumbai,INR,False
TXN-20240116-0004383,WALL-0024929,MERCH-00497,PM-04,DEV-01,2024-01-16 06:17:52,156.93,3.1386,0.0,15,Success,Payment,Pathein,MMK,False
TXN-20240116-0004384,WALL-0120942,MERCH-00447,PM-04,DEV-01,2024-01-16 19:49:20,126.94,2.5387,0.0,12,Success,Tax Payment,Bago,MMK,False
TXN-20240116-0004385,WALL-0128479,MERCH-00295,PM-03,DEV-01,2024-01-16 22:41:28,563.63,4.509,45.0901,112,Success,Purchase,Kathmandu,MMK,False
TXN-20240116-0004386,WALL-0029073,MERCH-00120,PM-01,DEV-01,2024-01-16 20:05:04,68.76,0.0,0.0,6,Success,Purchase,Taunggyi,INR,False
TXN-20240116-0004387,WALL-0035019,MERCH-00363,PM-01,DEV-01,2024-01-16 16:09:20,83.51,0.0,0.0,8,Success,Bill Payment,Myitkyina,MMK,False
TXN-20240116-0004388,WALL-0141898,MERCH-00231,PM-04,DEV-03,2024-01-16 03:55:52,9.72,0.1943,0.0,0,Success,Subscription,Mumbai,INR,False
TXN-20240116-0004389,WALL-0144026,MERCH-00337,PM-01,DEV-03,2024-01-16 14:55:11,63.01,0.0,0.0,6,Success,Bill Payment,Bago,MMK,False
TXN-20240116-0004390,WALL-0100292,MERCH-00102,PM-02,DEV-03,2024-01-16 12:06:05,165.02,0.33,0.0,16,Success,Purchase,Chennai,INR,False
TXN-20240116-0004391,WALL-0041042,MERCH-00071,PM-02,DEV-01,2024-01-16 09:01:41,15.65,0.0313,0.313,1,Success,Purchase,Ho Chi Minh City,MMK,False
TXN-20240116-0004392,WALL-0068577,MERCH-00442,PM-02,DEV-03,2024-01-16 12:25:01,50.0,0.1,0.0,5,Success,Tax Payment,Jakarta,IDR,False
TXN-20240116-0004393,WALL-0060821,MERCH-00003,PM-01,DEV-02,2024-01-16 12:42:45,9.46,0.0,0.1891,0,Success,Purchase,Khon Kaen,THB,False
TXN-20240116-0004394,WALL-0141811,MERCH-00123,PM-01,DEV-01,2024-01-16 13:09:54,33.82,0.0,0.0,3,Success,Purchase,Penang,MYR,False
TXN-20240116-0004395,WALL-0037646,MERCH-00391,PM-04,DEV-01,2024-01-16 13:26:46,58.94,1.1788,0.0,5,Success,Purchase,Islamabad,PKR,False
TXN-20240116-0004396,WALL-0030901,MERCH-00049,PM-02,DEV-04,2024-01-16 18:31:01,12.53,0.0251,0.2506,1,Success,Purchase,Pattaya,THB,False
TXN-20240116-0004397,WALL-0003595,MERCH-00069,PM-01,DEV-01,2024-01-16 13:35:51,14.55,0.0,0.291,1,Success,Purchase,Lahore,PKR,False
TXN-20240116-0004398,WALL-0104481,MERCH-00025,PM-01,DEV-01,2024-01-16 13:24:31,16.88,0.0,0.3377,1,Success,Purchase,Bandung,MMK,False
TXN-20240116-0004399,WALL-0027616,MERCH-00462,PM-02,DEV-03,2024-01-16 16:03:35,511.57,1.0231,0.0,51,Success,Payment,Mawlamyine,MMK,False
TXN-20240116-0004400,WALL-0110741,MERCH-00099,PM-01,DEV-01,2024-01-16 04:39:55,28.95,0.0,0.0,0,Reversed,Purchase,Medan,IDR,False
TXN-20240116-0004401,WALL-0064267,MERCH-00121,PM-01,DEV-02,2024-01-16 21:49:59,19.06,0.0,0.0,1,Success,Purchase,Bago,MMK,False
TXN-20240116-0004402,WALL-0085712,MERCH-00123,PM-01,DEV-01,2024-01-16 14:34:06,34.68,0.0,0.0,3,Success,Purchase,Chittagong,BDT,False
TXN-20240116-0004403,WALL-0012054,MERCH-00308,PM-01,DEV-01,2024-01-16 21:33:53,100.0,0.0,8.0,20,Success,Purchase,Dhaka,BDT,False
TXN-20240116-0004404,WALL-0128575,MERCH-00389,PM-04,DEV-01,2024-01-16 13:01:35,45.73,0.9147,0.0,4,Success,Purchase,Jakarta,IDR,False
TXN-20240116-0004405,WALL-0086337,MERCH-00064,PM-02,DEV-01,2024-01-16 19:09:05,18.11,0.0362,0.3623,1,Success,Purchase,Myitkyina,MMK,False
TXN-20240116-0004406,WALL-0054858,MERCH-00461,PM-01,DEV-01,2024-01-16 16:07:25,433.35,0.0,0.0,43,Success,Payment,Islamabad,PKR,False
TXN-20240116-0004407,WALL-0143950,MERCH-00342,PM-02,DEV-01,2024-01-16 11:29:05,45.0,0.09,0.0,4,Success,Bill Payment,Jaipur,MMK,False
TXN-20240116-0004408,WALL-0110228,MERCH-00446,PM-01,DEV-02,2024-01-16 20:29:02,177.37,0.0,0.0,17,Success,Tax Payment,Karachi,PKR,False
TXN-20240116-0004409,WALL-0082224,MERCH-00437,PM-02,DEV-01,2024-01-16 09:12:18,247.15,0.4943,0.0,24,Success,Tax Payment,Yangon,MMK,False
TXN-20240116-0004410,WALL-0024791,MERCH-00083,PM-01,DEV-02,2024-01-16 12:21:00,67.83,0.0,0.0,6,Success,Purchase,Naypyidaw,MMK,False
TXN-20240116-0004411,WALL-0042297,MERCH-00356,PM-01,DEV-01,2024-01-16 10:00:42,16.47,0.0,0.0,1,Success,Bill Payment,Lahore,MMK,False
TXN-20240116-0004412,WALL-0063483,MERCH-00020,PM-05,DEV-01,2024-01-16 14:44:37,11.74,0.0,0.2348,1,Success,Purchase,Pokhara,NPR,False
TXN-20240116-0004413,WALL-0027154,MERCH-00400,PM-03,DEV-01,2024-01-16 03:43:00,64.8,0.5184,0.0,6,Success,Purchase,Bago,MMK,False
TXN-20240116-0004414,WALL-0124220,MERCH-00252,PM-01,DEV-01,2024-01-16 22:00:05,10.61,0.0,0.0,1,Success,Subscription,Yangon,MMK,False
TXN-20240116-0004415,WALL-0103317,MERCH-00132,PM-04,DEV-01,2024-01-16 19:13:24,62.24,1.2448,3.1119,6,Success,Purchase,Kandy,LKR,False
TXN-20240116-0004416,WALL-0013772,MERCH-00338,PM-01,DEV-02,2024-01-16 07:17:08,41.97,0.0,0.0,4,Success,Bill Payment,Taunggyi,MMK,False
TXN-20240116-0004417,WALL-0037530,MERCH-00278,PM-02,DEV-01,2024-01-16 16:11:33,563.32,1.1266,45.0653,112,Success,Purchase,Bandung,SGD,False
TXN-20240116-0004418,WALL-0050766,MERCH-00019,PM-01,DEV-03,2024-01-16 18:09:41,9.5,0.0,0.19,0,Success,Purchase,Naypyidaw,MMK,False
TXN-20240116-0004419,WALL-0116186,MERCH-00055,PM-02,DEV-03,2024-01-16 12:23:58,11.39,0.0228,0.2278,1,Success,Purchase,Taunggyi,MMK,False
TXN-20240116-0004420,WALL-0080297,MERCH-00102,PM-02,DEV-02,2024-01-16 21:26:13,116.15,0.2323,0.0,11,Success,Purchase,Pathein,MMK,False
TXN-20240116-0004421,WALL-0066171,MERCH-00328,PM-04,DEV-02,2024-01-16 20:32:53,101.26,2.0251,0.0,10,Success,Bill Payment,Ho Chi Minh City,VND,False
TXN-20240116-0004422,WALL-0050050,MERCH-00029,PM-01,DEV-02,2024-01-16 10:03:35,13.99,0.0,0.2798,1,Success,Purchase,Yangon,MMK,False
TXN-20240116-0004423,WALL-0047548,MERCH-00062,PM-04,DEV-01,2024-01-16 20:15:28,9.35,0.187,0.187,0,Success,Purchase,Myitkyina,MMK,False
TXN-20240116-0004424,WALL-0063343,MERCH-00261,PM-01,DEV-02,2024-01-16 22:36:37,21.63,0.0,0.0,0,Pending,Subscription,Mandalay,MMK,False
TXN-20240116-0004425,WALL-0012504,MERCH-00377,PM-01,DEV-01,2024-01-16 02:20:28,68.76,0.0,0.0,6,Success,Purchase,Pattaya,THB,False
TXN-20240116-0004426,WALL-0080350,MERCH-00032,PM-03,DEV-01,2024-01-16 12:49:31,11.53,0.0922,0.2305,1,Success,Purchase,Kolkata,INR,False
TXN-20240116-0004427,WALL-0072649,MERCH-00251,PM-01,DEV-01,2024-01-16 15:35:20,12.92,0.0,0.0,1,Success,Subscription,Karachi,INR,False
TXN-20240116-0004428,WALL-0142383,MERCH-00294,PM-03,DEV-01,2024-01-16 14:37:05,100.0,0.8,8.0,20,Success,Purchase,Mawlamyine,MMK,False
TXN-20240116-0004429,WALL-0062413,MERCH-00395,PM-01,DEV-01,2024-01-16 03:12:47,23.74,0.0,0.0,0,Reversed,Purchase,Pokhara,NPR,False
TXN-20240116-0004430,WALL-0005772,MERCH-00312,PM-02,DEV-01,2024-01-16 16:48:43,103.4,0.2068,0.0,10,Success,Bill Payment,Surabaya,IDR,False
TXN-20240116-0004431,WALL-0127726,MERCH-00247,PM-02,DEV-03,2024-01-16 13:29:17,28.01,0.056,0.0,2,Success,Subscription,Yangon,MMK,False
TXN-20240116-0004432,WALL-0078249,MERCH-00349,PM-03,DEV-01,2024-01-16 07:42:54,46.29,0.3703,0.0,4,Success,Bill Payment,Lahore,PKR,False
TXN-20240116-0004433,WALL-0148641,MERCH-00026,PM-03,DEV-04,2024-01-16 14:41:18,6.45,0.0516,0.129,0,Success,Purchase,Johor Bahru,MYR,False
TXN-20240116-0004434,WALL-0054243,MERCH-00405,PM-03,DEV-01,2024-01-16 16:46:27,115.06,0.9205,0.0,11,Success,Payment,Cebu City,MMK,False
TXN-20240116-0004435,WALL-0144207,MERCH-00435,PM-01,DEV-02,2024-01-16 15:29:27,280.78,0.0,0.0,28,Success,Tax Payment,Taunggyi,MMK,False
TXN-20240116-0004436,WALL-0107423,MERCH-00071,PM-02,DEV-02,2024-01-16 11:45:42,23.15,0.0463,0.463,2,Success,Purchase,Mawlamyine,MMK,False
TXN-20240116-0004437,WALL-0079010,MERCH-00037,PM-01,DEV-01,2024-01-16 22:42:41,22.52,0.0,0.4505,2,Success,Purchase,Myitkyina,MMK,False
TXN-20240116-0004438,WALL-0122057,MERCH-00160,PM-01,DEV-01,2024-01-16 17:25:12,76.2,0.0,3.8099,7,Success,Purchase,Mawlamyine,MMK,False
TXN-20240116-0004439,WALL-0044583,MERCH-00391,PM-03,DEV-03,2024-01-16 18:57:53,29.58,0.2367,0.0,2,Success,Purchase,Lahore,INR,False
TXN-20240116-0004440,WALL-0056630,MERCH-00241,PM-04,DEV-04,2024-01-16 17:26:24,38.48,0.7695,0.0,3,Success,Subscription,Islamabad,PKR,False
TXN-20240116-0004441,WALL-0101880,MERCH-00094,PM-04,DEV-03,2024-01-16 21:51:05,24.06,0.4812,0.0,2,Success,Purchase,Naypyidaw,MMK,False
TXN-20240116-0004442,WALL-0049874,MERCH-00146,PM-02,DEV-05,2024-01-16 14:34:33,20.0,0.04,1.0,2,Success,Purchase,Myitkyina,MMK,False
TXN-20240116-0004443,WALL-0125202,MERCH-00266,PM-04,DEV-01,2024-01-16 02:50:58,5.38,0.1075,0.0,0,Success,Subscription,Myitkyina,MMK,False
TXN-20240116-0004444,WALL-0127044,MERCH-00439,PM-02,DEV-01,2024-01-16 15:57:45,79.59,0.1592,0.0,7,Success,Tax Payment,Bago,MMK,False
TXN-20240116-0004445,WALL-0019251,MERCH-00094,PM-02,DEV-01,2024-01-16 18:45:18,16.95,0.0339,0.0,1,Success,Purchase,Pattaya,MYR,False
TXN-20240116-0004446,WALL-0022280,MERCH-00117,PM-03,DEV-01,2024-01-16 15:20:55,38.06,0.3045,0.0,3,Success,Purchase,Karachi,PKR,False
TXN-20240116-0004447,WALL-0068746,MERCH-00132,PM-01,DEV-03,2024-01-16 18:20:05,63.09,0.0,3.1545,6,Success,Purchase,Lahore,PKR,False
TXN-20240116-0004448,WALL-0140555,MERCH-00419,PM-04,DEV-02,2024-01-16 16:57:03,104.43,2.0886,0.0,10,Success,Payment,Jaipur,INR,False
TXN-20240116-0004449,WALL-0068694,MERCH-00046,PM-01,DEV-01,2024-01-16 16:37:27,6.57,0.0,0.1315,0,Success,Purchase,Pokhara,NPR,False
TXN-20240116-0004450,WALL-0118657,MERCH-00026,PM-01,DEV-05,2024-01-16 12:40:15,29.6,0.0,0.5921,2,Success,Purchase,Mawlamyine,MMK,False
TXN-20240116-0004451,WALL-0002802,MERCH-00125,PM-04,DEV-01,2024-01-16 03:03:42,79.19,1.5837,0.0,7,Success,Purchase,Kuala Lumpur,MYR,False
TXN-20240116-0004452,WALL-0025410,MERCH-00243,PM-01,DEV-01,2024-01-16 19:53:11,15.31,0.0,0.0,1,Success,Subscription,Pune,INR,False
TXN-20240116-0004453,WALL-0018721,MERCH-00439,PM-02,DEV-03,2024-01-16 14:37:49,85.06,0.1701,0.0,8,Success,Tax Payment,Medan,KHR,False
TXN-20240116-0004454,WALL-0030416,MERCH-00080,PM-01,DEV-03,2024-01-16 07:16:10,9.44,0.0,0.1888,0,Success,Purchase,Chennai,MMK,False
TXN-20240116-0004455,WALL-0027000,MERCH-00332,PM-04,DEV-01,2024-01-16 01:42:46,30.85,0.6171,0.0,3,Success,Bill Payment,Naypyidaw,MMK,False
TXN-20240116-0004456,WALL-0038832,MERCH-00011,PM-04,DEV-01,2024-01-16 20:06:44,27.8,0.556,0.556,2,Success,Purchase,Khon Kaen,THB,False
TXN-20240116-0004457,WALL-0055326,MERCH-00219,PM-01,DEV-01,2024-01-16 14:42:29,8.75,0.0,0.0,0,Success,Purchase,Bago,MMK,False
TXN-20240116-0004458,WALL-0112518,MERCH-00379,PM-01,DEV-01,2024-01-16 10:56:55,56.31,0.0,0.0,5,Success,Purchase,Ho Chi Minh City,VND,False
TXN-20240116-0004459,WALL-0050768,MERCH-00038,PM-01,DEV-01,2024-01-16 09:22:32,25.53,0.0,0.5107,2,Success,Purchase,Karachi,PKR,False
TXN-20240116-0004460,WALL-0085448,MERCH-00417,PM-02,DEV-01,2024-01-16 07:27:23,31.34,0.0627,0.0,3,Success,Payment,Manila,PHP,False
TXN-20240116-0004461,WALL-0028641,MERCH-00032,PM-03,DEV-01,2024-01-16 11:22:20,15.99,0.1279,0.3197,1,Success,Purchase,Bangkok,THB,False
TXN-20240116-0004462,WALL-0015163,MERCH-00326,PM-04,DEV-01,2024-01-16 10:35:30,98.18,1.9636,0.0,9,Success,Bill Payment,Bali,IDR,False
TXN-20240116-0004463,WALL-0108696,MERCH-00226,PM-01,DEV-01,2024-01-16 06:25:13,9.58,0.0,0.0,0,Success,Purchase,Pattaya,INR,False
TXN-20240116-0004464,WALL-0086942,MERCH-00337,PM-01,DEV-01,2024-01-16 10:18:30,79.78,0.0,0.0,7,Success,Bill Payment,Kolkata,INR,False
TXN-20240116-0004465,WALL-0085278,MERCH-00144,PM-01,DEV-01,2024-01-16 21:38:21,74.16,0.0,3.7081,7,Success,Purchase,Mumbai,INR,False
TXN-20240116-0004466,WALL-0099813,MERCH-00224,PM-04,DEV-01,2024-01-16 18:37:08,12.83,0.2566,0.0,1,Success,Purchase,Mandalay,MMK,False
TXN-20240116-0004467,WALL-0107907,MERCH-00165,PM-03,DEV-05,2024-01-16 21:32:03,51.29,0.4103,2.5647,5,Success,Purchase,Myitkyina,MMK,False
TXN-20240116-0004468,WALL-0053266,MERCH-00307,PM-01,DEV-01,2024-01-16 18:53:47,204.52,0.0,16.3617,40,Success,Purchase,Islamabad,INR,False
TXN-20240116-0004469,WALL-0054105,MERCH-00070,PM-02,DEV-01,2024-01-16 13:08:13,9.35,0.0187,0.187,0,Success,Purchase,Chennai,MMK,False
TXN-20240116-0004470,WALL-0115997,MERCH-00209,PM-02,DEV-01,2024-01-16 15:36:16,5.0,0.01,0.0,0,Success,Purchase,Phnom Penh,KHR,False
TXN-20240116-0004471,WALL-0084913,MERCH-00029,PM-01,DEV-03,2024-01-16 21:09:27,41.61,0.0,0.8322,4,Success,Purchase,Surabaya,IDR,False
TXN-20240116-0004472,WALL-0083966,MERCH-00059,PM-01,DEV-03,2024-01-16 13:50:16,13.87,0.0,0.2773,1,Success,Purchase,Johor Bahru,INR,False
TXN-20240116-0004473,WALL-0027720,MERCH-00082,PM-01,DEV-01,2024-01-16 13:17:46,66.42,0.0,0.0,6,Success,Purchase,Quezon City,PHP,False
TXN-20240116-0004474,WALL-0081756,MERCH-00163,PM-05,DEV-04,2024-01-16 10:58:56,49.95,0.0,2.4973,4,Success,Purchase,Singapore,SGD,False
TXN-20240116-0004475,WALL-0080763,MERCH-00164,PM-01,DEV-01,2024-01-16 13:19:44,297.5,0.0,14.8749,29,Success,Purchase,Taunggyi,MMK,False
TXN-20240116-0004476,WALL-0125271,MERCH-00401,PM-02,DEV-01,2024-01-16 15:43:00,160.09,0.3202,0.0,16,Success,Payment,Mandalay,MMK,False
TXN-20240116-0004477,WALL-0149037,MERCH-00246,PM-02,DEV-01,2024-01-16 22:27:45,24.31,0.0486,0.0,2,Success,Subscription,Johor Bahru,MMK,True
TXN-20240116-0004478,WALL-0031344,MERCH-00109,PM-01,DEV-02,2024-01-16 06:21:06,29.12,0.0,0.0,2,Success,Purchase,Chittagong,PKR,False
TXN-20240116-0004479,WALL-0002180,MERCH-00432,PM-01,DEV-01,2024-01-16 00:04:53,224.08,0.0,0.0,22,Success,Tax Payment,Taunggyi,MMK,False
TXN-20240116-0004480,WALL-0023543,MERCH-00401,PM-03,DEV-01,2024-01-16 22:04:02,222.08,1.7767,0.0,22,Success,Payment,Penang,MYR,False
TXN-20240116-0004481,WALL-0059914,MERCH-00041,PM-01,DEV-01,2024-01-16 15:34:34,74.05,0.0,1.4811,7,Success,Purchase,Bago,MMK,False
TXN-20240116-0004482,WALL-0082207,MERCH-00074,PM-01,DEV-02,2024-01-16 13:55:28,53.12,0.0,1.0624,5,Success,Purchase,Bandung,IDR,False
TXN-20240116-0004483,WALL-0005500,MERCH-00213,PM-01,DEV-03,2024-01-16 17:36:10,22.18,0.0,0.0,2,Success,Purchase,Phuket,THB,False
TXN-20240116-0004484,WALL-0127812,MERCH-00114,PM-05,DEV-04,2024-01-16 07:56:46,127.99,0.0,0.0,12,Success,Purchase,Phuket,THB,False
TXN-20240116-0004485,WALL-0044066,MERCH-00435,PM-05,DEV-03,2024-01-16 22:04:07,286.74,0.0,0.0,28,Success,Tax Payment,Mawlamyine,MMK,False
TXN-20240116-0004486,WALL-0042426,MERCH-00040,PM-04,DEV-01,2024-01-16 09:54:09,60.31,1.2062,1.2062,6,Success,Purchase,Pokhara,NPR,False
TXN-20240116-0004487,WALL-0058057,MERCH-00022,PM-05,DEV-01,2024-01-16 17:24:05,29.0,0.0,0.5799,2,Success,Purchase,Manila,PHP,False
TXN-20240116-0004488,WALL-0076223,MERCH-00392,PM-02,DEV-01,2024-01-16 11:00:14,25.26,0.0505,0.0,2,Success,Purchase,Siem Reap,KHR,False
TXN-20240116-0004489,WALL-0036441,MERCH-00063,PM-01,DEV-01,2024-01-16 21:29:38,22.06,0.0,0.4413,2,Success,Purchase,Hyderabad,INR,False
TXN-20240116-0004490,WALL-0000423,MERCH-00244,PM-02,DEV-03,2024-01-16 13:28:48,8.16,0.0163,0.0,0,Success,Subscription,Mandalay,MMK,False
TXN-20240116-0004491,WALL-0141913,MERCH-00205,PM-04,DEV-01,2024-01-16 19:10:12,51.8,1.036,0.0,5,Success,Purchase,Siem Reap,KHR,False
TXN-20240116-0004492,WALL-0135229,MERCH-00206,PM-02,DEV-01,2024-01-16 21:35:29,9.62,0.0192,0.0,0,Success,Purchase,Naypyidaw,MMK,False
TXN-20240116-0004493,WALL-0038533,MERCH-00013,PM-04,DEV-01,2024-01-16 21:38:16,8.77,0.1753,0.1753,0,Success,Purchase,Mumbai,INR,False
TXN-20240116-0004494,WALL-0135523,MERCH-00155,PM-03,DEV-01,2024-01-16 02:03:11,986.92,7.8954,49.346,98,Success,Purchase,Taunggyi,MMK,False
TXN-20240116-0004495,WALL-0003055,MERCH-00220,PM-02,DEV-03,2024-01-16 10:02:31,7.42,0.0148,0.0,0,Success,Purchase,Ahmedabad,INR,False
TXN-20240116-0004496,WALL-0043138,MERCH-00142,PM-01,DEV-02,2024-01-16 20:27:10,128.59,0.0,6.4294,12,Success,Purchase,Manila,PHP,False
TXN-20240116-0004497,WALL-0146887,MERCH-00474,PM-01,DEV-01,2024-01-16 17:08:26,383.2,0.0,0.0,38,Success,Payment,Yangon,MMK,False
TXN-20240116-0004498,WALL-0076949,MERCH-00306,PM-02,DEV-01,2024-01-16 20:53:10,2100.0,4.2,168.0,420,Success,Purchase,Mandalay,INR,False
TXN-20240116-0004499,WALL-0065580,MERCH-00190,PM-01,DEV-01,2024-01-16 17:50:35,98.36,0.0,4.9182,9,Success,Purchase,Myitkyina,MMK,False
TXN-20240116-0004500,WALL-0026127,MERCH-00444,PM-02,DEV-01,2024-01-16 21:02:03,109.33,0.2187,0.0,10,Success,Tax Payment,Islamabad,PKR,False
TXN-20240116-0004501,WALL-0030604,MERCH-00245,PM-04,DEV-04,2024-01-16 17:52:28,13.87,0.2773,0.0,1,Success,Subscription,Chittagong,BDT,False
TXN-20240116-0004502,WALL-0086361,MERCH-00029,PM-04,DEV-01,2024-01-16 13:14:59,8.75,0.1751,0.1751,0,Success,Purchase,Pattaya,THB,False
TXN-20240116-0004503,WALL-0099531,MERCH-00163,PM-03,DEV-01,2024-01-16 19:28:46,259.46,2.0756,12.9728,25,Success,Purchase,Taunggyi,MMK,False
TXN-20240116-0004504,WALL-0111606,MERCH-00133,PM-01,DEV-02,2024-01-16 20:51:09,186.9,0.0,9.345,18,Success,Purchase,Phnom Penh,KHR,False
TXN-20240116-0004505,WALL-0148962,MERCH-00206,PM-03,DEV-05,2024-01-16 14:44:35,9.93,0.0795,0.0,0,Success,Purchase,Singapore,SGD,False
TXN-20240116-0004506,WALL-0079290,MERCH-00163,PM-03,DEV-05,2024-01-16 15:34:39,526.58,4.2127,26.3292,52,Success,Purchase,Johor Bahru,MYR,False
TXN-20240116-0004507,WALL-0039699,MERCH-00093,PM-02,DEV-03,2024-01-16 17:55:40,29.87,0.0597,0.0,2,Success,Purchase,Chittagong,BDT,False
TXN-20240116-0004508,WALL-0074980,MERCH-00079,PM-01,DEV-02,2024-01-16 15:14:09,10.15,0.0,0.2031,1,Success,Purchase,Islamabad,PKR,False
TXN-20240116-0004509,WALL-0105652,MERCH-00064,PM-01,DEV-03,2024-01-16 15:15:59,14.84,0.0,0.2968,1,Success,Purchase,Pathein,INR,False
TXN-20240116-0004510,WALL-0086852,MERCH-00112,PM-04,DEV-01,2024-01-16 18:04:57,37.91,0.7581,0.0,3,Success,Purchase,Medan,IDR,False
TXN-20240116-0004511,WALL-0110635,MERCH-00084,PM-03,DEV-02,2024-01-16 18:03:49,31.52,0.2522,0.0,3,Success,Purchase,Chennai,INR,False
TXN-20240116-0004512,WALL-0061088,MERCH-00022,PM-04,DEV-01,2024-01-16 19:39:52,16.67,0.3334,0.3334,1,Success,Purchase,Bangkok,THB,False
TXN-20240116-0004513,WALL-0060841,MERCH-00183,PM-01,DEV-01,2024-01-16 10:26:47,277.67,0.0,0.0,0,Pending,Purchase,Jaipur,INR,False
TXN-20240116-0004514,WALL-0004439,MERCH-00374,PM-03,DEV-02,2024-01-16 17:52:29,37.61,0.3009,0.0,3,Success,Purchase,Bangkok,THB,False
TXN-20240116-0004515,WALL-0028725,MERCH-00097,PM-01,DEV-01,2024-01-16 14:13:08,38.03,0.0,0.0,3,Success,Purchase,Bandung,MMK,False
TXN-20240116-0004516,WALL-0024679,MERCH-00387,PM-02,DEV-01,2024-01-16 16:46:49,23.87,0.0477,0.0,2,Success,Purchase,Myitkyina,MMK,False
TXN-20240116-0004517,WALL-0148906,MERCH-00431,PM-02,DEV-01,2024-01-16 14:36:21,60.53,0.1211,0.0,6,Success,Tax Payment,Myitkyina,MMK,False
TXN-20240116-0004518,WALL-0145576,MERCH-00220,PM-01,DEV-01,2024-01-16 20:59:14,9.16,0.0,0.0,0,Success,Purchase,Bali,MMK,False
TXN-20240116-0004519,WALL-0090742,MERCH-00289,PM-02,DEV-01,2024-01-16 04:15:05,430.74,0.8615,34.4588,86,Success,Purchase,Jakarta,IDR,False
TXN-20240116-0004520,WALL-0132094,MERCH-00286,PM-01,DEV-01,2024-01-16 18:51:44,327.21,0.0,26.1771,65,Success,Purchase,Bago,MMK,False
TXN-20240116-0004521,WALL-0103849,MERCH-00437,PM-01,DEV-01,2024-01-16 18:09:32,202.88,0.0,0.0,20,Success,Tax Payment,Mawlamyine,MMK,False
TXN-20240116-0004522,WALL-0034296,MERCH-00432,PM-03,DEV-01,2024-01-16 11:34:50,1142.53,9.1402,0.0,114,Success,Tax Payment,Chittagong,BDT,False
TXN-20240116-0004523,WALL-0110616,MERCH-00267,PM-01,DEV-01,2024-01-16 19:42:47,10.03,0.0,0.0,1,Success,Subscription,Pattaya,THB,False
TXN-20240116-0004524,WALL-0046329,MERCH-00380,PM-01,DEV-01,2024-01-16 03:16:16,50.12,0.0,0.0,5,Success,Purchase,Kandy,LKR,False
TXN-20240116-0004525,WALL-0030298,MERCH-00020,PM-01,DEV-01,2024-01-16 18:33:46,12.74,0.0,0.2548,1,Success,Purchase,Islamabad,PKR,False
TXN-20240116-0004526,WALL-0140094,MERCH-00034,PM-01,DEV-03,2024-01-16 15:39:46,14.12,0.0,0.2824,1,Success,Purchase,Pune,MMK,False
TXN-20240116-0004527,WALL-0117064,MERCH-00077,PM-02,DEV-01,2024-01-16 19:48:15,19.31,0.0386,0.3862,1,Success,Purchase,Naypyidaw,MMK,False
TXN-20240116-0004528,WALL-0037565,MERCH-00427,PM-02,DEV-02,2024-01-16 07:25:37,44.91,0.0898,0.0,4,Success,Payment,Pokhara,NPR,False
TXN-20240116-0004529,WALL-0017229,MERCH-00172,PM-02,DEV-03,2024-01-16 01:12:31,89.76,0.1795,4.4879,8,Success,Purchase,Pathein,MMK,False
TXN-20240116-0004530,WALL-0077869,MERCH-00428,PM-02,DEV-01,2024-01-16 17:07:43,35.95,0.0719,0.0,3,Success,Payment,Bandung,IDR,False
TXN-20240116-0004531,WALL-0075653,MERCH-00094,PM-01,DEV-01,2024-01-16 21:45:54,83.9,0.0,0.0,8,Success,Purchase,Pune,INR,False
TXN-20240116-0004532,WALL-0032865,MERCH-00174,PM-04,DEV-03,2024-01-16 14:49:51,38.49,0.7698,1.9244,3,Success,Purchase,Pathein,MMK,False
TXN-20240116-0004533,WALL-0116071,MERCH-00093,PM-01,DEV-03,2024-01-16 01:38:23,37.81,0.0,0.0,3,Success,Purchase,Myitkyina,MMK,False
TXN-20240116-0004534,WALL-0008898,MERCH-00230,PM-02,DEV-01,2024-01-16 22:21:35,5.0,0.01,0.0,0,Success,Purchase,Phnom Penh,KHR,False
TXN-20240116-0004535,WALL-0048996,MERCH-00068,PM-01,DEV-02,2024-01-16 14:44:28,8.23,0.0,0.1647,0,Success,Purchase,Pune,INR,False
TXN-20240116-0004536,WALL-0006254,MERCH-00228,PM-03,DEV-01,2024-01-16 18:28:21,32.85,0.2628,0.0,3,Success,Purchase,Penang,MYR,False
TXN-20240116-0004537,WALL-0061401,MERCH-00100,PM-02,DEV-02,2024-01-16 20:52:13,50.06,0.1001,0.0,5,Success,Purchase,Khon Kaen,MMK,False
TXN-20240116-0004538,WALL-0149668,MERCH-00138,PM-02,DEV-01,2024-01-16 14:39:17,48.07,0.0961,2.4033,4,Success,Purchase,Chittagong,BDT,False
TXN-20240116-0004539,WALL-0093431,MERCH-00033,PM-02,DEV-01,2024-01-16 15:04:42,5.0,0.01,0.1,0,Success,Purchase,Surabaya,IDR,False
TXN-20240116-0004540,WALL-0003989,MERCH-00207,PM-02,DEV-05,2024-01-16 15:57:55,6.35,0.0127,0.0,0,Success,Purchase,Siem Reap,KHR,False
TXN-20240116-0004541,WALL-0121116,MERCH-00374,PM-02,DEV-03,2024-01-16 14:18:21,57.4,0.1148,0.0,0,Failed,Purchase,Chittagong,BDT,False
TXN-20240116-0004542,WALL-0066394,MERCH-00365,PM-04,DEV-01,2024-01-16 15:59:26,74.67,1.4935,0.0,7,Success,Bill Payment,Naypyidaw,MMK,False
TXN-20240116-0004543,WALL-0049851,MERCH-00320,PM-02,DEV-04,2024-01-16 00:22:06,75.68,0.1514,0.0,7,Success,Bill Payment,Naypyidaw,MMK,False
TXN-20240116-0004544,WALL-0101189,MERCH-00083,PM-03,DEV-01,2024-01-16 09:50:41,36.14,0.2891,0.0,3,Success,Purchase,Mawlamyine,MMK,False
TXN-20240116-0004545,WALL-0026389,MERCH-00023,PM-04,DEV-02,2024-01-16 15:51:46,48.64,0.9729,0.9729,4,Success,Purchase,Mandalay,MMK,False
TXN-20240116-0004546,WALL-0049191,MERCH-00012,PM-03,DEV-02,2024-01-16 16:35:26,49.28,0.3943,0.9857,4,Success,Purchase,Naypyidaw,MMK,False
TXN-20240116-0004547,WALL-0048462,MERCH-00431,PM-01,DEV-01,2024-01-16 08:02:53,143.1,0.0,0.0,14,Success,Tax Payment,Taunggyi,MMK,False
TXN-20240116-0004548,WALL-0084306,MERCH-00166,PM-01,DEV-01,2024-01-16 10:29:52,141.8,0.0,7.09,14,Success,Purchase,Yangon,MMK,False
TXN-20240116-0004549,WALL-0030933,MERCH-00206,PM-05,DEV-01,2024-01-16 00:03:51,21.71,0.0,0.0,2,Success,Purchase,Medan,IDR,False
TXN-20240116-0004550,WALL-0020156,MERCH-00197,PM-01,DEV-02,2024-01-16 13:55:25,17.42,0.0,0.0,1,Success,Purchase,Jakarta,IDR,False
TXN-20240116-0004551,WALL-0017930,MERCH-00046,PM-01,DEV-02,2024-01-16 19:24:54,36.7,0.0,0.734,3,Success,Purchase,Naypyidaw,MMK,False
TXN-20240116-0004552,WALL-0004089,MERCH-00446,PM-05,DEV-01,2024-01-16 14:11:03,152.96,0.0,0.0,15,Success,Tax Payment,Kuala Lumpur,MYR,False
TXN-20240116-0004553,WALL-0004937,MERCH-00340,PM-01,DEV-03,2024-01-16 10:33:41,98.38,0.0,0.0,9,Success,Bill Payment,Colombo,LKR,False
TXN-20240116-0004554,WALL-0048662,MERCH-00159,PM-05,DEV-02,2024-01-16 04:11:14,103.61,0.0,5.1805,10,Success,Purchase,Jaipur,MMK,False
TXN-20240116-0004555,WALL-0061349,MERCH-00068,PM-01,DEV-02,2024-01-16 17:08:53,31.69,0.0,0.6338,3,Success,Purchase,Penang,MYR,False
TXN-20240116-0004556,WALL-0027677,MERCH-00450,PM-01,DEV-01,2024-01-16 11:29:18,115.33,0.0,0.0,11,Success,Tax Payment,Naypyidaw,MMK,False
TXN-20240116-0004557,WALL-0078512,MERCH-00091,PM-03,DEV-01,2024-01-16 21:29:12,163.12,1.3049,0.0,16,Success,Purchase,Davao,BDT,False
TXN-20240116-0004558,WALL-0048937,MERCH-00225,PM-04,DEV-03,2024-01-16 12:04:31,9.45,0.189,0.0,0,Success,Purchase,Singapore,SGD,False
TXN-20240116-0004559,WALL-0026443,MERCH-00223,PM-02,DEV-01,2024-01-16 14:22:22,23.22,0.0464,0.0,2,Success,Purchase,Naypyidaw,MMK,False
TXN-20240116-0004560,WALL-0038535,MERCH-00037,PM-01,DEV-05,2024-01-16 19:06:28,20.6,0.0,0.4119,2,Success,Purchase,Mawlamyine,MMK,False
TXN-20240116-0004561,WALL-0056073,MERCH-00345,PM-02,DEV-01,2024-01-16 21:11:02,70.0,0.14,0.0,7,Success,Bill Payment,Naypyidaw,MMK,False
TXN-20240116-0004562,WALL-0131316,MERCH-00125,PM-01,DEV-05,2024-01-16 06:24:40,93.28,0.0,0.0,9,Success,Purchase,Naypyidaw,MMK,False
TXN-20240116-0004563,WALL-0124958,MERCH-00063,PM-01,DEV-01,2024-01-16 19:20:24,5.09,0.0,0.1018,0,Success,Purchase,Colombo,LKR,False
TXN-20240116-0004564,WALL-0103653,MERCH-00094,PM-04,DEV-02,2024-01-16 12:36:43,38.45,0.7691,0.0,3,Success,Purchase,Mawlamyine,MMK,False
TXN-20240116-0004565,WALL-0083509,MERCH-00361,PM-01,DEV-01,2024-01-16 12:30:09,54.65,0.0,0.0,5,Success,Bill Payment,Kandy,LKR,False
TXN-20240116-0004566,WALL-0025237,MERCH-00466,PM-04,DEV-02,2024-01-16 13:45:38,277.94,5.5587,0.0,27,Success,Payment,Mandalay,MMK,False
TXN-20240116-0004567,WALL-0124602,MERCH-00308,PM-03,DEV-03,2024-01-16 16:55:45,100.0,0.8,8.0,20,Success,Purchase,Naypyidaw,MMK,False
TXN-20240116-0004568,WALL-0094363,MERCH-00099,PM-01,DEV-01,2024-01-16 17:02:05,161.9,0.0,0.0,16,Success,Purchase,Myitkyina,MMK,False
TXN-20240116-0004569,WALL-0118030,MERCH-00251,PM-03,DEV-02,2024-01-16 09:54:30,5.5,0.044,0.0,0,Success,Subscription,Mandalay,MMK,False
TXN-20240116-0004570,WALL-0143963,MERCH-00077,PM-04,DEV-01,2024-01-16 06:44:40,32.66,0.6532,0.6532,3,Success,Purchase,Naypyidaw,MMK,False
TXN-20240116-0004571,WALL-0116008,MERCH-00386,PM-03,DEV-05,2024-01-16 22:45:48,103.06,0.8245,0.0,10,Success,Purchase,Ahmedabad,INR,False
TXN-20240116-0004572,WALL-0055452,MERCH-00352,PM-04,DEV-01,2024-01-16 06:22:02,27.25,0.5449,0.0,2,Success,Bill Payment,Phuket,MMK,False
TXN-20240116-0004573,WALL-0071311,MERCH-00095,PM-05,DEV-01,2024-01-16 21:07:20,129.46,0.0,0.0,12,Success,Purchase,Mandalay,MMK,False
TXN-20240116-0004574,WALL-0029591,MERCH-00165,PM-02,DEV-03,2024-01-16 12:34:14,196.37,0.3927,9.8187,19,Success,Purchase,Bangkok,THB,False
TXN-20240116-0004575,WALL-0081726,MERCH-00186,PM-04,DEV-01,2024-01-16 18:37:28,77.37,1.5475,3.8686,7,Success,Purchase,Yangon,MMK,False
TXN-20240116-0004576,WALL-0062287,MERCH-00080,PM-05,DEV-02,2024-01-16 13:21:00,6.86,0.0,0.1372,0,Success,Purchase,Ho Chi Minh City,VND,False
TXN-20240116-0004577,WALL-0028990,MERCH-00023,PM-04,DEV-01,2024-01-16 18:10:38,17.38,0.3477,0.3477,1,Success,Purchase,Naypyidaw,MMK,False
TXN-20240116-0004578,WALL-0052571,MERCH-00283,PM-01,DEV-05,2024-01-16 12:16:30,195.57,0.0,15.6456,39,Success,Purchase,Manila,PHP,False
TXN-20240116-0004579,WALL-0049756,MERCH-00429,PM-01,DEV-01,2024-01-16 07:05:58,60.29,0.0,0.0,6,Success,Payment,Khon Kaen,THB,False
TXN-20240116-0004580,WALL-0125622,MERCH-00026,PM-01,DEV-03,2024-01-16 08:24:09,9.05,0.0,0.181,0,Success,Purchase,Chittagong,BDT,False
TXN-20240116-0004581,WALL-0098703,MERCH-00038,PM-02,DEV-05,2024-01-16 11:46:53,43.04,0.0861,0.8608,4,Success,Purchase,Bandung,IDR,False
TXN-20240116-0004582,WALL-0014300,MERCH-00452,PM-04,DEV-01,2024-01-16 17:42:41,122.0,2.44,0.0,12,Success,Payment,Taunggyi,MMK,False
TXN-20240116-0004583,WALL-0123746,MERCH-00074,PM-01,DEV-01,2024-01-16 19:10:12,42.0,0.0,0.84,4,Success,Purchase,Cebu City,MMK,False
TXN-20240116-0004584,WALL-0125274,MERCH-00271,PM-01,DEV-02,2024-01-16 10:17:49,259.28,0.0,20.7422,51,Success,Purchase,Cebu City,PHP,False
TXN-20240116-0004585,WALL-0007555,MERCH-00047,PM-02,DEV-01,2024-01-16 17:53:44,12.86,0.0257,0.2573,1,Success,Purchase,Karachi,PKR,False
TXN-20240116-0004586,WALL-0068088,MERCH-00063,PM-01,DEV-01,2024-01-16 17:49:24,38.09,0.0,0.7618,3,Success,Purchase,Myitkyina,MMK,False
TXN-20240116-0004587,WALL-0001152,MERCH-00155,PM-02,DEV-02,2024-01-16 12:49:22,281.14,0.5623,14.0569,28,Success,Purchase,Mumbai,PKR,False
TXN-20240116-0004588,WALL-0125980,MERCH-00384,PM-01,DEV-01,2024-01-16 06:04:23,73.52,0.0,0.0,7,Success,Purchase,Yangon,MMK,False
TXN-20240116-0004589,WALL-0084866,MERCH-00168,PM-01,DEV-02,2024-01-16 15:49:19,22.68,0.0,1.134,2,Success,Purchase,Bali,PKR,False
TXN-20240116-0004590,WALL-0022059,MERCH-00002,PM-03,DEV-01,2024-01-16 19:30:18,22.23,0.1779,0.4447,2,Success,Purchase,Medan,IDR,False
TXN-20240116-0004591,WALL-0007031,MERCH-00175,PM-02,DEV-05,2024-01-16 13:02:19,40.93,0.0819,2.0467,4,Success,Purchase,Johor Bahru,MYR,False
TXN-20240116-0004592,WALL-0025844,MERCH-00049,PM-03,DEV-01,2024-01-16 14:38:50,24.58,0.1967,0.4916,2,Success,Purchase,Myitkyina,MMK,False
TXN-20240116-0004593,WALL-0125249,MERCH-00115,PM-02,DEV-01,2024-01-16 07:43:30,43.43,0.0869,0.0,4,Success,Purchase,Hanoi,VND,False
TXN-20240116-0004594,WALL-0105486,MERCH-00444,PM-03,DEV-01,2024-01-16 13:51:46,351.59,2.8128,0.0,35,Success,Tax Payment,Khon Kaen,THB,False
TXN-20240116-0004595,WALL-0130404,MERCH-00132,PM-02,DEV-02,2024-01-16 09:49:15,100.24,0.2005,5.0119,10,Success,Purchase,Myitkyina,MMK,False
TXN-20240116-0004596,WALL-0053161,MERCH-00444,PM-03,DEV-01,2024-01-16 18:53:16,419.0,3.352,0.0,41,Success,Tax Payment,Siem Reap,KHR,False
TXN-20240116-0004597,WALL-0101533,MERCH-00185,PM-01,DEV-05,2024-01-16 20:59:37,56.26,0.0,2.8129,5,Success,Purchase,Yangon,MMK,False
TXN-20240116-0004598,WALL-0019079,MERCH-00329,PM-03,DEV-01,2024-01-16 18:57:09,79.92,0.6394,0.0,7,Success,Bill Payment,Naypyidaw,MMK,False
TXN-20240116-0004599,WALL-0016792,MERCH-00054,PM-04,DEV-02,2024-01-16 04:19:53,20.66,0.4131,0.4131,2,Success,Purchase,Pathein,MMK,False
TXN-20240116-0004600,WALL-0102436,MERCH-00135,PM-02,DEV-01,2024-01-16 20:20:25,194.22,0.3884,9.7112,19,Success,Purchase,Naypyidaw,MMK,False
TXN-20240116-0004601,WALL-0022412,MERCH-00219,PM-03,DEV-01,2024-01-16 09:00:21,9.96,0.0797,0.0,0,Success,Purchase,Jaipur,INR,False
TXN-20240116-0004602,WALL-0129397,MERCH-00312,PM-04,DEV-01,2024-01-16 15:56:45,35.57,0.7114,0.0,3,Success,Bill Payment,Taunggyi,MMK,False
TXN-20240116-0004603,WALL-0023927,MERCH-00326,PM-01,DEV-03,2024-01-16 15:53:05,54.33,0.0,0.0,5,Success,Bill Payment,Taunggyi,MMK,False
TXN-20240116-0004604,WALL-0073540,MERCH-00086,PM-01,DEV-01,2024-01-16 14:13:54,98.01,0.0,0.0,9,Success,Purchase,Mandalay,MMK,False
TXN-20240116-0004605,WALL-0057725,MERCH-00421,PM-03,DEV-02,2024-01-16 11:44:32,70.48,0.5639,0.0,7,Success,Payment,Khon Kaen,THB,False
TXN-20240116-0004606,WALL-0089862,MERCH-00125,PM-01,DEV-01,2024-01-16 13:06:35,58.99,0.0,0.0,5,Success,Purchase,Hanoi,VND,False
TXN-20240116-0004607,WALL-0065494,MERCH-00310,PM-01,DEV-01,2024-01-16 13:09:11,852.36,0.0,68.1886,170,Success,Purchase,Johor Bahru,MYR,False
TXN-20240116-0004608,WALL-0045659,MERCH-00083,PM-01,DEV-02,2024-01-16 15:14:45,21.07,0.0,0.0,0,Reversed,Purchase,Kolkata,INR,False
TXN-20240116-0004609,WALL-0076190,MERCH-00093,PM-02,DEV-01,2024-01-16 11:41:33,32.72,0.0654,0.0,3,Success,Purchase,Naypyidaw,MMK,False
TXN-20240116-0004610,WALL-0114815,MERCH-00292,PM-01,DEV-01,2024-01-16 12:02:01,165.18,0.0,13.2142,33,Success,Purchase,Bangkok,THB,False
TXN-20240116-0004611,WALL-0033842,MERCH-00136,PM-01,DEV-02,2024-01-16 19:28:18,109.89,0.0,5.4945,10,Success,Purchase,Naypyidaw,MMK,False
TXN-20240116-0004612,WALL-0045612,MERCH-00067,PM-01,DEV-01,2024-01-16 19:46:10,7.66,0.0,0.1531,0,Success,Purchase,Mawlamyine,MMK,False
TXN-20240116-0004613,WALL-0046096,MERCH-00014,PM-01,DEV-05,2024-01-16 14:12:08,11.59,0.0,0.2317,1,Success,Purchase,Cebu City,PHP,False
TXN-20240116-0004614,WALL-0124465,MERCH-00316,PM-02,DEV-01,2024-01-16 15:47:55,22.74,0.0455,0.0,2,Success,Bill Payment,Pathein,MMK,False
TXN-20240116-0004615,WALL-0016870,MERCH-00019,PM-04,DEV-01,2024-01-16 20:34:28,7.0,0.14,0.14,0,Success,Purchase,Chittagong,BDT,False
TXN-20240116-0004616,WALL-0134092,MERCH-00500,PM-05,DEV-01,2024-01-16 07:35:22,390.79,0.0,0.0,39,Success,Payment,Myitkyina,MMK,False
TXN-20240116-0004617,WALL-0049665,MERCH-00380,PM-04,DEV-01,2024-01-16 08:31:31,33.43,0.6687,0.0,3,Success,Purchase,Ho Chi Minh City,VND,False
TXN-20240116-0004618,WALL-0088332,MERCH-00028,PM-01,DEV-04,2024-01-16 13:58:14,8.1,0.0,0.162,0,Success,Purchase,Bangkok,NPR,False
TXN-20240116-0004619,WALL-0129405,MERCH-00036,PM-01,DEV-01,2024-01-16 13:00:11,25.25,0.0,0.505,2,Success,Purchase,Mawlamyine,MMK,False
TXN-20240116-0004620,WALL-0104216,MERCH-00209,PM-01,DEV-03,2024-01-16 12:27:17,6.6,0.0,0.0,0,Success,Purchase,Bago,MMK,False
TXN-20240116-0004621,WALL-0101029,MERCH-00282,PM-01,DEV-01,2024-01-16 18:58:00,537.3,0.0,42.9837,107,Success,Purchase,Bago,MMK,False
TXN-20240116-0004622,WALL-0129001,MERCH-00246,PM-03,DEV-03,2024-01-16 16:47:29,12.15,0.0972,0.0,1,Success,Subscription,Yangon,MMK,False
TXN-20240116-0004623,WALL-0010156,MERCH-00069,PM-02,DEV-01,2024-01-16 18:39:34,21.05,0.0421,0.421,2,Success,Purchase,Medan,MYR,False
TXN-20240116-0004624,WALL-0046889,MERCH-00209,PM-01,DEV-01,2024-01-16 16:39:35,12.83,0.0,0.0,1,Success,Purchase,Kuala Lumpur,MYR,False
TXN-20240116-0004625,WALL-0118721,MERCH-00349,PM-02,DEV-04,2024-01-16 13:54:44,22.17,0.0443,0.0,2,Success,Bill Payment,Bali,IDR,False
TXN-20240116-0004626,WALL-0018633,MERCH-00397,PM-04,DEV-01,2024-01-16 19:20:40,64.59,1.2918,0.0,6,Success,Purchase,Pokhara,NPR,False
TXN-20240116-0004627,WALL-0083041,MERCH-00060,PM-01,DEV-01,2024-01-16 12:30:14,28.45,0.0,0.569,2,Success,Purchase,Mandalay,MMK,False
TXN-20240116-0004628,WALL-0149753,MERCH-00172,PM-01,DEV-05,2024-01-16 15:41:19,86.0,0.0,4.3002,8,Success,Purchase,Pattaya,THB,False
TXN-20240116-0004629,WALL-0146489,MERCH-00497,PM-04,DEV-01,2024-01-16 20:25:08,189.09,3.7818,0.0,18,Success,Payment,Hanoi,VND,False
TXN-20240116-0004630,WALL-0035925,MERCH-00071,PM-03,DEV-01,2024-01-16 13:43:34,17.32,0.1386,0.3464,1,Success,Purchase,Quezon City,PHP,False
TXN-20240116-0004631,WALL-0065484,MERCH-00286,PM-05,DEV-03,2024-01-16 07:25:00,2661.88,0.0,212.9502,532,Success,Purchase,Siem Reap,KHR,False
TXN-20240116-0004632,WALL-0004564,MERCH-00009,PM-03,DEV-03,2024-01-16 02:13:39,50.89,0.4071,1.0178,5,Success,Purchase,Ahmedabad,INR,False
TXN-20240116-0004633,WALL-0017238,MERCH-00377,PM-05,DEV-02,2024-01-16 16:26:52,53.56,0.0,0.0,5,Success,Purchase,Myitkyina,MMK,False
TXN-20240116-0004634,WALL-0081907,MERCH-00013,PM-01,DEV-02,2024-01-16 08:54:32,11.88,0.0,0.2376,1,Success,Purchase,Yangon,MMK,False
TXN-20240116-0004635,WALL-0076834,MERCH-00027,PM-02,DEV-01,2024-01-16 18:38:44,8.11,0.0162,0.1623,0,Success,Purchase,Bago,MMK,False
TXN-20240116-0004636,WALL-0029090,MERCH-00166,PM-01,DEV-01,2024-01-16 06:16:31,23.4,0.0,1.17,2,Success,Purchase,Mandalay,MMK,False
TXN-20240116-0004637,WALL-0000008,MERCH-00401,PM-04,DEV-01,2024-01-16 21:50:22,140.98,2.8196,0.0,14,Success,Payment,Bago,MMK,False
TXN-20240116-0004638,WALL-0110721,MERCH-00255,PM-03,DEV-02,2024-01-16 20:27:05,7.07,0.0566,0.0,0,Success,Subscription,Mumbai,INR,False
TXN-20240116-0004639,WALL-0111768,MERCH-00060,PM-04,DEV-01,2024-01-16 20:31:22,17.12,0.3424,0.3424,1,Success,Purchase,Mumbai,INR,False
TXN-20240116-0004640,WALL-0049053,MERCH-00035,PM-02,DEV-02,2024-01-16 19:00:24,27.56,0.0551,0.5511,2,Success,Purchase,Taunggyi,MMK,False
TXN-20240116-0004641,WALL-0028929,MERCH-00038,PM-01,DEV-02,2024-01-16 12:22:57,14.61,0.0,0.2922,1,Success,Purchase,Phuket,THB,False
TXN-20240116-0004642,WALL-0094466,MERCH-00082,PM-01,DEV-01,2024-01-16 21:52:11,59.9,0.0,0.0,5,Success,Purchase,Ho Chi Minh City,VND,False
TXN-20240116-0004643,WALL-0046279,MERCH-00042,PM-02,DEV-01,2024-01-16 14:22:11,6.49,0.013,0.1298,0,Success,Purchase,Islamabad,PKR,False
TXN-20240116-0004644,WALL-0139243,MERCH-00079,PM-02,DEV-04,2024-01-16 16:44:13,6.82,0.0136,0.0,0,Failed,Purchase,Pattaya,THB,False
TXN-20240116-0004645,WALL-0080048,MERCH-00132,PM-01,DEV-04,2024-01-16 03:15:43,121.21,0.0,6.0605,12,Success,Purchase,Mawlamyine,MMK,False
TXN-20240116-0004646,WALL-0123604,MERCH-00380,PM-05,DEV-02,2024-01-16 19:49:09,87.74,0.0,0.0,0,Reversed,Purchase,Bali,IDR,False
TXN-20240116-0004647,WALL-0045258,MERCH-00313,PM-04,DEV-03,2024-01-16 02:37:58,55.94,1.1187,0.0,5,Success,Bill Payment,Yangon,MMK,False
TXN-20240116-0004648,WALL-0080151,MERCH-00366,PM-01,DEV-02,2024-01-16 08:57:40,81.43,0.0,0.0,8,Success,Bill Payment,Delhi,INR,False
TXN-20240116-0004649,WALL-0104529,MERCH-00114,PM-01,DEV-01,2024-01-16 10:45:43,27.77,0.0,0.0,2,Success,Purchase,Khon Kaen,MMK,False
TXN-20240116-0004650,WALL-0100852,MERCH-00268,PM-02,DEV-01,2024-01-16 06:33:10,6.8,0.0136,0.0,0,Success,Subscription,Jakarta,KHR,False
TXN-20240116-0004651,WALL-0081103,MERCH-00263,PM-05,DEV-02,2024-01-16 10:58:51,24.45,0.0,0.0,2,Success,Subscription,Jaipur,INR,False
TXN-20240116-0004652,WALL-0060147,MERCH-00367,PM-01,DEV-01,2024-01-16 22:36:10,124.48,0.0,0.0,12,Success,Bill Payment,Singapore,SGD,False
TXN-20240116-0004653,WALL-0143391,MERCH-00380,PM-02,DEV-02,2024-01-16 13:51:51,55.71,0.1114,0.0,0,Reversed,Purchase,Jakarta,IDR,False
TXN-20240116-0004654,WALL-0093921,MERCH-00237,PM-04,DEV-02,2024-01-16 20:24:35,12.63,0.2526,0.0,1,Success,Subscription,Myitkyina,MMK,False
TXN-20240116-0004655,WALL-0007613,MERCH-00378,PM-02,DEV-01,2024-01-16 10:56:13,27.67,0.0553,0.0,2,Success,Purchase,Yangon,MMK,False
TXN-20240116-0004656,WALL-0110660,MERCH-00240,PM-01,DEV-01,2024-01-16 15:45:08,38.56,0.0,0.0,3,Success,Subscription,Taunggyi,MMK,False
TXN-20240116-0004657,WALL-0106263,MERCH-00448,PM-03,DEV-05,2024-01-16 11:04:35,50.0,0.4,0.0,5,Success,Tax Payment,Quezon City,PHP,False
TXN-20240116-0004658,WALL-0047641,MERCH-00370,PM-01,DEV-01,2024-01-16 21:33:25,34.6,0.0,0.0,3,Success,Bill Payment,Medan,IDR,False
TXN-20240116-0004659,WALL-0078590,MERCH-00376,PM-01,DEV-01,2024-01-16 12:39:14,33.07,0.0,0.0,3,Success,Purchase,Surabaya,IDR,False
TXN-20240116-0004660,WALL-0013005,MERCH-00466,PM-01,DEV-01,2024-01-16 12:28:03,177.76,0.0,0.0,17,Success,Payment,Dhaka,BDT,False
TXN-20240116-0004661,WALL-0134937,MERCH-00306,PM-04,DEV-01,2024-01-16 23:30:21,100.0,2.0,8.0,20,Success,Purchase,Yangon,MMK,False
TXN-20240116-0004662,WALL-0013657,MERCH-00079,PM-01,DEV-02,2024-01-16 13:10:55,37.77,0.0,0.7554,3,Success,Purchase,Da Nang,IDR,False
TXN-20240116-0004663,WALL-0090176,MERCH-00242,PM-01,DEV-01,2024-01-16 14:42:02,22.33,0.0,0.0,2,Success,Subscription,Phnom Penh,KHR,False
TXN-20240116-0004664,WALL-0085998,MERCH-00353,PM-01,DEV-03,2024-01-16 13:12:40,40.95,0.0,0.0,4,Success,Bill Payment,Mandalay,MMK,False
TXN-20240116-0004665,WALL-0031208,MERCH-00065,PM-05,DEV-01,2024-01-16 19:57:19,9.6,0.0,0.1921,0,Success,Purchase,Taunggyi,MMK,False
TXN-20240116-0004666,WALL-0033662,MERCH-00354,PM-01,DEV-01,2024-01-16 23:18:58,20.14,0.0,0.0,2,Success,Bill Payment,Myitkyina,MMK,False
TXN-20240116-0004667,WALL-0138969,MERCH-00220,PM-02,DEV-02,2024-01-16 21:52:11,8.36,0.0167,0.0,0,Success,Purchase,Pattaya,MMK,False
TXN-20240116-0004668,WALL-0143467,MERCH-00042,PM-02,DEV-04,2024-01-16 13:12:23,13.36,0.0267,0.2673,1,Success,Purchase,Mawlamyine,MMK,False
TXN-20240116-0004669,WALL-0083777,MERCH-00252,PM-03,DEV-01,2024-01-16 15:05:35,19.37,0.155,0.0,1,Success,Subscription,Ho Chi Minh City,VND,False
TXN-20240116-0004670,WALL-0048622,MERCH-00016,PM-01,DEV-01,2024-01-16 04:36:45,17.67,0.0,0.3534,1,Success,Purchase,Dhaka,BDT,False
TXN-20240116-0004671,WALL-0108667,MERCH-00470,PM-02,DEV-01,2024-01-16 19:47:37,113.79,0.2276,0.0,11,Success,Payment,Pathein,MMK,False
TXN-20240116-0004672,WALL-0006036,MERCH-00322,PM-05,DEV-03,2024-01-16 17:25:51,60.32,0.0,0.0,6,Success,Bill Payment,Naypyidaw,MMK,False
TXN-20240116-0004673,WALL-0085580,MERCH-00389,PM-02,DEV-02,2024-01-16 10:28:03,69.76,0.1395,0.0,6,Success,Purchase,Bago,MMK,False
TXN-20240116-0004674,WALL-0125111,MERCH-00025,PM-02,DEV-01,2024-01-16 14:28:40,16.36,0.0327,0.3273,1,Success,Purchase,Mawlamyine,MMK,False
TXN-20240116-0004675,WALL-0065417,MERCH-00402,PM-01,DEV-01,2024-01-16 12:58:37,55.41,0.0,0.0,5,Success,Payment,Penang,MYR,False
TXN-20240116-0004676,WALL-0018143,MERCH-00143,PM-04,DEV-01,2024-01-16 15:16:56,198.88,3.9775,9.9439,19,Success,Purchase,Manila,PHP,False
TXN-20240116-0004677,WALL-0037130,MERCH-00159,PM-02,DEV-01,2024-01-16 20:06:43,20.0,0.04,1.0,2,Success,Purchase,Yangon,MMK,False
TXN-20240116-0004678,WALL-0134776,MERCH-00061,PM-02,DEV-01,2024-01-16 19:09:55,33.0,0.066,0.66,3,Success,Purchase,Hyderabad,INR,False
TXN-20240116-0004679,WALL-0019794,MERCH-00228,PM-02,DEV-01,2024-01-16 13:51:50,46.02,0.092,0.0,4,Success,Purchase,Hanoi,VND,False
TXN-20240116-0004680,WALL-0132144,MERCH-00016,PM-04,DEV-03,2024-01-16 16:22:55,21.47,0.4293,0.4293,2,Success,Purchase,Penang,MYR,False
TXN-20240116-0004681,WALL-0098165,MERCH-00316,PM-04,DEV-02,2024-01-16 12:08:38,24.52,0.4904,0.0,2,Success,Bill Payment,Taunggyi,MMK,False
TXN-20240116-0004682,WALL-0123172,MERCH-00358,PM-04,DEV-04,2024-01-16 07:51:05,57.35,1.1471,0.0,5,Success,Bill Payment,Karachi,PKR,False
TXN-20240116-0004683,WALL-0141135,MERCH-00206,PM-03,DEV-02,2024-01-16 08:07:10,10.0,0.08,0.0,1,Success,Purchase,Mandalay,MMK,False
TXN-20240116-0004684,WALL-0073725,MERCH-00317,PM-02,DEV-02,2024-01-16 17:02:16,33.66,0.0673,0.0,3,Success,Bill Payment,Kandy,LKR,False
TXN-20240116-0004685,WALL-0001868,MERCH-00047,PM-02,DEV-02,2024-01-16 17:41:02,19.88,0.0398,0.3976,1,Success,Purchase,Yangon,MMK,False
TXN-20240116-0004686,WALL-0139792,MERCH-00264,PM-02,DEV-03,2024-01-16 19:45:59,17.05,0.0341,0.0,1,Success,Subscription,Mawlamyine,MMK,False
TXN-20240116-0004687,WALL-0121192,MERCH-00267,PM-02,DEV-01,2024-01-16 14:02:34,6.67,0.0133,0.0,0,Success,Subscription,Pune,INR,False
TXN-20240116-0004688,WALL-0045153,MERCH-00229,PM-04,DEV-03,2024-01-16 15:57:03,11.42,0.2285,0.0,0,Pending,Purchase,Siem Reap,SGD,False
TXN-20240116-0004689,WALL-0051152,MERCH-00180,PM-01,DEV-03,2024-01-16 12:41:03,69.73,0.0,3.4863,6,Success,Purchase,Bangalore,MMK,False
TXN-20240116-0004690,WALL-0013578,MERCH-00201,PM-03,DEV-01,2024-01-16 18:51:28,12.02,0.0961,0.0,1,Success,Purchase,Yangon,MMK,False
TXN-20240116-0004691,WALL-0060203,MERCH-00122,PM-04,DEV-02,2024-01-16 13:36:02,45.96,0.9192,0.0,4,Success,Purchase,Pattaya,LKR,False
TXN-20240116-0004692,WALL-0130582,MERCH-00409,PM-03,DEV-04,2024-01-16 16:44:13,20.0,0.16,0.0,2,Success,Payment,Karachi,PKR,False
TXN-20240116-0004693,WALL-0091568,MERCH-00459,PM-01,DEV-01,2024-01-16 15:19:09,334.94,0.0,0.0,33,Success,Payment,Bago,INR,False
TXN-20240116-0004694,WALL-0101371,MERCH-00360,PM-01,DEV-05,2024-01-16 05:35:02,41.82,0.0,0.0,4,Success,Bill Payment,Chiang Mai,THB,False
TXN-20240116-0004695,WALL-0136508,MERCH-00437,PM-04,DEV-04,2024-01-16 22:14:49,361.19,7.2239,0.0,36,Success,Tax Payment,Bali,MYR,False
TXN-20240116-0004696,WALL-0139751,MERCH-00368,PM-01,DEV-03,2024-01-16 06:33:00,72.65,0.0,0.0,7,Success,Bill Payment,Mumbai,INR,False
TXN-20240116-0004697,WALL-0059397,MERCH-00446,PM-01,DEV-01,2024-01-16 19:58:03,270.99,0.0,0.0,27,Success,Tax Payment,Pokhara,IDR,False
TXN-20240116-0004698,WALL-0139445,MERCH-00327,PM-02,DEV-01,2024-01-16 19:20:03,42.69,0.0854,0.0,4,Success,Bill Payment,Kuala Lumpur,PHP,False
TXN-20240116-0004699,WALL-0000979,MERCH-00400,PM-01,DEV-01,2024-01-16 16:14:28,41.08,0.0,0.0,4,Success,Purchase,Pathein,MMK,False
TXN-20240116-0004700,WALL-0115530,MERCH-00154,PM-01,DEV-01,2024-01-16 12:27:13,148.2,0.0,7.4102,14,Success,Purchase,Pathein,MMK,False
TXN-20240116-0004701,WALL-0108659,MERCH-00340,PM-02,DEV-01,2024-01-16 18:30:43,34.58,0.0692,0.0,3,Success,Bill Payment,Pathein,MMK,False
TXN-20240116-0004702,WALL-0116976,MERCH-00197,PM-02,DEV-01,2024-01-16 18:07:19,14.85,0.0297,0.0,1,Success,Purchase,Chiang Mai,THB,False
TXN-20240116-0004703,WALL-0149736,MERCH-00313,PM-04,DEV-01,2024-01-16 13:49:03,65.62,1.3124,0.0,6,Success,Bill Payment,Mawlamyine,MMK,False
TXN-20240116-0004704,WALL-0013676,MERCH-00064,PM-03,DEV-01,2024-01-16 11:48:50,48.32,0.3866,0.9664,4,Success,Purchase,Hyderabad,THB,False
TXN-20240116-0004705,WALL-0124844,MERCH-00230,PM-01,DEV-01,2024-01-16 10:51:46,18.37,0.0,0.0,1,Success,Purchase,Dhaka,BDT,False
TXN-20240116-0004706,WALL-0116486,MERCH-00124,PM-02,DEV-02,2024-01-16 21:36:46,87.47,0.1749,0.0,8,Success,Purchase,Dhaka,BDT,False
TXN-20240116-0004707,WALL-0105529,MERCH-00448,PM-02,DEV-03,2024-01-16 09:30:05,168.9,0.3378,0.0,16,Success,Tax Payment,Mumbai,INR,False
TXN-20240116-0004708,WALL-0123479,MERCH-00172,PM-01,DEV-01,2024-01-16 06:44:39,33.32,0.0,0.0,0,Reversed,Purchase,Bago,MMK,False
TXN-20240116-0004709,WALL-0055504,MERCH-00209,PM-01,DEV-01,2024-01-16 14:53:05,7.28,0.0,0.0,0,Success,Purchase,Siem Reap,KHR,False
TXN-20240116-0004710,WALL-0040641,MERCH-00313,PM-04,DEV-01,2024-01-16 18:53:08,30.4,0.608,0.0,3,Success,Bill Payment,Naypyidaw,MMK,False
TXN-20240116-0004711,WALL-0020219,MERCH-00347,PM-02,DEV-01,2024-01-16 12:15:33,76.63,0.1533,0.0,7,Success,Bill Payment,Medan,MMK,False
TXN-20240116-0004712,WALL-0149852,MERCH-00402,PM-02,DEV-04,2024-01-16 21:45:27,20.91,0.0418,0.0,2,Success,Payment,Mandalay,MMK,False
TXN-20240116-0004713,WALL-0035677,MERCH-00257,PM-04,DEV-01,2024-01-16 11:29:40,6.13,0.1226,0.0,0,Success,Subscription,Singapore,SGD,False
TXN-20240116-0004714,WALL-0004220,MERCH-00394,PM-03,DEV-05,2024-01-16 21:27:08,21.93,0.1755,0.0,2,Success,Purchase,Mandalay,MMK,False
TXN-20240116-0004715,WALL-0019048,MERCH-00400,PM-01,DEV-01,2024-01-16 07:53:20,39.99,0.0,0.0,3,Success,Purchase,Chennai,MMK,False
TXN-20240116-0004716,WALL-0014506,MERCH-00190,PM-02,DEV-01,2024-01-16 08:01:34,109.68,0.2194,5.4838,10,Success,Purchase,Pattaya,THB,False
TXN-20240116-0004717,WALL-0108633,MERCH-00340,PM-01,DEV-02,2024-01-16 23:35:41,29.9,0.0,0.0,2,Success,Bill Payment,Pathein,MMK,False
TXN-20240116-0004718,WALL-0067716,MERCH-00415,PM-01,DEV-01,2024-01-16 11:07:11,92.49,0.0,0.0,9,Success,Payment,Myitkyina,MMK,False
TXN-20240116-0004719,WALL-0067725,MERCH-00007,PM-01,DEV-03,2024-01-16 02:29:23,60.0,0.0,1.2,6,Success,Purchase,Jaipur,MMK,False
TXN-20240116-0004720,WALL-0115920,MERCH-00403,PM-02,DEV-05,2024-01-16 09:35:36,213.03,0.4261,0.0,21,Success,Payment,Yangon,MMK,False
TXN-20240116-0004721,WALL-0118555,MERCH-00130,PM-04,DEV-05,2024-01-16 23:37:50,55.49,1.1098,0.0,5,Success,Purchase,Quezon City,PHP,False
TXN-20240116-0004722,WALL-0043534,MERCH-00006,PM-03,DEV-03,2024-01-16 08:51:08,34.08,0.2726,0.6816,3,Success,Purchase,Ho Chi Minh City,VND,False
TXN-20240116-0004723,WALL-0082097,MERCH-00262,PM-02,DEV-02,2024-01-16 02:30:20,17.78,0.0356,0.0,1,Success,Subscription,Taunggyi,MMK,False
TXN-20240116-0004724,WALL-0061238,MERCH-00263,PM-01,DEV-01,2024-01-16 02:55:19,13.95,0.0,0.0,1,Success,Subscription,Karachi,PKR,False
TXN-20240116-0004725,WALL-0111660,MERCH-00410,PM-01,DEV-01,2024-01-16 19:09:06,30.68,0.0,0.0,3,Success,Payment,Medan,IDR,False
TXN-20240116-0004726,WALL-0107457,MERCH-00067,PM-02,DEV-01,2024-01-16 13:09:20,5.0,0.01,0.1,0,Success,Purchase,Pathein,MMK,False
TXN-20240116-0004727,WALL-0130695,MERCH-00096,PM-01,DEV-02,2024-01-16 16:21:05,34.57,0.0,0.0,3,Success,Purchase,Karachi,PKR,False
TXN-20240116-0004728,WALL-0148372,MERCH-00332,PM-01,DEV-02,2024-01-16 21:57:13,132.23,0.0,0.0,13,Success,Bill Payment,Naypyidaw,MMK,False
TXN-20240116-0004729,WALL-0038681,MERCH-00412,PM-02,DEV-03,2024-01-16 05:45:22,42.46,0.0849,0.0,4,Success,Payment,Medan,VND,False
TXN-20240116-0004730,WALL-0051725,MERCH-00129,PM-02,DEV-05,2024-01-16 15:28:54,51.8,0.1036,0.0,5,Success,Purchase,Mandalay,MMK,False
TXN-20240116-0004731,WALL-0006491,MERCH-00445,PM-04,DEV-03,2024-01-16 16:40:17,264.48,5.2895,0.0,26,Success,Tax Payment,Yangon,MMK,False
TXN-20240116-0004732,WALL-0075454,MERCH-00206,PM-05,DEV-05,2024-01-16 13:21:57,31.71,0.0,0.0,3,Success,Purchase,Bago,MMK,False
TXN-20240116-0004733,WALL-0086155,MERCH-00031,PM-02,DEV-01,2024-01-16 15:31:27,13.1,0.0262,0.2619,1,Success,Purchase,Chittagong,BDT,False
TXN-20240116-0004734,WALL-0140488,MERCH-00117,PM-03,DEV-01,2024-01-16 11:33:57,35.11,0.2809,0.0,3,Success,Purchase,Kolkata,INR,False
TXN-20240116-0004735,WALL-0008879,MERCH-00323,PM-01,DEV-03,2024-01-16 18:15:17,43.92,0.0,0.0,4,Success,Bill Payment,Ho Chi Minh City,IDR,False
TXN-20240116-0004736,WALL-0076677,MERCH-00037,PM-01,DEV-03,2024-01-16 13:55:13,60.0,0.0,1.2,6,Success,Purchase,Bali,IDR,False
TXN-20240116-0004737,WALL-0043081,MERCH-00230,PM-01,DEV-02,2024-01-16 23:17:07,21.6,0.0,0.0,2,Success,Purchase,Jaipur,INR,False
TXN-20240116-0004738,WALL-0142947,MERCH-00097,PM-02,DEV-01,2024-01-16 01:53:27,62.04,0.1241,0.0,6,Success,Purchase,Phuket,THB,False
TXN-20240116-0004739,WALL-0100764,MERCH-00083,PM-01,DEV-01,2024-01-16 15:46:57,10.0,0.0,0.0,1,Success,Purchase,Bangkok,THB,False
TXN-20240116-0004740,WALL-0102709,MERCH-00241,PM-05,DEV-01,2024-01-16 14:49:51,7.93,0.0,0.0,0,Success,Subscription,Penang,MMK,False
TXN-20240116-0004741,WALL-0062095,MERCH-00070,PM-01,DEV-01,2024-01-16 16:05:03,23.09,0.0,0.4619,2,Success,Purchase,Mandalay,MMK,False
TXN-20240116-0004742,WALL-0051226,MERCH-00124,PM-01,DEV-01,2024-01-16 21:23:21,28.33,0.0,0.0,2,Success,Purchase,Taunggyi,MMK,False
TXN-20240116-0004743,WALL-0116754,MERCH-00229,PM-01,DEV-02,2024-01-16 14:46:18,9.42,0.0,0.0,0,Success,Purchase,Bangkok,THB,False
TXN-20240116-0004744,WALL-0068743,MERCH-00058,PM-01,DEV-02,2024-01-16 19:32:29,20.32,0.0,0.4063,2,Success,Purchase,Pathein,MMK,False
TXN-20240116-0004745,WALL-0083937,MERCH-00302,PM-04,DEV-01,2024-01-16 09:44:30,980.88,19.6176,78.4704,196,Success,Purchase,Mandalay,MMK,False
TXN-20240116-0004746,WALL-0008801,MERCH-00136,PM-02,DEV-01,2024-01-16 19:39:52,66.44,0.1329,3.322,6,Success,Purchase,Myitkyina,MMK,False
TXN-20240116-0004747,WALL-0129026,MERCH-00413,PM-01,DEV-03,2024-01-16 15:54:17,74.64,0.0,0.0,7,Success,Payment,Yangon,MMK,False
TXN-20240116-0004748,WALL-0102619,MERCH-00088,PM-04,DEV-01,2024-01-16 21:41:30,192.93,3.8586,0.0,19,Success,Purchase,Naypyidaw,MMK,False
TXN-20240116-0004749,WALL-0127141,MERCH-00018,PM-04,DEV-01,2024-01-16 15:52:36,7.02,0.1403,0.1403,0,Success,Purchase,Singapore,SGD,False
TXN-20240116-0004750,WALL-0028282,MERCH-00218,PM-02,DEV-05,2024-01-16 16:19:13,8.63,0.0173,0.0,0,Success,Purchase,Chiang Mai,THB,False
TXN-20240116-0004751,WALL-0050220,MERCH-00019,PM-01,DEV-02,2024-01-16 09:54:23,22.81,0.0,0.4562,2,Success,Purchase,Naypyidaw,MMK,False
TXN-20240116-0004752,WALL-0057208,MERCH-00108,PM-01,DEV-02,2024-01-16 20:43:24,59.52,0.0,0.0,5,Success,Purchase,Penang,NPR,False
TXN-20240116-0004753,WALL-0002350,MERCH-00420,PM-01,DEV-01,2024-01-16 08:07:57,46.47,0.0,0.0,4,Success,Payment,Bago,MMK,False
TXN-20240116-0004754,WALL-0050057,MERCH-00039,PM-04,DEV-01,2024-01-16 12:24:49,52.32,1.0465,1.0465,5,Success,Purchase,Hyderabad,INR,False
TXN-20240116-0004755,WALL-0025743,MERCH-00196,PM-01,DEV-01,2024-01-16 00:22:25,6.34,0.0,0.0,0,Success,Purchase,Pattaya,VND,False
TXN-20240116-0004756,WALL-0110796,MERCH-00348,PM-03,DEV-03,2024-01-16 17:14:27,33.25,0.266,0.0,3,Success,Bill Payment,Mandalay,MMK,False
TXN-20240116-0004757,WALL-0137986,MERCH-00143,PM-02,DEV-03,2024-01-16 06:42:52,23.9,0.0478,1.1951,2,Success,Purchase,Surabaya,IDR,False
TXN-20240116-0004758,WALL-0056618,MERCH-00075,PM-04,DEV-01,2024-01-16 02:16:42,97.08,1.9417,1.9417,9,Success,Purchase,Mandalay,MMK,False
TXN-20240116-0004759,WALL-0114761,MERCH-00376,PM-01,DEV-04,2024-01-16 17:39:46,75.67,0.0,0.0,7,Success,Purchase,Pattaya,MMK,False
TXN-20240116-0004760,WALL-0036349,MERCH-00190,PM-01,DEV-01,2024-01-16 21:57:47,86.12,0.0,4.3062,8,Success,Purchase,Chiang Mai,THB,False
TXN-20240116-0004761,WALL-0040776,MERCH-00124,PM-01,DEV-01,2024-01-16 23:01:45,62.86,0.0,0.0,6,Success,Purchase,Bago,MMK,False
TXN-20240116-0004762,WALL-0080545,MERCH-00064,PM-01,DEV-01,2024-01-16 16:19:19,6.61,0.0,0.1323,0,Success,Purchase,Phuket,THB,False
TXN-20240116-0004763,WALL-0119878,MERCH-00176,PM-01,DEV-03,2024-01-16 16:52:11,35.49,0.0,1.7747,3,Success,Purchase,Ho Chi Minh City,VND,False
TXN-20240116-0004764,WALL-0102072,MERCH-00443,PM-01,DEV-01,2024-01-16 19:57:39,174.08,0.0,0.0,17,Success,Tax Payment,Pathein,MMK,False
TXN-20240116-0004765,WALL-0135530,MERCH-00317,PM-01,DEV-01,2024-01-16 21:47:22,47.53,0.0,0.0,4,Success,Bill Payment,Myitkyina,MMK,False
TXN-20240116-0004766,WALL-0034118,MERCH-00125,PM-01,DEV-01,2024-01-16 13:47:18,22.17,0.0,0.0,2,Success,Purchase,Chennai,INR,False
TXN-20240116-0004767,WALL-0026264,MERCH-00025,PM-01,DEV-01,2024-01-16 13:58:14,23.65,0.0,0.0,0,Failed,Purchase,Manila,PHP,False
TXN-20240116-0004768,WALL-0094761,MERCH-00111,PM-03,DEV-01,2024-01-16 13:28:18,56.35,0.4508,0.0,5,Success,Purchase,Mawlamyine,MMK,False
TXN-20240116-0004769,WALL-0124362,MERCH-00319,PM-02,DEV-03,2024-01-16 07:44:52,108.91,0.2178,0.0,10,Success,Bill Payment,Penang,MYR,False
TXN-20240116-0004770,WALL-0067015,MERCH-00264,PM-01,DEV-03,2024-01-16 06:05:15,9.19,0.0,0.0,0,Success,Subscription,Myitkyina,MMK,False
TXN-20240116-0004771,WALL-0023110,MERCH-00313,PM-04,DEV-01,2024-01-16 12:11:44,57.57,1.1515,0.0,5,Success,Bill Payment,Mandalay,MMK,False
TXN-20240116-0004772,WALL-0051521,MERCH-00442,PM-02,DEV-01,2024-01-16 15:15:49,50.0,0.1,0.0,5,Success,Tax Payment,Pokhara,NPR,False
TXN-20240116-0004773,WALL-0125010,MERCH-00013,PM-04,DEV-02,2024-01-16 19:03:08,25.61,0.5122,0.5122,2,Success,Purchase,Mandalay,MMK,False
TXN-20240116-0004774,WALL-0142380,MERCH-00392,PM-01,DEV-03,2024-01-16 15:44:16,80.46,0.0,0.0,8,Success,Purchase,Kandy,INR,False
TXN-20240116-0004775,WALL-0052963,MERCH-00289,PM-03,DEV-04,2024-01-16 10:09:17,4081.59,32.6527,326.5275,816,Success,Purchase,Yangon,MMK,False
TXN-20240116-0004776,WALL-0029909,MERCH-00341,PM-01,DEV-01,2024-01-16 17:49:15,19.74,0.0,0.0,1,Success,Bill Payment,Taunggyi,MMK,False
TXN-20240116-0004777,WALL-0083389,MERCH-00311,PM-03,DEV-01,2024-01-16 17:15:52,21.44,0.1715,0.0,2,Success,Bill Payment,Yangon,MMK,False
TXN-20240116-0004778,WALL-0109565,MERCH-00283,PM-04,DEV-01,2024-01-16 12:39:33,414.89,8.2979,33.1916,82,Success,Purchase,Delhi,INR,False
TXN-20240116-0004779,WALL-0057949,MERCH-00333,PM-03,DEV-02,2024-01-16 17:47:25,44.97,0.3598,0.0,4,Success,Bill Payment,Medan,IDR,False
TXN-20240116-0004780,WALL-0098475,MERCH-00185,PM-01,DEV-01,2024-01-16 06:35:21,20.0,0.0,1.0,2,Success,Purchase,Bangalore,MMK,False
TXN-20240116-0004781,WALL-0021733,MERCH-00336,PM-01,DEV-01,2024-01-16 12:26:40,123.27,0.0,0.0,12,Success,Bill Payment,Mumbai,INR,False
TXN-20240116-0004782,WALL-0135736,MERCH-00020,PM-02,DEV-01,2024-01-16 16:12:43,10.7,0.0214,0.0,0,Reversed,Purchase,Singapore,SGD,False
TXN-20240116-0004783,WALL-0014725,MERCH-00027,PM-04,DEV-01,2024-01-16 20:44:29,26.24,0.5248,0.5248,2,Success,Purchase,Taunggyi,MMK,False
TXN-20240116-0004784,WALL-0011806,MERCH-00128,PM-01,DEV-01,2024-01-16 20:58:03,28.94,0.0,0.0,2,Success,Purchase,Mandalay,MMK,False
TXN-20240116-0004785,WALL-0142968,MERCH-00331,PM-01,DEV-02,2024-01-16 09:28:10,49.4,0.0,0.0,4,Success,Bill Payment,Khon Kaen,INR,False
TXN-20240116-0004786,WALL-0095574,MERCH-00448,PM-03,DEV-02,2024-01-16 14:48:22,492.49,3.9399,0.0,49,Success,Tax Payment,Islamabad,PKR,False
TXN-20240116-0004787,WALL-0035343,MERCH-00336,PM-01,DEV-01,2024-01-16 12:57:42,28.42,0.0,0.0,2,Success,Bill Payment,Yangon,MMK,False
TXN-20240116-0004788,WALL-0090853,MERCH-00104,PM-04,DEV-02,2024-01-16 20:43:33,41.57,0.8314,0.0,4,Success,Purchase,Kathmandu,NPR,False
TXN-20240116-0004789,WALL-0057420,MERCH-00377,PM-01,DEV-04,2024-01-16 16:01:16,46.98,0.0,0.0,4,Success,Purchase,Phuket,THB,False
TXN-20240116-0004790,WALL-0131766,MERCH-00313,PM-01,DEV-02,2024-01-16 07:35:34,96.27,0.0,0.0,9,Success,Bill Payment,Bandung,IDR,False
TXN-20240116-0004791,WALL-0047603,MERCH-00254,PM-01,DEV-01,2024-01-16 04:25:29,40.0,0.0,0.0,4,Success,Subscription,Davao,PHP,False
TXN-20240116-0004792,WALL-0112312,MERCH-00012,PM-01,DEV-05,2024-01-16 17:03:56,83.64,0.0,1.6728,8,Success,Purchase,Kandy,LKR,False
TXN-20240116-0004793,WALL-0056204,MERCH-00065,PM-03,DEV-01,2024-01-16 22:22:18,6.28,0.0503,0.1257,0,Success,Purchase,Bangalore,INR,False
TXN-20240116-0004794,WALL-0063161,MERCH-00171,PM-02,DEV-02,2024-01-16 08:06:12,94.48,0.189,4.7242,9,Success,Purchase,Delhi,INR,False
TXN-20240116-0004795,WALL-0126788,MERCH-00345,PM-02,DEV-02,2024-01-16 21:46:37,14.35,0.0287,0.0,1,Success,Bill Payment,Cebu City,PHP,False
TXN-20240116-0004796,WALL-0143810,MERCH-00028,PM-04,DEV-05,2024-01-16 14:38:46,21.72,0.4344,0.4344,2,Success,Purchase,Mawlamyine,MMK,False
TXN-20240116-0004797,WALL-0089599,MERCH-00489,PM-02,DEV-02,2024-01-16 23:09:02,297.56,0.5951,0.0,29,Success,Payment,Lahore,PKR,False
TXN-20240116-0004798,WALL-0125826,MERCH-00489,PM-02,DEV-01,2024-01-16 14:58:27,63.27,0.1265,0.0,6,Success,Payment,Mandalay,MMK,False
TXN-20240116-0004799,WALL-0022171,MERCH-00087,PM-02,DEV-02,2024-01-16 08:29:07,101.15,0.2023,0.0,10,Success,Purchase,Bangkok,THB,False
TXN-20240116-0004800,WALL-0111853,MERCH-00026,PM-04,DEV-01,2024-01-16 14:03:22,7.26,0.1452,0.1452,0,Success,Purchase,Bago,MMK,False
TXN-20240116-0004801,WALL-0132546,MERCH-00371,PM-02,DEV-03,2024-01-16 17:44:59,51.95,0.1039,0.0,5,Success,Purchase,Myitkyina,MMK,False
TXN-20240116-0004802,WALL-0099408,MERCH-00025,PM-02,DEV-02,2024-01-16 21:08:25,37.44,0.0749,0.7488,3,Success,Purchase,Chiang Mai,THB,False
TXN-20240116-0004803,WALL-0015140,MERCH-00377,PM-01,DEV-01,2024-01-16 03:23:26,126.58,0.0,0.0,12,Success,Purchase,Naypyidaw,MMK,False
TXN-20240116-0004804,WALL-0036601,MERCH-00300,PM-01,DEV-01,2024-01-16 16:40:21,235.08,0.0,18.8063,47,Success,Purchase,Ahmedabad,INR,False
TXN-20240116-0004805,WALL-0056514,MERCH-00081,PM-04,DEV-01,2024-01-16 13:56:13,55.72,1.1143,0.0,5,Success,Purchase,Bago,MMK,False
TXN-20240116-0004806,WALL-0032406,MERCH-00465,PM-05,DEV-03,2024-01-16 09:48:23,156.11,0.0,0.0,15,Success,Payment,Naypyidaw,MMK,False
TXN-20240116-0004807,WALL-0039274,MERCH-00252,PM-01,DEV-02,2024-01-16 21:37:29,29.7,0.0,0.0,2,Success,Subscription,Dhaka,INR,True
TXN-20240116-0004808,WALL-0068676,MERCH-00317,PM-01,DEV-01,2024-01-16 17:57:22,113.25,0.0,0.0,11,Success,Bill Payment,Mandalay,MMK,False
TXN-20240116-0004809,WALL-0095766,MERCH-00019,PM-04,DEV-01,2024-01-16 15:09:45,20.2,0.4041,0.4041,2,Success,Purchase,Bago,MMK,False
TXN-20240116-0004810,WALL-0149359,MERCH-00145,PM-01,DEV-01,2024-01-16 13:03:36,1428.63,0.0,71.4315,142,Success,Purchase,Yangon,MMK,False
TXN-20240116-0004811,WALL-0146740,MERCH-00143,PM-03,DEV-02,2024-01-16 05:15:27,58.24,0.4659,0.0,0,Pending,Purchase,Mandalay,MMK,False
TXN-20240116-0004812,WALL-0138705,MERCH-00163,PM-02,DEV-03,2024-01-16 12:03:02,183.62,0.3672,9.1808,18,Success,Purchase,Naypyidaw,MMK,False
TXN-20240116-0004813,WALL-0079250,MERCH-00401,PM-01,DEV-01,2024-01-16 15:43:11,153.02,0.0,0.0,15,Success,Payment,Myitkyina,MMK,False
TXN-20240116-0004814,WALL-0071580,MERCH-00228,PM-01,DEV-02,2024-01-16 03:37:35,12.14,0.0,0.0,1,Success,Purchase,Mandalay,MMK,False
TXN-20240116-0004815,WALL-0014697,MERCH-00399,PM-01,DEV-01,2024-01-16 21:19:54,35.29,0.0,0.0,3,Success,Purchase,Islamabad,IDR,False
TXN-20240116-0004816,WALL-0098760,MERCH-00299,PM-01,DEV-01,2024-01-16 02:29:40,653.19,0.0,52.255,130,Success,Purchase,Hanoi,VND,False
TXN-20240116-0004817,WALL-0055399,MERCH-00206,PM-02,DEV-01,2024-01-16 10:55:04,14.69,0.0294,0.0,1,Success,Purchase,Ho Chi Minh City,VND,False
TXN-20240116-0004818,WALL-0018256,MERCH-00297,PM-01,DEV-01,2024-01-16 21:28:30,221.85,0.0,17.7484,44,Success,Purchase,Bangkok,THB,False
TXN-20240116-0004819,WALL-0075092,MERCH-00082,PM-02,DEV-02,2024-01-16 08:58:34,48.37,0.0967,0.0,4,Success,Purchase,Myitkyina,MMK,False
TXN-20240116-0004820,WALL-0028475,MERCH-00238,PM-03,DEV-04,2024-01-16 22:43:08,37.83,0.3026,0.0,3,Success,Subscription,Mumbai,INR,False
TXN-20240116-0004821,WALL-0071418,MERCH-00377,PM-02,DEV-04,2024-01-16 18:43:04,31.53,0.0631,0.0,0,Pending,Purchase,Hyderabad,INR,False
TXN-20240116-0004822,WALL-0123752,MERCH-00168,PM-01,DEV-01,2024-01-16 07:25:49,348.4,0.0,17.4198,34,Success,Purchase,Pathein,MMK,False
TXN-20240116-0004823,WALL-0032316,MERCH-00266,PM-01,DEV-04,2024-01-16 14:52:09,37.21,0.0,0.0,3,Success,Subscription,Yangon,MMK,False
TXN-20240116-0004824,WALL-0118003,MERCH-00381,PM-04,DEV-02,2024-01-16 15:35:02,99.52,1.9904,0.0,9,Success,Purchase,Lahore,PKR,False
TXN-20240116-0004825,WALL-0018309,MERCH-00097,PM-01,DEV-01,2024-01-16 16:50:09,119.99,0.0,0.0,11,Success,Purchase,Hanoi,VND,False
TXN-20240116-0004826,WALL-0083669,MERCH-00048,PM-04,DEV-02,2024-01-16 14:19:51,33.91,0.6783,0.6783,3,Success,Purchase,Ahmedabad,INR,False
TXN-20240116-0004827,WALL-0014337,MERCH-00092,PM-02,DEV-03,2024-01-16 12:00:11,53.97,0.1079,0.0,5,Success,Purchase,Mandalay,MMK,False
TXN-20240116-0004828,WALL-0058444,MERCH-00309,PM-02,DEV-01,2024-01-16 19:17:50,952.38,1.9048,76.1905,190,Success,Purchase,Bangkok,THB,False
TXN-20240116-0004829,WALL-0130746,MERCH-00287,PM-01,DEV-01,2024-01-16 23:59:15,153.64,0.0,12.2913,30,Success,Purchase,Khon Kaen,THB,False
TXN-20240116-0004830,WALL-0038522,MERCH-00012,PM-04,DEV-01,2024-01-16 11:24:41,11.66,0.2333,0.2333,1,Success,Purchase,Chennai,INR,False
TXN-20240116-0004831,WALL-0088153,MERCH-00261,PM-01,DEV-02,2024-01-16 07:23:59,10.6,0.0,0.0,1,Success,Subscription,Myitkyina,MMK,False
TXN-20240116-0004832,WALL-0040295,MERCH-00136,PM-02,DEV-01,2024-01-16 18:05:40,342.63,0.6853,17.1317,34,Success,Purchase,Ahmedabad,INR,False
TXN-20240116-0004833,WALL-0132556,MERCH-00386,PM-01,DEV-01,2024-01-16 07:26:58,52.18,0.0,0.0,5,Success,Purchase,Ahmedabad,NPR,False
TXN-20240116-0004834,WALL-0029888,MERCH-00282,PM-02,DEV-01,2024-01-16 14:33:42,632.17,1.2643,50.574,126,Success,Purchase,Surabaya,IDR,False
TXN-20240116-0004835,WALL-0095660,MERCH-00291,PM-01,DEV-01,2024-01-16 04:28:48,528.54,0.0,42.2831,105,Success,Purchase,Mawlamyine,MMK,False
TXN-20240116-0004836,WALL-0009311,MERCH-00230,PM-01,DEV-03,2024-01-16 14:20:27,24.35,0.0,0.0,2,Success,Purchase,Pathein,MMK,False
TXN-20240116-0004837,WALL-0041866,MERCH-00052,PM-03,DEV-01,2024-01-16 19:01:50,14.23,0.1138,0.2846,1,Success,Purchase,Myitkyina,MMK,False
TXN-20240116-0004838,WALL-0123659,MERCH-00048,PM-02,DEV-01,2024-01-16 09:19:22,13.09,0.0262,0.2618,1,Success,Purchase,Mandalay,MMK,False
TXN-20240116-0004839,WALL-0076834,MERCH-00448,PM-03,DEV-01,2024-01-16 14:51:40,227.23,1.8178,0.0,22,Success,Tax Payment,Bago,MMK,False
TXN-20240116-0004840,WALL-0125500,MERCH-00080,PM-01,DEV-02,2024-01-16 15:54:16,30.67,0.0,0.6134,3,Success,Purchase,Pattaya,THB,False
TXN-20240116-0004841,WALL-0105836,MERCH-00437,PM-01,DEV-01,2024-01-16 13:09:12,160.19,0.0,0.0,16,Success,Tax Payment,Lahore,PKR,False
TXN-20240116-0004842,WALL-0127020,MERCH-00133,PM-02,DEV-01,2024-01-16 08:55:56,366.65,0.7333,18.3325,36,Success,Purchase,Singapore,THB,False
TXN-20240116-0004843,WALL-0052378,MERCH-00033,PM-01,DEV-01,2024-01-16 17:22:47,40.09,0.0,0.8018,4,Success,Purchase,Bangalore,INR,False
TXN-20240116-0004844,WALL-0064286,MERCH-00396,PM-05,DEV-05,2024-01-16 12:15:53,92.29,0.0,0.0,9,Success,Purchase,Mumbai,INR,False
TXN-20240116-0004845,WALL-0060549,MERCH-00073,PM-03,DEV-02,2024-01-16 20:13:17,11.45,0.0916,0.229,1,Success,Purchase,Ho Chi Minh City,VND,False
TXN-20240116-0004846,WALL-0053181,MERCH-00160,PM-03,DEV-01,2024-01-16 23:29:39,20.0,0.16,1.0,2,Success,Purchase,Myitkyina,MMK,False
TXN-20240116-0004847,WALL-0053182,MERCH-00247,PM-04,DEV-05,2024-01-16 20:17:21,14.76,0.2952,0.0,1,Success,Subscription,Jakarta,IDR,False
TXN-20240116-0004848,WALL-0069882,MERCH-00425,PM-05,DEV-01,2024-01-16 17:19:00,53.84,0.0,0.0,5,Success,Payment,Penang,MYR,False
TXN-20240116-0004849,WALL-0095252,MERCH-00047,PM-01,DEV-02,2024-01-16 05:17:35,20.58,0.0,0.4115,2,Success,Purchase,Kolkata,MMK,False
TXN-20240116-0004850,WALL-0032827,MERCH-00121,PM-05,DEV-01,2024-01-16 16:53:40,26.92,0.0,0.0,2,Success,Purchase,Kathmandu,NPR,False
TXN-20240116-0004851,WALL-0000779,MERCH-00206,PM-03,DEV-01,2024-01-16 15:30:13,12.76,0.1021,0.0,1,Success,Purchase,Lahore,PKR,False
TXN-20240116-0004852,WALL-0116393,MERCH-00060,PM-01,DEV-03,2024-01-16 05:15:45,19.31,0.0,0.3861,1,Success,Purchase,Taunggyi,MMK,False
TXN-20240116-0004853,WALL-0070648,MERCH-00284,PM-01,DEV-02,2024-01-16 13:05:38,190.17,0.0,15.2135,38,Success,Purchase,Kolkata,INR,False
TXN-20240116-0004854,WALL-0077024,MERCH-00434,PM-01,DEV-02,2024-01-16 11:02:12,301.71,0.0,0.0,30,Success,Tax Payment,Khon Kaen,THB,False
TXN-20240116-0004855,WALL-0111708,MERCH-00069,PM-02,DEV-01,2024-01-16 15:33:43,5.67,0.0113,0.1135,0,Success,Purchase,Hyderabad,INR,False
TXN-20240116-0004856,WALL-0127596,MERCH-00271,PM-04,DEV-01,2024-01-16 17:20:29,1510.99,30.2199,120.8794,302,Success,Purchase,Hyderabad,INR,False
TXN-20240116-0004857,WALL-0039450,MERCH-00448,PM-01,DEV-03,2024-01-16 19:54:57,112.77,0.0,0.0,11,Success,Tax Payment,Taunggyi,MMK,False
TXN-20240116-0004858,WALL-0014874,MERCH-00188,PM-03,DEV-02,2024-01-16 02:56:09,55.98,0.4479,2.7992,5,Success,Purchase,Pathein,MMK,False
TXN-20240116-0004859,WALL-0025340,MERCH-00123,PM-01,DEV-04,2024-01-16 00:36:05,46.88,0.0,0.0,4,Success,Purchase,Cebu City,PHP,False
TXN-20240116-0004860,WALL-0113666,MERCH-00317,PM-05,DEV-02,2024-01-16 17:34:24,109.18,0.0,0.0,10,Success,Bill Payment,Karachi,PKR,False
TXN-20240116-0004861,WALL-0063283,MERCH-00228,PM-04,DEV-03,2024-01-16 04:44:49,8.81,0.1763,0.0,0,Success,Purchase,Colombo,LKR,False
TXN-20240116-0004862,WALL-0144746,MERCH-00027,PM-01,DEV-01,2024-01-16 13:29:17,18.42,0.0,0.3683,1,Success,Purchase,Phuket,THB,False
TXN-20240116-0004863,WALL-0138964,MERCH-00382,PM-02,DEV-02,2024-01-16 12:23:20,45.47,0.0909,0.0,4,Success,Purchase,Bago,MMK,False
TXN-20240116-0004864,WALL-0107237,MERCH-00079,PM-03,DEV-02,2024-01-16 04:24:04,17.68,0.1414,0.3535,1,Success,Purchase,Pune,INR,False
TXN-20240116-0004865,WALL-0108623,MERCH-00069,PM-02,DEV-02,2024-01-16 20:40:52,40.68,0.0814,0.8136,4,Success,Purchase,Dhaka,BDT,False
TXN-20240116-0004866,WALL-0136175,MERCH-00076,PM-04,DEV-01,2024-01-16 15:37:51,15.11,0.3022,0.0,0,Reversed,Purchase,Mandalay,MMK,False
TXN-20240116-0004867,WALL-0098705,MERCH-00212,PM-01,DEV-01,2024-01-16 04:15:32,21.26,0.0,0.0,2,Success,Purchase,Yangon,MMK,False
TXN-20240116-0004868,WALL-0118157,MERCH-00392,PM-01,DEV-01,2024-01-16 18:29:36,69.65,0.0,0.0,6,Success,Purchase,Chiang Mai,THB,False
TXN-20240116-0004869,WALL-0055851,MERCH-00064,PM-04,DEV-03,2024-01-16 11:11:13,16.94,0.3388,0.0,0,Reversed,Purchase,Lahore,PKR,False
TXN-20240116-0004870,WALL-0135586,MERCH-00311,PM-02,DEV-01,2024-01-16 19:48:18,20.49,0.041,0.0,2,Success,Bill Payment,Karachi,INR,False
TXN-20240116-0004871,WALL-0085321,MERCH-00411,PM-03,DEV-01,2024-01-16 00:22:50,165.51,1.3241,0.0,16,Success,Payment,Quezon City,PKR,False
TXN-20240116-0004872,WALL-0071673,MERCH-00057,PM-01,DEV-03,2024-01-16 16:35:59,8.09,0.0,0.1619,0,Success,Purchase,Pathein,MMK,False
TXN-20240116-0004873,WALL-0129978,MERCH-00155,PM-02,DEV-02,2024-01-16 12:06:24,68.17,0.1363,3.4086,6,Success,Purchase,Jakarta,IDR,False
TXN-20240116-0004874,WALL-0046185,MERCH-00107,PM-01,DEV-05,2024-01-16 06:40:50,24.77,0.0,0.0,2,Success,Purchase,Mumbai,INR,False
TXN-20240116-0004875,WALL-0045627,MERCH-00053,PM-01,DEV-01,2024-01-16 20:47:19,9.06,0.0,0.1812,0,Success,Purchase,Ahmedabad,MYR,False
TXN-20240116-0004876,WALL-0091044,MERCH-00198,PM-01,DEV-02,2024-01-16 16:22:11,10.47,0.0,0.0,1,Success,Purchase,Quezon City,PHP,False
TXN-20240116-0004877,WALL-0047999,MERCH-00217,PM-01,DEV-01,2024-01-16 12:14:10,28.02,0.0,0.0,2,Success,Purchase,Chiang Mai,THB,True
TXN-20240116-0004878,WALL-0142770,MERCH-00005,PM-04,DEV-02,2024-01-16 08:09:26,25.49,0.5099,0.5099,2,Success,Purchase,Naypyidaw,MMK,False
TXN-20240116-0004879,WALL-0084657,MERCH-00387,PM-04,DEV-01,2024-01-16 18:12:07,109.33,2.1866,0.0,10,Success,Purchase,Mawlamyine,MMK,False
TXN-20240116-0004880,WALL-0115740,MERCH-00250,PM-01,DEV-01,2024-01-16 18:31:16,7.83,0.0,0.0,0,Success,Subscription,Lahore,PKR,False
TXN-20240116-0004881,WALL-0142740,MERCH-00399,PM-02,DEV-01,2024-01-16 15:17:24,99.1,0.1982,0.0,9,Success,Purchase,Taunggyi,MMK,False
TXN-20240116-0004882,WALL-0103585,MERCH-00208,PM-01,DEV-01,2024-01-16 21:27:24,13.64,0.0,0.0,1,Success,Purchase,Pune,INR,False
TXN-20240116-0004883,WALL-0141695,MERCH-00373,PM-01,DEV-03,2024-01-16 07:43:48,52.93,0.0,0.0,5,Success,Purchase,Phnom Penh,KHR,False
TXN-20240116-0004884,WALL-0113419,MERCH-00052,PM-01,DEV-03,2024-01-16 07:41:24,24.84,0.0,0.0,0,Reversed,Purchase,Pattaya,THB,False
TXN-20240116-0004885,WALL-0026725,MERCH-00121,PM-02,DEV-01,2024-01-16 06:27:49,32.31,0.0646,0.0,3,Success,Purchase,Johor Bahru,MYR,False
TXN-20240116-0004886,WALL-0065741,MERCH-00443,PM-01,DEV-01,2024-01-16 21:18:44,258.18,0.0,0.0,25,Success,Tax Payment,Chiang Mai,THB,False
TXN-20240116-0004887,WALL-0059799,MERCH-00438,PM-01,DEV-01,2024-01-16 07:18:51,662.07,0.0,0.0,66,Success,Tax Payment,Mawlamyine,MMK,False
TXN-20240116-0004888,WALL-0132423,MERCH-00245,PM-01,DEV-05,2024-01-16 17:04:40,60.84,0.0,0.0,6,Success,Subscription,Naypyidaw,MMK,False
TXN-20240116-0004889,WALL-0120313,MERCH-00178,PM-01,DEV-01,2024-01-16 15:13:14,34.15,0.0,1.7076,3,Success,Purchase,Singapore,SGD,False
TXN-20240116-0004890,WALL-0066296,MERCH-00027,PM-04,DEV-03,2024-01-16 15:32:51,21.27,0.4255,0.4255,2,Success,Purchase,Kuala Lumpur,MYR,False
TXN-20240116-0004891,WALL-0013048,MERCH-00395,PM-01,DEV-02,2024-01-16 00:54:43,113.49,0.0,0.0,11,Success,Purchase,Delhi,INR,False
TXN-20240116-0004892,WALL-0016093,MERCH-00414,PM-03,DEV-01,2024-01-16 20:48:33,220.31,1.7625,0.0,22,Success,Payment,Chittagong,BDT,False
TXN-20240116-0004893,WALL-0088681,MERCH-00319,PM-02,DEV-02,2024-01-16 06:30:04,249.53,0.4991,0.0,24,Success,Bill Payment,Bandung,IDR,False
TXN-20240116-0004894,WALL-0000802,MERCH-00157,PM-03,DEV-02,2024-01-16 00:02:23,117.81,0.9425,5.8904,11,Success,Purchase,Davao,PHP,False
TXN-20240116-0004895,WALL-0055367,MERCH-00047,PM-03,DEV-01,2024-01-16 13:07:11,18.23,0.1458,0.3646,1,Success,Purchase,Siem Reap,KHR,False
TXN-20240116-0004896,WALL-0003238,MERCH-00244,PM-02,DEV-01,2024-01-16 12:19:46,18.35,0.0367,0.0,1,Success,Subscription,Kuala Lumpur,MYR,False
TXN-20240116-0004897,WALL-0135458,MERCH-00271,PM-01,DEV-01,2024-01-16 20:56:02,1059.58,0.0,84.7668,211,Success,Purchase,Myitkyina,MMK,False
TXN-20240116-0004898,WALL-0020770,MERCH-00157,PM-01,DEV-01,2024-01-16 20:31:03,22.98,0.0,1.1489,2,Success,Purchase,Pathein,MMK,False
TXN-20240116-0004899,WALL-0108940,MERCH-00240,PM-02,DEV-01,2024-01-16 21:35:46,18.94,0.0379,0.0,1,Success,Subscription,Colombo,LKR,False
TXN-20240116-0004900,WALL-0143376,MERCH-00241,PM-02,DEV-01,2024-01-16 18:24:18,7.28,0.0146,0.0,0,Success,Subscription,Siem Reap,KHR,False
TXN-20240116-0004901,WALL-0116663,MERCH-00204,PM-05,DEV-01,2024-01-16 13:10:35,10.03,0.0,0.0,1,Success,Purchase,Phuket,INR,False
TXN-20240116-0004902,WALL-0026792,MERCH-00027,PM-02,DEV-01,2024-01-16 10:21:16,19.48,0.039,0.3896,1,Success,Purchase,Bali,IDR,False
TXN-20240116-0004903,WALL-0114666,MERCH-00019,PM-02,DEV-03,2024-01-16 12:55:26,21.65,0.0433,0.433,2,Success,Purchase,Dhaka,BDT,False
TXN-20240116-0004904,WALL-0145293,MERCH-00325,PM-01,DEV-01,2024-01-16 15:35:01,100.28,0.0,0.0,10,Success,Bill Payment,Yangon,MMK,False
TXN-20240116-0004905,WALL-0095564,MERCH-00418,PM-01,DEV-05,2024-01-16 12:21:25,37.91,0.0,0.0,3,Success,Payment,Ho Chi Minh City,MMK,False
TXN-20240116-0004906,WALL-0091647,MERCH-00047,PM-02,DEV-01,2024-01-16 07:47:33,10.2,0.0204,0.204,1,Success,Purchase,Yangon,MMK,False
TXN-20240116-0004907,WALL-0101080,MERCH-00232,PM-04,DEV-04,2024-01-16 14:53:31,7.14,0.1428,0.0,0,Success,Subscription,Jaipur,INR,False
TXN-20240116-0004908,WALL-0056876,MERCH-00192,PM-01,DEV-02,2024-01-16 13:32:33,10.94,0.0,0.0,1,Success,Purchase,Jaipur,INR,False
TXN-20240116-0004909,WALL-0132435,MERCH-00063,PM-01,DEV-02,2024-01-16 10:18:59,25.19,0.0,0.5037,2,Success,Purchase,Bali,IDR,False
TXN-20240116-0004910,WALL-0101460,MERCH-00050,PM-02,DEV-01,2024-01-16 13:53:20,63.24,0.1265,1.2649,6,Success,Purchase,Pathein,MMK,False
TXN-20240116-0004911,WALL-0083699,MERCH-00365,PM-02,DEV-02,2024-01-16 03:50:35,66.77,0.1335,0.0,6,Success,Bill Payment,Pathein,MMK,False
TXN-20240116-0004912,WALL-0135156,MERCH-00317,PM-01,DEV-01,2024-01-16 14:58:24,23.07,0.0,0.0,2,Success,Bill Payment,Siem Reap,KHR,False
TXN-20240116-0004913,WALL-0147066,MERCH-00142,PM-03,DEV-02,2024-01-16 06:21:19,59.41,0.4753,2.9707,5,Success,Purchase,Mandalay,MMK,False
TXN-20240116-0004914,WALL-0039571,MERCH-00126,PM-05,DEV-02,2024-01-16 17:09:46,95.6,0.0,0.0,9,Success,Purchase,Yangon,MMK,False
TXN-20240116-0004915,WALL-0134919,MERCH-00020,PM-04,DEV-01,2024-01-16 16:37:26,14.5,0.2901,0.2901,1,Success,Purchase,Mandalay,MMK,False
TXN-20240116-0004916,WALL-0032195,MERCH-00143,PM-01,DEV-02,2024-01-16 01:32:46,138.79,0.0,6.9396,13,Success,Purchase,Jaipur,MMK,False
TXN-20240116-0004917,WALL-0090156,MERCH-00120,PM-01,DEV-04,2024-01-16 12:11:36,34.46,0.0,0.0,3,Success,Purchase,Pattaya,MMK,False
TXN-20240116-0004918,WALL-0081530,MERCH-00215,PM-01,DEV-01,2024-01-16 17:11:16,7.07,0.0,0.0,0,Success,Purchase,Mawlamyine,MMK,False
TXN-20240116-0004919,WALL-0036782,MERCH-00423,PM-02,DEV-03,2024-01-16 01:03:16,58.97,0.1179,0.0,5,Success,Payment,Siem Reap,KHR,False
TXN-20240116-0004920,WALL-0148491,MERCH-00297,PM-03,DEV-01,2024-01-16 19:14:42,887.46,7.0997,70.997,177,Success,Purchase,Myitkyina,MMK,False
TXN-20240116-0004921,WALL-0093946,MERCH-00110,PM-01,DEV-01,2024-01-16 14:35:54,32.54,0.0,0.0,3,Success,Purchase,Delhi,INR,False
TXN-20240116-0004922,WALL-0138958,MERCH-00143,PM-01,DEV-01,2024-01-16 12:42:11,39.92,0.0,1.9959,3,Success,Purchase,Chennai,INR,False
TXN-20240116-0004923,WALL-0018121,MERCH-00197,PM-03,DEV-04,2024-01-16 00:12:25,5.86,0.0469,0.0,0,Success,Purchase,Bangalore,INR,False
TXN-20240116-0004924,WALL-0122343,MERCH-00314,PM-01,DEV-03,2024-01-16 02:52:17,230.8,0.0,0.0,23,Success,Bill Payment,Chennai,INR,False
TXN-20240116-0004925,WALL-0117340,MERCH-00475,PM-05,DEV-02,2024-01-16 20:17:59,610.76,0.0,0.0,61,Success,Payment,Bago,MMK,False
TXN-20240116-0004926,WALL-0105843,MERCH-00415,PM-01,DEV-01,2024-01-16 00:43:06,70.72,0.0,0.0,7,Success,Payment,Singapore,SGD,False
TXN-20240116-0004927,WALL-0103778,MERCH-00233,PM-01,DEV-01,2024-01-16 07:37:29,9.43,0.0,0.0,0,Success,Subscription,Pokhara,NPR,False
TXN-20240116-0004928,WALL-0030626,MERCH-00001,PM-02,DEV-01,2024-01-16 13:19:25,29.76,0.0595,0.5953,2,Success,Purchase,Penang,MYR,False
TXN-20240116-0004929,WALL-0094812,MERCH-00245,PM-04,DEV-01,2024-01-16 20:41:46,15.99,0.3197,0.0,1,Success,Subscription,Bali,MMK,False
TXN-20240116-0004930,WALL-0139384,MERCH-00065,PM-02,DEV-01,2024-01-16 15:29:42,12.16,0.0243,0.2431,1,Success,Purchase,Myitkyina,IDR,False
TXN-20240116-0004931,WALL-0095793,MERCH-00004,PM-05,DEV-04,2024-01-16 18:46:17,44.87,0.0,0.8975,4,Success,Purchase,Quezon City,PHP,False
TXN-20240116-0004932,WALL-0006628,MERCH-00048,PM-01,DEV-02,2024-01-16 20:35:59,8.13,0.0,0.0,0,Failed,Purchase,Naypyidaw,MMK,False
TXN-20240116-0004933,WALL-0017738,MERCH-00312,PM-01,DEV-03,2024-01-16 17:48:23,186.74,0.0,0.0,18,Success,Bill Payment,Johor Bahru,MYR,False
TXN-20240116-0004934,WALL-0023967,MERCH-00337,PM-02,DEV-01,2024-01-16 10:52:03,45.75,0.0915,0.0,4,Success,Bill Payment,Taunggyi,MMK,False
TXN-20240116-0004935,WALL-0063110,MERCH-00464,PM-01,DEV-01,2024-01-16 14:36:40,864.97,0.0,0.0,86,Success,Payment,Taunggyi,MMK,False
TXN-20240116-0004936,WALL-0071608,MERCH-00075,PM-02,DEV-01,2024-01-16 13:04:47,30.36,0.0607,0.6072,3,Success,Purchase,Bago,MMK,False
TXN-20240116-0004937,WALL-0099547,MERCH-00246,PM-04,DEV-01,2024-01-16 06:42:58,7.55,0.151,0.0,0,Success,Subscription,Chittagong,MMK,False
TXN-20240116-0004938,WALL-0077310,MERCH-00045,PM-04,DEV-04,2024-01-16 17:54:21,18.55,0.3709,0.3709,1,Success,Purchase,Yangon,MMK,False
TXN-20240116-0004939,WALL-0028682,MERCH-00012,PM-01,DEV-01,2024-01-16 01:57:42,23.48,0.0,0.4696,2,Success,Purchase,Dhaka,BDT,False
TXN-20240116-0004940,WALL-0108462,MERCH-00095,PM-01,DEV-01,2024-01-16 12:32:25,56.56,0.0,0.0,5,Success,Purchase,Bago,MMK,False
TXN-20240116-0004941,WALL-0133802,MERCH-00027,PM-02,DEV-05,2024-01-16 16:12:28,30.35,0.0607,0.607,3,Success,Purchase,Surabaya,MMK,False
TXN-20240116-0004942,WALL-0111333,MERCH-00401,PM-05,DEV-01,2024-01-16 02:39:16,51.76,0.0,0.0,5,Success,Payment,Taunggyi,MMK,False
TXN-20240116-0004943,WALL-0111519,MERCH-00358,PM-01,DEV-03,2024-01-16 00:34:03,19.81,0.0,0.0,1,Success,Bill Payment,Kolkata,INR,False
TXN-20240116-0004944,WALL-0085829,MERCH-00086,PM-01,DEV-01,2024-01-16 12:58:34,59.32,0.0,0.0,5,Success,Purchase,Pune,INR,False
TXN-20240116-0004945,WALL-0084799,MERCH-00436,PM-04,DEV-01,2024-01-16 16:28:49,369.02,7.3804,0.0,36,Success,Tax Payment,Bago,MMK,False
TXN-20240116-0004946,WALL-0032249,MERCH-00028,PM-01,DEV-01,2024-01-16 00:55:14,9.3,0.0,0.186,0,Success,Purchase,Yangon,MMK,False
TXN-20240116-0004947,WALL-0001228,MERCH-00045,PM-02,DEV-01,2024-01-16 12:45:27,14.69,0.0294,0.2938,1,Success,Purchase,Cebu City,PHP,False
TXN-20240116-0004948,WALL-0068133,MERCH-00370,PM-02,DEV-01,2024-01-16 17:07:04,20.56,0.0411,0.0,2,Success,Bill Payment,Yangon,MMK,False
TXN-20240116-0004949,WALL-0065806,MERCH-00116,PM-02,DEV-02,2024-01-16 06:58:41,47.29,0.0946,0.0,4,Success,Purchase,Kolkata,INR,False
TXN-20240116-0004950,WALL-0080798,MERCH-00083,PM-02,DEV-03,2024-01-16 19:13:28,39.02,0.078,0.0,3,Success,Purchase,Bago,MMK,False
TXN-20240116-0004951,WALL-0059328,MERCH-00487,PM-01,DEV-02,2024-01-16 18:36:43,813.98,0.0,0.0,81,Success,Payment,Bandung,IDR,False
TXN-20240116-0004952,WALL-0138463,MERCH-00080,PM-02,DEV-02,2024-01-16 20:55:15,27.91,0.0558,0.5582,2,Success,Purchase,Dhaka,BDT,False
TXN-20240116-0004953,WALL-0017419,MERCH-00076,PM-01,DEV-05,2024-01-16 12:40:00,5.68,0.0,0.1136,0,Success,Purchase,Pathein,MMK,False
TXN-20240116-0004954,WALL-0133672,MERCH-00341,PM-02,DEV-01,2024-01-16 09:27:10,32.64,0.0653,0.0,3,Success,Bill Payment,Myitkyina,MMK,False
TXN-20240116-0004955,WALL-0001685,MERCH-00348,PM-03,DEV-01,2024-01-16 12:26:31,39.42,0.3153,0.0,3,Success,Bill Payment,Yangon,MMK,False
TXN-20240116-0004956,WALL-0114012,MERCH-00402,PM-04,DEV-01,2024-01-16 13:21:48,86.46,1.7293,0.0,8,Success,Payment,Myitkyina,MMK,False
TXN-20240116-0004957,WALL-0113638,MERCH-00066,PM-02,DEV-01,2024-01-16 06:46:14,5.0,0.01,0.1,0,Success,Purchase,Pokhara,MMK,False
TXN-20240116-0004958,WALL-0038790,MERCH-00419,PM-02,DEV-02,2024-01-16 07:32:01,128.08,0.2562,0.0,12,Success,Payment,Kandy,MMK,False
TXN-20240116-0004959,WALL-0023586,MERCH-00385,PM-04,DEV-02,2024-01-16 14:39:37,50.63,1.0127,0.0,5,Success,Purchase,Mandalay,MMK,False
TXN-20240116-0004960,WALL-0101966,MERCH-00196,PM-04,DEV-01,2024-01-16 03:05:16,12.77,0.2554,0.0,1,Success,Purchase,Yangon,MMK,False
TXN-20240116-0004961,WALL-0145778,MERCH-00254,PM-01,DEV-02,2024-01-16 17:04:24,17.38,0.0,0.0,1,Success,Subscription,Ho Chi Minh City,VND,False
TXN-20240116-0004962,WALL-0084142,MERCH-00173,PM-02,DEV-02,2024-01-16 21:06:54,161.53,0.3231,8.0764,16,Success,Purchase,Taunggyi,MMK,False
TXN-20240116-0004963,WALL-0039814,MERCH-00167,PM-04,DEV-01,2024-01-16 21:55:11,84.18,1.6835,4.2088,8,Success,Purchase,Naypyidaw,MMK,False
TXN-20240116-0004964,WALL-0044832,MERCH-00055,PM-02,DEV-01,2024-01-16 17:11:04,39.7,0.0794,0.7941,3,Success,Purchase,Naypyidaw,MMK,False
TXN-20240116-0004965,WALL-0101836,MERCH-00122,PM-02,DEV-01,2024-01-16 17:51:31,79.38,0.1588,0.0,7,Success,Purchase,Pokhara,NPR,False
TXN-20240116-0004966,WALL-0067115,MERCH-00113,PM-04,DEV-05,2024-01-16 21:50:55,25.63,0.5126,0.0,2,Success,Purchase,Khon Kaen,THB,False
TXN-20240116-0004967,WALL-0014729,MERCH-00105,PM-01,DEV-01,2024-01-16 20:42:05,23.13,0.0,0.0,2,Success,Purchase,Singapore,SGD,False
TXN-20240116-0004968,WALL-0051961,MERCH-00290,PM-01,DEV-02,2024-01-16 12:48:04,684.19,0.0,54.7351,136,Success,Purchase,Naypyidaw,MMK,False
TXN-20240116-0004969,WALL-0095634,MERCH-00160,PM-02,DEV-01,2024-01-16 11:45:09,75.28,0.1506,3.7638,7,Success,Purchase,Hanoi,VND,False
TXN-20240116-0004970,WALL-0149002,MERCH-00119,PM-01,DEV-01,2024-01-16 16:02:54,255.07,0.0,0.0,25,Success,Purchase,Myitkyina,MMK,False
TXN-20240116-0004971,WALL-0035461,MERCH-00470,PM-02,DEV-05,2024-01-16 11:01:49,357.79,0.7156,0.0,35,Success,Payment,Da Nang,VND,False
TXN-20240116-0004972,WALL-0129438,MERCH-00221,PM-04,DEV-02,2024-01-16 17:25:51,6.43,0.1286,0.0,0,Success,Purchase,Taunggyi,MMK,False
TXN-20240116-0004973,WALL-0113247,MERCH-00296,PM-01,DEV-01,2024-01-16 01:15:37,607.43,0.0,48.5941,121,Success,Purchase,Da Nang,VND,False
TXN-20240116-0004974,WALL-0063488,MERCH-00134,PM-05,DEV-04,2024-01-16 13:25:02,428.72,0.0,21.4361,42,Success,Purchase,Singapore,SGD,False
TXN-20240116-0004975,WALL-0120543,MERCH-00162,PM-02,DEV-02,2024-01-16 09:26:44,25.31,0.0506,0.0,0,Failed,Purchase,Bangkok,INR,False
TXN-20240116-0004976,WALL-0058663,MERCH-00359,PM-01,DEV-03,2024-01-16 11:30:18,12.39,0.0,0.0,1,Success,Bill Payment,Dhaka,BDT,False
TXN-20240116-0004977,WALL-0009279,MERCH-00339,PM-02,DEV-05,2024-01-16 07:36:20,110.99,0.222,0.0,11,Success,Bill Payment,Pathein,MMK,False
TXN-20240116-0004978,WALL-0107454,MERCH-00432,PM-02,DEV-01,2024-01-16 14:25:15,174.45,0.3489,0.0,17,Success,Tax Payment,Phuket,THB,False
TXN-20240116-0004979,WALL-0145458,MERCH-00003,PM-04,DEV-02,2024-01-16 12:10:39,54.93,1.0986,1.0986,5,Success,Purchase,Medan,IDR,False
TXN-20240116-0004980,WALL-0113848,MERCH-00155,PM-03,DEV-01,2024-01-16 09:37:23,157.29,1.2583,7.8645,15,Success,Purchase,Ho Chi Minh City,VND,False
TXN-20240116-0004981,WALL-0016072,MERCH-00352,PM-01,DEV-01,2024-01-16 19:54:29,26.54,0.0,0.0,2,Success,Bill Payment,Bago,MMK,False
TXN-20240116-0004982,WALL-0112705,MERCH-00083,PM-02,DEV-01,2024-01-16 22:07:42,41.0,0.082,0.0,4,Success,Purchase,Chittagong,MMK,True
TXN-20240116-0004983,WALL-0118291,MERCH-00077,PM-03,DEV-05,2024-01-16 20:53:36,14.26,0.1141,0.2853,1,Success,Purchase,Phnom Penh,KHR,False
TXN-20240116-0004984,WALL-0002958,MERCH-00076,PM-01,DEV-02,2024-01-16 13:49:21,30.68,0.0,0.6135,3,Success,Purchase,Penang,MYR,False
TXN-20240116-0004985,WALL-0062158,MERCH-00443,PM-02,DEV-01,2024-01-16 14:45:12,83.8,0.1676,0.0,8,Success,Tax Payment,Pathein,MMK,False
TXN-20240116-0004986,WALL-0114673,MERCH-00040,PM-04,DEV-02,2024-01-16 23:50:02,54.85,1.097,1.097,5,Success,Purchase,Mawlamyine,MMK,False
TXN-20240116-0004987,WALL-0120595,MERCH-00442,PM-01,DEV-01,2024-01-16 19:36:26,100.84,0.0,0.0,10,Success,Tax Payment,Pattaya,THB,False
TXN-20240116-0004988,WALL-0149200,MERCH-00064,PM-01,DEV-05,2024-01-16 02:35:54,40.63,0.0,0.8126,4,Success,Purchase,Bago,MMK,False
TXN-20240116-0004989,WALL-0143165,MERCH-00051,PM-02,DEV-01,2024-01-16 13:56:56,24.2,0.0484,0.484,2,Success,Purchase,Bali,IDR,False
TXN-20240116-0004990,WALL-0131033,MERCH-00402,PM-01,DEV-03,2024-01-16 19:42:24,24.52,0.0,0.0,2,Success,Payment,Naypyidaw,MMK,False
TXN-20240116-0004991,WALL-0034625,MERCH-00075,PM-03,DEV-01,2024-01-16 17:38:13,22.88,0.1831,0.4577,2,Success,Purchase,Mawlamyine,MMK,False
TXN-20240116-0004992,WALL-0038257,MERCH-00078,PM-01,DEV-02,2024-01-16 19:22:34,23.82,0.0,0.4765,2,Success,Purchase,Chennai,INR,False
TXN-20240116-0004993,WALL-0106939,MERCH-00387,PM-02,DEV-01,2024-01-16 00:43:37,85.26,0.1705,0.0,8,Success,Purchase,Pathein,MMK,False
TXN-20240116-0004994,WALL-0124406,MERCH-00382,PM-01,DEV-02,2024-01-16 09:36:38,20.0,0.0,0.0,2,Success,Purchase,Khon Kaen,THB,False
TXN-20240116-0004995,WALL-0097518,MERCH-00377,PM-03,DEV-01,2024-01-16 09:45:26,25.05,0.2004,0.0,2,Success,Purchase,Islamabad,PKR,False
TXN-20240116-0004996,WALL-0132548,MERCH-00090,PM-04,DEV-01,2024-01-16 10:20:10,92.33,1.8465,0.0,9,Success,Purchase,Cebu City,PHP,False
TXN-20240116-0004997,WALL-0116708,MERCH-00030,PM-01,DEV-01,2024-01-16 06:30:07,33.6,0.0,0.672,3,Success,Purchase,Islamabad,PKR,False
TXN-20240116-0004998,WALL-0017294,MERCH-00161,PM-03,DEV-02,2024-01-16 01:26:24,160.74,1.2859,8.0368,16,Success,Purchase,Chiang Mai,THB,False
TXN-20240116-0004999,WALL-0101064,MERCH-00045,PM-02,DEV-01,2024-01-16 19:15:11,22.76,0.0455,0.4552,2,Success,Purchase,Delhi,INR,False
TXN-20240116-0005000,WALL-0046490,MERCH-00446,PM-01,DEV-02,2024-01-16 12:09:43,377.27,0.0,0.0,37,Success,Tax Payment,Naypyidaw,MMK,False
TXN-20240116-0005001,WALL-0048737,MERCH-00393,PM-01,DEV-03,2024-01-16 14:37:16,73.04,0.0,0.0,7,Success,Purchase,Dhaka,BDT,False
TXN-20240116-0005002,WALL-0094743,MERCH-00182,PM-02,DEV-01,2024-01-16 19:23:04,118.24,0.2365,5.9119,11,Success,Purchase,Delhi,MMK,False
TXN-20240116-0005003,WALL-0147013,MERCH-00226,PM-05,DEV-03,2024-01-16 17:35:26,5.0,0.0,0.0,0,Success,Purchase,Surabaya,IDR,False
TXN-20240116-0005004,WALL-0040557,MERCH-00210,PM-03,DEV-04,2024-01-16 10:23:27,7.42,0.0594,0.0,0,Success,Purchase,Pathein,MMK,False
TXN-20240116-0005005,WALL-0030402,MERCH-00448,PM-01,DEV-01,2024-01-16 14:39:14,50.0,0.0,0.0,5,Success,Tax Payment,Chiang Mai,MMK,False
TXN-20240116-0005006,WALL-0023490,MERCH-00244,PM-01,DEV-02,2024-01-16 06:46:15,9.29,0.0,0.0,0,Success,Subscription,Ahmedabad,INR,False
TXN-20240116-0005007,WALL-0108105,MERCH-00464,PM-01,DEV-05,2024-01-16 21:47:25,379.57,0.0,0.0,37,Success,Payment,Karachi,PKR,False
TXN-20240116-0005008,WALL-0019258,MERCH-00345,PM-02,DEV-01,2024-01-16 20:45:18,39.9,0.0798,0.0,3,Success,Bill Payment,Pattaya,THB,False
TXN-20240116-0005009,WALL-0145915,MERCH-00228,PM-01,DEV-02,2024-01-16 22:46:50,8.57,0.0,0.0,0,Success,Purchase,Myitkyina,MMK,False
TXN-20240116-0005010,WALL-0069166,MERCH-00190,PM-03,DEV-05,2024-01-16 19:17:20,189.85,1.5188,0.0,0,Reversed,Purchase,Johor Bahru,MYR,False
TXN-20240116-0005011,WALL-0047462,MERCH-00216,PM-04,DEV-01,2024-01-16 04:31:22,9.47,0.1894,0.0,0,Success,Purchase,Myitkyina,MMK,False
TXN-20240116-0005012,WALL-0078930,MERCH-00289,PM-01,DEV-01,2024-01-16 09:55:07,700.68,0.0,56.0542,140,Success,Purchase,Mawlamyine,MMK,False
TXN-20240116-0005013,WALL-0034801,MERCH-00432,PM-03,DEV-02,2024-01-16 21:35:49,446.54,3.5723,0.0,44,Success,Tax Payment,Surabaya,IDR,False
TXN-20240116-0005014,WALL-0092692,MERCH-00228,PM-01,DEV-01,2024-01-16 14:40:38,19.42,0.0,0.0,1,Success,Purchase,Kuala Lumpur,MYR,False
TXN-20240116-0005015,WALL-0047837,MERCH-00162,PM-02,DEV-02,2024-01-16 14:48:08,209.46,0.4189,10.473,20,Success,Purchase,Medan,IDR,False
TXN-20240116-0005016,WALL-0046183,MERCH-00067,PM-03,DEV-02,2024-01-16 04:06:04,5.16,0.0413,0.1033,0,Success,Purchase,Da Nang,VND,False
TXN-20240116-0005017,WALL-0113613,MERCH-00350,PM-05,DEV-01,2024-01-16 13:04:42,41.92,0.0,0.0,4,Success,Bill Payment,Pathein,MMK,False
TXN-20240116-0005018,WALL-0090648,MERCH-00375,PM-01,DEV-05,2024-01-16 02:18:17,63.01,0.0,0.0,0,Failed,Purchase,Islamabad,PKR,False
TXN-20240116-0005019,WALL-0067233,MERCH-00432,PM-03,DEV-03,2024-01-16 16:34:19,97.69,0.7815,0.0,9,Success,Tax Payment,Kolkata,INR,False
TXN-20240116-0005020,WALL-0011129,MERCH-00439,PM-03,DEV-01,2024-01-16 10:40:07,224.29,1.7943,0.0,22,Success,Tax Payment,Chittagong,BDT,False
TXN-20240116-0005021,WALL-0149048,MERCH-00147,PM-02,DEV-01,2024-01-16 15:24:49,176.97,0.3539,8.8487,17,Success,Purchase,Taunggyi,MMK,False
TXN-20240116-0005022,WALL-0128318,MERCH-00464,PM-04,DEV-04,2024-01-16 16:13:09,232.5,4.6499,0.0,23,Success,Payment,Dhaka,BDT,False
TXN-20240116-0005023,WALL-0137317,MERCH-00114,PM-04,DEV-02,2024-01-16 05:15:36,22.66,0.4532,0.0,2,Success,Purchase,Naypyidaw,MMK,False
TXN-20240116-0005024,WALL-0106911,MERCH-00066,PM-01,DEV-01,2024-01-16 06:40:22,34.94,0.0,0.6988,3,Success,Purchase,Khon Kaen,THB,False
TXN-20240116-0005025,WALL-0080358,MERCH-00287,PM-01,DEV-01,2024-01-16 12:22:41,743.38,0.0,0.0,0,Pending,Purchase,Bali,IDR,False
TXN-20240116-0005026,WALL-0107967,MERCH-00405,PM-01,DEV-02,2024-01-16 18:54:57,181.71,0.0,0.0,18,Success,Payment,Bago,MMK,False
TXN-20240116-0005027,WALL-0035734,MERCH-00345,PM-01,DEV-01,2024-01-16 05:30:56,77.94,0.0,0.0,7,Success,Bill Payment,Colombo,LKR,False
TXN-20240116-0005028,WALL-0004235,MERCH-00234,PM-01,DEV-01,2024-01-16 12:42:41,13.55,0.0,0.0,1,Success,Subscription,Jaipur,INR,False
TXN-20240116-0005029,WALL-0009975,MERCH-00378,PM-02,DEV-01,2024-01-16 09:41:27,60.92,0.1218,0.0,6,Success,Purchase,Chennai,INR,False
TXN-20240116-0005030,WALL-0042147,MERCH-00316,PM-04,DEV-03,2024-01-16 21:37:15,46.09,0.9218,0.0,4,Success,Bill Payment,Myitkyina,MMK,False
TXN-20240116-0005031,WALL-0030421,MERCH-00109,PM-04,DEV-01,2024-01-16 10:53:30,61.46,1.2292,0.0,6,Success,Purchase,Phnom Penh,KHR,False
TXN-20240116-0005032,WALL-0123150,MERCH-00239,PM-01,DEV-02,2024-01-16 09:55:14,9.34,0.0,0.0,0,Success,Subscription,Delhi,INR,False
TXN-20240116-0005033,WALL-0008298,MERCH-00284,PM-04,DEV-01,2024-01-16 08:54:08,1488.42,29.7684,119.0735,297,Success,Purchase,Manila,PHP,False
TXN-20240116-0005034,WALL-0120169,MERCH-00148,PM-02,DEV-02,2024-01-16 13:45:07,44.51,0.089,2.2255,4,Success,Purchase,Karachi,PKR,False
TXN-20240116-0005035,WALL-0073062,MERCH-00299,PM-01,DEV-01,2024-01-16 07:11:01,570.57,0.0,45.6456,114,Success,Purchase,Taunggyi,MMK,False
TXN-20240116-0005036,WALL-0078764,MERCH-00050,PM-03,DEV-01,2024-01-16 02:49:42,27.53,0.2203,0.0,0,Failed,Purchase,Jaipur,IDR,False
TXN-20240116-0005037,WALL-0005245,MERCH-00299,PM-04,DEV-03,2024-01-16 17:38:44,999.07,19.9814,79.9257,199,Success,Purchase,Phnom Penh,KHR,False
TXN-20240116-0005038,WALL-0011016,MERCH-00194,PM-04,DEV-01,2024-01-16 09:25:37,27.82,0.5564,0.0,2,Success,Purchase,Pathein,MMK,False
TXN-20240116-0005039,WALL-0041344,MERCH-00146,PM-01,DEV-01,2024-01-16 15:10:43,231.55,0.0,11.5777,23,Success,Purchase,Davao,INR,False
TXN-20240116-0005040,WALL-0098626,MERCH-00209,PM-01,DEV-02,2024-01-16 15:45:50,43.59,0.0,0.0,4,Success,Purchase,Siem Reap,KHR,False
TXN-20240116-0005041,WALL-0145112,MERCH-00044,PM-03,DEV-01,2024-01-16 17:26:28,25.31,0.2025,0.5062,2,Success,Purchase,Myitkyina,MMK,False
TXN-20240116-0005042,WALL-0145532,MERCH-00042,PM-01,DEV-03,2024-01-16 17:46:21,12.82,0.0,0.2564,1,Success,Purchase,Ho Chi Minh City,VND,False
TXN-20240116-0005043,WALL-0088324,MERCH-00461,PM-01,DEV-01,2024-01-16 07:48:59,61.36,0.0,0.0,6,Success,Payment,Yangon,MMK,False
TXN-20240116-0005044,WALL-0107210,MERCH-00134,PM-05,DEV-01,2024-01-16 13:26:43,20.0,0.0,1.0,2,Success,Purchase,Surabaya,IDR,False
TXN-20240116-0005045,WALL-0022946,MERCH-00237,PM-01,DEV-01,2024-01-16 16:46:14,28.09,0.0,0.0,2,Success,Subscription,Naypyidaw,MMK,False
TXN-20240116-0005046,WALL-0137378,MERCH-00025,PM-01,DEV-05,2024-01-16 17:34:54,31.86,0.0,0.6372,3,Success,Purchase,Pathein,MMK,False
TXN-20240116-0005047,WALL-0100279,MERCH-00108,PM-02,DEV-01,2024-01-16 07:48:16,17.77,0.0355,0.0,1,Success,Purchase,Mawlamyine,MMK,False
TXN-20240116-0005048,WALL-0143933,MERCH-00301,PM-03,DEV-02,2024-01-16 08:12:39,178.74,1.4299,14.299,35,Success,Purchase,Phnom Penh,KHR,False
TXN-20240116-0005049,WALL-0131080,MERCH-00394,PM-01,DEV-01,2024-01-16 14:46:46,22.2,0.0,0.0,2,Success,Purchase,Hanoi,VND,False
TXN-20240116-0005050,WALL-0061232,MERCH-00170,PM-04,DEV-01,2024-01-16 03:36:38,326.85,6.5369,16.3423,32,Success,Purchase,Mandalay,MMK,False
TXN-20240116-0005051,WALL-0070948,MERCH-00444,PM-01,DEV-03,2024-01-16 17:25:04,388.48,0.0,0.0,38,Success,Tax Payment,Karachi,PKR,False
TXN-20240116-0005052,WALL-0061321,MERCH-00120,PM-04,DEV-05,2024-01-16 13:47:11,46.4,0.928,0.0,4,Success,Purchase,Myitkyina,MMK,False
TXN-20240116-0005053,WALL-0148226,MERCH-00081,PM-05,DEV-01,2024-01-16 18:15:30,77.87,0.0,0.0,7,Success,Purchase,Hanoi,VND,False
TXN-20240116-0005054,WALL-0044699,MERCH-00440,PM-02,DEV-02,2024-01-16 06:05:44,84.03,0.1681,0.0,8,Success,Tax Payment,Da Nang,VND,False
TXN-20240116-0005055,WALL-0004254,MERCH-00035,PM-03,DEV-03,2024-01-16 20:36:46,7.95,0.0636,0.1591,0,Success,Purchase,Pattaya,THB,False
TXN-20240116-0005056,WALL-0056074,MERCH-00475,PM-05,DEV-03,2024-01-16 21:14:51,214.23,0.0,0.0,21,Success,Payment,Bago,MMK,False
TXN-20240116-0005057,WALL-0011400,MERCH-00216,PM-02,DEV-01,2024-01-16 14:55:08,14.79,0.0296,0.0,1,Success,Purchase,Mawlamyine,MMK,False
TXN-20240116-0005058,WALL-0145080,MERCH-00077,PM-04,DEV-01,2024-01-16 10:53:20,36.74,0.7348,0.7348,3,Success,Purchase,Manila,PHP,False
TXN-20240116-0005059,WALL-0092941,MERCH-00249,PM-03,DEV-01,2024-01-16 20:49:51,33.28,0.2662,0.0,3,Success,Subscription,Singapore,SGD,False
TXN-20240116-0005060,WALL-0065591,MERCH-00077,PM-01,DEV-01,2024-01-16 15:27:03,11.3,0.0,0.2261,1,Success,Purchase,Naypyidaw,MMK,False
TXN-20240116-0005061,WALL-0021049,MERCH-00135,PM-03,DEV-03,2024-01-16 18:15:21,317.17,2.5374,15.8585,31,Success,Purchase,Naypyidaw,MMK,False
TXN-20240116-0005062,WALL-0056553,MERCH-00145,PM-01,DEV-02,2024-01-16 00:52:22,58.98,0.0,2.9491,5,Success,Purchase,Kolkata,INR,False
TXN-20240116-0005063,WALL-0072713,MERCH-00130,PM-04,DEV-01,2024-01-16 03:33:48,33.27,0.6654,0.0,3,Success,Purchase,Singapore,SGD,False
TXN-20240116-0005064,WALL-0045835,MERCH-00297,PM-04,DEV-03,2024-01-16 20:32:04,165.18,3.3037,13.2147,33,Success,Purchase,Yangon,MMK,False
TXN-20240116-0005065,WALL-0019302,MERCH-00128,PM-02,DEV-02,2024-01-16 22:44:26,45.29,0.0906,0.0,4,Success,Purchase,Chennai,MMK,False
TXN-20240116-0005066,WALL-0141296,MERCH-00418,PM-01,DEV-01,2024-01-16 19:35:14,201.01,0.0,0.0,20,Success,Payment,Bangkok,THB,False
TXN-20240116-0005067,WALL-0026620,MERCH-00036,PM-04,DEV-01,2024-01-16 12:17:02,17.7,0.354,0.0,0,Failed,Purchase,Mandalay,MMK,False
TXN-20240116-0005068,WALL-0024794,MERCH-00288,PM-02,DEV-01,2024-01-16 16:28:23,151.09,0.3022,0.0,0,Failed,Purchase,Yangon,MMK,False
TXN-20240116-0005069,WALL-0118950,MERCH-00227,PM-05,DEV-01,2024-01-16 23:10:25,7.26,0.0,0.0,0,Success,Purchase,Hanoi,VND,False
TXN-20240116-0005070,WALL-0074999,MERCH-00154,PM-01,DEV-04,2024-01-16 18:22:29,202.73,0.0,10.1365,20,Success,Purchase,Yangon,MMK,False
TXN-20240116-0005071,WALL-0089290,MERCH-00398,PM-04,DEV-03,2024-01-16 12:38:51,61.81,1.2362,0.0,6,Success,Purchase,Mumbai,MMK,False
TXN-20240116-0005072,WALL-0020881,MERCH-00287,PM-04,DEV-01,2024-01-16 20:32:47,100.0,2.0,8.0,20,Success,Purchase,Bago,MMK,False
TXN-20240116-0005073,WALL-0078709,MERCH-00192,PM-01,DEV-03,2024-01-16 14:37:10,10.7,0.0,0.0,1,Success,Purchase,Bali,IDR,False
TXN-20240116-0005074,WALL-0125980,MERCH-00134,PM-01,DEV-01,2024-01-16 13:21:24,55.2,0.0,2.7601,5,Success,Purchase,Yangon,MMK,False
TXN-20240116-0005075,WALL-0031382,MERCH-00035,PM-04,DEV-01,2024-01-16 21:35:36,29.85,0.597,0.597,2,Success,Purchase,Davao,PHP,False
TXN-20240116-0005076,WALL-0062028,MERCH-00070,PM-01,DEV-03,2024-01-16 09:33:34,10.96,0.0,0.2192,1,Success,Purchase,Hyderabad,INR,False
TXN-20240116-0005077,WALL-0132061,MERCH-00231,PM-01,DEV-02,2024-01-16 05:25:27,26.9,0.0,0.0,2,Success,Subscription,Pathein,MMK,False
TXN-20240116-0005078,WALL-0127263,MERCH-00449,PM-03,DEV-01,2024-01-16 05:18:25,416.82,3.3346,0.0,41,Success,Tax Payment,Kathmandu,MMK,False
TXN-20240116-0005079,WALL-0047458,MERCH-00026,PM-02,DEV-01,2024-01-16 18:03:35,15.24,0.0305,0.3049,1,Success,Purchase,Taunggyi,MMK,False
TXN-20240116-0005080,WALL-0125004,MERCH-00220,PM-02,DEV-04,2024-01-16 19:01:03,5.0,0.01,0.0,0,Success,Purchase,Pathein,MMK,False
TXN-20240116-0005081,WALL-0110006,MERCH-00098,PM-04,DEV-02,2024-01-16 10:12:45,66.09,1.3218,0.0,6,Success,Purchase,Chiang Mai,THB,False
TXN-20240116-0005082,WALL-0092422,MERCH-00039,PM-01,DEV-01,2024-01-16 12:33:51,8.09,0.0,0.1617,0,Success,Purchase,Johor Bahru,SGD,False
TXN-20240116-0005083,WALL-0082711,MERCH-00290,PM-04,DEV-01,2024-01-16 22:21:43,504.07,10.0814,40.3257,100,Success,Purchase,Yangon,MMK,False
TXN-20240116-0005084,WALL-0104564,MERCH-00442,PM-01,DEV-01,2024-01-16 18:42:16,100.05,0.0,0.0,10,Success,Tax Payment,Chittagong,BDT,False
TXN-20240116-0005085,WALL-0052319,MERCH-00269,PM-04,DEV-05,2024-01-16 16:30:53,35.12,0.7024,0.0,3,Success,Subscription,Medan,IDR,False
TXN-20240116-0005086,WALL-0040232,MERCH-00288,PM-03,DEV-04,2024-01-16 07:32:53,1009.34,8.0747,80.7474,201,Success,Purchase,Islamabad,PKR,False
TXN-20240116-0005087,WALL-0052320,MERCH-00101,PM-01,DEV-02,2024-01-16 18:11:08,22.94,0.0,0.0,2,Success,Purchase,Mumbai,INR,False
TXN-20240116-0005088,WALL-0059375,MERCH-00447,PM-01,DEV-01,2024-01-16 17:53:36,294.89,0.0,0.0,29,Success,Tax Payment,Mawlamyine,MMK,False
TXN-20240116-0005089,WALL-0071084,MERCH-00023,PM-03,DEV-01,2024-01-16 20:38:25,16.47,0.1318,0.3295,1,Success,Purchase,Yangon,MMK,False
TXN-20240116-0005090,WALL-0147003,MERCH-00213,PM-01,DEV-01,2024-01-16 21:59:54,21.99,0.0,0.0,2,Success,Purchase,Bangalore,INR,False
TXN-20240116-0005091,WALL-0071153,MERCH-00343,PM-01,DEV-02,2024-01-16 08:12:51,19.1,0.0,0.0,1,Success,Bill Payment,Kandy,SGD,False
TXN-20240116-0005092,WALL-0039881,MERCH-00280,PM-04,DEV-01,2024-01-16 19:32:48,863.25,17.2649,69.0597,172,Success,Purchase,Mawlamyine,MMK,False
TXN-20240116-0005093,WALL-0072575,MERCH-00367,PM-03,DEV-02,2024-01-16 12:44:28,41.55,0.3324,0.0,4,Success,Bill Payment,Kathmandu,NPR,False
TXN-20240116-0005094,WALL-0099046,MERCH-00376,PM-02,DEV-03,2024-01-16 01:17:31,156.22,0.3124,0.0,15,Success,Purchase,Pattaya,MMK,False
TXN-20240116-0005095,WALL-0115422,MERCH-00094,PM-01,DEV-02,2024-01-16 13:53:45,23.17,0.0,0.0,2,Success,Purchase,Hyderabad,MMK,False
TXN-20240116-0005096,WALL-0009514,MERCH-00209,PM-04,DEV-01,2024-01-16 18:13:21,19.3,0.3859,0.0,1,Success,Purchase,Jakarta,IDR,False
TXN-20240116-0005097,WALL-0078831,MERCH-00438,PM-01,DEV-02,2024-01-16 11:37:12,209.74,0.0,0.0,20,Success,Tax Payment,Bangkok,THB,False
TXN-20240116-0005098,WALL-0119086,MERCH-00069,PM-03,DEV-01,2024-01-16 09:28:28,32.08,0.2566,0.6415,3,Success,Purchase,Ho Chi Minh City,VND,False
TXN-20240116-0005099,WALL-0104583,MERCH-00016,PM-01,DEV-02,2024-01-16 13:09:13,6.09,0.0,0.1217,0,Success,Purchase,Naypyidaw,MMK,False
TXN-20240116-0005100,WALL-0149053,MERCH-00309,PM-05,DEV-01,2024-01-16 20:42:25,613.11,0.0,49.049,122,Success,Purchase,Yangon,MMK,False
TXN-20240116-0005101,WALL-0112537,MERCH-00216,PM-02,DEV-01,2024-01-16 17:36:49,5.0,0.01,0.0,0,Success,Purchase,Mandalay,VND,False
TXN-20240116-0005102,WALL-0086764,MERCH-00448,PM-04,DEV-01,2024-01-16 08:31:07,122.62,2.4524,0.0,12,Success,Tax Payment,Cebu City,PHP,False
TXN-20240116-0005103,WALL-0141643,MERCH-00349,PM-02,DEV-02,2024-01-16 06:10:21,18.16,0.0363,0.0,1,Success,Bill Payment,Islamabad,PKR,False
TXN-20240116-0005104,WALL-0085842,MERCH-00083,PM-01,DEV-03,2024-01-16 08:07:19,57.68,0.0,0.0,5,Success,Purchase,Ahmedabad,INR,False
TXN-20240116-0005105,WALL-0104700,MERCH-00095,PM-01,DEV-01,2024-01-16 16:40:28,70.04,0.0,0.0,7,Success,Purchase,Bago,MMK,False
TXN-20240116-0005106,WALL-0094810,MERCH-00152,PM-04,DEV-01,2024-01-16 17:17:11,109.0,2.18,5.4501,10,Success,Purchase,Yangon,MMK,False
TXN-20240116-0005107,WALL-0005010,MERCH-00436,PM-01,DEV-03,2024-01-16 18:54:57,93.44,0.0,0.0,9,Success,Tax Payment,Kuala Lumpur,MYR,False
TXN-20240116-0005108,WALL-0007987,MERCH-00086,PM-01,DEV-03,2024-01-16 12:01:45,118.37,0.0,0.0,11,Success,Purchase,Singapore,MYR,False
TXN-20240116-0005109,WALL-0070514,MERCH-00388,PM-04,DEV-02,2024-01-16 21:05:56,27.99,0.5599,0.0,2,Success,Purchase,Hyderabad,MMK,False
TXN-20240116-0005110,WALL-0144902,MERCH-00025,PM-02,DEV-02,2024-01-16 18:29:33,14.57,0.0291,0.2914,1,Success,Purchase,Mawlamyine,MMK,False
TXN-20240116-0005111,WALL-0034964,MERCH-00358,PM-01,DEV-01,2024-01-16 02:19:02,68.31,0.0,0.0,6,Success,Bill Payment,Mandalay,KHR,False
TXN-20240116-0005112,WALL-0005912,MERCH-00029,PM-01,DEV-02,2024-01-16 21:54:28,24.29,0.0,0.4858,2,Success,Purchase,Surabaya,IDR,False
TXN-20240116-0005113,WALL-0147430,MERCH-00033,PM-02,DEV-02,2024-01-16 15:09:00,13.65,0.0273,0.2731,1,Success,Purchase,Delhi,INR,False
TXN-20240116-0005114,WALL-0012947,MERCH-00370,PM-04,DEV-05,2024-01-16 15:09:45,34.05,0.6811,0.0,3,Success,Bill Payment,Taunggyi,MMK,False
TXN-20240116-0005115,WALL-0110221,MERCH-00329,PM-02,DEV-02,2024-01-16 19:57:56,184.37,0.3687,0.0,18,Success,Bill Payment,Cebu City,PHP,False
TXN-20240116-0005116,WALL-0016498,MERCH-00422,PM-03,DEV-01,2024-01-16 16:51:25,25.8,0.2064,0.0,2,Success,Payment,Mandalay,MMK,False
TXN-20240116-0005117,WALL-0095354,MERCH-00419,PM-01,DEV-01,2024-01-16 05:06:17,604.77,0.0,0.0,60,Success,Payment,Penang,MYR,False
TXN-20240116-0005118,WALL-0119190,MERCH-00374,PM-02,DEV-02,2024-01-16 10:35:38,65.34,0.1307,0.0,6,Success,Purchase,Kathmandu,NPR,False
TXN-20240116-0005119,WALL-0091119,MERCH-00493,PM-02,DEV-03,2024-01-16 19:45:36,50.0,0.1,0.0,5,Success,Payment,Pokhara,NPR,False
TXN-20240116-0005120,WALL-0078979,MERCH-00400,PM-02,DEV-03,2024-01-16 13:55:06,45.34,0.0907,0.0,4,Success,Purchase,Myitkyina,MMK,False
TXN-20240116-0005121,WALL-0098274,MERCH-00225,PM-02,DEV-01,2024-01-16 12:47:20,24.77,0.0495,0.0,2,Success,Purchase,Yangon,MMK,False
TXN-20240116-0005122,WALL-0056475,MERCH-00107,PM-01,DEV-02,2024-01-16 18:41:20,122.09,0.0,0.0,12,Success,Purchase,Bangkok,THB,False
TXN-20240116-0005123,WALL-0082198,MERCH-00388,PM-01,DEV-05,2024-01-16 10:34:53,115.82,0.0,0.0,11,Success,Purchase,Kuala Lumpur,MYR,False
TXN-20240116-0005124,WALL-0132690,MERCH-00466,PM-04,DEV-01,2024-01-16 12:44:34,618.31,12.3662,0.0,61,Success,Payment,Surabaya,IDR,False
TXN-20240116-0005125,WALL-0010025,MERCH-00397,PM-01,DEV-01,2024-01-16 19:16:04,25.51,0.0,0.0,2,Success,Purchase,Hyderabad,INR,False
TXN-20240116-0005126,WALL-0019010,MERCH-00400,PM-02,DEV-01,2024-01-16 06:59:24,77.31,0.1546,0.0,7,Success,Purchase,Penang,MYR,False
TXN-20240116-0005127,WALL-0079507,MERCH-00198,PM-02,DEV-01,2024-01-16 17:55:12,7.04,0.0141,0.0,0,Success,Purchase,Mumbai,INR,False
TXN-20240116-0005128,WALL-0069874,MERCH-00079,PM-04,DEV-01,2024-01-16 22:22:49,60.0,1.2,1.2,6,Success,Purchase,Phuket,THB,False
TXN-20240116-0005129,WALL-0106509,MERCH-00036,PM-01,DEV-02,2024-01-16 11:02:15,9.91,0.0,0.1981,0,Success,Purchase,Pune,INR,False
TXN-20240116-0005130,WALL-0027508,MERCH-00229,PM-02,DEV-01,2024-01-16 19:50:08,10.46,0.0209,0.0,1,Success,Purchase,Mawlamyine,MMK,False
TXN-20240116-0005131,WALL-0023622,MERCH-00156,PM-03,DEV-01,2024-01-16 16:13:36,187.95,1.5036,9.3975,18,Success,Purchase,Bago,MMK,False
TXN-20240116-0005132,WALL-0080874,MERCH-00180,PM-02,DEV-01,2024-01-16 04:18:23,93.36,0.1867,4.6682,9,Success,Purchase,Myitkyina,MMK,False
TXN-20240116-0005133,WALL-0117903,MERCH-00445,PM-03,DEV-04,2024-01-16 20:27:24,346.64,2.7731,0.0,34,Success,Tax Payment,Mawlamyine,MMK,False
TXN-20240116-0005134,WALL-0001671,MERCH-00285,PM-05,DEV-01,2024-01-16 21:57:01,576.82,0.0,46.1459,115,Success,Purchase,Naypyidaw,MMK,False
TXN-20240116-0005135,WALL-0019201,MERCH-00193,PM-02,DEV-02,2024-01-16 11:15:37,28.29,0.0566,0.0,0,Failed,Purchase,Pathein,MMK,False
TXN-20240116-0005136,WALL-0138531,MERCH-00097,PM-02,DEV-04,2024-01-16 16:49:00,50.65,0.1013,0.0,5,Success,Purchase,Medan,IDR,False
TXN-20240116-0005137,WALL-0114739,MERCH-00130,PM-03,DEV-01,2024-01-16 20:08:06,39.88,0.319,0.0,3,Success,Purchase,Yangon,MMK,False
TXN-20240116-0005138,WALL-0045840,MERCH-00415,PM-01,DEV-03,2024-01-16 16:04:12,69.89,0.0,0.0,0,Reversed,Payment,Naypyidaw,MMK,False
TXN-20240116-0005139,WALL-0066940,MERCH-00296,PM-05,DEV-01,2024-01-16 11:45:09,674.57,0.0,53.9656,134,Success,Purchase,Surabaya,MMK,False
TXN-20240116-0005140,WALL-0133415,MERCH-00176,PM-04,DEV-02,2024-01-16 03:31:26,54.53,1.0906,2.7264,5,Success,Purchase,Myitkyina,MMK,False
TXN-20240116-0005141,WALL-0072916,MERCH-00401,PM-04,DEV-01,2024-01-16 21:20:01,37.44,0.7488,0.0,3,Success,Payment,Bago,MMK,False
TXN-20240116-0005142,WALL-0088699,MERCH-00184,PM-01,DEV-05,2024-01-16 16:02:56,612.35,0.0,30.6174,61,Success,Purchase,Taunggyi,MMK,False
TXN-20240116-0005143,WALL-0057365,MERCH-00213,PM-01,DEV-01,2024-01-16 10:59:56,10.66,0.0,0.0,1,Success,Purchase,Taunggyi,MMK,False
TXN-20240116-0005144,WALL-0044274,MERCH-00328,PM-01,DEV-03,2024-01-16 19:21:38,40.94,0.0,0.0,4,Success,Bill Payment,Islamabad,PKR,False
TXN-20240116-0005145,WALL-0107576,MERCH-00402,PM-01,DEV-02,2024-01-16 13:28:39,176.98,0.0,0.0,17,Success,Payment,Myitkyina,MMK,False
TXN-20240116-0005146,WALL-0097374,MERCH-00050,PM-02,DEV-01,2024-01-16 13:39:20,15.93,0.0319,0.3185,1,Success,Purchase,Pathein,MMK,False
TXN-20240116-0005147,WALL-0027291,MERCH-00330,PM-01,DEV-01,2024-01-16 20:29:57,46.0,0.0,0.0,0,Reversed,Bill Payment,Bago,VND,False
TXN-20240116-0005148,WALL-0109464,MERCH-00189,PM-02,DEV-02,2024-01-16 08:13:46,44.13,0.0883,2.2064,4,Success,Purchase,Jakarta,IDR,False
TXN-20240116-0005149,WALL-0060323,MERCH-00042,PM-01,DEV-02,2024-01-16 17:10:19,8.43,0.0,0.1687,0,Success,Purchase,Bago,PHP,False
TXN-20240116-0005150,WALL-0103450,MERCH-00168,PM-01,DEV-01,2024-01-16 08:39:08,188.74,0.0,9.4368,18,Success,Purchase,Kathmandu,NPR,False
TXN-20240116-0005151,WALL-0028394,MERCH-00254,PM-01,DEV-02,2024-01-16 01:27:45,20.07,0.0,0.0,2,Success,Subscription,Mandalay,MMK,False
TXN-20240116-0005152,WALL-0026505,MERCH-00334,PM-02,DEV-02,2024-01-16 19:59:48,471.44,0.9429,0.0,47,Success,Bill Payment,Bago,MMK,False
TXN-20240116-0005153,WALL-0078501,MERCH-00410,PM-01,DEV-02,2024-01-16 10:28:53,218.12,0.0,0.0,0,Reversed,Payment,Quezon City,PHP,False
TXN-20240116-0005154,WALL-0132399,MERCH-00010,PM-04,DEV-01,2024-01-16 11:12:46,8.35,0.1669,0.1669,0,Success,Purchase,Chittagong,BDT,False
TXN-20240116-0005155,WALL-0117531,MERCH-00018,PM-04,DEV-01,2024-01-16 17:58:46,17.27,0.3454,0.3454,1,Success,Purchase,Chittagong,BDT,False
TXN-20240116-0005156,WALL-0028617,MERCH-00177,PM-01,DEV-04,2024-01-16 13:21:18,868.94,0.0,43.4472,86,Success,Purchase,Penang,MYR,False
TXN-20240116-0005157,WALL-0142611,MERCH-00197,PM-01,DEV-01,2024-01-16 21:41:08,14.69,0.0,0.0,1,Success,Purchase,Naypyidaw,MMK,False
TXN-20240116-0005158,WALL-0009871,MERCH-00363,PM-03,DEV-01,2024-01-16 17:07:34,17.35,0.1388,0.0,1,Success,Bill Payment,Naypyidaw,MMK,False
TXN-20240116-0005159,WALL-0138894,MERCH-00179,PM-02,DEV-02,2024-01-16 12:26:05,45.61,0.0912,2.2804,4,Success,Purchase,Mumbai,INR,False
TXN-20240116-0005160,WALL-0020926,MERCH-00368,PM-04,DEV-03,2024-01-16 16:43:27,29.06,0.5811,0.0,2,Success,Bill Payment,Bago,MMK,False
TXN-20240116-0005161,WALL-0090218,MERCH-00094,PM-04,DEV-03,2024-01-16 13:53:16,68.9,1.3779,0.0,6,Success,Purchase,Siem Reap,KHR,False
TXN-20240116-0005162,WALL-0026075,MERCH-00430,PM-01,DEV-01,2024-01-16 05:05:56,119.95,0.0,0.0,11,Success,Payment,Surabaya,IDR,False
TXN-20240116-0005163,WALL-0024671,MERCH-00443,PM-03,DEV-01,2024-01-16 16:01:15,249.43,1.9955,0.0,24,Success,Tax Payment,Pokhara,NPR,False
TXN-20240116-0005164,WALL-0081969,MERCH-00024,PM-04,DEV-05,2024-01-16 21:06:48,17.19,0.3438,0.3438,1,Success,Purchase,Khon Kaen,THB,False
TXN-20240116-0005165,WALL-0052815,MERCH-00400,PM-01,DEV-02,2024-01-16 11:55:51,35.21,0.0,0.0,3,Success,Purchase,Kathmandu,NPR,False
TXN-20240116-0005166,WALL-0115056,MERCH-00001,PM-01,DEV-01,2024-01-16 13:30:04,24.55,0.0,0.4911,2,Success,Purchase,Mandalay,MMK,False
TXN-20240116-0005167,WALL-0001466,MERCH-00170,PM-01,DEV-03,2024-01-16 14:38:27,124.93,0.0,6.2464,12,Success,Purchase,Bago,MMK,False
TXN-20240116-0005168,WALL-0020605,MERCH-00495,PM-01,DEV-04,2024-01-16 03:26:03,190.66,0.0,0.0,19,Success,Payment,Jaipur,INR,False
TXN-20240116-0005169,WALL-0042886,MERCH-00045,PM-01,DEV-03,2024-01-16 06:46:18,12.97,0.0,0.2595,1,Success,Purchase,Bangalore,INR,False
TXN-20240116-0005170,WALL-0028383,MERCH-00269,PM-04,DEV-03,2024-01-16 14:09:16,7.84,0.1568,0.0,0,Success,Subscription,Pathein,MMK,False
TXN-20240116-0005171,WALL-0134978,MERCH-00208,PM-03,DEV-01,2024-01-16 10:01:02,12.56,0.1005,0.0,1,Success,Purchase,Naypyidaw,MMK,False
TXN-20240116-0005172,WALL-0097705,MERCH-00058,PM-03,DEV-01,2024-01-16 18:30:28,18.42,0.1473,0.3684,1,Success,Purchase,Bago,MMK,False
TXN-20240116-0005173,WALL-0027694,MERCH-00011,PM-02,DEV-01,2024-01-16 21:15:24,6.05,0.0121,0.121,0,Success,Purchase,Yangon,MMK,False
TXN-20240116-0005174,WALL-0110790,MERCH-00073,PM-01,DEV-01,2024-01-16 14:46:41,20.99,0.0,0.4198,2,Success,Purchase,Yangon,MMK,False
TXN-20240116-0005175,WALL-0029798,MERCH-00424,PM-01,DEV-01,2024-01-16 16:06:51,54.35,0.0,0.0,5,Success,Payment,Mandalay,MMK,False
TXN-20240116-0005176,WALL-0089458,MERCH-00437,PM-01,DEV-01,2024-01-16 15:31:25,553.22,0.0,0.0,55,Success,Tax Payment,Pune,INR,False
TXN-20240116-0005177,WALL-0060143,MERCH-00067,PM-01,DEV-01,2024-01-16 12:53:07,27.28,0.0,0.5456,2,Success,Purchase,Jakarta,IDR,False
TXN-20240116-0005178,WALL-0010786,MERCH-00124,PM-04,DEV-01,2024-01-16 20:43:23,37.43,0.7486,0.0,3,Success,Purchase,Myitkyina,MMK,False
TXN-20240116-0005179,WALL-0000673,MERCH-00320,PM-01,DEV-01,2024-01-16 05:48:23,40.73,0.0,0.0,4,Success,Bill Payment,Naypyidaw,MMK,False
TXN-20240116-0005180,WALL-0048377,MERCH-00232,PM-01,DEV-01,2024-01-16 18:15:59,9.87,0.0,0.0,0,Success,Subscription,Phnom Penh,THB,False
TXN-20240116-0005181,WALL-0005899,MERCH-00304,PM-03,DEV-01,2024-01-16 15:10:24,1442.0,11.536,115.36,288,Success,Purchase,Bago,MMK,False
TXN-20240116-0005182,WALL-0023651,MERCH-00198,PM-01,DEV-01,2024-01-16 21:07:02,17.25,0.0,0.0,1,Success,Purchase,Islamabad,PKR,False
TXN-20240116-0005183,WALL-0048818,MERCH-00371,PM-02,DEV-01,2024-01-16 06:24:17,60.32,0.1206,0.0,6,Success,Purchase,Mandalay,MMK,False
TXN-20240116-0005184,WALL-0010032,MERCH-00190,PM-02,DEV-02,2024-01-16 07:08:21,286.42,0.5728,0.0,0,Pending,Purchase,Siem Reap,MMK,False
TXN-20240116-0005185,WALL-0048940,MERCH-00258,PM-02,DEV-02,2024-01-16 14:52:43,11.95,0.0239,0.0,1,Success,Subscription,Naypyidaw,MMK,False
TXN-20240116-0005186,WALL-0142131,MERCH-00032,PM-01,DEV-01,2024-01-16 16:45:26,11.22,0.0,0.2243,1,Success,Purchase,Dhaka,INR,False
TXN-20240116-0005187,WALL-0130621,MERCH-00029,PM-02,DEV-01,2024-01-16 20:46:39,11.09,0.0222,0.2218,1,Success,Purchase,Mawlamyine,MMK,False
TXN-20240116-0005188,WALL-0145938,MERCH-00445,PM-03,DEV-01,2024-01-16 18:55:00,373.09,2.9847,0.0,37,Success,Tax Payment,Siem Reap,MYR,False
TXN-20240116-0005189,WALL-0082950,MERCH-00246,PM-01,DEV-02,2024-01-16 04:40:42,16.85,0.0,0.0,1,Success,Subscription,Chennai,INR,False
TXN-20240116-0005190,WALL-0064856,MERCH-00187,PM-02,DEV-02,2024-01-16 11:25:24,43.4,0.0868,2.1698,4,Success,Purchase,Myitkyina,MMK,False
TXN-20240116-0005191,WALL-0122472,MERCH-00340,PM-01,DEV-01,2024-01-16 05:39:20,53.14,0.0,0.0,5,Success,Bill Payment,Mumbai,INR,False
TXN-20240116-0005192,WALL-0074532,MERCH-00150,PM-02,DEV-03,2024-01-16 05:58:27,27.83,0.0557,1.3913,2,Success,Purchase,Delhi,LKR,False
TXN-20240116-0005193,WALL-0053619,MERCH-00286,PM-03,DEV-01,2024-01-16 21:15:13,137.86,1.1029,11.0289,27,Success,Purchase,Mandalay,MMK,False
TXN-20240116-0005194,WALL-0013921,MERCH-00079,PM-01,DEV-02,2024-01-16 17:43:50,28.67,0.0,0.5735,2,Success,Purchase,Jakarta,IDR,False
TXN-20240116-0005195,WALL-0149707,MERCH-00161,PM-02,DEV-03,2024-01-16 13:47:19,263.04,0.5261,13.1518,26,Success,Purchase,Taunggyi,MMK,False
TXN-20240116-0005196,WALL-0103185,MERCH-00373,PM-04,DEV-01,2024-01-16 18:47:02,34.91,0.6982,0.0,3,Success,Purchase,Khon Kaen,MMK,False
TXN-20240116-0005197,WALL-0040962,MERCH-00152,PM-01,DEV-01,2024-01-16 18:32:57,32.32,0.0,1.6161,3,Success,Purchase,Cebu City,PHP,False
TXN-20240116-0005198,WALL-0019111,MERCH-00436,PM-04,DEV-01,2024-01-16 15:15:00,121.12,2.4223,0.0,12,Success,Tax Payment,Ahmedabad,INR,False
TXN-20240116-0005199,WALL-0103784,MERCH-00141,PM-01,DEV-03,2024-01-16 01:30:51,217.64,0.0,10.8819,21,Success,Purchase,Pathein,MMK,False
TXN-20240116-0005200,WALL-0017268,MERCH-00326,PM-01,DEV-01,2024-01-16 16:39:16,35.86,0.0,0.0,3,Success,Bill Payment,Taunggyi,MMK,False
TXN-20240116-0005201,WALL-0065343,MERCH-00045,PM-03,DEV-03,2024-01-16 19:55:50,22.53,0.1803,0.4507,2,Success,Purchase,Siem Reap,MMK,False
TXN-20240116-0005202,WALL-0025515,MERCH-00049,PM-01,DEV-01,2024-01-16 10:36:03,27.75,0.0,0.5549,2,Success,Purchase,Kuala Lumpur,MYR,False
TXN-20240116-0005203,WALL-0081002,MERCH-00010,PM-04,DEV-01,2024-01-16 21:51:35,11.68,0.2335,0.2335,1,Success,Purchase,Pathein,MMK,False
TXN-20240116-0005204,WALL-0114021,MERCH-00244,PM-02,DEV-01,2024-01-16 21:55:42,30.89,0.0618,0.0,3,Success,Subscription,Kandy,LKR,False
TXN-20240116-0005205,WALL-0032088,MERCH-00240,PM-04,DEV-01,2024-01-16 14:10:33,5.88,0.1175,0.0,0,Success,Subscription,Ho Chi Minh City,VND,False
TXN-20240116-0005206,WALL-0069175,MERCH-00359,PM-02,DEV-02,2024-01-16 21:19:47,23.77,0.0475,0.0,2,Success,Bill Payment,Bago,MMK,False
TXN-20240116-0005207,WALL-0055710,MERCH-00356,PM-01,DEV-02,2024-01-16 12:02:57,156.22,0.0,0.0,15,Success,Bill Payment,Penang,MYR,False
TXN-20240116-0005208,WALL-0126216,MERCH-00195,PM-05,DEV-02,2024-01-16 15:46:22,15.04,0.0,0.0,1,Success,Purchase,Myitkyina,MMK,False
TXN-20240116-0005209,WALL-0084944,MERCH-00088,PM-03,DEV-01,2024-01-16 16:18:45,17.59,0.1407,0.0,1,Success,Purchase,Mandalay,MMK,False
TXN-20240116-0005210,WALL-0138608,MERCH-00423,PM-03,DEV-02,2024-01-16 18:10:24,32.2,0.2576,0.0,3,Success,Payment,Chennai,MMK,False
TXN-20240116-0005211,WALL-0077976,MERCH-00330,PM-01,DEV-03,2024-01-16 12:55:44,72.54,0.0,0.0,7,Success,Bill Payment,Naypyidaw,MMK,False
TXN-20240116-0005212,WALL-0147125,MERCH-00402,PM-04,DEV-03,2024-01-16 04:23:54,195.37,3.9073,0.0,19,Success,Payment,Mawlamyine,MMK,False
TXN-20240116-0005213,WALL-0128098,MERCH-00067,PM-04,DEV-01,2024-01-16 13:53:11,60.0,1.2,1.2,6,Success,Purchase,Yangon,MMK,False
TXN-20240116-0005214,WALL-0104021,MERCH-00135,PM-01,DEV-01,2024-01-16 10:09:53,173.04,0.0,8.6518,17,Success,Purchase,Kuala Lumpur,MMK,False
TXN-20240116-0005215,WALL-0109822,MERCH-00375,PM-05,DEV-01,2024-01-16 17:49:20,63.81,0.0,0.0,6,Success,Purchase,Kandy,SGD,False
TXN-20240116-0005216,WALL-0008836,MERCH-00271,PM-01,DEV-04,2024-01-16 06:56:59,319.42,0.0,25.5532,63,Success,Purchase,Mandalay,MMK,False
TXN-20240116-0005217,WALL-0118941,MERCH-00430,PM-02,DEV-01,2024-01-16 03:28:51,56.85,0.1137,0.0,5,Success,Payment,Cebu City,PHP,False
TXN-20240116-0005218,WALL-0007751,MERCH-00164,PM-01,DEV-03,2024-01-16 19:45:30,74.91,0.0,3.7457,7,Success,Purchase,Naypyidaw,MMK,False
TXN-20240116-0005219,WALL-0068909,MERCH-00115,PM-04,DEV-01,2024-01-16 14:25:16,186.33,3.7266,0.0,18,Success,Purchase,Phnom Penh,KHR,False
TXN-20240116-0005220,WALL-0066902,MERCH-00010,PM-02,DEV-01,2024-01-16 18:07:53,9.07,0.0181,0.1814,0,Success,Purchase,Bali,MMK,False
TXN-20240116-0005221,WALL-0138774,MERCH-00137,PM-01,DEV-01,2024-01-16 15:36:45,249.61,0.0,12.4803,24,Success,Purchase,Kathmandu,NPR,False
TXN-20240116-0005222,WALL-0129588,MERCH-00329,PM-01,DEV-03,2024-01-16 07:00:43,137.37,0.0,0.0,13,Success,Bill Payment,Mawlamyine,MMK,False
TXN-20240116-0005223,WALL-0071870,MERCH-00059,PM-01,DEV-01,2024-01-16 13:49:31,20.75,0.0,0.4149,2,Success,Purchase,Bali,IDR,False
TXN-20240116-0005224,WALL-0001555,MERCH-00482,PM-01,DEV-02,2024-01-16 18:05:48,658.46,0.0,0.0,65,Success,Payment,Yangon,MMK,False
TXN-20240116-0005225,WALL-0081717,MERCH-00438,PM-01,DEV-03,2024-01-16 18:57:39,187.21,0.0,0.0,0,Reversed,Tax Payment,Myitkyina,KHR,False
TXN-20240116-0005226,WALL-0086304,MERCH-00184,PM-02,DEV-01,2024-01-16 07:29:41,216.09,0.4322,10.8047,21,Success,Purchase,Khon Kaen,THB,False
TXN-20240116-0005227,WALL-0104914,MERCH-00003,PM-02,DEV-01,2024-01-16 17:21:51,16.8,0.0336,0.336,1,Success,Purchase,Quezon City,PHP,False
TXN-20240116-0005228,WALL-0005378,MERCH-00347,PM-02,DEV-02,2024-01-16 09:49:29,29.1,0.0582,0.0,2,Success,Bill Payment,Bandung,IDR,False
TXN-20240116-0005229,WALL-0144853,MERCH-00051,PM-01,DEV-01,2024-01-16 12:13:39,33.7,0.0,0.6739,3,Success,Purchase,Phnom Penh,KHR,False
TXN-20240116-0005230,WALL-0011893,MERCH-00109,PM-04,DEV-05,2024-01-16 12:57:20,35.29,0.7059,0.0,3,Success,Purchase,Kolkata,INR,False
TXN-20240116-0005231,WALL-0040612,MERCH-00384,PM-04,DEV-01,2024-01-16 21:24:13,63.56,1.2711,0.0,6,Success,Purchase,Phuket,THB,False
TXN-20240116-0005232,WALL-0143866,MERCH-00180,PM-04,DEV-01,2024-01-16 17:05:32,151.23,3.0246,7.5615,15,Success,Purchase,Naypyidaw,BDT,False
TXN-20240116-0005233,WALL-0056777,MERCH-00331,PM-01,DEV-01,2024-01-16 06:21:14,128.15,0.0,0.0,12,Success,Bill Payment,Mawlamyine,MMK,False
TXN-20240116-0005234,WALL-0051381,MERCH-00248,PM-04,DEV-01,2024-01-16 07:36:16,10.16,0.2033,0.0,1,Success,Subscription,Manila,PHP,False
TXN-20240116-0005235,WALL-0041777,MERCH-00098,PM-03,DEV-01,2024-01-16 08:31:42,94.89,0.7591,0.0,9,Success,Purchase,Ho Chi Minh City,VND,False
TXN-20240116-0005236,WALL-0072147,MERCH-00440,PM-02,DEV-01,2024-01-16 10:24:43,142.36,0.2847,0.0,14,Success,Tax Payment,Singapore,SGD,False
TXN-20240116-0005237,WALL-0138285,MERCH-00258,PM-04,DEV-01,2024-01-16 17:41:07,6.84,0.1369,0.0,0,Success,Subscription,Colombo,MYR,False
TXN-20240116-0005238,WALL-0003354,MERCH-00113,PM-02,DEV-01,2024-01-16 20:51:26,40.77,0.0815,0.0,4,Success,Purchase,Colombo,LKR,False
TXN-20240116-0005239,WALL-0116231,MERCH-00137,PM-04,DEV-04,2024-01-16 14:37:23,46.53,0.9306,2.3266,4,Success,Purchase,Myitkyina,MMK,False
TXN-20240116-0005240,WALL-0018719,MERCH-00251,PM-02,DEV-05,2024-01-16 14:11:44,5.0,0.01,0.0,0,Success,Subscription,Singapore,SGD,False
TXN-20240116-0005241,WALL-0104293,MERCH-00297,PM-04,DEV-01,2024-01-16 09:26:23,602.39,12.0477,48.1909,120,Success,Purchase,Phuket,THB,False
TXN-20240116-0005242,WALL-0028636,MERCH-00184,PM-01,DEV-01,2024-01-16 11:17:37,51.19,0.0,2.5597,5,Success,Purchase,Pathein,MMK,False
TXN-20240116-0005243,WALL-0033511,MERCH-00019,PM-01,DEV-01,2024-01-16 12:17:54,12.14,0.0,0.0,0,Reversed,Purchase,Pattaya,THB,False
TXN-20240116-0005244,WALL-0058670,MERCH-00130,PM-02,DEV-01,2024-01-16 09:33:27,129.58,0.2592,0.0,12,Success,Purchase,Dhaka,BDT,False
TXN-20240116-0005245,WALL-0025351,MERCH-00278,PM-04,DEV-01,2024-01-16 13:16:29,2788.15,55.763,223.052,557,Success,Purchase,Myitkyina,MMK,False
TXN-20240116-0005246,WALL-0133379,MERCH-00110,PM-01,DEV-01,2024-01-16 15:25:03,62.68,0.0,0.0,6,Success,Purchase,Yangon,MMK,False
TXN-20240116-0005247,WALL-0007427,MERCH-00114,PM-01,DEV-02,2024-01-16 19:35:24,22.38,0.0,0.0,2,Success,Purchase,Bangkok,THB,False
TXN-20240116-0005248,WALL-0020408,MERCH-00038,PM-04,DEV-01,2024-01-16 13:15:35,13.52,0.2704,0.2704,1,Success,Purchase,Chiang Mai,THB,False
TXN-20240116-0005249,WALL-0033373,MERCH-00096,PM-01,DEV-02,2024-01-16 23:24:16,26.15,0.0,0.0,2,Success,Purchase,Taunggyi,MMK,False
TXN-20240116-0005250,WALL-0110474,MERCH-00433,PM-03,DEV-01,2024-01-16 19:46:14,69.18,0.5534,0.0,6,Success,Tax Payment,Taunggyi,MMK,False
TXN-20240116-0005251,WALL-0104242,MERCH-00040,PM-02,DEV-01,2024-01-16 11:16:17,10.51,0.021,0.2102,1,Success,Purchase,Mandalay,MMK,False
TXN-20240116-0005252,WALL-0032598,MERCH-00008,PM-02,DEV-01,2024-01-16 16:03:54,6.89,0.0138,0.1377,0,Success,Purchase,Bago,MMK,False
TXN-20240116-0005253,WALL-0111864,MERCH-00005,PM-03,DEV-02,2024-01-16 20:38:25,26.5,0.212,0.53,2,Success,Purchase,Bangkok,THB,False
TXN-20240116-0005254,WALL-0082133,MERCH-00437,PM-04,DEV-02,2024-01-16 19:08:54,282.45,5.649,0.0,28,Success,Tax Payment,Mandalay,MMK,False
TXN-20240116-0005255,WALL-0093675,MERCH-00329,PM-01,DEV-01,2024-01-16 14:30:28,81.35,0.0,0.0,8,Success,Bill Payment,Bago,MMK,False
TXN-20240116-0005256,WALL-0113718,MERCH-00292,PM-01,DEV-01,2024-01-16 11:45:16,432.85,0.0,34.6283,86,Success,Purchase,Bangkok,THB,False
TXN-20240116-0005257,WALL-0006158,MERCH-00311,PM-02,DEV-04,2024-01-16 04:43:22,81.63,0.1633,0.0,8,Success,Bill Payment,Kathmandu,NPR,False
TXN-20240116-0005258,WALL-0020574,MERCH-00150,PM-04,DEV-02,2024-01-16 12:45:48,84.96,1.6991,4.2479,8,Success,Purchase,Bandung,IDR,False
TXN-20240116-0005259,WALL-0066464,MERCH-00092,PM-02,DEV-01,2024-01-16 20:14:38,45.78,0.0916,0.0,4,Success,Purchase,Yangon,MMK,False
TXN-20240116-0005260,WALL-0039531,MERCH-00045,PM-02,DEV-01,2024-01-16 13:34:26,31.24,0.0625,0.6248,3,Success,Purchase,Naypyidaw,MMK,False
TXN-20240116-0005261,WALL-0098631,MERCH-00326,PM-04,DEV-01,2024-01-16 17:48:08,64.6,1.2921,0.0,6,Success,Bill Payment,Penang,THB,False
TXN-20240116-0005262,WALL-0083452,MERCH-00318,PM-03,DEV-01,2024-01-16 13:31:30,80.27,0.6421,0.0,8,Success,Bill Payment,Bandung,MMK,False
TXN-20240116-0005263,WALL-0131771,MERCH-00414,PM-02,DEV-02,2024-01-16 21:58:37,210.65,0.4213,0.0,21,Success,Payment,Colombo,LKR,False
TXN-20240116-0005264,WALL-0087456,MERCH-00372,PM-01,DEV-02,2024-01-16 12:36:52,95.82,0.0,0.0,9,Success,Purchase,Khon Kaen,THB,False
TXN-20240116-0005265,WALL-0102136,MERCH-00058,PM-01,DEV-01,2024-01-16 18:47:43,15.75,0.0,0.315,1,Success,Purchase,Naypyidaw,MMK,False
TXN-20240116-0005266,WALL-0139300,MERCH-00070,PM-01,DEV-03,2024-01-16 11:00:07,44.99,0.0,0.0,0,Failed,Purchase,Naypyidaw,MMK,False
TXN-20240116-0005267,WALL-0105113,MERCH-00398,PM-02,DEV-01,2024-01-16 04:53:41,26.05,0.0521,0.0,2,Success,Purchase,Naypyidaw,MMK,False
TXN-20240116-0005268,WALL-0053225,MERCH-00009,PM-02,DEV-01,2024-01-16 19:00:04,6.64,0.0133,0.1327,0,Success,Purchase,Da Nang,PHP,False
TXN-20240116-0005269,WALL-0118116,MERCH-00175,PM-04,DEV-01,2024-01-16 00:59:02,64.55,1.2911,3.2277,6,Success,Purchase,Ahmedabad,INR,False
TXN-20240116-0005270,WALL-0090927,MERCH-00232,PM-02,DEV-02,2024-01-16 14:17:50,17.04,0.0341,0.0,1,Success,Subscription,Taunggyi,MMK,False
TXN-20240116-0005271,WALL-0138820,MERCH-00118,PM-01,DEV-01,2024-01-16 10:31:02,52.32,0.0,0.0,5,Success,Purchase,Karachi,PKR,False
TXN-20240116-0005272,WALL-0141630,MERCH-00025,PM-03,DEV-01,2024-01-16 06:35:39,24.91,0.1993,0.4982,2,Success,Purchase,Ahmedabad,INR,False
TXN-20240116-0005273,WALL-0045184,MERCH-00399,PM-01,DEV-01,2024-01-16 17:49:51,39.8,0.0,0.0,3,Success,Purchase,Mawlamyine,MMK,False
TXN-20240116-0005274,WALL-0059402,MERCH-00087,PM-02,DEV-02,2024-01-16 04:45:29,111.78,0.2236,0.0,11,Success,Purchase,Phnom Penh,KHR,False
TXN-20240116-0005275,WALL-0082551,MERCH-00111,PM-01,DEV-02,2024-01-16 15:36:32,167.8,0.0,0.0,16,Success,Purchase,Yangon,MMK,False
TXN-20240116-0005276,WALL-0101845,MERCH-00165,PM-03,DEV-01,2024-01-16 13:35:19,59.54,0.4763,2.977,5,Success,Purchase,Siem Reap,KHR,False
TXN-20240116-0005277,WALL-0148420,MERCH-00049,PM-02,DEV-01,2024-01-16 12:37:07,25.43,0.0509,0.5086,2,Success,Purchase,Quezon City,PHP,False
TXN-20240116-0005278,WALL-0098919,MERCH-00012,PM-04,DEV-02,2024-01-16 12:32:26,25.97,0.5194,0.5194,2,Success,Purchase,Bandung,IDR,False
TXN-20240116-0005279,WALL-0115924,MERCH-00072,PM-03,DEV-02,2024-01-16 00:13:48,13.8,0.1104,0.2761,1,Success,Purchase,Davao,MMK,False
TXN-20240116-0005280,WALL-0149178,MERCH-00112,PM-02,DEV-02,2024-01-16 10:20:33,48.46,0.0969,0.0,4,Success,Purchase,Myitkyina,MMK,False
TXN-20240116-0005281,WALL-0111070,MERCH-00217,PM-02,DEV-05,2024-01-16 17:20:56,10.89,0.0218,0.0,0,Pending,Purchase,Pathein,MMK,False
TXN-20240116-0005282,WALL-0114950,MERCH-00397,PM-05,DEV-01,2024-01-16 20:30:33,31.63,0.0,0.0,3,Success,Purchase,Ahmedabad,INR,False
TXN-20240116-0005283,WALL-0067992,MERCH-00328,PM-02,DEV-01,2024-01-16 19:56:09,183.99,0.368,0.0,18,Success,Bill Payment,Naypyidaw,MMK,False
TXN-20240116-0005284,WALL-0086086,MERCH-00086,PM-04,DEV-01,2024-01-16 15:51:24,156.85,3.1371,0.0,15,Success,Purchase,Taunggyi,MMK,False
TXN-20240116-0005285,WALL-0125195,MERCH-00010,PM-01,DEV-01,2024-01-16 16:18:57,12.98,0.0,0.2596,1,Success,Purchase,Medan,MMK,False
TXN-20240116-0005286,WALL-0005494,MERCH-00211,PM-01,DEV-03,2024-01-16 16:10:24,10.42,0.0,0.0,1,Success,Purchase,Mandalay,MMK,False
TXN-20240116-0005287,WALL-0048117,MERCH-00129,PM-01,DEV-05,2024-01-16 14:49:51,47.18,0.0,0.0,4,Success,Purchase,Ahmedabad,INR,False
TXN-20240116-0005288,WALL-0076692,MERCH-00398,PM-04,DEV-01,2024-01-16 17:42:50,21.51,0.4303,0.0,2,Success,Purchase,Taunggyi,MMK,False
TXN-20240116-0005289,WALL-0110325,MERCH-00094,PM-01,DEV-03,2024-01-16 21:38:19,37.33,0.0,0.0,3,Success,Purchase,Manila,INR,False
TXN-20240116-0005290,WALL-0077049,MERCH-00435,PM-05,DEV-03,2024-01-16 20:02:20,65.88,0.0,0.0,6,Success,Tax Payment,Davao,PHP,False
TXN-20240116-0005291,WALL-0015107,MERCH-00346,PM-05,DEV-01,2024-01-16 14:20:39,99.41,0.0,0.0,9,Success,Bill Payment,Da Nang,VND,False
TXN-20240116-0005292,WALL-0087927,MERCH-00311,PM-01,DEV-02,2024-01-16 19:03:24,187.0,0.0,0.0,18,Success,Bill Payment,Colombo,LKR,False
TXN-20240116-0005293,WALL-0133272,MERCH-00032,PM-04,DEV-01,2024-01-16 08:39:11,26.46,0.5292,0.5292,2,Success,Purchase,Siem Reap,KHR,False
TXN-20240116-0005294,WALL-0038053,MERCH-00390,PM-01,DEV-03,2024-01-16 06:33:40,142.62,0.0,0.0,14,Success,Purchase,Ho Chi Minh City,VND,False
TXN-20240116-0005295,WALL-0125708,MERCH-00323,PM-02,DEV-05,2024-01-16 07:39:43,53.13,0.1063,0.0,5,Success,Bill Payment,Chittagong,MMK,False
TXN-20240116-0005296,WALL-0148558,MERCH-00115,PM-01,DEV-01,2024-01-16 16:10:39,33.85,0.0,0.0,3,Success,Purchase,Hyderabad,INR,False
TXN-20240116-0005297,WALL-0113601,MERCH-00273,PM-01,DEV-01,2024-01-16 05:48:01,185.57,0.0,0.0,0,Failed,Purchase,Pune,INR,False
TXN-20240116-0005298,WALL-0074065,MERCH-00369,PM-01,DEV-01,2024-01-16 20:01:07,32.1,0.0,0.0,3,Success,Bill Payment,Bali,IDR,False
TXN-20240116-0005299,WALL-0077436,MERCH-00483,PM-01,DEV-01,2024-01-16 15:53:58,136.95,0.0,0.0,13,Success,Payment,Pathein,MMK,False
TXN-20240116-0005300,WALL-0056556,MERCH-00169,PM-02,DEV-01,2024-01-16 20:06:47,169.4,0.3388,8.47,16,Success,Purchase,Myitkyina,MMK,False
TXN-20240116-0005301,WALL-0131246,MERCH-00178,PM-01,DEV-01,2024-01-16 00:34:43,34.72,0.0,1.7361,3,Success,Purchase,Bali,IDR,False
TXN-20240116-0005302,WALL-0031158,MERCH-00333,PM-04,DEV-01,2024-01-16 11:06:26,97.47,1.9493,0.0,9,Success,Bill Payment,Chittagong,BDT,False
TXN-20240116-0005303,WALL-0149326,MERCH-00224,PM-01,DEV-01,2024-01-16 16:02:34,7.49,0.0,0.0,0,Success,Purchase,Khon Kaen,LKR,False
TXN-20240116-0005304,WALL-0020090,MERCH-00327,PM-01,DEV-05,2024-01-16 11:58:20,325.84,0.0,0.0,32,Success,Bill Payment,Kandy,THB,False
TXN-20240116-0005305,WALL-0139225,MERCH-00102,PM-02,DEV-02,2024-01-16 08:57:14,108.45,0.2169,0.0,10,Success,Purchase,Mawlamyine,MMK,False
TXN-20240116-0005306,WALL-0147042,MERCH-00464,PM-01,DEV-04,2024-01-16 20:02:26,233.14,0.0,0.0,23,Success,Payment,Lahore,PKR,False
TXN-20240116-0005307,WALL-0053858,MERCH-00135,PM-02,DEV-01,2024-01-16 17:37:11,271.69,0.5434,13.5844,27,Success,Purchase,Johor Bahru,MYR,False
TXN-20240116-0005308,WALL-0031188,MERCH-00123,PM-04,DEV-04,2024-01-16 21:09:51,22.77,0.4554,0.0,2,Success,Purchase,Ahmedabad,INR,False
TXN-20240116-0005309,WALL-0100246,MERCH-00040,PM-02,DEV-01,2024-01-16 09:12:42,13.87,0.0277,0.2775,1,Success,Purchase,Kuala Lumpur,MYR,False
TXN-20240116-0005310,WALL-0095187,MERCH-00228,PM-04,DEV-04,2024-01-16 20:54:10,6.69,0.1337,0.0,0,Success,Purchase,Bago,MMK,False
TXN-20240116-0005311,WALL-0002744,MERCH-00261,PM-03,DEV-04,2024-01-16 10:55:30,26.28,0.2103,0.0,2,Success,Subscription,Cebu City,PHP,False
TXN-20240116-0005312,WALL-0076793,MERCH-00408,PM-01,DEV-01,2024-01-16 19:00:39,172.77,0.0,0.0,17,Success,Payment,Medan,IDR,False
TXN-20240116-0005313,WALL-0109338,MERCH-00076,PM-01,DEV-03,2024-01-16 22:09:21,7.42,0.0,0.1483,0,Success,Purchase,Myitkyina,MMK,False
TXN-20240116-0005314,WALL-0079680,MERCH-00243,PM-01,DEV-04,2024-01-16 08:10:44,16.04,0.0,0.0,1,Success,Subscription,Kolkata,MMK,False
TXN-20240116-0005315,WALL-0055083,MERCH-00128,PM-01,DEV-01,2024-01-16 14:37:47,38.81,0.0,0.0,3,Success,Purchase,Mandalay,MMK,False
TXN-20240116-0005316,WALL-0031101,MERCH-00115,PM-01,DEV-05,2024-01-16 21:46:16,23.81,0.0,0.0,2,Success,Purchase,Naypyidaw,MMK,False
TXN-20240116-0005317,WALL-0111320,MERCH-00031,PM-01,DEV-05,2024-01-16 13:27:01,14.56,0.0,0.2912,1,Success,Purchase,Manila,PHP,False
TXN-20240116-0005318,WALL-0054930,MERCH-00224,PM-04,DEV-01,2024-01-16 15:15:40,11.93,0.2386,0.0,1,Success,Purchase,Pattaya,MMK,False
TXN-20240116-0005319,WALL-0074630,MERCH-00214,PM-05,DEV-02,2024-01-16 08:33:34,10.06,0.0,0.0,1,Success,Purchase,Singapore,MMK,False
TXN-20240116-0005320,WALL-0070931,MERCH-00330,PM-01,DEV-03,2024-01-16 13:07:56,255.59,0.0,0.0,25,Success,Bill Payment,Bangalore,LKR,False
TXN-20240116-0005321,WALL-0017348,MERCH-00019,PM-03,DEV-05,2024-01-16 13:40:17,8.4,0.0672,0.168,0,Success,Purchase,Dhaka,BDT,False
TXN-20240116-0005322,WALL-0129795,MERCH-00155,PM-05,DEV-02,2024-01-16 15:02:51,46.59,0.0,2.3294,4,Success,Purchase,Khon Kaen,THB,False
TXN-20240116-0005323,WALL-0115391,MERCH-00126,PM-01,DEV-04,2024-01-16 06:28:44,31.76,0.0,0.0,3,Success,Purchase,Medan,IDR,False
TXN-20240116-0005324,WALL-0103227,MERCH-00098,PM-01,DEV-01,2024-01-16 17:31:59,19.48,0.0,0.0,1,Success,Purchase,Kandy,LKR,False
TXN-20240116-0005325,WALL-0027627,MERCH-00067,PM-02,DEV-03,2024-01-16 22:48:05,14.25,0.0285,0.2849,1,Success,Purchase,Hanoi,VND,False
TXN-20240116-0005326,WALL-0119449,MERCH-00210,PM-01,DEV-01,2024-01-16 01:33:20,24.09,0.0,0.0,2,Success,Purchase,Pune,THB,False
TXN-20240116-0005327,WALL-0006708,MERCH-00246,PM-03,DEV-02,2024-01-16 08:02:56,38.98,0.3118,0.0,3,Success,Subscription,Siem Reap,INR,False
TXN-20240116-0005328,WALL-0136049,MERCH-00331,PM-02,DEV-01,2024-01-16 03:29:26,94.5,0.189,0.0,9,Success,Bill Payment,Bago,MMK,False
TXN-20240116-0005329,WALL-0045747,MERCH-00184,PM-02,DEV-01,2024-01-16 13:40:44,20.0,0.04,1.0,2,Success,Purchase,Pathein,MMK,False
TXN-20240116-0005330,WALL-0086221,MERCH-00240,PM-01,DEV-01,2024-01-16 21:24:14,5.0,0.0,0.0,0,Success,Subscription,Pokhara,NPR,False
TXN-20240116-0005331,WALL-0112149,MERCH-00225,PM-04,DEV-02,2024-01-16 16:04:55,9.28,0.1856,0.0,0,Success,Purchase,Kuala Lumpur,MYR,False
TXN-20240116-0005332,WALL-0147702,MERCH-00441,PM-03,DEV-02,2024-01-16 11:57:07,125.41,1.0033,0.0,12,Success,Tax Payment,Taunggyi,MMK,False
TXN-20240116-0005333,WALL-0006597,MERCH-00040,PM-01,DEV-01,2024-01-16 14:33:45,5.85,0.0,0.117,0,Success,Purchase,Bago,MMK,False
TXN-20240116-0005334,WALL-0125481,MERCH-00061,PM-01,DEV-01,2024-01-16 14:14:55,32.16,0.0,0.0,0,Failed,Purchase,Yangon,MMK,False
TXN-20240116-0005335,WALL-0112192,MERCH-00242,PM-02,DEV-05,2024-01-16 19:25:39,6.44,0.0129,0.0,0,Success,Subscription,Taunggyi,MMK,False
TXN-20240116-0005336,WALL-0048688,MERCH-00095,PM-01,DEV-02,2024-01-16 10:38:28,70.49,0.0,0.0,7,Success,Purchase,Mumbai,LKR,False
TXN-20240116-0005337,WALL-0093061,MERCH-00175,PM-02,DEV-05,2024-01-16 20:56:33,162.48,0.325,8.1239,16,Success,Purchase,Hanoi,VND,False
TXN-20240116-0005338,WALL-0076976,MERCH-00318,PM-01,DEV-01,2024-01-16 21:08:00,95.17,0.0,0.0,9,Success,Bill Payment,Siem Reap,KHR,False
TXN-20240116-0005339,WALL-0034959,MERCH-00226,PM-02,DEV-03,2024-01-16 07:44:35,14.7,0.0294,0.0,1,Success,Purchase,Taunggyi,MMK,False
TXN-20240116-0005340,WALL-0039664,MERCH-00225,PM-01,DEV-02,2024-01-16 14:12:04,31.15,0.0,0.0,3,Success,Purchase,Chittagong,BDT,False
TXN-20240116-0005341,WALL-0099964,MERCH-00318,PM-01,DEV-03,2024-01-16 15:51:58,93.12,0.0,0.0,9,Success,Bill Payment,Bandung,IDR,False
TXN-20240116-0005342,WALL-0048357,MERCH-00110,PM-01,DEV-03,2024-01-16 15:59:56,30.05,0.0,0.0,3,Success,Purchase,Quezon City,PHP,False
TXN-20240116-0005343,WALL-0075096,MERCH-00230,PM-02,DEV-01,2024-01-16 12:01:25,55.27,0.1105,0.0,5,Success,Purchase,Yangon,MMK,False
TXN-20240116-0005344,WALL-0023048,MERCH-00237,PM-01,DEV-01,2024-01-16 14:38:16,12.38,0.0,0.0,1,Success,Subscription,Hanoi,VND,False
TXN-20240116-0005345,WALL-0023188,MERCH-00072,PM-04,DEV-01,2024-01-16 06:56:39,28.82,0.5765,0.5765,2,Success,Purchase,Islamabad,PKR,False
TXN-20240116-0005346,WALL-0042693,MERCH-00095,PM-03,DEV-01,2024-01-16 10:56:38,66.09,0.5287,0.0,6,Success,Purchase,Pokhara,NPR,False
TXN-20240116-0005347,WALL-0009254,MERCH-00275,PM-03,DEV-05,2024-01-16 13:02:31,2167.71,17.3417,173.4168,433,Success,Purchase,Taunggyi,MMK,False
TXN-20240116-0005348,WALL-0128733,MERCH-00309,PM-01,DEV-03,2024-01-16 20:34:17,139.05,0.0,11.1236,27,Success,Purchase,Cebu City,PHP,False
TXN-20240116-0005349,WALL-0147752,MERCH-00392,PM-04,DEV-01,2024-01-16 10:47:28,102.19,2.0438,0.0,10,Success,Purchase,Chiang Mai,THB,False
TXN-20240116-0005350,WALL-0139449,MERCH-00011,PM-01,DEV-01,2024-01-16 21:39:27,51.1,0.0,1.0221,5,Success,Purchase,Siem Reap,KHR,False
TXN-20240116-0005351,WALL-0122879,MERCH-00078,PM-01,DEV-01,2024-01-16 16:42:33,5.07,0.0,0.1015,0,Success,Purchase,Karachi,PKR,False
TXN-20240116-0005352,WALL-0072217,MERCH-00072,PM-02,DEV-03,2024-01-16 08:55:10,11.3,0.0226,0.226,1,Success,Purchase,Hanoi,VND,False
TXN-20240116-0005353,WALL-0144433,MERCH-00318,PM-02,DEV-03,2024-01-16 06:24:01,55.88,0.1118,0.0,5,Success,Bill Payment,Bangalore,INR,False
TXN-20240116-0005354,WALL-0071562,MERCH-00447,PM-04,DEV-01,2024-01-16 10:03:20,300.4,6.008,0.0,30,Success,Tax Payment,Ho Chi Minh City,MMK,False
TXN-20240116-0005355,WALL-0081952,MERCH-00334,PM-01,DEV-03,2024-01-16 05:42:32,109.54,0.0,0.0,0,Pending,Bill Payment,Karachi,MMK,False
TXN-20240116-0005356,WALL-0079520,MERCH-00222,PM-01,DEV-01,2024-01-16 15:20:43,11.39,0.0,0.0,1,Success,Purchase,Bangkok,MMK,False
TXN-20240116-0005357,WALL-0127300,MERCH-00038,PM-03,DEV-05,2024-01-16 20:43:20,8.18,0.0654,0.0,0,Pending,Purchase,Khon Kaen,THB,False
TXN-20240116-0005358,WALL-0134888,MERCH-00104,PM-02,DEV-02,2024-01-16 05:45:11,23.08,0.0462,0.0,2,Success,Purchase,Pokhara,NPR,False
TXN-20240116-0005359,WALL-0020327,MERCH-00052,PM-01,DEV-01,2024-01-16 08:58:57,6.5,0.0,0.13,0,Success,Purchase,Davao,PHP,False
TXN-20240116-0005360,WALL-0020265,MERCH-00060,PM-01,DEV-01,2024-01-16 12:28:16,88.95,0.0,1.7789,8,Success,Purchase,Islamabad,PKR,False
TXN-20240116-0005361,WALL-0104220,MERCH-00426,PM-05,DEV-02,2024-01-16 15:27:04,118.86,0.0,0.0,11,Success,Payment,Bago,MMK,False
TXN-20240116-0005362,WALL-0020423,MERCH-00061,PM-02,DEV-03,2024-01-16 08:05:14,8.46,0.0169,0.1691,0,Success,Purchase,Penang,MYR,False
TXN-20240116-0005363,WALL-0041310,MERCH-00432,PM-02,DEV-01,2024-01-16 12:46:57,1714.27,3.4285,0.0,171,Success,Tax Payment,Jaipur,INR,False
TXN-20240116-0005364,WALL-0044362,MERCH-00116,PM-01,DEV-03,2024-01-16 06:39:17,89.22,0.0,0.0,8,Success,Purchase,Siem Reap,KHR,False
TXN-20240116-0005365,WALL-0113377,MERCH-00005,PM-01,DEV-01,2024-01-16 18:04:29,15.4,0.0,0.3079,1,Success,Purchase,Pathein,MMK,False
TXN-20240116-0005366,WALL-0104192,MERCH-00136,PM-01,DEV-01,2024-01-16 12:18:54,221.97,0.0,11.0983,22,Success,Purchase,Kuala Lumpur,IDR,False
TXN-20240116-0005367,WALL-0026403,MERCH-00371,PM-02,DEV-01,2024-01-16 21:07:29,45.1,0.0902,0.0,4,Success,Purchase,Naypyidaw,MMK,False
TXN-20240116-0005368,WALL-0110439,MERCH-00124,PM-04,DEV-03,2024-01-16 04:52:40,45.42,0.9084,0.0,4,Success,Purchase,Quezon City,PHP,False
TXN-20240116-0005369,WALL-0079988,MERCH-00381,PM-01,DEV-03,2024-01-16 19:15:37,69.13,0.0,0.0,0,Failed,Purchase,Bago,MMK,False
TXN-20240116-0005370,WALL-0089332,MERCH-00067,PM-01,DEV-01,2024-01-16 10:09:29,8.72,0.0,0.1745,0,Success,Purchase,Bangalore,INR,False
TXN-20240116-0005371,WALL-0082895,MERCH-00005,PM-01,DEV-01,2024-01-16 14:17:42,7.09,0.0,0.1419,0,Success,Purchase,Cebu City,PHP,False
TXN-20240116-0005372,WALL-0141202,MERCH-00152,PM-04,DEV-01,2024-01-16 19:58:57,168.53,3.3707,8.4267,16,Success,Purchase,Mandalay,MMK,False
TXN-20240116-0005373,WALL-0148470,MERCH-00064,PM-03,DEV-02,2024-01-16 21:01:17,10.92,0.0874,0.2185,1,Success,Purchase,Siem Reap,MMK,False
TXN-20240116-0005374,WALL-0034404,MERCH-00385,PM-05,DEV-02,2024-01-16 17:26:53,63.19,0.0,0.0,6,Success,Purchase,Mawlamyine,MMK,False
TXN-20240116-0005375,WALL-0141773,MERCH-00257,PM-03,DEV-01,2024-01-16 18:52:05,12.35,0.0988,0.0,1,Success,Subscription,Kuala Lumpur,MYR,False
TXN-20240116-0005376,WALL-0009013,MERCH-00176,PM-03,DEV-01,2024-01-16 04:23:24,189.56,1.5165,9.478,18,Success,Purchase,Manila,PHP,False
TXN-20240116-0005377,WALL-0045915,MERCH-00354,PM-01,DEV-03,2024-01-16 17:27:03,118.03,0.0,0.0,11,Success,Bill Payment,Surabaya,IDR,False
TXN-20240116-0005378,WALL-0016595,MERCH-00175,PM-01,DEV-01,2024-01-16 12:39:10,122.87,0.0,6.1434,12,Success,Purchase,Bago,MMK,False
TXN-20240116-0005379,WALL-0123423,MERCH-00488,PM-03,DEV-04,2024-01-16 10:30:49,647.89,5.1831,0.0,64,Success,Payment,Colombo,LKR,False
TXN-20240116-0005380,WALL-0119583,MERCH-00048,PM-04,DEV-01,2024-01-16 19:05:39,22.11,0.4422,0.4422,2,Success,Purchase,Chiang Mai,THB,False
TXN-20240116-0005381,WALL-0141867,MERCH-00109,PM-04,DEV-03,2024-01-16 18:31:24,257.9,5.158,0.0,25,Success,Purchase,Lahore,PKR,False
TXN-20240116-0005382,WALL-0047553,MERCH-00441,PM-01,DEV-02,2024-01-16 20:48:03,211.23,0.0,0.0,21,Success,Tax Payment,Khon Kaen,THB,False
TXN-20240116-0005383,WALL-0074351,MERCH-00444,PM-02,DEV-02,2024-01-16 21:02:08,379.29,0.7586,0.0,37,Success,Tax Payment,Jakarta,IDR,False
TXN-20240116-0005384,WALL-0004818,MERCH-00042,PM-01,DEV-01,2024-01-16 12:50:44,15.27,0.0,0.3055,1,Success,Purchase,Chiang Mai,THB,False
TXN-20240116-0005385,WALL-0014156,MERCH-00334,PM-03,DEV-01,2024-01-16 10:33:02,70.57,0.5646,0.0,7,Success,Bill Payment,Kandy,LKR,False
TXN-20240116-0005386,WALL-0058753,MERCH-00326,PM-02,DEV-01,2024-01-16 13:44:49,63.83,0.1277,0.0,6,Success,Bill Payment,Medan,IDR,False
TXN-20240116-0005387,WALL-0067849,MERCH-00030,PM-01,DEV-01,2024-01-16 07:37:22,12.75,0.0,0.2549,1,Success,Purchase,Manila,PHP,False
TXN-20240116-0005388,WALL-0138326,MERCH-00254,PM-01,DEV-01,2024-01-16 17:57:12,9.12,0.0,0.0,0,Failed,Subscription,Taunggyi,MMK,False
TXN-20240116-0005389,WALL-0142499,MERCH-00398,PM-02,DEV-02,2024-01-16 07:55:32,30.31,0.0606,0.0,3,Success,Purchase,Pathein,MMK,False
TXN-20240116-0005390,WALL-0038605,MERCH-00015,PM-03,DEV-02,2024-01-16 15:56:34,13.28,0.1062,0.0,0,Failed,Purchase,Delhi,INR,False
TXN-20240116-0005391,WALL-0048502,MERCH-00087,PM-01,DEV-01,2024-01-16 20:54:14,18.65,0.0,0.0,1,Success,Purchase,Mawlamyine,MMK,False
TXN-20240116-0005392,WALL-0141986,MERCH-00320,PM-03,DEV-01,2024-01-16 06:48:02,76.94,0.6155,0.0,7,Success,Bill Payment,Mandalay,MMK,False
TXN-20240116-0005393,WALL-0069667,MERCH-00208,PM-02,DEV-01,2024-01-16 16:37:18,15.13,0.0303,0.0,1,Success,Purchase,Phuket,THB,False
TXN-20240116-0005394,WALL-0133647,MERCH-00315,PM-05,DEV-01,2024-01-16 19:29:58,56.12,0.0,0.0,5,Success,Bill Payment,Mumbai,INR,False
TXN-20240116-0005395,WALL-0121824,MERCH-00148,PM-04,DEV-01,2024-01-16 09:37:12,301.0,6.0199,15.0498,30,Success,Purchase,Kandy,LKR,False
TXN-20240116-0005396,WALL-0028244,MERCH-00110,PM-01,DEV-01,2024-01-16 19:30:44,56.26,0.0,0.0,0,Reversed,Purchase,Bandung,IDR,False
TXN-20240116-0005397,WALL-0051529,MERCH-00072,PM-02,DEV-03,2024-01-16 12:56:05,40.02,0.08,0.8005,4,Success,Purchase,Pune,KHR,False
TXN-20240116-0005398,WALL-0130646,MERCH-00334,PM-03,DEV-03,2024-01-16 13:13:15,79.73,0.6379,0.0,7,Success,Bill Payment,Medan,IDR,False
TXN-20240116-0005399,WALL-0004344,MERCH-00202,PM-01,DEV-01,2024-01-16 18:56:39,7.03,0.0,0.0,0,Success,Purchase,Yangon,MMK,False
TXN-20240116-0005400,WALL-0113965,MERCH-00023,PM-01,DEV-01,2024-01-16 14:38:42,52.68,0.0,1.0536,5,Success,Purchase,Pune,MMK,False
TXN-20240116-0005401,WALL-0088093,MERCH-00092,PM-02,DEV-02,2024-01-16 12:06:41,71.12,0.1422,0.0,7,Success,Purchase,Phnom Penh,KHR,False
TXN-20240116-0005402,WALL-0021425,MERCH-00251,PM-04,DEV-01,2024-01-16 16:41:00,21.66,0.4333,0.0,2,Success,Subscription,Yangon,MMK,False
TXN-20240116-0005403,WALL-0018166,MERCH-00388,PM-01,DEV-04,2024-01-16 04:19:58,65.12,0.0,0.0,6,Success,Purchase,Pokhara,VND,False
TXN-20240116-0005404,WALL-0142537,MERCH-00310,PM-02,DEV-01,2024-01-16 06:06:08,684.56,1.3691,54.7645,136,Success,Purchase,Kuala Lumpur,MYR,False
TXN-20240116-0005405,WALL-0025361,MERCH-00241,PM-01,DEV-03,2024-01-16 03:27:39,12.62,0.0,0.0,1,Success,Subscription,Naypyidaw,MMK,False
TXN-20240116-0005406,WALL-0049933,MERCH-00155,PM-01,DEV-02,2024-01-16 16:32:57,414.9,0.0,20.7449,41,Success,Purchase,Naypyidaw,MMK,False
TXN-20240116-0005407,WALL-0116149,MERCH-00270,PM-01,DEV-01,2024-01-16 04:25:02,22.6,0.0,0.0,2,Success,Subscription,Chittagong,BDT,False
TXN-20240116-0005408,WALL-0062548,MERCH-00286,PM-01,DEV-01,2024-01-16 12:18:32,823.5,0.0,65.8801,164,Success,Purchase,Pathein,MMK,False
TXN-20240116-0005409,WALL-0103187,MERCH-00392,PM-02,DEV-01,2024-01-16 23:55:15,24.32,0.0486,0.0,2,Success,Purchase,Yangon,MMK,False
TXN-20240116-0005410,WALL-0034212,MERCH-00116,PM-01,DEV-04,2024-01-16 15:06:00,31.08,0.0,0.0,3,Success,Purchase,Yangon,MMK,False
TXN-20240116-0005411,WALL-0008733,MERCH-00275,PM-03,DEV-02,2024-01-16 01:55:13,428.45,3.4276,34.2764,85,Success,Purchase,Yangon,MMK,False
TXN-20240116-0005412,WALL-0040123,MERCH-00111,PM-01,DEV-03,2024-01-16 18:17:43,70.92,0.0,0.0,7,Success,Purchase,Mandalay,MMK,False
TXN-20240116-0005413,WALL-0048705,MERCH-00346,PM-01,DEV-02,2024-01-16 19:30:00,117.4,0.0,0.0,11,Success,Bill Payment,Medan,IDR,False
TXN-20240116-0005414,WALL-0052936,MERCH-00170,PM-04,DEV-02,2024-01-16 16:59:24,206.86,4.1373,10.3432,20,Success,Purchase,Naypyidaw,MMK,False
TXN-20240116-0005415,WALL-0122010,MERCH-00236,PM-01,DEV-02,2024-01-16 23:59:43,20.61,0.0,0.0,2,Success,Subscription,Lahore,PHP,False
TXN-20240116-0005416,WALL-0047472,MERCH-00236,PM-01,DEV-03,2024-01-16 03:34:07,26.96,0.0,0.0,2,Success,Subscription,Quezon City,PHP,False
TXN-20240116-0005417,WALL-0146326,MERCH-00242,PM-02,DEV-01,2024-01-16 12:32:39,19.65,0.0393,0.0,1,Success,Subscription,Colombo,LKR,False
TXN-20240116-0005418,WALL-0098931,MERCH-00231,PM-02,DEV-02,2024-01-16 21:29:17,37.97,0.0759,0.0,0,Reversed,Subscription,Myitkyina,MMK,False
TXN-20240116-0005419,WALL-0024860,MERCH-00475,PM-01,DEV-03,2024-01-16 06:28:39,63.67,0.0,0.0,6,Success,Payment,Cebu City,PHP,False
TXN-20240116-0005420,WALL-0134068,MERCH-00031,PM-01,DEV-02,2024-01-16 15:58:27,13.48,0.0,0.0,0,Pending,Purchase,Khon Kaen,MMK,False
TXN-20240116-0005421,WALL-0128345,MERCH-00175,PM-02,DEV-01,2024-01-16 14:09:09,31.68,0.0634,1.5839,3,Success,Purchase,Delhi,INR,False
TXN-20240116-0005422,WALL-0076202,MERCH-00145,PM-02,DEV-01,2024-01-16 18:34:22,30.4,0.0608,1.52,3,Success,Purchase,Pune,INR,False
TXN-20240116-0005423,WALL-0143898,MERCH-00209,PM-03,DEV-03,2024-01-16 08:43:49,5.11,0.0408,0.0,0,Success,Purchase,Pokhara,NPR,False
TXN-20240116-0005424,WALL-0127086,MERCH-00069,PM-01,DEV-01,2024-01-16 11:14:24,10.65,0.0,0.213,1,Success,Purchase,Ahmedabad,MMK,False
TXN-20240116-0005425,WALL-0148171,MERCH-00029,PM-04,DEV-01,2024-01-16 17:33:32,30.62,0.6124,0.6124,3,Success,Purchase,Khon Kaen,THB,False
TXN-20240116-0005426,WALL-0136263,MERCH-00184,PM-01,DEV-01,2024-01-16 12:54:45,171.6,0.0,8.5802,17,Success,Purchase,Lahore,PKR,False
TXN-20240116-0005427,WALL-0004451,MERCH-00172,PM-04,DEV-01,2024-01-16 17:58:08,92.22,1.8445,4.6112,9,Success,Purchase,Taunggyi,MMK,False
TXN-20240116-0005428,WALL-0010229,MERCH-00320,PM-03,DEV-01,2024-01-16 14:51:58,31.54,0.2523,0.0,3,Success,Bill Payment,Karachi,MMK,False
TXN-20240116-0005429,WALL-0019844,MERCH-00135,PM-01,DEV-03,2024-01-16 10:43:56,110.76,0.0,5.5382,11,Success,Purchase,Myitkyina,MMK,False
TXN-20240116-0005430,WALL-0017873,MERCH-00089,PM-02,DEV-01,2024-01-16 08:04:32,51.89,0.1038,0.0,5,Success,Purchase,Ho Chi Minh City,VND,False
TXN-20240116-0005431,WALL-0030084,MERCH-00308,PM-04,DEV-03,2024-01-16 13:09:05,704.24,14.0847,56.339,140,Success,Purchase,Pathein,MMK,False
TXN-20240116-0005432,WALL-0033590,MERCH-00421,PM-01,DEV-01,2024-01-16 19:24:05,121.66,0.0,0.0,12,Success,Payment,Mandalay,MMK,False
TXN-20240116-0005433,WALL-0113772,MERCH-00166,PM-02,DEV-01,2024-01-16 07:52:16,530.69,1.0614,26.5347,53,Success,Purchase,Yangon,MMK,False
TXN-20240116-0005434,WALL-0059588,MERCH-00307,PM-03,DEV-03,2024-01-16 17:23:44,224.51,1.7961,17.9606,44,Success,Purchase,Singapore,SGD,False
TXN-20240116-0005435,WALL-0036505,MERCH-00052,PM-03,DEV-03,2024-01-16 18:29:57,32.85,0.2628,0.657,3,Success,Purchase,Pathein,MMK,False
TXN-20240116-0005436,WALL-0121641,MERCH-00406,PM-02,DEV-03,2024-01-16 06:56:15,150.26,0.3005,0.0,15,Success,Payment,Phnom Penh,KHR,False
TXN-20240116-0005437,WALL-0075222,MERCH-00330,PM-02,DEV-01,2024-01-16 20:27:09,185.24,0.3705,0.0,18,Success,Bill Payment,Islamabad,PKR,False
TXN-20240116-0005438,WALL-0117056,MERCH-00061,PM-01,DEV-02,2024-01-16 09:08:37,17.03,0.0,0.3405,1,Success,Purchase,Myitkyina,MMK,False
TXN-20240116-0005439,WALL-0122268,MERCH-00093,PM-04,DEV-01,2024-01-16 13:03:31,26.96,0.5392,0.0,2,Success,Purchase,Taunggyi,MMK,False
TXN-20240116-0005440,WALL-0099644,MERCH-00054,PM-02,DEV-02,2024-01-16 23:48:52,7.68,0.0154,0.1536,0,Success,Purchase,Mawlamyine,MMK,False
