transaction_id,wallet_id,merchant_id,payment_method_id,device_id,transaction_timestamp,amount,transaction_fee,cashback,loyalty_points,status,transaction_type,location_city,currency,fraud_flag
TXN-20240123-0000001,WALL-0052517,MERCH-00456,PM-01,DEV-02,2024-01-23 10:16:22,467.32,0.0,0.0,46,Success,Payment,Yangon,MMK,False
TXN-20240123-0000002,WALL-0082300,MERCH-00262,PM-03,DEV-03,2024-01-23 05:59:33,30.39,0.2431,0.0,3,Success,Subscription,Delhi,INR,False
TXN-20240123-0000003,WALL-0098974,MERCH-00387,PM-02,DEV-02,2024-01-23 19:49:27,21.22,0.0424,0.0,2,Success,Purchase,Manila,PHP,False
TXN-20240123-0000004,WALL-0028337,MERCH-00451,PM-01,DEV-02,2024-01-23 14:27:53,50.0,0.0,0.0,5,Success,Payment,Kandy,LKR,False
TXN-20240123-0000005,WALL-0137810,MERCH-00190,PM-03,DEV-01,2024-01-23 21:18:46,20.0,0.16,1.0,2,Success,Purchase,Bangkok,THB,False
TXN-20240123-0000006,WALL-0069471,MERCH-00140,PM-02,DEV-01,2024-01-23 20:03:24,1289.58,2.5792,64.4789,128,Success,Purchase,Naypyidaw,MMK,False
TXN-20240123-0000007,WALL-0112672,MERCH-00338,PM-01,DEV-03,2024-01-23 11:42:46,67.7,0.0,0.0,6,Success,Bill Payment,Yangon,MMK,False
TXN-20240123-0000008,WALL-0095543,MERCH-00200,PM-04,DEV-03,2024-01-23 03:50:17,7.31,0.1462,0.0,0,Success,Purchase,Mumbai,INR,False
TXN-20240123-0000009,WALL-0080337,MERCH-00020,PM-01,DEV-03,2024-01-23 12:59:26,22.97,0.0,0.4594,2,Success,Purchase,Bago,MMK,False
TXN-20240123-0000010,WALL-0032331,MERCH-00010,PM-01,DEV-01,2024-01-23 13:03:20,20.14,0.0,0.4029,2,Success,Purchase,Mandalay,MMK,False
TXN-20240123-0000011,WALL-0106324,MERCH-00068,PM-01,DEV-03,2024-01-23 18:59:31,27.28,0.0,0.5455,2,Success,Purchase,Bangalore,INR,False
TXN-20240123-0000012,WALL-0014005,MERCH-00154,PM-03,DEV-02,2024-01-23 21:34:12,47.07,0.3766,2.3536,4,Success,Purchase,Lahore,PKR,False
TXN-20240123-0000013,WALL-0118199,MERCH-00357,PM-01,DEV-03,2024-01-23 20:37:43,47.36,0.0,0.0,4,Success,Bill Payment,Yangon,MMK,False
TXN-20240123-0000014,WALL-0061830,MERCH-00461,PM-01,DEV-01,2024-01-23 11:14:38,103.2,0.0,0.0,10,Success,Payment,Pokhara,NPR,False
TXN-20240123-0000015,WALL-0149977,MERCH-00361,PM-03,DEV-04,2024-01-23 14:42:22,38.61,0.3089,0.0,3,Success,Bill Payment,Bago,MMK,False
TXN-20240123-0000016,WALL-0137734,MERCH-00196,PM-02,DEV-01,2024-01-23 12:21:28,26.85,0.0537,0.0,2,Success,Purchase,Manila,PHP,False
TXN-20240123-0000017,WALL-0113432,MERCH-00015,PM-02,DEV-04,2024-01-23 17:56:41,20.14,0.0403,0.4028,2,Success,Purchase,Hanoi,MMK,False
TXN-20240123-0000018,WALL-0145791,MERCH-00416,PM-02,DEV-01,2024-01-23 21:10:57,239.01,0.478,0.0,23,Success,Payment,Jaipur,INR,False
TXN-20240123-0000019,WALL-0132082,MERCH-00178,PM-02,DEV-03,2024-01-23 21:41:42,143.21,0.2864,7.1607,14,Success,Purchase,Bali,MMK,False
TXN-20240123-0000020,WALL-0041380,MERCH-00431,PM-01,DEV-05,2024-01-23 15:54:08,235.19,0.0,0.0,23,Success,Tax Payment,Jaipur,MMK,False
TXN-20240123-0000021,WALL-0061678,MERCH-00077,PM-03,DEV-02,2024-01-23 09:13:50,10.6,0.0848,0.2119,1,Success,Purchase,Naypyidaw,MMK,False
TXN-20240123-0000022,WALL-0086875,MERCH-00426,PM-01,DEV-05,2024-01-23 14:54:18,187.63,0.0,0.0,18,Success,Payment,Medan,MMK,False
TXN-20240123-0000023,WALL-0092816,MERCH-00284,PM-04,DEV-01,2024-01-23 20:48:03,192.28,3.8457,15.3827,38,Success,Purchase,Bago,MMK,False
TXN-20240123-0000024,WALL-0040563,MERCH-00225,PM-02,DEV-01,2024-01-23 08:48:54,9.78,0.0196,0.0,0,Success,Purchase,Taunggyi,MMK,False
TXN-20240123-0000025,WALL-0110030,MERCH-00217,PM-01,DEV-01,2024-01-23 21:28:34,9.35,0.0,0.0,0,Success,Purchase,Chittagong,BDT,False
TXN-20240123-0000026,WALL-0002262,MERCH-00450,PM-04,DEV-02,2024-01-23 07:01:41,162.73,3.2547,0.0,16,Success,Tax Payment,Penang,MMK,False
TXN-20240123-0000027,WALL-0082858,MERCH-00412,PM-02,DEV-01,2024-01-23 14:55:31,39.8,0.0796,0.0,3,Success,Payment,Cebu City,PHP,False
TXN-20240123-0000028,WALL-0036419,MERCH-00022,PM-04,DEV-03,2024-01-23 20:51:31,23.12,0.4625,0.4625,2,Success,Purchase,Singapore,SGD,False
TXN-20240123-0000029,WALL-0138337,MERCH-00185,PM-02,DEV-01,2024-01-23 19:29:52,476.89,0.9538,23.8447,47,Success,Purchase,Kuala Lumpur,MYR,False
TXN-20240123-0000030,WALL-0074468,MERCH-00346,PM-02,DEV-02,2024-01-23 21:04:08,28.86,0.0577,0.0,2,Success,Bill Payment,Surabaya,IDR,False
TXN-20240123-0000031,WALL-0001173,MERCH-00086,PM-01,DEV-01,2024-01-23 13:31:57,68.33,0.0,0.0,6,Success,Purchase,Ahmedabad,INR,False
TXN-20240123-0000032,WALL-0149849,MERCH-00024,PM-01,DEV-03,2024-01-23 17:58:31,16.24,0.0,0.3248,1,Success,Purchase,Mawlamyine,MMK,False
TXN-20240123-0000033,WALL-0093795,MERCH-00259,PM-04,DEV-02,2024-01-23 09:50:44,19.54,0.3908,0.0,1,Success,Subscription,Mandalay,MMK,False
TXN-20240123-0000034,WALL-0056236,MERCH-00037,PM-02,DEV-02,2024-01-23 12:12:15,17.94,0.0359,0.3587,1,Success,Purchase,Taunggyi,MMK,False
TXN-20240123-0000035,WALL-0012291,MERCH-00046,PM-02,DEV-01,2024-01-23 15:24:33,24.34,0.0487,0.4869,2,Success,Purchase,Myitkyina,MMK,False
TXN-20240123-0000036,WALL-0039960,MERCH-00472,PM-01,DEV-01,2024-01-23 13:35:36,264.19,0.0,0.0,26,Success,Payment,Taunggyi,MMK,False
TXN-20240123-0000037,WALL-0102287,MERCH-00083,PM-03,DEV-01,2024-01-23 15:52:29,39.02,0.3122,0.0,0,Pending,Purchase,Myitkyina,MMK,False
TXN-20240123-0000038,WALL-0061709,MERCH-00356,PM-01,DEV-05,2024-01-23 15:38:16,103.15,0.0,0.0,10,Success,Bill Payment,Chiang Mai,THB,False
TXN-20240123-0000039,WALL-0064969,MERCH-00462,PM-03,DEV-01,2024-01-23 06:04:08,163.72,1.3098,0.0,16,Success,Payment,Ho Chi Minh City,VND,False
TXN-20240123-0000040,WALL-0124016,MERCH-00180,PM-02,DEV-03,2024-01-23 02:11:09,52.17,0.1043,2.6087,5,Success,Purchase,Myitkyina,MMK,False
TXN-20240123-0000041,WALL-0026647,MERCH-00016,PM-04,DEV-01,2024-01-23 18:47:21,7.41,0.1481,0.1481,0,Success,Purchase,Bago,MMK,False
TXN-20240123-0000042,WALL-0022332,MERCH-00439,PM-01,DEV-01,2024-01-23 13:20:26,182.48,0.0,0.0,18,Success,Tax Payment,Mandalay,MMK,False
TXN-20240123-0000043,WALL-0106467,MERCH-00213,PM-02,DEV-01,2024-01-23 10:06:25,29.45,0.0589,0.0,2,Success,Purchase,Hyderabad,INR,False
TXN-20240123-0000044,WALL-0032729,MERCH-00419,PM-01,DEV-01,2024-01-23 16:02:27,128.92,0.0,0.0,12,Success,Payment,Naypyidaw,MMK,False
TXN-20240123-0000045,WALL-0001297,MERCH-00481,PM-02,DEV-01,2024-01-23 05:05:27,803.91,1.6078,0.0,0,Pending,Payment,Myitkyina,MMK,False
TXN-20240123-0000046,WALL-0091022,MERCH-00064,PM-01,DEV-03,2024-01-23 10:23:40,29.72,0.0,0.5944,2,Success,Purchase,Pathein,MMK,False
TXN-20240123-0000047,WALL-0040255,MERCH-00435,PM-01,DEV-01,2024-01-23 18:01:41,481.6,0.0,0.0,48,Success,Tax Payment,Yangon,KHR,False
TXN-20240123-0000048,WALL-0114672,MERCH-00059,PM-03,DEV-01,2024-01-23 13:22:03,31.59,0.2527,0.6317,3,Success,Purchase,Quezon City,PHP,False
TXN-20240123-0000049,WALL-0142073,MERCH-00241,PM-04,DEV-02,2024-01-23 10:06:11,10.44,0.2089,0.0,1,Success,Subscription,Bandung,IDR,False
TXN-20240123-0000050,WALL-0091897,MERCH-00016,PM-04,DEV-01,2024-01-23 02:07:35,17.22,0.3443,0.3443,1,Success,Purchase,Bandung,IDR,False
TXN-20240123-0000051,WALL-0062424,MERCH-00383,PM-04,DEV-01,2024-01-23 16:47:54,82.12,1.6425,0.0,8,Success,Purchase,Islamabad,PHP,False
TXN-20240123-0000052,WALL-0028021,MERCH-00192,PM-05,DEV-01,2024-01-23 18:06:59,5.0,0.0,0.0,0,Success,Purchase,Johor Bahru,MYR,False
TXN-20240123-0000053,WALL-0047015,MERCH-00310,PM-01,DEV-03,2024-01-23 14:05:52,122.51,0.0,9.8011,24,Success,Purchase,Pathein,MMK,False
TXN-20240123-0000054,WALL-0125803,MERCH-00390,PM-01,DEV-02,2024-01-23 01:45:58,70.21,0.0,0.0,0,Reversed,Purchase,Myitkyina,MMK,False
TXN-20240123-0000055,WALL-0132494,MERCH-00303,PM-03,DEV-01,2024-01-23 13:29:55,1555.38,12.443,124.4302,311,Success,Purchase,Kathmandu,MMK,False
TXN-20240123-0000056,WALL-0075918,MERCH-00025,PM-04,DEV-01,2024-01-23 20:01:23,13.54,0.2708,0.2708,1,Success,Purchase,Yangon,MMK,False
TXN-20240123-0000057,WALL-0092911,MERCH-00285,PM-01,DEV-01,2024-01-23 18:23:54,309.39,0.0,24.7508,61,Success,Purchase,Phuket,THB,False
TXN-20240123-0000058,WALL-0041982,MERCH-00055,PM-01,DEV-01,2024-01-23 04:21:34,19.08,0.0,0.3817,1,Success,Purchase,Hyderabad,INR,False
TXN-20240123-0000059,WALL-0130129,MERCH-00127,PM-01,DEV-05,2024-01-23 13:15:35,18.12,0.0,0.0,1,Success,Purchase,Khon Kaen,THB,False
TXN-20240123-0000060,WALL-0049299,MERCH-00370,PM-02,DEV-01,2024-01-23 17:25:19,26.87,0.0537,0.0,2,Success,Bill Payment,Mawlamyine,MMK,False
TXN-20240123-0000061,WALL-0147513,MERCH-00488,PM-03,DEV-01,2024-01-23 10:33:21,541.57,4.3326,0.0,54,Success,Payment,Quezon City,IDR,False
TXN-20240123-0000062,WALL-0027141,MERCH-00223,PM-01,DEV-02,2024-01-23 04:09:06,10.11,0.0,0.0,1,Success,Purchase,Chennai,INR,False
TXN-20240123-0000063,WALL-0090012,MERCH-00432,PM-05,DEV-01,2024-01-23 12:08:34,1151.21,0.0,0.0,115,Success,Tax Payment,Jaipur,INR,False
TXN-20240123-0000064,WALL-0035077,MERCH-00382,PM-02,DEV-01,2024-01-23 14:47:39,63.39,0.1268,0.0,6,Success,Purchase,Phuket,THB,False
TXN-20240123-0000065,WALL-0091026,MERCH-00218,PM-04,DEV-01,2024-01-23 19:04:44,14.88,0.2977,0.0,1,Success,Purchase,Bandung,KHR,False
TXN-20240123-0000066,WALL-0023636,MERCH-00191,PM-03,DEV-03,2024-01-23 12:45:39,26.32,0.2105,0.0,2,Success,Purchase,Pathein,MMK,False
TXN-20240123-0000067,WALL-0043330,MERCH-00054,PM-03,DEV-01,2024-01-23 15:59:46,17.11,0.1369,0.3423,1,Success,Purchase,Bandung,IDR,False
TXN-20240123-0000068,WALL-0144110,MERCH-00424,PM-02,DEV-05,2024-01-23 18:56:19,144.85,0.2897,0.0,14,Success,Payment,Chittagong,BDT,False
TXN-20240123-0000069,WALL-0077268,MERCH-00142,PM-01,DEV-04,2024-01-23 12:55:31,26.09,0.0,1.3043,2,Success,Purchase,Medan,IDR,False
TXN-20240123-0000070,WALL-0121253,MERCH-00068,PM-01,DEV-02,2024-01-23 19:01:00,28.6,0.0,0.5719,2,Success,Purchase,Lahore,NPR,False
TXN-20240123-0000071,WALL-0089631,MERCH-00091,PM-05,DEV-02,2024-01-23 16:54:21,36.17,0.0,0.0,3,Success,Purchase,Taunggyi,MMK,False
TXN-20240123-0000072,WALL-0105038,MERCH-00313,PM-01,DEV-01,2024-01-23 15:36:48,106.19,0.0,0.0,10,Success,Bill Payment,Dhaka,BDT,False
TXN-20240123-0000073,WALL-0086967,MERCH-00257,PM-02,DEV-03,2024-01-23 18:17:00,10.16,0.0203,0.0,1,Success,Subscription,Johor Bahru,MYR,False
TXN-20240123-0000074,WALL-0001139,MERCH-00098,PM-02,DEV-01,2024-01-23 16:11:20,23.74,0.0475,0.0,2,Success,Purchase,Jaipur,INR,False
TXN-20240123-0000075,WALL-0062897,MERCH-00426,PM-03,DEV-05,2024-01-23 15:07:39,20.0,0.16,0.0,2,Success,Payment,Mandalay,MMK,False
TXN-20240123-0000076,WALL-0064692,MERCH-00190,PM-03,DEV-03,2024-01-23 20:52:57,31.55,0.2524,1.5777,3,Success,Purchase,Myitkyina,MMK,False
TXN-20240123-0000077,WALL-0070810,MERCH-00405,PM-01,DEV-02,2024-01-23 12:48:09,148.4,0.0,0.0,14,Success,Payment,Pathein,MMK,False
TXN-20240123-0000078,WALL-0090850,MERCH-00037,PM-02,DEV-02,2024-01-23 15:35:08,21.92,0.0438,0.4384,2,Success,Purchase,Chennai,INR,False
TXN-20240123-0000079,WALL-0126806,MERCH-00052,PM-03,DEV-01,2024-01-23 23:10:01,10.34,0.0827,0.2067,1,Success,Purchase,Pathein,MMK,False
TXN-20240123-0000080,WALL-0086689,MERCH-00273,PM-03,DEV-01,2024-01-23 19:49:50,155.69,1.2455,12.4548,31,Success,Purchase,Kuala Lumpur,MYR,False
TXN-20240123-0000081,WALL-0027349,MERCH-00002,PM-01,DEV-02,2024-01-23 16:42:02,5.0,0.0,0.1,0,Success,Purchase,Quezon City,PHP,False
TXN-20240123-0000082,WALL-0147969,MERCH-00318,PM-01,DEV-03,2024-01-23 15:54:20,95.5,0.0,0.0,9,Success,Bill Payment,Jakarta,IDR,False
TXN-20240123-0000083,WALL-0102659,MERCH-00024,PM-01,DEV-01,2024-01-23 18:56:01,45.9,0.0,0.9179,4,Success,Purchase,Mawlamyine,MMK,False
TXN-20240123-0000084,WALL-0030602,MERCH-00326,PM-01,DEV-01,2024-01-23 18:06:47,40.84,0.0,0.0,4,Success,Bill Payment,Mandalay,MMK,False
TXN-20240123-0000085,WALL-0138683,MERCH-00414,PM-03,DEV-02,2024-01-23 12:57:32,65.75,0.526,0.0,6,Success,Payment,Chittagong,MMK,False
TXN-20240123-0000086,WALL-0015013,MERCH-00430,PM-03,DEV-01,2024-01-23 12:37:43,125.42,1.0034,0.0,12,Success,Payment,Pathein,MMK,False
TXN-20240123-0000087,WALL-0051079,MERCH-00049,PM-02,DEV-02,2024-01-23 12:39:39,12.83,0.0257,0.2567,1,Success,Purchase,Islamabad,PKR,False
TXN-20240123-0000088,WALL-0126728,MERCH-00083,PM-04,DEV-01,2024-01-23 18:52:55,198.47,3.9694,0.0,19,Success,Purchase,Pokhara,NPR,False
TXN-20240123-0000089,WALL-0060597,MERCH-00144,PM-03,DEV-01,2024-01-23 20:19:52,258.64,2.0691,12.9319,25,Success,Purchase,Surabaya,IDR,False
TXN-20240123-0000090,WALL-0101299,MERCH-00205,PM-03,DEV-01,2024-01-23 06:58:05,5.0,0.04,0.0,0,Success,Purchase,Karachi,PKR,False
TXN-20240123-0000091,WALL-0130499,MERCH-00333,PM-02,DEV-01,2024-01-23 02:44:25,24.48,0.049,0.0,0,Failed,Bill Payment,Johor Bahru,MYR,False
TXN-20240123-0000092,WALL-0090190,MERCH-00327,PM-02,DEV-01,2024-01-23 17:11:48,53.25,0.1065,0.0,0,Pending,Bill Payment,Naypyidaw,MMK,False
TXN-20240123-0000093,WALL-0022406,MERCH-00104,PM-01,DEV-02,2024-01-23 15:13:07,39.85,0.0,0.0,3,Success,Purchase,Kolkata,INR,False
TXN-20240123-0000094,WALL-0108407,MERCH-00409,PM-03,DEV-01,2024-01-23 16:06:26,140.37,1.123,0.0,14,Success,Payment,Taunggyi,MMK,False
TXN-20240123-0000095,WALL-0149923,MERCH-00116,PM-01,DEV-01,2024-01-23 21:34:30,53.18,0.0,0.0,5,Success,Purchase,Mumbai,INR,False
TXN-20240123-0000096,WALL-0130942,MERCH-00393,PM-01,DEV-01,2024-01-23 12:35:14,71.06,0.0,0.0,7,Success,Purchase,Pathein,MMK,False
TXN-20240123-0000097,WALL-0094534,MERCH-00130,PM-02,DEV-01,2024-01-23 19:38:46,80.12,0.1602,0.0,8,Success,Purchase,Phnom Penh,KHR,False
TXN-20240123-0000098,WALL-0035666,MERCH-00199,PM-01,DEV-04,2024-01-23 10:03:16,21.61,0.0,0.0,2,Success,Purchase,Bago,MMK,False
TXN-20240123-0000099,WALL-0113773,MERCH-00056,PM-04,DEV-01,2024-01-23 16:37:32,41.55,0.8309,0.8309,4,Success,Purchase,Pathein,MMK,False
TXN-20240123-0000100,WALL-0031375,MERCH-00115,PM-04,DEV-04,2024-01-23 15:10:41,89.6,1.792,0.0,8,Success,Purchase,Bandung,IDR,False
TXN-20240123-0000101,WALL-0050643,MERCH-00073,PM-01,DEV-02,2024-01-23 17:05:21,8.34,0.0,0.1668,0,Success,Purchase,Kathmandu,NPR,False
TXN-20240123-0000102,WALL-0004565,MERCH-00186,PM-02,DEV-01,2024-01-23 07:10:57,20.0,0.04,1.0,2,Success,Purchase,Naypyidaw,MMK,False
TXN-20240123-0000103,WALL-0105064,MERCH-00320,PM-04,DEV-02,2024-01-23 10:25:55,147.86,2.9571,0.0,14,Success,Bill Payment,Siem Reap,MMK,False
TXN-20240123-0000104,WALL-0013470,MERCH-00076,PM-04,DEV-04,2024-01-23 12:54:47,11.79,0.2358,0.2358,1,Success,Purchase,Mawlamyine,MMK,False
TXN-20240123-0000105,WALL-0017344,MERCH-00254,PM-02,DEV-01,2024-01-23 15:34:07,52.01,0.104,0.0,5,Success,Subscription,Myitkyina,MMK,False
TXN-20240123-0000106,WALL-0010288,MERCH-00021,PM-01,DEV-03,2024-01-23 02:13:56,13.16,0.0,0.2633,1,Success,Purchase,Kolkata,INR,False
TXN-20240123-0000107,WALL-0126758,MERCH-00084,PM-04,DEV-03,2024-01-23 06:33:56,14.07,0.2815,0.0,1,Success,Purchase,Phuket,IDR,False
TXN-20240123-0000108,WALL-0016497,MERCH-00100,PM-01,DEV-01,2024-01-23 06:51:38,24.06,0.0,0.0,2,Success,Purchase,Mandalay,MMK,False
TXN-20240123-0000109,WALL-0067687,MERCH-00020,PM-02,DEV-02,2024-01-23 20:07:12,22.62,0.0452,0.4525,2,Success,Purchase,Taunggyi,MMK,False
TXN-20240123-0000110,WALL-0058280,MERCH-00409,PM-02,DEV-01,2024-01-23 19:46:57,168.27,0.3365,0.0,16,Success,Payment,Surabaya,IDR,False
TXN-20240123-0000111,WALL-0125647,MERCH-00117,PM-02,DEV-03,2024-01-23 16:30:29,31.52,0.063,0.0,3,Success,Purchase,Mumbai,INR,False
TXN-20240123-0000112,WALL-0021256,MERCH-00029,PM-01,DEV-01,2024-01-23 12:47:33,6.63,0.0,0.1327,0,Success,Purchase,Myitkyina,MMK,False
TXN-20240123-0000113,WALL-0084330,MERCH-00018,PM-01,DEV-01,2024-01-23 19:30:53,34.01,0.0,0.6801,3,Success,Purchase,Naypyidaw,MMK,False
TXN-20240123-0000114,WALL-0025383,MERCH-00038,PM-04,DEV-02,2024-01-23 13:55:42,25.65,0.513,0.513,2,Success,Purchase,Bangkok,THB,False
TXN-20240123-0000115,WALL-0008107,MERCH-00499,PM-01,DEV-01,2024-01-23 18:49:50,202.75,0.0,0.0,20,Success,Payment,Ho Chi Minh City,VND,False
TXN-20240123-0000116,WALL-0016466,MERCH-00416,PM-03,DEV-03,2024-01-23 19:24:51,189.41,1.5153,0.0,18,Success,Payment,Kathmandu,PHP,False
TXN-20240123-0000117,WALL-0111402,MERCH-00159,PM-01,DEV-01,2024-01-23 19:19:20,189.6,0.0,9.4802,18,Success,Purchase,Khon Kaen,THB,False
TXN-20240123-0000118,WALL-0101361,MERCH-00366,PM-02,DEV-03,2024-01-23 10:57:50,30.91,0.0618,0.0,3,Success,Bill Payment,Yangon,MMK,False
TXN-20240123-0000119,WALL-0144068,MERCH-00085,PM-02,DEV-02,2024-01-23 14:40:18,95.58,0.1912,0.0,9,Success,Purchase,Bago,MMK,False
TXN-20240123-0000120,WALL-0015288,MERCH-00049,PM-01,DEV-02,2024-01-23 16:01:50,28.07,0.0,0.5614,2,Success,Purchase,Hyderabad,INR,False
TXN-20240123-0000121,WALL-0059588,MERCH-00122,PM-01,DEV-01,2024-01-23 16:49:27,55.16,0.0,0.0,5,Success,Purchase,Singapore,SGD,False
TXN-20240123-0000122,WALL-0033848,MERCH-00336,PM-01,DEV-02,2024-01-23 13:50:53,60.85,0.0,0.0,6,Success,Bill Payment,Pune,INR,False
TXN-20240123-0000123,WALL-0105710,MERCH-00129,PM-04,DEV-01,2024-01-23 01:50:53,111.72,2.2345,0.0,11,Success,Purchase,Pathein,MMK,False
TXN-20240123-0000124,WALL-0036961,MERCH-00402,PM-02,DEV-01,2024-01-23 14:26:28,48.17,0.0963,0.0,4,Success,Payment,Singapore,SGD,False
TXN-20240123-0000125,WALL-0133210,MERCH-00413,PM-01,DEV-01,2024-01-23 12:53:06,36.55,0.0,0.0,3,Success,Payment,Pathein,MMK,False
TXN-20240123-0000126,WALL-0082490,MERCH-00139,PM-02,DEV-04,2024-01-23 10:18:55,234.28,0.4686,11.7139,23,Success,Purchase,Chiang Mai,THB,False
TXN-20240123-0000127,WALL-0101126,MERCH-00317,PM-04,DEV-03,2024-01-23 22:29:19,127.82,2.5564,0.0,12,Success,Bill Payment,Delhi,MMK,False
TXN-20240123-0000128,WALL-0067243,MERCH-00100,PM-04,DEV-01,2024-01-23 21:13:33,78.29,1.5657,0.0,7,Success,Purchase,Bangalore,INR,False
TXN-20240123-0000129,WALL-0113802,MERCH-00077,PM-02,DEV-01,2024-01-23 13:55:49,5.22,0.0104,0.1044,0,Success,Purchase,Pathein,MMK,False
TXN-20240123-0000130,WALL-0145317,MERCH-00107,PM-01,DEV-01,2024-01-23 09:51:44,43.95,0.0,0.0,4,Success,Purchase,Phuket,THB,False
TXN-20240123-0000131,WALL-0130860,MERCH-00180,PM-01,DEV-01,2024-01-23 19:45:54,475.14,0.0,23.7568,47,Success,Purchase,Mandalay,MMK,False
TXN-20240123-0000132,WALL-0025923,MERCH-00036,PM-02,DEV-02,2024-01-23 13:28:07,30.4,0.0608,0.6079,3,Success,Purchase,Chennai,INR,False
TXN-20240123-0000133,WALL-0010187,MERCH-00233,PM-01,DEV-02,2024-01-23 18:05:39,6.95,0.0,0.0,0,Failed,Subscription,Taunggyi,MMK,False
TXN-20240123-0000134,WALL-0138216,MERCH-00131,PM-03,DEV-03,2024-01-23 23:34:32,298.41,2.3873,14.9204,29,Success,Purchase,Chiang Mai,THB,False
TXN-20240123-0000135,WALL-0040791,MERCH-00166,PM-01,DEV-02,2024-01-23 22:08:37,54.53,0.0,0.0,0,Failed,Purchase,Bangalore,INR,False
TXN-20240123-0000136,WALL-0127300,MERCH-00238,PM-02,DEV-02,2024-01-23 14:29:45,5.0,0.01,0.0,0,Success,Subscription,Bago,THB,False
TXN-20240123-0000137,WALL-0073784,MERCH-00081,PM-01,DEV-02,2024-01-23 09:45:30,41.99,0.0,0.0,4,Success,Purchase,Ho Chi Minh City,VND,False
TXN-20240123-0000138,WALL-0139569,MERCH-00017,PM-02,DEV-01,2024-01-23 14:43:17,16.22,0.0324,0.3244,1,Success,Purchase,Pathein,MMK,False
TXN-20240123-0000139,WALL-0112825,MERCH-00180,PM-04,DEV-04,2024-01-23 12:02:27,27.19,0.5439,1.3597,2,Success,Purchase,Medan,MMK,False
TXN-20240123-0000140,WALL-0028477,MERCH-00101,PM-01,DEV-05,2024-01-23 16:52:38,87.46,0.0,0.0,8,Success,Purchase,Ahmedabad,INR,False
TXN-20240123-0000141,WALL-0007017,MERCH-00307,PM-02,DEV-01,2024-01-23 10:42:31,1152.93,2.3059,0.0,0,Failed,Purchase,Pokhara,NPR,False
TXN-20240123-0000142,WALL-0040360,MERCH-00370,PM-01,DEV-01,2024-01-23 01:25:34,41.64,0.0,0.0,4,Success,Bill Payment,Kathmandu,NPR,False
TXN-20240123-0000143,WALL-0048148,MERCH-00366,PM-01,DEV-05,2024-01-23 17:58:46,36.48,0.0,0.0,3,Success,Bill Payment,Taunggyi,MMK,False
TXN-20240123-0000144,WALL-0051371,MERCH-00291,PM-05,DEV-01,2024-01-23 04:24:54,765.38,0.0,0.0,0,Reversed,Purchase,Bali,LKR,False
TXN-20240123-0000145,WALL-0109458,MERCH-00178,PM-01,DEV-01,2024-01-23 16:32:25,318.25,0.0,15.9123,31,Success,Purchase,Pathein,MMK,False
TXN-20240123-0000146,WALL-0008670,MERCH-00022,PM-04,DEV-04,2024-01-23 18:38:36,78.83,1.5766,1.5766,7,Success,Purchase,Chennai,INR,False
TXN-20240123-0000147,WALL-0071339,MERCH-00232,PM-02,DEV-01,2024-01-23 14:34:24,8.7,0.0174,0.0,0,Success,Subscription,Myitkyina,MMK,False
TXN-20240123-0000148,WALL-0055403,MERCH-00433,PM-02,DEV-02,2024-01-23 14:46:27,366.52,0.733,0.0,36,Success,Tax Payment,Medan,IDR,False
TXN-20240123-0000149,WALL-0065438,MERCH-00252,PM-03,DEV-02,2024-01-23 18:23:48,32.99,0.2639,0.0,3,Success,Subscription,Phuket,THB,False
TXN-20240123-0000150,WALL-0125281,MERCH-00397,PM-01,DEV-01,2024-01-23 17:10:12,33.4,0.0,0.0,3,Success,Purchase,Yangon,MMK,False
TXN-20240123-0000151,WALL-0136183,MERCH-00126,PM-01,DEV-02,2024-01-23 20:22:54,46.62,0.0,0.0,4,Success,Purchase,Yangon,MMK,False
TXN-20240123-0000152,WALL-0110114,MERCH-00341,PM-04,DEV-04,2024-01-23 09:47:50,68.25,1.365,0.0,6,Success,Bill Payment,Kandy,LKR,False
TXN-20240123-0000153,WALL-0110744,MERCH-00203,PM-01,DEV-05,2024-01-23 19:45:16,49.08,0.0,0.0,4,Success,Purchase,Myitkyina,MMK,False
TXN-20240123-0000154,WALL-0089292,MERCH-00297,PM-01,DEV-03,2024-01-23 13:10:12,4941.14,0.0,0.0,0,Pending,Purchase,Siem Reap,KHR,False
TXN-20240123-0000155,WALL-0122015,MERCH-00020,PM-02,DEV-01,2024-01-23 21:16:32,15.02,0.03,0.3004,1,Success,Purchase,Karachi,PKR,False
TXN-20240123-0000156,WALL-0005898,MERCH-00121,PM-02,DEV-01,2024-01-23 20:33:48,40.42,0.0808,0.0,4,Success,Purchase,Dhaka,BDT,False
TXN-20240123-0000157,WALL-0054697,MERCH-00119,PM-04,DEV-01,2024-01-23 14:46:20,123.97,2.4794,0.0,12,Success,Purchase,Singapore,SGD,False
TXN-20240123-0000158,WALL-0134530,MERCH-00439,PM-02,DEV-02,2024-01-23 13:00:38,244.82,0.4896,0.0,24,Success,Tax Payment,Quezon City,PHP,False
TXN-20240123-0000159,WALL-0148099,MERCH-00211,PM-05,DEV-02,2024-01-23 21:50:54,7.29,0.0,0.0,0,Success,Purchase,Naypyidaw,MMK,False
TXN-20240123-0000160,WALL-0048563,MERCH-00223,PM-01,DEV-02,2024-01-23 20:50:26,9.39,0.0,0.0,0,Success,Purchase,Hanoi,VND,False
TXN-20240123-0000161,WALL-0075919,MERCH-00494,PM-01,DEV-04,2024-01-23 21:52:46,337.28,0.0,0.0,33,Success,Payment,Kuala Lumpur,PHP,False
TXN-20240123-0000162,WALL-0012454,MERCH-00415,PM-03,DEV-01,2024-01-23 09:45:48,81.57,0.6525,0.0,8,Success,Payment,Mumbai,INR,False
TXN-20240123-0000163,WALL-0015494,MERCH-00024,PM-03,DEV-05,2024-01-23 18:21:37,17.83,0.1426,0.3566,1,Success,Purchase,Pathein,MMK,False
TXN-20240123-0000164,WALL-0051929,MERCH-00003,PM-04,DEV-01,2024-01-23 12:11:45,18.37,0.3674,0.0,0,Failed,Purchase,Pune,MMK,False
TXN-20240123-0000165,WALL-0035761,MERCH-00379,PM-01,DEV-03,2024-01-23 08:07:20,48.9,0.0,0.0,4,Success,Purchase,Chiang Mai,MMK,False
TXN-20240123-0000166,WALL-0118049,MERCH-00017,PM-01,DEV-01,2024-01-23 14:22:29,18.44,0.0,0.3689,1,Success,Purchase,Chennai,INR,False
TXN-20240123-0000167,WALL-0074081,MERCH-00349,PM-03,DEV-05,2024-01-23 23:20:41,34.15,0.2732,0.0,3,Success,Bill Payment,Hyderabad,INR,False
TXN-20240123-0000168,WALL-0078440,MERCH-00143,PM-01,DEV-01,2024-01-23 21:00:29,89.07,0.0,4.4537,8,Success,Purchase,Bangalore,INR,False
TXN-20240123-0000169,WALL-0071694,MERCH-00219,PM-02,DEV-01,2024-01-23 09:05:54,5.0,0.01,0.0,0,Success,Purchase,Taunggyi,INR,False
TXN-20240123-0000170,WALL-0017361,MERCH-00134,PM-01,DEV-01,2024-01-23 18:41:55,79.64,0.0,3.9818,7,Success,Purchase,Myitkyina,MMK,False
TXN-20240123-0000171,WALL-0055442,MERCH-00101,PM-01,DEV-03,2024-01-23 06:09:10,43.73,0.0,0.0,0,Failed,Purchase,Khon Kaen,MMK,False
TXN-20240123-0000172,WALL-0073773,MERCH-00183,PM-02,DEV-03,2024-01-23 18:38:16,27.19,0.0544,1.3595,2,Success,Purchase,Taunggyi,THB,False
TXN-20240123-0000173,WALL-0070868,MERCH-00058,PM-02,DEV-02,2024-01-23 11:49:16,36.16,0.0723,0.7232,3,Success,Purchase,Taunggyi,MMK,False
TXN-20240123-0000174,WALL-0051605,MERCH-00021,PM-03,DEV-02,2024-01-23 11:15:02,10.17,0.0814,0.2034,1,Success,Purchase,Myitkyina,MMK,False
TXN-20240123-0000175,WALL-0064486,MERCH-00106,PM-02,DEV-02,2024-01-23 19:27:33,35.57,0.0711,0.0,3,Success,Purchase,Da Nang,VND,False
TXN-20240123-0000176,WALL-0110362,MERCH-00240,PM-02,DEV-05,2024-01-23 11:42:22,7.5,0.015,0.0,0,Success,Subscription,Hyderabad,INR,False
TXN-20240123-0000177,WALL-0025134,MERCH-00078,PM-01,DEV-02,2024-01-23 06:37:31,37.11,0.0,0.7423,3,Success,Purchase,Bago,MMK,False
TXN-20240123-0000178,WALL-0140129,MERCH-00361,PM-02,DEV-02,2024-01-23 13:15:31,33.04,0.0661,0.0,3,Success,Bill Payment,Naypyidaw,MMK,False
TXN-20240123-0000179,WALL-0051473,MERCH-00292,PM-05,DEV-01,2024-01-23 13:34:22,556.61,0.0,44.5292,111,Success,Purchase,Bandung,THB,False
TXN-20240123-0000180,WALL-0063696,MERCH-00363,PM-04,DEV-01,2024-01-23 08:29:20,53.26,1.0652,0.0,5,Success,Bill Payment,Pathein,MMK,False
TXN-20240123-0000181,WALL-0068011,MERCH-00377,PM-01,DEV-02,2024-01-23 09:25:23,38.33,0.0,0.0,3,Success,Purchase,Yangon,MMK,False
TXN-20240123-0000182,WALL-0130800,MERCH-00146,PM-01,DEV-05,2024-01-23 17:15:35,87.33,0.0,4.3665,8,Success,Purchase,Hyderabad,INR,False
TXN-20240123-0000183,WALL-0091355,MERCH-00221,PM-01,DEV-02,2024-01-23 18:27:05,17.11,0.0,0.0,1,Success,Purchase,Taunggyi,MMK,False
TXN-20240123-0000184,WALL-0140045,MERCH-00115,PM-02,DEV-01,2024-01-23 17:49:42,165.52,0.331,0.0,16,Success,Purchase,Singapore,SGD,False
TXN-20240123-0000185,WALL-0119705,MERCH-00012,PM-01,DEV-01,2024-01-23 02:47:03,28.39,0.0,0.5677,2,Success,Purchase,Mandalay,MMK,False
TXN-20240123-0000186,WALL-0051126,MERCH-00382,PM-03,DEV-02,2024-01-23 13:15:29,113.16,0.9053,0.0,11,Success,Purchase,Hanoi,VND,False
TXN-20240123-0000187,WALL-0005750,MERCH-00172,PM-03,DEV-03,2024-01-23 08:17:07,194.63,1.557,9.7314,19,Success,Purchase,Myitkyina,MMK,False
TXN-20240123-0000188,WALL-0094434,MERCH-00280,PM-04,DEV-02,2024-01-23 16:04:35,400.05,8.001,32.0039,80,Success,Purchase,Hanoi,MMK,False
TXN-20240123-0000189,WALL-0087153,MERCH-00281,PM-01,DEV-01,2024-01-23 06:22:55,382.16,0.0,30.5731,76,Success,Purchase,Myitkyina,MMK,False
TXN-20240123-0000190,WALL-0035439,MERCH-00026,PM-04,DEV-03,2024-01-23 12:58:34,15.97,0.3195,0.3195,1,Success,Purchase,Taunggyi,MMK,False
TXN-20240123-0000191,WALL-0072583,MERCH-00018,PM-04,DEV-05,2024-01-23 14:34:24,35.16,0.7033,0.7033,3,Success,Purchase,Surabaya,IDR,False
TXN-20240123-0000192,WALL-0015883,MERCH-00248,PM-01,DEV-01,2024-01-23 09:35:39,29.85,0.0,0.0,2,Success,Subscription,Chittagong,BDT,False
TXN-20240123-0000193,WALL-0048989,MERCH-00113,PM-02,DEV-01,2024-01-23 12:55:24,33.5,0.067,0.0,3,Success,Purchase,Dhaka,BDT,False
TXN-20240123-0000194,WALL-0113061,MERCH-00040,PM-03,DEV-04,2024-01-23 19:28:03,11.11,0.0888,0.2221,1,Success,Purchase,Colombo,LKR,False
TXN-20240123-0000195,WALL-0015280,MERCH-00188,PM-01,DEV-02,2024-01-23 12:23:44,1044.21,0.0,0.0,0,Pending,Purchase,Taunggyi,MMK,False
TXN-20240123-0000196,WALL-0070341,MERCH-00492,PM-02,DEV-01,2024-01-23 17:22:00,414.49,0.829,0.0,41,Success,Payment,Mawlamyine,MMK,False
TXN-20240123-0000197,WALL-0074729,MERCH-00380,PM-02,DEV-01,2024-01-23 17:31:24,67.14,0.1343,0.0,6,Success,Purchase,Da Nang,VND,False
TXN-20240123-0000198,WALL-0057459,MERCH-00163,PM-01,DEV-01,2024-01-23 19:00:21,42.45,0.0,2.1224,4,Success,Purchase,Mandalay,MMK,False
TXN-20240123-0000199,WALL-0139145,MERCH-00089,PM-05,DEV-01,2024-01-23 00:27:14,79.76,0.0,0.0,7,Success,Purchase,Naypyidaw,MMK,False
TXN-20240123-0000200,WALL-0078032,MERCH-00012,PM-01,DEV-02,2024-01-23 16:49:10,6.31,0.0,0.1262,0,Success,Purchase,Kolkata,INR,False
TXN-20240123-0000201,WALL-0052307,MERCH-00071,PM-04,DEV-01,2024-01-23 15:11:13,23.37,0.4674,0.4674,2,Success,Purchase,Singapore,SGD,False
TXN-20240123-0000202,WALL-0123410,MERCH-00336,PM-01,DEV-03,2024-01-23 06:08:52,22.82,0.0,0.0,2,Success,Bill Payment,Chittagong,BDT,False
TXN-20240123-0000203,WALL-0086374,MERCH-00082,PM-01,DEV-01,2024-01-23 22:06:55,77.04,0.0,0.0,7,Success,Purchase,Jaipur,INR,False
TXN-20240123-0000204,WALL-0087707,MERCH-00035,PM-01,DEV-05,2024-01-23 21:30:22,8.42,0.0,0.1684,0,Success,Purchase,Bago,MMK,False
TXN-20240123-0000205,WALL-0007204,MERCH-00381,PM-01,DEV-01,2024-01-23 07:34:18,171.73,0.0,0.0,17,Success,Purchase,Mawlamyine,MMK,False
TXN-20240123-0000206,WALL-0057529,MERCH-00008,PM-03,DEV-04,2024-01-23 03:38:36,10.22,0.0817,0.2043,1,Success,Purchase,Mawlamyine,MMK,False
TXN-20240123-0000207,WALL-0091520,MERCH-00206,PM-02,DEV-02,2024-01-23 19:10:59,8.21,0.0164,0.0,0,Success,Purchase,Kathmandu,MMK,False
TXN-20240123-0000208,WALL-0049528,MERCH-00007,PM-01,DEV-01,2024-01-23 12:21:35,7.53,0.0,0.1507,0,Success,Purchase,Taunggyi,MMK,False
TXN-20240123-0000209,WALL-0126737,MERCH-00199,PM-02,DEV-03,2024-01-23 03:07:44,10.25,0.0205,0.0,0,Failed,Purchase,Davao,PHP,False
TXN-20240123-0000210,WALL-0062717,MERCH-00122,PM-02,DEV-01,2024-01-23 17:25:20,24.52,0.049,0.0,2,Success,Purchase,Yangon,MMK,False
TXN-20240123-0000211,WALL-0017554,MERCH-00355,PM-01,DEV-01,2024-01-23 23:52:39,33.43,0.0,0.0,3,Success,Bill Payment,Medan,IDR,False
TXN-20240123-0000212,WALL-0136506,MERCH-00437,PM-02,DEV-01,2024-01-23 19:50:37,936.3,1.8726,0.0,93,Success,Tax Payment,Mawlamyine,MMK,False
TXN-20240123-0000213,WALL-0117921,MERCH-00361,PM-04,DEV-01,2024-01-23 20:10:40,76.82,1.5364,0.0,7,Success,Bill Payment,Chiang Mai,MMK,False
TXN-20240123-0000214,WALL-0015653,MERCH-00041,PM-02,DEV-01,2024-01-23 14:09:40,14.14,0.0283,0.2829,1,Success,Purchase,Taunggyi,MMK,False
TXN-20240123-0000215,WALL-0075693,MERCH-00107,PM-01,DEV-03,2024-01-23 07:28:34,61.81,0.0,0.0,6,Success,Purchase,Taunggyi,MMK,False
TXN-20240123-0000216,WALL-0032826,MERCH-00107,PM-02,DEV-01,2024-01-23 17:24:18,37.01,0.074,0.0,3,Success,Purchase,Kandy,LKR,False
TXN-20240123-0000217,WALL-0017244,MERCH-00121,PM-01,DEV-01,2024-01-23 21:41:22,109.8,0.0,0.0,10,Success,Purchase,Hyderabad,MMK,False
TXN-20240123-0000218,WALL-0114485,MERCH-00213,PM-02,DEV-03,2024-01-23 17:56:11,15.1,0.0302,0.0,1,Success,Purchase,Bago,MMK,False
TXN-20240123-0000219,WALL-0014554,MERCH-00111,PM-02,DEV-05,2024-01-23 20:49:50,31.91,0.0638,0.0,0,Pending,Purchase,Pokhara,PHP,False
TXN-20240123-0000220,WALL-0088636,MERCH-00278,PM-02,DEV-01,2024-01-23 16:01:32,906.09,1.8122,0.0,0,Failed,Purchase,Hyderabad,INR,False
TXN-20240123-0000221,WALL-0017128,MERCH-00383,PM-01,DEV-01,2024-01-23 06:43:30,59.94,0.0,0.0,5,Success,Purchase,Colombo,LKR,False
TXN-20240123-0000222,WALL-0003038,MERCH-00240,PM-01,DEV-03,2024-01-23 12:55:02,43.39,0.0,0.0,4,Success,Subscription,Surabaya,THB,False
TXN-20240123-0000223,WALL-0082840,MERCH-00091,PM-01,DEV-03,2024-01-23 16:01:00,22.45,0.0,0.0,2,Success,Purchase,Lahore,MMK,False
TXN-20240123-0000224,WALL-0033323,MERCH-00139,PM-02,DEV-01,2024-01-23 19:20:25,770.24,1.5405,38.5122,77,Success,Purchase,Johor Bahru,MYR,False
TXN-20240123-0000225,WALL-0134497,MERCH-00448,PM-01,DEV-01,2024-01-23 16:44:32,158.03,0.0,0.0,15,Success,Tax Payment,Yangon,MMK,False
TXN-20240123-0000226,WALL-0029530,MERCH-00168,PM-05,DEV-01,2024-01-23 13:21:14,60.06,0.0,3.0032,6,Success,Purchase,Singapore,SGD,False
TXN-20240123-0000227,WALL-0111528,MERCH-00143,PM-02,DEV-01,2024-01-23 06:45:54,63.95,0.1279,3.1973,6,Success,Purchase,Islamabad,INR,False
TXN-20240123-0000228,WALL-0149955,MERCH-00370,PM-03,DEV-02,2024-01-23 07:06:50,32.08,0.2566,0.0,3,Success,Bill Payment,Myitkyina,MMK,False
TXN-20240123-0000229,WALL-0107323,MERCH-00025,PM-03,DEV-04,2024-01-23 19:16:22,16.55,0.1324,0.3309,1,Success,Purchase,Myitkyina,MMK,False
TXN-20240123-0000230,WALL-0011803,MERCH-00398,PM-01,DEV-01,2024-01-23 17:54:08,64.86,0.0,0.0,6,Success,Purchase,Johor Bahru,MYR,False
TXN-20240123-0000231,WALL-0118537,MERCH-00096,PM-01,DEV-01,2024-01-23 21:47:34,22.04,0.0,0.0,2,Success,Purchase,Medan,IDR,False
TXN-20240123-0000232,WALL-0000570,MERCH-00316,PM-01,DEV-02,2024-01-23 14:00:56,27.69,0.0,0.0,2,Success,Bill Payment,Mandalay,MMK,False
TXN-20240123-0000233,WALL-0019410,MERCH-00012,PM-01,DEV-01,2024-01-23 13:19:07,21.98,0.0,0.4397,2,Success,Purchase,Myitkyina,MMK,False
TXN-20240123-0000234,WALL-0117200,MERCH-00195,PM-03,DEV-02,2024-01-23 06:57:58,11.76,0.0941,0.0,1,Success,Purchase,Davao,PHP,False
TXN-20240123-0000235,WALL-0010202,MERCH-00196,PM-04,DEV-03,2024-01-23 17:35:09,27.16,0.5433,0.0,2,Success,Purchase,Chennai,INR,False
TXN-20240123-0000236,WALL-0042386,MERCH-00386,PM-05,DEV-01,2024-01-23 19:01:17,55.57,0.0,0.0,5,Success,Purchase,Myitkyina,MMK,False
TXN-20240123-0000237,WALL-0026381,MERCH-00330,PM-01,DEV-03,2024-01-23 16:20:05,69.19,0.0,0.0,6,Success,Bill Payment,Kandy,INR,False
TXN-20240123-0000238,WALL-0137750,MERCH-00045,PM-03,DEV-01,2024-01-23 19:32:57,7.71,0.0617,0.1542,0,Success,Purchase,Bandung,IDR,False
TXN-20240123-0000239,WALL-0023066,MERCH-00007,PM-01,DEV-01,2024-01-23 11:13:14,43.01,0.0,0.8603,4,Success,Purchase,Ho Chi Minh City,MMK,False
TXN-20240123-0000240,WALL-0053940,MERCH-00328,PM-02,DEV-02,2024-01-23 00:54:51,70.39,0.1408,0.0,7,Success,Bill Payment,Kolkata,INR,False
TXN-20240123-0000241,WALL-0051251,MERCH-00223,PM-02,DEV-01,2024-01-23 19:45:10,7.38,0.0148,0.0,0,Success,Purchase,Bali,IDR,False
TXN-20240123-0000242,WALL-0094926,MERCH-00430,PM-04,DEV-01,2024-01-23 20:08:19,147.63,2.9525,0.0,14,Success,Payment,Bangkok,THB,False
TXN-20240123-0000243,WALL-0096138,MERCH-00176,PM-01,DEV-01,2024-01-23 20:15:26,120.13,0.0,6.0066,12,Success,Purchase,Naypyidaw,MMK,False
TXN-20240123-0000244,WALL-0031650,MERCH-00052,PM-02,DEV-01,2024-01-23 09:32:11,27.0,0.054,0.54,2,Success,Purchase,Manila,PHP,False
TXN-20240123-0000245,WALL-0123208,MERCH-00100,PM-01,DEV-01,2024-01-23 17:06:57,126.62,0.0,0.0,12,Success,Purchase,Chittagong,BDT,False
TXN-20240123-0000246,WALL-0106392,MERCH-00144,PM-04,DEV-01,2024-01-23 15:08:47,32.11,0.6422,1.6055,3,Success,Purchase,Karachi,PKR,False
TXN-20240123-0000247,WALL-0113251,MERCH-00047,PM-02,DEV-03,2024-01-23 17:21:42,30.98,0.062,0.6197,3,Success,Purchase,Mumbai,INR,False
TXN-20240123-0000248,WALL-0109525,MERCH-00359,PM-04,DEV-01,2024-01-23 16:13:41,19.06,0.3813,0.0,1,Success,Bill Payment,Quezon City,PHP,False
TXN-20240123-0000249,WALL-0018928,MERCH-00119,PM-01,DEV-02,2024-01-23 16:41:19,121.36,0.0,0.0,12,Success,Purchase,Davao,MMK,False
TXN-20240123-0000250,WALL-0148574,MERCH-00221,PM-04,DEV-01,2024-01-23 07:17:42,5.33,0.1065,0.0,0,Success,Purchase,Bangkok,THB,False
TXN-20240123-0000251,WALL-0127474,MERCH-00337,PM-01,DEV-01,2024-01-23 18:48:07,74.94,0.0,0.0,7,Success,Bill Payment,Colombo,LKR,False
TXN-20240123-0000252,WALL-0026143,MERCH-00175,PM-01,DEV-02,2024-01-23 18:56:19,66.97,0.0,3.3484,6,Success,Purchase,Penang,MMK,False
TXN-20240123-0000253,WALL-0075750,MERCH-00014,PM-04,DEV-01,2024-01-23 15:23:44,22.57,0.4513,0.4513,2,Success,Purchase,Hyderabad,INR,False
TXN-20240123-0000254,WALL-0036062,MERCH-00074,PM-03,DEV-02,2024-01-23 16:19:30,18.3,0.1464,0.366,1,Success,Purchase,Jaipur,INR,False
TXN-20240123-0000255,WALL-0102683,MERCH-00015,PM-01,DEV-01,2024-01-23 17:43:52,13.06,0.0,0.2611,1,Success,Purchase,Mandalay,MMK,False
TXN-20240123-0000256,WALL-0121195,MERCH-00223,PM-01,DEV-01,2024-01-23 13:48:39,5.0,0.0,0.0,0,Success,Purchase,Ahmedabad,IDR,False
TXN-20240123-0000257,WALL-0115822,MERCH-00197,PM-04,DEV-01,2024-01-23 15:57:30,12.92,0.2584,0.0,1,Success,Purchase,Yangon,MMK,False
TXN-20240123-0000258,WALL-0095740,MERCH-00018,PM-01,DEV-03,2024-01-23 02:57:18,9.59,0.0,0.1918,0,Success,Purchase,Myitkyina,MMK,False
TXN-20240123-0000259,WALL-0008183,MERCH-00020,PM-04,DEV-01,2024-01-23 18:23:46,25.43,0.5085,0.5085,2,Success,Purchase,Pune,INR,False
TXN-20240123-0000260,WALL-0118520,MERCH-00370,PM-02,DEV-02,2024-01-23 15:35:25,33.44,0.0669,0.0,3,Success,Bill Payment,Taunggyi,MMK,False
TXN-20240123-0000261,WALL-0016433,MERCH-00127,PM-04,DEV-02,2024-01-23 01:44:55,31.13,0.6226,0.0,3,Success,Purchase,Myitkyina,MMK,False
TXN-20240123-0000262,WALL-0092239,MERCH-00238,PM-02,DEV-01,2024-01-23 18:09:43,14.32,0.0286,0.0,1,Success,Subscription,Pune,INR,False
TXN-20240123-0000263,WALL-0080312,MERCH-00214,PM-02,DEV-01,2024-01-23 12:30:35,10.69,0.0214,0.0,1,Success,Purchase,Mawlamyine,MMK,False
TXN-20240123-0000264,WALL-0047418,MERCH-00274,PM-01,DEV-01,2024-01-23 19:48:14,1948.08,0.0,155.8465,389,Success,Purchase,Medan,IDR,False
TXN-20240123-0000265,WALL-0127551,MERCH-00022,PM-01,DEV-02,2024-01-23 14:27:32,25.85,0.0,0.5171,2,Success,Purchase,Delhi,INR,False
TXN-20240123-0000266,WALL-0145690,MERCH-00015,PM-01,DEV-01,2024-01-23 16:01:47,55.97,0.0,1.1193,5,Success,Purchase,Naypyidaw,MMK,False
TXN-20240123-0000267,WALL-0127130,MERCH-00438,PM-01,DEV-03,2024-01-23 10:10:07,83.18,0.0,0.0,8,Success,Tax Payment,Mawlamyine,MMK,False
TXN-20240123-0000268,WALL-0075693,MERCH-00011,PM-01,DEV-03,2024-01-23 06:41:51,15.08,0.0,0.3017,1,Success,Purchase,Taunggyi,MMK,False
TXN-20240123-0000269,WALL-0008008,MERCH-00196,PM-02,DEV-01,2024-01-23 07:58:56,23.19,0.0464,0.0,2,Success,Purchase,Chittagong,MMK,False
TXN-20240123-0000270,WALL-0009991,MERCH-00095,PM-02,DEV-01,2024-01-23 20:11:18,53.72,0.1074,0.0,5,Success,Purchase,Myitkyina,MMK,False
TXN-20240123-0000271,WALL-0001649,MERCH-00207,PM-01,DEV-02,2024-01-23 06:14:35,8.32,0.0,0.0,0,Success,Purchase,Manila,PHP,False
TXN-20240123-0000272,WALL-0046883,MERCH-00322,PM-04,DEV-01,2024-01-23 18:11:23,101.8,2.036,0.0,10,Success,Bill Payment,Bago,MMK,False
TXN-20240123-0000273,WALL-0136232,MERCH-00212,PM-01,DEV-01,2024-01-23 13:34:12,30.36,0.0,0.0,3,Success,Purchase,Medan,IDR,False
TXN-20240123-0000274,WALL-0117606,MERCH-00089,PM-01,DEV-01,2024-01-23 06:09:59,108.73,0.0,0.0,10,Success,Purchase,Hyderabad,INR,False
TXN-20240123-0000275,WALL-0096742,MERCH-00310,PM-01,DEV-01,2024-01-23 17:17:22,527.45,0.0,42.1957,105,Success,Purchase,Cebu City,NPR,False
TXN-20240123-0000276,WALL-0056216,MERCH-00069,PM-02,DEV-02,2024-01-23 14:30:32,26.69,0.0534,0.5339,2,Success,Purchase,Quezon City,MMK,False
TXN-20240123-0000277,WALL-0038749,MERCH-00127,PM-02,DEV-03,2024-01-23 11:42:18,33.92,0.0678,0.0,3,Success,Purchase,Pathein,MMK,False
TXN-20240123-0000278,WALL-0107216,MERCH-00071,PM-01,DEV-02,2024-01-23 21:10:15,36.84,0.0,0.7368,3,Success,Purchase,Kolkata,INR,False
TXN-20240123-0000279,WALL-0036863,MERCH-00119,PM-05,DEV-01,2024-01-23 15:39:29,53.96,0.0,0.0,5,Success,Purchase,Medan,PHP,False
TXN-20240123-0000280,WALL-0032628,MERCH-00208,PM-01,DEV-02,2024-01-23 15:20:16,5.0,0.0,0.0,0,Success,Purchase,Penang,MYR,False
TXN-20240123-0000281,WALL-0131513,MERCH-00002,PM-01,DEV-03,2024-01-23 18:27:46,8.1,0.0,0.162,0,Success,Purchase,Naypyidaw,MMK,False
TXN-20240123-0000282,WALL-0078906,MERCH-00351,PM-02,DEV-03,2024-01-23 20:35:38,20.92,0.0418,0.0,2,Success,Bill Payment,Quezon City,PHP,False
TXN-20240123-0000283,WALL-0050659,MERCH-00098,PM-01,DEV-05,2024-01-23 21:18:45,92.15,0.0,0.0,9,Success,Purchase,Pathein,MMK,False
TXN-20240123-0000284,WALL-0134078,MERCH-00078,PM-01,DEV-01,2024-01-23 14:44:34,40.34,0.0,0.8068,4,Success,Purchase,Phnom Penh,KHR,False
TXN-20240123-0000285,WALL-0021653,MERCH-00271,PM-01,DEV-01,2024-01-23 14:50:46,810.83,0.0,64.8665,162,Success,Purchase,Taunggyi,MMK,False
TXN-20240123-0000286,WALL-0076140,MERCH-00082,PM-02,DEV-01,2024-01-23 07:03:31,39.69,0.0794,0.0,3,Success,Purchase,Chiang Mai,THB,False
TXN-20240123-0000287,WALL-0067058,MERCH-00361,PM-05,DEV-01,2024-01-23 16:42:10,81.17,0.0,0.0,8,Success,Bill Payment,Bangalore,INR,False
TXN-20240123-0000288,WALL-0132904,MERCH-00353,PM-02,DEV-02,2024-01-23 18:41:08,30.57,0.0611,0.0,3,Success,Bill Payment,Dhaka,MMK,False
TXN-20240123-0000289,WALL-0067515,MERCH-00126,PM-02,DEV-01,2024-01-23 14:12:35,102.75,0.2055,0.0,10,Success,Purchase,Hanoi,VND,False
TXN-20240123-0000290,WALL-0112627,MERCH-00315,PM-01,DEV-03,2024-01-23 04:04:08,103.23,0.0,0.0,10,Success,Bill Payment,Siem Reap,KHR,False
TXN-20240123-0000291,WALL-0149454,MERCH-00063,PM-01,DEV-01,2024-01-23 15:29:21,28.27,0.0,0.5653,2,Success,Purchase,Yangon,MMK,False
TXN-20240123-0000292,WALL-0120124,MERCH-00203,PM-05,DEV-01,2024-01-23 13:41:21,22.5,0.0,0.0,2,Success,Purchase,Yangon,MMK,False
TXN-20240123-0000293,WALL-0052199,MERCH-00100,PM-03,DEV-02,2024-01-23 13:45:32,83.42,0.6674,0.0,8,Success,Purchase,Ho Chi Minh City,VND,False
TXN-20240123-0000294,WALL-0104140,MERCH-00241,PM-01,DEV-03,2024-01-23 13:08:05,12.31,0.0,0.0,1,Success,Subscription,Khon Kaen,THB,False
TXN-20240123-0000295,WALL-0145445,MERCH-00051,PM-03,DEV-01,2024-01-23 20:23:55,25.18,0.2014,0.5035,2,Success,Purchase,Kolkata,INR,False
TXN-20240123-0000296,WALL-0018730,MERCH-00192,PM-02,DEV-01,2024-01-23 13:26:08,25.58,0.0512,0.0,2,Success,Purchase,Yangon,MMK,False
TXN-20240123-0000297,WALL-0111013,MERCH-00445,PM-01,DEV-04,2024-01-23 07:40:08,50.0,0.0,0.0,5,Success,Tax Payment,Chittagong,BDT,False
TXN-20240123-0000298,WALL-0084991,MERCH-00012,PM-02,DEV-01,2024-01-23 20:21:44,18.87,0.0377,0.3774,1,Success,Purchase,Naypyidaw,MMK,False
TXN-20240123-0000299,WALL-0028803,MERCH-00024,PM-01,DEV-02,2024-01-23 02:38:15,15.81,0.0,0.3163,1,Success,Purchase,Pokhara,NPR,False
TXN-20240123-0000300,WALL-0007480,MERCH-00285,PM-03,DEV-01,2024-01-23 21:01:42,847.86,6.7829,67.8289,169,Success,Purchase,Bago,MMK,False
TXN-20240123-0000301,WALL-0038340,MERCH-00116,PM-03,DEV-03,2024-01-23 10:41:16,26.38,0.211,0.0,2,Success,Purchase,Taunggyi,MMK,False
TXN-20240123-0000302,WALL-0133938,MERCH-00064,PM-01,DEV-01,2024-01-23 17:17:50,34.77,0.0,0.6953,3,Success,Purchase,Delhi,INR,False
TXN-20240123-0000303,WALL-0036331,MERCH-00370,PM-03,DEV-01,2024-01-23 20:44:14,43.61,0.3489,0.0,4,Success,Bill Payment,Penang,MMK,False
TXN-20240123-0000304,WALL-0131164,MERCH-00170,PM-04,DEV-04,2024-01-23 09:07:58,59.26,1.1852,2.963,5,Success,Purchase,Pokhara,NPR,False
TXN-20240123-0000305,WALL-0014083,MERCH-00234,PM-03,DEV-02,2024-01-23 16:19:23,17.03,0.1362,0.0,1,Success,Subscription,Mawlamyine,MMK,False
TXN-20240123-0000306,WALL-0013389,MERCH-00295,PM-03,DEV-02,2024-01-23 18:37:06,338.06,2.7045,27.0448,67,Success,Purchase,Yangon,MMK,False
TXN-20240123-0000307,WALL-0044467,MERCH-00058,PM-01,DEV-02,2024-01-23 18:32:25,8.4,0.0,0.1679,0,Success,Purchase,Da Nang,VND,False
TXN-20240123-0000308,WALL-0035043,MERCH-00031,PM-05,DEV-02,2024-01-23 20:25:24,44.3,0.0,0.886,4,Success,Purchase,Siem Reap,KHR,False
TXN-20240123-0000309,WALL-0065460,MERCH-00405,PM-03,DEV-01,2024-01-23 07:16:40,152.66,1.2213,0.0,15,Success,Payment,Yangon,MMK,False
TXN-20240123-0000310,WALL-0080497,MERCH-00435,PM-02,DEV-03,2024-01-23 13:11:57,50.0,0.1,0.0,5,Success,Tax Payment,Pune,INR,False
TXN-20240123-0000311,WALL-0061844,MERCH-00017,PM-02,DEV-03,2024-01-23 17:29:03,16.62,0.0332,0.0,0,Failed,Purchase,Cebu City,PHP,False
TXN-20240123-0000312,WALL-0069181,MERCH-00078,PM-03,DEV-01,2024-01-23 08:04:51,16.36,0.1309,0.3272,1,Success,Purchase,Delhi,INR,False
TXN-20240123-0000313,WALL-0112804,MERCH-00067,PM-04,DEV-03,2024-01-23 19:29:33,25.56,0.5111,0.5111,2,Success,Purchase,Ho Chi Minh City,VND,False
TXN-20240123-0000314,WALL-0070300,MERCH-00055,PM-01,DEV-03,2024-01-23 17:17:53,18.61,0.0,0.3721,1,Success,Purchase,Bangkok,THB,False
TXN-20240123-0000315,WALL-0126477,MERCH-00354,PM-04,DEV-01,2024-01-23 21:48:57,57.23,1.1446,0.0,5,Success,Bill Payment,Naypyidaw,MMK,False
TXN-20240123-0000316,WALL-0000298,MERCH-00292,PM-04,DEV-01,2024-01-23 04:08:45,100.0,2.0,8.0,20,Success,Purchase,Chittagong,BDT,False
TXN-20240123-0000317,WALL-0033737,MERCH-00026,PM-01,DEV-01,2024-01-23 19:50:36,40.09,0.0,0.8018,4,Success,Purchase,Bali,IDR,False
TXN-20240123-0000318,WALL-0106658,MERCH-00094,PM-01,DEV-02,2024-01-23 21:32:36,34.59,0.0,0.0,3,Success,Purchase,Jaipur,INR,False
TXN-20240123-0000319,WALL-0085077,MERCH-00024,PM-05,DEV-01,2024-01-23 16:30:33,10.44,0.0,0.2088,1,Success,Purchase,Yangon,MMK,False
TXN-20240123-0000320,WALL-0040035,MERCH-00001,PM-04,DEV-03,2024-01-23 10:23:53,12.9,0.2579,0.2579,1,Success,Purchase,Lahore,PKR,False
TXN-20240123-0000321,WALL-0066683,MERCH-00416,PM-02,DEV-02,2024-01-23 20:41:25,102.95,0.2059,0.0,10,Success,Payment,Yangon,MMK,False
TXN-20240123-0000322,WALL-0050618,MERCH-00381,PM-01,DEV-01,2024-01-23 11:56:21,76.21,0.0,0.0,7,Success,Purchase,Taunggyi,MMK,False
TXN-20240123-0000323,WALL-0035126,MERCH-00088,PM-02,DEV-01,2024-01-23 21:24:26,77.21,0.1544,0.0,7,Success,Purchase,Pathein,MMK,False
TXN-20240123-0000324,WALL-0074191,MERCH-00381,PM-03,DEV-01,2024-01-23 21:17:17,112.45,0.8996,0.0,11,Success,Purchase,Mandalay,MMK,False
TXN-20240123-0000325,WALL-0085515,MERCH-00440,PM-01,DEV-01,2024-01-23 20:39:15,315.8,0.0,0.0,31,Success,Tax Payment,Jakarta,IDR,False
TXN-20240123-0000326,WALL-0020027,MERCH-00164,PM-01,DEV-01,2024-01-23 14:24:42,152.85,0.0,7.6424,15,Success,Purchase,Mawlamyine,MMK,False
TXN-20240123-0000327,WALL-0142041,MERCH-00059,PM-03,DEV-03,2024-01-23 23:44:07,41.75,0.334,0.8351,4,Success,Purchase,Taunggyi,MMK,False
TXN-20240123-0000328,WALL-0049532,MERCH-00037,PM-01,DEV-03,2024-01-23 20:55:34,46.38,0.0,0.9276,4,Success,Purchase,Mandalay,MMK,False
TXN-20240123-0000329,WALL-0042328,MERCH-00326,PM-02,DEV-05,2024-01-23 04:15:08,114.59,0.2292,0.0,11,Success,Bill Payment,Siem Reap,KHR,False
TXN-20240123-0000330,WALL-0132345,MERCH-00031,PM-01,DEV-01,2024-01-23 21:39:05,20.86,0.0,0.4171,2,Success,Purchase,Da Nang,VND,False
TXN-20240123-0000331,WALL-0079035,MERCH-00491,PM-02,DEV-02,2024-01-23 13:29:19,977.58,1.9552,0.0,97,Success,Payment,Yangon,MMK,False
TXN-20240123-0000332,WALL-0031566,MERCH-00416,PM-01,DEV-01,2024-01-23 11:33:06,475.28,0.0,0.0,47,Success,Payment,Bago,MMK,False
TXN-20240123-0000333,WALL-0084531,MERCH-00319,PM-03,DEV-01,2024-01-23 18:16:08,52.77,0.4222,0.0,5,Success,Bill Payment,Pokhara,NPR,False
TXN-20240123-0000334,WALL-0089757,MERCH-00278,PM-02,DEV-01,2024-01-23 14:33:42,770.67,1.5413,61.6538,154,Success,Purchase,Kathmandu,NPR,False
TXN-20240123-0000335,WALL-0020763,MERCH-00206,PM-01,DEV-01,2024-01-23 21:22:40,15.13,0.0,0.0,1,Success,Purchase,Ahmedabad,INR,False
TXN-20240123-0000336,WALL-0084160,MERCH-00361,PM-02,DEV-02,2024-01-23 18:29:00,67.86,0.1357,0.0,6,Success,Bill Payment,Chittagong,BDT,False
TXN-20240123-0000337,WALL-0141453,MERCH-00131,PM-02,DEV-01,2024-01-23 21:06:58,118.75,0.2375,5.9375,11,Success,Purchase,Pathein,MMK,False
TXN-20240123-0000338,WALL-0037334,MERCH-00126,PM-05,DEV-05,2024-01-23 15:44:11,159.45,0.0,0.0,15,Success,Purchase,Ahmedabad,INR,False
TXN-20240123-0000339,WALL-0084609,MERCH-00070,PM-02,DEV-03,2024-01-23 12:58:25,34.07,0.0681,0.6813,3,Success,Purchase,Pattaya,THB,False
TXN-20240123-0000340,WALL-0020959,MERCH-00443,PM-03,DEV-01,2024-01-23 20:37:29,340.06,2.7205,0.0,34,Success,Tax Payment,Delhi,INR,False
TXN-20240123-0000341,WALL-0023303,MERCH-00307,PM-01,DEV-03,2024-01-23 02:49:01,697.52,0.0,55.8016,139,Success,Purchase,Bangalore,MMK,False
TXN-20240123-0000342,WALL-0017934,MERCH-00319,PM-02,DEV-02,2024-01-23 12:19:12,35.8,0.0716,0.0,3,Success,Bill Payment,Kathmandu,NPR,False
TXN-20240123-0000343,WALL-0110042,MERCH-00015,PM-03,DEV-04,2024-01-23 12:07:25,52.62,0.421,1.0525,5,Success,Purchase,Medan,IDR,False
TXN-20240123-0000344,WALL-0144344,MERCH-00257,PM-03,DEV-03,2024-01-23 21:53:52,28.63,0.2291,0.0,2,Success,Subscription,Singapore,MMK,False
TXN-20240123-0000345,WALL-0011512,MERCH-00183,PM-01,DEV-01,2024-01-23 13:09:25,83.46,0.0,4.1728,8,Success,Purchase,Bangkok,THB,False
TXN-20240123-0000346,WALL-0098526,MERCH-00013,PM-04,DEV-02,2024-01-23 09:27:57,23.45,0.469,0.469,2,Success,Purchase,Yangon,MMK,False
TXN-20240123-0000347,WALL-0133294,MERCH-00167,PM-04,DEV-02,2024-01-23 13:06:15,888.43,17.7687,44.4216,88,Success,Purchase,Singapore,SGD,False
TXN-20240123-0000348,WALL-0006542,MERCH-00120,PM-01,DEV-02,2024-01-23 13:42:25,118.56,0.0,0.0,11,Success,Purchase,Pathein,MMK,False
TXN-20240123-0000349,WALL-0139259,MERCH-00060,PM-01,DEV-02,2024-01-23 21:32:45,14.17,0.0,0.2834,1,Success,Purchase,Dhaka,BDT,False
TXN-20240123-0000350,WALL-0051280,MERCH-00294,PM-02,DEV-01,2024-01-23 03:36:06,1161.84,2.3237,92.9475,232,Success,Purchase,Cebu City,MMK,False
TXN-20240123-0000351,WALL-0073909,MERCH-00244,PM-01,DEV-01,2024-01-23 07:54:02,11.18,0.0,0.0,1,Success,Subscription,Bago,MMK,False
TXN-20240123-0000352,WALL-0020331,MERCH-00065,PM-01,DEV-04,2024-01-23 11:48:59,13.65,0.0,0.273,1,Success,Purchase,Pathein,MMK,False
TXN-20240123-0000353,WALL-0082164,MERCH-00199,PM-01,DEV-02,2024-01-23 21:33:50,12.81,0.0,0.0,1,Success,Purchase,Siem Reap,MMK,False
TXN-20240123-0000354,WALL-0056875,MERCH-00033,PM-01,DEV-01,2024-01-23 18:31:05,7.08,0.0,0.1415,0,Success,Purchase,Chennai,MMK,False
TXN-20240123-0000355,WALL-0069873,MERCH-00187,PM-01,DEV-02,2024-01-23 10:08:03,25.98,0.0,1.299,2,Success,Purchase,Cebu City,PHP,False
TXN-20240123-0000356,WALL-0143600,MERCH-00234,PM-04,DEV-01,2024-01-23 04:09:33,12.05,0.241,0.0,1,Success,Subscription,Mandalay,MMK,False
TXN-20240123-0000357,WALL-0043144,MERCH-00111,PM-02,DEV-03,2024-01-23 16:10:02,91.18,0.1824,0.0,9,Success,Purchase,Pokhara,NPR,False
TXN-20240123-0000358,WALL-0080094,MERCH-00322,PM-01,DEV-01,2024-01-23 14:53:23,44.22,0.0,0.0,4,Success,Bill Payment,Mandalay,MMK,False
TXN-20240123-0000359,WALL-0090240,MERCH-00007,PM-01,DEV-03,2024-01-23 16:25:27,15.56,0.0,0.3112,1,Success,Purchase,Taunggyi,MMK,False
TXN-20240123-0000360,WALL-0138746,MERCH-00159,PM-02,DEV-02,2024-01-23 08:06:13,91.59,0.1832,0.0,0,Failed,Purchase,Jaipur,INR,False
TXN-20240123-0000361,WALL-0140680,MERCH-00025,PM-01,DEV-05,2024-01-23 19:44:45,67.22,0.0,1.3444,6,Success,Purchase,Pathein,MMK,False
TXN-20240123-0000362,WALL-0125685,MERCH-00007,PM-03,DEV-02,2024-01-23 19:59:31,52.31,0.4185,1.0462,5,Success,Purchase,Mawlamyine,MMK,False
TXN-20240123-0000363,WALL-0033251,MERCH-00011,PM-04,DEV-01,2024-01-23 08:47:02,10.86,0.2172,0.2172,1,Success,Purchase,Mandalay,MMK,False
TXN-20240123-0000364,WALL-0116061,MERCH-00321,PM-02,DEV-04,2024-01-23 01:14:11,83.74,0.1675,0.0,8,Success,Bill Payment,Pattaya,THB,False
TXN-20240123-0000365,WALL-0095839,MERCH-00225,PM-02,DEV-01,2024-01-23 17:01:44,11.6,0.0232,0.0,1,Success,Purchase,Islamabad,PKR,False
TXN-20240123-0000366,WALL-0100979,MERCH-00226,PM-04,DEV-01,2024-01-23 16:19:50,5.28,0.1056,0.0,0,Success,Purchase,Lahore,PKR,False
TXN-20240123-0000367,WALL-0060514,MERCH-00328,PM-04,DEV-02,2024-01-23 16:30:59,75.85,1.5171,0.0,7,Success,Bill Payment,Dhaka,BDT,False
TXN-20240123-0000368,WALL-0140965,MERCH-00391,PM-05,DEV-03,2024-01-23 20:32:22,45.59,0.0,0.0,4,Success,Purchase,Kathmandu,NPR,False
TXN-20240123-0000369,WALL-0004598,MERCH-00202,PM-04,DEV-01,2024-01-23 15:16:34,6.99,0.1397,0.0,0,Success,Purchase,Pokhara,NPR,False
TXN-20240123-0000370,WALL-0070593,MERCH-00007,PM-02,DEV-01,2024-01-23 03:07:04,5.0,0.01,0.1,0,Success,Purchase,Naypyidaw,MMK,False
TXN-20240123-0000371,WALL-0082154,MERCH-00050,PM-04,DEV-02,2024-01-23 09:44:33,16.75,0.3351,0.3351,1,Success,Purchase,Mandalay,MMK,False
TXN-20240123-0000372,WALL-0108685,MERCH-00063,PM-01,DEV-01,2024-01-23 18:14:47,14.19,0.0,0.2838,1,Success,Purchase,Manila,PHP,False
TXN-20240123-0000373,WALL-0060533,MERCH-00005,PM-02,DEV-01,2024-01-23 06:41:30,15.02,0.03,0.3004,1,Success,Purchase,Chennai,INR,False
TXN-20240123-0000374,WALL-0024008,MERCH-00004,PM-01,DEV-01,2024-01-23 06:20:20,28.0,0.0,0.0,0,Pending,Purchase,Taunggyi,MMK,False
TXN-20240123-0000375,WALL-0128192,MERCH-00100,PM-02,DEV-01,2024-01-23 14:29:10,217.04,0.4341,0.0,21,Success,Purchase,Naypyidaw,MMK,False
TXN-20240123-0000376,WALL-0081372,MERCH-00357,PM-04,DEV-01,2024-01-23 20:14:55,44.97,0.8995,0.0,4,Success,Bill Payment,Taunggyi,MMK,False
TXN-20240123-0000377,WALL-0109310,MERCH-00181,PM-01,DEV-01,2024-01-23 21:57:54,327.21,0.0,16.3606,32,Success,Purchase,Quezon City,VND,False
TXN-20240123-0000378,WALL-0096838,MERCH-00157,PM-04,DEV-01,2024-01-23 18:10:14,154.39,3.0877,7.7193,15,Success,Purchase,Myitkyina,MMK,False
TXN-20240123-0000379,WALL-0129873,MERCH-00069,PM-01,DEV-01,2024-01-23 00:00:25,8.42,0.0,0.1683,0,Success,Purchase,Mandalay,MMK,False
TXN-20240123-0000380,WALL-0011966,MERCH-00431,PM-02,DEV-03,2024-01-23 18:25:29,108.78,0.2176,0.0,10,Success,Tax Payment,Pathein,MMK,False
TXN-20240123-0000381,WALL-0119674,MERCH-00332,PM-01,DEV-01,2024-01-23 19:52:29,45.62,0.0,0.0,4,Success,Bill Payment,Hanoi,VND,False
TXN-20240123-0000382,WALL-0059357,MERCH-00151,PM-04,DEV-01,2024-01-23 06:16:22,86.45,1.729,4.3224,8,Success,Purchase,Lahore,PKR,False
TXN-20240123-0000383,WALL-0010208,MERCH-00035,PM-03,DEV-01,2024-01-23 21:22:11,8.38,0.0671,0.1677,0,Success,Purchase,Kolkata,INR,False
TXN-20240123-0000384,WALL-0029433,MERCH-00357,PM-03,DEV-02,2024-01-23 18:51:38,31.03,0.2483,0.0,3,Success,Bill Payment,Taunggyi,MMK,False
TXN-20240123-0000385,WALL-0081329,MERCH-00422,PM-01,DEV-01,2024-01-23 07:34:03,51.08,0.0,0.0,5,Success,Payment,Singapore,THB,False
TXN-20240123-0000386,WALL-0059916,MERCH-00388,PM-01,DEV-01,2024-01-23 12:32:12,40.02,0.0,0.0,4,Success,Purchase,Bangkok,THB,False
TXN-20240123-0000387,WALL-0000427,MERCH-00150,PM-01,DEV-01,2024-01-23 13:13:10,196.23,0.0,9.8116,19,Success,Purchase,Singapore,SGD,False
TXN-20240123-0000388,WALL-0047609,MERCH-00252,PM-04,DEV-02,2024-01-23 14:23:38,6.73,0.1346,0.0,0,Success,Subscription,Pathein,MMK,False
TXN-20240123-0000389,WALL-0076165,MERCH-00031,PM-01,DEV-02,2024-01-23 12:55:09,21.89,0.0,0.4379,2,Success,Purchase,Davao,PHP,False
TXN-20240123-0000390,WALL-0143051,MERCH-00263,PM-01,DEV-01,2024-01-23 06:54:30,16.24,0.0,0.0,1,Success,Subscription,Manila,PHP,False
TXN-20240123-0000391,WALL-0008301,MERCH-00092,PM-03,DEV-03,2024-01-23 18:18:59,44.13,0.3531,0.0,4,Success,Purchase,Chittagong,INR,False
TXN-20240123-0000392,WALL-0003741,MERCH-00303,PM-02,DEV-01,2024-01-23 07:49:04,918.99,1.838,73.5194,183,Success,Purchase,Pattaya,MMK,False
TXN-20240123-0000393,WALL-0035403,MERCH-00137,PM-02,DEV-02,2024-01-23 15:44:33,136.6,0.2732,6.83,13,Success,Purchase,Hyderabad,INR,False
TXN-20240123-0000394,WALL-0032986,MERCH-00133,PM-02,DEV-01,2024-01-23 21:13:54,1629.93,3.2599,81.4966,162,Success,Purchase,Naypyidaw,MMK,False
TXN-20240123-0000395,WALL-0077329,MERCH-00396,PM-01,DEV-01,2024-01-23 13:37:08,36.24,0.0,0.0,3,Success,Purchase,Jaipur,INR,False
TXN-20240123-0000396,WALL-0009914,MERCH-00031,PM-04,DEV-01,2024-01-23 22:01:08,20.3,0.406,0.406,2,Success,Purchase,Pune,INR,False
TXN-20240123-0000397,WALL-0043803,MERCH-00113,PM-04,DEV-01,2024-01-23 19:08:44,43.18,0.8636,0.0,4,Success,Purchase,Mawlamyine,MMK,False
TXN-20240123-0000398,WALL-0044263,MERCH-00040,PM-03,DEV-01,2024-01-23 12:29:29,26.79,0.2144,0.5359,2,Success,Purchase,Surabaya,IDR,False
TXN-20240123-0000399,WALL-0087742,MERCH-00433,PM-04,DEV-02,2024-01-23 19:26:09,205.31,4.1062,0.0,20,Success,Tax Payment,Yangon,MMK,False
TXN-20240123-0000400,WALL-0078744,MERCH-00481,PM-03,DEV-01,2024-01-23 15:05:25,289.4,2.3152,0.0,28,Success,Payment,Kuala Lumpur,INR,False
TXN-20240123-0000401,WALL-0050498,MERCH-00418,PM-01,DEV-01,2024-01-23 19:51:31,150.01,0.0,0.0,15,Success,Payment,Surabaya,IDR,False
TXN-20240123-0000402,WALL-0089174,MERCH-00216,PM-01,DEV-04,2024-01-23 21:57:40,22.94,0.0,0.0,2,Success,Purchase,Dhaka,BDT,False
TXN-20240123-0000403,WALL-0138455,MERCH-00449,PM-02,DEV-01,2024-01-23 04:53:21,324.53,0.6491,0.0,32,Success,Tax Payment,Singapore,SGD,False
TXN-20240123-0000404,WALL-0126435,MERCH-00170,PM-01,DEV-02,2024-01-23 07:39:33,89.4,0.0,4.4702,8,Success,Purchase,Pathein,MMK,False
TXN-20240123-0000405,WALL-0149894,MERCH-00213,PM-03,DEV-03,2024-01-23 15:35:51,15.93,0.1274,0.0,1,Success,Purchase,Naypyidaw,MMK,False
TXN-20240123-0000406,WALL-0106256,MERCH-00241,PM-01,DEV-02,2024-01-23 20:20:26,17.05,0.0,0.0,1,Success,Subscription,Mandalay,MMK,False
TXN-20240123-0000407,WALL-0129268,MERCH-00143,PM-03,DEV-03,2024-01-23 13:04:06,93.91,0.7513,4.6957,9,Success,Purchase,Da Nang,VND,False
TXN-20240123-0000408,WALL-0054324,MERCH-00010,PM-01,DEV-02,2024-01-23 17:17:02,50.51,0.0,1.0101,5,Success,Purchase,Pathein,MMK,False
TXN-20240123-0000409,WALL-0096489,MERCH-00130,PM-01,DEV-02,2024-01-23 11:44:45,64.55,0.0,0.0,6,Success,Purchase,Bago,MMK,False
TXN-20240123-0000410,WALL-0121641,MERCH-00366,PM-02,DEV-01,2024-01-23 15:58:36,31.1,0.0622,0.0,3,Success,Bill Payment,Phnom Penh,KHR,False
TXN-20240123-0000411,WALL-0051075,MERCH-00362,PM-02,DEV-03,2024-01-23 11:23:04,57.13,0.1143,0.0,0,Reversed,Bill Payment,Myitkyina,MMK,False
TXN-20240123-0000412,WALL-0064159,MERCH-00365,PM-04,DEV-01,2024-01-23 17:28:45,24.37,0.4874,0.0,2,Success,Bill Payment,Bali,IDR,False
TXN-20240123-0000413,WALL-0042464,MERCH-00491,PM-01,DEV-01,2024-01-23 19:01:31,166.73,0.0,0.0,16,Success,Payment,Medan,IDR,False
TXN-20240123-0000414,WALL-0026172,MERCH-00038,PM-01,DEV-01,2024-01-23 13:18:30,11.0,0.0,0.22,1,Success,Purchase,Quezon City,MMK,False
TXN-20240123-0000415,WALL-0016803,MERCH-00215,PM-01,DEV-03,2024-01-23 04:40:09,10.08,0.0,0.0,1,Success,Purchase,Taunggyi,MMK,False
TXN-20240123-0000416,WALL-0115709,MERCH-00074,PM-01,DEV-02,2024-01-23 18:34:33,23.21,0.0,0.4643,2,Success,Purchase,Pattaya,THB,False
TXN-20240123-0000417,WALL-0090575,MERCH-00048,PM-01,DEV-01,2024-01-23 17:03:13,36.0,0.0,0.7199,3,Success,Purchase,Taunggyi,MMK,False
TXN-20240123-0000418,WALL-0089732,MERCH-00037,PM-01,DEV-01,2024-01-23 16:11:15,16.07,0.0,0.3215,1,Success,Purchase,Pathein,MMK,False
TXN-20240123-0000419,WALL-0101251,MERCH-00107,PM-02,DEV-01,2024-01-23 18:43:18,101.25,0.2025,0.0,10,Success,Purchase,Islamabad,INR,False
TXN-20240123-0000420,WALL-0066676,MERCH-00325,PM-02,DEV-03,2024-01-23 16:04:39,69.95,0.1399,0.0,6,Success,Bill Payment,Pathein,MMK,False
TXN-20240123-0000421,WALL-0131332,MERCH-00278,PM-01,DEV-02,2024-01-23 16:24:49,3000.0,0.0,240.0,600,Success,Purchase,Yangon,MMK,False
TXN-20240123-0000422,WALL-0132868,MERCH-00294,PM-01,DEV-04,2024-01-23 22:44:22,2242.99,0.0,179.4396,448,Success,Purchase,Karachi,IDR,False
TXN-20240123-0000423,WALL-0104226,MERCH-00354,PM-01,DEV-01,2024-01-23 18:46:56,18.14,0.0,0.0,1,Success,Bill Payment,Singapore,INR,False
TXN-20240123-0000424,WALL-0076584,MERCH-00291,PM-03,DEV-02,2024-01-23 04:21:27,336.14,2.6892,26.8916,67,Success,Purchase,Taunggyi,MMK,False
TXN-20240123-0000425,WALL-0100830,MERCH-00389,PM-01,DEV-01,2024-01-23 06:32:48,89.7,0.0,0.0,8,Success,Purchase,Chiang Mai,THB,False
TXN-20240123-0000426,WALL-0086266,MERCH-00093,PM-02,DEV-03,2024-01-23 13:42:04,18.07,0.0361,0.0,1,Success,Purchase,Taunggyi,MMK,False
TXN-20240123-0000427,WALL-0140503,MERCH-00040,PM-01,DEV-05,2024-01-23 12:16:09,30.49,0.0,0.6098,3,Success,Purchase,Bali,MMK,False
TXN-20240123-0000428,WALL-0009515,MERCH-00020,PM-02,DEV-05,2024-01-23 04:55:45,14.26,0.0285,0.2852,1,Success,Purchase,Singapore,SGD,False
TXN-20240123-0000429,WALL-0065933,MERCH-00371,PM-02,DEV-01,2024-01-23 15:41:12,148.66,0.2973,0.0,14,Success,Purchase,Naypyidaw,MMK,False
TXN-20240123-0000430,WALL-0043313,MERCH-00162,PM-01,DEV-04,2024-01-23 19:05:43,311.21,0.0,15.5605,31,Success,Purchase,Pathein,MMK,False
TXN-20240123-0000431,WALL-0145439,MERCH-00347,PM-05,DEV-04,2024-01-23 10:35:31,27.66,0.0,0.0,2,Success,Bill Payment,Ho Chi Minh City,VND,False
TXN-20240123-0000432,WALL-0055561,MERCH-00071,PM-01,DEV-05,2024-01-23 15:30:26,10.58,0.0,0.2115,1,Success,Purchase,Da Nang,VND,False
TXN-20240123-0000433,WALL-0020436,MERCH-00022,PM-03,DEV-04,2024-01-23 18:42:52,26.84,0.2147,0.5368,2,Success,Purchase,Chittagong,BDT,False
TXN-20240123-0000434,WALL-0096355,MERCH-00364,PM-04,DEV-03,2024-01-23 15:22:58,51.87,1.0375,0.0,5,Success,Bill Payment,Bangkok,THB,False
TXN-20240123-0000435,WALL-0133461,MERCH-00212,PM-02,DEV-02,2024-01-23 02:44:53,10.96,0.0219,0.0,1,Success,Purchase,Dhaka,BDT,False
TXN-20240123-0000436,WALL-0055923,MERCH-00050,PM-01,DEV-01,2024-01-23 17:44:35,11.24,0.0,0.2248,1,Success,Purchase,Surabaya,IDR,False
TXN-20240123-0000437,WALL-0125486,MERCH-00261,PM-04,DEV-02,2024-01-23 12:55:37,8.0,0.16,0.0,0,Success,Subscription,Siem Reap,KHR,False
TXN-20240123-0000438,WALL-0055056,MERCH-00073,PM-01,DEV-01,2024-01-23 03:29:04,14.22,0.0,0.2843,1,Success,Purchase,Davao,PHP,False
TXN-20240123-0000439,WALL-0082067,MERCH-00238,PM-02,DEV-05,2024-01-23 17:15:15,5.6,0.0112,0.0,0,Success,Subscription,Yangon,MMK,False
TXN-20240123-0000440,WALL-0142603,MERCH-00392,PM-04,DEV-02,2024-01-23 13:12:20,134.09,2.6819,0.0,13,Success,Purchase,Myitkyina,MMK,False
TXN-20240123-0000441,WALL-0039798,MERCH-00064,PM-04,DEV-02,2024-01-23 12:47:56,58.49,1.1698,1.1698,5,Success,Purchase,Pune,INR,False
TXN-20240123-0000442,WALL-0123981,MERCH-00047,PM-01,DEV-01,2024-01-23 21:12:34,5.21,0.0,0.1042,0,Success,Purchase,Mandalay,MMK,False
TXN-20240123-0000443,WALL-0131374,MERCH-00039,PM-04,DEV-01,2024-01-23 03:25:43,42.31,0.8463,0.8463,4,Success,Purchase,Delhi,INR,False
TXN-20240123-0000444,WALL-0087419,MERCH-00010,PM-03,DEV-03,2024-01-23 23:11:16,20.64,0.1651,0.4128,2,Success,Purchase,Singapore,PKR,False
TXN-20240123-0000445,WALL-0107760,MERCH-00449,PM-03,DEV-01,2024-01-23 21:19:48,114.33,0.9146,0.0,11,Success,Tax Payment,Pokhara,NPR,False
TXN-20240123-0000446,WALL-0039263,MERCH-00073,PM-05,DEV-01,2024-01-23 20:59:21,18.62,0.0,0.3723,1,Success,Purchase,Bangkok,INR,False
TXN-20240123-0000447,WALL-0025496,MERCH-00211,PM-04,DEV-02,2024-01-23 20:29:47,5.0,0.1,0.0,0,Success,Purchase,Pattaya,THB,False
TXN-20240123-0000448,WALL-0050094,MERCH-00382,PM-01,DEV-01,2024-01-23 21:08:09,46.62,0.0,0.0,4,Success,Purchase,Pokhara,NPR,False
TXN-20240123-0000449,WALL-0101126,MERCH-00474,PM-01,DEV-01,2024-01-23 20:10:15,324.75,0.0,0.0,32,Success,Payment,Taunggyi,MMK,False
TXN-20240123-0000450,WALL-0100379,MERCH-00390,PM-01,DEV-01,2024-01-23 19:22:55,27.11,0.0,0.0,2,Success,Purchase,Jaipur,INR,False
TXN-20240123-0000451,WALL-0033384,MERCH-00343,PM-03,DEV-01,2024-01-23 14:28:32,59.58,0.4767,0.0,5,Success,Bill Payment,Hanoi,VND,False
TXN-20240123-0000452,WALL-0078027,MERCH-00295,PM-02,DEV-02,2024-01-23 08:01:49,174.52,0.349,13.9612,34,Success,Purchase,Mandalay,MMK,False
TXN-20240123-0000453,WALL-0107450,MERCH-00129,PM-01,DEV-01,2024-01-23 20:03:07,139.14,0.0,0.0,13,Success,Purchase,Mandalay,MMK,False
TXN-20240123-0000454,WALL-0084846,MERCH-00496,PM-01,DEV-01,2024-01-23 06:47:57,114.1,0.0,0.0,11,Success,Payment,Taunggyi,MMK,False
TXN-20240123-0000455,WALL-0045626,MERCH-00074,PM-01,DEV-01,2024-01-23 19:31:59,35.85,0.0,0.717,3,Success,Purchase,Myitkyina,MMK,False
TXN-20240123-0000456,WALL-0141512,MERCH-00156,PM-02,DEV-01,2024-01-23 23:12:50,115.98,0.232,5.7989,11,Success,Purchase,Bago,MMK,False
TXN-20240123-0000457,WALL-0136360,MERCH-00265,PM-02,DEV-01,2024-01-23 18:44:25,11.74,0.0235,0.0,1,Success,Subscription,Mawlamyine,MMK,False
TXN-20240123-0000458,WALL-0095777,MERCH-00269,PM-01,DEV-02,2024-01-23 12:26:31,24.98,0.0,0.0,2,Success,Subscription,Bago,MMK,False
TXN-20240123-0000459,WALL-0035007,MERCH-00149,PM-02,DEV-03,2024-01-23 15:45:15,42.67,0.0853,2.1336,4,Success,Purchase,Mandalay,IDR,False
TXN-20240123-0000460,WALL-0060264,MERCH-00045,PM-04,DEV-01,2024-01-23 09:03:37,21.26,0.4252,0.4252,2,Success,Purchase,Pathein,MMK,False
TXN-20240123-0000461,WALL-0047061,MERCH-00083,PM-04,DEV-02,2024-01-23 06:42:05,238.26,4.7651,0.0,23,Success,Purchase,Lahore,PKR,False
TXN-20240123-0000462,WALL-0032828,MERCH-00013,PM-04,DEV-03,2024-01-23 13:06:26,18.37,0.3673,0.3673,1,Success,Purchase,Taunggyi,MMK,False
TXN-20240123-0000463,WALL-0106705,MERCH-00363,PM-02,DEV-01,2024-01-23 09:36:02,38.67,0.0773,0.0,3,Success,Bill Payment,Naypyidaw,MMK,False
TXN-20240123-0000464,WALL-0082651,MERCH-00303,PM-02,DEV-01,2024-01-23 17:58:50,376.52,0.753,30.1216,75,Success,Purchase,Yangon,MMK,False
TXN-20240123-0000465,WALL-0137654,MERCH-00342,PM-01,DEV-01,2024-01-23 05:12:29,32.95,0.0,0.0,3,Success,Bill Payment,Bangkok,THB,False
TXN-20240123-0000466,WALL-0111004,MERCH-00326,PM-02,DEV-05,2024-01-23 07:58:48,83.29,0.1666,0.0,0,Pending,Bill Payment,Yangon,THB,False
TXN-20240123-0000467,WALL-0004472,MERCH-00034,PM-02,DEV-01,2024-01-23 15:39:22,6.99,0.014,0.1398,0,Success,Purchase,Jaipur,INR,False
TXN-20240123-0000468,WALL-0138087,MERCH-00424,PM-02,DEV-01,2024-01-23 12:55:41,51.78,0.1036,0.0,5,Success,Payment,Islamabad,MYR,False
TXN-20240123-0000469,WALL-0078964,MERCH-00291,PM-02,DEV-05,2024-01-23 14:08:31,214.14,0.4283,17.1308,42,Success,Purchase,Mandalay,MMK,False
TXN-20240123-0000470,WALL-0117372,MERCH-00462,PM-03,DEV-01,2024-01-23 05:51:41,333.57,2.6685,0.0,33,Success,Payment,Mawlamyine,MMK,False
TXN-20240123-0000471,WALL-0099645,MERCH-00269,PM-04,DEV-05,2024-01-23 07:26:09,31.07,0.6213,0.0,3,Success,Subscription,Ho Chi Minh City,VND,False
TXN-20240123-0000472,WALL-0104044,MERCH-00449,PM-03,DEV-03,2024-01-23 13:52:08,290.57,2.3245,0.0,29,Success,Tax Payment,Mawlamyine,MMK,False
TXN-20240123-0000473,WALL-0100235,MERCH-00125,PM-01,DEV-01,2024-01-23 14:34:31,21.93,0.0,0.0,2,Success,Purchase,Phnom Penh,KHR,False
TXN-20240123-0000474,WALL-0036348,MERCH-00388,PM-05,DEV-01,2024-01-23 19:26:22,28.24,0.0,0.0,2,Success,Purchase,Kolkata,INR,False
TXN-20240123-0000475,WALL-0032711,MERCH-00030,PM-03,DEV-01,2024-01-23 06:23:05,17.26,0.1381,0.3451,1,Success,Purchase,Davao,PHP,False
TXN-20240123-0000476,WALL-0047785,MERCH-00229,PM-02,DEV-01,2024-01-23 21:32:55,7.39,0.0148,0.0,0,Success,Purchase,Islamabad,MMK,False
TXN-20240123-0000477,WALL-0082827,MERCH-00430,PM-02,DEV-01,2024-01-23 03:16:24,72.38,0.1448,0.0,7,Success,Payment,Bago,MMK,False
TXN-20240123-0000478,WALL-0100733,MERCH-00002,PM-02,DEV-02,2024-01-23 12:26:39,14.61,0.0292,0.2921,1,Success,Purchase,Myitkyina,MMK,False
TXN-20240123-0000479,WALL-0090143,MERCH-00057,PM-01,DEV-05,2024-01-23 12:25:00,35.41,0.0,0.7082,3,Success,Purchase,Mawlamyine,MMK,False
TXN-20240123-0000480,WALL-0085794,MERCH-00326,PM-02,DEV-02,2024-01-23 19:21:31,20.0,0.04,0.0,2,Success,Bill Payment,Myitkyina,MMK,False
TXN-20240123-0000481,WALL-0138674,MERCH-00013,PM-01,DEV-01,2024-01-23 10:03:06,22.87,0.0,0.0,0,Failed,Purchase,Taunggyi,MMK,False
TXN-20240123-0000482,WALL-0054591,MERCH-00207,PM-01,DEV-02,2024-01-23 21:30:10,27.84,0.0,0.0,2,Success,Purchase,Kuala Lumpur,MYR,False
TXN-20240123-0000483,WALL-0026147,MERCH-00466,PM-02,DEV-03,2024-01-23 10:24:55,298.66,0.5973,0.0,29,Success,Payment,Chiang Mai,THB,False
TXN-20240123-0000484,WALL-0148868,MERCH-00230,PM-01,DEV-05,2024-01-23 16:17:54,13.64,0.0,0.0,1,Success,Purchase,Myitkyina,MMK,False
TXN-20240123-0000485,WALL-0143605,MERCH-00221,PM-01,DEV-01,2024-01-23 18:29:18,9.0,0.0,0.0,0,Success,Purchase,Mawlamyine,MMK,False
TXN-20240123-0000486,WALL-0110484,MERCH-00001,PM-01,DEV-01,2024-01-23 20:51:35,35.13,0.0,0.7027,3,Success,Purchase,Taunggyi,MMK,False
TXN-20240123-0000487,WALL-0098402,MERCH-00333,PM-01,DEV-01,2024-01-23 19:30:37,91.94,0.0,0.0,9,Success,Bill Payment,Taunggyi,MMK,False
TXN-20240123-0000488,WALL-0042425,MERCH-00028,PM-01,DEV-01,2024-01-23 22:11:06,33.29,0.0,0.6657,3,Success,Purchase,Quezon City,PHP,False
TXN-20240123-0000489,WALL-0073486,MERCH-00432,PM-01,DEV-03,2024-01-23 16:32:08,108.52,0.0,0.0,10,Success,Tax Payment,Mandalay,MMK,False
TXN-20240123-0000490,WALL-0056928,MERCH-00441,PM-03,DEV-01,2024-01-23 15:18:56,50.0,0.4,0.0,5,Success,Tax Payment,Pattaya,THB,False
TXN-20240123-0000491,WALL-0032656,MERCH-00071,PM-01,DEV-01,2024-01-23 20:51:06,28.38,0.0,0.5677,2,Success,Purchase,Da Nang,VND,False
TXN-20240123-0000492,WALL-0023317,MERCH-00158,PM-01,DEV-03,2024-01-23 15:32:20,210.5,0.0,10.5251,21,Success,Purchase,Taunggyi,MMK,False
TXN-20240123-0000493,WALL-0031031,MERCH-00073,PM-01,DEV-05,2024-01-23 06:00:05,26.56,0.0,0.5312,2,Success,Purchase,Chennai,MMK,False
TXN-20240123-0000494,WALL-0145674,MERCH-00169,PM-04,DEV-04,2024-01-23 14:12:09,47.65,0.953,2.3825,4,Success,Purchase,Taunggyi,MMK,False
TXN-20240123-0000495,WALL-0045356,MERCH-00417,PM-01,DEV-02,2024-01-23 21:00:29,346.72,0.0,0.0,34,Success,Payment,Islamabad,PKR,False
TXN-20240123-0000496,WALL-0041590,MERCH-00171,PM-02,DEV-01,2024-01-23 20:26:39,54.09,0.1082,2.7046,5,Success,Purchase,Ho Chi Minh City,VND,False
TXN-20240123-0000497,WALL-0018103,MERCH-00447,PM-02,DEV-02,2024-01-23 19:01:29,94.34,0.1887,0.0,9,Success,Tax Payment,Singapore,SGD,False
TXN-20240123-0000498,WALL-0143594,MERCH-00002,PM-02,DEV-01,2024-01-23 21:41:39,20.95,0.0419,0.419,2,Success,Purchase,Surabaya,IDR,False
TXN-20240123-0000499,WALL-0109203,MERCH-00183,PM-03,DEV-01,2024-01-23 01:25:52,62.8,0.5024,3.1402,6,Success,Purchase,Mandalay,MMK,False
TXN-20240123-0000500,WALL-0021455,MERCH-00195,PM-05,DEV-01,2024-01-23 14:57:12,33.64,0.0,0.0,3,Success,Purchase,Penang,MMK,False
TXN-20240123-0000501,WALL-0018557,MERCH-00421,PM-02,DEV-01,2024-01-23 19:23:29,53.87,0.1077,0.0,5,Success,Payment,Taunggyi,MMK,False
TXN-20240123-0000502,WALL-0076320,MERCH-00227,PM-01,DEV-01,2024-01-23 22:17:36,17.34,0.0,0.0,0,Failed,Purchase,Davao,PHP,False
TXN-20240123-0000503,WALL-0045844,MERCH-00206,PM-01,DEV-02,2024-01-23 12:14:19,20.91,0.0,0.0,2,Success,Purchase,Mawlamyine,MMK,False
TXN-20240123-0000504,WALL-0031555,MERCH-00386,PM-02,DEV-01,2024-01-23 03:09:45,69.11,0.1382,0.0,6,Success,Purchase,Pathein,MMK,False
TXN-20240123-0000505,WALL-0149913,MERCH-00016,PM-03,DEV-02,2024-01-23 17:41:28,8.39,0.0671,0.1678,0,Success,Purchase,Pathein,MMK,False
TXN-20240123-0000506,WALL-0063531,MERCH-00068,PM-01,DEV-01,2024-01-23 23:59:05,53.09,0.0,1.0618,5,Success,Purchase,Siem Reap,KHR,False
TXN-20240123-0000507,WALL-0012727,MERCH-00123,PM-02,DEV-01,2024-01-23 15:42:36,30.38,0.0608,0.0,3,Success,Purchase,Mawlamyine,MMK,False
TXN-20240123-0000508,WALL-0135058,MERCH-00133,PM-03,DEV-02,2024-01-23 15:20:51,104.84,0.8387,5.242,10,Success,Purchase,Penang,MYR,False
TXN-20240123-0000509,WALL-0135068,MERCH-00076,PM-02,DEV-01,2024-01-23 13:53:41,19.14,0.0383,0.3828,1,Success,Purchase,Khon Kaen,THB,False
TXN-20240123-0000510,WALL-0109408,MERCH-00034,PM-02,DEV-01,2024-01-23 19:15:02,33.1,0.0662,0.6621,3,Success,Purchase,Mandalay,MMK,False
TXN-20240123-0000511,WALL-0035041,MERCH-00104,PM-03,DEV-01,2024-01-23 23:20:01,49.32,0.3946,0.0,4,Success,Purchase,Hanoi,VND,False
TXN-20240123-0000512,WALL-0043231,MERCH-00366,PM-01,DEV-03,2024-01-23 15:04:00,35.35,0.0,0.0,3,Success,Bill Payment,Bangalore,INR,False
TXN-20240123-0000513,WALL-0104080,MERCH-00223,PM-02,DEV-03,2024-01-23 13:48:50,10.89,0.0218,0.0,0,Reversed,Purchase,Mumbai,INR,False
TXN-20240123-0000514,WALL-0084713,MERCH-00328,PM-02,DEV-03,2024-01-23 06:27:12,67.58,0.1352,0.0,6,Success,Bill Payment,Kolkata,MMK,False
TXN-20240123-0000515,WALL-0095163,MERCH-00061,PM-01,DEV-01,2024-01-23 23:43:57,15.5,0.0,0.31,1,Success,Purchase,Taunggyi,MMK,False
TXN-20240123-0000516,WALL-0073740,MERCH-00145,PM-02,DEV-04,2024-01-23 00:00:20,138.8,0.2776,6.9401,13,Success,Purchase,Taunggyi,KHR,False
TXN-20240123-0000517,WALL-0042883,MERCH-00430,PM-01,DEV-01,2024-01-23 20:39:45,427.15,0.0,0.0,42,Success,Payment,Ho Chi Minh City,VND,False
TXN-20240123-0000518,WALL-0048605,MERCH-00161,PM-04,DEV-01,2024-01-23 17:25:30,259.59,5.1918,12.9794,25,Success,Purchase,Pathein,MMK,False
TXN-20240123-0000519,WALL-0077442,MERCH-00291,PM-01,DEV-02,2024-01-23 20:09:08,598.85,0.0,47.9079,119,Success,Purchase,Jaipur,INR,False
TXN-20240123-0000520,WALL-0095218,MERCH-00077,PM-01,DEV-02,2024-01-23 18:05:30,21.46,0.0,0.4291,2,Success,Purchase,Bangalore,THB,False
TXN-20240123-0000521,WALL-0072414,MERCH-00084,PM-03,DEV-02,2024-01-23 22:06:50,45.49,0.3639,0.0,4,Success,Purchase,Yangon,MMK,False
TXN-20240123-0000522,WALL-0032635,MERCH-00280,PM-02,DEV-01,2024-01-23 19:53:18,375.51,0.751,30.0411,75,Success,Purchase,Manila,PHP,False
TXN-20240123-0000523,WALL-0078961,MERCH-00188,PM-02,DEV-03,2024-01-23 14:35:53,107.18,0.2144,5.3588,10,Success,Purchase,Medan,IDR,False
TXN-20240123-0000524,WALL-0022541,MERCH-00433,PM-01,DEV-01,2024-01-23 14:43:21,825.05,0.0,0.0,82,Success,Tax Payment,Bago,MMK,False
TXN-20240123-0000525,WALL-0078459,MERCH-00125,PM-02,DEV-01,2024-01-23 20:16:36,32.69,0.0654,0.0,3,Success,Purchase,Myitkyina,MMK,False
TXN-20240123-0000526,WALL-0105026,MERCH-00079,PM-05,DEV-04,2024-01-23 08:37:24,12.18,0.0,0.2436,1,Success,Purchase,Dhaka,BDT,False
TXN-20240123-0000527,WALL-0090945,MERCH-00306,PM-01,DEV-01,2024-01-23 11:56:48,199.56,0.0,15.9647,39,Success,Purchase,Surabaya,IDR,False
TXN-20240123-0000528,WALL-0025696,MERCH-00301,PM-01,DEV-04,2024-01-23 19:38:40,602.65,0.0,48.2121,120,Success,Purchase,Pathein,MMK,False
TXN-20240123-0000529,WALL-0014125,MERCH-00473,PM-03,DEV-01,2024-01-23 21:30:27,79.06,0.6324,0.0,7,Success,Payment,Ho Chi Minh City,IDR,False
TXN-20240123-0000530,WALL-0111811,MERCH-00080,PM-02,DEV-01,2024-01-23 12:12:52,28.74,0.0575,0.5748,2,Success,Purchase,Mandalay,THB,False
TXN-20240123-0000531,WALL-0106371,MERCH-00119,PM-02,DEV-01,2024-01-23 14:51:03,36.15,0.0723,0.0,3,Success,Purchase,Mandalay,MMK,False
TXN-20240123-0000532,WALL-0056963,MERCH-00027,PM-04,DEV-01,2024-01-23 18:54:20,13.55,0.2709,0.2709,1,Success,Purchase,Pathein,MMK,False
TXN-20240123-0000533,WALL-0037527,MERCH-00045,PM-03,DEV-03,2024-01-23 14:11:28,8.87,0.0709,0.1773,0,Success,Purchase,Ho Chi Minh City,VND,False
TXN-20240123-0000534,WALL-0029637,MERCH-00321,PM-01,DEV-03,2024-01-23 22:50:00,107.58,0.0,0.0,10,Success,Bill Payment,Mandalay,MMK,False
TXN-20240123-0000535,WALL-0039587,MERCH-00419,PM-04,DEV-03,2024-01-23 17:00:15,147.09,2.9419,0.0,0,Failed,Payment,Lahore,PKR,False
TXN-20240123-0000536,WALL-0037266,MERCH-00106,PM-01,DEV-02,2024-01-23 19:44:47,30.75,0.0,0.0,3,Success,Purchase,Chiang Mai,THB,False
TXN-20240123-0000537,WALL-0004627,MERCH-00109,PM-02,DEV-01,2024-01-23 10:32:50,47.67,0.0953,0.0,4,Success,Purchase,Phuket,THB,False
TXN-20240123-0000538,WALL-0023314,MERCH-00363,PM-01,DEV-03,2024-01-23 21:13:30,43.15,0.0,0.0,4,Success,Bill Payment,Mawlamyine,MMK,False
TXN-20240123-0000539,WALL-0137855,MERCH-00265,PM-01,DEV-02,2024-01-23 18:35:49,11.92,0.0,0.0,0,Failed,Subscription,Hyderabad,INR,False
TXN-20240123-0000540,WALL-0094552,MERCH-00371,PM-01,DEV-03,2024-01-23 21:25:51,42.47,0.0,0.0,4,Success,Purchase,Davao,MMK,False
TXN-20240123-0000541,WALL-0043797,MERCH-00178,PM-03,DEV-01,2024-01-23 01:44:40,41.52,0.3321,2.0759,4,Success,Purchase,Bali,IDR,False
TXN-20240123-0000542,WALL-0109649,MERCH-00138,PM-04,DEV-02,2024-01-23 08:57:58,178.63,3.5726,8.9315,17,Success,Purchase,Myitkyina,MMK,False
TXN-20240123-0000543,WALL-0010189,MERCH-00256,PM-02,DEV-03,2024-01-23 19:10:52,7.84,0.0157,0.0,0,Success,Subscription,Mawlamyine,MMK,False
TXN-20240123-0000544,WALL-0099988,MERCH-00017,PM-04,DEV-01,2024-01-23 20:35:31,15.1,0.302,0.302,1,Success,Purchase,Penang,MYR,False
TXN-20240123-0000545,WALL-0029296,MERCH-00100,PM-02,DEV-05,2024-01-23 13:23:03,200.0,0.4,0.0,20,Success,Purchase,Johor Bahru,MMK,False
TXN-20240123-0000546,WALL-0080478,MERCH-00027,PM-01,DEV-05,2024-01-23 15:10:38,37.02,0.0,0.7404,3,Success,Purchase,Taunggyi,MMK,False
TXN-20240123-0000547,WALL-0115922,MERCH-00319,PM-04,DEV-01,2024-01-23 17:16:52,90.32,1.8064,0.0,9,Success,Bill Payment,Pathein,MMK,False
TXN-20240123-0000548,WALL-0008238,MERCH-00074,PM-03,DEV-01,2024-01-23 12:54:05,23.61,0.1889,0.4722,2,Success,Purchase,Naypyidaw,MMK,False
TXN-20240123-0000549,WALL-0141247,MERCH-00358,PM-03,DEV-01,2024-01-23 07:39:08,165.0,1.32,0.0,16,Success,Bill Payment,Hanoi,VND,False
TXN-20240123-0000550,WALL-0105031,MERCH-00220,PM-01,DEV-01,2024-01-23 20:27:13,11.46,0.0,0.0,1,Success,Purchase,Cebu City,PHP,False
TXN-20240123-0000551,WALL-0072146,MERCH-00262,PM-01,DEV-02,2024-01-23 14:05:46,15.07,0.0,0.0,1,Success,Subscription,Islamabad,PKR,False
TXN-20240123-0000552,WALL-0086029,MERCH-00116,PM-02,DEV-01,2024-01-23 14:24:41,50.07,0.1001,0.0,5,Success,Purchase,Yangon,MMK,False
TXN-20240123-0000553,WALL-0024889,MERCH-00450,PM-02,DEV-03,2024-01-23 12:37:11,122.64,0.2453,0.0,12,Success,Tax Payment,Lahore,PKR,False
TXN-20240123-0000554,WALL-0086467,MERCH-00369,PM-01,DEV-01,2024-01-23 08:08:18,39.41,0.0,0.0,3,Success,Bill Payment,Yangon,MMK,False
TXN-20240123-0000555,WALL-0027583,MERCH-00391,PM-03,DEV-01,2024-01-23 18:13:28,198.0,1.584,0.0,19,Success,Purchase,Singapore,SGD,False
TXN-20240123-0000556,WALL-0046249,MERCH-00074,PM-02,DEV-01,2024-01-23 21:56:04,33.54,0.0671,0.6707,3,Success,Purchase,Cebu City,PHP,False
TXN-20240123-0000557,WALL-0147805,MERCH-00099,PM-05,DEV-02,2024-01-23 17:16:43,49.68,0.0,0.0,4,Success,Purchase,Khon Kaen,THB,False
TXN-20240123-0000558,WALL-0115308,MERCH-00317,PM-01,DEV-05,2024-01-23 17:04:42,139.49,0.0,0.0,0,Failed,Bill Payment,Pathein,MMK,False
TXN-20240123-0000559,WALL-0063083,MERCH-00184,PM-01,DEV-01,2024-01-23 14:12:35,91.65,0.0,4.5825,9,Success,Purchase,Chittagong,INR,False
TXN-20240123-0000560,WALL-0077321,MERCH-00342,PM-03,DEV-01,2024-01-23 00:13:57,57.22,0.4578,0.0,5,Success,Bill Payment,Mawlamyine,MMK,False
TXN-20240123-0000561,WALL-0052527,MERCH-00204,PM-03,DEV-02,2024-01-23 13:47:12,26.37,0.211,0.0,0,Failed,Purchase,Quezon City,PHP,False
TXN-20240123-0000562,WALL-0134220,MERCH-00159,PM-03,DEV-01,2024-01-23 13:17:06,76.45,0.6116,3.8226,7,Success,Purchase,Chennai,VND,False
TXN-20240123-0000563,WALL-0046404,MERCH-00371,PM-01,DEV-02,2024-01-23 10:50:31,44.66,0.0,0.0,4,Success,Purchase,Myitkyina,MMK,False
TXN-20240123-0000564,WALL-0048610,MERCH-00180,PM-03,DEV-03,2024-01-23 19:54:43,258.73,2.0699,12.9367,25,Success,Purchase,Taunggyi,MMK,False
TXN-20240123-0000565,WALL-0090585,MERCH-00413,PM-03,DEV-01,2024-01-23 18:51:37,47.78,0.3822,0.0,4,Success,Payment,Taunggyi,MMK,False
TXN-20240123-0000566,WALL-0142183,MERCH-00418,PM-02,DEV-03,2024-01-23 10:32:52,108.11,0.2162,0.0,10,Success,Payment,Davao,PHP,False
TXN-20240123-0000567,WALL-0144358,MERCH-00060,PM-02,DEV-01,2024-01-23 13:49:38,19.07,0.0381,0.3814,1,Success,Purchase,Mumbai,INR,False
TXN-20240123-0000568,WALL-0066517,MERCH-00185,PM-03,DEV-05,2024-01-23 14:08:35,163.3,1.3064,8.1648,16,Success,Purchase,Yangon,MMK,False
TXN-20240123-0000569,WALL-0085842,MERCH-00207,PM-02,DEV-01,2024-01-23 23:56:47,5.0,0.01,0.0,0,Failed,Purchase,Ahmedabad,INR,False
TXN-20240123-0000570,WALL-0072585,MERCH-00155,PM-03,DEV-02,2024-01-23 20:54:09,188.64,1.5091,9.4318,18,Success,Purchase,Bago,MMK,False
TXN-20240123-0000571,WALL-0141552,MERCH-00335,PM-02,DEV-02,2024-01-23 15:57:54,169.48,0.339,0.0,16,Success,Bill Payment,Kandy,LKR,False
TXN-20240123-0000572,WALL-0108645,MERCH-00143,PM-01,DEV-02,2024-01-23 16:27:17,33.1,0.0,1.655,3,Success,Purchase,Kathmandu,MMK,False
TXN-20240123-0000573,WALL-0022267,MERCH-00194,PM-01,DEV-01,2024-01-23 09:04:52,7.73,0.0,0.0,0,Success,Purchase,Mawlamyine,MMK,False
TXN-20240123-0000574,WALL-0141589,MERCH-00136,PM-04,DEV-01,2024-01-23 14:05:10,54.75,1.0951,2.7377,5,Success,Purchase,Colombo,MMK,False
TXN-20240123-0000575,WALL-0129970,MERCH-00498,PM-04,DEV-01,2024-01-23 08:21:38,193.09,3.8618,0.0,19,Success,Payment,Quezon City,PHP,False
TXN-20240123-0000576,WALL-0086448,MERCH-00331,PM-03,DEV-01,2024-01-23 07:46:25,50.82,0.4065,0.0,5,Success,Bill Payment,Surabaya,IDR,False
TXN-20240123-0000577,WALL-0060406,MERCH-00385,PM-04,DEV-01,2024-01-23 15:58:14,22.34,0.4468,0.0,2,Success,Purchase,Myitkyina,MMK,False
TXN-20240123-0000578,WALL-0025693,MERCH-00020,PM-01,DEV-04,2024-01-23 08:24:43,42.0,0.0,0.84,4,Success,Purchase,Phnom Penh,KHR,False
TXN-20240123-0000579,WALL-0089195,MERCH-00340,PM-02,DEV-05,2024-01-23 15:04:23,129.11,0.2582,0.0,12,Success,Bill Payment,Chiang Mai,THB,False
TXN-20240123-0000580,WALL-0071434,MERCH-00026,PM-04,DEV-03,2024-01-23 15:13:54,33.14,0.6629,0.6629,3,Success,Purchase,Phnom Penh,KHR,False
TXN-20240123-0000581,WALL-0013176,MERCH-00397,PM-01,DEV-01,2024-01-23 18:51:50,128.82,0.0,0.0,12,Success,Purchase,Jaipur,INR,False
TXN-20240123-0000582,WALL-0040819,MERCH-00252,PM-01,DEV-02,2024-01-23 15:10:42,15.62,0.0,0.0,1,Success,Subscription,Pathein,MMK,False
TXN-20240123-0000583,WALL-0092125,MERCH-00141,PM-02,DEV-01,2024-01-23 20:42:36,278.01,0.556,13.9004,27,Success,Purchase,Khon Kaen,INR,False
TXN-20240123-0000584,WALL-0013807,MERCH-00163,PM-02,DEV-04,2024-01-23 09:44:02,125.45,0.2509,6.2725,12,Success,Purchase,Mumbai,INR,False
TXN-20240123-0000585,WALL-0081663,MERCH-00423,PM-01,DEV-01,2024-01-23 06:11:21,23.71,0.0,0.0,2,Success,Payment,Hanoi,VND,False
TXN-20240123-0000586,WALL-0088451,MERCH-00355,PM-04,DEV-01,2024-01-23 20:16:05,31.97,0.6394,0.0,3,Success,Bill Payment,Mandalay,MMK,False
TXN-20240123-0000587,WALL-0143986,MERCH-00160,PM-01,DEV-03,2024-01-23 09:38:20,63.1,0.0,3.1548,6,Success,Purchase,Mandalay,MMK,False
TXN-20240123-0000588,WALL-0015670,MERCH-00265,PM-01,DEV-01,2024-01-23 18:45:18,7.94,0.0,0.0,0,Success,Subscription,Kathmandu,NPR,False
TXN-20240123-0000589,WALL-0113071,MERCH-00307,PM-03,DEV-02,2024-01-23 09:08:20,227.96,1.8237,18.237,45,Success,Purchase,Delhi,INR,False
TXN-20240123-0000590,WALL-0146617,MERCH-00154,PM-04,DEV-02,2024-01-23 18:18:15,217.43,4.3486,10.8715,21,Success,Purchase,Naypyidaw,MMK,False
TXN-20240123-0000591,WALL-0068930,MERCH-00251,PM-03,DEV-03,2024-01-23 12:19:44,12.53,0.1002,0.0,1,Success,Subscription,Surabaya,IDR,False
TXN-20240123-0000592,WALL-0103876,MERCH-00259,PM-04,DEV-02,2024-01-23 13:23:23,9.08,0.1815,0.0,0,Success,Subscription,Khon Kaen,THB,False
TXN-20240123-0000593,WALL-0008324,MERCH-00224,PM-02,DEV-01,2024-01-23 20:52:28,15.39,0.0308,0.0,1,Success,Purchase,Bangkok,THB,False
TXN-20240123-0000594,WALL-0037730,MERCH-00253,PM-01,DEV-02,2024-01-23 13:09:02,24.56,0.0,0.0,2,Success,Subscription,Naypyidaw,MMK,False
TXN-20240123-0000595,WALL-0143381,MERCH-00314,PM-03,DEV-03,2024-01-23 09:46:15,237.16,1.8972,0.0,23,Success,Bill Payment,Bangalore,INR,False
TXN-20240123-0000596,WALL-0114454,MERCH-00399,PM-02,DEV-01,2024-01-23 21:35:36,103.14,0.2063,0.0,10,Success,Purchase,Bandung,IDR,False
TXN-20240123-0000597,WALL-0045704,MERCH-00420,PM-02,DEV-01,2024-01-23 19:55:56,60.39,0.1208,0.0,6,Success,Payment,Ahmedabad,INR,False
TXN-20240123-0000598,WALL-0114526,MERCH-00019,PM-05,DEV-02,2024-01-23 09:09:21,21.2,0.0,0.4239,2,Success,Purchase,Kuala Lumpur,KHR,False
TXN-20240123-0000599,WALL-0015789,MERCH-00035,PM-01,DEV-02,2024-01-23 23:09:10,15.46,0.0,0.3093,1,Success,Purchase,Pathein,MMK,False
TXN-20240123-0000600,WALL-0084122,MERCH-00178,PM-05,DEV-04,2024-01-23 12:15:01,148.72,0.0,7.4361,14,Success,Purchase,Chennai,MMK,False
TXN-20240123-0000601,WALL-0067916,MERCH-00078,PM-01,DEV-01,2024-01-23 06:19:54,21.95,0.0,0.4389,2,Success,Purchase,Quezon City,PHP,False
TXN-20240123-0000602,WALL-0085389,MERCH-00464,PM-03,DEV-03,2024-01-23 14:18:42,1193.44,9.5475,0.0,119,Success,Payment,Bangalore,INR,False
TXN-20240123-0000603,WALL-0095659,MERCH-00159,PM-05,DEV-01,2024-01-23 13:13:18,162.5,0.0,8.125,16,Success,Purchase,Da Nang,VND,False
TXN-20240123-0000604,WALL-0007440,MERCH-00090,PM-02,DEV-01,2024-01-23 19:15:39,29.9,0.0598,0.0,2,Success,Purchase,Bago,MMK,False
TXN-20240123-0000605,WALL-0047796,MERCH-00154,PM-02,DEV-01,2024-01-23 17:02:49,39.03,0.0781,1.9517,3,Success,Purchase,Bago,MMK,False
TXN-20240123-0000606,WALL-0024165,MERCH-00056,PM-01,DEV-02,2024-01-23 12:39:24,10.17,0.0,0.2035,1,Success,Purchase,Yangon,MMK,False
TXN-20240123-0000607,WALL-0037113,MERCH-00164,PM-01,DEV-01,2024-01-23 12:32:43,125.44,0.0,6.2719,12,Success,Purchase,Bago,MMK,False
TXN-20240123-0000608,WALL-0035909,MERCH-00491,PM-03,DEV-03,2024-01-23 12:36:28,3500.0,28.0,0.0,350,Success,Payment,Medan,IDR,False
TXN-20240123-0000609,WALL-0137996,MERCH-00388,PM-04,DEV-01,2024-01-23 13:20:43,20.0,0.4,0.0,2,Success,Purchase,Islamabad,PKR,False
TXN-20240123-0000610,WALL-0113918,MERCH-00021,PM-03,DEV-02,2024-01-23 15:24:05,41.55,0.3324,0.8309,4,Success,Purchase,Bangalore,INR,False
TXN-20240123-0000611,WALL-0142567,MERCH-00207,PM-01,DEV-01,2024-01-23 20:54:26,7.02,0.0,0.0,0,Success,Purchase,Chennai,INR,False
TXN-20240123-0000612,WALL-0112447,MERCH-00388,PM-01,DEV-02,2024-01-23 19:44:58,72.41,0.0,0.0,7,Success,Purchase,Bago,MMK,False
TXN-20240123-0000613,WALL-0063275,MERCH-00144,PM-01,DEV-05,2024-01-23 19:54:43,55.21,0.0,2.7605,5,Success,Purchase,Phnom Penh,KHR,False
TXN-20240123-0000614,WALL-0045720,MERCH-00022,PM-01,DEV-02,2024-01-23 13:02:32,23.28,0.0,0.4655,2,Success,Purchase,Yangon,MMK,False
TXN-20240123-0000615,WALL-0021909,MERCH-00432,PM-01,DEV-01,2024-01-23 19:23:05,611.71,0.0,0.0,61,Success,Tax Payment,Mawlamyine,MMK,False
TXN-20240123-0000616,WALL-0107136,MERCH-00363,PM-01,DEV-01,2024-01-23 01:32:52,99.06,0.0,0.0,9,Success,Bill Payment,Mandalay,MMK,False
TXN-20240123-0000617,WALL-0002102,MERCH-00362,PM-01,DEV-03,2024-01-23 17:24:41,41.79,0.0,0.0,4,Success,Bill Payment,Phnom Penh,KHR,False
TXN-20240123-0000618,WALL-0063850,MERCH-00129,PM-02,DEV-03,2024-01-23 17:17:30,77.7,0.1554,0.0,7,Success,Purchase,Khon Kaen,THB,False
TXN-20240123-0000619,WALL-0040680,MERCH-00259,PM-02,DEV-02,2024-01-23 08:42:02,23.54,0.0471,0.0,2,Success,Subscription,Phnom Penh,KHR,False
TXN-20240123-0000620,WALL-0132107,MERCH-00404,PM-03,DEV-01,2024-01-23 14:33:37,79.11,0.6329,0.0,7,Success,Payment,Mawlamyine,MMK,False
TXN-20240123-0000621,WALL-0075985,MERCH-00017,PM-04,DEV-03,2024-01-23 21:34:02,12.51,0.2503,0.2503,1,Success,Purchase,Myitkyina,MMK,False
TXN-20240123-0000622,WALL-0085037,MERCH-00322,PM-04,DEV-02,2024-01-23 15:40:51,101.98,2.0397,0.0,10,Success,Bill Payment,Mumbai,MMK,False
TXN-20240123-0000623,WALL-0107551,MERCH-00160,PM-03,DEV-01,2024-01-23 15:52:18,287.01,2.2961,14.3506,28,Success,Purchase,Mandalay,MMK,False
TXN-20240123-0000624,WALL-0015795,MERCH-00155,PM-01,DEV-03,2024-01-23 18:37:09,297.98,0.0,14.899,29,Success,Purchase,Yangon,MMK,False
TXN-20240123-0000625,WALL-0045553,MERCH-00384,PM-01,DEV-01,2024-01-23 19:16:18,25.62,0.0,0.0,2,Success,Purchase,Johor Bahru,MYR,False
TXN-20240123-0000626,WALL-0102418,MERCH-00323,PM-02,DEV-01,2024-01-23 08:00:11,116.39,0.2328,0.0,0,Failed,Bill Payment,Kuala Lumpur,MYR,False
TXN-20240123-0000627,WALL-0128011,MERCH-00056,PM-05,DEV-03,2024-01-23 10:35:00,25.58,0.0,0.5116,2,Success,Purchase,Pokhara,NPR,False
TXN-20240123-0000628,WALL-0055454,MERCH-00262,PM-04,DEV-01,2024-01-23 11:51:48,25.11,0.5023,0.0,2,Success,Subscription,Mandalay,MMK,False
TXN-20240123-0000629,WALL-0093862,MERCH-00120,PM-01,DEV-01,2024-01-23 14:08:56,69.51,0.0,0.0,6,Success,Purchase,Pathein,MMK,False
TXN-20240123-0000630,WALL-0069149,MERCH-00104,PM-02,DEV-02,2024-01-23 21:14:40,74.24,0.1485,0.0,7,Success,Purchase,Yangon,MMK,False
TXN-20240123-0000631,WALL-0141059,MERCH-00398,PM-01,DEV-01,2024-01-23 20:18:47,30.55,0.0,0.0,3,Success,Purchase,Bago,MMK,False
TXN-20240123-0000632,WALL-0101888,MERCH-00272,PM-03,DEV-01,2024-01-23 21:37:58,740.09,5.9207,59.207,148,Success,Purchase,Taunggyi,MMK,False
TXN-20240123-0000633,WALL-0065699,MERCH-00331,PM-04,DEV-03,2024-01-23 12:20:27,43.18,0.8636,0.0,4,Success,Bill Payment,Lahore,PKR,False
TXN-20240123-0000634,WALL-0130612,MERCH-00198,PM-02,DEV-03,2024-01-23 04:38:56,7.94,0.0159,0.0,0,Success,Purchase,Mandalay,MMK,False
TXN-20240123-0000635,WALL-0048828,MERCH-00339,PM-01,DEV-02,2024-01-23 16:57:16,142.71,0.0,0.0,0,Failed,Bill Payment,Ho Chi Minh City,VND,False
TXN-20240123-0000636,WALL-0049661,MERCH-00415,PM-01,DEV-02,2024-01-23 08:31:49,44.01,0.0,0.0,4,Success,Payment,Hyderabad,INR,False
TXN-20240123-0000637,WALL-0058322,MERCH-00151,PM-01,DEV-01,2024-01-23 06:56:19,41.82,0.0,2.0908,4,Success,Purchase,Phnom Penh,KHR,False
TXN-20240123-0000638,WALL-0082512,MERCH-00325,PM-04,DEV-01,2024-01-23 07:09:00,146.7,2.934,0.0,14,Success,Bill Payment,Singapore,SGD,False
TXN-20240123-0000639,WALL-0148686,MERCH-00254,PM-03,DEV-01,2024-01-23 19:40:35,9.18,0.0734,0.0,0,Failed,Subscription,Phnom Penh,KHR,False
TXN-20240123-0000640,WALL-0058307,MERCH-00172,PM-01,DEV-03,2024-01-23 18:38:08,108.48,0.0,5.4241,10,Success,Purchase,Da Nang,VND,False
TXN-20240123-0000641,WALL-0101238,MERCH-00013,PM-03,DEV-01,2024-01-23 19:06:03,15.29,0.1223,0.3058,1,Success,Purchase,Chiang Mai,THB,False
TXN-20240123-0000642,WALL-0054745,MERCH-00448,PM-01,DEV-03,2024-01-23 13:34:55,1371.26,0.0,0.0,137,Success,Tax Payment,Yangon,MMK,False
TXN-20240123-0000643,WALL-0040120,MERCH-00170,PM-02,DEV-01,2024-01-23 21:22:05,45.48,0.091,2.274,4,Success,Purchase,Manila,PHP,False
TXN-20240123-0000644,WALL-0128589,MERCH-00435,PM-03,DEV-01,2024-01-23 15:21:09,97.5,0.78,0.0,9,Success,Tax Payment,Colombo,LKR,False
TXN-20240123-0000645,WALL-0057822,MERCH-00001,PM-03,DEV-01,2024-01-23 15:56:37,14.44,0.1155,0.2888,1,Success,Purchase,Yangon,MMK,False
TXN-20240123-0000646,WALL-0063414,MERCH-00188,PM-01,DEV-01,2024-01-23 00:14:14,404.18,0.0,20.2089,40,Success,Purchase,Chennai,INR,True
TXN-20240123-0000647,WALL-0041261,MERCH-00088,PM-02,DEV-01,2024-01-23 21:02:18,200.0,0.4,0.0,20,Success,Purchase,Taunggyi,MMK,False
TXN-20240123-0000648,WALL-0048070,MERCH-00212,PM-01,DEV-01,2024-01-23 18:42:55,7.63,0.0,0.0,0,Success,Purchase,Bago,MMK,False
TXN-20240123-0000649,WALL-0059219,MERCH-00386,PM-01,DEV-01,2024-01-23 11:04:12,81.74,0.0,0.0,8,Success,Purchase,Pathein,MMK,False
TXN-20240123-0000650,WALL-0010287,MERCH-00062,PM-02,DEV-02,2024-01-23 17:29:44,23.24,0.0465,0.4647,2,Success,Purchase,Lahore,PKR,False
TXN-20240123-0000651,WALL-0006540,MERCH-00110,PM-04,DEV-03,2024-01-23 20:03:55,19.32,0.3863,0.0,1,Success,Purchase,Pune,INR,False
TXN-20240123-0000652,WALL-0112308,MERCH-00196,PM-01,DEV-01,2024-01-23 12:18:37,17.08,0.0,0.0,0,Pending,Purchase,Mawlamyine,MMK,False
TXN-20240123-0000653,WALL-0089899,MERCH-00217,PM-01,DEV-01,2024-01-23 09:09:37,7.74,0.0,0.0,0,Success,Purchase,Pathein,MMK,False
TXN-20240123-0000654,WALL-0009935,MERCH-00445,PM-04,DEV-01,2024-01-23 16:17:08,195.82,3.9165,0.0,19,Success,Tax Payment,Bangkok,THB,False
TXN-20240123-0000655,WALL-0044822,MERCH-00193,PM-02,DEV-03,2024-01-23 21:11:54,21.69,0.0434,0.0,2,Success,Purchase,Phuket,THB,False
TXN-20240123-0000656,WALL-0022817,MERCH-00240,PM-02,DEV-01,2024-01-23 19:51:26,15.15,0.0303,0.0,1,Success,Subscription,Mandalay,MMK,False
TXN-20240123-0000657,WALL-0149996,MERCH-00228,PM-01,DEV-02,2024-01-23 16:52:44,7.21,0.0,0.0,0,Success,Purchase,Mandalay,MMK,False
TXN-20240123-0000658,WALL-0067730,MERCH-00232,PM-02,DEV-03,2024-01-23 23:06:34,20.88,0.0418,0.0,2,Success,Subscription,Singapore,SGD,False
TXN-20240123-0000659,WALL-0135821,MERCH-00206,PM-01,DEV-01,2024-01-23 15:46:29,6.23,0.0,0.0,0,Success,Purchase,Phnom Penh,KHR,False
TXN-20240123-0000660,WALL-0043804,MERCH-00208,PM-03,DEV-01,2024-01-23 02:47:28,10.64,0.0851,0.0,1,Success,Purchase,Phnom Penh,KHR,False
TXN-20240123-0000661,WALL-0066694,MERCH-00427,PM-01,DEV-03,2024-01-23 08:22:39,221.66,0.0,0.0,22,Success,Payment,Naypyidaw,MMK,False
TXN-20240123-0000662,WALL-0049577,MERCH-00307,PM-02,DEV-04,2024-01-23 07:47:30,596.96,1.1939,47.7564,119,Success,Purchase,Kuala Lumpur,MYR,False
TXN-20240123-0000663,WALL-0060580,MERCH-00079,PM-03,DEV-02,2024-01-23 13:23:33,5.5,0.044,0.1101,0,Success,Purchase,Mawlamyine,THB,False
TXN-20240123-0000664,WALL-0021429,MERCH-00127,PM-03,DEV-02,2024-01-23 21:49:20,43.37,0.347,0.0,4,Success,Purchase,Khon Kaen,THB,False
TXN-20240123-0000665,WALL-0143220,MERCH-00248,PM-01,DEV-04,2024-01-23 06:15:33,11.4,0.0,0.0,1,Success,Subscription,Jaipur,THB,False
TXN-20240123-0000666,WALL-0134060,MERCH-00107,PM-01,DEV-01,2024-01-23 14:12:10,69.67,0.0,0.0,6,Success,Purchase,Myitkyina,MMK,False
TXN-20240123-0000667,WALL-0098263,MERCH-00231,PM-03,DEV-03,2024-01-23 06:59:55,7.77,0.0622,0.0,0,Success,Subscription,Penang,MYR,False
TXN-20240123-0000668,WALL-0009868,MERCH-00260,PM-03,DEV-04,2024-01-23 11:42:35,29.38,0.235,0.0,2,Success,Subscription,Chennai,INR,False
TXN-20240123-0000669,WALL-0043136,MERCH-00191,PM-03,DEV-05,2024-01-23 20:40:14,7.7,0.0616,0.0,0,Success,Purchase,Karachi,PKR,False
TXN-20240123-0000670,WALL-0059262,MERCH-00111,PM-02,DEV-01,2024-01-23 08:25:19,64.9,0.1298,0.0,6,Success,Purchase,Mandalay,MMK,False
TXN-20240123-0000671,WALL-0049897,MERCH-00141,PM-01,DEV-04,2024-01-23 15:00:00,89.1,0.0,4.455,8,Success,Purchase,Bangkok,THB,False
TXN-20240123-0000672,WALL-0044367,MERCH-00054,PM-03,DEV-01,2024-01-23 14:25:38,17.71,0.1417,0.3541,1,Success,Purchase,Colombo,LKR,False
TXN-20240123-0000673,WALL-0094059,MERCH-00250,PM-02,DEV-05,2024-01-23 14:49:15,12.48,0.025,0.0,1,Success,Subscription,Yangon,MMK,False
TXN-20240123-0000674,WALL-0028457,MERCH-00216,PM-02,DEV-01,2024-01-23 14:39:28,29.83,0.0597,0.0,2,Success,Purchase,Pathein,MMK,False
TXN-20240123-0000675,WALL-0118426,MERCH-00271,PM-01,DEV-03,2024-01-23 10:20:14,1572.96,0.0,125.8368,314,Success,Purchase,Islamabad,PKR,False
TXN-20240123-0000676,WALL-0146748,MERCH-00103,PM-03,DEV-01,2024-01-23 12:24:35,41.55,0.3324,0.0,4,Success,Purchase,Taunggyi,MMK,False
TXN-20240123-0000677,WALL-0143928,MERCH-00008,PM-04,DEV-01,2024-01-23 07:34:13,13.33,0.2666,0.2666,1,Success,Purchase,Mumbai,INR,False
TXN-20240123-0000678,WALL-0129525,MERCH-00127,PM-03,DEV-03,2024-01-23 15:33:42,27.22,0.2178,0.0,2,Success,Purchase,Chiang Mai,THB,False
TXN-20240123-0000679,WALL-0072042,MERCH-00214,PM-05,DEV-01,2024-01-23 17:23:02,16.53,0.0,0.0,1,Success,Purchase,Pune,MMK,False
TXN-20240123-0000680,WALL-0118978,MERCH-00114,PM-03,DEV-02,2024-01-23 15:57:44,42.47,0.3397,0.0,4,Success,Purchase,Pattaya,INR,False
TXN-20240123-0000681,WALL-0132863,MERCH-00426,PM-01,DEV-03,2024-01-23 13:01:45,278.7,0.0,0.0,27,Success,Payment,Chennai,INR,False
TXN-20240123-0000682,WALL-0063606,MERCH-00058,PM-04,DEV-02,2024-01-23 20:20:23,23.96,0.4793,0.0,0,Reversed,Purchase,Khon Kaen,THB,False
TXN-20240123-0000683,WALL-0136567,MERCH-00324,PM-02,DEV-02,2024-01-23 11:10:41,93.43,0.1869,0.0,9,Success,Bill Payment,Yangon,MMK,False
TXN-20240123-0000684,WALL-0108391,MERCH-00239,PM-04,DEV-01,2024-01-23 11:17:51,20.62,0.4124,0.0,2,Success,Subscription,Kathmandu,INR,False
TXN-20240123-0000685,WALL-0086021,MERCH-00121,PM-03,DEV-05,2024-01-23 08:06:17,66.7,0.5336,0.0,6,Success,Purchase,Hanoi,VND,False
TXN-20240123-0000686,WALL-0133500,MERCH-00153,PM-02,DEV-03,2024-01-23 13:49:32,193.76,0.3875,9.6882,19,Success,Purchase,Chiang Mai,MMK,False
TXN-20240123-0000687,WALL-0043821,MERCH-00284,PM-01,DEV-03,2024-01-23 17:04:52,468.47,0.0,0.0,0,Pending,Purchase,Colombo,LKR,False
TXN-20240123-0000688,WALL-0096787,MERCH-00450,PM-02,DEV-01,2024-01-23 21:11:54,50.0,0.1,0.0,5,Success,Tax Payment,Johor Bahru,MYR,False
TXN-20240123-0000689,WALL-0099622,MERCH-00280,PM-01,DEV-02,2024-01-23 14:12:08,1258.42,0.0,100.6738,251,Success,Purchase,Hyderabad,INR,False
TXN-20240123-0000690,WALL-0126020,MERCH-00338,PM-02,DEV-01,2024-01-23 07:51:42,343.69,0.6874,0.0,34,Success,Bill Payment,Naypyidaw,MMK,False
TXN-20240123-0000691,WALL-0143062,MERCH-00371,PM-04,DEV-03,2024-01-23 18:34:17,69.73,1.3946,0.0,6,Success,Purchase,Mawlamyine,MYR,False
TXN-20240123-0000692,WALL-0136590,MERCH-00326,PM-04,DEV-04,2024-01-23 01:45:45,66.03,1.3206,0.0,6,Success,Bill Payment,Pathein,MMK,False
TXN-20240123-0000693,WALL-0053485,MERCH-00445,PM-01,DEV-04,2024-01-23 17:13:41,538.89,0.0,0.0,53,Success,Tax Payment,Pathein,MMK,False
TXN-20240123-0000694,WALL-0040978,MERCH-00160,PM-01,DEV-01,2024-01-23 20:12:22,53.77,0.0,2.6887,5,Success,Purchase,Naypyidaw,MMK,False
TXN-20240123-0000695,WALL-0020361,MERCH-00025,PM-01,DEV-01,2024-01-23 14:02:12,57.84,0.0,1.1568,5,Success,Purchase,Mandalay,MMK,False
TXN-20240123-0000696,WALL-0105555,MERCH-00098,PM-04,DEV-01,2024-01-23 17:12:03,217.4,4.3479,0.0,21,Success,Purchase,Myitkyina,INR,False
TXN-20240123-0000697,WALL-0122162,MERCH-00057,PM-03,DEV-02,2024-01-23 03:21:51,9.92,0.0794,0.1985,0,Success,Purchase,Yangon,MMK,False
TXN-20240123-0000698,WALL-0054239,MERCH-00239,PM-02,DEV-02,2024-01-23 07:35:07,24.16,0.0483,0.0,2,Success,Subscription,Ahmedabad,INR,False
TXN-20240123-0000699,WALL-0066951,MERCH-00120,PM-04,DEV-02,2024-01-23 19:21:31,80.55,1.6109,0.0,8,Success,Purchase,Singapore,SGD,False
TXN-20240123-0000700,WALL-0039222,MERCH-00489,PM-01,DEV-01,2024-01-23 20:05:21,88.39,0.0,0.0,8,Success,Payment,Pathein,MMK,False
TXN-20240123-0000701,WALL-0058025,MERCH-00315,PM-04,DEV-01,2024-01-23 16:39:15,34.26,0.6851,0.0,3,Success,Bill Payment,Mawlamyine,MMK,False
TXN-20240123-0000702,WALL-0112771,MERCH-00484,PM-04,DEV-01,2024-01-23 09:33:16,105.31,2.1062,0.0,10,Success,Payment,Bago,MMK,False
TXN-20240123-0000703,WALL-0092690,MERCH-00043,PM-01,DEV-02,2024-01-23 19:53:31,19.42,0.0,0.3885,1,Success,Purchase,Yangon,MMK,False
TXN-20240123-0000704,WALL-0092005,MERCH-00297,PM-05,DEV-01,2024-01-23 17:48:58,473.47,0.0,37.8778,94,Success,Purchase,Kuala Lumpur,MYR,False
TXN-20240123-0000705,WALL-0017215,MERCH-00114,PM-03,DEV-01,2024-01-23 16:32:41,12.62,0.1009,0.0,1,Success,Purchase,Chittagong,BDT,False
TXN-20240123-0000706,WALL-0084655,MERCH-00120,PM-01,DEV-01,2024-01-23 19:05:21,27.06,0.0,0.0,2,Success,Purchase,Pathein,MMK,False
TXN-20240123-0000707,WALL-0045085,MERCH-00436,PM-02,DEV-01,2024-01-23 19:24:14,660.53,1.3211,0.0,66,Success,Tax Payment,Chiang Mai,MYR,True
TXN-20240123-0000708,WALL-0109433,MERCH-00004,PM-03,DEV-02,2024-01-23 12:05:29,8.97,0.0717,0.1793,0,Success,Purchase,Da Nang,VND,False
TXN-20240123-0000709,WALL-0101869,MERCH-00352,PM-01,DEV-01,2024-01-23 16:30:43,27.73,0.0,0.0,2,Success,Bill Payment,Taunggyi,MMK,False
TXN-20240123-0000710,WALL-0061750,MERCH-00063,PM-02,DEV-02,2024-01-23 12:23:02,21.27,0.0425,0.4253,2,Success,Purchase,Naypyidaw,MMK,False
TXN-20240123-0000711,WALL-0022162,MERCH-00368,PM-01,DEV-01,2024-01-23 18:15:33,74.39,0.0,0.0,7,Success,Bill Payment,Khon Kaen,THB,False
TXN-20240123-0000712,WALL-0081154,MERCH-00400,PM-01,DEV-04,2024-01-23 06:52:33,50.29,0.0,0.0,5,Success,Purchase,Davao,PHP,False
TXN-20240123-0000713,WALL-0104284,MERCH-00048,PM-04,DEV-02,2024-01-23 21:05:43,18.57,0.3713,0.3713,1,Success,Purchase,Da Nang,VND,False
TXN-20240123-0000714,WALL-0022006,MERCH-00097,PM-03,DEV-01,2024-01-23 17:00:31,39.93,0.3194,0.0,3,Success,Purchase,Hyderabad,INR,False
TXN-20240123-0000715,WALL-0105530,MERCH-00240,PM-02,DEV-05,2024-01-23 04:30:49,10.71,0.0214,0.0,1,Success,Subscription,Chennai,INR,False
TXN-20240123-0000716,WALL-0096250,MERCH-00378,PM-02,DEV-01,2024-01-23 13:45:25,58.22,0.1164,0.0,5,Success,Purchase,Phnom Penh,KHR,False
TXN-20240123-0000717,WALL-0077556,MERCH-00454,PM-01,DEV-02,2024-01-23 15:20:58,248.69,0.0,0.0,24,Success,Payment,Pattaya,THB,False
TXN-20240123-0000718,WALL-0122265,MERCH-00380,PM-04,DEV-03,2024-01-23 14:03:41,35.36,0.7073,0.0,3,Success,Purchase,Bali,IDR,False
TXN-20240123-0000719,WALL-0042534,MERCH-00096,PM-03,DEV-01,2024-01-23 12:28:36,24.24,0.1939,0.0,2,Success,Purchase,Pathein,MMK,False
TXN-20240123-0000720,WALL-0017926,MERCH-00100,PM-03,DEV-05,2024-01-23 17:51:52,19.78,0.1583,0.0,1,Success,Purchase,Mandalay,MMK,False
TXN-20240123-0000721,WALL-0073814,MERCH-00393,PM-03,DEV-01,2024-01-23 15:12:52,24.51,0.1961,0.0,2,Success,Purchase,Surabaya,IDR,False
TXN-20240123-0000722,WALL-0015625,MERCH-00028,PM-01,DEV-01,2024-01-23 00:11:21,54.05,0.0,1.0809,5,Success,Purchase,Ho Chi Minh City,VND,False
TXN-20240123-0000723,WALL-0014449,MERCH-00118,PM-01,DEV-01,2024-01-23 12:21:19,44.33,0.0,0.0,4,Success,Purchase,Pathein,MMK,False
TXN-20240123-0000724,WALL-0011372,MERCH-00091,PM-04,DEV-01,2024-01-23 20:18:26,25.76,0.5151,0.0,2,Success,Purchase,Kuala Lumpur,MMK,False
TXN-20240123-0000725,WALL-0135999,MERCH-00181,PM-03,DEV-03,2024-01-23 18:30:37,138.25,1.106,6.9126,13,Success,Purchase,Myitkyina,MMK,False
TXN-20240123-0000726,WALL-0014065,MERCH-00097,PM-01,DEV-01,2024-01-23 11:07:00,45.25,0.0,0.0,4,Success,Purchase,Chennai,INR,False
TXN-20240123-0000727,WALL-0147554,MERCH-00035,PM-01,DEV-01,2024-01-23 15:49:52,8.23,0.0,0.1646,0,Success,Purchase,Mandalay,MMK,False
TXN-20240123-0000728,WALL-0148853,MERCH-00007,PM-02,DEV-01,2024-01-23 19:01:22,8.62,0.0172,0.1724,0,Success,Purchase,Myitkyina,MMK,False
TXN-20240123-0000729,WALL-0087727,MERCH-00133,PM-01,DEV-01,2024-01-23 08:56:45,63.56,0.0,3.1782,6,Success,Purchase,Chennai,INR,False
TXN-20240123-0000730,WALL-0113053,MERCH-00301,PM-03,DEV-01,2024-01-23 06:17:16,228.65,1.8292,18.2919,45,Success,Purchase,Naypyidaw,MMK,False
TXN-20240123-0000731,WALL-0068947,MERCH-00034,PM-03,DEV-02,2024-01-23 21:49:31,18.98,0.1518,0.3796,1,Success,Purchase,Kuala Lumpur,MYR,False
TXN-20240123-0000732,WALL-0049804,MERCH-00171,PM-02,DEV-05,2024-01-23 20:54:25,202.24,0.4045,10.1119,20,Success,Purchase,Kandy,LKR,False
TXN-20240123-0000733,WALL-0142274,MERCH-00091,PM-01,DEV-01,2024-01-23 12:26:15,27.68,0.0,0.0,2,Success,Purchase,Manila,INR,False
TXN-20240123-0000734,WALL-0039515,MERCH-00160,PM-02,DEV-01,2024-01-23 13:04:55,24.99,0.05,1.2496,2,Success,Purchase,Davao,PHP,False
TXN-20240123-0000735,WALL-0070295,MERCH-00325,PM-01,DEV-01,2024-01-23 21:49:19,73.38,0.0,0.0,7,Success,Bill Payment,Yangon,MMK,False
TXN-20240123-0000736,WALL-0128713,MERCH-00307,PM-04,DEV-03,2024-01-23 16:31:18,100.0,2.0,8.0,20,Success,Purchase,Khon Kaen,THB,False
TXN-20240123-0000737,WALL-0145970,MERCH-00160,PM-04,DEV-01,2024-01-23 15:55:07,85.6,1.712,4.2799,8,Success,Purchase,Islamabad,PKR,False
TXN-20240123-0000738,WALL-0090230,MERCH-00409,PM-05,DEV-01,2024-01-23 14:27:51,96.23,0.0,0.0,9,Success,Payment,Myitkyina,MMK,False
TXN-20240123-0000739,WALL-0105802,MERCH-00374,PM-01,DEV-01,2024-01-23 19:18:37,31.5,0.0,0.0,3,Success,Purchase,Bandung,IDR,False
TXN-20240123-0000740,WALL-0058598,MERCH-00430,PM-01,DEV-01,2024-01-23 12:54:13,61.51,0.0,0.0,6,Success,Payment,Naypyidaw,MMK,False
TXN-20240123-0000741,WALL-0122456,MERCH-00266,PM-03,DEV-02,2024-01-23 19:39:31,6.63,0.0531,0.0,0,Success,Subscription,Siem Reap,KHR,False
TXN-20240123-0000742,WALL-0133836,MERCH-00035,PM-01,DEV-03,2024-01-23 14:10:00,13.92,0.0,0.2784,1,Success,Purchase,Mandalay,MMK,False
TXN-20240123-0000743,WALL-0062200,MERCH-00460,PM-04,DEV-03,2024-01-23 12:55:58,322.83,6.4567,0.0,32,Success,Payment,Mandalay,MMK,False
TXN-20240123-0000744,WALL-0021019,MERCH-00395,PM-02,DEV-01,2024-01-23 20:01:27,44.73,0.0895,0.0,4,Success,Purchase,Colombo,MMK,False
TXN-20240123-0000745,WALL-0075413,MERCH-00383,PM-03,DEV-02,2024-01-23 07:48:05,30.74,0.2459,0.0,3,Success,Purchase,Ahmedabad,THB,False
TXN-20240123-0000746,WALL-0046620,MERCH-00065,PM-01,DEV-01,2024-01-23 13:57:14,9.84,0.0,0.1969,0,Success,Purchase,Bangalore,INR,False
TXN-20240123-0000747,WALL-0038283,MERCH-00141,PM-01,DEV-02,2024-01-23 21:53:52,80.85,0.0,4.0424,8,Success,Purchase,Ahmedabad,INR,False
TXN-20240123-0000748,WALL-0056843,MERCH-00328,PM-05,DEV-04,2024-01-23 10:26:12,209.79,0.0,0.0,20,Success,Bill Payment,Phuket,THB,False
TXN-20240123-0000749,WALL-0130918,MERCH-00127,PM-01,DEV-02,2024-01-23 07:05:01,33.15,0.0,0.0,3,Success,Purchase,Mumbai,INR,False
TXN-20240123-0000750,WALL-0048084,MERCH-00100,PM-01,DEV-02,2024-01-23 12:23:01,22.87,0.0,0.0,2,Success,Purchase,Mandalay,MMK,False
TXN-20240123-0000751,WALL-0093453,MERCH-00084,PM-01,DEV-01,2024-01-23 12:53:01,41.62,0.0,0.0,4,Success,Purchase,Taunggyi,MMK,False
TXN-20240123-0000752,WALL-0068903,MERCH-00419,PM-01,DEV-01,2024-01-23 11:12:40,52.92,0.0,0.0,5,Success,Payment,Bangalore,INR,False
TXN-20240123-0000753,WALL-0049543,MERCH-00226,PM-03,DEV-01,2024-01-23 10:56:23,5.0,0.04,0.0,0,Success,Purchase,Yangon,MMK,False
TXN-20240123-0000754,WALL-0032188,MERCH-00143,PM-01,DEV-01,2024-01-23 12:47:07,150.35,0.0,7.5175,15,Success,Purchase,Siem Reap,KHR,False
TXN-20240123-0000755,WALL-0141869,MERCH-00195,PM-01,DEV-01,2024-01-23 20:02:19,5.87,0.0,0.0,0,Success,Purchase,Dhaka,BDT,False
TXN-20240123-0000756,WALL-0093153,MERCH-00054,PM-03,DEV-01,2024-01-23 15:47:34,14.65,0.1172,0.293,1,Success,Purchase,Bago,MMK,False
TXN-20240123-0000757,WALL-0009459,MERCH-00048,PM-02,DEV-03,2024-01-23 20:32:42,9.78,0.0196,0.1957,0,Success,Purchase,Kandy,THB,False
TXN-20240123-0000758,WALL-0101020,MERCH-00012,PM-03,DEV-01,2024-01-23 20:30:55,12.1,0.0968,0.242,1,Success,Purchase,Mandalay,MMK,False
TXN-20240123-0000759,WALL-0083572,MERCH-00324,PM-01,DEV-01,2024-01-23 14:21:19,61.68,0.0,0.0,6,Success,Bill Payment,Phuket,INR,False
TXN-20240123-0000760,WALL-0069372,MERCH-00088,PM-01,DEV-02,2024-01-23 19:17:51,30.04,0.0,0.0,0,Pending,Purchase,Bangalore,INR,False
TXN-20240123-0000761,WALL-0081627,MERCH-00037,PM-01,DEV-01,2024-01-23 13:51:23,13.62,0.0,0.2723,1,Success,Purchase,Surabaya,IDR,False
TXN-20240123-0000762,WALL-0000855,MERCH-00044,PM-03,DEV-01,2024-01-23 16:16:44,16.89,0.1351,0.3378,1,Success,Purchase,Pattaya,THB,False
TXN-20240123-0000763,WALL-0146009,MERCH-00292,PM-01,DEV-01,2024-01-23 12:32:43,129.29,0.0,10.3428,25,Success,Purchase,Yangon,MMK,False
TXN-20240123-0000764,WALL-0108517,MERCH-00203,PM-01,DEV-01,2024-01-23 18:35:55,16.25,0.0,0.0,1,Success,Purchase,Bali,THB,False
TXN-20240123-0000765,WALL-0025827,MERCH-00326,PM-04,DEV-01,2024-01-23 16:57:40,30.44,0.6087,0.0,3,Success,Bill Payment,Bago,MMK,False
TXN-20240123-0000766,WALL-0145341,MERCH-00346,PM-02,DEV-02,2024-01-23 21:23:00,10.0,0.02,0.0,1,Success,Bill Payment,Naypyidaw,MMK,False
TXN-20240123-0000767,WALL-0137604,MERCH-00033,PM-01,DEV-05,2024-01-23 20:48:52,10.04,0.0,0.2009,1,Success,Purchase,Kathmandu,NPR,False
TXN-20240123-0000768,WALL-0069224,MERCH-00485,PM-04,DEV-01,2024-01-23 09:56:26,64.86,1.2972,0.0,6,Success,Payment,Taunggyi,MMK,False
TXN-20240123-0000769,WALL-0123490,MERCH-00429,PM-04,DEV-01,2024-01-23 21:04:45,136.84,2.7368,0.0,13,Success,Payment,Chiang Mai,THB,False
TXN-20240123-0000770,WALL-0093414,MERCH-00111,PM-03,DEV-01,2024-01-23 21:32:18,78.48,0.6279,0.0,7,Success,Purchase,Bangalore,MMK,False
TXN-20240123-0000771,WALL-0067091,MERCH-00447,PM-04,DEV-03,2024-01-23 15:04:14,79.22,1.5845,0.0,7,Success,Tax Payment,Delhi,PKR,False
TXN-20240123-0000772,WALL-0082841,MERCH-00218,PM-03,DEV-02,2024-01-23 21:38:03,5.35,0.0428,0.0,0,Success,Purchase,Jakarta,IDR,False
TXN-20240123-0000773,WALL-0060533,MERCH-00215,PM-03,DEV-02,2024-01-23 18:00:27,9.47,0.0758,0.0,0,Success,Purchase,Chennai,INR,False
TXN-20240123-0000774,WALL-0069683,MERCH-00257,PM-01,DEV-01,2024-01-23 23:10:51,8.8,0.0,0.0,0,Success,Subscription,Pune,INR,False
TXN-20240123-0000775,WALL-0130346,MERCH-00204,PM-03,DEV-02,2024-01-23 17:26:32,12.32,0.0985,0.0,1,Success,Purchase,Karachi,PKR,False
TXN-20240123-0000776,WALL-0145577,MERCH-00205,PM-03,DEV-02,2024-01-23 17:09:06,7.02,0.0562,0.0,0,Success,Purchase,Chiang Mai,MMK,False
TXN-20240123-0000777,WALL-0135429,MERCH-00285,PM-04,DEV-02,2024-01-23 18:46:38,139.19,2.7839,11.1356,27,Success,Purchase,Hanoi,VND,False
TXN-20240123-0000778,WALL-0102103,MERCH-00290,PM-02,DEV-01,2024-01-23 19:08:33,447.96,0.8959,35.8368,89,Success,Purchase,Chittagong,BDT,False
TXN-20240123-0000779,WALL-0027828,MERCH-00012,PM-01,DEV-01,2024-01-23 13:18:14,13.12,0.0,0.2624,1,Success,Purchase,Myitkyina,MMK,False
TXN-20240123-0000780,WALL-0127421,MERCH-00081,PM-01,DEV-01,2024-01-23 12:10:07,73.49,0.0,0.0,7,Success,Purchase,Bangkok,NPR,False
TXN-20240123-0000781,WALL-0006840,MERCH-00221,PM-04,DEV-03,2024-01-23 14:39:44,5.0,0.1,0.0,0,Success,Purchase,Davao,MMK,False
TXN-20240123-0000782,WALL-0058156,MERCH-00336,PM-01,DEV-03,2024-01-23 20:47:14,70.9,0.0,0.0,7,Success,Bill Payment,Myitkyina,MMK,False
TXN-20240123-0000783,WALL-0050729,MERCH-00059,PM-03,DEV-01,2024-01-23 15:25:47,43.1,0.3448,0.8619,4,Success,Purchase,Mandalay,MMK,False
TXN-20240123-0000784,WALL-0123861,MERCH-00317,PM-02,DEV-03,2024-01-23 00:17:31,86.06,0.1721,0.0,8,Success,Bill Payment,Penang,MYR,False
TXN-20240123-0000785,WALL-0089458,MERCH-00148,PM-02,DEV-04,2024-01-23 19:22:50,93.55,0.1871,0.0,0,Failed,Purchase,Pune,INR,False
TXN-20240123-0000786,WALL-0000903,MERCH-00069,PM-01,DEV-01,2024-01-23 19:56:44,47.75,0.0,0.9549,4,Success,Purchase,Naypyidaw,MMK,False
TXN-20240123-0000787,WALL-0067449,MERCH-00171,PM-01,DEV-01,2024-01-23 20:22:30,295.93,0.0,14.7967,29,Success,Purchase,Delhi,INR,False
TXN-20240123-0000788,WALL-0147986,MERCH-00199,PM-04,DEV-01,2024-01-23 08:09:09,7.49,0.1497,0.0,0,Success,Purchase,Mawlamyine,MMK,False
TXN-20240123-0000789,WALL-0013406,MERCH-00049,PM-01,DEV-01,2024-01-23 10:13:57,31.06,0.0,0.6211,3,Success,Purchase,Taunggyi,MMK,False
TXN-20240123-0000790,WALL-0088649,MERCH-00450,PM-03,DEV-01,2024-01-23 15:15:40,775.17,6.2013,0.0,77,Success,Tax Payment,Da Nang,VND,False
TXN-20240123-0000791,WALL-0097203,MERCH-00314,PM-05,DEV-05,2024-01-23 17:43:10,116.84,0.0,0.0,11,Success,Bill Payment,Mawlamyine,MMK,False
TXN-20240123-0000792,WALL-0071851,MERCH-00131,PM-03,DEV-01,2024-01-23 13:37:41,51.61,0.4129,2.5805,5,Success,Purchase,Chennai,INR,False
TXN-20240123-0000793,WALL-0072213,MERCH-00324,PM-01,DEV-01,2024-01-23 15:08:16,134.7,0.0,0.0,13,Success,Bill Payment,Ho Chi Minh City,VND,False
TXN-20240123-0000794,WALL-0084488,MERCH-00376,PM-02,DEV-01,2024-01-23 16:44:37,81.35,0.1627,0.0,8,Success,Purchase,Cebu City,MMK,False
TXN-20240123-0000795,WALL-0088704,MERCH-00043,PM-02,DEV-01,2024-01-23 14:34:01,17.84,0.0357,0.3568,1,Success,Purchase,Jaipur,INR,False
TXN-20240123-0000796,WALL-0075734,MERCH-00043,PM-01,DEV-01,2024-01-23 17:06:27,10.13,0.0,0.2025,1,Success,Purchase,Pathein,MMK,False
TXN-20240123-0000797,WALL-0070866,MERCH-00348,PM-02,DEV-01,2024-01-23 15:47:34,33.85,0.0677,0.0,3,Success,Bill Payment,Bago,MMK,False
TXN-20240123-0000798,WALL-0139329,MERCH-00202,PM-01,DEV-01,2024-01-23 07:02:57,8.22,0.0,0.0,0,Success,Purchase,Bali,IDR,False
TXN-20240123-0000799,WALL-0107192,MERCH-00236,PM-01,DEV-01,2024-01-23 15:08:46,19.43,0.0,0.0,1,Success,Subscription,Myitkyina,MMK,False
TXN-20240123-0000800,WALL-0004461,MERCH-00368,PM-02,DEV-01,2024-01-23 19:54:21,14.9,0.0298,0.0,0,Reversed,Bill Payment,Mawlamyine,MMK,False
TXN-20240123-0000801,WALL-0111218,MERCH-00113,PM-01,DEV-02,2024-01-23 08:21:46,91.56,0.0,0.0,9,Success,Purchase,Bandung,IDR,False
TXN-20240123-0000802,WALL-0011828,MERCH-00218,PM-01,DEV-03,2024-01-23 15:33:42,7.94,0.0,0.0,0,Success,Purchase,Pokhara,NPR,False
TXN-20240123-0000803,WALL-0045554,MERCH-00285,PM-01,DEV-01,2024-01-23 03:20:42,1116.82,0.0,89.3453,223,Success,Purchase,Pokhara,NPR,False
TXN-20240123-0000804,WALL-0055926,MERCH-00122,PM-03,DEV-01,2024-01-23 15:53:16,74.01,0.5921,0.0,0,Pending,Purchase,Yangon,MMK,False
TXN-20240123-0000805,WALL-0033730,MERCH-00031,PM-05,DEV-02,2024-01-23 15:11:47,22.75,0.0,0.455,2,Success,Purchase,Phnom Penh,KHR,False
TXN-20240123-0000806,WALL-0048397,MERCH-00116,PM-01,DEV-05,2024-01-23 10:17:51,34.9,0.0,0.0,3,Success,Purchase,Mandalay,MMK,False
TXN-20240123-0000807,WALL-0042358,MERCH-00443,PM-03,DEV-02,2024-01-23 19:44:14,213.47,1.7077,0.0,21,Success,Tax Payment,Jaipur,INR,False
TXN-20240123-0000808,WALL-0084426,MERCH-00253,PM-03,DEV-03,2024-01-23 18:17:10,13.22,0.1057,0.0,1,Success,Subscription,Siem Reap,KHR,False
TXN-20240123-0000809,WALL-0140031,MERCH-00162,PM-02,DEV-03,2024-01-23 16:07:08,86.2,0.1724,4.3102,8,Success,Purchase,Taunggyi,MMK,False
TXN-20240123-0000810,WALL-0097963,MERCH-00085,PM-01,DEV-05,2024-01-23 12:03:34,63.54,0.0,0.0,6,Success,Purchase,Myitkyina,MMK,False
TXN-20240123-0000811,WALL-0106472,MERCH-00440,PM-04,DEV-01,2024-01-23 06:42:07,1805.77,36.1153,0.0,180,Success,Tax Payment,Hanoi,LKR,False
TXN-20240123-0000812,WALL-0082547,MERCH-00232,PM-02,DEV-01,2024-01-23 17:02:19,12.6,0.0252,0.0,1,Success,Subscription,Myitkyina,INR,False
TXN-20240123-0000813,WALL-0075530,MERCH-00196,PM-01,DEV-01,2024-01-23 04:04:35,9.34,0.0,0.0,0,Success,Purchase,Ho Chi Minh City,VND,False
TXN-20240123-0000814,WALL-0064084,MERCH-00160,PM-04,DEV-01,2024-01-23 13:45:53,179.68,3.5935,8.9838,17,Success,Purchase,Singapore,SGD,False
TXN-20240123-0000815,WALL-0037018,MERCH-00395,PM-04,DEV-01,2024-01-23 16:43:02,101.36,2.0273,0.0,10,Success,Purchase,Pune,VND,False
TXN-20240123-0000816,WALL-0034480,MERCH-00108,PM-02,DEV-01,2024-01-23 22:55:42,76.19,0.1524,0.0,7,Success,Purchase,Hanoi,VND,False
TXN-20240123-0000817,WALL-0060784,MERCH-00103,PM-01,DEV-03,2024-01-23 19:38:51,21.58,0.0,0.0,2,Success,Purchase,Jakarta,IDR,False
TXN-20240123-0000818,WALL-0094340,MERCH-00024,PM-02,DEV-02,2024-01-23 18:21:23,41.74,0.0835,0.8349,4,Success,Purchase,Bago,MMK,False
TXN-20240123-0000819,WALL-0122264,MERCH-00164,PM-02,DEV-01,2024-01-23 16:22:58,366.78,0.7336,18.3391,36,Success,Purchase,Bangkok,THB,False
TXN-20240123-0000820,WALL-0148899,MERCH-00084,PM-03,DEV-01,2024-01-23 10:02:49,60.53,0.4843,0.0,6,Success,Purchase,Da Nang,VND,False
TXN-20240123-0000821,WALL-0111352,MERCH-00170,PM-05,DEV-02,2024-01-23 21:48:21,90.02,0.0,4.501,9,Success,Purchase,Pathein,MMK,False
TXN-20240123-0000822,WALL-0092758,MERCH-00078,PM-03,DEV-01,2024-01-23 14:16:16,11.31,0.0905,0.2261,1,Success,Purchase,Naypyidaw,MMK,False
TXN-20240123-0000823,WALL-0002844,MERCH-00238,PM-02,DEV-01,2024-01-23 12:22:17,44.33,0.0887,0.0,0,Pending,Subscription,Chittagong,BDT,False
TXN-20240123-0000824,WALL-0113111,MERCH-00080,PM-04,DEV-01,2024-01-23 20:47:04,35.19,0.7039,0.7039,3,Success,Purchase,Islamabad,PKR,False
TXN-20240123-0000825,WALL-0112564,MERCH-00106,PM-04,DEV-01,2024-01-23 06:51:39,55.82,1.1164,0.0,5,Success,Purchase,Kandy,LKR,False
TXN-20240123-0000826,WALL-0149133,MERCH-00296,PM-03,DEV-01,2024-01-23 21:20:33,268.51,2.1481,21.4806,53,Success,Purchase,Pune,INR,False
TXN-20240123-0000827,WALL-0032933,MERCH-00106,PM-05,DEV-01,2024-01-23 21:47:17,30.56,0.0,0.0,3,Success,Purchase,Lahore,PKR,False
TXN-20240123-0000828,WALL-0137989,MERCH-00209,PM-01,DEV-01,2024-01-23 02:35:41,16.41,0.0,0.0,1,Success,Purchase,Phuket,MMK,False
TXN-20240123-0000829,WALL-0134184,MERCH-00113,PM-01,DEV-01,2024-01-23 06:41:46,38.23,0.0,0.0,3,Success,Purchase,Mawlamyine,MMK,False
TXN-20240123-0000830,WALL-0076621,MERCH-00188,PM-04,DEV-01,2024-01-23 04:23:57,773.02,15.4604,38.651,77,Success,Purchase,Jaipur,INR,False
TXN-20240123-0000831,WALL-0040163,MERCH-00028,PM-02,DEV-01,2024-01-23 20:28:54,25.66,0.0513,0.5131,2,Success,Purchase,Khon Kaen,THB,False
TXN-20240123-0000832,WALL-0011674,MERCH-00187,PM-01,DEV-01,2024-01-23 18:17:03,90.25,0.0,4.5124,9,Success,Purchase,Kathmandu,IDR,False
TXN-20240123-0000833,WALL-0078708,MERCH-00024,PM-02,DEV-01,2024-01-23 17:30:50,9.89,0.0198,0.1977,0,Success,Purchase,Naypyidaw,MMK,False
TXN-20240123-0000834,WALL-0128145,MERCH-00289,PM-02,DEV-01,2024-01-23 10:18:06,364.52,0.729,29.1619,72,Success,Purchase,Mumbai,INR,False
TXN-20240123-0000835,WALL-0126323,MERCH-00340,PM-01,DEV-01,2024-01-23 23:25:46,114.88,0.0,0.0,11,Success,Bill Payment,Siem Reap,KHR,False
TXN-20240123-0000836,WALL-0113069,MERCH-00165,PM-03,DEV-05,2024-01-23 11:01:00,282.07,2.2566,14.1036,28,Success,Purchase,Kathmandu,NPR,False
TXN-20240123-0000837,WALL-0081480,MERCH-00340,PM-03,DEV-01,2024-01-23 13:57:58,47.71,0.3817,0.0,4,Success,Bill Payment,Pathein,MMK,False
TXN-20240123-0000838,WALL-0008092,MERCH-00066,PM-01,DEV-01,2024-01-23 07:03:49,21.09,0.0,0.4218,2,Success,Purchase,Mandalay,MMK,False
TXN-20240123-0000839,WALL-0058406,MERCH-00343,PM-01,DEV-01,2024-01-23 14:20:03,28.61,0.0,0.0,2,Success,Bill Payment,Johor Bahru,MYR,False
TXN-20240123-0000840,WALL-0039012,MERCH-00277,PM-01,DEV-01,2024-01-23 17:07:20,100.0,0.0,8.0,20,Success,Purchase,Yangon,MMK,False
TXN-20240123-0000841,WALL-0117422,MERCH-00221,PM-03,DEV-05,2024-01-23 05:49:16,7.49,0.0599,0.0,0,Success,Purchase,Myitkyina,MMK,False
TXN-20240123-0000842,WALL-0146585,MERCH-00387,PM-02,DEV-02,2024-01-23 19:51:42,26.77,0.0535,0.0,2,Success,Purchase,Penang,MYR,False
TXN-20240123-0000843,WALL-0065340,MERCH-00164,PM-01,DEV-01,2024-01-23 06:03:14,327.12,0.0,16.356,32,Success,Purchase,Naypyidaw,MMK,False
TXN-20240123-0000844,WALL-0054375,MERCH-00116,PM-04,DEV-02,2024-01-23 14:31:07,31.28,0.6255,0.0,3,Success,Purchase,Cebu City,PHP,False
TXN-20240123-0000845,WALL-0096819,MERCH-00154,PM-04,DEV-01,2024-01-23 14:20:58,319.7,6.3939,15.9848,31,Success,Purchase,Chittagong,BDT,False
TXN-20240123-0000846,WALL-0025732,MERCH-00322,PM-01,DEV-02,2024-01-23 09:10:01,42.01,0.0,0.0,4,Success,Bill Payment,Karachi,PKR,False
TXN-20240123-0000847,WALL-0093231,MERCH-00024,PM-02,DEV-01,2024-01-23 13:23:01,10.78,0.0216,0.2157,1,Success,Purchase,Bago,MMK,False
TXN-20240123-0000848,WALL-0080878,MERCH-00104,PM-04,DEV-04,2024-01-23 17:16:27,72.29,1.4459,0.0,7,Success,Purchase,Mawlamyine,MMK,False
TXN-20240123-0000849,WALL-0044523,MERCH-00061,PM-02,DEV-01,2024-01-23 05:06:14,15.2,0.0304,0.304,1,Success,Purchase,Pattaya,THB,False
TXN-20240123-0000850,WALL-0017825,MERCH-00431,PM-01,DEV-01,2024-01-23 18:19:36,258.2,0.0,0.0,25,Success,Tax Payment,Mawlamyine,MMK,False
TXN-20240123-0000851,WALL-0068567,MERCH-00427,PM-03,DEV-02,2024-01-23 16:00:49,112.12,0.897,0.0,11,Success,Payment,Naypyidaw,MMK,False
TXN-20240123-0000852,WALL-0077181,MERCH-00048,PM-02,DEV-05,2024-01-23 11:42:14,9.75,0.0195,0.195,0,Success,Purchase,Mandalay,MMK,False
TXN-20240123-0000853,WALL-0012107,MERCH-00137,PM-01,DEV-01,2024-01-23 14:27:46,81.06,0.0,4.0532,8,Success,Purchase,Bangkok,THB,False
TXN-20240123-0000854,WALL-0082952,MERCH-00147,PM-05,DEV-02,2024-01-23 11:35:51,270.24,0.0,13.5119,27,Success,Purchase,Chiang Mai,THB,False
TXN-20240123-0000855,WALL-0079980,MERCH-00267,PM-01,DEV-03,2024-01-23 06:36:41,19.85,0.0,0.0,1,Success,Subscription,Colombo,LKR,False
TXN-20240123-0000856,WALL-0062792,MERCH-00161,PM-01,DEV-03,2024-01-23 21:34:14,114.24,0.0,5.7122,11,Success,Purchase,Johor Bahru,MYR,False
TXN-20240123-0000857,WALL-0056154,MERCH-00200,PM-05,DEV-02,2024-01-23 19:06:34,10.6,0.0,0.0,1,Success,Purchase,Mandalay,MMK,False
TXN-20240123-0000858,WALL-0082492,MERCH-00384,PM-01,DEV-01,2024-01-23 12:53:50,20.0,0.0,0.0,2,Success,Purchase,Pathein,MMK,False
TXN-20240123-0000859,WALL-0104611,MERCH-00014,PM-01,DEV-05,2024-01-23 12:58:21,28.94,0.0,0.5789,2,Success,Purchase,Yangon,MMK,False
TXN-20240123-0000860,WALL-0018147,MERCH-00297,PM-01,DEV-01,2024-01-23 08:44:09,2248.71,0.0,179.8967,449,Success,Purchase,Pathein,IDR,False
TXN-20240123-0000861,WALL-0071628,MERCH-00190,PM-02,DEV-03,2024-01-23 16:26:30,86.34,0.1727,4.3172,8,Success,Purchase,Jaipur,INR,False
TXN-20240123-0000862,WALL-0141910,MERCH-00204,PM-01,DEV-03,2024-01-23 16:58:33,8.46,0.0,0.0,0,Success,Purchase,Manila,PHP,False
TXN-20240123-0000863,WALL-0133500,MERCH-00263,PM-02,DEV-03,2024-01-23 11:08:58,19.99,0.04,0.0,1,Success,Subscription,Mawlamyine,MMK,False
TXN-20240123-0000864,WALL-0037530,MERCH-00403,PM-03,DEV-05,2024-01-23 07:21:53,72.1,0.5768,0.0,7,Success,Payment,Singapore,SGD,False
TXN-20240123-0000865,WALL-0083624,MERCH-00441,PM-04,DEV-01,2024-01-23 10:48:43,88.52,1.7704,0.0,8,Success,Tax Payment,Mandalay,MMK,False
TXN-20240123-0000866,WALL-0046474,MERCH-00028,PM-01,DEV-01,2024-01-23 18:09:58,35.05,0.0,0.701,3,Success,Purchase,Myitkyina,MMK,False
TXN-20240123-0000867,WALL-0051826,MERCH-00085,PM-02,DEV-02,2024-01-23 15:34:27,19.26,0.0385,0.0,1,Success,Purchase,Naypyidaw,MMK,False
TXN-20240123-0000868,WALL-0000309,MERCH-00462,PM-02,DEV-05,2024-01-23 13:23:16,50.0,0.1,0.0,5,Success,Payment,Manila,IDR,False
TXN-20240123-0000869,WALL-0083097,MERCH-00145,PM-02,DEV-01,2024-01-23 19:12:46,93.4,0.1868,4.6698,9,Success,Purchase,Hyderabad,INR,False
TXN-20240123-0000870,WALL-0145353,MERCH-00432,PM-01,DEV-02,2024-01-23 10:00:02,80.22,0.0,0.0,0,Failed,Tax Payment,Quezon City,PHP,False
TXN-20240123-0000871,WALL-0147617,MERCH-00004,PM-05,DEV-02,2024-01-23 17:24:04,35.29,0.0,0.7057,3,Success,Purchase,Manila,PHP,False
TXN-20240123-0000872,WALL-0091592,MERCH-00193,PM-02,DEV-02,2024-01-23 18:09:22,18.94,0.0379,0.0,1,Success,Purchase,Jaipur,INR,False
TXN-20240123-0000873,WALL-0014200,MERCH-00066,PM-02,DEV-03,2024-01-23 13:41:35,24.1,0.0482,0.482,2,Success,Purchase,Kathmandu,NPR,False
TXN-20240123-0000874,WALL-0126667,MERCH-00354,PM-02,DEV-01,2024-01-23 11:12:39,19.4,0.0388,0.0,1,Success,Bill Payment,Penang,MYR,False
TXN-20240123-0000875,WALL-0002303,MERCH-00077,PM-03,DEV-04,2024-01-23 15:52:25,18.55,0.1484,0.371,1,Success,Purchase,Bandung,IDR,False
TXN-20240123-0000876,WALL-0036627,MERCH-00216,PM-04,DEV-01,2024-01-23 05:51:12,7.17,0.1433,0.0,0,Success,Purchase,Kathmandu,NPR,False
TXN-20240123-0000877,WALL-0123914,MERCH-00027,PM-01,DEV-01,2024-01-23 11:11:03,19.51,0.0,0.3901,1,Success,Purchase,Myitkyina,MMK,False
TXN-20240123-0000878,WALL-0148666,MERCH-00117,PM-01,DEV-04,2024-01-23 12:16:46,200.0,0.0,0.0,20,Success,Purchase,Pathein,MMK,False
TXN-20240123-0000879,WALL-0054581,MERCH-00073,PM-03,DEV-02,2024-01-23 19:52:14,17.0,0.136,0.34,1,Success,Purchase,Pokhara,MMK,False
TXN-20240123-0000880,WALL-0146854,MERCH-00141,PM-02,DEV-01,2024-01-23 02:32:50,142.54,0.2851,7.1272,14,Success,Purchase,Lahore,PKR,False
TXN-20240123-0000881,WALL-0037147,MERCH-00376,PM-03,DEV-01,2024-01-23 17:42:54,75.5,0.604,0.0,7,Success,Purchase,Pattaya,THB,False
TXN-20240123-0000882,WALL-0021281,MERCH-00042,PM-03,DEV-02,2024-01-23 15:42:35,26.93,0.2155,0.5387,2,Success,Purchase,Bali,IDR,False
TXN-20240123-0000883,WALL-0084267,MERCH-00033,PM-01,DEV-01,2024-01-23 02:59:21,15.46,0.0,0.3092,1,Success,Purchase,Singapore,SGD,False
TXN-20240123-0000884,WALL-0040675,MERCH-00036,PM-02,DEV-01,2024-01-23 19:11:06,39.7,0.0794,0.7941,3,Success,Purchase,Mandalay,MMK,False
TXN-20240123-0000885,WALL-0120125,MERCH-00138,PM-03,DEV-01,2024-01-23 20:35:07,129.17,1.0334,6.4586,12,Success,Purchase,Kandy,MMK,False
TXN-20240123-0000886,WALL-0066132,MERCH-00133,PM-03,DEV-01,2024-01-23 20:05:12,64.74,0.5179,3.2371,6,Success,Purchase,Karachi,IDR,False
TXN-20240123-0000887,WALL-0015938,MERCH-00221,PM-02,DEV-03,2024-01-23 15:45:22,12.06,0.0241,0.0,1,Success,Purchase,Taunggyi,MMK,False
TXN-20240123-0000888,WALL-0052730,MERCH-00166,PM-01,DEV-01,2024-01-23 20:28:59,67.05,0.0,3.3523,6,Success,Purchase,Chiang Mai,THB,False
TXN-20240123-0000889,WALL-0092918,MERCH-00085,PM-04,DEV-01,2024-01-23 11:27:12,37.58,0.7516,0.0,3,Success,Purchase,Hyderabad,MMK,False
TXN-20240123-0000890,WALL-0120528,MERCH-00080,PM-03,DEV-01,2024-01-23 21:49:19,23.78,0.1903,0.4757,2,Success,Purchase,Chennai,INR,False
TXN-20240123-0000891,WALL-0036048,MERCH-00095,PM-05,DEV-01,2024-01-23 19:40:16,32.67,0.0,0.0,3,Success,Purchase,Bali,IDR,False
TXN-20240123-0000892,WALL-0035697,MERCH-00416,PM-02,DEV-01,2024-01-23 10:03:49,20.0,0.04,0.0,2,Success,Payment,Mandalay,INR,False
TXN-20240123-0000893,WALL-0079226,MERCH-00366,PM-04,DEV-01,2024-01-23 16:26:23,56.38,1.1275,0.0,5,Success,Bill Payment,Lahore,PKR,False
TXN-20240123-0000894,WALL-0100012,MERCH-00255,PM-04,DEV-01,2024-01-23 13:11:51,25.54,0.5108,0.0,2,Success,Subscription,Taunggyi,MMK,False
TXN-20240123-0000895,WALL-0045232,MERCH-00146,PM-02,DEV-01,2024-01-23 07:34:26,62.35,0.1247,3.1175,6,Success,Purchase,Taunggyi,MMK,False
TXN-20240123-0000896,WALL-0095087,MERCH-00161,PM-01,DEV-02,2024-01-23 21:10:17,31.46,0.0,1.5731,3,Success,Purchase,Taunggyi,MMK,False
TXN-20240123-0000897,WALL-0095911,MERCH-00310,PM-03,DEV-01,2024-01-23 18:03:24,2873.95,22.9916,229.916,574,Success,Purchase,Naypyidaw,MMK,False
TXN-20240123-0000898,WALL-0112295,MERCH-00113,PM-01,DEV-01,2024-01-23 20:37:56,40.47,0.0,0.0,0,Failed,Purchase,Bago,MMK,False
TXN-20240123-0000899,WALL-0032304,MERCH-00375,PM-04,DEV-01,2024-01-23 04:37:16,55.57,1.1114,0.0,5,Success,Purchase,Mandalay,MMK,False
TXN-20240123-0000900,WALL-0038196,MERCH-00152,PM-02,DEV-01,2024-01-23 18:13:48,71.94,0.1439,3.5971,7,Success,Purchase,Karachi,PKR,False
TXN-20240123-0000901,WALL-0090552,MERCH-00072,PM-04,DEV-01,2024-01-23 12:25:50,12.63,0.2527,0.2527,1,Success,Purchase,Mandalay,MMK,False
TXN-20240123-0000902,WALL-0020074,MERCH-00192,PM-01,DEV-03,2024-01-23 11:44:50,6.09,0.0,0.0,0,Success,Purchase,Myitkyina,MMK,False
TXN-20240123-0000903,WALL-0143501,MERCH-00222,PM-02,DEV-02,2024-01-23 12:30:17,5.0,0.01,0.0,0,Success,Purchase,Pathein,MMK,False
TXN-20240123-0000904,WALL-0091440,MERCH-00427,PM-02,DEV-02,2024-01-23 21:35:52,40.24,0.0805,0.0,4,Success,Payment,Mawlamyine,MMK,False
TXN-20240123-0000905,WALL-0059307,MERCH-00016,PM-02,DEV-01,2024-01-23 18:37:09,23.1,0.0462,0.462,2,Success,Purchase,Cebu City,SGD,False
TXN-20240123-0000906,WALL-0095135,MERCH-00286,PM-01,DEV-03,2024-01-23 10:13:41,2094.64,0.0,167.5715,418,Success,Purchase,Mawlamyine,MMK,False
TXN-20240123-0000907,WALL-0026860,MERCH-00373,PM-02,DEV-01,2024-01-23 05:35:49,25.12,0.0502,0.0,2,Success,Purchase,Da Nang,THB,False
TXN-20240123-0000908,WALL-0110604,MERCH-00431,PM-03,DEV-03,2024-01-23 20:35:48,278.34,2.2267,0.0,27,Success,Tax Payment,Islamabad,PKR,False
TXN-20240123-0000909,WALL-0120266,MERCH-00212,PM-01,DEV-01,2024-01-23 10:56:53,15.51,0.0,0.0,0,Pending,Purchase,Johor Bahru,MYR,False
TXN-20240123-0000910,WALL-0078741,MERCH-00088,PM-01,DEV-01,2024-01-23 13:14:19,121.5,0.0,0.0,12,Success,Purchase,Surabaya,PHP,False
TXN-20240123-0000911,WALL-0002225,MERCH-00104,PM-02,DEV-01,2024-01-23 09:18:27,65.77,0.1315,0.0,6,Success,Purchase,Ho Chi Minh City,MYR,False
TXN-20240123-0000912,WALL-0104431,MERCH-00165,PM-04,DEV-03,2024-01-23 08:30:51,322.18,6.4435,16.1089,32,Success,Purchase,Davao,PHP,False
TXN-20240123-0000913,WALL-0141897,MERCH-00096,PM-02,DEV-02,2024-01-23 06:28:15,52.53,0.1051,0.0,5,Success,Purchase,Quezon City,PHP,False
TXN-20240123-0000914,WALL-0041220,MERCH-00114,PM-04,DEV-01,2024-01-23 13:41:35,23.84,0.4768,0.0,2,Success,Purchase,Naypyidaw,MMK,False
TXN-20240123-0000915,WALL-0062638,MERCH-00500,PM-01,DEV-01,2024-01-23 06:21:54,122.33,0.0,0.0,12,Success,Payment,Pathein,MMK,False
TXN-20240123-0000916,WALL-0062977,MERCH-00096,PM-04,DEV-02,2024-01-23 18:13:40,200.0,4.0,0.0,20,Success,Purchase,Ahmedabad,MYR,False
TXN-20240123-0000917,WALL-0065672,MERCH-00338,PM-04,DEV-01,2024-01-23 17:35:55,52.56,1.0513,0.0,5,Success,Bill Payment,Islamabad,PKR,False
TXN-20240123-0000918,WALL-0043977,MERCH-00091,PM-01,DEV-01,2024-01-23 21:02:37,73.98,0.0,0.0,7,Success,Purchase,Mandalay,MMK,False
TXN-20240123-0000919,WALL-0066674,MERCH-00189,PM-04,DEV-02,2024-01-23 16:38:25,38.67,0.7735,1.9337,3,Success,Purchase,Siem Reap,KHR,False
TXN-20240123-0000920,WALL-0010370,MERCH-00289,PM-04,DEV-03,2024-01-23 08:17:18,635.4,12.708,50.8319,127,Success,Purchase,Ho Chi Minh City,MMK,False
TXN-20240123-0000921,WALL-0053266,MERCH-00025,PM-04,DEV-02,2024-01-23 05:13:59,40.64,0.8128,0.8128,4,Success,Purchase,Kolkata,INR,False
TXN-20240123-0000922,WALL-0017534,MERCH-00355,PM-02,DEV-02,2024-01-23 10:19:55,95.28,0.1906,0.0,9,Success,Bill Payment,Myitkyina,MMK,False
TXN-20240123-0000923,WALL-0012848,MERCH-00383,PM-01,DEV-02,2024-01-23 00:40:52,52.27,0.0,0.0,5,Success,Purchase,Yangon,MMK,False
TXN-20240123-0000924,WALL-0146735,MERCH-00059,PM-02,DEV-01,2024-01-23 18:39:08,14.86,0.0297,0.2972,1,Success,Purchase,Mawlamyine,MMK,False
TXN-20240123-0000925,WALL-0024291,MERCH-00106,PM-01,DEV-03,2024-01-23 11:54:24,38.36,0.0,0.0,3,Success,Purchase,Phnom Penh,KHR,False
TXN-20240123-0000926,WALL-0117070,MERCH-00009,PM-01,DEV-05,2024-01-23 12:46:52,29.35,0.0,0.587,2,Success,Purchase,Kuala Lumpur,MYR,False
TXN-20240123-0000927,WALL-0138244,MERCH-00361,PM-02,DEV-01,2024-01-23 10:42:59,32.64,0.0653,0.0,3,Success,Bill Payment,Taunggyi,MMK,False
TXN-20240123-0000928,WALL-0087127,MERCH-00273,PM-01,DEV-01,2024-01-23 13:29:45,828.21,0.0,66.257,165,Success,Purchase,Naypyidaw,MMK,False
TXN-20240123-0000929,WALL-0093992,MERCH-00228,PM-02,DEV-01,2024-01-23 05:32:14,7.56,0.0151,0.0,0,Success,Purchase,Kathmandu,NPR,False
TXN-20240123-0000930,WALL-0074945,MERCH-00039,PM-04,DEV-05,2024-01-23 07:16:31,20.4,0.4081,0.4081,2,Success,Purchase,Pattaya,THB,False
TXN-20240123-0000931,WALL-0020821,MERCH-00363,PM-03,DEV-03,2024-01-23 18:09:15,18.71,0.1497,0.0,1,Success,Bill Payment,Quezon City,PHP,False
TXN-20240123-0000932,WALL-0117211,MERCH-00442,PM-01,DEV-03,2024-01-23 07:08:42,135.51,0.0,0.0,13,Success,Tax Payment,Taunggyi,MMK,False
TXN-20240123-0000933,WALL-0000549,MERCH-00292,PM-05,DEV-01,2024-01-23 20:12:40,2074.94,0.0,165.9954,414,Success,Purchase,Cebu City,PHP,False
TXN-20240123-0000934,WALL-0025014,MERCH-00178,PM-01,DEV-01,2024-01-23 16:20:08,84.85,0.0,4.2427,8,Success,Purchase,Pattaya,THB,False
TXN-20240123-0000935,WALL-0138622,MERCH-00278,PM-01,DEV-01,2024-01-23 23:42:48,159.22,0.0,12.7375,31,Success,Purchase,Chittagong,BDT,False
TXN-20240123-0000936,WALL-0142874,MERCH-00002,PM-02,DEV-01,2024-01-23 13:43:30,25.67,0.0513,0.5135,2,Success,Purchase,Ahmedabad,INR,False
TXN-20240123-0000937,WALL-0143585,MERCH-00345,PM-01,DEV-01,2024-01-23 19:17:47,14.46,0.0,0.0,1,Success,Bill Payment,Yangon,MMK,False
TXN-20240123-0000938,WALL-0014758,MERCH-00002,PM-02,DEV-03,2024-01-23 13:47:28,19.55,0.0391,0.391,1,Success,Purchase,Pune,INR,False
TXN-20240123-0000939,WALL-0002207,MERCH-00187,PM-01,DEV-01,2024-01-23 16:57:39,138.12,0.0,6.9061,13,Success,Purchase,Khon Kaen,THB,False
TXN-20240123-0000940,WALL-0089472,MERCH-00016,PM-02,DEV-04,2024-01-23 14:39:38,6.98,0.014,0.1396,0,Success,Purchase,Chiang Mai,THB,False
TXN-20240123-0000941,WALL-0081796,MERCH-00403,PM-01,DEV-01,2024-01-23 22:45:14,97.74,0.0,0.0,9,Success,Payment,Naypyidaw,MMK,False
TXN-20240123-0000942,WALL-0119436,MERCH-00059,PM-04,DEV-01,2024-01-23 20:44:09,11.6,0.232,0.232,1,Success,Purchase,Yangon,MMK,False
TXN-20240123-0000943,WALL-0070505,MERCH-00329,PM-04,DEV-01,2024-01-23 05:22:22,53.15,1.063,0.0,5,Success,Bill Payment,Cebu City,PHP,False
TXN-20240123-0000944,WALL-0018512,MERCH-00247,PM-01,DEV-01,2024-01-23 21:58:08,5.0,0.0,0.0,0,Success,Subscription,Khon Kaen,THB,False
TXN-20240123-0000945,WALL-0079204,MERCH-00438,PM-02,DEV-02,2024-01-23 17:14:47,1240.64,2.4813,0.0,124,Success,Tax Payment,Chennai,MMK,False
TXN-20240123-0000946,WALL-0141295,MERCH-00126,PM-01,DEV-01,2024-01-23 00:48:18,186.21,0.0,0.0,18,Success,Purchase,Naypyidaw,MMK,True
TXN-20240123-0000947,WALL-0114092,MERCH-00316,PM-01,DEV-01,2024-01-23 09:56:01,140.51,0.0,0.0,14,Success,Bill Payment,Colombo,LKR,False
TXN-20240123-0000948,WALL-0126480,MERCH-00242,PM-01,DEV-02,2024-01-23 06:38:30,26.27,0.0,0.0,2,Success,Subscription,Quezon City,PHP,False
TXN-20240123-0000949,WALL-0003078,MERCH-00494,PM-02,DEV-04,2024-01-23 14:13:57,170.72,0.3414,0.0,17,Success,Payment,Siem Reap,KHR,False
TXN-20240123-0000950,WALL-0001722,MERCH-00233,PM-01,DEV-01,2024-01-23 16:23:23,8.65,0.0,0.0,0,Success,Subscription,Bangalore,INR,False
TXN-20240123-0000951,WALL-0063418,MERCH-00011,PM-04,DEV-01,2024-01-23 11:38:10,37.96,0.7592,0.7592,3,Success,Purchase,Mandalay,MMK,False
TXN-20240123-0000952,WALL-0122584,MERCH-00162,PM-02,DEV-01,2024-01-23 16:37:07,115.92,0.2318,5.7962,11,Success,Purchase,Siem Reap,KHR,False
TXN-20240123-0000953,WALL-0108600,MERCH-00167,PM-02,DEV-01,2024-01-23 11:39:21,187.83,0.3757,9.3917,18,Success,Purchase,Yangon,MMK,False
TXN-20240123-0000954,WALL-0078109,MERCH-00122,PM-01,DEV-02,2024-01-23 06:45:02,195.33,0.0,0.0,19,Success,Purchase,Naypyidaw,MMK,False
TXN-20240123-0000955,WALL-0127212,MERCH-00399,PM-01,DEV-01,2024-01-23 17:20:38,196.28,0.0,0.0,19,Success,Purchase,Bali,IDR,False
TXN-20240123-0000956,WALL-0027751,MERCH-00226,PM-01,DEV-01,2024-01-23 15:29:39,12.91,0.0,0.0,1,Success,Purchase,Myitkyina,THB,False
TXN-20240123-0000957,WALL-0083667,MERCH-00339,PM-05,DEV-03,2024-01-23 16:35:38,94.71,0.0,0.0,9,Success,Bill Payment,Yangon,MMK,False
TXN-20240123-0000958,WALL-0133154,MERCH-00023,PM-02,DEV-01,2024-01-23 07:50:17,37.12,0.0742,0.7425,3,Success,Purchase,Taunggyi,MMK,False
TXN-20240123-0000959,WALL-0082774,MERCH-00229,PM-04,DEV-02,2024-01-23 01:02:23,14.17,0.2835,0.0,1,Success,Purchase,Surabaya,IDR,False
TXN-20240123-0000960,WALL-0056962,MERCH-00050,PM-01,DEV-02,2024-01-23 07:30:17,15.1,0.0,0.3019,1,Success,Purchase,Singapore,SGD,False
TXN-20240123-0000961,WALL-0068402,MERCH-00137,PM-01,DEV-04,2024-01-23 09:49:30,23.0,0.0,1.1498,2,Success,Purchase,Bago,MMK,False
TXN-20240123-0000962,WALL-0137577,MERCH-00421,PM-02,DEV-01,2024-01-23 05:23:45,38.04,0.0761,0.0,3,Success,Payment,Mawlamyine,MMK,False
TXN-20240123-0000963,WALL-0025786,MERCH-00420,PM-02,DEV-02,2024-01-23 09:04:39,40.45,0.0809,0.0,4,Success,Payment,Yangon,MMK,False
TXN-20240123-0000964,WALL-0140498,MERCH-00218,PM-01,DEV-03,2024-01-23 18:53:37,8.34,0.0,0.0,0,Success,Purchase,Bangkok,THB,False
TXN-20240123-0000965,WALL-0114530,MERCH-00219,PM-01,DEV-02,2024-01-23 16:26:18,12.87,0.0,0.0,1,Success,Purchase,Mandalay,MMK,False
TXN-20240123-0000966,WALL-0055690,MERCH-00111,PM-01,DEV-03,2024-01-23 06:25:40,42.08,0.0,0.0,4,Success,Purchase,Pathein,MMK,False
TXN-20240123-0000967,WALL-0042980,MERCH-00047,PM-01,DEV-03,2024-01-23 12:45:47,42.3,0.0,0.846,4,Success,Purchase,Naypyidaw,MMK,False
TXN-20240123-0000968,WALL-0139966,MERCH-00475,PM-03,DEV-01,2024-01-23 20:27:37,286.2,2.2896,0.0,28,Success,Payment,Myitkyina,MMK,False
TXN-20240123-0000969,WALL-0077298,MERCH-00112,PM-02,DEV-04,2024-01-23 03:09:23,60.04,0.1201,0.0,6,Success,Purchase,Phuket,BDT,False
TXN-20240123-0000970,WALL-0134169,MERCH-00241,PM-01,DEV-03,2024-01-23 17:06:38,19.54,0.0,0.0,1,Success,Subscription,Karachi,PKR,False
TXN-20240123-0000971,WALL-0053421,MERCH-00354,PM-02,DEV-03,2024-01-23 17:10:28,51.72,0.1034,0.0,5,Success,Bill Payment,Myitkyina,MMK,False
TXN-20240123-0000972,WALL-0103816,MERCH-00200,PM-03,DEV-05,2024-01-23 19:20:23,14.0,0.112,0.0,1,Success,Purchase,Naypyidaw,MMK,False
TXN-20240123-0000973,WALL-0130744,MERCH-00389,PM-04,DEV-01,2024-01-23 13:50:44,106.24,2.1248,0.0,10,Success,Purchase,Chittagong,BDT,False
TXN-20240123-0000974,WALL-0062278,MERCH-00384,PM-01,DEV-02,2024-01-23 02:28:28,64.78,0.0,0.0,6,Success,Purchase,Surabaya,MMK,False
TXN-20240123-0000975,WALL-0033313,MERCH-00026,PM-01,DEV-01,2024-01-23 08:41:49,9.6,0.0,0.1919,0,Success,Purchase,Ahmedabad,INR,False
TXN-20240123-0000976,WALL-0102018,MERCH-00426,PM-01,DEV-01,2024-01-23 21:59:51,56.88,0.0,0.0,5,Success,Payment,Jakarta,IDR,False
TXN-20240123-0000977,WALL-0087487,MERCH-00322,PM-04,DEV-02,2024-01-23 10:07:11,157.46,3.1493,0.0,15,Success,Bill Payment,Yangon,MMK,False
TXN-20240123-0000978,WALL-0099111,MERCH-00179,PM-02,DEV-01,2024-01-23 23:02:06,20.9,0.0418,1.045,2,Success,Purchase,Colombo,LKR,False
TXN-20240123-0000979,WALL-0097916,MERCH-00202,PM-04,DEV-03,2024-01-23 14:34:46,9.96,0.1991,0.0,0,Success,Purchase,Pathein,MMK,False
TXN-20240123-0000980,WALL-0062102,MERCH-00033,PM-01,DEV-02,2024-01-23 06:11:24,36.15,0.0,0.723,3,Success,Purchase,Myitkyina,MMK,False
TXN-20240123-0000981,WALL-0134970,MERCH-00219,PM-02,DEV-01,2024-01-23 21:06:36,7.22,0.0144,0.0,0,Success,Purchase,Bandung,IDR,False
TXN-20240123-0000982,WALL-0055312,MERCH-00364,PM-01,DEV-02,2024-01-23 14:48:37,130.26,0.0,0.0,13,Success,Bill Payment,Mawlamyine,MMK,False
TXN-20240123-0000983,WALL-0085781,MERCH-00257,PM-01,DEV-03,2024-01-23 14:25:11,14.45,0.0,0.0,1,Success,Subscription,Khon Kaen,THB,False
TXN-20240123-0000984,WALL-0011611,MERCH-00125,PM-05,DEV-03,2024-01-23 10:07:07,79.93,0.0,0.0,7,Success,Purchase,Dhaka,VND,False
TXN-20240123-0000985,WALL-0103006,MERCH-00023,PM-02,DEV-01,2024-01-23 20:21:31,47.71,0.0954,0.9542,4,Success,Purchase,Bago,MMK,False
TXN-20240123-0000986,WALL-0073774,MERCH-00314,PM-02,DEV-04,2024-01-23 16:44:58,54.14,0.1083,0.0,5,Success,Bill Payment,Kolkata,INR,False
TXN-20240123-0000987,WALL-0141956,MERCH-00161,PM-02,DEV-02,2024-01-23 18:04:01,85.14,0.1703,4.2572,8,Success,Purchase,Phuket,THB,False
TXN-20240123-0000988,WALL-0074952,MERCH-00369,PM-01,DEV-01,2024-01-23 17:35:41,45.18,0.0,0.0,4,Success,Bill Payment,Hanoi,PKR,False
TXN-20240123-0000989,WALL-0058356,MERCH-00155,PM-02,DEV-03,2024-01-23 21:33:17,33.18,0.0664,1.6592,3,Success,Purchase,Bangkok,MMK,False
TXN-20240123-0000990,WALL-0002665,MERCH-00251,PM-03,DEV-02,2024-01-23 21:38:32,6.64,0.0531,0.0,0,Success,Subscription,Cebu City,PHP,False
TXN-20240123-0000991,WALL-0089797,MERCH-00125,PM-01,DEV-03,2024-01-23 10:39:37,38.35,0.0,0.0,3,Success,Purchase,Bandung,NPR,False
TXN-20240123-0000992,WALL-0089337,MERCH-00020,PM-01,DEV-02,2024-01-23 16:43:25,14.65,0.0,0.2931,1,Success,Purchase,Naypyidaw,MMK,False
TXN-20240123-0000993,WALL-0138331,MERCH-00094,PM-04,DEV-01,2024-01-23 16:31:58,55.89,1.1177,0.0,5,Success,Purchase,Manila,PHP,False
TXN-20240123-0000994,WALL-0136098,MERCH-00176,PM-04,DEV-01,2024-01-23 19:55:21,38.04,0.7608,1.902,3,Success,Purchase,Mandalay,MMK,False
TXN-20240123-0000995,WALL-0109070,MERCH-00237,PM-02,DEV-04,2024-01-23 13:59:00,5.0,0.01,0.0,0,Success,Subscription,Chittagong,BDT,False
TXN-20240123-0000996,WALL-0038035,MERCH-00071,PM-03,DEV-03,2024-01-23 18:28:39,29.77,0.2381,0.5953,2,Success,Purchase,Myitkyina,MMK,False
TXN-20240123-0000997,WALL-0041616,MERCH-00435,PM-05,DEV-01,2024-01-23 15:17:35,181.21,0.0,0.0,18,Success,Tax Payment,Dhaka,BDT,False
TXN-20240123-0000998,WALL-0059890,MERCH-00174,PM-03,DEV-02,2024-01-23 14:18:10,164.69,1.3175,8.2343,16,Success,Purchase,Colombo,LKR,False
TXN-20240123-0000999,WALL-0147146,MERCH-00231,PM-02,DEV-01,2024-01-23 07:28:24,16.42,0.0328,0.0,1,Success,Subscription,Chiang Mai,THB,False
TXN-20240123-0001000,WALL-0011061,MERCH-00060,PM-01,DEV-01,2024-01-23 18:53:29,10.72,0.0,0.2144,1,Success,Purchase,Quezon City,PHP,False
TXN-20240123-0001001,WALL-0136443,MERCH-00106,PM-01,DEV-02,2024-01-23 12:35:15,87.47,0.0,0.0,8,Success,Purchase,Pokhara,IDR,False
TXN-20240123-0001002,WALL-0033271,MERCH-00296,PM-01,DEV-01,2024-01-23 13:07:49,334.91,0.0,26.7931,66,Success,Purchase,Karachi,PKR,False
TXN-20240123-0001003,WALL-0016111,MERCH-00053,PM-01,DEV-03,2024-01-23 01:04:01,18.91,0.0,0.3782,1,Success,Purchase,Chittagong,PHP,False
TXN-20240123-0001004,WALL-0081012,MERCH-00018,PM-02,DEV-01,2024-01-23 21:42:58,38.67,0.0773,0.7733,3,Success,Purchase,Jakarta,IDR,False
TXN-20240123-0001005,WALL-0068584,MERCH-00143,PM-03,DEV-01,2024-01-23 15:01:36,203.35,1.6268,10.1675,20,Success,Purchase,Myitkyina,MMK,False
TXN-20240123-0001006,WALL-0126646,MERCH-00365,PM-01,DEV-02,2024-01-23 21:42:26,48.43,0.0,0.0,4,Success,Bill Payment,Mawlamyine,MMK,False
TXN-20240123-0001007,WALL-0112854,MERCH-00445,PM-01,DEV-01,2024-01-23 07:19:50,575.23,0.0,0.0,57,Success,Tax Payment,Islamabad,PKR,False
TXN-20240123-0001008,WALL-0003784,MERCH-00159,PM-02,DEV-02,2024-01-23 11:51:30,338.92,0.6778,16.9461,33,Success,Purchase,Mumbai,INR,False
TXN-20240123-0001009,WALL-0039183,MERCH-00080,PM-01,DEV-01,2024-01-23 19:23:45,21.52,0.0,0.4303,2,Success,Purchase,Jaipur,INR,False
TXN-20240123-0001010,WALL-0080765,MERCH-00003,PM-02,DEV-01,2024-01-23 15:26:15,12.91,0.0258,0.2582,1,Success,Purchase,Taunggyi,MMK,False
TXN-20240123-0001011,WALL-0119217,MERCH-00094,PM-01,DEV-01,2024-01-23 13:16:12,78.6,0.0,0.0,7,Success,Purchase,Mandalay,MMK,False
TXN-20240123-0001012,WALL-0122266,MERCH-00361,PM-04,DEV-02,2024-01-23 04:49:30,17.79,0.3558,0.0,1,Success,Bill Payment,Lahore,PKR,False
TXN-20240123-0001013,WALL-0106724,MERCH-00021,PM-01,DEV-01,2024-01-23 14:38:18,35.39,0.0,0.7078,3,Success,Purchase,Siem Reap,KHR,False
TXN-20240123-0001014,WALL-0104678,MERCH-00342,PM-02,DEV-01,2024-01-23 13:18:05,46.39,0.0928,0.0,4,Success,Bill Payment,Myitkyina,MMK,False
TXN-20240123-0001015,WALL-0144648,MERCH-00093,PM-02,DEV-03,2024-01-23 16:51:36,38.53,0.0771,0.0,3,Success,Purchase,Yangon,MMK,False
TXN-20240123-0001016,WALL-0144459,MERCH-00154,PM-03,DEV-03,2024-01-23 14:47:05,71.19,0.5695,3.5594,7,Success,Purchase,Jakarta,IDR,False
TXN-20240123-0001017,WALL-0135905,MERCH-00284,PM-01,DEV-01,2024-01-23 12:17:45,539.26,0.0,43.1411,107,Success,Purchase,Hyderabad,MYR,False
TXN-20240123-0001018,WALL-0095084,MERCH-00147,PM-02,DEV-01,2024-01-23 19:55:51,40.45,0.0809,2.0223,4,Success,Purchase,Pathein,MMK,False
TXN-20240123-0001019,WALL-0121842,MERCH-00447,PM-04,DEV-02,2024-01-23 14:13:41,50.0,1.0,0.0,5,Success,Tax Payment,Chittagong,BDT,False
TXN-20240123-0001020,WALL-0045636,MERCH-00151,PM-02,DEV-01,2024-01-23 13:56:07,108.5,0.217,5.4248,10,Success,Purchase,Siem Reap,KHR,False
TXN-20240123-0001021,WALL-0037803,MERCH-00396,PM-01,DEV-01,2024-01-23 15:23:17,20.73,0.0,0.0,2,Success,Purchase,Taunggyi,MMK,False
TXN-20240123-0001022,WALL-0144215,MERCH-00041,PM-03,DEV-01,2024-01-23 06:38:56,9.4,0.0752,0.1881,0,Success,Purchase,Myitkyina,MMK,False
TXN-20240123-0001023,WALL-0081244,MERCH-00096,PM-05,DEV-01,2024-01-23 08:57:51,22.27,0.0,0.0,2,Success,Purchase,Myitkyina,MMK,False
TXN-20240123-0001024,WALL-0142447,MERCH-00224,PM-03,DEV-05,2024-01-23 14:49:54,25.44,0.2036,0.0,2,Success,Purchase,Chiang Mai,THB,False
TXN-20240123-0001025,WALL-0090535,MERCH-00270,PM-01,DEV-01,2024-01-23 20:16:39,6.22,0.0,0.0,0,Success,Subscription,Bago,MMK,False
TXN-20240123-0001026,WALL-0094688,MERCH-00256,PM-03,DEV-04,2024-01-23 18:14:30,13.9,0.1112,0.0,1,Success,Subscription,Chiang Mai,THB,False
TXN-20240123-0001027,WALL-0139086,MERCH-00233,PM-01,DEV-04,2024-01-23 16:23:41,14.2,0.0,0.0,1,Success,Subscription,Pathein,MMK,False
TXN-20240123-0001028,WALL-0042873,MERCH-00324,PM-05,DEV-03,2024-01-23 23:02:12,135.1,0.0,0.0,13,Success,Bill Payment,Islamabad,PKR,False
TXN-20240123-0001029,WALL-0028237,MERCH-00265,PM-01,DEV-04,2024-01-23 09:41:06,18.36,0.0,0.0,1,Success,Subscription,Ahmedabad,INR,False
TXN-20240123-0001030,WALL-0074377,MERCH-00338,PM-02,DEV-03,2024-01-23 21:12:56,20.0,0.04,0.0,2,Success,Bill Payment,Johor Bahru,MYR,False
TXN-20240123-0001031,WALL-0086298,MERCH-00468,PM-01,DEV-03,2024-01-23 15:17:31,670.66,0.0,0.0,67,Success,Payment,Bali,IDR,False
TXN-20240123-0001032,WALL-0116152,MERCH-00147,PM-01,DEV-01,2024-01-23 20:36:47,304.04,0.0,15.2022,30,Success,Purchase,Mandalay,MMK,False
TXN-20240123-0001033,WALL-0020775,MERCH-00383,PM-02,DEV-01,2024-01-23 19:02:55,48.6,0.0972,0.0,4,Success,Purchase,Myitkyina,MMK,False
TXN-20240123-0001034,WALL-0033033,MERCH-00045,PM-01,DEV-01,2024-01-23 21:38:20,16.3,0.0,0.326,1,Success,Purchase,Myitkyina,MMK,False
TXN-20240123-0001035,WALL-0091329,MERCH-00388,PM-05,DEV-01,2024-01-23 16:20:59,22.96,0.0,0.0,2,Success,Purchase,Mawlamyine,MMK,False
TXN-20240123-0001036,WALL-0084663,MERCH-00209,PM-01,DEV-01,2024-01-23 19:58:58,14.96,0.0,0.0,1,Success,Purchase,Naypyidaw,MMK,False
TXN-20240123-0001037,WALL-0112837,MERCH-00322,PM-02,DEV-02,2024-01-23 16:08:44,121.48,0.243,0.0,12,Success,Bill Payment,Singapore,SGD,False
TXN-20240123-0001038,WALL-0037600,MERCH-00002,PM-03,DEV-02,2024-01-23 19:36:30,21.84,0.1747,0.4367,2,Success,Purchase,Hanoi,VND,False
TXN-20240123-0001039,WALL-0032398,MERCH-00181,PM-02,DEV-04,2024-01-23 13:05:12,550.59,1.1012,27.5294,55,Success,Purchase,Myitkyina,MMK,False
TXN-20240123-0001040,WALL-0003950,MERCH-00432,PM-02,DEV-01,2024-01-23 21:07:02,618.1,1.2362,0.0,61,Success,Tax Payment,Hyderabad,INR,False
TXN-20240123-0001041,WALL-0140591,MERCH-00367,PM-01,DEV-01,2024-01-23 16:28:38,12.61,0.0,0.0,1,Success,Bill Payment,Kuala Lumpur,MYR,False
TXN-20240123-0001042,WALL-0049741,MERCH-00370,PM-04,DEV-02,2024-01-23 11:05:32,53.32,1.0665,0.0,5,Success,Bill Payment,Karachi,PKR,False
TXN-20240123-0001043,WALL-0092696,MERCH-00330,PM-01,DEV-02,2024-01-23 05:23:54,99.12,0.0,0.0,9,Success,Bill Payment,Davao,PHP,False
TXN-20240123-0001044,WALL-0051474,MERCH-00145,PM-02,DEV-01,2024-01-23 18:39:24,154.32,0.3086,7.7162,15,Success,Purchase,Bago,MMK,False
TXN-20240123-0001045,WALL-0087548,MERCH-00176,PM-01,DEV-01,2024-01-23 16:42:46,52.21,0.0,2.6106,5,Success,Purchase,Ahmedabad,INR,False
TXN-20240123-0001046,WALL-0062445,MERCH-00334,PM-01,DEV-04,2024-01-23 08:58:03,120.46,0.0,0.0,12,Success,Bill Payment,Naypyidaw,MMK,False
TXN-20240123-0001047,WALL-0115781,MERCH-00419,PM-03,DEV-04,2024-01-23 21:26:01,77.54,0.6203,0.0,7,Success,Payment,Myitkyina,MMK,False
TXN-20240123-0001048,WALL-0024601,MERCH-00006,PM-01,DEV-01,2024-01-23 12:56:31,60.0,0.0,1.2,6,Success,Purchase,Bago,MMK,False
TXN-20240123-0001049,WALL-0141706,MERCH-00413,PM-02,DEV-01,2024-01-23 08:03:51,87.66,0.1753,0.0,8,Success,Payment,Bandung,PKR,False
TXN-20240123-0001050,WALL-0118827,MERCH-00044,PM-01,DEV-01,2024-01-23 19:25:37,11.14,0.0,0.2229,1,Success,Purchase,Taunggyi,MMK,False
TXN-20240123-0001051,WALL-0011768,MERCH-00173,PM-01,DEV-01,2024-01-23 12:09:39,170.26,0.0,8.5132,17,Success,Purchase,Mawlamyine,MMK,False
TXN-20240123-0001052,WALL-0139066,MERCH-00065,PM-01,DEV-04,2024-01-23 01:07:20,17.52,0.0,0.3505,1,Success,Purchase,Kuala Lumpur,MYR,False
TXN-20240123-0001053,WALL-0075054,MERCH-00311,PM-02,DEV-02,2024-01-23 21:59:34,103.41,0.2068,0.0,10,Success,Bill Payment,Taunggyi,MMK,False
TXN-20240123-0001054,WALL-0043542,MERCH-00126,PM-02,DEV-02,2024-01-23 21:47:32,200.0,0.4,0.0,20,Success,Purchase,Kuala Lumpur,MYR,False
TXN-20240123-0001055,WALL-0043777,MERCH-00389,PM-01,DEV-03,2024-01-23 21:31:10,120.0,0.0,0.0,12,Success,Purchase,Bali,IDR,False
TXN-20240123-0001056,WALL-0114093,MERCH-00415,PM-01,DEV-01,2024-01-23 14:15:06,127.66,0.0,0.0,12,Success,Payment,Bangkok,THB,False
TXN-20240123-0001057,WALL-0074381,MERCH-00439,PM-04,DEV-02,2024-01-23 21:58:26,349.87,6.9973,0.0,0,Reversed,Tax Payment,Chittagong,BDT,False
TXN-20240123-0001058,WALL-0015102,MERCH-00046,PM-01,DEV-01,2024-01-23 21:15:35,27.51,0.0,0.5501,2,Success,Purchase,Ho Chi Minh City,VND,False
TXN-20240123-0001059,WALL-0035921,MERCH-00053,PM-01,DEV-01,2024-01-23 12:31:24,16.38,0.0,0.3276,1,Success,Purchase,Mawlamyine,MMK,False
TXN-20240123-0001060,WALL-0036986,MERCH-00022,PM-03,DEV-02,2024-01-23 07:35:12,14.74,0.1179,0.2948,1,Success,Purchase,Naypyidaw,MMK,False
TXN-20240123-0001061,WALL-0002781,MERCH-00279,PM-03,DEV-01,2024-01-23 16:08:41,142.32,1.1385,0.0,0,Failed,Purchase,Naypyidaw,MMK,False
TXN-20240123-0001062,WALL-0055322,MERCH-00197,PM-02,DEV-01,2024-01-23 20:09:39,5.0,0.01,0.0,0,Success,Purchase,Pathein,MMK,False
TXN-20240123-0001063,WALL-0056253,MERCH-00341,PM-01,DEV-01,2024-01-23 18:02:47,31.81,0.0,0.0,3,Success,Bill Payment,Siem Reap,KHR,False
TXN-20240123-0001064,WALL-0110056,MERCH-00286,PM-01,DEV-01,2024-01-23 08:13:47,933.13,0.0,74.6505,186,Success,Purchase,Mandalay,MMK,False
TXN-20240123-0001065,WALL-0040812,MERCH-00471,PM-01,DEV-02,2024-01-23 11:14:47,120.55,0.0,0.0,12,Success,Payment,Taunggyi,MMK,False
TXN-20240123-0001066,WALL-0130427,MERCH-00319,PM-03,DEV-03,2024-01-23 23:13:18,236.74,1.8939,0.0,23,Success,Bill Payment,Naypyidaw,MMK,True
TXN-20240123-0001067,WALL-0147093,MERCH-00059,PM-01,DEV-02,2024-01-23 20:51:23,39.57,0.0,0.7914,3,Success,Purchase,Mandalay,MMK,False
TXN-20240123-0001068,WALL-0118493,MERCH-00166,PM-01,DEV-02,2024-01-23 20:50:10,27.8,0.0,1.3901,2,Success,Purchase,Dhaka,BDT,False
TXN-20240123-0001069,WALL-0041807,MERCH-00190,PM-02,DEV-02,2024-01-23 20:11:49,53.71,0.1074,2.6857,5,Success,Purchase,Myitkyina,MMK,False
TXN-20240123-0001070,WALL-0087756,MERCH-00494,PM-02,DEV-02,2024-01-23 20:07:44,237.56,0.4751,0.0,23,Success,Payment,Kolkata,INR,False
TXN-20240123-0001071,WALL-0051927,MERCH-00084,PM-05,DEV-01,2024-01-23 16:49:35,49.91,0.0,0.0,4,Success,Purchase,Chiang Mai,THB,False
TXN-20240123-0001072,WALL-0053122,MERCH-00015,PM-02,DEV-01,2024-01-23 13:51:42,10.94,0.0219,0.2188,1,Success,Purchase,Phuket,THB,False
TXN-20240123-0001073,WALL-0137052,MERCH-00037,PM-01,DEV-01,2024-01-23 20:17:24,16.35,0.0,0.327,1,Success,Purchase,Yangon,MMK,False
TXN-20240123-0001074,WALL-0103505,MERCH-00160,PM-04,DEV-01,2024-01-23 19:25:14,104.54,2.0907,5.2268,10,Success,Purchase,Taunggyi,MMK,False
TXN-20240123-0001075,WALL-0055733,MERCH-00128,PM-03,DEV-01,2024-01-23 09:17:42,13.49,0.1079,0.0,1,Success,Purchase,Mumbai,INR,False
TXN-20240123-0001076,WALL-0087259,MERCH-00356,PM-02,DEV-01,2024-01-23 20:23:50,10.0,0.02,0.0,1,Success,Bill Payment,Phuket,MMK,False
TXN-20240123-0001077,WALL-0082416,MERCH-00302,PM-03,DEV-01,2024-01-23 09:10:39,1172.84,9.3827,93.8275,234,Success,Purchase,Mandalay,MMK,False
TXN-20240123-0001078,WALL-0097680,MERCH-00324,PM-03,DEV-02,2024-01-23 00:17:58,20.0,0.16,0.0,2,Success,Bill Payment,Chennai,INR,False
TXN-20240123-0001079,WALL-0054797,MERCH-00261,PM-01,DEV-01,2024-01-23 04:54:44,20.28,0.0,0.0,2,Success,Subscription,Taunggyi,MMK,False
TXN-20240123-0001080,WALL-0014431,MERCH-00295,PM-02,DEV-01,2024-01-23 00:47:26,223.31,0.4466,17.8647,44,Success,Purchase,Lahore,MYR,False
TXN-20240123-0001081,WALL-0026806,MERCH-00439,PM-01,DEV-04,2024-01-23 14:05:20,270.72,0.0,0.0,27,Success,Tax Payment,Myitkyina,MMK,False
TXN-20240123-0001082,WALL-0051398,MERCH-00069,PM-05,DEV-03,2024-01-23 12:20:26,11.41,0.0,0.2282,1,Success,Purchase,Khon Kaen,PKR,False
TXN-20240123-0001083,WALL-0078621,MERCH-00078,PM-01,DEV-02,2024-01-23 12:04:41,26.53,0.0,0.5307,2,Success,Purchase,Surabaya,IDR,False
TXN-20240123-0001084,WALL-0060123,MERCH-00399,PM-04,DEV-01,2024-01-23 06:35:03,56.9,1.138,0.0,5,Success,Purchase,Pune,INR,False
TXN-20240123-0001085,WALL-0065157,MERCH-00347,PM-01,DEV-01,2024-01-23 13:18:16,41.7,0.0,0.0,4,Success,Bill Payment,Kolkata,INR,False
TXN-20240123-0001086,WALL-0134231,MERCH-00070,PM-02,DEV-01,2024-01-23 14:35:18,33.43,0.0669,0.6686,3,Success,Purchase,Naypyidaw,MMK,False
TXN-20240123-0001087,WALL-0025326,MERCH-00178,PM-01,DEV-01,2024-01-23 09:20:00,269.93,0.0,13.4963,26,Success,Purchase,Johor Bahru,MYR,False
TXN-20240123-0001088,WALL-0141039,MERCH-00101,PM-03,DEV-01,2024-01-23 00:45:56,19.73,0.1578,0.0,1,Success,Purchase,Delhi,INR,False
TXN-20240123-0001089,WALL-0079571,MERCH-00072,PM-02,DEV-01,2024-01-23 13:28:59,19.32,0.0386,0.3864,1,Success,Purchase,Kuala Lumpur,MMK,False
TXN-20240123-0001090,WALL-0046137,MERCH-00290,PM-02,DEV-05,2024-01-23 21:05:29,182.33,0.3647,14.5867,36,Success,Purchase,Cebu City,PHP,False
TXN-20240123-0001091,WALL-0132976,MERCH-00086,PM-02,DEV-03,2024-01-23 15:56:08,114.0,0.228,0.0,11,Success,Purchase,Islamabad,PKR,False
TXN-20240123-0001092,WALL-0049299,MERCH-00342,PM-01,DEV-01,2024-01-23 13:19:54,46.18,0.0,0.0,4,Success,Bill Payment,Mawlamyine,MMK,False
TXN-20240123-0001093,WALL-0072747,MERCH-00108,PM-01,DEV-02,2024-01-23 10:24:47,93.46,0.0,0.0,9,Success,Purchase,Taunggyi,MMK,False
TXN-20240123-0001094,WALL-0112906,MERCH-00429,PM-01,DEV-01,2024-01-23 20:24:51,20.49,0.0,0.0,2,Success,Payment,Naypyidaw,THB,False
TXN-20240123-0001095,WALL-0025478,MERCH-00289,PM-03,DEV-04,2024-01-23 17:26:09,241.66,1.9333,19.3325,48,Success,Purchase,Yangon,MMK,False
TXN-20240123-0001096,WALL-0068499,MERCH-00424,PM-01,DEV-02,2024-01-23 21:50:26,20.0,0.0,0.0,2,Success,Payment,Pune,INR,False
TXN-20240123-0001097,WALL-0116300,MERCH-00076,PM-05,DEV-03,2024-01-23 09:14:58,36.36,0.0,0.7273,3,Success,Purchase,Siem Reap,VND,False
TXN-20240123-0001098,WALL-0124614,MERCH-00130,PM-04,DEV-02,2024-01-23 14:38:38,69.68,1.3936,0.0,6,Success,Purchase,Kuala Lumpur,MYR,False
TXN-20240123-0001099,WALL-0091311,MERCH-00218,PM-04,DEV-03,2024-01-23 21:42:08,7.92,0.1584,0.0,0,Success,Purchase,Kandy,LKR,False
TXN-20240123-0001100,WALL-0073644,MERCH-00399,PM-01,DEV-02,2024-01-23 17:54:56,44.51,0.0,0.0,4,Success,Purchase,Surabaya,IDR,False
TXN-20240123-0001101,WALL-0038025,MERCH-00062,PM-01,DEV-01,2024-01-23 19:02:41,10.63,0.0,0.2126,1,Success,Purchase,Mandalay,MMK,False
TXN-20240123-0001102,WALL-0092869,MERCH-00156,PM-04,DEV-01,2024-01-23 13:37:07,109.11,2.1822,5.4555,10,Success,Purchase,Singapore,SGD,False
TXN-20240123-0001103,WALL-0044733,MERCH-00195,PM-01,DEV-03,2024-01-23 13:36:41,11.78,0.0,0.0,1,Success,Purchase,Myitkyina,MMK,False
TXN-20240123-0001104,WALL-0051447,MERCH-00085,PM-01,DEV-03,2024-01-23 15:25:16,108.96,0.0,0.0,10,Success,Purchase,Johor Bahru,MYR,False
TXN-20240123-0001105,WALL-0017505,MERCH-00334,PM-02,DEV-01,2024-01-23 17:59:21,301.29,0.6026,0.0,30,Success,Bill Payment,Mawlamyine,MMK,False
TXN-20240123-0001106,WALL-0125582,MERCH-00302,PM-01,DEV-02,2024-01-23 02:09:58,292.33,0.0,23.3863,58,Success,Purchase,Bandung,IDR,False
TXN-20240123-0001107,WALL-0068356,MERCH-00145,PM-01,DEV-04,2024-01-23 14:49:02,45.99,0.0,2.2997,4,Success,Purchase,Jaipur,INR,False
TXN-20240123-0001108,WALL-0147778,MERCH-00315,PM-04,DEV-01,2024-01-23 07:48:02,39.3,0.786,0.0,3,Success,Bill Payment,Myitkyina,MMK,False
TXN-20240123-0001109,WALL-0021738,MERCH-00135,PM-02,DEV-02,2024-01-23 15:05:57,20.0,0.04,1.0,2,Success,Purchase,Pathein,MMK,False
TXN-20240123-0001110,WALL-0067267,MERCH-00200,PM-05,DEV-03,2024-01-23 21:09:24,17.2,0.0,0.0,1,Success,Purchase,Quezon City,INR,False
TXN-20240123-0001111,WALL-0089557,MERCH-00067,PM-01,DEV-05,2024-01-23 20:14:31,25.3,0.0,0.5059,2,Success,Purchase,Phnom Penh,INR,False
TXN-20240123-0001112,WALL-0125540,MERCH-00078,PM-01,DEV-04,2024-01-23 11:00:08,38.03,0.0,0.7605,3,Success,Purchase,Da Nang,VND,False
TXN-20240123-0001113,WALL-0058964,MERCH-00389,PM-01,DEV-01,2024-01-23 18:08:27,49.77,0.0,0.0,4,Success,Purchase,Kolkata,INR,False
TXN-20240123-0001114,WALL-0118587,MERCH-00011,PM-01,DEV-04,2024-01-23 11:17:49,51.87,0.0,1.0373,5,Success,Purchase,Taunggyi,MMK,False
TXN-20240123-0001115,WALL-0051702,MERCH-00397,PM-02,DEV-01,2024-01-23 06:47:45,107.08,0.2142,0.0,10,Success,Purchase,Kathmandu,MMK,False
TXN-20240123-0001116,WALL-0024078,MERCH-00312,PM-04,DEV-03,2024-01-23 12:34:39,142.62,2.8523,0.0,14,Success,Bill Payment,Ahmedabad,INR,False
TXN-20240123-0001117,WALL-0010139,MERCH-00185,PM-01,DEV-02,2024-01-23 01:12:26,294.66,0.0,0.0,0,Reversed,Purchase,Lahore,PKR,False
TXN-20240123-0001118,WALL-0007059,MERCH-00338,PM-01,DEV-01,2024-01-23 17:32:29,123.28,0.0,0.0,0,Failed,Bill Payment,Singapore,SGD,False
TXN-20240123-0001119,WALL-0064798,MERCH-00441,PM-03,DEV-01,2024-01-23 07:35:59,1778.35,14.2268,0.0,177,Success,Tax Payment,Siem Reap,KHR,False
TXN-20240123-0001120,WALL-0051653,MERCH-00184,PM-01,DEV-02,2024-01-23 07:41:58,250.61,0.0,12.5304,25,Success,Purchase,Chiang Mai,THB,False
TXN-20240123-0001121,WALL-0079428,MERCH-00308,PM-04,DEV-01,2024-01-23 15:06:54,1018.28,20.3655,81.4621,203,Success,Purchase,Naypyidaw,MMK,False
TXN-20240123-0001122,WALL-0053043,MERCH-00362,PM-04,DEV-03,2024-01-23 15:32:25,39.99,0.7998,0.0,3,Success,Bill Payment,Bangkok,THB,False
TXN-20240123-0001123,WALL-0027111,MERCH-00028,PM-01,DEV-04,2024-01-23 18:24:38,31.69,0.0,0.6339,3,Success,Purchase,Phuket,THB,False
TXN-20240123-0001124,WALL-0086658,MERCH-00439,PM-02,DEV-02,2024-01-23 07:20:30,349.08,0.6982,0.0,34,Success,Tax Payment,Myitkyina,IDR,False
TXN-20240123-0001125,WALL-0086747,MERCH-00149,PM-01,DEV-01,2024-01-23 05:07:49,60.83,0.0,3.0414,6,Success,Purchase,Mumbai,INR,False
TXN-20240123-0001126,WALL-0114692,MERCH-00137,PM-02,DEV-02,2024-01-23 15:15:57,114.05,0.2281,5.7024,11,Success,Purchase,Pathein,MMK,False
TXN-20240123-0001127,WALL-0091382,MERCH-00289,PM-01,DEV-01,2024-01-23 22:15:57,3041.91,0.0,243.3525,608,Success,Purchase,Colombo,LKR,False
TXN-20240123-0001128,WALL-0124660,MERCH-00037,PM-04,DEV-04,2024-01-23 10:57:05,44.9,0.8981,0.0,0,Pending,Purchase,Khon Kaen,THB,False
TXN-20240123-0001129,WALL-0010722,MERCH-00233,PM-01,DEV-02,2024-01-23 16:43:52,12.54,0.0,0.0,1,Success,Subscription,Surabaya,MMK,False
TXN-20240123-0001130,WALL-0091303,MERCH-00097,PM-04,DEV-04,2024-01-23 21:12:14,18.96,0.3793,0.0,1,Success,Purchase,Taunggyi,MMK,False
TXN-20240123-0001131,WALL-0063124,MERCH-00036,PM-01,DEV-01,2024-01-23 18:03:00,39.27,0.0,0.7855,3,Success,Purchase,Yangon,MMK,False
TXN-20240123-0001132,WALL-0133189,MERCH-00083,PM-01,DEV-01,2024-01-23 06:44:17,50.49,0.0,0.0,5,Success,Purchase,Khon Kaen,THB,False
TXN-20240123-0001133,WALL-0124160,MERCH-00070,PM-01,DEV-03,2024-01-23 12:36:48,19.42,0.0,0.3883,1,Success,Purchase,Mandalay,MMK,False
TXN-20240123-0001134,WALL-0025539,MERCH-00199,PM-01,DEV-02,2024-01-23 16:10:06,7.56,0.0,0.0,0,Success,Purchase,Mandalay,MMK,False
TXN-20240123-0001135,WALL-0138542,MERCH-00254,PM-01,DEV-03,2024-01-23 10:39:01,7.58,0.0,0.0,0,Success,Subscription,Bangkok,THB,False
TXN-20240123-0001136,WALL-0118976,MERCH-00326,PM-02,DEV-01,2024-01-23 16:00:10,90.27,0.1805,0.0,9,Success,Bill Payment,Kandy,LKR,False
TXN-20240123-0001137,WALL-0114222,MERCH-00221,PM-04,DEV-01,2024-01-23 09:32:25,8.42,0.1683,0.0,0,Success,Purchase,Bangkok,THB,False
TXN-20240123-0001138,WALL-0102967,MERCH-00399,PM-01,DEV-03,2024-01-23 14:07:00,27.15,0.0,0.0,2,Success,Purchase,Hyderabad,INR,False
TXN-20240123-0001139,WALL-0032358,MERCH-00493,PM-03,DEV-01,2024-01-23 20:15:42,197.39,1.5791,0.0,19,Success,Payment,Bangalore,INR,False
TXN-20240123-0001140,WALL-0003389,MERCH-00184,PM-01,DEV-01,2024-01-23 19:16:10,37.84,0.0,1.8922,3,Success,Purchase,Mawlamyine,MMK,False
TXN-20240123-0001141,WALL-0031739,MERCH-00034,PM-02,DEV-03,2024-01-23 10:46:47,12.99,0.026,0.2599,1,Success,Purchase,Yangon,MMK,False
TXN-20240123-0001142,WALL-0000370,MERCH-00235,PM-01,DEV-01,2024-01-23 09:29:05,8.68,0.0,0.0,0,Success,Subscription,Naypyidaw,MMK,False
TXN-20240123-0001143,WALL-0028431,MERCH-00203,PM-04,DEV-02,2024-01-23 05:19:40,8.49,0.1697,0.0,0,Success,Purchase,Kandy,LKR,False
TXN-20240123-0001144,WALL-0104994,MERCH-00421,PM-01,DEV-01,2024-01-23 16:34:47,108.3,0.0,0.0,10,Success,Payment,Taunggyi,MMK,False
TXN-20240123-0001145,WALL-0061158,MERCH-00222,PM-01,DEV-02,2024-01-23 15:00:05,46.23,0.0,0.0,4,Success,Purchase,Manila,PHP,False
TXN-20240123-0001146,WALL-0032450,MERCH-00322,PM-01,DEV-02,2024-01-23 14:27:31,163.75,0.0,0.0,16,Success,Bill Payment,Bago,MMK,False
TXN-20240123-0001147,WALL-0149410,MERCH-00288,PM-02,DEV-01,2024-01-23 15:58:42,1021.97,2.0439,81.7579,204,Success,Purchase,Bangalore,INR,False
TXN-20240123-0001148,WALL-0020530,MERCH-00320,PM-03,DEV-01,2024-01-23 19:09:23,107.75,0.862,0.0,0,Reversed,Bill Payment,Pattaya,THB,False
TXN-20240123-0001149,WALL-0076165,MERCH-00090,PM-02,DEV-01,2024-01-23 12:11:50,29.27,0.0585,0.0,2,Success,Purchase,Davao,PHP,False
TXN-20240123-0001150,WALL-0056330,MERCH-00027,PM-01,DEV-03,2024-01-23 13:28:05,8.07,0.0,0.1614,0,Success,Purchase,Bago,MMK,False
TXN-20240123-0001151,WALL-0005373,MERCH-00218,PM-02,DEV-02,2024-01-23 19:44:00,5.0,0.01,0.0,0,Success,Purchase,Ho Chi Minh City,VND,False
TXN-20240123-0001152,WALL-0116332,MERCH-00373,PM-01,DEV-02,2024-01-23 04:33:33,100.78,0.0,0.0,10,Success,Purchase,Mawlamyine,MMK,False
TXN-20240123-0001153,WALL-0119781,MERCH-00255,PM-04,DEV-02,2024-01-23 02:06:49,13.49,0.2699,0.0,1,Success,Subscription,Bangalore,INR,False
TXN-20240123-0001154,WALL-0118670,MERCH-00210,PM-04,DEV-01,2024-01-23 08:05:35,23.43,0.4685,0.0,2,Success,Purchase,Myitkyina,MMK,False
TXN-20240123-0001155,WALL-0113614,MERCH-00031,PM-02,DEV-05,2024-01-23 15:06:07,14.85,0.0297,0.2969,1,Success,Purchase,Mawlamyine,MMK,False
TXN-20240123-0001156,WALL-0123674,MERCH-00381,PM-01,DEV-01,2024-01-23 22:50:11,88.01,0.0,0.0,0,Failed,Purchase,Penang,MYR,False
TXN-20240123-0001157,WALL-0040688,MERCH-00120,PM-01,DEV-03,2024-01-23 19:48:41,158.39,0.0,0.0,0,Reversed,Purchase,Pune,INR,False
TXN-20240123-0001158,WALL-0131653,MERCH-00114,PM-03,DEV-01,2024-01-23 15:37:06,106.58,0.8527,0.0,10,Success,Purchase,Naypyidaw,MMK,False
TXN-20240123-0001159,WALL-0060932,MERCH-00434,PM-03,DEV-01,2024-01-23 11:54:19,1086.72,8.6938,0.0,108,Success,Tax Payment,Kuala Lumpur,MMK,True
TXN-20240123-0001160,WALL-0142252,MERCH-00291,PM-03,DEV-01,2024-01-23 07:14:27,724.52,5.7962,57.9615,144,Success,Purchase,Yangon,MMK,False
TXN-20240123-0001161,WALL-0013445,MERCH-00246,PM-03,DEV-01,2024-01-23 06:01:51,21.48,0.1719,0.0,2,Success,Subscription,Surabaya,IDR,False
TXN-20240123-0001162,WALL-0017348,MERCH-00462,PM-03,DEV-01,2024-01-23 13:02:00,479.1,3.8328,0.0,47,Success,Payment,Dhaka,BDT,False
TXN-20240123-0001163,WALL-0090901,MERCH-00206,PM-02,DEV-01,2024-01-23 18:33:46,7.27,0.0145,0.0,0,Success,Purchase,Lahore,PKR,False
TXN-20240123-0001164,WALL-0092478,MERCH-00255,PM-03,DEV-01,2024-01-23 15:13:53,20.55,0.1644,0.0,2,Success,Subscription,Jaipur,INR,False
TXN-20240123-0001165,WALL-0026427,MERCH-00068,PM-02,DEV-02,2024-01-23 13:17:28,13.99,0.028,0.2798,1,Success,Purchase,Taunggyi,MMK,False
TXN-20240123-0001166,WALL-0043658,MERCH-00183,PM-04,DEV-04,2024-01-23 15:58:12,107.98,2.1596,5.399,10,Success,Purchase,Myitkyina,MMK,False
TXN-20240123-0001167,WALL-0120306,MERCH-00087,PM-01,DEV-01,2024-01-23 05:50:49,111.51,0.0,0.0,11,Success,Purchase,Chennai,INR,False
TXN-20240123-0001168,WALL-0048219,MERCH-00449,PM-01,DEV-01,2024-01-23 13:28:22,440.23,0.0,0.0,44,Success,Tax Payment,Da Nang,MMK,False
TXN-20240123-0001169,WALL-0074239,MERCH-00337,PM-02,DEV-02,2024-01-23 17:16:35,33.26,0.0665,0.0,3,Success,Bill Payment,Bandung,IDR,False
TXN-20240123-0001170,WALL-0118808,MERCH-00284,PM-04,DEV-01,2024-01-23 04:13:53,1164.7,23.294,93.176,232,Success,Purchase,Bangkok,NPR,False
TXN-20240123-0001171,WALL-0065851,MERCH-00003,PM-01,DEV-01,2024-01-23 16:58:07,18.66,0.0,0.3732,1,Success,Purchase,Mandalay,MMK,False
TXN-20240123-0001172,WALL-0088779,MERCH-00177,PM-04,DEV-02,2024-01-23 16:22:12,64.47,1.2894,3.2235,6,Success,Purchase,Pattaya,THB,False
TXN-20240123-0001173,WALL-0023730,MERCH-00080,PM-02,DEV-01,2024-01-23 13:33:37,20.0,0.04,0.4,1,Success,Purchase,Naypyidaw,MMK,False
TXN-20240123-0001174,WALL-0038301,MERCH-00109,PM-01,DEV-05,2024-01-23 10:15:10,44.31,0.0,0.0,4,Success,Purchase,Mawlamyine,IDR,False
TXN-20240123-0001175,WALL-0136536,MERCH-00194,PM-02,DEV-01,2024-01-23 15:02:36,11.66,0.0233,0.0,1,Success,Purchase,Bali,MYR,False
TXN-20240123-0001176,WALL-0144011,MERCH-00348,PM-01,DEV-02,2024-01-23 08:51:20,37.61,0.0,0.0,3,Success,Bill Payment,Chennai,INR,False
TXN-20240123-0001177,WALL-0064711,MERCH-00211,PM-01,DEV-03,2024-01-23 12:09:12,7.66,0.0,0.0,0,Success,Purchase,Colombo,LKR,False
TXN-20240123-0001178,WALL-0115256,MERCH-00158,PM-01,DEV-01,2024-01-23 20:35:10,340.43,0.0,17.0214,34,Success,Purchase,Colombo,IDR,False
TXN-20240123-0001179,WALL-0110853,MERCH-00074,PM-03,DEV-03,2024-01-23 19:37:24,40.61,0.3249,0.8122,4,Success,Purchase,Bangalore,INR,False
TXN-20240123-0001180,WALL-0084090,MERCH-00138,PM-01,DEV-02,2024-01-23 03:35:48,118.64,0.0,5.932,11,Success,Purchase,Chennai,INR,False
TXN-20240123-0001181,WALL-0149348,MERCH-00229,PM-02,DEV-01,2024-01-23 16:30:12,29.16,0.0583,0.0,2,Success,Purchase,Taunggyi,MMK,False
TXN-20240123-0001182,WALL-0117402,MERCH-00313,PM-05,DEV-01,2024-01-23 16:37:00,46.45,0.0,0.0,4,Success,Bill Payment,Mandalay,MMK,False
TXN-20240123-0001183,WALL-0054399,MERCH-00263,PM-02,DEV-01,2024-01-23 21:53:03,7.92,0.0158,0.0,0,Success,Subscription,Yangon,MMK,False
TXN-20240123-0001184,WALL-0056269,MERCH-00471,PM-01,DEV-02,2024-01-23 21:57:13,628.5,0.0,0.0,62,Success,Payment,Naypyidaw,MMK,False
TXN-20240123-0001185,WALL-0110535,MERCH-00042,PM-03,DEV-02,2024-01-23 01:32:27,7.15,0.0572,0.1431,0,Success,Purchase,Lahore,PKR,False
TXN-20240123-0001186,WALL-0141688,MERCH-00087,PM-03,DEV-02,2024-01-23 04:01:15,30.03,0.2403,0.0,3,Success,Purchase,Taunggyi,MMK,False
TXN-20240123-0001187,WALL-0061102,MERCH-00152,PM-01,DEV-01,2024-01-23 13:28:15,31.14,0.0,1.5568,3,Success,Purchase,Naypyidaw,MMK,False
TXN-20240123-0001188,WALL-0046614,MERCH-00113,PM-03,DEV-01,2024-01-23 19:05:43,20.87,0.167,0.0,2,Success,Purchase,Ho Chi Minh City,VND,False
TXN-20240123-0001189,WALL-0063907,MERCH-00168,PM-03,DEV-01,2024-01-23 19:55:50,20.0,0.16,1.0,2,Success,Purchase,Hanoi,VND,False
TXN-20240123-0001190,WALL-0047375,MERCH-00059,PM-01,DEV-01,2024-01-23 00:22:30,10.01,0.0,0.2002,1,Success,Purchase,Khon Kaen,THB,False
TXN-20240123-0001191,WALL-0028925,MERCH-00222,PM-01,DEV-01,2024-01-23 16:58:35,10.59,0.0,0.0,1,Success,Purchase,Chiang Mai,THB,False
TXN-20240123-0001192,WALL-0084106,MERCH-00053,PM-02,DEV-01,2024-01-23 17:03:18,19.14,0.0383,0.3829,1,Success,Purchase,Pathein,MMK,False
TXN-20240123-0001193,WALL-0074205,MERCH-00149,PM-01,DEV-03,2024-01-23 19:00:04,74.56,0.0,3.7279,7,Success,Purchase,Colombo,LKR,False
TXN-20240123-0001194,WALL-0059255,MERCH-00211,PM-01,DEV-02,2024-01-23 08:35:14,9.8,0.0,0.0,0,Success,Purchase,Mumbai,INR,False
TXN-20240123-0001195,WALL-0049863,MERCH-00325,PM-05,DEV-02,2024-01-23 20:35:55,87.7,0.0,0.0,8,Success,Bill Payment,Dhaka,BDT,False
TXN-20240123-0001196,WALL-0034839,MERCH-00216,PM-01,DEV-01,2024-01-23 15:35:12,11.58,0.0,0.0,1,Success,Purchase,Myitkyina,MMK,False
TXN-20240123-0001197,WALL-0023411,MERCH-00202,PM-05,DEV-02,2024-01-23 09:57:11,10.48,0.0,0.0,1,Success,Purchase,Mawlamyine,MMK,False
TXN-20240123-0001198,WALL-0023390,MERCH-00182,PM-01,DEV-01,2024-01-23 18:57:36,136.95,0.0,6.8475,13,Success,Purchase,Kuala Lumpur,LKR,False
TXN-20240123-0001199,WALL-0018018,MERCH-00167,PM-01,DEV-01,2024-01-23 12:47:47,20.48,0.0,1.024,2,Success,Purchase,Mawlamyine,MMK,False
TXN-20240123-0001200,WALL-0149999,MERCH-00382,PM-01,DEV-02,2024-01-23 07:50:20,31.52,0.0,0.0,3,Success,Purchase,Pathein,MMK,False
TXN-20240123-0001201,WALL-0057428,MERCH-00135,PM-04,DEV-02,2024-01-23 20:15:49,88.69,1.7738,4.4345,8,Success,Purchase,Bali,MMK,False
TXN-20240123-0001202,WALL-0009080,MERCH-00028,PM-04,DEV-01,2024-01-23 17:35:59,31.1,0.622,0.622,3,Success,Purchase,Myitkyina,MMK,False
TXN-20240123-0001203,WALL-0000385,MERCH-00041,PM-03,DEV-02,2024-01-23 14:03:42,16.55,0.1324,0.3309,1,Success,Purchase,Islamabad,PKR,False
TXN-20240123-0001204,WALL-0024159,MERCH-00066,PM-02,DEV-01,2024-01-23 15:19:04,22.96,0.0459,0.4593,2,Success,Purchase,Pathein,KHR,False
TXN-20240123-0001205,WALL-0018058,MERCH-00036,PM-01,DEV-01,2024-01-23 09:44:18,20.82,0.0,0.4163,2,Success,Purchase,Phuket,THB,False
TXN-20240123-0001206,WALL-0031732,MERCH-00333,PM-03,DEV-05,2024-01-23 14:44:04,33.31,0.2665,0.0,3,Success,Bill Payment,Taunggyi,MMK,False
TXN-20240123-0001207,WALL-0143092,MERCH-00323,PM-04,DEV-03,2024-01-23 13:40:41,69.34,1.3868,0.0,6,Success,Bill Payment,Khon Kaen,THB,False
TXN-20240123-0001208,WALL-0131379,MERCH-00049,PM-02,DEV-02,2024-01-23 09:06:29,29.09,0.0582,0.5819,2,Success,Purchase,Naypyidaw,MMK,False
TXN-20240123-0001209,WALL-0116875,MERCH-00052,PM-03,DEV-01,2024-01-23 11:48:08,53.88,0.4311,1.0777,5,Success,Purchase,Pathein,PHP,False
TXN-20240123-0001210,WALL-0078698,MERCH-00413,PM-03,DEV-01,2024-01-23 20:49:06,144.49,1.1559,0.0,14,Success,Payment,Bangkok,THB,False
TXN-20240123-0001211,WALL-0026216,MERCH-00112,PM-02,DEV-04,2024-01-23 12:20:00,62.19,0.1244,0.0,6,Success,Purchase,Kathmandu,NPR,False
TXN-20240123-0001212,WALL-0032674,MERCH-00368,PM-03,DEV-01,2024-01-23 18:31:51,24.17,0.1933,0.0,2,Success,Bill Payment,Mawlamyine,MMK,False
TXN-20240123-0001213,WALL-0056942,MERCH-00249,PM-04,DEV-02,2024-01-23 15:04:33,5.4,0.1081,0.0,0,Success,Subscription,Mawlamyine,MMK,False
TXN-20240123-0001214,WALL-0128400,MERCH-00418,PM-03,DEV-03,2024-01-23 15:49:41,98.05,0.7844,0.0,9,Success,Payment,Medan,IDR,False
TXN-20240123-0001215,WALL-0079129,MERCH-00180,PM-04,DEV-01,2024-01-23 19:49:56,214.96,4.2992,10.7481,21,Success,Purchase,Ho Chi Minh City,VND,False
TXN-20240123-0001216,WALL-0060310,MERCH-00186,PM-01,DEV-01,2024-01-23 13:32:28,81.09,0.0,4.0544,8,Success,Purchase,Jakarta,IDR,False
TXN-20240123-0001217,WALL-0053957,MERCH-00036,PM-01,DEV-01,2024-01-23 10:55:24,30.37,0.0,0.6074,3,Success,Purchase,Pathein,MMK,False
TXN-20240123-0001218,WALL-0078600,MERCH-00372,PM-01,DEV-01,2024-01-23 17:27:43,41.43,0.0,0.0,4,Success,Purchase,Ahmedabad,INR,False
TXN-20240123-0001219,WALL-0115064,MERCH-00423,PM-01,DEV-02,2024-01-23 15:50:47,32.45,0.0,0.0,3,Success,Payment,Chennai,INR,False
TXN-20240123-0001220,WALL-0063574,MERCH-00092,PM-01,DEV-01,2024-01-23 08:45:24,179.09,0.0,0.0,17,Success,Purchase,Kuala Lumpur,MYR,False
TXN-20240123-0001221,WALL-0059624,MERCH-00219,PM-01,DEV-01,2024-01-23 08:02:12,10.37,0.0,0.0,1,Success,Purchase,Naypyidaw,MMK,False
TXN-20240123-0001222,WALL-0064251,MERCH-00161,PM-02,DEV-03,2024-01-23 21:14:05,85.94,0.1719,4.297,8,Success,Purchase,Karachi,PKR,False
TXN-20240123-0001223,WALL-0141402,MERCH-00367,PM-02,DEV-03,2024-01-23 16:14:12,28.14,0.0563,0.0,2,Success,Bill Payment,Kuala Lumpur,MYR,False
TXN-20240123-0001224,WALL-0056932,MERCH-00276,PM-01,DEV-05,2024-01-23 15:06:41,219.89,0.0,17.591,43,Success,Purchase,Delhi,INR,False
TXN-20240123-0001225,WALL-0110232,MERCH-00331,PM-03,DEV-01,2024-01-23 05:08:29,62.14,0.4971,0.0,6,Success,Bill Payment,Kathmandu,NPR,False
TXN-20240123-0001226,WALL-0091341,MERCH-00210,PM-02,DEV-01,2024-01-23 16:46:05,19.28,0.0386,0.0,1,Success,Purchase,Pathein,MMK,False
TXN-20240123-0001227,WALL-0122580,MERCH-00372,PM-01,DEV-01,2024-01-23 07:46:09,113.77,0.0,0.0,11,Success,Purchase,Hyderabad,INR,False
TXN-20240123-0001228,WALL-0038226,MERCH-00426,PM-04,DEV-01,2024-01-23 13:48:29,180.68,3.6136,0.0,18,Success,Payment,Delhi,IDR,False
TXN-20240123-0001229,WALL-0077895,MERCH-00463,PM-03,DEV-02,2024-01-23 17:53:51,234.43,1.8755,0.0,23,Success,Payment,Islamabad,BDT,False
TXN-20240123-0001230,WALL-0080285,MERCH-00327,PM-01,DEV-01,2024-01-23 00:48:03,91.76,0.0,0.0,9,Success,Bill Payment,Bago,MMK,False
TXN-20240123-0001231,WALL-0112766,MERCH-00102,PM-01,DEV-01,2024-01-23 16:41:02,18.15,0.0,0.0,1,Success,Purchase,Bali,MYR,False
TXN-20240123-0001232,WALL-0047093,MERCH-00106,PM-04,DEV-05,2024-01-23 20:53:37,111.78,2.2356,0.0,11,Success,Purchase,Phnom Penh,KHR,False
TXN-20240123-0001233,WALL-0051554,MERCH-00052,PM-01,DEV-01,2024-01-23 02:50:21,15.91,0.0,0.3181,1,Success,Purchase,Mandalay,MMK,False
TXN-20240123-0001234,WALL-0052596,MERCH-00064,PM-02,DEV-03,2024-01-23 12:12:00,12.67,0.0253,0.2534,1,Success,Purchase,Yangon,MMK,False
TXN-20240123-0001235,WALL-0077698,MERCH-00351,PM-01,DEV-04,2024-01-23 12:09:56,31.99,0.0,0.0,3,Success,Bill Payment,Singapore,SGD,False
TXN-20240123-0001236,WALL-0094472,MERCH-00144,PM-05,DEV-03,2024-01-23 13:53:41,165.41,0.0,8.2706,16,Success,Purchase,Chiang Mai,THB,False
TXN-20240123-0001237,WALL-0116271,MERCH-00345,PM-01,DEV-01,2024-01-23 03:21:17,33.38,0.0,0.0,3,Success,Bill Payment,Myitkyina,MMK,False
TXN-20240123-0001238,WALL-0046211,MERCH-00102,PM-03,DEV-02,2024-01-23 08:58:09,36.57,0.2926,0.0,3,Success,Purchase,Yangon,MMK,False
TXN-20240123-0001239,WALL-0004207,MERCH-00122,PM-04,DEV-04,2024-01-23 14:16:13,118.63,2.3725,0.0,11,Success,Purchase,Yangon,MMK,False
TXN-20240123-0001240,WALL-0088987,MERCH-00382,PM-04,DEV-01,2024-01-23 16:43:29,37.11,0.7422,0.0,3,Success,Purchase,Naypyidaw,MMK,False
TXN-20240123-0001241,WALL-0086986,MERCH-00011,PM-04,DEV-02,2024-01-23 12:03:58,13.27,0.2654,0.2654,1,Success,Purchase,Phnom Penh,KHR,False
TXN-20240123-0001242,WALL-0005417,MERCH-00427,PM-03,DEV-02,2024-01-23 20:37:20,45.92,0.3673,0.0,4,Success,Payment,Surabaya,IDR,False
TXN-20240123-0001243,WALL-0003754,MERCH-00012,PM-02,DEV-01,2024-01-23 07:27:53,15.71,0.0314,0.3142,1,Success,Purchase,Delhi,INR,False
TXN-20240123-0001244,WALL-0070232,MERCH-00257,PM-01,DEV-01,2024-01-23 14:17:25,11.03,0.0,0.0,1,Success,Subscription,Ho Chi Minh City,MMK,False
TXN-20240123-0001245,WALL-0089986,MERCH-00105,PM-04,DEV-01,2024-01-23 11:20:05,43.74,0.8749,0.0,4,Success,Purchase,Islamabad,PKR,False
TXN-20240123-0001246,WALL-0102684,MERCH-00145,PM-01,DEV-02,2024-01-23 18:08:13,372.99,0.0,18.6496,37,Success,Purchase,Pathein,PHP,False
TXN-20240123-0001247,WALL-0063272,MERCH-00005,PM-04,DEV-05,2024-01-23 16:30:25,32.78,0.6557,0.6557,3,Success,Purchase,Hyderabad,PHP,False
TXN-20240123-0001248,WALL-0084368,MERCH-00230,PM-04,DEV-01,2024-01-23 14:19:24,26.2,0.524,0.0,2,Success,Purchase,Bangkok,MMK,False
TXN-20240123-0001249,WALL-0057041,MERCH-00150,PM-03,DEV-03,2024-01-23 16:41:14,60.44,0.4835,3.0221,6,Success,Purchase,Yangon,MMK,False
TXN-20240123-0001250,WALL-0003968,MERCH-00098,PM-05,DEV-01,2024-01-23 18:44:48,58.63,0.0,0.0,5,Success,Purchase,Karachi,PKR,False
TXN-20240123-0001251,WALL-0077328,MERCH-00348,PM-03,DEV-03,2024-01-23 21:20:20,23.61,0.1889,0.0,2,Success,Bill Payment,Pokhara,NPR,False
TXN-20240123-0001252,WALL-0000293,MERCH-00004,PM-01,DEV-01,2024-01-23 15:30:53,18.61,0.0,0.3723,1,Success,Purchase,Dhaka,MMK,False
TXN-20240123-0001253,WALL-0001448,MERCH-00442,PM-02,DEV-01,2024-01-23 13:00:30,190.79,0.3816,0.0,19,Success,Tax Payment,Singapore,SGD,False
TXN-20240123-0001254,WALL-0130029,MERCH-00020,PM-01,DEV-01,2024-01-23 18:57:39,48.71,0.0,0.9742,4,Success,Purchase,Mandalay,MMK,False
TXN-20240123-0001255,WALL-0057650,MERCH-00337,PM-01,DEV-01,2024-01-23 01:22:22,80.6,0.0,0.0,8,Success,Bill Payment,Medan,INR,False
TXN-20240123-0001256,WALL-0133784,MERCH-00281,PM-01,DEV-01,2024-01-23 12:02:17,410.97,0.0,32.8778,82,Success,Purchase,Islamabad,PKR,False
TXN-20240123-0001257,WALL-0132757,MERCH-00189,PM-01,DEV-01,2024-01-23 13:55:19,58.17,0.0,2.9087,5,Success,Purchase,Delhi,MMK,False
TXN-20240123-0001258,WALL-0086116,MERCH-00186,PM-02,DEV-02,2024-01-23 14:34:43,233.92,0.4678,11.6959,23,Success,Purchase,Kuala Lumpur,MYR,False
TXN-20240123-0001259,WALL-0009031,MERCH-00202,PM-02,DEV-01,2024-01-23 17:36:28,6.15,0.0123,0.0,0,Success,Purchase,Phuket,THB,False
TXN-20240123-0001260,WALL-0096377,MERCH-00040,PM-05,DEV-03,2024-01-23 17:04:52,33.34,0.0,0.6668,3,Success,Purchase,Jakarta,MMK,False
TXN-20240123-0001261,WALL-0087955,MERCH-00205,PM-02,DEV-03,2024-01-23 06:02:56,18.61,0.0372,0.0,1,Success,Purchase,Chennai,INR,False
TXN-20240123-0001262,WALL-0000483,MERCH-00054,PM-01,DEV-03,2024-01-23 05:51:38,22.37,0.0,0.4473,2,Success,Purchase,Mumbai,INR,False
TXN-20240123-0001263,WALL-0020721,MERCH-00447,PM-01,DEV-01,2024-01-23 03:42:53,352.65,0.0,0.0,35,Success,Tax Payment,Jaipur,INR,False
TXN-20240123-0001264,WALL-0129545,MERCH-00358,PM-05,DEV-03,2024-01-23 08:55:03,26.48,0.0,0.0,2,Success,Bill Payment,Naypyidaw,MMK,False
TXN-20240123-0001265,WALL-0140107,MERCH-00429,PM-03,DEV-01,2024-01-23 15:40:26,70.55,0.5644,0.0,7,Success,Payment,Taunggyi,MMK,False
TXN-20240123-0001266,WALL-0039389,MERCH-00322,PM-02,DEV-01,2024-01-23 09:12:00,22.74,0.0455,0.0,2,Success,Bill Payment,Taunggyi,MMK,False
TXN-20240123-0001267,WALL-0033756,MERCH-00009,PM-01,DEV-04,2024-01-23 06:55:28,38.53,0.0,0.7706,3,Success,Purchase,Taunggyi,MMK,False
TXN-20240123-0001268,WALL-0113811,MERCH-00186,PM-03,DEV-01,2024-01-23 17:49:31,106.02,0.8481,5.3009,10,Success,Purchase,Pattaya,THB,False
TXN-20240123-0001269,WALL-0045940,MERCH-00084,PM-01,DEV-01,2024-01-23 17:44:47,67.03,0.0,0.0,6,Success,Purchase,Mawlamyine,MMK,False
TXN-20240123-0001270,WALL-0044782,MERCH-00339,PM-04,DEV-01,2024-01-23 02:30:47,85.98,1.7196,0.0,8,Success,Bill Payment,Chennai,INR,False
TXN-20240123-0001271,WALL-0014286,MERCH-00279,PM-02,DEV-01,2024-01-23 21:47:09,232.55,0.4651,18.6042,46,Success,Purchase,Taunggyi,MMK,False
TXN-20240123-0001272,WALL-0145343,MERCH-00059,PM-01,DEV-02,2024-01-23 10:54:32,32.03,0.0,0.6406,3,Success,Purchase,Naypyidaw,MMK,False
TXN-20240123-0001273,WALL-0104864,MERCH-00256,PM-02,DEV-01,2024-01-23 16:49:06,17.74,0.0355,0.0,1,Success,Subscription,Mandalay,MMK,False
TXN-20240123-0001274,WALL-0139659,MERCH-00422,PM-01,DEV-01,2024-01-23 18:03:50,294.09,0.0,0.0,29,Success,Payment,Da Nang,VND,False
TXN-20240123-0001275,WALL-0124685,MERCH-00128,PM-01,DEV-02,2024-01-23 21:06:30,101.54,0.0,0.0,10,Success,Purchase,Taunggyi,MMK,False
TXN-20240123-0001276,WALL-0131191,MERCH-00202,PM-02,DEV-01,2024-01-23 13:31:56,21.59,0.0432,0.0,2,Success,Purchase,Pathein,MMK,False
TXN-20240123-0001277,WALL-0003664,MERCH-00316,PM-04,DEV-01,2024-01-23 14:02:18,78.19,1.5638,0.0,7,Success,Bill Payment,Myitkyina,MMK,False
TXN-20240123-0001278,WALL-0115247,MERCH-00381,PM-02,DEV-01,2024-01-23 22:15:39,80.73,0.1615,0.0,8,Success,Purchase,Hanoi,VND,False
TXN-20240123-0001279,WALL-0043931,MERCH-00229,PM-01,DEV-04,2024-01-23 14:11:26,6.11,0.0,0.0,0,Success,Purchase,Da Nang,VND,False
TXN-20240123-0001280,WALL-0125176,MERCH-00089,PM-01,DEV-01,2024-01-23 05:23:12,84.06,0.0,0.0,8,Success,Purchase,Kuala Lumpur,MYR,False
TXN-20240123-0001281,WALL-0145557,MERCH-00053,PM-04,DEV-01,2024-01-23 20:23:58,21.7,0.4339,0.4339,2,Success,Purchase,Kathmandu,NPR,False
TXN-20240123-0001282,WALL-0010851,MERCH-00140,PM-04,DEV-01,2024-01-23 20:29:43,69.83,1.3966,3.4916,6,Success,Purchase,Myitkyina,MMK,False
TXN-20240123-0001283,WALL-0109189,MERCH-00221,PM-03,DEV-03,2024-01-23 12:11:44,10.55,0.0844,0.0,1,Success,Purchase,Manila,MMK,False
TXN-20240123-0001284,WALL-0054253,MERCH-00022,PM-01,DEV-01,2024-01-23 16:22:35,20.32,0.0,0.4065,2,Success,Purchase,Khon Kaen,THB,False
TXN-20240123-0001285,WALL-0027815,MERCH-00004,PM-01,DEV-03,2024-01-23 14:05:57,54.32,0.0,0.0,0,Reversed,Purchase,Pathein,MMK,False
TXN-20240123-0001286,WALL-0036806,MERCH-00029,PM-01,DEV-03,2024-01-23 12:11:43,27.27,0.0,0.5454,2,Success,Purchase,Taunggyi,MMK,False
TXN-20240123-0001287,WALL-0034695,MERCH-00006,PM-02,DEV-01,2024-01-23 06:48:05,8.27,0.0165,0.1655,0,Success,Purchase,Kolkata,INR,False
TXN-20240123-0001288,WALL-0055741,MERCH-00047,PM-04,DEV-01,2024-01-23 13:18:50,27.3,0.5459,0.5459,2,Success,Purchase,Medan,LKR,False
TXN-20240123-0001289,WALL-0129087,MERCH-00213,PM-01,DEV-01,2024-01-23 13:07:03,5.35,0.0,0.0,0,Pending,Purchase,Bangkok,THB,False
TXN-20240123-0001290,WALL-0004196,MERCH-00198,PM-01,DEV-02,2024-01-23 06:45:05,19.61,0.0,0.0,1,Success,Purchase,Singapore,PHP,False
TXN-20240123-0001291,WALL-0016202,MERCH-00255,PM-04,DEV-01,2024-01-23 19:03:45,9.87,0.1974,0.0,0,Success,Subscription,Manila,PHP,False
TXN-20240123-0001292,WALL-0068214,MERCH-00317,PM-01,DEV-01,2024-01-23 15:11:53,136.66,0.0,0.0,13,Success,Bill Payment,Myitkyina,MMK,False
TXN-20240123-0001293,WALL-0015483,MERCH-00141,PM-03,DEV-01,2024-01-23 22:55:41,59.29,0.4743,2.9644,5,Success,Purchase,Chiang Mai,THB,False
TXN-20240123-0001294,WALL-0019014,MERCH-00176,PM-03,DEV-01,2024-01-23 18:59:33,187.41,1.4992,9.3703,18,Success,Purchase,Johor Bahru,MYR,False
TXN-20240123-0001295,WALL-0014399,MERCH-00124,PM-02,DEV-01,2024-01-23 19:43:59,85.09,0.1702,0.0,8,Success,Purchase,Lahore,INR,False
TXN-20240123-0001296,WALL-0136958,MERCH-00109,PM-02,DEV-01,2024-01-23 10:03:27,92.36,0.1847,0.0,0,Failed,Purchase,Siem Reap,KHR,False
TXN-20240123-0001297,WALL-0079805,MERCH-00379,PM-03,DEV-03,2024-01-23 11:13:47,71.6,0.5728,0.0,7,Success,Purchase,Mandalay,MMK,False
TXN-20240123-0001298,WALL-0065974,MERCH-00349,PM-02,DEV-01,2024-01-23 19:13:17,66.1,0.1322,0.0,6,Success,Bill Payment,Lahore,PKR,False
TXN-20240123-0001299,WALL-0140623,MERCH-00377,PM-03,DEV-03,2024-01-23 03:19:59,91.45,0.7316,0.0,9,Success,Purchase,Ho Chi Minh City,VND,False
TXN-20240123-0001300,WALL-0019808,MERCH-00102,PM-01,DEV-03,2024-01-23 17:26:43,63.79,0.0,0.0,6,Success,Purchase,Bandung,IDR,False
TXN-20240123-0001301,WALL-0000031,MERCH-00309,PM-01,DEV-01,2024-01-23 16:05:57,1244.45,0.0,99.5561,248,Success,Purchase,Mawlamyine,MMK,False
TXN-20240123-0001302,WALL-0059588,MERCH-00419,PM-01,DEV-03,2024-01-23 13:45:13,279.03,0.0,0.0,27,Success,Payment,Singapore,SGD,False
TXN-20240123-0001303,WALL-0093577,MERCH-00112,PM-02,DEV-02,2024-01-23 09:12:58,13.38,0.0268,0.0,1,Success,Purchase,Kolkata,INR,False
TXN-20240123-0001304,WALL-0013677,MERCH-00319,PM-02,DEV-02,2024-01-23 16:15:06,33.71,0.0674,0.0,3,Success,Bill Payment,Bago,MMK,False
TXN-20240123-0001305,WALL-0004376,MERCH-00019,PM-01,DEV-02,2024-01-23 07:19:00,38.24,0.0,0.7648,3,Success,Purchase,Hanoi,PHP,False
TXN-20240123-0001306,WALL-0016883,MERCH-00110,PM-01,DEV-01,2024-01-23 15:45:52,37.99,0.0,0.0,3,Success,Purchase,Pokhara,NPR,False
TXN-20240123-0001307,WALL-0126043,MERCH-00230,PM-04,DEV-03,2024-01-23 19:27:33,6.83,0.1366,0.0,0,Success,Purchase,Naypyidaw,MMK,False
TXN-20240123-0001308,WALL-0034682,MERCH-00407,PM-04,DEV-02,2024-01-23 18:07:32,33.47,0.6694,0.0,3,Success,Payment,Mandalay,MMK,False
TXN-20240123-0001309,WALL-0028740,MERCH-00112,PM-02,DEV-01,2024-01-23 13:10:09,51.06,0.1021,0.0,5,Success,Purchase,Pathein,MMK,False
TXN-20240123-0001310,WALL-0017355,MERCH-00446,PM-01,DEV-02,2024-01-23 19:26:19,194.22,0.0,0.0,19,Success,Tax Payment,Pathein,MMK,False
TXN-20240123-0001311,WALL-0051944,MERCH-00068,PM-04,DEV-03,2024-01-23 07:55:12,11.37,0.2274,0.2274,1,Success,Purchase,Mawlamyine,MMK,False
TXN-20240123-0001312,WALL-0039378,MERCH-00025,PM-04,DEV-03,2024-01-23 17:31:52,14.79,0.2958,0.2958,1,Success,Purchase,Naypyidaw,MMK,False
TXN-20240123-0001313,WALL-0058124,MERCH-00350,PM-04,DEV-01,2024-01-23 07:38:09,21.06,0.4212,0.0,2,Success,Bill Payment,Surabaya,IDR,False
TXN-20240123-0001314,WALL-0064472,MERCH-00242,PM-01,DEV-01,2024-01-23 03:53:35,9.93,0.0,0.0,0,Success,Subscription,Pathein,MMK,False
TXN-20240123-0001315,WALL-0015483,MERCH-00017,PM-02,DEV-05,2024-01-23 18:08:40,17.36,0.0347,0.3471,1,Success,Purchase,Chiang Mai,THB,False
TXN-20240123-0001316,WALL-0147569,MERCH-00185,PM-03,DEV-01,2024-01-23 09:53:52,634.62,5.077,31.7312,63,Success,Purchase,Singapore,SGD,False
TXN-20240123-0001317,WALL-0111684,MERCH-00268,PM-03,DEV-03,2024-01-23 21:07:59,7.23,0.0578,0.0,0,Success,Subscription,Mandalay,MMK,False
TXN-20240123-0001318,WALL-0133915,MERCH-00403,PM-02,DEV-01,2024-01-23 06:35:30,86.99,0.174,0.0,8,Success,Payment,Pokhara,NPR,False
TXN-20240123-0001319,WALL-0054607,MERCH-00240,PM-04,DEV-04,2024-01-23 14:29:02,5.0,0.1,0.0,0,Success,Subscription,Mandalay,MMK,False
TXN-20240123-0001320,WALL-0111194,MERCH-00333,PM-04,DEV-01,2024-01-23 21:10:21,137.78,2.7557,0.0,13,Success,Bill Payment,Karachi,PKR,False
TXN-20240123-0001321,WALL-0013146,MERCH-00138,PM-01,DEV-02,2024-01-23 13:55:09,85.05,0.0,4.2526,8,Success,Purchase,Cebu City,PHP,False
TXN-20240123-0001322,WALL-0056398,MERCH-00099,PM-01,DEV-01,2024-01-23 15:23:57,95.23,0.0,0.0,9,Success,Purchase,Siem Reap,KHR,False
TXN-20240123-0001323,WALL-0088187,MERCH-00001,PM-01,DEV-05,2024-01-23 13:11:21,13.05,0.0,0.2609,1,Success,Purchase,Myitkyina,MMK,False
TXN-20240123-0001324,WALL-0035456,MERCH-00001,PM-02,DEV-01,2024-01-23 09:13:52,13.38,0.0268,0.2676,1,Success,Purchase,Naypyidaw,MMK,False
TXN-20240123-0001325,WALL-0141390,MERCH-00229,PM-01,DEV-05,2024-01-23 18:38:51,6.55,0.0,0.0,0,Success,Purchase,Bago,MMK,False
TXN-20240123-0001326,WALL-0079255,MERCH-00309,PM-02,DEV-02,2024-01-23 13:37:08,551.13,1.1023,44.0901,110,Success,Purchase,Taunggyi,MMK,False
TXN-20240123-0001327,WALL-0136120,MERCH-00169,PM-02,DEV-01,2024-01-23 10:32:09,322.24,0.6445,16.1118,32,Success,Purchase,Bangalore,INR,False
TXN-20240123-0001328,WALL-0130631,MERCH-00124,PM-01,DEV-02,2024-01-23 11:31:35,30.93,0.0,0.0,3,Success,Purchase,Bago,MMK,False
TXN-20240123-0001329,WALL-0109664,MERCH-00129,PM-01,DEV-01,2024-01-23 12:47:41,46.17,0.0,0.0,4,Success,Purchase,Islamabad,PKR,False
TXN-20240123-0001330,WALL-0023717,MERCH-00340,PM-03,DEV-02,2024-01-23 13:26:03,197.19,1.5775,0.0,19,Success,Bill Payment,Mandalay,MMK,False
TXN-20240123-0001331,WALL-0138463,MERCH-00283,PM-02,DEV-01,2024-01-23 17:51:08,236.93,0.4739,18.954,47,Success,Purchase,Dhaka,BDT,False
TXN-20240123-0001332,WALL-0098992,MERCH-00077,PM-02,DEV-01,2024-01-23 20:03:59,16.56,0.0331,0.0,0,Reversed,Purchase,Pathein,MMK,False
TXN-20240123-0001333,WALL-0130631,MERCH-00063,PM-01,DEV-02,2024-01-23 00:10:49,44.67,0.0,0.8934,4,Success,Purchase,Bago,MMK,False
TXN-20240123-0001334,WALL-0144201,MERCH-00400,PM-05,DEV-02,2024-01-23 07:16:08,90.2,0.0,0.0,9,Success,Purchase,Mandalay,PKR,False
TXN-20240123-0001335,WALL-0058019,MERCH-00373,PM-01,DEV-01,2024-01-23 16:52:56,62.25,0.0,0.0,6,Success,Purchase,Surabaya,IDR,False
TXN-20240123-0001336,WALL-0046333,MERCH-00203,PM-01,DEV-02,2024-01-23 12:18:31,9.35,0.0,0.0,0,Success,Purchase,Hyderabad,INR,False
TXN-20240123-0001337,WALL-0066994,MERCH-00160,PM-01,DEV-04,2024-01-23 12:21:32,43.86,0.0,2.1932,4,Success,Purchase,Khon Kaen,PHP,False
TXN-20240123-0001338,WALL-0093812,MERCH-00181,PM-01,DEV-01,2024-01-23 18:26:08,48.93,0.0,2.4467,4,Success,Purchase,Bangkok,THB,False
TXN-20240123-0001339,WALL-0130949,MERCH-00099,PM-04,DEV-03,2024-01-23 12:03:04,178.23,3.5646,0.0,17,Success,Purchase,Taunggyi,MMK,False
TXN-20240123-0001340,WALL-0065784,MERCH-00115,PM-03,DEV-01,2024-01-23 20:55:53,94.2,0.7536,0.0,9,Success,Purchase,Naypyidaw,MMK,False
TXN-20240123-0001341,WALL-0133764,MERCH-00201,PM-01,DEV-01,2024-01-23 19:10:00,20.05,0.0,0.0,2,Success,Purchase,Naypyidaw,MMK,False
TXN-20240123-0001342,WALL-0042941,MERCH-00174,PM-01,DEV-01,2024-01-23 07:04:55,69.54,0.0,3.4768,6,Success,Purchase,Johor Bahru,MYR,False
TXN-20240123-0001343,WALL-0124998,MERCH-00011,PM-01,DEV-01,2024-01-23 13:58:14,35.01,0.0,0.0,0,Failed,Purchase,Khon Kaen,THB,False
TXN-20240123-0001344,WALL-0093980,MERCH-00046,PM-03,DEV-02,2024-01-23 08:37:40,19.02,0.1521,0.3804,1,Success,Purchase,Bago,MMK,False
TXN-20240123-0001345,WALL-0020467,MERCH-00080,PM-01,DEV-03,2024-01-23 19:09:03,5.99,0.0,0.1198,0,Success,Purchase,Yangon,MMK,False
TXN-20240123-0001346,WALL-0084623,MERCH-00258,PM-02,DEV-03,2024-01-23 17:55:23,9.7,0.0194,0.0,0,Success,Subscription,Hanoi,VND,False
TXN-20240123-0001347,WALL-0007260,MERCH-00333,PM-04,DEV-01,2024-01-23 10:55:37,79.55,1.5909,0.0,7,Success,Bill Payment,Lahore,NPR,False
TXN-20240123-0001348,WALL-0092076,MERCH-00394,PM-02,DEV-01,2024-01-23 18:09:48,56.03,0.1121,0.0,5,Success,Purchase,Mumbai,SGD,False
TXN-20240123-0001349,WALL-0061415,MERCH-00162,PM-01,DEV-05,2024-01-23 17:21:17,1159.63,0.0,57.9817,115,Success,Purchase,Chiang Mai,THB,False
TXN-20240123-0001350,WALL-0017117,MERCH-00226,PM-01,DEV-01,2024-01-23 19:36:54,19.84,0.0,0.0,1,Success,Purchase,Khon Kaen,THB,False
TXN-20240123-0001351,WALL-0113165,MERCH-00109,PM-02,DEV-03,2024-01-23 17:40:09,29.48,0.059,0.0,2,Success,Purchase,Mawlamyine,MMK,False
TXN-20240123-0001352,WALL-0104157,MERCH-00015,PM-01,DEV-01,2024-01-23 20:54:41,22.92,0.0,0.4584,2,Success,Purchase,Myitkyina,MMK,False
TXN-20240123-0001353,WALL-0098787,MERCH-00235,PM-01,DEV-01,2024-01-23 07:28:50,8.35,0.0,0.0,0,Success,Subscription,Taunggyi,MMK,False
TXN-20240123-0001354,WALL-0039751,MERCH-00335,PM-01,DEV-01,2024-01-23 12:10:01,149.1,0.0,0.0,14,Success,Bill Payment,Naypyidaw,MMK,False
TXN-20240123-0001355,WALL-0124364,MERCH-00288,PM-02,DEV-01,2024-01-23 13:23:44,637.99,1.276,51.0395,127,Success,Purchase,Chiang Mai,THB,False
TXN-20240123-0001356,WALL-0068866,MERCH-00027,PM-04,DEV-03,2024-01-23 21:53:47,56.79,1.1358,1.1358,5,Success,Purchase,Pathein,MMK,False
TXN-20240123-0001357,WALL-0010940,MERCH-00266,PM-01,DEV-02,2024-01-23 23:20:42,14.58,0.0,0.0,1,Success,Subscription,Mandalay,MMK,False
TXN-20240123-0001358,WALL-0071818,MERCH-00161,PM-01,DEV-01,2024-01-23 02:47:41,25.86,0.0,1.293,2,Success,Purchase,Hanoi,VND,False
TXN-20240123-0001359,WALL-0018959,MERCH-00094,PM-04,DEV-03,2024-01-23 14:09:12,85.2,1.7041,0.0,8,Success,Purchase,Yangon,MMK,False
TXN-20240123-0001360,WALL-0098907,MERCH-00075,PM-03,DEV-01,2024-01-23 15:46:02,8.34,0.0667,0.1668,0,Success,Purchase,Singapore,SGD,False
TXN-20240123-0001361,WALL-0086384,MERCH-00135,PM-04,DEV-01,2024-01-23 09:03:10,169.01,3.3802,8.4506,16,Success,Purchase,Ho Chi Minh City,VND,False
TXN-20240123-0001362,WALL-0133043,MERCH-00006,PM-03,DEV-03,2024-01-23 15:38:53,45.52,0.3642,0.9105,4,Success,Purchase,Chittagong,BDT,False
TXN-20240123-0001363,WALL-0060028,MERCH-00041,PM-03,DEV-02,2024-01-23 19:45:14,10.89,0.0871,0.2177,1,Success,Purchase,Kuala Lumpur,MYR,False
TXN-20240123-0001364,WALL-0051003,MERCH-00422,PM-03,DEV-01,2024-01-23 20:56:21,24.14,0.1931,0.0,2,Success,Payment,Yangon,MMK,False
TXN-20240123-0001365,WALL-0030085,MERCH-00428,PM-01,DEV-05,2024-01-23 12:16:37,50.02,0.0,0.0,5,Success,Payment,Taunggyi,MMK,False
TXN-20240123-0001366,WALL-0037451,MERCH-00434,PM-04,DEV-01,2024-01-23 15:52:07,133.08,2.6617,0.0,13,Success,Tax Payment,Pokhara,NPR,False
TXN-20240123-0001367,WALL-0035822,MERCH-00330,PM-02,DEV-04,2024-01-23 09:46:20,129.97,0.2599,0.0,12,Success,Bill Payment,Khon Kaen,THB,False
TXN-20240123-0001368,WALL-0111136,MERCH-00414,PM-02,DEV-01,2024-01-23 09:11:45,38.43,0.0769,0.0,3,Success,Payment,Chiang Mai,THB,False
TXN-20240123-0001369,WALL-0065238,MERCH-00013,PM-03,DEV-01,2024-01-23 06:27:42,16.68,0.1334,0.3335,1,Success,Purchase,Jaipur,INR,False
TXN-20240123-0001370,WALL-0102244,MERCH-00193,PM-04,DEV-01,2024-01-23 05:17:37,12.15,0.2429,0.0,1,Success,Purchase,Bago,MMK,False
TXN-20240123-0001371,WALL-0045665,MERCH-00003,PM-01,DEV-03,2024-01-23 17:54:43,9.83,0.0,0.1965,0,Success,Purchase,Mandalay,MMK,False
TXN-20240123-0001372,WALL-0147222,MERCH-00189,PM-01,DEV-05,2024-01-23 00:35:03,171.82,0.0,8.5912,17,Success,Purchase,Myitkyina,MMK,False
TXN-20240123-0001373,WALL-0126415,MERCH-00205,PM-04,DEV-01,2024-01-23 16:35:03,5.73,0.1146,0.0,0,Success,Purchase,Mandalay,MMK,False
TXN-20240123-0001374,WALL-0035501,MERCH-00236,PM-01,DEV-01,2024-01-23 12:03:13,17.22,0.0,0.0,1,Success,Subscription,Lahore,PKR,False
TXN-20240123-0001375,WALL-0049110,MERCH-00303,PM-01,DEV-01,2024-01-23 17:13:01,259.91,0.0,20.7924,51,Success,Purchase,Mandalay,MMK,False
TXN-20240123-0001376,WALL-0043181,MERCH-00212,PM-03,DEV-01,2024-01-23 05:31:35,15.56,0.1245,0.0,1,Success,Purchase,Mawlamyine,MMK,False
TXN-20240123-0001377,WALL-0063201,MERCH-00297,PM-01,DEV-01,2024-01-23 10:04:45,515.95,0.0,41.2758,103,Success,Purchase,Naypyidaw,MMK,False
TXN-20240123-0001378,WALL-0065166,MERCH-00443,PM-01,DEV-02,2024-01-23 06:33:25,1380.5,0.0,0.0,138,Success,Tax Payment,Mawlamyine,MMK,False
TXN-20240123-0001379,WALL-0077774,MERCH-00011,PM-04,DEV-03,2024-01-23 19:47:13,5.56,0.1111,0.1111,0,Success,Purchase,Pathein,THB,False
TXN-20240123-0001380,WALL-0049577,MERCH-00437,PM-01,DEV-01,2024-01-23 18:32:20,237.84,0.0,0.0,23,Success,Tax Payment,Kuala Lumpur,MYR,False
TXN-20240123-0001381,WALL-0029572,MERCH-00007,PM-04,DEV-01,2024-01-23 02:18:29,43.98,0.8796,0.8796,4,Success,Purchase,Kolkata,INR,False
TXN-20240123-0001382,WALL-0116078,MERCH-00010,PM-01,DEV-01,2024-01-23 19:04:01,7.26,0.0,0.1452,0,Success,Purchase,Kuala Lumpur,MYR,False
TXN-20240123-0001383,WALL-0031393,MERCH-00379,PM-04,DEV-01,2024-01-23 15:26:54,59.0,1.18,0.0,0,Pending,Purchase,Lahore,INR,False
TXN-20240123-0001384,WALL-0148423,MERCH-00119,PM-01,DEV-01,2024-01-23 18:46:56,56.43,0.0,0.0,5,Success,Purchase,Myitkyina,MMK,False
TXN-20240123-0001385,WALL-0030654,MERCH-00099,PM-02,DEV-02,2024-01-23 11:49:40,51.69,0.1034,0.0,5,Success,Purchase,Hyderabad,LKR,False
TXN-20240123-0001386,WALL-0030231,MERCH-00268,PM-03,DEV-04,2024-01-23 12:41:17,26.28,0.2102,0.0,2,Success,Subscription,Kolkata,INR,False
TXN-20240123-0001387,WALL-0136155,MERCH-00304,PM-02,DEV-01,2024-01-23 03:25:33,535.16,1.0703,42.8125,107,Success,Purchase,Bandung,IDR,False
TXN-20240123-0001388,WALL-0012825,MERCH-00339,PM-01,DEV-01,2024-01-23 16:35:32,69.84,0.0,0.0,6,Success,Bill Payment,Quezon City,PHP,False
TXN-20240123-0001389,WALL-0061523,MERCH-00440,PM-01,DEV-01,2024-01-23 10:44:11,746.6,0.0,0.0,0,Failed,Tax Payment,Chiang Mai,THB,False
TXN-20240123-0001390,WALL-0128145,MERCH-00076,PM-02,DEV-01,2024-01-23 12:26:14,28.58,0.0572,0.0,0,Failed,Purchase,Chittagong,INR,False
TXN-20240123-0001391,WALL-0007834,MERCH-00049,PM-01,DEV-01,2024-01-23 13:23:49,20.55,0.0,0.4111,2,Success,Purchase,Manila,PHP,False
TXN-20240123-0001392,WALL-0006108,MERCH-00042,PM-02,DEV-01,2024-01-23 20:24:36,7.47,0.0149,0.1494,0,Success,Purchase,Pathein,MMK,False
TXN-20240123-0001393,WALL-0045799,MERCH-00030,PM-05,DEV-02,2024-01-23 18:34:52,10.01,0.0,0.2003,1,Success,Purchase,Kathmandu,NPR,False
TXN-20240123-0001394,WALL-0029734,MERCH-00375,PM-02,DEV-05,2024-01-23 15:40:52,176.5,0.353,0.0,0,Reversed,Purchase,Bago,MMK,False
TXN-20240123-0001395,WALL-0039190,MERCH-00440,PM-05,DEV-01,2024-01-23 20:39:40,141.36,0.0,0.0,14,Success,Tax Payment,Pattaya,THB,False
TXN-20240123-0001396,WALL-0102288,MERCH-00334,PM-02,DEV-02,2024-01-23 21:04:27,20.0,0.04,0.0,2,Success,Bill Payment,Singapore,MMK,False
TXN-20240123-0001397,WALL-0050225,MERCH-00047,PM-01,DEV-01,2024-01-23 20:13:34,12.94,0.0,0.2587,1,Success,Purchase,Pathein,MMK,False
TXN-20240123-0001398,WALL-0116178,MERCH-00304,PM-01,DEV-02,2024-01-23 18:43:45,528.91,0.0,42.3124,105,Success,Purchase,Mandalay,MMK,False
TXN-20240123-0001399,WALL-0090572,MERCH-00032,PM-03,DEV-01,2024-01-23 12:22:42,21.43,0.1714,0.4285,2,Success,Purchase,Karachi,PKR,False
TXN-20240123-0001400,WALL-0106664,MERCH-00268,PM-04,DEV-03,2024-01-23 21:19:14,7.0,0.14,0.0,0,Success,Subscription,Singapore,SGD,False
TXN-20240123-0001401,WALL-0072588,MERCH-00071,PM-04,DEV-03,2024-01-23 12:05:59,7.49,0.1498,0.1498,0,Success,Purchase,Bandung,KHR,False
TXN-20240123-0001402,WALL-0086842,MERCH-00410,PM-02,DEV-03,2024-01-23 13:06:25,22.39,0.0448,0.0,2,Success,Payment,Siem Reap,KHR,False
TXN-20240123-0001403,WALL-0102773,MERCH-00380,PM-02,DEV-01,2024-01-23 19:38:47,48.89,0.0978,0.0,4,Success,Purchase,Chennai,INR,False
TXN-20240123-0001404,WALL-0135692,MERCH-00046,PM-01,DEV-01,2024-01-23 16:11:17,11.11,0.0,0.2221,1,Success,Purchase,Islamabad,PKR,False
TXN-20240123-0001405,WALL-0121871,MERCH-00256,PM-04,DEV-03,2024-01-23 07:18:21,23.62,0.4723,0.0,2,Success,Subscription,Mandalay,MMK,False
TXN-20240123-0001406,WALL-0084432,MERCH-00043,PM-01,DEV-03,2024-01-23 16:21:21,17.96,0.0,0.3592,1,Success,Purchase,Islamabad,PKR,False
TXN-20240123-0001407,WALL-0047312,MERCH-00015,PM-04,DEV-02,2024-01-23 21:52:47,21.9,0.4381,0.4381,2,Success,Purchase,Mawlamyine,MMK,False
TXN-20240123-0001408,WALL-0041651,MERCH-00250,PM-03,DEV-01,2024-01-23 16:54:11,18.39,0.1471,0.0,1,Success,Subscription,Pune,INR,False
TXN-20240123-0001409,WALL-0056502,MERCH-00168,PM-01,DEV-01,2024-01-23 18:37:47,157.17,0.0,7.8586,15,Success,Purchase,Medan,IDR,False
TXN-20240123-0001410,WALL-0065518,MERCH-00142,PM-02,DEV-01,2024-01-23 14:33:52,57.01,0.114,2.8503,5,Success,Purchase,Pathein,MMK,False
TXN-20240123-0001411,WALL-0002845,MERCH-00043,PM-03,DEV-01,2024-01-23 14:37:26,21.38,0.171,0.4275,2,Success,Purchase,Jaipur,INR,False
TXN-20240123-0001412,WALL-0134987,MERCH-00053,PM-03,DEV-02,2024-01-23 07:22:22,25.96,0.2077,0.5193,2,Success,Purchase,Kolkata,INR,False
TXN-20240123-0001413,WALL-0050108,MERCH-00059,PM-04,DEV-01,2024-01-23 13:22:19,15.15,0.303,0.0,0,Failed,Purchase,Kolkata,INR,False
TXN-20240123-0001414,WALL-0082483,MERCH-00018,PM-01,DEV-03,2024-01-23 09:02:40,28.48,0.0,0.5695,2,Success,Purchase,Bago,MMK,False
TXN-20240123-0001415,WALL-0026364,MERCH-00006,PM-01,DEV-01,2024-01-23 15:52:13,26.74,0.0,0.5348,2,Success,Purchase,Kathmandu,NPR,False
TXN-20240123-0001416,WALL-0047356,MERCH-00483,PM-05,DEV-01,2024-01-23 14:19:00,1130.47,0.0,0.0,113,Success,Payment,Lahore,MMK,False
TXN-20240123-0001417,WALL-0036318,MERCH-00227,PM-04,DEV-01,2024-01-23 13:06:05,28.69,0.5738,0.0,2,Success,Purchase,Pune,INR,False
TXN-20240123-0001418,WALL-0111029,MERCH-00092,PM-04,DEV-02,2024-01-23 01:19:39,30.02,0.6005,0.0,3,Success,Purchase,Pattaya,THB,False
TXN-20240123-0001419,WALL-0058709,MERCH-00399,PM-01,DEV-02,2024-01-23 17:54:29,29.86,0.0,0.0,2,Success,Purchase,Pathein,MMK,False
TXN-20240123-0001420,WALL-0068078,MERCH-00172,PM-02,DEV-02,2024-01-23 06:13:15,214.81,0.4296,10.7406,21,Success,Purchase,Taunggyi,MMK,False
TXN-20240123-0001421,WALL-0025781,MERCH-00150,PM-01,DEV-02,2024-01-23 20:45:15,20.0,0.0,1.0,2,Success,Purchase,Hyderabad,PHP,False
TXN-20240123-0001422,WALL-0124167,MERCH-00342,PM-01,DEV-01,2024-01-23 17:41:04,69.31,0.0,0.0,6,Success,Bill Payment,Islamabad,PKR,False
TXN-20240123-0001423,WALL-0116860,MERCH-00048,PM-02,DEV-01,2024-01-23 20:14:53,43.26,0.0865,0.0,0,Pending,Purchase,Kuala Lumpur,MYR,False
TXN-20240123-0001424,WALL-0052213,MERCH-00336,PM-01,DEV-02,2024-01-23 15:23:05,64.79,0.0,0.0,6,Success,Bill Payment,Phnom Penh,KHR,False
TXN-20240123-0001425,WALL-0047866,MERCH-00144,PM-01,DEV-02,2024-01-23 15:05:16,306.43,0.0,15.3213,30,Success,Purchase,Manila,PHP,False
TXN-20240123-0001426,WALL-0034943,MERCH-00267,PM-05,DEV-02,2024-01-23 13:16:04,14.39,0.0,0.0,1,Success,Subscription,Pune,INR,False
TXN-20240123-0001427,WALL-0064957,MERCH-00037,PM-01,DEV-05,2024-01-23 18:10:50,12.61,0.0,0.2522,1,Success,Purchase,Cebu City,MMK,False
TXN-20240123-0001428,WALL-0037119,MERCH-00377,PM-01,DEV-01,2024-01-23 18:30:36,26.69,0.0,0.0,2,Success,Purchase,Mawlamyine,MMK,False
TXN-20240123-0001429,WALL-0094026,MERCH-00321,PM-01,DEV-01,2024-01-23 20:58:18,68.94,0.0,0.0,0,Pending,Bill Payment,Mawlamyine,MMK,False
TXN-20240123-0001430,WALL-0044300,MERCH-00418,PM-04,DEV-01,2024-01-23 11:45:22,247.2,4.944,0.0,0,Pending,Payment,Bangkok,THB,False
TXN-20240123-0001431,WALL-0020344,MERCH-00146,PM-03,DEV-01,2024-01-23 11:29:46,50.9,0.4072,2.5449,5,Success,Purchase,Mandalay,MMK,False
TXN-20240123-0001432,WALL-0006749,MERCH-00326,PM-01,DEV-01,2024-01-23 20:00:21,200.05,0.0,0.0,20,Success,Bill Payment,Mumbai,INR,False
TXN-20240123-0001433,WALL-0067466,MERCH-00051,PM-01,DEV-01,2024-01-23 10:22:31,16.24,0.0,0.3248,1,Success,Purchase,Jakarta,IDR,False
TXN-20240123-0001434,WALL-0012765,MERCH-00145,PM-05,DEV-02,2024-01-23 14:35:25,153.53,0.0,7.6766,15,Success,Purchase,Pathein,MMK,False
TXN-20240123-0001435,WALL-0047974,MERCH-00147,PM-02,DEV-01,2024-01-23 17:03:26,142.05,0.2841,7.1024,14,Success,Purchase,Taunggyi,MMK,False
TXN-20240123-0001436,WALL-0087707,MERCH-00389,PM-04,DEV-01,2024-01-23 20:41:58,56.25,1.1249,0.0,5,Success,Purchase,Bago,MMK,False
TXN-20240123-0001437,WALL-0073740,MERCH-00213,PM-02,DEV-01,2024-01-23 15:55:49,9.61,0.0192,0.0,0,Success,Purchase,Lahore,KHR,False
TXN-20240123-0001438,WALL-0018240,MERCH-00362,PM-01,DEV-03,2024-01-23 17:09:12,66.79,0.0,0.0,6,Success,Bill Payment,Chittagong,BDT,False
TXN-20240123-0001439,WALL-0094929,MERCH-00129,PM-03,DEV-01,2024-01-23 19:16:52,29.56,0.2365,0.0,2,Success,Purchase,Jakarta,IDR,False
TXN-20240123-0001440,WALL-0146504,MERCH-00391,PM-01,DEV-04,2024-01-23 11:21:27,96.33,0.0,0.0,9,Success,Purchase,Johor Bahru,MYR,False
TXN-20240123-0001441,WALL-0022666,MERCH-00188,PM-03,DEV-03,2024-01-23 12:35:18,644.82,5.1586,32.2411,64,Success,Purchase,Pokhara,NPR,False
TXN-20240123-0001442,WALL-0073067,MERCH-00246,PM-03,DEV-04,2024-01-23 09:08:28,13.81,0.1105,0.0,1,Success,Subscription,Delhi,INR,False
TXN-20240123-0001443,WALL-0114253,MERCH-00397,PM-01,DEV-01,2024-01-23 15:19:39,36.42,0.0,0.0,3,Success,Purchase,Bago,MMK,False
TXN-20240123-0001444,WALL-0050132,MERCH-00099,PM-01,DEV-01,2024-01-23 19:12:41,45.13,0.0,0.0,4,Success,Purchase,Yangon,MMK,False
TXN-20240123-0001445,WALL-0149205,MERCH-00114,PM-01,DEV-02,2024-01-23 17:43:50,50.84,0.0,0.0,5,Success,Purchase,Johor Bahru,MYR,False
TXN-20240123-0001446,WALL-0124538,MERCH-00112,PM-01,DEV-03,2024-01-23 09:06:50,42.87,0.0,0.0,4,Success,Purchase,Pattaya,THB,False
TXN-20240123-0001447,WALL-0093548,MERCH-00051,PM-04,DEV-03,2024-01-23 13:56:51,16.53,0.3306,0.3306,1,Success,Purchase,Pattaya,THB,False
TXN-20240123-0001448,WALL-0066487,MERCH-00335,PM-02,DEV-01,2024-01-23 22:58:36,201.85,0.4037,0.0,20,Success,Bill Payment,Jaipur,INR,False
TXN-20240123-0001449,WALL-0043429,MERCH-00479,PM-02,DEV-01,2024-01-23 07:05:13,138.91,0.2778,0.0,13,Success,Payment,Lahore,PKR,False
TXN-20240123-0001450,WALL-0034206,MERCH-00077,PM-04,DEV-01,2024-01-23 13:40:54,15.91,0.3183,0.3183,1,Success,Purchase,Kathmandu,IDR,False
TXN-20240123-0001451,WALL-0019772,MERCH-00107,PM-01,DEV-01,2024-01-23 12:28:23,48.56,0.0,0.0,4,Success,Purchase,Yangon,MMK,False
TXN-20240123-0001452,WALL-0117760,MERCH-00107,PM-02,DEV-03,2024-01-23 19:33:28,41.08,0.0822,0.0,4,Success,Purchase,Bago,MMK,False
TXN-20240123-0001453,WALL-0062595,MERCH-00069,PM-04,DEV-01,2024-01-23 08:01:42,24.86,0.4971,0.4971,2,Success,Purchase,Dhaka,BDT,False
TXN-20240123-0001454,WALL-0142649,MERCH-00349,PM-01,DEV-01,2024-01-23 01:36:57,64.25,0.0,0.0,6,Success,Bill Payment,Myitkyina,MMK,False
TXN-20240123-0001455,WALL-0134515,MERCH-00202,PM-01,DEV-01,2024-01-23 19:08:12,6.49,0.0,0.0,0,Success,Purchase,Lahore,PKR,False
TXN-20240123-0001456,WALL-0043012,MERCH-00044,PM-01,DEV-01,2024-01-23 17:11:00,40.32,0.0,0.8064,4,Success,Purchase,Pathein,MMK,False
TXN-20240123-0001457,WALL-0013407,MERCH-00100,PM-03,DEV-01,2024-01-23 13:37:47,62.78,0.5022,0.0,6,Success,Purchase,Davao,PHP,False
TXN-20240123-0001458,WALL-0061036,MERCH-00100,PM-04,DEV-01,2024-01-23 17:59:41,27.69,0.5539,0.0,2,Success,Purchase,Pune,INR,False
TXN-20240123-0001459,WALL-0124434,MERCH-00172,PM-03,DEV-01,2024-01-23 04:51:29,36.29,0.2903,1.8144,3,Success,Purchase,Pune,THB,False
TXN-20240123-0001460,WALL-0139744,MERCH-00246,PM-01,DEV-01,2024-01-23 18:56:16,34.04,0.0,0.0,3,Success,Subscription,Medan,IDR,False
TXN-20240123-0001461,WALL-0084069,MERCH-00115,PM-01,DEV-03,2024-01-23 14:12:05,25.75,0.0,0.0,2,Success,Purchase,Naypyidaw,MMK,False
TXN-20240123-0001462,WALL-0051164,MERCH-00014,PM-01,DEV-01,2024-01-23 20:54:32,17.18,0.0,0.3435,1,Success,Purchase,Bandung,PHP,False
TXN-20240123-0001463,WALL-0064887,MERCH-00086,PM-04,DEV-01,2024-01-23 19:34:10,63.88,1.2777,0.0,6,Success,Purchase,Mandalay,MMK,False
TXN-20240123-0001464,WALL-0065349,MERCH-00071,PM-03,DEV-01,2024-01-23 15:53:20,33.95,0.2716,0.679,3,Success,Purchase,Karachi,PKR,False
TXN-20240123-0001465,WALL-0000497,MERCH-00008,PM-02,DEV-05,2024-01-23 17:09:18,16.75,0.0335,0.335,1,Success,Purchase,Pathein,MMK,False
TXN-20240123-0001466,WALL-0019981,MERCH-00041,PM-01,DEV-02,2024-01-23 10:16:41,10.81,0.0,0.2163,1,Success,Purchase,Naypyidaw,MMK,False
TXN-20240123-0001467,WALL-0135991,MERCH-00239,PM-01,DEV-01,2024-01-23 06:57:29,22.41,0.0,0.0,2,Success,Subscription,Myitkyina,MMK,False
TXN-20240123-0001468,WALL-0094201,MERCH-00052,PM-01,DEV-01,2024-01-23 17:25:42,17.62,0.0,0.3524,1,Success,Purchase,Da Nang,VND,False
TXN-20240123-0001469,WALL-0039740,MERCH-00088,PM-03,DEV-01,2024-01-23 14:11:16,56.9,0.4552,0.0,5,Success,Purchase,Naypyidaw,MMK,False
TXN-20240123-0001470,WALL-0010207,MERCH-00001,PM-04,DEV-01,2024-01-23 15:38:30,9.03,0.1805,0.1805,0,Success,Purchase,Pathein,MMK,False
TXN-20240123-0001471,WALL-0122345,MERCH-00371,PM-01,DEV-03,2024-01-23 20:40:57,28.2,0.0,0.0,2,Success,Purchase,Pathein,MMK,False
TXN-20240123-0001472,WALL-0020969,MERCH-00149,PM-01,DEV-01,2024-01-23 09:51:03,555.76,0.0,27.788,55,Success,Purchase,Naypyidaw,MMK,False
TXN-20240123-0001473,WALL-0113552,MERCH-00165,PM-03,DEV-01,2024-01-23 12:21:27,312.3,2.4984,15.6148,31,Success,Purchase,Mumbai,INR,False
TXN-20240123-0001474,WALL-0128471,MERCH-00419,PM-01,DEV-02,2024-01-23 18:28:27,82.0,0.0,0.0,8,Success,Payment,Chennai,INR,False
TXN-20240123-0001475,WALL-0028607,MERCH-00372,PM-02,DEV-05,2024-01-23 17:48:19,98.63,0.1973,0.0,9,Success,Purchase,Myitkyina,MMK,False
TXN-20240123-0001476,WALL-0034547,MERCH-00161,PM-03,DEV-03,2024-01-23 16:48:19,136.08,1.0887,6.8041,13,Success,Purchase,Ahmedabad,INR,False
TXN-20240123-0001477,WALL-0052044,MERCH-00159,PM-01,DEV-03,2024-01-23 08:29:04,47.58,0.0,2.3788,4,Success,Purchase,Pokhara,NPR,False
TXN-20240123-0001478,WALL-0148905,MERCH-00137,PM-02,DEV-01,2024-01-23 18:34:27,162.61,0.3252,8.1307,16,Success,Purchase,Quezon City,PHP,False
TXN-20240123-0001479,WALL-0013332,MERCH-00012,PM-02,DEV-03,2024-01-23 12:40:22,9.76,0.0195,0.1952,0,Success,Purchase,Pathein,MMK,False
TXN-20240123-0001480,WALL-0139525,MERCH-00162,PM-03,DEV-01,2024-01-23 21:19:42,127.71,1.0216,6.3853,12,Success,Purchase,Pathein,MMK,False
TXN-20240123-0001481,WALL-0001432,MERCH-00002,PM-02,DEV-04,2024-01-23 10:28:48,10.24,0.0205,0.2048,1,Success,Purchase,Bangalore,INR,False
TXN-20240123-0001482,WALL-0097681,MERCH-00187,PM-01,DEV-01,2024-01-23 09:38:54,88.18,0.0,4.4088,8,Success,Purchase,Chittagong,BDT,False
TXN-20240123-0001483,WALL-0094418,MERCH-00131,PM-03,DEV-01,2024-01-23 10:00:29,81.94,0.6555,4.0969,8,Success,Purchase,Phuket,THB,False
TXN-20240123-0001484,WALL-0087313,MERCH-00059,PM-04,DEV-04,2024-01-23 21:01:11,18.08,0.3616,0.3616,1,Success,Purchase,Hanoi,VND,False
TXN-20240123-0001485,WALL-0063397,MERCH-00344,PM-01,DEV-02,2024-01-23 22:21:37,24.59,0.0,0.0,2,Success,Bill Payment,Taunggyi,MMK,False
TXN-20240123-0001486,WALL-0032808,MERCH-00464,PM-01,DEV-02,2024-01-23 08:41:04,1878.22,0.0,0.0,187,Success,Payment,Jakarta,IDR,False
TXN-20240123-0001487,WALL-0118539,MERCH-00185,PM-04,DEV-01,2024-01-23 14:37:27,237.09,4.7418,11.8546,23,Success,Purchase,Taunggyi,MMK,False
TXN-20240123-0001488,WALL-0106540,MERCH-00176,PM-01,DEV-02,2024-01-23 10:01:31,26.4,0.0,1.3198,2,Success,Purchase,Islamabad,PKR,False
TXN-20240123-0001489,WALL-0118496,MERCH-00058,PM-01,DEV-02,2024-01-23 16:32:09,5.76,0.0,0.1152,0,Success,Purchase,Medan,MMK,False
TXN-20240123-0001490,WALL-0024615,MERCH-00407,PM-01,DEV-03,2024-01-23 13:52:16,231.58,0.0,0.0,23,Success,Payment,Yangon,MMK,False
TXN-20240123-0001491,WALL-0149530,MERCH-00164,PM-01,DEV-01,2024-01-23 22:21:58,176.53,0.0,8.8265,17,Success,Purchase,Bali,IDR,False
TXN-20240123-0001492,WALL-0148857,MERCH-00179,PM-04,DEV-01,2024-01-23 06:34:29,120.91,2.4182,6.0455,12,Success,Purchase,Ho Chi Minh City,VND,False
TXN-20240123-0001493,WALL-0021252,MERCH-00234,PM-02,DEV-04,2024-01-23 10:35:32,5.91,0.0118,0.0,0,Success,Subscription,Da Nang,VND,False
TXN-20240123-0001494,WALL-0133566,MERCH-00054,PM-02,DEV-03,2024-01-23 16:36:03,5.19,0.0104,0.1037,0,Success,Purchase,Dhaka,BDT,False
TXN-20240123-0001495,WALL-0067479,MERCH-00190,PM-01,DEV-01,2024-01-23 16:01:21,167.96,0.0,8.3978,16,Success,Purchase,Islamabad,PKR,False
TXN-20240123-0001496,WALL-0114637,MERCH-00099,PM-04,DEV-01,2024-01-23 07:49:13,24.56,0.4913,0.0,2,Success,Purchase,Yangon,MMK,False
TXN-20240123-0001497,WALL-0083879,MERCH-00185,PM-02,DEV-01,2024-01-23 04:21:26,114.43,0.2289,5.7214,11,Success,Purchase,Bali,IDR,False
TXN-20240123-0001498,WALL-0065625,MERCH-00446,PM-02,DEV-01,2024-01-23 20:26:57,707.15,1.4143,0.0,70,Success,Tax Payment,Mawlamyine,MMK,False
TXN-20240123-0001499,WALL-0090309,MERCH-00494,PM-01,DEV-03,2024-01-23 12:45:08,122.02,0.0,0.0,0,Failed,Payment,Mawlamyine,MMK,False
TXN-20240123-0001500,WALL-0082297,MERCH-00337,PM-01,DEV-03,2024-01-23 21:59:26,217.37,0.0,0.0,21,Success,Bill Payment,Naypyidaw,MMK,False
TXN-20240123-0001501,WALL-0069939,MERCH-00222,PM-05,DEV-02,2024-01-23 02:11:27,8.34,0.0,0.0,0,Success,Purchase,Bali,IDR,False
TXN-20240123-0001502,WALL-0027829,MERCH-00003,PM-02,DEV-01,2024-01-23 22:17:07,23.8,0.0476,0.4759,2,Success,Purchase,Myitkyina,MMK,False
TXN-20240123-0001503,WALL-0059375,MERCH-00064,PM-01,DEV-01,2024-01-23 17:28:40,11.44,0.0,0.2288,1,Success,Purchase,Delhi,MMK,False
TXN-20240123-0001504,WALL-0057603,MERCH-00072,PM-03,DEV-01,2024-01-23 11:42:15,30.5,0.244,0.6101,3,Success,Purchase,Islamabad,INR,False
TXN-20240123-0001505,WALL-0077478,MERCH-00150,PM-03,DEV-02,2024-01-23 21:15:41,376.52,3.0122,18.8262,37,Success,Purchase,Myitkyina,MMK,False
TXN-20240123-0001506,WALL-0087144,MERCH-00068,PM-04,DEV-01,2024-01-23 06:07:57,5.35,0.1071,0.1071,0,Success,Purchase,Kuala Lumpur,MYR,False
TXN-20240123-0001507,WALL-0114525,MERCH-00205,PM-02,DEV-05,2024-01-23 09:14:39,9.21,0.0184,0.0,0,Success,Purchase,Ho Chi Minh City,VND,False
TXN-20240123-0001508,WALL-0063400,MERCH-00082,PM-01,DEV-04,2024-01-23 23:16:03,112.96,0.0,0.0,11,Success,Purchase,Siem Reap,KHR,False
TXN-20240123-0001509,WALL-0137018,MERCH-00035,PM-01,DEV-01,2024-01-23 09:22:15,5.78,0.0,0.1155,0,Success,Purchase,Bangalore,INR,False
TXN-20240123-0001510,WALL-0037788,MERCH-00109,PM-01,DEV-02,2024-01-23 09:37:49,152.63,0.0,0.0,0,Pending,Purchase,Khon Kaen,THB,False
TXN-20240123-0001511,WALL-0077428,MERCH-00223,PM-01,DEV-03,2024-01-23 08:38:07,10.03,0.0,0.0,1,Success,Purchase,Mandalay,MMK,False
TXN-20240123-0001512,WALL-0052136,MERCH-00406,PM-01,DEV-02,2024-01-23 16:35:29,58.7,0.0,0.0,5,Success,Payment,Ho Chi Minh City,VND,False
TXN-20240123-0001513,WALL-0097588,MERCH-00300,PM-02,DEV-01,2024-01-23 23:00:55,586.77,1.1735,0.0,0,Failed,Purchase,Mandalay,MMK,False
TXN-20240123-0001514,WALL-0005605,MERCH-00129,PM-01,DEV-02,2024-01-23 19:01:43,76.47,0.0,0.0,7,Success,Purchase,Phnom Penh,KHR,False
TXN-20240123-0001515,WALL-0007490,MERCH-00438,PM-02,DEV-01,2024-01-23 18:23:57,102.8,0.2056,0.0,10,Success,Tax Payment,Bandung,IDR,False
TXN-20240123-0001516,WALL-0115452,MERCH-00449,PM-01,DEV-02,2024-01-23 14:10:42,152.37,0.0,0.0,15,Success,Tax Payment,Colombo,LKR,False
TXN-20240123-0001517,WALL-0087978,MERCH-00274,PM-02,DEV-01,2024-01-23 07:39:50,1467.17,2.9343,117.3732,293,Success,Purchase,Da Nang,VND,False
TXN-20240123-0001518,WALL-0066415,MERCH-00253,PM-02,DEV-01,2024-01-23 18:39:40,9.73,0.0195,0.0,0,Success,Subscription,Khon Kaen,THB,False
TXN-20240123-0001519,WALL-0054596,MERCH-00078,PM-04,DEV-03,2024-01-23 12:18:14,13.19,0.2638,0.2638,1,Success,Purchase,Pokhara,NPR,False
TXN-20240123-0001520,WALL-0012710,MERCH-00085,PM-01,DEV-01,2024-01-23 22:46:36,47.9,0.0,0.0,4,Success,Purchase,Bago,MMK,False
TXN-20240123-0001521,WALL-0121898,MERCH-00234,PM-02,DEV-02,2024-01-23 20:24:50,9.02,0.018,0.0,0,Success,Subscription,Bangkok,THB,False
TXN-20240123-0001522,WALL-0114379,MERCH-00166,PM-03,DEV-03,2024-01-23 12:34:53,56.15,0.4492,2.8073,5,Success,Purchase,Medan,IDR,False
TXN-20240123-0001523,WALL-0101714,MERCH-00092,PM-04,DEV-01,2024-01-23 21:43:16,37.94,0.7588,0.0,3,Success,Purchase,Myitkyina,MMK,False
TXN-20240123-0001524,WALL-0085746,MERCH-00146,PM-04,DEV-02,2024-01-23 15:05:02,543.66,10.8731,27.1828,54,Success,Purchase,Da Nang,VND,False
TXN-20240123-0001525,WALL-0026379,MERCH-00098,PM-01,DEV-01,2024-01-23 00:21:22,57.3,0.0,0.0,5,Success,Purchase,Taunggyi,MMK,False
TXN-20240123-0001526,WALL-0045483,MERCH-00037,PM-04,DEV-02,2024-01-23 18:24:00,78.26,1.5651,1.5651,7,Success,Purchase,Siem Reap,KHR,False
TXN-20240123-0001527,WALL-0090188,MERCH-00335,PM-02,DEV-01,2024-01-23 07:48:38,23.35,0.0467,0.0,2,Success,Bill Payment,Chittagong,BDT,False
TXN-20240123-0001528,WALL-0098736,MERCH-00433,PM-01,DEV-01,2024-01-23 18:32:42,96.26,0.0,0.0,9,Success,Tax Payment,Penang,MYR,False
TXN-20240123-0001529,WALL-0063213,MERCH-00051,PM-05,DEV-01,2024-01-23 12:31:47,15.01,0.0,0.3001,1,Success,Purchase,Johor Bahru,MYR,False
TXN-20240123-0001530,WALL-0094408,MERCH-00044,PM-04,DEV-01,2024-01-23 17:29:24,24.19,0.4838,0.4838,2,Success,Purchase,Chennai,INR,False
TXN-20240123-0001531,WALL-0032582,MERCH-00188,PM-01,DEV-01,2024-01-23 19:45:09,208.82,0.0,10.4408,20,Success,Purchase,Phnom Penh,BDT,False
TXN-20240123-0001532,WALL-0075318,MERCH-00045,PM-02,DEV-05,2024-01-23 17:53:06,29.89,0.0598,0.5978,2,Success,Purchase,Karachi,PKR,False
TXN-20240123-0001533,WALL-0063242,MERCH-00002,PM-02,DEV-02,2024-01-23 06:49:46,41.92,0.0838,0.8384,4,Success,Purchase,Cebu City,PHP,False
TXN-20240123-0001534,WALL-0069366,MERCH-00349,PM-04,DEV-02,2024-01-23 17:34:27,46.13,0.9226,0.0,4,Success,Bill Payment,Myitkyina,MMK,False
TXN-20240123-0001535,WALL-0041061,MERCH-00111,PM-03,DEV-02,2024-01-23 07:45:04,35.81,0.2864,0.0,3,Success,Purchase,Naypyidaw,MMK,False
TXN-20240123-0001536,WALL-0017752,MERCH-00352,PM-02,DEV-03,2024-01-23 15:34:34,25.54,0.0511,0.0,2,Success,Bill Payment,Chiang Mai,THB,False
TXN-20240123-0001537,WALL-0120250,MERCH-00182,PM-04,DEV-02,2024-01-23 16:02:06,40.28,0.8056,2.0139,4,Success,Purchase,Myitkyina,MMK,False
TXN-20240123-0001538,WALL-0030012,MERCH-00124,PM-02,DEV-02,2024-01-23 09:33:36,36.39,0.0728,0.0,3,Success,Purchase,Myitkyina,MMK,False
TXN-20240123-0001539,WALL-0143215,MERCH-00315,PM-01,DEV-01,2024-01-23 06:56:28,141.34,0.0,0.0,14,Success,Bill Payment,Bangkok,THB,False
TXN-20240123-0001540,WALL-0071878,MERCH-00119,PM-01,DEV-01,2024-01-23 03:51:44,27.8,0.0,0.0,2,Success,Purchase,Naypyidaw,MMK,False
TXN-20240123-0001541,WALL-0012040,MERCH-00272,PM-03,DEV-01,2024-01-23 20:13:23,100.0,0.8,8.0,20,Success,Purchase,Chiang Mai,MYR,False
TXN-20240123-0001542,WALL-0135507,MERCH-00330,PM-01,DEV-03,2024-01-23 14:24:55,44.27,0.0,0.0,4,Success,Bill Payment,Chittagong,BDT,False
TXN-20240123-0001543,WALL-0100881,MERCH-00167,PM-01,DEV-01,2024-01-23 14:00:48,20.0,0.0,0.0,0,Failed,Purchase,Pune,INR,False
TXN-20240123-0001544,WALL-0130229,MERCH-00345,PM-03,DEV-05,2024-01-23 19:07:59,46.25,0.37,0.0,4,Success,Bill Payment,Bandung,IDR,False
TXN-20240123-0001545,WALL-0135747,MERCH-00017,PM-03,DEV-01,2024-01-23 02:07:48,5.0,0.04,0.1,0,Success,Purchase,Lahore,PKR,False
TXN-20240123-0001546,WALL-0016763,MERCH-00308,PM-04,DEV-01,2024-01-23 18:11:57,670.57,13.4115,53.6459,134,Success,Purchase,Kandy,INR,False
TXN-20240123-0001547,WALL-0117228,MERCH-00182,PM-02,DEV-02,2024-01-23 18:13:06,42.17,0.0843,2.1087,4,Success,Purchase,Yangon,MMK,False
TXN-20240123-0001548,WALL-0089189,MERCH-00080,PM-03,DEV-01,2024-01-23 15:16:20,24.16,0.1933,0.4832,2,Success,Purchase,Ahmedabad,INR,False
TXN-20240123-0001549,WALL-0034842,MERCH-00203,PM-02,DEV-05,2024-01-23 23:45:40,15.2,0.0304,0.0,1,Success,Purchase,Bago,MMK,False
TXN-20240123-0001550,WALL-0037999,MERCH-00341,PM-01,DEV-03,2024-01-23 17:33:40,22.51,0.0,0.0,2,Success,Bill Payment,Davao,PHP,False
TXN-20240123-0001551,WALL-0123621,MERCH-00223,PM-05,DEV-05,2024-01-23 14:02:39,6.84,0.0,0.0,0,Success,Purchase,Phnom Penh,MMK,False
TXN-20240123-0001552,WALL-0023294,MERCH-00420,PM-01,DEV-02,2024-01-23 20:44:22,21.09,0.0,0.0,2,Success,Payment,Taunggyi,MMK,False
TXN-20240123-0001553,WALL-0118727,MERCH-00332,PM-01,DEV-01,2024-01-23 16:42:51,139.56,0.0,0.0,13,Success,Bill Payment,Siem Reap,KHR,False
TXN-20240123-0001554,WALL-0073948,MERCH-00374,PM-01,DEV-01,2024-01-23 14:54:31,77.63,0.0,0.0,7,Success,Purchase,Mandalay,MMK,False
TXN-20240123-0001555,WALL-0134675,MERCH-00118,PM-02,DEV-01,2024-01-23 12:52:08,49.53,0.0991,0.0,4,Success,Purchase,Myitkyina,MMK,False
TXN-20240123-0001556,WALL-0105726,MERCH-00188,PM-01,DEV-01,2024-01-23 18:34:29,379.85,0.0,18.9927,37,Success,Purchase,Pokhara,NPR,False
TXN-20240123-0001557,WALL-0012159,MERCH-00021,PM-03,DEV-01,2024-01-23 10:19:00,36.72,0.2938,0.0,0,Reversed,Purchase,Myitkyina,MMK,False
TXN-20240123-0001558,WALL-0066459,MERCH-00252,PM-04,DEV-01,2024-01-23 15:12:12,9.39,0.1878,0.0,0,Success,Subscription,Pathein,MMK,False
TXN-20240123-0001559,WALL-0014415,MERCH-00400,PM-02,DEV-01,2024-01-23 18:03:55,40.58,0.0812,0.0,4,Success,Purchase,Delhi,INR,False
TXN-20240123-0001560,WALL-0142984,MERCH-00229,PM-01,DEV-04,2024-01-23 07:02:03,28.41,0.0,0.0,2,Success,Purchase,Cebu City,PHP,False
TXN-20240123-0001561,WALL-0113089,MERCH-00133,PM-01,DEV-01,2024-01-23 15:36:59,257.35,0.0,12.8674,25,Success,Purchase,Mandalay,MMK,False
TXN-20240123-0001562,WALL-0086627,MERCH-00298,PM-01,DEV-01,2024-01-23 12:34:30,199.44,0.0,15.9552,39,Success,Purchase,Jaipur,NPR,False
TXN-20240123-0001563,WALL-0109738,MERCH-00294,PM-02,DEV-01,2024-01-23 14:38:41,456.9,0.9138,36.5521,91,Success,Purchase,Pokhara,MMK,False
TXN-20240123-0001564,WALL-0118191,MERCH-00105,PM-02,DEV-05,2024-01-23 14:11:28,82.23,0.1645,0.0,8,Success,Purchase,Mandalay,MMK,False
TXN-20240123-0001565,WALL-0043586,MERCH-00103,PM-02,DEV-02,2024-01-23 15:39:44,159.62,0.3192,0.0,0,Pending,Purchase,Bago,MMK,False
TXN-20240123-0001566,WALL-0092621,MERCH-00167,PM-01,DEV-02,2024-01-23 09:21:12,259.23,0.0,12.9615,25,Success,Purchase,Medan,THB,False
TXN-20240123-0001567,WALL-0010578,MERCH-00006,PM-01,DEV-03,2024-01-23 23:05:42,8.52,0.0,0.1705,0,Success,Purchase,Kolkata,INR,False
TXN-20240123-0001568,WALL-0010739,MERCH-00025,PM-04,DEV-01,2024-01-23 15:13:22,22.46,0.4493,0.4493,2,Success,Purchase,Cebu City,PHP,False
TXN-20240123-0001569,WALL-0007779,MERCH-00177,PM-02,DEV-02,2024-01-23 08:44:01,210.87,0.4217,10.5436,21,Success,Purchase,Pattaya,THB,False
TXN-20240123-0001570,WALL-0051872,MERCH-00253,PM-01,DEV-05,2024-01-23 16:33:27,9.57,0.0,0.0,0,Success,Subscription,Pokhara,NPR,False
TXN-20240123-0001571,WALL-0073790,MERCH-00032,PM-04,DEV-02,2024-01-23 21:22:34,7.72,0.1545,0.1545,0,Success,Purchase,Chittagong,BDT,False
TXN-20240123-0001572,WALL-0030554,MERCH-00446,PM-02,DEV-01,2024-01-23 04:10:54,101.57,0.2031,0.0,10,Success,Tax Payment,Medan,IDR,False
TXN-20240123-0001573,WALL-0008562,MERCH-00284,PM-04,DEV-01,2024-01-23 14:52:44,828.37,16.5673,66.2693,165,Success,Purchase,Mandalay,IDR,False
TXN-20240123-0001574,WALL-0017941,MERCH-00437,PM-01,DEV-05,2024-01-23 23:07:21,359.63,0.0,0.0,35,Success,Tax Payment,Islamabad,PKR,False
TXN-20240123-0001575,WALL-0057502,MERCH-00264,PM-03,DEV-02,2024-01-23 17:52:55,40.79,0.3263,0.0,4,Success,Subscription,Lahore,PHP,False
TXN-20240123-0001576,WALL-0096252,MERCH-00016,PM-02,DEV-01,2024-01-23 09:18:26,17.26,0.0345,0.3452,1,Success,Purchase,Johor Bahru,MYR,False
TXN-20240123-0001577,WALL-0001105,MERCH-00178,PM-01,DEV-01,2024-01-23 17:03:45,126.72,0.0,6.3358,12,Success,Purchase,Jakarta,IDR,False
TXN-20240123-0001578,WALL-0023901,MERCH-00056,PM-02,DEV-03,2024-01-23 14:26:49,55.66,0.1113,1.1133,5,Success,Purchase,Kolkata,INR,False
TXN-20240123-0001579,WALL-0025868,MERCH-00272,PM-03,DEV-02,2024-01-23 15:50:41,1006.26,8.0501,80.501,201,Success,Purchase,Medan,IDR,False
TXN-20240123-0001580,WALL-0105576,MERCH-00234,PM-04,DEV-01,2024-01-23 16:23:06,13.48,0.2696,0.0,1,Success,Subscription,Mandalay,MMK,False
TXN-20240123-0001581,WALL-0013523,MERCH-00139,PM-03,DEV-01,2024-01-23 17:14:11,189.29,1.5144,9.4647,18,Success,Purchase,Mumbai,INR,False
TXN-20240123-0001582,WALL-0119886,MERCH-00334,PM-01,DEV-03,2024-01-23 16:32:29,32.02,0.0,0.0,3,Success,Bill Payment,Cebu City,MYR,False
TXN-20240123-0001583,WALL-0046001,MERCH-00167,PM-05,DEV-01,2024-01-23 22:59:05,35.49,0.0,1.7747,3,Success,Purchase,Dhaka,PKR,False
TXN-20240123-0001584,WALL-0039804,MERCH-00143,PM-02,DEV-05,2024-01-23 17:00:17,152.56,0.3051,7.628,15,Success,Purchase,Mandalay,MMK,False
TXN-20240123-0001585,WALL-0077623,MERCH-00332,PM-01,DEV-04,2024-01-23 18:04:37,82.32,0.0,0.0,8,Success,Bill Payment,Kolkata,INR,False
TXN-20240123-0001586,WALL-0122621,MERCH-00098,PM-04,DEV-03,2024-01-23 01:29:29,46.21,0.9243,0.0,4,Success,Purchase,Bangalore,INR,False
TXN-20240123-0001587,WALL-0060143,MERCH-00141,PM-03,DEV-01,2024-01-23 12:28:54,28.16,0.2253,1.4079,2,Success,Purchase,Jakarta,IDR,False
TXN-20240123-0001588,WALL-0027671,MERCH-00369,PM-01,DEV-01,2024-01-23 07:22:22,37.81,0.0,0.0,0,Failed,Bill Payment,Bali,IDR,False
TXN-20240123-0001589,WALL-0033789,MERCH-00029,PM-01,DEV-01,2024-01-23 20:06:56,19.57,0.0,0.3915,1,Success,Purchase,Siem Reap,INR,False
TXN-20240123-0001590,WALL-0036566,MERCH-00070,PM-01,DEV-01,2024-01-23 18:26:03,8.03,0.0,0.1606,0,Success,Purchase,Phnom Penh,KHR,False
TXN-20240123-0001591,WALL-0103603,MERCH-00188,PM-03,DEV-04,2024-01-23 20:30:45,182.85,1.4628,9.1425,18,Success,Purchase,Phnom Penh,KHR,False
TXN-20240123-0001592,WALL-0025596,MERCH-00331,PM-02,DEV-01,2024-01-23 03:16:48,73.21,0.1464,0.0,7,Success,Bill Payment,Khon Kaen,THB,False
TXN-20240123-0001593,WALL-0006558,MERCH-00308,PM-03,DEV-01,2024-01-23 17:13:20,408.98,3.2719,32.7185,81,Success,Purchase,Da Nang,VND,False
TXN-20240123-0001594,WALL-0065414,MERCH-00050,PM-01,DEV-01,2024-01-23 06:29:50,26.15,0.0,0.523,2,Success,Purchase,Pune,PKR,False
TXN-20240123-0001595,WALL-0115862,MERCH-00212,PM-01,DEV-01,2024-01-23 20:24:55,27.25,0.0,0.0,2,Success,Purchase,Pokhara,NPR,False
TXN-20240123-0001596,WALL-0023729,MERCH-00443,PM-02,DEV-03,2024-01-23 10:26:28,74.6,0.1492,0.0,7,Success,Tax Payment,Jakarta,IDR,False
TXN-20240123-0001597,WALL-0029397,MERCH-00471,PM-03,DEV-02,2024-01-23 08:11:01,599.39,4.7952,0.0,59,Success,Payment,Bago,MMK,False
TXN-20240123-0001598,WALL-0014796,MERCH-00040,PM-01,DEV-02,2024-01-23 09:52:57,14.79,0.0,0.0,0,Failed,Purchase,Bandung,IDR,False
TXN-20240123-0001599,WALL-0032916,MERCH-00176,PM-02,DEV-01,2024-01-23 06:48:37,166.21,0.3324,8.3105,16,Success,Purchase,Jaipur,INR,False
TXN-20240123-0001600,WALL-0102373,MERCH-00305,PM-01,DEV-05,2024-01-23 14:02:58,245.34,0.0,19.6271,49,Success,Purchase,Da Nang,VND,False
TXN-20240123-0001601,WALL-0058687,MERCH-00249,PM-01,DEV-01,2024-01-23 12:32:17,30.73,0.0,0.0,3,Success,Subscription,Taunggyi,MMK,False
TXN-20240123-0001602,WALL-0008194,MERCH-00267,PM-05,DEV-02,2024-01-23 10:24:51,6.63,0.0,0.0,0,Success,Subscription,Kolkata,INR,False
TXN-20240123-0001603,WALL-0043439,MERCH-00198,PM-01,DEV-02,2024-01-23 09:47:05,14.62,0.0,0.0,1,Success,Purchase,Pathein,MMK,False
TXN-20240123-0001604,WALL-0093749,MERCH-00122,PM-05,DEV-05,2024-01-23 23:24:24,28.89,0.0,0.0,2,Success,Purchase,Myitkyina,MMK,False
TXN-20240123-0001605,WALL-0058366,MERCH-00392,PM-04,DEV-01,2024-01-23 21:48:37,60.69,1.2139,0.0,6,Success,Purchase,Myitkyina,MMK,False
TXN-20240123-0001606,WALL-0017123,MERCH-00368,PM-03,DEV-02,2024-01-23 20:38:11,30.36,0.2429,0.0,3,Success,Bill Payment,Quezon City,VND,False
TXN-20240123-0001607,WALL-0034616,MERCH-00469,PM-03,DEV-01,2024-01-23 02:23:10,84.78,0.6783,0.0,8,Success,Payment,Mawlamyine,MMK,False
TXN-20240123-0001608,WALL-0109512,MERCH-00355,PM-02,DEV-02,2024-01-23 19:23:14,115.38,0.2308,0.0,11,Success,Bill Payment,Bali,IDR,False
TXN-20240123-0001609,WALL-0122662,MERCH-00315,PM-01,DEV-01,2024-01-23 15:36:48,202.64,0.0,0.0,20,Success,Bill Payment,Naypyidaw,MMK,False
TXN-20240123-0001610,WALL-0021477,MERCH-00230,PM-04,DEV-01,2024-01-23 16:35:59,42.49,0.8498,0.0,0,Failed,Purchase,Mandalay,MMK,False
TXN-20240123-0001611,WALL-0023088,MERCH-00029,PM-01,DEV-01,2024-01-23 10:44:59,18.74,0.0,0.3749,1,Success,Purchase,Naypyidaw,MMK,False
TXN-20240123-0001612,WALL-0062445,MERCH-00109,PM-01,DEV-03,2024-01-23 12:40:12,86.39,0.0,0.0,8,Success,Purchase,Myitkyina,MMK,False
TXN-20240123-0001613,WALL-0010614,MERCH-00078,PM-02,DEV-01,2024-01-23 13:43:25,25.46,0.0509,0.5092,2,Success,Purchase,Pathein,MMK,False
TXN-20240123-0001614,WALL-0131300,MERCH-00111,PM-03,DEV-01,2024-01-23 18:11:42,28.82,0.2306,0.0,2,Success,Purchase,Phnom Penh,KHR,False
TXN-20240123-0001615,WALL-0025595,MERCH-00372,PM-04,DEV-03,2024-01-23 19:26:34,80.8,1.6161,0.0,8,Success,Purchase,Yangon,MMK,False
TXN-20240123-0001616,WALL-0093964,MERCH-00141,PM-01,DEV-01,2024-01-23 06:01:48,222.67,0.0,11.1333,22,Success,Purchase,Myitkyina,MMK,False
TXN-20240123-0001617,WALL-0020602,MERCH-00312,PM-02,DEV-01,2024-01-23 15:12:53,41.55,0.0831,0.0,4,Success,Bill Payment,Da Nang,VND,False
TXN-20240123-0001618,WALL-0065794,MERCH-00081,PM-01,DEV-01,2024-01-23 22:57:39,62.36,0.0,0.0,6,Success,Purchase,Bangalore,INR,False
TXN-20240123-0001619,WALL-0023106,MERCH-00332,PM-01,DEV-05,2024-01-23 14:36:46,495.0,0.0,0.0,49,Success,Bill Payment,Siem Reap,KHR,False
TXN-20240123-0001620,WALL-0080610,MERCH-00054,PM-05,DEV-03,2024-01-23 18:07:26,27.15,0.0,0.543,2,Success,Purchase,Bago,MMK,False
TXN-20240123-0001621,WALL-0034014,MERCH-00096,PM-02,DEV-02,2024-01-23 16:03:10,61.89,0.1238,0.0,6,Success,Purchase,Pathein,MMK,False
TXN-20240123-0001622,WALL-0122894,MERCH-00327,PM-01,DEV-01,2024-01-23 14:09:56,39.52,0.0,0.0,3,Success,Bill Payment,Davao,PHP,False
TXN-20240123-0001623,WALL-0043456,MERCH-00419,PM-05,DEV-04,2024-01-23 21:18:29,148.16,0.0,0.0,14,Success,Payment,Myitkyina,MMK,False
TXN-20240123-0001624,WALL-0085489,MERCH-00317,PM-02,DEV-01,2024-01-23 04:46:29,495.0,0.99,0.0,49,Success,Bill Payment,Penang,MYR,False
TXN-20240123-0001625,WALL-0087361,MERCH-00082,PM-02,DEV-02,2024-01-23 11:24:03,28.66,0.0573,0.0,2,Success,Purchase,Mumbai,MMK,False
TXN-20240123-0001626,WALL-0059799,MERCH-00402,PM-02,DEV-01,2024-01-23 13:48:04,23.84,0.0477,0.0,2,Success,Payment,Mawlamyine,MMK,False
TXN-20240123-0001627,WALL-0051490,MERCH-00003,PM-01,DEV-03,2024-01-23 12:12:25,25.44,0.0,0.5088,2,Success,Purchase,Singapore,SGD,False
TXN-20240123-0001628,WALL-0141358,MERCH-00301,PM-05,DEV-01,2024-01-23 11:58:08,113.5,0.0,0.0,0,Pending,Purchase,Bago,MMK,False
TXN-20240123-0001629,WALL-0030633,MERCH-00312,PM-03,DEV-01,2024-01-23 12:09:26,300.0,2.4,0.0,30,Success,Bill Payment,Yangon,MMK,False
TXN-20240123-0001630,WALL-0120629,MERCH-00085,PM-01,DEV-05,2024-01-23 20:48:24,167.28,0.0,0.0,16,Success,Purchase,Naypyidaw,MMK,False
TXN-20240123-0001631,WALL-0024007,MERCH-00272,PM-01,DEV-03,2024-01-23 00:06:33,502.88,0.0,40.2303,100,Success,Purchase,Mawlamyine,MMK,False
TXN-20240123-0001632,WALL-0053097,MERCH-00184,PM-05,DEV-01,2024-01-23 20:24:45,91.13,0.0,4.5565,9,Success,Purchase,Kolkata,INR,False
TXN-20240123-0001633,WALL-0132304,MERCH-00197,PM-01,DEV-01,2024-01-23 17:04:46,6.53,0.0,0.0,0,Success,Purchase,Delhi,INR,False
TXN-20240123-0001634,WALL-0075108,MERCH-00262,PM-01,DEV-01,2024-01-23 16:53:19,21.68,0.0,0.0,2,Success,Subscription,Naypyidaw,MMK,False
TXN-20240123-0001635,WALL-0133756,MERCH-00201,PM-01,DEV-02,2024-01-23 20:36:02,5.31,0.0,0.0,0,Success,Purchase,Bali,IDR,False
TXN-20240123-0001636,WALL-0013227,MERCH-00098,PM-02,DEV-01,2024-01-23 23:09:45,29.28,0.0586,0.0,2,Success,Purchase,Myitkyina,MMK,False
TXN-20240123-0001637,WALL-0056616,MERCH-00051,PM-01,DEV-02,2024-01-23 14:30:10,20.75,0.0,0.415,2,Success,Purchase,Naypyidaw,INR,False
TXN-20240123-0001638,WALL-0022176,MERCH-00130,PM-02,DEV-02,2024-01-23 14:35:18,48.5,0.097,0.0,4,Success,Purchase,Bandung,IDR,False
TXN-20240123-0001639,WALL-0009472,MERCH-00394,PM-01,DEV-01,2024-01-23 15:45:13,46.2,0.0,0.0,4,Success,Purchase,Davao,INR,False
TXN-20240123-0001640,WALL-0015528,MERCH-00057,PM-03,DEV-04,2024-01-23 12:48:54,36.13,0.289,0.7226,3,Success,Purchase,Myitkyina,MMK,False
TXN-20240123-0001641,WALL-0146348,MERCH-00262,PM-01,DEV-01,2024-01-23 09:16:11,12.86,0.0,0.0,1,Success,Subscription,Mawlamyine,MMK,False
TXN-20240123-0001642,WALL-0098160,MERCH-00477,PM-03,DEV-01,2024-01-23 21:44:27,1132.44,9.0595,0.0,113,Success,Payment,Bago,MMK,False
TXN-20240123-0001643,WALL-0080064,MERCH-00431,PM-02,DEV-01,2024-01-23 16:12:34,143.82,0.2876,0.0,14,Success,Tax Payment,Pattaya,THB,False
TXN-20240123-0001644,WALL-0115868,MERCH-00353,PM-01,DEV-01,2024-01-23 16:48:31,54.52,0.0,0.0,5,Success,Bill Payment,Medan,IDR,False
TXN-20240123-0001645,WALL-0094487,MERCH-00004,PM-02,DEV-02,2024-01-23 16:45:27,41.64,0.0833,0.8327,4,Success,Purchase,Dhaka,BDT,False
TXN-20240123-0001646,WALL-0045779,MERCH-00110,PM-02,DEV-03,2024-01-23 03:08:57,34.37,0.0687,0.0,3,Success,Purchase,Ahmedabad,MMK,False
TXN-20240123-0001647,WALL-0008887,MERCH-00037,PM-02,DEV-04,2024-01-23 21:40:32,15.86,0.0317,0.3172,1,Success,Purchase,Jaipur,MYR,False
TXN-20240123-0001648,WALL-0053727,MERCH-00099,PM-02,DEV-03,2024-01-23 13:08:57,58.17,0.1163,0.0,5,Success,Purchase,Naypyidaw,MMK,False
TXN-20240123-0001649,WALL-0036449,MERCH-00018,PM-04,DEV-01,2024-01-23 13:59:11,11.41,0.2282,0.2282,1,Success,Purchase,Bago,MMK,False
TXN-20240123-0001650,WALL-0140679,MERCH-00202,PM-04,DEV-03,2024-01-23 02:13:02,6.48,0.1297,0.0,0,Success,Purchase,Dhaka,INR,False
TXN-20240123-0001651,WALL-0136235,MERCH-00335,PM-02,DEV-03,2024-01-23 13:53:45,122.85,0.2457,0.0,12,Success,Bill Payment,Kathmandu,NPR,False
TXN-20240123-0001652,WALL-0053250,MERCH-00408,PM-01,DEV-01,2024-01-23 15:12:22,116.7,0.0,0.0,11,Success,Payment,Da Nang,MMK,False
TXN-20240123-0001653,WALL-0077428,MERCH-00389,PM-02,DEV-01,2024-01-23 21:02:07,45.46,0.0909,0.0,4,Success,Purchase,Mandalay,MMK,False
TXN-20240123-0001654,WALL-0006909,MERCH-00212,PM-01,DEV-05,2024-01-23 12:32:01,22.72,0.0,0.0,2,Success,Purchase,Da Nang,VND,False
TXN-20240123-0001655,WALL-0028264,MERCH-00387,PM-01,DEV-01,2024-01-23 05:48:04,38.5,0.0,0.0,3,Success,Purchase,Mawlamyine,MMK,False
TXN-20240123-0001656,WALL-0115050,MERCH-00455,PM-02,DEV-01,2024-01-23 14:31:45,266.84,0.5337,0.0,26,Success,Payment,Pokhara,NPR,False
TXN-20240123-0001657,WALL-0049477,MERCH-00279,PM-05,DEV-01,2024-01-23 21:44:15,296.98,0.0,23.7583,59,Success,Purchase,Singapore,SGD,False
TXN-20240123-0001658,WALL-0126818,MERCH-00327,PM-02,DEV-02,2024-01-23 12:27:01,32.39,0.0648,0.0,3,Success,Bill Payment,Bangalore,MMK,False
TXN-20240123-0001659,WALL-0064244,MERCH-00355,PM-04,DEV-02,2024-01-23 07:22:54,60.04,1.2009,0.0,6,Success,Bill Payment,Jakarta,IDR,False
TXN-20240123-0001660,WALL-0041698,MERCH-00028,PM-04,DEV-05,2024-01-23 14:22:14,15.38,0.3076,0.3076,1,Success,Purchase,Bago,MMK,False
TXN-20240123-0001661,WALL-0126344,MERCH-00055,PM-01,DEV-01,2024-01-23 20:54:35,29.62,0.0,0.5923,2,Success,Purchase,Myitkyina,MMK,False
TXN-20240123-0001662,WALL-0139298,MERCH-00042,PM-02,DEV-01,2024-01-23 17:18:38,52.69,0.1054,1.0538,5,Success,Purchase,Johor Bahru,MYR,False
TXN-20240123-0001663,WALL-0020993,MERCH-00066,PM-01,DEV-01,2024-01-23 15:31:17,17.11,0.0,0.3422,1,Success,Purchase,Pathein,MMK,False
TXN-20240123-0001664,WALL-0046487,MERCH-00038,PM-01,DEV-03,2024-01-23 13:17:17,69.8,0.0,1.3961,6,Success,Purchase,Bangkok,THB,False
TXN-20240123-0001665,WALL-0064941,MERCH-00191,PM-04,DEV-02,2024-01-23 13:11:12,14.3,0.2861,0.0,1,Success,Purchase,Dhaka,BDT,False
TXN-20240123-0001666,WALL-0047705,MERCH-00156,PM-02,DEV-02,2024-01-23 08:30:18,155.78,0.3116,7.789,15,Success,Purchase,Kuala Lumpur,MMK,False
TXN-20240123-0001667,WALL-0055309,MERCH-00156,PM-01,DEV-03,2024-01-23 01:22:01,103.83,0.0,5.1913,10,Success,Purchase,Chittagong,INR,False
TXN-20240123-0001668,WALL-0116798,MERCH-00023,PM-04,DEV-05,2024-01-23 12:36:42,26.49,0.5297,0.5297,2,Success,Purchase,Surabaya,IDR,False
TXN-20240123-0001669,WALL-0085914,MERCH-00157,PM-02,DEV-01,2024-01-23 04:39:49,98.02,0.196,4.9012,9,Success,Purchase,Bali,IDR,False
TXN-20240123-0001670,WALL-0111498,MERCH-00382,PM-01,DEV-03,2024-01-23 14:10:22,31.61,0.0,0.0,3,Success,Purchase,Jaipur,INR,False
TXN-20240123-0001671,WALL-0084920,MERCH-00404,PM-03,DEV-01,2024-01-23 14:47:54,125.58,1.0046,0.0,12,Success,Payment,Bandung,IDR,False
TXN-20240123-0001672,WALL-0017878,MERCH-00059,PM-02,DEV-01,2024-01-23 18:58:47,14.28,0.0286,0.2856,1,Success,Purchase,Hyderabad,INR,False
TXN-20240123-0001673,WALL-0121572,MERCH-00169,PM-02,DEV-01,2024-01-23 17:54:54,96.83,0.1937,4.8416,9,Success,Purchase,Pattaya,THB,False
TXN-20240123-0001674,WALL-0128971,MERCH-00444,PM-02,DEV-02,2024-01-23 07:22:47,192.76,0.3855,0.0,19,Success,Tax Payment,Pattaya,THB,False
TXN-20240123-0001675,WALL-0065445,MERCH-00234,PM-02,DEV-03,2024-01-23 14:05:08,12.39,0.0248,0.0,1,Success,Subscription,Naypyidaw,MMK,False
TXN-20240123-0001676,WALL-0135663,MERCH-00193,PM-04,DEV-03,2024-01-23 20:28:42,18.23,0.3646,0.0,1,Success,Purchase,Yangon,MMK,False
TXN-20240123-0001677,WALL-0090745,MERCH-00107,PM-02,DEV-01,2024-01-23 21:14:48,61.99,0.124,0.0,6,Success,Purchase,Mandalay,INR,False
TXN-20240123-0001678,WALL-0114313,MERCH-00439,PM-04,DEV-03,2024-01-23 18:11:42,111.07,2.2214,0.0,11,Success,Tax Payment,Mawlamyine,VND,False
TXN-20240123-0001679,WALL-0020132,MERCH-00380,PM-01,DEV-02,2024-01-23 16:05:49,35.37,0.0,0.0,3,Success,Purchase,Chennai,INR,False
TXN-20240123-0001680,WALL-0074070,MERCH-00015,PM-01,DEV-03,2024-01-23 11:33:27,23.02,0.0,0.4604,2,Success,Purchase,Naypyidaw,MMK,False
TXN-20240123-0001681,WALL-0011814,MERCH-00094,PM-02,DEV-01,2024-01-23 16:51:07,103.35,0.2067,0.0,10,Success,Purchase,Pathein,MMK,False
TXN-20240123-0001682,WALL-0074150,MERCH-00154,PM-02,DEV-01,2024-01-23 22:31:54,221.34,0.4427,11.0669,22,Success,Purchase,Khon Kaen,BDT,False
TXN-20240123-0001683,WALL-0039051,MERCH-00310,PM-03,DEV-02,2024-01-23 14:38:41,396.5,3.172,31.72,79,Success,Purchase,Karachi,PKR,False
TXN-20240123-0001684,WALL-0038434,MERCH-00182,PM-02,DEV-03,2024-01-23 13:06:11,325.34,0.6507,16.267,32,Success,Purchase,Johor Bahru,MYR,False
TXN-20240123-0001685,WALL-0049879,MERCH-00223,PM-01,DEV-01,2024-01-23 14:28:52,29.62,0.0,0.0,2,Success,Purchase,Pattaya,THB,False
TXN-20240123-0001686,WALL-0111940,MERCH-00133,PM-01,DEV-02,2024-01-23 15:55:36,26.95,0.0,1.3475,2,Success,Purchase,Delhi,INR,False
TXN-20240123-0001687,WALL-0113401,MERCH-00197,PM-03,DEV-01,2024-01-23 16:38:45,9.73,0.0778,0.0,0,Success,Purchase,Jaipur,MYR,False
TXN-20240123-0001688,WALL-0053775,MERCH-00347,PM-04,DEV-01,2024-01-23 21:57:54,27.92,0.5583,0.0,0,Reversed,Bill Payment,Delhi,INR,False
TXN-20240123-0001689,WALL-0066864,MERCH-00322,PM-02,DEV-05,2024-01-23 03:40:24,68.69,0.1374,0.0,6,Success,Bill Payment,Kolkata,INR,False
TXN-20240123-0001690,WALL-0087154,MERCH-00486,PM-01,DEV-01,2024-01-23 19:54:14,231.0,0.0,0.0,23,Success,Payment,Mandalay,MMK,False
TXN-20240123-0001691,WALL-0108647,MERCH-00071,PM-01,DEV-03,2024-01-23 21:04:50,10.97,0.0,0.2193,1,Success,Purchase,Yangon,MMK,False
TXN-20240123-0001692,WALL-0140893,MERCH-00332,PM-01,DEV-02,2024-01-23 14:20:16,64.03,0.0,0.0,6,Success,Bill Payment,Karachi,MMK,False
TXN-20240123-0001693,WALL-0044120,MERCH-00415,PM-01,DEV-01,2024-01-23 15:03:14,31.73,0.0,0.0,3,Success,Payment,Cebu City,PHP,False
TXN-20240123-0001694,WALL-0038085,MERCH-00155,PM-01,DEV-03,2024-01-23 19:57:31,64.69,0.0,3.2347,6,Success,Purchase,Cebu City,PHP,False
TXN-20240123-0001695,WALL-0070889,MERCH-00227,PM-01,DEV-01,2024-01-23 13:23:35,12.26,0.0,0.0,1,Success,Purchase,Taunggyi,LKR,False
TXN-20240123-0001696,WALL-0132105,MERCH-00181,PM-03,DEV-01,2024-01-23 17:31:52,859.56,6.8764,42.9778,85,Success,Purchase,Islamabad,MMK,False
TXN-20240123-0001697,WALL-0087401,MERCH-00125,PM-01,DEV-01,2024-01-23 16:32:26,69.56,0.0,0.0,6,Success,Purchase,Yangon,KHR,False
TXN-20240123-0001698,WALL-0024084,MERCH-00070,PM-02,DEV-03,2024-01-23 22:09:57,15.97,0.0319,0.3194,1,Success,Purchase,Bago,MMK,False
TXN-20240123-0001699,WALL-0149620,MERCH-00077,PM-04,DEV-02,2024-01-23 05:26:19,40.66,0.8132,0.8132,4,Success,Purchase,Kuala Lumpur,MYR,False
TXN-20240123-0001700,WALL-0035422,MERCH-00273,PM-02,DEV-03,2024-01-23 20:02:22,265.84,0.5317,21.2674,53,Success,Purchase,Naypyidaw,MMK,False
TXN-20240123-0001701,WALL-0070504,MERCH-00241,PM-04,DEV-01,2024-01-23 12:30:05,11.25,0.225,0.0,1,Success,Subscription,Yangon,MMK,False
TXN-20240123-0001702,WALL-0046614,MERCH-00336,PM-02,DEV-01,2024-01-23 10:20:11,102.87,0.2057,0.0,10,Success,Bill Payment,Ho Chi Minh City,VND,False
TXN-20240123-0001703,WALL-0149589,MERCH-00165,PM-04,DEV-04,2024-01-23 21:51:16,483.9,9.6781,24.1952,48,Success,Purchase,Bandung,MMK,False
TXN-20240123-0001704,WALL-0033265,MERCH-00265,PM-02,DEV-01,2024-01-23 07:50:01,16.16,0.0323,0.0,1,Success,Subscription,Bago,MMK,False
TXN-20240123-0001705,WALL-0003483,MERCH-00228,PM-04,DEV-01,2024-01-23 12:13:25,6.02,0.1205,0.0,0,Success,Purchase,Mandalay,MMK,False
TXN-20240123-0001706,WALL-0070001,MERCH-00289,PM-01,DEV-01,2024-01-23 20:14:31,1333.84,0.0,106.7075,266,Success,Purchase,Bandung,INR,False
TXN-20240123-0001707,WALL-0041338,MERCH-00358,PM-04,DEV-01,2024-01-23 13:16:49,56.05,1.121,0.0,5,Success,Bill Payment,Mawlamyine,MMK,False
TXN-20240123-0001708,WALL-0026747,MERCH-00017,PM-02,DEV-04,2024-01-23 19:51:13,37.05,0.0741,0.741,3,Success,Purchase,Karachi,PKR,False
TXN-20240123-0001709,WALL-0057420,MERCH-00336,PM-01,DEV-01,2024-01-23 21:38:21,67.04,0.0,0.0,6,Success,Bill Payment,Phuket,THB,False
TXN-20240123-0001710,WALL-0111126,MERCH-00050,PM-04,DEV-01,2024-01-23 09:35:51,10.98,0.2196,0.2196,1,Success,Purchase,Singapore,SGD,False
TXN-20240123-0001711,WALL-0080427,MERCH-00222,PM-05,DEV-03,2024-01-23 15:11:10,21.3,0.0,0.0,2,Success,Purchase,Naypyidaw,MMK,False
TXN-20240123-0001712,WALL-0108985,MERCH-00005,PM-03,DEV-01,2024-01-23 21:43:17,6.78,0.0543,0.1357,0,Success,Purchase,Kolkata,INR,False
TXN-20240123-0001713,WALL-0120119,MERCH-00386,PM-01,DEV-01,2024-01-23 15:28:41,110.38,0.0,0.0,11,Success,Purchase,Bago,MMK,False
TXN-20240123-0001714,WALL-0089478,MERCH-00222,PM-01,DEV-03,2024-01-23 13:18:01,11.32,0.0,0.0,1,Success,Purchase,Taunggyi,MMK,False
TXN-20240123-0001715,WALL-0117265,MERCH-00079,PM-03,DEV-01,2024-01-23 20:32:22,46.87,0.3749,0.9373,4,Success,Purchase,Naypyidaw,MMK,False
TXN-20240123-0001716,WALL-0105633,MERCH-00207,PM-01,DEV-01,2024-01-23 17:14:52,8.28,0.0,0.0,0,Success,Purchase,Phuket,THB,False
TXN-20240123-0001717,WALL-0097300,MERCH-00092,PM-02,DEV-01,2024-01-23 15:55:41,26.41,0.0528,0.0,2,Success,Purchase,Da Nang,VND,False
TXN-20240123-0001718,WALL-0004976,MERCH-00013,PM-04,DEV-02,2024-01-23 09:47:14,44.92,0.8985,0.8985,4,Success,Purchase,Naypyidaw,MMK,True
TXN-20240123-0001719,WALL-0045381,MERCH-00040,PM-01,DEV-01,2024-01-23 13:13:40,16.91,0.0,0.3383,1,Success,Purchase,Dhaka,BDT,False
TXN-20240123-0001720,WALL-0136012,MERCH-00335,PM-02,DEV-01,2024-01-23 15:16:31,66.76,0.1335,0.0,6,Success,Bill Payment,Taunggyi,MMK,False
TXN-20240123-0001721,WALL-0026486,MERCH-00019,PM-03,DEV-01,2024-01-23 16:33:50,5.37,0.0429,0.1073,0,Success,Purchase,Lahore,PKR,False
TXN-20240123-0001722,WALL-0117999,MERCH-00182,PM-02,DEV-01,2024-01-23 20:59:55,242.33,0.4847,12.1164,24,Success,Purchase,Pune,INR,False
TXN-20240123-0001723,WALL-0025522,MERCH-00394,PM-01,DEV-03,2024-01-23 12:39:39,107.95,0.0,0.0,10,Success,Purchase,Naypyidaw,MMK,False
TXN-20240123-0001724,WALL-0062666,MERCH-00394,PM-03,DEV-01,2024-01-23 07:51:15,106.28,0.8502,0.0,10,Success,Purchase,Yangon,MMK,False
TXN-20240123-0001725,WALL-0098783,MERCH-00254,PM-01,DEV-01,2024-01-23 16:47:53,7.8,0.0,0.0,0,Success,Subscription,Bangalore,INR,False
TXN-20240123-0001726,WALL-0050230,MERCH-00082,PM-03,DEV-01,2024-01-23 06:40:15,37.16,0.2973,0.0,3,Success,Purchase,Mumbai,INR,False
TXN-20240123-0001727,WALL-0076100,MERCH-00011,PM-02,DEV-03,2024-01-23 15:12:16,6.02,0.012,0.1205,0,Success,Purchase,Singapore,SGD,False
TXN-20240123-0001728,WALL-0034641,MERCH-00224,PM-02,DEV-01,2024-01-23 17:59:27,9.02,0.018,0.0,0,Success,Purchase,Mawlamyine,MMK,False
TXN-20240123-0001729,WALL-0015396,MERCH-00432,PM-01,DEV-01,2024-01-23 09:52:02,119.31,0.0,0.0,11,Success,Tax Payment,Cebu City,PHP,False
TXN-20240123-0001730,WALL-0083561,MERCH-00124,PM-02,DEV-01,2024-01-23 16:59:38,192.8,0.3856,0.0,19,Success,Purchase,Chennai,BDT,False
TXN-20240123-0001731,WALL-0097853,MERCH-00128,PM-01,DEV-01,2024-01-23 11:06:13,87.31,0.0,0.0,8,Success,Purchase,Ho Chi Minh City,VND,False
TXN-20240123-0001732,WALL-0053655,MERCH-00268,PM-04,DEV-01,2024-01-23 21:21:09,9.94,0.1988,0.0,0,Success,Subscription,Jakarta,IDR,False
TXN-20240123-0001733,WALL-0133756,MERCH-00250,PM-01,DEV-01,2024-01-23 20:35:14,5.23,0.0,0.0,0,Success,Subscription,Bali,IDR,False
TXN-20240123-0001734,WALL-0011299,MERCH-00417,PM-02,DEV-02,2024-01-23 13:16:03,161.58,0.3232,0.0,16,Success,Payment,Da Nang,VND,False
TXN-20240123-0001735,WALL-0121302,MERCH-00319,PM-01,DEV-03,2024-01-23 03:30:31,75.0,0.0,0.0,7,Success,Bill Payment,Taunggyi,MMK,False
TXN-20240123-0001736,WALL-0020266,MERCH-00248,PM-02,DEV-01,2024-01-23 12:44:35,40.0,0.08,0.0,4,Success,Subscription,Pune,INR,False
TXN-20240123-0001737,WALL-0035003,MERCH-00137,PM-01,DEV-03,2024-01-23 17:22:59,650.23,0.0,32.5116,65,Success,Purchase,Kathmandu,NPR,False
TXN-20240123-0001738,WALL-0134440,MERCH-00037,PM-01,DEV-01,2024-01-23 03:50:49,7.26,0.0,0.1452,0,Success,Purchase,Pathein,MMK,False
TXN-20240123-0001739,WALL-0116848,MERCH-00036,PM-04,DEV-01,2024-01-23 16:04:18,13.7,0.274,0.274,1,Success,Purchase,Penang,MYR,False
TXN-20240123-0001740,WALL-0037388,MERCH-00411,PM-03,DEV-03,2024-01-23 17:09:46,55.19,0.4415,0.0,5,Success,Payment,Myitkyina,MMK,False
TXN-20240123-0001741,WALL-0074131,MERCH-00077,PM-03,DEV-01,2024-01-23 20:51:07,11.48,0.0918,0.2295,1,Success,Purchase,Bago,MMK,False
TXN-20240123-0001742,WALL-0094171,MERCH-00319,PM-01,DEV-02,2024-01-23 17:06:56,55.77,0.0,0.0,5,Success,Bill Payment,Myitkyina,MMK,False
TXN-20240123-0001743,WALL-0139922,MERCH-00014,PM-03,DEV-01,2024-01-23 12:12:34,16.79,0.1343,0.3358,1,Success,Purchase,Bandung,IDR,False
TXN-20240123-0001744,WALL-0030127,MERCH-00346,PM-01,DEV-04,2024-01-23 18:17:02,49.31,0.0,0.0,4,Success,Bill Payment,Islamabad,BDT,False
TXN-20240123-0001745,WALL-0134642,MERCH-00388,PM-02,DEV-02,2024-01-23 13:53:54,140.84,0.2817,0.0,14,Success,Purchase,Chiang Mai,MMK,False
TXN-20240123-0001746,WALL-0147353,MERCH-00346,PM-05,DEV-01,2024-01-23 11:26:24,31.07,0.0,0.0,3,Success,Bill Payment,Manila,MMK,False
TXN-20240123-0001747,WALL-0107958,MERCH-00357,PM-01,DEV-01,2024-01-23 08:17:12,83.03,0.0,0.0,8,Success,Bill Payment,Johor Bahru,MYR,False
TXN-20240123-0001748,WALL-0092844,MERCH-00042,PM-02,DEV-02,2024-01-23 12:59:19,16.97,0.0339,0.0,0,Failed,Purchase,Taunggyi,MMK,False
TXN-20240123-0001749,WALL-0120464,MERCH-00339,PM-03,DEV-01,2024-01-23 21:25:32,79.14,0.6331,0.0,7,Success,Bill Payment,Kolkata,KHR,False
TXN-20240123-0001750,WALL-0054456,MERCH-00076,PM-04,DEV-01,2024-01-23 13:07:58,23.09,0.4618,0.4618,2,Success,Purchase,Jakarta,PHP,False
TXN-20240123-0001751,WALL-0008657,MERCH-00419,PM-01,DEV-01,2024-01-23 20:42:10,27.7,0.0,0.0,2,Success,Payment,Dhaka,PHP,False
TXN-20240123-0001752,WALL-0092057,MERCH-00216,PM-04,DEV-01,2024-01-23 19:15:37,41.18,0.8235,0.0,4,Success,Purchase,Mandalay,MMK,False
TXN-20240123-0001753,WALL-0036667,MERCH-00179,PM-04,DEV-01,2024-01-23 15:32:30,85.83,1.7166,4.2914,8,Success,Purchase,Pune,INR,False
TXN-20240123-0001754,WALL-0140883,MERCH-00194,PM-01,DEV-01,2024-01-23 14:50:40,5.0,0.0,0.0,0,Success,Purchase,Naypyidaw,MMK,False
TXN-20240123-0001755,WALL-0041370,MERCH-00359,PM-01,DEV-02,2024-01-23 16:30:46,29.88,0.0,0.0,2,Success,Bill Payment,Khon Kaen,THB,False
TXN-20240123-0001756,WALL-0109126,MERCH-00261,PM-02,DEV-01,2024-01-23 20:30:52,13.72,0.0274,0.0,1,Success,Subscription,Penang,MYR,False
TXN-20240123-0001757,WALL-0035251,MERCH-00417,PM-01,DEV-03,2024-01-23 17:37:10,72.46,0.0,0.0,7,Success,Payment,Surabaya,IDR,False
TXN-20240123-0001758,WALL-0122560,MERCH-00356,PM-02,DEV-05,2024-01-23 17:15:59,46.69,0.0934,0.0,4,Success,Bill Payment,Mandalay,MMK,False
TXN-20240123-0001759,WALL-0023110,MERCH-00003,PM-04,DEV-01,2024-01-23 16:36:58,7.82,0.1565,0.1565,0,Success,Purchase,Mandalay,MMK,False
TXN-20240123-0001760,WALL-0094133,MERCH-00449,PM-02,DEV-03,2024-01-23 21:46:30,901.32,1.8026,0.0,90,Success,Tax Payment,Chittagong,BDT,False
TXN-20240123-0001761,WALL-0111242,MERCH-00089,PM-05,DEV-02,2024-01-23 05:41:33,83.4,0.0,0.0,8,Success,Purchase,Hyderabad,INR,False
TXN-20240123-0001762,WALL-0147676,MERCH-00485,PM-02,DEV-01,2024-01-23 17:24:52,95.57,0.1911,0.0,9,Success,Payment,Pune,INR,False
TXN-20240123-0001763,WALL-0016403,MERCH-00389,PM-01,DEV-01,2024-01-23 21:42:00,38.12,0.0,0.0,3,Success,Purchase,Hanoi,VND,False
TXN-20240123-0001764,WALL-0136743,MERCH-00070,PM-02,DEV-03,2024-01-23 18:14:52,23.86,0.0477,0.4772,2,Success,Purchase,Phuket,THB,False
TXN-20240123-0001765,WALL-0130998,MERCH-00084,PM-02,DEV-01,2024-01-23 21:47:00,71.92,0.1438,0.0,7,Success,Purchase,Chiang Mai,THB,False
TXN-20240123-0001766,WALL-0058022,MERCH-00161,PM-02,DEV-04,2024-01-23 08:31:22,152.51,0.305,7.6253,15,Success,Purchase,Cebu City,PHP,False
TXN-20240123-0001767,WALL-0109282,MERCH-00292,PM-01,DEV-01,2024-01-23 06:55:45,267.45,0.0,21.3962,53,Success,Purchase,Mawlamyine,MMK,False
TXN-20240123-0001768,WALL-0057635,MERCH-00374,PM-02,DEV-02,2024-01-23 21:03:51,198.0,0.396,0.0,19,Success,Purchase,Mandalay,MMK,False
TXN-20240123-0001769,WALL-0039265,MERCH-00253,PM-04,DEV-04,2024-01-23 18:44:15,19.48,0.3897,0.0,1,Success,Subscription,Mumbai,INR,False
TXN-20240123-0001770,WALL-0119129,MERCH-00187,PM-01,DEV-04,2024-01-23 15:00:42,54.59,0.0,2.7295,5,Success,Purchase,Kathmandu,MMK,False
TXN-20240123-0001771,WALL-0142962,MERCH-00447,PM-02,DEV-01,2024-01-23 17:13:39,544.99,1.09,0.0,54,Success,Tax Payment,Ahmedabad,INR,False
TXN-20240123-0001772,WALL-0047334,MERCH-00274,PM-03,DEV-02,2024-01-23 14:40:25,945.97,7.5677,75.6774,189,Success,Purchase,Phuket,THB,False
TXN-20240123-0001773,WALL-0060506,MERCH-00254,PM-05,DEV-05,2024-01-23 09:32:09,20.59,0.0,0.0,2,Success,Subscription,Penang,MYR,False
TXN-20240123-0001774,WALL-0025847,MERCH-00064,PM-01,DEV-01,2024-01-23 19:47:32,44.78,0.0,0.8957,4,Success,Purchase,Delhi,INR,False
TXN-20240123-0001775,WALL-0037381,MERCH-00126,PM-01,DEV-03,2024-01-23 15:14:39,37.37,0.0,0.0,3,Success,Purchase,Mandalay,MMK,False
TXN-20240123-0001776,WALL-0145646,MERCH-00432,PM-01,DEV-03,2024-01-23 20:53:56,518.35,0.0,0.0,51,Success,Tax Payment,Lahore,MMK,False
TXN-20240123-0001777,WALL-0000875,MERCH-00238,PM-03,DEV-01,2024-01-23 12:23:58,11.08,0.0887,0.0,1,Success,Subscription,Singapore,SGD,False
TXN-20240123-0001778,WALL-0000490,MERCH-00297,PM-01,DEV-05,2024-01-23 04:35:00,127.49,0.0,10.1988,25,Success,Purchase,Surabaya,IDR,False
TXN-20240123-0001779,WALL-0080224,MERCH-00008,PM-04,DEV-03,2024-01-23 16:00:24,14.17,0.2833,0.2833,1,Success,Purchase,Surabaya,IDR,False
TXN-20240123-0001780,WALL-0134632,MERCH-00028,PM-01,DEV-01,2024-01-23 15:50:26,18.89,0.0,0.3777,1,Success,Purchase,Johor Bahru,MYR,False
TXN-20240123-0001781,WALL-0046135,MERCH-00084,PM-01,DEV-02,2024-01-23 02:12:46,35.97,0.0,0.0,3,Success,Purchase,Kolkata,INR,False
TXN-20240123-0001782,WALL-0042937,MERCH-00086,PM-01,DEV-03,2024-01-23 11:42:48,39.02,0.0,0.0,3,Success,Purchase,Mawlamyine,MMK,False
TXN-20240123-0001783,WALL-0072621,MERCH-00404,PM-01,DEV-03,2024-01-23 05:43:52,73.97,0.0,0.0,7,Success,Payment,Hyderabad,INR,False
TXN-20240123-0001784,WALL-0122810,MERCH-00115,PM-01,DEV-02,2024-01-23 22:53:06,18.72,0.0,0.0,1,Success,Purchase,Pune,KHR,False
TXN-20240123-0001785,WALL-0120213,MERCH-00059,PM-01,DEV-01,2024-01-23 12:03:55,20.8,0.0,0.4159,2,Success,Purchase,Pathein,MMK,False
TXN-20240123-0001786,WALL-0118764,MERCH-00101,PM-03,DEV-01,2024-01-23 08:23:19,64.78,0.5182,0.0,0,Failed,Purchase,Bago,MMK,False
TXN-20240123-0001787,WALL-0134041,MERCH-00116,PM-01,DEV-01,2024-01-23 01:07:36,149.41,0.0,0.0,14,Success,Purchase,Bandung,IDR,False
TXN-20240123-0001788,WALL-0131170,MERCH-00335,PM-01,DEV-02,2024-01-23 07:19:23,118.12,0.0,0.0,11,Success,Bill Payment,Myitkyina,MMK,False
TXN-20240123-0001789,WALL-0060241,MERCH-00200,PM-01,DEV-03,2024-01-23 18:59:00,33.33,0.0,0.0,3,Success,Purchase,Myitkyina,MMK,False
TXN-20240123-0001790,WALL-0073141,MERCH-00236,PM-02,DEV-02,2024-01-23 14:57:42,14.95,0.0299,0.0,1,Success,Subscription,Lahore,PKR,False
TXN-20240123-0001791,WALL-0097726,MERCH-00133,PM-02,DEV-01,2024-01-23 06:23:32,188.87,0.3777,9.4435,18,Success,Purchase,Kandy,LKR,False
TXN-20240123-0001792,WALL-0024704,MERCH-00134,PM-01,DEV-03,2024-01-23 13:02:58,165.59,0.0,8.2793,16,Success,Purchase,Bago,MMK,False
TXN-20240123-0001793,WALL-0043129,MERCH-00088,PM-02,DEV-02,2024-01-23 16:51:13,36.07,0.0721,0.0,3,Success,Purchase,Karachi,PKR,False
TXN-20240123-0001794,WALL-0066223,MERCH-00158,PM-01,DEV-01,2024-01-23 17:16:12,36.79,0.0,1.8397,3,Success,Purchase,Mawlamyine,MMK,False
TXN-20240123-0001795,WALL-0011864,MERCH-00240,PM-01,DEV-01,2024-01-23 11:11:27,24.94,0.0,0.0,0,Pending,Subscription,Pathein,MMK,False
TXN-20240123-0001796,WALL-0065070,MERCH-00028,PM-04,DEV-02,2024-01-23 19:47:16,39.2,0.7841,0.7841,3,Success,Purchase,Taunggyi,MMK,False
TXN-20240123-0001797,WALL-0001827,MERCH-00144,PM-01,DEV-01,2024-01-23 20:26:55,123.74,0.0,6.1868,12,Success,Purchase,Singapore,SGD,False
TXN-20240123-0001798,WALL-0061716,MERCH-00101,PM-03,DEV-02,2024-01-23 09:32:31,74.59,0.5967,0.0,7,Success,Purchase,Colombo,LKR,False
TXN-20240123-0001799,WALL-0001141,MERCH-00012,PM-02,DEV-02,2024-01-23 18:17:55,25.57,0.0511,0.5113,2,Success,Purchase,Delhi,INR,False
TXN-20240123-0001800,WALL-0123053,MERCH-00003,PM-03,DEV-01,2024-01-23 05:10:09,15.51,0.1241,0.3101,1,Success,Purchase,Mawlamyine,MMK,False
TXN-20240123-0001801,WALL-0067268,MERCH-00427,PM-01,DEV-05,2024-01-23 13:00:25,43.13,0.0,0.0,4,Success,Payment,Surabaya,IDR,False
TXN-20240123-0001802,WALL-0003406,MERCH-00001,PM-01,DEV-03,2024-01-23 18:52:16,7.67,0.0,0.1534,0,Success,Purchase,Taunggyi,MMK,False
TXN-20240123-0001803,WALL-0088636,MERCH-00128,PM-02,DEV-04,2024-01-23 15:26:00,58.41,0.1168,0.0,5,Success,Purchase,Mawlamyine,INR,False
TXN-20240123-0001804,WALL-0080136,MERCH-00197,PM-02,DEV-01,2024-01-23 01:02:56,9.43,0.0189,0.0,0,Success,Purchase,Islamabad,PKR,False
TXN-20240123-0001805,WALL-0060238,MERCH-00058,PM-03,DEV-04,2024-01-23 20:32:42,21.56,0.1725,0.4313,2,Success,Purchase,Dhaka,BDT,False
TXN-20240123-0001806,WALL-0087555,MERCH-00089,PM-02,DEV-01,2024-01-23 13:08:54,74.48,0.149,0.0,7,Success,Purchase,Pathein,MMK,False
TXN-20240123-0001807,WALL-0043990,MERCH-00421,PM-01,DEV-01,2024-01-23 13:02:19,204.43,0.0,0.0,20,Success,Payment,Jaipur,INR,False
TXN-20240123-0001808,WALL-0031496,MERCH-00073,PM-04,DEV-04,2024-01-23 18:44:34,21.85,0.437,0.437,2,Success,Purchase,Bago,MMK,False
TXN-20240123-0001809,WALL-0032762,MERCH-00229,PM-02,DEV-01,2024-01-23 20:54:30,5.0,0.01,0.0,0,Success,Purchase,Johor Bahru,MYR,False
TXN-20240123-0001810,WALL-0036578,MERCH-00190,PM-02,DEV-01,2024-01-23 18:07:53,46.05,0.0921,2.3024,4,Success,Purchase,Penang,BDT,False
TXN-20240123-0001811,WALL-0067253,MERCH-00245,PM-01,DEV-01,2024-01-23 17:35:53,18.88,0.0,0.0,1,Success,Subscription,Kathmandu,NPR,False
TXN-20240123-0001812,WALL-0093005,MERCH-00349,PM-01,DEV-01,2024-01-23 07:54:16,60.71,0.0,0.0,6,Success,Bill Payment,Penang,MYR,False
TXN-20240123-0001813,WALL-0101100,MERCH-00089,PM-01,DEV-03,2024-01-23 15:16:20,134.63,0.0,0.0,13,Success,Purchase,Myitkyina,MMK,False
TXN-20240123-0001814,WALL-0075279,MERCH-00072,PM-01,DEV-01,2024-01-23 12:47:21,16.93,0.0,0.3387,1,Success,Purchase,Bangalore,INR,False
TXN-20240123-0001815,WALL-0116523,MERCH-00140,PM-04,DEV-05,2024-01-23 23:48:09,550.39,11.0078,0.0,0,Pending,Purchase,Pokhara,NPR,False
TXN-20240123-0001816,WALL-0142920,MERCH-00225,PM-02,DEV-02,2024-01-23 19:08:36,11.17,0.0223,0.0,1,Success,Purchase,Mawlamyine,MMK,False
TXN-20240123-0001817,WALL-0148931,MERCH-00051,PM-03,DEV-05,2024-01-23 20:35:19,43.24,0.3459,0.8648,4,Success,Purchase,Penang,MYR,False
TXN-20240123-0001818,WALL-0009440,MERCH-00259,PM-03,DEV-01,2024-01-23 16:59:53,38.23,0.3058,0.0,3,Success,Subscription,Phuket,THB,True
TXN-20240123-0001819,WALL-0147762,MERCH-00355,PM-01,DEV-01,2024-01-23 15:36:42,37.89,0.0,0.0,3,Success,Bill Payment,Yangon,MMK,False
TXN-20240123-0001820,WALL-0090298,MERCH-00018,PM-02,DEV-04,2024-01-23 18:02:37,12.93,0.0259,0.2586,1,Success,Purchase,Medan,IDR,False
TXN-20240123-0001821,WALL-0104271,MERCH-00358,PM-01,DEV-05,2024-01-23 10:23:41,32.12,0.0,0.0,3,Success,Bill Payment,Pathein,MMK,False
TXN-20240123-0001822,WALL-0078409,MERCH-00299,PM-04,DEV-01,2024-01-23 07:21:56,100.0,2.0,8.0,20,Success,Purchase,Pune,INR,False
TXN-20240123-0001823,WALL-0114209,MERCH-00225,PM-04,DEV-02,2024-01-23 07:04:03,12.39,0.2478,0.0,1,Success,Purchase,Mandalay,MMK,False
TXN-20240123-0001824,WALL-0077819,MERCH-00192,PM-02,DEV-01,2024-01-23 21:37:55,5.69,0.0114,0.0,0,Success,Purchase,Mandalay,MMK,False
TXN-20240123-0001825,WALL-0084823,MERCH-00367,PM-01,DEV-01,2024-01-23 16:45:27,33.48,0.0,0.0,3,Success,Bill Payment,Kuala Lumpur,MYR,False
TXN-20240123-0001826,WALL-0070487,MERCH-00232,PM-01,DEV-01,2024-01-23 15:36:12,10.4,0.0,0.0,1,Success,Subscription,Taunggyi,MMK,False
TXN-20240123-0001827,WALL-0130319,MERCH-00115,PM-02,DEV-01,2024-01-23 07:53:29,28.23,0.0565,0.0,2,Success,Purchase,Siem Reap,NPR,False
TXN-20240123-0001828,WALL-0043994,MERCH-00362,PM-04,DEV-01,2024-01-23 02:05:59,47.8,0.956,0.0,4,Success,Bill Payment,Naypyidaw,MMK,False
TXN-20240123-0001829,WALL-0125184,MERCH-00434,PM-01,DEV-01,2024-01-23 10:54:43,50.0,0.0,0.0,5,Success,Tax Payment,Taunggyi,MMK,False
TXN-20240123-0001830,WALL-0058122,MERCH-00016,PM-01,DEV-01,2024-01-23 12:36:40,36.93,0.0,0.7385,3,Success,Purchase,Medan,IDR,False
TXN-20240123-0001831,WALL-0109552,MERCH-00180,PM-02,DEV-02,2024-01-23 06:24:55,197.62,0.3952,9.8808,19,Success,Purchase,Pattaya,THB,False
TXN-20240123-0001832,WALL-0019478,MERCH-00343,PM-04,DEV-01,2024-01-23 14:18:54,117.1,2.3419,0.0,11,Success,Bill Payment,Mawlamyine,MMK,False
TXN-20240123-0001833,WALL-0098730,MERCH-00002,PM-05,DEV-02,2024-01-23 13:46:19,41.0,0.0,0.82,4,Success,Purchase,Siem Reap,KHR,False
TXN-20240123-0001834,WALL-0040641,MERCH-00036,PM-01,DEV-02,2024-01-23 07:59:04,27.75,0.0,0.555,2,Success,Purchase,Naypyidaw,MMK,False
TXN-20240123-0001835,WALL-0055696,MERCH-00113,PM-01,DEV-01,2024-01-23 18:40:02,43.06,0.0,0.0,4,Success,Purchase,Mandalay,MMK,False
TXN-20240123-0001836,WALL-0072211,MERCH-00092,PM-02,DEV-02,2024-01-23 03:53:21,112.52,0.225,0.0,11,Success,Purchase,Ho Chi Minh City,VND,False
TXN-20240123-0001837,WALL-0029397,MERCH-00381,PM-02,DEV-01,2024-01-23 15:49:48,100.34,0.2007,0.0,10,Success,Purchase,Bago,MMK,False
TXN-20240123-0001838,WALL-0027802,MERCH-00319,PM-02,DEV-05,2024-01-23 18:05:56,57.5,0.115,0.0,5,Success,Bill Payment,Bago,MMK,False
TXN-20240123-0001839,WALL-0000103,MERCH-00423,PM-02,DEV-01,2024-01-23 00:30:18,35.48,0.071,0.0,3,Success,Payment,Pune,INR,False
TXN-20240123-0001840,WALL-0113242,MERCH-00140,PM-01,DEV-01,2024-01-23 18:18:15,83.13,0.0,4.1567,8,Success,Purchase,Jakarta,IDR,False
TXN-20240123-0001841,WALL-0107762,MERCH-00363,PM-04,DEV-01,2024-01-23 15:29:57,37.89,0.7579,0.0,3,Success,Bill Payment,Delhi,INR,False
TXN-20240123-0001842,WALL-0040180,MERCH-00254,PM-03,DEV-01,2024-01-23 15:37:39,19.78,0.1582,0.0,1,Success,Subscription,Mandalay,MMK,False
TXN-20240123-0001843,WALL-0044162,MERCH-00380,PM-01,DEV-01,2024-01-23 11:26:31,106.39,0.0,0.0,10,Success,Purchase,Kuala Lumpur,MYR,False
TXN-20240123-0001844,WALL-0091187,MERCH-00364,PM-02,DEV-03,2024-01-23 05:55:20,30.79,0.0616,0.0,3,Success,Bill Payment,Mandalay,MMK,False
TXN-20240123-0001845,WALL-0002802,MERCH-00009,PM-03,DEV-03,2024-01-23 09:28:07,40.01,0.3201,0.8002,4,Success,Purchase,Kuala Lumpur,MYR,False
TXN-20240123-0001846,WALL-0143945,MERCH-00266,PM-03,DEV-01,2024-01-23 22:38:33,11.24,0.0899,0.0,0,Pending,Subscription,Kathmandu,NPR,False
TXN-20240123-0001847,WALL-0105992,MERCH-00065,PM-02,DEV-02,2024-01-23 19:02:10,20.82,0.0416,0.4165,2,Success,Purchase,Khon Kaen,BDT,False
TXN-20240123-0001848,WALL-0123499,MERCH-00399,PM-01,DEV-01,2024-01-23 17:04:24,61.21,0.0,0.0,6,Success,Purchase,Phnom Penh,KHR,False
TXN-20240123-0001849,WALL-0023828,MERCH-00368,PM-01,DEV-01,2024-01-23 19:43:41,55.08,0.0,0.0,0,Failed,Bill Payment,Chittagong,BDT,False
TXN-20240123-0001850,WALL-0131888,MERCH-00005,PM-03,DEV-01,2024-01-23 16:46:00,22.68,0.1814,0.4536,2,Success,Purchase,Karachi,PKR,False
TXN-20240123-0001851,WALL-0138724,MERCH-00009,PM-01,DEV-01,2024-01-23 11:31:54,5.0,0.0,0.1,0,Success,Purchase,Mawlamyine,MMK,False
TXN-20240123-0001852,WALL-0007556,MERCH-00181,PM-02,DEV-01,2024-01-23 15:11:48,113.31,0.2266,5.6657,11,Success,Purchase,Delhi,INR,False
TXN-20240123-0001853,WALL-0094492,MERCH-00334,PM-02,DEV-01,2024-01-23 06:31:35,32.96,0.0659,0.0,3,Success,Bill Payment,Bangkok,THB,False
TXN-20240123-0001854,WALL-0015160,MERCH-00140,PM-02,DEV-01,2024-01-23 16:41:51,24.16,0.0483,1.2081,2,Success,Purchase,Mawlamyine,MYR,False
TXN-20240123-0001855,WALL-0047292,MERCH-00101,PM-04,DEV-02,2024-01-23 12:46:49,109.09,2.1818,0.0,10,Success,Purchase,Ho Chi Minh City,VND,False
TXN-20240123-0001856,WALL-0147867,MERCH-00470,PM-01,DEV-03,2024-01-23 14:10:05,104.8,0.0,0.0,10,Success,Payment,Singapore,SGD,False
TXN-20240123-0001857,WALL-0048886,MERCH-00264,PM-01,DEV-03,2024-01-23 05:14:57,6.71,0.0,0.0,0,Success,Subscription,Kandy,LKR,False
TXN-20240123-0001858,WALL-0095692,MERCH-00188,PM-02,DEV-01,2024-01-23 08:31:31,37.48,0.075,1.8738,3,Success,Purchase,Mandalay,MMK,False
TXN-20240123-0001859,WALL-0041640,MERCH-00188,PM-04,DEV-01,2024-01-23 22:53:07,45.36,0.9073,2.2682,4,Success,Purchase,Pune,INR,False
TXN-20240123-0001860,WALL-0114986,MERCH-00132,PM-04,DEV-01,2024-01-23 12:35:04,20.0,0.4,1.0,2,Success,Purchase,Mumbai,INR,False
TXN-20240123-0001861,WALL-0065728,MERCH-00208,PM-02,DEV-01,2024-01-23 09:04:46,21.37,0.0427,0.0,2,Success,Purchase,Taunggyi,MMK,False
TXN-20240123-0001862,WALL-0138923,MERCH-00075,PM-02,DEV-03,2024-01-23 17:48:49,14.33,0.0287,0.2866,1,Success,Purchase,Ahmedabad,INR,False
TXN-20240123-0001863,WALL-0062439,MERCH-00207,PM-04,DEV-02,2024-01-23 02:54:34,5.0,0.1,0.0,0,Success,Purchase,Taunggyi,MMK,False
TXN-20240123-0001864,WALL-0007224,MERCH-00202,PM-05,DEV-01,2024-01-23 12:31:17,7.16,0.0,0.0,0,Success,Purchase,Bangalore,INR,False
TXN-20240123-0001865,WALL-0030472,MERCH-00088,PM-03,DEV-01,2024-01-23 06:28:27,31.91,0.2552,0.0,3,Success,Purchase,Mawlamyine,MMK,False
TXN-20240123-0001866,WALL-0127113,MERCH-00005,PM-02,DEV-04,2024-01-23 11:00:16,7.52,0.015,0.1504,0,Success,Purchase,Phnom Penh,KHR,False
TXN-20240123-0001867,WALL-0128314,MERCH-00351,PM-05,DEV-01,2024-01-23 21:52:41,18.83,0.0,0.0,1,Success,Bill Payment,Cebu City,PHP,False
TXN-20240123-0001868,WALL-0072494,MERCH-00142,PM-02,DEV-02,2024-01-23 16:45:08,25.79,0.0516,1.2895,2,Success,Purchase,Bangalore,INR,False
TXN-20240123-0001869,WALL-0132549,MERCH-00374,PM-01,DEV-01,2024-01-23 09:47:06,39.38,0.0,0.0,3,Success,Purchase,Myitkyina,MMK,False
TXN-20240123-0001870,WALL-0077933,MERCH-00439,PM-02,DEV-03,2024-01-23 08:38:46,503.24,1.0065,0.0,50,Success,Tax Payment,Bago,MMK,False
TXN-20240123-0001871,WALL-0112719,MERCH-00034,PM-01,DEV-02,2024-01-23 16:32:50,42.0,0.0,0.84,4,Success,Purchase,Ahmedabad,INR,False
TXN-20240123-0001872,WALL-0036564,MERCH-00113,PM-01,DEV-01,2024-01-23 05:38:07,48.3,0.0,0.0,4,Success,Purchase,Mawlamyine,MMK,False
TXN-20240123-0001873,WALL-0032577,MERCH-00383,PM-01,DEV-02,2024-01-23 17:39:07,22.75,0.0,0.0,2,Success,Purchase,Kuala Lumpur,MYR,False
TXN-20240123-0001874,WALL-0114858,MERCH-00044,PM-01,DEV-01,2024-01-23 18:52:03,38.72,0.0,0.7743,3,Success,Purchase,Phuket,THB,False
TXN-20240123-0001875,WALL-0143458,MERCH-00072,PM-02,DEV-01,2024-01-23 06:25:10,6.91,0.0138,0.1382,0,Success,Purchase,Penang,MYR,False
TXN-20240123-0001876,WALL-0072435,MERCH-00260,PM-03,DEV-02,2024-01-23 15:43:45,32.67,0.2614,0.0,3,Success,Subscription,Phuket,MMK,False
TXN-20240123-0001877,WALL-0056993,MERCH-00060,PM-01,DEV-01,2024-01-23 18:45:16,10.81,0.0,0.2162,1,Success,Purchase,Davao,PHP,False
TXN-20240123-0001878,WALL-0096936,MERCH-00419,PM-01,DEV-01,2024-01-23 10:57:58,133.05,0.0,0.0,13,Success,Payment,Kuala Lumpur,PHP,False
TXN-20240123-0001879,WALL-0035531,MERCH-00113,PM-03,DEV-01,2024-01-23 06:38:17,129.62,1.0369,0.0,12,Success,Purchase,Taunggyi,MMK,False
TXN-20240123-0001880,WALL-0136985,MERCH-00023,PM-02,DEV-02,2024-01-23 20:37:46,48.33,0.0967,0.9667,4,Success,Purchase,Myitkyina,MMK,False
TXN-20240123-0001881,WALL-0115982,MERCH-00041,PM-02,DEV-05,2024-01-23 12:47:14,26.4,0.0528,0.528,2,Success,Purchase,Bangalore,INR,False
TXN-20240123-0001882,WALL-0080346,MERCH-00107,PM-04,DEV-02,2024-01-23 04:07:54,63.18,1.2637,0.0,6,Success,Purchase,Hanoi,VND,False
TXN-20240123-0001883,WALL-0131930,MERCH-00373,PM-01,DEV-03,2024-01-23 15:20:03,27.76,0.0,0.0,2,Success,Purchase,Mandalay,MMK,False
TXN-20240123-0001884,WALL-0019458,MERCH-00367,PM-03,DEV-02,2024-01-23 13:17:38,77.75,0.622,0.0,7,Success,Bill Payment,Pune,INR,False
TXN-20240123-0001885,WALL-0061953,MERCH-00075,PM-02,DEV-01,2024-01-23 21:20:02,19.71,0.0394,0.3942,1,Success,Purchase,Pune,INR,False
TXN-20240123-0001886,WALL-0135102,MERCH-00038,PM-01,DEV-03,2024-01-23 18:19:16,36.14,0.0,0.7229,3,Success,Purchase,Kolkata,INR,False
TXN-20240123-0001887,WALL-0083723,MERCH-00393,PM-01,DEV-01,2024-01-23 08:27:37,21.32,0.0,0.0,2,Success,Purchase,Mumbai,INR,False
TXN-20240123-0001888,WALL-0079359,MERCH-00284,PM-04,DEV-04,2024-01-23 13:40:13,169.71,3.3941,13.5765,33,Success,Purchase,Mandalay,MMK,False
TXN-20240123-0001889,WALL-0119668,MERCH-00219,PM-04,DEV-01,2024-01-23 14:04:07,7.75,0.1549,0.0,0,Success,Purchase,Taunggyi,MMK,False
TXN-20240123-0001890,WALL-0016335,MERCH-00132,PM-03,DEV-01,2024-01-23 06:09:52,1416.42,11.3313,70.8209,141,Success,Purchase,Bandung,IDR,False
TXN-20240123-0001891,WALL-0002056,MERCH-00227,PM-02,DEV-01,2024-01-23 06:06:19,5.0,0.01,0.0,0,Success,Purchase,Surabaya,IDR,False
TXN-20240123-0001892,WALL-0111545,MERCH-00230,PM-01,DEV-02,2024-01-23 19:50:12,11.94,0.0,0.0,1,Success,Purchase,Pokhara,NPR,False
TXN-20240123-0001893,WALL-0008563,MERCH-00196,PM-03,DEV-04,2024-01-23 20:53:16,8.68,0.0694,0.0,0,Success,Purchase,Bandung,IDR,False
TXN-20240123-0001894,WALL-0129803,MERCH-00257,PM-01,DEV-02,2024-01-23 20:24:25,15.54,0.0,0.0,1,Success,Subscription,Hyderabad,INR,False
TXN-20240123-0001895,WALL-0041915,MERCH-00028,PM-03,DEV-01,2024-01-23 12:49:08,12.54,0.1003,0.2508,1,Success,Purchase,Chiang Mai,THB,False
TXN-20240123-0001896,WALL-0080285,MERCH-00332,PM-04,DEV-01,2024-01-23 12:36:52,78.02,1.5605,0.0,7,Success,Bill Payment,Mawlamyine,MMK,False
TXN-20240123-0001897,WALL-0025111,MERCH-00169,PM-03,DEV-01,2024-01-23 20:07:03,74.56,0.5965,3.728,7,Success,Purchase,Mandalay,MMK,False
TXN-20240123-0001898,WALL-0046458,MERCH-00115,PM-03,DEV-01,2024-01-23 11:38:04,16.31,0.1305,0.0,1,Success,Purchase,Mandalay,MMK,False
TXN-20240123-0001899,WALL-0103140,MERCH-00079,PM-01,DEV-03,2024-01-23 07:52:20,14.69,0.0,0.2938,1,Success,Purchase,Quezon City,PHP,False
TXN-20240123-0001900,WALL-0033030,MERCH-00078,PM-05,DEV-01,2024-01-23 14:39:51,11.79,0.0,0.2359,1,Success,Purchase,Taunggyi,MMK,False
TXN-20240123-0001901,WALL-0135154,MERCH-00252,PM-01,DEV-01,2024-01-23 19:59:40,6.39,0.0,0.0,0,Success,Subscription,Islamabad,PKR,False
TXN-20240123-0001902,WALL-0112186,MERCH-00197,PM-05,DEV-01,2024-01-23 16:04:04,14.71,0.0,0.0,1,Success,Purchase,Hyderabad,INR,False
TXN-20240123-0001903,WALL-0005674,MERCH-00207,PM-04,DEV-05,2024-01-23 10:03:36,8.49,0.1698,0.0,0,Success,Purchase,Jakarta,MMK,False
TXN-20240123-0001904,WALL-0074534,MERCH-00014,PM-05,DEV-01,2024-01-23 15:50:41,29.36,0.0,0.5873,2,Success,Purchase,Myitkyina,MMK,False
TXN-20240123-0001905,WALL-0097733,MERCH-00055,PM-02,DEV-03,2024-01-23 16:28:03,8.96,0.0179,0.1792,0,Success,Purchase,Pathein,MMK,False
TXN-20240123-0001906,WALL-0142533,MERCH-00424,PM-01,DEV-01,2024-01-23 18:33:30,101.94,0.0,0.0,10,Success,Payment,Yangon,MMK,False
TXN-20240123-0001907,WALL-0031964,MERCH-00066,PM-01,DEV-03,2024-01-23 13:38:52,16.78,0.0,0.3357,1,Success,Purchase,Chennai,INR,False
TXN-20240123-0001908,WALL-0120005,MERCH-00249,PM-03,DEV-01,2024-01-23 09:04:38,13.12,0.105,0.0,1,Success,Subscription,Bago,BDT,False
TXN-20240123-0001909,WALL-0124323,MERCH-00226,PM-01,DEV-01,2024-01-23 11:21:39,30.83,0.0,0.0,3,Success,Purchase,Kolkata,INR,False
TXN-20240123-0001910,WALL-0006038,MERCH-00126,PM-01,DEV-01,2024-01-23 16:33:02,46.49,0.0,0.0,4,Success,Purchase,Delhi,INR,False
TXN-20240123-0001911,WALL-0108333,MERCH-00315,PM-01,DEV-01,2024-01-23 18:28:03,167.03,0.0,0.0,16,Success,Bill Payment,Pune,INR,False
TXN-20240123-0001912,WALL-0082868,MERCH-00393,PM-02,DEV-01,2024-01-23 21:11:31,57.05,0.1141,0.0,5,Success,Purchase,Da Nang,VND,False
TXN-20240123-0001913,WALL-0066681,MERCH-00272,PM-04,DEV-01,2024-01-23 22:54:51,965.53,19.3106,77.2425,193,Success,Purchase,Mandalay,MMK,False
TXN-20240123-0001914,WALL-0017235,MERCH-00024,PM-01,DEV-01,2024-01-23 12:50:37,33.73,0.0,0.6747,3,Success,Purchase,Karachi,PKR,False
TXN-20240123-0001915,WALL-0126299,MERCH-00372,PM-01,DEV-03,2024-01-23 21:21:45,84.01,0.0,0.0,8,Success,Purchase,Delhi,INR,False
TXN-20240123-0001916,WALL-0069391,MERCH-00017,PM-01,DEV-02,2024-01-23 21:08:37,15.19,0.0,0.3037,1,Success,Purchase,Da Nang,VND,False
TXN-20240123-0001917,WALL-0103151,MERCH-00274,PM-01,DEV-01,2024-01-23 15:13:09,422.6,0.0,33.8079,84,Success,Purchase,Khon Kaen,THB,False
TXN-20240123-0001918,WALL-0122096,MERCH-00187,PM-04,DEV-01,2024-01-23 18:09:31,228.73,4.5745,11.4363,22,Success,Purchase,Delhi,INR,False
TXN-20240123-0001919,WALL-0003105,MERCH-00035,PM-01,DEV-05,2024-01-23 12:59:11,10.56,0.0,0.2112,1,Success,Purchase,Mawlamyine,MMK,False
TXN-20240123-0001920,WALL-0100983,MERCH-00315,PM-02,DEV-02,2024-01-23 18:58:44,117.92,0.2358,0.0,11,Success,Bill Payment,Taunggyi,MMK,False
TXN-20240123-0001921,WALL-0033634,MERCH-00432,PM-01,DEV-01,2024-01-23 14:56:55,317.86,0.0,0.0,31,Success,Tax Payment,Naypyidaw,MMK,False
TXN-20240123-0001922,WALL-0104328,MERCH-00496,PM-01,DEV-01,2024-01-23 18:37:21,440.64,0.0,0.0,44,Success,Payment,Pune,INR,False
TXN-20240123-0001923,WALL-0117418,MERCH-00380,PM-01,DEV-01,2024-01-23 04:31:30,98.97,0.0,0.0,9,Success,Purchase,Pathein,MMK,False
TXN-20240123-0001924,WALL-0137100,MERCH-00096,PM-02,DEV-01,2024-01-23 07:38:58,27.81,0.0556,0.0,2,Success,Purchase,Mawlamyine,MMK,False
TXN-20240123-0001925,WALL-0096091,MERCH-00057,PM-01,DEV-02,2024-01-23 13:11:59,14.46,0.0,0.2891,1,Success,Purchase,Mandalay,MMK,False
TXN-20240123-0001926,WALL-0047041,MERCH-00257,PM-01,DEV-01,2024-01-23 13:46:12,16.72,0.0,0.0,1,Success,Subscription,Yangon,MMK,False
TXN-20240123-0001927,WALL-0067970,MERCH-00010,PM-01,DEV-03,2024-01-23 17:24:48,15.28,0.0,0.3057,1,Success,Purchase,Hyderabad,INR,False
TXN-20240123-0001928,WALL-0023729,MERCH-00277,PM-04,DEV-02,2024-01-23 09:20:07,384.28,7.6856,30.7424,76,Success,Purchase,Jakarta,IDR,False
TXN-20240123-0001929,WALL-0124449,MERCH-00066,PM-02,DEV-01,2024-01-23 21:13:22,99.0,0.198,1.98,9,Success,Purchase,Chittagong,BDT,False
TXN-20240123-0001930,WALL-0146847,MERCH-00032,PM-01,DEV-02,2024-01-23 08:31:59,14.08,0.0,0.2816,1,Success,Purchase,Bago,MMK,False
TXN-20240123-0001931,WALL-0025517,MERCH-00324,PM-04,DEV-01,2024-01-23 03:06:12,28.28,0.5656,0.0,2,Success,Bill Payment,Hanoi,VND,False
TXN-20240123-0001932,WALL-0027519,MERCH-00070,PM-02,DEV-02,2024-01-23 18:04:14,11.9,0.0238,0.238,1,Success,Purchase,Bago,MMK,False
TXN-20240123-0001933,WALL-0128971,MERCH-00268,PM-01,DEV-01,2024-01-23 18:46:31,21.68,0.0,0.0,2,Success,Subscription,Pattaya,THB,False
TXN-20240123-0001934,WALL-0110054,MERCH-00318,PM-04,DEV-01,2024-01-23 00:52:36,24.63,0.4925,0.0,2,Success,Bill Payment,Mawlamyine,MMK,False
TXN-20240123-0001935,WALL-0088907,MERCH-00074,PM-01,DEV-02,2024-01-23 17:27:45,47.15,0.0,0.9431,4,Success,Purchase,Yangon,MMK,False
TXN-20240123-0001936,WALL-0026016,MERCH-00399,PM-03,DEV-03,2024-01-23 23:15:56,120.0,0.96,0.0,12,Success,Purchase,Yangon,MMK,False
TXN-20240123-0001937,WALL-0112942,MERCH-00055,PM-03,DEV-02,2024-01-23 11:35:58,12.68,0.1014,0.2536,1,Success,Purchase,Pathein,MMK,False
TXN-20240123-0001938,WALL-0088326,MERCH-00183,PM-02,DEV-04,2024-01-23 06:25:53,61.19,0.1224,3.0594,6,Success,Purchase,Phnom Penh,KHR,False
TXN-20240123-0001939,WALL-0005470,MERCH-00198,PM-05,DEV-02,2024-01-23 06:20:15,6.65,0.0,0.0,0,Success,Purchase,Cebu City,PHP,False
TXN-20240123-0001940,WALL-0018786,MERCH-00410,PM-04,DEV-02,2024-01-23 13:23:45,77.09,1.5417,0.0,7,Success,Payment,Mawlamyine,MMK,False
TXN-20240123-0001941,WALL-0111551,MERCH-00220,PM-05,DEV-04,2024-01-23 02:20:02,30.48,0.0,0.0,3,Success,Purchase,Manila,PHP,False
TXN-20240123-0001942,WALL-0099649,MERCH-00114,PM-01,DEV-03,2024-01-23 17:50:08,140.0,0.0,0.0,14,Success,Purchase,Islamabad,MMK,False
TXN-20240123-0001943,WALL-0052300,MERCH-00229,PM-01,DEV-01,2024-01-23 06:13:19,10.4,0.0,0.0,1,Success,Purchase,Yangon,MMK,False
TXN-20240123-0001944,WALL-0060245,MERCH-00081,PM-01,DEV-01,2024-01-23 13:00:15,36.66,0.0,0.0,3,Success,Purchase,Lahore,PKR,False
TXN-20240123-0001945,WALL-0049406,MERCH-00048,PM-02,DEV-02,2024-01-23 18:08:31,44.86,0.0897,0.8971,4,Success,Purchase,Bago,MMK,False
TXN-20240123-0001946,WALL-0117722,MERCH-00002,PM-01,DEV-03,2024-01-23 14:57:10,16.31,0.0,0.3262,1,Success,Purchase,Delhi,INR,False
TXN-20240123-0001947,WALL-0051226,MERCH-00223,PM-04,DEV-01,2024-01-23 16:21:58,6.6,0.132,0.0,0,Success,Purchase,Taunggyi,MMK,False
TXN-20240123-0001948,WALL-0008449,MERCH-00304,PM-02,DEV-01,2024-01-23 09:47:40,100.0,0.2,8.0,20,Success,Purchase,Taunggyi,MMK,False
TXN-20240123-0001949,WALL-0015725,MERCH-00420,PM-03,DEV-04,2024-01-23 21:38:25,467.91,3.7433,0.0,46,Success,Payment,Pathein,MMK,False
TXN-20240123-0001950,WALL-0072036,MERCH-00113,PM-01,DEV-03,2024-01-23 06:52:55,49.66,0.0,0.0,4,Success,Purchase,Mawlamyine,MMK,False
TXN-20240123-0001951,WALL-0011105,MERCH-00247,PM-05,DEV-01,2024-01-23 16:45:18,17.1,0.0,0.0,0,Reversed,Subscription,Ahmedabad,INR,False
TXN-20240123-0001952,WALL-0007725,MERCH-00198,PM-01,DEV-04,2024-01-23 05:51:13,30.38,0.0,0.0,3,Success,Purchase,Taunggyi,MMK,False
TXN-20240123-0001953,WALL-0054880,MERCH-00106,PM-01,DEV-02,2024-01-23 08:58:04,56.03,0.0,0.0,5,Success,Purchase,Myitkyina,MMK,False
TXN-20240123-0001954,WALL-0114967,MERCH-00320,PM-04,DEV-03,2024-01-23 08:00:24,55.31,1.1063,0.0,5,Success,Bill Payment,Pune,MMK,False
TXN-20240123-0001955,WALL-0133744,MERCH-00020,PM-02,DEV-01,2024-01-23 12:35:27,10.62,0.0212,0.2123,1,Success,Purchase,Davao,PHP,False
TXN-20240123-0001956,WALL-0015819,MERCH-00314,PM-05,DEV-02,2024-01-23 20:57:43,156.94,0.0,0.0,15,Success,Bill Payment,Manila,PHP,False
TXN-20240123-0001957,WALL-0073037,MERCH-00354,PM-03,DEV-02,2024-01-23 03:17:27,37.28,0.2982,0.0,3,Success,Bill Payment,Siem Reap,KHR,False
TXN-20240123-0001958,WALL-0024679,MERCH-00064,PM-03,DEV-04,2024-01-23 13:13:17,7.7,0.0616,0.0,0,Pending,Purchase,Myitkyina,MMK,False
TXN-20240123-0001959,WALL-0011522,MERCH-00426,PM-02,DEV-02,2024-01-23 13:20:51,269.88,0.5398,0.0,26,Success,Payment,Ho Chi Minh City,VND,False
TXN-20240123-0001960,WALL-0129988,MERCH-00100,PM-05,DEV-01,2024-01-23 15:35:07,29.18,0.0,0.0,2,Success,Purchase,Johor Bahru,MYR,False
TXN-20240123-0001961,WALL-0138685,MERCH-00381,PM-01,DEV-01,2024-01-23 15:13:57,70.71,0.0,0.0,7,Success,Purchase,Colombo,LKR,False
TXN-20240123-0001962,WALL-0003296,MERCH-00143,PM-04,DEV-01,2024-01-23 20:43:20,33.85,0.677,1.6924,3,Success,Purchase,Myitkyina,MMK,False
TXN-20240123-0001963,WALL-0098163,MERCH-00016,PM-04,DEV-02,2024-01-23 19:43:27,22.35,0.4471,0.4471,2,Success,Purchase,Yangon,MMK,False
TXN-20240123-0001964,WALL-0117472,MERCH-00118,PM-01,DEV-02,2024-01-23 11:53:19,144.8,0.0,0.0,14,Success,Purchase,Naypyidaw,MMK,False
TXN-20240123-0001965,WALL-0105761,MERCH-00098,PM-02,DEV-01,2024-01-23 18:02:16,16.29,0.0326,0.0,1,Success,Purchase,Kolkata,MMK,False
TXN-20240123-0001966,WALL-0021443,MERCH-00410,PM-04,DEV-01,2024-01-23 10:20:33,39.3,0.7859,0.0,3,Success,Payment,Manila,PHP,False
TXN-20240123-0001967,WALL-0133037,MERCH-00385,PM-01,DEV-01,2024-01-23 06:45:14,60.07,0.0,0.0,6,Success,Purchase,Ho Chi Minh City,MMK,False
TXN-20240123-0001968,WALL-0116466,MERCH-00010,PM-02,DEV-05,2024-01-23 12:53:30,17.13,0.0343,0.3427,1,Success,Purchase,Quezon City,PHP,False
TXN-20240123-0001969,WALL-0053138,MERCH-00043,PM-01,DEV-04,2024-01-23 20:43:18,11.7,0.0,0.2339,1,Success,Purchase,Kandy,LKR,False
TXN-20240123-0001970,WALL-0099759,MERCH-00048,PM-01,DEV-01,2024-01-23 08:23:15,6.97,0.0,0.1395,0,Success,Purchase,Penang,MYR,False
TXN-20240123-0001971,WALL-0012263,MERCH-00060,PM-01,DEV-03,2024-01-23 21:38:26,25.02,0.0,0.5005,2,Success,Purchase,Jaipur,INR,False
TXN-20240123-0001972,WALL-0094149,MERCH-00207,PM-01,DEV-02,2024-01-23 11:13:36,9.16,0.0,0.0,0,Success,Purchase,Myitkyina,MMK,False
TXN-20240123-0001973,WALL-0049960,MERCH-00032,PM-01,DEV-01,2024-01-23 15:51:25,28.58,0.0,0.5716,2,Success,Purchase,Mandalay,MMK,False
TXN-20240123-0001974,WALL-0093135,MERCH-00475,PM-02,DEV-01,2024-01-23 12:19:07,129.87,0.2597,0.0,12,Success,Payment,Quezon City,PHP,False
TXN-20240123-0001975,WALL-0008664,MERCH-00031,PM-01,DEV-01,2024-01-23 16:54:34,8.61,0.0,0.1722,0,Success,Purchase,Myitkyina,MMK,False
TXN-20240123-0001976,WALL-0078425,MERCH-00047,PM-02,DEV-01,2024-01-23 18:26:37,8.69,0.0174,0.1738,0,Success,Purchase,Chittagong,BDT,False
TXN-20240123-0001977,WALL-0017593,MERCH-00269,PM-04,DEV-02,2024-01-23 15:08:12,7.32,0.1465,0.0,0,Success,Subscription,Penang,BDT,False
TXN-20240123-0001978,WALL-0010550,MERCH-00348,PM-01,DEV-01,2024-01-23 12:18:16,57.64,0.0,0.0,5,Success,Bill Payment,Myitkyina,MMK,False
TXN-20240123-0001979,WALL-0046402,MERCH-00090,PM-02,DEV-03,2024-01-23 17:59:07,22.06,0.0441,0.0,2,Success,Purchase,Jaipur,INR,False
TXN-20240123-0001980,WALL-0024573,MERCH-00280,PM-02,DEV-02,2024-01-23 18:13:22,100.0,0.2,8.0,20,Success,Purchase,Pathein,MMK,False
TXN-20240123-0001981,WALL-0042934,MERCH-00214,PM-02,DEV-01,2024-01-23 17:54:37,19.56,0.0391,0.0,1,Success,Purchase,Islamabad,PKR,False
TXN-20240123-0001982,WALL-0063336,MERCH-00087,PM-02,DEV-01,2024-01-23 18:58:01,105.9,0.2118,0.0,10,Success,Purchase,Quezon City,MMK,False
TXN-20240123-0001983,WALL-0107883,MERCH-00265,PM-01,DEV-01,2024-01-23 04:59:31,25.72,0.0,0.0,2,Success,Subscription,Bandung,IDR,False
TXN-20240123-0001984,WALL-0136213,MERCH-00214,PM-01,DEV-02,2024-01-23 17:40:40,15.13,0.0,0.0,1,Success,Purchase,Siem Reap,KHR,False
TXN-20240123-0001985,WALL-0083645,MERCH-00136,PM-04,DEV-03,2024-01-23 17:09:52,110.2,2.204,5.5101,11,Success,Purchase,Pattaya,MMK,False
TXN-20240123-0001986,WALL-0127758,MERCH-00243,PM-02,DEV-04,2024-01-23 08:57:23,39.34,0.0787,0.0,3,Success,Subscription,Bangalore,INR,False
TXN-20240123-0001987,WALL-0060177,MERCH-00238,PM-01,DEV-01,2024-01-23 21:15:15,11.01,0.0,0.0,1,Success,Subscription,Mumbai,INR,False
TXN-20240123-0001988,WALL-0050529,MERCH-00351,PM-02,DEV-01,2024-01-23 13:24:16,58.9,0.1178,0.0,5,Success,Bill Payment,Surabaya,IDR,False
TXN-20240123-0001989,WALL-0018839,MERCH-00124,PM-03,DEV-01,2024-01-23 17:33:04,51.36,0.4109,0.0,5,Success,Purchase,Myitkyina,MMK,False
TXN-20240123-0001990,WALL-0030533,MERCH-00039,PM-02,DEV-01,2024-01-23 15:19:22,24.37,0.0487,0.4874,2,Success,Purchase,Davao,PHP,False
TXN-20240123-0001991,WALL-0015001,MERCH-00071,PM-02,DEV-02,2024-01-23 17:31:51,16.35,0.0327,0.3269,1,Success,Purchase,Siem Reap,KHR,False
TXN-20240123-0001992,WALL-0041223,MERCH-00157,PM-01,DEV-01,2024-01-23 05:10:51,155.64,0.0,7.7822,15,Success,Purchase,Yangon,MMK,False
TXN-20240123-0001993,WALL-0129211,MERCH-00281,PM-04,DEV-03,2024-01-23 10:08:25,574.89,11.4977,45.9908,114,Success,Purchase,Phnom Penh,MMK,False
TXN-20240123-0001994,WALL-0001317,MERCH-00073,PM-04,DEV-02,2024-01-23 15:59:23,7.39,0.1478,0.1478,0,Success,Purchase,Kuala Lumpur,MYR,False
TXN-20240123-0001995,WALL-0141944,MERCH-00190,PM-03,DEV-01,2024-01-23 16:43:02,97.45,0.7796,4.8724,9,Success,Purchase,Myitkyina,MMK,False
TXN-20240123-0001996,WALL-0002835,MERCH-00335,PM-02,DEV-01,2024-01-23 15:20:09,205.83,0.4117,0.0,20,Success,Bill Payment,Hyderabad,MYR,False
TXN-20240123-0001997,WALL-0040785,MERCH-00214,PM-03,DEV-01,2024-01-23 01:26:34,6.57,0.0525,0.0,0,Success,Purchase,Mandalay,MMK,False
TXN-20240123-0001998,WALL-0134311,MERCH-00073,PM-01,DEV-02,2024-01-23 08:33:05,28.06,0.0,0.5612,2,Success,Purchase,Bangkok,THB,False
TXN-20240123-0001999,WALL-0135457,MERCH-00156,PM-01,DEV-01,2024-01-23 17:55:43,160.71,0.0,8.0357,16,Success,Purchase,Bali,MMK,False
TXN-20240123-0002000,WALL-0134821,MERCH-00234,PM-03,DEV-03,2024-01-23 01:54:49,11.8,0.0944,0.0,1,Success,Subscription,Johor Bahru,MYR,False
TXN-20240123-0002001,WALL-0143920,MERCH-00010,PM-01,DEV-01,2024-01-23 15:24:16,5.0,0.0,0.1,0,Success,Purchase,Kolkata,INR,False
TXN-20240123-0002002,WALL-0026656,MERCH-00030,PM-01,DEV-02,2024-01-23 03:09:44,76.66,0.0,1.5332,7,Success,Purchase,Colombo,LKR,False
TXN-20240123-0002003,WALL-0047802,MERCH-00029,PM-01,DEV-04,2024-01-23 13:45:55,28.24,0.0,0.5647,2,Success,Purchase,Naypyidaw,MMK,False
TXN-20240123-0002004,WALL-0128397,MERCH-00054,PM-04,DEV-02,2024-01-23 13:19:16,12.9,0.2581,0.2581,1,Success,Purchase,Yangon,MMK,False
TXN-20240123-0002005,WALL-0106828,MERCH-00028,PM-01,DEV-01,2024-01-23 18:41:13,72.01,0.0,1.4403,7,Success,Purchase,Mandalay,MMK,False
TXN-20240123-0002006,WALL-0090822,MERCH-00284,PM-04,DEV-01,2024-01-23 16:57:59,948.94,18.9789,75.9155,189,Success,Purchase,Pathein,MMK,False
TXN-20240123-0002007,WALL-0060834,MERCH-00103,PM-03,DEV-01,2024-01-23 13:03:19,66.51,0.5321,0.0,6,Success,Purchase,Da Nang,VND,False
TXN-20240123-0002008,WALL-0006097,MERCH-00292,PM-01,DEV-01,2024-01-23 20:39:47,1095.4,0.0,87.6323,219,Success,Purchase,Hanoi,VND,False
TXN-20240123-0002009,WALL-0079364,MERCH-00043,PM-02,DEV-01,2024-01-23 20:56:11,16.52,0.033,0.3305,1,Success,Purchase,Yangon,MMK,False
TXN-20240123-0002010,WALL-0044106,MERCH-00272,PM-04,DEV-01,2024-01-23 17:01:27,981.45,19.629,78.5161,196,Success,Purchase,Mawlamyine,MMK,False
TXN-20240123-0002011,WALL-0123903,MERCH-00364,PM-02,DEV-01,2024-01-23 07:05:57,34.98,0.07,0.0,3,Success,Bill Payment,Islamabad,PKR,False
TXN-20240123-0002012,WALL-0095594,MERCH-00008,PM-04,DEV-05,2024-01-23 19:29:18,32.96,0.6592,0.6592,3,Success,Purchase,Dhaka,BDT,False
TXN-20240123-0002013,WALL-0064589,MERCH-00411,PM-01,DEV-03,2024-01-23 12:05:17,155.81,0.0,0.0,15,Success,Payment,Bandung,MMK,False
TXN-20240123-0002014,WALL-0147826,MERCH-00081,PM-04,DEV-01,2024-01-23 21:36:09,58.69,1.1738,0.0,5,Success,Purchase,Mawlamyine,MYR,False
TXN-20240123-0002015,WALL-0057094,MERCH-00412,PM-04,DEV-03,2024-01-23 13:56:20,72.78,1.4557,0.0,7,Success,Payment,Mandalay,MMK,False
TXN-20240123-0002016,WALL-0072352,MERCH-00373,PM-02,DEV-01,2024-01-23 17:05:06,44.63,0.0893,0.0,4,Success,Purchase,Johor Bahru,MYR,False
TXN-20240123-0002017,WALL-0005622,MERCH-00458,PM-01,DEV-02,2024-01-23 16:06:31,231.78,0.0,0.0,23,Success,Payment,Davao,PHP,False
TXN-20240123-0002018,WALL-0147079,MERCH-00056,PM-02,DEV-01,2024-01-23 20:05:07,5.86,0.0117,0.1173,0,Success,Purchase,Kuala Lumpur,MYR,False
TXN-20240123-0002019,WALL-0066929,MERCH-00074,PM-02,DEV-02,2024-01-23 16:37:29,16.4,0.0328,0.3281,1,Success,Purchase,Delhi,INR,False
TXN-20240123-0002020,WALL-0012940,MERCH-00439,PM-02,DEV-01,2024-01-23 09:45:02,121.2,0.2424,0.0,12,Success,Tax Payment,Karachi,PKR,False
TXN-20240123-0002021,WALL-0027539,MERCH-00179,PM-02,DEV-03,2024-01-23 06:09:56,63.84,0.1277,3.1918,6,Success,Purchase,Mawlamyine,MMK,False
TXN-20240123-0002022,WALL-0035726,MERCH-00019,PM-02,DEV-01,2024-01-23 15:18:23,28.26,0.0565,0.5651,2,Success,Purchase,Cebu City,MMK,False
TXN-20240123-0002023,WALL-0120354,MERCH-00232,PM-03,DEV-02,2024-01-23 19:15:51,24.84,0.1987,0.0,2,Success,Subscription,Delhi,INR,False
TXN-20240123-0002024,WALL-0054828,MERCH-00312,PM-04,DEV-01,2024-01-23 16:36:10,84.09,1.6818,0.0,8,Success,Bill Payment,Penang,MYR,False
TXN-20240123-0002025,WALL-0098578,MERCH-00228,PM-02,DEV-01,2024-01-23 06:13:10,5.0,0.01,0.0,0,Success,Purchase,Surabaya,IDR,False
TXN-20240123-0002026,WALL-0145685,MERCH-00131,PM-01,DEV-01,2024-01-23 18:34:08,20.0,0.0,1.0,2,Success,Purchase,Chiang Mai,PHP,False
TXN-20240123-0002027,WALL-0058917,MERCH-00019,PM-03,DEV-02,2024-01-23 16:37:19,17.17,0.1374,0.3435,1,Success,Purchase,Mandalay,MMK,False
TXN-20240123-0002028,WALL-0001386,MERCH-00232,PM-05,DEV-01,2024-01-23 17:40:33,17.05,0.0,0.0,1,Success,Subscription,Pune,INR,False
TXN-20240123-0002029,WALL-0119151,MERCH-00089,PM-01,DEV-02,2024-01-23 04:55:12,27.65,0.0,0.0,2,Success,Purchase,Hanoi,VND,False
TXN-20240123-0002030,WALL-0148386,MERCH-00035,PM-02,DEV-01,2024-01-23 14:04:55,33.36,0.0667,0.6672,3,Success,Purchase,Davao,PHP,False
TXN-20240123-0002031,WALL-0065921,MERCH-00264,PM-01,DEV-02,2024-01-23 16:06:52,9.1,0.0,0.0,0,Success,Subscription,Manila,PHP,False
TXN-20240123-0002032,WALL-0099517,MERCH-00340,PM-03,DEV-01,2024-01-23 12:04:27,40.48,0.3239,0.0,4,Success,Bill Payment,Mumbai,INR,False
TXN-20240123-0002033,WALL-0001975,MERCH-00101,PM-03,DEV-03,2024-01-23 12:56:49,42.32,0.3385,0.0,4,Success,Purchase,Myitkyina,MMK,False
TXN-20240123-0002034,WALL-0097086,MERCH-00072,PM-05,DEV-01,2024-01-23 18:16:07,25.01,0.0,0.5001,2,Success,Purchase,Bago,MMK,False
TXN-20240123-0002035,WALL-0023920,MERCH-00460,PM-03,DEV-01,2024-01-23 19:31:02,475.34,3.8027,0.0,47,Success,Payment,Naypyidaw,MMK,False
TXN-20240123-0002036,WALL-0095626,MERCH-00255,PM-02,DEV-01,2024-01-23 17:51:03,24.55,0.0491,0.0,2,Success,Subscription,Manila,PHP,False
TXN-20240123-0002037,WALL-0059081,MERCH-00123,PM-01,DEV-03,2024-01-23 15:56:39,25.85,0.0,0.0,2,Success,Purchase,Yangon,MMK,False
TXN-20240123-0002038,WALL-0008954,MERCH-00416,PM-04,DEV-01,2024-01-23 20:07:54,20.0,0.4,0.0,2,Success,Payment,Delhi,INR,False
TXN-20240123-0002039,WALL-0060091,MERCH-00072,PM-02,DEV-01,2024-01-23 11:59:20,10.3,0.0206,0.2061,1,Success,Purchase,Mandalay,MMK,False
TXN-20240123-0002040,WALL-0139686,MERCH-00157,PM-02,DEV-01,2024-01-23 17:09:46,122.39,0.2448,6.1193,12,Success,Purchase,Quezon City,PHP,False
TXN-20240123-0002041,WALL-0056059,MERCH-00259,PM-01,DEV-05,2024-01-23 17:16:47,24.79,0.0,0.0,2,Success,Subscription,Taunggyi,MMK,False
TXN-20240123-0002042,WALL-0041374,MERCH-00256,PM-04,DEV-01,2024-01-23 13:18:07,20.56,0.4111,0.0,2,Success,Subscription,Taunggyi,MMK,False
TXN-20240123-0002043,WALL-0039730,MERCH-00016,PM-01,DEV-01,2024-01-23 12:24:02,12.85,0.0,0.2571,1,Success,Purchase,Kandy,LKR,False
TXN-20240123-0002044,WALL-0056128,MERCH-00042,PM-04,DEV-03,2024-01-23 18:44:41,45.94,0.9188,0.9188,4,Success,Purchase,Yangon,MMK,False
TXN-20240123-0002045,WALL-0063924,MERCH-00225,PM-03,DEV-01,2024-01-23 08:45:08,21.28,0.1702,0.0,2,Success,Purchase,Pathein,MMK,False
TXN-20240123-0002046,WALL-0024464,MERCH-00336,PM-01,DEV-01,2024-01-23 19:40:59,75.83,0.0,0.0,7,Success,Bill Payment,Chittagong,BDT,False
TXN-20240123-0002047,WALL-0070984,MERCH-00004,PM-02,DEV-04,2024-01-23 18:22:46,16.69,0.0334,0.3339,1,Success,Purchase,Siem Reap,BDT,False
TXN-20240123-0002048,WALL-0116328,MERCH-00067,PM-01,DEV-02,2024-01-23 23:54:00,8.88,0.0,0.1776,0,Success,Purchase,Naypyidaw,MMK,False
TXN-20240123-0002049,WALL-0070965,MERCH-00057,PM-02,DEV-01,2024-01-23 18:31:36,37.82,0.0756,0.7563,3,Success,Purchase,Kandy,LKR,False
TXN-20240123-0002050,WALL-0130942,MERCH-00225,PM-02,DEV-01,2024-01-23 13:10:42,7.07,0.0141,0.0,0,Failed,Purchase,Pathein,MMK,False
TXN-20240123-0002051,WALL-0042103,MERCH-00217,PM-04,DEV-04,2024-01-23 13:09:10,18.52,0.3704,0.0,1,Success,Purchase,Naypyidaw,MMK,False
TXN-20240123-0002052,WALL-0014512,MERCH-00125,PM-03,DEV-01,2024-01-23 16:22:54,40.2,0.3216,0.0,4,Success,Purchase,Ho Chi Minh City,VND,False
TXN-20240123-0002053,WALL-0105347,MERCH-00171,PM-02,DEV-01,2024-01-23 07:52:42,135.64,0.2713,6.7822,13,Success,Purchase,Kolkata,INR,False
TXN-20240123-0002054,WALL-0136450,MERCH-00298,PM-02,DEV-01,2024-01-23 14:18:19,160.26,0.3205,12.8209,32,Success,Purchase,Dhaka,BDT,False
TXN-20240123-0002055,WALL-0087293,MERCH-00087,PM-02,DEV-01,2024-01-23 19:04:23,31.13,0.0623,0.0,0,Failed,Purchase,Hanoi,VND,False
TXN-20240123-0002056,WALL-0030712,MERCH-00056,PM-03,DEV-03,2024-01-23 19:46:26,30.36,0.2429,0.6072,3,Success,Purchase,Mawlamyine,MMK,False
TXN-20240123-0002057,WALL-0085389,MERCH-00009,PM-03,DEV-01,2024-01-23 20:17:54,16.26,0.1301,0.3252,1,Success,Purchase,Bangalore,INR,False
TXN-20240123-0002058,WALL-0002019,MERCH-00391,PM-02,DEV-01,2024-01-23 16:38:53,28.87,0.0577,0.0,2,Success,Purchase,Yangon,MMK,False
TXN-20240123-0002059,WALL-0123172,MERCH-00247,PM-02,DEV-01,2024-01-23 21:35:34,21.71,0.0434,0.0,2,Success,Subscription,Da Nang,PKR,False
TXN-20240123-0002060,WALL-0043482,MERCH-00299,PM-01,DEV-03,2024-01-23 12:21:07,506.77,0.0,40.5413,101,Success,Purchase,Cebu City,PHP,False
TXN-20240123-0002061,WALL-0015156,MERCH-00193,PM-01,DEV-03,2024-01-23 22:56:16,5.73,0.0,0.0,0,Success,Purchase,Mandalay,MMK,False
TXN-20240123-0002062,WALL-0025177,MERCH-00106,PM-04,DEV-02,2024-01-23 20:37:45,190.5,3.8101,0.0,19,Success,Purchase,Bago,MMK,False
TXN-20240123-0002063,WALL-0006153,MERCH-00055,PM-01,DEV-02,2024-01-23 13:57:48,11.57,0.0,0.2314,1,Success,Purchase,Myitkyina,MMK,False
TXN-20240123-0002064,WALL-0107487,MERCH-00153,PM-01,DEV-02,2024-01-23 19:21:05,122.1,0.0,6.1048,12,Success,Purchase,Hyderabad,INR,False
TXN-20240123-0002065,WALL-0013166,MERCH-00072,PM-01,DEV-01,2024-01-23 16:50:33,12.84,0.0,0.2569,1,Success,Purchase,Bali,IDR,False
TXN-20240123-0002066,WALL-0028340,MERCH-00455,PM-01,DEV-01,2024-01-23 09:58:27,131.14,0.0,0.0,13,Success,Payment,Penang,MYR,False
TXN-20240123-0002067,WALL-0037558,MERCH-00312,PM-01,DEV-01,2024-01-23 12:38:09,44.88,0.0,0.0,4,Success,Bill Payment,Taunggyi,MMK,False
TXN-20240123-0002068,WALL-0068023,MERCH-00339,PM-04,DEV-03,2024-01-23 18:14:41,93.83,1.8766,0.0,9,Success,Bill Payment,Siem Reap,KHR,False
TXN-20240123-0002069,WALL-0068211,MERCH-00055,PM-01,DEV-01,2024-01-23 21:32:46,35.74,0.0,0.7147,3,Success,Purchase,Chennai,INR,False
TXN-20240123-0002070,WALL-0142432,MERCH-00133,PM-02,DEV-01,2024-01-23 04:17:41,162.36,0.3247,8.1179,16,Success,Purchase,Colombo,LKR,False
TXN-20240123-0002071,WALL-0041392,MERCH-00408,PM-03,DEV-01,2024-01-23 10:22:03,67.04,0.5363,0.0,6,Success,Payment,Chittagong,BDT,False
TXN-20240123-0002072,WALL-0103899,MERCH-00176,PM-01,DEV-05,2024-01-23 17:05:01,81.52,0.0,4.0762,8,Success,Purchase,Chittagong,BDT,False
TXN-20240123-0002073,WALL-0122056,MERCH-00076,PM-02,DEV-01,2024-01-23 08:43:26,19.13,0.0383,0.3826,1,Success,Purchase,Taunggyi,BDT,False
TXN-20240123-0002074,WALL-0067092,MERCH-00438,PM-01,DEV-03,2024-01-23 10:19:31,171.49,0.0,0.0,17,Success,Tax Payment,Bago,MMK,False
TXN-20240123-0002075,WALL-0138442,MERCH-00276,PM-02,DEV-01,2024-01-23 19:56:14,779.46,1.5589,62.3568,155,Success,Purchase,Chiang Mai,THB,False
TXN-20240123-0002076,WALL-0062068,MERCH-00428,PM-01,DEV-01,2024-01-23 13:44:53,66.23,0.0,0.0,6,Success,Payment,Ahmedabad,INR,False
TXN-20240123-0002077,WALL-0020727,MERCH-00147,PM-02,DEV-02,2024-01-23 11:03:53,30.72,0.0614,1.5359,3,Success,Purchase,Dhaka,BDT,False
TXN-20240123-0002078,WALL-0059376,MERCH-00151,PM-01,DEV-01,2024-01-23 21:56:58,309.88,0.0,15.4939,30,Success,Purchase,Naypyidaw,MMK,False
TXN-20240123-0002079,WALL-0014908,MERCH-00398,PM-01,DEV-01,2024-01-23 12:54:28,120.0,0.0,0.0,12,Success,Purchase,Mandalay,MMK,False
TXN-20240123-0002080,WALL-0084386,MERCH-00053,PM-01,DEV-03,2024-01-23 14:42:37,30.68,0.0,0.6136,3,Success,Purchase,Phnom Penh,KHR,False
TXN-20240123-0002081,WALL-0040229,MERCH-00244,PM-04,DEV-03,2024-01-23 09:55:09,7.89,0.1579,0.0,0,Success,Subscription,Pathein,MMK,False
TXN-20240123-0002082,WALL-0072643,MERCH-00164,PM-02,DEV-01,2024-01-23 20:35:11,33.53,0.0671,1.6766,3,Success,Purchase,Dhaka,BDT,False
TXN-20240123-0002083,WALL-0103340,MERCH-00241,PM-01,DEV-02,2024-01-23 11:35:25,8.28,0.0,0.0,0,Success,Subscription,Chiang Mai,THB,False
TXN-20240123-0002084,WALL-0078681,MERCH-00163,PM-02,DEV-02,2024-01-23 18:04:06,162.56,0.3251,8.1279,16,Success,Purchase,Myitkyina,MMK,False
TXN-20240123-0002085,WALL-0048884,MERCH-00424,PM-02,DEV-01,2024-01-23 15:14:23,262.53,0.5251,0.0,26,Success,Payment,Yangon,MMK,False
TXN-20240123-0002086,WALL-0129034,MERCH-00290,PM-01,DEV-01,2024-01-23 08:44:58,910.86,0.0,72.8691,182,Success,Purchase,Ahmedabad,INR,False
TXN-20240123-0002087,WALL-0057139,MERCH-00182,PM-02,DEV-02,2024-01-23 21:48:57,31.75,0.0635,1.5874,3,Success,Purchase,Jakarta,IDR,False
TXN-20240123-0002088,WALL-0135602,MERCH-00167,PM-02,DEV-01,2024-01-23 07:00:56,44.64,0.0893,2.232,4,Success,Purchase,Karachi,PKR,False
TXN-20240123-0002089,WALL-0134699,MERCH-00228,PM-01,DEV-05,2024-01-23 13:29:33,8.06,0.0,0.0,0,Success,Purchase,Bago,MMK,False
TXN-20240123-0002090,WALL-0005666,MERCH-00086,PM-03,DEV-01,2024-01-23 11:26:14,23.13,0.185,0.0,2,Success,Purchase,Dhaka,INR,False
TXN-20240123-0002091,WALL-0069603,MERCH-00050,PM-01,DEV-02,2024-01-23 11:07:42,28.07,0.0,0.5614,2,Success,Purchase,Mawlamyine,MMK,False
TXN-20240123-0002092,WALL-0103942,MERCH-00223,PM-03,DEV-01,2024-01-23 19:01:28,36.86,0.2949,0.0,3,Success,Purchase,Pathein,MMK,False
TXN-20240123-0002093,WALL-0070162,MERCH-00006,PM-01,DEV-02,2024-01-23 16:20:28,19.51,0.0,0.3901,1,Success,Purchase,Medan,IDR,False
TXN-20240123-0002094,WALL-0135224,MERCH-00216,PM-01,DEV-01,2024-01-23 18:11:19,7.77,0.0,0.0,0,Success,Purchase,Myitkyina,MMK,False
TXN-20240123-0002095,WALL-0018455,MERCH-00362,PM-01,DEV-02,2024-01-23 19:35:47,15.81,0.0,0.0,1,Success,Bill Payment,Pathein,MMK,False
TXN-20240123-0002096,WALL-0063272,MERCH-00098,PM-05,DEV-01,2024-01-23 12:55:21,122.55,0.0,0.0,12,Success,Purchase,Cebu City,PHP,False
TXN-20240123-0002097,WALL-0017563,MERCH-00319,PM-03,DEV-02,2024-01-23 14:05:53,85.43,0.6834,0.0,8,Success,Bill Payment,Myitkyina,MMK,False
TXN-20240123-0002098,WALL-0082093,MERCH-00086,PM-01,DEV-05,2024-01-23 09:15:04,45.44,0.0,0.0,4,Success,Purchase,Chittagong,MMK,False
TXN-20240123-0002099,WALL-0096476,MERCH-00178,PM-01,DEV-03,2024-01-23 20:10:26,20.0,0.0,1.0,2,Success,Purchase,Chennai,MMK,False
TXN-20240123-0002100,WALL-0033444,MERCH-00056,PM-02,DEV-03,2024-01-23 15:12:20,23.57,0.0471,0.4714,2,Success,Purchase,Naypyidaw,MMK,False
TXN-20240123-0002101,WALL-0121593,MERCH-00156,PM-02,DEV-04,2024-01-23 10:42:24,20.0,0.04,1.0,2,Success,Purchase,Pokhara,NPR,False
TXN-20240123-0002102,WALL-0011984,MERCH-00055,PM-01,DEV-03,2024-01-23 19:20:59,15.22,0.0,0.3044,1,Success,Purchase,Siem Reap,KHR,False
TXN-20240123-0002103,WALL-0020941,MERCH-00010,PM-01,DEV-02,2024-01-23 19:16:29,11.95,0.0,0.239,1,Success,Purchase,Bago,MMK,False
TXN-20240123-0002104,WALL-0018930,MERCH-00124,PM-02,DEV-01,2024-01-23 20:47:28,98.68,0.1974,0.0,9,Success,Purchase,Pathein,MMK,False
TXN-20240123-0002105,WALL-0050544,MERCH-00180,PM-01,DEV-02,2024-01-23 14:21:27,551.87,0.0,27.5936,55,Success,Purchase,Taunggyi,MMK,False
TXN-20240123-0002106,WALL-0039465,MERCH-00322,PM-02,DEV-01,2024-01-23 13:59:41,62.95,0.1259,0.0,6,Success,Bill Payment,Pokhara,INR,False
TXN-20240123-0002107,WALL-0123855,MERCH-00010,PM-01,DEV-01,2024-01-23 20:00:03,54.05,0.0,1.081,5,Success,Purchase,Mawlamyine,MMK,False
TXN-20240123-0002108,WALL-0123072,MERCH-00203,PM-02,DEV-03,2024-01-23 17:22:45,12.93,0.0259,0.0,1,Success,Purchase,Bandung,IDR,False
TXN-20240123-0002109,WALL-0056819,MERCH-00484,PM-02,DEV-01,2024-01-23 14:20:36,337.81,0.6756,0.0,33,Success,Payment,Kolkata,INR,False
TXN-20240123-0002110,WALL-0133652,MERCH-00351,PM-02,DEV-02,2024-01-23 19:04:38,40.55,0.0811,0.0,0,Pending,Bill Payment,Naypyidaw,MMK,False
TXN-20240123-0002111,WALL-0075706,MERCH-00217,PM-02,DEV-01,2024-01-23 08:23:12,5.27,0.0105,0.0,0,Success,Purchase,Hanoi,VND,False
TXN-20240123-0002112,WALL-0054820,MERCH-00011,PM-01,DEV-02,2024-01-23 19:00:10,12.03,0.0,0.2406,1,Success,Purchase,Colombo,LKR,False
TXN-20240123-0002113,WALL-0007560,MERCH-00257,PM-02,DEV-01,2024-01-23 06:17:42,13.02,0.026,0.0,1,Success,Subscription,Medan,IDR,False
TXN-20240123-0002114,WALL-0013235,MERCH-00016,PM-03,DEV-02,2024-01-23 19:16:09,11.61,0.0929,0.2322,1,Success,Purchase,Ho Chi Minh City,VND,False
TXN-20240123-0002115,WALL-0126710,MERCH-00118,PM-03,DEV-05,2024-01-23 14:42:42,26.62,0.213,0.0,2,Success,Purchase,Delhi,PKR,False
TXN-20240123-0002116,WALL-0075591,MERCH-00152,PM-02,DEV-02,2024-01-23 02:44:31,28.84,0.0577,1.4418,2,Success,Purchase,Mandalay,MMK,False
TXN-20240123-0002117,WALL-0109811,MERCH-00467,PM-02,DEV-01,2024-01-23 17:54:59,105.01,0.21,0.0,10,Success,Payment,Surabaya,IDR,False
TXN-20240123-0002118,WALL-0104852,MERCH-00127,PM-04,DEV-01,2024-01-23 14:35:00,33.85,0.677,0.0,3,Success,Purchase,Singapore,SGD,False
TXN-20240123-0002119,WALL-0128081,MERCH-00081,PM-04,DEV-02,2024-01-23 20:04:47,41.61,0.8323,0.0,0,Failed,Purchase,Islamabad,PKR,False
TXN-20240123-0002120,WALL-0033611,MERCH-00247,PM-01,DEV-01,2024-01-23 21:52:54,10.17,0.0,0.0,1,Success,Subscription,Mandalay,MMK,False
TXN-20240123-0002121,WALL-0106068,MERCH-00160,PM-03,DEV-01,2024-01-23 21:04:24,119.84,0.9587,5.992,11,Success,Purchase,Pattaya,THB,False
TXN-20240123-0002122,WALL-0120687,MERCH-00014,PM-03,DEV-05,2024-01-23 16:08:56,18.68,0.1495,0.3736,1,Success,Purchase,Khon Kaen,THB,False
TXN-20240123-0002123,WALL-0121205,MERCH-00293,PM-01,DEV-03,2024-01-23 06:43:05,194.19,0.0,15.5356,38,Success,Purchase,Johor Bahru,MYR,False
TXN-20240123-0002124,WALL-0003709,MERCH-00397,PM-04,DEV-02,2024-01-23 18:16:59,74.89,1.4978,0.0,7,Success,Purchase,Bangkok,THB,False
TXN-20240123-0002125,WALL-0128733,MERCH-00426,PM-01,DEV-01,2024-01-23 17:51:42,82.17,0.0,0.0,8,Success,Payment,Cebu City,PHP,False
TXN-20240123-0002126,WALL-0039100,MERCH-00125,PM-01,DEV-02,2024-01-23 14:51:57,34.61,0.0,0.0,3,Success,Purchase,Pattaya,PKR,False
TXN-20240123-0002127,WALL-0105224,MERCH-00385,PM-03,DEV-01,2024-01-23 17:27:14,36.93,0.2954,0.0,3,Success,Purchase,Siem Reap,KHR,False
TXN-20240123-0002128,WALL-0145076,MERCH-00246,PM-02,DEV-03,2024-01-23 20:35:24,7.81,0.0156,0.0,0,Success,Subscription,Myitkyina,MMK,False
TXN-20240123-0002129,WALL-0021764,MERCH-00350,PM-01,DEV-03,2024-01-23 17:06:32,42.34,0.0,0.0,4,Success,Bill Payment,Myitkyina,MMK,False
TXN-20240123-0002130,WALL-0062061,MERCH-00421,PM-04,DEV-04,2024-01-23 07:04:21,94.13,1.8825,0.0,9,Success,Payment,Manila,PHP,False
TXN-20240123-0002131,WALL-0004663,MERCH-00109,PM-02,DEV-01,2024-01-23 21:33:22,13.12,0.0262,0.0,1,Success,Purchase,Hyderabad,INR,False
TXN-20240123-0002132,WALL-0001603,MERCH-00269,PM-02,DEV-04,2024-01-23 09:03:16,22.7,0.0454,0.0,2,Success,Subscription,Khon Kaen,THB,False
TXN-20240123-0002133,WALL-0025107,MERCH-00168,PM-01,DEV-02,2024-01-23 15:08:59,114.84,0.0,5.7418,11,Success,Purchase,Yangon,MMK,False
TXN-20240123-0002134,WALL-0065363,MERCH-00365,PM-02,DEV-01,2024-01-23 14:26:21,12.52,0.025,0.0,0,Reversed,Bill Payment,Johor Bahru,MYR,False
TXN-20240123-0002135,WALL-0048637,MERCH-00075,PM-01,DEV-01,2024-01-23 22:32:37,17.82,0.0,0.0,0,Failed,Purchase,Khon Kaen,THB,False
TXN-20240123-0002136,WALL-0137445,MERCH-00409,PM-01,DEV-03,2024-01-23 19:20:00,20.75,0.0,0.0,2,Success,Payment,Mumbai,INR,False
TXN-20240123-0002137,WALL-0065323,MERCH-00098,PM-01,DEV-02,2024-01-23 15:26:39,31.68,0.0,0.0,3,Success,Purchase,Hyderabad,INR,False
TXN-20240123-0002138,WALL-0105476,MERCH-00227,PM-04,DEV-01,2024-01-23 12:27:01,23.79,0.4757,0.0,2,Success,Purchase,Yangon,MMK,False
TXN-20240123-0002139,WALL-0145307,MERCH-00183,PM-03,DEV-01,2024-01-23 16:12:54,34.6,0.2768,1.7298,3,Success,Purchase,Naypyidaw,MMK,False
TXN-20240123-0002140,WALL-0082225,MERCH-00447,PM-01,DEV-02,2024-01-23 16:24:45,393.47,0.0,0.0,39,Success,Tax Payment,Pattaya,THB,False
TXN-20240123-0002141,WALL-0101902,MERCH-00408,PM-04,DEV-01,2024-01-23 12:42:25,68.97,1.3795,0.0,6,Success,Payment,Myitkyina,MMK,False
TXN-20240123-0002142,WALL-0106964,MERCH-00244,PM-05,DEV-01,2024-01-23 21:28:55,5.0,0.0,0.0,0,Success,Subscription,Bago,MMK,False
TXN-20240123-0002143,WALL-0111504,MERCH-00235,PM-01,DEV-01,2024-01-23 07:22:35,29.61,0.0,0.0,2,Success,Subscription,Cebu City,PHP,False
TXN-20240123-0002144,WALL-0106998,MERCH-00002,PM-02,DEV-01,2024-01-23 17:02:56,11.8,0.0236,0.236,1,Success,Purchase,Phnom Penh,KHR,False
TXN-20240123-0002145,WALL-0037337,MERCH-00275,PM-01,DEV-01,2024-01-23 16:33:38,884.36,0.0,70.749,176,Success,Purchase,Taunggyi,MMK,False
TXN-20240123-0002146,WALL-0092875,MERCH-00157,PM-04,DEV-05,2024-01-23 15:05:27,433.97,8.6795,21.6987,43,Success,Purchase,Taunggyi,MMK,False
TXN-20240123-0002147,WALL-0053738,MERCH-00418,PM-01,DEV-02,2024-01-23 19:29:00,254.53,0.0,0.0,25,Success,Payment,Taunggyi,MMK,False
TXN-20240123-0002148,WALL-0089822,MERCH-00361,PM-03,DEV-01,2024-01-23 16:58:21,37.27,0.2982,0.0,3,Success,Bill Payment,Chiang Mai,MMK,False
TXN-20240123-0002149,WALL-0027880,MERCH-00436,PM-01,DEV-04,2024-01-23 14:19:50,50.44,0.0,0.0,5,Success,Tax Payment,Pattaya,THB,False
TXN-20240123-0002150,WALL-0072879,MERCH-00071,PM-01,DEV-01,2024-01-23 17:14:55,8.6,0.0,0.172,0,Success,Purchase,Karachi,PKR,False
TXN-20240123-0002151,WALL-0121855,MERCH-00194,PM-02,DEV-03,2024-01-23 08:31:19,13.18,0.0264,0.0,1,Success,Purchase,Quezon City,MMK,False
TXN-20240123-0002152,WALL-0127052,MERCH-00344,PM-01,DEV-01,2024-01-23 07:16:46,70.81,0.0,0.0,7,Success,Bill Payment,Jakarta,IDR,False
TXN-20240123-0002153,WALL-0031423,MERCH-00380,PM-03,DEV-03,2024-01-23 16:09:29,45.84,0.3667,0.0,4,Success,Purchase,Pathein,MMK,False
TXN-20240123-0002154,WALL-0135066,MERCH-00112,PM-01,DEV-01,2024-01-23 17:00:18,24.33,0.0,0.0,2,Success,Purchase,Bago,MMK,False
TXN-20240123-0002155,WALL-0030600,MERCH-00435,PM-01,DEV-01,2024-01-23 15:26:54,233.55,0.0,0.0,23,Success,Tax Payment,Pathein,MMK,False
TXN-20240123-0002156,WALL-0016202,MERCH-00388,PM-01,DEV-01,2024-01-23 11:57:22,83.42,0.0,0.0,8,Success,Purchase,Manila,PHP,False
TXN-20240123-0002157,WALL-0018384,MERCH-00263,PM-03,DEV-03,2024-01-23 11:40:53,21.6,0.1728,0.0,2,Success,Subscription,Bago,MMK,False
TXN-20240123-0002158,WALL-0125117,MERCH-00159,PM-04,DEV-01,2024-01-23 15:04:05,86.39,1.7278,4.3196,8,Success,Purchase,Jaipur,INR,False
TXN-20240123-0002159,WALL-0071214,MERCH-00095,PM-01,DEV-05,2024-01-23 14:27:06,10.28,0.0,0.0,1,Success,Purchase,Kathmandu,NPR,False
TXN-20240123-0002160,WALL-0009317,MERCH-00339,PM-01,DEV-03,2024-01-23 09:09:57,31.61,0.0,0.0,3,Success,Bill Payment,Bali,IDR,False
TXN-20240123-0002161,WALL-0026841,MERCH-00333,PM-02,DEV-01,2024-01-23 09:41:48,52.06,0.1041,0.0,5,Success,Bill Payment,Kolkata,IDR,False
TXN-20240123-0002162,WALL-0047838,MERCH-00099,PM-01,DEV-01,2024-01-23 15:29:52,17.64,0.0,0.0,1,Success,Purchase,Naypyidaw,MMK,False
TXN-20240123-0002163,WALL-0074380,MERCH-00066,PM-01,DEV-05,2024-01-23 13:41:56,13.44,0.0,0.2689,1,Success,Purchase,Phnom Penh,KHR,False
TXN-20240123-0002164,WALL-0060868,MERCH-00398,PM-04,DEV-01,2024-01-23 13:13:23,179.59,3.5917,0.0,17,Success,Purchase,Siem Reap,MMK,False
TXN-20240123-0002165,WALL-0124619,MERCH-00005,PM-01,DEV-01,2024-01-23 01:18:46,28.18,0.0,0.5636,2,Success,Purchase,Kolkata,MMK,False
TXN-20240123-0002166,WALL-0003252,MERCH-00181,PM-03,DEV-04,2024-01-23 21:25:03,749.05,5.9924,37.4527,74,Success,Purchase,Taunggyi,MMK,False
TXN-20240123-0002167,WALL-0053739,MERCH-00319,PM-02,DEV-01,2024-01-23 16:53:56,200.85,0.4017,0.0,20,Success,Bill Payment,Mandalay,MMK,False
TXN-20240123-0002168,WALL-0077394,MERCH-00463,PM-02,DEV-02,2024-01-23 14:40:57,122.55,0.2451,0.0,12,Success,Payment,Chennai,MYR,False
TXN-20240123-0002169,WALL-0140530,MERCH-00363,PM-02,DEV-02,2024-01-23 09:36:13,28.22,0.0564,0.0,2,Success,Bill Payment,Karachi,THB,False
TXN-20240123-0002170,WALL-0025770,MERCH-00375,PM-02,DEV-01,2024-01-23 06:32:20,49.32,0.0986,0.0,4,Success,Purchase,Penang,MYR,False
TXN-20240123-0002171,WALL-0005609,MERCH-00324,PM-01,DEV-01,2024-01-23 08:56:04,61.96,0.0,0.0,6,Success,Bill Payment,Colombo,LKR,False
TXN-20240123-0002172,WALL-0113250,MERCH-00001,PM-05,DEV-01,2024-01-23 16:25:15,25.45,0.0,0.5091,2,Success,Purchase,Siem Reap,KHR,False
TXN-20240123-0002173,WALL-0034926,MERCH-00369,PM-01,DEV-01,2024-01-23 04:33:29,106.96,0.0,0.0,10,Success,Bill Payment,Chennai,INR,False
TXN-20240123-0002174,WALL-0003661,MERCH-00280,PM-04,DEV-01,2024-01-23 12:53:16,100.0,2.0,8.0,20,Success,Purchase,Bago,MMK,False
TXN-20240123-0002175,WALL-0049434,MERCH-00261,PM-04,DEV-01,2024-01-23 16:30:55,5.0,0.1,0.0,0,Success,Subscription,Chiang Mai,THB,False
TXN-20240123-0002176,WALL-0025539,MERCH-00325,PM-05,DEV-01,2024-01-23 11:19:30,44.66,0.0,0.0,4,Success,Bill Payment,Mandalay,MMK,False
TXN-20240123-0002177,WALL-0051999,MERCH-00387,PM-01,DEV-02,2024-01-23 17:11:53,95.87,0.0,0.0,9,Success,Purchase,Siem Reap,INR,False
TXN-20240123-0002178,WALL-0007698,MERCH-00273,PM-01,DEV-03,2024-01-23 15:26:36,342.38,0.0,27.3904,68,Success,Purchase,Islamabad,PKR,False
TXN-20240123-0002179,WALL-0007378,MERCH-00298,PM-03,DEV-05,2024-01-23 21:39:28,800.1,6.4008,64.0079,160,Success,Purchase,Manila,PHP,False
TXN-20240123-0002180,WALL-0115366,MERCH-00345,PM-01,DEV-01,2024-01-23 16:09:25,40.35,0.0,0.0,4,Success,Bill Payment,Mandalay,MMK,False
TXN-20240123-0002181,WALL-0129946,MERCH-00104,PM-02,DEV-03,2024-01-23 21:13:09,41.47,0.0829,0.0,4,Success,Purchase,Singapore,SGD,False
TXN-20240123-0002182,WALL-0009673,MERCH-00037,PM-05,DEV-01,2024-01-23 20:25:15,6.52,0.0,0.1304,0,Success,Purchase,Quezon City,PHP,False
TXN-20240123-0002183,WALL-0016016,MERCH-00033,PM-04,DEV-01,2024-01-23 16:35:51,32.51,0.6503,0.6503,3,Success,Purchase,Myitkyina,MMK,False
TXN-20240123-0002184,WALL-0051383,MERCH-00143,PM-04,DEV-04,2024-01-23 22:25:50,58.93,1.1786,2.9464,5,Success,Purchase,Myitkyina,MMK,False
TXN-20240123-0002185,WALL-0057988,MERCH-00246,PM-05,DEV-03,2024-01-23 09:59:14,6.16,0.0,0.0,0,Success,Subscription,Lahore,PKR,False
TXN-20240123-0002186,WALL-0055324,MERCH-00260,PM-01,DEV-01,2024-01-23 04:01:04,15.34,0.0,0.0,1,Success,Subscription,Naypyidaw,MMK,False
TXN-20240123-0002187,WALL-0063899,MERCH-00033,PM-02,DEV-01,2024-01-23 21:02:55,14.38,0.0288,0.2875,1,Success,Purchase,Taunggyi,MMK,False
TXN-20240123-0002188,WALL-0001936,MERCH-00001,PM-03,DEV-01,2024-01-23 15:27:46,28.0,0.224,0.5599,2,Success,Purchase,Naypyidaw,MMK,False
TXN-20240123-0002189,WALL-0099608,MERCH-00063,PM-05,DEV-01,2024-01-23 19:14:15,5.0,0.0,0.1,0,Success,Purchase,Naypyidaw,MMK,False
TXN-20240123-0002190,WALL-0107986,MERCH-00379,PM-04,DEV-01,2024-01-23 08:54:47,42.0,0.84,0.0,4,Success,Purchase,Lahore,PKR,False
TXN-20240123-0002191,WALL-0057531,MERCH-00137,PM-02,DEV-01,2024-01-23 18:26:01,156.06,0.3121,7.8031,15,Success,Purchase,Myitkyina,MMK,False
TXN-20240123-0002192,WALL-0001809,MERCH-00131,PM-01,DEV-01,2024-01-23 05:33:38,203.72,0.0,10.1861,20,Success,Purchase,Pune,INR,False
TXN-20240123-0002193,WALL-0004925,MERCH-00406,PM-02,DEV-01,2024-01-23 18:43:37,283.03,0.5661,0.0,28,Success,Payment,Bago,MMK,False
TXN-20240123-0002194,WALL-0069977,MERCH-00149,PM-04,DEV-05,2024-01-23 16:13:39,333.3,6.666,16.6649,33,Success,Purchase,Taunggyi,MMK,False
TXN-20240123-0002195,WALL-0144682,MERCH-00391,PM-04,DEV-01,2024-01-23 16:41:08,26.47,0.5294,0.0,2,Success,Purchase,Bago,MMK,False
TXN-20240123-0002196,WALL-0133277,MERCH-00092,PM-02,DEV-01,2024-01-23 22:35:52,30.6,0.0612,0.0,3,Success,Purchase,Bandung,IDR,False
TXN-20240123-0002197,WALL-0011839,MERCH-00338,PM-01,DEV-01,2024-01-23 14:35:12,42.04,0.0,0.0,4,Success,Bill Payment,Jaipur,PHP,False
TXN-20240123-0002198,WALL-0141337,MERCH-00266,PM-02,DEV-04,2024-01-23 17:58:39,66.0,0.132,0.0,6,Success,Subscription,Myitkyina,MMK,False
TXN-20240123-0002199,WALL-0096981,MERCH-00043,PM-03,DEV-01,2024-01-23 08:54:53,14.63,0.117,0.2925,1,Success,Purchase,Karachi,INR,False
TXN-20240123-0002200,WALL-0053526,MERCH-00279,PM-01,DEV-03,2024-01-23 18:46:39,254.47,0.0,20.3575,50,Success,Purchase,Ho Chi Minh City,VND,False
TXN-20240123-0002201,WALL-0007764,MERCH-00130,PM-04,DEV-01,2024-01-23 13:22:12,258.2,5.1641,0.0,25,Success,Purchase,Naypyidaw,MMK,False
TXN-20240123-0002202,WALL-0138393,MERCH-00253,PM-02,DEV-03,2024-01-23 11:43:44,14.38,0.0288,0.0,1,Success,Subscription,Hanoi,VND,False
TXN-20240123-0002203,WALL-0001538,MERCH-00079,PM-01,DEV-01,2024-01-23 20:29:47,14.61,0.0,0.2922,1,Success,Purchase,Yangon,MMK,False
TXN-20240123-0002204,WALL-0060868,MERCH-00371,PM-04,DEV-01,2024-01-23 18:20:15,60.81,1.2163,0.0,6,Success,Purchase,Mawlamyine,MMK,False
TXN-20240123-0002205,WALL-0050100,MERCH-00376,PM-02,DEV-01,2024-01-23 16:29:29,38.38,0.0768,0.0,0,Pending,Purchase,Taunggyi,MMK,False
TXN-20240123-0002206,WALL-0058579,MERCH-00419,PM-05,DEV-02,2024-01-23 17:36:49,62.8,0.0,0.0,6,Success,Payment,Surabaya,IDR,False
TXN-20240123-0002207,WALL-0063466,MERCH-00070,PM-03,DEV-02,2024-01-23 14:31:04,20.63,0.165,0.4126,2,Success,Purchase,Yangon,THB,False
TXN-20240123-0002208,WALL-0061092,MERCH-00158,PM-04,DEV-01,2024-01-23 16:39:30,121.47,2.4293,6.0733,12,Success,Purchase,Mandalay,MMK,False
TXN-20240123-0002209,WALL-0071311,MERCH-00018,PM-02,DEV-02,2024-01-23 13:02:37,17.48,0.035,0.0,0,Reversed,Purchase,Mandalay,MMK,False
TXN-20240123-0002210,WALL-0023474,MERCH-00036,PM-01,DEV-01,2024-01-23 10:23:42,10.52,0.0,0.2105,1,Success,Purchase,Naypyidaw,MMK,False
TXN-20240123-0002211,WALL-0126162,MERCH-00059,PM-02,DEV-02,2024-01-23 06:05:25,45.98,0.092,0.9195,4,Success,Purchase,Mawlamyine,MMK,False
TXN-20240123-0002212,WALL-0079816,MERCH-00101,PM-04,DEV-01,2024-01-23 18:06:00,60.86,1.2171,0.0,6,Success,Purchase,Naypyidaw,MMK,False
TXN-20240123-0002213,WALL-0069253,MERCH-00261,PM-05,DEV-05,2024-01-23 00:48:42,14.67,0.0,0.0,1,Success,Subscription,Naypyidaw,MMK,False
TXN-20240123-0002214,WALL-0057698,MERCH-00117,PM-03,DEV-02,2024-01-23 07:26:01,59.63,0.477,0.0,5,Success,Purchase,Myitkyina,MMK,False
TXN-20240123-0002215,WALL-0085921,MERCH-00036,PM-01,DEV-02,2024-01-23 12:05:33,58.97,0.0,1.1793,5,Success,Purchase,Naypyidaw,MMK,False
TXN-20240123-0002216,WALL-0014389,MERCH-00381,PM-01,DEV-01,2024-01-23 20:17:55,41.24,0.0,0.0,4,Success,Purchase,Mandalay,MMK,False
TXN-20240123-0002217,WALL-0147966,MERCH-00278,PM-02,DEV-01,2024-01-23 10:57:53,1496.25,2.9925,119.6999,299,Success,Purchase,Mawlamyine,MMK,False
TXN-20240123-0002218,WALL-0143476,MERCH-00154,PM-02,DEV-04,2024-01-23 17:47:19,182.97,0.3659,9.1485,18,Success,Purchase,Bago,MMK,False
TXN-20240123-0002219,WALL-0111534,MERCH-00201,PM-03,DEV-03,2024-01-23 16:52:51,25.25,0.202,0.0,2,Success,Purchase,Bangkok,THB,False
TXN-20240123-0002220,WALL-0071401,MERCH-00386,PM-04,DEV-01,2024-01-23 16:25:36,119.87,2.3974,0.0,11,Success,Purchase,Pokhara,NPR,False
TXN-20240123-0002221,WALL-0077496,MERCH-00012,PM-02,DEV-01,2024-01-23 09:24:07,14.88,0.0298,0.2976,1,Success,Purchase,Manila,PHP,False
TXN-20240123-0002222,WALL-0077769,MERCH-00222,PM-04,DEV-02,2024-01-23 00:11:35,8.07,0.1613,0.0,0,Success,Purchase,Medan,IDR,False
TXN-20240123-0002223,WALL-0145638,MERCH-00156,PM-01,DEV-02,2024-01-23 14:12:55,123.62,0.0,6.1808,12,Success,Purchase,Mawlamyine,MMK,False
TXN-20240123-0002224,WALL-0021232,MERCH-00100,PM-01,DEV-01,2024-01-23 14:29:04,77.32,0.0,0.0,7,Success,Purchase,Kathmandu,NPR,False
TXN-20240123-0002225,WALL-0087479,MERCH-00150,PM-01,DEV-04,2024-01-23 18:38:59,253.24,0.0,12.6621,25,Success,Purchase,Kuala Lumpur,MYR,False
TXN-20240123-0002226,WALL-0099187,MERCH-00314,PM-02,DEV-01,2024-01-23 13:31:49,126.53,0.2531,0.0,12,Success,Bill Payment,Johor Bahru,MYR,False
TXN-20240123-0002227,WALL-0106494,MERCH-00116,PM-05,DEV-01,2024-01-23 16:41:36,39.09,0.0,0.0,3,Success,Purchase,Mawlamyine,MMK,False
TXN-20240123-0002228,WALL-0129941,MERCH-00270,PM-04,DEV-04,2024-01-23 19:55:39,37.78,0.7556,0.0,3,Success,Subscription,Mandalay,MMK,False
TXN-20240123-0002229,WALL-0078369,MERCH-00164,PM-03,DEV-02,2024-01-23 08:23:50,175.66,1.4053,8.7831,17,Success,Purchase,Pathein,MMK,False
TXN-20240123-0002230,WALL-0107651,MERCH-00318,PM-01,DEV-01,2024-01-23 09:13:32,121.64,0.0,0.0,12,Success,Bill Payment,Delhi,INR,False
TXN-20240123-0002231,WALL-0143147,MERCH-00368,PM-01,DEV-01,2024-01-23 09:13:43,47.46,0.0,0.0,4,Success,Bill Payment,Pokhara,NPR,False
TXN-20240123-0002232,WALL-0149100,MERCH-00428,PM-01,DEV-01,2024-01-23 20:10:09,61.59,0.0,0.0,6,Success,Payment,Pathein,MMK,False
TXN-20240123-0002233,WALL-0063700,MERCH-00079,PM-03,DEV-01,2024-01-23 14:33:08,12.61,0.1009,0.2523,1,Success,Purchase,Naypyidaw,MMK,False
TXN-20240123-0002234,WALL-0112881,MERCH-00154,PM-04,DEV-01,2024-01-23 06:47:24,50.0,1.0,2.5,5,Success,Purchase,Delhi,INR,False
TXN-20240123-0002235,WALL-0059199,MERCH-00127,PM-02,DEV-03,2024-01-23 13:34:10,27.24,0.0545,0.0,2,Success,Purchase,Medan,IDR,False
TXN-20240123-0002236,WALL-0141613,MERCH-00314,PM-04,DEV-02,2024-01-23 17:26:13,71.34,1.4269,0.0,7,Success,Bill Payment,Dhaka,BDT,False
TXN-20240123-0002237,WALL-0074384,MERCH-00051,PM-01,DEV-03,2024-01-23 16:11:04,7.57,0.0,0.1514,0,Success,Purchase,Bago,MMK,False
TXN-20240123-0002238,WALL-0127081,MERCH-00403,PM-01,DEV-01,2024-01-23 19:30:20,67.35,0.0,0.0,6,Success,Payment,Cebu City,PHP,False
TXN-20240123-0002239,WALL-0004890,MERCH-00031,PM-02,DEV-02,2024-01-23 21:38:26,12.71,0.0254,0.2541,1,Success,Purchase,Naypyidaw,MMK,False
TXN-20240123-0002240,WALL-0059857,MERCH-00070,PM-01,DEV-01,2024-01-23 00:31:35,29.23,0.0,0.5846,2,Success,Purchase,Bangkok,THB,False
TXN-20240123-0002241,WALL-0025061,MERCH-00169,PM-04,DEV-01,2024-01-23 18:48:38,120.4,2.408,6.0201,12,Success,Purchase,Chennai,INR,False
TXN-20240123-0002242,WALL-0029866,MERCH-00084,PM-01,DEV-02,2024-01-23 20:22:16,68.93,0.0,0.0,6,Success,Purchase,Naypyidaw,MMK,False
TXN-20240123-0002243,WALL-0030753,MERCH-00249,PM-01,DEV-01,2024-01-23 06:45:10,9.82,0.0,0.0,0,Success,Subscription,Delhi,INR,False
TXN-20240123-0002244,WALL-0029136,MERCH-00042,PM-04,DEV-01,2024-01-23 21:39:47,10.3,0.206,0.206,1,Success,Purchase,Jaipur,INR,False
TXN-20240123-0002245,WALL-0148510,MERCH-00301,PM-01,DEV-05,2024-01-23 04:49:49,1139.78,0.0,91.1822,227,Success,Purchase,Yangon,MMK,False
TXN-20240123-0002246,WALL-0077205,MERCH-00406,PM-02,DEV-02,2024-01-23 12:55:27,96.43,0.1929,0.0,9,Success,Payment,Myitkyina,MMK,False
TXN-20240123-0002247,WALL-0140450,MERCH-00351,PM-01,DEV-01,2024-01-23 09:36:10,22.79,0.0,0.0,2,Success,Bill Payment,Mawlamyine,MMK,False
TXN-20240123-0002248,WALL-0104176,MERCH-00005,PM-02,DEV-01,2024-01-23 20:21:50,14.44,0.0289,0.2887,1,Success,Purchase,Pattaya,PHP,False
TXN-20240123-0002249,WALL-0145817,MERCH-00225,PM-01,DEV-01,2024-01-23 15:42:35,8.04,0.0,0.0,0,Success,Purchase,Kathmandu,NPR,False
TXN-20240123-0002250,WALL-0130798,MERCH-00167,PM-01,DEV-05,2024-01-23 21:18:51,56.3,0.0,2.8151,5,Success,Purchase,Karachi,PKR,False
TXN-20240123-0002251,WALL-0055094,MERCH-00402,PM-01,DEV-01,2024-01-23 06:10:16,29.37,0.0,0.0,2,Success,Payment,Bago,MMK,False
TXN-20240123-0002252,WALL-0061734,MERCH-00422,PM-04,DEV-02,2024-01-23 14:59:53,56.92,1.1384,0.0,5,Success,Payment,Mandalay,MMK,False
TXN-20240123-0002253,WALL-0029458,MERCH-00038,PM-01,DEV-01,2024-01-23 12:06:21,14.95,0.0,0.2991,1,Success,Purchase,Kolkata,INR,False
TXN-20240123-0002254,WALL-0017288,MERCH-00137,PM-04,DEV-01,2024-01-23 19:41:34,58.7,1.1739,2.9348,5,Success,Purchase,Phnom Penh,KHR,False
TXN-20240123-0002255,WALL-0100127,MERCH-00425,PM-01,DEV-01,2024-01-23 06:37:40,154.95,0.0,0.0,15,Success,Payment,Pune,INR,False
TXN-20240123-0002256,WALL-0061911,MERCH-00178,PM-02,DEV-01,2024-01-23 06:53:37,24.31,0.0486,1.2157,2,Success,Purchase,Mawlamyine,MMK,False
TXN-20240123-0002257,WALL-0104775,MERCH-00243,PM-01,DEV-01,2024-01-23 14:33:35,27.18,0.0,0.0,2,Success,Subscription,Phuket,THB,False
TXN-20240123-0002258,WALL-0020771,MERCH-00203,PM-03,DEV-01,2024-01-23 09:09:11,5.1,0.0408,0.0,0,Success,Purchase,Ho Chi Minh City,VND,False
TXN-20240123-0002259,WALL-0102922,MERCH-00380,PM-03,DEV-01,2024-01-23 20:13:46,53.95,0.4316,0.0,5,Success,Purchase,Yangon,MMK,False
TXN-20240123-0002260,WALL-0037326,MERCH-00230,PM-02,DEV-01,2024-01-23 23:04:22,10.56,0.0211,0.0,1,Success,Purchase,Chiang Mai,LKR,False
TXN-20240123-0002261,WALL-0077216,MERCH-00160,PM-03,DEV-02,2024-01-23 16:42:32,244.04,1.9523,12.2018,24,Success,Purchase,Pathein,MMK,False
TXN-20240123-0002262,WALL-0087868,MERCH-00023,PM-02,DEV-01,2024-01-23 07:07:12,31.91,0.0638,0.6382,3,Success,Purchase,Surabaya,VND,False
TXN-20240123-0002263,WALL-0032490,MERCH-00083,PM-04,DEV-02,2024-01-23 16:33:08,53.46,1.0692,0.0,5,Success,Purchase,Kolkata,INR,False
TXN-20240123-0002264,WALL-0095169,MERCH-00246,PM-01,DEV-02,2024-01-23 19:23:37,11.79,0.0,0.0,1,Success,Subscription,Phuket,THB,False
TXN-20240123-0002265,WALL-0084111,MERCH-00197,PM-01,DEV-01,2024-01-23 14:47:29,12.71,0.0,0.0,1,Success,Purchase,Pokhara,NPR,False
TXN-20240123-0002266,WALL-0041882,MERCH-00266,PM-02,DEV-01,2024-01-23 10:27:25,11.98,0.024,0.0,1,Success,Subscription,Dhaka,BDT,False
TXN-20240123-0002267,WALL-0136393,MERCH-00122,PM-02,DEV-05,2024-01-23 12:06:48,173.45,0.3469,0.0,17,Success,Purchase,Pathein,MMK,False
TXN-20240123-0002268,WALL-0123146,MERCH-00493,PM-01,DEV-03,2024-01-23 12:43:20,50.0,0.0,0.0,5,Success,Payment,Ho Chi Minh City,VND,False
TXN-20240123-0002269,WALL-0005770,MERCH-00394,PM-04,DEV-01,2024-01-23 13:37:13,50.58,1.0116,0.0,5,Success,Purchase,Mawlamyine,MMK,False
TXN-20240123-0002270,WALL-0106520,MERCH-00295,PM-01,DEV-01,2024-01-23 15:52:28,609.01,0.0,48.7211,121,Success,Purchase,Quezon City,PHP,False
TXN-20240123-0002271,WALL-0141210,MERCH-00065,PM-03,DEV-01,2024-01-23 21:59:14,19.54,0.1563,0.3908,1,Success,Purchase,Lahore,THB,False
TXN-20240123-0002272,WALL-0108548,MERCH-00184,PM-01,DEV-04,2024-01-23 14:26:15,725.01,0.0,36.2504,72,Success,Purchase,Mawlamyine,MMK,False
TXN-20240123-0002273,WALL-0038458,MERCH-00318,PM-02,DEV-01,2024-01-23 07:18:07,36.25,0.0725,0.0,3,Success,Bill Payment,Karachi,PHP,False
TXN-20240123-0002274,WALL-0136700,MERCH-00064,PM-01,DEV-02,2024-01-23 12:26:31,21.6,0.0,0.432,2,Success,Purchase,Singapore,VND,False
TXN-20240123-0002275,WALL-0133404,MERCH-00151,PM-02,DEV-02,2024-01-23 12:30:16,447.07,0.8941,22.3535,44,Success,Purchase,Lahore,PKR,False
TXN-20240123-0002276,WALL-0108357,MERCH-00345,PM-04,DEV-02,2024-01-23 16:04:05,33.38,0.6677,0.0,3,Success,Bill Payment,Hanoi,VND,False
TXN-20240123-0002277,WALL-0110254,MERCH-00149,PM-03,DEV-01,2024-01-23 19:11:40,131.22,1.0498,6.5611,13,Success,Purchase,Jaipur,MMK,False
TXN-20240123-0002278,WALL-0134511,MERCH-00181,PM-02,DEV-01,2024-01-23 21:49:56,163.91,0.3278,8.1955,16,Success,Purchase,Phuket,THB,False
TXN-20240123-0002279,WALL-0058511,MERCH-00394,PM-04,DEV-03,2024-01-23 19:58:58,34.97,0.6994,0.0,3,Success,Purchase,Singapore,SGD,False
TXN-20240123-0002280,WALL-0006808,MERCH-00334,PM-01,DEV-01,2024-01-23 03:53:19,432.12,0.0,0.0,43,Success,Bill Payment,Pathein,MMK,False
TXN-20240123-0002281,WALL-0012096,MERCH-00386,PM-04,DEV-01,2024-01-23 16:27:57,20.0,0.4,0.0,0,Failed,Purchase,Yangon,MMK,False
TXN-20240123-0002282,WALL-0082095,MERCH-00328,PM-02,DEV-02,2024-01-23 14:25:05,68.68,0.1374,0.0,6,Success,Bill Payment,Cebu City,PHP,False
TXN-20240123-0002283,WALL-0000352,MERCH-00204,PM-02,DEV-05,2024-01-23 21:26:31,21.71,0.0434,0.0,2,Success,Purchase,Manila,PHP,False
TXN-20240123-0002284,WALL-0008535,MERCH-00159,PM-04,DEV-03,2024-01-23 13:55:49,400.24,8.0048,20.012,40,Success,Purchase,Kandy,LKR,False
TXN-20240123-0002285,WALL-0139875,MERCH-00455,PM-02,DEV-01,2024-01-23 17:40:38,393.27,0.7865,0.0,39,Success,Payment,Singapore,SGD,False
TXN-20240123-0002286,WALL-0117193,MERCH-00014,PM-02,DEV-03,2024-01-23 15:23:18,46.77,0.0935,0.9354,4,Success,Purchase,Myitkyina,MMK,False
TXN-20240123-0002287,WALL-0106883,MERCH-00363,PM-04,DEV-02,2024-01-23 11:55:59,61.7,1.2341,0.0,6,Success,Bill Payment,Chiang Mai,THB,False
TXN-20240123-0002288,WALL-0068719,MERCH-00417,PM-01,DEV-02,2024-01-23 14:48:00,136.52,0.0,0.0,13,Success,Payment,Bago,MMK,False
TXN-20240123-0002289,WALL-0095749,MERCH-00387,PM-01,DEV-01,2024-01-23 12:38:24,35.27,0.0,0.0,3,Success,Purchase,Da Nang,VND,False
TXN-20240123-0002290,WALL-0086839,MERCH-00058,PM-02,DEV-01,2024-01-23 14:32:07,32.41,0.0648,0.6482,3,Success,Purchase,Bago,MMK,False
TXN-20240123-0002291,WALL-0002026,MERCH-00316,PM-01,DEV-01,2024-01-23 17:08:13,53.72,0.0,0.0,5,Success,Bill Payment,Hyderabad,INR,False
TXN-20240123-0002292,WALL-0119459,MERCH-00337,PM-03,DEV-01,2024-01-23 21:43:00,125.16,1.0013,0.0,12,Success,Bill Payment,Jakarta,IDR,False
TXN-20240123-0002293,WALL-0149752,MERCH-00038,PM-01,DEV-03,2024-01-23 19:46:19,26.54,0.0,0.5308,2,Success,Purchase,Pattaya,THB,False
TXN-20240123-0002294,WALL-0034751,MERCH-00025,PM-02,DEV-01,2024-01-23 12:07:45,65.45,0.1309,1.3091,6,Success,Purchase,Bago,MMK,False
TXN-20240123-0002295,WALL-0127449,MERCH-00196,PM-01,DEV-04,2024-01-23 12:24:57,5.61,0.0,0.0,0,Success,Purchase,Bago,MMK,False
TXN-20240123-0002296,WALL-0142565,MERCH-00063,PM-01,DEV-01,2024-01-23 06:41:02,28.85,0.0,0.5769,2,Success,Purchase,Pattaya,THB,False
TXN-20240123-0002297,WALL-0092359,MERCH-00077,PM-04,DEV-02,2024-01-23 18:38:16,29.97,0.5994,0.5994,2,Success,Purchase,Johor Bahru,MYR,False
TXN-20240123-0002298,WALL-0109254,MERCH-00182,PM-02,DEV-03,2024-01-23 19:24:03,127.65,0.2553,6.3824,12,Success,Purchase,Bali,IDR,False
TXN-20240123-0002299,WALL-0010496,MERCH-00348,PM-01,DEV-01,2024-01-23 14:05:30,136.52,0.0,0.0,13,Success,Bill Payment,Phnom Penh,KHR,False
TXN-20240123-0002300,WALL-0071035,MERCH-00230,PM-02,DEV-01,2024-01-23 09:06:18,11.62,0.0232,0.0,1,Success,Purchase,Jakarta,IDR,False
TXN-20240123-0002301,WALL-0112438,MERCH-00043,PM-03,DEV-03,2024-01-23 14:31:16,25.04,0.2003,0.5008,2,Success,Purchase,Singapore,SGD,False
TXN-20240123-0002302,WALL-0065718,MERCH-00116,PM-01,DEV-01,2024-01-23 14:14:03,22.15,0.0,0.0,2,Success,Purchase,Mandalay,MMK,False
TXN-20240123-0002303,WALL-0080457,MERCH-00097,PM-01,DEV-01,2024-01-23 07:59:27,34.29,0.0,0.0,3,Success,Purchase,Bago,MMK,False
TXN-20240123-0002304,WALL-0098431,MERCH-00002,PM-01,DEV-01,2024-01-23 12:14:29,35.31,0.0,0.7062,3,Success,Purchase,Pattaya,PKR,False
TXN-20240123-0002305,WALL-0083751,MERCH-00093,PM-03,DEV-01,2024-01-23 19:33:50,82.4,0.6592,0.0,8,Success,Purchase,Mandalay,MMK,False
TXN-20240123-0002306,WALL-0044228,MERCH-00040,PM-01,DEV-05,2024-01-23 12:52:21,10.83,0.0,0.2167,1,Success,Purchase,Pathein,MMK,False
TXN-20240123-0002307,WALL-0057637,MERCH-00008,PM-02,DEV-01,2024-01-23 18:02:33,42.0,0.084,0.84,4,Success,Purchase,Karachi,PKR,False
TXN-20240123-0002308,WALL-0083477,MERCH-00027,PM-01,DEV-01,2024-01-23 22:14:24,11.15,0.0,0.2229,1,Success,Purchase,Mumbai,INR,False
TXN-20240123-0002309,WALL-0028948,MERCH-00007,PM-01,DEV-01,2024-01-23 12:35:33,26.77,0.0,0.5355,2,Success,Purchase,Pune,INR,False
TXN-20240123-0002310,WALL-0146735,MERCH-00345,PM-03,DEV-04,2024-01-23 06:27:32,33.91,0.2713,0.0,3,Success,Bill Payment,Mawlamyine,MMK,False
TXN-20240123-0002311,WALL-0041152,MERCH-00286,PM-02,DEV-03,2024-01-23 05:32:29,522.29,1.0446,41.7831,104,Success,Purchase,Bangalore,INR,False
TXN-20240123-0002312,WALL-0086769,MERCH-00372,PM-02,DEV-01,2024-01-23 07:21:58,86.0,0.172,0.0,8,Success,Purchase,Ho Chi Minh City,VND,False
TXN-20240123-0002313,WALL-0077688,MERCH-00095,PM-01,DEV-01,2024-01-23 12:54:09,125.17,0.0,0.0,12,Success,Purchase,Bago,MMK,False
TXN-20240123-0002314,WALL-0100064,MERCH-00049,PM-05,DEV-01,2024-01-23 04:53:18,27.14,0.0,0.5428,2,Success,Purchase,Kandy,LKR,False
TXN-20240123-0002315,WALL-0109318,MERCH-00327,PM-02,DEV-02,2024-01-23 06:16:34,33.23,0.0665,0.0,3,Success,Bill Payment,Mawlamyine,MMK,False
TXN-20240123-0002316,WALL-0147318,MERCH-00199,PM-01,DEV-01,2024-01-23 06:45:17,31.58,0.0,0.0,3,Success,Purchase,Cebu City,PHP,False
TXN-20240123-0002317,WALL-0109485,MERCH-00198,PM-01,DEV-03,2024-01-23 14:18:39,30.75,0.0,0.0,3,Success,Purchase,Bago,MMK,False
TXN-20240123-0002318,WALL-0094744,MERCH-00281,PM-03,DEV-01,2024-01-23 16:34:36,265.14,2.1211,21.2111,53,Success,Purchase,Hyderabad,INR,False
TXN-20240123-0002319,WALL-0066217,MERCH-00119,PM-03,DEV-01,2024-01-23 20:28:09,32.58,0.2606,0.0,0,Failed,Purchase,Da Nang,VND,False
TXN-20240123-0002320,WALL-0024296,MERCH-00270,PM-02,DEV-01,2024-01-23 22:33:53,25.02,0.05,0.0,2,Success,Subscription,Mumbai,INR,False
TXN-20240123-0002321,WALL-0034504,MERCH-00106,PM-01,DEV-01,2024-01-23 17:50:38,39.03,0.0,0.0,3,Success,Purchase,Manila,MMK,False
TXN-20240123-0002322,WALL-0124613,MERCH-00426,PM-01,DEV-01,2024-01-23 21:04:59,95.1,0.0,0.0,9,Success,Payment,Myitkyina,MMK,False
TXN-20240123-0002323,WALL-0128386,MERCH-00432,PM-03,DEV-05,2024-01-23 20:42:40,64.95,0.5196,0.0,6,Success,Tax Payment,Kathmandu,NPR,False
TXN-20240123-0002324,WALL-0123074,MERCH-00359,PM-01,DEV-03,2024-01-23 13:07:23,33.19,0.0,0.0,3,Success,Bill Payment,Jakarta,IDR,False
TXN-20240123-0002325,WALL-0090496,MERCH-00384,PM-02,DEV-04,2024-01-23 19:14:16,86.67,0.1733,0.0,8,Success,Purchase,Kandy,LKR,False
TXN-20240123-0002326,WALL-0140912,MERCH-00321,PM-03,DEV-03,2024-01-23 12:43:53,75.53,0.6042,0.0,7,Success,Bill Payment,Pattaya,THB,False
TXN-20240123-0002327,WALL-0034761,MERCH-00311,PM-04,DEV-01,2024-01-23 18:58:22,31.64,0.6329,0.0,3,Success,Bill Payment,Medan,IDR,False
TXN-20240123-0002328,WALL-0111682,MERCH-00404,PM-02,DEV-03,2024-01-23 12:28:59,92.97,0.1859,0.0,9,Success,Payment,Bandung,IDR,False
TXN-20240123-0002329,WALL-0027253,MERCH-00375,PM-01,DEV-01,2024-01-23 08:09:52,37.66,0.0,0.0,3,Success,Purchase,Yangon,MMK,False
TXN-20240123-0002330,WALL-0117387,MERCH-00033,PM-05,DEV-02,2024-01-23 20:38:42,16.38,0.0,0.3275,1,Success,Purchase,Phnom Penh,KHR,False
TXN-20240123-0002331,WALL-0063268,MERCH-00171,PM-01,DEV-01,2024-01-23 20:07:51,28.96,0.0,1.4482,2,Success,Purchase,Mandalay,MMK,False
TXN-20240123-0002332,WALL-0105686,MERCH-00031,PM-04,DEV-01,2024-01-23 18:41:25,34.52,0.6903,0.6903,3,Success,Purchase,Myitkyina,MMK,False
TXN-20240123-0002333,WALL-0060241,MERCH-00333,PM-02,DEV-02,2024-01-23 19:52:39,86.36,0.1727,0.0,8,Success,Bill Payment,Myitkyina,MMK,False
TXN-20240123-0002334,WALL-0021733,MERCH-00203,PM-04,DEV-05,2024-01-23 13:08:09,18.28,0.3656,0.0,1,Success,Purchase,Mumbai,INR,False
TXN-20240123-0002335,WALL-0125171,MERCH-00473,PM-02,DEV-01,2024-01-23 19:03:45,703.65,1.4073,0.0,70,Success,Payment,Islamabad,PKR,False
TXN-20240123-0002336,WALL-0124865,MERCH-00461,PM-04,DEV-05,2024-01-23 19:58:20,50.0,1.0,0.0,5,Success,Payment,Phnom Penh,MMK,False
TXN-20240123-0002337,WALL-0061390,MERCH-00073,PM-01,DEV-04,2024-01-23 13:47:25,33.53,0.0,0.6706,3,Success,Purchase,Naypyidaw,MMK,False
TXN-20240123-0002338,WALL-0034449,MERCH-00155,PM-01,DEV-03,2024-01-23 10:17:38,314.27,0.0,15.7134,31,Success,Purchase,Bandung,MMK,False
TXN-20240123-0002339,WALL-0044583,MERCH-00319,PM-03,DEV-01,2024-01-23 12:06:54,53.12,0.4249,0.0,5,Success,Bill Payment,Chennai,INR,False
TXN-20240123-0002340,WALL-0045704,MERCH-00134,PM-01,DEV-01,2024-01-23 03:37:19,401.96,0.0,20.098,40,Success,Purchase,Ahmedabad,INR,False
TXN-20240123-0002341,WALL-0051292,MERCH-00309,PM-01,DEV-01,2024-01-23 15:26:18,1411.41,0.0,112.9126,282,Success,Purchase,Pathein,MMK,False
TXN-20240123-0002342,WALL-0056269,MERCH-00403,PM-01,DEV-01,2024-01-23 17:03:23,354.08,0.0,0.0,35,Success,Payment,Naypyidaw,MMK,False
TXN-20240123-0002343,WALL-0092226,MERCH-00048,PM-01,DEV-02,2024-01-23 17:12:27,12.94,0.0,0.2589,1,Success,Purchase,Bago,MMK,False
TXN-20240123-0002344,WALL-0125366,MERCH-00125,PM-02,DEV-02,2024-01-23 12:49:13,55.38,0.1108,0.0,5,Success,Purchase,Mandalay,MMK,False
TXN-20240123-0002345,WALL-0058222,MERCH-00123,PM-01,DEV-02,2024-01-23 17:56:00,55.07,0.0,0.0,5,Success,Purchase,Mandalay,MMK,False
TXN-20240123-0002346,WALL-0086738,MERCH-00023,PM-01,DEV-02,2024-01-23 11:30:16,49.53,0.0,0.9906,4,Success,Purchase,Bangkok,THB,False
TXN-20240123-0002347,WALL-0004127,MERCH-00170,PM-03,DEV-05,2024-01-23 15:17:21,185.29,1.4823,9.2646,18,Success,Purchase,Jakarta,IDR,False
TXN-20240123-0002348,WALL-0001215,MERCH-00133,PM-02,DEV-02,2024-01-23 06:09:34,48.05,0.0961,2.4026,4,Success,Purchase,Bangkok,THB,False
TXN-20240123-0002349,WALL-0139739,MERCH-00343,PM-02,DEV-01,2024-01-23 15:46:54,18.64,0.0373,0.0,1,Success,Bill Payment,Jaipur,INR,False
TXN-20240123-0002350,WALL-0008940,MERCH-00094,PM-03,DEV-02,2024-01-23 10:43:44,45.76,0.3661,0.0,4,Success,Purchase,Chennai,INR,False
TXN-20240123-0002351,WALL-0068721,MERCH-00088,PM-01,DEV-03,2024-01-23 15:00:23,39.96,0.0,0.0,3,Success,Purchase,Pathein,MMK,False
TXN-20240123-0002352,WALL-0095654,MERCH-00240,PM-02,DEV-01,2024-01-23 21:50:45,10.19,0.0204,0.0,1,Success,Subscription,Bago,MMK,False
TXN-20240123-0002353,WALL-0137697,MERCH-00095,PM-03,DEV-01,2024-01-23 19:52:16,22.86,0.1829,0.0,2,Success,Purchase,Pokhara,NPR,False
TXN-20240123-0002354,WALL-0078781,MERCH-00104,PM-01,DEV-01,2024-01-23 12:11:09,19.84,0.0,0.0,1,Success,Purchase,Cebu City,INR,False
TXN-20240123-0002355,WALL-0047596,MERCH-00129,PM-02,DEV-01,2024-01-23 08:56:25,194.57,0.3891,0.0,19,Success,Purchase,Jakarta,MMK,False
TXN-20240123-0002356,WALL-0049859,MERCH-00135,PM-01,DEV-05,2024-01-23 13:04:59,20.0,0.0,1.0,2,Success,Purchase,Mawlamyine,MMK,False
TXN-20240123-0002357,WALL-0134247,MERCH-00061,PM-02,DEV-01,2024-01-23 14:51:33,8.85,0.0177,0.1771,0,Success,Purchase,Chittagong,BDT,False
TXN-20240123-0002358,WALL-0038387,MERCH-00277,PM-01,DEV-02,2024-01-23 16:15:21,4613.37,0.0,369.0696,922,Success,Purchase,Hanoi,VND,False
TXN-20240123-0002359,WALL-0100218,MERCH-00221,PM-01,DEV-03,2024-01-23 12:52:12,5.0,0.0,0.0,0,Success,Purchase,Bago,MMK,False
TXN-20240123-0002360,WALL-0011634,MERCH-00362,PM-02,DEV-01,2024-01-23 19:42:20,39.24,0.0785,0.0,3,Success,Bill Payment,Naypyidaw,MMK,False
TXN-20240123-0002361,WALL-0125694,MERCH-00141,PM-01,DEV-02,2024-01-23 08:10:28,61.44,0.0,3.0722,6,Success,Purchase,Chennai,INR,False
TXN-20240123-0002362,WALL-0024977,MERCH-00011,PM-01,DEV-04,2024-01-23 13:49:02,35.67,0.0,0.7133,3,Success,Purchase,Mandalay,MMK,False
TXN-20240123-0002363,WALL-0053797,MERCH-00340,PM-01,DEV-02,2024-01-23 18:35:28,53.4,0.0,0.0,5,Success,Bill Payment,Kolkata,INR,False
TXN-20240123-0002364,WALL-0070325,MERCH-00088,PM-01,DEV-03,2024-01-23 10:45:32,56.01,0.0,0.0,5,Success,Purchase,Naypyidaw,MMK,False
TXN-20240123-0002365,WALL-0085683,MERCH-00280,PM-02,DEV-01,2024-01-23 12:35:35,131.1,0.2622,0.0,0,Pending,Purchase,Mawlamyine,MMK,False
TXN-20240123-0002366,WALL-0105449,MERCH-00445,PM-01,DEV-01,2024-01-23 09:40:24,468.49,0.0,0.0,46,Success,Tax Payment,Surabaya,IDR,False
TXN-20240123-0002367,WALL-0054333,MERCH-00085,PM-01,DEV-01,2024-01-23 21:06:43,63.08,0.0,0.0,6,Success,Purchase,Surabaya,PHP,False
TXN-20240123-0002368,WALL-0145103,MERCH-00060,PM-04,DEV-02,2024-01-23 12:05:55,12.36,0.2473,0.2473,1,Success,Purchase,Pattaya,THB,False
TXN-20240123-0002369,WALL-0039778,MERCH-00247,PM-03,DEV-02,2024-01-23 16:19:44,6.85,0.0548,0.0,0,Success,Subscription,Pattaya,THB,False
TXN-20240123-0002370,WALL-0033373,MERCH-00423,PM-02,DEV-01,2024-01-23 21:17:59,47.92,0.0958,0.0,4,Success,Payment,Taunggyi,MMK,False
TXN-20240123-0002371,WALL-0106189,MERCH-00046,PM-02,DEV-01,2024-01-23 13:08:27,14.79,0.0296,0.2957,1,Success,Purchase,Phnom Penh,MMK,False
TXN-20240123-0002372,WALL-0146671,MERCH-00051,PM-03,DEV-01,2024-01-23 17:34:42,53.0,0.424,1.0599,5,Success,Purchase,Mandalay,MMK,False
TXN-20240123-0002373,WALL-0104721,MERCH-00359,PM-01,DEV-04,2024-01-23 08:18:58,30.16,0.0,0.0,3,Success,Bill Payment,Ho Chi Minh City,VND,False
TXN-20240123-0002374,WALL-0107348,MERCH-00140,PM-01,DEV-01,2024-01-23 17:29:26,400.58,0.0,20.0291,40,Success,Purchase,Chennai,INR,False
TXN-20240123-0002375,WALL-0036572,MERCH-00047,PM-02,DEV-01,2024-01-23 20:14:40,14.49,0.029,0.2898,1,Success,Purchase,Mumbai,INR,False
TXN-20240123-0002376,WALL-0148790,MERCH-00375,PM-02,DEV-02,2024-01-23 10:23:52,72.83,0.1457,0.0,7,Success,Purchase,Yangon,MMK,False
TXN-20240123-0002377,WALL-0136688,MERCH-00228,PM-04,DEV-03,2024-01-23 06:04:37,5.0,0.1,0.0,0,Success,Purchase,Khon Kaen,THB,False
TXN-20240123-0002378,WALL-0021877,MERCH-00108,PM-01,DEV-01,2024-01-23 01:26:59,50.95,0.0,0.0,5,Success,Purchase,Jakarta,IDR,False
TXN-20240123-0002379,WALL-0056647,MERCH-00231,PM-03,DEV-05,2024-01-23 05:14:56,16.34,0.1307,0.0,1,Success,Subscription,Kandy,LKR,False
TXN-20240123-0002380,WALL-0139381,MERCH-00132,PM-01,DEV-03,2024-01-23 06:24:44,57.72,0.0,2.8862,5,Success,Purchase,Kolkata,INR,False
TXN-20240123-0002381,WALL-0140110,MERCH-00328,PM-02,DEV-01,2024-01-23 18:10:39,192.2,0.3844,0.0,19,Success,Bill Payment,Medan,IDR,False
TXN-20240123-0002382,WALL-0013905,MERCH-00144,PM-02,DEV-01,2024-01-23 17:41:44,226.62,0.4532,11.3312,22,Success,Purchase,Singapore,SGD,False
TXN-20240123-0002383,WALL-0092630,MERCH-00129,PM-02,DEV-02,2024-01-23 18:55:10,79.91,0.1598,0.0,7,Success,Purchase,Naypyidaw,MMK,False
TXN-20240123-0002384,WALL-0065056,MERCH-00026,PM-01,DEV-03,2024-01-23 17:19:25,12.38,0.0,0.2477,1,Success,Purchase,Chiang Mai,PKR,False
TXN-20240123-0002385,WALL-0057472,MERCH-00070,PM-01,DEV-03,2024-01-23 19:31:05,18.84,0.0,0.0,0,Pending,Purchase,Chittagong,BDT,False
TXN-20240123-0002386,WALL-0100790,MERCH-00089,PM-01,DEV-01,2024-01-23 13:05:29,27.05,0.0,0.0,2,Success,Purchase,Da Nang,VND,False
TXN-20240123-0002387,WALL-0005649,MERCH-00166,PM-03,DEV-01,2024-01-23 20:45:57,703.79,5.6303,35.1893,70,Success,Purchase,Pune,INR,False
TXN-20240123-0002388,WALL-0043076,MERCH-00419,PM-05,DEV-01,2024-01-23 09:23:25,118.45,0.0,0.0,11,Success,Payment,Kathmandu,NPR,False
TXN-20240123-0002389,WALL-0073484,MERCH-00403,PM-01,DEV-01,2024-01-23 07:43:53,72.63,0.0,0.0,7,Success,Payment,Chennai,INR,False
TXN-20240123-0002390,WALL-0128564,MERCH-00383,PM-01,DEV-01,2024-01-23 14:36:27,52.12,0.0,0.0,5,Success,Purchase,Yangon,MMK,False
TXN-20240123-0002391,WALL-0082168,MERCH-00186,PM-04,DEV-03,2024-01-23 20:42:16,38.34,0.7669,1.9172,3,Success,Purchase,Yangon,MMK,False
TXN-20240123-0002392,WALL-0117766,MERCH-00058,PM-01,DEV-01,2024-01-23 12:05:54,25.41,0.0,0.5082,2,Success,Purchase,Mawlamyine,MMK,False
TXN-20240123-0002393,WALL-0116772,MERCH-00096,PM-02,DEV-01,2024-01-23 17:49:43,26.96,0.0539,0.0,2,Success,Purchase,Delhi,MMK,False
TXN-20240123-0002394,WALL-0088075,MERCH-00074,PM-02,DEV-01,2024-01-23 17:02:18,18.58,0.0372,0.3716,1,Success,Purchase,Chennai,INR,False
TXN-20240123-0002395,WALL-0083867,MERCH-00022,PM-02,DEV-04,2024-01-23 07:08:01,28.53,0.0571,0.5707,2,Success,Purchase,Penang,MYR,False
TXN-20240123-0002396,WALL-0002999,MERCH-00214,PM-01,DEV-01,2024-01-23 20:44:34,13.79,0.0,0.0,1,Success,Purchase,Hyderabad,INR,False
TXN-20240123-0002397,WALL-0115179,MERCH-00276,PM-01,DEV-01,2024-01-23 12:34:12,1740.12,0.0,139.2093,348,Success,Purchase,Chennai,SGD,False
TXN-20240123-0002398,WALL-0013802,MERCH-00064,PM-01,DEV-02,2024-01-23 12:00:17,61.06,0.0,1.2212,6,Success,Purchase,Dhaka,BDT,False
TXN-20240123-0002399,WALL-0086434,MERCH-00269,PM-03,DEV-02,2024-01-23 16:10:45,66.0,0.528,0.0,6,Success,Subscription,Taunggyi,MMK,False
TXN-20240123-0002400,WALL-0000555,MERCH-00431,PM-03,DEV-01,2024-01-23 16:06:33,1043.17,8.3454,0.0,104,Success,Tax Payment,Jakarta,IDR,False
TXN-20240123-0002401,WALL-0050410,MERCH-00204,PM-04,DEV-01,2024-01-23 20:02:45,10.82,0.2163,0.0,1,Success,Purchase,Quezon City,PHP,False
TXN-20240123-0002402,WALL-0019354,MERCH-00316,PM-03,DEV-01,2024-01-23 01:55:29,225.79,1.8063,0.0,0,Pending,Bill Payment,Karachi,PKR,False
TXN-20240123-0002403,WALL-0076222,MERCH-00186,PM-02,DEV-02,2024-01-23 18:02:25,401.99,0.804,20.0993,40,Success,Purchase,Pathein,MMK,False
TXN-20240123-0002404,WALL-0105116,MERCH-00104,PM-02,DEV-05,2024-01-23 10:51:25,45.39,0.0908,0.0,4,Success,Purchase,Pattaya,THB,False
TXN-20240123-0002405,WALL-0092602,MERCH-00127,PM-01,DEV-04,2024-01-23 20:35:14,46.89,0.0,0.0,4,Success,Purchase,Da Nang,VND,False
TXN-20240123-0002406,WALL-0007934,MERCH-00159,PM-04,DEV-03,2024-01-23 16:48:30,56.08,1.1215,2.8038,5,Success,Purchase,Kandy,LKR,False
TXN-20240123-0002407,WALL-0105774,MERCH-00056,PM-01,DEV-01,2024-01-23 19:02:01,34.62,0.0,0.6923,3,Success,Purchase,Da Nang,INR,False
TXN-20240123-0002408,WALL-0097604,MERCH-00178,PM-01,DEV-01,2024-01-23 06:55:19,106.56,0.0,5.328,10,Success,Purchase,Myitkyina,MMK,False
TXN-20240123-0002409,WALL-0039684,MERCH-00115,PM-01,DEV-01,2024-01-23 15:48:22,153.09,0.0,0.0,15,Success,Purchase,Cebu City,PHP,False
TXN-20240123-0002410,WALL-0126942,MERCH-00245,PM-03,DEV-02,2024-01-23 20:00:24,19.59,0.1567,0.0,1,Success,Subscription,Mandalay,MMK,False
TXN-20240123-0002411,WALL-0093448,MERCH-00497,PM-03,DEV-01,2024-01-23 13:38:19,132.29,1.0583,0.0,13,Success,Payment,Siem Reap,KHR,False
TXN-20240123-0002412,WALL-0145709,MERCH-00086,PM-01,DEV-02,2024-01-23 20:44:19,80.59,0.0,0.0,8,Success,Purchase,Lahore,PHP,False
TXN-20240123-0002413,WALL-0008929,MERCH-00255,PM-01,DEV-01,2024-01-23 08:06:18,8.58,0.0,0.0,0,Success,Subscription,Pathein,MMK,False
TXN-20240123-0002414,WALL-0084178,MERCH-00170,PM-02,DEV-01,2024-01-23 07:33:09,569.91,1.1398,28.4953,56,Success,Purchase,Myitkyina,MMK,False
TXN-20240123-0002415,WALL-0037063,MERCH-00436,PM-02,DEV-03,2024-01-23 07:19:25,1197.53,2.3951,0.0,119,Success,Tax Payment,Naypyidaw,MMK,False
TXN-20240123-0002416,WALL-0120995,MERCH-00131,PM-03,DEV-01,2024-01-23 03:20:24,67.86,0.5428,3.3928,6,Success,Purchase,Penang,MYR,False
TXN-20240123-0002417,WALL-0112986,MERCH-00181,PM-01,DEV-01,2024-01-23 12:20:07,199.38,0.0,9.9689,19,Success,Purchase,Mawlamyine,MMK,False
TXN-20240123-0002418,WALL-0029515,MERCH-00376,PM-04,DEV-01,2024-01-23 18:35:24,80.16,1.6032,0.0,8,Success,Purchase,Naypyidaw,MMK,False
TXN-20240123-0002419,WALL-0120884,MERCH-00202,PM-04,DEV-01,2024-01-23 15:50:45,9.29,0.1858,0.0,0,Success,Purchase,Kathmandu,NPR,False
TXN-20240123-0002420,WALL-0076897,MERCH-00233,PM-04,DEV-03,2024-01-23 14:38:59,33.93,0.6786,0.0,3,Success,Subscription,Yangon,MMK,False
TXN-20240123-0002421,WALL-0100075,MERCH-00301,PM-05,DEV-01,2024-01-23 21:45:15,645.7,0.0,51.656,129,Success,Purchase,Johor Bahru,INR,False
TXN-20240123-0002422,WALL-0145174,MERCH-00065,PM-01,DEV-05,2024-01-23 14:25:30,18.69,0.0,0.3738,1,Success,Purchase,Mawlamyine,MMK,False
TXN-20240123-0002423,WALL-0067698,MERCH-00377,PM-02,DEV-02,2024-01-23 14:16:06,37.28,0.0746,0.0,3,Success,Purchase,Phnom Penh,KHR,False
TXN-20240123-0002424,WALL-0089628,MERCH-00283,PM-03,DEV-01,2024-01-23 21:20:35,1922.66,15.3813,153.8128,384,Success,Purchase,Chennai,INR,False
TXN-20240123-0002425,WALL-0042527,MERCH-00040,PM-04,DEV-03,2024-01-23 19:43:57,86.81,1.7363,1.7363,8,Success,Purchase,Penang,MYR,False
TXN-20240123-0002426,WALL-0069508,MERCH-00010,PM-01,DEV-01,2024-01-23 14:49:28,18.22,0.0,0.0,0,Reversed,Purchase,Khon Kaen,THB,False
TXN-20240123-0002427,WALL-0082314,MERCH-00224,PM-01,DEV-02,2024-01-23 14:44:30,9.26,0.0,0.0,0,Success,Purchase,Phuket,THB,False
TXN-20240123-0002428,WALL-0114637,MERCH-00075,PM-03,DEV-01,2024-01-23 20:17:48,5.0,0.04,0.1,0,Success,Purchase,Yangon,MMK,False
TXN-20240123-0002429,WALL-0043483,MERCH-00201,PM-03,DEV-05,2024-01-23 14:51:56,18.6,0.1488,0.0,1,Success,Purchase,Naypyidaw,MMK,False
TXN-20240123-0002430,WALL-0039093,MERCH-00354,PM-02,DEV-01,2024-01-23 15:36:36,47.62,0.0952,0.0,4,Success,Bill Payment,Mawlamyine,MMK,False
TXN-20240123-0002431,WALL-0054855,MERCH-00329,PM-02,DEV-01,2024-01-23 12:18:13,138.63,0.2773,0.0,13,Success,Bill Payment,Hyderabad,INR,False
TXN-20240123-0002432,WALL-0055400,MERCH-00101,PM-01,DEV-01,2024-01-23 12:25:52,43.35,0.0,0.0,4,Success,Purchase,Mumbai,INR,False
TXN-20240123-0002433,WALL-0067971,MERCH-00333,PM-02,DEV-01,2024-01-23 08:02:08,49.57,0.0991,0.0,4,Success,Bill Payment,Mawlamyine,MMK,False
TXN-20240123-0002434,WALL-0001607,MERCH-00216,PM-04,DEV-02,2024-01-23 12:13:30,8.65,0.1729,0.0,0,Success,Purchase,Chittagong,BDT,False
TXN-20240123-0002435,WALL-0097791,MERCH-00265,PM-01,DEV-03,2024-01-23 10:54:45,10.74,0.0,0.0,1,Success,Subscription,Hanoi,VND,False
TXN-20240123-0002436,WALL-0097529,MERCH-00084,PM-04,DEV-03,2024-01-23 16:28:29,138.18,2.7635,0.0,13,Success,Purchase,Yangon,MMK,False
TXN-20240123-0002437,WALL-0005916,MERCH-00079,PM-04,DEV-01,2024-01-23 16:28:29,12.84,0.2568,0.2568,1,Success,Purchase,Bangkok,THB,False
TXN-20240123-0002438,WALL-0103087,MERCH-00066,PM-02,DEV-02,2024-01-23 21:46:05,14.57,0.0291,0.2914,1,Success,Purchase,Jakarta,THB,False
TXN-20240123-0002439,WALL-0040904,MERCH-00257,PM-01,DEV-03,2024-01-23 04:09:38,15.99,0.0,0.0,1,Success,Subscription,Karachi,PKR,False
TXN-20240123-0002440,WALL-0048426,MERCH-00274,PM-04,DEV-01,2024-01-23 19:00:13,1372.94,27.4589,109.8356,274,Success,Purchase,Siem Reap,KHR,False
TXN-20240123-0002441,WALL-0077327,MERCH-00089,PM-04,DEV-01,2024-01-23 22:32:05,23.47,0.4695,0.0,2,Success,Purchase,Kandy,LKR,False
TXN-20240123-0002442,WALL-0115682,MERCH-00338,PM-02,DEV-01,2024-01-23 20:41:09,91.28,0.1826,0.0,9,Success,Bill Payment,Penang,MMK,False
TXN-20240123-0002443,WALL-0061370,MERCH-00098,PM-02,DEV-01,2024-01-23 14:36:20,23.26,0.0465,0.0,2,Success,Purchase,Surabaya,IDR,False
TXN-20240123-0002444,WALL-0144811,MERCH-00009,PM-02,DEV-03,2024-01-23 09:49:02,18.35,0.0367,0.3669,1,Success,Purchase,Naypyidaw,MMK,False
TXN-20240123-0002445,WALL-0117194,MERCH-00166,PM-02,DEV-01,2024-01-23 20:02:25,34.12,0.0682,1.7062,3,Success,Purchase,Pokhara,NPR,False
TXN-20240123-0002446,WALL-0004293,MERCH-00037,PM-02,DEV-03,2024-01-23 09:30:01,19.37,0.0387,0.3874,1,Success,Purchase,Da Nang,VND,False
TXN-20240123-0002447,WALL-0130904,MERCH-00069,PM-02,DEV-01,2024-01-23 20:43:29,30.13,0.0603,0.6027,3,Success,Purchase,Ahmedabad,INR,False
TXN-20240123-0002448,WALL-0000116,MERCH-00208,PM-04,DEV-05,2024-01-23 15:00:03,6.21,0.1242,0.0,0,Success,Purchase,Mawlamyine,MMK,False
TXN-20240123-0002449,WALL-0023905,MERCH-00438,PM-01,DEV-01,2024-01-23 21:42:05,138.38,0.0,0.0,13,Success,Tax Payment,Pathein,MMK,False
TXN-20240123-0002450,WALL-0128771,MERCH-00336,PM-05,DEV-03,2024-01-23 16:12:32,58.3,0.0,0.0,5,Success,Bill Payment,Johor Bahru,MYR,False
TXN-20240123-0002451,WALL-0044646,MERCH-00149,PM-03,DEV-02,2024-01-23 12:58:15,650.34,5.2027,32.5171,65,Success,Purchase,Bangkok,BDT,False
TXN-20240123-0002452,WALL-0023301,MERCH-00028,PM-02,DEV-01,2024-01-23 14:18:00,14.79,0.0296,0.2958,1,Success,Purchase,Manila,THB,False
TXN-20240123-0002453,WALL-0009438,MERCH-00274,PM-01,DEV-01,2024-01-23 12:45:17,542.96,0.0,43.4368,108,Success,Purchase,Penang,MYR,False
TXN-20240123-0002454,WALL-0101840,MERCH-00452,PM-03,DEV-05,2024-01-23 19:54:32,857.41,6.8592,0.0,85,Success,Payment,Manila,PHP,False
TXN-20240123-0002455,WALL-0005392,MERCH-00176,PM-04,DEV-05,2024-01-23 16:48:39,561.44,11.2287,28.0718,56,Success,Purchase,Pathein,MMK,False
TXN-20240123-0002456,WALL-0135743,MERCH-00389,PM-03,DEV-01,2024-01-23 17:11:19,52.07,0.4166,0.0,5,Success,Purchase,Davao,THB,False
TXN-20240123-0002457,WALL-0008267,MERCH-00069,PM-03,DEV-01,2024-01-23 13:30:13,33.3,0.2664,0.666,3,Success,Purchase,Hanoi,VND,False
TXN-20240123-0002458,WALL-0032380,MERCH-00223,PM-04,DEV-01,2024-01-23 09:47:38,23.98,0.4796,0.0,2,Success,Purchase,Myitkyina,MMK,False
TXN-20240123-0002459,WALL-0069452,MERCH-00092,PM-02,DEV-02,2024-01-23 07:32:55,33.22,0.0664,0.0,0,Failed,Purchase,Jakarta,INR,False
TXN-20240123-0002460,WALL-0137323,MERCH-00132,PM-02,DEV-01,2024-01-23 16:44:34,20.0,0.04,1.0,2,Success,Purchase,Mawlamyine,MMK,False
TXN-20240123-0002461,WALL-0146920,MERCH-00318,PM-01,DEV-04,2024-01-23 16:37:17,96.5,0.0,0.0,9,Success,Bill Payment,Naypyidaw,MMK,False
TXN-20240123-0002462,WALL-0113447,MERCH-00338,PM-01,DEV-01,2024-01-23 08:57:28,30.26,0.0,0.0,3,Success,Bill Payment,Ahmedabad,IDR,False
TXN-20240123-0002463,WALL-0039353,MERCH-00041,PM-02,DEV-02,2024-01-23 19:23:22,14.74,0.0295,0.2948,1,Success,Purchase,Ho Chi Minh City,MMK,False
TXN-20240123-0002464,WALL-0069913,MERCH-00125,PM-02,DEV-01,2024-01-23 19:37:27,330.0,0.66,0.0,33,Success,Purchase,Bali,THB,False
TXN-20240123-0002465,WALL-0077420,MERCH-00323,PM-05,DEV-01,2024-01-23 22:18:29,86.16,0.0,0.0,8,Success,Bill Payment,Karachi,PKR,False
TXN-20240123-0002466,WALL-0068554,MERCH-00206,PM-04,DEV-04,2024-01-23 20:35:45,17.88,0.3576,0.0,1,Success,Purchase,Ahmedabad,INR,False
TXN-20240123-0002467,WALL-0029090,MERCH-00313,PM-01,DEV-03,2024-01-23 06:50:33,123.59,0.0,0.0,12,Success,Bill Payment,Mandalay,MMK,False
TXN-20240123-0002468,WALL-0031228,MERCH-00316,PM-01,DEV-04,2024-01-23 18:11:00,66.96,0.0,0.0,6,Success,Bill Payment,Mandalay,MMK,False
TXN-20240123-0002469,WALL-0050710,MERCH-00344,PM-04,DEV-02,2024-01-23 06:23:01,69.93,1.3987,0.0,6,Success,Bill Payment,Da Nang,VND,False
TXN-20240123-0002470,WALL-0037232,MERCH-00201,PM-05,DEV-03,2024-01-23 17:14:47,22.08,0.0,0.0,2,Success,Purchase,Bago,MMK,False
TXN-20240123-0002471,WALL-0094724,MERCH-00473,PM-02,DEV-01,2024-01-23 20:14:32,172.9,0.3458,0.0,17,Success,Payment,Yangon,MMK,False
TXN-20240123-0002472,WALL-0122145,MERCH-00365,PM-04,DEV-02,2024-01-23 06:55:30,42.09,0.8418,0.0,4,Success,Bill Payment,Bago,MMK,False
TXN-20240123-0002473,WALL-0013871,MERCH-00409,PM-05,DEV-01,2024-01-23 14:29:58,39.4,0.0,0.0,3,Success,Payment,Pathein,MMK,False
TXN-20240123-0002474,WALL-0126987,MERCH-00032,PM-01,DEV-01,2024-01-23 13:27:17,20.32,0.0,0.4064,2,Success,Purchase,Pune,INR,False
TXN-20240123-0002475,WALL-0015713,MERCH-00092,PM-01,DEV-01,2024-01-23 17:21:50,32.15,0.0,0.0,3,Success,Purchase,Jaipur,INR,False
TXN-20240123-0002476,WALL-0026703,MERCH-00044,PM-04,DEV-01,2024-01-23 18:24:37,22.81,0.4563,0.4563,2,Success,Purchase,Taunggyi,MMK,False
TXN-20240123-0002477,WALL-0061508,MERCH-00212,PM-01,DEV-01,2024-01-23 21:45:43,15.02,0.0,0.0,1,Success,Purchase,Hyderabad,MMK,False
TXN-20240123-0002478,WALL-0109425,MERCH-00252,PM-02,DEV-02,2024-01-23 12:32:39,24.57,0.0491,0.0,2,Success,Subscription,Dhaka,BDT,False
TXN-20240123-0002479,WALL-0114496,MERCH-00376,PM-02,DEV-02,2024-01-23 09:24:48,41.66,0.0833,0.0,4,Success,Purchase,Yangon,MMK,False
TXN-20240123-0002480,WALL-0077342,MERCH-00374,PM-04,DEV-03,2024-01-23 20:49:29,33.41,0.6682,0.0,3,Success,Purchase,Siem Reap,MMK,True
TXN-20240123-0002481,WALL-0023565,MERCH-00176,PM-03,DEV-03,2024-01-23 20:18:56,33.16,0.2653,1.6579,3,Success,Purchase,Khon Kaen,MMK,False
TXN-20240123-0002482,WALL-0116431,MERCH-00056,PM-03,DEV-02,2024-01-23 14:12:41,12.9,0.1032,0.2579,1,Success,Purchase,Bago,MMK,False
TXN-20240123-0002483,WALL-0079251,MERCH-00335,PM-04,DEV-05,2024-01-23 00:43:20,74.7,1.494,0.0,7,Success,Bill Payment,Pattaya,THB,False
TXN-20240123-0002484,WALL-0140587,MERCH-00249,PM-01,DEV-03,2024-01-23 19:30:08,12.38,0.0,0.0,1,Success,Subscription,Myitkyina,MMK,False
TXN-20240123-0002485,WALL-0020879,MERCH-00196,PM-03,DEV-01,2024-01-23 14:13:05,10.35,0.0828,0.0,1,Success,Purchase,Pathein,MMK,False
TXN-20240123-0002486,WALL-0127173,MERCH-00446,PM-01,DEV-03,2024-01-23 15:22:23,253.19,0.0,0.0,25,Success,Tax Payment,Mawlamyine,MMK,False
TXN-20240123-0002487,WALL-0046577,MERCH-00323,PM-03,DEV-01,2024-01-23 01:32:12,67.44,0.5395,0.0,6,Success,Bill Payment,Jakarta,IDR,False
TXN-20240123-0002488,WALL-0102427,MERCH-00321,PM-02,DEV-04,2024-01-23 07:43:43,220.93,0.4419,0.0,0,Pending,Bill Payment,Mandalay,MMK,False
TXN-20240123-0002489,WALL-0011014,MERCH-00345,PM-03,DEV-01,2024-01-23 18:01:21,70.0,0.56,0.0,7,Success,Bill Payment,Chiang Mai,THB,False
TXN-20240123-0002490,WALL-0011762,MERCH-00078,PM-04,DEV-01,2024-01-23 13:16:58,12.49,0.2497,0.2497,1,Success,Purchase,Karachi,PKR,False
TXN-20240123-0002491,WALL-0127310,MERCH-00387,PM-01,DEV-02,2024-01-23 06:45:43,76.55,0.0,0.0,7,Success,Purchase,Chennai,INR,False
TXN-20240123-0002492,WALL-0122303,MERCH-00433,PM-02,DEV-02,2024-01-23 06:48:28,66.73,0.1335,0.0,6,Success,Tax Payment,Jaipur,INR,False
TXN-20240123-0002493,WALL-0035255,MERCH-00396,PM-02,DEV-01,2024-01-23 08:39:13,34.41,0.0688,0.0,3,Success,Purchase,Myitkyina,MMK,False
TXN-20240123-0002494,WALL-0123506,MERCH-00036,PM-03,DEV-01,2024-01-23 16:35:07,36.3,0.2904,0.7261,3,Success,Purchase,Penang,MYR,False
TXN-20240123-0002495,WALL-0124205,MERCH-00264,PM-02,DEV-02,2024-01-23 15:30:57,58.49,0.117,0.0,5,Success,Subscription,Kathmandu,NPR,False
TXN-20240123-0002496,WALL-0066932,MERCH-00340,PM-02,DEV-01,2024-01-23 13:00:46,32.83,0.0657,0.0,3,Success,Bill Payment,Hyderabad,INR,False
TXN-20240123-0002497,WALL-0079576,MERCH-00040,PM-04,DEV-01,2024-01-23 03:59:44,36.57,0.7314,0.7314,3,Success,Purchase,Mawlamyine,MMK,False
TXN-20240123-0002498,WALL-0039844,MERCH-00428,PM-04,DEV-01,2024-01-23 20:30:03,90.18,1.8036,0.0,9,Success,Payment,Pokhara,MMK,False
TXN-20240123-0002499,WALL-0007815,MERCH-00443,PM-01,DEV-01,2024-01-23 14:29:47,703.45,0.0,0.0,70,Success,Tax Payment,Naypyidaw,MMK,False
TXN-20240123-0002500,WALL-0076984,MERCH-00097,PM-02,DEV-01,2024-01-23 17:49:33,19.05,0.0381,0.0,1,Success,Purchase,Naypyidaw,MMK,False
TXN-20240123-0002501,WALL-0073602,MERCH-00002,PM-01,DEV-01,2024-01-23 18:37:30,9.45,0.0,0.189,0,Success,Purchase,Taunggyi,MMK,False
TXN-20240123-0002502,WALL-0008252,MERCH-00114,PM-03,DEV-01,2024-01-23 15:18:17,280.49,2.2439,0.0,28,Success,Purchase,Bali,IDR,False
TXN-20240123-0002503,WALL-0108911,MERCH-00059,PM-03,DEV-01,2024-01-23 06:21:01,58.91,0.4713,0.0,0,Pending,Purchase,Davao,PHP,False
TXN-20240123-0002504,WALL-0104623,MERCH-00406,PM-02,DEV-02,2024-01-23 20:45:53,38.7,0.0774,0.0,3,Success,Payment,Yangon,MMK,False
TXN-20240123-0002505,WALL-0047166,MERCH-00398,PM-01,DEV-04,2024-01-23 16:36:28,68.71,0.0,0.0,6,Success,Purchase,Pathein,MMK,False
TXN-20240123-0002506,WALL-0035916,MERCH-00109,PM-05,DEV-01,2024-01-23 12:20:23,86.53,0.0,0.0,8,Success,Purchase,Yangon,MMK,False
TXN-20240123-0002507,WALL-0075943,MERCH-00237,PM-02,DEV-01,2024-01-23 13:46:06,16.95,0.0339,0.0,1,Success,Subscription,Bali,MMK,False
TXN-20240123-0002508,WALL-0030301,MERCH-00068,PM-03,DEV-02,2024-01-23 20:18:59,9.0,0.072,0.18,0,Success,Purchase,Bago,MMK,False
TXN-20240123-0002509,WALL-0033766,MERCH-00238,PM-04,DEV-02,2024-01-23 21:14:30,27.84,0.5568,0.0,2,Success,Subscription,Naypyidaw,MMK,False
TXN-20240123-0002510,WALL-0141266,MERCH-00175,PM-01,DEV-01,2024-01-23 11:42:18,605.23,0.0,30.2613,60,Success,Purchase,Mandalay,MMK,False
TXN-20240123-0002511,WALL-0033087,MERCH-00308,PM-01,DEV-01,2024-01-23 08:15:28,274.79,0.0,21.9831,54,Success,Purchase,Mawlamyine,MMK,False
TXN-20240123-0002512,WALL-0061040,MERCH-00439,PM-01,DEV-01,2024-01-23 15:37:41,736.34,0.0,0.0,73,Success,Tax Payment,Jakarta,IDR,False
TXN-20240123-0002513,WALL-0119646,MERCH-00057,PM-02,DEV-02,2024-01-23 08:48:56,25.43,0.0509,0.5086,2,Success,Purchase,Singapore,SGD,False
TXN-20240123-0002514,WALL-0081910,MERCH-00131,PM-02,DEV-01,2024-01-23 21:29:14,39.17,0.0783,1.9584,3,Success,Purchase,Phuket,BDT,False
TXN-20240123-0002515,WALL-0068730,MERCH-00224,PM-03,DEV-03,2024-01-23 14:22:57,22.92,0.1833,0.0,2,Success,Purchase,Karachi,PKR,False
TXN-20240123-0002516,WALL-0022989,MERCH-00227,PM-05,DEV-01,2024-01-23 09:37:33,41.06,0.0,0.0,4,Success,Purchase,Taunggyi,MMK,False
TXN-20240123-0002517,WALL-0127576,MERCH-00493,PM-01,DEV-01,2024-01-23 21:53:17,211.45,0.0,0.0,21,Success,Payment,Penang,MYR,False
TXN-20240123-0002518,WALL-0120820,MERCH-00120,PM-05,DEV-01,2024-01-23 10:23:28,68.45,0.0,0.0,6,Success,Purchase,Davao,PHP,False
TXN-20240123-0002519,WALL-0013946,MERCH-00408,PM-04,DEV-03,2024-01-23 14:52:15,81.09,1.6217,0.0,8,Success,Payment,Myitkyina,MMK,False
TXN-20240123-0002520,WALL-0072562,MERCH-00026,PM-01,DEV-01,2024-01-23 18:07:44,13.47,0.0,0.2694,1,Success,Purchase,Colombo,LKR,False
TXN-20240123-0002521,WALL-0054346,MERCH-00220,PM-01,DEV-01,2024-01-23 08:22:14,15.16,0.0,0.0,1,Success,Purchase,Mandalay,MMK,False
TXN-20240123-0002522,WALL-0072274,MERCH-00087,PM-01,DEV-01,2024-01-23 13:05:38,35.46,0.0,0.0,3,Success,Purchase,Kandy,LKR,False
TXN-20240123-0002523,WALL-0069376,MERCH-00211,PM-02,DEV-02,2024-01-23 18:09:21,13.04,0.0261,0.0,1,Success,Purchase,Naypyidaw,MMK,False
TXN-20240123-0002524,WALL-0018125,MERCH-00267,PM-02,DEV-03,2024-01-23 21:21:20,9.51,0.019,0.0,0,Success,Subscription,Karachi,THB,False
TXN-20240123-0002525,WALL-0060746,MERCH-00081,PM-02,DEV-02,2024-01-23 14:18:00,41.22,0.0824,0.0,4,Success,Purchase,Myitkyina,MMK,False
TXN-20240123-0002526,WALL-0135370,MERCH-00074,PM-01,DEV-02,2024-01-23 19:34:26,16.23,0.0,0.3246,1,Success,Purchase,Colombo,LKR,False
TXN-20240123-0002527,WALL-0129801,MERCH-00069,PM-01,DEV-05,2024-01-23 21:42:03,15.72,0.0,0.3145,1,Success,Purchase,Naypyidaw,MMK,False
TXN-20240123-0002528,WALL-0097281,MERCH-00201,PM-04,DEV-02,2024-01-23 21:23:09,8.76,0.1753,0.0,0,Success,Purchase,Phuket,THB,False
TXN-20240123-0002529,WALL-0029997,MERCH-00075,PM-04,DEV-01,2024-01-23 13:28:24,5.54,0.1108,0.1108,0,Success,Purchase,Bago,MMK,False
TXN-20240123-0002530,WALL-0032872,MERCH-00018,PM-04,DEV-01,2024-01-23 20:39:57,5.63,0.1127,0.1127,0,Success,Purchase,Phuket,THB,False
TXN-20240123-0002531,WALL-0071097,MERCH-00404,PM-01,DEV-01,2024-01-23 07:04:45,55.88,0.0,0.0,5,Success,Payment,Kandy,LKR,False
TXN-20240123-0002532,WALL-0117354,MERCH-00432,PM-01,DEV-01,2024-01-23 21:18:12,118.96,0.0,0.0,11,Success,Tax Payment,Davao,PHP,False
TXN-20240123-0002533,WALL-0142736,MERCH-00207,PM-01,DEV-03,2024-01-23 14:33:38,5.0,0.0,0.0,0,Success,Purchase,Jakarta,IDR,False
TXN-20240123-0002534,WALL-0137591,MERCH-00186,PM-04,DEV-05,2024-01-23 19:05:20,151.51,3.0302,7.5756,15,Success,Purchase,Bandung,IDR,False
TXN-20240123-0002535,WALL-0121070,MERCH-00352,PM-02,DEV-01,2024-01-23 07:21:55,51.31,0.1026,0.0,5,Success,Bill Payment,Bago,MMK,False
TXN-20240123-0002536,WALL-0055613,MERCH-00123,PM-03,DEV-01,2024-01-23 10:51:59,58.11,0.4649,0.0,5,Success,Purchase,Myitkyina,MMK,False
TXN-20240123-0002537,WALL-0146392,MERCH-00239,PM-04,DEV-03,2024-01-23 17:41:01,32.36,0.6473,0.0,3,Success,Subscription,Islamabad,PKR,False
TXN-20240123-0002538,WALL-0004979,MERCH-00230,PM-01,DEV-01,2024-01-23 06:27:45,16.72,0.0,0.0,1,Success,Purchase,Bangkok,THB,False
TXN-20240123-0002539,WALL-0148846,MERCH-00101,PM-01,DEV-01,2024-01-23 15:12:40,90.39,0.0,0.0,9,Success,Purchase,Johor Bahru,MYR,False
TXN-20240123-0002540,WALL-0073892,MERCH-00079,PM-03,DEV-01,2024-01-23 13:38:25,26.14,0.2091,0.5228,2,Success,Purchase,Islamabad,PKR,False
TXN-20240123-0002541,WALL-0011326,MERCH-00355,PM-01,DEV-01,2024-01-23 07:57:41,35.58,0.0,0.0,3,Success,Bill Payment,Pathein,MMK,False
TXN-20240123-0002542,WALL-0124826,MERCH-00054,PM-01,DEV-01,2024-01-23 16:50:56,10.41,0.0,0.2081,1,Success,Purchase,Pune,INR,False
TXN-20240123-0002543,WALL-0057442,MERCH-00246,PM-03,DEV-01,2024-01-23 15:32:17,8.05,0.0644,0.0,0,Success,Subscription,Hanoi,MMK,False
TXN-20240123-0002544,WALL-0088267,MERCH-00250,PM-01,DEV-04,2024-01-23 11:11:21,9.47,0.0,0.0,0,Success,Subscription,Myitkyina,MMK,False
TXN-20240123-0002545,WALL-0081088,MERCH-00118,PM-01,DEV-05,2024-01-23 12:02:19,49.85,0.0,0.0,4,Success,Purchase,Myitkyina,MMK,False
TXN-20240123-0002546,WALL-0146424,MERCH-00471,PM-01,DEV-05,2024-01-23 17:16:51,2223.21,0.0,0.0,222,Success,Payment,Karachi,PKR,False
TXN-20240123-0002547,WALL-0141073,MERCH-00367,PM-05,DEV-02,2024-01-23 16:28:34,18.8,0.0,0.0,1,Success,Bill Payment,Jakarta,IDR,False
TXN-20240123-0002548,WALL-0084205,MERCH-00215,PM-03,DEV-05,2024-01-23 13:51:57,12.32,0.0986,0.0,1,Success,Purchase,Taunggyi,MMK,False
TXN-20240123-0002549,WALL-0138150,MERCH-00033,PM-04,DEV-01,2024-01-23 13:39:44,11.74,0.2349,0.2349,1,Success,Purchase,Bago,MMK,False
TXN-20240123-0002550,WALL-0015090,MERCH-00294,PM-01,DEV-01,2024-01-23 02:12:42,195.83,0.0,15.6664,39,Success,Purchase,Hanoi,THB,False
TXN-20240123-0002551,WALL-0002248,MERCH-00294,PM-01,DEV-01,2024-01-23 19:35:22,1105.53,0.0,88.442,221,Success,Purchase,Phnom Penh,KHR,False
TXN-20240123-0002552,WALL-0058286,MERCH-00334,PM-01,DEV-02,2024-01-23 16:37:47,54.58,0.0,0.0,5,Success,Bill Payment,Mandalay,MMK,False
TXN-20240123-0002553,WALL-0109576,MERCH-00042,PM-03,DEV-01,2024-01-23 15:56:55,20.62,0.165,0.4124,2,Success,Purchase,Myitkyina,MMK,False
TXN-20240123-0002554,WALL-0011946,MERCH-00154,PM-03,DEV-03,2024-01-23 08:23:15,78.53,0.6282,0.0,0,Failed,Purchase,Pattaya,THB,False
TXN-20240123-0002555,WALL-0021300,MERCH-00017,PM-01,DEV-03,2024-01-23 20:51:36,12.95,0.0,0.2591,1,Success,Purchase,Mandalay,MMK,False
TXN-20240123-0002556,WALL-0094553,MERCH-00168,PM-03,DEV-01,2024-01-23 04:01:36,31.65,0.2532,1.5825,3,Success,Purchase,Delhi,INR,False
TXN-20240123-0002557,WALL-0124953,MERCH-00271,PM-04,DEV-01,2024-01-23 16:14:11,326.35,6.527,26.108,65,Success,Purchase,Yangon,MMK,False
TXN-20240123-0002558,WALL-0144090,MERCH-00349,PM-03,DEV-01,2024-01-23 13:39:46,21.71,0.1736,0.0,2,Success,Bill Payment,Ho Chi Minh City,VND,False
TXN-20240123-0002559,WALL-0121408,MERCH-00427,PM-03,DEV-01,2024-01-23 15:39:38,112.74,0.9019,0.0,11,Success,Payment,Mawlamyine,MMK,False
TXN-20240123-0002560,WALL-0065750,MERCH-00257,PM-03,DEV-01,2024-01-23 21:19:57,24.07,0.1926,0.0,2,Success,Subscription,Pathein,MMK,False
TXN-20240123-0002561,WALL-0064693,MERCH-00032,PM-05,DEV-01,2024-01-23 17:15:58,16.35,0.0,0.3271,1,Success,Purchase,Islamabad,NPR,False
TXN-20240123-0002562,WALL-0041966,MERCH-00218,PM-02,DEV-01,2024-01-23 12:55:35,6.84,0.0137,0.0,0,Success,Purchase,Bago,MMK,False
TXN-20240123-0002563,WALL-0100534,MERCH-00197,PM-05,DEV-05,2024-01-23 18:09:07,24.45,0.0,0.0,2,Success,Purchase,Pathein,MMK,False
TXN-20240123-0002564,WALL-0074476,MERCH-00308,PM-01,DEV-03,2024-01-23 12:08:47,660.83,0.0,52.866,132,Success,Purchase,Manila,MMK,False
TXN-20240123-0002565,WALL-0104603,MERCH-00042,PM-04,DEV-05,2024-01-23 16:47:27,88.39,1.7678,1.7678,8,Success,Purchase,Jakarta,IDR,False
TXN-20240123-0002566,WALL-0119685,MERCH-00385,PM-03,DEV-01,2024-01-23 14:04:05,83.57,0.6686,0.0,8,Success,Purchase,Kathmandu,NPR,False
TXN-20240123-0002567,WALL-0066688,MERCH-00017,PM-03,DEV-01,2024-01-23 19:06:45,39.16,0.3133,0.7832,3,Success,Purchase,Jaipur,INR,False
TXN-20240123-0002568,WALL-0093600,MERCH-00397,PM-01,DEV-01,2024-01-23 07:23:35,84.56,0.0,0.0,8,Success,Purchase,Yangon,MMK,False
TXN-20240123-0002569,WALL-0128749,MERCH-00216,PM-02,DEV-03,2024-01-23 10:36:21,10.48,0.021,0.0,1,Success,Purchase,Delhi,INR,False
TXN-20240123-0002570,WALL-0114616,MERCH-00012,PM-03,DEV-02,2024-01-23 20:50:48,8.84,0.0707,0.1768,0,Success,Purchase,Taunggyi,MMK,False
TXN-20240123-0002571,WALL-0088674,MERCH-00143,PM-01,DEV-01,2024-01-23 21:21:03,132.21,0.0,6.6107,13,Success,Purchase,Pattaya,THB,False
TXN-20240123-0002572,WALL-0104714,MERCH-00253,PM-01,DEV-01,2024-01-23 15:13:05,14.15,0.0,0.0,1,Success,Subscription,Chittagong,BDT,False
TXN-20240123-0002573,WALL-0080710,MERCH-00337,PM-02,DEV-01,2024-01-23 06:04:50,53.64,0.1073,0.0,5,Success,Bill Payment,Phuket,THB,False
TXN-20240123-0002574,WALL-0019132,MERCH-00217,PM-03,DEV-03,2024-01-23 06:55:53,12.95,0.1036,0.0,1,Success,Purchase,Naypyidaw,MMK,False
TXN-20240123-0002575,WALL-0036172,MERCH-00071,PM-04,DEV-01,2024-01-23 16:05:20,6.92,0.1385,0.1385,0,Success,Purchase,Da Nang,MMK,False
TXN-20240123-0002576,WALL-0049391,MERCH-00395,PM-03,DEV-01,2024-01-23 18:24:07,28.26,0.2261,0.0,2,Success,Purchase,Mawlamyine,MMK,False
TXN-20240123-0002577,WALL-0096237,MERCH-00385,PM-01,DEV-01,2024-01-23 16:40:30,198.0,0.0,0.0,19,Success,Purchase,Pathein,MMK,False
TXN-20240123-0002578,WALL-0050357,MERCH-00339,PM-01,DEV-01,2024-01-23 16:40:31,92.83,0.0,0.0,9,Success,Bill Payment,Bago,MMK,False
TXN-20240123-0002579,WALL-0005275,MERCH-00146,PM-02,DEV-01,2024-01-23 09:18:32,305.54,0.6111,0.0,0,Failed,Purchase,Bago,MMK,False
TXN-20240123-0002580,WALL-0127983,MERCH-00240,PM-05,DEV-01,2024-01-23 17:59:16,11.76,0.0,0.0,1,Success,Subscription,Jakarta,IDR,False
TXN-20240123-0002581,WALL-0018890,MERCH-00243,PM-01,DEV-01,2024-01-23 07:29:28,28.97,0.0,0.0,2,Success,Subscription,Mandalay,MMK,False
TXN-20240123-0002582,WALL-0131967,MERCH-00438,PM-05,DEV-01,2024-01-23 17:02:56,290.8,0.0,0.0,29,Success,Tax Payment,Pune,INR,False
TXN-20240123-0002583,WALL-0059165,MERCH-00011,PM-02,DEV-03,2024-01-23 19:44:18,11.47,0.0229,0.2294,1,Success,Purchase,Myitkyina,MMK,False
TXN-20240123-0002584,WALL-0078222,MERCH-00136,PM-02,DEV-01,2024-01-23 17:12:46,581.38,1.1628,0.0,0,Pending,Purchase,Singapore,BDT,False
TXN-20240123-0002585,WALL-0047532,MERCH-00078,PM-01,DEV-02,2024-01-23 08:33:28,21.1,0.0,0.0,0,Pending,Purchase,Pune,PHP,False
TXN-20240123-0002586,WALL-0027079,MERCH-00319,PM-01,DEV-01,2024-01-23 19:51:49,35.0,0.0,0.0,0,Reversed,Bill Payment,Pune,INR,False
TXN-20240123-0002587,WALL-0085799,MERCH-00157,PM-01,DEV-02,2024-01-23 15:43:07,164.16,0.0,8.2078,16,Success,Purchase,Jakarta,MMK,False
TXN-20240123-0002588,WALL-0058709,MERCH-00010,PM-03,DEV-04,2024-01-23 14:39:01,27.53,0.2202,0.5505,2,Success,Purchase,Pathein,MMK,False
TXN-20240123-0002589,WALL-0013047,MERCH-00287,PM-02,DEV-01,2024-01-23 18:47:25,340.02,0.68,27.2012,68,Success,Purchase,Karachi,PKR,False
TXN-20240123-0002590,WALL-0101861,MERCH-00028,PM-04,DEV-03,2024-01-23 11:50:09,9.22,0.1845,0.1845,0,Success,Purchase,Siem Reap,MMK,False
TXN-20240123-0002591,WALL-0018140,MERCH-00271,PM-01,DEV-02,2024-01-23 19:20:23,100.0,0.0,8.0,20,Success,Purchase,Bangkok,THB,False
TXN-20240123-0002592,WALL-0030832,MERCH-00244,PM-01,DEV-01,2024-01-23 13:54:51,10.65,0.0,0.0,1,Success,Subscription,Pune,INR,False
TXN-20240123-0002593,WALL-0077695,MERCH-00199,PM-01,DEV-03,2024-01-23 21:48:47,7.9,0.0,0.0,0,Success,Purchase,Yangon,MMK,False
TXN-20240123-0002594,WALL-0131645,MERCH-00062,PM-02,DEV-01,2024-01-23 14:20:42,9.38,0.0188,0.1876,0,Success,Purchase,Pune,INR,False
TXN-20240123-0002595,WALL-0014714,MERCH-00128,PM-02,DEV-03,2024-01-23 12:21:51,37.1,0.0742,0.0,3,Success,Purchase,Davao,PHP,False
TXN-20240123-0002596,WALL-0067655,MERCH-00203,PM-01,DEV-01,2024-01-23 17:20:23,5.0,0.0,0.0,0,Success,Purchase,Singapore,MMK,False
TXN-20240123-0002597,WALL-0017149,MERCH-00048,PM-01,DEV-02,2024-01-23 15:47:46,11.73,0.0,0.2347,1,Success,Purchase,Kathmandu,NPR,False
TXN-20240123-0002598,WALL-0085399,MERCH-00184,PM-02,DEV-01,2024-01-23 13:37:22,54.56,0.1091,2.7278,5,Success,Purchase,Colombo,LKR,False
TXN-20240123-0002599,WALL-0108926,MERCH-00229,PM-01,DEV-01,2024-01-23 13:17:43,31.08,0.0,0.0,3,Success,Purchase,Ho Chi Minh City,VND,False
TXN-20240123-0002600,WALL-0034833,MERCH-00306,PM-02,DEV-01,2024-01-23 01:08:52,712.94,1.4259,57.0354,142,Success,Purchase,Delhi,INR,False
TXN-20240123-0002601,WALL-0059651,MERCH-00238,PM-01,DEV-03,2024-01-23 17:10:14,5.0,0.0,0.0,0,Success,Subscription,Colombo,LKR,False
TXN-20240123-0002602,WALL-0120782,MERCH-00260,PM-02,DEV-01,2024-01-23 17:23:14,36.04,0.0721,0.0,3,Success,Subscription,Taunggyi,MMK,False
TXN-20240123-0002603,WALL-0087708,MERCH-00058,PM-01,DEV-01,2024-01-23 16:20:35,23.1,0.0,0.4619,2,Success,Purchase,Mawlamyine,MMK,False
TXN-20240123-0002604,WALL-0026653,MERCH-00089,PM-02,DEV-02,2024-01-23 18:07:56,73.75,0.1475,0.0,7,Success,Purchase,Myitkyina,MMK,False
TXN-20240123-0002605,WALL-0113241,MERCH-00121,PM-01,DEV-02,2024-01-23 11:42:28,61.77,0.0,0.0,6,Success,Purchase,Mawlamyine,MMK,False
TXN-20240123-0002606,WALL-0128545,MERCH-00106,PM-04,DEV-01,2024-01-23 06:21:38,57.99,1.1598,0.0,5,Success,Purchase,Mandalay,MMK,False
TXN-20240123-0002607,WALL-0139416,MERCH-00497,PM-01,DEV-01,2024-01-23 22:44:08,284.6,0.0,0.0,28,Success,Payment,Mandalay,MMK,False
TXN-20240123-0002608,WALL-0014899,MERCH-00016,PM-03,DEV-03,2024-01-23 17:25:34,58.38,0.4671,0.0,0,Reversed,Purchase,Mandalay,MMK,False
TXN-20240123-0002609,WALL-0128461,MERCH-00232,PM-01,DEV-03,2024-01-23 16:04:37,18.9,0.0,0.0,1,Success,Subscription,Bago,MMK,False
TXN-20240123-0002610,WALL-0061467,MERCH-00060,PM-05,DEV-03,2024-01-23 11:53:10,9.43,0.0,0.1886,0,Success,Purchase,Chittagong,MMK,False
TXN-20240123-0002611,WALL-0114490,MERCH-00012,PM-01,DEV-01,2024-01-23 21:06:19,15.15,0.0,0.3029,1,Success,Purchase,Kolkata,INR,False
TXN-20240123-0002612,WALL-0048723,MERCH-00134,PM-02,DEV-04,2024-01-23 18:44:35,418.62,0.8372,20.9312,41,Success,Purchase,Surabaya,IDR,False
TXN-20240123-0002613,WALL-0126143,MERCH-00034,PM-04,DEV-01,2024-01-23 12:53:12,25.71,0.5142,0.5142,2,Success,Purchase,Phuket,THB,False
TXN-20240123-0002614,WALL-0063480,MERCH-00210,PM-01,DEV-01,2024-01-23 16:25:18,21.7,0.0,0.0,2,Success,Purchase,Naypyidaw,MYR,False
TXN-20240123-0002615,WALL-0116030,MERCH-00284,PM-01,DEV-01,2024-01-23 21:03:35,539.98,0.0,0.0,0,Failed,Purchase,Naypyidaw,MMK,False
TXN-20240123-0002616,WALL-0100974,MERCH-00320,PM-01,DEV-01,2024-01-23 09:56:36,188.37,0.0,0.0,18,Success,Bill Payment,Mandalay,MMK,False
TXN-20240123-0002617,WALL-0043462,MERCH-00386,PM-03,DEV-01,2024-01-23 19:11:10,42.36,0.3389,0.0,4,Success,Purchase,Mandalay,MMK,False
TXN-20240123-0002618,WALL-0042386,MERCH-00100,PM-04,DEV-01,2024-01-23 10:54:30,39.14,0.7827,0.0,3,Success,Purchase,Myitkyina,MMK,False
TXN-20240123-0002619,WALL-0011496,MERCH-00187,PM-04,DEV-02,2024-01-23 20:09:16,120.42,2.4084,6.0209,12,Success,Purchase,Yangon,MMK,False
TXN-20240123-0002620,WALL-0072904,MERCH-00087,PM-01,DEV-03,2024-01-23 15:39:52,39.96,0.0,0.0,3,Success,Purchase,Da Nang,PHP,False
TXN-20240123-0002621,WALL-0083303,MERCH-00151,PM-04,DEV-02,2024-01-23 13:35:33,201.81,4.0362,10.0906,20,Success,Purchase,Islamabad,PKR,False
TXN-20240123-0002622,WALL-0073970,MERCH-00031,PM-04,DEV-01,2024-01-23 15:10:03,22.61,0.4521,0.4521,2,Success,Purchase,Bago,MMK,False
TXN-20240123-0002623,WALL-0090243,MERCH-00490,PM-02,DEV-01,2024-01-23 19:34:44,50.0,0.1,0.0,5,Success,Payment,Jakarta,IDR,False
TXN-20240123-0002624,WALL-0068080,MERCH-00409,PM-02,DEV-02,2024-01-23 15:24:29,20.0,0.04,0.0,2,Success,Payment,Pathein,MMK,False
TXN-20240123-0002625,WALL-0066661,MERCH-00064,PM-05,DEV-04,2024-01-23 04:05:10,32.95,0.0,0.6591,3,Success,Purchase,Taunggyi,MMK,False
TXN-20240123-0002626,WALL-0053730,MERCH-00027,PM-02,DEV-02,2024-01-23 19:31:20,18.99,0.038,0.3798,1,Success,Purchase,Naypyidaw,MMK,False
TXN-20240123-0002627,WALL-0052752,MERCH-00255,PM-01,DEV-01,2024-01-23 20:36:13,13.36,0.0,0.0,1,Success,Subscription,Manila,PHP,False
TXN-20240123-0002628,WALL-0100801,MERCH-00321,PM-02,DEV-05,2024-01-23 15:57:28,109.76,0.2195,0.0,10,Success,Bill Payment,Chennai,INR,False
TXN-20240123-0002629,WALL-0128243,MERCH-00188,PM-01,DEV-01,2024-01-23 17:33:03,46.85,0.0,2.3425,4,Success,Purchase,Pokhara,NPR,False
TXN-20240123-0002630,WALL-0115728,MERCH-00068,PM-01,DEV-02,2024-01-23 13:41:49,7.6,0.0,0.1521,0,Success,Purchase,Bandung,IDR,False
TXN-20240123-0002631,WALL-0056506,MERCH-00058,PM-01,DEV-01,2024-01-23 10:01:28,33.71,0.0,0.6741,3,Success,Purchase,Naypyidaw,MMK,False
TXN-20240123-0002632,WALL-0109215,MERCH-00173,PM-03,DEV-01,2024-01-23 11:53:06,162.48,1.2998,8.1238,16,Success,Purchase,Taunggyi,MMK,False
TXN-20240123-0002633,WALL-0131307,MERCH-00019,PM-04,DEV-03,2024-01-23 16:01:11,7.48,0.1496,0.1496,0,Success,Purchase,Mandalay,MMK,False
TXN-20240123-0002634,WALL-0014518,MERCH-00071,PM-01,DEV-01,2024-01-23 19:27:31,41.22,0.0,0.8243,4,Success,Purchase,Mawlamyine,MMK,False
TXN-20240123-0002635,WALL-0040815,MERCH-00414,PM-01,DEV-01,2024-01-23 10:19:19,99.76,0.0,0.0,9,Success,Payment,Bali,IDR,False
TXN-20240123-0002636,WALL-0121010,MERCH-00099,PM-02,DEV-02,2024-01-23 17:03:00,131.28,0.2626,0.0,13,Success,Purchase,Naypyidaw,MMK,False
TXN-20240123-0002637,WALL-0027326,MERCH-00136,PM-03,DEV-01,2024-01-23 20:53:52,26.64,0.2132,1.3322,2,Success,Purchase,Pathein,MMK,False
TXN-20240123-0002638,WALL-0136882,MERCH-00432,PM-03,DEV-01,2024-01-23 02:51:25,86.37,0.691,0.0,8,Success,Tax Payment,Penang,MYR,False
TXN-20240123-0002639,WALL-0121792,MERCH-00455,PM-01,DEV-01,2024-01-23 06:20:19,223.35,0.0,0.0,22,Success,Payment,Taunggyi,MMK,False
TXN-20240123-0002640,WALL-0093645,MERCH-00382,PM-02,DEV-02,2024-01-23 21:10:24,78.58,0.1572,0.0,7,Success,Purchase,Chittagong,BDT,False
TXN-20240123-0002641,WALL-0057639,MERCH-00067,PM-01,DEV-01,2024-01-23 12:53:28,10.67,0.0,0.2133,1,Success,Purchase,Taunggyi,MMK,False
TXN-20240123-0002642,WALL-0068740,MERCH-00164,PM-05,DEV-01,2024-01-23 13:38:47,22.83,0.0,1.1415,2,Success,Purchase,Kandy,LKR,False
TXN-20240123-0002643,WALL-0108984,MERCH-00007,PM-03,DEV-02,2024-01-23 05:41:45,17.91,0.1432,0.3581,1,Success,Purchase,Pathein,MMK,False
TXN-20240123-0002644,WALL-0106605,MERCH-00362,PM-03,DEV-01,2024-01-23 06:16:37,54.09,0.4327,0.0,5,Success,Bill Payment,Surabaya,IDR,False
TXN-20240123-0002645,WALL-0123586,MERCH-00024,PM-01,DEV-01,2024-01-23 17:26:02,7.7,0.0,0.1541,0,Success,Purchase,Pattaya,THB,False
TXN-20240123-0002646,WALL-0113029,MERCH-00380,PM-01,DEV-01,2024-01-23 15:43:27,58.06,0.0,0.0,5,Success,Purchase,Davao,PHP,False
TXN-20240123-0002647,WALL-0123446,MERCH-00013,PM-02,DEV-04,2024-01-23 07:55:52,23.81,0.0476,0.4762,2,Success,Purchase,Bangkok,THB,False
TXN-20240123-0002648,WALL-0026818,MERCH-00002,PM-01,DEV-03,2024-01-23 11:47:29,12.07,0.0,0.2413,1,Success,Purchase,Taunggyi,MMK,False
TXN-20240123-0002649,WALL-0112795,MERCH-00353,PM-01,DEV-02,2024-01-23 01:58:55,23.99,0.0,0.0,2,Success,Bill Payment,Davao,MYR,False
TXN-20240123-0002650,WALL-0011765,MERCH-00400,PM-03,DEV-05,2024-01-23 17:24:05,64.37,0.5149,0.0,6,Success,Purchase,Myitkyina,MMK,False
TXN-20240123-0002651,WALL-0009043,MERCH-00148,PM-01,DEV-01,2024-01-23 15:20:55,268.97,0.0,13.4486,26,Success,Purchase,Kuala Lumpur,MMK,False
TXN-20240123-0002652,WALL-0028563,MERCH-00376,PM-02,DEV-03,2024-01-23 16:33:28,70.77,0.1415,0.0,7,Success,Purchase,Islamabad,PHP,False
TXN-20240123-0002653,WALL-0108978,MERCH-00206,PM-02,DEV-01,2024-01-23 16:28:52,11.21,0.0224,0.0,1,Success,Purchase,Mawlamyine,MMK,False
TXN-20240123-0002654,WALL-0059663,MERCH-00065,PM-02,DEV-01,2024-01-23 06:01:32,18.93,0.0379,0.3785,1,Success,Purchase,Kandy,LKR,False
TXN-20240123-0002655,WALL-0014314,MERCH-00299,PM-01,DEV-01,2024-01-23 17:53:18,1088.4,0.0,87.0723,217,Success,Purchase,Mawlamyine,MMK,False
TXN-20240123-0002656,WALL-0011865,MERCH-00156,PM-05,DEV-05,2024-01-23 21:22:24,125.67,0.0,6.2836,12,Success,Purchase,Bago,IDR,False
TXN-20240123-0002657,WALL-0149788,MERCH-00261,PM-02,DEV-03,2024-01-23 08:28:10,15.05,0.0301,0.0,1,Success,Subscription,Kandy,LKR,False
TXN-20240123-0002658,WALL-0141673,MERCH-00145,PM-01,DEV-03,2024-01-23 21:48:48,98.67,0.0,4.9333,9,Success,Purchase,Taunggyi,MMK,False
TXN-20240123-0002659,WALL-0134308,MERCH-00015,PM-02,DEV-01,2024-01-23 06:14:15,10.96,0.0219,0.2192,1,Success,Purchase,Taunggyi,MMK,False
TXN-20240123-0002660,WALL-0049079,MERCH-00135,PM-01,DEV-01,2024-01-23 06:44:34,268.36,0.0,13.4181,26,Success,Purchase,Kuala Lumpur,MYR,False
TXN-20240123-0002661,WALL-0140836,MERCH-00318,PM-02,DEV-01,2024-01-23 02:03:45,68.16,0.1363,0.0,6,Success,Bill Payment,Phuket,INR,False
TXN-20240123-0002662,WALL-0127565,MERCH-00118,PM-01,DEV-01,2024-01-23 12:59:36,35.48,0.0,0.0,3,Success,Purchase,Phnom Penh,KHR,False
TXN-20240123-0002663,WALL-0138451,MERCH-00022,PM-03,DEV-01,2024-01-23 20:26:34,5.12,0.041,0.1025,0,Success,Purchase,Chiang Mai,THB,False
TXN-20240123-0002664,WALL-0092342,MERCH-00373,PM-05,DEV-01,2024-01-23 09:12:05,83.48,0.0,0.0,8,Success,Purchase,Manila,PHP,False
TXN-20240123-0002665,WALL-0047343,MERCH-00035,PM-01,DEV-01,2024-01-23 13:52:56,48.67,0.0,0.9734,4,Success,Purchase,Taunggyi,MMK,False
TXN-20240123-0002666,WALL-0128125,MERCH-00237,PM-01,DEV-01,2024-01-23 20:51:31,12.41,0.0,0.0,1,Success,Subscription,Chiang Mai,THB,False
TXN-20240123-0002667,WALL-0096815,MERCH-00329,PM-02,DEV-02,2024-01-23 21:58:04,58.02,0.116,0.0,5,Success,Bill Payment,Islamabad,PKR,False
TXN-20240123-0002668,WALL-0030755,MERCH-00066,PM-01,DEV-01,2024-01-23 11:01:13,47.02,0.0,0.9404,4,Success,Purchase,Hyderabad,INR,False
TXN-20240123-0002669,WALL-0087466,MERCH-00095,PM-02,DEV-04,2024-01-23 15:21:35,43.16,0.0863,0.0,4,Success,Purchase,Colombo,LKR,False
TXN-20240123-0002670,WALL-0141355,MERCH-00174,PM-01,DEV-03,2024-01-23 20:29:53,30.38,0.0,1.519,3,Success,Purchase,Mawlamyine,MMK,False
TXN-20240123-0002671,WALL-0149852,MERCH-00267,PM-02,DEV-02,2024-01-23 14:42:38,11.52,0.023,0.0,1,Success,Subscription,Mandalay,MMK,False
TXN-20240123-0002672,WALL-0031660,MERCH-00003,PM-04,DEV-01,2024-01-23 11:58:20,13.57,0.2715,0.2715,1,Success,Purchase,Manila,PHP,False
TXN-20240123-0002673,WALL-0032572,MERCH-00409,PM-04,DEV-01,2024-01-23 12:59:23,129.53,2.5906,0.0,12,Success,Payment,Surabaya,BDT,False
TXN-20240123-0002674,WALL-0029868,MERCH-00386,PM-02,DEV-01,2024-01-23 09:22:24,40.72,0.0814,0.0,4,Success,Purchase,Taunggyi,MMK,False
TXN-20240123-0002675,WALL-0064938,MERCH-00132,PM-03,DEV-02,2024-01-23 12:04:31,22.46,0.1797,1.1228,2,Success,Purchase,Singapore,SGD,False
TXN-20240123-0002676,WALL-0138403,MERCH-00113,PM-02,DEV-01,2024-01-23 20:44:58,50.71,0.1014,0.0,5,Success,Purchase,Chennai,INR,False
TXN-20240123-0002677,WALL-0083488,MERCH-00318,PM-02,DEV-03,2024-01-23 07:13:15,75.88,0.1518,0.0,7,Success,Bill Payment,Pattaya,THB,False
TXN-20240123-0002678,WALL-0129290,MERCH-00033,PM-04,DEV-01,2024-01-23 20:41:42,44.05,0.881,0.881,4,Success,Purchase,Mawlamyine,MMK,False
TXN-20240123-0002679,WALL-0110973,MERCH-00019,PM-02,DEV-01,2024-01-23 13:55:39,9.06,0.0181,0.1811,0,Success,Purchase,Naypyidaw,MMK,False
TXN-20240123-0002680,WALL-0135847,MERCH-00362,PM-02,DEV-03,2024-01-23 21:10:04,114.16,0.2283,0.0,11,Success,Bill Payment,Mawlamyine,MMK,False
TXN-20240123-0002681,WALL-0097817,MERCH-00024,PM-01,DEV-01,2024-01-23 12:42:01,11.32,0.0,0.2264,1,Success,Purchase,Naypyidaw,MMK,False
TXN-20240123-0002682,WALL-0049317,MERCH-00192,PM-02,DEV-01,2024-01-23 17:47:46,6.99,0.014,0.0,0,Success,Purchase,Colombo,LKR,False
TXN-20240123-0002683,WALL-0078658,MERCH-00213,PM-01,DEV-04,2024-01-23 14:40:32,30.38,0.0,0.0,3,Success,Purchase,Lahore,PKR,False
TXN-20240123-0002684,WALL-0022139,MERCH-00113,PM-02,DEV-02,2024-01-23 06:54:30,68.82,0.1376,0.0,6,Success,Purchase,Pattaya,THB,False
TXN-20240123-0002685,WALL-0147473,MERCH-00060,PM-01,DEV-03,2024-01-23 20:02:03,20.73,0.0,0.4147,2,Success,Purchase,Kuala Lumpur,MYR,False
TXN-20240123-0002686,WALL-0056837,MERCH-00067,PM-01,DEV-05,2024-01-23 19:25:51,37.79,0.0,0.7559,3,Success,Purchase,Mawlamyine,MMK,False
TXN-20240123-0002687,WALL-0121725,MERCH-00055,PM-01,DEV-01,2024-01-23 13:19:03,5.0,0.0,0.1,0,Success,Purchase,Bangkok,THB,False
TXN-20240123-0002688,WALL-0006806,MERCH-00214,PM-01,DEV-01,2024-01-23 22:54:22,9.46,0.0,0.0,0,Success,Purchase,Yangon,MMK,False
TXN-20240123-0002689,WALL-0131563,MERCH-00199,PM-01,DEV-01,2024-01-23 14:14:19,5.0,0.0,0.0,0,Success,Purchase,Quezon City,PHP,False
TXN-20240123-0002690,WALL-0027982,MERCH-00172,PM-01,DEV-04,2024-01-23 09:54:07,412.71,0.0,20.6355,41,Success,Purchase,Islamabad,PKR,False
TXN-20240123-0002691,WALL-0058502,MERCH-00138,PM-01,DEV-04,2024-01-23 08:34:29,38.21,0.0,1.9107,3,Success,Purchase,Hyderabad,INR,False
TXN-20240123-0002692,WALL-0020290,MERCH-00402,PM-02,DEV-04,2024-01-23 20:10:05,475.12,0.9502,0.0,47,Success,Payment,Manila,MMK,False
TXN-20240123-0002693,WALL-0094872,MERCH-00098,PM-02,DEV-01,2024-01-23 20:52:22,41.27,0.0825,0.0,4,Success,Purchase,Naypyidaw,MMK,False
TXN-20240123-0002694,WALL-0009360,MERCH-00146,PM-04,DEV-02,2024-01-23 19:00:48,182.91,3.6582,9.1454,18,Success,Purchase,Hyderabad,INR,False
TXN-20240123-0002695,WALL-0060811,MERCH-00246,PM-01,DEV-01,2024-01-23 20:00:23,20.17,0.0,0.0,2,Success,Subscription,Bago,MMK,False
TXN-20240123-0002696,WALL-0028253,MERCH-00209,PM-04,DEV-01,2024-01-23 21:43:53,7.93,0.1587,0.0,0,Success,Purchase,Myitkyina,MMK,False
TXN-20240123-0002697,WALL-0149334,MERCH-00378,PM-04,DEV-01,2024-01-23 09:09:48,20.0,0.4,0.0,2,Success,Purchase,Dhaka,BDT,False
TXN-20240123-0002698,WALL-0129219,MERCH-00037,PM-04,DEV-02,2024-01-23 13:24:50,49.46,0.9891,0.9891,4,Success,Purchase,Taunggyi,MMK,False
TXN-20240123-0002699,WALL-0008472,MERCH-00068,PM-01,DEV-01,2024-01-23 20:23:43,13.06,0.0,0.2612,1,Success,Purchase,Pathein,MMK,False
TXN-20240123-0002700,WALL-0047280,MERCH-00037,PM-01,DEV-05,2024-01-23 17:44:11,20.32,0.0,0.4064,2,Success,Purchase,Mandalay,MMK,False
TXN-20240123-0002701,WALL-0072149,MERCH-00204,PM-02,DEV-02,2024-01-23 19:46:18,14.1,0.0282,0.0,1,Success,Purchase,Pokhara,NPR,False
TXN-20240123-0002702,WALL-0095113,MERCH-00136,PM-01,DEV-02,2024-01-23 21:10:48,95.74,0.0,4.7868,9,Success,Purchase,Kuala Lumpur,MYR,False
TXN-20240123-0002703,WALL-0014607,MERCH-00162,PM-01,DEV-01,2024-01-23 23:59:27,431.77,0.0,21.5885,43,Success,Purchase,Penang,BDT,False
TXN-20240123-0002704,WALL-0055524,MERCH-00054,PM-01,DEV-03,2024-01-23 09:10:58,21.24,0.0,0.4248,2,Success,Purchase,Ahmedabad,INR,False
TXN-20240123-0002705,WALL-0069119,MERCH-00127,PM-05,DEV-02,2024-01-23 10:26:03,32.71,0.0,0.0,3,Success,Purchase,Quezon City,PHP,False
TXN-20240123-0002706,WALL-0068923,MERCH-00431,PM-02,DEV-05,2024-01-23 13:43:48,170.07,0.3401,0.0,17,Success,Tax Payment,Kolkata,INR,False
TXN-20240123-0002707,WALL-0095867,MERCH-00474,PM-04,DEV-01,2024-01-23 13:15:29,475.3,9.506,0.0,47,Success,Payment,Yangon,MMK,False
TXN-20240123-0002708,WALL-0013467,MERCH-00390,PM-01,DEV-05,2024-01-23 20:58:34,33.54,0.0,0.0,3,Success,Purchase,Mandalay,MMK,False
TXN-20240123-0002709,WALL-0076815,MERCH-00090,PM-02,DEV-01,2024-01-23 20:29:40,54.76,0.1095,0.0,0,Failed,Purchase,Manila,IDR,False
TXN-20240123-0002710,WALL-0036559,MERCH-00381,PM-02,DEV-01,2024-01-23 05:37:56,92.05,0.1841,0.0,9,Success,Purchase,Pathein,MMK,False
TXN-20240123-0002711,WALL-0033315,MERCH-00194,PM-04,DEV-03,2024-01-23 13:14:11,16.69,0.3339,0.0,1,Success,Purchase,Lahore,PKR,False
TXN-20240123-0002712,WALL-0013579,MERCH-00428,PM-03,DEV-01,2024-01-23 12:18:43,30.18,0.2414,0.0,3,Success,Payment,Pathein,MMK,False
TXN-20240123-0002713,WALL-0039280,MERCH-00019,PM-01,DEV-03,2024-01-23 00:24:05,47.24,0.0,0.9448,4,Success,Purchase,Ho Chi Minh City,VND,False
TXN-20240123-0002714,WALL-0041266,MERCH-00100,PM-01,DEV-01,2024-01-23 20:34:45,15.44,0.0,0.0,1,Success,Purchase,Colombo,LKR,False
TXN-20240123-0002715,WALL-0066047,MERCH-00218,PM-03,DEV-01,2024-01-23 23:31:49,5.0,0.04,0.0,0,Success,Purchase,Jaipur,INR,False
TXN-20240123-0002716,WALL-0026516,MERCH-00047,PM-01,DEV-01,2024-01-23 21:25:07,10.22,0.0,0.2044,1,Success,Purchase,Mandalay,MMK,False
TXN-20240123-0002717,WALL-0121863,MERCH-00333,PM-02,DEV-03,2024-01-23 21:46:42,121.94,0.2439,0.0,12,Success,Bill Payment,Ho Chi Minh City,VND,False
TXN-20240123-0002718,WALL-0127261,MERCH-00060,PM-01,DEV-01,2024-01-23 19:27:54,9.77,0.0,0.1955,0,Success,Purchase,Khon Kaen,THB,False
TXN-20240123-0002719,WALL-0049818,MERCH-00013,PM-02,DEV-01,2024-01-23 17:34:20,17.1,0.0342,0.3419,1,Success,Purchase,Bago,MMK,False
TXN-20240123-0002720,WALL-0017999,MERCH-00068,PM-01,DEV-03,2024-01-23 09:29:17,17.09,0.0,0.3419,1,Success,Purchase,Dhaka,BDT,False
TXN-20240123-0002721,WALL-0048544,MERCH-00359,PM-01,DEV-02,2024-01-23 08:35:51,88.58,0.0,0.0,8,Success,Bill Payment,Yangon,MMK,False
TXN-20240123-0002722,WALL-0000879,MERCH-00472,PM-02,DEV-02,2024-01-23 17:58:41,155.97,0.3119,0.0,15,Success,Payment,Myitkyina,MMK,False
TXN-20240123-0002723,WALL-0117283,MERCH-00182,PM-01,DEV-01,2024-01-23 17:23:15,196.7,0.0,9.8352,19,Success,Purchase,Pathein,MMK,False
TXN-20240123-0002724,WALL-0079858,MERCH-00066,PM-03,DEV-03,2024-01-23 13:54:11,7.0,0.056,0.14,0,Success,Purchase,Bago,MMK,False
TXN-20240123-0002725,WALL-0013592,MERCH-00377,PM-04,DEV-01,2024-01-23 09:03:04,84.1,1.682,0.0,8,Success,Purchase,Medan,IDR,False
TXN-20240123-0002726,WALL-0069770,MERCH-00232,PM-01,DEV-01,2024-01-23 12:40:29,19.46,0.0,0.0,0,Reversed,Subscription,Myitkyina,MMK,False
TXN-20240123-0002727,WALL-0098271,MERCH-00064,PM-01,DEV-01,2024-01-23 20:07:02,64.42,0.0,1.2884,6,Success,Purchase,Taunggyi,MMK,False
TXN-20240123-0002728,WALL-0118673,MERCH-00259,PM-01,DEV-01,2024-01-23 14:18:00,12.68,0.0,0.0,1,Success,Subscription,Myitkyina,MMK,False
TXN-20240123-0002729,WALL-0135605,MERCH-00411,PM-04,DEV-04,2024-01-23 15:08:50,39.97,0.7994,0.0,3,Success,Payment,Chittagong,BDT,False
TXN-20240123-0002730,WALL-0119886,MERCH-00359,PM-01,DEV-03,2024-01-23 03:41:40,31.51,0.0,0.0,3,Success,Bill Payment,Siem Reap,MYR,False
TXN-20240123-0002731,WALL-0140901,MERCH-00360,PM-01,DEV-01,2024-01-23 14:18:41,39.32,0.0,0.0,3,Success,Bill Payment,Yangon,MMK,False
TXN-20240123-0002732,WALL-0003342,MERCH-00383,PM-03,DEV-01,2024-01-23 12:23:42,35.42,0.2834,0.0,3,Success,Purchase,Pathein,MMK,False
TXN-20240123-0002733,WALL-0115025,MERCH-00117,PM-04,DEV-01,2024-01-23 08:22:16,100.46,2.0092,0.0,10,Success,Purchase,Manila,PHP,False
TXN-20240123-0002734,WALL-0135019,MERCH-00056,PM-01,DEV-01,2024-01-23 19:08:07,20.12,0.0,0.4024,2,Success,Purchase,Yangon,MMK,False
TXN-20240123-0002735,WALL-0096791,MERCH-00134,PM-01,DEV-01,2024-01-23 08:38:20,237.05,0.0,11.8524,23,Success,Purchase,Islamabad,PKR,False
TXN-20240123-0002736,WALL-0030961,MERCH-00309,PM-01,DEV-01,2024-01-23 03:42:36,840.25,0.0,67.2202,168,Success,Purchase,Kandy,MYR,True
TXN-20240123-0002737,WALL-0018227,MERCH-00386,PM-01,DEV-02,2024-01-23 09:59:46,117.71,0.0,0.0,11,Success,Purchase,Johor Bahru,MYR,False
TXN-20240123-0002738,WALL-0066458,MERCH-00104,PM-02,DEV-05,2024-01-23 01:11:44,16.73,0.0335,0.0,0,Reversed,Purchase,Manila,PHP,False
TXN-20240123-0002739,WALL-0058942,MERCH-00031,PM-02,DEV-05,2024-01-23 19:21:18,12.79,0.0256,0.2558,1,Success,Purchase,Jaipur,INR,False
TXN-20240123-0002740,WALL-0079736,MERCH-00001,PM-01,DEV-03,2024-01-23 19:47:04,21.9,0.0,0.4379,2,Success,Purchase,Medan,IDR,False
TXN-20240123-0002741,WALL-0033800,MERCH-00033,PM-01,DEV-01,2024-01-23 19:13:27,30.8,0.0,0.616,3,Success,Purchase,Phnom Penh,KHR,False
TXN-20240123-0002742,WALL-0094065,MERCH-00314,PM-01,DEV-03,2024-01-23 09:02:58,24.0,0.0,0.0,2,Success,Bill Payment,Medan,IDR,False
TXN-20240123-0002743,WALL-0056496,MERCH-00375,PM-04,DEV-03,2024-01-23 11:28:27,41.25,0.8251,0.0,4,Success,Purchase,Khon Kaen,THB,False
TXN-20240123-0002744,WALL-0122558,MERCH-00024,PM-01,DEV-02,2024-01-23 17:19:14,20.85,0.0,0.4171,2,Success,Purchase,Penang,MYR,False
TXN-20240123-0002745,WALL-0061463,MERCH-00054,PM-01,DEV-01,2024-01-23 18:24:29,12.26,0.0,0.2451,1,Success,Purchase,Davao,MMK,False
TXN-20240123-0002746,WALL-0149108,MERCH-00417,PM-01,DEV-02,2024-01-23 19:26:48,20.54,0.0,0.0,2,Success,Payment,Mawlamyine,MMK,False
TXN-20240123-0002747,WALL-0134807,MERCH-00349,PM-04,DEV-01,2024-01-23 13:04:51,34.03,0.6805,0.0,3,Success,Bill Payment,Pathein,MMK,False
TXN-20240123-0002748,WALL-0065023,MERCH-00289,PM-01,DEV-01,2024-01-23 11:21:56,100.0,0.0,8.0,20,Success,Purchase,Jakarta,IDR,False
TXN-20240123-0002749,WALL-0121370,MERCH-00433,PM-02,DEV-05,2024-01-23 16:35:48,78.53,0.1571,0.0,7,Success,Tax Payment,Surabaya,MMK,False
TXN-20240123-0002750,WALL-0121213,MERCH-00122,PM-04,DEV-02,2024-01-23 18:03:01,58.75,1.1751,0.0,5,Success,Purchase,Jakarta,IDR,False
TXN-20240123-0002751,WALL-0025739,MERCH-00154,PM-01,DEV-01,2024-01-23 12:06:37,152.96,0.0,7.6478,15,Success,Purchase,Ho Chi Minh City,VND,False
TXN-20240123-0002752,WALL-0113002,MERCH-00180,PM-05,DEV-01,2024-01-23 11:46:45,131.51,0.0,6.5755,13,Success,Purchase,Pathein,MMK,False
TXN-20240123-0002753,WALL-0084984,MERCH-00275,PM-01,DEV-02,2024-01-23 17:11:00,493.75,0.0,39.5,98,Success,Purchase,Pathein,MMK,False
TXN-20240123-0002754,WALL-0073232,MERCH-00182,PM-02,DEV-01,2024-01-23 15:31:55,233.84,0.4677,11.6921,23,Success,Purchase,Kandy,LKR,False
TXN-20240123-0002755,WALL-0004753,MERCH-00442,PM-03,DEV-02,2024-01-23 19:21:47,740.64,5.9251,0.0,74,Success,Tax Payment,Ahmedabad,INR,False
TXN-20240123-0002756,WALL-0096598,MERCH-00029,PM-01,DEV-02,2024-01-23 15:33:32,36.33,0.0,0.7266,3,Success,Purchase,Kandy,INR,False
TXN-20240123-0002757,WALL-0036172,MERCH-00411,PM-03,DEV-01,2024-01-23 08:04:49,29.0,0.232,0.0,2,Success,Payment,Naypyidaw,MMK,False
TXN-20240123-0002758,WALL-0105586,MERCH-00400,PM-01,DEV-02,2024-01-23 01:40:06,198.0,0.0,0.0,19,Success,Purchase,Mandalay,MMK,False
TXN-20240123-0002759,WALL-0081320,MERCH-00012,PM-02,DEV-01,2024-01-23 21:29:26,23.22,0.0464,0.4644,2,Success,Purchase,Khon Kaen,THB,False
TXN-20240123-0002760,WALL-0028003,MERCH-00103,PM-01,DEV-01,2024-01-23 10:13:10,73.9,0.0,0.0,7,Success,Purchase,Delhi,INR,False
TXN-20240123-0002761,WALL-0024171,MERCH-00021,PM-02,DEV-01,2024-01-23 14:55:26,32.78,0.0656,0.6555,3,Success,Purchase,Cebu City,PHP,False
TXN-20240123-0002762,WALL-0140927,MERCH-00147,PM-01,DEV-01,2024-01-23 16:37:44,41.28,0.0,2.0638,4,Success,Purchase,Quezon City,PHP,False
TXN-20240123-0002763,WALL-0094349,MERCH-00298,PM-02,DEV-01,2024-01-23 21:22:44,230.62,0.4612,18.4499,46,Success,Purchase,Hanoi,VND,False
TXN-20240123-0002764,WALL-0063327,MERCH-00091,PM-03,DEV-05,2024-01-23 14:52:38,101.1,0.8088,0.0,10,Success,Purchase,Pokhara,MMK,False
TXN-20240123-0002765,WALL-0055677,MERCH-00239,PM-04,DEV-05,2024-01-23 06:45:35,7.26,0.1452,0.0,0,Success,Subscription,Ahmedabad,INR,False
TXN-20240123-0002766,WALL-0126081,MERCH-00408,PM-01,DEV-01,2024-01-23 16:11:41,127.98,0.0,0.0,12,Success,Payment,Davao,PHP,False
TXN-20240123-0002767,WALL-0085724,MERCH-00230,PM-02,DEV-01,2024-01-23 13:36:58,15.83,0.0317,0.0,1,Success,Purchase,Johor Bahru,MMK,False
TXN-20240123-0002768,WALL-0056734,MERCH-00068,PM-02,DEV-03,2024-01-23 18:06:44,11.83,0.0237,0.2366,1,Success,Purchase,Hanoi,VND,False
TXN-20240123-0002769,WALL-0148953,MERCH-00020,PM-04,DEV-01,2024-01-23 23:50:55,23.37,0.4675,0.4675,2,Success,Purchase,Quezon City,PHP,False
TXN-20240123-0002770,WALL-0080491,MERCH-00396,PM-03,DEV-01,2024-01-23 20:02:41,98.06,0.7845,0.0,9,Success,Purchase,Chennai,INR,False
TXN-20240123-0002771,WALL-0100045,MERCH-00357,PM-01,DEV-02,2024-01-23 21:02:22,75.84,0.0,0.0,7,Success,Bill Payment,Chennai,INR,False
TXN-20240123-0002772,WALL-0108304,MERCH-00276,PM-01,DEV-02,2024-01-23 05:20:24,347.45,0.0,27.7964,69,Success,Purchase,Yangon,MMK,False
TXN-20240123-0002773,WALL-0121316,MERCH-00221,PM-03,DEV-03,2024-01-23 17:42:56,15.56,0.1245,0.0,1,Success,Purchase,Pattaya,THB,False
TXN-20240123-0002774,WALL-0143133,MERCH-00202,PM-04,DEV-01,2024-01-23 14:00:41,8.36,0.1671,0.0,0,Success,Purchase,Taunggyi,MMK,False
TXN-20240123-0002775,WALL-0044092,MERCH-00128,PM-01,DEV-03,2024-01-23 17:46:23,76.06,0.0,0.0,7,Success,Purchase,Bali,IDR,False
TXN-20240123-0002776,WALL-0107586,MERCH-00060,PM-03,DEV-02,2024-01-23 18:47:12,13.23,0.1058,0.2646,1,Success,Purchase,Mandalay,MMK,False
TXN-20240123-0002777,WALL-0036288,MERCH-00042,PM-01,DEV-01,2024-01-23 17:38:38,17.48,0.0,0.3496,1,Success,Purchase,Pune,INR,False
TXN-20240123-0002778,WALL-0123795,MERCH-00043,PM-03,DEV-02,2024-01-23 10:23:51,20.08,0.1606,0.4015,2,Success,Purchase,Naypyidaw,MMK,False
TXN-20240123-0002779,WALL-0051419,MERCH-00239,PM-05,DEV-05,2024-01-23 18:32:30,9.32,0.0,0.0,0,Success,Subscription,Colombo,NPR,False
TXN-20240123-0002780,WALL-0006861,MERCH-00162,PM-01,DEV-01,2024-01-23 01:23:56,40.1,0.0,2.0049,4,Success,Purchase,Kuala Lumpur,MYR,False
TXN-20240123-0002781,WALL-0071520,MERCH-00109,PM-01,DEV-01,2024-01-23 18:10:24,131.53,0.0,0.0,13,Success,Purchase,Naypyidaw,MMK,False
TXN-20240123-0002782,WALL-0047669,MERCH-00065,PM-01,DEV-03,2024-01-23 18:09:40,14.15,0.0,0.2829,1,Success,Purchase,Johor Bahru,MYR,False
TXN-20240123-0002783,WALL-0027352,MERCH-00223,PM-03,DEV-02,2024-01-23 12:40:24,9.42,0.0754,0.0,0,Success,Purchase,Pattaya,THB,False
TXN-20240123-0002784,WALL-0073209,MERCH-00184,PM-01,DEV-01,2024-01-23 18:05:15,74.57,0.0,3.7285,7,Success,Purchase,Mumbai,INR,False
TXN-20240123-0002785,WALL-0148543,MERCH-00262,PM-02,DEV-02,2024-01-23 15:11:20,15.08,0.0302,0.0,1,Success,Subscription,Chennai,INR,False
TXN-20240123-0002786,WALL-0059870,MERCH-00015,PM-01,DEV-04,2024-01-23 20:07:06,12.62,0.0,0.0,0,Reversed,Purchase,Penang,MYR,False
TXN-20240123-0002787,WALL-0035007,MERCH-00444,PM-04,DEV-01,2024-01-23 19:19:28,270.83,5.4166,0.0,27,Success,Tax Payment,Medan,IDR,False
TXN-20240123-0002788,WALL-0117212,MERCH-00126,PM-02,DEV-01,2024-01-23 09:16:33,210.05,0.4201,0.0,21,Success,Purchase,Taunggyi,MMK,False
TXN-20240123-0002789,WALL-0022745,MERCH-00407,PM-01,DEV-01,2024-01-23 20:19:58,67.65,0.0,0.0,6,Success,Payment,Pune,INR,False
TXN-20240123-0002790,WALL-0090274,MERCH-00070,PM-04,DEV-03,2024-01-23 15:51:26,23.03,0.4605,0.4605,2,Success,Purchase,Taunggyi,MMK,False
TXN-20240123-0002791,WALL-0050190,MERCH-00058,PM-03,DEV-01,2024-01-23 16:01:02,26.19,0.2095,0.5238,2,Success,Purchase,Mandalay,MMK,False
TXN-20240123-0002792,WALL-0114057,MERCH-00267,PM-04,DEV-02,2024-01-23 13:29:07,8.9,0.178,0.0,0,Success,Subscription,Ho Chi Minh City,MMK,False
TXN-20240123-0002793,WALL-0069421,MERCH-00389,PM-05,DEV-01,2024-01-23 12:04:45,81.64,0.0,0.0,8,Success,Purchase,Mandalay,MMK,False
TXN-20240123-0002794,WALL-0088123,MERCH-00216,PM-01,DEV-01,2024-01-23 16:02:50,50.0,0.0,0.0,5,Success,Purchase,Kuala Lumpur,MYR,False
TXN-20240123-0002795,WALL-0134287,MERCH-00162,PM-03,DEV-01,2024-01-23 06:50:29,57.54,0.4603,2.877,5,Success,Purchase,Delhi,INR,False
TXN-20240123-0002796,WALL-0088548,MERCH-00372,PM-02,DEV-01,2024-01-23 08:28:12,40.74,0.0815,0.0,4,Success,Purchase,Naypyidaw,MMK,False
TXN-20240123-0002797,WALL-0128993,MERCH-00378,PM-04,DEV-02,2024-01-23 20:42:53,178.03,3.5606,0.0,17,Success,Purchase,Pathein,MMK,False
TXN-20240123-0002798,WALL-0093826,MERCH-00404,PM-02,DEV-01,2024-01-23 07:26:39,21.2,0.0424,0.0,2,Success,Payment,Islamabad,PKR,False
TXN-20240123-0002799,WALL-0079600,MERCH-00159,PM-04,DEV-02,2024-01-23 08:13:59,225.7,4.5141,11.2851,22,Success,Purchase,Davao,MYR,False
TXN-20240123-0002800,WALL-0037432,MERCH-00047,PM-01,DEV-02,2024-01-23 12:51:29,18.63,0.0,0.3726,1,Success,Purchase,Bandung,IDR,False
TXN-20240123-0002801,WALL-0139030,MERCH-00232,PM-01,DEV-02,2024-01-23 20:19:35,11.89,0.0,0.0,1,Success,Subscription,Pathein,MMK,False
TXN-20240123-0002802,WALL-0052355,MERCH-00374,PM-01,DEV-01,2024-01-23 19:06:44,77.34,0.0,0.0,7,Success,Purchase,Chennai,INR,False
TXN-20240123-0002803,WALL-0114593,MERCH-00095,PM-01,DEV-03,2024-01-23 18:46:17,82.04,0.0,0.0,8,Success,Purchase,Mawlamyine,MMK,False
TXN-20240123-0002804,WALL-0000180,MERCH-00003,PM-01,DEV-02,2024-01-23 16:30:50,8.49,0.0,0.1699,0,Success,Purchase,Pokhara,NPR,False
TXN-20240123-0002805,WALL-0064157,MERCH-00021,PM-04,DEV-01,2024-01-23 13:52:29,25.7,0.514,0.514,2,Success,Purchase,Kathmandu,MMK,False
TXN-20240123-0002806,WALL-0028696,MERCH-00435,PM-01,DEV-03,2024-01-23 13:57:24,141.06,0.0,0.0,14,Success,Tax Payment,Islamabad,PKR,False
TXN-20240123-0002807,WALL-0078186,MERCH-00178,PM-01,DEV-01,2024-01-23 06:02:57,455.58,0.0,22.7791,45,Success,Purchase,Mawlamyine,MMK,False
TXN-20240123-0002808,WALL-0098292,MERCH-00137,PM-03,DEV-03,2024-01-23 20:17:46,25.62,0.205,1.2812,2,Success,Purchase,Mandalay,MMK,False
TXN-20240123-0002809,WALL-0046267,MERCH-00117,PM-03,DEV-02,2024-01-23 21:25:34,33.62,0.2689,0.0,3,Success,Purchase,Yangon,MMK,False
TXN-20240123-0002810,WALL-0050974,MERCH-00060,PM-03,DEV-03,2024-01-23 20:21:44,29.98,0.2398,0.5996,2,Success,Purchase,Pathein,MMK,False
TXN-20240123-0002811,WALL-0130282,MERCH-00268,PM-01,DEV-02,2024-01-23 12:01:45,5.59,0.0,0.0,0,Success,Subscription,Pathein,MMK,False
TXN-20240123-0002812,WALL-0142827,MERCH-00369,PM-03,DEV-02,2024-01-23 13:40:17,30.14,0.2411,0.0,3,Success,Bill Payment,Manila,PHP,False
TXN-20240123-0002813,WALL-0037067,MERCH-00037,PM-02,DEV-01,2024-01-23 16:40:44,34.25,0.0685,0.6849,3,Success,Purchase,Hanoi,VND,False
TXN-20240123-0002814,WALL-0124183,MERCH-00445,PM-01,DEV-03,2024-01-23 13:55:08,62.67,0.0,0.0,0,Failed,Tax Payment,Naypyidaw,MMK,False
TXN-20240123-0002815,WALL-0021186,MERCH-00054,PM-02,DEV-01,2024-01-23 12:48:43,6.52,0.013,0.1303,0,Success,Purchase,Kuala Lumpur,MYR,False
TXN-20240123-0002816,WALL-0040814,MERCH-00203,PM-01,DEV-01,2024-01-23 00:17:09,6.71,0.0,0.0,0,Success,Purchase,Lahore,PKR,False
TXN-20240123-0002817,WALL-0060835,MERCH-00059,PM-04,DEV-01,2024-01-23 15:45:06,24.38,0.4877,0.4877,2,Success,Purchase,Yangon,IDR,False
TXN-20240123-0002818,WALL-0118524,MERCH-00114,PM-03,DEV-03,2024-01-23 01:07:32,23.21,0.1857,0.0,2,Success,Purchase,Delhi,INR,False
TXN-20240123-0002819,WALL-0089644,MERCH-00057,PM-04,DEV-01,2024-01-23 21:55:51,21.51,0.4302,0.4302,2,Success,Purchase,Taunggyi,MMK,False
TXN-20240123-0002820,WALL-0009670,MERCH-00177,PM-05,DEV-01,2024-01-23 19:07:16,88.02,0.0,4.4012,8,Success,Purchase,Taunggyi,MMK,False
TXN-20240123-0002821,WALL-0065118,MERCH-00040,PM-01,DEV-05,2024-01-23 17:50:03,35.89,0.0,0.7179,3,Success,Purchase,Pokhara,NPR,False
TXN-20240123-0002822,WALL-0112382,MERCH-00317,PM-01,DEV-01,2024-01-23 11:33:58,78.87,0.0,0.0,7,Success,Bill Payment,Bago,MMK,False
TXN-20240123-0002823,WALL-0112270,MERCH-00366,PM-02,DEV-03,2024-01-23 21:32:35,36.77,0.0735,0.0,3,Success,Bill Payment,Surabaya,MMK,False
TXN-20240123-0002824,WALL-0036429,MERCH-00103,PM-03,DEV-01,2024-01-23 15:47:57,89.8,0.7184,0.0,8,Success,Purchase,Quezon City,PHP,False
TXN-20240123-0002825,WALL-0026025,MERCH-00141,PM-01,DEV-01,2024-01-23 14:40:25,20.0,0.0,1.0,2,Success,Purchase,Phnom Penh,KHR,False
TXN-20240123-0002826,WALL-0032184,MERCH-00335,PM-01,DEV-01,2024-01-23 20:12:20,43.18,0.0,0.0,4,Success,Bill Payment,Mandalay,MMK,False
TXN-20240123-0002827,WALL-0068285,MERCH-00035,PM-04,DEV-01,2024-01-23 21:15:37,22.87,0.4573,0.4573,2,Success,Purchase,Naypyidaw,MMK,False
TXN-20240123-0002828,WALL-0148425,MERCH-00474,PM-01,DEV-01,2024-01-23 07:49:46,319.15,0.0,0.0,31,Success,Payment,Siem Reap,KHR,False
TXN-20240123-0002829,WALL-0117969,MERCH-00179,PM-03,DEV-02,2024-01-23 16:08:52,110.32,0.8826,5.516,11,Success,Purchase,Siem Reap,KHR,False
TXN-20240123-0002830,WALL-0050337,MERCH-00387,PM-03,DEV-02,2024-01-23 11:26:12,31.98,0.2558,0.0,3,Success,Purchase,Manila,PHP,False
TXN-20240123-0002831,WALL-0128871,MERCH-00191,PM-02,DEV-01,2024-01-23 14:13:59,11.11,0.0222,0.0,1,Success,Purchase,Naypyidaw,MMK,False
TXN-20240123-0002832,WALL-0048419,MERCH-00104,PM-04,DEV-01,2024-01-23 19:36:01,52.68,1.0536,0.0,5,Success,Purchase,Surabaya,IDR,False
TXN-20240123-0002833,WALL-0032005,MERCH-00203,PM-03,DEV-01,2024-01-23 20:45:14,20.39,0.1631,0.0,2,Success,Purchase,Davao,MMK,False
TXN-20240123-0002834,WALL-0138632,MERCH-00284,PM-03,DEV-01,2024-01-23 16:59:02,288.58,2.3086,23.086,57,Success,Purchase,Ahmedabad,INR,False
TXN-20240123-0002835,WALL-0011622,MERCH-00159,PM-03,DEV-03,2024-01-23 07:21:09,99.66,0.7973,4.9829,9,Success,Purchase,Khon Kaen,THB,False
TXN-20240123-0002836,WALL-0017835,MERCH-00372,PM-01,DEV-05,2024-01-23 09:42:12,50.41,0.0,0.0,5,Success,Purchase,Mumbai,INR,False
TXN-20240123-0002837,WALL-0112707,MERCH-00236,PM-04,DEV-03,2024-01-23 15:54:08,12.1,0.2421,0.0,1,Success,Subscription,Bago,MMK,False
TXN-20240123-0002838,WALL-0005474,MERCH-00292,PM-04,DEV-01,2024-01-23 21:15:58,799.96,15.9992,63.9968,159,Success,Purchase,Manila,PHP,False
TXN-20240123-0002839,WALL-0065621,MERCH-00019,PM-01,DEV-01,2024-01-23 18:08:43,34.0,0.0,0.6799,3,Success,Purchase,Hanoi,VND,False
TXN-20240123-0002840,WALL-0138964,MERCH-00126,PM-04,DEV-01,2024-01-23 16:54:35,51.68,1.0337,0.0,5,Success,Purchase,Bago,MMK,False
TXN-20240123-0002841,WALL-0018800,MERCH-00425,PM-04,DEV-01,2024-01-23 18:45:59,625.83,12.5167,0.0,62,Success,Payment,Bago,MMK,False
TXN-20240123-0002842,WALL-0077159,MERCH-00119,PM-03,DEV-02,2024-01-23 14:02:04,35.24,0.2819,0.0,3,Success,Purchase,Mandalay,MMK,False
TXN-20240123-0002843,WALL-0129266,MERCH-00382,PM-02,DEV-01,2024-01-23 23:16:15,71.83,0.1437,0.0,7,Success,Purchase,Taunggyi,MMK,False
TXN-20240123-0002844,WALL-0050740,MERCH-00117,PM-04,DEV-04,2024-01-23 17:35:24,34.36,0.6873,0.0,3,Success,Purchase,Singapore,SGD,False
TXN-20240123-0002845,WALL-0058740,MERCH-00293,PM-02,DEV-01,2024-01-23 18:59:23,160.33,0.3207,12.8267,32,Success,Purchase,Pokhara,NPR,False
TXN-20240123-0002846,WALL-0013984,MERCH-00262,PM-04,DEV-01,2024-01-23 12:30:20,23.77,0.4755,0.0,2,Success,Subscription,Pathein,MMK,False
TXN-20240123-0002847,WALL-0102212,MERCH-00108,PM-01,DEV-01,2024-01-23 16:21:44,41.26,0.0,0.0,4,Success,Purchase,Hanoi,VND,False
TXN-20240123-0002848,WALL-0144031,MERCH-00033,PM-02,DEV-02,2024-01-23 16:47:23,10.51,0.021,0.2102,1,Success,Purchase,Johor Bahru,MYR,False
TXN-20240123-0002849,WALL-0145536,MERCH-00100,PM-03,DEV-03,2024-01-23 07:42:20,81.3,0.6504,0.0,0,Pending,Purchase,Davao,MMK,False
TXN-20240123-0002850,WALL-0099681,MERCH-00038,PM-02,DEV-01,2024-01-23 13:47:55,30.75,0.0615,0.6149,3,Success,Purchase,Myitkyina,MMK,False
TXN-20240123-0002851,WALL-0101054,MERCH-00002,PM-04,DEV-01,2024-01-23 12:55:23,10.59,0.2118,0.2118,1,Success,Purchase,Siem Reap,KHR,False
TXN-20240123-0002852,WALL-0094451,MERCH-00378,PM-01,DEV-01,2024-01-23 16:38:48,50.68,0.0,0.0,5,Success,Purchase,Taunggyi,MMK,False
TXN-20240123-0002853,WALL-0005179,MERCH-00017,PM-01,DEV-01,2024-01-23 17:22:03,32.59,0.0,0.6519,3,Success,Purchase,Naypyidaw,MMK,False
TXN-20240123-0002854,WALL-0083109,MERCH-00216,PM-02,DEV-02,2024-01-23 20:01:32,21.19,0.0424,0.0,2,Success,Purchase,Khon Kaen,THB,False
TXN-20240123-0002855,WALL-0050927,MERCH-00068,PM-01,DEV-01,2024-01-23 15:34:49,17.86,0.0,0.3572,1,Success,Purchase,Medan,IDR,False
TXN-20240123-0002856,WALL-0085759,MERCH-00379,PM-01,DEV-02,2024-01-23 13:54:13,58.01,0.0,0.0,5,Success,Purchase,Surabaya,IDR,False
TXN-20240123-0002857,WALL-0069861,MERCH-00100,PM-01,DEV-03,2024-01-23 16:26:47,130.63,0.0,0.0,13,Success,Purchase,Bandung,BDT,False
TXN-20240123-0002858,WALL-0082806,MERCH-00064,PM-01,DEV-03,2024-01-23 11:36:15,26.58,0.0,0.5316,2,Success,Purchase,Quezon City,PHP,False
TXN-20240123-0002859,WALL-0032300,MERCH-00153,PM-01,DEV-01,2024-01-23 20:04:40,72.99,0.0,3.6497,7,Success,Purchase,Myitkyina,MMK,False
TXN-20240123-0002860,WALL-0014905,MERCH-00053,PM-03,DEV-02,2024-01-23 18:10:36,15.69,0.1255,0.3138,1,Success,Purchase,Hanoi,VND,False
TXN-20240123-0002861,WALL-0060481,MERCH-00140,PM-01,DEV-01,2024-01-23 21:02:12,104.32,0.0,5.2159,10,Success,Purchase,Naypyidaw,MMK,False
TXN-20240123-0002862,WALL-0035152,MERCH-00359,PM-02,DEV-01,2024-01-23 12:11:50,35.83,0.0717,0.0,3,Success,Bill Payment,Yangon,MMK,False
TXN-20240123-0002863,WALL-0029653,MERCH-00110,PM-01,DEV-01,2024-01-23 14:42:42,34.17,0.0,0.0,3,Success,Purchase,Phnom Penh,KHR,False
TXN-20240123-0002864,WALL-0098477,MERCH-00282,PM-04,DEV-01,2024-01-23 19:41:24,4950.0,99.0,396.0,990,Success,Purchase,Yangon,MMK,False
TXN-20240123-0002865,WALL-0085612,MERCH-00469,PM-01,DEV-01,2024-01-23 16:13:16,125.11,0.0,0.0,12,Success,Payment,Mandalay,MMK,False
TXN-20240123-0002866,WALL-0088926,MERCH-00169,PM-03,DEV-02,2024-01-23 07:01:16,20.0,0.16,1.0,2,Success,Purchase,Pattaya,THB,False
TXN-20240123-0002867,WALL-0112884,MERCH-00214,PM-01,DEV-01,2024-01-23 21:32:57,16.31,0.0,0.0,1,Success,Purchase,Bandung,IDR,False
TXN-20240123-0002868,WALL-0139085,MERCH-00096,PM-01,DEV-03,2024-01-23 16:49:03,125.48,0.0,0.0,12,Success,Purchase,Kandy,LKR,False
TXN-20240123-0002869,WALL-0076673,MERCH-00109,PM-02,DEV-01,2024-01-23 14:47:56,132.52,0.265,0.0,13,Success,Purchase,Pathein,MMK,False
TXN-20240123-0002870,WALL-0076351,MERCH-00062,PM-03,DEV-03,2024-01-23 17:13:07,35.54,0.2843,0.7108,3,Success,Purchase,Hanoi,VND,False
TXN-20240123-0002871,WALL-0122729,MERCH-00439,PM-01,DEV-01,2024-01-23 11:12:12,57.96,0.0,0.0,5,Success,Tax Payment,Taunggyi,MMK,False
TXN-20240123-0002872,WALL-0028709,MERCH-00435,PM-02,DEV-01,2024-01-23 13:54:28,588.59,1.1772,0.0,58,Success,Tax Payment,Pathein,PKR,False
TXN-20240123-0002873,WALL-0148612,MERCH-00013,PM-04,DEV-01,2024-01-23 12:32:38,18.78,0.3756,0.3756,1,Success,Purchase,Mandalay,MMK,False
TXN-20240123-0002874,WALL-0072907,MERCH-00288,PM-01,DEV-01,2024-01-23 11:45:45,527.89,0.0,42.2311,105,Success,Purchase,Mumbai,BDT,False
TXN-20240123-0002875,WALL-0102820,MERCH-00235,PM-05,DEV-02,2024-01-23 17:26:35,12.33,0.0,0.0,1,Success,Subscription,Yangon,MMK,False
TXN-20240123-0002876,WALL-0042988,MERCH-00275,PM-03,DEV-01,2024-01-23 14:40:22,694.31,5.5544,55.5445,138,Success,Purchase,Manila,PHP,False
TXN-20240123-0002877,WALL-0034538,MERCH-00251,PM-01,DEV-02,2024-01-23 21:59:02,21.04,0.0,0.0,2,Success,Subscription,Naypyidaw,MMK,False
TXN-20240123-0002878,WALL-0073255,MERCH-00023,PM-01,DEV-02,2024-01-23 20:19:10,25.28,0.0,0.5056,2,Success,Purchase,Jakarta,IDR,False
TXN-20240123-0002879,WALL-0081372,MERCH-00065,PM-02,DEV-01,2024-01-23 18:55:11,13.19,0.0264,0.2638,1,Success,Purchase,Taunggyi,MMK,False
TXN-20240123-0002880,WALL-0105729,MERCH-00427,PM-03,DEV-01,2024-01-23 19:43:05,23.41,0.1873,0.0,2,Success,Payment,Johor Bahru,MYR,False
TXN-20240123-0002881,WALL-0056823,MERCH-00245,PM-04,DEV-01,2024-01-23 09:43:24,21.09,0.4217,0.0,2,Success,Subscription,Surabaya,IDR,False
TXN-20240123-0002882,WALL-0094290,MERCH-00075,PM-03,DEV-03,2024-01-23 14:57:11,20.13,0.1611,0.4027,2,Success,Purchase,Bandung,IDR,False
TXN-20240123-0002883,WALL-0080518,MERCH-00002,PM-02,DEV-05,2024-01-23 17:27:21,14.95,0.0299,0.299,1,Success,Purchase,Karachi,PKR,False
TXN-20240123-0002884,WALL-0104478,MERCH-00288,PM-02,DEV-01,2024-01-23 12:14:28,494.38,0.9888,39.5506,98,Success,Purchase,Islamabad,PKR,False
TXN-20240123-0002885,WALL-0115661,MERCH-00322,PM-01,DEV-03,2024-01-23 14:51:47,86.03,0.0,0.0,8,Success,Bill Payment,Kathmandu,IDR,False
TXN-20240123-0002886,WALL-0055358,MERCH-00245,PM-02,DEV-01,2024-01-23 13:38:22,5.41,0.0108,0.0,0,Success,Subscription,Dhaka,BDT,False
TXN-20240123-0002887,WALL-0034266,MERCH-00105,PM-04,DEV-01,2024-01-23 09:22:06,40.01,0.8002,0.0,4,Success,Purchase,Islamabad,PKR,False
TXN-20240123-0002888,WALL-0085778,MERCH-00370,PM-01,DEV-01,2024-01-23 06:48:04,46.64,0.0,0.0,4,Success,Bill Payment,Pathein,MMK,False
TXN-20240123-0002889,WALL-0051968,MERCH-00450,PM-02,DEV-05,2024-01-23 09:17:07,714.17,1.4283,0.0,71,Success,Tax Payment,Hyderabad,INR,False
TXN-20240123-0002890,WALL-0024705,MERCH-00226,PM-02,DEV-01,2024-01-23 14:18:01,20.31,0.0406,0.0,2,Success,Purchase,Ahmedabad,INR,False
TXN-20240123-0002891,WALL-0114676,MERCH-00284,PM-05,DEV-01,2024-01-23 12:02:55,167.26,0.0,13.3809,33,Success,Purchase,Khon Kaen,THB,False
TXN-20240123-0002892,WALL-0060062,MERCH-00069,PM-05,DEV-05,2024-01-23 17:34:50,11.17,0.0,0.2235,1,Success,Purchase,Yangon,MMK,False
TXN-20240123-0002893,WALL-0060262,MERCH-00143,PM-01,DEV-01,2024-01-23 10:08:05,20.0,0.0,1.0,2,Success,Purchase,Kuala Lumpur,MMK,False
TXN-20240123-0002894,WALL-0131558,MERCH-00066,PM-02,DEV-01,2024-01-23 12:41:23,27.14,0.0543,0.5427,2,Success,Purchase,Bago,MMK,False
TXN-20240123-0002895,WALL-0008230,MERCH-00312,PM-01,DEV-03,2024-01-23 00:30:23,117.64,0.0,0.0,11,Success,Bill Payment,Karachi,PKR,False
TXN-20240123-0002896,WALL-0115978,MERCH-00173,PM-01,DEV-01,2024-01-23 00:48:59,33.56,0.0,1.6778,3,Success,Purchase,Mandalay,MMK,False
TXN-20240123-0002897,WALL-0007481,MERCH-00166,PM-01,DEV-02,2024-01-23 21:05:09,84.26,0.0,4.2129,8,Success,Purchase,Medan,IDR,False
TXN-20240123-0002898,WALL-0111946,MERCH-00014,PM-04,DEV-01,2024-01-23 11:35:23,12.52,0.2504,0.2504,1,Success,Purchase,Pathein,MMK,False
TXN-20240123-0002899,WALL-0107867,MERCH-00008,PM-03,DEV-03,2024-01-23 16:37:06,14.54,0.1163,0.2907,1,Success,Purchase,Mawlamyine,MMK,False
TXN-20240123-0002900,WALL-0131615,MERCH-00197,PM-01,DEV-03,2024-01-23 19:49:06,9.55,0.0,0.0,0,Success,Purchase,Johor Bahru,MYR,False
TXN-20240123-0002901,WALL-0037958,MERCH-00005,PM-03,DEV-01,2024-01-23 19:08:19,22.48,0.1799,0.4497,2,Success,Purchase,Dhaka,BDT,False
TXN-20240123-0002902,WALL-0085064,MERCH-00360,PM-02,DEV-01,2024-01-23 18:50:17,42.82,0.0856,0.0,4,Success,Bill Payment,Myitkyina,MMK,False
TXN-20240123-0002903,WALL-0027835,MERCH-00171,PM-04,DEV-03,2024-01-23 14:29:04,536.02,10.7204,26.8009,53,Success,Purchase,Hyderabad,INR,False
TXN-20240123-0002904,WALL-0020596,MERCH-00224,PM-02,DEV-01,2024-01-23 21:55:15,10.83,0.0217,0.0,1,Success,Purchase,Pathein,MMK,False
TXN-20240123-0002905,WALL-0148419,MERCH-00181,PM-02,DEV-01,2024-01-23 19:46:30,408.82,0.8176,20.4408,40,Success,Purchase,Bangkok,THB,False
TXN-20240123-0002906,WALL-0063913,MERCH-00469,PM-02,DEV-01,2024-01-23 11:33:40,159.38,0.3188,0.0,15,Success,Payment,Davao,PHP,False
TXN-20240123-0002907,WALL-0037859,MERCH-00267,PM-01,DEV-03,2024-01-23 22:36:21,13.62,0.0,0.0,1,Success,Subscription,Yangon,MMK,False
TXN-20240123-0002908,WALL-0148476,MERCH-00369,PM-03,DEV-01,2024-01-23 18:53:45,29.18,0.2335,0.0,2,Success,Bill Payment,Yangon,MMK,False
TXN-20240123-0002909,WALL-0109192,MERCH-00243,PM-01,DEV-05,2024-01-23 01:29:30,8.38,0.0,0.0,0,Success,Subscription,Phnom Penh,KHR,False
TXN-20240123-0002910,WALL-0131226,MERCH-00102,PM-01,DEV-05,2024-01-23 18:57:05,65.19,0.0,0.0,6,Success,Purchase,Myitkyina,MMK,False
TXN-20240123-0002911,WALL-0075429,MERCH-00016,PM-02,DEV-05,2024-01-23 19:20:11,23.42,0.0468,0.0,0,Failed,Purchase,Chittagong,BDT,False
TXN-20240123-0002912,WALL-0007532,MERCH-00230,PM-01,DEV-01,2024-01-23 17:07:59,14.26,0.0,0.0,1,Success,Purchase,Taunggyi,MMK,False
TXN-20240123-0002913,WALL-0146058,MERCH-00466,PM-01,DEV-04,2024-01-23 09:44:55,287.59,0.0,0.0,28,Success,Payment,Yangon,MMK,False
TXN-20240123-0002914,WALL-0120204,MERCH-00178,PM-01,DEV-02,2024-01-23 14:36:23,99.68,0.0,4.9838,9,Success,Purchase,Bago,MMK,False
TXN-20240123-0002915,WALL-0074511,MERCH-00192,PM-01,DEV-01,2024-01-23 18:35:05,14.27,0.0,0.0,1,Success,Purchase,Jaipur,INR,False
TXN-20240123-0002916,WALL-0082838,MERCH-00394,PM-04,DEV-03,2024-01-23 10:27:58,62.95,1.2589,0.0,6,Success,Purchase,Quezon City,THB,False
TXN-20240123-0002917,WALL-0049898,MERCH-00483,PM-03,DEV-05,2024-01-23 18:50:08,287.92,2.3034,0.0,28,Success,Payment,Quezon City,PHP,False
TXN-20240123-0002918,WALL-0104427,MERCH-00029,PM-03,DEV-01,2024-01-23 20:24:47,29.07,0.2326,0.5814,2,Success,Purchase,Penang,MYR,False
TXN-20240123-0002919,WALL-0136952,MERCH-00010,PM-04,DEV-01,2024-01-23 14:12:14,12.49,0.2498,0.2498,1,Success,Purchase,Chiang Mai,THB,False
TXN-20240123-0002920,WALL-0012913,MERCH-00282,PM-04,DEV-02,2024-01-23 16:36:11,624.25,12.4849,49.9398,124,Success,Purchase,Mumbai,INR,False
TXN-20240123-0002921,WALL-0041831,MERCH-00268,PM-03,DEV-05,2024-01-23 09:02:34,17.08,0.1366,0.0,1,Success,Subscription,Ahmedabad,INR,False
TXN-20240123-0002922,WALL-0049404,MERCH-00073,PM-01,DEV-02,2024-01-23 13:46:00,47.65,0.0,0.9531,4,Success,Purchase,Pathein,MMK,False
TXN-20240123-0002923,WALL-0092744,MERCH-00090,PM-04,DEV-03,2024-01-23 10:02:43,20.05,0.4009,0.0,2,Success,Purchase,Kandy,LKR,False
TXN-20240123-0002924,WALL-0107790,MERCH-00414,PM-03,DEV-01,2024-01-23 13:03:25,200.61,1.6049,0.0,20,Success,Payment,Chennai,INR,False
TXN-20240123-0002925,WALL-0042638,MERCH-00401,PM-03,DEV-01,2024-01-23 18:20:57,20.0,0.16,0.0,2,Success,Payment,Kandy,LKR,False
TXN-20240123-0002926,WALL-0003868,MERCH-00365,PM-01,DEV-02,2024-01-23 15:59:44,37.68,0.0,0.0,3,Success,Bill Payment,Chittagong,BDT,False
TXN-20240123-0002927,WALL-0083495,MERCH-00385,PM-02,DEV-05,2024-01-23 17:20:36,31.4,0.0628,0.0,3,Success,Purchase,Mandalay,MMK,False
TXN-20240123-0002928,WALL-0120865,MERCH-00119,PM-01,DEV-01,2024-01-23 18:05:29,31.49,0.0,0.0,0,Reversed,Purchase,Naypyidaw,MMK,False
TXN-20240123-0002929,WALL-0038289,MERCH-00368,PM-02,DEV-01,2024-01-23 18:52:45,43.8,0.0876,0.0,4,Success,Bill Payment,Surabaya,IDR,False
TXN-20240123-0002930,WALL-0089678,MERCH-00070,PM-01,DEV-01,2024-01-23 15:54:34,15.65,0.0,0.313,1,Success,Purchase,Bago,MMK,False
TXN-20240123-0002931,WALL-0009559,MERCH-00002,PM-01,DEV-03,2024-01-23 13:57:08,22.53,0.0,0.4506,2,Success,Purchase,Kuala Lumpur,MYR,False
TXN-20240123-0002932,WALL-0065703,MERCH-00065,PM-01,DEV-02,2024-01-23 08:33:16,30.21,0.0,0.6043,3,Success,Purchase,Kandy,LKR,False
TXN-20240123-0002933,WALL-0141252,MERCH-00364,PM-04,DEV-04,2024-01-23 16:18:02,22.69,0.4538,0.0,2,Success,Bill Payment,Yangon,MMK,False
TXN-20240123-0002934,WALL-0009390,MERCH-00343,PM-02,DEV-01,2024-01-23 12:23:46,46.2,0.0924,0.0,4,Success,Bill Payment,Pathein,MMK,False
TXN-20240123-0002935,WALL-0080229,MERCH-00130,PM-04,DEV-01,2024-01-23 07:20:55,28.28,0.5655,0.0,2,Success,Purchase,Colombo,LKR,False
TXN-20240123-0002936,WALL-0138741,MERCH-00150,PM-03,DEV-03,2024-01-23 13:14:25,90.69,0.7255,4.5343,9,Success,Purchase,Yangon,MMK,False
TXN-20240123-0002937,WALL-0013159,MERCH-00054,PM-04,DEV-01,2024-01-23 17:33:46,9.44,0.1888,0.1888,0,Success,Purchase,Kuala Lumpur,MMK,False
TXN-20240123-0002938,WALL-0125405,MERCH-00132,PM-03,DEV-01,2024-01-23 11:23:58,316.2,2.5296,15.8099,31,Success,Purchase,Pune,INR,False
TXN-20240123-0002939,WALL-0107565,MERCH-00322,PM-02,DEV-01,2024-01-23 04:47:55,126.35,0.2527,0.0,12,Success,Bill Payment,Naypyidaw,MMK,False
TXN-20240123-0002940,WALL-0105759,MERCH-00205,PM-03,DEV-01,2024-01-23 09:18:06,6.8,0.0544,0.0,0,Failed,Purchase,Chennai,INR,False
TXN-20240123-0002941,WALL-0083213,MERCH-00404,PM-02,DEV-03,2024-01-23 10:41:44,202.3,0.4046,0.0,20,Success,Payment,Cebu City,PHP,False
TXN-20240123-0002942,WALL-0113431,MERCH-00385,PM-01,DEV-01,2024-01-23 16:55:31,39.37,0.0,0.0,3,Success,Purchase,Lahore,PKR,False
TXN-20240123-0002943,WALL-0030559,MERCH-00459,PM-04,DEV-03,2024-01-23 02:34:37,176.15,3.5231,0.0,17,Success,Payment,Kolkata,INR,False
TXN-20240123-0002944,WALL-0131978,MERCH-00391,PM-01,DEV-05,2024-01-23 18:49:26,46.52,0.0,0.0,0,Reversed,Purchase,Bangkok,THB,False
TXN-20240123-0002945,WALL-0130477,MERCH-00433,PM-02,DEV-01,2024-01-23 12:47:35,669.67,1.3393,0.0,66,Success,Tax Payment,Singapore,SGD,False
TXN-20240123-0002946,WALL-0057888,MERCH-00315,PM-01,DEV-01,2024-01-23 07:13:52,41.72,0.0,0.0,4,Success,Bill Payment,Taunggyi,MMK,False
TXN-20240123-0002947,WALL-0065745,MERCH-00029,PM-04,DEV-02,2024-01-23 20:18:33,17.64,0.3528,0.3528,1,Success,Purchase,Pathein,MMK,False
TXN-20240123-0002948,WALL-0129749,MERCH-00221,PM-02,DEV-02,2024-01-23 21:39:03,28.25,0.0565,0.0,2,Success,Purchase,Surabaya,IDR,False
TXN-20240123-0002949,WALL-0030305,MERCH-00212,PM-04,DEV-02,2024-01-23 09:08:30,5.46,0.1092,0.0,0,Success,Purchase,Ahmedabad,INR,False
TXN-20240123-0002950,WALL-0032266,MERCH-00208,PM-02,DEV-02,2024-01-23 17:21:47,5.88,0.0118,0.0,0,Success,Purchase,Mawlamyine,MMK,False
TXN-20240123-0002951,WALL-0069490,MERCH-00227,PM-02,DEV-04,2024-01-23 06:36:34,7.11,0.0142,0.0,0,Success,Purchase,Bangalore,INR,False
TXN-20240123-0002952,WALL-0058839,MERCH-00122,PM-02,DEV-01,2024-01-23 07:12:21,26.66,0.0533,0.0,2,Success,Purchase,Myitkyina,MMK,False
TXN-20240123-0002953,WALL-0062393,MERCH-00265,PM-03,DEV-02,2024-01-23 15:22:32,8.6,0.0688,0.0,0,Success,Subscription,Bandung,IDR,False
TXN-20240123-0002954,WALL-0090332,MERCH-00044,PM-02,DEV-01,2024-01-23 21:28:48,17.32,0.0346,0.3464,1,Success,Purchase,Cebu City,PHP,False
TXN-20240123-0002955,WALL-0029872,MERCH-00400,PM-04,DEV-01,2024-01-23 04:47:52,73.69,1.4737,0.0,7,Success,Purchase,Kolkata,INR,False
TXN-20240123-0002956,WALL-0064127,MERCH-00230,PM-01,DEV-02,2024-01-23 05:45:25,5.0,0.0,0.0,0,Success,Purchase,Surabaya,IDR,False
TXN-20240123-0002957,WALL-0010360,MERCH-00232,PM-04,DEV-01,2024-01-23 20:23:34,20.98,0.4195,0.0,2,Success,Subscription,Yangon,MMK,False
TXN-20240123-0002958,WALL-0093246,MERCH-00237,PM-01,DEV-02,2024-01-23 14:05:05,9.65,0.0,0.0,0,Success,Subscription,Myitkyina,MMK,False
TXN-20240123-0002959,WALL-0102203,MERCH-00022,PM-05,DEV-02,2024-01-23 16:33:25,15.28,0.0,0.3055,1,Success,Purchase,Pune,INR,False
TXN-20240123-0002960,WALL-0065594,MERCH-00056,PM-01,DEV-03,2024-01-23 17:26:00,18.82,0.0,0.0,0,Failed,Purchase,Khon Kaen,THB,False
TXN-20240123-0002961,WALL-0070751,MERCH-00162,PM-02,DEV-01,2024-01-23 09:41:20,123.93,0.2479,6.1966,12,Success,Purchase,Penang,NPR,False
TXN-20240123-0002962,WALL-0029324,MERCH-00236,PM-03,DEV-01,2024-01-23 00:57:59,5.36,0.0428,0.0,0,Success,Subscription,Kolkata,MMK,False
TXN-20240123-0002963,WALL-0028075,MERCH-00395,PM-02,DEV-04,2024-01-23 07:29:25,49.58,0.0992,0.0,4,Success,Purchase,Pokhara,INR,False
TXN-20240123-0002964,WALL-0020973,MERCH-00079,PM-04,DEV-01,2024-01-23 08:11:32,9.8,0.1959,0.1959,0,Success,Purchase,Myitkyina,MMK,False
TXN-20240123-0002965,WALL-0064002,MERCH-00282,PM-05,DEV-03,2024-01-23 07:48:14,706.54,0.0,56.5234,141,Success,Purchase,Hanoi,VND,False
TXN-20240123-0002966,WALL-0117138,MERCH-00290,PM-01,DEV-01,2024-01-23 14:19:45,2810.16,0.0,0.0,0,Pending,Purchase,Kuala Lumpur,MYR,False
TXN-20240123-0002967,WALL-0000106,MERCH-00017,PM-02,DEV-03,2024-01-23 01:36:56,13.42,0.0268,0.2684,1,Success,Purchase,Naypyidaw,MMK,False
TXN-20240123-0002968,WALL-0104951,MERCH-00185,PM-01,DEV-01,2024-01-23 12:22:53,20.0,0.0,1.0,2,Success,Purchase,Ahmedabad,INR,False
TXN-20240123-0002969,WALL-0019710,MERCH-00006,PM-02,DEV-05,2024-01-23 13:28:45,34.52,0.069,0.6904,3,Success,Purchase,Singapore,SGD,False
TXN-20240123-0002970,WALL-0134773,MERCH-00055,PM-03,DEV-05,2024-01-23 15:14:40,65.34,0.5227,0.0,0,Reversed,Purchase,Bago,MMK,False
TXN-20240123-0002971,WALL-0014956,MERCH-00256,PM-04,DEV-01,2024-01-23 20:26:03,13.08,0.2615,0.0,1,Success,Subscription,Bandung,IDR,False
TXN-20240123-0002972,WALL-0047239,MERCH-00126,PM-03,DEV-02,2024-01-23 15:24:01,53.4,0.4272,0.0,5,Success,Purchase,Bangalore,INR,False
TXN-20240123-0002973,WALL-0132268,MERCH-00053,PM-01,DEV-01,2024-01-23 11:23:06,42.45,0.0,0.8491,4,Success,Purchase,Naypyidaw,MMK,False
TXN-20240123-0002974,WALL-0037005,MERCH-00373,PM-02,DEV-02,2024-01-23 20:57:30,31.71,0.0634,0.0,3,Success,Purchase,Pune,INR,False
TXN-20240123-0002975,WALL-0013527,MERCH-00257,PM-03,DEV-02,2024-01-23 11:51:17,10.96,0.0877,0.0,1,Success,Subscription,Taunggyi,MMK,False
TXN-20240123-0002976,WALL-0041046,MERCH-00472,PM-01,DEV-01,2024-01-23 20:18:12,55.75,0.0,0.0,5,Success,Payment,Phnom Penh,KHR,False
TXN-20240123-0002977,WALL-0067981,MERCH-00049,PM-04,DEV-01,2024-01-23 10:36:41,25.72,0.5144,0.5144,2,Success,Purchase,Jakarta,IDR,False
TXN-20240123-0002978,WALL-0073790,MERCH-00067,PM-03,DEV-02,2024-01-23 20:10:55,5.0,0.04,0.1,0,Success,Purchase,Chittagong,BDT,False
TXN-20240123-0002979,WALL-0104768,MERCH-00238,PM-02,DEV-01,2024-01-23 20:09:10,14.0,0.028,0.0,1,Success,Subscription,Bandung,INR,False
TXN-20240123-0002980,WALL-0095614,MERCH-00441,PM-01,DEV-02,2024-01-23 20:59:39,102.73,0.0,0.0,10,Success,Tax Payment,Delhi,INR,False
TXN-20240123-0002981,WALL-0121113,MERCH-00160,PM-03,DEV-03,2024-01-23 13:16:36,177.55,1.4204,8.8776,17,Success,Purchase,Penang,MYR,False
TXN-20240123-0002982,WALL-0075217,MERCH-00387,PM-01,DEV-01,2024-01-23 18:40:38,53.81,0.0,0.0,5,Success,Purchase,Khon Kaen,THB,False
TXN-20240123-0002983,WALL-0056487,MERCH-00131,PM-01,DEV-02,2024-01-23 08:08:44,34.32,0.0,1.7161,3,Success,Purchase,Mumbai,INR,False
TXN-20240123-0002984,WALL-0132309,MERCH-00315,PM-02,DEV-01,2024-01-23 06:20:08,495.0,0.99,0.0,49,Success,Bill Payment,Mumbai,THB,False
TXN-20240123-0002985,WALL-0045390,MERCH-00218,PM-01,DEV-01,2024-01-23 20:31:09,6.27,0.0,0.0,0,Success,Purchase,Manila,PHP,False
TXN-20240123-0002986,WALL-0032064,MERCH-00153,PM-01,DEV-02,2024-01-23 13:29:24,99.38,0.0,4.9688,9,Success,Purchase,Mawlamyine,MMK,False
TXN-20240123-0002987,WALL-0135329,MERCH-00105,PM-05,DEV-03,2024-01-23 03:52:16,64.63,0.0,0.0,6,Success,Purchase,Surabaya,IDR,False
TXN-20240123-0002988,WALL-0137210,MERCH-00281,PM-05,DEV-05,2024-01-23 10:09:30,570.03,0.0,45.6024,114,Success,Purchase,Delhi,INR,False
TXN-20240123-0002989,WALL-0121600,MERCH-00092,PM-04,DEV-01,2024-01-23 22:00:25,82.49,1.6497,0.0,8,Success,Purchase,Taunggyi,MMK,False
TXN-20240123-0002990,WALL-0105605,MERCH-00108,PM-02,DEV-01,2024-01-23 21:17:07,58.7,0.1174,0.0,5,Success,Purchase,Chiang Mai,THB,False
TXN-20240123-0002991,WALL-0086843,MERCH-00167,PM-04,DEV-01,2024-01-23 00:30:41,21.94,0.4389,1.0972,2,Success,Purchase,Bangalore,PHP,False
TXN-20240123-0002992,WALL-0095951,MERCH-00043,PM-02,DEV-01,2024-01-23 01:34:59,12.19,0.0244,0.2438,1,Success,Purchase,Johor Bahru,MYR,False
TXN-20240123-0002993,WALL-0075507,MERCH-00019,PM-01,DEV-02,2024-01-23 18:42:30,8.6,0.0,0.1721,0,Success,Purchase,Naypyidaw,MMK,False
TXN-20240123-0002994,WALL-0030343,MERCH-00041,PM-04,DEV-01,2024-01-23 12:50:37,49.76,0.9952,0.9952,4,Success,Purchase,Hanoi,VND,False
TXN-20240123-0002995,WALL-0057876,MERCH-00345,PM-01,DEV-01,2024-01-23 17:46:45,62.03,0.0,0.0,6,Success,Bill Payment,Taunggyi,MMK,False
TXN-20240123-0002996,WALL-0095887,MERCH-00110,PM-03,DEV-01,2024-01-23 15:49:59,137.44,1.0996,0.0,13,Success,Purchase,Phnom Penh,KHR,False
TXN-20240123-0002997,WALL-0141783,MERCH-00391,PM-01,DEV-01,2024-01-23 16:08:10,44.52,0.0,0.0,4,Success,Purchase,Yangon,MMK,False
TXN-20240123-0002998,WALL-0124041,MERCH-00094,PM-01,DEV-01,2024-01-23 19:47:39,80.43,0.0,0.0,8,Success,Purchase,Singapore,SGD,False
TXN-20240123-0002999,WALL-0097092,MERCH-00098,PM-01,DEV-02,2024-01-23 03:15:29,24.63,0.0,0.0,2,Success,Purchase,Yangon,MMK,False
TXN-20240123-0003000,WALL-0047140,MERCH-00123,PM-04,DEV-05,2024-01-23 20:18:17,18.5,0.37,0.0,1,Success,Purchase,Phuket,THB,False
TXN-20240123-0003001,WALL-0055542,MERCH-00021,PM-01,DEV-03,2024-01-23 12:12:16,28.7,0.0,0.5741,2,Success,Purchase,Taunggyi,INR,False
TXN-20240123-0003002,WALL-0056003,MERCH-00326,PM-01,DEV-01,2024-01-23 16:57:32,41.18,0.0,0.0,4,Success,Bill Payment,Da Nang,VND,False
TXN-20240123-0003003,WALL-0017554,MERCH-00085,PM-04,DEV-03,2024-01-23 09:23:07,15.28,0.3055,0.0,1,Success,Purchase,Medan,IDR,False
TXN-20240123-0003004,WALL-0019236,MERCH-00314,PM-01,DEV-04,2024-01-23 18:54:06,68.28,0.0,0.0,6,Success,Bill Payment,Ahmedabad,INR,False
TXN-20240123-0003005,WALL-0144570,MERCH-00346,PM-02,DEV-01,2024-01-23 15:43:33,23.34,0.0467,0.0,2,Success,Bill Payment,Karachi,PKR,False
TXN-20240123-0003006,WALL-0053867,MERCH-00015,PM-01,DEV-05,2024-01-23 05:34:08,5.0,0.0,0.1,0,Success,Purchase,Penang,MYR,False
TXN-20240123-0003007,WALL-0042809,MERCH-00059,PM-02,DEV-01,2024-01-23 18:37:42,17.9,0.0358,0.3581,1,Success,Purchase,Taunggyi,MMK,False
TXN-20240123-0003008,WALL-0113347,MERCH-00102,PM-01,DEV-02,2024-01-23 22:31:07,28.66,0.0,0.0,2,Success,Purchase,Kathmandu,MYR,False
TXN-20240123-0003009,WALL-0035533,MERCH-00094,PM-01,DEV-01,2024-01-23 18:38:16,20.55,0.0,0.0,2,Success,Purchase,Hanoi,INR,False
TXN-20240123-0003010,WALL-0149431,MERCH-00158,PM-01,DEV-01,2024-01-23 15:14:25,328.34,0.0,16.4169,32,Success,Purchase,Pune,THB,False
TXN-20240123-0003011,WALL-0144350,MERCH-00184,PM-01,DEV-03,2024-01-23 18:14:03,67.59,0.0,3.3797,6,Success,Purchase,Bago,MMK,False
TXN-20240123-0003012,WALL-0007181,MERCH-00102,PM-02,DEV-03,2024-01-23 22:18:30,81.04,0.1621,0.0,8,Success,Purchase,Myitkyina,MMK,False
TXN-20240123-0003013,WALL-0044758,MERCH-00341,PM-01,DEV-01,2024-01-23 07:34:13,44.0,0.0,0.0,4,Success,Bill Payment,Colombo,MMK,False
TXN-20240123-0003014,WALL-0058996,MERCH-00091,PM-01,DEV-01,2024-01-23 14:17:36,18.0,0.0,0.0,1,Success,Purchase,Taunggyi,MMK,False
TXN-20240123-0003015,WALL-0094776,MERCH-00028,PM-04,DEV-02,2024-01-23 19:23:14,21.18,0.4235,0.4235,2,Success,Purchase,Naypyidaw,MMK,False
TXN-20240123-0003016,WALL-0011155,MERCH-00289,PM-02,DEV-01,2024-01-23 07:09:33,405.22,0.8104,32.4174,81,Success,Purchase,Siem Reap,KHR,False
TXN-20240123-0003017,WALL-0136162,MERCH-00006,PM-01,DEV-01,2024-01-23 13:11:56,44.4,0.0,0.8879,4,Success,Purchase,Kolkata,INR,False
TXN-20240123-0003018,WALL-0132116,MERCH-00399,PM-03,DEV-01,2024-01-23 14:07:36,24.4,0.1952,0.0,2,Success,Purchase,Colombo,MMK,False
TXN-20240123-0003019,WALL-0008038,MERCH-00436,PM-01,DEV-01,2024-01-23 06:06:07,889.63,0.0,0.0,88,Success,Tax Payment,Delhi,INR,False
TXN-20240123-0003020,WALL-0102427,MERCH-00100,PM-02,DEV-03,2024-01-23 15:51:11,73.9,0.1478,0.0,7,Success,Purchase,Phuket,MMK,False
TXN-20240123-0003021,WALL-0110428,MERCH-00208,PM-05,DEV-01,2024-01-23 10:33:50,7.57,0.0,0.0,0,Success,Purchase,Karachi,IDR,False
TXN-20240123-0003022,WALL-0128004,MERCH-00053,PM-04,DEV-01,2024-01-23 09:34:05,38.83,0.7766,0.7766,3,Success,Purchase,Bago,MMK,False
TXN-20240123-0003023,WALL-0021201,MERCH-00100,PM-01,DEV-03,2024-01-23 18:31:50,79.79,0.0,0.0,7,Success,Purchase,Mandalay,MMK,False
TXN-20240123-0003024,WALL-0148857,MERCH-00276,PM-01,DEV-02,2024-01-23 10:11:46,1941.83,0.0,155.3463,388,Success,Purchase,Surabaya,VND,False
TXN-20240123-0003025,WALL-0049653,MERCH-00007,PM-02,DEV-03,2024-01-23 17:17:02,28.69,0.0574,0.5738,2,Success,Purchase,Mawlamyine,MMK,False
TXN-20240123-0003026,WALL-0012056,MERCH-00335,PM-01,DEV-03,2024-01-23 20:21:56,126.53,0.0,0.0,12,Success,Bill Payment,Davao,PHP,False
TXN-20240123-0003027,WALL-0028731,MERCH-00285,PM-03,DEV-01,2024-01-23 13:23:02,287.03,2.2963,22.9628,57,Success,Purchase,Mawlamyine,MMK,False
TXN-20240123-0003028,WALL-0112759,MERCH-00222,PM-01,DEV-01,2024-01-23 17:46:37,12.32,0.0,0.0,1,Success,Purchase,Dhaka,BDT,False
TXN-20240123-0003029,WALL-0127695,MERCH-00129,PM-03,DEV-02,2024-01-23 21:09:24,91.19,0.7295,0.0,9,Success,Purchase,Bago,MMK,False
TXN-20240123-0003030,WALL-0056040,MERCH-00207,PM-03,DEV-03,2024-01-23 19:24:13,12.67,0.1014,0.0,1,Success,Purchase,Ho Chi Minh City,VND,False
TXN-20240123-0003031,WALL-0133045,MERCH-00407,PM-02,DEV-02,2024-01-23 19:11:29,25.21,0.0504,0.0,2,Success,Payment,Penang,MMK,False
TXN-20240123-0003032,WALL-0084529,MERCH-00435,PM-01,DEV-01,2024-01-23 08:32:16,111.48,0.0,0.0,11,Success,Tax Payment,Yangon,MMK,False
TXN-20240123-0003033,WALL-0092811,MERCH-00073,PM-01,DEV-02,2024-01-23 11:13:50,23.42,0.0,0.4685,2,Success,Purchase,Naypyidaw,MMK,False
TXN-20240123-0003034,WALL-0060293,MERCH-00063,PM-05,DEV-01,2024-01-23 19:42:40,5.01,0.0,0.1001,0,Success,Purchase,Taunggyi,MMK,False
TXN-20240123-0003035,WALL-0102929,MERCH-00190,PM-05,DEV-03,2024-01-23 07:18:13,192.3,0.0,9.6152,19,Success,Purchase,Naypyidaw,MMK,False
TXN-20240123-0003036,WALL-0093146,MERCH-00216,PM-01,DEV-05,2024-01-23 21:39:54,20.93,0.0,0.0,2,Success,Purchase,Kolkata,MMK,False
TXN-20240123-0003037,WALL-0135436,MERCH-00301,PM-01,DEV-01,2024-01-23 15:47:03,505.69,0.0,40.4555,101,Success,Purchase,Manila,PHP,False
TXN-20240123-0003038,WALL-0116445,MERCH-00416,PM-02,DEV-05,2024-01-23 17:20:38,80.59,0.1612,0.0,8,Success,Payment,Yangon,MMK,False
TXN-20240123-0003039,WALL-0028828,MERCH-00284,PM-04,DEV-03,2024-01-23 14:25:26,100.0,2.0,8.0,20,Success,Purchase,Myitkyina,MMK,False
TXN-20240123-0003040,WALL-0056217,MERCH-00096,PM-03,DEV-01,2024-01-23 01:56:46,85.18,0.6814,0.0,8,Success,Purchase,Myitkyina,MMK,False
TXN-20240123-0003041,WALL-0026244,MERCH-00157,PM-01,DEV-01,2024-01-23 07:42:57,298.07,0.0,14.9037,29,Success,Purchase,Da Nang,VND,False
TXN-20240123-0003042,WALL-0073638,MERCH-00105,PM-01,DEV-01,2024-01-23 19:48:35,82.41,0.0,0.0,8,Success,Purchase,Phnom Penh,KHR,False
TXN-20240123-0003043,WALL-0031668,MERCH-00088,PM-02,DEV-01,2024-01-23 21:23:34,72.67,0.1453,0.0,7,Success,Purchase,Chennai,INR,False
TXN-20240123-0003044,WALL-0063535,MERCH-00296,PM-04,DEV-01,2024-01-23 12:41:16,323.27,6.4653,25.8614,64,Success,Purchase,Mandalay,MMK,False
TXN-20240123-0003045,WALL-0144006,MERCH-00362,PM-04,DEV-01,2024-01-23 16:33:48,33.18,0.6635,0.0,3,Success,Bill Payment,Taunggyi,MMK,False
TXN-20240123-0003046,WALL-0030444,MERCH-00461,PM-03,DEV-02,2024-01-23 01:02:28,418.57,3.3486,0.0,41,Success,Payment,Delhi,INR,False
TXN-20240123-0003047,WALL-0086555,MERCH-00391,PM-01,DEV-03,2024-01-23 03:34:31,75.09,0.0,0.0,7,Success,Purchase,Medan,IDR,False
TXN-20240123-0003048,WALL-0079315,MERCH-00351,PM-05,DEV-02,2024-01-23 14:07:43,17.43,0.0,0.0,1,Success,Bill Payment,Delhi,INR,False
TXN-20240123-0003049,WALL-0116904,MERCH-00353,PM-01,DEV-01,2024-01-23 21:45:33,91.61,0.0,0.0,9,Success,Bill Payment,Taunggyi,MMK,False
TXN-20240123-0003050,WALL-0109160,MERCH-00400,PM-04,DEV-01,2024-01-23 07:26:37,101.17,2.0234,0.0,10,Success,Purchase,Da Nang,NPR,False
TXN-20240123-0003051,WALL-0128696,MERCH-00007,PM-01,DEV-01,2024-01-23 20:53:58,34.8,0.0,0.696,3,Success,Purchase,Myitkyina,MMK,False
TXN-20240123-0003052,WALL-0033184,MERCH-00313,PM-05,DEV-01,2024-01-23 20:46:14,56.03,0.0,0.0,5,Success,Bill Payment,Naypyidaw,MMK,False
TXN-20240123-0003053,WALL-0138273,MERCH-00071,PM-04,DEV-01,2024-01-23 18:46:23,9.32,0.1863,0.1863,0,Success,Purchase,Kuala Lumpur,MYR,False
TXN-20240123-0003054,WALL-0069404,MERCH-00032,PM-02,DEV-01,2024-01-23 12:34:52,24.8,0.0496,0.496,2,Success,Purchase,Naypyidaw,MMK,False
TXN-20240123-0003055,WALL-0089257,MERCH-00080,PM-01,DEV-03,2024-01-23 23:58:02,26.17,0.0,0.5234,2,Success,Purchase,Khon Kaen,THB,False
TXN-20240123-0003056,WALL-0120961,MERCH-00134,PM-01,DEV-03,2024-01-23 01:44:34,466.2,0.0,23.3099,46,Success,Purchase,Bali,IDR,False
TXN-20240123-0003057,WALL-0029740,MERCH-00410,PM-01,DEV-05,2024-01-23 16:08:09,86.19,0.0,0.0,8,Success,Payment,Penang,IDR,False
TXN-20240123-0003058,WALL-0129084,MERCH-00202,PM-02,DEV-02,2024-01-23 17:42:24,5.58,0.0112,0.0,0,Success,Purchase,Naypyidaw,MMK,False
TXN-20240123-0003059,WALL-0032075,MERCH-00433,PM-01,DEV-03,2024-01-23 17:27:55,76.31,0.0,0.0,7,Success,Tax Payment,Ho Chi Minh City,VND,False
TXN-20240123-0003060,WALL-0042626,MERCH-00397,PM-01,DEV-01,2024-01-23 17:55:35,46.21,0.0,0.0,4,Success,Purchase,Mandalay,MMK,False
TXN-20240123-0003061,WALL-0124973,MERCH-00069,PM-02,DEV-01,2024-01-23 19:10:38,29.43,0.0589,0.5886,2,Success,Purchase,Naypyidaw,MMK,False
TXN-20240123-0003062,WALL-0088809,MERCH-00110,PM-04,DEV-01,2024-01-23 18:16:33,86.09,1.7218,0.0,8,Success,Purchase,Mawlamyine,MMK,False
TXN-20240123-0003063,WALL-0118453,MERCH-00495,PM-04,DEV-01,2024-01-23 16:13:36,71.07,1.4213,0.0,7,Success,Payment,Singapore,SGD,False
TXN-20240123-0003064,WALL-0112770,MERCH-00320,PM-02,DEV-01,2024-01-23 18:52:20,122.89,0.2458,0.0,12,Success,Bill Payment,Bali,IDR,False
TXN-20240123-0003065,WALL-0026181,MERCH-00054,PM-01,DEV-01,2024-01-23 21:21:18,30.31,0.0,0.6063,3,Success,Purchase,Yangon,MMK,False
TXN-20240123-0003066,WALL-0136567,MERCH-00066,PM-01,DEV-01,2024-01-23 18:25:58,65.25,0.0,1.305,6,Success,Purchase,Yangon,MMK,False
TXN-20240123-0003067,WALL-0047660,MERCH-00183,PM-02,DEV-03,2024-01-23 15:49:24,353.68,0.7074,17.6842,35,Success,Purchase,Naypyidaw,MMK,False
TXN-20240123-0003068,WALL-0032397,MERCH-00193,PM-03,DEV-01,2024-01-23 12:52:14,9.08,0.0727,0.0,0,Success,Purchase,Naypyidaw,MMK,False
TXN-20240123-0003069,WALL-0145313,MERCH-00275,PM-01,DEV-04,2024-01-23 18:53:38,504.35,0.0,40.3481,100,Success,Purchase,Johor Bahru,MYR,False
TXN-20240123-0003070,WALL-0032080,MERCH-00071,PM-04,DEV-05,2024-01-23 18:59:54,21.62,0.4325,0.4325,2,Success,Purchase,Siem Reap,KHR,False
TXN-20240123-0003071,WALL-0039727,MERCH-00115,PM-02,DEV-01,2024-01-23 04:47:52,105.92,0.2118,0.0,10,Success,Purchase,Bali,IDR,False
TXN-20240123-0003072,WALL-0135371,MERCH-00178,PM-01,DEV-02,2024-01-23 17:27:18,104.27,0.0,5.2135,10,Success,Purchase,Surabaya,IDR,False
TXN-20240123-0003073,WALL-0124167,MERCH-00402,PM-01,DEV-01,2024-01-23 14:02:10,21.15,0.0,0.0,2,Success,Payment,Islamabad,PKR,False
TXN-20240123-0003074,WALL-0134823,MERCH-00173,PM-01,DEV-01,2024-01-23 14:04:32,133.41,0.0,6.6703,13,Success,Purchase,Kolkata,INR,False
TXN-20240123-0003075,WALL-0052488,MERCH-00115,PM-02,DEV-03,2024-01-23 18:23:35,28.92,0.0578,0.0,2,Success,Purchase,Mawlamyine,MMK,False
TXN-20240123-0003076,WALL-0126594,MERCH-00371,PM-01,DEV-03,2024-01-23 10:41:46,29.38,0.0,0.0,2,Success,Purchase,Kandy,MMK,False
TXN-20240123-0003077,WALL-0104189,MERCH-00321,PM-04,DEV-01,2024-01-23 07:47:47,120.55,2.411,0.0,12,Success,Bill Payment,Mandalay,MMK,False
TXN-20240123-0003078,WALL-0143577,MERCH-00043,PM-04,DEV-02,2024-01-23 13:09:36,53.85,1.0771,1.0771,5,Success,Purchase,Mandalay,MMK,False
TXN-20240123-0003079,WALL-0092132,MERCH-00407,PM-03,DEV-01,2024-01-23 16:36:37,63.29,0.5063,0.0,6,Success,Payment,Ahmedabad,INR,False
TXN-20240123-0003080,WALL-0139622,MERCH-00021,PM-02,DEV-01,2024-01-23 19:00:15,11.35,0.0227,0.2271,1,Success,Purchase,Ahmedabad,PKR,False
TXN-20240123-0003081,WALL-0049429,MERCH-00080,PM-02,DEV-01,2024-01-23 04:24:01,20.91,0.0418,0.4182,2,Success,Purchase,Bangalore,INR,False
TXN-20240123-0003082,WALL-0127808,MERCH-00003,PM-01,DEV-03,2024-01-23 04:38:43,15.23,0.0,0.3046,1,Success,Purchase,Surabaya,IDR,False
TXN-20240123-0003083,WALL-0145018,MERCH-00060,PM-02,DEV-04,2024-01-23 12:36:29,18.9,0.0378,0.378,1,Success,Purchase,Yangon,MMK,False
TXN-20240123-0003084,WALL-0086064,MERCH-00424,PM-01,DEV-01,2024-01-23 13:06:52,90.97,0.0,0.0,9,Success,Payment,Mandalay,MMK,False
TXN-20240123-0003085,WALL-0126782,MERCH-00196,PM-02,DEV-01,2024-01-23 05:47:34,7.93,0.0159,0.0,0,Success,Purchase,Mandalay,MMK,False
TXN-20240123-0003086,WALL-0033660,MERCH-00154,PM-01,DEV-02,2024-01-23 16:26:25,171.19,0.0,8.5593,17,Success,Purchase,Bangkok,THB,False
TXN-20240123-0003087,WALL-0044072,MERCH-00003,PM-02,DEV-01,2024-01-23 11:44:43,47.89,0.0958,0.9579,4,Success,Purchase,Myitkyina,MMK,False
TXN-20240123-0003088,WALL-0014953,MERCH-00461,PM-03,DEV-02,2024-01-23 00:22:25,321.96,2.5756,0.0,32,Success,Payment,Yangon,MMK,False
TXN-20240123-0003089,WALL-0006012,MERCH-00097,PM-01,DEV-01,2024-01-23 02:04:46,71.15,0.0,0.0,7,Success,Purchase,Naypyidaw,MMK,False
TXN-20240123-0003090,WALL-0027173,MERCH-00012,PM-03,DEV-03,2024-01-23 21:24:34,89.95,0.7196,1.7989,8,Success,Purchase,Pune,INR,False
TXN-20240123-0003091,WALL-0027925,MERCH-00329,PM-03,DEV-01,2024-01-23 05:47:48,57.45,0.4596,0.0,5,Success,Bill Payment,Jaipur,INR,False
TXN-20240123-0003092,WALL-0003019,MERCH-00230,PM-01,DEV-03,2024-01-23 19:52:45,34.87,0.0,0.0,3,Success,Purchase,Khon Kaen,THB,False
TXN-20240123-0003093,WALL-0131137,MERCH-00057,PM-02,DEV-01,2024-01-23 14:59:31,20.39,0.0408,0.4077,2,Success,Purchase,Surabaya,IDR,False
TXN-20240123-0003094,WALL-0110721,MERCH-00238,PM-01,DEV-02,2024-01-23 09:56:50,25.12,0.0,0.0,2,Success,Subscription,Mumbai,INR,False
TXN-20240123-0003095,WALL-0077043,MERCH-00249,PM-04,DEV-01,2024-01-23 16:47:16,19.84,0.3968,0.0,1,Success,Subscription,Bangalore,INR,False
TXN-20240123-0003096,WALL-0148627,MERCH-00109,PM-03,DEV-01,2024-01-23 12:25:34,39.18,0.3134,0.0,3,Success,Purchase,Pathein,MMK,False
TXN-20240123-0003097,WALL-0149092,MERCH-00191,PM-03,DEV-01,2024-01-23 14:14:23,6.19,0.0495,0.0,0,Success,Purchase,Medan,IDR,False
TXN-20240123-0003098,WALL-0040250,MERCH-00278,PM-01,DEV-01,2024-01-23 08:20:34,191.63,0.0,15.3305,38,Success,Purchase,Bandung,IDR,False
TXN-20240123-0003099,WALL-0029323,MERCH-00394,PM-05,DEV-02,2024-01-23 17:49:50,73.38,0.0,0.0,7,Success,Purchase,Chiang Mai,THB,False
TXN-20240123-0003100,WALL-0138392,MERCH-00216,PM-03,DEV-01,2024-01-23 17:31:38,7.17,0.0573,0.0,0,Success,Purchase,Mawlamyine,MMK,False
TXN-20240123-0003101,WALL-0062209,MERCH-00321,PM-04,DEV-04,2024-01-23 12:36:03,97.35,1.9471,0.0,9,Success,Bill Payment,Quezon City,IDR,False
TXN-20240123-0003102,WALL-0000082,MERCH-00315,PM-02,DEV-01,2024-01-23 07:35:18,33.17,0.0663,0.0,3,Success,Bill Payment,Bago,MMK,False
TXN-20240123-0003103,WALL-0021186,MERCH-00103,PM-04,DEV-01,2024-01-23 14:57:34,24.03,0.4805,0.0,2,Success,Purchase,Kuala Lumpur,MYR,False
TXN-20240123-0003104,WALL-0103649,MERCH-00115,PM-01,DEV-02,2024-01-23 16:26:14,179.14,0.0,0.0,17,Success,Purchase,Chennai,INR,False
TXN-20240123-0003105,WALL-0098614,MERCH-00149,PM-01,DEV-02,2024-01-23 11:37:07,123.78,0.0,6.1892,12,Success,Purchase,Mawlamyine,MMK,False
TXN-20240123-0003106,WALL-0073056,MERCH-00124,PM-04,DEV-02,2024-01-23 13:04:38,121.96,2.4392,0.0,12,Success,Purchase,Naypyidaw,MMK,False
TXN-20240123-0003107,WALL-0142152,MERCH-00074,PM-01,DEV-01,2024-01-23 09:09:00,10.82,0.0,0.2164,1,Success,Purchase,Bali,IDR,False
TXN-20240123-0003108,WALL-0106754,MERCH-00018,PM-01,DEV-01,2024-01-23 12:57:27,16.84,0.0,0.3367,1,Success,Purchase,Ahmedabad,INR,False
TXN-20240123-0003109,WALL-0041574,MERCH-00330,PM-04,DEV-02,2024-01-23 21:15:02,50.45,1.0091,0.0,5,Success,Bill Payment,Ahmedabad,INR,False
TXN-20240123-0003110,WALL-0080670,MERCH-00019,PM-01,DEV-01,2024-01-23 06:17:32,25.98,0.0,0.5195,2,Success,Purchase,Kuala Lumpur,IDR,False
TXN-20240123-0003111,WALL-0122095,MERCH-00028,PM-02,DEV-01,2024-01-23 13:29:46,19.85,0.0397,0.3969,1,Success,Purchase,Da Nang,VND,False
TXN-20240123-0003112,WALL-0096972,MERCH-00375,PM-01,DEV-01,2024-01-23 17:28:26,58.66,0.0,0.0,5,Success,Purchase,Bago,MMK,False
TXN-20240123-0003113,WALL-0130577,MERCH-00071,PM-01,DEV-01,2024-01-23 20:49:12,14.34,0.0,0.2868,1,Success,Purchase,Pune,MMK,False
TXN-20240123-0003114,WALL-0115283,MERCH-00369,PM-01,DEV-02,2024-01-23 17:57:02,88.65,0.0,0.0,8,Success,Bill Payment,Chittagong,BDT,False
TXN-20240123-0003115,WALL-0069810,MERCH-00031,PM-02,DEV-01,2024-01-23 21:34:07,41.84,0.0837,0.8369,4,Success,Purchase,Bago,MMK,False
TXN-20240123-0003116,WALL-0080162,MERCH-00144,PM-01,DEV-01,2024-01-23 21:39:39,20.0,0.0,1.0,2,Success,Purchase,Bago,MMK,False
TXN-20240123-0003117,WALL-0011806,MERCH-00356,PM-01,DEV-04,2024-01-23 17:14:13,50.18,0.0,0.0,5,Success,Bill Payment,Mandalay,MMK,False
TXN-20240123-0003118,WALL-0121052,MERCH-00102,PM-05,DEV-03,2024-01-23 10:21:41,23.58,0.0,0.0,2,Success,Purchase,Pune,INR,False
TXN-20240123-0003119,WALL-0055337,MERCH-00062,PM-04,DEV-01,2024-01-23 08:39:25,28.48,0.5697,0.5697,2,Success,Purchase,Myitkyina,THB,False
TXN-20240123-0003120,WALL-0016590,MERCH-00065,PM-02,DEV-01,2024-01-23 12:53:11,17.58,0.0352,0.3517,1,Success,Purchase,Bangalore,INR,False
TXN-20240123-0003121,WALL-0017206,MERCH-00202,PM-02,DEV-01,2024-01-23 06:51:52,20.67,0.0413,0.0,0,Reversed,Purchase,Dhaka,BDT,False
TXN-20240123-0003122,WALL-0034172,MERCH-00101,PM-03,DEV-01,2024-01-23 11:03:21,144.13,1.1531,0.0,14,Success,Purchase,Cebu City,PHP,False
TXN-20240123-0003123,WALL-0047382,MERCH-00130,PM-02,DEV-01,2024-01-23 19:52:21,59.35,0.1187,0.0,5,Success,Purchase,Johor Bahru,MYR,False
TXN-20240123-0003124,WALL-0132499,MERCH-00326,PM-03,DEV-03,2024-01-23 18:31:39,39.26,0.3141,0.0,3,Success,Bill Payment,Myitkyina,MMK,False
TXN-20240123-0003125,WALL-0125899,MERCH-00014,PM-01,DEV-01,2024-01-23 20:20:01,25.85,0.0,0.5169,2,Success,Purchase,Singapore,SGD,False
TXN-20240123-0003126,WALL-0105414,MERCH-00135,PM-01,DEV-01,2024-01-23 16:11:52,40.02,0.0,2.001,4,Success,Purchase,Pathein,MMK,False
TXN-20240123-0003127,WALL-0017685,MERCH-00316,PM-02,DEV-01,2024-01-23 18:37:35,63.26,0.1265,0.0,6,Success,Bill Payment,Myitkyina,MMK,False
TXN-20240123-0003128,WALL-0085877,MERCH-00266,PM-03,DEV-01,2024-01-23 15:23:31,27.16,0.2173,0.0,2,Success,Subscription,Johor Bahru,MYR,False
TXN-20240123-0003129,WALL-0044200,MERCH-00173,PM-01,DEV-02,2024-01-23 08:48:59,132.96,0.0,6.648,13,Success,Purchase,Bago,MMK,False
TXN-20240123-0003130,WALL-0064144,MERCH-00176,PM-03,DEV-01,2024-01-23 13:55:42,908.53,7.2683,45.4266,90,Success,Purchase,Naypyidaw,MMK,False
TXN-20240123-0003131,WALL-0132770,MERCH-00067,PM-04,DEV-02,2024-01-23 11:42:44,19.83,0.3966,0.3966,1,Success,Purchase,Kuala Lumpur,MYR,False
TXN-20240123-0003132,WALL-0146293,MERCH-00424,PM-05,DEV-03,2024-01-23 17:49:14,75.18,0.0,0.0,7,Success,Payment,Pathein,MMK,False
TXN-20240123-0003133,WALL-0141137,MERCH-00080,PM-01,DEV-02,2024-01-23 06:42:30,16.01,0.0,0.3202,1,Success,Purchase,Chittagong,MMK,False
TXN-20240123-0003134,WALL-0001643,MERCH-00097,PM-04,DEV-05,2024-01-23 14:43:18,38.97,0.7794,0.0,3,Success,Purchase,Medan,IDR,False
TXN-20240123-0003135,WALL-0058215,MERCH-00100,PM-01,DEV-01,2024-01-23 14:44:14,20.2,0.0,0.0,2,Success,Purchase,Chennai,INR,False
TXN-20240123-0003136,WALL-0095824,MERCH-00373,PM-02,DEV-01,2024-01-23 16:14:50,117.52,0.235,0.0,11,Success,Purchase,Khon Kaen,THB,False
TXN-20240123-0003137,WALL-0046973,MERCH-00225,PM-04,DEV-01,2024-01-23 12:44:29,12.29,0.2458,0.0,1,Success,Purchase,Taunggyi,MMK,False
TXN-20240123-0003138,WALL-0098696,MERCH-00034,PM-01,DEV-02,2024-01-23 00:17:30,50.29,0.0,1.0057,5,Success,Purchase,Bali,IDR,False
TXN-20240123-0003139,WALL-0145702,MERCH-00332,PM-03,DEV-02,2024-01-23 21:44:57,247.74,1.9819,0.0,24,Success,Bill Payment,Cebu City,PHP,False
TXN-20240123-0003140,WALL-0003531,MERCH-00120,PM-01,DEV-02,2024-01-23 20:19:18,46.76,0.0,0.0,4,Success,Purchase,Cebu City,PHP,False
TXN-20240123-0003141,WALL-0007073,MERCH-00489,PM-04,DEV-01,2024-01-23 12:14:28,306.79,6.1357,0.0,30,Success,Payment,Myitkyina,MMK,False
TXN-20240123-0003142,WALL-0022047,MERCH-00201,PM-01,DEV-01,2024-01-23 01:16:08,6.56,0.0,0.0,0,Success,Purchase,Naypyidaw,MMK,False
TXN-20240123-0003143,WALL-0034719,MERCH-00101,PM-01,DEV-05,2024-01-23 16:55:46,22.39,0.0,0.0,2,Success,Purchase,Quezon City,PHP,False
TXN-20240123-0003144,WALL-0102674,MERCH-00155,PM-01,DEV-02,2024-01-23 12:19:41,108.43,0.0,5.4215,10,Success,Purchase,Pattaya,THB,False
TXN-20240123-0003145,WALL-0043970,MERCH-00269,PM-01,DEV-02,2024-01-23 15:03:36,15.59,0.0,0.0,1,Success,Subscription,Mandalay,MMK,False
TXN-20240123-0003146,WALL-0147833,MERCH-00095,PM-02,DEV-03,2024-01-23 09:56:02,12.93,0.0259,0.0,1,Success,Purchase,Pathein,MMK,False
TXN-20240123-0003147,WALL-0030113,MERCH-00446,PM-04,DEV-01,2024-01-23 15:17:50,379.87,7.5973,0.0,37,Success,Tax Payment,Khon Kaen,THB,False
TXN-20240123-0003148,WALL-0032138,MERCH-00302,PM-02,DEV-01,2024-01-23 11:19:11,561.56,1.1231,44.9248,112,Success,Purchase,Lahore,PKR,False
TXN-20240123-0003149,WALL-0028621,MERCH-00229,PM-02,DEV-01,2024-01-23 18:42:33,38.78,0.0776,0.0,3,Success,Purchase,Karachi,PKR,False
TXN-20240123-0003150,WALL-0078503,MERCH-00238,PM-01,DEV-01,2024-01-23 23:12:12,14.41,0.0,0.0,1,Success,Subscription,Pattaya,THB,False
TXN-20240123-0003151,WALL-0036986,MERCH-00204,PM-01,DEV-02,2024-01-23 07:21:51,8.4,0.0,0.0,0,Success,Purchase,Naypyidaw,MMK,False
TXN-20240123-0003152,WALL-0089306,MERCH-00097,PM-02,DEV-01,2024-01-23 02:51:29,52.13,0.1043,0.0,5,Success,Purchase,Colombo,LKR,False
TXN-20240123-0003153,WALL-0016895,MERCH-00264,PM-03,DEV-05,2024-01-23 21:51:58,20.42,0.1633,0.0,2,Success,Subscription,Jaipur,INR,False
TXN-20240123-0003154,WALL-0013157,MERCH-00003,PM-01,DEV-02,2024-01-23 11:04:30,15.33,0.0,0.3065,1,Success,Purchase,Bago,MMK,False
TXN-20240123-0003155,WALL-0127478,MERCH-00084,PM-01,DEV-05,2024-01-23 17:22:33,34.19,0.0,0.0,3,Success,Purchase,Kuala Lumpur,MYR,False
TXN-20240123-0003156,WALL-0068590,MERCH-00391,PM-04,DEV-03,2024-01-23 11:09:05,25.94,0.5187,0.0,0,Failed,Purchase,Naypyidaw,MMK,False
TXN-20240123-0003157,WALL-0149419,MERCH-00214,PM-04,DEV-02,2024-01-23 17:48:34,16.98,0.3396,0.0,1,Success,Purchase,Pathein,MMK,False
TXN-20240123-0003158,WALL-0095141,MERCH-00165,PM-01,DEV-01,2024-01-23 07:40:44,1875.77,0.0,93.7886,187,Success,Purchase,Islamabad,MMK,False
TXN-20240123-0003159,WALL-0115251,MERCH-00087,PM-03,DEV-01,2024-01-23 15:15:10,28.21,0.2257,0.0,2,Success,Purchase,Kandy,LKR,False
TXN-20240123-0003160,WALL-0104123,MERCH-00277,PM-04,DEV-01,2024-01-23 04:14:31,963.41,19.2682,77.0729,192,Success,Purchase,Bali,IDR,False
TXN-20240123-0003161,WALL-0071971,MERCH-00411,PM-01,DEV-01,2024-01-23 19:11:51,91.4,0.0,0.0,9,Success,Payment,Johor Bahru,MYR,False
TXN-20240123-0003162,WALL-0098461,MERCH-00209,PM-03,DEV-01,2024-01-23 19:24:09,16.57,0.1325,0.0,1,Success,Purchase,Ahmedabad,INR,False
TXN-20240123-0003163,WALL-0061610,MERCH-00411,PM-01,DEV-02,2024-01-23 14:38:30,183.52,0.0,0.0,18,Success,Payment,Mandalay,MMK,False
TXN-20240123-0003164,WALL-0070857,MERCH-00326,PM-02,DEV-01,2024-01-23 02:30:29,40.83,0.0817,0.0,4,Success,Bill Payment,Pokhara,NPR,False
TXN-20240123-0003165,WALL-0045306,MERCH-00167,PM-01,DEV-01,2024-01-23 05:57:41,34.06,0.0,1.7028,3,Success,Purchase,Taunggyi,MMK,False
TXN-20240123-0003166,WALL-0075909,MERCH-00362,PM-02,DEV-03,2024-01-23 12:53:08,70.0,0.14,0.0,7,Success,Bill Payment,Karachi,PKR,False
TXN-20240123-0003167,WALL-0088219,MERCH-00220,PM-02,DEV-02,2024-01-23 17:02:48,24.01,0.048,0.0,2,Success,Purchase,Mawlamyine,MMK,False
TXN-20240123-0003168,WALL-0047757,MERCH-00117,PM-01,DEV-01,2024-01-23 04:27:00,35.76,0.0,0.0,3,Success,Purchase,Bandung,THB,False
TXN-20240123-0003169,WALL-0007109,MERCH-00101,PM-01,DEV-01,2024-01-23 17:59:27,52.67,0.0,0.0,5,Success,Purchase,Naypyidaw,MMK,False
TXN-20240123-0003170,WALL-0127793,MERCH-00244,PM-04,DEV-01,2024-01-23 12:25:52,6.34,0.1268,0.0,0,Success,Subscription,Mumbai,INR,False
TXN-20240123-0003171,WALL-0143161,MERCH-00223,PM-01,DEV-04,2024-01-23 13:34:26,9.45,0.0,0.0,0,Success,Purchase,Chennai,INR,False
TXN-20240123-0003172,WALL-0102501,MERCH-00466,PM-02,DEV-01,2024-01-23 17:50:25,102.73,0.2055,0.0,10,Success,Payment,Myitkyina,MMK,False
TXN-20240123-0003173,WALL-0028982,MERCH-00441,PM-03,DEV-03,2024-01-23 08:28:41,564.79,4.5183,0.0,0,Failed,Tax Payment,Hyderabad,INR,False
TXN-20240123-0003174,WALL-0079353,MERCH-00389,PM-01,DEV-03,2024-01-23 22:14:40,40.07,0.0,0.0,4,Success,Purchase,Bago,MMK,False
TXN-20240123-0003175,WALL-0070950,MERCH-00171,PM-03,DEV-01,2024-01-23 18:18:53,280.41,2.2433,14.0206,28,Success,Purchase,Mumbai,INR,False
TXN-20240123-0003176,WALL-0026714,MERCH-00483,PM-01,DEV-02,2024-01-23 19:11:20,217.83,0.0,0.0,21,Success,Payment,Kandy,LKR,False
TXN-20240123-0003177,WALL-0106897,MERCH-00178,PM-01,DEV-01,2024-01-23 19:10:25,80.85,0.0,4.0425,8,Success,Purchase,Manila,PHP,False
TXN-20240123-0003178,WALL-0001731,MERCH-00060,PM-03,DEV-01,2024-01-23 13:11:13,8.04,0.0643,0.1607,0,Success,Purchase,Penang,MYR,False
TXN-20240123-0003179,WALL-0127612,MERCH-00040,PM-04,DEV-01,2024-01-23 22:17:35,60.23,1.2045,1.2045,6,Success,Purchase,Jaipur,INR,False
TXN-20240123-0003180,WALL-0007989,MERCH-00224,PM-01,DEV-01,2024-01-23 16:49:05,7.44,0.0,0.0,0,Success,Purchase,Mumbai,INR,False
TXN-20240123-0003181,WALL-0071656,MERCH-00250,PM-03,DEV-02,2024-01-23 21:14:30,11.14,0.0891,0.0,1,Success,Subscription,Phnom Penh,VND,False
TXN-20240123-0003182,WALL-0135800,MERCH-00168,PM-03,DEV-04,2024-01-23 02:26:03,102.07,0.8166,5.1037,10,Success,Purchase,Taunggyi,MMK,True
TXN-20240123-0003183,WALL-0093673,MERCH-00261,PM-01,DEV-01,2024-01-23 12:55:04,12.51,0.0,0.0,1,Success,Subscription,Johor Bahru,MYR,False
TXN-20240123-0003184,WALL-0027906,MERCH-00351,PM-02,DEV-01,2024-01-23 07:35:09,30.94,0.0619,0.0,3,Success,Bill Payment,Yangon,MMK,False
TXN-20240123-0003185,WALL-0074630,MERCH-00089,PM-02,DEV-01,2024-01-23 21:18:26,57.49,0.115,0.0,5,Success,Purchase,Yangon,MMK,False
TXN-20240123-0003186,WALL-0087128,MERCH-00038,PM-01,DEV-02,2024-01-23 20:36:33,22.79,0.0,0.4557,2,Success,Purchase,Dhaka,BDT,False
TXN-20240123-0003187,WALL-0135707,MERCH-00169,PM-02,DEV-01,2024-01-23 10:30:49,34.02,0.068,1.7008,3,Success,Purchase,Bali,MMK,False
TXN-20240123-0003188,WALL-0079080,MERCH-00329,PM-02,DEV-01,2024-01-23 23:52:46,52.7,0.1054,0.0,5,Success,Bill Payment,Pokhara,NPR,False
TXN-20240123-0003189,WALL-0125917,MERCH-00316,PM-03,DEV-01,2024-01-23 18:52:46,104.53,0.8363,0.0,10,Success,Bill Payment,Johor Bahru,MYR,False
TXN-20240123-0003190,WALL-0075011,MERCH-00291,PM-02,DEV-02,2024-01-23 20:27:27,1189.0,2.378,95.12,237,Success,Purchase,Naypyidaw,MMK,False
TXN-20240123-0003191,WALL-0099281,MERCH-00074,PM-01,DEV-04,2024-01-23 21:58:13,45.16,0.0,0.9032,4,Success,Purchase,Mawlamyine,MMK,False
TXN-20240123-0003192,WALL-0030344,MERCH-00125,PM-02,DEV-01,2024-01-23 19:52:33,157.99,0.316,0.0,15,Success,Purchase,Da Nang,VND,False
TXN-20240123-0003193,WALL-0139580,MERCH-00077,PM-01,DEV-03,2024-01-23 10:36:19,13.25,0.0,0.2651,1,Success,Purchase,Mandalay,MMK,False
TXN-20240123-0003194,WALL-0032804,MERCH-00066,PM-02,DEV-01,2024-01-23 16:35:36,53.75,0.1075,1.0751,5,Success,Purchase,Taunggyi,MMK,False
TXN-20240123-0003195,WALL-0050376,MERCH-00036,PM-01,DEV-01,2024-01-23 06:24:28,48.68,0.0,0.9736,4,Success,Purchase,Pattaya,INR,False
TXN-20240123-0003196,WALL-0142481,MERCH-00184,PM-01,DEV-03,2024-01-23 18:04:06,89.22,0.0,4.4609,8,Success,Purchase,Karachi,PKR,False
TXN-20240123-0003197,WALL-0094675,MERCH-00311,PM-02,DEV-01,2024-01-23 06:19:32,27.71,0.0554,0.0,2,Success,Bill Payment,Naypyidaw,MMK,False
TXN-20240123-0003198,WALL-0101593,MERCH-00090,PM-01,DEV-02,2024-01-23 16:23:59,100.81,0.0,0.0,10,Success,Purchase,Chennai,INR,False
TXN-20240123-0003199,WALL-0085863,MERCH-00312,PM-01,DEV-01,2024-01-23 21:33:49,22.53,0.0,0.0,2,Success,Bill Payment,Mawlamyine,MMK,False
TXN-20240123-0003200,WALL-0058168,MERCH-00099,PM-02,DEV-01,2024-01-23 06:10:55,49.49,0.099,0.0,4,Success,Purchase,Yangon,MMK,False
TXN-20240123-0003201,WALL-0095533,MERCH-00098,PM-04,DEV-02,2024-01-23 10:00:02,104.81,2.0963,0.0,10,Success,Purchase,Penang,MYR,False
TXN-20240123-0003202,WALL-0062664,MERCH-00222,PM-03,DEV-02,2024-01-23 16:29:08,5.74,0.0459,0.0,0,Success,Purchase,Bago,MMK,False
TXN-20240123-0003203,WALL-0007490,MERCH-00027,PM-02,DEV-03,2024-01-23 15:46:07,31.46,0.0629,0.6292,3,Success,Purchase,Bandung,IDR,False
TXN-20240123-0003204,WALL-0119498,MERCH-00034,PM-02,DEV-01,2024-01-23 13:41:04,31.96,0.0639,0.6392,3,Success,Purchase,Lahore,PKR,False
TXN-20240123-0003205,WALL-0053605,MERCH-00020,PM-01,DEV-03,2024-01-23 02:42:45,18.95,0.0,0.3791,1,Success,Purchase,Surabaya,IDR,False
TXN-20240123-0003206,WALL-0116159,MERCH-00284,PM-03,DEV-01,2024-01-23 18:40:20,145.63,1.165,11.65,29,Success,Purchase,Pokhara,NPR,False
TXN-20240123-0003207,WALL-0049377,MERCH-00160,PM-01,DEV-01,2024-01-23 15:23:59,86.56,0.0,4.3281,8,Success,Purchase,Bangalore,MMK,False
TXN-20240123-0003208,WALL-0049351,MERCH-00375,PM-01,DEV-01,2024-01-23 16:21:26,109.61,0.0,0.0,10,Success,Purchase,Hanoi,VND,False
TXN-20240123-0003209,WALL-0116231,MERCH-00008,PM-04,DEV-02,2024-01-23 15:03:47,8.04,0.1609,0.1609,0,Success,Purchase,Myitkyina,MMK,False
TXN-20240123-0003210,WALL-0133160,MERCH-00173,PM-03,DEV-01,2024-01-23 14:30:10,49.13,0.393,2.4565,4,Success,Purchase,Yangon,MMK,False
TXN-20240123-0003211,WALL-0032009,MERCH-00212,PM-01,DEV-02,2024-01-23 10:00:55,15.73,0.0,0.0,1,Success,Purchase,Yangon,MMK,False
TXN-20240123-0003212,WALL-0092843,MERCH-00078,PM-01,DEV-02,2024-01-23 12:31:19,7.3,0.0,0.146,0,Success,Purchase,Pathein,MMK,False
TXN-20240123-0003213,WALL-0088604,MERCH-00146,PM-03,DEV-01,2024-01-23 19:59:39,205.6,1.6448,10.28,20,Success,Purchase,Mawlamyine,MMK,False
TXN-20240123-0003214,WALL-0023913,MERCH-00357,PM-01,DEV-01,2024-01-23 07:49:51,49.98,0.0,0.0,4,Success,Bill Payment,Yangon,MMK,False
TXN-20240123-0003215,WALL-0018764,MERCH-00479,PM-04,DEV-01,2024-01-23 21:43:48,232.42,4.6485,0.0,23,Success,Payment,Da Nang,MYR,False
TXN-20240123-0003216,WALL-0008040,MERCH-00417,PM-04,DEV-01,2024-01-23 17:13:03,361.22,7.2245,0.0,36,Success,Payment,Bago,MMK,False
TXN-20240123-0003217,WALL-0069563,MERCH-00347,PM-02,DEV-02,2024-01-23 09:36:18,43.94,0.0879,0.0,4,Success,Bill Payment,Chennai,INR,False
TXN-20240123-0003218,WALL-0005391,MERCH-00199,PM-02,DEV-02,2024-01-23 14:38:22,14.71,0.0294,0.0,1,Success,Purchase,Davao,PHP,False
TXN-20240123-0003219,WALL-0109259,MERCH-00116,PM-05,DEV-01,2024-01-23 20:54:03,39.01,0.0,0.0,3,Success,Purchase,Chennai,INR,False
TXN-20240123-0003220,WALL-0147334,MERCH-00005,PM-02,DEV-03,2024-01-23 12:57:48,10.83,0.0217,0.2167,1,Success,Purchase,Pokhara,NPR,False
TXN-20240123-0003221,WALL-0134145,MERCH-00406,PM-02,DEV-01,2024-01-23 06:51:41,143.45,0.2869,0.0,14,Success,Payment,Colombo,LKR,False
TXN-20240123-0003222,WALL-0089935,MERCH-00410,PM-01,DEV-01,2024-01-23 21:09:59,20.0,0.0,0.0,2,Success,Payment,Chennai,MMK,False
TXN-20240123-0003223,WALL-0116776,MERCH-00095,PM-04,DEV-02,2024-01-23 15:25:46,25.85,0.517,0.0,2,Success,Purchase,Surabaya,IDR,False
TXN-20240123-0003224,WALL-0129730,MERCH-00378,PM-02,DEV-03,2024-01-23 03:45:16,68.46,0.1369,0.0,6,Success,Purchase,Naypyidaw,MMK,False
TXN-20240123-0003225,WALL-0097853,MERCH-00144,PM-01,DEV-02,2024-01-23 09:11:15,79.91,0.0,3.9956,7,Success,Purchase,Ho Chi Minh City,VND,False
TXN-20240123-0003226,WALL-0003772,MERCH-00168,PM-02,DEV-02,2024-01-23 13:59:35,244.14,0.4883,12.2071,24,Success,Purchase,Chiang Mai,THB,False
TXN-20240123-0003227,WALL-0010561,MERCH-00342,PM-01,DEV-01,2024-01-23 02:02:16,62.01,0.0,0.0,6,Success,Bill Payment,Surabaya,PHP,False
TXN-20240123-0003228,WALL-0048023,MERCH-00176,PM-01,DEV-01,2024-01-23 09:17:58,133.36,0.0,6.6682,13,Success,Purchase,Chennai,INR,False
TXN-20240123-0003229,WALL-0121551,MERCH-00224,PM-04,DEV-02,2024-01-23 15:19:53,8.59,0.1719,0.0,0,Success,Purchase,Manila,PHP,False
TXN-20240123-0003230,WALL-0013306,MERCH-00114,PM-01,DEV-01,2024-01-23 13:56:33,18.39,0.0,0.0,1,Success,Purchase,Taunggyi,MMK,False
TXN-20240123-0003231,WALL-0099631,MERCH-00277,PM-04,DEV-02,2024-01-23 11:58:14,693.13,13.8627,55.4507,138,Success,Purchase,Naypyidaw,MMK,False
TXN-20240123-0003232,WALL-0138464,MERCH-00005,PM-02,DEV-01,2024-01-23 20:47:49,58.35,0.1167,1.167,5,Success,Purchase,Khon Kaen,THB,False
TXN-20240123-0003233,WALL-0093817,MERCH-00266,PM-01,DEV-02,2024-01-23 08:31:09,17.48,0.0,0.0,1,Success,Subscription,Yangon,MMK,False
TXN-20240123-0003234,WALL-0044978,MERCH-00174,PM-03,DEV-01,2024-01-23 16:25:48,118.82,0.9506,5.9412,11,Success,Purchase,Quezon City,PHP,False
TXN-20240123-0003235,WALL-0039696,MERCH-00038,PM-05,DEV-05,2024-01-23 18:00:33,32.16,0.0,0.6431,3,Success,Purchase,Mumbai,MMK,True
TXN-20240123-0003236,WALL-0036654,MERCH-00041,PM-02,DEV-01,2024-01-23 19:56:58,18.38,0.0368,0.3675,1,Success,Purchase,Taunggyi,MMK,False
TXN-20240123-0003237,WALL-0099815,MERCH-00323,PM-02,DEV-05,2024-01-23 13:11:11,200.1,0.4002,0.0,20,Success,Bill Payment,Ho Chi Minh City,LKR,False
TXN-20240123-0003238,WALL-0022413,MERCH-00085,PM-01,DEV-02,2024-01-23 18:05:36,33.44,0.0,0.0,3,Success,Purchase,Chennai,INR,False
TXN-20240123-0003239,WALL-0049332,MERCH-00162,PM-03,DEV-01,2024-01-23 20:02:07,82.29,0.6583,4.1145,8,Success,Purchase,Chiang Mai,THB,False
TXN-20240123-0003240,WALL-0075147,MERCH-00412,PM-01,DEV-01,2024-01-23 08:05:28,45.92,0.0,0.0,4,Success,Payment,Pokhara,MMK,False
TXN-20240123-0003241,WALL-0131521,MERCH-00163,PM-04,DEV-01,2024-01-23 12:18:38,395.69,7.9137,19.7843,39,Success,Purchase,Cebu City,PHP,False
TXN-20240123-0003242,WALL-0000520,MERCH-00318,PM-02,DEV-02,2024-01-23 06:37:55,130.87,0.2617,0.0,13,Success,Bill Payment,Pathein,MMK,False
TXN-20240123-0003243,WALL-0079252,MERCH-00118,PM-04,DEV-01,2024-01-23 20:25:56,10.94,0.2188,0.0,1,Success,Purchase,Taunggyi,MMK,False
TXN-20240123-0003244,WALL-0149684,MERCH-00178,PM-01,DEV-01,2024-01-23 17:52:03,62.11,0.0,3.1053,6,Success,Purchase,Mumbai,BDT,False
TXN-20240123-0003245,WALL-0094872,MERCH-00403,PM-02,DEV-01,2024-01-23 10:03:58,104.3,0.2086,0.0,10,Success,Payment,Naypyidaw,MMK,False
TXN-20240123-0003246,WALL-0026401,MERCH-00126,PM-01,DEV-01,2024-01-23 21:34:42,90.5,0.0,0.0,9,Success,Purchase,Taunggyi,MMK,False
TXN-20240123-0003247,WALL-0003628,MERCH-00157,PM-01,DEV-03,2024-01-23 19:31:07,461.82,0.0,23.0909,46,Success,Purchase,Mawlamyine,MMK,False
TXN-20240123-0003248,WALL-0026318,MERCH-00138,PM-04,DEV-01,2024-01-23 10:08:56,92.37,1.8474,4.6185,9,Success,Purchase,Jakarta,IDR,False
TXN-20240123-0003249,WALL-0140299,MERCH-00449,PM-02,DEV-01,2024-01-23 23:08:05,504.55,1.0091,0.0,50,Success,Tax Payment,Yangon,PKR,False
TXN-20240123-0003250,WALL-0121111,MERCH-00064,PM-02,DEV-01,2024-01-23 14:32:56,8.7,0.0174,0.174,0,Success,Purchase,Kathmandu,MMK,False
TXN-20240123-0003251,WALL-0136795,MERCH-00317,PM-01,DEV-05,2024-01-23 14:56:10,77.63,0.0,0.0,7,Success,Bill Payment,Medan,IDR,False
TXN-20240123-0003252,WALL-0116701,MERCH-00184,PM-02,DEV-03,2024-01-23 10:34:10,21.94,0.0439,1.0971,2,Success,Purchase,Islamabad,PKR,False
TXN-20240123-0003253,WALL-0047198,MERCH-00051,PM-01,DEV-01,2024-01-23 20:17:19,6.05,0.0,0.121,0,Success,Purchase,Mumbai,INR,False
TXN-20240123-0003254,WALL-0142491,MERCH-00233,PM-01,DEV-01,2024-01-23 05:20:34,5.57,0.0,0.0,0,Success,Subscription,Bandung,IDR,False
TXN-20240123-0003255,WALL-0024868,MERCH-00167,PM-01,DEV-02,2024-01-23 08:27:46,198.61,0.0,9.9306,19,Success,Purchase,Medan,IDR,False
TXN-20240123-0003256,WALL-0018432,MERCH-00107,PM-04,DEV-05,2024-01-23 14:34:28,40.01,0.8002,0.0,4,Success,Purchase,Mawlamyine,MMK,False
TXN-20240123-0003257,WALL-0002854,MERCH-00386,PM-01,DEV-01,2024-01-23 16:19:04,31.9,0.0,0.0,3,Success,Purchase,Pattaya,THB,False
TXN-20240123-0003258,WALL-0056683,MERCH-00474,PM-01,DEV-01,2024-01-23 21:35:24,163.96,0.0,0.0,16,Success,Payment,Lahore,PKR,False
TXN-20240123-0003259,WALL-0086669,MERCH-00067,PM-02,DEV-04,2024-01-23 12:54:47,28.63,0.0573,0.5727,2,Success,Purchase,Bago,MMK,False
TXN-20240123-0003260,WALL-0011474,MERCH-00087,PM-02,DEV-01,2024-01-23 04:26:34,31.47,0.0629,0.0,0,Reversed,Purchase,Bangalore,INR,False
TXN-20240123-0003261,WALL-0049960,MERCH-00381,PM-02,DEV-01,2024-01-23 16:16:29,117.84,0.2357,0.0,11,Success,Purchase,Mandalay,MMK,False
TXN-20240123-0003262,WALL-0069961,MERCH-00358,PM-03,DEV-02,2024-01-23 10:49:57,49.98,0.3998,0.0,4,Success,Bill Payment,Pathein,MMK,False
TXN-20240123-0003263,WALL-0115317,MERCH-00490,PM-02,DEV-01,2024-01-23 16:53:33,124.12,0.2482,0.0,12,Success,Payment,Mawlamyine,MMK,False
TXN-20240123-0003264,WALL-0059359,MERCH-00337,PM-02,DEV-02,2024-01-23 08:11:04,81.2,0.1624,0.0,8,Success,Bill Payment,Kuala Lumpur,MYR,False
TXN-20240123-0003265,WALL-0081128,MERCH-00071,PM-02,DEV-01,2024-01-23 14:28:01,19.72,0.0394,0.0,0,Reversed,Purchase,Islamabad,INR,False
TXN-20240123-0003266,WALL-0009276,MERCH-00342,PM-04,DEV-03,2024-01-23 21:37:30,39.47,0.7893,0.0,3,Success,Bill Payment,Lahore,PKR,False
TXN-20240123-0003267,WALL-0002616,MERCH-00326,PM-02,DEV-03,2024-01-23 13:36:38,99.17,0.1983,0.0,9,Success,Bill Payment,Mandalay,MMK,False
TXN-20240123-0003268,WALL-0091350,MERCH-00376,PM-02,DEV-01,2024-01-23 16:41:21,34.03,0.0681,0.0,3,Success,Purchase,Pathein,IDR,False
TXN-20240123-0003269,WALL-0044074,MERCH-00445,PM-04,DEV-03,2024-01-23 16:11:45,81.37,1.6274,0.0,8,Success,Tax Payment,Mawlamyine,MMK,False
TXN-20240123-0003270,WALL-0050785,MERCH-00142,PM-04,DEV-01,2024-01-23 17:50:01,214.05,4.281,10.7024,21,Success,Purchase,Johor Bahru,MYR,False
TXN-20240123-0003271,WALL-0070584,MERCH-00365,PM-04,DEV-01,2024-01-23 16:40:16,28.28,0.5656,0.0,2,Success,Bill Payment,Kathmandu,NPR,False
TXN-20240123-0003272,WALL-0093347,MERCH-00028,PM-02,DEV-01,2024-01-23 17:31:23,31.69,0.0634,0.6338,3,Success,Purchase,Naypyidaw,MMK,False
TXN-20240123-0003273,WALL-0025495,MERCH-00210,PM-01,DEV-01,2024-01-23 15:55:00,8.57,0.0,0.0,0,Success,Purchase,Pathein,NPR,False
TXN-20240123-0003274,WALL-0105524,MERCH-00006,PM-04,DEV-02,2024-01-23 06:55:00,9.91,0.1983,0.1983,0,Success,Purchase,Phuket,THB,False
TXN-20240123-0003275,WALL-0129719,MERCH-00148,PM-02,DEV-04,2024-01-23 10:04:42,96.15,0.1923,4.8073,9,Success,Purchase,Kandy,LKR,False
TXN-20240123-0003276,WALL-0112508,MERCH-00425,PM-01,DEV-02,2024-01-23 15:03:28,44.35,0.0,0.0,4,Success,Payment,Myitkyina,MMK,False
TXN-20240123-0003277,WALL-0087906,MERCH-00264,PM-02,DEV-03,2024-01-23 19:46:01,37.61,0.0752,0.0,3,Success,Subscription,Mumbai,INR,False
TXN-20240123-0003278,WALL-0144691,MERCH-00220,PM-03,DEV-01,2024-01-23 16:58:01,9.61,0.0769,0.0,0,Failed,Purchase,Quezon City,PHP,False
TXN-20240123-0003279,WALL-0090167,MERCH-00403,PM-01,DEV-02,2024-01-23 20:59:56,42.77,0.0,0.0,4,Success,Payment,Bago,MMK,False
TXN-20240123-0003280,WALL-0032983,MERCH-00069,PM-01,DEV-01,2024-01-23 21:11:18,8.93,0.0,0.1785,0,Success,Purchase,Mandalay,MMK,False
TXN-20240123-0003281,WALL-0088585,MERCH-00069,PM-03,DEV-01,2024-01-23 13:18:59,6.59,0.0528,0.1319,0,Success,Purchase,Surabaya,IDR,False
TXN-20240123-0003282,WALL-0042212,MERCH-00176,PM-02,DEV-05,2024-01-23 20:56:23,134.82,0.2696,6.7411,13,Success,Purchase,Manila,PHP,False
TXN-20240123-0003283,WALL-0075224,MERCH-00294,PM-01,DEV-04,2024-01-23 07:18:53,290.65,0.0,23.2522,58,Success,Purchase,Delhi,INR,False
TXN-20240123-0003284,WALL-0028152,MERCH-00018,PM-01,DEV-01,2024-01-23 12:22:38,29.12,0.0,0.0,0,Failed,Purchase,Naypyidaw,IDR,False
TXN-20240123-0003285,WALL-0007068,MERCH-00167,PM-05,DEV-01,2024-01-23 21:05:47,120.2,0.0,6.0098,12,Success,Purchase,Bangkok,THB,False
TXN-20240123-0003286,WALL-0074954,MERCH-00087,PM-05,DEV-02,2024-01-23 03:52:02,211.19,0.0,0.0,21,Success,Purchase,Yangon,MMK,False
TXN-20240123-0003287,WALL-0144578,MERCH-00012,PM-04,DEV-01,2024-01-23 08:36:48,17.12,0.3424,0.3424,1,Success,Purchase,Dhaka,BDT,False
TXN-20240123-0003288,WALL-0025800,MERCH-00311,PM-04,DEV-01,2024-01-23 03:49:53,43.51,0.8701,0.0,4,Success,Bill Payment,Bangkok,THB,False
TXN-20240123-0003289,WALL-0015844,MERCH-00020,PM-01,DEV-05,2024-01-23 18:12:27,23.79,0.0,0.4758,2,Success,Purchase,Bago,MMK,False
TXN-20240123-0003290,WALL-0112895,MERCH-00024,PM-02,DEV-01,2024-01-23 19:59:31,10.19,0.0204,0.2038,1,Success,Purchase,Mandalay,MMK,False
TXN-20240123-0003291,WALL-0113166,MERCH-00042,PM-02,DEV-02,2024-01-23 14:07:58,34.72,0.0694,0.6943,3,Success,Purchase,Phnom Penh,KHR,False
TXN-20240123-0003292,WALL-0132666,MERCH-00354,PM-02,DEV-03,2024-01-23 00:20:52,54.94,0.1099,0.0,5,Success,Bill Payment,Manila,PHP,False
TXN-20240123-0003293,WALL-0096220,MERCH-00055,PM-02,DEV-04,2024-01-23 06:54:13,21.88,0.0438,0.4375,2,Success,Purchase,Khon Kaen,THB,False
TXN-20240123-0003294,WALL-0111500,MERCH-00211,PM-01,DEV-01,2024-01-23 15:55:57,6.57,0.0,0.0,0,Success,Purchase,Mawlamyine,MMK,False
TXN-20240123-0003295,WALL-0043842,MERCH-00129,PM-03,DEV-01,2024-01-23 12:40:56,27.43,0.2194,0.0,2,Success,Purchase,Bandung,IDR,False
TXN-20240123-0003296,WALL-0019245,MERCH-00143,PM-02,DEV-01,2024-01-23 12:44:54,95.46,0.1909,4.7731,9,Success,Purchase,Phuket,THB,False
TXN-20240123-0003297,WALL-0126688,MERCH-00006,PM-01,DEV-01,2024-01-23 12:50:08,10.4,0.0,0.2081,1,Success,Purchase,Pathein,MMK,False
TXN-20240123-0003298,WALL-0118402,MERCH-00092,PM-03,DEV-05,2024-01-23 17:24:19,55.65,0.4452,0.0,5,Success,Purchase,Pathein,MMK,False
TXN-20240123-0003299,WALL-0139213,MERCH-00208,PM-01,DEV-02,2024-01-23 22:12:57,9.93,0.0,0.0,0,Success,Purchase,Pokhara,NPR,False
TXN-20240123-0003300,WALL-0113900,MERCH-00098,PM-01,DEV-01,2024-01-23 14:35:19,35.24,0.0,0.0,3,Success,Purchase,Singapore,SGD,False
TXN-20240123-0003301,WALL-0017495,MERCH-00098,PM-02,DEV-01,2024-01-23 11:54:29,18.6,0.0372,0.0,1,Success,Purchase,Siem Reap,MMK,False
TXN-20240123-0003302,WALL-0142762,MERCH-00076,PM-01,DEV-02,2024-01-23 18:39:21,12.66,0.0,0.2531,1,Success,Purchase,Pathein,MMK,False
TXN-20240123-0003303,WALL-0066221,MERCH-00077,PM-05,DEV-01,2024-01-23 18:47:30,32.09,0.0,0.6418,3,Success,Purchase,Colombo,LKR,False
TXN-20240123-0003304,WALL-0091441,MERCH-00415,PM-01,DEV-01,2024-01-23 18:36:16,38.25,0.0,0.0,3,Success,Payment,Siem Reap,KHR,False
TXN-20240123-0003305,WALL-0030364,MERCH-00487,PM-02,DEV-02,2024-01-23 09:33:22,729.56,1.4591,0.0,72,Success,Payment,Chennai,INR,False
TXN-20240123-0003306,WALL-0032501,MERCH-00050,PM-01,DEV-03,2024-01-23 14:30:08,19.67,0.0,0.3934,1,Success,Purchase,Cebu City,MMK,False
TXN-20240123-0003307,WALL-0045635,MERCH-00315,PM-02,DEV-01,2024-01-23 13:09:53,41.74,0.0835,0.0,4,Success,Bill Payment,Pattaya,THB,False
TXN-20240123-0003308,WALL-0128122,MERCH-00196,PM-01,DEV-01,2024-01-23 06:44:15,17.61,0.0,0.0,1,Success,Purchase,Mawlamyine,MMK,False
TXN-20240123-0003309,WALL-0108399,MERCH-00136,PM-01,DEV-01,2024-01-23 19:55:23,71.6,0.0,3.58,7,Success,Purchase,Bago,MMK,False
TXN-20240123-0003310,WALL-0016747,MERCH-00205,PM-03,DEV-04,2024-01-23 21:31:04,10.19,0.0815,0.0,1,Success,Purchase,Kandy,INR,False
TXN-20240123-0003311,WALL-0025581,MERCH-00444,PM-01,DEV-02,2024-01-23 20:57:11,50.73,0.0,0.0,5,Success,Tax Payment,Ho Chi Minh City,VND,False
TXN-20240123-0003312,WALL-0011610,MERCH-00292,PM-01,DEV-01,2024-01-23 18:59:15,2034.19,0.0,162.7355,406,Success,Purchase,Mandalay,MMK,False
TXN-20240123-0003313,WALL-0136506,MERCH-00036,PM-02,DEV-01,2024-01-23 19:54:53,51.0,0.102,1.02,5,Success,Purchase,Chittagong,MMK,False
TXN-20240123-0003314,WALL-0108707,MERCH-00142,PM-01,DEV-02,2024-01-23 09:44:16,138.47,0.0,6.9236,13,Success,Purchase,Ho Chi Minh City,VND,False
TXN-20240123-0003315,WALL-0002680,MERCH-00351,PM-02,DEV-03,2024-01-23 19:04:48,49.4,0.0988,0.0,4,Success,Bill Payment,Jaipur,INR,False
TXN-20240123-0003316,WALL-0073156,MERCH-00137,PM-01,DEV-01,2024-01-23 12:04:13,98.17,0.0,4.9083,9,Success,Purchase,Johor Bahru,MYR,False
TXN-20240123-0003317,WALL-0044206,MERCH-00307,PM-04,DEV-02,2024-01-23 17:47:31,648.05,12.961,51.8439,129,Success,Purchase,Quezon City,PHP,False
TXN-20240123-0003318,WALL-0039497,MERCH-00371,PM-01,DEV-01,2024-01-23 20:53:36,60.1,0.0,0.0,0,Failed,Purchase,Surabaya,IDR,False
TXN-20240123-0003319,WALL-0109510,MERCH-00012,PM-04,DEV-01,2024-01-23 11:43:02,16.81,0.3362,0.3362,1,Success,Purchase,Cebu City,PHP,False
TXN-20240123-0003320,WALL-0047901,MERCH-00019,PM-02,DEV-01,2024-01-23 18:13:16,10.18,0.0204,0.2036,1,Success,Purchase,Mawlamyine,MMK,False
TXN-20240123-0003321,WALL-0030888,MERCH-00242,PM-04,DEV-01,2024-01-23 02:58:32,21.69,0.4338,0.0,2,Success,Subscription,Jakarta,INR,False
TXN-20240123-0003322,WALL-0118149,MERCH-00224,PM-04,DEV-01,2024-01-23 14:02:27,13.54,0.2708,0.0,1,Success,Purchase,Siem Reap,KHR,False
TXN-20240123-0003323,WALL-0067503,MERCH-00354,PM-04,DEV-01,2024-01-23 19:28:26,87.84,1.7568,0.0,8,Success,Bill Payment,Pathein,MMK,False
TXN-20240123-0003324,WALL-0060092,MERCH-00274,PM-01,DEV-01,2024-01-23 16:31:58,585.85,0.0,46.8682,117,Success,Purchase,Taunggyi,MMK,False
TXN-20240123-0003325,WALL-0086919,MERCH-00022,PM-03,DEV-01,2024-01-23 19:04:52,11.89,0.0951,0.0,0,Pending,Purchase,Mawlamyine,MMK,False
TXN-20240123-0003326,WALL-0052659,MERCH-00217,PM-02,DEV-01,2024-01-23 19:20:16,17.17,0.0343,0.0,1,Success,Purchase,Karachi,PKR,False
TXN-20240123-0003327,WALL-0040656,MERCH-00017,PM-04,DEV-01,2024-01-23 13:07:00,13.21,0.2641,0.2641,1,Success,Purchase,Taunggyi,MMK,False
TXN-20240123-0003328,WALL-0037728,MERCH-00470,PM-03,DEV-02,2024-01-23 16:09:03,78.59,0.6287,0.0,7,Success,Payment,Taunggyi,MMK,False
TXN-20240123-0003329,WALL-0131222,MERCH-00346,PM-04,DEV-01,2024-01-23 19:08:47,32.73,0.6547,0.0,3,Success,Bill Payment,Siem Reap,KHR,False
TXN-20240123-0003330,WALL-0023092,MERCH-00127,PM-02,DEV-04,2024-01-23 12:06:37,143.07,0.2861,0.0,14,Success,Purchase,Pathein,MMK,False
TXN-20240123-0003331,WALL-0029158,MERCH-00012,PM-04,DEV-01,2024-01-23 15:43:54,6.67,0.1334,0.1334,0,Success,Purchase,Pathein,MMK,False
TXN-20240123-0003332,WALL-0010508,MERCH-00111,PM-01,DEV-02,2024-01-23 20:37:41,39.1,0.0,0.0,3,Success,Purchase,Kolkata,INR,False
TXN-20240123-0003333,WALL-0104538,MERCH-00324,PM-02,DEV-02,2024-01-23 05:11:36,127.6,0.2552,0.0,12,Success,Bill Payment,Penang,MYR,False
TXN-20240123-0003334,WALL-0108773,MERCH-00336,PM-01,DEV-02,2024-01-23 12:07:07,224.02,0.0,0.0,22,Success,Bill Payment,Mawlamyine,MMK,False
TXN-20240123-0003335,WALL-0075311,MERCH-00003,PM-02,DEV-02,2024-01-23 15:16:48,5.45,0.0109,0.1091,0,Success,Purchase,Kolkata,INR,False
TXN-20240123-0003336,WALL-0059574,MERCH-00252,PM-01,DEV-01,2024-01-23 19:05:10,7.76,0.0,0.0,0,Success,Subscription,Ahmedabad,MMK,False
TXN-20240123-0003337,WALL-0050455,MERCH-00112,PM-02,DEV-03,2024-01-23 16:47:48,80.55,0.1611,0.0,8,Success,Purchase,Chiang Mai,THB,False
TXN-20240123-0003338,WALL-0118228,MERCH-00449,PM-01,DEV-01,2024-01-23 13:05:01,103.16,0.0,0.0,10,Success,Tax Payment,Davao,PHP,False
TXN-20240123-0003339,WALL-0112223,MERCH-00396,PM-01,DEV-03,2024-01-23 23:08:18,62.78,0.0,0.0,6,Success,Purchase,Mawlamyine,MMK,False
TXN-20240123-0003340,WALL-0141125,MERCH-00387,PM-03,DEV-01,2024-01-23 18:44:57,34.15,0.2732,0.0,3,Success,Purchase,Khon Kaen,THB,False
TXN-20240123-0003341,WALL-0039247,MERCH-00203,PM-01,DEV-01,2024-01-23 17:57:31,11.02,0.0,0.0,1,Success,Purchase,Pokhara,NPR,False
TXN-20240123-0003342,WALL-0038183,MERCH-00372,PM-01,DEV-02,2024-01-23 15:04:42,39.9,0.0,0.0,3,Success,Purchase,Chittagong,BDT,False
TXN-20240123-0003343,WALL-0086002,MERCH-00419,PM-01,DEV-03,2024-01-23 15:59:58,40.08,0.0,0.0,4,Success,Payment,Chennai,INR,False
TXN-20240123-0003344,WALL-0130572,MERCH-00170,PM-03,DEV-01,2024-01-23 17:29:16,95.45,0.7636,4.7724,9,Success,Purchase,Naypyidaw,MMK,False
TXN-20240123-0003345,WALL-0145371,MERCH-00009,PM-04,DEV-02,2024-01-23 13:45:34,15.59,0.3118,0.3118,1,Success,Purchase,Pathein,MMK,False
TXN-20240123-0003346,WALL-0128785,MERCH-00044,PM-01,DEV-01,2024-01-23 12:47:58,49.23,0.0,0.9845,4,Success,Purchase,Bali,IDR,False
TXN-20240123-0003347,WALL-0097219,MERCH-00043,PM-01,DEV-01,2024-01-23 14:41:18,25.56,0.0,0.5111,2,Success,Purchase,Kolkata,INR,False
TXN-20240123-0003348,WALL-0010663,MERCH-00061,PM-01,DEV-03,2024-01-23 20:48:36,7.89,0.0,0.1579,0,Success,Purchase,Yangon,MMK,False
TXN-20240123-0003349,WALL-0019412,MERCH-00342,PM-01,DEV-02,2024-01-23 15:20:48,37.01,0.0,0.0,3,Success,Bill Payment,Phnom Penh,KHR,False
TXN-20240123-0003350,WALL-0076328,MERCH-00018,PM-02,DEV-01,2024-01-23 12:31:37,24.37,0.0487,0.4873,2,Success,Purchase,Kuala Lumpur,MMK,False
TXN-20240123-0003351,WALL-0007733,MERCH-00028,PM-01,DEV-01,2024-01-23 17:10:19,21.43,0.0,0.4285,2,Success,Purchase,Davao,PHP,False
TXN-20240123-0003352,WALL-0038362,MERCH-00077,PM-02,DEV-01,2024-01-23 20:38:48,22.31,0.0446,0.4462,2,Success,Purchase,Quezon City,PHP,False
TXN-20240123-0003353,WALL-0015447,MERCH-00107,PM-01,DEV-03,2024-01-23 19:25:18,69.38,0.0,0.0,6,Success,Purchase,Yangon,MMK,False
TXN-20240123-0003354,WALL-0053995,MERCH-00175,PM-03,DEV-01,2024-01-23 13:52:46,279.05,2.2324,13.9524,27,Success,Purchase,Mandalay,MMK,False
TXN-20240123-0003355,WALL-0055361,MERCH-00218,PM-01,DEV-01,2024-01-23 08:41:11,9.3,0.0,0.0,0,Success,Purchase,Bago,MMK,False
TXN-20240123-0003356,WALL-0058733,MERCH-00235,PM-01,DEV-01,2024-01-23 15:26:58,6.79,0.0,0.0,0,Success,Subscription,Chiang Mai,THB,False
TXN-20240123-0003357,WALL-0052479,MERCH-00083,PM-01,DEV-01,2024-01-23 12:07:18,72.39,0.0,0.0,7,Success,Purchase,Da Nang,VND,False
TXN-20240123-0003358,WALL-0093413,MERCH-00337,PM-01,DEV-02,2024-01-23 19:10:21,67.12,0.0,0.0,6,Success,Bill Payment,Yangon,THB,False
TXN-20240123-0003359,WALL-0132734,MERCH-00110,PM-04,DEV-01,2024-01-23 07:51:04,64.53,1.2905,0.0,0,Failed,Purchase,Singapore,SGD,False
TXN-20240123-0003360,WALL-0086150,MERCH-00113,PM-02,DEV-04,2024-01-23 09:19:32,49.33,0.0987,0.0,4,Success,Purchase,Kandy,LKR,False
TXN-20240123-0003361,WALL-0033913,MERCH-00168,PM-03,DEV-01,2024-01-23 22:14:41,209.67,1.6774,10.4836,20,Success,Purchase,Phuket,THB,False
TXN-20240123-0003362,WALL-0015904,MERCH-00032,PM-02,DEV-05,2024-01-23 15:56:48,9.35,0.0187,0.187,0,Success,Purchase,Yangon,MYR,False
TXN-20240123-0003363,WALL-0003086,MERCH-00245,PM-02,DEV-01,2024-01-23 15:19:50,9.98,0.02,0.0,0,Success,Subscription,Yangon,MMK,False
TXN-20240123-0003364,WALL-0078725,MERCH-00392,PM-02,DEV-02,2024-01-23 23:58:42,34.31,0.0686,0.0,3,Success,Purchase,Islamabad,PKR,False
TXN-20240123-0003365,WALL-0060225,MERCH-00106,PM-05,DEV-01,2024-01-23 19:07:39,27.44,0.0,0.0,2,Success,Purchase,Hanoi,MMK,False
TXN-20240123-0003366,WALL-0020260,MERCH-00378,PM-01,DEV-01,2024-01-23 10:19:52,58.49,0.0,0.0,5,Success,Purchase,Yangon,MMK,False
TXN-20240123-0003367,WALL-0130602,MERCH-00063,PM-03,DEV-01,2024-01-23 09:27:58,24.92,0.1994,0.4984,2,Success,Purchase,Davao,PHP,False
TXN-20240123-0003368,WALL-0067807,MERCH-00426,PM-01,DEV-01,2024-01-23 12:00:02,99.93,0.0,0.0,9,Success,Payment,Pathein,MMK,False
TXN-20240123-0003369,WALL-0081712,MERCH-00381,PM-02,DEV-03,2024-01-23 17:34:21,28.53,0.0571,0.0,2,Success,Purchase,Davao,PHP,False
TXN-20240123-0003370,WALL-0038033,MERCH-00314,PM-02,DEV-01,2024-01-23 11:35:59,111.49,0.223,0.0,11,Success,Bill Payment,Chiang Mai,THB,False
TXN-20240123-0003371,WALL-0109886,MERCH-00284,PM-02,DEV-04,2024-01-23 00:40:57,246.28,0.4926,19.7024,49,Success,Purchase,Yangon,MMK,False
TXN-20240123-0003372,WALL-0131602,MERCH-00017,PM-05,DEV-02,2024-01-23 15:54:14,29.36,0.0,0.5871,2,Success,Purchase,Islamabad,PKR,False
TXN-20240123-0003373,WALL-0060963,MERCH-00441,PM-04,DEV-01,2024-01-23 16:17:55,192.51,3.8503,0.0,19,Success,Tax Payment,Yangon,MMK,False
TXN-20240123-0003374,WALL-0040857,MERCH-00393,PM-03,DEV-01,2024-01-23 04:35:23,106.89,0.8552,0.0,10,Success,Purchase,Mawlamyine,MMK,False
TXN-20240123-0003375,WALL-0115837,MERCH-00190,PM-03,DEV-02,2024-01-23 09:32:14,50.9,0.4072,2.545,5,Success,Purchase,Ahmedabad,PHP,False
TXN-20240123-0003376,WALL-0026614,MERCH-00124,PM-01,DEV-01,2024-01-23 15:17:42,31.0,0.0,0.0,3,Success,Purchase,Kandy,LKR,False
TXN-20240123-0003377,WALL-0136107,MERCH-00151,PM-01,DEV-02,2024-01-23 06:36:48,431.89,0.0,21.5946,43,Success,Purchase,Davao,PHP,False
TXN-20240123-0003378,WALL-0033970,MERCH-00002,PM-02,DEV-05,2024-01-23 13:09:04,24.6,0.0492,0.492,2,Success,Purchase,Penang,MYR,False
TXN-20240123-0003379,WALL-0005278,MERCH-00341,PM-01,DEV-04,2024-01-23 08:27:22,26.61,0.0,0.0,2,Success,Bill Payment,Bago,MMK,False
TXN-20240123-0003380,WALL-0115477,MERCH-00389,PM-01,DEV-01,2024-01-23 16:30:06,120.0,0.0,0.0,12,Success,Purchase,Colombo,MMK,False
TXN-20240123-0003381,WALL-0132440,MERCH-00035,PM-02,DEV-04,2024-01-23 08:04:19,12.31,0.0246,0.2462,1,Success,Purchase,Pattaya,THB,False
TXN-20240123-0003382,WALL-0146893,MERCH-00170,PM-01,DEV-01,2024-01-23 13:52:49,103.1,0.0,5.155,10,Success,Purchase,Chiang Mai,THB,False
TXN-20240123-0003383,WALL-0010981,MERCH-00435,PM-04,DEV-03,2024-01-23 08:17:53,557.78,11.1557,0.0,55,Success,Tax Payment,Mawlamyine,MMK,False
TXN-20240123-0003384,WALL-0018811,MERCH-00196,PM-01,DEV-01,2024-01-23 14:19:48,18.35,0.0,0.0,1,Success,Purchase,Mawlamyine,MMK,False
TXN-20240123-0003385,WALL-0071506,MERCH-00080,PM-02,DEV-01,2024-01-23 18:48:50,5.47,0.0109,0.1094,0,Success,Purchase,Siem Reap,KHR,False
TXN-20240123-0003386,WALL-0057553,MERCH-00012,PM-01,DEV-01,2024-01-23 06:50:59,5.0,0.0,0.1,0,Success,Purchase,Yangon,MMK,False
TXN-20240123-0003387,WALL-0043184,MERCH-00296,PM-02,DEV-01,2024-01-23 03:37:04,509.04,1.0181,40.7236,101,Success,Purchase,Quezon City,THB,False
TXN-20240123-0003388,WALL-0080374,MERCH-00311,PM-01,DEV-05,2024-01-23 13:13:21,110.7,0.0,0.0,11,Success,Bill Payment,Myitkyina,MMK,False
TXN-20240123-0003389,WALL-0073785,MERCH-00012,PM-01,DEV-01,2024-01-23 20:17:57,53.53,0.0,1.0705,5,Success,Purchase,Pokhara,NPR,False
TXN-20240123-0003390,WALL-0088585,MERCH-00015,PM-02,DEV-03,2024-01-23 21:41:53,8.45,0.0169,0.169,0,Success,Purchase,Manila,IDR,False
TXN-20240123-0003391,WALL-0004262,MERCH-00031,PM-02,DEV-01,2024-01-23 21:48:50,10.75,0.0215,0.215,1,Success,Purchase,Kuala Lumpur,MMK,False
TXN-20240123-0003392,WALL-0127343,MERCH-00054,PM-04,DEV-03,2024-01-23 12:01:09,36.54,0.7308,0.7308,3,Success,Purchase,Lahore,MYR,False
TXN-20240123-0003393,WALL-0053850,MERCH-00482,PM-03,DEV-01,2024-01-23 13:11:53,313.19,2.5055,0.0,31,Success,Payment,Phnom Penh,KHR,False
TXN-20240123-0003394,WALL-0110807,MERCH-00014,PM-01,DEV-01,2024-01-23 21:42:19,28.13,0.0,0.5625,2,Success,Purchase,Colombo,THB,False
TXN-20240123-0003395,WALL-0110070,MERCH-00197,PM-01,DEV-01,2024-01-23 10:02:01,9.44,0.0,0.0,0,Success,Purchase,Myitkyina,MMK,False
TXN-20240123-0003396,WALL-0123152,MERCH-00223,PM-01,DEV-02,2024-01-23 07:46:44,39.9,0.0,0.0,3,Success,Purchase,Johor Bahru,MYR,False
TXN-20240123-0003397,WALL-0038708,MERCH-00083,PM-01,DEV-02,2024-01-23 13:52:32,49.12,0.0,0.0,4,Success,Purchase,Taunggyi,MMK,False
TXN-20240123-0003398,WALL-0026665,MERCH-00258,PM-01,DEV-01,2024-01-23 15:16:45,12.81,0.0,0.0,1,Success,Subscription,Kolkata,MMK,False
TXN-20240123-0003399,WALL-0009364,MERCH-00064,PM-01,DEV-02,2024-01-23 06:20:39,9.75,0.0,0.195,0,Success,Purchase,Manila,PHP,False
TXN-20240123-0003400,WALL-0048292,MERCH-00147,PM-01,DEV-01,2024-01-23 11:32:49,593.17,0.0,29.6584,59,Success,Purchase,Mawlamyine,MMK,False
TXN-20240123-0003401,WALL-0044442,MERCH-00291,PM-05,DEV-01,2024-01-23 21:17:10,317.78,0.0,25.422,63,Success,Purchase,Bago,MMK,False
TXN-20240123-0003402,WALL-0117965,MERCH-00189,PM-02,DEV-03,2024-01-23 12:01:15,68.21,0.1364,3.4105,6,Success,Purchase,Kandy,MMK,False
TXN-20240123-0003403,WALL-0042266,MERCH-00092,PM-03,DEV-01,2024-01-23 11:59:36,140.0,1.12,0.0,14,Success,Purchase,Myitkyina,MMK,False
TXN-20240123-0003404,WALL-0082758,MERCH-00213,PM-01,DEV-01,2024-01-23 20:59:15,11.23,0.0,0.0,1,Success,Purchase,Dhaka,BDT,False
TXN-20240123-0003405,WALL-0110585,MERCH-00090,PM-04,DEV-03,2024-01-23 07:49:41,125.23,2.5046,0.0,12,Success,Purchase,Mandalay,MMK,False
TXN-20240123-0003406,WALL-0118746,MERCH-00042,PM-01,DEV-01,2024-01-23 17:10:29,25.67,0.0,0.0,0,Failed,Purchase,Chiang Mai,NPR,False
TXN-20240123-0003407,WALL-0071456,MERCH-00067,PM-02,DEV-01,2024-01-23 06:03:13,5.36,0.0107,0.1072,0,Success,Purchase,Manila,PHP,False
TXN-20240123-0003408,WALL-0031777,MERCH-00407,PM-01,DEV-01,2024-01-23 19:17:44,258.06,0.0,0.0,25,Success,Payment,Bali,IDR,False
TXN-20240123-0003409,WALL-0124988,MERCH-00002,PM-01,DEV-02,2024-01-23 20:33:02,18.2,0.0,0.3641,1,Success,Purchase,Yangon,MMK,False
TXN-20240123-0003410,WALL-0077738,MERCH-00415,PM-02,DEV-01,2024-01-23 22:43:46,104.02,0.208,0.0,10,Success,Payment,Cebu City,PHP,False
TXN-20240123-0003411,WALL-0085773,MERCH-00148,PM-01,DEV-02,2024-01-23 14:26:18,150.08,0.0,7.5041,15,Success,Purchase,Kolkata,INR,False
TXN-20240123-0003412,WALL-0069028,MERCH-00367,PM-01,DEV-01,2024-01-23 15:53:39,52.69,0.0,0.0,5,Success,Bill Payment,Pattaya,THB,False
TXN-20240123-0003413,WALL-0117524,MERCH-00005,PM-01,DEV-02,2024-01-23 19:23:29,6.27,0.0,0.1255,0,Success,Purchase,Islamabad,PKR,False
TXN-20240123-0003414,WALL-0126967,MERCH-00182,PM-05,DEV-01,2024-01-23 15:33:01,131.93,0.0,6.5966,13,Success,Purchase,Manila,PHP,False
TXN-20240123-0003415,WALL-0001936,MERCH-00049,PM-04,DEV-01,2024-01-23 21:44:25,40.66,0.8132,0.8132,4,Success,Purchase,Naypyidaw,MMK,False
TXN-20240123-0003416,WALL-0087026,MERCH-00007,PM-01,DEV-02,2024-01-23 13:18:03,35.57,0.0,0.7114,3,Success,Purchase,Bandung,IDR,False
TXN-20240123-0003417,WALL-0077155,MERCH-00087,PM-01,DEV-02,2024-01-23 15:18:38,138.93,0.0,0.0,0,Failed,Purchase,Pokhara,NPR,False
TXN-20240123-0003418,WALL-0008745,MERCH-00024,PM-03,DEV-01,2024-01-23 12:27:25,8.13,0.0651,0.1627,0,Success,Purchase,Phnom Penh,KHR,False
TXN-20240123-0003419,WALL-0007411,MERCH-00171,PM-03,DEV-02,2024-01-23 16:18:05,55.04,0.4403,2.7522,5,Success,Purchase,Pathein,MMK,False
TXN-20240123-0003420,WALL-0112268,MERCH-00047,PM-01,DEV-02,2024-01-23 11:46:40,5.28,0.0,0.1055,0,Success,Purchase,Mandalay,MMK,False
TXN-20240123-0003421,WALL-0129416,MERCH-00339,PM-04,DEV-02,2024-01-23 17:17:33,37.44,0.7489,0.0,3,Success,Bill Payment,Ahmedabad,INR,False
TXN-20240123-0003422,WALL-0144659,MERCH-00087,PM-03,DEV-05,2024-01-23 03:58:40,91.31,0.7305,0.0,9,Success,Purchase,Cebu City,PHP,False
TXN-20240123-0003423,WALL-0140093,MERCH-00281,PM-01,DEV-01,2024-01-23 17:40:33,792.51,0.0,63.4012,158,Success,Purchase,Karachi,PKR,False
TXN-20240123-0003424,WALL-0122033,MERCH-00266,PM-01,DEV-01,2024-01-23 06:15:45,9.64,0.0,0.0,0,Success,Subscription,Phuket,THB,False
TXN-20240123-0003425,WALL-0093070,MERCH-00096,PM-01,DEV-01,2024-01-23 15:31:20,73.78,0.0,0.0,7,Success,Purchase,Taunggyi,MMK,False
TXN-20240123-0003426,WALL-0105417,MERCH-00158,PM-03,DEV-03,2024-01-23 14:23:03,171.96,1.3757,8.5979,17,Success,Purchase,Hyderabad,INR,False
TXN-20240123-0003427,WALL-0125366,MERCH-00012,PM-01,DEV-02,2024-01-23 07:49:06,13.53,0.0,0.2707,1,Success,Purchase,Mandalay,MMK,False
TXN-20240123-0003428,WALL-0041522,MERCH-00397,PM-02,DEV-01,2024-01-23 16:55:29,114.9,0.2298,0.0,11,Success,Purchase,Hyderabad,INR,False
TXN-20240123-0003429,WALL-0022793,MERCH-00206,PM-04,DEV-01,2024-01-23 02:54:04,31.47,0.6295,0.0,3,Success,Purchase,Mandalay,MMK,False
TXN-20240123-0003430,WALL-0035900,MERCH-00221,PM-03,DEV-05,2024-01-23 22:53:29,27.85,0.2228,0.0,2,Success,Purchase,Ho Chi Minh City,VND,False
TXN-20240123-0003431,WALL-0102042,MERCH-00093,PM-01,DEV-01,2024-01-23 09:33:29,90.76,0.0,0.0,9,Success,Purchase,Ho Chi Minh City,VND,False
TXN-20240123-0003432,WALL-0128261,MERCH-00381,PM-03,DEV-01,2024-01-23 09:47:18,77.15,0.6172,0.0,7,Success,Purchase,Mawlamyine,MMK,False
TXN-20240123-0003433,WALL-0034005,MERCH-00118,PM-02,DEV-02,2024-01-23 12:08:33,45.91,0.0918,0.0,4,Success,Purchase,Ho Chi Minh City,VND,False
TXN-20240123-0003434,WALL-0029784,MERCH-00386,PM-02,DEV-01,2024-01-23 15:38:22,20.0,0.04,0.0,2,Success,Purchase,Bandung,IDR,False
TXN-20240123-0003435,WALL-0007746,MERCH-00152,PM-01,DEV-01,2024-01-23 16:50:48,25.41,0.0,1.2704,2,Success,Purchase,Chennai,INR,False
TXN-20240123-0003436,WALL-0118090,MERCH-00432,PM-01,DEV-01,2024-01-23 20:46:49,581.57,0.0,0.0,58,Success,Tax Payment,Surabaya,MMK,True
TXN-20240123-0003437,WALL-0124941,MERCH-00038,PM-04,DEV-01,2024-01-23 02:24:47,9.3,0.1859,0.1859,0,Success,Purchase,Cebu City,PHP,False
TXN-20240123-0003438,WALL-0046850,MERCH-00282,PM-01,DEV-02,2024-01-23 14:53:13,949.05,0.0,75.9238,189,Success,Purchase,Taunggyi,MMK,False
TXN-20240123-0003439,WALL-0025391,MERCH-00210,PM-01,DEV-03,2024-01-23 20:46:34,9.62,0.0,0.0,0,Success,Purchase,Pathein,MMK,False
TXN-20240123-0003440,WALL-0012111,MERCH-00326,PM-04,DEV-02,2024-01-23 16:23:28,68.88,1.3775,0.0,6,Success,Bill Payment,Naypyidaw,MMK,False
TXN-20240123-0003441,WALL-0038164,MERCH-00435,PM-02,DEV-03,2024-01-23 06:36:58,1580.1,3.1602,0.0,158,Success,Tax Payment,Taunggyi,MMK,False
TXN-20240123-0003442,WALL-0069711,MERCH-00376,PM-04,DEV-01,2024-01-23 02:01:18,31.4,0.6279,0.0,3,Success,Purchase,Surabaya,BDT,False
TXN-20240123-0003443,WALL-0009172,MERCH-00347,PM-02,DEV-03,2024-01-23 20:33:08,127.55,0.2551,0.0,12,Success,Bill Payment,Surabaya,IDR,False
TXN-20240123-0003444,WALL-0138309,MERCH-00359,PM-01,DEV-01,2024-01-23 18:52:22,10.43,0.0,0.0,1,Success,Bill Payment,Khon Kaen,THB,False
TXN-20240123-0003445,WALL-0075034,MERCH-00180,PM-01,DEV-03,2024-01-23 19:42:28,312.64,0.0,15.6318,31,Success,Purchase,Manila,PHP,False
TXN-20240123-0003446,WALL-0140444,MERCH-00014,PM-02,DEV-01,2024-01-23 13:29:53,61.16,0.1223,1.2232,6,Success,Purchase,Pokhara,NPR,False
TXN-20240123-0003447,WALL-0044930,MERCH-00337,PM-02,DEV-05,2024-01-23 13:43:07,325.23,0.6505,0.0,32,Success,Bill Payment,Bandung,IDR,False
TXN-20240123-0003448,WALL-0097487,MERCH-00089,PM-01,DEV-01,2024-01-23 20:43:53,126.55,0.0,0.0,12,Success,Purchase,Myitkyina,MMK,False
TXN-20240123-0003449,WALL-0060923,MERCH-00329,PM-01,DEV-02,2024-01-23 13:32:45,61.23,0.0,0.0,6,Success,Bill Payment,Mawlamyine,MMK,False
TXN-20240123-0003450,WALL-0139051,MERCH-00227,PM-01,DEV-01,2024-01-23 15:17:56,10.58,0.0,0.0,1,Success,Purchase,Pune,INR,False
TXN-20240123-0003451,WALL-0088910,MERCH-00014,PM-01,DEV-04,2024-01-23 17:15:38,13.12,0.0,0.2624,1,Success,Purchase,Kolkata,INR,False
TXN-20240123-0003452,WALL-0089869,MERCH-00104,PM-01,DEV-01,2024-01-23 09:36:18,133.89,0.0,0.0,0,Failed,Purchase,Jaipur,INR,False
TXN-20240123-0003453,WALL-0053468,MERCH-00353,PM-02,DEV-02,2024-01-23 21:18:45,46.25,0.0925,0.0,4,Success,Bill Payment,Myitkyina,MMK,False
TXN-20240123-0003454,WALL-0024523,MERCH-00133,PM-02,DEV-02,2024-01-23 22:23:13,158.57,0.3171,7.9286,15,Success,Purchase,Bago,MMK,False
TXN-20240123-0003455,WALL-0136813,MERCH-00208,PM-01,DEV-01,2024-01-23 15:42:51,8.25,0.0,0.0,0,Success,Purchase,Dhaka,BDT,False
TXN-20240123-0003456,WALL-0087132,MERCH-00184,PM-02,DEV-02,2024-01-23 12:07:45,149.69,0.2994,7.4847,14,Success,Purchase,Mandalay,MMK,False
TXN-20240123-0003457,WALL-0048371,MERCH-00199,PM-05,DEV-02,2024-01-23 03:23:53,5.67,0.0,0.0,0,Success,Purchase,Bali,IDR,False
TXN-20240123-0003458,WALL-0120603,MERCH-00091,PM-03,DEV-03,2024-01-23 21:07:40,121.65,0.9732,0.0,12,Success,Purchase,Yangon,MMK,False
TXN-20240123-0003459,WALL-0118200,MERCH-00311,PM-02,DEV-03,2024-01-23 15:01:02,40.53,0.0811,0.0,4,Success,Bill Payment,Ho Chi Minh City,VND,False
TXN-20240123-0003460,WALL-0022072,MERCH-00289,PM-01,DEV-01,2024-01-23 04:23:58,178.08,0.0,14.2465,35,Success,Purchase,Taunggyi,MMK,False
TXN-20240123-0003461,WALL-0021667,MERCH-00144,PM-01,DEV-01,2024-01-23 12:58:55,20.0,0.0,1.0,2,Success,Purchase,Myitkyina,MMK,False
TXN-20240123-0003462,WALL-0052694,MERCH-00015,PM-01,DEV-01,2024-01-23 15:29:48,8.51,0.0,0.1701,0,Success,Purchase,Mawlamyine,MMK,False
TXN-20240123-0003463,WALL-0060563,MERCH-00123,PM-03,DEV-03,2024-01-23 16:11:34,81.06,0.6485,0.0,8,Success,Purchase,Naypyidaw,MMK,False
TXN-20240123-0003464,WALL-0137108,MERCH-00337,PM-02,DEV-02,2024-01-23 16:21:33,37.29,0.0746,0.0,3,Success,Bill Payment,Kuala Lumpur,MYR,False
TXN-20240123-0003465,WALL-0089322,MERCH-00135,PM-01,DEV-02,2024-01-23 09:02:36,76.64,0.0,3.8322,7,Success,Purchase,Kathmandu,NPR,False
TXN-20240123-0003466,WALL-0086464,MERCH-00387,PM-01,DEV-01,2024-01-23 15:02:49,39.29,0.0,0.0,3,Success,Purchase,Pattaya,THB,False
TXN-20240123-0003467,WALL-0134064,MERCH-00123,PM-03,DEV-01,2024-01-23 10:40:00,330.0,2.64,0.0,33,Success,Purchase,Dhaka,BDT,False
TXN-20240123-0003468,WALL-0149086,MERCH-00026,PM-03,DEV-01,2024-01-23 20:26:23,19.65,0.1572,0.393,1,Success,Purchase,Kandy,LKR,False
TXN-20240123-0003469,WALL-0110832,MERCH-00208,PM-04,DEV-02,2024-01-23 12:48:15,7.65,0.1529,0.0,0,Success,Purchase,Surabaya,IDR,False
TXN-20240123-0003470,WALL-0117192,MERCH-00189,PM-02,DEV-05,2024-01-23 08:01:57,96.62,0.1932,4.8308,9,Success,Purchase,Mawlamyine,MMK,False
TXN-20240123-0003471,WALL-0004766,MERCH-00175,PM-02,DEV-03,2024-01-23 14:59:56,115.39,0.2308,5.7695,11,Success,Purchase,Surabaya,IDR,False
TXN-20240123-0003472,WALL-0025126,MERCH-00344,PM-01,DEV-02,2024-01-23 17:07:39,39.54,0.0,0.0,3,Success,Bill Payment,Pathein,MMK,False
TXN-20240123-0003473,WALL-0023331,MERCH-00180,PM-02,DEV-01,2024-01-23 17:42:43,804.66,1.6093,40.2328,80,Success,Purchase,Da Nang,VND,False
TXN-20240123-0003474,WALL-0003471,MERCH-00130,PM-03,DEV-02,2024-01-23 14:03:46,38.21,0.3057,0.0,3,Success,Purchase,Chittagong,BDT,False
TXN-20240123-0003475,WALL-0064463,MERCH-00245,PM-03,DEV-01,2024-01-23 15:59:12,18.55,0.1484,0.0,1,Success,Subscription,Naypyidaw,MMK,False
TXN-20240123-0003476,WALL-0085007,MERCH-00328,PM-05,DEV-02,2024-01-23 14:59:46,166.3,0.0,0.0,16,Success,Bill Payment,Mawlamyine,MMK,False
TXN-20240123-0003477,WALL-0003945,MERCH-00299,PM-02,DEV-01,2024-01-23 15:51:22,633.79,1.2676,50.7029,126,Success,Purchase,Pathein,MMK,False
TXN-20240123-0003478,WALL-0021767,MERCH-00206,PM-04,DEV-02,2024-01-23 13:13:38,6.03,0.1206,0.0,0,Success,Purchase,Naypyidaw,MMK,False
TXN-20240123-0003479,WALL-0081675,MERCH-00097,PM-02,DEV-02,2024-01-23 06:48:48,39.13,0.0783,0.0,3,Success,Purchase,Colombo,LKR,False
TXN-20240123-0003480,WALL-0097106,MERCH-00423,PM-01,DEV-01,2024-01-23 16:23:20,108.3,0.0,0.0,10,Success,Payment,Mawlamyine,MMK,False
TXN-20240123-0003481,WALL-0088229,MERCH-00213,PM-01,DEV-02,2024-01-23 21:39:26,15.02,0.0,0.0,1,Success,Purchase,Ho Chi Minh City,VND,False
TXN-20240123-0003482,WALL-0031810,MERCH-00064,PM-02,DEV-01,2024-01-23 17:38:08,8.98,0.018,0.1796,0,Success,Purchase,Yangon,MMK,False
TXN-20240123-0003483,WALL-0003223,MERCH-00092,PM-04,DEV-01,2024-01-23 12:37:48,51.77,1.0353,0.0,5,Success,Purchase,Delhi,INR,False
TXN-20240123-0003484,WALL-0096087,MERCH-00204,PM-03,DEV-01,2024-01-23 07:41:40,28.19,0.2256,0.0,2,Success,Purchase,Pune,INR,False
TXN-20240123-0003485,WALL-0102701,MERCH-00041,PM-01,DEV-01,2024-01-23 11:05:20,12.69,0.0,0.2538,1,Success,Purchase,Pathein,MMK,False
TXN-20240123-0003486,WALL-0015815,MERCH-00038,PM-04,DEV-03,2024-01-23 12:47:29,12.3,0.2459,0.2459,1,Success,Purchase,Yangon,MMK,False
TXN-20240123-0003487,WALL-0102924,MERCH-00187,PM-02,DEV-01,2024-01-23 04:43:58,232.23,0.4645,11.6114,23,Success,Purchase,Yangon,MMK,True
TXN-20240123-0003488,WALL-0105736,MERCH-00075,PM-01,DEV-04,2024-01-23 15:46:03,23.23,0.0,0.4646,2,Success,Purchase,Chiang Mai,THB,False
TXN-20240123-0003489,WALL-0045991,MERCH-00080,PM-01,DEV-01,2024-01-23 13:33:13,21.11,0.0,0.4223,2,Success,Purchase,Chiang Mai,THB,False
TXN-20240123-0003490,WALL-0019016,MERCH-00428,PM-01,DEV-01,2024-01-23 13:24:21,143.95,0.0,0.0,14,Success,Payment,Myitkyina,MMK,False
TXN-20240123-0003491,WALL-0031718,MERCH-00391,PM-01,DEV-03,2024-01-23 18:38:12,74.18,0.0,0.0,7,Success,Purchase,Pathein,MMK,False
TXN-20240123-0003492,WALL-0037367,MERCH-00290,PM-02,DEV-03,2024-01-23 10:46:22,178.0,0.356,14.2403,35,Success,Purchase,Jaipur,INR,False
TXN-20240123-0003493,WALL-0007119,MERCH-00350,PM-02,DEV-02,2024-01-23 20:10:37,55.36,0.1107,0.0,5,Success,Bill Payment,Ahmedabad,INR,False
TXN-20240123-0003494,WALL-0079583,MERCH-00097,PM-03,DEV-02,2024-01-23 13:40:50,21.01,0.1681,0.0,2,Success,Purchase,Singapore,SGD,False
TXN-20240123-0003495,WALL-0014028,MERCH-00374,PM-03,DEV-02,2024-01-23 11:33:44,56.77,0.4542,0.0,5,Success,Purchase,Mandalay,MMK,False
TXN-20240123-0003496,WALL-0068889,MERCH-00191,PM-03,DEV-01,2024-01-23 08:50:58,10.79,0.0863,0.0,1,Success,Purchase,Pokhara,NPR,False
TXN-20240123-0003497,WALL-0021240,MERCH-00170,PM-01,DEV-02,2024-01-23 20:26:33,223.17,0.0,11.1585,22,Success,Purchase,Islamabad,PKR,False
TXN-20240123-0003498,WALL-0102484,MERCH-00332,PM-03,DEV-01,2024-01-23 15:39:31,109.91,0.8793,0.0,10,Success,Bill Payment,Yangon,MMK,False
TXN-20240123-0003499,WALL-0017673,MERCH-00273,PM-04,DEV-01,2024-01-23 01:25:49,153.48,3.0695,0.0,0,Failed,Purchase,Penang,MYR,False
TXN-20240123-0003500,WALL-0123148,MERCH-00042,PM-02,DEV-04,2024-01-23 18:25:42,12.83,0.0257,0.2567,1,Success,Purchase,Hanoi,VND,False
TXN-20240123-0003501,WALL-0006955,MERCH-00345,PM-01,DEV-03,2024-01-23 00:39:20,37.51,0.0,0.0,3,Success,Bill Payment,Pathein,MMK,False
TXN-20240123-0003502,WALL-0134484,MERCH-00069,PM-04,DEV-02,2024-01-23 13:59:25,16.01,0.3202,0.3202,1,Success,Purchase,Hyderabad,INR,False
TXN-20240123-0003503,WALL-0142561,MERCH-00116,PM-01,DEV-01,2024-01-23 04:56:26,37.27,0.0,0.0,3,Success,Purchase,Bago,MMK,False
TXN-20240123-0003504,WALL-0145909,MERCH-00371,PM-01,DEV-02,2024-01-23 21:55:38,49.08,0.0,0.0,4,Success,Purchase,Phuket,THB,False
TXN-20240123-0003505,WALL-0138865,MERCH-00067,PM-01,DEV-01,2024-01-23 08:03:51,12.9,0.0,0.2581,1,Success,Purchase,Pathein,MMK,False
TXN-20240123-0003506,WALL-0001012,MERCH-00206,PM-02,DEV-01,2024-01-23 21:20:34,12.09,0.0242,0.0,1,Success,Purchase,Mawlamyine,MMK,False
TXN-20240123-0003507,WALL-0026468,MERCH-00458,PM-02,DEV-01,2024-01-23 14:20:02,318.12,0.6362,0.0,31,Success,Payment,Lahore,PKR,False
TXN-20240123-0003508,WALL-0086380,MERCH-00057,PM-02,DEV-01,2024-01-23 17:08:52,5.33,0.0107,0.1067,0,Success,Purchase,Yangon,MMK,False
TXN-20240123-0003509,WALL-0053169,MERCH-00008,PM-03,DEV-01,2024-01-23 18:59:13,64.14,0.5131,0.0,0,Pending,Purchase,Chiang Mai,THB,False
TXN-20240123-0003510,WALL-0104710,MERCH-00231,PM-04,DEV-01,2024-01-23 13:24:48,10.21,0.2042,0.0,1,Success,Subscription,Pathein,MMK,False
TXN-20240123-0003511,WALL-0140910,MERCH-00438,PM-04,DEV-05,2024-01-23 07:01:05,1884.76,37.6952,0.0,188,Success,Tax Payment,Myitkyina,MMK,False
TXN-20240123-0003512,WALL-0070487,MERCH-00286,PM-01,DEV-01,2024-01-23 12:41:11,363.3,0.0,29.0639,72,Success,Purchase,Taunggyi,MMK,False
TXN-20240123-0003513,WALL-0079546,MERCH-00460,PM-04,DEV-02,2024-01-23 12:14:36,460.79,9.2159,0.0,46,Success,Payment,Delhi,INR,False
TXN-20240123-0003514,WALL-0122364,MERCH-00080,PM-03,DEV-03,2024-01-23 19:35:44,9.95,0.0796,0.199,0,Success,Purchase,Pune,INR,False
TXN-20240123-0003515,WALL-0097857,MERCH-00345,PM-01,DEV-04,2024-01-23 19:40:42,28.34,0.0,0.0,2,Success,Bill Payment,Bandung,IDR,False
TXN-20240123-0003516,WALL-0114957,MERCH-00296,PM-04,DEV-01,2024-01-23 06:24:06,328.34,6.5668,26.2672,65,Success,Purchase,Bago,MMK,False
TXN-20240123-0003517,WALL-0083671,MERCH-00423,PM-01,DEV-03,2024-01-23 18:47:58,101.91,0.0,0.0,10,Success,Payment,Yangon,MMK,False
TXN-20240123-0003518,WALL-0099430,MERCH-00283,PM-05,DEV-01,2024-01-23 18:29:51,151.51,0.0,12.1209,30,Success,Purchase,Phnom Penh,KHR,False
TXN-20240123-0003519,WALL-0073172,MERCH-00402,PM-04,DEV-03,2024-01-23 10:33:42,28.77,0.5754,0.0,2,Success,Payment,Hanoi,VND,False
TXN-20240123-0003520,WALL-0030991,MERCH-00023,PM-03,DEV-02,2024-01-23 21:18:43,34.28,0.2742,0.6856,3,Success,Purchase,Naypyidaw,MMK,False
TXN-20240123-0003521,WALL-0041430,MERCH-00437,PM-04,DEV-01,2024-01-23 21:50:27,337.76,6.7551,0.0,0,Failed,Tax Payment,Delhi,INR,False
TXN-20240123-0003522,WALL-0099086,MERCH-00083,PM-01,DEV-05,2024-01-23 15:47:00,37.71,0.0,0.0,3,Success,Purchase,Mawlamyine,MMK,False
TXN-20240123-0003523,WALL-0007410,MERCH-00404,PM-02,DEV-05,2024-01-23 18:24:13,53.61,0.1072,0.0,5,Success,Payment,Karachi,PKR,False
TXN-20240123-0003524,WALL-0085402,MERCH-00348,PM-03,DEV-03,2024-01-23 15:11:47,165.0,1.32,0.0,16,Success,Bill Payment,Ho Chi Minh City,VND,False
TXN-20240123-0003525,WALL-0003387,MERCH-00197,PM-01,DEV-01,2024-01-23 18:31:37,20.92,0.0,0.0,2,Success,Purchase,Naypyidaw,MMK,False
TXN-20240123-0003526,WALL-0080878,MERCH-00217,PM-01,DEV-03,2024-01-23 01:17:56,24.83,0.0,0.0,2,Success,Purchase,Mawlamyine,MMK,False
TXN-20240123-0003527,WALL-0105438,MERCH-00374,PM-02,DEV-03,2024-01-23 11:52:32,72.61,0.1452,0.0,7,Success,Purchase,Bali,IDR,False
TXN-20240123-0003528,WALL-0076578,MERCH-00098,PM-01,DEV-02,2024-01-23 06:22:51,14.65,0.0,0.0,1,Success,Purchase,Phuket,THB,False
TXN-20240123-0003529,WALL-0008532,MERCH-00182,PM-05,DEV-02,2024-01-23 09:04:37,264.33,0.0,13.2164,26,Success,Purchase,Taunggyi,MMK,False
TXN-20240123-0003530,WALL-0146380,MERCH-00194,PM-04,DEV-04,2024-01-23 13:38:58,5.0,0.1,0.0,0,Success,Purchase,Kandy,LKR,False
TXN-20240123-0003531,WALL-0063431,MERCH-00015,PM-02,DEV-03,2024-01-23 11:10:02,40.25,0.0805,0.8049,4,Success,Purchase,Chiang Mai,THB,False
TXN-20240123-0003532,WALL-0006122,MERCH-00037,PM-02,DEV-01,2024-01-23 16:57:03,18.18,0.0364,0.3637,1,Success,Purchase,Chennai,INR,False
TXN-20240123-0003533,WALL-0117605,MERCH-00448,PM-04,DEV-01,2024-01-23 18:01:36,251.15,5.023,0.0,25,Success,Tax Payment,Medan,LKR,False
TXN-20240123-0003534,WALL-0090348,MERCH-00018,PM-02,DEV-02,2024-01-23 19:36:06,5.0,0.01,0.1,0,Success,Purchase,Medan,IDR,False
TXN-20240123-0003535,WALL-0032460,MERCH-00332,PM-02,DEV-03,2024-01-23 14:57:55,67.75,0.1355,0.0,6,Success,Bill Payment,Kolkata,MMK,False
TXN-20240123-0003536,WALL-0143660,MERCH-00384,PM-04,DEV-02,2024-01-23 16:11:12,77.82,1.5563,0.0,7,Success,Purchase,Mawlamyine,INR,False
TXN-20240123-0003537,WALL-0116235,MERCH-00500,PM-02,DEV-01,2024-01-23 18:03:45,222.64,0.4453,0.0,22,Success,Payment,Hanoi,VND,False
TXN-20240123-0003538,WALL-0107969,MERCH-00216,PM-02,DEV-03,2024-01-23 20:57:45,8.95,0.0179,0.0,0,Success,Purchase,Yangon,MMK,False
TXN-20240123-0003539,WALL-0081070,MERCH-00218,PM-01,DEV-01,2024-01-23 21:05:58,5.0,0.0,0.0,0,Success,Purchase,Pathein,MMK,False
TXN-20240123-0003540,WALL-0078787,MERCH-00341,PM-03,DEV-01,2024-01-23 21:31:58,10.32,0.0825,0.0,1,Success,Bill Payment,Kuala Lumpur,MYR,False
TXN-20240123-0003541,WALL-0029591,MERCH-00440,PM-02,DEV-02,2024-01-23 12:36:00,219.36,0.4387,0.0,21,Success,Tax Payment,Bangkok,THB,False
TXN-20240123-0003542,WALL-0102435,MERCH-00232,PM-01,DEV-01,2024-01-23 14:01:15,15.83,0.0,0.0,1,Success,Subscription,Kuala Lumpur,MYR,False
TXN-20240123-0003543,WALL-0061983,MERCH-00347,PM-04,DEV-01,2024-01-23 13:27:23,45.85,0.917,0.0,4,Success,Bill Payment,Da Nang,VND,False
TXN-20240123-0003544,WALL-0006151,MERCH-00390,PM-03,DEV-01,2024-01-23 17:13:55,34.33,0.2747,0.0,3,Success,Purchase,Kolkata,INR,False
TXN-20240123-0003545,WALL-0036853,MERCH-00425,PM-03,DEV-02,2024-01-23 13:30:17,174.96,1.3996,0.0,17,Success,Payment,Bangalore,INR,False
TXN-20240123-0003546,WALL-0097250,MERCH-00221,PM-02,DEV-01,2024-01-23 16:05:36,6.75,0.0135,0.0,0,Success,Purchase,Delhi,INR,False
TXN-20240123-0003547,WALL-0043261,MERCH-00481,PM-01,DEV-01,2024-01-23 09:17:51,1479.13,0.0,0.0,0,Failed,Payment,Myitkyina,NPR,False
TXN-20240123-0003548,WALL-0014034,MERCH-00208,PM-02,DEV-02,2024-01-23 09:40:39,51.42,0.1028,0.0,5,Success,Purchase,Yangon,MMK,False
TXN-20240123-0003549,WALL-0000699,MERCH-00130,PM-03,DEV-01,2024-01-23 09:54:01,103.0,0.824,0.0,10,Success,Purchase,Ho Chi Minh City,VND,False
TXN-20240123-0003550,WALL-0036898,MERCH-00377,PM-02,DEV-01,2024-01-23 16:23:37,35.8,0.0716,0.0,3,Success,Purchase,Pune,MMK,False
TXN-20240123-0003551,WALL-0000249,MERCH-00323,PM-02,DEV-03,2024-01-23 04:30:01,127.77,0.2555,0.0,12,Success,Bill Payment,Bandung,IDR,False
TXN-20240123-0003552,WALL-0109768,MERCH-00146,PM-01,DEV-02,2024-01-23 22:07:39,315.83,0.0,15.7917,31,Success,Purchase,Davao,PHP,False
TXN-20240123-0003553,WALL-0008220,MERCH-00297,PM-03,DEV-01,2024-01-23 18:59:43,594.22,4.7538,0.0,0,Reversed,Purchase,Kuala Lumpur,MYR,False
TXN-20240123-0003554,WALL-0141600,MERCH-00105,PM-03,DEV-01,2024-01-23 17:51:33,12.46,0.0996,0.0,1,Success,Purchase,Myitkyina,MMK,False
TXN-20240123-0003555,WALL-0120544,MERCH-00336,PM-01,DEV-01,2024-01-23 05:06:31,70.03,0.0,0.0,7,Success,Bill Payment,Taunggyi,MMK,False
TXN-20240123-0003556,WALL-0040742,MERCH-00102,PM-03,DEV-03,2024-01-23 16:55:17,125.92,1.0073,0.0,12,Success,Purchase,Davao,PHP,False
TXN-20240123-0003557,WALL-0001130,MERCH-00312,PM-02,DEV-02,2024-01-23 16:46:43,160.27,0.3205,0.0,16,Success,Bill Payment,Da Nang,VND,False
TXN-20240123-0003558,WALL-0131114,MERCH-00260,PM-05,DEV-02,2024-01-23 11:44:09,27.56,0.0,0.0,2,Success,Subscription,Quezon City,PHP,False
TXN-20240123-0003559,WALL-0067475,MERCH-00089,PM-01,DEV-05,2024-01-23 20:08:16,54.65,0.0,0.0,5,Success,Purchase,Manila,PHP,False
TXN-20240123-0003560,WALL-0106447,MERCH-00369,PM-01,DEV-01,2024-01-23 15:54:22,19.88,0.0,0.0,1,Success,Bill Payment,Chittagong,BDT,False
TXN-20240123-0003561,WALL-0107002,MERCH-00147,PM-02,DEV-01,2024-01-23 14:22:12,160.87,0.3217,8.0435,16,Success,Purchase,Taunggyi,MMK,False
TXN-20240123-0003562,WALL-0066925,MERCH-00454,PM-01,DEV-05,2024-01-23 12:11:27,332.13,0.0,0.0,33,Success,Payment,Mawlamyine,MMK,False
TXN-20240123-0003563,WALL-0115698,MERCH-00333,PM-04,DEV-01,2024-01-23 19:04:14,24.09,0.4817,0.0,2,Success,Bill Payment,Phnom Penh,KHR,False
TXN-20240123-0003564,WALL-0097315,MERCH-00340,PM-02,DEV-05,2024-01-23 09:04:02,97.66,0.1953,0.0,9,Success,Bill Payment,Singapore,MMK,False
TXN-20240123-0003565,WALL-0049683,MERCH-00400,PM-02,DEV-01,2024-01-23 06:21:44,58.67,0.1173,0.0,5,Success,Purchase,Surabaya,IDR,False
TXN-20240123-0003566,WALL-0101927,MERCH-00119,PM-02,DEV-02,2024-01-23 06:35:53,71.34,0.1427,0.0,7,Success,Purchase,Colombo,BDT,False
TXN-20240123-0003567,WALL-0097224,MERCH-00066,PM-02,DEV-01,2024-01-23 01:27:23,5.0,0.01,0.1,0,Success,Purchase,Pokhara,NPR,False
TXN-20240123-0003568,WALL-0132565,MERCH-00148,PM-01,DEV-01,2024-01-23 14:14:15,80.51,0.0,4.0253,8,Success,Purchase,Mandalay,MMK,False
TXN-20240123-0003569,WALL-0008432,MERCH-00308,PM-03,DEV-02,2024-01-23 07:51:44,540.06,4.3205,0.0,0,Failed,Purchase,Kolkata,INR,False
TXN-20240123-0003570,WALL-0106375,MERCH-00116,PM-03,DEV-01,2024-01-23 17:55:58,84.83,0.6786,0.0,8,Success,Purchase,Pathein,MMK,False
TXN-20240123-0003571,WALL-0025872,MERCH-00409,PM-01,DEV-01,2024-01-23 03:51:51,259.29,0.0,0.0,25,Success,Payment,Pathein,MMK,False
TXN-20240123-0003572,WALL-0042391,MERCH-00446,PM-02,DEV-01,2024-01-23 16:59:16,130.82,0.2616,0.0,13,Success,Tax Payment,Dhaka,BDT,False
TXN-20240123-0003573,WALL-0006621,MERCH-00066,PM-01,DEV-02,2024-01-23 18:08:16,30.94,0.0,0.6187,3,Success,Purchase,Bali,MMK,False
TXN-20240123-0003574,WALL-0066977,MERCH-00185,PM-04,DEV-01,2024-01-23 08:25:06,45.84,0.9167,0.0,0,Pending,Purchase,Karachi,PKR,False
TXN-20240123-0003575,WALL-0054474,MERCH-00047,PM-01,DEV-01,2024-01-23 21:16:56,18.94,0.0,0.3788,1,Success,Purchase,Bandung,MMK,False
TXN-20240123-0003576,WALL-0058691,MERCH-00032,PM-01,DEV-01,2024-01-23 02:48:04,10.59,0.0,0.2117,1,Success,Purchase,Kolkata,INR,False
TXN-20240123-0003577,WALL-0024572,MERCH-00241,PM-01,DEV-03,2024-01-23 10:26:03,14.23,0.0,0.0,1,Success,Subscription,Pathein,MMK,False
TXN-20240123-0003578,WALL-0147369,MERCH-00380,PM-01,DEV-04,2024-01-23 16:31:11,61.07,0.0,0.0,6,Success,Purchase,Myitkyina,MMK,False
TXN-20240123-0003579,WALL-0053776,MERCH-00346,PM-03,DEV-01,2024-01-23 15:07:04,65.62,0.525,0.0,6,Success,Bill Payment,Islamabad,PKR,False
TXN-20240123-0003580,WALL-0029140,MERCH-00218,PM-01,DEV-01,2024-01-23 16:05:39,7.96,0.0,0.0,0,Success,Purchase,Ahmedabad,INR,False
TXN-20240123-0003581,WALL-0045561,MERCH-00002,PM-05,DEV-01,2024-01-23 08:12:26,18.19,0.0,0.3637,1,Success,Purchase,Taunggyi,MMK,False
TXN-20240123-0003582,WALL-0006440,MERCH-00208,PM-02,DEV-05,2024-01-23 15:14:59,14.94,0.0299,0.0,1,Success,Purchase,Pokhara,NPR,False
TXN-20240123-0003583,WALL-0134034,MERCH-00070,PM-02,DEV-01,2024-01-23 04:01:01,5.46,0.0109,0.1092,0,Success,Purchase,Medan,IDR,False
TXN-20240123-0003584,WALL-0102905,MERCH-00296,PM-02,DEV-04,2024-01-23 08:26:15,709.13,1.4183,0.0,0,Failed,Purchase,Da Nang,VND,False
TXN-20240123-0003585,WALL-0085500,MERCH-00014,PM-02,DEV-01,2024-01-23 21:52:24,20.94,0.0419,0.4187,2,Success,Purchase,Taunggyi,MMK,False
TXN-20240123-0003586,WALL-0065252,MERCH-00087,PM-02,DEV-02,2024-01-23 07:42:15,67.65,0.1353,0.0,6,Success,Purchase,Ahmedabad,THB,False
TXN-20240123-0003587,WALL-0098597,MERCH-00061,PM-04,DEV-02,2024-01-23 13:06:45,21.75,0.4349,0.4349,2,Success,Purchase,Yangon,MMK,False
TXN-20240123-0003588,WALL-0053472,MERCH-00062,PM-03,DEV-01,2024-01-23 13:38:35,5.74,0.0459,0.1148,0,Success,Purchase,Singapore,SGD,False
TXN-20240123-0003589,WALL-0006703,MERCH-00082,PM-01,DEV-01,2024-01-23 18:55:04,60.81,0.0,0.0,6,Success,Purchase,Siem Reap,THB,False
TXN-20240123-0003590,WALL-0018707,MERCH-00096,PM-01,DEV-01,2024-01-23 12:03:44,29.29,0.0,0.0,2,Success,Purchase,Lahore,PKR,False
TXN-20240123-0003591,WALL-0109873,MERCH-00020,PM-02,DEV-03,2024-01-23 15:41:34,20.58,0.0412,0.4116,2,Success,Purchase,Dhaka,BDT,False
TXN-20240123-0003592,WALL-0091224,MERCH-00057,PM-01,DEV-02,2024-01-23 19:46:01,5.05,0.0,0.1011,0,Success,Purchase,Manila,PHP,False
TXN-20240123-0003593,WALL-0057827,MERCH-00133,PM-02,DEV-01,2024-01-23 16:46:56,59.68,0.1194,2.9838,5,Success,Purchase,Lahore,PKR,False
TXN-20240123-0003594,WALL-0056485,MERCH-00416,PM-01,DEV-01,2024-01-23 08:22:59,88.78,0.0,0.0,8,Success,Payment,Dhaka,BDT,False
TXN-20240123-0003595,WALL-0074568,MERCH-00194,PM-02,DEV-03,2024-01-23 00:01:17,5.0,0.01,0.0,0,Success,Purchase,Bago,MMK,False
TXN-20240123-0003596,WALL-0053429,MERCH-00407,PM-01,DEV-01,2024-01-23 20:32:52,20.25,0.0,0.0,2,Success,Payment,Karachi,INR,False
TXN-20240123-0003597,WALL-0082113,MERCH-00211,PM-01,DEV-03,2024-01-23 02:52:33,13.2,0.0,0.0,1,Success,Purchase,Bago,MMK,False
TXN-20240123-0003598,WALL-0052068,MERCH-00226,PM-01,DEV-01,2024-01-23 18:21:40,16.04,0.0,0.0,1,Success,Purchase,Manila,PHP,False
TXN-20240123-0003599,WALL-0035901,MERCH-00433,PM-01,DEV-01,2024-01-23 20:48:35,428.32,0.0,0.0,42,Success,Tax Payment,Bandung,PHP,False
TXN-20240123-0003600,WALL-0129178,MERCH-00239,PM-03,DEV-01,2024-01-23 08:57:08,23.53,0.1882,0.0,2,Success,Subscription,Davao,PHP,False
TXN-20240123-0003601,WALL-0073481,MERCH-00220,PM-01,DEV-05,2024-01-23 01:01:23,8.2,0.0,0.0,0,Success,Purchase,Pokhara,MMK,False
TXN-20240123-0003602,WALL-0059190,MERCH-00020,PM-04,DEV-01,2024-01-23 12:45:44,5.0,0.1,0.1,0,Success,Purchase,Myitkyina,MMK,False
TXN-20240123-0003603,WALL-0028117,MERCH-00094,PM-04,DEV-02,2024-01-23 21:37:25,31.9,0.638,0.0,3,Success,Purchase,Kolkata,INR,False
TXN-20240123-0003604,WALL-0141259,MERCH-00423,PM-01,DEV-01,2024-01-23 04:12:28,41.32,0.0,0.0,0,Pending,Payment,Pokhara,NPR,False
TXN-20240123-0003605,WALL-0004364,MERCH-00068,PM-01,DEV-01,2024-01-23 12:05:30,58.54,0.0,1.1707,5,Success,Purchase,Singapore,SGD,False
TXN-20240123-0003606,WALL-0060053,MERCH-00097,PM-01,DEV-01,2024-01-23 10:25:35,127.63,0.0,0.0,0,Failed,Purchase,Pokhara,NPR,False
TXN-20240123-0003607,WALL-0143250,MERCH-00213,PM-01,DEV-01,2024-01-23 15:46:23,19.46,0.0,0.0,1,Success,Purchase,Cebu City,PHP,False
TXN-20240123-0003608,WALL-0126509,MERCH-00034,PM-01,DEV-01,2024-01-23 20:18:56,23.56,0.0,0.4713,2,Success,Purchase,Islamabad,PKR,False
TXN-20240123-0003609,WALL-0016854,MERCH-00229,PM-01,DEV-05,2024-01-23 06:31:58,7.06,0.0,0.0,0,Success,Purchase,Yangon,MMK,False
TXN-20240123-0003610,WALL-0029561,MERCH-00403,PM-02,DEV-05,2024-01-23 06:01:06,126.17,0.2523,0.0,12,Success,Payment,Pathein,MMK,False
TXN-20240123-0003611,WALL-0110794,MERCH-00050,PM-02,DEV-01,2024-01-23 06:27:24,30.18,0.0604,0.6035,3,Success,Purchase,Bangalore,INR,False
TXN-20240123-0003612,WALL-0044065,MERCH-00442,PM-03,DEV-01,2024-01-23 09:18:28,112.85,0.9028,0.0,11,Success,Tax Payment,Kandy,LKR,False
TXN-20240123-0003613,WALL-0125038,MERCH-00094,PM-01,DEV-01,2024-01-23 13:25:32,98.93,0.0,0.0,9,Success,Purchase,Dhaka,BDT,False
TXN-20240123-0003614,WALL-0121403,MERCH-00382,PM-01,DEV-01,2024-01-23 15:07:56,61.53,0.0,0.0,6,Success,Purchase,Yangon,MMK,False
TXN-20240123-0003615,WALL-0023890,MERCH-00143,PM-03,DEV-04,2024-01-23 13:17:27,110.71,0.8857,5.5356,11,Success,Purchase,Kathmandu,NPR,False
TXN-20240123-0003616,WALL-0059906,MERCH-00395,PM-01,DEV-01,2024-01-23 21:49:15,55.71,0.0,0.0,5,Success,Purchase,Mandalay,MMK,False
TXN-20240123-0003617,WALL-0130012,MERCH-00480,PM-01,DEV-03,2024-01-23 11:59:01,322.92,0.0,0.0,32,Success,Payment,Surabaya,IDR,False
TXN-20240123-0003618,WALL-0065849,MERCH-00421,PM-01,DEV-03,2024-01-23 19:19:49,107.6,0.0,0.0,10,Success,Payment,Mumbai,INR,False
TXN-20240123-0003619,WALL-0114784,MERCH-00380,PM-04,DEV-01,2024-01-23 11:22:41,26.37,0.5273,0.0,2,Success,Purchase,Taunggyi,MMK,False
TXN-20240123-0003620,WALL-0041123,MERCH-00344,PM-03,DEV-01,2024-01-23 10:30:21,26.01,0.2081,0.0,2,Success,Bill Payment,Mandalay,MMK,False
TXN-20240123-0003621,WALL-0049804,MERCH-00320,PM-01,DEV-01,2024-01-23 12:57:45,130.32,0.0,0.0,13,Success,Bill Payment,Kandy,LKR,False
TXN-20240123-0003622,WALL-0039485,MERCH-00466,PM-01,DEV-01,2024-01-23 01:58:20,470.87,0.0,0.0,47,Success,Payment,Mandalay,MMK,False
TXN-20240123-0003623,WALL-0109056,MERCH-00022,PM-01,DEV-01,2024-01-23 20:52:31,11.89,0.0,0.2379,1,Success,Purchase,Naypyidaw,MMK,False
TXN-20240123-0003624,WALL-0040273,MERCH-00439,PM-02,DEV-01,2024-01-23 03:37:24,244.89,0.4898,0.0,24,Success,Tax Payment,Mumbai,INR,False
TXN-20240123-0003625,WALL-0144875,MERCH-00225,PM-04,DEV-01,2024-01-23 12:43:12,15.07,0.3015,0.0,1,Success,Purchase,Pathein,MMK,False
TXN-20240123-0003626,WALL-0008350,MERCH-00004,PM-03,DEV-05,2024-01-23 18:56:47,8.39,0.0671,0.1677,0,Success,Purchase,Ho Chi Minh City,VND,False
TXN-20240123-0003627,WALL-0138887,MERCH-00064,PM-01,DEV-01,2024-01-23 13:52:20,26.21,0.0,0.5242,2,Success,Purchase,Manila,PHP,False
TXN-20240123-0003628,WALL-0105751,MERCH-00148,PM-03,DEV-03,2024-01-23 20:53:37,328.58,2.6287,16.4291,32,Success,Purchase,Chennai,INR,False
TXN-20240123-0003629,WALL-0087978,MERCH-00028,PM-03,DEV-01,2024-01-23 16:00:06,26.04,0.2083,0.5207,2,Success,Purchase,Da Nang,VND,False
TXN-20240123-0003630,WALL-0019594,MERCH-00155,PM-03,DEV-02,2024-01-23 23:13:20,90.62,0.7249,4.5308,9,Success,Purchase,Mandalay,MMK,False
TXN-20240123-0003631,WALL-0004460,MERCH-00377,PM-01,DEV-01,2024-01-23 01:44:36,73.92,0.0,0.0,7,Success,Purchase,Bali,IDR,False
TXN-20240123-0003632,WALL-0116516,MERCH-00361,PM-02,DEV-01,2024-01-23 18:43:26,35.21,0.0704,0.0,3,Success,Bill Payment,Mawlamyine,MMK,False
TXN-20240123-0003633,WALL-0071011,MERCH-00056,PM-01,DEV-01,2024-01-23 20:08:15,12.17,0.0,0.2434,1,Success,Purchase,Kathmandu,NPR,False
TXN-20240123-0003634,WALL-0026535,MERCH-00392,PM-05,DEV-02,2024-01-23 11:21:50,105.39,0.0,0.0,10,Success,Purchase,Mawlamyine,MMK,False
TXN-20240123-0003635,WALL-0121071,MERCH-00312,PM-01,DEV-01,2024-01-23 14:46:59,80.24,0.0,0.0,8,Success,Bill Payment,Bago,MMK,False
TXN-20240123-0003636,WALL-0024264,MERCH-00135,PM-04,DEV-01,2024-01-23 16:25:53,77.87,1.5574,3.8936,7,Success,Purchase,Pathein,MMK,False
TXN-20240123-0003637,WALL-0106311,MERCH-00015,PM-01,DEV-01,2024-01-23 20:24:09,48.52,0.0,0.9704,4,Success,Purchase,Taunggyi,MMK,False
TXN-20240123-0003638,WALL-0092321,MERCH-00006,PM-01,DEV-01,2024-01-23 19:19:57,37.53,0.0,0.7505,3,Success,Purchase,Medan,IDR,False
TXN-20240123-0003639,WALL-0094655,MERCH-00118,PM-03,DEV-01,2024-01-23 20:40:58,167.4,1.3392,0.0,16,Success,Purchase,Hanoi,VND,False
TXN-20240123-0003640,WALL-0066748,MERCH-00249,PM-02,DEV-02,2024-01-23 08:55:26,17.67,0.0353,0.0,1,Success,Subscription,Medan,IDR,False
TXN-20240123-0003641,WALL-0064919,MERCH-00344,PM-03,DEV-01,2024-01-23 21:52:48,22.59,0.1807,0.0,2,Success,Bill Payment,Bali,IDR,False
TXN-20240123-0003642,WALL-0053779,MERCH-00053,PM-04,DEV-01,2024-01-23 17:07:26,25.6,0.512,0.512,2,Success,Purchase,Penang,MYR,False
TXN-20240123-0003643,WALL-0050999,MERCH-00038,PM-03,DEV-03,2024-01-23 16:11:36,50.98,0.4078,1.0196,5,Success,Purchase,Mawlamyine,MMK,False
TXN-20240123-0003644,WALL-0091138,MERCH-00239,PM-01,DEV-03,2024-01-23 15:27:38,31.53,0.0,0.0,3,Success,Subscription,Pathein,MMK,False
TXN-20240123-0003645,WALL-0109723,MERCH-00171,PM-01,DEV-04,2024-01-23 12:54:14,22.78,0.0,1.139,2,Success,Purchase,Pattaya,THB,False
TXN-20240123-0003646,WALL-0137663,MERCH-00083,PM-01,DEV-02,2024-01-23 23:26:53,35.37,0.0,0.0,3,Success,Purchase,Johor Bahru,MYR,False
TXN-20240123-0003647,WALL-0072870,MERCH-00044,PM-01,DEV-02,2024-01-23 08:24:31,33.88,0.0,0.0,0,Reversed,Purchase,Bangalore,INR,False
TXN-20240123-0003648,WALL-0070970,MERCH-00107,PM-02,DEV-01,2024-01-23 04:46:00,46.69,0.0934,0.0,4,Success,Purchase,Naypyidaw,MMK,False
TXN-20240123-0003649,WALL-0095930,MERCH-00287,PM-02,DEV-01,2024-01-23 09:37:03,844.6,1.6892,67.568,168,Success,Purchase,Bangalore,INR,False
TXN-20240123-0003650,WALL-0137016,MERCH-00166,PM-01,DEV-02,2024-01-23 23:33:09,635.41,0.0,31.7703,63,Success,Purchase,Yangon,MMK,False
TXN-20240123-0003651,WALL-0009657,MERCH-00017,PM-03,DEV-05,2024-01-23 10:21:25,5.0,0.04,0.1,0,Success,Purchase,Taunggyi,MMK,False
TXN-20240123-0003652,WALL-0022600,MERCH-00052,PM-01,DEV-04,2024-01-23 20:29:48,27.73,0.0,0.5546,2,Success,Purchase,Pathein,MMK,False
TXN-20240123-0003653,WALL-0042830,MERCH-00049,PM-02,DEV-01,2024-01-23 16:11:15,12.52,0.025,0.2504,1,Success,Purchase,Yangon,MMK,False
TXN-20240123-0003654,WALL-0014735,MERCH-00161,PM-05,DEV-01,2024-01-23 16:45:33,109.8,0.0,5.4902,10,Success,Purchase,Singapore,SGD,False
TXN-20240123-0003655,WALL-0100464,MERCH-00190,PM-04,DEV-01,2024-01-23 19:45:48,235.14,4.7029,11.7572,23,Success,Purchase,Bago,MMK,False
TXN-20240123-0003656,WALL-0119480,MERCH-00105,PM-01,DEV-02,2024-01-23 18:17:53,52.05,0.0,0.0,5,Success,Purchase,Manila,PHP,False
TXN-20240123-0003657,WALL-0140025,MERCH-00094,PM-02,DEV-01,2024-01-23 17:52:24,35.49,0.071,0.0,3,Success,Purchase,Colombo,INR,False
TXN-20240123-0003658,WALL-0060235,MERCH-00167,PM-02,DEV-05,2024-01-23 19:07:30,92.55,0.1851,4.6273,9,Success,Purchase,Hyderabad,LKR,False
TXN-20240123-0003659,WALL-0048484,MERCH-00353,PM-02,DEV-05,2024-01-23 01:00:01,25.79,0.0516,0.0,2,Success,Bill Payment,Medan,INR,False
TXN-20240123-0003660,WALL-0053491,MERCH-00241,PM-02,DEV-01,2024-01-23 16:23:53,13.74,0.0275,0.0,1,Success,Subscription,Pune,INR,False
TXN-20240123-0003661,WALL-0018142,MERCH-00233,PM-01,DEV-01,2024-01-23 20:33:57,7.18,0.0,0.0,0,Success,Subscription,Mawlamyine,MMK,False
TXN-20240123-0003662,WALL-0007690,MERCH-00070,PM-01,DEV-01,2024-01-23 12:55:13,10.02,0.0,0.0,0,Reversed,Purchase,Khon Kaen,THB,False
TXN-20240123-0003663,WALL-0075427,MERCH-00233,PM-01,DEV-01,2024-01-23 19:08:05,14.03,0.0,0.0,1,Success,Subscription,Quezon City,PHP,False
TXN-20240123-0003664,WALL-0005807,MERCH-00219,PM-02,DEV-02,2024-01-23 14:33:23,8.13,0.0163,0.0,0,Success,Purchase,Singapore,MMK,False
TXN-20240123-0003665,WALL-0012629,MERCH-00102,PM-01,DEV-01,2024-01-23 08:10:15,50.85,0.0,0.0,5,Success,Purchase,Taunggyi,MMK,False
TXN-20240123-0003666,WALL-0118178,MERCH-00272,PM-03,DEV-05,2024-01-23 10:39:29,606.35,4.8508,48.5082,121,Success,Purchase,Manila,PHP,False
TXN-20240123-0003667,WALL-0114343,MERCH-00252,PM-01,DEV-01,2024-01-23 15:05:44,31.66,0.0,0.0,3,Success,Subscription,Mumbai,THB,False
TXN-20240123-0003668,WALL-0022489,MERCH-00398,PM-01,DEV-01,2024-01-23 21:18:40,68.56,0.0,0.0,6,Success,Purchase,Taunggyi,MMK,False
TXN-20240123-0003669,WALL-0076865,MERCH-00373,PM-01,DEV-01,2024-01-23 17:29:38,82.62,0.0,0.0,8,Success,Purchase,Bago,BDT,False
TXN-20240123-0003670,WALL-0018512,MERCH-00347,PM-01,DEV-01,2024-01-23 15:57:11,24.89,0.0,0.0,2,Success,Bill Payment,Kathmandu,THB,False
TXN-20240123-0003671,WALL-0042848,MERCH-00219,PM-01,DEV-03,2024-01-23 06:08:43,25.15,0.0,0.0,2,Success,Purchase,Yangon,MMK,False
TXN-20240123-0003672,WALL-0000407,MERCH-00183,PM-01,DEV-01,2024-01-23 16:35:14,52.14,0.0,2.607,5,Success,Purchase,Bago,MMK,False
TXN-20240123-0003673,WALL-0105254,MERCH-00364,PM-04,DEV-02,2024-01-23 09:17:41,99.89,1.9978,0.0,9,Success,Bill Payment,Bago,MMK,False
TXN-20240123-0003674,WALL-0097334,MERCH-00469,PM-01,DEV-01,2024-01-23 15:34:39,900.09,0.0,0.0,90,Success,Payment,Taunggyi,MMK,False
TXN-20240123-0003675,WALL-0016501,MERCH-00170,PM-01,DEV-01,2024-01-23 12:47:02,29.24,0.0,1.4618,2,Success,Purchase,Phuket,THB,False
TXN-20240123-0003676,WALL-0084677,MERCH-00119,PM-02,DEV-01,2024-01-23 15:24:25,28.71,0.0574,0.0,2,Success,Purchase,Kathmandu,NPR,False
TXN-20240123-0003677,WALL-0111993,MERCH-00189,PM-01,DEV-01,2024-01-23 07:33:55,172.5,0.0,8.6251,17,Success,Purchase,Yangon,MMK,False
TXN-20240123-0003678,WALL-0001725,MERCH-00309,PM-05,DEV-01,2024-01-23 19:15:25,286.3,0.0,22.9041,57,Success,Purchase,Mandalay,MMK,False
TXN-20240123-0003679,WALL-0115967,MERCH-00049,PM-02,DEV-02,2024-01-23 12:29:25,29.71,0.0594,0.5942,2,Success,Purchase,Pathein,MMK,False
TXN-20240123-0003680,WALL-0147005,MERCH-00265,PM-01,DEV-01,2024-01-23 06:38:33,17.44,0.0,0.0,1,Success,Subscription,Siem Reap,MMK,False
TXN-20240123-0003681,WALL-0077587,MERCH-00274,PM-02,DEV-01,2024-01-23 14:30:36,333.86,0.6677,26.7086,66,Success,Purchase,Myitkyina,MMK,False
TXN-20240123-0003682,WALL-0022242,MERCH-00438,PM-01,DEV-02,2024-01-23 12:21:44,149.06,0.0,0.0,14,Success,Tax Payment,Mandalay,MMK,False
TXN-20240123-0003683,WALL-0060960,MERCH-00082,PM-01,DEV-01,2024-01-23 16:48:46,41.77,0.0,0.0,4,Success,Purchase,Kuala Lumpur,MYR,False
TXN-20240123-0003684,WALL-0082734,MERCH-00317,PM-02,DEV-01,2024-01-23 15:45:19,121.75,0.2435,0.0,12,Success,Bill Payment,Mandalay,MMK,False
TXN-20240123-0003685,WALL-0018745,MERCH-00195,PM-01,DEV-01,2024-01-23 16:07:02,10.12,0.0,0.0,1,Success,Purchase,Naypyidaw,MMK,False
TXN-20240123-0003686,WALL-0086266,MERCH-00102,PM-01,DEV-01,2024-01-23 10:59:21,64.86,0.0,0.0,0,Pending,Purchase,Bago,MMK,False
TXN-20240123-0003687,WALL-0003764,MERCH-00267,PM-01,DEV-03,2024-01-23 13:54:12,11.44,0.0,0.0,1,Success,Subscription,Johor Bahru,MYR,False
TXN-20240123-0003688,WALL-0055675,MERCH-00120,PM-04,DEV-01,2024-01-23 20:48:33,60.2,1.2041,0.0,6,Success,Purchase,Bago,MMK,False
TXN-20240123-0003689,WALL-0083663,MERCH-00224,PM-02,DEV-02,2024-01-23 12:15:17,9.82,0.0196,0.0,0,Success,Purchase,Johor Bahru,MYR,False
TXN-20240123-0003690,WALL-0120433,MERCH-00006,PM-04,DEV-01,2024-01-23 20:58:25,56.4,1.1281,1.1281,5,Success,Purchase,Yangon,MMK,False
TXN-20240123-0003691,WALL-0075113,MERCH-00206,PM-01,DEV-01,2024-01-23 11:24:38,30.27,0.0,0.0,3,Success,Purchase,Kandy,PHP,False
TXN-20240123-0003692,WALL-0047795,MERCH-00023,PM-02,DEV-01,2024-01-23 19:52:54,23.81,0.0476,0.4763,2,Success,Purchase,Myitkyina,MMK,False
TXN-20240123-0003693,WALL-0029855,MERCH-00179,PM-05,DEV-01,2024-01-23 16:51:21,238.88,0.0,11.9439,23,Success,Purchase,Islamabad,PKR,False
TXN-20240123-0003694,WALL-0123122,MERCH-00072,PM-01,DEV-01,2024-01-23 18:51:03,19.26,0.0,0.3851,1,Success,Purchase,Naypyidaw,MMK,False
TXN-20240123-0003695,WALL-0038777,MERCH-00157,PM-01,DEV-03,2024-01-23 05:41:08,109.11,0.0,0.0,0,Pending,Purchase,Taunggyi,MMK,False
TXN-20240123-0003696,WALL-0111563,MERCH-00213,PM-04,DEV-01,2024-01-23 18:37:59,27.31,0.5463,0.0,2,Success,Purchase,Yangon,MMK,False
TXN-20240123-0003697,WALL-0082073,MERCH-00051,PM-02,DEV-02,2024-01-23 15:29:22,24.28,0.0486,0.4856,2,Success,Purchase,Chiang Mai,MMK,False
TXN-20240123-0003698,WALL-0065981,MERCH-00073,PM-01,DEV-01,2024-01-23 18:55:17,13.47,0.0,0.2694,1,Success,Purchase,Penang,MYR,False
TXN-20240123-0003699,WALL-0079639,MERCH-00325,PM-02,DEV-01,2024-01-23 17:01:46,81.18,0.1624,0.0,0,Reversed,Bill Payment,Mandalay,MMK,False
TXN-20240123-0003700,WALL-0083244,MERCH-00061,PM-02,DEV-01,2024-01-23 17:39:51,46.19,0.0924,0.9239,4,Success,Purchase,Chiang Mai,THB,False
TXN-20240123-0003701,WALL-0039514,MERCH-00255,PM-02,DEV-02,2024-01-23 17:45:40,19.54,0.0391,0.0,1,Success,Subscription,Manila,PHP,False
TXN-20240123-0003702,WALL-0099524,MERCH-00060,PM-01,DEV-01,2024-01-23 08:19:03,10.06,0.0,0.2012,1,Success,Purchase,Davao,PHP,False
TXN-20240123-0003703,WALL-0038636,MERCH-00019,PM-02,DEV-01,2024-01-23 18:34:47,24.49,0.049,0.4898,2,Success,Purchase,Ho Chi Minh City,VND,False
TXN-20240123-0003704,WALL-0060236,MERCH-00115,PM-05,DEV-01,2024-01-23 08:14:24,64.85,0.0,0.0,6,Success,Purchase,Bandung,IDR,False
TXN-20240123-0003705,WALL-0093969,MERCH-00344,PM-01,DEV-02,2024-01-23 10:05:31,34.53,0.0,0.0,3,Success,Bill Payment,Myitkyina,MMK,False
TXN-20240123-0003706,WALL-0044702,MERCH-00119,PM-01,DEV-02,2024-01-23 17:33:41,18.34,0.0,0.0,1,Success,Purchase,Chiang Mai,THB,False
TXN-20240123-0003707,WALL-0106848,MERCH-00378,PM-01,DEV-03,2024-01-23 16:05:21,82.92,0.0,0.0,8,Success,Purchase,Jaipur,INR,False
TXN-20240123-0003708,WALL-0119306,MERCH-00197,PM-01,DEV-01,2024-01-23 19:27:44,19.1,0.0,0.0,1,Success,Purchase,Ho Chi Minh City,MMK,False
TXN-20240123-0003709,WALL-0053266,MERCH-00083,PM-03,DEV-02,2024-01-23 14:57:53,32.48,0.2599,0.0,3,Success,Purchase,Kolkata,INR,False
TXN-20240123-0003710,WALL-0038256,MERCH-00133,PM-02,DEV-01,2024-01-23 12:12:18,191.7,0.3834,0.0,0,Pending,Purchase,Mawlamyine,MMK,False
TXN-20240123-0003711,WALL-0070583,MERCH-00308,PM-03,DEV-01,2024-01-23 18:49:34,1196.84,9.5748,95.7476,239,Success,Purchase,Medan,IDR,False
TXN-20240123-0003712,WALL-0014729,MERCH-00035,PM-02,DEV-01,2024-01-23 20:08:59,5.0,0.01,0.1,0,Success,Purchase,Bangkok,SGD,False
TXN-20240123-0003713,WALL-0037474,MERCH-00194,PM-01,DEV-01,2024-01-23 16:32:56,9.31,0.0,0.0,0,Success,Purchase,Pathein,MMK,False
TXN-20240123-0003714,WALL-0145611,MERCH-00036,PM-01,DEV-01,2024-01-23 18:58:27,12.16,0.0,0.2433,1,Success,Purchase,Yangon,MMK,False
TXN-20240123-0003715,WALL-0014095,MERCH-00003,PM-01,DEV-05,2024-01-23 16:19:37,15.04,0.0,0.3008,1,Success,Purchase,Cebu City,PHP,False
TXN-20240123-0003716,WALL-0111294,MERCH-00237,PM-01,DEV-01,2024-01-23 21:59:45,45.85,0.0,0.0,4,Success,Subscription,Islamabad,PKR,False
TXN-20240123-0003717,WALL-0107856,MERCH-00443,PM-01,DEV-05,2024-01-23 17:42:07,261.2,0.0,0.0,26,Success,Tax Payment,Bandung,MMK,False
TXN-20240123-0003718,WALL-0005584,MERCH-00394,PM-02,DEV-01,2024-01-23 11:20:30,82.97,0.1659,0.0,8,Success,Purchase,Myitkyina,MMK,False
TXN-20240123-0003719,WALL-0142045,MERCH-00360,PM-01,DEV-01,2024-01-23 11:42:17,54.14,0.0,0.0,5,Success,Bill Payment,Jaipur,BDT,False
TXN-20240123-0003720,WALL-0034568,MERCH-00335,PM-02,DEV-01,2024-01-23 13:19:54,68.58,0.1372,0.0,6,Success,Bill Payment,Mumbai,INR,False
TXN-20240123-0003721,WALL-0064330,MERCH-00054,PM-04,DEV-01,2024-01-23 13:18:22,39.65,0.793,0.793,3,Success,Purchase,Davao,PHP,False
TXN-20240123-0003722,WALL-0039813,MERCH-00363,PM-01,DEV-01,2024-01-23 18:19:24,25.17,0.0,0.0,2,Success,Bill Payment,Yangon,MMK,False
TXN-20240123-0003723,WALL-0118591,MERCH-00003,PM-05,DEV-01,2024-01-23 11:28:13,29.19,0.0,0.5837,2,Success,Purchase,Mandalay,MMK,False
TXN-20240123-0003724,WALL-0024335,MERCH-00248,PM-01,DEV-01,2024-01-23 02:36:51,25.76,0.0,0.0,2,Success,Subscription,Bangkok,THB,False
TXN-20240123-0003725,WALL-0100098,MERCH-00380,PM-01,DEV-01,2024-01-23 14:38:15,34.63,0.0,0.0,3,Success,Purchase,Ho Chi Minh City,VND,False
TXN-20240123-0003726,WALL-0028539,MERCH-00407,PM-01,DEV-01,2024-01-23 17:11:38,20.0,0.0,0.0,2,Success,Payment,Kathmandu,NPR,False
TXN-20240123-0003727,WALL-0111993,MERCH-00173,PM-01,DEV-01,2024-01-23 14:53:46,28.0,0.0,1.3998,2,Success,Purchase,Yangon,MMK,False
TXN-20240123-0003728,WALL-0034772,MERCH-00188,PM-04,DEV-01,2024-01-23 22:18:35,131.08,2.6215,6.5538,13,Success,Purchase,Naypyidaw,MMK,False
TXN-20240123-0003729,WALL-0121521,MERCH-00067,PM-03,DEV-05,2024-01-23 15:36:14,36.11,0.2889,0.7221,3,Success,Purchase,Karachi,PKR,False
TXN-20240123-0003730,WALL-0040941,MERCH-00368,PM-03,DEV-05,2024-01-23 16:42:38,34.39,0.2751,0.0,3,Success,Bill Payment,Chittagong,BDT,False
TXN-20240123-0003731,WALL-0088411,MERCH-00171,PM-01,DEV-01,2024-01-23 06:12:26,88.04,0.0,4.4019,8,Success,Purchase,Johor Bahru,MYR,False
TXN-20240123-0003732,WALL-0044199,MERCH-00401,PM-03,DEV-01,2024-01-23 21:13:29,20.0,0.16,0.0,2,Success,Payment,Pathein,MMK,False
TXN-20240123-0003733,WALL-0093557,MERCH-00062,PM-04,DEV-01,2024-01-23 14:44:01,9.57,0.1914,0.1914,0,Success,Purchase,Bangalore,INR,False
TXN-20240123-0003734,WALL-0061167,MERCH-00094,PM-01,DEV-05,2024-01-23 19:24:14,119.82,0.0,0.0,11,Success,Purchase,Surabaya,IDR,False
TXN-20240123-0003735,WALL-0030579,MERCH-00394,PM-04,DEV-02,2024-01-23 20:51:53,58.89,1.1779,0.0,5,Success,Purchase,Mawlamyine,MMK,False
TXN-20240123-0003736,WALL-0058917,MERCH-00309,PM-03,DEV-03,2024-01-23 08:30:40,285.89,2.2871,22.871,57,Success,Purchase,Naypyidaw,MMK,False
TXN-20240123-0003737,WALL-0076663,MERCH-00164,PM-02,DEV-05,2024-01-23 21:30:40,246.51,0.493,12.3257,24,Success,Purchase,Bangalore,INR,False
TXN-20240123-0003738,WALL-0077305,MERCH-00414,PM-04,DEV-01,2024-01-23 21:22:17,65.33,1.3066,0.0,6,Success,Payment,Kuala Lumpur,INR,False
TXN-20240123-0003739,WALL-0094552,MERCH-00090,PM-02,DEV-01,2024-01-23 16:24:20,26.55,0.0531,0.0,2,Success,Purchase,Mawlamyine,MMK,False
TXN-20240123-0003740,WALL-0019950,MERCH-00408,PM-01,DEV-01,2024-01-23 11:33:01,68.7,0.0,0.0,6,Success,Payment,Mawlamyine,MMK,False
TXN-20240123-0003741,WALL-0084929,MERCH-00279,PM-01,DEV-02,2024-01-23 16:32:32,179.15,0.0,14.332,35,Success,Purchase,Yangon,MMK,False
TXN-20240123-0003742,WALL-0092123,MERCH-00291,PM-01,DEV-03,2024-01-23 13:50:53,1838.64,0.0,147.0909,367,Success,Purchase,Chiang Mai,THB,False
TXN-20240123-0003743,WALL-0011458,MERCH-00047,PM-01,DEV-01,2024-01-23 18:31:37,41.87,0.0,0.8374,4,Success,Purchase,Yangon,MMK,False
TXN-20240123-0003744,WALL-0079879,MERCH-00379,PM-04,DEV-01,2024-01-23 16:10:10,24.51,0.4902,0.0,2,Success,Purchase,Bangkok,MMK,False
TXN-20240123-0003745,WALL-0119114,MERCH-00056,PM-03,DEV-03,2024-01-23 11:37:17,20.13,0.1611,0.4027,2,Success,Purchase,Myitkyina,MMK,False
TXN-20240123-0003746,WALL-0127133,MERCH-00299,PM-02,DEV-03,2024-01-23 16:38:28,1864.54,3.7291,149.1634,372,Success,Purchase,Karachi,PKR,False
TXN-20240123-0003747,WALL-0149587,MERCH-00369,PM-04,DEV-03,2024-01-23 18:32:52,53.52,1.0705,0.0,5,Success,Bill Payment,Ho Chi Minh City,VND,False
TXN-20240123-0003748,WALL-0112969,MERCH-00033,PM-02,DEV-01,2024-01-23 06:43:14,27.34,0.0547,0.5468,2,Success,Purchase,Taunggyi,MMK,False
TXN-20240123-0003749,WALL-0139078,MERCH-00008,PM-03,DEV-01,2024-01-23 00:03:59,37.81,0.3025,0.7561,3,Success,Purchase,Myitkyina,MMK,False
TXN-20240123-0003750,WALL-0113712,MERCH-00004,PM-02,DEV-03,2024-01-23 17:12:09,9.66,0.0193,0.1932,0,Success,Purchase,Davao,PHP,False
TXN-20240123-0003751,WALL-0053813,MERCH-00403,PM-01,DEV-01,2024-01-23 19:49:20,20.0,0.0,0.0,2,Success,Payment,Phnom Penh,MMK,False
TXN-20240123-0003752,WALL-0059697,MERCH-00147,PM-02,DEV-02,2024-01-23 03:30:08,90.03,0.1801,4.5013,9,Success,Purchase,Naypyidaw,MMK,False
TXN-20240123-0003753,WALL-0130383,MERCH-00250,PM-01,DEV-01,2024-01-23 06:41:08,23.92,0.0,0.0,2,Success,Subscription,Hyderabad,INR,False
TXN-20240123-0003754,WALL-0007606,MERCH-00338,PM-02,DEV-04,2024-01-23 20:02:50,92.83,0.1857,0.0,9,Success,Bill Payment,Pathein,MMK,False
TXN-20240123-0003755,WALL-0103017,MERCH-00253,PM-02,DEV-01,2024-01-23 17:58:16,10.1,0.0202,0.0,1,Success,Subscription,Naypyidaw,MMK,False
TXN-20240123-0003756,WALL-0112424,MERCH-00007,PM-03,DEV-01,2024-01-23 18:57:07,46.07,0.3686,0.9214,4,Success,Purchase,Johor Bahru,MYR,False
TXN-20240123-0003757,WALL-0045292,MERCH-00132,PM-01,DEV-02,2024-01-23 11:08:27,133.52,0.0,6.6759,13,Success,Purchase,Myitkyina,MMK,False
TXN-20240123-0003758,WALL-0010445,MERCH-00104,PM-02,DEV-01,2024-01-23 18:35:40,160.3,0.3206,0.0,16,Success,Purchase,Mandalay,MMK,False
TXN-20240123-0003759,WALL-0120656,MERCH-00193,PM-01,DEV-01,2024-01-23 12:32:13,9.98,0.0,0.0,0,Success,Purchase,Mandalay,MMK,False
TXN-20240123-0003760,WALL-0047616,MERCH-00340,PM-01,DEV-01,2024-01-23 16:23:56,40.06,0.0,0.0,4,Success,Bill Payment,Kathmandu,NPR,False
TXN-20240123-0003761,WALL-0127573,MERCH-00231,PM-01,DEV-01,2024-01-23 21:41:44,23.69,0.0,0.0,2,Success,Subscription,Kolkata,INR,False
TXN-20240123-0003762,WALL-0056095,MERCH-00264,PM-01,DEV-02,2024-01-23 14:26:35,13.75,0.0,0.0,1,Success,Subscription,Mawlamyine,MMK,False
TXN-20240123-0003763,WALL-0015221,MERCH-00086,PM-01,DEV-03,2024-01-23 21:38:08,55.72,0.0,0.0,5,Success,Purchase,Da Nang,VND,False
TXN-20240123-0003764,WALL-0071533,MERCH-00402,PM-02,DEV-02,2024-01-23 11:13:18,70.6,0.1412,0.0,7,Success,Payment,Quezon City,PHP,False
TXN-20240123-0003765,WALL-0108736,MERCH-00267,PM-01,DEV-01,2024-01-23 16:55:15,40.0,0.0,0.0,4,Success,Subscription,Naypyidaw,MMK,False
TXN-20240123-0003766,WALL-0037769,MERCH-00019,PM-02,DEV-02,2024-01-23 13:27:37,50.25,0.1005,1.005,5,Success,Purchase,Davao,PHP,False
TXN-20240123-0003767,WALL-0013073,MERCH-00104,PM-02,DEV-01,2024-01-23 07:27:56,51.42,0.1028,0.0,5,Success,Purchase,Pattaya,VND,False
TXN-20240123-0003768,WALL-0122111,MERCH-00418,PM-01,DEV-01,2024-01-23 19:00:33,47.0,0.0,0.0,4,Success,Payment,Hyderabad,IDR,False
TXN-20240123-0003769,WALL-0041407,MERCH-00441,PM-04,DEV-01,2024-01-23 18:19:22,268.6,5.3719,0.0,26,Success,Tax Payment,Karachi,IDR,False
TXN-20240123-0003770,WALL-0048534,MERCH-00401,PM-04,DEV-03,2024-01-23 14:39:55,148.83,2.9766,0.0,14,Success,Payment,Phuket,THB,False
TXN-20240123-0003771,WALL-0100772,MERCH-00224,PM-03,DEV-02,2024-01-23 13:29:52,18.45,0.1476,0.0,1,Success,Purchase,Ho Chi Minh City,PHP,False
TXN-20240123-0003772,WALL-0093824,MERCH-00321,PM-05,DEV-01,2024-01-23 08:55:19,243.52,0.0,0.0,24,Success,Bill Payment,Chiang Mai,THB,False
TXN-20240123-0003773,WALL-0132062,MERCH-00366,PM-04,DEV-01,2024-01-23 22:02:07,34.1,0.6819,0.0,3,Success,Bill Payment,Yangon,MMK,False
TXN-20240123-0003774,WALL-0123723,MERCH-00434,PM-01,DEV-02,2024-01-23 14:42:55,260.2,0.0,0.0,26,Success,Tax Payment,Medan,IDR,False
TXN-20240123-0003775,WALL-0134256,MERCH-00096,PM-01,DEV-01,2024-01-23 16:39:01,29.98,0.0,0.0,2,Success,Purchase,Bago,MMK,False
TXN-20240123-0003776,WALL-0033445,MERCH-00194,PM-01,DEV-03,2024-01-23 20:18:38,16.07,0.0,0.0,1,Success,Purchase,Bali,IDR,False
TXN-20240123-0003777,WALL-0021069,MERCH-00066,PM-04,DEV-01,2024-01-23 07:54:10,11.51,0.2302,0.2302,1,Success,Purchase,Johor Bahru,MYR,False
TXN-20240123-0003778,WALL-0051961,MERCH-00171,PM-01,DEV-03,2024-01-23 19:47:12,64.09,0.0,3.2044,6,Success,Purchase,Naypyidaw,MMK,False
TXN-20240123-0003779,WALL-0097968,MERCH-00343,PM-01,DEV-01,2024-01-23 19:41:26,36.5,0.0,0.0,3,Success,Bill Payment,Dhaka,BDT,False
TXN-20240123-0003780,WALL-0088366,MERCH-00093,PM-01,DEV-01,2024-01-23 15:23:59,32.3,0.0,0.0,3,Success,Purchase,Taunggyi,MMK,False
TXN-20240123-0003781,WALL-0123800,MERCH-00047,PM-01,DEV-01,2024-01-23 19:58:16,18.36,0.0,0.3673,1,Success,Purchase,Myitkyina,MMK,False
TXN-20240123-0003782,WALL-0135980,MERCH-00077,PM-04,DEV-01,2024-01-23 15:47:16,14.11,0.2822,0.2822,1,Success,Purchase,Yangon,MMK,False
TXN-20240123-0003783,WALL-0026225,MERCH-00303,PM-04,DEV-02,2024-01-23 15:05:37,299.12,5.9824,23.9297,59,Success,Purchase,Bago,MMK,False
TXN-20240123-0003784,WALL-0068713,MERCH-00027,PM-04,DEV-01,2024-01-23 21:41:55,99.0,1.98,1.98,9,Success,Purchase,Penang,INR,False
TXN-20240123-0003785,WALL-0115980,MERCH-00093,PM-03,DEV-01,2024-01-23 19:44:38,61.42,0.4913,0.0,6,Success,Purchase,Pathein,MMK,False
TXN-20240123-0003786,WALL-0016055,MERCH-00332,PM-01,DEV-01,2024-01-23 22:58:48,175.83,0.0,0.0,0,Failed,Bill Payment,Mawlamyine,MMK,False
TXN-20240123-0003787,WALL-0106085,MERCH-00217,PM-02,DEV-01,2024-01-23 07:48:36,6.67,0.0133,0.0,0,Success,Purchase,Phnom Penh,KHR,False
TXN-20240123-0003788,WALL-0042436,MERCH-00191,PM-01,DEV-01,2024-01-23 12:13:59,21.47,0.0,0.0,2,Success,Purchase,Kolkata,INR,False
TXN-20240123-0003789,WALL-0057128,MERCH-00412,PM-03,DEV-01,2024-01-23 23:44:37,154.04,1.2323,0.0,15,Success,Payment,Yangon,MMK,False
TXN-20240123-0003790,WALL-0028245,MERCH-00130,PM-02,DEV-02,2024-01-23 14:58:23,51.31,0.1026,0.0,5,Success,Purchase,Pattaya,PHP,False
TXN-20240123-0003791,WALL-0082837,MERCH-00195,PM-03,DEV-01,2024-01-23 19:34:27,16.94,0.1355,0.0,1,Success,Purchase,Jaipur,INR,False
TXN-20240123-0003792,WALL-0034436,MERCH-00434,PM-01,DEV-02,2024-01-23 17:16:28,436.49,0.0,0.0,43,Success,Tax Payment,Kolkata,INR,False
TXN-20240123-0003793,WALL-0050166,MERCH-00357,PM-02,DEV-01,2024-01-23 10:59:53,42.14,0.0843,0.0,4,Success,Bill Payment,Jakarta,IDR,False
TXN-20240123-0003794,WALL-0037982,MERCH-00447,PM-02,DEV-03,2024-01-23 19:52:00,318.5,0.637,0.0,31,Success,Tax Payment,Pathein,MMK,False
TXN-20240123-0003795,WALL-0089372,MERCH-00183,PM-05,DEV-01,2024-01-23 15:04:57,105.34,0.0,5.2672,10,Success,Purchase,Surabaya,IDR,False
TXN-20240123-0003796,WALL-0003542,MERCH-00032,PM-02,DEV-01,2024-01-23 13:15:43,8.53,0.0171,0.1706,0,Success,Purchase,Kathmandu,NPR,False
TXN-20240123-0003797,WALL-0087217,MERCH-00315,PM-05,DEV-02,2024-01-23 00:16:33,20.0,0.0,0.0,2,Success,Bill Payment,Naypyidaw,MMK,False
TXN-20240123-0003798,WALL-0005387,MERCH-00297,PM-02,DEV-02,2024-01-23 17:26:36,449.07,0.8981,0.0,0,Reversed,Purchase,Medan,IDR,False
TXN-20240123-0003799,WALL-0060046,MERCH-00178,PM-04,DEV-02,2024-01-23 18:26:52,64.83,1.2965,3.2413,6,Success,Purchase,Mandalay,MMK,False
TXN-20240123-0003800,WALL-0017706,MERCH-00140,PM-05,DEV-05,2024-01-23 13:54:00,159.28,0.0,7.9641,15,Success,Purchase,Phuket,THB,False
TXN-20240123-0003801,WALL-0012912,MERCH-00179,PM-01,DEV-02,2024-01-23 14:56:24,275.68,0.0,13.7842,27,Success,Purchase,Bandung,IDR,False
TXN-20240123-0003802,WALL-0042522,MERCH-00208,PM-01,DEV-01,2024-01-23 20:55:04,9.17,0.0,0.0,0,Success,Purchase,Naypyidaw,MMK,False
TXN-20240123-0003803,WALL-0062053,MERCH-00328,PM-01,DEV-03,2024-01-23 11:44:39,90.71,0.0,0.0,9,Success,Bill Payment,Delhi,INR,False
TXN-20240123-0003804,WALL-0031255,MERCH-00280,PM-01,DEV-01,2024-01-23 12:40:04,874.73,0.0,69.9781,174,Success,Purchase,Yangon,MMK,False
TXN-20240123-0003805,WALL-0075615,MERCH-00323,PM-02,DEV-01,2024-01-23 10:58:14,82.47,0.1649,0.0,8,Success,Bill Payment,Bago,MMK,False
TXN-20240123-0003806,WALL-0101454,MERCH-00239,PM-04,DEV-02,2024-01-23 19:51:07,13.0,0.2599,0.0,1,Success,Subscription,Pathein,MMK,False
TXN-20240123-0003807,WALL-0149027,MERCH-00117,PM-02,DEV-02,2024-01-23 12:49:52,51.22,0.1024,0.0,5,Success,Purchase,Dhaka,BDT,False
TXN-20240123-0003808,WALL-0059842,MERCH-00233,PM-01,DEV-01,2024-01-23 17:04:48,16.12,0.0,0.0,1,Success,Subscription,Myitkyina,MMK,False
TXN-20240123-0003809,WALL-0053468,MERCH-00121,PM-02,DEV-01,2024-01-23 08:08:21,73.59,0.1472,0.0,7,Success,Purchase,Siem Reap,MMK,False
TXN-20240123-0003810,WALL-0075368,MERCH-00335,PM-01,DEV-01,2024-01-23 13:00:58,154.21,0.0,0.0,15,Success,Bill Payment,Ho Chi Minh City,MMK,False
TXN-20240123-0003811,WALL-0142785,MERCH-00257,PM-05,DEV-01,2024-01-23 12:29:51,9.8,0.0,0.0,0,Success,Subscription,Taunggyi,MMK,False
TXN-20240123-0003812,WALL-0032736,MERCH-00108,PM-02,DEV-02,2024-01-23 12:56:54,149.36,0.2987,0.0,14,Success,Purchase,Jakarta,MMK,False
TXN-20240123-0003813,WALL-0025420,MERCH-00095,PM-01,DEV-02,2024-01-23 13:27:42,79.84,0.0,0.0,7,Success,Purchase,Pattaya,MMK,False
TXN-20240123-0003814,WALL-0092998,MERCH-00076,PM-02,DEV-01,2024-01-23 20:36:48,9.71,0.0194,0.1942,0,Success,Purchase,Kuala Lumpur,MYR,False
TXN-20240123-0003815,WALL-0032965,MERCH-00239,PM-01,DEV-02,2024-01-23 17:01:35,6.22,0.0,0.0,0,Success,Subscription,Cebu City,PHP,False
TXN-20240123-0003816,WALL-0128327,MERCH-00333,PM-02,DEV-01,2024-01-23 18:30:13,92.43,0.1849,0.0,9,Success,Bill Payment,Kuala Lumpur,MMK,False
TXN-20240123-0003817,WALL-0138704,MERCH-00261,PM-01,DEV-01,2024-01-23 14:00:41,11.5,0.0,0.0,1,Success,Subscription,Delhi,INR,False
TXN-20240123-0003818,WALL-0001066,MERCH-00191,PM-01,DEV-01,2024-01-23 09:37:07,19.44,0.0,0.0,1,Success,Purchase,Singapore,PHP,False
TXN-20240123-0003819,WALL-0065070,MERCH-00327,PM-02,DEV-05,2024-01-23 14:44:51,111.92,0.2238,0.0,11,Success,Bill Payment,Taunggyi,MMK,False
TXN-20240123-0003820,WALL-0014163,MERCH-00442,PM-01,DEV-02,2024-01-23 04:56:11,155.0,0.0,0.0,15,Success,Tax Payment,Lahore,PKR,False
TXN-20240123-0003821,WALL-0117235,MERCH-00102,PM-02,DEV-02,2024-01-23 05:55:19,87.74,0.1755,0.0,8,Success,Purchase,Yangon,MMK,False
TXN-20240123-0003822,WALL-0001865,MERCH-00191,PM-03,DEV-05,2024-01-23 15:06:05,21.37,0.171,0.0,2,Success,Purchase,Myitkyina,MMK,False
TXN-20240123-0003823,WALL-0034373,MERCH-00094,PM-03,DEV-01,2024-01-23 13:59:32,54.66,0.4373,0.0,5,Success,Purchase,Penang,MYR,False
TXN-20240123-0003824,WALL-0013493,MERCH-00185,PM-02,DEV-02,2024-01-23 08:50:03,82.08,0.1642,4.1039,8,Success,Purchase,Mandalay,MMK,False
TXN-20240123-0003825,WALL-0058623,MERCH-00316,PM-02,DEV-01,2024-01-23 21:12:22,48.12,0.0962,0.0,4,Success,Bill Payment,Mandalay,MMK,False
TXN-20240123-0003826,WALL-0068944,MERCH-00029,PM-01,DEV-01,2024-01-23 14:23:58,18.27,0.0,0.3654,1,Success,Purchase,Taunggyi,IDR,False
TXN-20240123-0003827,WALL-0049079,MERCH-00094,PM-01,DEV-05,2024-01-23 21:10:55,117.4,0.0,0.0,11,Success,Purchase,Phuket,MYR,False
TXN-20240123-0003828,WALL-0015937,MERCH-00038,PM-01,DEV-05,2024-01-23 04:20:12,36.33,0.0,0.7266,3,Success,Purchase,Penang,MYR,False
TXN-20240123-0003829,WALL-0094691,MERCH-00395,PM-01,DEV-01,2024-01-23 05:12:19,38.2,0.0,0.0,3,Success,Purchase,Davao,PKR,False
TXN-20240123-0003830,WALL-0057268,MERCH-00331,PM-01,DEV-04,2024-01-23 17:35:48,37.94,0.0,0.0,3,Success,Bill Payment,Bago,MMK,False
TXN-20240123-0003831,WALL-0133294,MERCH-00424,PM-03,DEV-01,2024-01-23 10:19:06,68.33,0.5467,0.0,6,Success,Payment,Singapore,SGD,False
TXN-20240123-0003832,WALL-0029327,MERCH-00187,PM-04,DEV-01,2024-01-23 11:55:25,34.52,0.6905,1.7261,3,Success,Purchase,Pathein,MMK,False
TXN-20240123-0003833,WALL-0034648,MERCH-00074,PM-04,DEV-01,2024-01-23 14:03:55,31.37,0.6273,0.6273,3,Success,Purchase,Naypyidaw,MMK,False
TXN-20240123-0003834,WALL-0091157,MERCH-00186,PM-02,DEV-01,2024-01-23 12:13:22,90.16,0.1803,4.5081,9,Success,Purchase,Yangon,VND,False
TXN-20240123-0003835,WALL-0027617,MERCH-00262,PM-02,DEV-01,2024-01-23 13:36:19,11.79,0.0236,0.0,1,Success,Subscription,Johor Bahru,MYR,False
TXN-20240123-0003836,WALL-0090805,MERCH-00418,PM-03,DEV-01,2024-01-23 14:01:00,111.01,0.8881,0.0,0,Failed,Payment,Jaipur,INR,False
TXN-20240123-0003837,WALL-0062928,MERCH-00437,PM-04,DEV-02,2024-01-23 19:46:35,239.27,4.7855,0.0,23,Success,Tax Payment,Kolkata,INR,False
TXN-20240123-0003838,WALL-0002961,MERCH-00267,PM-04,DEV-01,2024-01-23 14:50:42,22.82,0.4563,0.0,2,Success,Subscription,Davao,MMK,False
TXN-20240123-0003839,WALL-0101804,MERCH-00138,PM-02,DEV-01,2024-01-23 12:54:49,143.27,0.2865,7.1636,14,Success,Purchase,Penang,MYR,False
TXN-20240123-0003840,WALL-0025124,MERCH-00337,PM-02,DEV-03,2024-01-23 14:27:19,66.09,0.1322,0.0,6,Success,Bill Payment,Khon Kaen,THB,False
TXN-20240123-0003841,WALL-0013190,MERCH-00099,PM-02,DEV-01,2024-01-23 03:03:42,59.77,0.1195,0.0,5,Success,Purchase,Bago,MMK,False
TXN-20240123-0003842,WALL-0142560,MERCH-00207,PM-03,DEV-01,2024-01-23 13:52:30,14.94,0.1195,0.0,1,Success,Purchase,Bali,IDR,False
TXN-20240123-0003843,WALL-0009441,MERCH-00363,PM-04,DEV-02,2024-01-23 14:41:22,31.4,0.6279,0.0,3,Success,Bill Payment,Davao,PHP,False
TXN-20240123-0003844,WALL-0105125,MERCH-00062,PM-01,DEV-01,2024-01-23 06:38:11,17.87,0.0,0.3574,1,Success,Purchase,Bago,MMK,False
TXN-20240123-0003845,WALL-0137245,MERCH-00388,PM-02,DEV-01,2024-01-23 14:26:01,66.87,0.1337,0.0,6,Success,Purchase,Mawlamyine,MMK,False
TXN-20240123-0003846,WALL-0060472,MERCH-00335,PM-04,DEV-01,2024-01-23 11:05:06,239.7,4.7939,0.0,23,Success,Bill Payment,Khon Kaen,THB,False
TXN-20240123-0003847,WALL-0082977,MERCH-00388,PM-01,DEV-01,2024-01-23 15:55:21,52.98,0.0,0.0,5,Success,Purchase,Chennai,INR,False
TXN-20240123-0003848,WALL-0056231,MERCH-00039,PM-01,DEV-02,2024-01-23 12:52:35,9.3,0.0,0.186,0,Success,Purchase,Islamabad,IDR,False
TXN-20240123-0003849,WALL-0062897,MERCH-00327,PM-02,DEV-01,2024-01-23 07:25:00,77.71,0.1554,0.0,7,Success,Bill Payment,Mandalay,MMK,False
TXN-20240123-0003850,WALL-0040076,MERCH-00346,PM-04,DEV-01,2024-01-23 16:22:12,18.67,0.3733,0.0,1,Success,Bill Payment,Chennai,INR,False
TXN-20240123-0003851,WALL-0144547,MERCH-00479,PM-01,DEV-01,2024-01-23 14:45:35,159.83,0.0,0.0,15,Success,Payment,Pathein,MMK,False
TXN-20240123-0003852,WALL-0059443,MERCH-00058,PM-04,DEV-03,2024-01-23 22:39:48,25.29,0.5057,0.5057,2,Success,Purchase,Mandalay,MMK,False
TXN-20240123-0003853,WALL-0109274,MERCH-00247,PM-01,DEV-01,2024-01-23 17:17:45,20.88,0.0,0.0,2,Success,Subscription,Cebu City,PHP,False
TXN-20240123-0003854,WALL-0047628,MERCH-00005,PM-01,DEV-01,2024-01-23 21:45:10,12.81,0.0,0.0,0,Failed,Purchase,Khon Kaen,THB,False
TXN-20240123-0003855,WALL-0127916,MERCH-00099,PM-02,DEV-03,2024-01-23 13:54:39,22.21,0.0444,0.0,2,Success,Purchase,Kandy,LKR,False
TXN-20240123-0003856,WALL-0005813,MERCH-00449,PM-02,DEV-02,2024-01-23 12:37:24,50.0,0.1,0.0,5,Success,Tax Payment,Yangon,MMK,False
TXN-20240123-0003857,WALL-0027765,MERCH-00120,PM-02,DEV-03,2024-01-23 21:02:50,18.87,0.0377,0.0,1,Success,Purchase,Kuala Lumpur,MYR,False
TXN-20240123-0003858,WALL-0112686,MERCH-00334,PM-02,DEV-02,2024-01-23 20:21:44,131.52,0.263,0.0,13,Success,Bill Payment,Phnom Penh,KHR,False
TXN-20240123-0003859,WALL-0073415,MERCH-00129,PM-04,DEV-02,2024-01-23 22:10:12,21.87,0.4374,0.0,2,Success,Purchase,Cebu City,PHP,False
TXN-20240123-0003860,WALL-0117612,MERCH-00372,PM-03,DEV-01,2024-01-23 01:11:02,50.29,0.4023,0.0,5,Success,Purchase,Pathein,MMK,False
TXN-20240123-0003861,WALL-0004411,MERCH-00431,PM-03,DEV-01,2024-01-23 13:36:31,623.97,4.9918,0.0,62,Success,Tax Payment,Pathein,MMK,False
TXN-20240123-0003862,WALL-0142247,MERCH-00202,PM-01,DEV-01,2024-01-23 05:30:09,12.86,0.0,0.0,1,Success,Purchase,Bangkok,THB,False
TXN-20240123-0003863,WALL-0085065,MERCH-00072,PM-01,DEV-01,2024-01-23 12:04:42,29.02,0.0,0.5805,2,Success,Purchase,Taunggyi,MMK,False
TXN-20240123-0003864,WALL-0038046,MERCH-00331,PM-02,DEV-05,2024-01-23 02:05:34,37.78,0.0756,0.0,3,Success,Bill Payment,Mandalay,MMK,False
TXN-20240123-0003865,WALL-0058834,MERCH-00192,PM-01,DEV-02,2024-01-23 13:46:32,14.08,0.0,0.0,1,Success,Purchase,Pathein,MMK,False
TXN-20240123-0003866,WALL-0087830,MERCH-00253,PM-01,DEV-01,2024-01-23 23:10:15,10.82,0.0,0.0,1,Success,Subscription,Bago,MMK,False
TXN-20240123-0003867,WALL-0071682,MERCH-00395,PM-01,DEV-02,2024-01-23 16:51:38,112.63,0.0,0.0,11,Success,Purchase,Chiang Mai,THB,False
TXN-20240123-0003868,WALL-0043448,MERCH-00384,PM-01,DEV-01,2024-01-23 07:56:26,120.0,0.0,0.0,12,Success,Purchase,Ahmedabad,INR,False
TXN-20240123-0003869,WALL-0070540,MERCH-00354,PM-05,DEV-01,2024-01-23 13:51:50,25.66,0.0,0.0,2,Success,Bill Payment,Pune,INR,False
TXN-20240123-0003870,WALL-0117445,MERCH-00034,PM-01,DEV-01,2024-01-23 12:05:57,9.3,0.0,0.1861,0,Success,Purchase,Pathein,MMK,False
TXN-20240123-0003871,WALL-0008163,MERCH-00216,PM-01,DEV-03,2024-01-23 21:16:56,14.61,0.0,0.0,1,Success,Purchase,Davao,PHP,False
TXN-20240123-0003872,WALL-0089512,MERCH-00158,PM-03,DEV-01,2024-01-23 09:57:38,103.03,0.8243,5.1517,10,Success,Purchase,Yangon,MMK,False
TXN-20240123-0003873,WALL-0120259,MERCH-00137,PM-01,DEV-01,2024-01-23 07:27:52,136.81,0.0,6.8405,13,Success,Purchase,Naypyidaw,MMK,False
TXN-20240123-0003874,WALL-0131184,MERCH-00034,PM-01,DEV-03,2024-01-23 13:54:53,16.99,0.0,0.3398,1,Success,Purchase,Mawlamyine,MMK,False
TXN-20240123-0003875,WALL-0029581,MERCH-00146,PM-02,DEV-01,2024-01-23 19:18:57,169.07,0.3381,8.4536,16,Success,Purchase,Mandalay,MMK,False
TXN-20240123-0003876,WALL-0046880,MERCH-00129,PM-01,DEV-01,2024-01-23 06:39:38,60.25,0.0,0.0,6,Success,Purchase,Davao,PHP,False
TXN-20240123-0003877,WALL-0125265,MERCH-00211,PM-02,DEV-02,2024-01-23 21:13:49,5.84,0.0117,0.0,0,Success,Purchase,Bago,MMK,False
TXN-20240123-0003878,WALL-0066585,MERCH-00016,PM-03,DEV-05,2024-01-23 06:09:40,13.89,0.1112,0.2779,1,Success,Purchase,Bangalore,INR,False
TXN-20240123-0003879,WALL-0131300,MERCH-00012,PM-03,DEV-01,2024-01-23 13:46:20,9.02,0.0722,0.1804,0,Success,Purchase,Phnom Penh,KHR,False
TXN-20240123-0003880,WALL-0033655,MERCH-00007,PM-02,DEV-01,2024-01-23 18:40:42,11.57,0.0231,0.2314,1,Success,Purchase,Jakarta,MMK,False
TXN-20240123-0003881,WALL-0050986,MERCH-00017,PM-01,DEV-01,2024-01-23 12:03:44,15.91,0.0,0.0,0,Reversed,Purchase,Mandalay,MMK,False
TXN-20240123-0003882,WALL-0042001,MERCH-00450,PM-01,DEV-02,2024-01-23 19:59:41,325.03,0.0,0.0,32,Success,Tax Payment,Taunggyi,MMK,False
TXN-20240123-0003883,WALL-0018365,MERCH-00245,PM-02,DEV-01,2024-01-23 20:43:06,21.64,0.0433,0.0,2,Success,Subscription,Islamabad,PKR,False
TXN-20240123-0003884,WALL-0077098,MERCH-00141,PM-03,DEV-01,2024-01-23 12:22:23,222.2,1.7776,11.11,22,Success,Purchase,Chittagong,BDT,False
TXN-20240123-0003885,WALL-0037830,MERCH-00308,PM-01,DEV-02,2024-01-23 12:33:25,332.21,0.0,26.5765,66,Success,Purchase,Kandy,LKR,False
TXN-20240123-0003886,WALL-0018738,MERCH-00042,PM-01,DEV-03,2024-01-23 19:16:08,35.91,0.0,0.7182,3,Success,Purchase,Bago,MMK,False
TXN-20240123-0003887,WALL-0013646,MERCH-00329,PM-03,DEV-01,2024-01-23 14:47:13,87.72,0.7018,0.0,8,Success,Bill Payment,Hyderabad,INR,False
TXN-20240123-0003888,WALL-0064847,MERCH-00102,PM-04,DEV-01,2024-01-23 15:39:11,40.61,0.8122,0.0,4,Success,Purchase,Hanoi,VND,False
TXN-20240123-0003889,WALL-0069350,MERCH-00467,PM-01,DEV-05,2024-01-23 17:17:21,53.85,0.0,0.0,5,Success,Payment,Bangkok,THB,False
TXN-20240123-0003890,WALL-0101832,MERCH-00380,PM-04,DEV-02,2024-01-23 10:13:30,37.25,0.745,0.0,3,Success,Purchase,Mandalay,MMK,False
TXN-20240123-0003891,WALL-0105495,MERCH-00032,PM-03,DEV-01,2024-01-23 19:05:01,12.7,0.1016,0.2539,1,Success,Purchase,Bangkok,THB,False
TXN-20240123-0003892,WALL-0039248,MERCH-00164,PM-02,DEV-03,2024-01-23 21:49:10,687.9,1.3758,34.395,68,Success,Purchase,Surabaya,IDR,False
TXN-20240123-0003893,WALL-0020220,MERCH-00378,PM-01,DEV-04,2024-01-23 12:10:12,57.79,0.0,0.0,5,Success,Purchase,Yangon,MMK,False
TXN-20240123-0003894,WALL-0052054,MERCH-00080,PM-01,DEV-03,2024-01-23 12:47:30,21.79,0.0,0.4358,2,Success,Purchase,Pathein,MMK,False
TXN-20240123-0003895,WALL-0086163,MERCH-00027,PM-01,DEV-01,2024-01-23 15:16:54,41.02,0.0,0.8203,4,Success,Purchase,Hyderabad,INR,False
TXN-20240123-0003896,WALL-0078603,MERCH-00220,PM-02,DEV-01,2024-01-23 08:31:58,13.69,0.0274,0.0,1,Success,Purchase,Johor Bahru,MYR,False
TXN-20240123-0003897,WALL-0130491,MERCH-00042,PM-01,DEV-02,2024-01-23 10:47:46,11.83,0.0,0.2366,1,Success,Purchase,Yangon,MMK,False
TXN-20240123-0003898,WALL-0063038,MERCH-00290,PM-01,DEV-01,2024-01-23 17:41:48,2107.02,0.0,168.5613,421,Success,Purchase,Bali,IDR,False
TXN-20240123-0003899,WALL-0034260,MERCH-00291,PM-02,DEV-02,2024-01-23 12:52:06,100.0,0.2,8.0,20,Success,Purchase,Mandalay,MMK,False
TXN-20240123-0003900,WALL-0017580,MERCH-00346,PM-04,DEV-02,2024-01-23 00:43:00,49.71,0.9942,0.0,4,Success,Bill Payment,Ho Chi Minh City,VND,False
TXN-20240123-0003901,WALL-0113830,MERCH-00016,PM-01,DEV-01,2024-01-23 07:00:44,14.2,0.0,0.2839,1,Success,Purchase,Bali,IDR,False
TXN-20240123-0003902,WALL-0003898,MERCH-00077,PM-02,DEV-01,2024-01-23 12:11:14,58.57,0.1171,1.1714,5,Success,Purchase,Myitkyina,MMK,False
TXN-20240123-0003903,WALL-0057236,MERCH-00365,PM-02,DEV-01,2024-01-23 10:23:09,96.69,0.1934,0.0,9,Success,Bill Payment,Pathein,MMK,False
TXN-20240123-0003904,WALL-0015988,MERCH-00232,PM-02,DEV-03,2024-01-23 12:40:19,32.81,0.0656,0.0,3,Success,Subscription,Johor Bahru,MYR,False
TXN-20240123-0003905,WALL-0144313,MERCH-00041,PM-01,DEV-02,2024-01-23 08:47:51,9.86,0.0,0.1972,0,Success,Purchase,Cebu City,PHP,False
TXN-20240123-0003906,WALL-0132587,MERCH-00132,PM-04,DEV-05,2024-01-23 21:42:24,275.17,5.5034,13.7586,27,Success,Purchase,Kolkata,BDT,False
TXN-20240123-0003907,WALL-0071259,MERCH-00080,PM-01,DEV-01,2024-01-23 15:47:45,17.64,0.0,0.3528,1,Success,Purchase,Islamabad,INR,False
TXN-20240123-0003908,WALL-0140653,MERCH-00070,PM-01,DEV-01,2024-01-23 11:33:24,5.17,0.0,0.1033,0,Success,Purchase,Hyderabad,BDT,False
TXN-20240123-0003909,WALL-0080127,MERCH-00320,PM-03,DEV-01,2024-01-23 20:41:13,53.09,0.4247,0.0,5,Success,Bill Payment,Colombo,LKR,False
TXN-20240123-0003910,WALL-0040138,MERCH-00015,PM-02,DEV-01,2024-01-23 16:51:03,13.42,0.0268,0.2683,1,Success,Purchase,Myitkyina,MMK,False
TXN-20240123-0003911,WALL-0108705,MERCH-00270,PM-02,DEV-01,2024-01-23 03:01:08,13.58,0.0272,0.0,1,Success,Subscription,Taunggyi,MMK,False
TXN-20240123-0003912,WALL-0079361,MERCH-00059,PM-03,DEV-01,2024-01-23 11:06:45,17.04,0.1363,0.3409,1,Success,Purchase,Myitkyina,MMK,False
TXN-20240123-0003913,WALL-0104629,MERCH-00052,PM-04,DEV-02,2024-01-23 12:15:56,14.12,0.2824,0.2824,1,Success,Purchase,Siem Reap,KHR,False
TXN-20240123-0003914,WALL-0093593,MERCH-00319,PM-02,DEV-01,2024-01-23 11:30:03,123.13,0.2463,0.0,12,Success,Bill Payment,Pathein,MMK,False
TXN-20240123-0003915,WALL-0109705,MERCH-00347,PM-01,DEV-01,2024-01-23 15:58:02,33.62,0.0,0.0,3,Success,Bill Payment,Siem Reap,IDR,False
TXN-20240123-0003916,WALL-0027160,MERCH-00392,PM-01,DEV-03,2024-01-23 15:44:58,41.71,0.0,0.0,4,Success,Purchase,Phnom Penh,KHR,False
TXN-20240123-0003917,WALL-0063803,MERCH-00328,PM-01,DEV-01,2024-01-23 08:26:03,37.87,0.0,0.0,3,Success,Bill Payment,Davao,PHP,False
TXN-20240123-0003918,WALL-0005915,MERCH-00116,PM-05,DEV-02,2024-01-23 12:45:47,38.37,0.0,0.0,3,Success,Purchase,Kandy,LKR,False
TXN-20240123-0003919,WALL-0093361,MERCH-00041,PM-02,DEV-01,2024-01-23 15:28:02,14.76,0.0295,0.2951,1,Success,Purchase,Myitkyina,MMK,False
TXN-20240123-0003920,WALL-0035165,MERCH-00018,PM-05,DEV-05,2024-01-23 05:36:10,37.37,0.0,0.7474,3,Success,Purchase,Kuala Lumpur,BDT,False
TXN-20240123-0003921,WALL-0025601,MERCH-00364,PM-03,DEV-01,2024-01-23 20:42:59,95.72,0.7658,0.0,9,Success,Bill Payment,Pokhara,NPR,False
TXN-20240123-0003922,WALL-0021057,MERCH-00058,PM-02,DEV-01,2024-01-23 16:43:55,42.03,0.0841,0.8405,4,Success,Purchase,Singapore,SGD,False
TXN-20240123-0003923,WALL-0006756,MERCH-00386,PM-04,DEV-01,2024-01-23 20:07:16,52.64,1.0528,0.0,5,Success,Purchase,Pokhara,NPR,False
TXN-20240123-0003924,WALL-0067485,MERCH-00345,PM-02,DEV-01,2024-01-23 16:55:46,47.79,0.0956,0.0,4,Success,Bill Payment,Kolkata,INR,False
TXN-20240123-0003925,WALL-0145950,MERCH-00091,PM-02,DEV-01,2024-01-23 14:36:44,38.39,0.0768,0.0,3,Success,Purchase,Kuala Lumpur,MYR,False
TXN-20240123-0003926,WALL-0010739,MERCH-00440,PM-03,DEV-02,2024-01-23 01:26:28,183.34,1.4667,0.0,18,Success,Tax Payment,Cebu City,PHP,False
TXN-20240123-0003927,WALL-0088540,MERCH-00026,PM-05,DEV-01,2024-01-23 18:14:15,48.08,0.0,0.9616,4,Success,Purchase,Kandy,MMK,False
TXN-20240123-0003928,WALL-0013925,MERCH-00411,PM-03,DEV-02,2024-01-23 14:01:00,169.39,1.3551,0.0,16,Success,Payment,Pathein,MMK,False
TXN-20240123-0003929,WALL-0039645,MERCH-00443,PM-01,DEV-01,2024-01-23 14:38:48,63.68,0.0,0.0,6,Success,Tax Payment,Myitkyina,MMK,False
TXN-20240123-0003930,WALL-0079890,MERCH-00013,PM-04,DEV-01,2024-01-23 21:04:27,22.56,0.4513,0.4513,2,Success,Purchase,Kuala Lumpur,MYR,False
TXN-20240123-0003931,WALL-0033493,MERCH-00010,PM-02,DEV-05,2024-01-23 19:38:26,12.84,0.0257,0.2569,1,Success,Purchase,Naypyidaw,MMK,False
TXN-20240123-0003932,WALL-0146605,MERCH-00366,PM-01,DEV-01,2024-01-23 08:41:44,100.0,0.0,0.0,10,Success,Bill Payment,Taunggyi,MMK,False
TXN-20240123-0003933,WALL-0142139,MERCH-00306,PM-02,DEV-01,2024-01-23 13:03:02,784.61,1.5692,62.7689,156,Success,Purchase,Pathein,MMK,False
TXN-20240123-0003934,WALL-0068823,MERCH-00339,PM-04,DEV-01,2024-01-23 17:47:09,176.49,3.5297,0.0,17,Success,Bill Payment,Pokhara,VND,False
TXN-20240123-0003935,WALL-0086950,MERCH-00035,PM-04,DEV-01,2024-01-23 20:43:16,11.63,0.2326,0.2326,1,Success,Purchase,Manila,IDR,False
TXN-20240123-0003936,WALL-0118265,MERCH-00364,PM-03,DEV-01,2024-01-23 22:47:23,165.0,1.32,0.0,16,Success,Bill Payment,Bangalore,INR,False
TXN-20240123-0003937,WALL-0130513,MERCH-00047,PM-04,DEV-01,2024-01-23 14:16:18,10.17,0.2034,0.2034,1,Success,Purchase,Mawlamyine,MMK,False
TXN-20240123-0003938,WALL-0142713,MERCH-00080,PM-03,DEV-02,2024-01-23 11:11:14,8.74,0.0699,0.1747,0,Success,Purchase,Bago,MMK,False
TXN-20240123-0003939,WALL-0067834,MERCH-00057,PM-01,DEV-05,2024-01-23 05:44:45,49.08,0.0,0.9815,4,Success,Purchase,Pathein,MMK,False
TXN-20240123-0003940,WALL-0009468,MERCH-00093,PM-02,DEV-01,2024-01-23 19:17:13,12.74,0.0255,0.0,1,Success,Purchase,Myitkyina,MMK,False
TXN-20240123-0003941,WALL-0089616,MERCH-00063,PM-04,DEV-05,2024-01-23 17:52:31,76.3,1.526,1.526,7,Success,Purchase,Mawlamyine,MYR,False
TXN-20240123-0003942,WALL-0110167,MERCH-00484,PM-02,DEV-01,2024-01-23 10:36:37,201.54,0.4031,0.0,20,Success,Payment,Pune,INR,False
TXN-20240123-0003943,WALL-0017367,MERCH-00066,PM-04,DEV-01,2024-01-23 21:30:59,20.49,0.4098,0.4098,2,Success,Purchase,Hyderabad,INR,False
TXN-20240123-0003944,WALL-0030571,MERCH-00108,PM-01,DEV-01,2024-01-23 19:53:14,40.52,0.0,0.0,4,Success,Purchase,Chiang Mai,MMK,False
TXN-20240123-0003945,WALL-0004457,MERCH-00027,PM-04,DEV-01,2024-01-23 13:34:12,32.41,0.6481,0.6481,3,Success,Purchase,Pokhara,NPR,False
TXN-20240123-0003946,WALL-0109512,MERCH-00061,PM-03,DEV-01,2024-01-23 08:28:24,37.53,0.3003,0.7507,3,Success,Purchase,Bali,IDR,False
TXN-20240123-0003947,WALL-0144992,MERCH-00111,PM-03,DEV-01,2024-01-23 12:21:11,89.99,0.7199,0.0,8,Success,Purchase,Phnom Penh,KHR,False
TXN-20240123-0003948,WALL-0030973,MERCH-00314,PM-01,DEV-01,2024-01-23 04:10:31,282.07,0.0,0.0,28,Success,Bill Payment,Dhaka,BDT,False
TXN-20240123-0003949,WALL-0116502,MERCH-00364,PM-01,DEV-03,2024-01-23 18:23:06,25.88,0.0,0.0,2,Success,Bill Payment,Myitkyina,MMK,False
TXN-20240123-0003950,WALL-0138453,MERCH-00044,PM-01,DEV-01,2024-01-23 14:00:06,39.72,0.0,0.7943,3,Success,Purchase,Singapore,SGD,False
TXN-20240123-0003951,WALL-0050419,MERCH-00389,PM-01,DEV-02,2024-01-23 18:01:15,31.93,0.0,0.0,3,Success,Purchase,Mawlamyine,MMK,False
TXN-20240123-0003952,WALL-0030488,MERCH-00121,PM-02,DEV-02,2024-01-23 06:04:37,131.93,0.2639,0.0,13,Success,Purchase,Colombo,VND,False
TXN-20240123-0003953,WALL-0103232,MERCH-00374,PM-01,DEV-02,2024-01-23 15:59:15,42.49,0.0,0.0,4,Success,Purchase,Pattaya,THB,False
TXN-20240123-0003954,WALL-0045508,MERCH-00191,PM-03,DEV-01,2024-01-23 15:26:19,5.0,0.04,0.0,0,Success,Purchase,Pathein,MMK,False
TXN-20240123-0003955,WALL-0050317,MERCH-00388,PM-01,DEV-02,2024-01-23 20:41:11,39.73,0.0,0.0,3,Success,Purchase,Davao,PHP,False
TXN-20240123-0003956,WALL-0056075,MERCH-00256,PM-01,DEV-01,2024-01-23 06:51:26,12.32,0.0,0.0,1,Success,Subscription,Jaipur,INR,False
TXN-20240123-0003957,WALL-0100020,MERCH-00068,PM-04,DEV-02,2024-01-23 19:04:14,11.78,0.2357,0.2357,1,Success,Purchase,Bali,IDR,False
TXN-20240123-0003958,WALL-0117596,MERCH-00380,PM-02,DEV-01,2024-01-23 13:00:59,79.66,0.1593,0.0,7,Success,Purchase,Mandalay,MMK,False
TXN-20240123-0003959,WALL-0102228,MERCH-00043,PM-04,DEV-05,2024-01-23 08:50:10,21.66,0.4333,0.4333,2,Success,Purchase,Delhi,INR,False
TXN-20240123-0003960,WALL-0137192,MERCH-00080,PM-03,DEV-01,2024-01-23 16:46:12,37.06,0.2965,0.7413,3,Success,Purchase,Phnom Penh,MMK,False
TXN-20240123-0003961,WALL-0041574,MERCH-00056,PM-03,DEV-04,2024-01-23 13:37:00,16.85,0.1348,0.3369,1,Success,Purchase,Ahmedabad,INR,False
TXN-20240123-0003962,WALL-0035738,MERCH-00082,PM-01,DEV-01,2024-01-23 00:02:45,95.13,0.0,0.0,9,Success,Purchase,Mandalay,MMK,False
TXN-20240123-0003963,WALL-0023932,MERCH-00266,PM-02,DEV-02,2024-01-23 10:31:20,11.56,0.0231,0.0,1,Success,Subscription,Taunggyi,MMK,False
TXN-20240123-0003964,WALL-0014188,MERCH-00064,PM-01,DEV-01,2024-01-23 16:28:36,16.79,0.0,0.3358,1,Success,Purchase,Pattaya,THB,False
TXN-20240123-0003965,WALL-0051891,MERCH-00123,PM-04,DEV-01,2024-01-23 07:06:33,24.46,0.4893,0.0,2,Success,Purchase,Yangon,MMK,False
TXN-20240123-0003966,WALL-0118521,MERCH-00295,PM-02,DEV-01,2024-01-23 14:34:57,419.39,0.8388,33.5512,83,Success,Purchase,Islamabad,PKR,False
TXN-20240123-0003967,WALL-0149249,MERCH-00373,PM-02,DEV-01,2024-01-23 12:55:57,43.54,0.0871,0.0,4,Success,Purchase,Karachi,MYR,False
TXN-20240123-0003968,WALL-0002559,MERCH-00074,PM-05,DEV-01,2024-01-23 15:16:03,17.45,0.0,0.349,1,Success,Purchase,Bangalore,INR,False
TXN-20240123-0003969,WALL-0066774,MERCH-00487,PM-04,DEV-02,2024-01-23 17:18:10,900.85,18.017,0.0,90,Success,Payment,Pathein,MMK,False
TXN-20240123-0003970,WALL-0068446,MERCH-00344,PM-01,DEV-01,2024-01-23 16:06:26,44.37,0.0,0.0,4,Success,Bill Payment,Naypyidaw,MMK,False
TXN-20240123-0003971,WALL-0021841,MERCH-00121,PM-04,DEV-02,2024-01-23 16:23:16,35.11,0.7023,0.0,3,Success,Purchase,Delhi,INR,False
TXN-20240123-0003972,WALL-0068454,MERCH-00233,PM-04,DEV-01,2024-01-23 09:21:56,5.02,0.1003,0.0,0,Reversed,Subscription,Mawlamyine,NPR,False
TXN-20240123-0003973,WALL-0104678,MERCH-00225,PM-03,DEV-02,2024-01-23 12:13:21,12.78,0.1023,0.0,1,Success,Purchase,Myitkyina,MMK,False
TXN-20240123-0003974,WALL-0005443,MERCH-00233,PM-01,DEV-01,2024-01-23 07:20:05,12.05,0.0,0.0,1,Success,Subscription,Colombo,LKR,False
TXN-20240123-0003975,WALL-0034706,MERCH-00114,PM-02,DEV-01,2024-01-23 06:18:14,199.63,0.3993,0.0,19,Success,Purchase,Mawlamyine,MMK,False
TXN-20240123-0003976,WALL-0023562,MERCH-00445,PM-01,DEV-02,2024-01-23 12:07:16,107.8,0.0,0.0,10,Success,Tax Payment,Chittagong,BDT,False
TXN-20240123-0003977,WALL-0015774,MERCH-00136,PM-02,DEV-02,2024-01-23 19:24:45,38.53,0.0771,1.9264,3,Success,Purchase,Lahore,PKR,False
TXN-20240123-0003978,WALL-0115389,MERCH-00025,PM-01,DEV-01,2024-01-23 15:31:49,20.96,0.0,0.4191,2,Success,Purchase,Yangon,MMK,False
TXN-20240123-0003979,WALL-0110752,MERCH-00398,PM-04,DEV-01,2024-01-23 17:10:12,49.52,0.9904,0.0,4,Success,Purchase,Davao,PHP,False
TXN-20240123-0003980,WALL-0034291,MERCH-00012,PM-02,DEV-03,2024-01-23 21:08:51,19.59,0.0392,0.3918,1,Success,Purchase,Lahore,PKR,False
TXN-20240123-0003981,WALL-0101631,MERCH-00022,PM-04,DEV-02,2024-01-23 16:15:58,48.3,0.9659,0.9659,4,Success,Purchase,Ahmedabad,INR,False
TXN-20240123-0003982,WALL-0063609,MERCH-00477,PM-04,DEV-05,2024-01-23 18:45:49,244.32,4.8865,0.0,24,Success,Payment,Mawlamyine,MMK,False
TXN-20240123-0003983,WALL-0148144,MERCH-00407,PM-02,DEV-02,2024-01-23 17:42:12,24.61,0.0492,0.0,2,Success,Payment,Mandalay,MMK,False
TXN-20240123-0003984,WALL-0006089,MERCH-00074,PM-04,DEV-01,2024-01-23 20:33:09,5.0,0.1,0.1,0,Success,Purchase,Penang,IDR,False
TXN-20240123-0003985,WALL-0076519,MERCH-00386,PM-01,DEV-01,2024-01-23 15:04:00,30.72,0.0,0.0,3,Success,Purchase,Pathein,MMK,False
TXN-20240123-0003986,WALL-0031389,MERCH-00087,PM-01,DEV-01,2024-01-23 21:18:55,78.91,0.0,0.0,7,Success,Purchase,Cebu City,PHP,False
TXN-20240123-0003987,WALL-0032292,MERCH-00108,PM-01,DEV-01,2024-01-23 01:03:24,42.03,0.0,0.0,4,Success,Purchase,Lahore,PKR,False
TXN-20240123-0003988,WALL-0131712,MERCH-00153,PM-01,DEV-01,2024-01-23 01:53:49,263.0,0.0,13.15,26,Success,Purchase,Phnom Penh,KHR,False
TXN-20240123-0003989,WALL-0116820,MERCH-00335,PM-02,DEV-02,2024-01-23 07:05:23,71.1,0.1422,0.0,7,Success,Bill Payment,Chiang Mai,THB,False
TXN-20240123-0003990,WALL-0015799,MERCH-00248,PM-01,DEV-01,2024-01-23 09:08:08,15.22,0.0,0.0,1,Success,Subscription,Bago,MMK,False
TXN-20240123-0003991,WALL-0120708,MERCH-00223,PM-01,DEV-01,2024-01-23 20:41:04,9.52,0.0,0.0,0,Success,Purchase,Mandalay,MMK,False
TXN-20240123-0003992,WALL-0012453,MERCH-00209,PM-01,DEV-03,2024-01-23 19:21:10,33.63,0.0,0.0,0,Pending,Purchase,Yangon,MMK,False
TXN-20240123-0003993,WALL-0067246,MERCH-00113,PM-01,DEV-01,2024-01-23 04:01:00,121.17,0.0,0.0,12,Success,Purchase,Da Nang,VND,False
TXN-20240123-0003994,WALL-0041580,MERCH-00429,PM-03,DEV-01,2024-01-23 17:38:48,193.13,1.545,0.0,19,Success,Payment,Hanoi,VND,False
TXN-20240123-0003995,WALL-0112793,MERCH-00367,PM-01,DEV-01,2024-01-23 13:01:52,67.54,0.0,0.0,6,Success,Bill Payment,Naypyidaw,MMK,False
TXN-20240123-0003996,WALL-0010313,MERCH-00009,PM-03,DEV-01,2024-01-23 21:39:26,44.45,0.3556,0.889,4,Success,Purchase,Yangon,INR,False
TXN-20240123-0003997,WALL-0113349,MERCH-00322,PM-04,DEV-01,2024-01-23 12:11:58,137.2,2.744,0.0,13,Success,Bill Payment,Mandalay,MMK,False
TXN-20240123-0003998,WALL-0077094,MERCH-00341,PM-01,DEV-03,2024-01-23 03:22:26,27.87,0.0,0.0,2,Success,Bill Payment,Pathein,MMK,False
TXN-20240123-0003999,WALL-0035754,MERCH-00064,PM-01,DEV-02,2024-01-23 11:15:18,25.22,0.0,0.5044,2,Success,Purchase,Islamabad,PKR,False
TXN-20240123-0004000,WALL-0089514,MERCH-00056,PM-01,DEV-03,2024-01-23 11:36:13,5.0,0.0,0.1,0,Success,Purchase,Mandalay,MMK,False
TXN-20240123-0004001,WALL-0133882,MERCH-00033,PM-01,DEV-01,2024-01-23 20:40:07,17.7,0.0,0.3539,1,Success,Purchase,Davao,PHP,False
TXN-20240123-0004002,WALL-0118752,MERCH-00030,PM-01,DEV-02,2024-01-23 13:18:30,7.29,0.0,0.1459,0,Success,Purchase,Hanoi,VND,False
TXN-20240123-0004003,WALL-0087644,MERCH-00137,PM-01,DEV-04,2024-01-23 08:06:04,126.54,0.0,6.3268,12,Success,Purchase,Pune,INR,False
TXN-20240123-0004004,WALL-0067293,MERCH-00145,PM-01,DEV-01,2024-01-23 14:06:56,83.78,0.0,4.1892,8,Success,Purchase,Ahmedabad,INR,False
TXN-20240123-0004005,WALL-0062875,MERCH-00166,PM-02,DEV-02,2024-01-23 06:17:13,140.4,0.2808,7.0198,14,Success,Purchase,Medan,INR,False
TXN-20240123-0004006,WALL-0074888,MERCH-00428,PM-02,DEV-01,2024-01-23 13:37:19,116.29,0.2326,0.0,11,Success,Payment,Hyderabad,INR,False
TXN-20240123-0004007,WALL-0073424,MERCH-00182,PM-01,DEV-01,2024-01-23 21:11:18,104.34,0.0,5.2169,10,Success,Purchase,Lahore,PKR,False
TXN-20240123-0004008,WALL-0080458,MERCH-00329,PM-01,DEV-01,2024-01-23 13:55:13,185.45,0.0,0.0,18,Success,Bill Payment,Medan,MMK,False
TXN-20240123-0004009,WALL-0075400,MERCH-00009,PM-02,DEV-02,2024-01-23 13:35:11,70.2,0.1404,1.404,7,Success,Purchase,Medan,MMK,False
TXN-20240123-0004010,WALL-0047323,MERCH-00008,PM-03,DEV-03,2024-01-23 11:20:40,14.69,0.1175,0.2938,1,Success,Purchase,Mawlamyine,MMK,False
TXN-20240123-0004011,WALL-0007509,MERCH-00227,PM-02,DEV-04,2024-01-23 16:51:47,14.85,0.0297,0.0,1,Success,Purchase,Pathein,MMK,False
TXN-20240123-0004012,WALL-0007657,MERCH-00198,PM-02,DEV-01,2024-01-23 20:36:14,39.08,0.0782,0.0,3,Success,Purchase,Yangon,MMK,False
TXN-20240123-0004013,WALL-0062436,MERCH-00445,PM-05,DEV-01,2024-01-23 14:21:52,285.89,0.0,0.0,28,Success,Tax Payment,Mawlamyine,MMK,False
TXN-20240123-0004014,WALL-0036043,MERCH-00008,PM-01,DEV-02,2024-01-23 16:23:17,15.06,0.0,0.3013,1,Success,Purchase,Taunggyi,MMK,False
TXN-20240123-0004015,WALL-0089462,MERCH-00055,PM-01,DEV-01,2024-01-23 20:05:33,5.0,0.0,0.1,0,Success,Purchase,Naypyidaw,IDR,False
TXN-20240123-0004016,WALL-0124948,MERCH-00041,PM-04,DEV-03,2024-01-23 14:00:52,11.86,0.2372,0.2372,1,Success,Purchase,Mawlamyine,MMK,False
TXN-20240123-0004017,WALL-0003196,MERCH-00036,PM-04,DEV-01,2024-01-23 06:26:25,13.12,0.2624,0.2624,1,Success,Purchase,Chennai,INR,False
TXN-20240123-0004018,WALL-0106426,MERCH-00066,PM-03,DEV-01,2024-01-23 03:08:41,14.81,0.1184,0.2961,1,Success,Purchase,Hyderabad,INR,False
TXN-20240123-0004019,WALL-0109419,MERCH-00085,PM-01,DEV-04,2024-01-23 16:53:00,103.92,0.0,0.0,10,Success,Purchase,Mandalay,MMK,False
TXN-20240123-0004020,WALL-0137692,MERCH-00092,PM-05,DEV-02,2024-01-23 03:15:21,166.24,0.0,0.0,0,Failed,Purchase,Surabaya,IDR,False
TXN-20240123-0004021,WALL-0131013,MERCH-00375,PM-03,DEV-05,2024-01-23 15:06:51,22.8,0.1824,0.0,2,Success,Purchase,Bangkok,THB,False
TXN-20240123-0004022,WALL-0018768,MERCH-00352,PM-05,DEV-01,2024-01-23 19:15:58,18.72,0.0,0.0,1,Success,Bill Payment,Hyderabad,INR,False
TXN-20240123-0004023,WALL-0043781,MERCH-00092,PM-01,DEV-01,2024-01-23 16:20:04,61.92,0.0,0.0,6,Success,Purchase,Delhi,MMK,False
TXN-20240123-0004024,WALL-0140007,MERCH-00121,PM-01,DEV-03,2024-01-23 08:20:01,99.24,0.0,0.0,9,Success,Purchase,Chiang Mai,MYR,False
TXN-20240123-0004025,WALL-0143724,MERCH-00087,PM-05,DEV-04,2024-01-23 08:31:01,149.67,0.0,0.0,14,Success,Purchase,Yangon,MMK,False
TXN-20240123-0004026,WALL-0082691,MERCH-00439,PM-04,DEV-01,2024-01-23 21:51:03,403.3,8.066,0.0,40,Success,Tax Payment,Mandalay,MMK,False
TXN-20240123-0004027,WALL-0055007,MERCH-00471,PM-01,DEV-01,2024-01-23 14:10:42,218.52,0.0,0.0,21,Success,Payment,Kuala Lumpur,MMK,False
TXN-20240123-0004028,WALL-0042775,MERCH-00014,PM-02,DEV-05,2024-01-23 18:21:50,31.4,0.0628,0.628,3,Success,Purchase,Manila,VND,False
TXN-20240123-0004029,WALL-0091012,MERCH-00259,PM-02,DEV-01,2024-01-23 16:29:42,22.91,0.0458,0.0,2,Success,Subscription,Mandalay,MMK,False
TXN-20240123-0004030,WALL-0003931,MERCH-00247,PM-03,DEV-01,2024-01-23 02:04:56,14.38,0.1151,0.0,1,Success,Subscription,Davao,PHP,False
TXN-20240123-0004031,WALL-0046770,MERCH-00320,PM-02,DEV-03,2024-01-23 19:13:28,270.02,0.54,0.0,27,Success,Bill Payment,Mawlamyine,MMK,False
TXN-20240123-0004032,WALL-0128757,MERCH-00089,PM-02,DEV-01,2024-01-23 16:24:16,105.65,0.2113,0.0,10,Success,Purchase,Bago,MMK,False
TXN-20240123-0004033,WALL-0035257,MERCH-00371,PM-01,DEV-01,2024-01-23 13:09:15,36.14,0.0,0.0,3,Success,Purchase,Mumbai,INR,False
TXN-20240123-0004034,WALL-0054908,MERCH-00058,PM-02,DEV-01,2024-01-23 06:05:00,32.64,0.0653,0.6529,3,Success,Purchase,Manila,PHP,False
TXN-20240123-0004035,WALL-0088083,MERCH-00071,PM-01,DEV-02,2024-01-23 18:51:25,24.08,0.0,0.4815,2,Success,Purchase,Pokhara,NPR,False
TXN-20240123-0004036,WALL-0106506,MERCH-00394,PM-04,DEV-02,2024-01-23 23:11:49,38.6,0.7721,0.0,3,Success,Purchase,Quezon City,BDT,False
TXN-20240123-0004037,WALL-0023492,MERCH-00327,PM-03,DEV-02,2024-01-23 16:19:03,92.23,0.7378,0.0,9,Success,Bill Payment,Myitkyina,MMK,False
TXN-20240123-0004038,WALL-0108833,MERCH-00048,PM-01,DEV-02,2024-01-23 13:27:50,16.03,0.0,0.3207,1,Success,Purchase,Ho Chi Minh City,VND,False
TXN-20240123-0004039,WALL-0011129,MERCH-00449,PM-01,DEV-04,2024-01-23 17:58:31,107.75,0.0,0.0,10,Success,Tax Payment,Chittagong,BDT,False
TXN-20240123-0004040,WALL-0020472,MERCH-00132,PM-01,DEV-02,2024-01-23 15:06:37,68.14,0.0,3.4069,6,Success,Purchase,Manila,PKR,False
TXN-20240123-0004041,WALL-0038919,MERCH-00071,PM-02,DEV-01,2024-01-23 10:20:43,6.08,0.0122,0.1216,0,Success,Purchase,Mandalay,MMK,False
TXN-20240123-0004042,WALL-0070840,MERCH-00079,PM-05,DEV-01,2024-01-23 18:43:28,20.05,0.0,0.401,2,Success,Purchase,Taunggyi,MMK,False
TXN-20240123-0004043,WALL-0005637,MERCH-00199,PM-04,DEV-01,2024-01-23 16:12:19,6.9,0.138,0.0,0,Success,Purchase,Ho Chi Minh City,VND,False
TXN-20240123-0004044,WALL-0083459,MERCH-00183,PM-02,DEV-02,2024-01-23 18:58:13,37.28,0.0746,1.8642,3,Success,Purchase,Taunggyi,MMK,False
TXN-20240123-0004045,WALL-0062231,MERCH-00137,PM-01,DEV-02,2024-01-23 15:08:13,71.79,0.0,3.5896,7,Success,Purchase,Chiang Mai,MMK,False
TXN-20240123-0004046,WALL-0113838,MERCH-00123,PM-01,DEV-02,2024-01-23 20:05:27,70.52,0.0,0.0,7,Success,Purchase,Mawlamyine,MMK,False
TXN-20240123-0004047,WALL-0113470,MERCH-00135,PM-01,DEV-02,2024-01-23 09:45:14,286.25,0.0,14.3127,28,Success,Purchase,Penang,MYR,False
TXN-20240123-0004048,WALL-0073757,MERCH-00312,PM-01,DEV-04,2024-01-23 16:59:44,42.81,0.0,0.0,4,Success,Bill Payment,Medan,IDR,False
TXN-20240123-0004049,WALL-0071585,MERCH-00492,PM-03,DEV-01,2024-01-23 06:22:41,260.89,2.0871,0.0,26,Success,Payment,Chennai,INR,False
TXN-20240123-0004050,WALL-0111007,MERCH-00106,PM-04,DEV-04,2024-01-23 13:34:24,18.78,0.3755,0.0,1,Success,Purchase,Karachi,THB,False
TXN-20240123-0004051,WALL-0081909,MERCH-00019,PM-01,DEV-03,2024-01-23 13:00:48,33.97,0.0,0.6794,3,Success,Purchase,Delhi,INR,False
TXN-20240123-0004052,WALL-0122559,MERCH-00265,PM-02,DEV-01,2024-01-23 08:14:38,10.03,0.0201,0.0,1,Success,Subscription,Mandalay,MMK,False
TXN-20240123-0004053,WALL-0065841,MERCH-00345,PM-03,DEV-03,2024-01-23 20:53:39,66.48,0.5318,0.0,6,Success,Bill Payment,Taunggyi,MMK,False
TXN-20240123-0004054,WALL-0003980,MERCH-00228,PM-01,DEV-02,2024-01-23 18:55:53,14.47,0.0,0.0,1,Success,Purchase,Mawlamyine,MMK,False
TXN-20240123-0004055,WALL-0138642,MERCH-00451,PM-02,DEV-05,2024-01-23 17:36:44,676.53,1.3531,0.0,67,Success,Payment,Taunggyi,MMK,False
TXN-20240123-0004056,WALL-0076063,MERCH-00418,PM-01,DEV-02,2024-01-23 06:23:42,263.48,0.0,0.0,26,Success,Payment,Bali,IDR,False
TXN-20240123-0004057,WALL-0131472,MERCH-00337,PM-02,DEV-02,2024-01-23 17:51:52,189.22,0.3784,0.0,18,Success,Bill Payment,Bangalore,INR,False
TXN-20240123-0004058,WALL-0107995,MERCH-00108,PM-01,DEV-02,2024-01-23 08:06:07,14.08,0.0,0.0,1,Success,Purchase,Delhi,INR,False
TXN-20240123-0004059,WALL-0148997,MERCH-00153,PM-02,DEV-03,2024-01-23 21:40:22,243.79,0.4876,12.1895,24,Success,Purchase,Pathein,MMK,False
TXN-20240123-0004060,WALL-0047755,MERCH-00462,PM-02,DEV-02,2024-01-23 00:08:11,127.2,0.2544,0.0,12,Success,Payment,Yangon,MMK,False
TXN-20240123-0004061,WALL-0023260,MERCH-00107,PM-01,DEV-01,2024-01-23 15:42:32,52.51,0.0,0.0,5,Success,Purchase,Jaipur,MMK,False
TXN-20240123-0004062,WALL-0116208,MERCH-00027,PM-03,DEV-02,2024-01-23 14:17:10,35.89,0.2871,0.0,0,Failed,Purchase,Bandung,IDR,False
TXN-20240123-0004063,WALL-0056601,MERCH-00346,PM-01,DEV-04,2024-01-23 23:27:58,54.52,0.0,0.0,5,Success,Bill Payment,Hyderabad,MMK,False
TXN-20240123-0004064,WALL-0134319,MERCH-00235,PM-02,DEV-03,2024-01-23 16:53:49,13.04,0.0261,0.0,1,Success,Subscription,Pokhara,NPR,False
TXN-20240123-0004065,WALL-0087249,MERCH-00022,PM-01,DEV-03,2024-01-23 16:05:06,16.42,0.0,0.3285,1,Success,Purchase,Yangon,MMK,False
TXN-20240123-0004066,WALL-0107172,MERCH-00238,PM-02,DEV-04,2024-01-23 17:37:56,9.27,0.0185,0.0,0,Success,Subscription,Pathein,MMK,False
TXN-20240123-0004067,WALL-0078591,MERCH-00003,PM-03,DEV-03,2024-01-23 07:52:40,10.11,0.0809,0.2022,1,Success,Purchase,Kolkata,INR,False
TXN-20240123-0004068,WALL-0033764,MERCH-00110,PM-01,DEV-01,2024-01-23 18:01:19,75.75,0.0,0.0,7,Success,Purchase,Mawlamyine,MMK,False
TXN-20240123-0004069,WALL-0138094,MERCH-00125,PM-04,DEV-01,2024-01-23 11:13:47,79.57,1.5914,0.0,7,Success,Purchase,Bago,MMK,False
TXN-20240123-0004070,WALL-0043625,MERCH-00078,PM-03,DEV-01,2024-01-23 21:57:14,10.72,0.0858,0.2145,1,Success,Purchase,Chittagong,MYR,False
TXN-20240123-0004071,WALL-0104492,MERCH-00430,PM-02,DEV-01,2024-01-23 06:15:58,42.42,0.0848,0.0,0,Failed,Payment,Jakarta,IDR,False
TXN-20240123-0004072,WALL-0023088,MERCH-00009,PM-03,DEV-01,2024-01-23 16:15:04,19.56,0.1564,0.3911,1,Success,Purchase,Naypyidaw,MMK,False
TXN-20240123-0004073,WALL-0052254,MERCH-00061,PM-01,DEV-01,2024-01-23 20:08:56,40.5,0.0,0.8099,4,Success,Purchase,Chennai,INR,False
TXN-20240123-0004074,WALL-0045620,MERCH-00306,PM-02,DEV-02,2024-01-23 11:20:37,388.7,0.7774,31.096,77,Success,Purchase,Chennai,INR,False
TXN-20240123-0004075,WALL-0110812,MERCH-00075,PM-01,DEV-02,2024-01-23 02:54:19,30.82,0.0,0.6164,3,Success,Purchase,Phuket,PKR,True
TXN-20240123-0004076,WALL-0010286,MERCH-00450,PM-03,DEV-01,2024-01-23 14:10:36,50.0,0.4,0.0,5,Success,Tax Payment,Pokhara,PKR,False
TXN-20240123-0004077,WALL-0088499,MERCH-00060,PM-04,DEV-02,2024-01-23 17:46:32,16.46,0.3293,0.3293,1,Success,Purchase,Cebu City,PHP,False
TXN-20240123-0004078,WALL-0130254,MERCH-00399,PM-02,DEV-01,2024-01-23 12:38:26,20.0,0.04,0.0,2,Success,Purchase,Mandalay,MMK,False
TXN-20240123-0004079,WALL-0044699,MERCH-00036,PM-05,DEV-04,2024-01-23 07:12:54,7.47,0.0,0.1493,0,Success,Purchase,Da Nang,VND,False
TXN-20240123-0004080,WALL-0015285,MERCH-00025,PM-02,DEV-01,2024-01-23 11:37:16,45.72,0.0914,0.9143,4,Success,Purchase,Mandalay,MMK,False
TXN-20240123-0004081,WALL-0146410,MERCH-00152,PM-03,DEV-03,2024-01-23 10:04:14,62.4,0.4992,3.1201,6,Success,Purchase,Chittagong,MMK,False
TXN-20240123-0004082,WALL-0016441,MERCH-00253,PM-01,DEV-01,2024-01-23 12:19:11,37.69,0.0,0.0,3,Success,Subscription,Bago,MMK,False
TXN-20240123-0004083,WALL-0021419,MERCH-00217,PM-05,DEV-02,2024-01-23 16:41:12,18.55,0.0,0.0,1,Success,Purchase,Pune,MMK,False
TXN-20240123-0004084,WALL-0057609,MERCH-00043,PM-04,DEV-05,2024-01-23 14:29:58,26.85,0.5371,0.5371,2,Success,Purchase,Ahmedabad,MMK,False
TXN-20240123-0004085,WALL-0094346,MERCH-00215,PM-03,DEV-03,2024-01-23 12:20:49,7.75,0.062,0.0,0,Success,Purchase,Islamabad,PKR,False
TXN-20240123-0004086,WALL-0092086,MERCH-00151,PM-01,DEV-01,2024-01-23 20:39:37,20.0,0.0,1.0,2,Success,Purchase,Hyderabad,INR,False
TXN-20240123-0004087,WALL-0000816,MERCH-00428,PM-02,DEV-02,2024-01-23 16:27:09,70.34,0.1407,0.0,7,Success,Payment,Myitkyina,MMK,False
TXN-20240123-0004088,WALL-0040713,MERCH-00110,PM-02,DEV-02,2024-01-23 19:26:28,120.78,0.2416,0.0,12,Success,Purchase,Mumbai,INR,False
TXN-20240123-0004089,WALL-0023009,MERCH-00029,PM-01,DEV-01,2024-01-23 14:25:42,22.03,0.0,0.4407,2,Success,Purchase,Khon Kaen,INR,False
TXN-20240123-0004090,WALL-0038028,MERCH-00111,PM-01,DEV-01,2024-01-23 09:58:44,76.9,0.0,0.0,7,Success,Purchase,Da Nang,VND,False
TXN-20240123-0004091,WALL-0033312,MERCH-00222,PM-03,DEV-03,2024-01-23 12:50:02,19.01,0.1521,0.0,1,Success,Purchase,Chiang Mai,MMK,False
TXN-20240123-0004092,WALL-0081271,MERCH-00059,PM-02,DEV-05,2024-01-23 12:42:28,7.27,0.0145,0.1454,0,Success,Purchase,Mandalay,MMK,False
TXN-20240123-0004093,WALL-0121306,MERCH-00202,PM-04,DEV-03,2024-01-23 11:06:30,14.03,0.2807,0.0,1,Success,Purchase,Ho Chi Minh City,MMK,False
TXN-20240123-0004094,WALL-0130097,MERCH-00435,PM-02,DEV-01,2024-01-23 21:57:16,361.12,0.7222,0.0,36,Success,Tax Payment,Davao,PHP,False
TXN-20240123-0004095,WALL-0101200,MERCH-00078,PM-01,DEV-01,2024-01-23 18:43:16,12.23,0.0,0.2445,1,Success,Purchase,Bago,MMK,False
TXN-20240123-0004096,WALL-0072301,MERCH-00097,PM-04,DEV-01,2024-01-23 16:34:46,85.61,1.7121,0.0,8,Success,Purchase,Naypyidaw,MMK,False
TXN-20240123-0004097,WALL-0042496,MERCH-00191,PM-04,DEV-05,2024-01-23 21:35:35,18.52,0.3704,0.0,1,Success,Purchase,Pokhara,NPR,False
TXN-20240123-0004098,WALL-0087206,MERCH-00314,PM-01,DEV-01,2024-01-23 09:44:07,32.94,0.0,0.0,3,Success,Bill Payment,Mandalay,MMK,False
TXN-20240123-0004099,WALL-0012755,MERCH-00103,PM-01,DEV-01,2024-01-23 20:21:45,71.53,0.0,0.0,7,Success,Purchase,Pattaya,THB,False
TXN-20240123-0004100,WALL-0088690,MERCH-00038,PM-02,DEV-02,2024-01-23 13:21:07,9.88,0.0198,0.1977,0,Success,Purchase,Cebu City,PHP,False
TXN-20240123-0004101,WALL-0046162,MERCH-00111,PM-05,DEV-01,2024-01-23 17:54:32,71.17,0.0,0.0,7,Success,Purchase,Mandalay,MMK,False
TXN-20240123-0004102,WALL-0138704,MERCH-00367,PM-04,DEV-01,2024-01-23 13:01:08,22.52,0.4503,0.0,2,Success,Bill Payment,Delhi,INR,False
TXN-20240123-0004103,WALL-0091569,MERCH-00065,PM-02,DEV-03,2024-01-23 20:27:21,5.42,0.0108,0.1083,0,Success,Purchase,Surabaya,PKR,False
TXN-20240123-0004104,WALL-0145409,MERCH-00043,PM-01,DEV-01,2024-01-23 15:56:35,9.73,0.0,0.1946,0,Success,Purchase,Manila,PHP,False
TXN-20240123-0004105,WALL-0097564,MERCH-00144,PM-05,DEV-01,2024-01-23 18:57:38,133.91,0.0,6.6957,13,Success,Purchase,Jakarta,KHR,False
TXN-20240123-0004106,WALL-0055790,MERCH-00315,PM-03,DEV-01,2024-01-23 09:23:46,83.93,0.6714,0.0,8,Success,Bill Payment,Cebu City,MMK,False
TXN-20240123-0004107,WALL-0050771,MERCH-00139,PM-01,DEV-01,2024-01-23 11:15:03,454.2,0.0,22.7101,45,Success,Purchase,Bangkok,THB,False
TXN-20240123-0004108,WALL-0094770,MERCH-00051,PM-04,DEV-05,2024-01-23 12:39:14,24.51,0.4901,0.4901,2,Success,Purchase,Bangalore,INR,False
TXN-20240123-0004109,WALL-0128773,MERCH-00043,PM-01,DEV-01,2024-01-23 08:40:27,31.5,0.0,0.63,3,Success,Purchase,Davao,MMK,False
TXN-20240123-0004110,WALL-0110788,MERCH-00058,PM-03,DEV-02,2024-01-23 16:39:25,18.07,0.1446,0.3615,1,Success,Purchase,Davao,PHP,False
TXN-20240123-0004111,WALL-0084482,MERCH-00283,PM-04,DEV-02,2024-01-23 12:41:10,1964.16,39.2832,157.1327,392,Success,Purchase,Kandy,LKR,False
TXN-20240123-0004112,WALL-0119833,MERCH-00010,PM-02,DEV-01,2024-01-23 11:44:40,12.32,0.0246,0.2464,1,Success,Purchase,Siem Reap,VND,False
TXN-20240123-0004113,WALL-0015153,MERCH-00208,PM-02,DEV-01,2024-01-23 12:14:38,35.0,0.07,0.0,3,Success,Purchase,Mandalay,PKR,False
TXN-20240123-0004114,WALL-0044628,MERCH-00106,PM-02,DEV-01,2024-01-23 18:29:00,46.95,0.0939,0.0,4,Success,Purchase,Jakarta,IDR,False
TXN-20240123-0004115,WALL-0130896,MERCH-00052,PM-03,DEV-01,2024-01-23 08:09:35,44.38,0.355,0.8875,4,Success,Purchase,Pattaya,NPR,False
TXN-20240123-0004116,WALL-0122634,MERCH-00477,PM-04,DEV-01,2024-01-23 12:59:58,148.65,2.9729,0.0,14,Success,Payment,Naypyidaw,MMK,False
TXN-20240123-0004117,WALL-0011727,MERCH-00287,PM-03,DEV-05,2024-01-23 17:39:01,1275.83,10.2067,102.0666,255,Success,Purchase,Hanoi,VND,False
TXN-20240123-0004118,WALL-0096339,MERCH-00075,PM-01,DEV-01,2024-01-23 15:17:43,39.58,0.0,0.7917,3,Success,Purchase,Taunggyi,MMK,False
TXN-20240123-0004119,WALL-0072439,MERCH-00066,PM-02,DEV-02,2024-01-23 20:09:01,8.81,0.0176,0.1762,0,Success,Purchase,Karachi,PKR,False
TXN-20240123-0004120,WALL-0117545,MERCH-00443,PM-03,DEV-01,2024-01-23 04:41:20,517.18,4.1374,0.0,51,Success,Tax Payment,Naypyidaw,MMK,False
TXN-20240123-0004121,WALL-0062961,MERCH-00109,PM-04,DEV-01,2024-01-23 15:28:17,46.0,0.92,0.0,4,Success,Purchase,Mawlamyine,MMK,False
TXN-20240123-0004122,WALL-0145972,MERCH-00447,PM-01,DEV-01,2024-01-23 21:21:04,237.5,0.0,0.0,23,Success,Tax Payment,Dhaka,VND,False
TXN-20240123-0004123,WALL-0096527,MERCH-00384,PM-04,DEV-01,2024-01-23 20:04:47,61.81,1.2363,0.0,6,Success,Purchase,Karachi,MYR,False
TXN-20240123-0004124,WALL-0033593,MERCH-00196,PM-02,DEV-02,2024-01-23 03:41:13,15.53,0.0311,0.0,1,Success,Purchase,Bago,MMK,False
TXN-20240123-0004125,WALL-0120338,MERCH-00020,PM-01,DEV-01,2024-01-23 14:36:55,33.66,0.0,0.6733,3,Success,Purchase,Pattaya,THB,False
TXN-20240123-0004126,WALL-0000422,MERCH-00359,PM-04,DEV-02,2024-01-23 15:35:02,34.17,0.6833,0.0,3,Success,Bill Payment,Taunggyi,MMK,False
TXN-20240123-0004127,WALL-0010212,MERCH-00193,PM-03,DEV-01,2024-01-23 11:14:28,6.03,0.0482,0.0,0,Success,Purchase,Kolkata,INR,False
TXN-20240123-0004128,WALL-0036217,MERCH-00024,PM-01,DEV-03,2024-01-23 05:11:32,29.08,0.0,0.5816,2,Success,Purchase,Myitkyina,MMK,False
TXN-20240123-0004129,WALL-0118357,MERCH-00401,PM-03,DEV-05,2024-01-23 12:05:42,56.58,0.4526,0.0,5,Success,Payment,Ahmedabad,INR,False
TXN-20240123-0004130,WALL-0035578,MERCH-00107,PM-03,DEV-01,2024-01-23 13:01:31,57.83,0.4627,0.0,5,Success,Purchase,Myitkyina,MMK,False
TXN-20240123-0004131,WALL-0144082,MERCH-00071,PM-01,DEV-01,2024-01-23 02:57:46,16.1,0.0,0.3219,1,Success,Purchase,Bandung,MMK,False
TXN-20240123-0004132,WALL-0098132,MERCH-00081,PM-02,DEV-04,2024-01-23 20:43:20,38.96,0.0779,0.0,3,Success,Purchase,Pathein,MMK,False
TXN-20240123-0004133,WALL-0067569,MERCH-00446,PM-01,DEV-02,2024-01-23 13:11:01,318.49,0.0,0.0,31,Success,Tax Payment,Delhi,INR,False
TXN-20240123-0004134,WALL-0013385,MERCH-00392,PM-02,DEV-02,2024-01-23 15:51:29,135.78,0.2716,0.0,13,Success,Purchase,Phnom Penh,NPR,False
TXN-20240123-0004135,WALL-0138060,MERCH-00118,PM-01,DEV-02,2024-01-23 15:06:23,178.29,0.0,0.0,17,Success,Purchase,Da Nang,VND,False
TXN-20240123-0004136,WALL-0110398,MERCH-00102,PM-01,DEV-02,2024-01-23 19:47:27,51.71,0.0,0.0,5,Success,Purchase,Dhaka,BDT,False
TXN-20240123-0004137,WALL-0116549,MERCH-00321,PM-01,DEV-01,2024-01-23 10:28:48,138.75,0.0,0.0,13,Success,Bill Payment,Mandalay,MMK,False
TXN-20240123-0004138,WALL-0073314,MERCH-00173,PM-01,DEV-05,2024-01-23 21:12:07,36.17,0.0,1.8084,3,Success,Purchase,Davao,PHP,False
TXN-20240123-0004139,WALL-0148983,MERCH-00392,PM-03,DEV-01,2024-01-23 00:08:51,83.25,0.666,0.0,8,Success,Purchase,Bandung,IDR,False
TXN-20240123-0004140,WALL-0061747,MERCH-00161,PM-03,DEV-03,2024-01-23 21:14:11,47.88,0.383,2.394,4,Success,Purchase,Medan,IDR,False
TXN-20240123-0004141,WALL-0037590,MERCH-00040,PM-02,DEV-01,2024-01-23 08:27:46,51.72,0.1034,1.0344,5,Success,Purchase,Yangon,MMK,False
TXN-20240123-0004142,WALL-0110632,MERCH-00257,PM-02,DEV-03,2024-01-23 15:41:40,11.89,0.0238,0.0,1,Success,Subscription,Khon Kaen,THB,False
TXN-20240123-0004143,WALL-0021510,MERCH-00256,PM-02,DEV-01,2024-01-23 08:01:53,16.65,0.0333,0.0,1,Success,Subscription,Pattaya,THB,False
TXN-20240123-0004144,WALL-0096653,MERCH-00450,PM-02,DEV-01,2024-01-23 21:27:18,2742.2,5.4844,0.0,274,Success,Tax Payment,Hyderabad,INR,False
TXN-20240123-0004145,WALL-0044940,MERCH-00409,PM-01,DEV-01,2024-01-23 13:39:52,54.31,0.0,0.0,5,Success,Payment,Phuket,THB,False
TXN-20240123-0004146,WALL-0134695,MERCH-00044,PM-04,DEV-02,2024-01-23 20:08:51,10.82,0.2164,0.2164,1,Success,Purchase,Kuala Lumpur,MYR,False
TXN-20240123-0004147,WALL-0147877,MERCH-00265,PM-01,DEV-01,2024-01-23 16:10:44,9.79,0.0,0.0,0,Success,Subscription,Medan,IDR,False
TXN-20240123-0004148,WALL-0079208,MERCH-00270,PM-01,DEV-01,2024-01-23 20:14:34,9.72,0.0,0.0,0,Success,Subscription,Mandalay,MMK,False
TXN-20240123-0004149,WALL-0017208,MERCH-00350,PM-05,DEV-01,2024-01-23 14:50:12,17.29,0.0,0.0,1,Success,Bill Payment,Kandy,LKR,False
TXN-20240123-0004150,WALL-0014164,MERCH-00248,PM-01,DEV-05,2024-01-23 22:16:09,12.47,0.0,0.0,1,Success,Subscription,Penang,MYR,False
TXN-20240123-0004151,WALL-0069418,MERCH-00327,PM-01,DEV-05,2024-01-23 12:38:47,123.88,0.0,0.0,12,Success,Bill Payment,Myitkyina,MMK,False
TXN-20240123-0004152,WALL-0149968,MERCH-00426,PM-02,DEV-01,2024-01-23 08:02:55,20.0,0.04,0.0,2,Success,Payment,Chittagong,BDT,False
TXN-20240123-0004153,WALL-0053367,MERCH-00271,PM-04,DEV-01,2024-01-23 17:16:05,373.53,7.4705,29.882,74,Success,Purchase,Jaipur,MMK,False
TXN-20240123-0004154,WALL-0010979,MERCH-00311,PM-04,DEV-01,2024-01-23 15:34:05,87.69,1.7539,0.0,8,Success,Bill Payment,Ahmedabad,INR,False
TXN-20240123-0004155,WALL-0058188,MERCH-00378,PM-02,DEV-03,2024-01-23 14:45:31,118.11,0.2362,0.0,11,Success,Purchase,Mawlamyine,MMK,False
TXN-20240123-0004156,WALL-0019103,MERCH-00264,PM-01,DEV-01,2024-01-23 17:27:15,13.3,0.0,0.0,1,Success,Subscription,Bago,MMK,False
TXN-20240123-0004157,WALL-0085294,MERCH-00431,PM-01,DEV-04,2024-01-23 18:02:23,215.3,0.0,0.0,21,Success,Tax Payment,Taunggyi,MMK,False
TXN-20240123-0004158,WALL-0140918,MERCH-00036,PM-01,DEV-01,2024-01-23 12:00:43,16.26,0.0,0.3251,1,Success,Purchase,Mawlamyine,MMK,False
TXN-20240123-0004159,WALL-0128409,MERCH-00063,PM-03,DEV-01,2024-01-23 19:05:57,9.5,0.076,0.19,0,Success,Purchase,Ahmedabad,INR,False
TXN-20240123-0004160,WALL-0049081,MERCH-00305,PM-02,DEV-01,2024-01-23 14:12:48,613.21,1.2264,49.0567,122,Success,Purchase,Myitkyina,MMK,False
TXN-20240123-0004161,WALL-0052518,MERCH-00066,PM-02,DEV-01,2024-01-23 14:49:22,20.2,0.0404,0.404,2,Success,Purchase,Pathein,MMK,False
TXN-20240123-0004162,WALL-0045386,MERCH-00255,PM-04,DEV-01,2024-01-23 08:58:39,6.81,0.1361,0.0,0,Success,Subscription,Da Nang,VND,False
TXN-20240123-0004163,WALL-0124222,MERCH-00326,PM-02,DEV-02,2024-01-23 16:24:41,86.6,0.1732,0.0,8,Success,Bill Payment,Manila,PHP,False
TXN-20240123-0004164,WALL-0007536,MERCH-00162,PM-02,DEV-03,2024-01-23 13:06:45,63.01,0.126,3.1504,6,Success,Purchase,Delhi,MMK,False
TXN-20240123-0004165,WALL-0008522,MERCH-00446,PM-01,DEV-01,2024-01-23 14:11:25,605.54,0.0,0.0,60,Success,Tax Payment,Delhi,INR,False
TXN-20240123-0004166,WALL-0136217,MERCH-00057,PM-05,DEV-01,2024-01-23 07:28:39,24.2,0.0,0.484,2,Success,Purchase,Yangon,MMK,False
TXN-20240123-0004167,WALL-0122150,MERCH-00279,PM-01,DEV-02,2024-01-23 23:31:44,1742.7,0.0,139.4157,348,Success,Purchase,Naypyidaw,MMK,False
TXN-20240123-0004168,WALL-0069546,MERCH-00325,PM-01,DEV-02,2024-01-23 16:43:20,209.72,0.0,0.0,20,Success,Bill Payment,Cebu City,PHP,False
TXN-20240123-0004169,WALL-0045250,MERCH-00069,PM-01,DEV-05,2024-01-23 14:57:23,38.0,0.0,0.7601,3,Success,Purchase,Islamabad,PKR,False
TXN-20240123-0004170,WALL-0117123,MERCH-00116,PM-01,DEV-03,2024-01-23 13:17:15,52.4,0.0,0.0,5,Success,Purchase,Chiang Mai,PHP,False
TXN-20240123-0004171,WALL-0094466,MERCH-00094,PM-01,DEV-01,2024-01-23 18:10:39,18.53,0.0,0.0,0,Failed,Purchase,Ho Chi Minh City,VND,False
TXN-20240123-0004172,WALL-0042485,MERCH-00220,PM-01,DEV-01,2024-01-23 14:56:09,24.47,0.0,0.0,2,Success,Purchase,Kuala Lumpur,MYR,False
TXN-20240123-0004173,WALL-0076362,MERCH-00177,PM-03,DEV-05,2024-01-23 08:58:04,52.33,0.4186,2.6165,5,Success,Purchase,Mandalay,MMK,False
TXN-20240123-0004174,WALL-0087152,MERCH-00104,PM-01,DEV-01,2024-01-23 12:16:23,31.41,0.0,0.0,3,Success,Purchase,Yangon,MMK,False
TXN-20240123-0004175,WALL-0020395,MERCH-00432,PM-01,DEV-02,2024-01-23 13:15:59,169.4,0.0,0.0,16,Success,Tax Payment,Quezon City,PHP,False
TXN-20240123-0004176,WALL-0117395,MERCH-00358,PM-04,DEV-02,2024-01-23 15:18:41,41.01,0.8201,0.0,4,Success,Bill Payment,Mawlamyine,MMK,False
TXN-20240123-0004177,WALL-0003815,MERCH-00049,PM-05,DEV-01,2024-01-23 07:39:03,13.62,0.0,0.2723,1,Success,Purchase,Yangon,MMK,False
TXN-20240123-0004178,WALL-0012748,MERCH-00362,PM-04,DEV-04,2024-01-23 14:36:24,15.17,0.3034,0.0,1,Success,Bill Payment,Mandalay,MMK,False
TXN-20240123-0004179,WALL-0078747,MERCH-00172,PM-03,DEV-01,2024-01-23 09:00:52,181.97,1.4558,9.0986,18,Success,Purchase,Pathein,MMK,False
TXN-20240123-0004180,WALL-0076844,MERCH-00398,PM-01,DEV-02,2024-01-23 21:08:52,72.02,0.0,0.0,0,Failed,Purchase,Chiang Mai,THB,False
TXN-20240123-0004181,WALL-0041377,MERCH-00197,PM-01,DEV-01,2024-01-23 15:45:32,38.64,0.0,0.0,3,Success,Purchase,Mawlamyine,MMK,False
TXN-20240123-0004182,WALL-0089478,MERCH-00364,PM-04,DEV-03,2024-01-23 17:50:19,21.86,0.4372,0.0,2,Success,Bill Payment,Taunggyi,MMK,False
TXN-20240123-0004183,WALL-0013669,MERCH-00003,PM-01,DEV-01,2024-01-23 18:59:34,44.35,0.0,0.8869,4,Success,Purchase,Mawlamyine,MMK,False
TXN-20240123-0004184,WALL-0078974,MERCH-00242,PM-04,DEV-01,2024-01-23 19:37:00,5.35,0.107,0.0,0,Success,Subscription,Siem Reap,KHR,False
TXN-20240123-0004185,WALL-0122081,MERCH-00118,PM-01,DEV-01,2024-01-23 17:37:31,95.92,0.0,0.0,9,Success,Purchase,Mandalay,MMK,False
TXN-20240123-0004186,WALL-0086220,MERCH-00339,PM-01,DEV-01,2024-01-23 17:58:58,112.97,0.0,0.0,11,Success,Bill Payment,Davao,PHP,False
TXN-20240123-0004187,WALL-0032214,MERCH-00374,PM-02,DEV-01,2024-01-23 21:36:23,102.81,0.2056,0.0,10,Success,Purchase,Mawlamyine,MMK,False
TXN-20240123-0004188,WALL-0090224,MERCH-00040,PM-01,DEV-01,2024-01-23 08:55:26,12.76,0.0,0.2553,1,Success,Purchase,Naypyidaw,MMK,False
TXN-20240123-0004189,WALL-0049657,MERCH-00173,PM-01,DEV-03,2024-01-23 10:42:58,85.23,0.0,4.2613,8,Success,Purchase,Pune,INR,False
TXN-20240123-0004190,WALL-0000997,MERCH-00239,PM-04,DEV-01,2024-01-23 08:19:08,18.75,0.375,0.0,1,Success,Subscription,Bago,MMK,False
TXN-20240123-0004191,WALL-0021133,MERCH-00393,PM-02,DEV-01,2024-01-23 21:49:19,27.63,0.0553,0.0,2,Success,Purchase,Mawlamyine,MMK,False
TXN-20240123-0004192,WALL-0093302,MERCH-00134,PM-04,DEV-01,2024-01-23 17:55:05,63.12,1.2623,3.1559,6,Success,Purchase,Colombo,LKR,False
TXN-20240123-0004193,WALL-0107823,MERCH-00239,PM-01,DEV-02,2024-01-23 20:55:57,25.69,0.0,0.0,2,Success,Subscription,Yangon,MMK,False
TXN-20240123-0004194,WALL-0008714,MERCH-00163,PM-04,DEV-03,2024-01-23 16:56:02,116.32,2.3264,5.8159,11,Success,Purchase,Yangon,MMK,False
TXN-20240123-0004195,WALL-0033297,MERCH-00231,PM-03,DEV-01,2024-01-23 15:59:18,38.82,0.3105,0.0,3,Success,Subscription,Colombo,LKR,False
TXN-20240123-0004196,WALL-0010869,MERCH-00087,PM-01,DEV-02,2024-01-23 09:05:19,38.98,0.0,0.0,3,Success,Purchase,Yangon,MMK,False
TXN-20240123-0004197,WALL-0113256,MERCH-00176,PM-02,DEV-01,2024-01-23 19:23:30,86.74,0.1735,4.337,8,Success,Purchase,Yangon,MMK,False
TXN-20240123-0004198,WALL-0097513,MERCH-00314,PM-01,DEV-01,2024-01-23 06:40:42,167.77,0.0,0.0,0,Failed,Bill Payment,Surabaya,IDR,False
TXN-20240123-0004199,WALL-0020338,MERCH-00124,PM-02,DEV-03,2024-01-23 14:23:03,43.13,0.0863,0.0,4,Success,Purchase,Penang,MYR,False
TXN-20240123-0004200,WALL-0093199,MERCH-00159,PM-03,DEV-02,2024-01-23 21:29:10,63.11,0.5049,3.1554,6,Success,Purchase,Hanoi,VND,False
TXN-20240123-0004201,WALL-0043116,MERCH-00290,PM-02,DEV-02,2024-01-23 11:39:58,1361.9,2.7238,108.9518,272,Success,Purchase,Pathein,MMK,False
TXN-20240123-0004202,WALL-0082653,MERCH-00307,PM-01,DEV-01,2024-01-23 18:43:37,672.47,0.0,53.7978,134,Success,Purchase,Singapore,SGD,False
TXN-20240123-0004203,WALL-0109274,MERCH-00311,PM-04,DEV-03,2024-01-23 01:21:17,169.46,3.3893,0.0,16,Success,Bill Payment,Cebu City,PHP,False
TXN-20240123-0004204,WALL-0049821,MERCH-00234,PM-02,DEV-03,2024-01-23 12:49:23,13.48,0.027,0.0,1,Success,Subscription,Manila,PHP,False
TXN-20240123-0004205,WALL-0142343,MERCH-00324,PM-01,DEV-02,2024-01-23 08:43:54,73.91,0.0,0.0,7,Success,Bill Payment,Ahmedabad,INR,False
TXN-20240123-0004206,WALL-0064304,MERCH-00395,PM-04,DEV-01,2024-01-23 21:38:00,35.65,0.713,0.0,3,Success,Purchase,Bago,MMK,False
TXN-20240123-0004207,WALL-0077364,MERCH-00354,PM-01,DEV-04,2024-01-23 06:00:45,30.86,0.0,0.0,3,Success,Bill Payment,Mawlamyine,MMK,False
TXN-20240123-0004208,WALL-0054972,MERCH-00148,PM-04,DEV-02,2024-01-23 16:05:53,32.52,0.6505,1.6262,3,Success,Purchase,Myitkyina,MMK,False
TXN-20240123-0004209,WALL-0137210,MERCH-00409,PM-03,DEV-02,2024-01-23 12:18:18,109.31,0.8745,0.0,10,Success,Payment,Delhi,INR,False
TXN-20240123-0004210,WALL-0117534,MERCH-00012,PM-01,DEV-01,2024-01-23 13:33:49,17.21,0.0,0.3442,1,Success,Purchase,Chennai,INR,False
TXN-20240123-0004211,WALL-0035264,MERCH-00096,PM-01,DEV-01,2024-01-23 21:09:40,18.99,0.0,0.0,1,Success,Purchase,Da Nang,VND,False
TXN-20240123-0004212,WALL-0072664,MERCH-00102,PM-02,DEV-01,2024-01-23 13:33:11,58.5,0.117,0.0,5,Success,Purchase,Yangon,MMK,False
TXN-20240123-0004213,WALL-0125167,MERCH-00264,PM-01,DEV-02,2024-01-23 15:20:16,9.49,0.0,0.0,0,Success,Subscription,Taunggyi,MMK,False
TXN-20240123-0004214,WALL-0100527,MERCH-00424,PM-02,DEV-01,2024-01-23 12:58:12,95.38,0.1908,0.0,9,Success,Payment,Mandalay,MMK,False
TXN-20240123-0004215,WALL-0059618,MERCH-00105,PM-03,DEV-04,2024-01-23 07:41:20,107.75,0.862,0.0,10,Success,Purchase,Da Nang,VND,False
TXN-20240123-0004216,WALL-0110036,MERCH-00374,PM-02,DEV-02,2024-01-23 20:00:48,50.82,0.1016,0.0,5,Success,Purchase,Naypyidaw,MMK,False
TXN-20240123-0004217,WALL-0100976,MERCH-00423,PM-05,DEV-01,2024-01-23 01:01:16,157.16,0.0,0.0,15,Success,Payment,Myitkyina,MMK,False
TXN-20240123-0004218,WALL-0080607,MERCH-00235,PM-01,DEV-01,2024-01-23 23:49:03,18.31,0.0,0.0,1,Success,Subscription,Mandalay,MMK,False
TXN-20240123-0004219,WALL-0078512,MERCH-00120,PM-02,DEV-03,2024-01-23 09:36:45,139.45,0.2789,0.0,13,Success,Purchase,Chittagong,BDT,False
TXN-20240123-0004220,WALL-0121818,MERCH-00238,PM-04,DEV-01,2024-01-23 22:02:53,20.1,0.4019,0.0,2,Success,Subscription,Khon Kaen,THB,False
TXN-20240123-0004221,WALL-0081779,MERCH-00089,PM-01,DEV-03,2024-01-23 15:33:26,31.05,0.0,0.0,3,Success,Purchase,Yangon,MMK,False
TXN-20240123-0004222,WALL-0042999,MERCH-00041,PM-02,DEV-01,2024-01-23 14:08:47,43.21,0.0864,0.8643,4,Success,Purchase,Chiang Mai,PHP,False
TXN-20240123-0004223,WALL-0010761,MERCH-00218,PM-01,DEV-01,2024-01-23 04:40:46,21.37,0.0,0.0,2,Success,Purchase,Phnom Penh,KHR,False
TXN-20240123-0004224,WALL-0094845,MERCH-00003,PM-05,DEV-03,2024-01-23 22:32:23,22.43,0.0,0.4487,2,Success,Purchase,Chennai,SGD,True
TXN-20240123-0004225,WALL-0019896,MERCH-00259,PM-01,DEV-01,2024-01-23 03:15:42,10.96,0.0,0.0,1,Success,Subscription,Bangkok,THB,False
TXN-20240123-0004226,WALL-0054440,MERCH-00115,PM-02,DEV-04,2024-01-23 16:49:22,14.47,0.0289,0.0,1,Success,Purchase,Singapore,THB,False
TXN-20240123-0004227,WALL-0089336,MERCH-00010,PM-03,DEV-01,2024-01-23 16:45:07,10.86,0.0869,0.2172,1,Success,Purchase,Yangon,MMK,False
TXN-20240123-0004228,WALL-0117141,MERCH-00386,PM-03,DEV-01,2024-01-23 06:02:00,136.58,1.0927,0.0,13,Success,Purchase,Mandalay,MMK,False
TXN-20240123-0004229,WALL-0080759,MERCH-00189,PM-02,DEV-01,2024-01-23 11:35:09,42.39,0.0848,2.1196,4,Success,Purchase,Yangon,MMK,False
TXN-20240123-0004230,WALL-0084074,MERCH-00446,PM-02,DEV-01,2024-01-23 20:56:36,280.63,0.5613,0.0,28,Success,Tax Payment,Yangon,MMK,False
TXN-20240123-0004231,WALL-0068866,MERCH-00162,PM-02,DEV-01,2024-01-23 14:36:53,149.53,0.2991,7.4763,14,Success,Purchase,Pathein,MMK,False
TXN-20240123-0004232,WALL-0017189,MERCH-00044,PM-01,DEV-03,2024-01-23 13:50:27,15.5,0.0,0.31,1,Success,Purchase,Hyderabad,INR,False
TXN-20240123-0004233,WALL-0133620,MERCH-00381,PM-04,DEV-01,2024-01-23 17:10:14,30.81,0.6162,0.0,3,Success,Purchase,Yangon,MMK,False
TXN-20240123-0004234,WALL-0051174,MERCH-00439,PM-03,DEV-03,2024-01-23 09:35:13,205.79,1.6463,0.0,20,Success,Tax Payment,Dhaka,MMK,False
TXN-20240123-0004235,WALL-0117972,MERCH-00125,PM-03,DEV-01,2024-01-23 05:00:38,56.25,0.45,0.0,5,Success,Purchase,Myitkyina,MMK,False
TXN-20240123-0004236,WALL-0069358,MERCH-00113,PM-01,DEV-01,2024-01-23 06:05:06,47.82,0.0,0.0,4,Success,Purchase,Yangon,MMK,False
TXN-20240123-0004237,WALL-0110070,MERCH-00290,PM-01,DEV-01,2024-01-23 21:32:21,485.9,0.0,38.8721,97,Success,Purchase,Myitkyina,MMK,False
TXN-20240123-0004238,WALL-0001176,MERCH-00451,PM-05,DEV-01,2024-01-23 14:38:21,248.44,0.0,0.0,24,Success,Payment,Islamabad,PKR,False
TXN-20240123-0004239,WALL-0008279,MERCH-00050,PM-02,DEV-01,2024-01-23 16:49:22,19.27,0.0385,0.3853,1,Success,Purchase,Mandalay,MMK,False
TXN-20240123-0004240,WALL-0124168,MERCH-00090,PM-02,DEV-02,2024-01-23 09:55:35,37.28,0.0746,0.0,3,Success,Purchase,Lahore,PKR,False
TXN-20240123-0004241,WALL-0043669,MERCH-00344,PM-01,DEV-05,2024-01-23 16:07:31,104.36,0.0,0.0,10,Success,Bill Payment,Karachi,PKR,False
TXN-20240123-0004242,WALL-0129682,MERCH-00107,PM-02,DEV-04,2024-01-23 18:07:46,50.7,0.1014,0.0,5,Success,Purchase,Singapore,THB,False
TXN-20240123-0004243,WALL-0029752,MERCH-00078,PM-01,DEV-01,2024-01-23 18:37:04,21.99,0.0,0.4398,2,Success,Purchase,Singapore,SGD,False
TXN-20240123-0004244,WALL-0137893,MERCH-00131,PM-01,DEV-04,2024-01-23 12:57:28,56.68,0.0,2.8341,5,Success,Purchase,Mandalay,MMK,False
TXN-20240123-0004245,WALL-0073281,MERCH-00498,PM-01,DEV-03,2024-01-23 13:20:49,50.0,0.0,0.0,5,Success,Payment,Myitkyina,MMK,False
TXN-20240123-0004246,WALL-0065562,MERCH-00231,PM-02,DEV-01,2024-01-23 09:08:55,8.82,0.0176,0.0,0,Success,Subscription,Bali,IDR,False
TXN-20240123-0004247,WALL-0060412,MERCH-00022,PM-01,DEV-05,2024-01-23 15:51:58,99.0,0.0,1.98,9,Success,Purchase,Singapore,SGD,False
TXN-20240123-0004248,WALL-0042738,MERCH-00038,PM-01,DEV-05,2024-01-23 21:43:09,14.77,0.0,0.2954,1,Success,Purchase,Mandalay,MMK,False
TXN-20240123-0004249,WALL-0143055,MERCH-00198,PM-01,DEV-01,2024-01-23 17:16:48,15.75,0.0,0.0,1,Success,Purchase,Mawlamyine,MMK,False
TXN-20240123-0004250,WALL-0040270,MERCH-00304,PM-04,DEV-02,2024-01-23 08:59:08,360.98,7.2195,28.8782,72,Success,Purchase,Bago,IDR,False
TXN-20240123-0004251,WALL-0082443,MERCH-00226,PM-01,DEV-01,2024-01-23 19:58:56,12.56,0.0,0.0,1,Success,Purchase,Jakarta,IDR,False
TXN-20240123-0004252,WALL-0035770,MERCH-00345,PM-01,DEV-03,2024-01-23 17:16:20,17.03,0.0,0.0,1,Success,Bill Payment,Medan,MMK,False
TXN-20240123-0004253,WALL-0142734,MERCH-00055,PM-02,DEV-01,2024-01-23 13:10:08,24.89,0.0498,0.4979,2,Success,Purchase,Cebu City,PHP,False
TXN-20240123-0004254,WALL-0125698,MERCH-00196,PM-02,DEV-01,2024-01-23 21:36:19,7.75,0.0155,0.0,0,Success,Purchase,Quezon City,PHP,False
TXN-20240123-0004255,WALL-0018858,MERCH-00370,PM-04,DEV-01,2024-01-23 15:21:11,21.75,0.435,0.0,2,Success,Bill Payment,Quezon City,IDR,False
TXN-20240123-0004256,WALL-0038257,MERCH-00125,PM-04,DEV-03,2024-01-23 15:25:58,95.9,1.9181,0.0,9,Success,Purchase,Pathein,INR,False
TXN-20240123-0004257,WALL-0058156,MERCH-00374,PM-01,DEV-03,2024-01-23 18:39:53,32.49,0.0,0.0,3,Success,Purchase,Myitkyina,MMK,False
TXN-20240123-0004258,WALL-0101561,MERCH-00102,PM-03,DEV-01,2024-01-23 21:19:48,313.9,2.5112,0.0,31,Success,Purchase,Naypyidaw,MMK,False
TXN-20240123-0004259,WALL-0082495,MERCH-00193,PM-01,DEV-05,2024-01-23 08:55:47,25.13,0.0,0.0,2,Success,Purchase,Pattaya,MMK,False
TXN-20240123-0004260,WALL-0076988,MERCH-00397,PM-04,DEV-03,2024-01-23 15:57:50,26.35,0.527,0.0,2,Success,Purchase,Jakarta,IDR,False
TXN-20240123-0004261,WALL-0032156,MERCH-00100,PM-01,DEV-03,2024-01-23 18:15:27,175.78,0.0,0.0,0,Failed,Purchase,Johor Bahru,MYR,False
TXN-20240123-0004262,WALL-0119359,MERCH-00067,PM-02,DEV-02,2024-01-23 14:58:13,5.0,0.01,0.1,0,Success,Purchase,Bangkok,THB,False
TXN-20240123-0004263,WALL-0008521,MERCH-00189,PM-01,DEV-01,2024-01-23 17:18:15,81.33,0.0,4.0665,8,Success,Purchase,Bangalore,INR,False
TXN-20240123-0004264,WALL-0006928,MERCH-00368,PM-03,DEV-02,2024-01-23 12:34:00,33.4,0.2672,0.0,3,Success,Bill Payment,Phnom Penh,NPR,False
TXN-20240123-0004265,WALL-0109937,MERCH-00369,PM-01,DEV-01,2024-01-23 16:32:39,18.39,0.0,0.0,1,Success,Bill Payment,Quezon City,MMK,False
TXN-20240123-0004266,WALL-0018041,MERCH-00018,PM-01,DEV-01,2024-01-23 13:03:05,24.98,0.0,0.4995,2,Success,Purchase,Bangalore,INR,False
TXN-20240123-0004267,WALL-0069746,MERCH-00126,PM-01,DEV-01,2024-01-23 06:06:07,39.55,0.0,0.0,3,Success,Purchase,Pune,INR,False
TXN-20240123-0004268,WALL-0149633,MERCH-00437,PM-05,DEV-01,2024-01-23 03:28:34,72.61,0.0,0.0,7,Success,Tax Payment,Jakarta,IDR,False
TXN-20240123-0004269,WALL-0044206,MERCH-00267,PM-03,DEV-01,2024-01-23 16:24:39,16.5,0.132,0.0,1,Success,Subscription,Quezon City,PHP,False
TXN-20240123-0004270,WALL-0104132,MERCH-00251,PM-05,DEV-01,2024-01-23 11:39:48,6.85,0.0,0.0,0,Reversed,Subscription,Karachi,MMK,False
TXN-20240123-0004271,WALL-0025249,MERCH-00362,PM-02,DEV-01,2024-01-23 16:01:03,30.79,0.0616,0.0,3,Success,Bill Payment,Pathein,MMK,False
TXN-20240123-0004272,WALL-0113062,MERCH-00040,PM-01,DEV-04,2024-01-23 19:35:00,14.19,0.0,0.2839,1,Success,Purchase,Mawlamyine,MMK,False
TXN-20240123-0004273,WALL-0067131,MERCH-00147,PM-03,DEV-01,2024-01-23 06:36:48,99.75,0.798,4.9877,9,Success,Purchase,Mandalay,MMK,False
TXN-20240123-0004274,WALL-0028255,MERCH-00071,PM-01,DEV-02,2024-01-23 12:26:05,20.83,0.0,0.4166,2,Success,Purchase,Lahore,PKR,False
TXN-20240123-0004275,WALL-0145772,MERCH-00058,PM-05,DEV-01,2024-01-23 17:10:47,53.31,0.0,1.0662,5,Success,Purchase,Penang,MYR,False
TXN-20240123-0004276,WALL-0019087,MERCH-00465,PM-03,DEV-01,2024-01-23 21:50:38,184.76,1.4781,0.0,18,Success,Payment,Kathmandu,NPR,False
TXN-20240123-0004277,WALL-0003842,MERCH-00066,PM-04,DEV-01,2024-01-23 19:34:10,5.0,0.1,0.1,0,Success,Purchase,Mawlamyine,MMK,False
TXN-20240123-0004278,WALL-0039084,MERCH-00007,PM-04,DEV-02,2024-01-23 08:55:13,54.41,1.0883,1.0883,5,Success,Purchase,Karachi,PKR,False
TXN-20240123-0004279,WALL-0140486,MERCH-00243,PM-02,DEV-01,2024-01-23 00:06:19,28.0,0.056,0.0,2,Success,Subscription,Phnom Penh,KHR,False
TXN-20240123-0004280,WALL-0009237,MERCH-00105,PM-02,DEV-01,2024-01-23 10:03:49,32.39,0.0648,0.0,3,Success,Purchase,Pokhara,NPR,False
TXN-20240123-0004281,WALL-0105488,MERCH-00075,PM-03,DEV-05,2024-01-23 14:49:14,14.44,0.1156,0.2889,1,Success,Purchase,Bali,IDR,False
TXN-20240123-0004282,WALL-0091344,MERCH-00178,PM-01,DEV-02,2024-01-23 20:11:02,20.0,0.0,1.0,2,Success,Purchase,Kuala Lumpur,MYR,False
TXN-20240123-0004283,WALL-0146429,MERCH-00074,PM-03,DEV-04,2024-01-23 10:07:59,60.0,0.48,1.2,6,Success,Purchase,Naypyidaw,MMK,False
TXN-20240123-0004284,WALL-0098422,MERCH-00370,PM-01,DEV-01,2024-01-23 23:04:52,60.07,0.0,0.0,6,Success,Bill Payment,Jakarta,IDR,False
TXN-20240123-0004285,WALL-0015732,MERCH-00360,PM-01,DEV-01,2024-01-23 02:19:24,43.69,0.0,0.0,4,Success,Bill Payment,Naypyidaw,MMK,False
TXN-20240123-0004286,WALL-0060597,MERCH-00167,PM-04,DEV-03,2024-01-23 16:42:40,207.0,4.14,10.35,20,Success,Purchase,Hyderabad,IDR,False
TXN-20240123-0004287,WALL-0118014,MERCH-00307,PM-01,DEV-01,2024-01-23 14:16:17,2192.62,0.0,175.4098,438,Success,Purchase,Johor Bahru,MYR,False
TXN-20240123-0004288,WALL-0125448,MERCH-00134,PM-01,DEV-01,2024-01-23 21:59:36,112.97,0.0,5.6485,11,Success,Purchase,Mawlamyine,MMK,False
TXN-20240123-0004289,WALL-0057288,MERCH-00021,PM-01,DEV-03,2024-01-23 13:40:45,63.6,0.0,1.272,6,Success,Purchase,Hyderabad,INR,False
TXN-20240123-0004290,WALL-0081542,MERCH-00025,PM-05,DEV-01,2024-01-23 13:02:11,24.83,0.0,0.4966,2,Success,Purchase,Yangon,MMK,False
TXN-20240123-0004291,WALL-0125044,MERCH-00048,PM-02,DEV-01,2024-01-23 11:59:03,15.94,0.0319,0.3188,1,Success,Purchase,Myitkyina,MMK,False
TXN-20240123-0004292,WALL-0113001,MERCH-00368,PM-01,DEV-01,2024-01-23 11:59:47,10.84,0.0,0.0,1,Success,Bill Payment,Chiang Mai,INR,False
TXN-20240123-0004293,WALL-0038698,MERCH-00356,PM-01,DEV-03,2024-01-23 22:25:05,52.49,0.0,0.0,5,Success,Bill Payment,Phuket,THB,False
TXN-20240123-0004294,WALL-0007769,MERCH-00361,PM-02,DEV-02,2024-01-23 10:56:00,64.45,0.1289,0.0,6,Success,Bill Payment,Colombo,LKR,False
TXN-20240123-0004295,WALL-0012795,MERCH-00231,PM-04,DEV-03,2024-01-23 15:58:22,12.43,0.2487,0.0,1,Success,Subscription,Bandung,IDR,False
TXN-20240123-0004296,WALL-0056949,MERCH-00038,PM-03,DEV-01,2024-01-23 15:59:55,25.5,0.204,0.51,2,Success,Purchase,Cebu City,PHP,False
TXN-20240123-0004297,WALL-0027559,MERCH-00448,PM-01,DEV-05,2024-01-23 11:56:30,118.61,0.0,0.0,11,Success,Tax Payment,Myitkyina,MMK,False
TXN-20240123-0004298,WALL-0065490,MERCH-00010,PM-03,DEV-01,2024-01-23 16:01:34,8.22,0.0657,0.1644,0,Success,Purchase,Taunggyi,MMK,False
TXN-20240123-0004299,WALL-0063969,MERCH-00073,PM-01,DEV-01,2024-01-23 20:41:08,9.64,0.0,0.1927,0,Success,Purchase,Taunggyi,MMK,False
TXN-20240123-0004300,WALL-0044213,MERCH-00435,PM-05,DEV-01,2024-01-23 09:39:43,97.59,0.0,0.0,0,Reversed,Tax Payment,Bago,MMK,False
TXN-20240123-0004301,WALL-0103812,MERCH-00026,PM-01,DEV-01,2024-01-23 12:40:04,18.58,0.0,0.3715,1,Success,Purchase,Hanoi,VND,False
TXN-20240123-0004302,WALL-0068625,MERCH-00158,PM-02,DEV-01,2024-01-23 19:00:54,139.76,0.2795,6.9879,13,Success,Purchase,Bangalore,INR,False
TXN-20240123-0004303,WALL-0002706,MERCH-00332,PM-03,DEV-01,2024-01-23 12:28:12,40.37,0.323,0.0,4,Success,Bill Payment,Naypyidaw,MMK,False
TXN-20240123-0004304,WALL-0040159,MERCH-00438,PM-01,DEV-01,2024-01-23 19:55:20,116.39,0.0,0.0,11,Success,Tax Payment,Cebu City,SGD,False
TXN-20240123-0004305,WALL-0015265,MERCH-00029,PM-02,DEV-01,2024-01-23 20:54:57,7.82,0.0156,0.1564,0,Success,Purchase,Mawlamyine,MMK,False
TXN-20240123-0004306,WALL-0039072,MERCH-00194,PM-01,DEV-01,2024-01-23 21:42:34,11.18,0.0,0.0,1,Success,Purchase,Da Nang,VND,False
TXN-20240123-0004307,WALL-0133517,MERCH-00070,PM-01,DEV-01,2024-01-23 12:50:15,12.55,0.0,0.2511,1,Success,Purchase,Ho Chi Minh City,VND,False
TXN-20240123-0004308,WALL-0125287,MERCH-00494,PM-03,DEV-01,2024-01-23 15:28:41,1106.06,8.8484,0.0,110,Success,Payment,Hanoi,MMK,False
TXN-20240123-0004309,WALL-0042978,MERCH-00229,PM-01,DEV-03,2024-01-23 07:26:53,19.53,0.0,0.0,0,Failed,Purchase,Myitkyina,MMK,False
TXN-20240123-0004310,WALL-0045515,MERCH-00129,PM-03,DEV-01,2024-01-23 20:46:44,41.13,0.329,0.0,4,Success,Purchase,Singapore,SGD,False
TXN-20240123-0004311,WALL-0147406,MERCH-00215,PM-02,DEV-01,2024-01-23 16:28:11,16.16,0.0323,0.0,0,Pending,Purchase,Mandalay,MMK,False
TXN-20240123-0004312,WALL-0071195,MERCH-00016,PM-01,DEV-01,2024-01-23 19:29:38,38.42,0.0,0.7685,3,Success,Purchase,Davao,PHP,False
TXN-20240123-0004313,WALL-0032176,MERCH-00411,PM-01,DEV-02,2024-01-23 20:19:47,352.47,0.0,0.0,35,Success,Payment,Myitkyina,MMK,False
TXN-20240123-0004314,WALL-0122093,MERCH-00376,PM-01,DEV-01,2024-01-23 08:22:48,58.95,0.0,0.0,5,Success,Purchase,Pathein,MMK,False
TXN-20240123-0004315,WALL-0131995,MERCH-00313,PM-03,DEV-01,2024-01-23 15:45:06,157.67,1.2614,0.0,15,Success,Bill Payment,Myitkyina,MMK,False
TXN-20240123-0004316,WALL-0003873,MERCH-00287,PM-01,DEV-01,2024-01-23 14:22:29,519.02,0.0,41.5218,103,Success,Purchase,Bangalore,INR,False
TXN-20240123-0004317,WALL-0102601,MERCH-00395,PM-02,DEV-02,2024-01-23 03:50:46,26.86,0.0537,0.0,2,Success,Purchase,Naypyidaw,MMK,False
TXN-20240123-0004318,WALL-0033656,MERCH-00275,PM-03,DEV-02,2024-01-23 08:34:10,1706.3,13.6504,136.5042,341,Success,Purchase,Manila,PHP,False
TXN-20240123-0004319,WALL-0025724,MERCH-00181,PM-01,DEV-03,2024-01-23 21:20:57,223.07,0.0,11.1536,22,Success,Purchase,Cebu City,PHP,False
TXN-20240123-0004320,WALL-0043105,MERCH-00216,PM-03,DEV-02,2024-01-23 04:42:19,15.19,0.1215,0.0,1,Success,Purchase,Phuket,THB,False
TXN-20240123-0004321,WALL-0123826,MERCH-00073,PM-01,DEV-04,2024-01-23 14:00:33,25.42,0.0,0.5085,2,Success,Purchase,Myitkyina,MMK,False
TXN-20240123-0004322,WALL-0070304,MERCH-00191,PM-02,DEV-03,2024-01-23 18:45:27,14.1,0.0282,0.0,1,Success,Purchase,Dhaka,BDT,False
TXN-20240123-0004323,WALL-0060077,MERCH-00318,PM-03,DEV-02,2024-01-23 10:58:14,47.93,0.3835,0.0,4,Success,Bill Payment,Chittagong,MMK,False
TXN-20240123-0004324,WALL-0051297,MERCH-00063,PM-03,DEV-05,2024-01-23 05:52:18,11.34,0.0907,0.2268,1,Success,Purchase,Taunggyi,MMK,False
TXN-20240123-0004325,WALL-0020826,MERCH-00473,PM-02,DEV-04,2024-01-23 12:31:06,371.24,0.7425,0.0,37,Success,Payment,Davao,PHP,False
TXN-20240123-0004326,WALL-0084696,MERCH-00239,PM-01,DEV-01,2024-01-23 11:53:08,7.94,0.0,0.0,0,Success,Subscription,Penang,MYR,False
TXN-20240123-0004327,WALL-0021019,MERCH-00252,PM-02,DEV-01,2024-01-23 16:06:32,11.99,0.024,0.0,1,Success,Subscription,Yangon,MMK,False
TXN-20240123-0004328,WALL-0072842,MERCH-00225,PM-04,DEV-01,2024-01-23 12:13:20,12.13,0.2426,0.0,1,Success,Purchase,Pathein,MMK,False
TXN-20240123-0004329,WALL-0069778,MERCH-00249,PM-03,DEV-03,2024-01-23 16:50:49,17.54,0.1403,0.0,1,Success,Subscription,Yangon,MMK,False
TXN-20240123-0004330,WALL-0118236,MERCH-00378,PM-02,DEV-01,2024-01-23 14:06:54,77.12,0.1542,0.0,7,Success,Purchase,Cebu City,PHP,False
TXN-20240123-0004331,WALL-0146264,MERCH-00205,PM-01,DEV-02,2024-01-23 22:05:50,18.12,0.0,0.0,1,Success,Purchase,Pattaya,MMK,True
TXN-20240123-0004332,WALL-0124285,MERCH-00014,PM-01,DEV-01,2024-01-23 12:34:30,46.07,0.0,0.9214,4,Success,Purchase,Pathein,THB,False
TXN-20240123-0004333,WALL-0101777,MERCH-00232,PM-01,DEV-02,2024-01-23 17:00:32,20.63,0.0,0.0,2,Success,Subscription,Mandalay,MMK,False
TXN-20240123-0004334,WALL-0068196,MERCH-00332,PM-03,DEV-01,2024-01-23 08:38:21,182.18,1.4574,0.0,18,Success,Bill Payment,Kolkata,PKR,False
TXN-20240123-0004335,WALL-0074111,MERCH-00106,PM-01,DEV-01,2024-01-23 15:47:07,41.68,0.0,0.0,4,Success,Purchase,Manila,PHP,False
TXN-20240123-0004336,WALL-0062877,MERCH-00425,PM-01,DEV-02,2024-01-23 11:15:18,23.32,0.0,0.0,0,Failed,Payment,Phuket,INR,False
TXN-20240123-0004337,WALL-0125796,MERCH-00012,PM-01,DEV-01,2024-01-23 19:32:01,12.85,0.0,0.2571,1,Success,Purchase,Dhaka,BDT,False
TXN-20240123-0004338,WALL-0086007,MERCH-00098,PM-05,DEV-01,2024-01-23 06:13:26,46.22,0.0,0.0,4,Success,Purchase,Bangalore,INR,False
TXN-20240123-0004339,WALL-0108510,MERCH-00177,PM-03,DEV-01,2024-01-23 19:24:47,25.7,0.2056,1.2852,2,Success,Purchase,Pokhara,NPR,False
TXN-20240123-0004340,WALL-0067100,MERCH-00015,PM-01,DEV-01,2024-01-23 16:46:35,22.94,0.0,0.4589,2,Success,Purchase,Myitkyina,MMK,False
TXN-20240123-0004341,WALL-0143402,MERCH-00259,PM-01,DEV-01,2024-01-23 14:02:35,19.01,0.0,0.0,1,Success,Subscription,Chittagong,MMK,False
TXN-20240123-0004342,WALL-0075633,MERCH-00216,PM-01,DEV-01,2024-01-23 12:39:54,24.06,0.0,0.0,2,Success,Purchase,Bandung,IDR,False
TXN-20240123-0004343,WALL-0044587,MERCH-00073,PM-01,DEV-05,2024-01-23 22:59:30,18.66,0.0,0.3732,1,Success,Purchase,Myitkyina,MMK,False
TXN-20240123-0004344,WALL-0050826,MERCH-00424,PM-05,DEV-04,2024-01-23 17:41:43,95.88,0.0,0.0,9,Success,Payment,Dhaka,LKR,False
TXN-20240123-0004345,WALL-0009095,MERCH-00069,PM-02,DEV-01,2024-01-23 18:22:20,14.14,0.0283,0.2828,1,Success,Purchase,Medan,MMK,False
TXN-20240123-0004346,WALL-0016321,MERCH-00195,PM-01,DEV-01,2024-01-23 18:51:44,19.57,0.0,0.0,1,Success,Purchase,Kandy,LKR,False
TXN-20240123-0004347,WALL-0018457,MERCH-00177,PM-03,DEV-02,2024-01-23 21:08:58,73.87,0.591,0.0,0,Reversed,Purchase,Medan,MMK,False
TXN-20240123-0004348,WALL-0145116,MERCH-00129,PM-04,DEV-04,2024-01-23 08:28:11,52.9,1.0581,0.0,5,Success,Purchase,Mawlamyine,MMK,False
TXN-20240123-0004349,WALL-0002212,MERCH-00032,PM-03,DEV-01,2024-01-23 20:54:23,32.66,0.2613,0.6533,3,Success,Purchase,Mawlamyine,MMK,False
TXN-20240123-0004350,WALL-0028982,MERCH-00364,PM-02,DEV-01,2024-01-23 19:36:47,46.89,0.0938,0.0,4,Success,Bill Payment,Singapore,INR,False
TXN-20240123-0004351,WALL-0053161,MERCH-00358,PM-01,DEV-05,2024-01-23 18:29:16,69.36,0.0,0.0,6,Success,Bill Payment,Siem Reap,KHR,False
TXN-20240123-0004352,WALL-0061452,MERCH-00236,PM-01,DEV-01,2024-01-23 14:23:19,11.21,0.0,0.0,1,Success,Subscription,Ahmedabad,PHP,False
TXN-20240123-0004353,WALL-0099101,MERCH-00118,PM-05,DEV-04,2024-01-23 18:09:38,159.7,0.0,0.0,0,Pending,Purchase,Taunggyi,MMK,False
TXN-20240123-0004354,WALL-0147695,MERCH-00256,PM-01,DEV-01,2024-01-23 12:10:09,13.32,0.0,0.0,1,Success,Subscription,Yangon,MMK,False
TXN-20240123-0004355,WALL-0123233,MERCH-00376,PM-04,DEV-01,2024-01-23 13:40:42,68.03,1.3607,0.0,6,Success,Purchase,Quezon City,PHP,False
TXN-20240123-0004356,WALL-0029748,MERCH-00109,PM-01,DEV-04,2024-01-23 16:36:20,38.18,0.0,0.0,3,Success,Purchase,Kuala Lumpur,MYR,False
TXN-20240123-0004357,WALL-0048922,MERCH-00243,PM-03,DEV-01,2024-01-23 08:44:33,22.33,0.1786,0.0,2,Success,Subscription,Bangkok,MMK,False
TXN-20240123-0004358,WALL-0116695,MERCH-00087,PM-03,DEV-04,2024-01-23 12:15:22,124.66,0.9973,0.0,12,Success,Purchase,Johor Bahru,MYR,False
TXN-20240123-0004359,WALL-0033140,MERCH-00168,PM-04,DEV-03,2024-01-23 20:32:19,247.5,4.95,12.375,24,Success,Purchase,Phuket,THB,False
TXN-20240123-0004360,WALL-0018324,MERCH-00403,PM-01,DEV-01,2024-01-23 17:05:30,247.25,0.0,0.0,24,Success,Payment,Kolkata,INR,False
TXN-20240123-0004361,WALL-0033727,MERCH-00145,PM-04,DEV-05,2024-01-23 13:30:00,157.59,3.1518,7.8794,15,Success,Purchase,Hanoi,VND,False
TXN-20240123-0004362,WALL-0116067,MERCH-00125,PM-01,DEV-01,2024-01-23 10:41:33,14.98,0.0,0.0,1,Success,Purchase,Pathein,MMK,False
TXN-20240123-0004363,WALL-0123543,MERCH-00074,PM-02,DEV-01,2024-01-23 16:26:05,13.53,0.0271,0.2707,1,Success,Purchase,Bangkok,THB,False
TXN-20240123-0004364,WALL-0009985,MERCH-00023,PM-03,DEV-03,2024-01-23 19:24:44,5.0,0.04,0.1,0,Success,Purchase,Yangon,MMK,False
TXN-20240123-0004365,WALL-0048601,MERCH-00192,PM-02,DEV-01,2024-01-23 06:17:34,7.17,0.0143,0.0,0,Success,Purchase,Penang,INR,False
TXN-20240123-0004366,WALL-0039782,MERCH-00212,PM-01,DEV-02,2024-01-23 17:34:23,5.0,0.0,0.0,0,Success,Purchase,Kolkata,INR,False
TXN-20240123-0004367,WALL-0022570,MERCH-00224,PM-01,DEV-01,2024-01-23 09:24:09,11.11,0.0,0.0,1,Success,Purchase,Chiang Mai,THB,False
TXN-20240123-0004368,WALL-0075876,MERCH-00096,PM-01,DEV-05,2024-01-23 12:28:06,99.03,0.0,0.0,9,Success,Purchase,Hanoi,VND,False
TXN-20240123-0004369,WALL-0049405,MERCH-00264,PM-02,DEV-03,2024-01-23 14:40:56,26.95,0.0539,0.0,2,Success,Subscription,Chennai,INR,False
TXN-20240123-0004370,WALL-0111117,MERCH-00069,PM-03,DEV-01,2024-01-23 07:30:02,23.15,0.1852,0.4629,2,Success,Purchase,Colombo,LKR,False
TXN-20240123-0004371,WALL-0079132,MERCH-00041,PM-01,DEV-01,2024-01-23 15:16:26,11.91,0.0,0.2383,1,Success,Purchase,Kolkata,INR,False
TXN-20240123-0004372,WALL-0040198,MERCH-00483,PM-02,DEV-02,2024-01-23 21:24:18,50.0,0.1,0.0,5,Success,Payment,Myitkyina,MMK,False
TXN-20240123-0004373,WALL-0134227,MERCH-00429,PM-01,DEV-01,2024-01-23 20:20:10,106.65,0.0,0.0,10,Success,Payment,Chennai,INR,False
TXN-20240123-0004374,WALL-0077532,MERCH-00175,PM-02,DEV-01,2024-01-23 07:02:03,289.59,0.5792,14.4796,28,Success,Purchase,Bago,MMK,False
TXN-20240123-0004375,WALL-0140882,MERCH-00201,PM-02,DEV-01,2024-01-23 20:23:47,15.74,0.0315,0.0,1,Success,Purchase,Cebu City,PHP,False
TXN-20240123-0004376,WALL-0022146,MERCH-00199,PM-05,DEV-03,2024-01-23 10:08:01,46.86,0.0,0.0,0,Failed,Purchase,Mawlamyine,MMK,False
TXN-20240123-0004377,WALL-0145089,MERCH-00091,PM-04,DEV-01,2024-01-23 11:45:03,66.57,1.3313,0.0,6,Success,Purchase,Delhi,INR,False
TXN-20240123-0004378,WALL-0016822,MERCH-00066,PM-01,DEV-02,2024-01-23 19:07:35,8.9,0.0,0.1781,0,Success,Purchase,Pune,INR,False
TXN-20240123-0004379,WALL-0139903,MERCH-00092,PM-02,DEV-03,2024-01-23 14:48:28,82.76,0.1655,0.0,8,Success,Purchase,Mandalay,MMK,False
TXN-20240123-0004380,WALL-0149119,MERCH-00457,PM-02,DEV-04,2024-01-23 15:00:56,350.81,0.7016,0.0,35,Success,Payment,Myitkyina,MMK,False
TXN-20240123-0004381,WALL-0013919,MERCH-00314,PM-04,DEV-03,2024-01-23 00:08:09,54.19,1.0839,0.0,5,Success,Bill Payment,Yangon,MMK,False
TXN-20240123-0004382,WALL-0120496,MERCH-00016,PM-02,DEV-05,2024-01-23 03:37:55,18.04,0.0361,0.3608,1,Success,Purchase,Yangon,MMK,False
TXN-20240123-0004383,WALL-0063488,MERCH-00086,PM-01,DEV-01,2024-01-23 10:35:16,35.75,0.0,0.0,3,Success,Purchase,Singapore,SGD,False
TXN-20240123-0004384,WALL-0095270,MERCH-00299,PM-03,DEV-03,2024-01-23 00:55:00,1812.99,14.5039,145.0393,362,Success,Purchase,Delhi,INR,False
TXN-20240123-0004385,WALL-0134528,MERCH-00101,PM-02,DEV-01,2024-01-23 16:48:10,89.08,0.1782,0.0,8,Success,Purchase,Pathein,MMK,False
TXN-20240123-0004386,WALL-0015335,MERCH-00191,PM-04,DEV-01,2024-01-23 22:46:40,32.94,0.6589,0.0,3,Success,Purchase,Bago,MMK,False
TXN-20240123-0004387,WALL-0091472,MERCH-00234,PM-03,DEV-02,2024-01-23 09:38:05,7.64,0.0611,0.0,0,Success,Subscription,Hyderabad,INR,False
TXN-20240123-0004388,WALL-0012879,MERCH-00041,PM-05,DEV-01,2024-01-23 01:15:37,13.44,0.0,0.2688,1,Success,Purchase,Lahore,MMK,False
TXN-20240123-0004389,WALL-0012249,MERCH-00064,PM-03,DEV-03,2024-01-23 14:26:50,38.73,0.3099,0.7746,3,Success,Purchase,Pattaya,MMK,False
TXN-20240123-0004390,WALL-0127439,MERCH-00361,PM-03,DEV-01,2024-01-23 21:51:20,43.9,0.3512,0.0,4,Success,Bill Payment,Cebu City,MMK,False
TXN-20240123-0004391,WALL-0081609,MERCH-00017,PM-04,DEV-03,2024-01-23 12:48:10,29.65,0.593,0.593,2,Success,Purchase,Phnom Penh,MMK,False
TXN-20240123-0004392,WALL-0073486,MERCH-00189,PM-01,DEV-01,2024-01-23 15:29:48,886.92,0.0,44.3459,88,Success,Purchase,Colombo,MMK,False
TXN-20240123-0004393,WALL-0142873,MERCH-00116,PM-03,DEV-04,2024-01-23 17:49:59,63.79,0.5103,0.0,6,Success,Purchase,Ahmedabad,INR,False
TXN-20240123-0004394,WALL-0070180,MERCH-00051,PM-01,DEV-01,2024-01-23 19:44:01,35.67,0.0,0.7133,3,Success,Purchase,Mawlamyine,MMK,False
TXN-20240123-0004395,WALL-0002467,MERCH-00255,PM-02,DEV-02,2024-01-23 17:42:30,18.07,0.0361,0.0,1,Success,Subscription,Taunggyi,MMK,False
TXN-20240123-0004396,WALL-0033145,MERCH-00123,PM-02,DEV-05,2024-01-23 16:00:46,79.51,0.159,0.0,7,Success,Purchase,Surabaya,IDR,False
TXN-20240123-0004397,WALL-0004140,MERCH-00030,PM-01,DEV-02,2024-01-23 21:12:39,36.15,0.0,0.723,3,Success,Purchase,Karachi,PKR,False
TXN-20240123-0004398,WALL-0004352,MERCH-00419,PM-02,DEV-01,2024-01-23 07:51:53,95.53,0.1911,0.0,9,Success,Payment,Kandy,LKR,False
TXN-20240123-0004399,WALL-0007314,MERCH-00385,PM-02,DEV-01,2024-01-23 21:06:46,79.05,0.1581,0.0,7,Success,Purchase,Myitkyina,MMK,False
TXN-20240123-0004400,WALL-0070011,MERCH-00007,PM-03,DEV-01,2024-01-23 18:06:12,12.7,0.1016,0.2539,1,Success,Purchase,Yangon,MMK,False
TXN-20240123-0004401,WALL-0139335,MERCH-00404,PM-02,DEV-03,2024-01-23 16:31:08,79.05,0.1581,0.0,7,Success,Payment,Mawlamyine,MMK,False
TXN-20240123-0004402,WALL-0064636,MERCH-00176,PM-01,DEV-03,2024-01-23 10:17:31,48.21,0.0,2.4104,4,Success,Purchase,Mandalay,MMK,False
TXN-20240123-0004403,WALL-0011946,MERCH-00091,PM-01,DEV-01,2024-01-23 17:07:50,34.61,0.0,0.0,3,Success,Purchase,Pattaya,THB,False
TXN-20240123-0004404,WALL-0147552,MERCH-00179,PM-03,DEV-01,2024-01-23 18:13:57,87.91,0.7033,4.3955,8,Success,Purchase,Kandy,LKR,False
TXN-20240123-0004405,WALL-0017794,MERCH-00166,PM-04,DEV-01,2024-01-23 07:02:48,104.57,2.0914,5.2285,10,Success,Purchase,Colombo,LKR,False
TXN-20240123-0004406,WALL-0121435,MERCH-00110,PM-03,DEV-01,2024-01-23 18:40:29,24.41,0.1953,0.0,2,Success,Purchase,Chennai,INR,False
TXN-20240123-0004407,WALL-0091806,MERCH-00241,PM-01,DEV-01,2024-01-23 09:26:23,15.98,0.0,0.0,1,Success,Subscription,Pune,INR,False
TXN-20240123-0004408,WALL-0082538,MERCH-00351,PM-03,DEV-01,2024-01-23 18:39:09,56.95,0.4556,0.0,5,Success,Bill Payment,Dhaka,BDT,False
TXN-20240123-0004409,WALL-0054028,MERCH-00254,PM-05,DEV-03,2024-01-23 11:43:34,17.79,0.0,0.0,1,Success,Subscription,Delhi,INR,False
TXN-20240123-0004410,WALL-0060867,MERCH-00420,PM-03,DEV-01,2024-01-23 12:04:21,132.17,1.0573,0.0,13,Success,Payment,Naypyidaw,MMK,False
TXN-20240123-0004411,WALL-0147873,MERCH-00216,PM-02,DEV-01,2024-01-23 14:31:06,12.22,0.0244,0.0,1,Success,Purchase,Siem Reap,KHR,False
TXN-20240123-0004412,WALL-0133966,MERCH-00379,PM-01,DEV-01,2024-01-23 17:30:14,32.34,0.0,0.0,3,Success,Purchase,Kolkata,INR,False
TXN-20240123-0004413,WALL-0045195,MERCH-00103,PM-01,DEV-02,2024-01-23 00:44:41,81.76,0.0,0.0,8,Success,Purchase,Myitkyina,MMK,False
TXN-20240123-0004414,WALL-0116907,MERCH-00343,PM-03,DEV-01,2024-01-23 16:50:47,31.5,0.252,0.0,3,Success,Bill Payment,Mandalay,MMK,False
TXN-20240123-0004415,WALL-0070031,MERCH-00315,PM-04,DEV-01,2024-01-23 17:46:43,82.64,1.6528,0.0,0,Reversed,Bill Payment,Yangon,MMK,False
TXN-20240123-0004416,WALL-0024784,MERCH-00227,PM-02,DEV-03,2024-01-23 10:46:02,16.91,0.0338,0.0,1,Success,Purchase,Naypyidaw,MMK,False
TXN-20240123-0004417,WALL-0131635,MERCH-00226,PM-01,DEV-02,2024-01-23 04:03:47,14.33,0.0,0.0,1,Success,Purchase,Quezon City,PHP,False
TXN-20240123-0004418,WALL-0016777,MERCH-00002,PM-04,DEV-01,2024-01-23 20:09:10,19.26,0.3853,0.3853,1,Success,Purchase,Bago,MMK,False
TXN-20240123-0004419,WALL-0007552,MERCH-00008,PM-05,DEV-01,2024-01-23 14:18:07,12.81,0.0,0.2562,1,Success,Purchase,Ho Chi Minh City,VND,False
TXN-20240123-0004420,WALL-0069844,MERCH-00021,PM-02,DEV-04,2024-01-23 13:15:00,44.05,0.0881,0.8809,4,Success,Purchase,Delhi,INR,False
TXN-20240123-0004421,WALL-0136030,MERCH-00222,PM-03,DEV-03,2024-01-23 17:14:51,23.13,0.185,0.0,2,Success,Purchase,Kolkata,INR,False
TXN-20240123-0004422,WALL-0042111,MERCH-00226,PM-04,DEV-02,2024-01-23 10:00:43,9.94,0.1988,0.0,0,Success,Purchase,Kathmandu,NPR,False
TXN-20240123-0004423,WALL-0122098,MERCH-00355,PM-02,DEV-01,2024-01-23 13:28:29,12.65,0.0253,0.0,1,Success,Bill Payment,Pathein,MMK,False
TXN-20240123-0004424,WALL-0011251,MERCH-00418,PM-01,DEV-02,2024-01-23 14:32:19,54.43,0.0,0.0,5,Success,Payment,Hyderabad,INR,False
TXN-20240123-0004425,WALL-0132403,MERCH-00220,PM-02,DEV-01,2024-01-23 19:04:28,10.45,0.0209,0.0,1,Success,Purchase,Bali,IDR,False
TXN-20240123-0004426,WALL-0125434,MERCH-00089,PM-01,DEV-01,2024-01-23 10:28:34,98.15,0.0,0.0,9,Success,Purchase,Kathmandu,LKR,False
TXN-20240123-0004427,WALL-0080546,MERCH-00194,PM-03,DEV-01,2024-01-23 16:44:15,7.79,0.0623,0.0,0,Success,Purchase,Mawlamyine,MMK,False
TXN-20240123-0004428,WALL-0121299,MERCH-00246,PM-02,DEV-02,2024-01-23 19:52:36,24.44,0.0489,0.0,2,Success,Subscription,Lahore,PKR,False
TXN-20240123-0004429,WALL-0012830,MERCH-00293,PM-01,DEV-02,2024-01-23 06:42:45,388.52,0.0,31.0817,77,Success,Purchase,Taunggyi,MMK,False
TXN-20240123-0004430,WALL-0139468,MERCH-00032,PM-02,DEV-02,2024-01-23 15:30:45,77.84,0.1557,1.5568,7,Success,Purchase,Bago,MMK,False
TXN-20240123-0004431,WALL-0067942,MERCH-00403,PM-01,DEV-04,2024-01-23 18:46:51,57.0,0.0,0.0,5,Success,Payment,Mawlamyine,MMK,False
TXN-20240123-0004432,WALL-0039237,MERCH-00101,PM-02,DEV-02,2024-01-23 16:30:52,33.78,0.0676,0.0,3,Success,Purchase,Siem Reap,KHR,False
TXN-20240123-0004433,WALL-0080839,MERCH-00044,PM-01,DEV-01,2024-01-23 19:13:27,36.48,0.0,0.7296,3,Success,Purchase,Pattaya,THB,False
TXN-20240123-0004434,WALL-0135935,MERCH-00054,PM-02,DEV-02,2024-01-23 15:57:34,9.3,0.0186,0.1861,0,Success,Purchase,Kuala Lumpur,MMK,False
TXN-20240123-0004435,WALL-0065120,MERCH-00475,PM-02,DEV-03,2024-01-23 17:18:43,50.91,0.1018,0.0,5,Success,Payment,Naypyidaw,MMK,False
TXN-20240123-0004436,WALL-0105510,MERCH-00397,PM-01,DEV-03,2024-01-23 13:29:02,69.66,0.0,0.0,6,Success,Purchase,Bandung,IDR,False
TXN-20240123-0004437,WALL-0058832,MERCH-00375,PM-02,DEV-03,2024-01-23 09:26:52,103.16,0.2063,0.0,10,Success,Purchase,Pattaya,THB,False
TXN-20240123-0004438,WALL-0021391,MERCH-00157,PM-01,DEV-01,2024-01-23 19:00:31,26.58,0.0,1.3288,2,Success,Purchase,Islamabad,PKR,False
TXN-20240123-0004439,WALL-0092421,MERCH-00178,PM-01,DEV-01,2024-01-23 23:55:34,47.24,0.0,2.3618,4,Success,Purchase,Pune,VND,False
TXN-20240123-0004440,WALL-0119864,MERCH-00346,PM-01,DEV-05,2024-01-23 14:47:39,44.62,0.0,0.0,4,Success,Bill Payment,Da Nang,VND,False
TXN-20240123-0004441,WALL-0007893,MERCH-00253,PM-02,DEV-02,2024-01-23 21:03:36,26.59,0.0532,0.0,2,Success,Subscription,Bago,MMK,False
TXN-20240123-0004442,WALL-0125089,MERCH-00071,PM-01,DEV-01,2024-01-23 00:20:32,35.45,0.0,0.7089,3,Success,Purchase,Mawlamyine,MMK,False
TXN-20240123-0004443,WALL-0048480,MERCH-00027,PM-04,DEV-02,2024-01-23 13:27:32,18.16,0.3632,0.3632,1,Success,Purchase,Bangalore,INR,False
TXN-20240123-0004444,WALL-0003364,MERCH-00404,PM-01,DEV-01,2024-01-23 17:54:59,216.62,0.0,0.0,21,Success,Payment,Mandalay,MMK,False
TXN-20240123-0004445,WALL-0044325,MERCH-00322,PM-01,DEV-01,2024-01-23 04:02:47,65.63,0.0,0.0,6,Success,Bill Payment,Johor Bahru,MYR,False
TXN-20240123-0004446,WALL-0109065,MERCH-00154,PM-03,DEV-01,2024-01-23 15:45:26,109.77,0.8782,5.4886,10,Success,Purchase,Pathein,MMK,False
TXN-20240123-0004447,WALL-0142399,MERCH-00141,PM-01,DEV-01,2024-01-23 19:54:55,236.81,0.0,11.8405,23,Success,Purchase,Davao,PHP,False
TXN-20240123-0004448,WALL-0138104,MERCH-00309,PM-04,DEV-01,2024-01-23 04:20:16,722.46,14.4493,57.7972,144,Success,Purchase,Siem Reap,MYR,False
TXN-20240123-0004449,WALL-0137148,MERCH-00082,PM-03,DEV-01,2024-01-23 06:33:55,63.94,0.5115,0.0,6,Success,Purchase,Mandalay,MMK,False
TXN-20240123-0004450,WALL-0026260,MERCH-00146,PM-04,DEV-01,2024-01-23 09:24:59,20.0,0.4,1.0,2,Success,Purchase,Surabaya,IDR,False
TXN-20240123-0004451,WALL-0000172,MERCH-00433,PM-02,DEV-04,2024-01-23 11:05:04,470.36,0.9407,0.0,47,Success,Tax Payment,Khon Kaen,THB,False
TXN-20240123-0004452,WALL-0043138,MERCH-00450,PM-02,DEV-01,2024-01-23 01:16:13,55.51,0.111,0.0,5,Success,Tax Payment,Karachi,PHP,False
TXN-20240123-0004453,WALL-0041208,MERCH-00478,PM-03,DEV-01,2024-01-23 07:03:05,194.58,1.5567,0.0,19,Success,Payment,Ahmedabad,INR,False
TXN-20240123-0004454,WALL-0053679,MERCH-00007,PM-01,DEV-05,2024-01-23 05:40:58,31.7,0.0,0.6339,3,Success,Purchase,Mumbai,INR,False
TXN-20240123-0004455,WALL-0072417,MERCH-00268,PM-02,DEV-01,2024-01-23 18:44:05,7.43,0.0149,0.0,0,Success,Subscription,Bangalore,MMK,False
TXN-20240123-0004456,WALL-0108589,MERCH-00459,PM-05,DEV-01,2024-01-23 07:35:42,1250.68,0.0,0.0,125,Success,Payment,Kolkata,INR,False
TXN-20240123-0004457,WALL-0006198,MERCH-00346,PM-03,DEV-05,2024-01-23 12:05:33,42.24,0.338,0.0,4,Success,Bill Payment,Quezon City,PHP,False
TXN-20240123-0004458,WALL-0018640,MERCH-00380,PM-01,DEV-01,2024-01-23 08:07:23,45.1,0.0,0.0,4,Success,Purchase,Islamabad,PKR,False
TXN-20240123-0004459,WALL-0000279,MERCH-00084,PM-02,DEV-01,2024-01-23 21:41:27,54.21,0.1084,0.0,5,Success,Purchase,Naypyidaw,MMK,False
TXN-20240123-0004460,WALL-0005715,MERCH-00275,PM-02,DEV-01,2024-01-23 17:03:09,400.51,0.801,32.0404,80,Success,Purchase,Naypyidaw,MMK,False
TXN-20240123-0004461,WALL-0003631,MERCH-00393,PM-01,DEV-02,2024-01-23 14:32:45,41.67,0.0,0.0,4,Success,Purchase,Bangkok,THB,False
TXN-20240123-0004462,WALL-0068234,MERCH-00169,PM-02,DEV-01,2024-01-23 06:28:06,43.64,0.0873,2.1821,4,Success,Purchase,Kathmandu,NPR,False
TXN-20240123-0004463,WALL-0038713,MERCH-00050,PM-02,DEV-02,2024-01-23 21:17:43,6.35,0.0127,0.127,0,Success,Purchase,Phnom Penh,MMK,False
TXN-20240123-0004464,WALL-0125679,MERCH-00231,PM-04,DEV-04,2024-01-23 18:02:56,11.53,0.2305,0.0,1,Success,Subscription,Siem Reap,PHP,False
TXN-20240123-0004465,WALL-0093202,MERCH-00004,PM-03,DEV-01,2024-01-23 12:22:26,13.71,0.1096,0.2741,1,Success,Purchase,Cebu City,PHP,False
TXN-20240123-0004466,WALL-0078835,MERCH-00189,PM-04,DEV-01,2024-01-23 13:43:23,29.25,0.585,1.4625,2,Success,Purchase,Yangon,MMK,False
TXN-20240123-0004467,WALL-0147428,MERCH-00230,PM-03,DEV-01,2024-01-23 15:04:32,10.32,0.0826,0.0,1,Success,Purchase,Mawlamyine,MMK,False
TXN-20240123-0004468,WALL-0084011,MERCH-00336,PM-05,DEV-04,2024-01-23 17:09:16,108.5,0.0,0.0,10,Success,Bill Payment,Pathein,MMK,False
TXN-20240123-0004469,WALL-0122635,MERCH-00356,PM-01,DEV-02,2024-01-23 09:02:43,35.86,0.0,0.0,3,Success,Bill Payment,Kathmandu,NPR,False
TXN-20240123-0004470,WALL-0077879,MERCH-00358,PM-02,DEV-01,2024-01-23 03:14:01,47.83,0.0957,0.0,4,Success,Bill Payment,Pokhara,NPR,False
TXN-20240123-0004471,WALL-0011631,MERCH-00234,PM-02,DEV-01,2024-01-23 13:49:30,66.0,0.132,0.0,6,Success,Subscription,Colombo,LKR,False
TXN-20240123-0004472,WALL-0023476,MERCH-00215,PM-02,DEV-01,2024-01-23 17:14:08,9.21,0.0184,0.0,0,Success,Purchase,Chittagong,BDT,False
TXN-20240123-0004473,WALL-0003029,MERCH-00080,PM-03,DEV-01,2024-01-23 09:29:46,36.5,0.292,0.73,3,Success,Purchase,Lahore,PKR,False
TXN-20240123-0004474,WALL-0111029,MERCH-00381,PM-01,DEV-01,2024-01-23 09:00:28,52.72,0.0,0.0,5,Success,Purchase,Pattaya,THB,False
TXN-20240123-0004475,WALL-0136778,MERCH-00380,PM-03,DEV-01,2024-01-23 21:10:35,78.33,0.6267,0.0,7,Success,Purchase,Hyderabad,INR,False
TXN-20240123-0004476,WALL-0043621,MERCH-00314,PM-03,DEV-01,2024-01-23 21:40:22,154.11,1.2329,0.0,15,Success,Bill Payment,Taunggyi,MMK,False
TXN-20240123-0004477,WALL-0051957,MERCH-00194,PM-02,DEV-02,2024-01-23 14:26:27,27.87,0.0557,0.0,2,Success,Purchase,Mumbai,INR,False
TXN-20240123-0004478,WALL-0088282,MERCH-00183,PM-01,DEV-03,2024-01-23 14:29:01,265.33,0.0,13.2664,26,Success,Purchase,Mawlamyine,MMK,False
TXN-20240123-0004479,WALL-0112813,MERCH-00326,PM-04,DEV-02,2024-01-23 08:00:01,58.47,1.1693,0.0,5,Success,Bill Payment,Jakarta,IDR,False
TXN-20240123-0004480,WALL-0083771,MERCH-00007,PM-02,DEV-01,2024-01-23 18:09:11,25.36,0.0507,0.5073,2,Success,Purchase,Bago,MMK,False
TXN-20240123-0004481,WALL-0125288,MERCH-00147,PM-02,DEV-01,2024-01-23 08:11:00,30.69,0.0614,1.5346,3,Success,Purchase,Siem Reap,KHR,False
TXN-20240123-0004482,WALL-0005864,MERCH-00070,PM-03,DEV-01,2024-01-23 14:42:16,33.74,0.2699,0.6748,3,Success,Purchase,Taunggyi,MMK,False
TXN-20240123-0004483,WALL-0124047,MERCH-00021,PM-04,DEV-01,2024-01-23 11:16:20,12.46,0.2493,0.2493,1,Success,Purchase,Bandung,IDR,False
TXN-20240123-0004484,WALL-0085578,MERCH-00086,PM-05,DEV-03,2024-01-23 11:46:18,122.52,0.0,0.0,12,Success,Purchase,Taunggyi,MMK,False
TXN-20240123-0004485,WALL-0016165,MERCH-00060,PM-02,DEV-01,2024-01-23 20:32:24,14.79,0.0296,0.2959,1,Success,Purchase,Dhaka,BDT,False
TXN-20240123-0004486,WALL-0092306,MERCH-00267,PM-04,DEV-01,2024-01-23 12:53:37,20.45,0.409,0.0,2,Success,Subscription,Naypyidaw,MMK,False
TXN-20240123-0004487,WALL-0117334,MERCH-00309,PM-03,DEV-01,2024-01-23 20:44:21,285.72,2.2858,22.8577,57,Success,Purchase,Yangon,MMK,False
TXN-20240123-0004488,WALL-0040863,MERCH-00339,PM-02,DEV-01,2024-01-23 09:41:02,156.48,0.313,0.0,15,Success,Bill Payment,Pathein,MMK,False
TXN-20240123-0004489,WALL-0145294,MERCH-00135,PM-01,DEV-01,2024-01-23 14:01:22,29.41,0.0,1.4706,2,Success,Purchase,Bago,MMK,False
TXN-20240123-0004490,WALL-0032671,MERCH-00228,PM-02,DEV-03,2024-01-23 12:26:52,12.14,0.0243,0.0,1,Success,Purchase,Pathein,MMK,False
TXN-20240123-0004491,WALL-0126284,MERCH-00075,PM-02,DEV-01,2024-01-23 20:42:23,8.21,0.0164,0.1642,0,Success,Purchase,Mawlamyine,MMK,False
TXN-20240123-0004492,WALL-0087021,MERCH-00471,PM-02,DEV-03,2024-01-23 14:38:59,236.46,0.4729,0.0,23,Success,Payment,Delhi,INR,False
TXN-20240123-0004493,WALL-0005245,MERCH-00333,PM-04,DEV-02,2024-01-23 14:13:37,93.28,1.8657,0.0,9,Success,Bill Payment,Phnom Penh,KHR,False
TXN-20240123-0004494,WALL-0028025,MERCH-00157,PM-03,DEV-01,2024-01-23 22:54:54,56.51,0.452,2.8253,5,Success,Purchase,Ho Chi Minh City,BDT,False
TXN-20240123-0004495,WALL-0089387,MERCH-00194,PM-03,DEV-05,2024-01-23 05:27:11,7.51,0.0601,0.0,0,Success,Purchase,Khon Kaen,THB,False
TXN-20240123-0004496,WALL-0041103,MERCH-00150,PM-04,DEV-03,2024-01-23 11:41:32,294.41,5.8882,14.7204,29,Success,Purchase,Naypyidaw,MMK,False
TXN-20240123-0004497,WALL-0043912,MERCH-00210,PM-01,DEV-01,2024-01-23 15:32:22,16.96,0.0,0.0,1,Success,Purchase,Jakarta,IDR,False
TXN-20240123-0004498,WALL-0005276,MERCH-00147,PM-02,DEV-01,2024-01-23 11:09:28,20.0,0.04,1.0,2,Success,Purchase,Phuket,THB,False
TXN-20240123-0004499,WALL-0144009,MERCH-00082,PM-01,DEV-02,2024-01-23 17:17:37,20.7,0.0,0.0,2,Success,Purchase,Siem Reap,KHR,False
TXN-20240123-0004500,WALL-0022717,MERCH-00291,PM-01,DEV-02,2024-01-23 17:00:07,489.49,0.0,39.1593,97,Success,Purchase,Chennai,INR,False
TXN-20240123-0004501,WALL-0083428,MERCH-00339,PM-01,DEV-02,2024-01-23 15:17:26,80.5,0.0,0.0,8,Success,Bill Payment,Pune,INR,False
TXN-20240123-0004502,WALL-0090520,MERCH-00250,PM-02,DEV-01,2024-01-23 15:11:14,35.37,0.0707,0.0,3,Success,Subscription,Chiang Mai,THB,False
TXN-20240123-0004503,WALL-0054156,MERCH-00331,PM-03,DEV-01,2024-01-23 12:21:02,115.35,0.9228,0.0,0,Reversed,Bill Payment,Hanoi,VND,False
TXN-20240123-0004504,WALL-0098641,MERCH-00177,PM-04,DEV-02,2024-01-23 20:36:27,170.34,3.4068,8.517,17,Success,Purchase,Quezon City,PHP,False
TXN-20240123-0004505,WALL-0017740,MERCH-00370,PM-04,DEV-01,2024-01-23 14:31:53,85.75,1.7149,0.0,0,Pending,Bill Payment,Bangalore,THB,False
TXN-20240123-0004506,WALL-0052181,MERCH-00036,PM-01,DEV-01,2024-01-23 12:24:51,14.43,0.0,0.2886,1,Success,Purchase,Pattaya,THB,False
TXN-20240123-0004507,WALL-0078127,MERCH-00299,PM-04,DEV-01,2024-01-23 14:16:33,277.74,5.5548,22.219,55,Success,Purchase,Siem Reap,MMK,False
TXN-20240123-0004508,WALL-0108071,MERCH-00130,PM-03,DEV-01,2024-01-23 14:46:50,36.97,0.2958,0.0,3,Success,Purchase,Bago,MMK,False
TXN-20240123-0004509,WALL-0003971,MERCH-00064,PM-03,DEV-01,2024-01-23 19:24:12,23.4,0.1872,0.468,2,Success,Purchase,Pokhara,NPR,False
TXN-20240123-0004510,WALL-0087693,MERCH-00024,PM-04,DEV-01,2024-01-23 20:12:16,15.69,0.3139,0.3139,1,Success,Purchase,Siem Reap,KHR,False
TXN-20240123-0004511,WALL-0039292,MERCH-00407,PM-04,DEV-01,2024-01-23 00:26:35,110.76,2.2153,0.0,11,Success,Payment,Chennai,MMK,False
TXN-20240123-0004512,WALL-0059840,MERCH-00294,PM-03,DEV-03,2024-01-23 14:28:03,1148.62,9.1889,91.8894,229,Success,Purchase,Chennai,MMK,False
TXN-20240123-0004513,WALL-0072990,MERCH-00122,PM-02,DEV-01,2024-01-23 16:23:26,42.83,0.0857,0.0,4,Success,Purchase,Cebu City,VND,False
TXN-20240123-0004514,WALL-0048180,MERCH-00069,PM-02,DEV-05,2024-01-23 23:33:18,49.79,0.0996,0.9957,4,Success,Purchase,Pune,INR,False
TXN-20240123-0004515,WALL-0140442,MERCH-00097,PM-03,DEV-02,2024-01-23 21:02:44,141.97,1.1357,0.0,14,Success,Purchase,Taunggyi,MMK,False
TXN-20240123-0004516,WALL-0092086,MERCH-00379,PM-04,DEV-04,2024-01-23 09:27:51,188.12,3.7623,0.0,18,Success,Purchase,Hyderabad,INR,False
TXN-20240123-0004517,WALL-0124844,MERCH-00391,PM-03,DEV-01,2024-01-23 19:52:53,93.45,0.7476,0.0,9,Success,Purchase,Dhaka,BDT,False
TXN-20240123-0004518,WALL-0000067,MERCH-00223,PM-05,DEV-03,2024-01-23 06:11:22,5.0,0.0,0.0,0,Reversed,Purchase,Bangalore,INR,False
TXN-20240123-0004519,WALL-0005541,MERCH-00210,PM-02,DEV-05,2024-01-23 09:06:06,8.76,0.0175,0.0,0,Success,Purchase,Da Nang,VND,False
TXN-20240123-0004520,WALL-0136215,MERCH-00421,PM-02,DEV-01,2024-01-23 13:46:40,78.23,0.1565,0.0,7,Success,Payment,Mawlamyine,MMK,False
TXN-20240123-0004521,WALL-0032287,MERCH-00025,PM-04,DEV-02,2024-01-23 19:08:22,23.09,0.4618,0.4618,2,Success,Purchase,Delhi,INR,False
TXN-20240123-0004522,WALL-0003158,MERCH-00096,PM-03,DEV-05,2024-01-23 20:11:48,58.52,0.4682,0.0,5,Success,Purchase,Colombo,VND,False
TXN-20240123-0004523,WALL-0089386,MERCH-00271,PM-02,DEV-03,2024-01-23 16:22:50,805.82,1.6116,64.4653,161,Success,Purchase,Bali,IDR,False
TXN-20240123-0004524,WALL-0147930,MERCH-00161,PM-03,DEV-04,2024-01-23 06:41:41,99.18,0.7934,0.0,0,Failed,Purchase,Bali,MMK,False
TXN-20240123-0004525,WALL-0079463,MERCH-00086,PM-01,DEV-02,2024-01-23 12:38:50,85.43,0.0,0.0,8,Success,Purchase,Kathmandu,MMK,False
TXN-20240123-0004526,WALL-0090013,MERCH-00085,PM-03,DEV-01,2024-01-23 08:47:16,29.75,0.238,0.0,2,Success,Purchase,Hanoi,BDT,False
TXN-20240123-0004527,WALL-0022216,MERCH-00450,PM-04,DEV-02,2024-01-23 06:38:13,117.66,2.3532,0.0,11,Success,Tax Payment,Phnom Penh,KHR,False
TXN-20240123-0004528,WALL-0026586,MERCH-00360,PM-04,DEV-01,2024-01-23 06:04:45,55.8,1.116,0.0,0,Pending,Bill Payment,Karachi,PKR,False
TXN-20240123-0004529,WALL-0005791,MERCH-00181,PM-02,DEV-01,2024-01-23 22:46:05,781.39,1.5628,39.0695,78,Success,Purchase,Mandalay,MMK,False
TXN-20240123-0004530,WALL-0063382,MERCH-00159,PM-02,DEV-01,2024-01-23 10:55:44,184.26,0.3685,9.2132,18,Success,Purchase,Mumbai,INR,False
TXN-20240123-0004531,WALL-0006342,MERCH-00320,PM-04,DEV-02,2024-01-23 15:27:18,36.28,0.7256,0.0,3,Success,Bill Payment,Lahore,PKR,False
TXN-20240123-0004532,WALL-0003342,MERCH-00124,PM-04,DEV-05,2024-01-23 16:04:44,36.67,0.7334,0.0,3,Success,Purchase,Pathein,MMK,False
TXN-20240123-0004533,WALL-0079422,MERCH-00133,PM-03,DEV-01,2024-01-23 21:21:06,114.77,0.9181,5.7383,11,Success,Purchase,Pokhara,NPR,False
TXN-20240123-0004534,WALL-0144523,MERCH-00259,PM-01,DEV-01,2024-01-23 03:55:00,15.11,0.0,0.0,1,Success,Subscription,Taunggyi,MMK,False
TXN-20240123-0004535,WALL-0074220,MERCH-00062,PM-02,DEV-04,2024-01-23 11:45:10,9.89,0.0198,0.1977,0,Success,Purchase,Johor Bahru,MYR,False
TXN-20240123-0004536,WALL-0132143,MERCH-00260,PM-03,DEV-01,2024-01-23 17:10:16,8.71,0.0697,0.0,0,Success,Subscription,Mawlamyine,MMK,False
TXN-20240123-0004537,WALL-0087499,MERCH-00195,PM-01,DEV-01,2024-01-23 14:03:05,44.44,0.0,0.0,4,Success,Purchase,Taunggyi,MMK,False
TXN-20240123-0004538,WALL-0085819,MERCH-00025,PM-02,DEV-01,2024-01-23 18:06:46,23.71,0.0474,0.4742,2,Success,Purchase,Bago,MMK,False
TXN-20240123-0004539,WALL-0119614,MERCH-00382,PM-01,DEV-01,2024-01-23 14:10:23,32.84,0.0,0.0,3,Success,Purchase,Mandalay,MMK,False
TXN-20240123-0004540,WALL-0075370,MERCH-00230,PM-01,DEV-01,2024-01-23 02:45:49,24.42,0.0,0.0,2,Success,Purchase,Phnom Penh,KHR,False
TXN-20240123-0004541,WALL-0127317,MERCH-00218,PM-03,DEV-01,2024-01-23 19:05:04,25.39,0.2031,0.0,2,Success,Purchase,Naypyidaw,MMK,False
TXN-20240123-0004542,WALL-0061800,MERCH-00234,PM-02,DEV-01,2024-01-23 10:42:32,22.68,0.0454,0.0,2,Success,Subscription,Da Nang,VND,False
TXN-20240123-0004543,WALL-0044105,MERCH-00194,PM-01,DEV-01,2024-01-23 12:15:04,7.15,0.0,0.0,0,Success,Purchase,Penang,MYR,False
TXN-20240123-0004544,WALL-0011730,MERCH-00340,PM-01,DEV-01,2024-01-23 21:30:40,169.41,0.0,0.0,16,Success,Bill Payment,Chiang Mai,MMK,True
TXN-20240123-0004545,WALL-0135941,MERCH-00296,PM-01,DEV-01,2024-01-23 14:39:14,123.02,0.0,9.8417,24,Success,Purchase,Pathein,MMK,False
TXN-20240123-0004546,WALL-0101430,MERCH-00492,PM-01,DEV-03,2024-01-23 07:37:12,680.89,0.0,0.0,68,Success,Payment,Pune,INR,False
TXN-20240123-0004547,WALL-0077178,MERCH-00019,PM-03,DEV-02,2024-01-23 19:44:23,16.16,0.1293,0.3232,1,Success,Purchase,Mandalay,MMK,False
TXN-20240123-0004548,WALL-0055215,MERCH-00129,PM-05,DEV-01,2024-01-23 17:47:38,64.48,0.0,0.0,6,Success,Purchase,Taunggyi,MMK,False
TXN-20240123-0004549,WALL-0036278,MERCH-00402,PM-03,DEV-02,2024-01-23 23:17:16,152.16,1.2173,0.0,15,Success,Payment,Surabaya,IDR,False
TXN-20240123-0004550,WALL-0098111,MERCH-00435,PM-02,DEV-02,2024-01-23 19:01:38,507.8,1.0156,0.0,50,Success,Tax Payment,Kolkata,INR,False
TXN-20240123-0004551,WALL-0022746,MERCH-00047,PM-01,DEV-03,2024-01-23 19:23:56,17.11,0.0,0.3422,1,Success,Purchase,Mawlamyine,MMK,False
TXN-20240123-0004552,WALL-0098530,MERCH-00075,PM-01,DEV-01,2024-01-23 09:04:49,14.92,0.0,0.2984,1,Success,Purchase,Pattaya,THB,False
TXN-20240123-0004553,WALL-0138682,MERCH-00056,PM-03,DEV-01,2024-01-23 18:06:41,21.23,0.1699,0.4246,2,Success,Purchase,Chennai,INR,False
TXN-20240123-0004554,WALL-0079292,MERCH-00238,PM-03,DEV-01,2024-01-23 06:12:57,32.07,0.2566,0.0,3,Success,Subscription,Pathein,MMK,False
TXN-20240123-0004555,WALL-0018587,MERCH-00190,PM-02,DEV-01,2024-01-23 14:28:10,351.41,0.7028,17.5705,35,Success,Purchase,Chennai,INR,False
TXN-20240123-0004556,WALL-0091470,MERCH-00061,PM-04,DEV-02,2024-01-23 21:28:41,11.4,0.2279,0.2279,1,Success,Purchase,Cebu City,KHR,False
TXN-20240123-0004557,WALL-0089151,MERCH-00233,PM-01,DEV-01,2024-01-23 14:29:08,5.27,0.0,0.0,0,Success,Subscription,Kandy,LKR,False
TXN-20240123-0004558,WALL-0004921,MERCH-00130,PM-01,DEV-01,2024-01-23 06:02:56,50.16,0.0,0.0,5,Success,Purchase,Quezon City,PHP,False
TXN-20240123-0004559,WALL-0074154,MERCH-00062,PM-02,DEV-01,2024-01-23 13:05:10,35.83,0.0717,0.7166,3,Success,Purchase,Davao,PHP,False
TXN-20240123-0004560,WALL-0084456,MERCH-00429,PM-01,DEV-05,2024-01-23 03:23:44,114.39,0.0,0.0,11,Success,Payment,Naypyidaw,MMK,False
TXN-20240123-0004561,WALL-0091143,MERCH-00149,PM-03,DEV-01,2024-01-23 07:45:54,127.89,1.0232,6.3947,12,Success,Purchase,Bangkok,PHP,False
TXN-20240123-0004562,WALL-0114574,MERCH-00447,PM-05,DEV-01,2024-01-23 20:59:18,132.18,0.0,0.0,13,Success,Tax Payment,Mandalay,MMK,False
TXN-20240123-0004563,WALL-0115672,MERCH-00406,PM-02,DEV-03,2024-01-23 01:34:13,130.15,0.2603,0.0,13,Success,Payment,Mawlamyine,MMK,False
TXN-20240123-0004564,WALL-0014876,MERCH-00078,PM-01,DEV-03,2024-01-23 14:38:20,8.72,0.0,0.0,0,Failed,Purchase,Surabaya,IDR,False
TXN-20240123-0004565,WALL-0108611,MERCH-00426,PM-01,DEV-04,2024-01-23 20:36:25,149.91,0.0,0.0,0,Reversed,Payment,Da Nang,VND,False
TXN-20240123-0004566,WALL-0025772,MERCH-00217,PM-01,DEV-02,2024-01-23 18:46:13,8.0,0.0,0.0,0,Success,Purchase,Pune,INR,False
TXN-20240123-0004567,WALL-0026835,MERCH-00253,PM-01,DEV-01,2024-01-23 20:30:25,28.0,0.0,0.0,2,Success,Subscription,Naypyidaw,MMK,False
TXN-20240123-0004568,WALL-0107737,MERCH-00108,PM-01,DEV-03,2024-01-23 05:33:11,98.39,0.0,0.0,9,Success,Purchase,Kathmandu,NPR,False
TXN-20240123-0004569,WALL-0075468,MERCH-00084,PM-01,DEV-03,2024-01-23 16:23:54,33.75,0.0,0.0,3,Success,Purchase,Myitkyina,MMK,False
TXN-20240123-0004570,WALL-0091140,MERCH-00135,PM-03,DEV-01,2024-01-23 13:10:33,142.26,1.1381,7.113,14,Success,Purchase,Myitkyina,MMK,False
TXN-20240123-0004571,WALL-0088500,MERCH-00349,PM-03,DEV-03,2024-01-23 17:43:41,39.52,0.3162,0.0,3,Success,Bill Payment,Taunggyi,MMK,False
TXN-20240123-0004572,WALL-0022112,MERCH-00445,PM-01,DEV-02,2024-01-23 20:35:06,91.72,0.0,0.0,9,Success,Tax Payment,Bangkok,THB,False
TXN-20240123-0004573,WALL-0112893,MERCH-00061,PM-04,DEV-04,2024-01-23 21:44:37,55.66,1.1131,1.1131,5,Success,Purchase,Hyderabad,INR,False
TXN-20240123-0004574,WALL-0049388,MERCH-00039,PM-03,DEV-01,2024-01-23 12:04:18,69.45,0.5556,1.389,6,Success,Purchase,Naypyidaw,MMK,False
TXN-20240123-0004575,WALL-0025374,MERCH-00477,PM-03,DEV-01,2024-01-23 16:13:06,257.73,2.0618,0.0,25,Success,Payment,Naypyidaw,MMK,False
TXN-20240123-0004576,WALL-0149895,MERCH-00178,PM-01,DEV-03,2024-01-23 16:09:03,297.07,0.0,14.8535,29,Success,Purchase,Naypyidaw,MMK,False
TXN-20240123-0004577,WALL-0106439,MERCH-00169,PM-01,DEV-02,2024-01-23 18:17:26,39.86,0.0,1.993,3,Success,Purchase,Jakarta,IDR,False
TXN-20240123-0004578,WALL-0147142,MERCH-00325,PM-04,DEV-03,2024-01-23 01:46:57,118.96,2.3793,0.0,11,Success,Bill Payment,Yangon,MMK,False
TXN-20240123-0004579,WALL-0064826,MERCH-00309,PM-02,DEV-05,2024-01-23 12:20:35,1675.15,3.3503,134.0124,335,Success,Purchase,Kuala Lumpur,MMK,False
TXN-20240123-0004580,WALL-0074712,MERCH-00040,PM-01,DEV-01,2024-01-23 14:58:05,20.05,0.0,0.401,2,Success,Purchase,Jaipur,INR,False
TXN-20240123-0004581,WALL-0045142,MERCH-00110,PM-01,DEV-01,2024-01-23 18:00:58,60.93,0.0,0.0,6,Success,Purchase,Mawlamyine,MMK,False
TXN-20240123-0004582,WALL-0030305,MERCH-00088,PM-04,DEV-03,2024-01-23 18:26:02,29.13,0.5827,0.0,2,Success,Purchase,Ahmedabad,INR,False
TXN-20240123-0004583,WALL-0038876,MERCH-00233,PM-04,DEV-01,2024-01-23 16:07:33,12.55,0.251,0.0,1,Success,Subscription,Pathein,MMK,False
TXN-20240123-0004584,WALL-0124180,MERCH-00430,PM-02,DEV-02,2024-01-23 12:06:12,224.05,0.4481,0.0,22,Success,Payment,Kandy,INR,False
TXN-20240123-0004585,WALL-0113268,MERCH-00055,PM-03,DEV-01,2024-01-23 18:20:02,60.0,0.48,1.2,6,Success,Purchase,Pathein,MMK,False
TXN-20240123-0004586,WALL-0060092,MERCH-00097,PM-05,DEV-03,2024-01-23 19:11:09,31.83,0.0,0.0,3,Success,Purchase,Taunggyi,MMK,False
TXN-20240123-0004587,WALL-0084154,MERCH-00432,PM-03,DEV-03,2024-01-23 15:45:35,1012.34,8.0987,0.0,101,Success,Tax Payment,Mandalay,MMK,False
TXN-20240123-0004588,WALL-0014530,MERCH-00168,PM-02,DEV-02,2024-01-23 21:07:27,20.0,0.04,1.0,2,Success,Purchase,Naypyidaw,MMK,False
TXN-20240123-0004589,WALL-0146651,MERCH-00128,PM-01,DEV-02,2024-01-23 16:29:45,42.93,0.0,0.0,4,Success,Purchase,Cebu City,PHP,False
TXN-20240123-0004590,WALL-0039676,MERCH-00121,PM-01,DEV-03,2024-01-23 09:23:04,65.93,0.0,0.0,6,Success,Purchase,Mawlamyine,MMK,False
TXN-20240123-0004591,WALL-0064154,MERCH-00171,PM-03,DEV-02,2024-01-23 04:10:25,27.29,0.2183,1.3645,2,Success,Purchase,Pokhara,NPR,False
TXN-20240123-0004592,WALL-0102700,MERCH-00124,PM-02,DEV-01,2024-01-23 16:09:26,18.69,0.0374,0.0,1,Success,Purchase,Naypyidaw,MMK,False
TXN-20240123-0004593,WALL-0062579,MERCH-00267,PM-02,DEV-02,2024-01-23 11:41:19,25.89,0.0518,0.0,2,Success,Subscription,Colombo,LKR,False
TXN-20240123-0004594,WALL-0140387,MERCH-00374,PM-03,DEV-01,2024-01-23 15:22:02,40.77,0.3261,0.0,4,Success,Purchase,Taunggyi,MMK,False
TXN-20240123-0004595,WALL-0089040,MERCH-00162,PM-03,DEV-01,2024-01-23 21:27:46,502.05,4.0164,25.1025,50,Success,Purchase,Davao,PHP,False
TXN-20240123-0004596,WALL-0088935,MERCH-00139,PM-01,DEV-04,2024-01-23 15:47:07,71.03,0.0,3.5513,7,Success,Purchase,Delhi,INR,False
TXN-20240123-0004597,WALL-0009525,MERCH-00107,PM-04,DEV-01,2024-01-23 15:38:49,51.2,1.024,0.0,5,Success,Purchase,Naypyidaw,MMK,False
TXN-20240123-0004598,WALL-0028805,MERCH-00307,PM-02,DEV-01,2024-01-23 21:43:19,2408.04,4.8161,192.6432,481,Success,Purchase,Delhi,INR,False
TXN-20240123-0004599,WALL-0034742,MERCH-00193,PM-01,DEV-03,2024-01-23 15:52:08,5.0,0.0,0.0,0,Success,Purchase,Bangkok,THB,False
TXN-20240123-0004600,WALL-0038103,MERCH-00027,PM-02,DEV-01,2024-01-23 13:35:37,25.61,0.0512,0.5122,2,Success,Purchase,Bandung,NPR,False
TXN-20240123-0004601,WALL-0019103,MERCH-00327,PM-01,DEV-05,2024-01-23 06:59:25,45.29,0.0,0.0,4,Success,Bill Payment,Myitkyina,MMK,False
TXN-20240123-0004602,WALL-0026184,MERCH-00112,PM-02,DEV-01,2024-01-23 09:34:51,75.93,0.1519,0.0,7,Success,Purchase,Kathmandu,PHP,False
TXN-20240123-0004603,WALL-0099992,MERCH-00358,PM-01,DEV-02,2024-01-23 07:29:34,68.57,0.0,0.0,0,Reversed,Bill Payment,Kandy,LKR,False
TXN-20240123-0004604,WALL-0080992,MERCH-00217,PM-01,DEV-01,2024-01-23 07:20:12,31.47,0.0,0.0,3,Success,Purchase,Chennai,INR,False
TXN-20240123-0004605,WALL-0084053,MERCH-00125,PM-02,DEV-02,2024-01-23 22:38:21,55.15,0.1103,0.0,5,Success,Purchase,Yangon,MMK,False
TXN-20240123-0004606,WALL-0074067,MERCH-00055,PM-02,DEV-03,2024-01-23 14:51:06,21.13,0.0423,0.4226,2,Success,Purchase,Bago,MMK,False
TXN-20240123-0004607,WALL-0050616,MERCH-00206,PM-01,DEV-03,2024-01-23 18:38:50,21.23,0.0,0.0,2,Success,Purchase,Taunggyi,MMK,False
TXN-20240123-0004608,WALL-0069682,MERCH-00334,PM-01,DEV-03,2024-01-23 12:57:33,87.26,0.0,0.0,8,Success,Bill Payment,Islamabad,PKR,False
TXN-20240123-0004609,WALL-0056115,MERCH-00346,PM-04,DEV-04,2024-01-23 17:16:54,32.0,0.6399,0.0,3,Success,Bill Payment,Mandalay,MMK,False
TXN-20240123-0004610,WALL-0121353,MERCH-00091,PM-02,DEV-01,2024-01-23 06:19:53,133.95,0.2679,0.0,13,Success,Purchase,Kandy,MMK,False
TXN-20240123-0004611,WALL-0004281,MERCH-00253,PM-04,DEV-02,2024-01-23 14:20:57,27.9,0.5581,0.0,2,Success,Subscription,Naypyidaw,MMK,False
TXN-20240123-0004612,WALL-0064118,MERCH-00327,PM-01,DEV-03,2024-01-23 07:58:10,124.57,0.0,0.0,12,Success,Bill Payment,Yangon,MMK,False
TXN-20240123-0004613,WALL-0139740,MERCH-00178,PM-03,DEV-03,2024-01-23 17:25:00,49.94,0.3995,2.4969,4,Success,Purchase,Mandalay,MMK,False
TXN-20240123-0004614,WALL-0001691,MERCH-00193,PM-01,DEV-02,2024-01-23 16:43:03,7.32,0.0,0.0,0,Success,Purchase,Naypyidaw,MMK,False
TXN-20240123-0004615,WALL-0013637,MERCH-00316,PM-02,DEV-03,2024-01-23 07:07:18,154.22,0.3084,0.0,15,Success,Bill Payment,Dhaka,MMK,False
TXN-20240123-0004616,WALL-0054531,MERCH-00417,PM-01,DEV-01,2024-01-23 10:17:04,64.71,0.0,0.0,6,Success,Payment,Yangon,MMK,False
TXN-20240123-0004617,WALL-0122891,MERCH-00295,PM-03,DEV-01,2024-01-23 12:33:32,1014.32,8.1146,81.1457,202,Success,Purchase,Pathein,MMK,False
TXN-20240123-0004618,WALL-0036720,MERCH-00438,PM-01,DEV-02,2024-01-23 21:05:01,419.76,0.0,0.0,41,Success,Tax Payment,Mandalay,PKR,False
TXN-20240123-0004619,WALL-0090090,MERCH-00437,PM-04,DEV-05,2024-01-23 09:30:24,50.0,1.0,0.0,5,Success,Tax Payment,Medan,IDR,False
TXN-20240123-0004620,WALL-0007784,MERCH-00228,PM-05,DEV-05,2024-01-23 13:07:05,5.86,0.0,0.0,0,Success,Purchase,Jaipur,INR,False
TXN-20240123-0004621,WALL-0012126,MERCH-00026,PM-02,DEV-01,2024-01-23 12:00:25,21.2,0.0424,0.424,2,Success,Purchase,Yangon,MMK,False
TXN-20240123-0004622,WALL-0107529,MERCH-00215,PM-01,DEV-01,2024-01-23 17:40:11,13.57,0.0,0.0,1,Success,Purchase,Yangon,MMK,False
TXN-20240123-0004623,WALL-0070902,MERCH-00327,PM-01,DEV-01,2024-01-23 13:02:48,87.84,0.0,0.0,8,Success,Bill Payment,Pune,INR,False
TXN-20240123-0004624,WALL-0029137,MERCH-00005,PM-02,DEV-02,2024-01-23 16:13:46,23.94,0.0479,0.4788,2,Success,Purchase,Taunggyi,MMK,False
TXN-20240123-0004625,WALL-0072332,MERCH-00089,PM-04,DEV-01,2024-01-23 07:03:17,25.49,0.5097,0.0,2,Success,Purchase,Pokhara,NPR,False
TXN-20240123-0004626,WALL-0074525,MERCH-00325,PM-02,DEV-03,2024-01-23 18:02:14,91.35,0.1827,0.0,9,Success,Bill Payment,Quezon City,PHP,False
TXN-20240123-0004627,WALL-0037008,MERCH-00304,PM-03,DEV-01,2024-01-23 19:33:51,109.97,0.8798,8.7979,21,Success,Purchase,Bago,MMK,False
TXN-20240123-0004628,WALL-0069744,MERCH-00249,PM-04,DEV-01,2024-01-23 16:34:02,15.54,0.3109,0.0,1,Success,Subscription,Bago,MMK,False
TXN-20240123-0004629,WALL-0089792,MERCH-00432,PM-02,DEV-04,2024-01-23 16:44:31,231.32,0.4626,0.0,23,Success,Tax Payment,Siem Reap,KHR,False
TXN-20240123-0004630,WALL-0144128,MERCH-00003,PM-02,DEV-01,2024-01-23 12:46:30,12.21,0.0244,0.2443,1,Success,Purchase,Mawlamyine,MMK,False
TXN-20240123-0004631,WALL-0091256,MERCH-00164,PM-02,DEV-01,2024-01-23 01:35:32,255.41,0.5108,12.7707,25,Success,Purchase,Quezon City,PHP,False
TXN-20240123-0004632,WALL-0014395,MERCH-00130,PM-03,DEV-04,2024-01-23 19:22:14,36.97,0.2957,0.0,3,Success,Purchase,Pathein,MMK,False
TXN-20240123-0004633,WALL-0007234,MERCH-00009,PM-03,DEV-02,2024-01-23 15:25:36,11.23,0.0898,0.2246,1,Success,Purchase,Cebu City,MMK,False
TXN-20240123-0004634,WALL-0092650,MERCH-00376,PM-02,DEV-01,2024-01-23 13:13:46,57.34,0.1147,0.0,5,Success,Purchase,Bangalore,INR,False
TXN-20240123-0004635,WALL-0107048,MERCH-00028,PM-03,DEV-02,2024-01-23 19:23:55,7.4,0.0592,0.148,0,Success,Purchase,Myitkyina,MMK,False
TXN-20240123-0004636,WALL-0030779,MERCH-00028,PM-03,DEV-02,2024-01-23 17:31:24,29.38,0.235,0.5875,2,Success,Purchase,Pokhara,NPR,False
TXN-20240123-0004637,WALL-0076380,MERCH-00349,PM-04,DEV-01,2024-01-23 08:11:43,64.79,1.2958,0.0,6,Success,Bill Payment,Jakarta,IDR,False
TXN-20240123-0004638,WALL-0012453,MERCH-00038,PM-01,DEV-03,2024-01-23 20:23:35,23.42,0.0,0.4684,2,Success,Purchase,Yangon,MMK,False
TXN-20240123-0004639,WALL-0090863,MERCH-00380,PM-03,DEV-02,2024-01-23 23:23:33,20.0,0.16,0.0,2,Success,Purchase,Chennai,INR,False
TXN-20240123-0004640,WALL-0111410,MERCH-00002,PM-01,DEV-02,2024-01-23 16:55:57,5.0,0.0,0.1,0,Success,Purchase,Myitkyina,MMK,False
TXN-20240123-0004641,WALL-0088337,MERCH-00006,PM-01,DEV-03,2024-01-23 19:23:46,15.06,0.0,0.3012,1,Success,Purchase,Chittagong,BDT,False
TXN-20240123-0004642,WALL-0146778,MERCH-00269,PM-02,DEV-02,2024-01-23 16:59:42,15.73,0.0315,0.0,1,Success,Subscription,Chittagong,BDT,False
TXN-20240123-0004643,WALL-0049132,MERCH-00030,PM-01,DEV-01,2024-01-23 14:00:37,21.45,0.0,0.0,0,Failed,Purchase,Mumbai,INR,False
TXN-20240123-0004644,WALL-0127673,MERCH-00488,PM-01,DEV-02,2024-01-23 21:22:34,50.0,0.0,0.0,5,Success,Payment,Karachi,PKR,False
TXN-20240123-0004645,WALL-0022980,MERCH-00023,PM-02,DEV-03,2024-01-23 08:01:01,16.59,0.0332,0.3318,1,Success,Purchase,Pattaya,NPR,False
TXN-20240123-0004646,WALL-0099612,MERCH-00260,PM-05,DEV-04,2024-01-23 00:05:52,13.19,0.0,0.0,1,Success,Subscription,Mandalay,MMK,False
TXN-20240123-0004647,WALL-0131948,MERCH-00073,PM-02,DEV-01,2024-01-23 08:27:26,12.58,0.0252,0.2516,1,Success,Purchase,Yangon,MMK,False
TXN-20240123-0004648,WALL-0138582,MERCH-00053,PM-01,DEV-01,2024-01-23 09:35:31,17.78,0.0,0.3557,1,Success,Purchase,Mawlamyine,MMK,False
TXN-20240123-0004649,WALL-0039442,MERCH-00203,PM-03,DEV-05,2024-01-23 14:11:37,7.04,0.0563,0.0,0,Success,Purchase,Bago,MMK,False
TXN-20240123-0004650,WALL-0144318,MERCH-00397,PM-01,DEV-05,2024-01-23 10:45:18,39.78,0.0,0.0,3,Success,Purchase,Cebu City,PHP,False
TXN-20240123-0004651,WALL-0099611,MERCH-00375,PM-01,DEV-01,2024-01-23 19:04:29,84.0,0.0,0.0,8,Success,Purchase,Davao,PHP,False
TXN-20240123-0004652,WALL-0089787,MERCH-00326,PM-01,DEV-01,2024-01-23 19:49:03,57.2,0.0,0.0,5,Success,Bill Payment,Hyderabad,INR,False
TXN-20240123-0004653,WALL-0074787,MERCH-00185,PM-01,DEV-03,2024-01-23 08:12:10,96.89,0.0,4.8447,9,Success,Purchase,Taunggyi,MMK,False
TXN-20240123-0004654,WALL-0113987,MERCH-00132,PM-05,DEV-03,2024-01-23 15:58:12,114.0,0.0,5.7,11,Success,Purchase,Yangon,MMK,False
TXN-20240123-0004655,WALL-0116320,MERCH-00416,PM-02,DEV-01,2024-01-23 14:53:48,20.0,0.04,0.0,2,Success,Payment,Kuala Lumpur,MYR,False
TXN-20240123-0004656,WALL-0046827,MERCH-00003,PM-01,DEV-01,2024-01-23 19:44:21,18.68,0.0,0.3737,1,Success,Purchase,Quezon City,PHP,False
TXN-20240123-0004657,WALL-0016748,MERCH-00435,PM-02,DEV-05,2024-01-23 11:32:29,50.0,0.1,0.0,5,Success,Tax Payment,Pathein,MMK,False
TXN-20240123-0004658,WALL-0032934,MERCH-00068,PM-03,DEV-01,2024-01-23 07:05:00,54.86,0.4389,1.0973,5,Success,Purchase,Colombo,LKR,False
TXN-20240123-0004659,WALL-0140555,MERCH-00066,PM-04,DEV-01,2024-01-23 19:39:03,20.91,0.4183,0.4183,2,Success,Purchase,Jaipur,INR,False
TXN-20240123-0004660,WALL-0071663,MERCH-00336,PM-02,DEV-01,2024-01-23 18:36:58,113.99,0.228,0.0,0,Pending,Bill Payment,Manila,PHP,False
TXN-20240123-0004661,WALL-0058721,MERCH-00169,PM-01,DEV-04,2024-01-23 14:13:28,482.31,0.0,24.1153,48,Success,Purchase,Mumbai,INR,False
TXN-20240123-0004662,WALL-0008481,MERCH-00241,PM-04,DEV-03,2024-01-23 09:03:57,9.35,0.1869,0.0,0,Success,Subscription,Myitkyina,MMK,False
TXN-20240123-0004663,WALL-0092751,MERCH-00166,PM-01,DEV-02,2024-01-23 10:49:25,76.17,0.0,3.8083,7,Success,Purchase,Yangon,MMK,False
TXN-20240123-0004664,WALL-0088443,MERCH-00187,PM-02,DEV-02,2024-01-23 08:03:34,62.78,0.1256,3.1391,6,Success,Purchase,Taunggyi,MMK,False
TXN-20240123-0004665,WALL-0073488,MERCH-00025,PM-04,DEV-03,2024-01-23 11:12:36,18.98,0.3796,0.3796,1,Success,Purchase,Kuala Lumpur,THB,False
TXN-20240123-0004666,WALL-0027091,MERCH-00206,PM-02,DEV-02,2024-01-23 00:45:27,13.88,0.0278,0.0,1,Success,Purchase,Chennai,INR,False
TXN-20240123-0004667,WALL-0005361,MERCH-00115,PM-02,DEV-01,2024-01-23 16:38:53,21.74,0.0435,0.0,2,Success,Purchase,Islamabad,MMK,False
TXN-20240123-0004668,WALL-0023872,MERCH-00092,PM-02,DEV-01,2024-01-23 12:16:10,143.73,0.2875,0.0,14,Success,Purchase,Islamabad,PKR,False
TXN-20240123-0004669,WALL-0108410,MERCH-00337,PM-02,DEV-01,2024-01-23 14:40:21,154.29,0.3086,0.0,15,Success,Bill Payment,Taunggyi,MMK,False
TXN-20240123-0004670,WALL-0013360,MERCH-00115,PM-02,DEV-03,2024-01-23 21:04:38,31.42,0.0628,0.0,3,Success,Purchase,Kathmandu,NPR,False
TXN-20240123-0004671,WALL-0003389,MERCH-00433,PM-02,DEV-01,2024-01-23 09:11:18,83.2,0.1664,0.0,8,Success,Tax Payment,Mawlamyine,MMK,False
TXN-20240123-0004672,WALL-0141100,MERCH-00154,PM-02,DEV-03,2024-01-23 12:05:16,113.63,0.2273,5.6817,11,Success,Purchase,Bago,MMK,False
TXN-20240123-0004673,WALL-0055790,MERCH-00147,PM-02,DEV-01,2024-01-23 07:30:30,96.08,0.1922,4.8041,9,Success,Purchase,Bago,MMK,False
TXN-20240123-0004674,WALL-0119734,MERCH-00208,PM-01,DEV-01,2024-01-23 11:22:10,5.23,0.0,0.0,0,Success,Purchase,Bali,IDR,False
TXN-20240123-0004675,WALL-0109859,MERCH-00373,PM-01,DEV-03,2024-01-23 15:46:17,40.43,0.0,0.0,4,Success,Purchase,Pathein,MMK,False
TXN-20240123-0004676,WALL-0117982,MERCH-00364,PM-01,DEV-01,2024-01-23 16:26:49,25.98,0.0,0.0,2,Success,Bill Payment,Hyderabad,INR,False
TXN-20240123-0004677,WALL-0061328,MERCH-00115,PM-01,DEV-01,2024-01-23 12:09:07,111.23,0.0,0.0,11,Success,Purchase,Siem Reap,KHR,False
TXN-20240123-0004678,WALL-0120574,MERCH-00217,PM-02,DEV-01,2024-01-23 01:56:21,10.09,0.0202,0.0,1,Success,Purchase,Jakarta,IDR,False
TXN-20240123-0004679,WALL-0087714,MERCH-00143,PM-02,DEV-02,2024-01-23 21:03:32,120.44,0.2409,6.0222,12,Success,Purchase,Naypyidaw,MMK,False
TXN-20240123-0004680,WALL-0087651,MERCH-00047,PM-01,DEV-01,2024-01-23 13:09:27,12.75,0.0,0.255,1,Success,Purchase,Pokhara,NPR,False
TXN-20240123-0004681,WALL-0145200,MERCH-00355,PM-03,DEV-02,2024-01-23 18:34:20,35.18,0.2815,0.0,3,Success,Bill Payment,Phuket,THB,False
TXN-20240123-0004682,WALL-0007425,MERCH-00135,PM-02,DEV-01,2024-01-23 22:12:18,115.09,0.2302,5.7545,11,Success,Purchase,Naypyidaw,MMK,False
TXN-20240123-0004683,WALL-0066653,MERCH-00095,PM-04,DEV-02,2024-01-23 05:30:01,115.53,2.3106,0.0,11,Success,Purchase,Bago,MMK,False
TXN-20240123-0004684,WALL-0124982,MERCH-00064,PM-01,DEV-03,2024-01-23 19:39:23,25.56,0.0,0.5111,2,Success,Purchase,Naypyidaw,MMK,False
TXN-20240123-0004685,WALL-0035475,MERCH-00400,PM-04,DEV-01,2024-01-23 12:58:37,22.71,0.4542,0.0,0,Pending,Purchase,Jaipur,INR,False
TXN-20240123-0004686,WALL-0133427,MERCH-00218,PM-01,DEV-03,2024-01-23 06:25:24,14.49,0.0,0.0,1,Success,Purchase,Mandalay,MMK,False
TXN-20240123-0004687,WALL-0140125,MERCH-00084,PM-02,DEV-01,2024-01-23 12:25:29,17.96,0.0359,0.0,1,Success,Purchase,Mandalay,MMK,False
TXN-20240123-0004688,WALL-0108075,MERCH-00112,PM-02,DEV-01,2024-01-23 04:00:17,107.15,0.2143,0.0,10,Success,Purchase,Bangalore,INR,False
TXN-20240123-0004689,WALL-0019665,MERCH-00014,PM-02,DEV-04,2024-01-23 14:14:40,50.54,0.1011,1.0107,5,Success,Purchase,Jaipur,MMK,False
TXN-20240123-0004690,WALL-0099677,MERCH-00015,PM-01,DEV-03,2024-01-23 02:39:23,12.08,0.0,0.2416,1,Success,Purchase,Chennai,INR,False
TXN-20240123-0004691,WALL-0118458,MERCH-00032,PM-02,DEV-01,2024-01-23 10:39:01,8.36,0.0167,0.1673,0,Success,Purchase,Mandalay,MMK,False
TXN-20240123-0004692,WALL-0074726,MERCH-00324,PM-03,DEV-04,2024-01-23 12:01:04,162.81,1.3025,0.0,16,Success,Bill Payment,Pokhara,THB,False
TXN-20240123-0004693,WALL-0071519,MERCH-00058,PM-03,DEV-01,2024-01-23 14:48:16,20.36,0.1629,0.4072,2,Success,Purchase,Siem Reap,KHR,False
TXN-20240123-0004694,WALL-0013758,MERCH-00328,PM-02,DEV-03,2024-01-23 17:03:42,99.2,0.1984,0.0,9,Success,Bill Payment,Kolkata,INR,False
TXN-20240123-0004695,WALL-0117951,MERCH-00065,PM-01,DEV-01,2024-01-23 09:42:35,29.23,0.0,0.5846,2,Success,Purchase,Myitkyina,MMK,False
TXN-20240123-0004696,WALL-0058529,MERCH-00240,PM-01,DEV-03,2024-01-23 15:33:48,11.68,0.0,0.0,1,Success,Subscription,Delhi,INR,False
TXN-20240123-0004697,WALL-0079486,MERCH-00030,PM-05,DEV-01,2024-01-23 18:45:15,16.82,0.0,0.3365,1,Success,Purchase,Cebu City,PHP,False
TXN-20240123-0004698,WALL-0133702,MERCH-00140,PM-03,DEV-02,2024-01-23 14:23:49,209.42,1.6754,10.471,20,Success,Purchase,Cebu City,PHP,False
TXN-20240123-0004699,WALL-0094067,MERCH-00117,PM-01,DEV-02,2024-01-23 07:58:19,62.53,0.0,0.0,6,Success,Purchase,Pattaya,THB,False
TXN-20240123-0004700,WALL-0001036,MERCH-00053,PM-01,DEV-05,2024-01-23 12:02:38,32.05,0.0,0.641,3,Success,Purchase,Naypyidaw,MMK,False
TXN-20240123-0004701,WALL-0124552,MERCH-00077,PM-05,DEV-01,2024-01-23 21:53:20,19.28,0.0,0.3856,1,Success,Purchase,Pune,MMK,False
TXN-20240123-0004702,WALL-0079891,MERCH-00250,PM-02,DEV-01,2024-01-23 16:57:31,9.0,0.018,0.0,0,Success,Subscription,Colombo,BDT,False
TXN-20240123-0004703,WALL-0144069,MERCH-00106,PM-01,DEV-01,2024-01-23 06:10:24,27.42,0.0,0.0,2,Success,Purchase,Pathein,MMK,False
TXN-20240123-0004704,WALL-0037278,MERCH-00399,PM-05,DEV-03,2024-01-23 14:11:12,38.85,0.0,0.0,3,Success,Purchase,Manila,PHP,False
TXN-20240123-0004705,WALL-0065451,MERCH-00308,PM-01,DEV-01,2024-01-23 14:24:40,2229.46,0.0,178.3565,445,Success,Purchase,Da Nang,VND,False
TXN-20240123-0004706,WALL-0089826,MERCH-00409,PM-02,DEV-03,2024-01-23 20:31:00,20.0,0.04,0.0,2,Success,Payment,Kolkata,INR,False
TXN-20240123-0004707,WALL-0107922,MERCH-00343,PM-01,DEV-03,2024-01-23 18:59:53,35.35,0.0,0.0,0,Pending,Bill Payment,Bangalore,INR,False
TXN-20240123-0004708,WALL-0134565,MERCH-00278,PM-01,DEV-01,2024-01-23 16:49:35,800.29,0.0,64.0229,160,Success,Purchase,Surabaya,MMK,False
TXN-20240123-0004709,WALL-0132401,MERCH-00014,PM-01,DEV-01,2024-01-23 21:27:26,14.65,0.0,0.293,1,Success,Purchase,Phuket,THB,False
TXN-20240123-0004710,WALL-0034452,MERCH-00250,PM-05,DEV-02,2024-01-23 12:07:19,9.1,0.0,0.0,0,Success,Subscription,Mandalay,MMK,False
TXN-20240123-0004711,WALL-0137108,MERCH-00072,PM-01,DEV-01,2024-01-23 19:24:15,11.06,0.0,0.2212,1,Success,Purchase,Kuala Lumpur,MYR,False
TXN-20240123-0004712,WALL-0140483,MERCH-00188,PM-01,DEV-05,2024-01-23 22:18:19,148.34,0.0,7.4172,14,Success,Purchase,Pathein,MMK,False
TXN-20240123-0004713,WALL-0080800,MERCH-00423,PM-01,DEV-03,2024-01-23 17:54:36,98.59,0.0,0.0,9,Success,Payment,Taunggyi,MMK,False
TXN-20240123-0004714,WALL-0142208,MERCH-00488,PM-04,DEV-03,2024-01-23 21:38:17,50.0,1.0,0.0,5,Success,Payment,Taunggyi,MMK,False
TXN-20240123-0004715,WALL-0010922,MERCH-00240,PM-01,DEV-01,2024-01-23 15:15:37,17.37,0.0,0.0,1,Success,Subscription,Taunggyi,MMK,False
TXN-20240123-0004716,WALL-0032248,MERCH-00276,PM-04,DEV-01,2024-01-23 03:51:41,682.71,13.6543,54.6171,136,Success,Purchase,Karachi,PKR,False
TXN-20240123-0004717,WALL-0137277,MERCH-00241,PM-05,DEV-01,2024-01-23 14:13:43,30.55,0.0,0.0,3,Success,Subscription,Taunggyi,MMK,False
TXN-20240123-0004718,WALL-0146476,MERCH-00239,PM-01,DEV-02,2024-01-23 02:39:44,16.88,0.0,0.0,1,Success,Subscription,Penang,MYR,False
TXN-20240123-0004719,WALL-0064613,MERCH-00089,PM-03,DEV-01,2024-01-23 19:39:00,40.55,0.3244,0.0,4,Success,Purchase,Hyderabad,INR,False
TXN-20240123-0004720,WALL-0114305,MERCH-00213,PM-04,DEV-01,2024-01-23 17:19:44,16.74,0.3348,0.0,1,Success,Purchase,Bangkok,THB,False
TXN-20240123-0004721,WALL-0091070,MERCH-00024,PM-03,DEV-03,2024-01-23 21:43:46,7.62,0.0609,0.1523,0,Success,Purchase,Pathein,MMK,False
TXN-20240123-0004722,WALL-0057705,MERCH-00462,PM-02,DEV-02,2024-01-23 19:44:17,301.91,0.6038,0.0,30,Success,Payment,Ahmedabad,INR,False
TXN-20240123-0004723,WALL-0120207,MERCH-00216,PM-01,DEV-01,2024-01-23 17:31:13,18.67,0.0,0.0,1,Success,Purchase,Lahore,PKR,False
TXN-20240123-0004724,WALL-0003791,MERCH-00211,PM-01,DEV-02,2024-01-23 18:45:26,20.72,0.0,0.0,2,Success,Purchase,Taunggyi,MMK,False
TXN-20240123-0004725,WALL-0075881,MERCH-00044,PM-03,DEV-01,2024-01-23 19:47:27,13.81,0.1105,0.2763,1,Success,Purchase,Bago,MMK,False
TXN-20240123-0004726,WALL-0069710,MERCH-00385,PM-02,DEV-02,2024-01-23 17:38:16,66.66,0.1333,0.0,6,Success,Purchase,Jaipur,INR,False
TXN-20240123-0004727,WALL-0068022,MERCH-00176,PM-01,DEV-04,2024-01-23 10:29:56,137.56,0.0,6.8778,13,Success,Purchase,Singapore,SGD,False
TXN-20240123-0004728,WALL-0129261,MERCH-00212,PM-01,DEV-02,2024-01-23 05:06:35,8.34,0.0,0.0,0,Success,Purchase,Colombo,LKR,False
TXN-20240123-0004729,WALL-0075342,MERCH-00120,PM-02,DEV-01,2024-01-23 14:39:12,24.19,0.0484,0.0,2,Success,Purchase,Chennai,MMK,False
TXN-20240123-0004730,WALL-0098964,MERCH-00181,PM-02,DEV-02,2024-01-23 21:23:13,329.86,0.6597,16.493,32,Success,Purchase,Davao,MMK,False
TXN-20240123-0004731,WALL-0058203,MERCH-00094,PM-02,DEV-02,2024-01-23 19:12:46,19.53,0.0391,0.0,1,Success,Purchase,Bago,MMK,False
TXN-20240123-0004732,WALL-0046773,MERCH-00169,PM-02,DEV-04,2024-01-23 02:46:01,141.71,0.2834,7.0857,14,Success,Purchase,Mandalay,MMK,False
TXN-20240123-0004733,WALL-0119866,MERCH-00319,PM-02,DEV-02,2024-01-23 00:37:42,65.67,0.1313,0.0,6,Success,Bill Payment,Manila,PHP,False
TXN-20240123-0004734,WALL-0138500,MERCH-00193,PM-01,DEV-02,2024-01-23 18:21:06,14.06,0.0,0.0,1,Success,Purchase,Islamabad,PKR,False
TXN-20240123-0004735,WALL-0132103,MERCH-00140,PM-02,DEV-02,2024-01-23 16:12:57,34.24,0.0685,1.712,3,Success,Purchase,Johor Bahru,MYR,False
TXN-20240123-0004736,WALL-0106538,MERCH-00303,PM-01,DEV-01,2024-01-23 15:32:39,1668.88,0.0,133.5102,333,Success,Purchase,Jakarta,MMK,False
TXN-20240123-0004737,WALL-0095784,MERCH-00009,PM-01,DEV-03,2024-01-23 14:27:59,14.92,0.0,0.2984,1,Success,Purchase,Phuket,THB,False
TXN-20240123-0004738,WALL-0090943,MERCH-00224,PM-01,DEV-03,2024-01-23 09:51:34,13.25,0.0,0.0,1,Success,Purchase,Davao,SGD,False
TXN-20240123-0004739,WALL-0068004,MERCH-00178,PM-02,DEV-01,2024-01-23 15:28:42,52.43,0.1049,2.6216,5,Success,Purchase,Bago,MMK,False
TXN-20240123-0004740,WALL-0122587,MERCH-00025,PM-01,DEV-01,2024-01-23 12:39:12,28.49,0.0,0.5697,2,Success,Purchase,Taunggyi,MMK,False
TXN-20240123-0004741,WALL-0007677,MERCH-00302,PM-01,DEV-01,2024-01-23 15:56:24,1588.57,0.0,127.0856,317,Success,Purchase,Davao,PHP,False
TXN-20240123-0004742,WALL-0113816,MERCH-00352,PM-01,DEV-01,2024-01-23 19:05:53,74.5,0.0,0.0,7,Success,Bill Payment,Myitkyina,MMK,False
TXN-20240123-0004743,WALL-0014827,MERCH-00095,PM-03,DEV-01,2024-01-23 20:12:52,114.78,0.9182,0.0,11,Success,Purchase,Medan,IDR,False
TXN-20240123-0004744,WALL-0043092,MERCH-00131,PM-02,DEV-02,2024-01-23 16:22:20,57.85,0.1157,2.8926,5,Success,Purchase,Ahmedabad,INR,False
TXN-20240123-0004745,WALL-0146246,MERCH-00356,PM-02,DEV-01,2024-01-23 13:32:44,28.49,0.057,0.0,2,Success,Bill Payment,Pattaya,THB,False
TXN-20240123-0004746,WALL-0070033,MERCH-00064,PM-01,DEV-01,2024-01-23 16:57:53,13.06,0.0,0.2613,1,Success,Purchase,Pathein,MMK,False
TXN-20240123-0004747,WALL-0009105,MERCH-00315,PM-04,DEV-02,2024-01-23 16:26:55,76.43,1.5285,0.0,7,Success,Bill Payment,Hanoi,VND,False
TXN-20240123-0004748,WALL-0122895,MERCH-00066,PM-02,DEV-01,2024-01-23 21:31:32,15.15,0.0303,0.3031,1,Success,Purchase,Bago,MMK,False
TXN-20240123-0004749,WALL-0006946,MERCH-00360,PM-03,DEV-03,2024-01-23 13:38:41,28.17,0.2253,0.0,2,Success,Bill Payment,Jakarta,IDR,False
TXN-20240123-0004750,WALL-0111797,MERCH-00136,PM-02,DEV-02,2024-01-23 15:17:16,466.89,0.9338,23.3443,46,Success,Purchase,Kuala Lumpur,MYR,False
TXN-20240123-0004751,WALL-0135960,MERCH-00200,PM-01,DEV-03,2024-01-23 14:30:46,13.48,0.0,0.0,1,Success,Purchase,Bago,MMK,False
TXN-20240123-0004752,WALL-0123261,MERCH-00238,PM-03,DEV-04,2024-01-23 17:20:33,28.14,0.2251,0.0,2,Success,Subscription,Taunggyi,MMK,False
TXN-20240123-0004753,WALL-0009674,MERCH-00337,PM-01,DEV-02,2024-01-23 14:06:13,42.74,0.0,0.0,4,Success,Bill Payment,Mawlamyine,MMK,False
TXN-20240123-0004754,WALL-0134487,MERCH-00499,PM-04,DEV-03,2024-01-23 15:49:33,169.3,3.3859,0.0,16,Success,Payment,Yangon,MMK,False
TXN-20240123-0004755,WALL-0115580,MERCH-00266,PM-03,DEV-02,2024-01-23 11:23:23,7.3,0.0584,0.0,0,Success,Subscription,Lahore,MMK,False
TXN-20240123-0004756,WALL-0001970,MERCH-00184,PM-01,DEV-03,2024-01-23 08:15:01,78.65,0.0,3.9326,7,Success,Purchase,Delhi,INR,False
TXN-20240123-0004757,WALL-0034566,MERCH-00258,PM-01,DEV-01,2024-01-23 12:53:40,14.51,0.0,0.0,1,Success,Subscription,Quezon City,INR,False
TXN-20240123-0004758,WALL-0123117,MERCH-00225,PM-05,DEV-03,2024-01-23 23:35:02,9.65,0.0,0.0,0,Success,Purchase,Kathmandu,NPR,False
TXN-20240123-0004759,WALL-0107435,MERCH-00276,PM-05,DEV-02,2024-01-23 19:26:09,292.88,0.0,0.0,0,Pending,Purchase,Pathein,MMK,False
TXN-20240123-0004760,WALL-0057421,MERCH-00213,PM-04,DEV-04,2024-01-23 16:24:22,5.28,0.1055,0.0,0,Success,Purchase,Myitkyina,MMK,False
TXN-20240123-0004761,WALL-0125128,MERCH-00423,PM-01,DEV-01,2024-01-23 01:04:43,35.86,0.0,0.0,3,Success,Payment,Surabaya,IDR,False
TXN-20240123-0004762,WALL-0070429,MERCH-00054,PM-02,DEV-01,2024-01-23 09:43:59,20.88,0.0418,0.4176,2,Success,Purchase,Mandalay,MMK,False
TXN-20240123-0004763,WALL-0119803,MERCH-00213,PM-01,DEV-01,2024-01-23 16:39:22,18.6,0.0,0.0,1,Success,Purchase,Mawlamyine,MMK,False
TXN-20240123-0004764,WALL-0143653,MERCH-00491,PM-01,DEV-01,2024-01-23 10:26:41,87.95,0.0,0.0,8,Success,Payment,Ahmedabad,INR,False
TXN-20240123-0004765,WALL-0102388,MERCH-00241,PM-02,DEV-03,2024-01-23 17:33:44,5.0,0.01,0.0,0,Success,Subscription,Dhaka,BDT,False
TXN-20240123-0004766,WALL-0051540,MERCH-00444,PM-01,DEV-01,2024-01-23 14:55:36,216.04,0.0,0.0,21,Success,Tax Payment,Khon Kaen,THB,False
TXN-20240123-0004767,WALL-0148190,MERCH-00309,PM-02,DEV-01,2024-01-23 11:50:09,232.37,0.4647,18.5894,46,Success,Purchase,Bago,MMK,False
TXN-20240123-0004768,WALL-0005575,MERCH-00335,PM-02,DEV-01,2024-01-23 15:14:10,81.93,0.1639,0.0,8,Success,Bill Payment,Chiang Mai,THB,False
TXN-20240123-0004769,WALL-0112425,MERCH-00008,PM-01,DEV-01,2024-01-23 15:11:25,35.21,0.0,0.7042,3,Success,Purchase,Pune,MMK,False
TXN-20240123-0004770,WALL-0083755,MERCH-00417,PM-01,DEV-04,2024-01-23 18:11:51,87.89,0.0,0.0,8,Success,Payment,Pathein,MMK,False
TXN-20240123-0004771,WALL-0148056,MERCH-00202,PM-03,DEV-02,2024-01-23 09:49:17,25.9,0.2072,0.0,2,Success,Purchase,Taunggyi,MMK,False
TXN-20240123-0004772,WALL-0061310,MERCH-00385,PM-02,DEV-01,2024-01-23 16:16:08,198.0,0.396,0.0,19,Success,Purchase,Bandung,MMK,False
TXN-20240123-0004773,WALL-0134029,MERCH-00236,PM-01,DEV-01,2024-01-23 20:39:22,6.3,0.0,0.0,0,Success,Subscription,Karachi,MMK,False
TXN-20240123-0004774,WALL-0055409,MERCH-00377,PM-05,DEV-01,2024-01-23 13:56:33,55.31,0.0,0.0,5,Success,Purchase,Penang,MYR,False
TXN-20240123-0004775,WALL-0128754,MERCH-00108,PM-01,DEV-01,2024-01-23 21:54:04,48.45,0.0,0.0,4,Success,Purchase,Jaipur,INR,False
TXN-20240123-0004776,WALL-0120932,MERCH-00371,PM-03,DEV-02,2024-01-23 19:16:39,62.79,0.5023,0.0,6,Success,Purchase,Naypyidaw,MMK,False
TXN-20240123-0004777,WALL-0047450,MERCH-00266,PM-01,DEV-01,2024-01-23 16:28:03,21.11,0.0,0.0,2,Success,Subscription,Mawlamyine,MMK,False
TXN-20240123-0004778,WALL-0098130,MERCH-00183,PM-02,DEV-01,2024-01-23 06:59:22,249.28,0.4986,12.4641,24,Success,Purchase,Mawlamyine,MMK,False
TXN-20240123-0004779,WALL-0024544,MERCH-00031,PM-04,DEV-02,2024-01-23 01:42:15,14.67,0.2933,0.2933,1,Success,Purchase,Mandalay,MMK,False
TXN-20240123-0004780,WALL-0055750,MERCH-00238,PM-02,DEV-05,2024-01-23 10:00:07,24.8,0.0496,0.0,2,Success,Subscription,Myitkyina,MMK,False
TXN-20240123-0004781,WALL-0111815,MERCH-00017,PM-04,DEV-02,2024-01-23 13:56:43,9.7,0.1939,0.1939,0,Success,Purchase,Yangon,MMK,False
TXN-20240123-0004782,WALL-0105259,MERCH-00358,PM-01,DEV-01,2024-01-23 11:44:31,39.17,0.0,0.0,3,Success,Bill Payment,Bangkok,THB,False
TXN-20240123-0004783,WALL-0078482,MERCH-00101,PM-04,DEV-01,2024-01-23 17:23:35,22.42,0.4485,0.0,2,Success,Purchase,Mandalay,MMK,False
TXN-20240123-0004784,WALL-0050797,MERCH-00149,PM-02,DEV-01,2024-01-23 09:28:42,91.61,0.1832,4.5804,9,Success,Purchase,Quezon City,PHP,False
TXN-20240123-0004785,WALL-0141619,MERCH-00059,PM-01,DEV-01,2024-01-23 06:56:46,45.09,0.0,0.9019,4,Success,Purchase,Phnom Penh,PHP,False
TXN-20240123-0004786,WALL-0093824,MERCH-00218,PM-01,DEV-03,2024-01-23 10:18:08,10.03,0.0,0.0,1,Success,Purchase,Chiang Mai,THB,False
TXN-20240123-0004787,WALL-0014483,MERCH-00074,PM-01,DEV-01,2024-01-23 17:32:53,18.02,0.0,0.3604,1,Success,Purchase,Taunggyi,MMK,False
TXN-20240123-0004788,WALL-0134738,MERCH-00308,PM-02,DEV-01,2024-01-23 15:10:05,4094.34,8.1887,327.5473,818,Success,Purchase,Siem Reap,KHR,False
TXN-20240123-0004789,WALL-0103978,MERCH-00108,PM-02,DEV-01,2024-01-23 07:47:20,33.82,0.0676,0.0,3,Success,Purchase,Hanoi,VND,False
TXN-20240123-0004790,WALL-0096120,MERCH-00442,PM-05,DEV-01,2024-01-23 14:00:26,318.98,0.0,0.0,31,Success,Tax Payment,Mandalay,MMK,False
TXN-20240123-0004791,WALL-0037781,MERCH-00231,PM-03,DEV-02,2024-01-23 11:36:45,11.88,0.0951,0.0,1,Success,Subscription,Yangon,MMK,False
TXN-20240123-0004792,WALL-0073120,MERCH-00096,PM-03,DEV-01,2024-01-23 19:56:50,26.56,0.2125,0.0,2,Success,Purchase,Karachi,PKR,False
TXN-20240123-0004793,WALL-0145912,MERCH-00027,PM-04,DEV-01,2024-01-23 12:25:55,35.83,0.7166,0.7166,3,Success,Purchase,Penang,LKR,False
TXN-20240123-0004794,WALL-0013196,MERCH-00036,PM-03,DEV-01,2024-01-23 03:24:33,32.34,0.2587,0.6468,3,Success,Purchase,Naypyidaw,MMK,False
TXN-20240123-0004795,WALL-0060156,MERCH-00254,PM-01,DEV-01,2024-01-23 08:58:12,9.29,0.0,0.0,0,Success,Subscription,Bago,MMK,False
TXN-20240123-0004796,WALL-0143628,MERCH-00416,PM-01,DEV-01,2024-01-23 17:27:02,21.52,0.0,0.0,2,Success,Payment,Myitkyina,MMK,False
TXN-20240123-0004797,WALL-0144426,MERCH-00107,PM-02,DEV-01,2024-01-23 06:41:46,77.68,0.1554,0.0,7,Success,Purchase,Yangon,MMK,False
TXN-20240123-0004798,WALL-0019337,MERCH-00217,PM-01,DEV-02,2024-01-23 12:50:25,20.27,0.0,0.0,2,Success,Purchase,Mawlamyine,MMK,False
TXN-20240123-0004799,WALL-0124131,MERCH-00102,PM-04,DEV-01,2024-01-23 14:37:15,142.17,2.8435,0.0,14,Success,Purchase,Quezon City,PHP,False
TXN-20240123-0004800,WALL-0070229,MERCH-00082,PM-01,DEV-03,2024-01-23 13:53:35,53.48,0.0,0.0,5,Success,Purchase,Ahmedabad,INR,False
TXN-20240123-0004801,WALL-0127717,MERCH-00174,PM-01,DEV-01,2024-01-23 14:59:56,354.11,0.0,17.7053,35,Success,Purchase,Johor Bahru,MYR,False
TXN-20240123-0004802,WALL-0017574,MERCH-00429,PM-02,DEV-02,2024-01-23 15:05:15,21.06,0.0421,0.0,2,Success,Payment,Pathein,MMK,False
TXN-20240123-0004803,WALL-0085470,MERCH-00380,PM-02,DEV-01,2024-01-23 10:30:59,132.86,0.2657,0.0,13,Success,Purchase,Manila,PHP,False
TXN-20240123-0004804,WALL-0144683,MERCH-00395,PM-02,DEV-01,2024-01-23 17:32:27,20.0,0.04,0.0,2,Success,Purchase,Jakarta,MMK,False
TXN-20240123-0004805,WALL-0126318,MERCH-00045,PM-04,DEV-04,2024-01-23 15:05:02,12.75,0.255,0.255,1,Success,Purchase,Khon Kaen,THB,False
TXN-20240123-0004806,WALL-0086925,MERCH-00100,PM-02,DEV-03,2024-01-23 15:30:01,109.52,0.219,0.0,10,Success,Purchase,Kolkata,INR,False
TXN-20240123-0004807,WALL-0146366,MERCH-00343,PM-01,DEV-02,2024-01-23 10:08:22,41.39,0.0,0.0,4,Success,Bill Payment,Bago,MMK,False
TXN-20240123-0004808,WALL-0110843,MERCH-00181,PM-01,DEV-01,2024-01-23 14:24:56,36.94,0.0,1.8468,3,Success,Purchase,Ho Chi Minh City,VND,False
TXN-20240123-0004809,WALL-0134190,MERCH-00447,PM-01,DEV-01,2024-01-23 22:16:01,50.0,0.0,0.0,5,Success,Tax Payment,Phuket,THB,False
TXN-20240123-0004810,WALL-0121588,MERCH-00166,PM-01,DEV-01,2024-01-23 10:35:55,993.86,0.0,49.6928,99,Success,Purchase,Yangon,MMK,False
TXN-20240123-0004811,WALL-0031098,MERCH-00046,PM-02,DEV-02,2024-01-23 15:51:47,22.71,0.0454,0.4543,2,Success,Purchase,Mandalay,MMK,False
TXN-20240123-0004812,WALL-0065435,MERCH-00188,PM-02,DEV-02,2024-01-23 04:40:36,67.36,0.1347,3.368,6,Success,Purchase,Mawlamyine,MMK,False
TXN-20240123-0004813,WALL-0032145,MERCH-00370,PM-01,DEV-01,2024-01-23 07:11:20,38.01,0.0,0.0,3,Success,Bill Payment,Chiang Mai,THB,False
TXN-20240123-0004814,WALL-0122592,MERCH-00062,PM-01,DEV-01,2024-01-23 17:36:44,19.4,0.0,0.3881,1,Success,Purchase,Delhi,INR,False
TXN-20240123-0004815,WALL-0005422,MERCH-00447,PM-01,DEV-05,2024-01-23 09:28:15,122.35,0.0,0.0,12,Success,Tax Payment,Delhi,MMK,False
TXN-20240123-0004816,WALL-0039870,MERCH-00393,PM-01,DEV-03,2024-01-23 13:36:23,60.76,0.0,0.0,6,Success,Purchase,Bago,MMK,False
TXN-20240123-0004817,WALL-0013959,MERCH-00018,PM-04,DEV-01,2024-01-23 18:20:46,27.41,0.5481,0.5481,2,Success,Purchase,Cebu City,IDR,False
TXN-20240123-0004818,WALL-0066002,MERCH-00140,PM-02,DEV-01,2024-01-23 22:04:37,320.68,0.6414,16.0339,32,Success,Purchase,Kandy,LKR,False
TXN-20240123-0004819,WALL-0046569,MERCH-00060,PM-01,DEV-01,2024-01-23 16:51:58,6.07,0.0,0.1213,0,Success,Purchase,Delhi,INR,False
TXN-20240123-0004820,WALL-0106107,MERCH-00373,PM-01,DEV-01,2024-01-23 08:18:20,34.39,0.0,0.0,3,Success,Purchase,Yangon,MMK,False
TXN-20240123-0004821,WALL-0069841,MERCH-00095,PM-04,DEV-01,2024-01-23 10:34:05,46.89,0.9378,0.0,4,Success,Purchase,Cebu City,PHP,False
TXN-20240123-0004822,WALL-0149607,MERCH-00178,PM-04,DEV-03,2024-01-23 08:30:57,32.27,0.6454,1.6136,3,Success,Purchase,Jaipur,INR,False
TXN-20240123-0004823,WALL-0014244,MERCH-00116,PM-01,DEV-02,2024-01-23 08:14:04,109.78,0.0,0.0,10,Success,Purchase,Manila,PHP,False
TXN-20240123-0004824,WALL-0015816,MERCH-00358,PM-03,DEV-01,2024-01-23 14:06:41,22.63,0.1811,0.0,2,Success,Bill Payment,Bago,MMK,False
TXN-20240123-0004825,WALL-0090313,MERCH-00008,PM-03,DEV-02,2024-01-23 16:25:58,58.34,0.4668,1.1669,5,Success,Purchase,Jakarta,BDT,False
TXN-20240123-0004826,WALL-0068092,MERCH-00411,PM-02,DEV-01,2024-01-23 19:55:09,34.62,0.0692,0.0,3,Success,Payment,Delhi,INR,False
TXN-20240123-0004827,WALL-0040875,MERCH-00363,PM-03,DEV-01,2024-01-23 17:30:13,39.18,0.3135,0.0,3,Success,Bill Payment,Surabaya,IDR,False
TXN-20240123-0004828,WALL-0072379,MERCH-00144,PM-01,DEV-04,2024-01-23 19:22:54,158.29,0.0,7.9145,15,Success,Purchase,Pathein,MMK,False
TXN-20240123-0004829,WALL-0080029,MERCH-00044,PM-01,DEV-03,2024-01-23 10:09:15,9.33,0.0,0.1867,0,Success,Purchase,Yangon,MMK,False
TXN-20240123-0004830,WALL-0013315,MERCH-00181,PM-01,DEV-03,2024-01-23 19:47:27,185.91,0.0,9.2954,18,Success,Purchase,Myitkyina,MMK,False
TXN-20240123-0004831,WALL-0075018,MERCH-00382,PM-01,DEV-01,2024-01-23 05:11:12,65.3,0.0,0.0,6,Success,Purchase,Lahore,MMK,False
TXN-20240123-0004832,WALL-0036356,MERCH-00046,PM-02,DEV-01,2024-01-23 14:07:19,20.81,0.0416,0.4161,2,Success,Purchase,Chennai,INR,False
TXN-20240123-0004833,WALL-0012873,MERCH-00035,PM-03,DEV-01,2024-01-23 20:17:41,28.2,0.2256,0.5641,2,Success,Purchase,Hyderabad,MMK,False
TXN-20240123-0004834,WALL-0037748,MERCH-00380,PM-01,DEV-01,2024-01-23 02:07:46,29.39,0.0,0.0,2,Success,Purchase,Taunggyi,MMK,False
TXN-20240123-0004835,WALL-0024854,MERCH-00383,PM-01,DEV-01,2024-01-23 14:25:19,108.25,0.0,0.0,10,Success,Purchase,Johor Bahru,MMK,False
TXN-20240123-0004836,WALL-0131885,MERCH-00247,PM-01,DEV-01,2024-01-23 21:12:56,7.14,0.0,0.0,0,Success,Subscription,Yangon,MMK,False
TXN-20240123-0004837,WALL-0020409,MERCH-00094,PM-03,DEV-01,2024-01-23 16:52:27,51.29,0.4103,0.0,5,Success,Purchase,Mandalay,MMK,False
TXN-20240123-0004838,WALL-0146681,MERCH-00032,PM-01,DEV-01,2024-01-23 08:08:24,5.0,0.0,0.0,0,Failed,Purchase,Hanoi,VND,False
TXN-20240123-0004839,WALL-0098511,MERCH-00108,PM-01,DEV-02,2024-01-23 19:07:07,91.75,0.0,0.0,9,Success,Purchase,Bago,MMK,False
TXN-20240123-0004840,WALL-0082452,MERCH-00179,PM-03,DEV-03,2024-01-23 00:07:04,104.72,0.8377,5.2358,10,Success,Purchase,Bago,MMK,False
TXN-20240123-0004841,WALL-0069683,MERCH-00227,PM-04,DEV-01,2024-01-23 21:27:00,6.13,0.1226,0.0,0,Success,Purchase,Pune,INR,False
TXN-20240123-0004842,WALL-0096743,MERCH-00095,PM-01,DEV-02,2024-01-23 05:09:38,78.2,0.0,0.0,7,Success,Purchase,Ahmedabad,LKR,False
TXN-20240123-0004843,WALL-0063147,MERCH-00125,PM-01,DEV-01,2024-01-23 06:48:56,56.28,0.0,0.0,5,Success,Purchase,Myitkyina,MMK,False
TXN-20240123-0004844,WALL-0139605,MERCH-00158,PM-02,DEV-04,2024-01-23 10:37:50,60.01,0.12,3.0004,6,Success,Purchase,Khon Kaen,BDT,False
TXN-20240123-0004845,WALL-0011604,MERCH-00047,PM-04,DEV-05,2024-01-23 21:14:30,21.97,0.4394,0.4394,2,Success,Purchase,Bangalore,INR,False
TXN-20240123-0004846,WALL-0138471,MERCH-00200,PM-04,DEV-01,2024-01-23 14:54:33,13.72,0.2745,0.0,1,Success,Purchase,Yangon,MMK,False
TXN-20240123-0004847,WALL-0058296,MERCH-00318,PM-01,DEV-01,2024-01-23 21:43:00,32.13,0.0,0.0,3,Success,Bill Payment,Mandalay,MMK,False
TXN-20240123-0004848,WALL-0039403,MERCH-00125,PM-02,DEV-01,2024-01-23 14:57:04,67.79,0.1356,0.0,0,Failed,Purchase,Penang,MYR,False
TXN-20240123-0004849,WALL-0066364,MERCH-00415,PM-01,DEV-01,2024-01-23 20:04:32,110.78,0.0,0.0,11,Success,Payment,Ahmedabad,INR,False
TXN-20240123-0004850,WALL-0145686,MERCH-00065,PM-02,DEV-01,2024-01-23 18:35:45,14.66,0.0293,0.2931,1,Success,Purchase,Naypyidaw,MMK,False
TXN-20240123-0004851,WALL-0011168,MERCH-00067,PM-01,DEV-02,2024-01-23 21:02:28,13.51,0.0,0.2701,1,Success,Purchase,Karachi,PKR,False
TXN-20240123-0004852,WALL-0071857,MERCH-00115,PM-03,DEV-01,2024-01-23 05:10:25,134.91,1.0793,0.0,13,Success,Purchase,Naypyidaw,MMK,False
TXN-20240123-0004853,WALL-0135349,MERCH-00307,PM-01,DEV-02,2024-01-23 14:09:57,619.95,0.0,49.5956,123,Success,Purchase,Islamabad,IDR,False
TXN-20240123-0004854,WALL-0004538,MERCH-00234,PM-02,DEV-03,2024-01-23 16:26:04,14.96,0.0299,0.0,1,Success,Subscription,Kolkata,INR,False
TXN-20240123-0004855,WALL-0035468,MERCH-00079,PM-04,DEV-01,2024-01-23 14:10:41,20.61,0.4121,0.4121,2,Success,Purchase,Bago,MMK,False
TXN-20240123-0004856,WALL-0035791,MERCH-00160,PM-03,DEV-03,2024-01-23 21:57:46,69.76,0.5581,3.4879,6,Success,Purchase,Mawlamyine,MMK,False
TXN-20240123-0004857,WALL-0143280,MERCH-00188,PM-02,DEV-02,2024-01-23 13:00:11,436.68,0.8734,21.8339,43,Success,Purchase,Johor Bahru,MYR,False
TXN-20240123-0004858,WALL-0037292,MERCH-00038,PM-04,DEV-01,2024-01-23 14:58:44,11.78,0.2356,0.2356,1,Success,Purchase,Yangon,MMK,False
TXN-20240123-0004859,WALL-0127833,MERCH-00336,PM-03,DEV-01,2024-01-23 21:22:20,59.37,0.475,0.0,5,Success,Bill Payment,Hanoi,SGD,False
TXN-20240123-0004860,WALL-0122625,MERCH-00194,PM-01,DEV-01,2024-01-23 12:23:30,9.27,0.0,0.0,0,Success,Purchase,Yangon,MMK,False
TXN-20240123-0004861,WALL-0067504,MERCH-00191,PM-02,DEV-01,2024-01-23 16:01:50,14.73,0.0295,0.0,1,Success,Purchase,Bali,IDR,False
TXN-20240123-0004862,WALL-0042052,MERCH-00157,PM-03,DEV-03,2024-01-23 02:11:50,793.11,6.3448,39.6553,79,Success,Purchase,Khon Kaen,THB,True
TXN-20240123-0004863,WALL-0093807,MERCH-00158,PM-04,DEV-03,2024-01-23 13:38:41,71.58,1.4316,3.5789,7,Success,Purchase,Chennai,INR,False
TXN-20240123-0004864,WALL-0056533,MERCH-00181,PM-03,DEV-04,2024-01-23 19:17:44,434.29,3.4743,21.7145,43,Success,Purchase,Delhi,MMK,False
TXN-20240123-0004865,WALL-0040495,MERCH-00026,PM-01,DEV-01,2024-01-23 12:51:43,15.1,0.0,0.3021,1,Success,Purchase,Pathein,MMK,False
TXN-20240123-0004866,WALL-0130744,MERCH-00408,PM-01,DEV-01,2024-01-23 20:45:43,20.0,0.0,0.0,2,Success,Payment,Kuala Lumpur,BDT,False
TXN-20240123-0004867,WALL-0056911,MERCH-00328,PM-02,DEV-01,2024-01-23 07:40:06,86.23,0.1725,0.0,8,Success,Bill Payment,Bago,MMK,False
TXN-20240123-0004868,WALL-0009738,MERCH-00078,PM-01,DEV-01,2024-01-23 14:46:07,16.46,0.0,0.3292,1,Success,Purchase,Jaipur,INR,False
TXN-20240123-0004869,WALL-0118314,MERCH-00288,PM-01,DEV-01,2024-01-23 21:19:03,1707.92,0.0,136.6338,341,Success,Purchase,Hyderabad,KHR,False
TXN-20240123-0004870,WALL-0020635,MERCH-00006,PM-01,DEV-03,2024-01-23 02:31:57,5.41,0.0,0.1082,0,Success,Purchase,Naypyidaw,MMK,False
TXN-20240123-0004871,WALL-0031611,MERCH-00309,PM-01,DEV-01,2024-01-23 14:44:56,781.95,0.0,62.5561,156,Success,Purchase,Lahore,PKR,False
TXN-20240123-0004872,WALL-0016712,MERCH-00376,PM-04,DEV-01,2024-01-23 06:41:12,61.03,1.2207,0.0,6,Success,Purchase,Mawlamyine,MMK,False
TXN-20240123-0004873,WALL-0116398,MERCH-00133,PM-03,DEV-02,2024-01-23 09:28:10,85.15,0.6812,4.2575,8,Success,Purchase,Yangon,MMK,False
TXN-20240123-0004874,WALL-0136169,MERCH-00474,PM-04,DEV-02,2024-01-23 16:16:47,880.73,17.6145,0.0,88,Success,Payment,Yangon,MMK,False
TXN-20240123-0004875,WALL-0005203,MERCH-00441,PM-01,DEV-01,2024-01-23 18:30:42,119.89,0.0,0.0,11,Success,Tax Payment,Myitkyina,MMK,False
TXN-20240123-0004876,WALL-0090756,MERCH-00393,PM-01,DEV-02,2024-01-23 21:44:19,24.57,0.0,0.0,2,Success,Purchase,Phuket,THB,False
TXN-20240123-0004877,WALL-0080382,MERCH-00384,PM-02,DEV-01,2024-01-23 16:54:31,56.43,0.1129,0.0,5,Success,Purchase,Chittagong,BDT,False
TXN-20240123-0004878,WALL-0035203,MERCH-00368,PM-01,DEV-01,2024-01-23 08:48:27,25.04,0.0,0.0,2,Success,Bill Payment,Yangon,MMK,False
TXN-20240123-0004879,WALL-0011489,MERCH-00356,PM-01,DEV-01,2024-01-23 12:55:50,30.19,0.0,0.0,3,Success,Bill Payment,Pathein,MMK,False
TXN-20240123-0004880,WALL-0003126,MERCH-00213,PM-01,DEV-02,2024-01-23 17:06:02,12.9,0.0,0.0,1,Success,Purchase,Khon Kaen,THB,False
TXN-20240123-0004881,WALL-0024957,MERCH-00130,PM-02,DEV-02,2024-01-23 16:46:26,91.75,0.1835,0.0,9,Success,Purchase,Lahore,PKR,False
TXN-20240123-0004882,WALL-0018251,MERCH-00330,PM-01,DEV-02,2024-01-23 16:40:23,119.89,0.0,0.0,11,Success,Bill Payment,Pattaya,THB,False
TXN-20240123-0004883,WALL-0071602,MERCH-00212,PM-05,DEV-03,2024-01-23 09:43:12,6.19,0.0,0.0,0,Success,Purchase,Bangalore,INR,False
TXN-20240123-0004884,WALL-0124661,MERCH-00429,PM-01,DEV-01,2024-01-23 21:32:28,55.21,0.0,0.0,5,Success,Payment,Davao,PHP,False
TXN-20240123-0004885,WALL-0117589,MERCH-00275,PM-01,DEV-04,2024-01-23 15:52:30,110.25,0.0,8.8199,22,Success,Purchase,Mandalay,MMK,False
TXN-20240123-0004886,WALL-0121379,MERCH-00067,PM-01,DEV-02,2024-01-23 10:43:52,26.31,0.0,0.5262,2,Success,Purchase,Hyderabad,INR,False
TXN-20240123-0004887,WALL-0077091,MERCH-00226,PM-04,DEV-01,2024-01-23 19:21:47,58.81,1.1761,0.0,5,Success,Purchase,Yangon,MMK,False
TXN-20240123-0004888,WALL-0058058,MERCH-00228,PM-02,DEV-04,2024-01-23 19:46:20,67.6,0.1352,0.0,6,Success,Purchase,Kandy,MMK,False
TXN-20240123-0004889,WALL-0045172,MERCH-00438,PM-01,DEV-01,2024-01-23 12:34:10,154.48,0.0,0.0,15,Success,Tax Payment,Phnom Penh,KHR,False
TXN-20240123-0004890,WALL-0145361,MERCH-00099,PM-03,DEV-01,2024-01-23 14:55:58,98.12,0.785,0.0,9,Success,Purchase,Phuket,THB,False
TXN-20240123-0004891,WALL-0089093,MERCH-00219,PM-02,DEV-01,2024-01-23 11:02:36,26.43,0.0529,0.0,2,Success,Purchase,Mandalay,MMK,False
TXN-20240123-0004892,WALL-0106058,MERCH-00429,PM-04,DEV-02,2024-01-23 14:09:11,213.62,4.2724,0.0,21,Success,Payment,Yangon,MMK,False
TXN-20240123-0004893,WALL-0054661,MERCH-00137,PM-04,DEV-02,2024-01-23 21:27:04,50.07,1.0013,2.5033,5,Success,Purchase,Myitkyina,MMK,False
TXN-20240123-0004894,WALL-0099031,MERCH-00479,PM-01,DEV-03,2024-01-23 16:50:43,50.0,0.0,0.0,5,Success,Payment,Chiang Mai,THB,False
TXN-20240123-0004895,WALL-0050353,MERCH-00324,PM-01,DEV-03,2024-01-23 19:27:15,69.71,0.0,0.0,6,Success,Bill Payment,Karachi,PKR,False
TXN-20240123-0004896,WALL-0135864,MERCH-00036,PM-01,DEV-02,2024-01-23 19:51:08,13.89,0.0,0.2779,1,Success,Purchase,Yangon,MMK,False
TXN-20240123-0004897,WALL-0140058,MERCH-00486,PM-04,DEV-02,2024-01-23 09:22:04,364.47,7.2893,0.0,36,Success,Payment,Naypyidaw,MMK,False
TXN-20240123-0004898,WALL-0046569,MERCH-00394,PM-02,DEV-01,2024-01-23 20:30:22,37.92,0.0758,0.0,3,Success,Purchase,Delhi,INR,False
TXN-20240123-0004899,WALL-0147556,MERCH-00151,PM-04,DEV-01,2024-01-23 06:52:44,76.42,1.5283,3.8208,7,Success,Purchase,Yangon,MMK,False
TXN-20240123-0004900,WALL-0035375,MERCH-00264,PM-01,DEV-03,2024-01-23 20:02:48,13.39,0.0,0.0,1,Success,Subscription,Bago,MMK,False
TXN-20240123-0004901,WALL-0032506,MERCH-00025,PM-02,DEV-03,2024-01-23 12:53:48,13.31,0.0266,0.0,0,Reversed,Purchase,Bangalore,MYR,False
TXN-20240123-0004902,WALL-0149417,MERCH-00427,PM-02,DEV-04,2024-01-23 06:01:30,62.37,0.1247,0.0,6,Success,Payment,Naypyidaw,MMK,False
TXN-20240123-0004903,WALL-0062439,MERCH-00067,PM-02,DEV-01,2024-01-23 20:43:07,22.29,0.0446,0.4458,2,Success,Purchase,Taunggyi,MMK,False
TXN-20240123-0004904,WALL-0036870,MERCH-00146,PM-04,DEV-01,2024-01-23 14:03:50,132.37,2.6473,6.6184,13,Success,Purchase,Yangon,MMK,False
TXN-20240123-0004905,WALL-0009857,MERCH-00290,PM-02,DEV-05,2024-01-23 15:04:11,198.87,0.3977,15.9094,39,Success,Purchase,Myitkyina,MMK,False
TXN-20240123-0004906,WALL-0129988,MERCH-00387,PM-02,DEV-01,2024-01-23 14:34:42,30.7,0.0614,0.0,3,Success,Purchase,Johor Bahru,MYR,False
TXN-20240123-0004907,WALL-0093145,MERCH-00159,PM-03,DEV-01,2024-01-23 19:55:08,290.44,2.3235,14.5222,29,Success,Purchase,Yangon,MMK,False
TXN-20240123-0004908,WALL-0106655,MERCH-00250,PM-01,DEV-01,2024-01-23 00:54:27,8.74,0.0,0.0,0,Success,Subscription,Medan,IDR,False
TXN-20240123-0004909,WALL-0063439,MERCH-00271,PM-05,DEV-01,2024-01-23 12:01:35,398.98,0.0,31.9181,79,Success,Purchase,Hanoi,VND,False
TXN-20240123-0004910,WALL-0002258,MERCH-00011,PM-03,DEV-04,2024-01-23 12:47:56,9.01,0.0721,0.1802,0,Success,Purchase,Pattaya,THB,False
TXN-20240123-0004911,WALL-0021126,MERCH-00013,PM-02,DEV-02,2024-01-23 13:17:04,21.83,0.0437,0.4367,2,Success,Purchase,Yangon,MMK,False
TXN-20240123-0004912,WALL-0015541,MERCH-00403,PM-02,DEV-04,2024-01-23 16:46:23,81.48,0.163,0.0,8,Success,Payment,Pathein,MMK,False
TXN-20240123-0004913,WALL-0036646,MERCH-00267,PM-01,DEV-01,2024-01-23 05:25:14,11.0,0.0,0.0,1,Success,Subscription,Yangon,MMK,False
TXN-20240123-0004914,WALL-0127890,MERCH-00374,PM-04,DEV-01,2024-01-23 16:28:42,31.29,0.6258,0.0,3,Success,Purchase,Islamabad,PKR,False
TXN-20240123-0004915,WALL-0000409,MERCH-00436,PM-02,DEV-02,2024-01-23 21:11:24,173.32,0.3466,0.0,17,Success,Tax Payment,Mawlamyine,MMK,False
TXN-20240123-0004916,WALL-0097106,MERCH-00366,PM-04,DEV-01,2024-01-23 19:33:21,14.31,0.2862,0.0,1,Success,Bill Payment,Mawlamyine,MMK,False
TXN-20240123-0004917,WALL-0003410,MERCH-00188,PM-01,DEV-03,2024-01-23 20:22:43,199.67,0.0,9.9834,19,Success,Purchase,Pathein,INR,False
TXN-20240123-0004918,WALL-0066566,MERCH-00318,PM-04,DEV-02,2024-01-23 11:12:42,102.75,2.055,0.0,10,Success,Bill Payment,Taunggyi,MMK,False
TXN-20240123-0004919,WALL-0029941,MERCH-00051,PM-05,DEV-01,2024-01-23 11:35:45,16.37,0.0,0.3274,1,Success,Purchase,Singapore,SGD,False
TXN-20240123-0004920,WALL-0082869,MERCH-00256,PM-03,DEV-03,2024-01-23 00:36:26,9.3,0.0744,0.0,0,Success,Subscription,Taunggyi,MYR,False
TXN-20240123-0004921,WALL-0122213,MERCH-00394,PM-03,DEV-01,2024-01-23 15:55:36,86.04,0.6883,0.0,8,Success,Purchase,Islamabad,PKR,False
TXN-20240123-0004922,WALL-0072553,MERCH-00031,PM-01,DEV-01,2024-01-23 08:21:17,20.87,0.0,0.4174,2,Success,Purchase,Mawlamyine,IDR,False
TXN-20240123-0004923,WALL-0076764,MERCH-00420,PM-04,DEV-01,2024-01-23 13:34:00,59.24,1.1848,0.0,5,Success,Payment,Mawlamyine,MMK,False
TXN-20240123-0004924,WALL-0148983,MERCH-00109,PM-03,DEV-01,2024-01-23 11:01:29,138.84,1.1107,0.0,13,Success,Purchase,Bandung,IDR,False
TXN-20240123-0004925,WALL-0118852,MERCH-00119,PM-01,DEV-02,2024-01-23 02:19:28,76.32,0.0,0.0,7,Success,Purchase,Pathein,MMK,False
TXN-20240123-0004926,WALL-0027875,MERCH-00355,PM-01,DEV-02,2024-01-23 13:44:01,113.3,0.0,0.0,11,Success,Bill Payment,Da Nang,VND,False
TXN-20240123-0004927,WALL-0119316,MERCH-00228,PM-02,DEV-01,2024-01-23 20:37:27,24.04,0.0481,0.0,2,Success,Purchase,Mandalay,MMK,False
TXN-20240123-0004928,WALL-0079131,MERCH-00358,PM-02,DEV-01,2024-01-23 06:06:30,29.35,0.0587,0.0,2,Success,Bill Payment,Medan,IDR,False
TXN-20240123-0004929,WALL-0040866,MERCH-00170,PM-04,DEV-01,2024-01-23 15:55:18,40.4,0.808,2.02,4,Success,Purchase,Johor Bahru,MYR,False
TXN-20240123-0004930,WALL-0020401,MERCH-00136,PM-02,DEV-01,2024-01-23 16:22:47,58.52,0.117,2.9258,5,Success,Purchase,Mawlamyine,MMK,False
TXN-20240123-0004931,WALL-0076915,MERCH-00004,PM-04,DEV-01,2024-01-23 23:17:32,48.23,0.9646,0.0,0,Failed,Purchase,Jakarta,IDR,False
TXN-20240123-0004932,WALL-0065449,MERCH-00080,PM-03,DEV-01,2024-01-23 12:56:46,35.22,0.2818,0.7044,3,Success,Purchase,Lahore,PKR,False
TXN-20240123-0004933,WALL-0109058,MERCH-00228,PM-04,DEV-05,2024-01-23 19:58:31,26.18,0.5237,0.0,2,Success,Purchase,Kuala Lumpur,MYR,False
TXN-20240123-0004934,WALL-0107721,MERCH-00116,PM-01,DEV-01,2024-01-23 16:41:07,49.72,0.0,0.0,4,Success,Purchase,Karachi,PKR,False
TXN-20240123-0004935,WALL-0064645,MERCH-00306,PM-05,DEV-01,2024-01-23 11:50:50,884.52,0.0,70.7616,176,Success,Purchase,Colombo,MMK,False
TXN-20240123-0004936,WALL-0016902,MERCH-00208,PM-04,DEV-03,2024-01-23 02:35:11,15.2,0.304,0.0,1,Success,Purchase,Mandalay,MMK,False
TXN-20240123-0004937,WALL-0063176,MERCH-00159,PM-01,DEV-01,2024-01-23 16:49:51,163.47,0.0,0.0,0,Failed,Purchase,Khon Kaen,THB,False
TXN-20240123-0004938,WALL-0030384,MERCH-00014,PM-01,DEV-01,2024-01-23 15:08:04,22.05,0.0,0.4411,2,Success,Purchase,Da Nang,MMK,False
TXN-20240123-0004939,WALL-0132899,MERCH-00128,PM-02,DEV-01,2024-01-23 19:26:36,41.85,0.0837,0.0,4,Success,Purchase,Penang,MYR,False
TXN-20240123-0004940,WALL-0034849,MERCH-00417,PM-04,DEV-01,2024-01-23 19:43:31,35.34,0.7069,0.0,3,Success,Payment,Mandalay,MMK,False
TXN-20240123-0004941,WALL-0045942,MERCH-00246,PM-05,DEV-02,2024-01-23 21:25:22,5.0,0.0,0.0,0,Success,Subscription,Taunggyi,MMK,False
TXN-20240123-0004942,WALL-0071504,MERCH-00161,PM-02,DEV-02,2024-01-23 15:16:57,101.58,0.2032,5.0788,10,Success,Purchase,Taunggyi,MMK,False
TXN-20240123-0004943,WALL-0062921,MERCH-00219,PM-03,DEV-01,2024-01-23 18:33:01,24.03,0.1922,0.0,2,Success,Purchase,Hanoi,MMK,False
TXN-20240123-0004944,WALL-0007654,MERCH-00166,PM-04,DEV-03,2024-01-23 09:18:40,20.0,0.4,1.0,2,Success,Purchase,Chennai,INR,False
TXN-20240123-0004945,WALL-0031298,MERCH-00171,PM-01,DEV-02,2024-01-23 21:08:56,24.42,0.0,1.2211,2,Success,Purchase,Pattaya,THB,False
TXN-20240123-0004946,WALL-0025927,MERCH-00202,PM-02,DEV-01,2024-01-23 17:27:54,7.71,0.0154,0.0,0,Success,Purchase,Yangon,MMK,False
TXN-20240123-0004947,WALL-0038037,MERCH-00196,PM-02,DEV-02,2024-01-23 02:19:44,18.17,0.0363,0.0,1,Success,Purchase,Medan,MMK,False
TXN-20240123-0004948,WALL-0084782,MERCH-00169,PM-01,DEV-05,2024-01-23 21:31:14,37.98,0.0,1.8991,3,Success,Purchase,Myitkyina,MMK,False
TXN-20240123-0004949,WALL-0081714,MERCH-00200,PM-02,DEV-03,2024-01-23 17:22:24,18.07,0.0361,0.0,0,Failed,Purchase,Mawlamyine,MMK,False
TXN-20240123-0004950,WALL-0055168,MERCH-00428,PM-01,DEV-01,2024-01-23 15:52:16,237.57,0.0,0.0,23,Success,Payment,Bago,MMK,False
TXN-20240123-0004951,WALL-0103866,MERCH-00096,PM-02,DEV-01,2024-01-23 20:53:04,39.41,0.0788,0.0,3,Success,Purchase,Ho Chi Minh City,INR,False
TXN-20240123-0004952,WALL-0088032,MERCH-00163,PM-02,DEV-02,2024-01-23 10:10:34,48.71,0.0974,2.4357,4,Success,Purchase,Pokhara,NPR,False
TXN-20240123-0004953,WALL-0116539,MERCH-00048,PM-01,DEV-01,2024-01-23 12:34:01,14.79,0.0,0.2959,1,Success,Purchase,Naypyidaw,MMK,False
TXN-20240123-0004954,WALL-0026757,MERCH-00004,PM-02,DEV-03,2024-01-23 19:50:25,15.81,0.0316,0.0,0,Failed,Purchase,Phnom Penh,KHR,False
TXN-20240123-0004955,WALL-0107805,MERCH-00020,PM-04,DEV-02,2024-01-23 15:00:53,15.29,0.3059,0.3059,1,Success,Purchase,Pathein,MMK,False
TXN-20240123-0004956,WALL-0139928,MERCH-00208,PM-05,DEV-01,2024-01-23 19:32:34,14.69,0.0,0.0,1,Success,Purchase,Pathein,MMK,False
TXN-20240123-0004957,WALL-0043391,MERCH-00312,PM-02,DEV-05,2024-01-23 01:35:38,173.8,0.3476,0.0,17,Success,Bill Payment,Mandalay,MMK,False
TXN-20240123-0004958,WALL-0130438,MERCH-00358,PM-01,DEV-03,2024-01-23 08:00:15,18.45,0.0,0.0,1,Success,Bill Payment,Naypyidaw,MMK,False
TXN-20240123-0004959,WALL-0008405,MERCH-00339,PM-02,DEV-02,2024-01-23 17:48:19,216.58,0.4332,0.0,21,Success,Bill Payment,Myitkyina,MMK,False
TXN-20240123-0004960,WALL-0147182,MERCH-00154,PM-03,DEV-01,2024-01-23 12:27:41,298.16,2.3853,14.9081,29,Success,Purchase,Chiang Mai,THB,False
TXN-20240123-0004961,WALL-0107506,MERCH-00277,PM-04,DEV-01,2024-01-23 07:58:26,1791.48,35.8296,143.3183,358,Success,Purchase,Bangalore,INR,False
TXN-20240123-0004962,WALL-0056259,MERCH-00020,PM-01,DEV-02,2024-01-23 00:14:32,16.43,0.0,0.3285,1,Success,Purchase,Chittagong,BDT,False
TXN-20240123-0004963,WALL-0007985,MERCH-00187,PM-03,DEV-02,2024-01-23 12:51:28,121.96,0.9757,6.0981,12,Success,Purchase,Ho Chi Minh City,VND,False
TXN-20240123-0004964,WALL-0109261,MERCH-00027,PM-01,DEV-01,2024-01-23 13:33:41,20.68,0.0,0.4136,2,Success,Purchase,Mandalay,MMK,False
TXN-20240123-0004965,WALL-0088540,MERCH-00435,PM-01,DEV-03,2024-01-23 10:22:55,1714.82,0.0,0.0,171,Success,Tax Payment,Myitkyina,MMK,False
TXN-20240123-0004966,WALL-0045988,MERCH-00186,PM-01,DEV-01,2024-01-23 13:05:18,1064.31,0.0,53.2155,106,Success,Purchase,Mawlamyine,MMK,False
TXN-20240123-0004967,WALL-0110866,MERCH-00259,PM-01,DEV-02,2024-01-23 17:30:47,47.09,0.0,0.0,4,Success,Subscription,Taunggyi,MMK,False
TXN-20240123-0004968,WALL-0016343,MERCH-00431,PM-03,DEV-04,2024-01-23 18:52:38,288.67,2.3093,0.0,28,Success,Tax Payment,Quezon City,PHP,False
TXN-20240123-0004969,WALL-0146695,MERCH-00037,PM-02,DEV-05,2024-01-23 13:58:30,20.93,0.0419,0.4187,2,Success,Purchase,Lahore,PKR,False
TXN-20240123-0004970,WALL-0122266,MERCH-00117,PM-03,DEV-01,2024-01-23 14:13:56,49.23,0.3938,0.0,4,Success,Purchase,Lahore,PKR,False
TXN-20240123-0004971,WALL-0045416,MERCH-00223,PM-03,DEV-04,2024-01-23 08:47:26,25.36,0.2029,0.0,2,Success,Purchase,Mandalay,MMK,False
TXN-20240123-0004972,WALL-0034314,MERCH-00252,PM-01,DEV-01,2024-01-23 14:43:03,10.29,0.0,0.0,1,Success,Subscription,Kathmandu,MMK,False
TXN-20240123-0004973,WALL-0137205,MERCH-00104,PM-05,DEV-01,2024-01-23 09:42:04,12.03,0.0,0.0,1,Success,Purchase,Bali,IDR,False
TXN-20240123-0004974,WALL-0039399,MERCH-00240,PM-03,DEV-01,2024-01-23 19:43:55,8.36,0.0669,0.0,0,Success,Subscription,Mandalay,MMK,False
TXN-20240123-0004975,WALL-0068090,MERCH-00108,PM-04,DEV-01,2024-01-23 02:37:02,34.07,0.6814,0.0,3,Success,Purchase,Davao,PHP,False
TXN-20240123-0004976,WALL-0137196,MERCH-00113,PM-01,DEV-02,2024-01-23 15:02:37,30.47,0.0,0.0,3,Success,Purchase,Yangon,MMK,False
TXN-20240123-0004977,WALL-0121827,MERCH-00390,PM-02,DEV-04,2024-01-23 09:11:34,71.12,0.1422,0.0,7,Success,Purchase,Da Nang,VND,False
TXN-20240123-0004978,WALL-0042893,MERCH-00197,PM-03,DEV-01,2024-01-23 13:27:58,7.13,0.057,0.0,0,Success,Purchase,Phnom Penh,KHR,False
TXN-20240123-0004979,WALL-0061420,MERCH-00080,PM-02,DEV-04,2024-01-23 21:10:30,15.51,0.031,0.3101,1,Success,Purchase,Bago,MMK,False
TXN-20240123-0004980,WALL-0099772,MERCH-00219,PM-01,DEV-01,2024-01-23 13:39:09,7.39,0.0,0.0,0,Success,Purchase,Islamabad,PKR,False
TXN-20240123-0004981,WALL-0007785,MERCH-00207,PM-01,DEV-04,2024-01-23 18:07:30,10.89,0.0,0.0,1,Success,Purchase,Mandalay,MMK,False
TXN-20240123-0004982,WALL-0074475,MERCH-00483,PM-04,DEV-02,2024-01-23 18:47:02,411.52,8.2304,0.0,41,Success,Payment,Jaipur,INR,False
TXN-20240123-0004983,WALL-0037003,MERCH-00415,PM-02,DEV-02,2024-01-23 20:29:28,34.89,0.0698,0.0,0,Failed,Payment,Colombo,LKR,False
TXN-20240123-0004984,WALL-0112463,MERCH-00195,PM-03,DEV-01,2024-01-23 03:56:53,7.59,0.0607,0.0,0,Success,Purchase,Bandung,IDR,False
TXN-20240123-0004985,WALL-0055321,MERCH-00379,PM-01,DEV-01,2024-01-23 19:33:54,59.61,0.0,0.0,5,Success,Purchase,Chiang Mai,THB,False
TXN-20240123-0004986,WALL-0060508,MERCH-00208,PM-01,DEV-05,2024-01-23 11:57:04,15.03,0.0,0.0,1,Success,Purchase,Jakarta,IDR,False
TXN-20240123-0004987,WALL-0135300,MERCH-00155,PM-02,DEV-01,2024-01-23 12:30:42,455.74,0.9115,22.7868,45,Success,Purchase,Myitkyina,MMK,False
TXN-20240123-0004988,WALL-0086605,MERCH-00312,PM-01,DEV-01,2024-01-23 05:46:59,40.0,0.0,0.0,4,Success,Bill Payment,Naypyidaw,MMK,False
TXN-20240123-0004989,WALL-0100065,MERCH-00319,PM-01,DEV-01,2024-01-23 15:06:18,59.7,0.0,0.0,5,Success,Bill Payment,Mandalay,MMK,False
TXN-20240123-0004990,WALL-0100740,MERCH-00212,PM-01,DEV-01,2024-01-23 00:57:22,9.6,0.0,0.0,0,Success,Purchase,Taunggyi,MMK,False
TXN-20240123-0004991,WALL-0091457,MERCH-00361,PM-04,DEV-02,2024-01-23 11:22:19,97.71,1.9542,0.0,9,Success,Bill Payment,Cebu City,PHP,False
TXN-20240123-0004992,WALL-0138654,MERCH-00227,PM-02,DEV-01,2024-01-23 04:15:38,5.08,0.0102,0.0,0,Success,Purchase,Singapore,SGD,False
TXN-20240123-0004993,WALL-0087093,MERCH-00140,PM-01,DEV-01,2024-01-23 08:46:12,59.32,0.0,2.966,5,Success,Purchase,Hanoi,VND,False
TXN-20240123-0004994,WALL-0043479,MERCH-00083,PM-01,DEV-01,2024-01-23 20:46:54,62.93,0.0,0.0,6,Success,Purchase,Mawlamyine,MMK,False
TXN-20240123-0004995,WALL-0046753,MERCH-00217,PM-01,DEV-01,2024-01-23 17:16:43,13.45,0.0,0.0,1,Success,Purchase,Cebu City,PHP,False
TXN-20240123-0004996,WALL-0089791,MERCH-00109,PM-02,DEV-03,2024-01-23 03:44:03,31.93,0.0639,0.0,3,Success,Purchase,Penang,MYR,False
TXN-20240123-0004997,WALL-0085609,MERCH-00397,PM-01,DEV-02,2024-01-23 08:57:53,29.46,0.0,0.0,2,Success,Purchase,Pune,INR,False
TXN-20240123-0004998,WALL-0077845,MERCH-00055,PM-04,DEV-05,2024-01-23 01:46:12,21.52,0.4304,0.4304,2,Success,Purchase,Pune,INR,False
TXN-20240123-0004999,WALL-0043879,MERCH-00110,PM-01,DEV-03,2024-01-23 08:46:33,75.71,0.0,0.0,7,Success,Purchase,Chittagong,BDT,False
TXN-20240123-0005000,WALL-0016287,MERCH-00249,PM-03,DEV-01,2024-01-23 06:00:57,26.37,0.2109,0.0,2,Success,Subscription,Yangon,MMK,False
TXN-20240123-0005001,WALL-0094901,MERCH-00355,PM-02,DEV-01,2024-01-23 20:14:01,42.6,0.0852,0.0,4,Success,Bill Payment,Pokhara,NPR,False
TXN-20240123-0005002,WALL-0095593,MERCH-00433,PM-02,DEV-01,2024-01-23 17:34:56,169.36,0.3387,0.0,16,Success,Tax Payment,Myitkyina,MMK,False
TXN-20240123-0005003,WALL-0081148,MERCH-00117,PM-02,DEV-01,2024-01-23 01:58:42,41.13,0.0823,0.0,4,Success,Purchase,Ahmedabad,INR,False
TXN-20240123-0005004,WALL-0130292,MERCH-00287,PM-02,DEV-02,2024-01-23 08:22:11,446.44,0.8929,35.7155,89,Success,Purchase,Hanoi,VND,False
TXN-20240123-0005005,WALL-0095844,MERCH-00170,PM-02,DEV-01,2024-01-23 23:01:24,45.25,0.0905,2.2626,4,Success,Purchase,Yangon,MMK,False
TXN-20240123-0005006,WALL-0036566,MERCH-00207,PM-02,DEV-01,2024-01-23 12:39:17,8.48,0.017,0.0,0,Success,Purchase,Phnom Penh,KHR,False
TXN-20240123-0005007,WALL-0081842,MERCH-00314,PM-04,DEV-01,2024-01-23 15:11:36,83.69,1.6739,0.0,8,Success,Bill Payment,Mawlamyine,MMK,False
TXN-20240123-0005008,WALL-0067554,MERCH-00251,PM-03,DEV-01,2024-01-23 18:34:11,24.01,0.1921,0.0,2,Success,Subscription,Pune,INR,False
TXN-20240123-0005009,WALL-0126161,MERCH-00382,PM-01,DEV-02,2024-01-23 11:57:20,45.19,0.0,0.0,4,Success,Purchase,Pune,INR,False
TXN-20240123-0005010,WALL-0045500,MERCH-00046,PM-01,DEV-02,2024-01-23 20:06:23,8.23,0.0,0.1646,0,Success,Purchase,Khon Kaen,THB,False
TXN-20240123-0005011,WALL-0090416,MERCH-00193,PM-01,DEV-03,2024-01-23 19:50:49,5.45,0.0,0.0,0,Success,Purchase,Ahmedabad,PHP,False
TXN-20240123-0005012,WALL-0031672,MERCH-00184,PM-01,DEV-01,2024-01-23 16:56:45,40.15,0.0,2.0077,4,Success,Purchase,Pathein,MMK,False
TXN-20240123-0005013,WALL-0149851,MERCH-00104,PM-01,DEV-05,2024-01-23 17:34:41,67.1,0.0,0.0,6,Success,Purchase,Cebu City,PHP,False
TXN-20240123-0005014,WALL-0078232,MERCH-00073,PM-01,DEV-01,2024-01-23 15:43:28,6.84,0.0,0.1369,0,Success,Purchase,Bandung,MMK,False
TXN-20240123-0005015,WALL-0079357,MERCH-00160,PM-01,DEV-01,2024-01-23 20:47:34,1717.37,0.0,85.8684,171,Success,Purchase,Bago,MMK,False
TXN-20240123-0005016,WALL-0079305,MERCH-00365,PM-01,DEV-01,2024-01-23 15:59:17,36.05,0.0,0.0,3,Success,Bill Payment,Mandalay,MMK,False
TXN-20240123-0005017,WALL-0108675,MERCH-00496,PM-01,DEV-01,2024-01-23 17:06:36,507.61,0.0,0.0,50,Success,Payment,Pathein,MMK,False
TXN-20240123-0005018,WALL-0130161,MERCH-00208,PM-01,DEV-01,2024-01-23 18:31:43,31.84,0.0,0.0,3,Success,Purchase,Penang,MYR,False
TXN-20240123-0005019,WALL-0024730,MERCH-00150,PM-02,DEV-04,2024-01-23 14:54:09,20.0,0.04,1.0,2,Success,Purchase,Da Nang,VND,False
TXN-20240123-0005020,WALL-0013105,MERCH-00308,PM-01,DEV-01,2024-01-23 20:33:12,1080.44,0.0,86.4352,216,Success,Purchase,Bago,MMK,False
TXN-20240123-0005021,WALL-0114835,MERCH-00305,PM-02,DEV-01,2024-01-23 02:19:23,215.34,0.4307,17.2276,43,Success,Purchase,Mawlamyine,MMK,False
TXN-20240123-0005022,WALL-0078152,MERCH-00422,PM-02,DEV-01,2024-01-23 06:58:49,143.85,0.2877,0.0,14,Success,Payment,Mumbai,INR,False
TXN-20240123-0005023,WALL-0059846,MERCH-00062,PM-04,DEV-01,2024-01-23 21:00:40,11.38,0.2275,0.2275,1,Success,Purchase,Bago,MMK,False
TXN-20240123-0005024,WALL-0051713,MERCH-00067,PM-01,DEV-01,2024-01-23 13:46:46,13.25,0.0,0.2649,1,Success,Purchase,Mandalay,MMK,False
TXN-20240123-0005025,WALL-0019523,MERCH-00188,PM-02,DEV-02,2024-01-23 01:18:57,61.96,0.1239,3.098,6,Success,Purchase,Penang,MMK,False
TXN-20240123-0005026,WALL-0020783,MERCH-00043,PM-02,DEV-03,2024-01-23 17:05:04,7.65,0.0153,0.153,0,Success,Purchase,Naypyidaw,MMK,False
TXN-20240123-0005027,WALL-0103343,MERCH-00003,PM-02,DEV-01,2024-01-23 19:40:25,60.78,0.1216,1.2155,6,Success,Purchase,Kolkata,INR,False
TXN-20240123-0005028,WALL-0092186,MERCH-00068,PM-01,DEV-02,2024-01-23 09:55:50,26.02,0.0,0.5203,2,Success,Purchase,Phnom Penh,KHR,False
TXN-20240123-0005029,WALL-0053658,MERCH-00341,PM-01,DEV-01,2024-01-23 15:06:18,89.85,0.0,0.0,8,Success,Bill Payment,Cebu City,PHP,False
TXN-20240123-0005030,WALL-0144177,MERCH-00339,PM-03,DEV-02,2024-01-23 17:03:19,57.13,0.457,0.0,5,Success,Bill Payment,Bago,MMK,False
TXN-20240123-0005031,WALL-0042884,MERCH-00358,PM-01,DEV-02,2024-01-23 17:27:52,40.86,0.0,0.0,4,Success,Bill Payment,Bago,MMK,False
TXN-20240123-0005032,WALL-0028638,MERCH-00147,PM-04,DEV-01,2024-01-23 23:31:48,145.56,2.9113,7.2781,14,Success,Purchase,Chennai,IDR,False
TXN-20240123-0005033,WALL-0020580,MERCH-00215,PM-05,DEV-04,2024-01-23 08:29:16,8.7,0.0,0.0,0,Success,Purchase,Myitkyina,MMK,False
TXN-20240123-0005034,WALL-0040230,MERCH-00305,PM-04,DEV-02,2024-01-23 15:21:47,391.5,7.83,31.3199,78,Success,Purchase,Siem Reap,KHR,False
TXN-20240123-0005035,WALL-0109124,MERCH-00074,PM-01,DEV-01,2024-01-23 13:15:39,21.64,0.0,0.4327,2,Success,Purchase,Bandung,IDR,False
TXN-20240123-0005036,WALL-0039049,MERCH-00118,PM-03,DEV-01,2024-01-23 12:10:57,82.33,0.6586,0.0,8,Success,Purchase,Ahmedabad,INR,False
TXN-20240123-0005037,WALL-0138769,MERCH-00037,PM-02,DEV-01,2024-01-23 19:48:37,9.54,0.0191,0.1908,0,Success,Purchase,Kathmandu,NPR,False
TXN-20240123-0005038,WALL-0126350,MERCH-00208,PM-02,DEV-02,2024-01-23 17:40:17,15.46,0.0309,0.0,1,Success,Purchase,Bago,MMK,False
TXN-20240123-0005039,WALL-0124149,MERCH-00180,PM-02,DEV-02,2024-01-23 19:43:56,20.0,0.04,1.0,2,Success,Purchase,Davao,MMK,False
TXN-20240123-0005040,WALL-0086635,MERCH-00124,PM-03,DEV-01,2024-01-23 16:33:53,36.14,0.2892,0.0,3,Success,Purchase,Khon Kaen,THB,False
TXN-20240123-0005041,WALL-0123176,MERCH-00352,PM-01,DEV-03,2024-01-23 04:47:35,25.32,0.0,0.0,0,Failed,Bill Payment,Quezon City,PHP,False
TXN-20240123-0005042,WALL-0093982,MERCH-00314,PM-02,DEV-01,2024-01-23 17:32:56,147.2,0.2944,0.0,14,Success,Bill Payment,Khon Kaen,MMK,False
TXN-20240123-0005043,WALL-0030126,MERCH-00039,PM-01,DEV-01,2024-01-23 20:27:04,45.42,0.0,0.9085,4,Success,Purchase,Singapore,SGD,False
TXN-20240123-0005044,WALL-0029431,MERCH-00037,PM-02,DEV-05,2024-01-23 02:27:52,11.71,0.0234,0.2341,1,Success,Purchase,Taunggyi,PHP,False
TXN-20240123-0005045,WALL-0109419,MERCH-00333,PM-01,DEV-01,2024-01-23 21:03:18,189.46,0.0,0.0,18,Success,Bill Payment,Mandalay,MMK,False
TXN-20240123-0005046,WALL-0112647,MERCH-00088,PM-03,DEV-01,2024-01-23 13:26:50,32.81,0.2625,0.0,3,Success,Purchase,Hanoi,VND,False
TXN-20240123-0005047,WALL-0052195,MERCH-00074,PM-01,DEV-01,2024-01-23 23:19:00,32.27,0.0,0.6455,3,Success,Purchase,Davao,PHP,False
TXN-20240123-0005048,WALL-0054036,MERCH-00041,PM-05,DEV-01,2024-01-23 17:32:54,9.5,0.0,0.19,0,Success,Purchase,Kathmandu,NPR,False
TXN-20240123-0005049,WALL-0077068,MERCH-00449,PM-01,DEV-03,2024-01-23 21:36:48,569.06,0.0,0.0,56,Success,Tax Payment,Hanoi,THB,False
TXN-20240123-0005050,WALL-0043805,MERCH-00033,PM-02,DEV-01,2024-01-23 13:47:23,59.9,0.1198,1.198,5,Success,Purchase,Bago,MMK,False
TXN-20240123-0005051,WALL-0129889,MERCH-00045,PM-03,DEV-04,2024-01-23 12:45:55,6.11,0.0489,0.1222,0,Success,Purchase,Pune,INR,False
TXN-20240123-0005052,WALL-0118370,MERCH-00344,PM-01,DEV-01,2024-01-23 14:12:04,35.55,0.0,0.0,3,Success,Bill Payment,Myitkyina,MMK,False
TXN-20240123-0005053,WALL-0101308,MERCH-00107,PM-02,DEV-01,2024-01-23 17:07:46,39.35,0.0787,0.0,3,Success,Purchase,Pokhara,MMK,False
TXN-20240123-0005054,WALL-0128137,MERCH-00069,PM-01,DEV-01,2024-01-23 07:23:15,7.9,0.0,0.1579,0,Success,Purchase,Pathein,MMK,False
TXN-20240123-0005055,WALL-0037180,MERCH-00408,PM-04,DEV-01,2024-01-23 19:58:59,106.25,2.125,0.0,10,Success,Payment,Yangon,MMK,False
TXN-20240123-0005056,WALL-0069742,MERCH-00012,PM-02,DEV-01,2024-01-23 12:11:32,14.16,0.0283,0.2832,1,Success,Purchase,Taunggyi,MMK,False
TXN-20240123-0005057,WALL-0148159,MERCH-00392,PM-01,DEV-01,2024-01-23 08:36:54,65.06,0.0,0.0,6,Success,Purchase,Surabaya,IDR,False
TXN-20240123-0005058,WALL-0044872,MERCH-00415,PM-01,DEV-01,2024-01-23 20:37:51,106.61,0.0,0.0,10,Success,Payment,Singapore,SGD,False
TXN-20240123-0005059,WALL-0072167,MERCH-00262,PM-04,DEV-01,2024-01-23 07:43:58,11.37,0.2274,0.0,1,Success,Subscription,Myitkyina,MMK,False
TXN-20240123-0005060,WALL-0002008,MERCH-00163,PM-04,DEV-05,2024-01-23 08:53:34,368.36,7.3672,18.418,36,Success,Purchase,Yangon,MMK,False
TXN-20240123-0005061,WALL-0115324,MERCH-00448,PM-03,DEV-02,2024-01-23 11:36:02,386.52,3.0921,0.0,38,Success,Tax Payment,Pathein,MMK,False
TXN-20240123-0005062,WALL-0063154,MERCH-00128,PM-01,DEV-03,2024-01-23 00:12:25,46.26,0.0,0.0,4,Success,Purchase,Pokhara,NPR,False
TXN-20240123-0005063,WALL-0083922,MERCH-00340,PM-01,DEV-01,2024-01-23 06:57:13,115.88,0.0,0.0,11,Success,Bill Payment,Chennai,PHP,False
TXN-20240123-0005064,WALL-0099668,MERCH-00216,PM-01,DEV-03,2024-01-23 17:22:24,14.56,0.0,0.0,1,Success,Purchase,Taunggyi,MMK,False
TXN-20240123-0005065,WALL-0138149,MERCH-00461,PM-01,DEV-01,2024-01-23 23:49:01,315.41,0.0,0.0,31,Success,Payment,Mandalay,MMK,False
TXN-20240123-0005066,WALL-0074008,MERCH-00033,PM-02,DEV-01,2024-01-23 22:24:35,30.75,0.0615,0.615,3,Success,Purchase,Mandalay,MMK,False
TXN-20240123-0005067,WALL-0147223,MERCH-00001,PM-04,DEV-01,2024-01-23 12:27:50,16.34,0.3269,0.3269,1,Success,Purchase,Cebu City,THB,False
TXN-20240123-0005068,WALL-0144094,MERCH-00201,PM-01,DEV-01,2024-01-23 16:04:44,10.43,0.0,0.0,1,Success,Purchase,Mandalay,MMK,False
TXN-20240123-0005069,WALL-0076231,MERCH-00016,PM-04,DEV-02,2024-01-23 20:43:54,9.44,0.1889,0.1889,0,Success,Purchase,Bago,MMK,False
TXN-20240123-0005070,WALL-0024412,MERCH-00129,PM-03,DEV-01,2024-01-23 21:08:59,46.8,0.3744,0.0,4,Success,Purchase,Manila,PHP,False
TXN-20240123-0005071,WALL-0069565,MERCH-00211,PM-02,DEV-01,2024-01-23 19:20:10,12.71,0.0254,0.0,1,Success,Purchase,Myitkyina,MMK,False
TXN-20240123-0005072,WALL-0096079,MERCH-00436,PM-01,DEV-02,2024-01-23 10:44:26,69.33,0.0,0.0,6,Success,Tax Payment,Pathein,MMK,False
TXN-20240123-0005073,WALL-0076500,MERCH-00335,PM-03,DEV-01,2024-01-23 11:34:36,103.28,0.8262,0.0,10,Success,Bill Payment,Khon Kaen,THB,False
TXN-20240123-0005074,WALL-0025434,MERCH-00392,PM-05,DEV-01,2024-01-23 21:23:58,83.73,0.0,0.0,8,Success,Purchase,Chittagong,BDT,False
TXN-20240123-0005075,WALL-0033591,MERCH-00051,PM-04,DEV-02,2024-01-23 18:16:21,38.38,0.7675,0.7675,3,Success,Purchase,Naypyidaw,MMK,False
TXN-20240123-0005076,WALL-0143563,MERCH-00107,PM-02,DEV-01,2024-01-23 15:26:09,39.24,0.0785,0.0,3,Success,Purchase,Davao,IDR,False
TXN-20240123-0005077,WALL-0088219,MERCH-00015,PM-01,DEV-03,2024-01-23 14:28:05,30.71,0.0,0.6143,3,Success,Purchase,Mawlamyine,MMK,False
TXN-20240123-0005078,WALL-0021091,MERCH-00469,PM-04,DEV-04,2024-01-23 15:19:09,108.68,2.1736,0.0,10,Success,Payment,Islamabad,PKR,False
TXN-20240123-0005079,WALL-0141954,MERCH-00255,PM-04,DEV-04,2024-01-23 14:04:53,17.59,0.3517,0.0,0,Failed,Subscription,Lahore,PKR,False
TXN-20240123-0005080,WALL-0081195,MERCH-00112,PM-01,DEV-01,2024-01-23 13:38:50,25.27,0.0,0.0,0,Failed,Purchase,Pattaya,THB,False
TXN-20240123-0005081,WALL-0135421,MERCH-00391,PM-02,DEV-01,2024-01-23 16:02:54,95.53,0.1911,0.0,9,Success,Purchase,Jaipur,INR,False
TXN-20240123-0005082,WALL-0038784,MERCH-00317,PM-01,DEV-01,2024-01-23 17:55:04,82.89,0.0,0.0,8,Success,Bill Payment,Mandalay,MMK,False
TXN-20240123-0005083,WALL-0110456,MERCH-00217,PM-04,DEV-01,2024-01-23 12:46:12,11.35,0.2269,0.0,1,Success,Purchase,Naypyidaw,MMK,False
TXN-20240123-0005084,WALL-0036754,MERCH-00218,PM-01,DEV-01,2024-01-23 10:44:33,35.83,0.0,0.0,3,Success,Purchase,Davao,MYR,False
TXN-20240123-0005085,WALL-0041910,MERCH-00360,PM-02,DEV-01,2024-01-23 15:59:26,22.19,0.0444,0.0,2,Success,Bill Payment,Jaipur,INR,False
TXN-20240123-0005086,WALL-0136564,MERCH-00213,PM-03,DEV-01,2024-01-23 12:00:37,20.8,0.1664,0.0,2,Success,Purchase,Mumbai,INR,False
TXN-20240123-0005087,WALL-0057427,MERCH-00423,PM-03,DEV-04,2024-01-23 17:46:51,133.59,1.0687,0.0,13,Success,Payment,Taunggyi,MMK,False
TXN-20240123-0005088,WALL-0137229,MERCH-00324,PM-02,DEV-04,2024-01-23 16:37:27,228.3,0.4566,0.0,22,Success,Bill Payment,Mandalay,MMK,False
TXN-20240123-0005089,WALL-0108549,MERCH-00425,PM-01,DEV-03,2024-01-23 20:51:24,50.07,0.0,0.0,5,Success,Payment,Kathmandu,MMK,False
TXN-20240123-0005090,WALL-0014952,MERCH-00192,PM-03,DEV-01,2024-01-23 12:51:54,17.76,0.1421,0.0,1,Success,Purchase,Ho Chi Minh City,VND,False
TXN-20240123-0005091,WALL-0122787,MERCH-00481,PM-03,DEV-02,2024-01-23 18:26:18,133.22,1.0657,0.0,13,Success,Payment,Colombo,LKR,False
TXN-20240123-0005092,WALL-0139166,MERCH-00146,PM-01,DEV-01,2024-01-23 20:13:05,347.98,0.0,17.3988,34,Success,Purchase,Yangon,MMK,False
TXN-20240123-0005093,WALL-0120374,MERCH-00105,PM-03,DEV-01,2024-01-23 11:50:39,20.92,0.1673,0.0,2,Success,Purchase,Hyderabad,INR,False
TXN-20240123-0005094,WALL-0024855,MERCH-00061,PM-01,DEV-03,2024-01-23 19:31:04,63.8,0.0,1.276,6,Success,Purchase,Chiang Mai,THB,False
TXN-20240123-0005095,WALL-0093319,MERCH-00276,PM-04,DEV-01,2024-01-23 17:20:33,244.7,4.894,19.5758,48,Success,Purchase,Hanoi,KHR,False
TXN-20240123-0005096,WALL-0126728,MERCH-00048,PM-04,DEV-01,2024-01-23 21:50:32,37.9,0.7579,0.7579,3,Success,Purchase,Pokhara,NPR,False
TXN-20240123-0005097,WALL-0005968,MERCH-00059,PM-01,DEV-01,2024-01-23 10:54:14,15.52,0.0,0.3104,1,Success,Purchase,Naypyidaw,MMK,False
TXN-20240123-0005098,WALL-0113313,MERCH-00256,PM-01,DEV-02,2024-01-23 21:41:51,16.08,0.0,0.0,1,Success,Subscription,Davao,PHP,False
TXN-20240123-0005099,WALL-0042339,MERCH-00071,PM-03,DEV-02,2024-01-23 14:02:54,9.0,0.072,0.1799,0,Success,Purchase,Pathein,MMK,False
TXN-20240123-0005100,WALL-0035756,MERCH-00316,PM-02,DEV-03,2024-01-23 15:24:19,82.75,0.1655,0.0,8,Success,Bill Payment,Mandalay,MMK,False
TXN-20240123-0005101,WALL-0032092,MERCH-00475,PM-01,DEV-01,2024-01-23 14:48:16,328.33,0.0,0.0,0,Failed,Payment,Mawlamyine,MMK,False
TXN-20240123-0005102,WALL-0083708,MERCH-00318,PM-03,DEV-01,2024-01-23 08:49:57,86.72,0.6937,0.0,8,Success,Bill Payment,Hanoi,MMK,False
TXN-20240123-0005103,WALL-0113827,MERCH-00123,PM-01,DEV-03,2024-01-23 15:20:53,67.18,0.0,0.0,6,Success,Purchase,Pathein,MMK,False
TXN-20240123-0005104,WALL-0111014,MERCH-00057,PM-04,DEV-01,2024-01-23 18:03:14,23.62,0.4724,0.4724,2,Success,Purchase,Mawlamyine,MMK,False
TXN-20240123-0005105,WALL-0096199,MERCH-00048,PM-02,DEV-05,2024-01-23 12:00:53,27.4,0.0548,0.548,2,Success,Purchase,Bali,IDR,False
TXN-20240123-0005106,WALL-0149366,MERCH-00042,PM-02,DEV-01,2024-01-23 09:15:43,33.83,0.0677,0.6767,3,Success,Purchase,Singapore,SGD,False
TXN-20240123-0005107,WALL-0066828,MERCH-00120,PM-01,DEV-02,2024-01-23 11:44:53,59.39,0.0,0.0,5,Success,Purchase,Colombo,LKR,False
TXN-20240123-0005108,WALL-0123405,MERCH-00020,PM-02,DEV-02,2024-01-23 20:02:32,29.73,0.0595,0.5947,2,Success,Purchase,Lahore,PKR,False
TXN-20240123-0005109,WALL-0075440,MERCH-00276,PM-02,DEV-01,2024-01-23 17:58:05,377.18,0.7544,30.1748,75,Success,Purchase,Pattaya,THB,False
TXN-20240123-0005110,WALL-0049110,MERCH-00071,PM-02,DEV-01,2024-01-23 12:11:57,10.65,0.0213,0.213,1,Success,Purchase,Mandalay,MMK,False
TXN-20240123-0005111,WALL-0034204,MERCH-00076,PM-01,DEV-05,2024-01-23 15:53:07,36.02,0.0,0.7203,3,Success,Purchase,Chittagong,BDT,False
TXN-20240123-0005112,WALL-0049095,MERCH-00039,PM-02,DEV-01,2024-01-23 11:35:24,17.08,0.0342,0.3416,1,Success,Purchase,Islamabad,PKR,False
TXN-20240123-0005113,WALL-0075241,MERCH-00177,PM-02,DEV-01,2024-01-23 11:52:49,21.67,0.0433,1.0833,2,Success,Purchase,Pathein,MMK,False
TXN-20240123-0005114,WALL-0113091,MERCH-00350,PM-02,DEV-01,2024-01-23 15:15:06,45.78,0.0916,0.0,4,Success,Bill Payment,Mandalay,MMK,False
TXN-20240123-0005115,WALL-0091168,MERCH-00448,PM-04,DEV-02,2024-01-23 17:57:11,125.63,2.5125,0.0,12,Success,Tax Payment,Pokhara,NPR,False
TXN-20240123-0005116,WALL-0041999,MERCH-00443,PM-04,DEV-02,2024-01-23 16:40:22,2078.45,41.5689,0.0,207,Success,Tax Payment,Khon Kaen,THB,False
TXN-20240123-0005117,WALL-0132121,MERCH-00065,PM-01,DEV-01,2024-01-23 20:15:02,22.34,0.0,0.4468,2,Success,Purchase,Yangon,MMK,False
TXN-20240123-0005118,WALL-0019912,MERCH-00363,PM-02,DEV-01,2024-01-23 08:29:33,54.98,0.11,0.0,5,Success,Bill Payment,Chennai,INR,False
TXN-20240123-0005119,WALL-0145152,MERCH-00307,PM-04,DEV-03,2024-01-23 06:43:11,847.49,16.9499,67.7994,169,Success,Purchase,Taunggyi,MMK,False
TXN-20240123-0005120,WALL-0053694,MERCH-00266,PM-03,DEV-02,2024-01-23 07:58:35,28.0,0.224,0.0,2,Success,Subscription,Mandalay,MMK,False
TXN-20240123-0005121,WALL-0124191,MERCH-00279,PM-02,DEV-01,2024-01-23 16:46:40,1079.77,2.1595,86.3815,215,Success,Purchase,Da Nang,VND,False
TXN-20240123-0005122,WALL-0143213,MERCH-00351,PM-03,DEV-01,2024-01-23 16:07:40,26.42,0.2114,0.0,2,Success,Bill Payment,Quezon City,PHP,False
TXN-20240123-0005123,WALL-0096576,MERCH-00123,PM-01,DEV-01,2024-01-23 14:00:27,29.99,0.0,0.0,2,Success,Purchase,Taunggyi,MMK,False
TXN-20240123-0005124,WALL-0011177,MERCH-00353,PM-01,DEV-01,2024-01-23 19:19:58,40.84,0.0,0.0,4,Success,Bill Payment,Mandalay,MMK,False
TXN-20240123-0005125,WALL-0042943,MERCH-00261,PM-01,DEV-03,2024-01-23 22:36:20,5.0,0.0,0.0,0,Success,Subscription,Pathein,MMK,False
TXN-20240123-0005126,WALL-0059348,MERCH-00310,PM-02,DEV-02,2024-01-23 14:01:57,857.83,1.7157,68.6268,171,Success,Purchase,Mawlamyine,MMK,False
TXN-20240123-0005127,WALL-0036190,MERCH-00192,PM-01,DEV-01,2024-01-23 08:26:18,17.71,0.0,0.0,1,Success,Purchase,Kuala Lumpur,MYR,False
TXN-20240123-0005128,WALL-0135680,MERCH-00250,PM-01,DEV-01,2024-01-23 11:58:14,18.45,0.0,0.0,1,Success,Subscription,Bangkok,THB,False
TXN-20240123-0005129,WALL-0127502,MERCH-00060,PM-01,DEV-01,2024-01-23 13:26:08,21.73,0.0,0.4346,2,Success,Purchase,Delhi,INR,False
TXN-20240123-0005130,WALL-0090491,MERCH-00219,PM-01,DEV-05,2024-01-23 09:25:41,10.57,0.0,0.0,1,Success,Purchase,Da Nang,VND,False
TXN-20240123-0005131,WALL-0044100,MERCH-00277,PM-04,DEV-01,2024-01-23 16:44:44,177.1,3.5421,14.1683,35,Success,Purchase,Pokhara,NPR,False
TXN-20240123-0005132,WALL-0103189,MERCH-00408,PM-03,DEV-01,2024-01-23 18:33:49,23.82,0.1905,0.0,2,Success,Payment,Bago,MMK,False
TXN-20240123-0005133,WALL-0128541,MERCH-00234,PM-01,DEV-01,2024-01-23 08:16:36,25.61,0.0,0.0,2,Success,Subscription,Pathein,MMK,False
TXN-20240123-0005134,WALL-0078818,MERCH-00076,PM-03,DEV-01,2024-01-23 13:38:18,11.04,0.0883,0.2208,1,Success,Purchase,Manila,MMK,False
TXN-20240123-0005135,WALL-0100980,MERCH-00036,PM-02,DEV-01,2024-01-23 20:51:27,17.1,0.0342,0.3419,1,Success,Purchase,Jakarta,IDR,False
TXN-20240123-0005136,WALL-0141790,MERCH-00404,PM-01,DEV-02,2024-01-23 12:38:15,20.0,0.0,0.0,2,Success,Payment,Pune,INR,False
TXN-20240123-0005137,WALL-0003662,MERCH-00289,PM-03,DEV-03,2024-01-23 17:33:11,199.97,1.5997,0.0,0,Reversed,Purchase,Da Nang,VND,False
TXN-20240123-0005138,WALL-0076088,MERCH-00422,PM-03,DEV-01,2024-01-23 21:08:46,83.55,0.6684,0.0,8,Success,Payment,Bago,MMK,False
TXN-20240123-0005139,WALL-0035934,MERCH-00490,PM-02,DEV-01,2024-01-23 05:29:11,752.25,1.5045,0.0,75,Success,Payment,Kathmandu,MMK,False
TXN-20240123-0005140,WALL-0120266,MERCH-00337,PM-01,DEV-01,2024-01-23 20:05:15,67.17,0.0,0.0,6,Success,Bill Payment,Davao,MYR,False
TXN-20240123-0005141,WALL-0144425,MERCH-00103,PM-03,DEV-02,2024-01-23 14:05:42,51.59,0.4128,0.0,5,Success,Purchase,Islamabad,PKR,False
TXN-20240123-0005142,WALL-0011423,MERCH-00094,PM-01,DEV-01,2024-01-23 13:23:28,161.01,0.0,0.0,16,Success,Purchase,Khon Kaen,MMK,True
TXN-20240123-0005143,WALL-0114224,MERCH-00189,PM-02,DEV-01,2024-01-23 16:23:26,319.77,0.6395,15.9887,31,Success,Purchase,Phuket,THB,False
TXN-20240123-0005144,WALL-0104823,MERCH-00004,PM-01,DEV-01,2024-01-23 08:27:50,29.6,0.0,0.5919,2,Success,Purchase,Cebu City,PHP,False
TXN-20240123-0005145,WALL-0090184,MERCH-00119,PM-01,DEV-01,2024-01-23 21:10:16,75.24,0.0,0.0,7,Success,Purchase,Yangon,MMK,False
TXN-20240123-0005146,WALL-0026880,MERCH-00424,PM-01,DEV-02,2024-01-23 05:56:09,57.6,0.0,0.0,5,Success,Payment,Mumbai,VND,False
TXN-20240123-0005147,WALL-0003678,MERCH-00098,PM-01,DEV-02,2024-01-23 22:52:31,37.31,0.0,0.0,3,Success,Purchase,Bago,MMK,False
TXN-20240123-0005148,WALL-0142569,MERCH-00158,PM-01,DEV-02,2024-01-23 01:39:00,86.36,0.0,4.3182,8,Success,Purchase,Penang,MYR,False
TXN-20240123-0005149,WALL-0018693,MERCH-00003,PM-05,DEV-01,2024-01-23 13:29:46,21.98,0.0,0.4396,2,Success,Purchase,Chittagong,BDT,False
TXN-20240123-0005150,WALL-0066721,MERCH-00155,PM-01,DEV-02,2024-01-23 12:37:18,164.27,0.0,8.2136,16,Success,Purchase,Mawlamyine,MMK,False
TXN-20240123-0005151,WALL-0006481,MERCH-00319,PM-02,DEV-02,2024-01-23 21:17:29,52.86,0.1057,0.0,5,Success,Bill Payment,Bago,MMK,False
TXN-20240123-0005152,WALL-0119038,MERCH-00241,PM-01,DEV-02,2024-01-23 16:07:57,14.39,0.0,0.0,1,Success,Subscription,Mandalay,MMK,False
TXN-20240123-0005153,WALL-0149640,MERCH-00008,PM-04,DEV-02,2024-01-23 08:08:11,24.63,0.4926,0.0,0,Pending,Purchase,Taunggyi,MMK,False
TXN-20240123-0005154,WALL-0133691,MERCH-00071,PM-02,DEV-01,2024-01-23 13:37:32,23.83,0.0477,0.0,0,Failed,Purchase,Pathein,MMK,False
TXN-20240123-0005155,WALL-0095636,MERCH-00096,PM-02,DEV-01,2024-01-23 13:24:34,72.36,0.1447,0.0,0,Failed,Purchase,Myitkyina,MMK,False
TXN-20240123-0005156,WALL-0035967,MERCH-00047,PM-02,DEV-01,2024-01-23 08:51:10,11.32,0.0226,0.2264,1,Success,Purchase,Karachi,PKR,False
TXN-20240123-0005157,WALL-0138876,MERCH-00361,PM-03,DEV-01,2024-01-23 00:21:16,27.07,0.2166,0.0,2,Success,Bill Payment,Lahore,PKR,False
TXN-20240123-0005158,WALL-0086707,MERCH-00209,PM-02,DEV-01,2024-01-23 12:18:53,18.75,0.0375,0.0,1,Success,Purchase,Bandung,IDR,False
TXN-20240123-0005159,WALL-0036349,MERCH-00096,PM-01,DEV-01,2024-01-23 15:18:54,49.91,0.0,0.0,4,Success,Purchase,Chiang Mai,THB,False
TXN-20240123-0005160,WALL-0040400,MERCH-00007,PM-03,DEV-01,2024-01-23 16:15:45,37.74,0.3019,0.7547,3,Success,Purchase,Bali,IDR,False
TXN-20240123-0005161,WALL-0105867,MERCH-00067,PM-02,DEV-01,2024-01-23 16:20:30,10.42,0.0208,0.2085,1,Success,Purchase,Mawlamyine,INR,False
TXN-20240123-0005162,WALL-0110183,MERCH-00317,PM-01,DEV-01,2024-01-23 12:25:14,109.15,0.0,0.0,10,Success,Bill Payment,Medan,IDR,False
TXN-20240123-0005163,WALL-0132830,MERCH-00233,PM-03,DEV-01,2024-01-23 17:48:09,7.2,0.0576,0.0,0,Success,Subscription,Khon Kaen,THB,False
TXN-20240123-0005164,WALL-0043773,MERCH-00396,PM-02,DEV-02,2024-01-23 12:37:18,102.11,0.2042,0.0,10,Success,Purchase,Pathein,MMK,False
TXN-20240123-0005165,WALL-0131244,MERCH-00104,PM-05,DEV-03,2024-01-23 15:15:34,141.36,0.0,0.0,14,Success,Purchase,Myitkyina,MMK,False
TXN-20240123-0005166,WALL-0059493,MERCH-00280,PM-01,DEV-02,2024-01-23 10:00:05,997.83,0.0,79.8266,199,Success,Purchase,Kathmandu,NPR,False
TXN-20240123-0005167,WALL-0149704,MERCH-00207,PM-02,DEV-01,2024-01-23 13:13:35,5.06,0.0101,0.0,0,Success,Purchase,Kuala Lumpur,MMK,False
TXN-20240123-0005168,WALL-0044702,MERCH-00054,PM-01,DEV-02,2024-01-23 16:04:46,19.02,0.0,0.3804,1,Success,Purchase,Chiang Mai,THB,False
TXN-20240123-0005169,WALL-0024737,MERCH-00313,PM-03,DEV-01,2024-01-23 09:30:08,34.44,0.2755,0.0,3,Success,Bill Payment,Chennai,MMK,False
TXN-20240123-0005170,WALL-0058141,MERCH-00274,PM-01,DEV-01,2024-01-23 10:45:41,1210.45,0.0,96.8362,242,Success,Purchase,Johor Bahru,MYR,False
TXN-20240123-0005171,WALL-0048039,MERCH-00263,PM-02,DEV-04,2024-01-23 21:52:42,12.93,0.0259,0.0,1,Success,Subscription,Kolkata,INR,False
TXN-20240123-0005172,WALL-0140844,MERCH-00402,PM-01,DEV-01,2024-01-23 23:50:01,40.86,0.0,0.0,4,Success,Payment,Johor Bahru,MYR,False
TXN-20240123-0005173,WALL-0117713,MERCH-00115,PM-03,DEV-04,2024-01-23 19:11:43,25.22,0.2018,0.0,2,Success,Purchase,Myitkyina,MMK,False
TXN-20240123-0005174,WALL-0012343,MERCH-00037,PM-04,DEV-02,2024-01-23 13:37:01,17.48,0.3496,0.3496,1,Success,Purchase,Bago,MMK,False
TXN-20240123-0005175,WALL-0005585,MERCH-00272,PM-03,DEV-01,2024-01-23 11:55:46,2316.44,18.5315,185.3152,463,Success,Purchase,Singapore,SGD,False
TXN-20240123-0005176,WALL-0111983,MERCH-00195,PM-02,DEV-01,2024-01-23 12:31:37,16.57,0.0331,0.0,1,Success,Purchase,Mandalay,MMK,False
TXN-20240123-0005177,WALL-0134239,MERCH-00041,PM-02,DEV-05,2024-01-23 03:29:19,11.48,0.023,0.2296,1,Success,Purchase,Dhaka,MMK,False
TXN-20240123-0005178,WALL-0070676,MERCH-00315,PM-01,DEV-01,2024-01-23 07:06:24,105.68,0.0,0.0,10,Success,Bill Payment,Delhi,IDR,False
TXN-20240123-0005179,WALL-0122000,MERCH-00447,PM-01,DEV-01,2024-01-23 12:33:02,161.91,0.0,0.0,16,Success,Tax Payment,Kolkata,INR,False
TXN-20240123-0005180,WALL-0066865,MERCH-00077,PM-01,DEV-01,2024-01-23 15:01:41,12.11,0.0,0.2422,1,Success,Purchase,Lahore,PKR,False
TXN-20240123-0005181,WALL-0021326,MERCH-00253,PM-01,DEV-01,2024-01-23 15:22:47,6.1,0.0,0.0,0,Success,Subscription,Karachi,PKR,False
TXN-20240123-0005182,WALL-0013616,MERCH-00094,PM-01,DEV-01,2024-01-23 15:52:55,76.18,0.0,0.0,0,Failed,Purchase,Mawlamyine,MMK,False
TXN-20240123-0005183,WALL-0064975,MERCH-00441,PM-02,DEV-01,2024-01-23 14:38:15,1096.09,2.1922,0.0,109,Success,Tax Payment,Dhaka,BDT,False
TXN-20240123-0005184,WALL-0008138,MERCH-00066,PM-01,DEV-02,2024-01-23 21:02:40,15.54,0.0,0.3109,1,Success,Purchase,Pathein,MMK,False
TXN-20240123-0005185,WALL-0118614,MERCH-00141,PM-03,DEV-01,2024-01-23 11:47:49,108.35,0.8668,5.4173,10,Success,Purchase,Johor Bahru,KHR,False
TXN-20240123-0005186,WALL-0084890,MERCH-00144,PM-05,DEV-01,2024-01-23 22:06:23,235.94,0.0,11.7972,23,Success,Purchase,Bandung,MMK,False
TXN-20240123-0005187,WALL-0017433,MERCH-00005,PM-01,DEV-03,2024-01-23 19:14:31,56.47,0.0,1.1295,5,Success,Purchase,Mandalay,MMK,False
TXN-20240123-0005188,WALL-0101226,MERCH-00478,PM-02,DEV-01,2024-01-23 20:33:20,972.81,1.9456,0.0,97,Success,Payment,Manila,PHP,False
TXN-20240123-0005189,WALL-0117628,MERCH-00445,PM-01,DEV-01,2024-01-23 09:30:13,364.88,0.0,0.0,36,Success,Tax Payment,Lahore,PKR,False
TXN-20240123-0005190,WALL-0133948,MERCH-00049,PM-04,DEV-03,2024-01-23 17:28:53,20.59,0.4119,0.4119,2,Success,Purchase,Bago,MMK,False
TXN-20240123-0005191,WALL-0071101,MERCH-00048,PM-02,DEV-02,2024-01-23 06:26:50,60.94,0.1219,1.2188,6,Success,Purchase,Kuala Lumpur,INR,False
TXN-20240123-0005192,WALL-0039802,MERCH-00029,PM-01,DEV-01,2024-01-23 18:38:56,37.0,0.0,0.74,3,Success,Purchase,Johor Bahru,MYR,False
TXN-20240123-0005193,WALL-0098454,MERCH-00337,PM-01,DEV-05,2024-01-23 17:51:24,140.85,0.0,0.0,14,Success,Bill Payment,Da Nang,PKR,False
TXN-20240123-0005194,WALL-0119653,MERCH-00129,PM-01,DEV-03,2024-01-23 13:24:30,83.67,0.0,0.0,8,Success,Purchase,Khon Kaen,THB,False
TXN-20240123-0005195,WALL-0053470,MERCH-00029,PM-04,DEV-02,2024-01-23 19:33:15,9.03,0.1806,0.1806,0,Success,Purchase,Bago,MMK,False
TXN-20240123-0005196,WALL-0119231,MERCH-00159,PM-04,DEV-01,2024-01-23 14:03:45,59.08,1.1816,2.9541,5,Success,Purchase,Mawlamyine,MMK,False
TXN-20240123-0005197,WALL-0004920,MERCH-00328,PM-04,DEV-01,2024-01-23 15:43:08,76.35,1.527,0.0,7,Success,Bill Payment,Naypyidaw,MMK,False
TXN-20240123-0005198,WALL-0078167,MERCH-00389,PM-04,DEV-02,2024-01-23 17:19:47,96.64,1.9328,0.0,9,Success,Purchase,Kathmandu,MMK,False
TXN-20240123-0005199,WALL-0106794,MERCH-00468,PM-01,DEV-01,2024-01-23 09:04:19,2329.06,0.0,0.0,232,Success,Payment,Jakarta,IDR,False
TXN-20240123-0005200,WALL-0100858,MERCH-00208,PM-01,DEV-02,2024-01-23 19:04:23,10.39,0.0,0.0,1,Success,Purchase,Siem Reap,KHR,False
TXN-20240123-0005201,WALL-0135490,MERCH-00147,PM-04,DEV-01,2024-01-23 15:27:55,330.31,6.6062,16.5154,33,Success,Purchase,Naypyidaw,MMK,False
TXN-20240123-0005202,WALL-0120418,MERCH-00191,PM-02,DEV-01,2024-01-23 23:56:25,13.37,0.0267,0.0,1,Success,Purchase,Myitkyina,MMK,False
TXN-20240123-0005203,WALL-0133906,MERCH-00097,PM-01,DEV-01,2024-01-23 21:45:49,91.08,0.0,0.0,9,Success,Purchase,Delhi,MMK,False
TXN-20240123-0005204,WALL-0144347,MERCH-00349,PM-01,DEV-01,2024-01-23 20:42:26,71.18,0.0,0.0,7,Success,Bill Payment,Pattaya,THB,False
TXN-20240123-0005205,WALL-0012910,MERCH-00166,PM-01,DEV-05,2024-01-23 19:31:38,102.07,0.0,5.1033,10,Success,Purchase,Colombo,LKR,False
TXN-20240123-0005206,WALL-0042280,MERCH-00438,PM-02,DEV-02,2024-01-23 14:53:10,438.44,0.8769,0.0,43,Success,Tax Payment,Da Nang,VND,False
TXN-20240123-0005207,WALL-0050329,MERCH-00398,PM-01,DEV-03,2024-01-23 09:00:39,65.75,0.0,0.0,6,Success,Purchase,Chiang Mai,THB,False
TXN-20240123-0005208,WALL-0054723,MERCH-00448,PM-04,DEV-01,2024-01-23 21:38:23,174.32,3.4863,0.0,17,Success,Tax Payment,Khon Kaen,THB,False
TXN-20240123-0005209,WALL-0067846,MERCH-00181,PM-04,DEV-01,2024-01-23 18:46:14,122.96,2.4591,6.1478,12,Success,Purchase,Davao,MMK,False
TXN-20240123-0005210,WALL-0015887,MERCH-00395,PM-02,DEV-01,2024-01-23 03:00:11,125.54,0.2511,0.0,12,Success,Purchase,Yangon,MMK,False
TXN-20240123-0005211,WALL-0043891,MERCH-00228,PM-03,DEV-01,2024-01-23 18:00:05,11.88,0.095,0.0,1,Success,Purchase,Pattaya,THB,False
TXN-20240123-0005212,WALL-0110580,MERCH-00003,PM-01,DEV-01,2024-01-23 11:24:00,27.05,0.0,0.5411,2,Success,Purchase,Bago,MMK,False
TXN-20240123-0005213,WALL-0054303,MERCH-00436,PM-01,DEV-01,2024-01-23 06:01:20,187.12,0.0,0.0,18,Success,Tax Payment,Mandalay,MMK,False
TXN-20240123-0005214,WALL-0027327,MERCH-00019,PM-02,DEV-02,2024-01-23 17:07:27,49.61,0.0992,0.9922,4,Success,Purchase,Mawlamyine,MMK,False
TXN-20240123-0005215,WALL-0061203,MERCH-00069,PM-01,DEV-03,2024-01-23 20:00:13,50.49,0.0,1.0097,5,Success,Purchase,Singapore,SGD,False
TXN-20240123-0005216,WALL-0116110,MERCH-00126,PM-01,DEV-03,2024-01-23 19:00:18,66.25,0.0,0.0,6,Success,Purchase,Phnom Penh,KHR,False
TXN-20240123-0005217,WALL-0090878,MERCH-00266,PM-03,DEV-04,2024-01-23 20:59:54,8.76,0.0701,0.0,0,Success,Subscription,Mawlamyine,MMK,False
TXN-20240123-0005218,WALL-0066640,MERCH-00384,PM-03,DEV-05,2024-01-23 12:49:21,20.26,0.1621,0.0,2,Success,Purchase,Khon Kaen,MMK,False
TXN-20240123-0005219,WALL-0044100,MERCH-00447,PM-01,DEV-04,2024-01-23 11:12:38,281.93,0.0,0.0,28,Success,Tax Payment,Pokhara,NPR,False
TXN-20240123-0005220,WALL-0110392,MERCH-00066,PM-01,DEV-01,2024-01-23 08:04:43,8.69,0.0,0.1737,0,Success,Purchase,Bago,MMK,False
TXN-20240123-0005221,WALL-0088444,MERCH-00321,PM-02,DEV-02,2024-01-23 18:08:04,64.56,0.1291,0.0,6,Success,Bill Payment,Naypyidaw,MMK,False
TXN-20240123-0005222,WALL-0008190,MERCH-00335,PM-02,DEV-01,2024-01-23 23:11:54,28.04,0.0561,0.0,2,Success,Bill Payment,Medan,IDR,False
TXN-20240123-0005223,WALL-0121390,MERCH-00051,PM-01,DEV-03,2024-01-23 13:43:04,5.0,0.0,0.1,0,Success,Purchase,Johor Bahru,MYR,False
TXN-20240123-0005224,WALL-0034837,MERCH-00042,PM-02,DEV-01,2024-01-23 09:35:37,12.04,0.0241,0.2407,1,Success,Purchase,Kuala Lumpur,MYR,False
TXN-20240123-0005225,WALL-0147274,MERCH-00349,PM-05,DEV-02,2024-01-23 00:25:32,117.05,0.0,0.0,11,Success,Bill Payment,Pokhara,MMK,False
TXN-20240123-0005226,WALL-0028539,MERCH-00046,PM-03,DEV-01,2024-01-23 14:22:08,22.82,0.1826,0.4564,2,Success,Purchase,Kathmandu,NPR,False
TXN-20240123-0005227,WALL-0090412,MERCH-00320,PM-02,DEV-03,2024-01-23 08:25:48,37.04,0.0741,0.0,3,Success,Bill Payment,Yangon,MMK,False
TXN-20240123-0005228,WALL-0032278,MERCH-00129,PM-01,DEV-01,2024-01-23 18:33:00,10.54,0.0,0.0,1,Success,Purchase,Mawlamyine,MMK,False
TXN-20240123-0005229,WALL-0071894,MERCH-00323,PM-02,DEV-02,2024-01-23 12:40:29,45.2,0.0904,0.0,4,Success,Bill Payment,Pattaya,IDR,False
TXN-20240123-0005230,WALL-0025600,MERCH-00056,PM-01,DEV-01,2024-01-23 20:55:21,9.12,0.0,0.1825,0,Success,Purchase,Surabaya,IDR,False
TXN-20240123-0005231,WALL-0124959,MERCH-00186,PM-01,DEV-01,2024-01-23 18:04:33,183.02,0.0,9.1509,18,Success,Purchase,Bago,MMK,False
TXN-20240123-0005232,WALL-0142386,MERCH-00043,PM-02,DEV-01,2024-01-23 23:45:26,10.98,0.022,0.2197,1,Success,Purchase,Yangon,MMK,False
TXN-20240123-0005233,WALL-0137729,MERCH-00178,PM-03,DEV-05,2024-01-23 09:41:05,62.06,0.4965,3.1028,6,Success,Purchase,Islamabad,PKR,False
TXN-20240123-0005234,WALL-0127814,MERCH-00359,PM-01,DEV-02,2024-01-23 08:40:52,87.09,0.0,0.0,8,Success,Bill Payment,Mawlamyine,MMK,False
TXN-20240123-0005235,WALL-0091555,MERCH-00367,PM-01,DEV-02,2024-01-23 18:44:54,89.47,0.0,0.0,8,Success,Bill Payment,Mawlamyine,MMK,False
TXN-20240123-0005236,WALL-0124399,MERCH-00146,PM-04,DEV-03,2024-01-23 07:31:22,87.21,1.7442,4.3604,8,Success,Purchase,Taunggyi,MMK,False
TXN-20240123-0005237,WALL-0034053,MERCH-00208,PM-01,DEV-01,2024-01-23 16:03:35,8.96,0.0,0.0,0,Success,Purchase,Mandalay,MMK,False
TXN-20240123-0005238,WALL-0070999,MERCH-00314,PM-04,DEV-03,2024-01-23 13:42:57,39.71,0.7942,0.0,3,Success,Bill Payment,Pathein,MMK,False
TXN-20240123-0005239,WALL-0067971,MERCH-00361,PM-01,DEV-01,2024-01-23 19:26:15,17.92,0.0,0.0,1,Success,Bill Payment,Mawlamyine,MMK,False
TXN-20240123-0005240,WALL-0101362,MERCH-00464,PM-04,DEV-01,2024-01-23 16:20:04,235.35,4.7071,0.0,23,Success,Payment,Davao,THB,False
TXN-20240123-0005241,WALL-0031206,MERCH-00115,PM-01,DEV-01,2024-01-23 23:57:57,30.73,0.0,0.0,3,Success,Purchase,Yangon,MMK,False
TXN-20240123-0005242,WALL-0138108,MERCH-00409,PM-03,DEV-01,2024-01-23 20:01:18,81.11,0.6489,0.0,8,Success,Payment,Jaipur,INR,False
TXN-20240123-0005243,WALL-0074340,MERCH-00258,PM-01,DEV-01,2024-01-23 14:04:40,19.88,0.0,0.0,1,Success,Subscription,Da Nang,VND,False
TXN-20240123-0005244,WALL-0048874,MERCH-00330,PM-02,DEV-01,2024-01-23 12:34:56,118.01,0.236,0.0,11,Success,Bill Payment,Da Nang,MMK,False
TXN-20240123-0005245,WALL-0135858,MERCH-00101,PM-01,DEV-01,2024-01-23 08:31:07,59.43,0.0,0.0,5,Success,Purchase,Mawlamyine,MMK,False
TXN-20240123-0005246,WALL-0044816,MERCH-00086,PM-01,DEV-01,2024-01-23 16:05:08,88.8,0.0,0.0,8,Success,Purchase,Naypyidaw,MMK,False
TXN-20240123-0005247,WALL-0033342,MERCH-00058,PM-05,DEV-01,2024-01-23 18:02:48,19.15,0.0,0.383,1,Success,Purchase,Hanoi,VND,False
TXN-20240123-0005248,WALL-0063787,MERCH-00128,PM-05,DEV-05,2024-01-23 13:26:37,65.52,0.0,0.0,6,Success,Purchase,Pathein,MMK,False
TXN-20240123-0005249,WALL-0038815,MERCH-00345,PM-04,DEV-01,2024-01-23 13:45:44,36.54,0.7309,0.0,3,Success,Bill Payment,Kuala Lumpur,PKR,False
TXN-20240123-0005250,WALL-0081281,MERCH-00291,PM-01,DEV-02,2024-01-23 10:21:29,414.92,0.0,33.1936,82,Success,Purchase,Delhi,INR,False
TXN-20240123-0005251,WALL-0103023,MERCH-00309,PM-01,DEV-05,2024-01-23 21:43:31,403.97,0.0,32.3173,80,Success,Purchase,Mandalay,MMK,False
TXN-20240123-0005252,WALL-0004835,MERCH-00161,PM-01,DEV-01,2024-01-23 15:10:11,162.91,0.0,8.1455,16,Success,Purchase,Taunggyi,MMK,False
TXN-20240123-0005253,WALL-0143559,MERCH-00054,PM-05,DEV-03,2024-01-23 13:09:49,9.71,0.0,0.1942,0,Success,Purchase,Mawlamyine,MMK,False
TXN-20240123-0005254,WALL-0126398,MERCH-00259,PM-01,DEV-01,2024-01-23 07:28:51,9.78,0.0,0.0,0,Pending,Subscription,Myitkyina,MMK,False
TXN-20240123-0005255,WALL-0107734,MERCH-00208,PM-01,DEV-01,2024-01-23 19:12:24,5.63,0.0,0.0,0,Success,Purchase,Yangon,MMK,False
TXN-20240123-0005256,WALL-0047490,MERCH-00218,PM-02,DEV-01,2024-01-23 20:39:43,15.46,0.0309,0.0,1,Success,Purchase,Pathein,MMK,False
TXN-20240123-0005257,WALL-0033044,MERCH-00157,PM-02,DEV-03,2024-01-23 19:42:52,140.03,0.2801,7.0015,14,Success,Purchase,Mumbai,INR,False
TXN-20240123-0005258,WALL-0004055,MERCH-00389,PM-03,DEV-01,2024-01-23 21:15:11,44.38,0.3551,0.0,4,Success,Purchase,Bangalore,INR,False
TXN-20240123-0005259,WALL-0050850,MERCH-00482,PM-01,DEV-01,2024-01-23 03:15:00,174.73,0.0,0.0,17,Success,Payment,Medan,THB,False
TXN-20240123-0005260,WALL-0083764,MERCH-00062,PM-01,DEV-01,2024-01-23 22:22:54,25.35,0.0,0.507,2,Success,Purchase,Penang,MMK,False
TXN-20240123-0005261,WALL-0145307,MERCH-00265,PM-02,DEV-01,2024-01-23 16:11:18,23.65,0.0473,0.0,2,Success,Subscription,Naypyidaw,MMK,False
TXN-20240123-0005262,WALL-0105360,MERCH-00085,PM-04,DEV-01,2024-01-23 07:25:24,98.92,1.9784,0.0,9,Success,Purchase,Pokhara,NPR,False
TXN-20240123-0005263,WALL-0065836,MERCH-00252,PM-03,DEV-01,2024-01-23 07:02:49,10.12,0.081,0.0,1,Success,Subscription,Yangon,MMK,False
TXN-20240123-0005264,WALL-0103788,MERCH-00198,PM-03,DEV-02,2024-01-23 14:55:26,6.64,0.0531,0.0,0,Success,Purchase,Phuket,THB,False
TXN-20240123-0005265,WALL-0029715,MERCH-00209,PM-01,DEV-02,2024-01-23 15:05:07,8.54,0.0,0.0,0,Success,Purchase,Taunggyi,MMK,False
TXN-20240123-0005266,WALL-0111248,MERCH-00237,PM-03,DEV-01,2024-01-23 17:48:50,22.93,0.1834,0.0,2,Success,Subscription,Pathein,MMK,False
TXN-20240123-0005267,WALL-0048932,MERCH-00348,PM-01,DEV-01,2024-01-23 20:26:31,28.76,0.0,0.0,2,Success,Bill Payment,Khon Kaen,THB,False
TXN-20240123-0005268,WALL-0049458,MERCH-00043,PM-03,DEV-02,2024-01-23 18:39:07,13.78,0.1102,0.2756,1,Success,Purchase,Khon Kaen,KHR,False
TXN-20240123-0005269,WALL-0064417,MERCH-00157,PM-02,DEV-01,2024-01-23 19:48:05,1025.26,2.0505,51.2632,102,Success,Purchase,Taunggyi,MMK,False
TXN-20240123-0005270,WALL-0076526,MERCH-00127,PM-01,DEV-04,2024-01-23 12:28:32,81.1,0.0,0.0,8,Success,Purchase,Khon Kaen,THB,False
TXN-20240123-0005271,WALL-0005639,MERCH-00029,PM-02,DEV-01,2024-01-23 03:20:52,63.87,0.1277,1.2775,6,Success,Purchase,Taunggyi,MMK,False
TXN-20240123-0005272,WALL-0149314,MERCH-00202,PM-01,DEV-02,2024-01-23 12:44:19,70.8,0.0,0.0,7,Success,Purchase,Kolkata,INR,False
TXN-20240123-0005273,WALL-0007162,MERCH-00244,PM-01,DEV-02,2024-01-23 08:15:05,16.47,0.0,0.0,1,Success,Subscription,Yangon,MMK,False
TXN-20240123-0005274,WALL-0058856,MERCH-00059,PM-01,DEV-01,2024-01-23 17:03:38,22.52,0.0,0.4505,2,Success,Purchase,Karachi,PKR,False
TXN-20240123-0005275,WALL-0136108,MERCH-00042,PM-03,DEV-01,2024-01-23 12:28:55,9.85,0.0788,0.1969,0,Success,Purchase,Singapore,SGD,False
TXN-20240123-0005276,WALL-0121306,MERCH-00186,PM-03,DEV-01,2024-01-23 15:36:35,132.75,1.062,6.6376,13,Success,Purchase,Pathein,MMK,False
TXN-20240123-0005277,WALL-0081668,MERCH-00223,PM-04,DEV-01,2024-01-23 20:15:28,5.0,0.1,0.0,0,Success,Purchase,Penang,MYR,False
TXN-20240123-0005278,WALL-0025452,MERCH-00034,PM-02,DEV-02,2024-01-23 15:08:44,7.14,0.0143,0.1428,0,Success,Purchase,Myitkyina,MMK,False
TXN-20240123-0005279,WALL-0092187,MERCH-00086,PM-01,DEV-02,2024-01-23 21:21:12,101.37,0.0,0.0,10,Success,Purchase,Pattaya,THB,False
TXN-20240123-0005280,WALL-0043623,MERCH-00376,PM-01,DEV-01,2024-01-23 10:39:36,51.85,0.0,0.0,5,Success,Purchase,Taunggyi,MMK,False
TXN-20240123-0005281,WALL-0130530,MERCH-00432,PM-02,DEV-01,2024-01-23 20:09:28,81.64,0.1633,0.0,8,Success,Tax Payment,Quezon City,MMK,False
TXN-20240123-0005282,WALL-0117564,MERCH-00175,PM-04,DEV-01,2024-01-23 14:17:37,114.25,2.2851,5.7127,11,Success,Purchase,Myitkyina,MMK,False
TXN-20240123-0005283,WALL-0105899,MERCH-00346,PM-02,DEV-03,2024-01-23 15:39:46,29.64,0.0593,0.0,2,Success,Bill Payment,Ahmedabad,INR,False
TXN-20240123-0005284,WALL-0069935,MERCH-00392,PM-01,DEV-03,2024-01-23 21:02:11,128.11,0.0,0.0,12,Success,Purchase,Mawlamyine,MMK,False
TXN-20240123-0005285,WALL-0129340,MERCH-00043,PM-02,DEV-02,2024-01-23 13:15:04,24.5,0.049,0.49,2,Success,Purchase,Naypyidaw,MMK,False
TXN-20240123-0005286,WALL-0001303,MERCH-00398,PM-04,DEV-02,2024-01-23 12:24:52,68.92,1.3783,0.0,6,Success,Purchase,Pathein,MMK,False
TXN-20240123-0005287,WALL-0107839,MERCH-00261,PM-04,DEV-02,2024-01-23 17:03:44,5.76,0.1152,0.0,0,Success,Subscription,Chittagong,BDT,False
TXN-20240123-0005288,WALL-0068832,MERCH-00015,PM-04,DEV-01,2024-01-23 16:50:51,42.75,0.855,0.855,4,Success,Purchase,Medan,INR,False
TXN-20240123-0005289,WALL-0094354,MERCH-00099,PM-05,DEV-01,2024-01-23 16:08:52,82.74,0.0,0.0,8,Success,Purchase,Pathein,MMK,False
TXN-20240123-0005290,WALL-0136442,MERCH-00488,PM-03,DEV-01,2024-01-23 14:06:11,95.12,0.7609,0.0,9,Success,Payment,Pathein,MMK,False
TXN-20240123-0005291,WALL-0035897,MERCH-00388,PM-02,DEV-01,2024-01-23 12:04:31,70.46,0.1409,0.0,7,Success,Purchase,Naypyidaw,MMK,False
TXN-20240123-0005292,WALL-0120058,MERCH-00438,PM-02,DEV-02,2024-01-23 19:57:32,178.56,0.3571,0.0,17,Success,Tax Payment,Bago,MMK,False
TXN-20240123-0005293,WALL-0128023,MERCH-00280,PM-05,DEV-01,2024-01-23 16:15:18,778.91,0.0,62.3131,155,Success,Purchase,Naypyidaw,MMK,False
TXN-20240123-0005294,WALL-0092624,MERCH-00028,PM-03,DEV-01,2024-01-23 20:02:54,11.13,0.089,0.2225,1,Success,Purchase,Bago,MMK,False
TXN-20240123-0005295,WALL-0062227,MERCH-00045,PM-04,DEV-02,2024-01-23 13:20:58,7.47,0.1494,0.1494,0,Success,Purchase,Islamabad,PKR,False
TXN-20240123-0005296,WALL-0046526,MERCH-00173,PM-01,DEV-02,2024-01-23 02:00:18,452.19,0.0,22.6093,45,Success,Purchase,Kuala Lumpur,BDT,False
TXN-20240123-0005297,WALL-0130356,MERCH-00107,PM-03,DEV-04,2024-01-23 15:50:31,61.79,0.4943,0.0,6,Success,Purchase,Taunggyi,MMK,False
TXN-20240123-0005298,WALL-0137374,MERCH-00339,PM-01,DEV-01,2024-01-23 08:11:23,39.33,0.0,0.0,3,Success,Bill Payment,Bali,IDR,False
TXN-20240123-0005299,WALL-0135533,MERCH-00067,PM-03,DEV-01,2024-01-23 15:46:19,16.58,0.1327,0.3316,1,Success,Purchase,Kathmandu,NPR,False
TXN-20240123-0005300,WALL-0105356,MERCH-00187,PM-02,DEV-03,2024-01-23 08:46:00,21.34,0.0427,1.0669,2,Success,Purchase,Ahmedabad,INR,False
TXN-20240123-0005301,WALL-0061944,MERCH-00308,PM-01,DEV-02,2024-01-23 12:57:41,836.38,0.0,66.9105,167,Success,Purchase,Yangon,MMK,False
TXN-20240123-0005302,WALL-0024896,MERCH-00341,PM-04,DEV-02,2024-01-23 11:14:12,118.22,2.3645,0.0,11,Success,Bill Payment,Mandalay,MMK,False
TXN-20240123-0005303,WALL-0093128,MERCH-00186,PM-04,DEV-02,2024-01-23 10:45:34,381.54,7.6308,19.077,38,Success,Purchase,Yangon,MYR,False
TXN-20240123-0005304,WALL-0091423,MERCH-00076,PM-04,DEV-02,2024-01-23 19:41:36,8.98,0.1796,0.1796,0,Success,Purchase,Mandalay,MMK,False
TXN-20240123-0005305,WALL-0042105,MERCH-00362,PM-04,DEV-01,2024-01-23 13:12:46,10.0,0.2,0.0,1,Success,Bill Payment,Medan,IDR,False
TXN-20240123-0005306,WALL-0018155,MERCH-00170,PM-05,DEV-02,2024-01-23 20:13:36,114.4,0.0,5.72,11,Success,Purchase,Mandalay,MMK,False
TXN-20240123-0005307,WALL-0118647,MERCH-00434,PM-03,DEV-01,2024-01-23 12:08:27,100.19,0.8015,0.0,10,Success,Tax Payment,Kathmandu,NPR,False
TXN-20240123-0005308,WALL-0048610,MERCH-00080,PM-03,DEV-02,2024-01-23 20:42:05,73.62,0.5889,1.4724,7,Success,Purchase,Siem Reap,MMK,False
TXN-20240123-0005309,WALL-0068867,MERCH-00026,PM-02,DEV-01,2024-01-23 17:06:29,14.2,0.0284,0.2839,1,Success,Purchase,Surabaya,IDR,False
TXN-20240123-0005310,WALL-0112406,MERCH-00392,PM-02,DEV-04,2024-01-23 15:19:59,38.22,0.0764,0.0,3,Success,Purchase,Yangon,MMK,False
TXN-20240123-0005311,WALL-0051729,MERCH-00029,PM-01,DEV-05,2024-01-23 04:41:57,7.06,0.0,0.1412,0,Success,Purchase,Bangkok,THB,False
TXN-20240123-0005312,WALL-0023598,MERCH-00047,PM-01,DEV-01,2024-01-23 07:02:58,99.0,0.0,1.98,9,Success,Purchase,Jaipur,INR,False
TXN-20240123-0005313,WALL-0130147,MERCH-00408,PM-04,DEV-01,2024-01-23 14:32:13,61.41,1.2282,0.0,6,Success,Payment,Chennai,MMK,False
TXN-20240123-0005314,WALL-0062402,MERCH-00220,PM-01,DEV-01,2024-01-23 18:41:25,18.77,0.0,0.0,1,Success,Purchase,Myitkyina,MMK,False
TXN-20240123-0005315,WALL-0107569,MERCH-00012,PM-02,DEV-01,2024-01-23 14:58:16,18.44,0.0369,0.3688,1,Success,Purchase,Jaipur,INR,False
TXN-20240123-0005316,WALL-0092927,MERCH-00201,PM-02,DEV-02,2024-01-23 15:37:58,10.88,0.0218,0.0,1,Success,Purchase,Hyderabad,INR,False
TXN-20240123-0005317,WALL-0105085,MERCH-00051,PM-02,DEV-01,2024-01-23 15:28:29,68.51,0.137,1.3702,6,Success,Purchase,Mandalay,MMK,False
TXN-20240123-0005318,WALL-0001053,MERCH-00039,PM-01,DEV-04,2024-01-23 16:30:06,8.36,0.0,0.1672,0,Success,Purchase,Taunggyi,MMK,False
TXN-20240123-0005319,WALL-0062525,MERCH-00197,PM-05,DEV-02,2024-01-23 13:38:03,13.69,0.0,0.0,1,Success,Purchase,Pattaya,THB,False
TXN-20240123-0005320,WALL-0069342,MERCH-00137,PM-01,DEV-01,2024-01-23 17:20:02,272.15,0.0,13.6075,27,Success,Purchase,Manila,PHP,False
TXN-20240123-0005321,WALL-0086580,MERCH-00014,PM-01,DEV-01,2024-01-23 15:40:43,23.8,0.0,0.476,2,Success,Purchase,Kuala Lumpur,MYR,False
TXN-20240123-0005322,WALL-0143224,MERCH-00184,PM-02,DEV-01,2024-01-23 20:32:42,164.24,0.3285,8.2118,16,Success,Purchase,Chennai,INR,False
TXN-20240123-0005323,WALL-0054306,MERCH-00311,PM-02,DEV-01,2024-01-23 15:10:43,295.41,0.5908,0.0,0,Reversed,Bill Payment,Taunggyi,MMK,False
TXN-20240123-0005324,WALL-0065140,MERCH-00198,PM-02,DEV-03,2024-01-23 08:18:20,7.44,0.0149,0.0,0,Failed,Purchase,Singapore,SGD,False
TXN-20240123-0005325,WALL-0093050,MERCH-00439,PM-02,DEV-01,2024-01-23 12:17:44,54.87,0.1097,0.0,5,Success,Tax Payment,Davao,PHP,False
TXN-20240123-0005326,WALL-0007802,MERCH-00300,PM-03,DEV-01,2024-01-23 21:52:18,297.1,2.3768,23.768,59,Success,Purchase,Penang,MYR,False
TXN-20240123-0005327,WALL-0085020,MERCH-00191,PM-01,DEV-01,2024-01-23 10:48:33,20.3,0.0,0.0,2,Success,Purchase,Taunggyi,MMK,False
TXN-20240123-0005328,WALL-0120332,MERCH-00110,PM-04,DEV-03,2024-01-23 07:34:28,32.48,0.6496,0.0,3,Success,Purchase,Taunggyi,MMK,False
TXN-20240123-0005329,WALL-0009219,MERCH-00078,PM-02,DEV-03,2024-01-23 17:34:32,29.75,0.0595,0.0,0,Failed,Purchase,Manila,MMK,False
TXN-20240123-0005330,WALL-0009846,MERCH-00161,PM-03,DEV-01,2024-01-23 06:32:38,83.54,0.6683,4.1768,8,Success,Purchase,Singapore,SGD,False
TXN-20240123-0005331,WALL-0045928,MERCH-00385,PM-02,DEV-04,2024-01-23 11:01:21,20.0,0.04,0.0,2,Success,Purchase,Pathein,MMK,False
TXN-20240123-0005332,WALL-0033157,MERCH-00020,PM-04,DEV-02,2024-01-23 18:27:58,9.73,0.1946,0.1946,0,Success,Purchase,Mawlamyine,MMK,False
TXN-20240123-0005333,WALL-0066877,MERCH-00424,PM-02,DEV-01,2024-01-23 20:40:36,135.51,0.271,0.0,13,Success,Payment,Chennai,INR,False
TXN-20240123-0005334,WALL-0123818,MERCH-00056,PM-01,DEV-01,2024-01-23 08:22:54,22.09,0.0,0.4418,2,Success,Purchase,Taunggyi,MMK,False
TXN-20240123-0005335,WALL-0071051,MERCH-00017,PM-03,DEV-01,2024-01-23 19:36:12,6.07,0.0485,0.1213,0,Success,Purchase,Phuket,THB,False
TXN-20240123-0005336,WALL-0005523,MERCH-00205,PM-03,DEV-02,2024-01-23 15:20:13,16.22,0.1297,0.0,1,Success,Purchase,Pathein,MMK,False
TXN-20240123-0005337,WALL-0126434,MERCH-00251,PM-01,DEV-01,2024-01-23 19:13:16,18.45,0.0,0.0,1,Success,Subscription,Pathein,MMK,False
TXN-20240123-0005338,WALL-0023774,MERCH-00242,PM-04,DEV-03,2024-01-23 05:43:17,26.82,0.5365,0.0,2,Success,Subscription,Myitkyina,MMK,False
TXN-20240123-0005339,WALL-0066394,MERCH-00008,PM-03,DEV-01,2024-01-23 10:17:29,29.47,0.2358,0.5895,2,Success,Purchase,Manila,MMK,False
TXN-20240123-0005340,WALL-0132537,MERCH-00395,PM-02,DEV-01,2024-01-23 20:37:16,22.08,0.0442,0.0,2,Success,Purchase,Karachi,PKR,False
TXN-20240123-0005341,WALL-0039580,MERCH-00263,PM-05,DEV-01,2024-01-23 15:33:44,7.26,0.0,0.0,0,Success,Subscription,Singapore,MMK,False
TXN-20240123-0005342,WALL-0139427,MERCH-00334,PM-04,DEV-02,2024-01-23 19:57:53,59.42,1.1885,0.0,5,Success,Bill Payment,Mawlamyine,MMK,False
TXN-20240123-0005343,WALL-0012636,MERCH-00220,PM-02,DEV-02,2024-01-23 00:52:38,8.13,0.0163,0.0,0,Success,Purchase,Myitkyina,MMK,False
TXN-20240123-0005344,WALL-0026654,MERCH-00346,PM-01,DEV-03,2024-01-23 20:29:11,35.53,0.0,0.0,3,Success,Bill Payment,Davao,INR,False
TXN-20240123-0005345,WALL-0037360,MERCH-00078,PM-04,DEV-01,2024-01-23 18:15:16,33.68,0.6736,0.6736,3,Success,Purchase,Mandalay,MMK,False
TXN-20240123-0005346,WALL-0041064,MERCH-00373,PM-01,DEV-01,2024-01-23 22:47:04,41.73,0.0,0.0,4,Success,Purchase,Pathein,MMK,False
TXN-20240123-0005347,WALL-0101626,MERCH-00119,PM-04,DEV-03,2024-01-23 00:26:00,80.75,1.615,0.0,8,Success,Purchase,Taunggyi,MMK,False
TXN-20240123-0005348,WALL-0108066,MERCH-00062,PM-02,DEV-01,2024-01-23 12:55:06,7.78,0.0156,0.1556,0,Success,Purchase,Dhaka,PHP,False
TXN-20240123-0005349,WALL-0107755,MERCH-00361,PM-02,DEV-01,2024-01-23 05:23:57,42.89,0.0858,0.0,4,Success,Bill Payment,Taunggyi,MMK,False
TXN-20240123-0005350,WALL-0105920,MERCH-00186,PM-02,DEV-01,2024-01-23 11:38:53,143.57,0.2871,7.1784,14,Success,Purchase,Johor Bahru,MYR,False
TXN-20240123-0005351,WALL-0133727,MERCH-00229,PM-04,DEV-01,2024-01-23 16:58:04,9.3,0.1861,0.0,0,Success,Purchase,Kolkata,INR,False
TXN-20240123-0005352,WALL-0107554,MERCH-00439,PM-03,DEV-02,2024-01-23 21:32:20,152.2,1.2176,0.0,15,Success,Tax Payment,Pattaya,THB,False
TXN-20240123-0005353,WALL-0090497,MERCH-00282,PM-01,DEV-02,2024-01-23 08:58:25,394.76,0.0,31.5811,78,Success,Purchase,Kathmandu,MMK,False
TXN-20240123-0005354,WALL-0025097,MERCH-00293,PM-02,DEV-01,2024-01-23 18:22:04,250.94,0.5019,20.0752,50,Success,Purchase,Myitkyina,MMK,False
TXN-20240123-0005355,WALL-0133502,MERCH-00057,PM-02,DEV-02,2024-01-23 23:10:19,24.42,0.0488,0.4884,2,Success,Purchase,Chittagong,BDT,False
TXN-20240123-0005356,WALL-0109582,MERCH-00131,PM-01,DEV-01,2024-01-23 15:35:29,120.43,0.0,6.0213,12,Success,Purchase,Da Nang,VND,False
TXN-20240123-0005357,WALL-0082664,MERCH-00258,PM-01,DEV-02,2024-01-23 03:30:17,50.62,0.0,0.0,5,Success,Subscription,Colombo,LKR,False
TXN-20240123-0005358,WALL-0016545,MERCH-00080,PM-01,DEV-01,2024-01-23 12:33:50,14.25,0.0,0.285,1,Success,Purchase,Jaipur,INR,False
TXN-20240123-0005359,WALL-0130768,MERCH-00065,PM-01,DEV-01,2024-01-23 12:41:49,13.39,0.0,0.2678,1,Success,Purchase,Hanoi,VND,False
TXN-20240123-0005360,WALL-0068241,MERCH-00386,PM-03,DEV-01,2024-01-23 21:20:15,78.43,0.6275,0.0,7,Success,Purchase,Jakarta,IDR,False
TXN-20240123-0005361,WALL-0003060,MERCH-00008,PM-01,DEV-03,2024-01-23 08:25:15,44.48,0.0,0.8896,4,Success,Purchase,Lahore,PKR,False
TXN-20240123-0005362,WALL-0043342,MERCH-00175,PM-01,DEV-01,2024-01-23 15:56:17,167.77,0.0,8.3883,16,Success,Purchase,Bago,MMK,False
TXN-20240123-0005363,WALL-0042278,MERCH-00341,PM-05,DEV-03,2024-01-23 17:01:09,42.94,0.0,0.0,4,Success,Bill Payment,Taunggyi,MMK,False
TXN-20240123-0005364,WALL-0067889,MERCH-00231,PM-04,DEV-01,2024-01-23 22:05:01,10.82,0.2163,0.0,1,Success,Subscription,Phnom Penh,KHR,False
TXN-20240123-0005365,WALL-0053373,MERCH-00028,PM-01,DEV-01,2024-01-23 06:07:22,20.71,0.0,0.4142,2,Success,Purchase,Khon Kaen,THB,False
TXN-20240123-0005366,WALL-0128519,MERCH-00345,PM-02,DEV-05,2024-01-23 16:48:01,27.37,0.0547,0.0,2,Success,Bill Payment,Bago,MMK,False
TXN-20240123-0005367,WALL-0016175,MERCH-00399,PM-01,DEV-03,2024-01-23 15:31:19,58.59,0.0,0.0,5,Success,Purchase,Myitkyina,MMK,False
TXN-20240123-0005368,WALL-0023561,MERCH-00004,PM-03,DEV-02,2024-01-23 14:18:41,35.42,0.2833,0.7083,3,Success,Purchase,Kuala Lumpur,MYR,False
TXN-20240123-0005369,WALL-0079112,MERCH-00335,PM-01,DEV-03,2024-01-23 18:20:40,108.95,0.0,0.0,10,Success,Bill Payment,Bago,MMK,False
TXN-20240123-0005370,WALL-0075330,MERCH-00395,PM-01,DEV-02,2024-01-23 18:02:05,64.6,0.0,0.0,6,Success,Purchase,Mawlamyine,MMK,False
TXN-20240123-0005371,WALL-0096564,MERCH-00072,PM-05,DEV-01,2024-01-23 15:44:37,8.99,0.0,0.1799,0,Success,Purchase,Singapore,SGD,False
TXN-20240123-0005372,WALL-0111495,MERCH-00160,PM-04,DEV-01,2024-01-23 10:00:53,210.7,4.2139,10.5349,21,Success,Purchase,Kandy,INR,False
TXN-20240123-0005373,WALL-0047905,MERCH-00139,PM-02,DEV-01,2024-01-23 07:24:33,144.33,0.2887,7.2166,14,Success,Purchase,Johor Bahru,MYR,False
TXN-20240123-0005374,WALL-0037480,MERCH-00234,PM-02,DEV-01,2024-01-23 13:16:45,18.4,0.0368,0.0,1,Success,Subscription,Quezon City,PHP,False
TXN-20240123-0005375,WALL-0053618,MERCH-00017,PM-04,DEV-01,2024-01-23 23:40:10,8.62,0.1725,0.1725,0,Success,Purchase,Bali,IDR,False
TXN-20240123-0005376,WALL-0093980,MERCH-00036,PM-03,DEV-01,2024-01-23 18:14:51,13.42,0.1074,0.2684,1,Success,Purchase,Bago,MMK,False
TXN-20240123-0005377,WALL-0014339,MERCH-00431,PM-01,DEV-05,2024-01-23 16:39:29,50.0,0.0,0.0,5,Success,Tax Payment,Kuala Lumpur,MMK,False
TXN-20240123-0005378,WALL-0122671,MERCH-00088,PM-04,DEV-01,2024-01-23 08:20:17,61.64,1.2328,0.0,6,Success,Purchase,Johor Bahru,MYR,False
TXN-20240123-0005379,WALL-0049364,MERCH-00412,PM-02,DEV-01,2024-01-23 14:52:59,157.59,0.3152,0.0,15,Success,Payment,Phuket,MMK,False
TXN-20240123-0005380,WALL-0012883,MERCH-00337,PM-02,DEV-03,2024-01-23 07:20:44,154.67,0.3093,0.0,15,Success,Bill Payment,Hyderabad,INR,False
TXN-20240123-0005381,WALL-0114004,MERCH-00220,PM-03,DEV-04,2024-01-23 22:24:30,5.0,0.04,0.0,0,Success,Purchase,Davao,PHP,False
TXN-20240123-0005382,WALL-0003972,MERCH-00175,PM-04,DEV-03,2024-01-23 09:01:57,29.29,0.5857,0.0,0,Pending,Purchase,Siem Reap,KHR,False
TXN-20240123-0005383,WALL-0062342,MERCH-00329,PM-01,DEV-01,2024-01-23 08:25:16,31.04,0.0,0.0,3,Success,Bill Payment,Pattaya,THB,False
TXN-20240123-0005384,WALL-0031592,MERCH-00341,PM-04,DEV-02,2024-01-23 15:56:45,33.76,0.6751,0.0,3,Success,Bill Payment,Lahore,PKR,False
TXN-20240123-0005385,WALL-0036195,MERCH-00070,PM-03,DEV-01,2024-01-23 08:03:40,6.52,0.0522,0.1304,0,Success,Purchase,Pune,INR,False
TXN-20240123-0005386,WALL-0048585,MERCH-00334,PM-03,DEV-01,2024-01-23 16:41:46,80.37,0.643,0.0,8,Success,Bill Payment,Chittagong,BDT,False
TXN-20240123-0005387,WALL-0003071,MERCH-00030,PM-01,DEV-04,2024-01-23 12:17:58,26.81,0.0,0.5362,2,Success,Purchase,Penang,MYR,False
TXN-20240123-0005388,WALL-0130060,MERCH-00078,PM-02,DEV-03,2024-01-23 11:29:44,5.52,0.011,0.1105,0,Success,Purchase,Siem Reap,KHR,False
TXN-20240123-0005389,WALL-0105979,MERCH-00263,PM-01,DEV-01,2024-01-23 16:43:14,18.48,0.0,0.0,1,Success,Subscription,Singapore,SGD,False
TXN-20240123-0005390,WALL-0090749,MERCH-00016,PM-02,DEV-03,2024-01-23 09:06:57,7.86,0.0157,0.1572,0,Success,Purchase,Yangon,MMK,False
