transaction_id,wallet_id,merchant_id,payment_method_id,device_id,transaction_timestamp,amount,transaction_fee,cashback,loyalty_points,status,transaction_type,location_city,currency,fraud_flag
TXN-20240112-0000001,WALL-0081104,MERCH-00305,PM-02,DEV-02,2024-01-12 06:22:02,676.44,1.3529,54.1152,135,Success,Purchase,Myitkyina,MMK,False
TXN-20240112-0000002,WALL-0117559,MERCH-00413,PM-02,DEV-02,2024-01-12 09:50:07,242.5,0.485,0.0,24,Success,Payment,Pathein,MMK,False
TXN-20240112-0000003,WALL-0068647,MERCH-00145,PM-05,DEV-02,2024-01-12 21:21:23,221.9,0.0,11.0949,22,Success,Purchase,Penang,MYR,False
TXN-20240112-0000004,WALL-0115672,MERCH-00235,PM-01,DEV-01,2024-01-12 16:43:24,15.2,0.0,0.0,1,Success,Subscription,Mawlamyine,MMK,False
TXN-20240112-0000005,WALL-0133723,MERCH-00386,PM-01,DEV-01,2024-01-12 15:23:02,118.96,0.0,0.0,11,Success,Purchase,Taunggyi,MMK,False
TXN-20240112-0000006,WALL-0044436,MERCH-00085,PM-02,DEV-02,2024-01-12 15:16:17,120.09,0.2402,0.0,12,Success,Purchase,Chennai,INR,False
TXN-20240112-0000007,WALL-0019530,MERCH-00106,PM-03,DEV-02,2024-01-12 06:08:30,54.73,0.4378,0.0,5,Success,Purchase,Yangon,MMK,False
TXN-20240112-0000008,WALL-0083581,MERCH-00295,PM-05,DEV-01,2024-01-12 18:44:08,1671.82,0.0,133.7455,334,Success,Purchase,Myitkyina,MMK,False
TXN-20240112-0000009,WALL-0142876,MERCH-00181,PM-02,DEV-01,2024-01-12 16:39:07,40.64,0.0813,2.032,4,Success,Purchase,Pathein,MMK,False
TXN-20240112-0000010,WALL-0038703,MERCH-00026,PM-01,DEV-01,2024-01-12 21:08:24,37.98,0.0,0.7595,3,Success,Purchase,Islamabad,PKR,False
TXN-20240112-0000011,WALL-0146719,MERCH-00157,PM-02,DEV-01,2024-01-12 07:20:52,56.14,0.1123,2.807,5,Success,Purchase,Kuala Lumpur,MMK,False
TXN-20240112-0000012,WALL-0081696,MERCH-00194,PM-01,DEV-01,2024-01-12 03:33:57,9.78,0.0,0.0,0,Success,Purchase,Singapore,SGD,False
TXN-20240112-0000013,WALL-0062947,MERCH-00030,PM-03,DEV-01,2024-01-12 13:03:03,18.9,0.1512,0.378,1,Success,Purchase,Mandalay,MMK,False
TXN-20240112-0000014,WALL-0062809,MERCH-00112,PM-01,DEV-01,2024-01-12 13:47:06,13.05,0.0,0.0,0,Pending,Purchase,Kathmandu,NPR,False
TXN-20240112-0000015,WALL-0122449,MERCH-00129,PM-02,DEV-01,2024-01-12 13:17:36,96.52,0.193,0.0,9,Success,Purchase,Yangon,MMK,False
TXN-20240112-0000016,WALL-0024121,MERCH-00420,PM-01,DEV-01,2024-01-12 11:30:40,267.4,0.0,0.0,26,Success,Payment,Myitkyina,MMK,False
TXN-20240112-0000017,WALL-0101337,MERCH-00251,PM-01,DEV-01,2024-01-12 17:57:45,20.11,0.0,0.0,2,Success,Subscription,Yangon,MMK,False
TXN-20240112-0000018,WALL-0117566,MERCH-00471,PM-02,DEV-01,2024-01-12 12:37:12,177.48,0.355,0.0,17,Success,Payment,Chiang Mai,THB,False
TXN-20240112-0000019,WALL-0041895,MERCH-00167,PM-04,DEV-02,2024-01-12 15:08:33,71.18,1.4235,3.5588,7,Success,Purchase,Bandung,IDR,False
TXN-20240112-0000020,WALL-0067532,MERCH-00129,PM-01,DEV-03,2024-01-12 11:33:45,92.4,0.0,0.0,9,Success,Purchase,Bali,IDR,False
TXN-20240112-0000021,WALL-0127821,MERCH-00083,PM-03,DEV-01,2024-01-12 16:41:52,206.59,1.6528,0.0,20,Success,Purchase,Myitkyina,MMK,False
TXN-20240112-0000022,WALL-0132339,MERCH-00346,PM-01,DEV-01,2024-01-12 09:49:06,47.44,0.0,0.0,4,Success,Bill Payment,Bangalore,INR,False
TXN-20240112-0000023,WALL-0131306,MERCH-00098,PM-02,DEV-03,2024-01-12 07:15:43,14.9,0.0298,0.0,1,Success,Purchase,Dhaka,BDT,False
TXN-20240112-0000024,WALL-0078697,MERCH-00004,PM-03,DEV-05,2024-01-12 14:11:56,32.19,0.2575,0.6438,3,Success,Purchase,Da Nang,VND,False
TXN-20240112-0000025,WALL-0046019,MERCH-00197,PM-01,DEV-01,2024-01-12 17:01:02,11.29,0.0,0.0,1,Success,Purchase,Yangon,MMK,False
TXN-20240112-0000026,WALL-0079694,MERCH-00181,PM-01,DEV-01,2024-01-12 03:36:06,104.88,0.0,5.244,10,Success,Purchase,Chennai,INR,False
TXN-20240112-0000027,WALL-0002524,MERCH-00402,PM-04,DEV-02,2024-01-12 12:37:59,269.91,5.3981,0.0,26,Success,Payment,Pathein,MMK,False
TXN-20240112-0000028,WALL-0006206,MERCH-00067,PM-01,DEV-02,2024-01-12 11:12:15,10.28,0.0,0.2056,1,Success,Purchase,Da Nang,VND,False
TXN-20240112-0000029,WALL-0075340,MERCH-00391,PM-04,DEV-03,2024-01-12 03:26:33,81.79,1.6358,0.0,8,Success,Purchase,Myitkyina,MMK,False
TXN-20240112-0000030,WALL-0089006,MERCH-00197,PM-03,DEV-02,2024-01-12 19:45:16,12.87,0.1029,0.0,1,Success,Purchase,Pathein,MMK,False
TXN-20240112-0000031,WALL-0106867,MERCH-00482,PM-01,DEV-01,2024-01-12 06:43:37,190.3,0.0,0.0,19,Success,Payment,Karachi,INR,False
TXN-20240112-0000032,WALL-0125096,MERCH-00441,PM-02,DEV-01,2024-01-12 15:42:34,199.82,0.3996,0.0,19,Success,Tax Payment,Pattaya,THB,False
TXN-20240112-0000033,WALL-0106846,MERCH-00257,PM-04,DEV-01,2024-01-12 10:02:14,29.91,0.5983,0.0,2,Success,Subscription,Taunggyi,PHP,False
TXN-20240112-0000034,WALL-0016185,MERCH-00428,PM-01,DEV-03,2024-01-12 11:34:28,78.03,0.0,0.0,7,Success,Payment,Johor Bahru,MYR,False
TXN-20240112-0000035,WALL-0025761,MERCH-00073,PM-05,DEV-01,2024-01-12 19:19:16,49.49,0.0,0.9899,4,Success,Purchase,Naypyidaw,MMK,False
TXN-20240112-0000036,WALL-0067454,MERCH-00060,PM-04,DEV-01,2024-01-12 12:40:25,16.15,0.323,0.323,1,Success,Purchase,Karachi,PKR,False
TXN-20240112-0000037,WALL-0068182,MERCH-00448,PM-03,DEV-01,2024-01-12 18:02:30,1616.44,12.9315,0.0,161,Success,Tax Payment,Bago,MMK,False
TXN-20240112-0000038,WALL-0044083,MERCH-00222,PM-02,DEV-01,2024-01-12 06:44:54,9.24,0.0185,0.0,0,Success,Purchase,Kuala Lumpur,MYR,False
TXN-20240112-0000039,WALL-0098413,MERCH-00252,PM-02,DEV-01,2024-01-12 10:23:43,20.65,0.0413,0.0,2,Success,Subscription,Hyderabad,MMK,False
TXN-20240112-0000040,WALL-0004651,MERCH-00360,PM-03,DEV-03,2024-01-12 04:31:02,28.58,0.2286,0.0,2,Success,Bill Payment,Jaipur,INR,False
TXN-20240112-0000041,WALL-0064436,MERCH-00043,PM-05,DEV-02,2024-01-12 21:03:36,13.76,0.0,0.2752,1,Success,Purchase,Mumbai,INR,False
TXN-20240112-0000042,WALL-0052518,MERCH-00017,PM-05,DEV-03,2024-01-12 12:39:43,16.22,0.0,0.3245,1,Success,Purchase,Pathein,MMK,False
TXN-20240112-0000043,WALL-0018398,MERCH-00396,PM-03,DEV-01,2024-01-12 19:20:43,41.62,0.333,0.0,4,Success,Purchase,Mandalay,MMK,False
TXN-20240112-0000044,WALL-0009383,MERCH-00089,PM-03,DEV-01,2024-01-12 18:02:16,196.12,1.569,0.0,19,Success,Purchase,Davao,MYR,False
TXN-20240112-0000045,WALL-0005142,MERCH-00355,PM-03,DEV-02,2024-01-12 15:15:45,11.0,0.088,0.0,1,Success,Bill Payment,Naypyidaw,MMK,False
TXN-20240112-0000046,WALL-0094697,MERCH-00328,PM-05,DEV-05,2024-01-12 23:32:07,114.89,0.0,0.0,11,Success,Bill Payment,Chiang Mai,THB,False
TXN-20240112-0000047,WALL-0007685,MERCH-00009,PM-01,DEV-01,2024-01-12 01:31:33,12.21,0.0,0.2442,1,Success,Purchase,Pathein,MMK,False
TXN-20240112-0000048,WALL-0080338,MERCH-00438,PM-01,DEV-04,2024-01-12 19:31:24,55.07,0.0,0.0,5,Success,Tax Payment,Kuala Lumpur,MYR,False
TXN-20240112-0000049,WALL-0080620,MERCH-00429,PM-02,DEV-03,2024-01-12 14:46:55,63.53,0.1271,0.0,6,Success,Payment,Hanoi,MMK,False
TXN-20240112-0000050,WALL-0027142,MERCH-00341,PM-05,DEV-01,2024-01-12 03:35:57,111.72,0.0,0.0,11,Success,Bill Payment,Islamabad,PKR,False
TXN-20240112-0000051,WALL-0051864,MERCH-00263,PM-02,DEV-02,2024-01-12 14:26:03,9.24,0.0185,0.0,0,Success,Subscription,Myitkyina,MMK,False
TXN-20240112-0000052,WALL-0018495,MERCH-00222,PM-02,DEV-01,2024-01-12 16:50:44,17.29,0.0346,0.0,1,Success,Purchase,Yangon,MMK,False
TXN-20240112-0000053,WALL-0044030,MERCH-00445,PM-03,DEV-03,2024-01-12 06:43:19,50.0,0.4,0.0,5,Success,Tax Payment,Mandalay,MMK,False
TXN-20240112-0000054,WALL-0048765,MERCH-00369,PM-01,DEV-01,2024-01-12 12:25:09,24.88,0.0,0.0,2,Success,Bill Payment,Pathein,MMK,False
TXN-20240112-0000055,WALL-0035583,MERCH-00020,PM-04,DEV-01,2024-01-12 21:06:00,15.18,0.3037,0.3037,1,Success,Purchase,Kathmandu,MMK,False
TXN-20240112-0000056,WALL-0095281,MERCH-00150,PM-02,DEV-03,2024-01-12 19:07:25,129.82,0.2596,6.491,12,Success,Purchase,Mandalay,MMK,False
TXN-20240112-0000057,WALL-0127373,MERCH-00487,PM-02,DEV-03,2024-01-12 13:06:13,141.69,0.2834,0.0,14,Success,Payment,Naypyidaw,MMK,False
TXN-20240112-0000058,WALL-0058890,MERCH-00138,PM-02,DEV-03,2024-01-12 21:46:04,82.28,0.1646,4.1139,8,Success,Purchase,Taunggyi,MMK,False
TXN-20240112-0000059,WALL-0104331,MERCH-00088,PM-01,DEV-01,2024-01-12 15:44:50,63.99,0.0,0.0,6,Success,Purchase,Mawlamyine,MMK,False
TXN-20240112-0000060,WALL-0131994,MERCH-00096,PM-03,DEV-01,2024-01-12 21:03:31,95.76,0.7661,0.0,9,Success,Purchase,Pathein,MMK,False
TXN-20240112-0000061,WALL-0065311,MERCH-00072,PM-01,DEV-01,2024-01-12 20:20:51,32.1,0.0,0.6419,3,Success,Purchase,Chittagong,MMK,False
TXN-20240112-0000062,WALL-0034759,MERCH-00262,PM-02,DEV-02,2024-01-12 05:16:20,15.73,0.0315,0.0,1,Success,Subscription,Hyderabad,INR,False
TXN-20240112-0000063,WALL-0030558,MERCH-00054,PM-03,DEV-02,2024-01-12 21:04:03,52.8,0.4224,1.056,5,Success,Purchase,Da Nang,VND,False
TXN-20240112-0000064,WALL-0051663,MERCH-00197,PM-01,DEV-03,2024-01-12 16:21:21,13.78,0.0,0.0,1,Success,Purchase,Chiang Mai,THB,False
TXN-20240112-0000065,WALL-0143980,MERCH-00032,PM-01,DEV-01,2024-01-12 13:28:14,28.88,0.0,0.5776,2,Success,Purchase,Mawlamyine,MMK,False
TXN-20240112-0000066,WALL-0063080,MERCH-00011,PM-02,DEV-01,2024-01-12 19:03:19,16.87,0.0337,0.3373,1,Success,Purchase,Bangkok,THB,False
TXN-20240112-0000067,WALL-0101307,MERCH-00182,PM-01,DEV-03,2024-01-12 11:47:37,46.1,0.0,2.3048,4,Success,Purchase,Quezon City,PHP,False
TXN-20240112-0000068,WALL-0005681,MERCH-00200,PM-01,DEV-03,2024-01-12 10:13:24,6.38,0.0,0.0,0,Success,Purchase,Mawlamyine,MMK,False
TXN-20240112-0000069,WALL-0120935,MERCH-00215,PM-02,DEV-02,2024-01-12 15:10:49,17.21,0.0344,0.0,1,Success,Purchase,Delhi,INR,False
TXN-20240112-0000070,WALL-0111470,MERCH-00114,PM-02,DEV-01,2024-01-12 09:20:02,76.05,0.1521,0.0,0,Reversed,Purchase,Phnom Penh,KHR,False
TXN-20240112-0000071,WALL-0049895,MERCH-00426,PM-01,DEV-01,2024-01-12 18:18:19,408.59,0.0,0.0,40,Success,Payment,Bago,MMK,False
TXN-20240112-0000072,WALL-0023630,MERCH-00095,PM-01,DEV-01,2024-01-12 09:37:50,59.89,0.0,0.0,5,Success,Purchase,Naypyidaw,MMK,False
TXN-20240112-0000073,WALL-0107968,MERCH-00049,PM-01,DEV-02,2024-01-12 14:31:15,11.93,0.0,0.2386,1,Success,Purchase,Ahmedabad,INR,False
TXN-20240112-0000074,WALL-0068048,MERCH-00454,PM-01,DEV-01,2024-01-12 09:24:25,386.47,0.0,0.0,38,Success,Payment,Bali,MMK,False
TXN-20240112-0000075,WALL-0018008,MERCH-00106,PM-01,DEV-05,2024-01-12 21:23:23,105.47,0.0,0.0,10,Success,Purchase,Myitkyina,MMK,False
TXN-20240112-0000076,WALL-0000966,MERCH-00163,PM-01,DEV-01,2024-01-12 17:34:24,20.0,0.0,1.0,2,Success,Purchase,Mandalay,MMK,False
TXN-20240112-0000077,WALL-0129699,MERCH-00342,PM-02,DEV-03,2024-01-12 20:12:09,20.63,0.0413,0.0,2,Success,Bill Payment,Bali,IDR,False
TXN-20240112-0000078,WALL-0146537,MERCH-00275,PM-03,DEV-04,2024-01-12 07:54:07,415.95,3.3276,33.2763,83,Success,Purchase,Jakarta,IDR,False
TXN-20240112-0000079,WALL-0000048,MERCH-00108,PM-02,DEV-01,2024-01-12 21:25:25,121.55,0.2431,0.0,12,Success,Purchase,Naypyidaw,MMK,False
TXN-20240112-0000080,WALL-0072742,MERCH-00393,PM-01,DEV-03,2024-01-12 17:36:40,68.68,0.0,0.0,6,Success,Purchase,Lahore,MMK,False
TXN-20240112-0000081,WALL-0098317,MERCH-00357,PM-02,DEV-05,2024-01-12 12:06:41,116.32,0.2326,0.0,11,Success,Bill Payment,Cebu City,PHP,False
TXN-20240112-0000082,WALL-0048579,MERCH-00053,PM-01,DEV-02,2024-01-12 21:34:38,29.32,0.0,0.5864,2,Success,Purchase,Mawlamyine,MMK,False
TXN-20240112-0000083,WALL-0108392,MERCH-00076,PM-05,DEV-01,2024-01-12 21:14:27,20.88,0.0,0.4177,2,Success,Purchase,Kathmandu,NPR,False
TXN-20240112-0000084,WALL-0059451,MERCH-00007,PM-02,DEV-01,2024-01-12 13:29:43,10.0,0.02,0.2,0,Success,Purchase,Mandalay,MMK,False
TXN-20240112-0000085,WALL-0048231,MERCH-00105,PM-04,DEV-01,2024-01-12 18:53:06,31.22,0.6244,0.0,3,Success,Purchase,Chennai,INR,False
TXN-20240112-0000086,WALL-0134938,MERCH-00151,PM-02,DEV-01,2024-01-12 21:18:27,200.6,0.4012,10.0299,20,Success,Purchase,Jakarta,PKR,False
TXN-20240112-0000087,WALL-0077020,MERCH-00342,PM-03,DEV-04,2024-01-12 15:34:08,45.47,0.3637,0.0,4,Success,Bill Payment,Pathein,MMK,False
TXN-20240112-0000088,WALL-0139624,MERCH-00430,PM-01,DEV-02,2024-01-12 17:05:47,123.75,0.0,0.0,12,Success,Payment,Manila,PHP,False
TXN-20240112-0000089,WALL-0064547,MERCH-00300,PM-03,DEV-01,2024-01-12 05:34:25,100.0,0.8,8.0,20,Success,Purchase,Mandalay,MMK,False
TXN-20240112-0000090,WALL-0039379,MERCH-00127,PM-01,DEV-01,2024-01-12 21:45:18,51.82,0.0,0.0,0,Reversed,Purchase,Lahore,PKR,False
TXN-20240112-0000091,WALL-0103985,MERCH-00247,PM-01,DEV-03,2024-01-12 13:19:05,12.12,0.0,0.0,1,Success,Subscription,Mawlamyine,MMK,False
TXN-20240112-0000092,WALL-0138537,MERCH-00347,PM-01,DEV-01,2024-01-12 18:06:57,40.7,0.0,0.0,4,Success,Bill Payment,Pathein,MMK,False
TXN-20240112-0000093,WALL-0050720,MERCH-00029,PM-01,DEV-03,2024-01-12 12:39:36,15.5,0.0,0.31,1,Success,Purchase,Hanoi,VND,False
TXN-20240112-0000094,WALL-0125609,MERCH-00175,PM-04,DEV-02,2024-01-12 16:48:22,2363.48,47.2696,118.1739,236,Success,Purchase,Quezon City,PHP,False
TXN-20240112-0000095,WALL-0111756,MERCH-00003,PM-01,DEV-01,2024-01-12 03:12:49,55.61,0.0,1.1122,5,Success,Purchase,Kuala Lumpur,MYR,False
TXN-20240112-0000096,WALL-0010395,MERCH-00354,PM-02,DEV-01,2024-01-12 18:50:43,30.7,0.0614,0.0,0,Pending,Bill Payment,Yangon,MMK,False
TXN-20240112-0000097,WALL-0087394,MERCH-00053,PM-01,DEV-01,2024-01-12 11:09:49,17.46,0.0,0.3491,1,Success,Purchase,Penang,PKR,False
TXN-20240112-0000098,WALL-0049920,MERCH-00359,PM-03,DEV-01,2024-01-12 01:30:46,38.97,0.3118,0.0,3,Success,Bill Payment,Kolkata,INR,False
TXN-20240112-0000099,WALL-0042164,MERCH-00120,PM-03,DEV-02,2024-01-12 05:25:06,72.92,0.5834,0.0,7,Success,Purchase,Johor Bahru,MMK,False
TXN-20240112-0000100,WALL-0015550,MERCH-00401,PM-04,DEV-01,2024-01-12 13:17:48,396.4,7.9281,0.0,0,Failed,Payment,Pathein,MMK,False
TXN-20240112-0000101,WALL-0144756,MERCH-00075,PM-02,DEV-01,2024-01-12 09:11:16,16.58,0.0332,0.3315,1,Success,Purchase,Chennai,INR,False
TXN-20240112-0000102,WALL-0076040,MERCH-00441,PM-02,DEV-01,2024-01-12 06:04:45,98.16,0.1963,0.0,9,Success,Tax Payment,Pathein,MMK,False
TXN-20240112-0000103,WALL-0002524,MERCH-00043,PM-04,DEV-01,2024-01-12 18:52:23,20.54,0.4107,0.4107,2,Success,Purchase,Pathein,MMK,False
TXN-20240112-0000104,WALL-0076708,MERCH-00220,PM-01,DEV-04,2024-01-12 21:45:24,14.78,0.0,0.0,0,Failed,Purchase,Kuala Lumpur,MYR,False
TXN-20240112-0000105,WALL-0006944,MERCH-00084,PM-02,DEV-01,2024-01-12 19:26:37,41.59,0.0832,0.0,4,Success,Purchase,Delhi,INR,False
TXN-20240112-0000106,WALL-0057640,MERCH-00071,PM-01,DEV-01,2024-01-12 12:58:51,9.37,0.0,0.1874,0,Success,Purchase,Myitkyina,MMK,False
TXN-20240112-0000107,WALL-0126545,MERCH-00357,PM-03,DEV-02,2024-01-12 19:29:28,17.71,0.1417,0.0,1,Success,Bill Payment,Da Nang,VND,False
TXN-20240112-0000108,WALL-0123593,MERCH-00338,PM-01,DEV-01,2024-01-12 20:05:30,43.01,0.0,0.0,4,Success,Bill Payment,Myitkyina,MMK,False
TXN-20240112-0000109,WALL-0126570,MERCH-00055,PM-03,DEV-04,2024-01-12 10:16:59,43.88,0.351,0.8776,4,Success,Purchase,Johor Bahru,MYR,False
TXN-20240112-0000110,WALL-0135971,MERCH-00436,PM-02,DEV-01,2024-01-12 14:44:19,688.56,1.3771,0.0,68,Success,Tax Payment,Chennai,INR,False
TXN-20240112-0000111,WALL-0009439,MERCH-00291,PM-04,DEV-01,2024-01-12 12:39:54,536.69,10.7339,42.9354,107,Success,Purchase,Pokhara,MMK,False
TXN-20240112-0000112,WALL-0043165,MERCH-00400,PM-02,DEV-01,2024-01-12 04:58:51,35.13,0.0703,0.0,3,Success,Purchase,Mawlamyine,MMK,False
TXN-20240112-0000113,WALL-0055089,MERCH-00195,PM-04,DEV-01,2024-01-12 17:59:15,21.46,0.4292,0.0,2,Success,Purchase,Bago,PKR,False
TXN-20240112-0000114,WALL-0002614,MERCH-00351,PM-01,DEV-04,2024-01-12 19:49:12,48.88,0.0,0.0,4,Success,Bill Payment,Phuket,MMK,False
TXN-20240112-0000115,WALL-0131896,MERCH-00317,PM-03,DEV-01,2024-01-12 16:24:01,66.42,0.5314,0.0,6,Success,Bill Payment,Pathein,MMK,False
TXN-20240112-0000116,WALL-0117215,MERCH-00283,PM-01,DEV-03,2024-01-12 18:30:16,230.55,0.0,18.4443,46,Success,Purchase,Taunggyi,MMK,False
TXN-20240112-0000117,WALL-0116209,MERCH-00086,PM-03,DEV-04,2024-01-12 03:33:36,57.37,0.459,0.0,5,Success,Purchase,Chennai,INR,False
TXN-20240112-0000118,WALL-0136328,MERCH-00022,PM-04,DEV-01,2024-01-12 14:53:36,11.09,0.2217,0.2217,1,Success,Purchase,Bangkok,THB,False
TXN-20240112-0000119,WALL-0062963,MERCH-00433,PM-05,DEV-01,2024-01-12 11:35:39,388.34,0.0,0.0,38,Success,Tax Payment,Mawlamyine,MMK,False
TXN-20240112-0000120,WALL-0045586,MERCH-00189,PM-03,DEV-01,2024-01-12 16:04:16,48.04,0.3843,2.4019,4,Success,Purchase,Hanoi,VND,False
TXN-20240112-0000121,WALL-0146790,MERCH-00063,PM-03,DEV-02,2024-01-12 12:55:11,21.0,0.168,0.42,2,Success,Purchase,Quezon City,PHP,False
TXN-20240112-0000122,WALL-0097822,MERCH-00017,PM-03,DEV-02,2024-01-12 21:10:06,42.0,0.336,0.84,4,Success,Purchase,Surabaya,IDR,False
TXN-20240112-0000123,WALL-0112978,MERCH-00026,PM-03,DEV-04,2024-01-12 19:06:38,10.75,0.086,0.215,1,Success,Purchase,Hyderabad,INR,False
TXN-20240112-0000124,WALL-0047196,MERCH-00372,PM-01,DEV-03,2024-01-12 11:08:57,63.5,0.0,0.0,6,Success,Purchase,Mawlamyine,MMK,False
TXN-20240112-0000125,WALL-0004614,MERCH-00017,PM-01,DEV-01,2024-01-12 20:22:52,6.87,0.0,0.1373,0,Success,Purchase,Naypyidaw,MMK,False
TXN-20240112-0000126,WALL-0026788,MERCH-00096,PM-01,DEV-01,2024-01-12 21:27:28,61.99,0.0,0.0,6,Success,Purchase,Pathein,INR,False
TXN-20240112-0000127,WALL-0135471,MERCH-00387,PM-02,DEV-02,2024-01-12 07:52:22,70.12,0.1402,0.0,7,Success,Purchase,Bago,MMK,False
TXN-20240112-0000128,WALL-0085467,MERCH-00022,PM-01,DEV-05,2024-01-12 16:40:06,5.0,0.0,0.1,0,Success,Purchase,Mawlamyine,MMK,False
TXN-20240112-0000129,WALL-0044838,MERCH-00137,PM-04,DEV-02,2024-01-12 12:49:29,97.5,1.9501,4.8752,9,Success,Purchase,Taunggyi,MMK,False
TXN-20240112-0000130,WALL-0081680,MERCH-00243,PM-01,DEV-03,2024-01-12 13:30:12,13.86,0.0,0.0,1,Success,Subscription,Yangon,MMK,False
TXN-20240112-0000131,WALL-0126819,MERCH-00397,PM-03,DEV-05,2024-01-12 16:53:32,89.86,0.7189,0.0,8,Success,Purchase,Myitkyina,MMK,False
TXN-20240112-0000132,WALL-0108618,MERCH-00343,PM-02,DEV-01,2024-01-12 21:48:59,20.37,0.0407,0.0,0,Failed,Bill Payment,Taunggyi,MMK,False
TXN-20240112-0000133,WALL-0041701,MERCH-00173,PM-02,DEV-01,2024-01-12 03:06:36,133.88,0.2678,6.694,13,Success,Purchase,Bago,MMK,False
TXN-20240112-0000134,WALL-0140886,MERCH-00427,PM-02,DEV-01,2024-01-12 18:22:37,242.37,0.4847,0.0,24,Success,Payment,Jakarta,IDR,False
TXN-20240112-0000135,WALL-0057405,MERCH-00041,PM-04,DEV-01,2024-01-12 05:57:58,18.33,0.3666,0.3666,1,Success,Purchase,Mawlamyine,MMK,False
TXN-20240112-0000136,WALL-0035670,MERCH-00180,PM-03,DEV-01,2024-01-12 19:50:18,173.78,1.3902,8.6889,17,Success,Purchase,Cebu City,THB,False
TXN-20240112-0000137,WALL-0036546,MERCH-00132,PM-01,DEV-01,2024-01-12 16:10:17,219.69,0.0,10.9844,21,Success,Purchase,Davao,PHP,False
TXN-20240112-0000138,WALL-0134246,MERCH-00023,PM-01,DEV-05,2024-01-12 20:47:24,15.13,0.0,0.3026,1,Success,Purchase,Taunggyi,MMK,False
TXN-20240112-0000139,WALL-0145442,MERCH-00205,PM-01,DEV-01,2024-01-12 16:56:59,6.49,0.0,0.0,0,Success,Purchase,Yangon,MMK,False
TXN-20240112-0000140,WALL-0140166,MERCH-00180,PM-02,DEV-03,2024-01-12 15:42:23,112.77,0.2255,5.6385,11,Success,Purchase,Mandalay,MMK,False
TXN-20240112-0000141,WALL-0094051,MERCH-00256,PM-01,DEV-02,2024-01-12 16:09:13,16.88,0.0,0.0,0,Failed,Subscription,Mumbai,INR,False
TXN-20240112-0000142,WALL-0072406,MERCH-00061,PM-02,DEV-01,2024-01-12 19:35:16,15.79,0.0316,0.3157,1,Success,Purchase,Myitkyina,MMK,False
TXN-20240112-0000143,WALL-0104439,MERCH-00081,PM-04,DEV-01,2024-01-12 12:30:29,33.88,0.6775,0.0,3,Success,Purchase,Dhaka,BDT,False
TXN-20240112-0000144,WALL-0103385,MERCH-00035,PM-01,DEV-01,2024-01-12 10:58:28,18.1,0.0,0.362,1,Success,Purchase,Bali,IDR,False
TXN-20240112-0000145,WALL-0002478,MERCH-00086,PM-01,DEV-01,2024-01-12 17:56:46,192.36,0.0,0.0,19,Success,Purchase,Mandalay,MMK,False
TXN-20240112-0000146,WALL-0130724,MERCH-00123,PM-01,DEV-01,2024-01-12 14:12:33,61.07,0.0,0.0,6,Success,Purchase,Chittagong,BDT,False
TXN-20240112-0000147,WALL-0141829,MERCH-00012,PM-02,DEV-01,2024-01-12 18:30:46,50.17,0.1003,1.0033,5,Success,Purchase,Colombo,LKR,False
TXN-20240112-0000148,WALL-0103082,MERCH-00222,PM-04,DEV-01,2024-01-12 13:49:14,5.84,0.1167,0.0,0,Success,Purchase,Karachi,PKR,False
TXN-20240112-0000149,WALL-0071501,MERCH-00100,PM-01,DEV-05,2024-01-12 21:05:43,200.0,0.0,0.0,20,Success,Purchase,Bandung,IDR,False
TXN-20240112-0000150,WALL-0115848,MERCH-00225,PM-03,DEV-02,2024-01-12 14:42:04,5.0,0.04,0.0,0,Success,Purchase,Naypyidaw,MMK,False
TXN-20240112-0000151,WALL-0121421,MERCH-00035,PM-04,DEV-02,2024-01-12 03:58:51,17.97,0.3594,0.3594,1,Success,Purchase,Jakarta,IDR,False
TXN-20240112-0000152,WALL-0042991,MERCH-00351,PM-03,DEV-02,2024-01-12 18:03:38,90.9,0.7272,0.0,0,Failed,Bill Payment,Taunggyi,MMK,False
TXN-20240112-0000153,WALL-0122879,MERCH-00032,PM-02,DEV-01,2024-01-12 19:02:39,7.32,0.0146,0.1465,0,Success,Purchase,Karachi,PKR,False
TXN-20240112-0000154,WALL-0094140,MERCH-00024,PM-04,DEV-02,2024-01-12 22:20:59,9.47,0.1894,0.1894,0,Success,Purchase,Medan,IDR,False
TXN-20240112-0000155,WALL-0065409,MERCH-00273,PM-01,DEV-01,2024-01-12 01:10:13,168.21,0.0,13.4565,33,Success,Purchase,Pune,INR,False
TXN-20240112-0000156,WALL-0046963,MERCH-00080,PM-04,DEV-03,2024-01-12 20:04:07,10.24,0.2048,0.2048,1,Success,Purchase,Taunggyi,MMK,False
TXN-20240112-0000157,WALL-0007940,MERCH-00497,PM-01,DEV-02,2024-01-12 03:37:32,56.22,0.0,0.0,5,Success,Payment,Kuala Lumpur,KHR,False
TXN-20240112-0000158,WALL-0071626,MERCH-00007,PM-01,DEV-01,2024-01-12 18:56:29,11.91,0.0,0.2383,1,Success,Purchase,Mandalay,MMK,False
TXN-20240112-0000159,WALL-0121457,MERCH-00266,PM-02,DEV-01,2024-01-12 16:49:37,9.57,0.0191,0.0,0,Success,Subscription,Khon Kaen,THB,False
TXN-20240112-0000160,WALL-0124369,MERCH-00166,PM-02,DEV-01,2024-01-12 20:43:26,241.08,0.4822,12.0542,24,Success,Purchase,Singapore,SGD,False
TXN-20240112-0000161,WALL-0119829,MERCH-00398,PM-05,DEV-01,2024-01-12 12:11:45,106.6,0.0,0.0,10,Success,Purchase,Hanoi,VND,False
TXN-20240112-0000162,WALL-0010633,MERCH-00241,PM-05,DEV-04,2024-01-12 17:46:46,5.5,0.0,0.0,0,Success,Subscription,Medan,IDR,False
TXN-20240112-0000163,WALL-0075144,MERCH-00085,PM-01,DEV-02,2024-01-12 12:54:05,22.61,0.0,0.0,2,Success,Purchase,Surabaya,IDR,False
TXN-20240112-0000164,WALL-0136673,MERCH-00145,PM-02,DEV-01,2024-01-12 18:49:07,249.08,0.4982,12.4538,24,Success,Purchase,Siem Reap,BDT,False
TXN-20240112-0000165,WALL-0085351,MERCH-00205,PM-01,DEV-02,2024-01-12 20:11:12,30.2,0.0,0.0,3,Success,Purchase,Myitkyina,MMK,False
TXN-20240112-0000166,WALL-0073363,MERCH-00020,PM-01,DEV-02,2024-01-12 05:32:51,34.76,0.0,0.6952,3,Success,Purchase,Jaipur,INR,False
TXN-20240112-0000167,WALL-0044946,MERCH-00032,PM-01,DEV-02,2024-01-12 17:41:56,11.43,0.0,0.2285,1,Success,Purchase,Bandung,IDR,False
TXN-20240112-0000168,WALL-0098545,MERCH-00035,PM-01,DEV-01,2024-01-12 18:15:50,6.29,0.0,0.1257,0,Success,Purchase,Phnom Penh,KHR,False
TXN-20240112-0000169,WALL-0028897,MERCH-00368,PM-02,DEV-01,2024-01-12 17:15:50,22.19,0.0444,0.0,2,Success,Bill Payment,Mawlamyine,MMK,False
TXN-20240112-0000170,WALL-0049332,MERCH-00331,PM-03,DEV-02,2024-01-12 06:19:18,86.72,0.6938,0.0,8,Success,Bill Payment,Chiang Mai,THB,False
TXN-20240112-0000171,WALL-0109713,MERCH-00427,PM-02,DEV-01,2024-01-12 16:08:22,255.96,0.5119,0.0,25,Success,Payment,Pattaya,THB,False
TXN-20240112-0000172,WALL-0105112,MERCH-00116,PM-01,DEV-01,2024-01-12 20:14:34,115.8,0.0,0.0,11,Success,Purchase,Penang,VND,False
TXN-20240112-0000173,WALL-0105558,MERCH-00490,PM-02,DEV-02,2024-01-12 05:01:58,370.55,0.7411,0.0,37,Success,Payment,Johor Bahru,MYR,False
TXN-20240112-0000174,WALL-0036371,MERCH-00200,PM-03,DEV-03,2024-01-12 14:57:28,6.02,0.0482,0.0,0,Success,Purchase,Mawlamyine,MMK,False
TXN-20240112-0000175,WALL-0094664,MERCH-00078,PM-03,DEV-01,2024-01-12 16:43:19,10.07,0.0806,0.2014,1,Success,Purchase,Mawlamyine,MMK,False
TXN-20240112-0000176,WALL-0058443,MERCH-00404,PM-01,DEV-02,2024-01-12 12:51:19,274.01,0.0,0.0,27,Success,Payment,Bago,PHP,False
TXN-20240112-0000177,WALL-0095892,MERCH-00088,PM-02,DEV-01,2024-01-12 21:36:04,82.54,0.1651,0.0,8,Success,Purchase,Hyderabad,INR,False
TXN-20240112-0000178,WALL-0026491,MERCH-00371,PM-02,DEV-01,2024-01-12 03:40:05,81.01,0.162,0.0,8,Success,Purchase,Colombo,LKR,False
TXN-20240112-0000179,WALL-0015124,MERCH-00091,PM-03,DEV-04,2024-01-12 20:15:10,79.38,0.635,0.0,0,Failed,Purchase,Naypyidaw,MMK,False
TXN-20240112-0000180,WALL-0045603,MERCH-00134,PM-04,DEV-01,2024-01-12 19:27:56,237.27,4.7454,11.8636,23,Success,Purchase,Mawlamyine,MMK,False
TXN-20240112-0000181,WALL-0076001,MERCH-00269,PM-02,DEV-01,2024-01-12 20:14:33,33.17,0.0663,0.0,3,Success,Subscription,Bago,MMK,False
TXN-20240112-0000182,WALL-0120033,MERCH-00213,PM-01,DEV-02,2024-01-12 20:20:58,17.61,0.0,0.0,1,Success,Purchase,Bangalore,INR,False
TXN-20240112-0000183,WALL-0145779,MERCH-00035,PM-02,DEV-01,2024-01-12 00:12:29,46.55,0.0931,0.9309,4,Success,Purchase,Myitkyina,MMK,False
TXN-20240112-0000184,WALL-0044184,MERCH-00197,PM-01,DEV-03,2024-01-12 23:46:24,18.53,0.0,0.0,1,Success,Purchase,Pathein,MMK,False
TXN-20240112-0000185,WALL-0079799,MERCH-00111,PM-01,DEV-01,2024-01-12 06:58:48,47.32,0.0,0.0,4,Success,Purchase,Yangon,MMK,False
TXN-20240112-0000186,WALL-0147915,MERCH-00190,PM-05,DEV-01,2024-01-12 18:12:13,268.67,0.0,13.4335,26,Success,Purchase,Da Nang,VND,False
TXN-20240112-0000187,WALL-0115711,MERCH-00370,PM-02,DEV-02,2024-01-12 16:04:18,28.53,0.0571,0.0,2,Success,Bill Payment,Bangkok,THB,False
TXN-20240112-0000188,WALL-0139038,MERCH-00199,PM-01,DEV-01,2024-01-12 20:19:18,9.3,0.0,0.0,0,Success,Purchase,Phnom Penh,KHR,False
TXN-20240112-0000189,WALL-0060834,MERCH-00073,PM-04,DEV-04,2024-01-12 18:51:12,34.01,0.6801,0.6801,3,Success,Purchase,Da Nang,VND,False
TXN-20240112-0000190,WALL-0124886,MERCH-00299,PM-02,DEV-01,2024-01-12 15:09:04,668.96,1.3379,53.5164,133,Success,Purchase,Ho Chi Minh City,VND,False
TXN-20240112-0000191,WALL-0125159,MERCH-00012,PM-01,DEV-01,2024-01-12 14:46:41,44.08,0.0,0.8816,4,Success,Purchase,Kathmandu,NPR,False
TXN-20240112-0000192,WALL-0082485,MERCH-00393,PM-03,DEV-01,2024-01-12 15:23:03,43.54,0.3483,0.0,4,Success,Purchase,Myitkyina,MMK,False
TXN-20240112-0000193,WALL-0087718,MERCH-00188,PM-01,DEV-01,2024-01-12 10:22:52,117.34,0.0,5.8669,11,Success,Purchase,Ahmedabad,MMK,False
TXN-20240112-0000194,WALL-0016565,MERCH-00052,PM-04,DEV-01,2024-01-12 13:26:30,46.69,0.9338,0.9338,4,Success,Purchase,Myitkyina,MMK,False
TXN-20240112-0000195,WALL-0059671,MERCH-00041,PM-04,DEV-01,2024-01-12 15:09:09,22.92,0.4584,0.4584,2,Success,Purchase,Pattaya,THB,False
TXN-20240112-0000196,WALL-0019153,MERCH-00250,PM-01,DEV-05,2024-01-12 06:53:16,6.09,0.0,0.0,0,Success,Subscription,Delhi,MMK,False
TXN-20240112-0000197,WALL-0094496,MERCH-00053,PM-01,DEV-01,2024-01-12 18:49:43,10.74,0.0,0.2147,1,Success,Purchase,Hyderabad,MMK,False
TXN-20240112-0000198,WALL-0077716,MERCH-00143,PM-04,DEV-01,2024-01-12 07:01:30,539.55,10.7911,26.9777,53,Success,Purchase,Singapore,SGD,False
TXN-20240112-0000199,WALL-0078465,MERCH-00234,PM-01,DEV-02,2024-01-12 16:57:50,19.03,0.0,0.0,1,Success,Subscription,Hanoi,INR,False
TXN-20240112-0000200,WALL-0081146,MERCH-00086,PM-01,DEV-01,2024-01-12 07:51:19,40.71,0.0,0.0,4,Success,Purchase,Phnom Penh,MMK,False
TXN-20240112-0000201,WALL-0138049,MERCH-00229,PM-02,DEV-01,2024-01-12 18:19:39,9.88,0.0198,0.0,0,Success,Purchase,Hanoi,VND,False
TXN-20240112-0000202,WALL-0013908,MERCH-00163,PM-04,DEV-01,2024-01-12 17:42:52,124.4,2.4881,6.2202,12,Success,Purchase,Islamabad,PKR,False
TXN-20240112-0000203,WALL-0023100,MERCH-00201,PM-01,DEV-01,2024-01-12 18:41:03,14.63,0.0,0.0,1,Success,Purchase,Ahmedabad,INR,False
TXN-20240112-0000204,WALL-0030477,MERCH-00323,PM-02,DEV-02,2024-01-12 09:37:34,167.22,0.3344,0.0,16,Success,Bill Payment,Pokhara,PKR,False
TXN-20240112-0000205,WALL-0109847,MERCH-00025,PM-02,DEV-02,2024-01-12 06:03:06,19.42,0.0388,0.3883,1,Success,Purchase,Siem Reap,KHR,False
TXN-20240112-0000206,WALL-0148290,MERCH-00125,PM-01,DEV-01,2024-01-12 18:24:02,97.44,0.0,0.0,0,Pending,Purchase,Mawlamyine,MMK,False
TXN-20240112-0000207,WALL-0009437,MERCH-00048,PM-02,DEV-01,2024-01-12 18:13:51,17.26,0.0345,0.3452,1,Success,Purchase,Taunggyi,MMK,False
TXN-20240112-0000208,WALL-0019933,MERCH-00113,PM-02,DEV-02,2024-01-12 18:31:02,19.63,0.0393,0.0,1,Success,Purchase,Pathein,MMK,False
TXN-20240112-0000209,WALL-0101451,MERCH-00074,PM-02,DEV-02,2024-01-12 12:37:48,42.92,0.0858,0.8585,4,Success,Purchase,Siem Reap,KHR,False
TXN-20240112-0000210,WALL-0036097,MERCH-00372,PM-01,DEV-01,2024-01-12 10:54:38,34.96,0.0,0.0,3,Success,Purchase,Mandalay,MMK,False
TXN-20240112-0000211,WALL-0080562,MERCH-00393,PM-05,DEV-01,2024-01-12 20:13:05,61.22,0.0,0.0,6,Success,Purchase,Kuala Lumpur,MYR,False
TXN-20240112-0000212,WALL-0010436,MERCH-00334,PM-02,DEV-01,2024-01-12 15:54:09,122.6,0.2452,0.0,12,Success,Bill Payment,Mawlamyine,MMK,False
TXN-20240112-0000213,WALL-0032010,MERCH-00105,PM-01,DEV-01,2024-01-12 03:38:47,50.36,0.0,0.0,5,Success,Purchase,Myitkyina,MMK,False
TXN-20240112-0000214,WALL-0035260,MERCH-00187,PM-01,DEV-01,2024-01-12 12:01:30,25.14,0.0,1.2571,2,Success,Purchase,Mandalay,MMK,False
TXN-20240112-0000215,WALL-0089684,MERCH-00109,PM-01,DEV-01,2024-01-12 05:19:35,35.44,0.0,0.0,3,Success,Purchase,Manila,PHP,False
TXN-20240112-0000216,WALL-0124476,MERCH-00086,PM-01,DEV-03,2024-01-12 16:12:33,25.43,0.0,0.0,2,Success,Purchase,Davao,PHP,False
TXN-20240112-0000217,WALL-0078163,MERCH-00161,PM-02,DEV-01,2024-01-12 10:12:09,33.23,0.0665,1.6616,3,Success,Purchase,Yangon,MMK,False
TXN-20240112-0000218,WALL-0035996,MERCH-00380,PM-01,DEV-02,2024-01-12 19:00:55,34.42,0.0,0.0,3,Success,Purchase,Pathein,MMK,False
TXN-20240112-0000219,WALL-0028506,MERCH-00045,PM-01,DEV-01,2024-01-12 21:59:56,17.87,0.0,0.3573,1,Success,Purchase,Bali,NPR,False
TXN-20240112-0000220,WALL-0139920,MERCH-00107,PM-03,DEV-01,2024-01-12 12:53:46,14.38,0.115,0.0,1,Success,Purchase,Myitkyina,MMK,False
TXN-20240112-0000221,WALL-0082960,MERCH-00188,PM-02,DEV-01,2024-01-12 20:33:56,35.84,0.0717,1.7919,3,Success,Purchase,Phuket,THB,False
TXN-20240112-0000222,WALL-0102550,MERCH-00198,PM-02,DEV-02,2024-01-12 21:18:55,26.37,0.0527,0.0,2,Success,Purchase,Singapore,THB,False
TXN-20240112-0000223,WALL-0054315,MERCH-00038,PM-03,DEV-01,2024-01-12 17:20:56,10.37,0.083,0.2075,1,Success,Purchase,Kuala Lumpur,VND,False
TXN-20240112-0000224,WALL-0024605,MERCH-00324,PM-01,DEV-02,2024-01-12 08:04:32,133.13,0.0,0.0,13,Success,Bill Payment,Quezon City,PHP,False
TXN-20240112-0000225,WALL-0058704,MERCH-00019,PM-01,DEV-02,2024-01-12 14:15:57,15.09,0.0,0.3019,1,Success,Purchase,Hanoi,VND,False
TXN-20240112-0000226,WALL-0029805,MERCH-00115,PM-02,DEV-01,2024-01-12 07:26:15,25.16,0.0503,0.0,2,Success,Purchase,Myitkyina,MMK,False
TXN-20240112-0000227,WALL-0129060,MERCH-00026,PM-01,DEV-01,2024-01-12 18:55:37,5.33,0.0,0.1066,0,Success,Purchase,Medan,IDR,False
TXN-20240112-0000228,WALL-0001137,MERCH-00179,PM-04,DEV-04,2024-01-12 12:32:56,109.17,2.1834,5.4584,10,Success,Purchase,Siem Reap,KHR,False
TXN-20240112-0000229,WALL-0086417,MERCH-00076,PM-02,DEV-02,2024-01-12 16:12:44,29.44,0.0589,0.5888,2,Success,Purchase,Chittagong,INR,False
TXN-20240112-0000230,WALL-0149304,MERCH-00148,PM-01,DEV-01,2024-01-12 18:09:13,71.76,0.0,3.5879,7,Success,Purchase,Bago,MMK,False
TXN-20240112-0000231,WALL-0063651,MERCH-00384,PM-03,DEV-03,2024-01-12 16:23:00,25.38,0.203,0.0,2,Success,Purchase,Johor Bahru,MYR,False
TXN-20240112-0000232,WALL-0127921,MERCH-00001,PM-02,DEV-01,2024-01-12 19:41:27,9.31,0.0186,0.1862,0,Success,Purchase,Colombo,INR,False
TXN-20240112-0000233,WALL-0142790,MERCH-00155,PM-04,DEV-03,2024-01-12 12:39:09,32.45,0.649,1.6225,3,Success,Purchase,Naypyidaw,MMK,False
TXN-20240112-0000234,WALL-0004926,MERCH-00115,PM-04,DEV-04,2024-01-12 20:55:11,118.21,2.3643,0.0,11,Success,Purchase,Bandung,IDR,False
TXN-20240112-0000235,WALL-0119478,MERCH-00097,PM-01,DEV-01,2024-01-12 19:48:04,30.45,0.0,0.0,3,Success,Purchase,Mawlamyine,MMK,False
TXN-20240112-0000236,WALL-0031159,MERCH-00389,PM-03,DEV-03,2024-01-12 19:44:22,24.82,0.1985,0.0,2,Success,Purchase,Myitkyina,MMK,False
TXN-20240112-0000237,WALL-0005584,MERCH-00405,PM-04,DEV-01,2024-01-12 12:08:27,223.23,4.4645,0.0,22,Success,Payment,Kolkata,MMK,False
TXN-20240112-0000238,WALL-0020661,MERCH-00072,PM-03,DEV-01,2024-01-12 18:31:44,7.92,0.0634,0.1584,0,Success,Purchase,Kandy,LKR,False
TXN-20240112-0000239,WALL-0010661,MERCH-00392,PM-03,DEV-01,2024-01-12 15:14:28,20.0,0.16,0.0,2,Success,Purchase,Bago,MMK,False
TXN-20240112-0000240,WALL-0147508,MERCH-00052,PM-03,DEV-03,2024-01-12 06:28:30,13.77,0.1101,0.2753,1,Success,Purchase,Hanoi,VND,False
TXN-20240112-0000241,WALL-0074872,MERCH-00495,PM-02,DEV-02,2024-01-12 03:58:26,489.95,0.9799,0.0,48,Success,Payment,Mandalay,MMK,False
TXN-20240112-0000242,WALL-0138030,MERCH-00078,PM-04,DEV-01,2024-01-12 06:01:07,15.91,0.3182,0.3182,1,Success,Purchase,Naypyidaw,MMK,False
TXN-20240112-0000243,WALL-0008577,MERCH-00180,PM-03,DEV-02,2024-01-12 09:53:53,22.8,0.1824,1.1399,2,Success,Purchase,Bago,MMK,False
TXN-20240112-0000244,WALL-0113933,MERCH-00049,PM-01,DEV-05,2024-01-12 20:06:29,26.44,0.0,0.5288,2,Success,Purchase,Penang,MYR,False
TXN-20240112-0000245,WALL-0015101,MERCH-00023,PM-01,DEV-01,2024-01-12 18:03:53,53.56,0.0,1.0712,5,Success,Purchase,Quezon City,PHP,False
TXN-20240112-0000246,WALL-0101671,MERCH-00067,PM-01,DEV-02,2024-01-12 16:51:49,16.24,0.0,0.3248,1,Success,Purchase,Davao,MMK,False
TXN-20240112-0000247,WALL-0096638,MERCH-00011,PM-03,DEV-01,2024-01-12 13:10:16,82.08,0.6566,1.6415,8,Success,Purchase,Mandalay,MMK,False
TXN-20240112-0000248,WALL-0079232,MERCH-00273,PM-04,DEV-01,2024-01-12 16:56:17,904.57,18.0913,72.3654,180,Success,Purchase,Mandalay,MMK,False
TXN-20240112-0000249,WALL-0034193,MERCH-00330,PM-01,DEV-01,2024-01-12 16:19:58,113.18,0.0,0.0,11,Success,Bill Payment,Mandalay,MMK,False
TXN-20240112-0000250,WALL-0065034,MERCH-00188,PM-01,DEV-01,2024-01-12 16:37:44,57.53,0.0,2.8765,5,Success,Purchase,Yangon,BDT,False
TXN-20240112-0000251,WALL-0054582,MERCH-00093,PM-03,DEV-02,2024-01-12 21:48:14,74.5,0.596,0.0,7,Success,Purchase,Pattaya,THB,False
TXN-20240112-0000252,WALL-0029630,MERCH-00360,PM-01,DEV-02,2024-01-12 20:01:38,29.11,0.0,0.0,2,Success,Bill Payment,Mandalay,MMK,False
TXN-20240112-0000253,WALL-0024753,MERCH-00220,PM-02,DEV-03,2024-01-12 14:56:42,6.74,0.0135,0.0,0,Success,Purchase,Chiang Mai,THB,False
TXN-20240112-0000254,WALL-0079848,MERCH-00395,PM-01,DEV-01,2024-01-12 08:05:40,47.49,0.0,0.0,4,Success,Purchase,Taunggyi,MMK,False
TXN-20240112-0000255,WALL-0089697,MERCH-00114,PM-02,DEV-04,2024-01-12 19:13:35,51.43,0.1029,0.0,5,Success,Purchase,Kandy,LKR,False
TXN-20240112-0000256,WALL-0100950,MERCH-00102,PM-01,DEV-01,2024-01-12 09:51:34,17.67,0.0,0.0,1,Success,Purchase,Chittagong,PHP,False
TXN-20240112-0000257,WALL-0007811,MERCH-00015,PM-04,DEV-01,2024-01-12 01:26:09,50.37,1.0074,1.0074,5,Success,Purchase,Islamabad,VND,False
TXN-20240112-0000258,WALL-0013716,MERCH-00156,PM-02,DEV-03,2024-01-12 12:15:25,638.86,1.2777,31.9428,63,Success,Purchase,Johor Bahru,MYR,False
TXN-20240112-0000259,WALL-0032511,MERCH-00254,PM-04,DEV-02,2024-01-12 13:28:36,32.26,0.6453,0.0,3,Success,Subscription,Hyderabad,BDT,False
TXN-20240112-0000260,WALL-0093166,MERCH-00350,PM-03,DEV-01,2024-01-12 07:35:14,64.07,0.5125,0.0,6,Success,Bill Payment,Yangon,THB,False
TXN-20240112-0000261,WALL-0149057,MERCH-00125,PM-01,DEV-01,2024-01-12 10:22:22,82.19,0.0,0.0,8,Success,Purchase,Phnom Penh,KHR,False
TXN-20240112-0000262,WALL-0059161,MERCH-00186,PM-03,DEV-04,2024-01-12 19:25:00,169.56,1.3564,8.4778,16,Success,Purchase,Medan,IDR,False
TXN-20240112-0000263,WALL-0073253,MERCH-00199,PM-05,DEV-03,2024-01-12 16:14:22,12.36,0.0,0.0,0,Pending,Purchase,Colombo,LKR,False
TXN-20240112-0000264,WALL-0059256,MERCH-00368,PM-01,DEV-02,2024-01-12 16:51:53,84.01,0.0,0.0,8,Success,Bill Payment,Phnom Penh,KHR,False
TXN-20240112-0000265,WALL-0011987,MERCH-00083,PM-04,DEV-01,2024-01-12 13:35:01,59.27,1.1854,0.0,5,Success,Purchase,Mawlamyine,MMK,False
TXN-20240112-0000266,WALL-0025145,MERCH-00359,PM-01,DEV-05,2024-01-12 05:16:27,100.0,0.0,0.0,10,Success,Bill Payment,Chennai,INR,False
TXN-20240112-0000267,WALL-0016297,MERCH-00335,PM-01,DEV-01,2024-01-12 21:55:30,132.1,0.0,0.0,13,Success,Bill Payment,Phuket,THB,False
TXN-20240112-0000268,WALL-0100203,MERCH-00044,PM-01,DEV-05,2024-01-12 10:19:27,35.73,0.0,0.7146,3,Success,Purchase,Mawlamyine,MMK,False
TXN-20240112-0000269,WALL-0106953,MERCH-00115,PM-05,DEV-01,2024-01-12 22:19:17,75.5,0.0,0.0,7,Success,Purchase,Chennai,INR,False
TXN-20240112-0000270,WALL-0006124,MERCH-00093,PM-05,DEV-03,2024-01-12 08:37:09,35.95,0.0,0.0,3,Success,Purchase,Delhi,INR,False
TXN-20240112-0000271,WALL-0069278,MERCH-00260,PM-04,DEV-01,2024-01-12 18:36:26,19.95,0.399,0.0,1,Success,Subscription,Jaipur,INR,False
TXN-20240112-0000272,WALL-0064896,MERCH-00022,PM-01,DEV-02,2024-01-12 20:56:23,10.99,0.0,0.2198,1,Success,Purchase,Mawlamyine,MMK,False
TXN-20240112-0000273,WALL-0135800,MERCH-00395,PM-02,DEV-03,2024-01-12 10:54:01,38.78,0.0776,0.0,3,Success,Purchase,Naypyidaw,MMK,False
TXN-20240112-0000274,WALL-0127919,MERCH-00170,PM-01,DEV-02,2024-01-12 12:04:35,132.5,0.0,6.6249,13,Success,Purchase,Davao,NPR,False
TXN-20240112-0000275,WALL-0076046,MERCH-00026,PM-02,DEV-01,2024-01-12 08:01:49,6.34,0.0127,0.1268,0,Success,Purchase,Bago,MMK,False
TXN-20240112-0000276,WALL-0114714,MERCH-00337,PM-01,DEV-05,2024-01-12 10:06:29,230.52,0.0,0.0,23,Success,Bill Payment,Penang,MYR,False
TXN-20240112-0000277,WALL-0071439,MERCH-00009,PM-01,DEV-05,2024-01-12 20:52:07,8.0,0.0,0.16,0,Success,Purchase,Pathein,MMK,False
TXN-20240112-0000278,WALL-0146738,MERCH-00159,PM-02,DEV-03,2024-01-12 17:40:42,65.25,0.1305,3.2627,6,Success,Purchase,Mandalay,MMK,False
TXN-20240112-0000279,WALL-0117823,MERCH-00333,PM-01,DEV-01,2024-01-12 09:37:01,57.0,0.0,0.0,5,Success,Bill Payment,Bago,MMK,False
TXN-20240112-0000280,WALL-0049844,MERCH-00185,PM-02,DEV-01,2024-01-12 08:03:47,27.07,0.0541,1.3536,2,Success,Purchase,Delhi,INR,False
TXN-20240112-0000281,WALL-0078590,MERCH-00243,PM-02,DEV-01,2024-01-12 15:04:42,24.52,0.049,0.0,2,Success,Subscription,Surabaya,IDR,False
TXN-20240112-0000282,WALL-0007651,MERCH-00108,PM-03,DEV-01,2024-01-12 12:07:41,96.88,0.7751,0.0,9,Success,Purchase,Pattaya,MMK,False
TXN-20240112-0000283,WALL-0057504,MERCH-00048,PM-02,DEV-01,2024-01-12 17:45:44,32.23,0.0645,0.6445,3,Success,Purchase,Mawlamyine,MMK,False
TXN-20240112-0000284,WALL-0035001,MERCH-00110,PM-01,DEV-01,2024-01-12 14:04:12,50.6,0.0,0.0,5,Success,Purchase,Davao,PHP,False
TXN-20240112-0000285,WALL-0040342,MERCH-00265,PM-02,DEV-02,2024-01-12 14:20:49,39.82,0.0796,0.0,3,Success,Subscription,Mawlamyine,MMK,False
TXN-20240112-0000286,WALL-0137120,MERCH-00043,PM-02,DEV-01,2024-01-12 09:31:36,8.85,0.0177,0.1771,0,Success,Purchase,Bali,MMK,False
TXN-20240112-0000287,WALL-0048848,MERCH-00114,PM-02,DEV-01,2024-01-12 01:51:32,78.88,0.1578,0.0,7,Success,Purchase,Ahmedabad,INR,False
TXN-20240112-0000288,WALL-0123641,MERCH-00042,PM-01,DEV-01,2024-01-12 14:51:08,13.01,0.0,0.2601,1,Success,Purchase,Jakarta,IDR,False
TXN-20240112-0000289,WALL-0001160,MERCH-00130,PM-01,DEV-01,2024-01-12 14:52:49,52.54,0.0,0.0,5,Success,Purchase,Karachi,PKR,False
TXN-20240112-0000290,WALL-0099027,MERCH-00100,PM-03,DEV-02,2024-01-12 08:37:59,49.31,0.3945,0.0,4,Success,Purchase,Islamabad,PKR,False
TXN-20240112-0000291,WALL-0149114,MERCH-00176,PM-01,DEV-01,2024-01-12 07:23:56,52.81,0.0,2.6407,5,Success,Purchase,Myitkyina,MMK,False
TXN-20240112-0000292,WALL-0041674,MERCH-00433,PM-02,DEV-02,2024-01-12 13:12:32,153.76,0.3075,0.0,15,Success,Tax Payment,Mandalay,MMK,False
TXN-20240112-0000293,WALL-0044259,MERCH-00130,PM-03,DEV-01,2024-01-12 07:25:05,148.29,1.1863,0.0,14,Success,Purchase,Bandung,IDR,False
TXN-20240112-0000294,WALL-0088754,MERCH-00041,PM-02,DEV-01,2024-01-12 07:08:57,35.78,0.0716,0.7156,3,Success,Purchase,Pune,INR,False
TXN-20240112-0000295,WALL-0085988,MERCH-00070,PM-03,DEV-02,2024-01-12 14:43:17,9.33,0.0747,0.1866,0,Success,Purchase,Dhaka,BDT,False
TXN-20240112-0000296,WALL-0107785,MERCH-00023,PM-01,DEV-01,2024-01-12 19:18:45,8.41,0.0,0.1681,0,Success,Purchase,Naypyidaw,MMK,False
TXN-20240112-0000297,WALL-0062608,MERCH-00006,PM-04,DEV-01,2024-01-12 14:42:09,21.74,0.4348,0.4348,2,Success,Purchase,Mumbai,INR,False
TXN-20240112-0000298,WALL-0026676,MERCH-00103,PM-03,DEV-03,2024-01-12 09:00:29,34.72,0.2777,0.0,3,Success,Purchase,Ho Chi Minh City,INR,False
TXN-20240112-0000299,WALL-0108698,MERCH-00201,PM-04,DEV-01,2024-01-12 18:35:39,13.19,0.2638,0.0,1,Success,Purchase,Kolkata,INR,False
TXN-20240112-0000300,WALL-0120191,MERCH-00024,PM-03,DEV-05,2024-01-12 13:50:57,15.5,0.124,0.3099,1,Success,Purchase,Phnom Penh,KHR,False
TXN-20240112-0000301,WALL-0127123,MERCH-00209,PM-01,DEV-02,2024-01-12 00:07:52,8.43,0.0,0.0,0,Success,Purchase,Singapore,BDT,False
TXN-20240112-0000302,WALL-0112955,MERCH-00115,PM-03,DEV-01,2024-01-12 17:56:00,10.0,0.08,0.0,1,Success,Purchase,Ahmedabad,INR,False
TXN-20240112-0000303,WALL-0018534,MERCH-00254,PM-02,DEV-01,2024-01-12 05:06:45,17.96,0.0359,0.0,1,Success,Subscription,Myitkyina,MMK,False
TXN-20240112-0000304,WALL-0004663,MERCH-00372,PM-05,DEV-01,2024-01-12 19:22:27,42.01,0.0,0.0,4,Success,Purchase,Hyderabad,INR,False
TXN-20240112-0000305,WALL-0052374,MERCH-00130,PM-01,DEV-05,2024-01-12 07:31:51,27.9,0.0,0.0,2,Success,Purchase,Chiang Mai,THB,False
TXN-20240112-0000306,WALL-0119552,MERCH-00080,PM-01,DEV-01,2024-01-12 21:58:33,5.36,0.0,0.1073,0,Success,Purchase,Mawlamyine,MMK,False
TXN-20240112-0000307,WALL-0087454,MERCH-00012,PM-03,DEV-01,2024-01-12 05:16:39,13.66,0.1093,0.2732,1,Success,Purchase,Penang,MMK,False
TXN-20240112-0000308,WALL-0017692,MERCH-00333,PM-01,DEV-02,2024-01-12 21:05:43,156.52,0.0,0.0,15,Success,Bill Payment,Mandalay,MMK,False
TXN-20240112-0000309,WALL-0074943,MERCH-00269,PM-01,DEV-01,2024-01-12 06:08:57,21.07,0.0,0.0,2,Success,Subscription,Cebu City,IDR,False
TXN-20240112-0000310,WALL-0148595,MERCH-00083,PM-02,DEV-02,2024-01-12 06:27:42,199.44,0.3989,0.0,19,Success,Purchase,Taunggyi,MMK,False
TXN-20240112-0000311,WALL-0103877,MERCH-00376,PM-02,DEV-01,2024-01-12 19:37:19,33.75,0.0675,0.0,3,Success,Purchase,Chittagong,BDT,False
TXN-20240112-0000312,WALL-0136863,MERCH-00051,PM-02,DEV-01,2024-01-12 20:59:16,26.71,0.0534,0.5343,2,Success,Purchase,Bago,MMK,False
TXN-20240112-0000313,WALL-0134136,MERCH-00364,PM-04,DEV-04,2024-01-12 10:32:43,29.21,0.5843,0.0,0,Pending,Bill Payment,Naypyidaw,MMK,False
TXN-20240112-0000314,WALL-0056172,MERCH-00379,PM-01,DEV-03,2024-01-12 04:35:43,20.0,0.0,0.0,2,Success,Purchase,Naypyidaw,MMK,False
TXN-20240112-0000315,WALL-0016369,MERCH-00179,PM-01,DEV-01,2024-01-12 21:13:52,170.21,0.0,8.5104,17,Success,Purchase,Penang,MYR,False
TXN-20240112-0000316,WALL-0017059,MERCH-00255,PM-02,DEV-01,2024-01-12 10:10:25,6.87,0.0137,0.0,0,Success,Subscription,Quezon City,MMK,False
TXN-20240112-0000317,WALL-0109886,MERCH-00290,PM-03,DEV-02,2024-01-12 18:02:46,1551.97,12.4158,124.1579,310,Success,Purchase,Yangon,MMK,False
TXN-20240112-0000318,WALL-0023607,MERCH-00287,PM-02,DEV-01,2024-01-12 09:28:33,923.51,1.847,73.8807,184,Success,Purchase,Bago,MMK,False
TXN-20240112-0000319,WALL-0136244,MERCH-00137,PM-04,DEV-02,2024-01-12 07:58:56,135.38,2.7077,6.7691,13,Success,Purchase,Mawlamyine,MMK,False
TXN-20240112-0000320,WALL-0070862,MERCH-00065,PM-01,DEV-02,2024-01-12 18:40:50,23.55,0.0,0.4711,2,Success,Purchase,Penang,MYR,False
TXN-20240112-0000321,WALL-0048272,MERCH-00357,PM-01,DEV-02,2024-01-12 18:46:37,105.63,0.0,0.0,10,Success,Bill Payment,Dhaka,BDT,False
TXN-20240112-0000322,WALL-0123203,MERCH-00228,PM-01,DEV-01,2024-01-12 16:18:33,35.99,0.0,0.0,3,Success,Purchase,Medan,IDR,False
TXN-20240112-0000323,WALL-0030895,MERCH-00199,PM-04,DEV-02,2024-01-12 16:36:10,12.31,0.2462,0.0,0,Pending,Purchase,Kathmandu,NPR,False
TXN-20240112-0000324,WALL-0118053,MERCH-00231,PM-03,DEV-01,2024-01-12 23:34:48,7.94,0.0635,0.0,0,Success,Subscription,Surabaya,IDR,False
TXN-20240112-0000325,WALL-0080826,MERCH-00174,PM-01,DEV-01,2024-01-12 13:11:07,187.41,0.0,9.3703,18,Success,Purchase,Pattaya,THB,False
TXN-20240112-0000326,WALL-0135746,MERCH-00235,PM-01,DEV-01,2024-01-12 09:27:35,40.0,0.0,0.0,4,Success,Subscription,Surabaya,IDR,False
TXN-20240112-0000327,WALL-0030041,MERCH-00298,PM-01,DEV-01,2024-01-12 21:34:24,277.83,0.0,22.226,55,Success,Purchase,Davao,PHP,False
TXN-20240112-0000328,WALL-0067985,MERCH-00067,PM-03,DEV-01,2024-01-12 08:12:19,14.15,0.1132,0.2829,1,Success,Purchase,Karachi,PKR,False
TXN-20240112-0000329,WALL-0067425,MERCH-00188,PM-02,DEV-03,2024-01-12 16:58:27,20.0,0.04,1.0,2,Success,Purchase,Kolkata,KHR,False
TXN-20240112-0000330,WALL-0078910,MERCH-00119,PM-04,DEV-01,2024-01-12 17:40:05,61.57,1.2313,0.0,6,Success,Purchase,Quezon City,PHP,False
TXN-20240112-0000331,WALL-0111149,MERCH-00163,PM-04,DEV-03,2024-01-12 16:20:12,525.21,10.5042,0.0,0,Pending,Purchase,Surabaya,IDR,False
TXN-20240112-0000332,WALL-0091862,MERCH-00395,PM-01,DEV-02,2024-01-12 12:48:33,20.56,0.0,0.0,2,Success,Purchase,Bangkok,THB,False
TXN-20240112-0000333,WALL-0130627,MERCH-00013,PM-04,DEV-04,2024-01-12 07:41:57,19.42,0.3885,0.3885,1,Success,Purchase,Johor Bahru,INR,False
TXN-20240112-0000334,WALL-0094408,MERCH-00066,PM-01,DEV-02,2024-01-12 18:43:29,18.42,0.0,0.3684,1,Success,Purchase,Chennai,INR,False
TXN-20240112-0000335,WALL-0084983,MERCH-00085,PM-01,DEV-01,2024-01-12 13:46:34,25.31,0.0,0.0,2,Success,Purchase,Mandalay,MMK,False
TXN-20240112-0000336,WALL-0126298,MERCH-00238,PM-02,DEV-01,2024-01-12 13:28:15,14.45,0.0289,0.0,1,Success,Subscription,Da Nang,VND,False
TXN-20240112-0000337,WALL-0089658,MERCH-00222,PM-04,DEV-01,2024-01-12 19:53:42,7.44,0.1488,0.0,0,Failed,Purchase,Medan,IDR,False
TXN-20240112-0000338,WALL-0147193,MERCH-00047,PM-01,DEV-01,2024-01-12 19:40:54,10.96,0.0,0.2191,1,Success,Purchase,Yangon,MMK,False
TXN-20240112-0000339,WALL-0015746,MERCH-00408,PM-04,DEV-01,2024-01-12 21:00:44,30.15,0.6031,0.0,3,Success,Payment,Mandalay,MMK,False
TXN-20240112-0000340,WALL-0114378,MERCH-00338,PM-01,DEV-01,2024-01-12 23:29:09,66.28,0.0,0.0,6,Success,Bill Payment,Da Nang,VND,False
TXN-20240112-0000341,WALL-0061754,MERCH-00116,PM-01,DEV-02,2024-01-12 13:45:13,98.36,0.0,0.0,9,Success,Purchase,Chiang Mai,THB,False
TXN-20240112-0000342,WALL-0085059,MERCH-00034,PM-01,DEV-01,2024-01-12 19:04:22,13.63,0.0,0.2727,1,Success,Purchase,Pune,INR,False
TXN-20240112-0000343,WALL-0068126,MERCH-00010,PM-01,DEV-03,2024-01-12 17:51:59,44.31,0.0,0.8862,4,Success,Purchase,Bago,MMK,False
TXN-20240112-0000344,WALL-0031813,MERCH-00126,PM-02,DEV-01,2024-01-12 06:10:29,42.7,0.0854,0.0,4,Success,Purchase,Yangon,MMK,False
TXN-20240112-0000345,WALL-0061927,MERCH-00055,PM-01,DEV-04,2024-01-12 13:21:19,25.11,0.0,0.5022,2,Success,Purchase,Pokhara,NPR,False
TXN-20240112-0000346,WALL-0100336,MERCH-00247,PM-03,DEV-03,2024-01-12 08:37:53,19.47,0.1557,0.0,1,Success,Subscription,Pathein,MMK,False
TXN-20240112-0000347,WALL-0132169,MERCH-00268,PM-04,DEV-02,2024-01-12 17:27:10,12.76,0.2552,0.0,1,Success,Subscription,Mandalay,MMK,False
TXN-20240112-0000348,WALL-0013003,MERCH-00234,PM-02,DEV-02,2024-01-12 13:14:30,10.53,0.0211,0.0,1,Success,Subscription,Kathmandu,NPR,False
TXN-20240112-0000349,WALL-0053480,MERCH-00298,PM-01,DEV-03,2024-01-12 19:42:09,1806.52,0.0,144.5212,361,Success,Purchase,Pune,INR,False
TXN-20240112-0000350,WALL-0144673,MERCH-00010,PM-02,DEV-01,2024-01-12 12:44:07,14.32,0.0286,0.2864,1,Success,Purchase,Islamabad,PKR,False
TXN-20240112-0000351,WALL-0144173,MERCH-00375,PM-02,DEV-01,2024-01-12 13:02:50,50.22,0.1004,0.0,5,Success,Purchase,Mawlamyine,MMK,False
TXN-20240112-0000352,WALL-0140447,MERCH-00444,PM-02,DEV-01,2024-01-12 00:00:54,403.05,0.8061,0.0,40,Success,Tax Payment,Surabaya,LKR,False
TXN-20240112-0000353,WALL-0106773,MERCH-00055,PM-02,DEV-03,2024-01-12 18:09:45,17.11,0.0342,0.3423,1,Success,Purchase,Mandalay,MMK,False
TXN-20240112-0000354,WALL-0020899,MERCH-00031,PM-01,DEV-03,2024-01-12 22:57:49,14.98,0.0,0.2997,1,Success,Purchase,Pathein,MMK,False
TXN-20240112-0000355,WALL-0060391,MERCH-00482,PM-01,DEV-01,2024-01-12 12:42:54,610.08,0.0,0.0,61,Success,Payment,Bago,MMK,False
TXN-20240112-0000356,WALL-0059359,MERCH-00375,PM-01,DEV-01,2024-01-12 17:04:13,166.1,0.0,0.0,16,Success,Purchase,Quezon City,MYR,False
TXN-20240112-0000357,WALL-0017326,MERCH-00384,PM-03,DEV-01,2024-01-12 12:56:02,72.55,0.5804,0.0,7,Success,Purchase,Colombo,LKR,False
TXN-20240112-0000358,WALL-0046053,MERCH-00250,PM-01,DEV-01,2024-01-12 19:21:46,7.44,0.0,0.0,0,Success,Subscription,Yangon,MMK,False
TXN-20240112-0000359,WALL-0111578,MERCH-00230,PM-03,DEV-03,2024-01-12 15:58:48,7.06,0.0565,0.0,0,Success,Purchase,Naypyidaw,MMK,False
TXN-20240112-0000360,WALL-0080387,MERCH-00031,PM-02,DEV-01,2024-01-12 19:46:47,8.7,0.0174,0.1739,0,Success,Purchase,Karachi,PKR,False
TXN-20240112-0000361,WALL-0113893,MERCH-00034,PM-02,DEV-02,2024-01-12 09:30:52,13.83,0.0277,0.2767,1,Success,Purchase,Chennai,INR,False
TXN-20240112-0000362,WALL-0058383,MERCH-00023,PM-04,DEV-01,2024-01-12 19:55:40,17.32,0.3464,0.3464,1,Success,Purchase,Yangon,MMK,False
TXN-20240112-0000363,WALL-0008392,MERCH-00042,PM-04,DEV-01,2024-01-12 13:22:38,19.35,0.387,0.387,1,Success,Purchase,Ho Chi Minh City,VND,False
TXN-20240112-0000364,WALL-0083693,MERCH-00064,PM-01,DEV-01,2024-01-12 14:57:17,19.49,0.0,0.3897,1,Success,Purchase,Pathein,MMK,False
TXN-20240112-0000365,WALL-0148974,MERCH-00023,PM-02,DEV-03,2024-01-12 14:24:02,31.91,0.0638,0.6381,3,Success,Purchase,Taunggyi,MMK,False
TXN-20240112-0000366,WALL-0008645,MERCH-00243,PM-02,DEV-02,2024-01-12 19:59:05,5.0,0.01,0.0,0,Success,Subscription,Penang,MYR,False
TXN-20240112-0000367,WALL-0030023,MERCH-00449,PM-03,DEV-01,2024-01-12 14:40:23,103.2,0.8256,0.0,10,Success,Tax Payment,Chittagong,BDT,False
TXN-20240112-0000368,WALL-0039975,MERCH-00060,PM-04,DEV-04,2024-01-12 14:27:31,11.0,0.2201,0.2201,1,Success,Purchase,Siem Reap,KHR,False
TXN-20240112-0000369,WALL-0085146,MERCH-00019,PM-03,DEV-02,2024-01-12 01:25:27,17.07,0.1365,0.3414,1,Success,Purchase,Bago,MMK,False
TXN-20240112-0000370,WALL-0126778,MERCH-00189,PM-02,DEV-01,2024-01-12 20:39:56,100.18,0.2004,5.0088,10,Success,Purchase,Taunggyi,MMK,False
TXN-20240112-0000371,WALL-0111093,MERCH-00328,PM-01,DEV-02,2024-01-12 20:25:29,28.88,0.0,0.0,2,Success,Bill Payment,Chittagong,BDT,False
TXN-20240112-0000372,WALL-0059750,MERCH-00351,PM-02,DEV-01,2024-01-12 09:26:49,49.73,0.0995,0.0,0,Failed,Bill Payment,Karachi,PKR,False
TXN-20240112-0000373,WALL-0001678,MERCH-00163,PM-01,DEV-01,2024-01-12 12:50:41,221.81,0.0,11.0906,22,Success,Purchase,Kathmandu,NPR,False
TXN-20240112-0000374,WALL-0030571,MERCH-00376,PM-05,DEV-01,2024-01-12 18:48:20,156.66,0.0,0.0,15,Success,Purchase,Myitkyina,MMK,False
TXN-20240112-0000375,WALL-0140814,MERCH-00009,PM-03,DEV-03,2024-01-12 20:31:09,8.98,0.0719,0.1797,0,Success,Purchase,Pune,INR,False
TXN-20240112-0000376,WALL-0001765,MERCH-00403,PM-02,DEV-01,2024-01-12 17:33:57,108.35,0.2167,0.0,10,Success,Payment,Medan,IDR,False
TXN-20240112-0000377,WALL-0135244,MERCH-00234,PM-01,DEV-01,2024-01-12 12:31:59,12.45,0.0,0.0,1,Success,Subscription,Taunggyi,MMK,False
TXN-20240112-0000378,WALL-0049423,MERCH-00153,PM-01,DEV-03,2024-01-12 19:10:39,46.44,0.0,2.3219,4,Success,Purchase,Jakarta,IDR,False
TXN-20240112-0000379,WALL-0118294,MERCH-00211,PM-01,DEV-01,2024-01-12 16:34:10,36.99,0.0,0.0,3,Success,Purchase,Pathein,MMK,False
TXN-20240112-0000380,WALL-0061540,MERCH-00077,PM-01,DEV-04,2024-01-12 11:29:40,36.01,0.0,0.7202,3,Success,Purchase,Medan,IDR,False
TXN-20240112-0000381,WALL-0052423,MERCH-00050,PM-01,DEV-01,2024-01-12 18:40:23,35.79,0.0,0.7159,3,Success,Purchase,Bago,MMK,False
TXN-20240112-0000382,WALL-0120184,MERCH-00171,PM-04,DEV-01,2024-01-12 15:32:11,195.46,3.9092,9.773,19,Success,Purchase,Pattaya,THB,False
TXN-20240112-0000383,WALL-0119397,MERCH-00273,PM-03,DEV-01,2024-01-12 21:55:34,2000.57,16.0045,160.0453,400,Success,Purchase,Taunggyi,MMK,False
TXN-20240112-0000384,WALL-0044086,MERCH-00221,PM-01,DEV-01,2024-01-12 21:14:57,15.07,0.0,0.0,1,Success,Purchase,Mandalay,MMK,False
TXN-20240112-0000385,WALL-0124645,MERCH-00473,PM-03,DEV-01,2024-01-12 15:56:58,196.18,1.5694,0.0,19,Success,Payment,Bangalore,MMK,False
TXN-20240112-0000386,WALL-0063324,MERCH-00074,PM-04,DEV-02,2024-01-12 09:04:07,11.08,0.2217,0.2217,1,Success,Purchase,Jaipur,INR,False
TXN-20240112-0000387,WALL-0109408,MERCH-00014,PM-02,DEV-01,2024-01-12 11:28:49,5.0,0.01,0.1,0,Success,Purchase,Mandalay,MMK,False
TXN-20240112-0000388,WALL-0115294,MERCH-00334,PM-02,DEV-03,2024-01-12 04:17:02,87.66,0.1753,0.0,8,Success,Bill Payment,Mawlamyine,MMK,False
TXN-20240112-0000389,WALL-0114104,MERCH-00184,PM-01,DEV-02,2024-01-12 21:36:41,355.95,0.0,17.7974,35,Success,Purchase,Mawlamyine,MMK,False
TXN-20240112-0000390,WALL-0039276,MERCH-00369,PM-01,DEV-03,2024-01-12 15:10:41,58.39,0.0,0.0,5,Success,Bill Payment,Davao,PHP,False
TXN-20240112-0000391,WALL-0090460,MERCH-00465,PM-04,DEV-02,2024-01-12 15:19:19,309.16,6.1832,0.0,0,Pending,Payment,Colombo,LKR,False
TXN-20240112-0000392,WALL-0010052,MERCH-00324,PM-01,DEV-01,2024-01-12 12:03:29,120.02,0.0,0.0,12,Success,Bill Payment,Taunggyi,MMK,False
TXN-20240112-0000393,WALL-0051757,MERCH-00191,PM-01,DEV-02,2024-01-12 18:48:34,27.96,0.0,0.0,2,Success,Purchase,Medan,PHP,False
TXN-20240112-0000394,WALL-0009450,MERCH-00212,PM-04,DEV-01,2024-01-12 16:14:33,6.67,0.1334,0.0,0,Success,Purchase,Karachi,PKR,False
TXN-20240112-0000395,WALL-0068388,MERCH-00197,PM-01,DEV-02,2024-01-12 10:52:26,13.21,0.0,0.0,0,Failed,Purchase,Bago,MMK,False
TXN-20240112-0000396,WALL-0029851,MERCH-00478,PM-01,DEV-03,2024-01-12 06:20:28,699.51,0.0,0.0,69,Success,Payment,Chennai,MMK,False
TXN-20240112-0000397,WALL-0079018,MERCH-00273,PM-02,DEV-01,2024-01-12 21:25:38,160.89,0.3218,12.871,32,Success,Purchase,Mandalay,MMK,False
TXN-20240112-0000398,WALL-0071244,MERCH-00130,PM-01,DEV-01,2024-01-12 21:12:44,140.0,0.0,0.0,14,Success,Purchase,Taunggyi,MMK,False
TXN-20240112-0000399,WALL-0118959,MERCH-00353,PM-05,DEV-01,2024-01-12 17:52:28,58.62,0.0,0.0,5,Success,Bill Payment,Colombo,LKR,False
TXN-20240112-0000400,WALL-0126299,MERCH-00111,PM-01,DEV-03,2024-01-12 18:39:42,85.03,0.0,0.0,8,Success,Purchase,Delhi,INR,False
TXN-20240112-0000401,WALL-0003954,MERCH-00172,PM-01,DEV-04,2024-01-12 02:12:27,76.65,0.0,3.8325,7,Success,Purchase,Kolkata,INR,False
TXN-20240112-0000402,WALL-0091368,MERCH-00093,PM-03,DEV-05,2024-01-12 21:08:08,59.83,0.4786,0.0,5,Success,Purchase,Kathmandu,MMK,False
TXN-20240112-0000403,WALL-0132078,MERCH-00432,PM-01,DEV-01,2024-01-12 17:51:47,336.14,0.0,0.0,33,Success,Tax Payment,Jaipur,IDR,False
TXN-20240112-0000404,WALL-0012778,MERCH-00259,PM-02,DEV-03,2024-01-12 13:38:14,42.09,0.0842,0.0,4,Success,Subscription,Mandalay,MMK,False
TXN-20240112-0000405,WALL-0062357,MERCH-00424,PM-03,DEV-01,2024-01-12 17:04:14,20.0,0.16,0.0,2,Success,Payment,Ahmedabad,INR,False
TXN-20240112-0000406,WALL-0088948,MERCH-00293,PM-03,DEV-05,2024-01-12 21:50:19,1134.01,9.0721,90.7209,226,Success,Purchase,Colombo,LKR,False
TXN-20240112-0000407,WALL-0073957,MERCH-00173,PM-03,DEV-04,2024-01-12 12:31:52,117.31,0.9385,5.8653,11,Success,Purchase,Khon Kaen,THB,False
TXN-20240112-0000408,WALL-0132932,MERCH-00368,PM-05,DEV-01,2024-01-12 17:22:44,29.25,0.0,0.0,2,Success,Bill Payment,Bago,MMK,False
TXN-20240112-0000409,WALL-0101685,MERCH-00154,PM-04,DEV-03,2024-01-12 13:59:12,28.18,0.5636,1.4091,2,Success,Purchase,Mawlamyine,MMK,False
TXN-20240112-0000410,WALL-0092387,MERCH-00045,PM-01,DEV-04,2024-01-12 14:41:08,19.49,0.0,0.3898,1,Success,Purchase,Hyderabad,INR,False
TXN-20240112-0000411,WALL-0141858,MERCH-00019,PM-03,DEV-05,2024-01-12 18:46:20,12.93,0.1034,0.2585,1,Success,Purchase,Kuala Lumpur,MYR,False
TXN-20240112-0000412,WALL-0071984,MERCH-00130,PM-02,DEV-01,2024-01-12 20:24:20,52.99,0.106,0.0,5,Success,Purchase,Yangon,MMK,False
TXN-20240112-0000413,WALL-0044442,MERCH-00133,PM-03,DEV-02,2024-01-12 19:25:19,44.39,0.3551,2.2197,4,Success,Purchase,Bago,MMK,False
TXN-20240112-0000414,WALL-0089347,MERCH-00212,PM-04,DEV-02,2024-01-12 05:51:27,20.27,0.4054,0.0,2,Success,Purchase,Khon Kaen,THB,False
TXN-20240112-0000415,WALL-0091507,MERCH-00440,PM-02,DEV-01,2024-01-12 07:53:28,181.56,0.3631,0.0,18,Success,Tax Payment,Chittagong,BDT,False
TXN-20240112-0000416,WALL-0145231,MERCH-00083,PM-01,DEV-01,2024-01-12 16:54:57,141.06,0.0,0.0,14,Success,Purchase,Singapore,SGD,False
TXN-20240112-0000417,WALL-0126134,MERCH-00381,PM-03,DEV-03,2024-01-12 22:03:21,52.74,0.4219,0.0,5,Success,Purchase,Taunggyi,MMK,False
TXN-20240112-0000418,WALL-0049958,MERCH-00207,PM-01,DEV-02,2024-01-12 12:53:43,15.87,0.0,0.0,1,Success,Purchase,Mandalay,MMK,False
TXN-20240112-0000419,WALL-0016266,MERCH-00376,PM-01,DEV-01,2024-01-12 17:12:09,95.06,0.0,0.0,9,Success,Purchase,Kandy,LKR,False
TXN-20240112-0000420,WALL-0086396,MERCH-00427,PM-04,DEV-01,2024-01-12 09:55:02,274.91,5.4983,0.0,27,Success,Payment,Delhi,INR,False
TXN-20240112-0000421,WALL-0042652,MERCH-00305,PM-04,DEV-02,2024-01-12 13:22:27,256.75,5.135,20.54,51,Success,Purchase,Kolkata,INR,False
TXN-20240112-0000422,WALL-0066136,MERCH-00179,PM-01,DEV-03,2024-01-12 12:47:18,28.28,0.0,1.4142,2,Success,Purchase,Islamabad,PKR,False
TXN-20240112-0000423,WALL-0145991,MERCH-00058,PM-01,DEV-01,2024-01-12 23:10:30,19.39,0.0,0.3878,1,Success,Purchase,Kolkata,THB,True
TXN-20240112-0000424,WALL-0105211,MERCH-00316,PM-01,DEV-02,2024-01-12 16:34:54,50.87,0.0,0.0,5,Success,Bill Payment,Yangon,MMK,False
TXN-20240112-0000425,WALL-0139806,MERCH-00007,PM-01,DEV-01,2024-01-12 21:34:17,8.46,0.0,0.1693,0,Success,Purchase,Pathein,MMK,False
TXN-20240112-0000426,WALL-0144420,MERCH-00073,PM-01,DEV-01,2024-01-12 16:54:38,7.08,0.0,0.1416,0,Success,Purchase,Chiang Mai,MMK,False
TXN-20240112-0000427,WALL-0117294,MERCH-00413,PM-02,DEV-05,2024-01-12 13:40:29,182.54,0.3651,0.0,18,Success,Payment,Davao,PHP,False
TXN-20240112-0000428,WALL-0068987,MERCH-00255,PM-04,DEV-01,2024-01-12 07:52:36,5.39,0.1078,0.0,0,Success,Subscription,Myitkyina,MMK,False
TXN-20240112-0000429,WALL-0081179,MERCH-00407,PM-01,DEV-03,2024-01-12 08:39:04,51.42,0.0,0.0,5,Success,Payment,Bago,MYR,False
TXN-20240112-0000430,WALL-0107216,MERCH-00096,PM-02,DEV-01,2024-01-12 13:57:43,76.69,0.1534,0.0,7,Success,Purchase,Kolkata,INR,False
TXN-20240112-0000431,WALL-0041258,MERCH-00051,PM-02,DEV-02,2024-01-12 08:30:53,11.57,0.0231,0.2314,1,Success,Purchase,Myitkyina,MMK,False
TXN-20240112-0000432,WALL-0028410,MERCH-00297,PM-03,DEV-01,2024-01-12 19:22:24,182.57,1.4605,14.6053,36,Success,Purchase,Naypyidaw,MMK,False
TXN-20240112-0000433,WALL-0003714,MERCH-00210,PM-01,DEV-01,2024-01-12 14:29:11,13.57,0.0,0.0,1,Success,Purchase,Pokhara,NPR,False
TXN-20240112-0000434,WALL-0132288,MERCH-00431,PM-01,DEV-03,2024-01-12 14:20:37,50.0,0.0,0.0,5,Success,Tax Payment,Singapore,MMK,False
TXN-20240112-0000435,WALL-0075681,MERCH-00392,PM-02,DEV-02,2024-01-12 22:52:33,23.92,0.0478,0.0,2,Success,Purchase,Ho Chi Minh City,VND,False
TXN-20240112-0000436,WALL-0113417,MERCH-00216,PM-01,DEV-03,2024-01-12 11:20:52,10.85,0.0,0.0,1,Success,Purchase,Manila,PHP,False
TXN-20240112-0000437,WALL-0031826,MERCH-00349,PM-03,DEV-01,2024-01-12 20:47:24,44.4,0.3552,0.0,4,Success,Bill Payment,Mawlamyine,MMK,False
TXN-20240112-0000438,WALL-0025844,MERCH-00499,PM-02,DEV-01,2024-01-12 14:57:53,453.96,0.9079,0.0,45,Success,Payment,Dhaka,MMK,False
TXN-20240112-0000439,WALL-0014674,MERCH-00341,PM-01,DEV-02,2024-01-12 09:40:21,31.08,0.0,0.0,3,Success,Bill Payment,Phuket,THB,False
TXN-20240112-0000440,WALL-0132641,MERCH-00123,PM-03,DEV-01,2024-01-12 18:52:35,118.08,0.9446,0.0,11,Success,Purchase,Pathein,MMK,False
TXN-20240112-0000441,WALL-0036810,MERCH-00032,PM-04,DEV-02,2024-01-12 18:29:50,36.03,0.7207,0.7207,3,Success,Purchase,Myitkyina,MMK,False
TXN-20240112-0000442,WALL-0121027,MERCH-00077,PM-01,DEV-01,2024-01-12 17:44:06,26.18,0.0,0.5236,2,Success,Purchase,Chiang Mai,THB,False
TXN-20240112-0000443,WALL-0078573,MERCH-00056,PM-01,DEV-03,2024-01-12 16:17:16,21.93,0.0,0.4386,2,Success,Purchase,Siem Reap,KHR,False
TXN-20240112-0000444,WALL-0091013,MERCH-00249,PM-04,DEV-01,2024-01-12 19:13:12,38.98,0.7795,0.0,3,Success,Subscription,Colombo,LKR,False
TXN-20240112-0000445,WALL-0077432,MERCH-00441,PM-02,DEV-01,2024-01-12 20:43:55,215.03,0.4301,0.0,21,Success,Tax Payment,Phnom Penh,KHR,False
TXN-20240112-0000446,WALL-0110123,MERCH-00195,PM-03,DEV-01,2024-01-12 13:31:33,5.0,0.04,0.0,0,Reversed,Purchase,Naypyidaw,MMK,False
TXN-20240112-0000447,WALL-0125483,MERCH-00242,PM-01,DEV-01,2024-01-12 02:06:28,12.38,0.0,0.0,1,Success,Subscription,Taunggyi,MMK,False
TXN-20240112-0000448,WALL-0056199,MERCH-00443,PM-03,DEV-04,2024-01-12 17:24:12,693.22,5.5458,0.0,69,Success,Tax Payment,Yangon,MMK,False
TXN-20240112-0000449,WALL-0134174,MERCH-00142,PM-04,DEV-02,2024-01-12 15:16:59,500.4,10.008,25.0199,50,Success,Purchase,Lahore,PKR,False
TXN-20240112-0000450,WALL-0010186,MERCH-00467,PM-04,DEV-01,2024-01-12 19:06:28,50.0,1.0,0.0,5,Success,Payment,Naypyidaw,MMK,False
TXN-20240112-0000451,WALL-0134374,MERCH-00167,PM-02,DEV-01,2024-01-12 16:17:03,192.95,0.3859,9.6477,19,Success,Purchase,Pune,INR,False
TXN-20240112-0000452,WALL-0120130,MERCH-00318,PM-01,DEV-01,2024-01-12 08:10:30,306.93,0.0,0.0,30,Success,Bill Payment,Taunggyi,MMK,False
TXN-20240112-0000453,WALL-0064333,MERCH-00354,PM-02,DEV-01,2024-01-12 15:15:15,34.39,0.0688,0.0,3,Success,Bill Payment,Phnom Penh,KHR,False
TXN-20240112-0000454,WALL-0052756,MERCH-00066,PM-03,DEV-01,2024-01-12 23:45:40,21.43,0.1715,0.4286,2,Success,Purchase,Mawlamyine,MMK,False
TXN-20240112-0000455,WALL-0111374,MERCH-00263,PM-01,DEV-02,2024-01-12 21:28:19,10.78,0.0,0.0,1,Success,Subscription,Karachi,PKR,False
TXN-20240112-0000456,WALL-0113930,MERCH-00118,PM-02,DEV-01,2024-01-12 15:49:05,44.61,0.0892,0.0,4,Success,Purchase,Cebu City,PHP,False
TXN-20240112-0000457,WALL-0108931,MERCH-00388,PM-03,DEV-01,2024-01-12 12:03:01,83.68,0.6694,0.0,8,Success,Purchase,Bangalore,INR,False
TXN-20240112-0000458,WALL-0070659,MERCH-00409,PM-01,DEV-02,2024-01-12 20:49:08,40.57,0.0,0.0,4,Success,Payment,Manila,PHP,False
TXN-20240112-0000459,WALL-0034732,MERCH-00201,PM-02,DEV-03,2024-01-12 12:05:04,15.2,0.0304,0.0,1,Success,Purchase,Phuket,MMK,False
TXN-20240112-0000460,WALL-0066289,MERCH-00094,PM-02,DEV-01,2024-01-12 06:31:46,63.08,0.1262,0.0,6,Success,Purchase,Kuala Lumpur,MMK,False
TXN-20240112-0000461,WALL-0085305,MERCH-00162,PM-01,DEV-01,2024-01-12 15:26:41,215.5,0.0,10.775,21,Success,Purchase,Chiang Mai,THB,False
TXN-20240112-0000462,WALL-0146612,MERCH-00078,PM-05,DEV-01,2024-01-12 13:24:37,6.18,0.0,0.1236,0,Success,Purchase,Bago,MMK,False
TXN-20240112-0000463,WALL-0031202,MERCH-00327,PM-04,DEV-03,2024-01-12 17:20:20,63.15,1.2631,0.0,6,Success,Bill Payment,Pattaya,THB,False
TXN-20240112-0000464,WALL-0085201,MERCH-00301,PM-04,DEV-02,2024-01-12 05:33:49,190.16,3.8033,15.2131,38,Success,Purchase,Mandalay,MMK,False
TXN-20240112-0000465,WALL-0054890,MERCH-00030,PM-04,DEV-01,2024-01-12 06:01:32,35.6,0.712,0.712,3,Success,Purchase,Bandung,IDR,False
TXN-20240112-0000466,WALL-0051308,MERCH-00212,PM-01,DEV-02,2024-01-12 17:54:03,5.0,0.0,0.0,0,Success,Purchase,Naypyidaw,MMK,False
TXN-20240112-0000467,WALL-0090552,MERCH-00076,PM-01,DEV-01,2024-01-12 16:40:52,42.0,0.0,0.84,4,Success,Purchase,Mandalay,MMK,False
TXN-20240112-0000468,WALL-0125495,MERCH-00041,PM-01,DEV-01,2024-01-12 19:46:22,11.66,0.0,0.2332,1,Success,Purchase,Mandalay,MMK,False
TXN-20240112-0000469,WALL-0086273,MERCH-00098,PM-02,DEV-01,2024-01-12 13:51:37,50.32,0.1006,0.0,5,Success,Purchase,Taunggyi,MMK,False
TXN-20240112-0000470,WALL-0067148,MERCH-00448,PM-01,DEV-02,2024-01-12 13:21:07,657.96,0.0,0.0,65,Success,Tax Payment,Bago,MMK,False
TXN-20240112-0000471,WALL-0021515,MERCH-00067,PM-04,DEV-01,2024-01-12 17:42:11,8.38,0.1676,0.1676,0,Success,Purchase,Kolkata,INR,False
TXN-20240112-0000472,WALL-0055907,MERCH-00246,PM-02,DEV-02,2024-01-12 18:31:47,27.9,0.0558,0.0,2,Success,Subscription,Ho Chi Minh City,MMK,False
TXN-20240112-0000473,WALL-0076749,MERCH-00202,PM-02,DEV-03,2024-01-12 06:30:46,7.62,0.0152,0.0,0,Success,Purchase,Myitkyina,MMK,False
TXN-20240112-0000474,WALL-0082688,MERCH-00331,PM-01,DEV-01,2024-01-12 07:46:20,80.09,0.0,0.0,8,Success,Bill Payment,Taunggyi,MMK,False
TXN-20240112-0000475,WALL-0145648,MERCH-00277,PM-01,DEV-03,2024-01-12 20:48:51,531.63,0.0,42.5308,106,Success,Purchase,Naypyidaw,MMK,False
TXN-20240112-0000476,WALL-0129933,MERCH-00090,PM-02,DEV-01,2024-01-12 15:39:05,29.44,0.0589,0.0,2,Success,Purchase,Bandung,IDR,False
TXN-20240112-0000477,WALL-0146890,MERCH-00363,PM-02,DEV-01,2024-01-12 15:43:36,36.58,0.0732,0.0,3,Success,Bill Payment,Singapore,INR,False
TXN-20240112-0000478,WALL-0023168,MERCH-00301,PM-02,DEV-03,2024-01-12 16:09:36,2671.99,5.344,213.7591,534,Success,Purchase,Bandung,IDR,False
TXN-20240112-0000479,WALL-0025147,MERCH-00126,PM-02,DEV-05,2024-01-12 15:28:07,90.79,0.1816,0.0,9,Success,Purchase,Myitkyina,IDR,False
TXN-20240112-0000480,WALL-0129850,MERCH-00042,PM-03,DEV-01,2024-01-12 14:29:47,44.03,0.3522,0.8806,4,Success,Purchase,Chennai,INR,False
TXN-20240112-0000481,WALL-0076090,MERCH-00331,PM-04,DEV-01,2024-01-12 01:38:01,98.44,1.9689,0.0,9,Success,Bill Payment,Kolkata,MMK,False
TXN-20240112-0000482,WALL-0090390,MERCH-00316,PM-02,DEV-02,2024-01-12 19:15:38,79.76,0.1595,0.0,7,Success,Bill Payment,Ahmedabad,INR,False
TXN-20240112-0000483,WALL-0127913,MERCH-00114,PM-01,DEV-02,2024-01-12 16:27:06,68.55,0.0,0.0,6,Success,Purchase,Naypyidaw,MMK,False
TXN-20240112-0000484,WALL-0072909,MERCH-00207,PM-01,DEV-01,2024-01-12 08:04:44,15.24,0.0,0.0,1,Success,Purchase,Lahore,PKR,False
TXN-20240112-0000485,WALL-0070220,MERCH-00093,PM-05,DEV-02,2024-01-12 19:02:07,45.37,0.0,0.0,4,Success,Purchase,Taunggyi,MMK,False
TXN-20240112-0000486,WALL-0127916,MERCH-00347,PM-02,DEV-02,2024-01-12 11:08:39,23.02,0.046,0.0,2,Success,Bill Payment,Kandy,LKR,False
TXN-20240112-0000487,WALL-0118876,MERCH-00253,PM-02,DEV-05,2024-01-12 13:59:23,11.11,0.0222,0.0,1,Success,Subscription,Taunggyi,MMK,False
TXN-20240112-0000488,WALL-0088255,MERCH-00270,PM-01,DEV-01,2024-01-12 06:10:38,11.84,0.0,0.0,1,Success,Subscription,Yangon,MMK,False
TXN-20240112-0000489,WALL-0122426,MERCH-00146,PM-04,DEV-02,2024-01-12 18:33:26,235.45,4.7089,11.7723,23,Success,Purchase,Quezon City,IDR,False
TXN-20240112-0000490,WALL-0133081,MERCH-00047,PM-05,DEV-01,2024-01-12 16:30:02,34.1,0.0,0.682,3,Success,Purchase,Colombo,LKR,False
TXN-20240112-0000491,WALL-0137794,MERCH-00358,PM-01,DEV-03,2024-01-12 23:23:53,67.51,0.0,0.0,6,Success,Bill Payment,Colombo,LKR,False
TXN-20240112-0000492,WALL-0009040,MERCH-00086,PM-02,DEV-03,2024-01-12 10:08:41,126.87,0.2537,0.0,12,Success,Purchase,Taunggyi,MMK,False
TXN-20240112-0000493,WALL-0047264,MERCH-00140,PM-04,DEV-03,2024-01-12 16:39:14,51.14,1.0228,2.557,5,Success,Purchase,Taunggyi,MMK,False
TXN-20240112-0000494,WALL-0001476,MERCH-00234,PM-01,DEV-03,2024-01-12 19:50:56,8.01,0.0,0.0,0,Success,Subscription,Cebu City,PHP,False
TXN-20240112-0000495,WALL-0111211,MERCH-00099,PM-03,DEV-01,2024-01-12 08:19:05,106.83,0.8546,0.0,10,Success,Purchase,Islamabad,PKR,False
TXN-20240112-0000496,WALL-0045471,MERCH-00132,PM-01,DEV-01,2024-01-12 08:16:56,212.1,0.0,10.6052,21,Success,Purchase,Mawlamyine,MMK,False
TXN-20240112-0000497,WALL-0142625,MERCH-00008,PM-03,DEV-01,2024-01-12 15:39:14,12.27,0.0982,0.2455,1,Success,Purchase,Kuala Lumpur,MYR,False
TXN-20240112-0000498,WALL-0084628,MERCH-00015,PM-04,DEV-03,2024-01-12 20:53:17,19.8,0.3961,0.3961,1,Success,Purchase,Kandy,LKR,False
TXN-20240112-0000499,WALL-0130187,MERCH-00117,PM-03,DEV-01,2024-01-12 11:37:42,36.74,0.2939,0.0,3,Success,Purchase,Chiang Mai,THB,False
TXN-20240112-0000500,WALL-0069076,MERCH-00056,PM-02,DEV-01,2024-01-12 12:21:48,11.18,0.0224,0.2237,1,Success,Purchase,Bago,MMK,False
TXN-20240112-0000501,WALL-0118758,MERCH-00433,PM-04,DEV-03,2024-01-12 06:47:20,474.35,9.4871,0.0,47,Success,Tax Payment,Chiang Mai,THB,False
TXN-20240112-0000502,WALL-0012047,MERCH-00043,PM-01,DEV-01,2024-01-12 15:36:54,44.83,0.0,0.8966,4,Success,Purchase,Bago,MMK,False
TXN-20240112-0000503,WALL-0061471,MERCH-00294,PM-01,DEV-04,2024-01-12 12:17:01,520.8,0.0,41.6642,104,Success,Purchase,Mandalay,MMK,False
TXN-20240112-0000504,WALL-0024671,MERCH-00326,PM-04,DEV-03,2024-01-12 03:29:31,47.49,0.9498,0.0,4,Success,Bill Payment,Pokhara,NPR,False
TXN-20240112-0000505,WALL-0044045,MERCH-00332,PM-02,DEV-01,2024-01-12 14:25:36,120.65,0.2413,0.0,12,Success,Bill Payment,Penang,MYR,False
TXN-20240112-0000506,WALL-0030867,MERCH-00293,PM-02,DEV-02,2024-01-12 17:47:16,357.25,0.7145,28.58,71,Success,Purchase,Kolkata,INR,False
TXN-20240112-0000507,WALL-0004366,MERCH-00120,PM-01,DEV-03,2024-01-12 08:09:23,74.74,0.0,0.0,7,Success,Purchase,Phuket,THB,False
TXN-20240112-0000508,WALL-0084087,MERCH-00186,PM-01,DEV-01,2024-01-12 19:30:14,219.1,0.0,10.955,21,Success,Purchase,Pathein,MMK,False
TXN-20240112-0000509,WALL-0136637,MERCH-00235,PM-04,DEV-05,2024-01-12 21:34:01,19.18,0.3837,0.0,1,Success,Subscription,Ahmedabad,MYR,False
TXN-20240112-0000510,WALL-0030395,MERCH-00146,PM-01,DEV-02,2024-01-12 11:59:13,120.85,0.0,6.0424,12,Success,Purchase,Mumbai,INR,False
TXN-20240112-0000511,WALL-0022847,MERCH-00473,PM-01,DEV-02,2024-01-12 15:20:27,228.66,0.0,0.0,22,Success,Payment,Naypyidaw,MMK,False
TXN-20240112-0000512,WALL-0147382,MERCH-00255,PM-04,DEV-04,2024-01-12 11:22:11,44.09,0.8818,0.0,4,Success,Subscription,Mawlamyine,MMK,False
TXN-20240112-0000513,WALL-0041277,MERCH-00101,PM-01,DEV-01,2024-01-12 17:26:05,48.56,0.0,0.0,4,Success,Purchase,Phnom Penh,KHR,False
TXN-20240112-0000514,WALL-0034842,MERCH-00346,PM-02,DEV-02,2024-01-12 18:16:25,52.59,0.1052,0.0,5,Success,Bill Payment,Bago,MMK,False
TXN-20240112-0000515,WALL-0044340,MERCH-00098,PM-02,DEV-01,2024-01-12 17:19:01,141.4,0.2828,0.0,14,Success,Purchase,Naypyidaw,MMK,False
TXN-20240112-0000516,WALL-0030266,MERCH-00349,PM-04,DEV-01,2024-01-12 03:44:25,39.24,0.7848,0.0,3,Success,Bill Payment,Lahore,PKR,False
TXN-20240112-0000517,WALL-0085236,MERCH-00079,PM-01,DEV-02,2024-01-12 08:28:23,12.43,0.0,0.2486,1,Success,Purchase,Bangkok,THB,False
TXN-20240112-0000518,WALL-0059896,MERCH-00061,PM-03,DEV-02,2024-01-12 08:52:34,40.33,0.3226,0.8066,4,Success,Purchase,Hyderabad,INR,False
TXN-20240112-0000519,WALL-0065769,MERCH-00436,PM-03,DEV-03,2024-01-12 14:02:15,66.16,0.5293,0.0,6,Success,Tax Payment,Pathein,MMK,False
TXN-20240112-0000520,WALL-0003624,MERCH-00063,PM-02,DEV-03,2024-01-12 09:31:30,20.33,0.0407,0.4066,2,Success,Purchase,Bago,MMK,False
TXN-20240112-0000521,WALL-0124611,MERCH-00031,PM-04,DEV-01,2024-01-12 21:06:29,40.99,0.8199,0.8199,4,Success,Purchase,Pokhara,NPR,False
TXN-20240112-0000522,WALL-0071969,MERCH-00034,PM-04,DEV-01,2024-01-12 15:34:42,23.63,0.4727,0.4727,2,Success,Purchase,Mandalay,MMK,False
TXN-20240112-0000523,WALL-0067574,MERCH-00330,PM-01,DEV-05,2024-01-12 15:38:34,119.67,0.0,0.0,11,Success,Bill Payment,Kolkata,VND,False
TXN-20240112-0000524,WALL-0149124,MERCH-00401,PM-01,DEV-03,2024-01-12 12:21:01,88.27,0.0,0.0,8,Success,Payment,Bali,IDR,False
TXN-20240112-0000525,WALL-0061566,MERCH-00198,PM-02,DEV-01,2024-01-12 19:21:00,10.35,0.0207,0.0,1,Success,Purchase,Kathmandu,NPR,False
TXN-20240112-0000526,WALL-0098972,MERCH-00076,PM-04,DEV-03,2024-01-12 10:41:53,38.76,0.7752,0.7752,3,Success,Purchase,Kandy,LKR,False
TXN-20240112-0000527,WALL-0112326,MERCH-00030,PM-04,DEV-04,2024-01-12 10:01:41,28.14,0.5627,0.5627,2,Success,Purchase,Mumbai,INR,False
TXN-20240112-0000528,WALL-0022396,MERCH-00249,PM-02,DEV-03,2024-01-12 17:20:47,6.66,0.0133,0.0,0,Success,Subscription,Dhaka,BDT,False
TXN-20240112-0000529,WALL-0007879,MERCH-00103,PM-02,DEV-03,2024-01-12 06:01:50,10.98,0.022,0.0,1,Success,Purchase,Kuala Lumpur,MYR,False
TXN-20240112-0000530,WALL-0006215,MERCH-00320,PM-01,DEV-01,2024-01-12 14:03:37,63.61,0.0,0.0,6,Success,Bill Payment,Pathein,MMK,False
TXN-20240112-0000531,WALL-0049570,MERCH-00098,PM-01,DEV-01,2024-01-12 13:42:06,66.08,0.0,0.0,0,Failed,Purchase,Pathein,MMK,False
TXN-20240112-0000532,WALL-0105135,MERCH-00449,PM-03,DEV-01,2024-01-12 17:28:03,549.29,4.3943,0.0,54,Success,Tax Payment,Jakarta,IDR,False
TXN-20240112-0000533,WALL-0082263,MERCH-00078,PM-01,DEV-03,2024-01-12 11:19:47,14.4,0.0,0.288,1,Success,Purchase,Cebu City,MMK,False
TXN-20240112-0000534,WALL-0051573,MERCH-00051,PM-02,DEV-01,2024-01-12 15:56:23,40.12,0.0802,0.8023,4,Success,Purchase,Singapore,SGD,False
TXN-20240112-0000535,WALL-0145803,MERCH-00253,PM-03,DEV-01,2024-01-12 06:38:32,11.04,0.0884,0.0,1,Success,Subscription,Singapore,SGD,False
TXN-20240112-0000536,WALL-0029102,MERCH-00012,PM-04,DEV-01,2024-01-12 19:51:05,94.04,1.8809,1.8809,9,Success,Purchase,Mawlamyine,IDR,False
TXN-20240112-0000537,WALL-0125678,MERCH-00091,PM-01,DEV-01,2024-01-12 07:53:46,248.71,0.0,0.0,24,Success,Purchase,Singapore,SGD,False
TXN-20240112-0000538,WALL-0086820,MERCH-00326,PM-01,DEV-05,2024-01-12 13:41:47,20.0,0.0,0.0,0,Reversed,Bill Payment,Naypyidaw,MMK,False
TXN-20240112-0000539,WALL-0062380,MERCH-00025,PM-04,DEV-02,2024-01-12 14:53:38,10.95,0.2191,0.0,0,Failed,Purchase,Yangon,MMK,False
TXN-20240112-0000540,WALL-0118745,MERCH-00378,PM-01,DEV-02,2024-01-12 12:50:53,58.34,0.0,0.0,5,Success,Purchase,Pune,INR,False
TXN-20240112-0000541,WALL-0087536,MERCH-00080,PM-02,DEV-01,2024-01-12 16:05:58,12.66,0.0253,0.2531,1,Success,Purchase,Yangon,MMK,False
TXN-20240112-0000542,WALL-0110038,MERCH-00416,PM-02,DEV-01,2024-01-12 07:44:11,34.67,0.0693,0.0,3,Success,Payment,Hyderabad,INR,False
TXN-20240112-0000543,WALL-0138495,MERCH-00209,PM-02,DEV-01,2024-01-12 21:10:47,11.78,0.0236,0.0,1,Success,Purchase,Cebu City,PHP,False
TXN-20240112-0000544,WALL-0136227,MERCH-00111,PM-01,DEV-01,2024-01-12 12:16:19,62.49,0.0,0.0,0,Reversed,Purchase,Bangalore,INR,False
TXN-20240112-0000545,WALL-0095277,MERCH-00076,PM-02,DEV-02,2024-01-12 12:29:17,13.82,0.0276,0.2763,1,Success,Purchase,Bangalore,INR,False
TXN-20240112-0000546,WALL-0116339,MERCH-00111,PM-02,DEV-02,2024-01-12 13:27:40,200.0,0.4,0.0,20,Success,Purchase,Johor Bahru,MYR,False
TXN-20240112-0000547,WALL-0139682,MERCH-00207,PM-04,DEV-01,2024-01-12 14:55:01,13.49,0.2697,0.0,1,Success,Purchase,Mawlamyine,MMK,False
TXN-20240112-0000548,WALL-0148535,MERCH-00289,PM-04,DEV-01,2024-01-12 09:42:43,693.67,13.8735,55.4939,138,Success,Purchase,Ho Chi Minh City,VND,False
TXN-20240112-0000549,WALL-0117459,MERCH-00405,PM-02,DEV-04,2024-01-12 17:59:31,21.6,0.0432,0.0,2,Success,Payment,Taunggyi,MMK,False
TXN-20240112-0000550,WALL-0142108,MERCH-00342,PM-03,DEV-02,2024-01-12 15:47:17,49.24,0.3939,0.0,4,Success,Bill Payment,Bago,MMK,False
TXN-20240112-0000551,WALL-0039852,MERCH-00257,PM-02,DEV-04,2024-01-12 21:15:52,6.83,0.0137,0.0,0,Success,Subscription,Kolkata,INR,False
TXN-20240112-0000552,WALL-0029013,MERCH-00427,PM-03,DEV-02,2024-01-12 21:15:22,20.0,0.16,0.0,2,Success,Payment,Surabaya,IDR,False
TXN-20240112-0000553,WALL-0061340,MERCH-00132,PM-02,DEV-05,2024-01-12 13:11:12,169.16,0.3383,8.4578,16,Success,Purchase,Bago,MMK,False
TXN-20240112-0000554,WALL-0086453,MERCH-00207,PM-04,DEV-04,2024-01-12 19:33:05,67.34,1.3469,0.0,6,Success,Purchase,Bago,MMK,False
TXN-20240112-0000555,WALL-0001443,MERCH-00434,PM-02,DEV-01,2024-01-12 10:00:29,506.9,1.0138,0.0,50,Success,Tax Payment,Mawlamyine,MMK,False
TXN-20240112-0000556,WALL-0075746,MERCH-00165,PM-03,DEV-02,2024-01-12 21:51:29,193.88,1.551,9.6939,19,Success,Purchase,Pathein,MMK,False
TXN-20240112-0000557,WALL-0080934,MERCH-00371,PM-02,DEV-01,2024-01-12 15:30:41,50.57,0.1011,0.0,5,Success,Purchase,Islamabad,PKR,False
TXN-20240112-0000558,WALL-0089549,MERCH-00165,PM-02,DEV-03,2024-01-12 18:32:04,22.17,0.0443,1.1084,2,Success,Purchase,Pathein,MMK,False
TXN-20240112-0000559,WALL-0080486,MERCH-00340,PM-01,DEV-02,2024-01-12 15:27:59,72.27,0.0,0.0,7,Success,Bill Payment,Pune,INR,False
TXN-20240112-0000560,WALL-0020905,MERCH-00391,PM-05,DEV-01,2024-01-12 16:05:38,130.43,0.0,0.0,13,Success,Purchase,Singapore,SGD,False
TXN-20240112-0000561,WALL-0080761,MERCH-00197,PM-01,DEV-01,2024-01-12 03:42:14,8.14,0.0,0.0,0,Success,Purchase,Jakarta,IDR,False
TXN-20240112-0000562,WALL-0057232,MERCH-00071,PM-02,DEV-05,2024-01-12 10:09:54,16.01,0.032,0.3202,1,Success,Purchase,Jakarta,MYR,False
TXN-20240112-0000563,WALL-0144287,MERCH-00291,PM-01,DEV-03,2024-01-12 00:17:25,134.08,0.0,10.7264,26,Success,Purchase,Ahmedabad,INR,False
TXN-20240112-0000564,WALL-0095603,MERCH-00465,PM-02,DEV-02,2024-01-12 03:35:54,169.96,0.3399,0.0,16,Success,Payment,Karachi,KHR,False
TXN-20240112-0000565,WALL-0126719,MERCH-00118,PM-01,DEV-02,2024-01-12 21:33:21,26.74,0.0,0.0,2,Success,Purchase,Hanoi,VND,False
TXN-20240112-0000566,WALL-0009588,MERCH-00412,PM-02,DEV-01,2024-01-12 12:45:53,404.29,0.8086,0.0,40,Success,Payment,Manila,PHP,False
TXN-20240112-0000567,WALL-0112079,MERCH-00256,PM-03,DEV-02,2024-01-12 17:29:09,16.64,0.1331,0.0,1,Success,Subscription,Lahore,MMK,False
TXN-20240112-0000568,WALL-0139515,MERCH-00436,PM-03,DEV-01,2024-01-12 07:32:29,276.63,2.213,0.0,27,Success,Tax Payment,Mumbai,INR,False
TXN-20240112-0000569,WALL-0043234,MERCH-00444,PM-03,DEV-01,2024-01-12 04:11:49,572.24,4.5779,0.0,0,Failed,Tax Payment,Penang,MYR,False
TXN-20240112-0000570,WALL-0144801,MERCH-00163,PM-01,DEV-01,2024-01-12 20:31:38,141.51,0.0,7.0755,14,Success,Purchase,Pune,INR,False
TXN-20240112-0000571,WALL-0043608,MERCH-00107,PM-01,DEV-01,2024-01-12 03:07:16,97.19,0.0,0.0,9,Success,Purchase,Islamabad,PKR,False
TXN-20240112-0000572,WALL-0080894,MERCH-00085,PM-02,DEV-01,2024-01-12 12:42:27,191.18,0.3824,0.0,19,Success,Purchase,Taunggyi,VND,False
TXN-20240112-0000573,WALL-0136671,MERCH-00419,PM-02,DEV-01,2024-01-12 00:55:40,65.72,0.1314,0.0,6,Success,Payment,Mandalay,MMK,False
TXN-20240112-0000574,WALL-0126046,MERCH-00330,PM-02,DEV-03,2024-01-12 06:02:16,77.49,0.155,0.0,7,Success,Bill Payment,Kuala Lumpur,MYR,False
TXN-20240112-0000575,WALL-0000846,MERCH-00080,PM-01,DEV-01,2024-01-12 20:37:08,17.17,0.0,0.3434,1,Success,Purchase,Mawlamyine,MMK,False
TXN-20240112-0000576,WALL-0144468,MERCH-00034,PM-04,DEV-01,2024-01-12 18:07:15,43.73,0.8745,0.0,0,Failed,Purchase,Taunggyi,MMK,False
TXN-20240112-0000577,WALL-0080705,MERCH-00352,PM-01,DEV-01,2024-01-12 15:23:35,36.84,0.0,0.0,3,Success,Bill Payment,Mandalay,MMK,False
TXN-20240112-0000578,WALL-0006292,MERCH-00012,PM-03,DEV-01,2024-01-12 08:48:17,26.61,0.2129,0.5321,2,Success,Purchase,Mandalay,MMK,False
TXN-20240112-0000579,WALL-0115639,MERCH-00014,PM-02,DEV-03,2024-01-12 06:03:13,21.11,0.0422,0.4222,2,Success,Purchase,Yangon,MMK,False
TXN-20240112-0000580,WALL-0098430,MERCH-00203,PM-01,DEV-01,2024-01-12 06:09:21,9.85,0.0,0.0,0,Success,Purchase,Da Nang,IDR,False
TXN-20240112-0000581,WALL-0079936,MERCH-00305,PM-03,DEV-03,2024-01-12 15:49:37,368.62,2.949,29.4898,73,Success,Purchase,Mawlamyine,MMK,False
TXN-20240112-0000582,WALL-0038688,MERCH-00359,PM-02,DEV-01,2024-01-12 12:14:31,42.92,0.0858,0.0,4,Success,Bill Payment,Phnom Penh,KHR,False
TXN-20240112-0000583,WALL-0083329,MERCH-00203,PM-01,DEV-02,2024-01-12 02:43:30,20.1,0.0,0.0,2,Success,Purchase,Delhi,INR,False
TXN-20240112-0000584,WALL-0100635,MERCH-00102,PM-01,DEV-01,2024-01-12 15:03:56,27.59,0.0,0.0,2,Success,Purchase,Myitkyina,MMK,False
TXN-20240112-0000585,WALL-0070160,MERCH-00139,PM-02,DEV-01,2024-01-12 08:51:31,191.3,0.3826,9.5651,19,Success,Purchase,Myitkyina,MMK,False
TXN-20240112-0000586,WALL-0079380,MERCH-00452,PM-01,DEV-01,2024-01-12 02:59:17,50.0,0.0,0.0,5,Success,Payment,Lahore,PKR,False
TXN-20240112-0000587,WALL-0123561,MERCH-00239,PM-01,DEV-01,2024-01-12 21:26:51,24.95,0.0,0.0,2,Success,Subscription,Bago,MMK,False
TXN-20240112-0000588,WALL-0062004,MERCH-00082,PM-01,DEV-01,2024-01-12 14:17:29,41.05,0.0,0.0,4,Success,Purchase,Medan,MMK,False
TXN-20240112-0000589,WALL-0089899,MERCH-00128,PM-02,DEV-01,2024-01-12 08:07:30,44.0,0.088,0.0,4,Success,Purchase,Bangkok,MMK,False
TXN-20240112-0000590,WALL-0148128,MERCH-00086,PM-01,DEV-02,2024-01-12 20:54:43,58.47,0.0,0.0,5,Success,Purchase,Yangon,MMK,False
TXN-20240112-0000591,WALL-0032630,MERCH-00212,PM-04,DEV-01,2024-01-12 01:54:44,5.06,0.1013,0.0,0,Success,Purchase,Jakarta,IDR,False
TXN-20240112-0000592,WALL-0092766,MERCH-00038,PM-04,DEV-03,2024-01-12 20:45:48,9.31,0.1863,0.1863,0,Success,Purchase,Bago,MMK,False
TXN-20240112-0000593,WALL-0106520,MERCH-00130,PM-02,DEV-03,2024-01-12 12:50:59,170.58,0.3412,0.0,17,Success,Purchase,Quezon City,PHP,False
TXN-20240112-0000594,WALL-0067911,MERCH-00189,PM-03,DEV-01,2024-01-12 16:47:43,95.82,0.7665,4.7908,9,Success,Purchase,Hanoi,VND,False
TXN-20240112-0000595,WALL-0021966,MERCH-00161,PM-01,DEV-01,2024-01-12 16:17:11,40.22,0.0,2.0111,4,Success,Purchase,Mawlamyine,MMK,False
TXN-20240112-0000596,WALL-0120174,MERCH-00121,PM-04,DEV-01,2024-01-12 12:07:40,145.38,2.9076,0.0,14,Success,Purchase,Cebu City,PHP,False
TXN-20240112-0000597,WALL-0009308,MERCH-00426,PM-01,DEV-02,2024-01-12 20:36:36,259.75,0.0,0.0,25,Success,Payment,Bago,MMK,False
TXN-20240112-0000598,WALL-0136902,MERCH-00114,PM-02,DEV-05,2024-01-12 19:19:01,11.09,0.0222,0.0,1,Success,Purchase,Myitkyina,MMK,False
TXN-20240112-0000599,WALL-0020986,MERCH-00120,PM-02,DEV-01,2024-01-12 20:01:32,68.19,0.1364,0.0,6,Success,Purchase,Bangkok,THB,False
TXN-20240112-0000600,WALL-0043766,MERCH-00033,PM-04,DEV-01,2024-01-12 15:24:50,62.08,1.2416,1.2416,6,Success,Purchase,Dhaka,BDT,False
TXN-20240112-0000601,WALL-0087954,MERCH-00060,PM-04,DEV-02,2024-01-12 18:49:21,6.55,0.131,0.131,0,Success,Purchase,Mandalay,MMK,False
TXN-20240112-0000602,WALL-0007804,MERCH-00428,PM-01,DEV-05,2024-01-12 21:53:04,34.52,0.0,0.0,3,Success,Payment,Kandy,INR,False
TXN-20240112-0000603,WALL-0048920,MERCH-00364,PM-02,DEV-01,2024-01-12 15:14:47,37.81,0.0756,0.0,3,Success,Bill Payment,Myitkyina,MMK,False
TXN-20240112-0000604,WALL-0055407,MERCH-00343,PM-01,DEV-02,2024-01-12 08:22:36,25.93,0.0,0.0,2,Success,Bill Payment,Naypyidaw,MMK,False
TXN-20240112-0000605,WALL-0070381,MERCH-00213,PM-01,DEV-01,2024-01-12 17:56:38,15.0,0.0,0.0,1,Success,Purchase,Hanoi,VND,False
TXN-20240112-0000606,WALL-0010168,MERCH-00245,PM-04,DEV-01,2024-01-12 18:00:38,31.47,0.6294,0.0,3,Success,Subscription,Kuala Lumpur,MYR,False
TXN-20240112-0000607,WALL-0127943,MERCH-00104,PM-01,DEV-01,2024-01-12 17:55:57,58.51,0.0,0.0,5,Success,Purchase,Kathmandu,NPR,False
TXN-20240112-0000608,WALL-0134016,MERCH-00323,PM-03,DEV-01,2024-01-12 17:08:58,45.93,0.3674,0.0,4,Success,Bill Payment,Medan,IDR,False
TXN-20240112-0000609,WALL-0011476,MERCH-00075,PM-05,DEV-01,2024-01-12 19:26:41,5.87,0.0,0.1174,0,Success,Purchase,Chennai,INR,False
TXN-20240112-0000610,WALL-0132930,MERCH-00032,PM-03,DEV-04,2024-01-12 18:12:17,27.69,0.2215,0.5538,2,Success,Purchase,Pattaya,THB,False
TXN-20240112-0000611,WALL-0106697,MERCH-00191,PM-05,DEV-01,2024-01-12 12:29:49,12.16,0.0,0.0,1,Success,Purchase,Bali,MMK,False
TXN-20240112-0000612,WALL-0033530,MERCH-00243,PM-02,DEV-02,2024-01-12 20:46:30,18.68,0.0374,0.0,1,Success,Subscription,Bago,MMK,False
TXN-20240112-0000613,WALL-0097318,MERCH-00445,PM-01,DEV-01,2024-01-12 21:27:28,125.67,0.0,0.0,12,Success,Tax Payment,Mawlamyine,MMK,False
TXN-20240112-0000614,WALL-0037989,MERCH-00200,PM-01,DEV-01,2024-01-12 06:26:42,50.23,0.0,0.0,5,Success,Purchase,Myitkyina,MMK,False
TXN-20240112-0000615,WALL-0049970,MERCH-00248,PM-02,DEV-03,2024-01-12 17:03:29,47.46,0.0949,0.0,4,Success,Subscription,Mandalay,MMK,False
TXN-20240112-0000616,WALL-0149124,MERCH-00474,PM-04,DEV-01,2024-01-12 18:31:49,242.73,4.8547,0.0,24,Success,Payment,Bali,IDR,False
TXN-20240112-0000617,WALL-0137959,MERCH-00338,PM-05,DEV-02,2024-01-12 17:16:53,137.31,0.0,0.0,13,Success,Bill Payment,Ahmedabad,INR,False
TXN-20240112-0000618,WALL-0044246,MERCH-00008,PM-01,DEV-01,2024-01-12 16:30:55,19.94,0.0,0.3987,1,Success,Purchase,Chittagong,MMK,False
TXN-20240112-0000619,WALL-0048047,MERCH-00062,PM-02,DEV-01,2024-01-12 12:48:10,22.87,0.0457,0.4574,2,Success,Purchase,Myitkyina,MMK,False
TXN-20240112-0000620,WALL-0015460,MERCH-00139,PM-02,DEV-03,2024-01-12 18:07:52,615.87,1.2317,30.7937,61,Success,Purchase,Taunggyi,MMK,False
TXN-20240112-0000621,WALL-0027358,MERCH-00058,PM-03,DEV-03,2024-01-12 06:34:56,18.65,0.1492,0.3731,1,Success,Purchase,Davao,PHP,False
TXN-20240112-0000622,WALL-0077354,MERCH-00167,PM-01,DEV-01,2024-01-12 21:03:50,89.06,0.0,4.4532,8,Success,Purchase,Myitkyina,MMK,False
TXN-20240112-0000623,WALL-0148965,MERCH-00014,PM-02,DEV-03,2024-01-12 11:33:50,32.05,0.0641,0.6409,3,Success,Purchase,Kandy,LKR,False
TXN-20240112-0000624,WALL-0127258,MERCH-00262,PM-01,DEV-01,2024-01-12 20:44:07,36.21,0.0,0.0,3,Success,Subscription,Jakarta,MMK,False
TXN-20240112-0000625,WALL-0111251,MERCH-00144,PM-01,DEV-01,2024-01-12 20:20:28,20.0,0.0,1.0,2,Success,Purchase,Pattaya,IDR,False
TXN-20240112-0000626,WALL-0051205,MERCH-00384,PM-04,DEV-02,2024-01-12 11:54:35,81.48,1.6296,0.0,8,Success,Purchase,Yangon,MMK,False
TXN-20240112-0000627,WALL-0132888,MERCH-00206,PM-01,DEV-01,2024-01-12 11:03:30,11.81,0.0,0.0,1,Success,Purchase,Naypyidaw,MMK,False
TXN-20240112-0000628,WALL-0124277,MERCH-00227,PM-03,DEV-02,2024-01-12 19:14:46,7.01,0.0561,0.0,0,Success,Purchase,Pathein,MMK,False
TXN-20240112-0000629,WALL-0086587,MERCH-00188,PM-05,DEV-02,2024-01-12 03:37:26,218.87,0.0,10.9437,21,Success,Purchase,Bago,MMK,False
TXN-20240112-0000630,WALL-0039138,MERCH-00073,PM-01,DEV-02,2024-01-12 01:05:38,19.8,0.0,0.396,1,Success,Purchase,Yangon,MMK,False
TXN-20240112-0000631,WALL-0100171,MERCH-00401,PM-02,DEV-01,2024-01-12 19:48:33,91.05,0.1821,0.0,9,Success,Payment,Dhaka,BDT,False
TXN-20240112-0000632,WALL-0048435,MERCH-00015,PM-01,DEV-01,2024-01-12 00:06:42,36.14,0.0,0.7229,3,Success,Purchase,Pokhara,NPR,False
TXN-20240112-0000633,WALL-0137185,MERCH-00321,PM-01,DEV-04,2024-01-12 19:02:42,49.77,0.0,0.0,0,Failed,Bill Payment,Bago,MMK,False
TXN-20240112-0000634,WALL-0103542,MERCH-00213,PM-01,DEV-01,2024-01-12 23:08:53,6.45,0.0,0.0,0,Success,Purchase,Jakarta,IDR,False
TXN-20240112-0000635,WALL-0104679,MERCH-00006,PM-01,DEV-04,2024-01-12 15:05:18,22.7,0.0,0.454,2,Success,Purchase,Naypyidaw,MMK,False
TXN-20240112-0000636,WALL-0132380,MERCH-00317,PM-01,DEV-01,2024-01-12 07:57:06,45.87,0.0,0.0,4,Success,Bill Payment,Phuket,IDR,False
TXN-20240112-0000637,WALL-0125667,MERCH-00198,PM-04,DEV-03,2024-01-12 11:08:56,20.8,0.416,0.0,2,Success,Purchase,Karachi,PKR,False
TXN-20240112-0000638,WALL-0138379,MERCH-00127,PM-02,DEV-03,2024-01-12 18:44:14,138.04,0.2761,0.0,13,Success,Purchase,Delhi,INR,False
TXN-20240112-0000639,WALL-0067535,MERCH-00194,PM-01,DEV-03,2024-01-12 07:30:56,8.61,0.0,0.0,0,Success,Purchase,Chennai,MYR,False
TXN-20240112-0000640,WALL-0104565,MERCH-00188,PM-03,DEV-02,2024-01-12 14:26:05,1712.0,13.696,85.6,171,Success,Purchase,Taunggyi,MMK,False
TXN-20240112-0000641,WALL-0143587,MERCH-00490,PM-01,DEV-02,2024-01-12 14:07:52,91.3,0.0,0.0,9,Success,Payment,Kuala Lumpur,MYR,False
TXN-20240112-0000642,WALL-0109224,MERCH-00087,PM-04,DEV-01,2024-01-12 13:22:01,36.34,0.7268,0.0,3,Success,Purchase,Pathein,MMK,False
TXN-20240112-0000643,WALL-0016979,MERCH-00072,PM-01,DEV-02,2024-01-12 08:01:47,15.03,0.0,0.3006,1,Success,Purchase,Ho Chi Minh City,VND,False
TXN-20240112-0000644,WALL-0115057,MERCH-00045,PM-04,DEV-01,2024-01-12 12:36:40,23.04,0.4607,0.4607,2,Success,Purchase,Ahmedabad,INR,False
TXN-20240112-0000645,WALL-0051961,MERCH-00011,PM-03,DEV-01,2024-01-12 02:27:56,42.95,0.3436,0.8589,4,Success,Purchase,Naypyidaw,MMK,False
TXN-20240112-0000646,WALL-0140750,MERCH-00287,PM-01,DEV-01,2024-01-12 01:59:57,121.83,0.0,9.7462,24,Success,Purchase,Myitkyina,MMK,False
TXN-20240112-0000647,WALL-0100471,MERCH-00200,PM-04,DEV-01,2024-01-12 12:51:02,14.46,0.2893,0.0,1,Success,Purchase,Pattaya,THB,False
TXN-20240112-0000648,WALL-0054679,MERCH-00223,PM-01,DEV-02,2024-01-12 06:43:39,23.02,0.0,0.0,2,Success,Purchase,Chittagong,BDT,True
TXN-20240112-0000649,WALL-0067722,MERCH-00102,PM-03,DEV-03,2024-01-12 00:01:24,30.0,0.24,0.0,2,Success,Purchase,Myitkyina,MMK,False
TXN-20240112-0000650,WALL-0002814,MERCH-00041,PM-01,DEV-01,2024-01-12 10:57:25,58.78,0.0,1.1756,5,Success,Purchase,Penang,INR,False
TXN-20240112-0000651,WALL-0031084,MERCH-00154,PM-01,DEV-02,2024-01-12 08:59:24,58.43,0.0,2.9213,5,Success,Purchase,Karachi,PKR,False
TXN-20240112-0000652,WALL-0051266,MERCH-00255,PM-01,DEV-01,2024-01-12 01:33:55,11.62,0.0,0.0,1,Success,Subscription,Mandalay,MMK,False
TXN-20240112-0000653,WALL-0037849,MERCH-00074,PM-01,DEV-01,2024-01-12 16:24:39,7.05,0.0,0.1409,0,Success,Purchase,Myitkyina,MMK,False
TXN-20240112-0000654,WALL-0140678,MERCH-00038,PM-01,DEV-01,2024-01-12 21:32:11,23.14,0.0,0.4629,2,Success,Purchase,Yangon,MMK,False
TXN-20240112-0000655,WALL-0040996,MERCH-00190,PM-04,DEV-02,2024-01-12 13:53:23,142.58,2.8516,7.129,14,Success,Purchase,Mawlamyine,MMK,False
TXN-20240112-0000656,WALL-0089691,MERCH-00020,PM-01,DEV-01,2024-01-12 20:34:47,9.72,0.0,0.1945,0,Success,Purchase,Johor Bahru,MYR,False
TXN-20240112-0000657,WALL-0055108,MERCH-00122,PM-04,DEV-01,2024-01-12 16:06:14,68.0,1.36,0.0,6,Success,Purchase,Colombo,LKR,False
TXN-20240112-0000658,WALL-0006455,MERCH-00447,PM-04,DEV-01,2024-01-12 10:42:31,421.83,8.4366,0.0,42,Success,Tax Payment,Mumbai,INR,False
TXN-20240112-0000659,WALL-0113515,MERCH-00261,PM-01,DEV-01,2024-01-12 15:00:01,9.97,0.0,0.0,0,Success,Subscription,Kolkata,INR,False
TXN-20240112-0000660,WALL-0135051,MERCH-00104,PM-04,DEV-04,2024-01-12 07:37:58,45.05,0.9009,0.0,4,Success,Purchase,Chittagong,BDT,False
TXN-20240112-0000661,WALL-0022766,MERCH-00429,PM-01,DEV-01,2024-01-12 15:47:50,52.27,0.0,0.0,5,Success,Payment,Da Nang,VND,False
TXN-20240112-0000662,WALL-0022704,MERCH-00435,PM-03,DEV-02,2024-01-12 18:41:48,403.26,3.2261,0.0,40,Success,Tax Payment,Chennai,INR,False
TXN-20240112-0000663,WALL-0008034,MERCH-00047,PM-02,DEV-01,2024-01-12 08:26:31,10.48,0.021,0.2095,1,Success,Purchase,Bangalore,INR,False
TXN-20240112-0000664,WALL-0055779,MERCH-00038,PM-03,DEV-02,2024-01-12 18:51:15,21.32,0.1705,0.4263,2,Success,Purchase,Johor Bahru,MYR,False
TXN-20240112-0000665,WALL-0118664,MERCH-00050,PM-02,DEV-01,2024-01-12 13:07:09,5.67,0.0113,0.1134,0,Success,Purchase,Colombo,LKR,False
TXN-20240112-0000666,WALL-0143095,MERCH-00057,PM-02,DEV-01,2024-01-12 01:22:40,17.54,0.0351,0.3509,1,Success,Purchase,Chittagong,BDT,False
TXN-20240112-0000667,WALL-0127387,MERCH-00183,PM-01,DEV-01,2024-01-12 16:24:30,177.37,0.0,8.8685,17,Success,Purchase,Yangon,MMK,False
TXN-20240112-0000668,WALL-0114018,MERCH-00378,PM-02,DEV-01,2024-01-12 00:31:16,31.2,0.0624,0.0,3,Success,Purchase,Bago,MMK,False
TXN-20240112-0000669,WALL-0015369,MERCH-00383,PM-01,DEV-01,2024-01-12 17:03:43,198.0,0.0,0.0,19,Success,Purchase,Naypyidaw,MMK,False
TXN-20240112-0000670,WALL-0012967,MERCH-00025,PM-04,DEV-01,2024-01-12 20:09:07,45.09,0.9017,0.9017,4,Success,Purchase,Bandung,IDR,False
TXN-20240112-0000671,WALL-0149247,MERCH-00076,PM-03,DEV-03,2024-01-12 22:45:21,21.82,0.1746,0.4365,2,Success,Purchase,Penang,MYR,False
TXN-20240112-0000672,WALL-0008194,MERCH-00125,PM-01,DEV-02,2024-01-12 10:56:09,90.33,0.0,0.0,9,Success,Purchase,Kolkata,INR,False
TXN-20240112-0000673,WALL-0062034,MERCH-00320,PM-01,DEV-01,2024-01-12 11:02:17,97.63,0.0,0.0,9,Success,Bill Payment,Pune,INR,False
TXN-20240112-0000674,WALL-0060659,MERCH-00393,PM-04,DEV-01,2024-01-12 21:47:38,50.78,1.0156,0.0,5,Success,Purchase,Mawlamyine,MMK,False
TXN-20240112-0000675,WALL-0123178,MERCH-00042,PM-03,DEV-04,2024-01-12 16:39:52,13.87,0.1109,0.2773,1,Success,Purchase,Bago,MMK,False
TXN-20240112-0000676,WALL-0076009,MERCH-00166,PM-02,DEV-03,2024-01-12 21:59:07,20.0,0.04,1.0,2,Success,Purchase,Naypyidaw,MMK,False
TXN-20240112-0000677,WALL-0145533,MERCH-00437,PM-02,DEV-01,2024-01-12 20:23:07,579.3,1.1586,0.0,57,Success,Tax Payment,Johor Bahru,MYR,False
TXN-20240112-0000678,WALL-0051434,MERCH-00357,PM-03,DEV-01,2024-01-12 16:44:54,56.0,0.448,0.0,5,Success,Bill Payment,Jaipur,INR,False
TXN-20240112-0000679,WALL-0087467,MERCH-00420,PM-03,DEV-02,2024-01-12 09:12:37,96.71,0.7737,0.0,9,Success,Payment,Chittagong,BDT,False
TXN-20240112-0000680,WALL-0035461,MERCH-00405,PM-04,DEV-01,2024-01-12 19:01:51,121.27,2.4254,0.0,12,Success,Payment,Da Nang,VND,False
TXN-20240112-0000681,WALL-0020940,MERCH-00262,PM-01,DEV-03,2024-01-12 16:54:52,37.65,0.0,0.0,3,Success,Subscription,Quezon City,PHP,False
TXN-20240112-0000682,WALL-0042054,MERCH-00209,PM-02,DEV-01,2024-01-12 15:55:45,6.42,0.0128,0.0,0,Success,Purchase,Kolkata,INR,False
TXN-20240112-0000683,WALL-0057111,MERCH-00265,PM-04,DEV-01,2024-01-12 20:49:10,10.03,0.2006,0.0,1,Success,Subscription,Chittagong,BDT,False
TXN-20240112-0000684,WALL-0057939,MERCH-00164,PM-01,DEV-01,2024-01-12 03:10:20,91.48,0.0,4.5739,9,Success,Purchase,Myitkyina,MMK,False
TXN-20240112-0000685,WALL-0146271,MERCH-00250,PM-02,DEV-01,2024-01-12 22:27:21,5.25,0.0105,0.0,0,Success,Subscription,Mawlamyine,MMK,False
TXN-20240112-0000686,WALL-0047521,MERCH-00207,PM-02,DEV-03,2024-01-12 12:05:15,5.74,0.0115,0.0,0,Success,Purchase,Delhi,INR,False
TXN-20240112-0000687,WALL-0055587,MERCH-00152,PM-01,DEV-01,2024-01-12 03:57:03,500.49,0.0,25.0243,50,Success,Purchase,Pathein,MMK,True
TXN-20240112-0000688,WALL-0119990,MERCH-00378,PM-02,DEV-01,2024-01-12 13:21:19,31.54,0.0631,0.0,3,Success,Purchase,Pune,INR,False
TXN-20240112-0000689,WALL-0040803,MERCH-00003,PM-01,DEV-03,2024-01-12 21:24:19,10.92,0.0,0.2184,1,Success,Purchase,Davao,PHP,False
TXN-20240112-0000690,WALL-0031568,MERCH-00389,PM-02,DEV-05,2024-01-12 10:17:34,29.32,0.0586,0.0,0,Reversed,Purchase,Phuket,THB,False
TXN-20240112-0000691,WALL-0021899,MERCH-00213,PM-04,DEV-01,2024-01-12 02:49:12,31.12,0.6223,0.0,3,Success,Purchase,Pathein,MMK,False
TXN-20240112-0000692,WALL-0111918,MERCH-00021,PM-01,DEV-01,2024-01-12 13:59:13,18.78,0.0,0.3756,1,Success,Purchase,Naypyidaw,MMK,False
TXN-20240112-0000693,WALL-0127983,MERCH-00366,PM-03,DEV-02,2024-01-12 01:19:24,63.41,0.5073,0.0,6,Success,Bill Payment,Cebu City,IDR,False
TXN-20240112-0000694,WALL-0110733,MERCH-00384,PM-04,DEV-02,2024-01-12 18:51:14,22.3,0.4459,0.0,2,Success,Purchase,Yangon,MMK,False
TXN-20240112-0000695,WALL-0062592,MERCH-00115,PM-05,DEV-01,2024-01-12 00:57:37,120.75,0.0,0.0,12,Success,Purchase,Jaipur,INR,False
TXN-20240112-0000696,WALL-0043248,MERCH-00225,PM-05,DEV-01,2024-01-12 15:28:00,10.27,0.0,0.0,1,Success,Purchase,Cebu City,MMK,False
TXN-20240112-0000697,WALL-0145103,MERCH-00056,PM-04,DEV-01,2024-01-12 22:39:09,23.23,0.4646,0.4646,2,Success,Purchase,Pattaya,THB,False
TXN-20240112-0000698,WALL-0054562,MERCH-00345,PM-02,DEV-02,2024-01-12 15:08:14,84.17,0.1683,0.0,8,Success,Bill Payment,Jaipur,INR,False
TXN-20240112-0000699,WALL-0073409,MERCH-00270,PM-01,DEV-01,2024-01-12 11:24:28,23.61,0.0,0.0,2,Success,Subscription,Yangon,MMK,False
TXN-20240112-0000700,WALL-0138285,MERCH-00359,PM-01,DEV-01,2024-01-12 15:59:28,26.35,0.0,0.0,2,Success,Bill Payment,Kuala Lumpur,MYR,False
TXN-20240112-0000701,WALL-0102725,MERCH-00164,PM-02,DEV-01,2024-01-12 08:04:33,441.81,0.8836,22.0907,44,Success,Purchase,Kathmandu,MMK,False
TXN-20240112-0000702,WALL-0136586,MERCH-00077,PM-01,DEV-02,2024-01-12 21:33:42,5.72,0.0,0.1145,0,Success,Purchase,Naypyidaw,MMK,False
TXN-20240112-0000703,WALL-0125214,MERCH-00266,PM-01,DEV-04,2024-01-12 18:06:12,11.93,0.0,0.0,1,Success,Subscription,Bangkok,THB,False
TXN-20240112-0000704,WALL-0046997,MERCH-00226,PM-03,DEV-01,2024-01-12 18:08:02,31.03,0.2483,0.0,3,Success,Purchase,Ho Chi Minh City,VND,False
TXN-20240112-0000705,WALL-0124111,MERCH-00297,PM-03,DEV-01,2024-01-12 16:58:47,212.24,1.6979,16.9792,42,Success,Purchase,Yangon,MMK,False
TXN-20240112-0000706,WALL-0020929,MERCH-00327,PM-03,DEV-01,2024-01-12 19:56:41,88.52,0.7082,0.0,8,Success,Bill Payment,Chennai,INR,False
TXN-20240112-0000707,WALL-0088764,MERCH-00331,PM-02,DEV-01,2024-01-12 07:11:31,97.62,0.1952,0.0,9,Success,Bill Payment,Taunggyi,MMK,False
TXN-20240112-0000708,WALL-0050126,MERCH-00303,PM-04,DEV-05,2024-01-12 14:37:28,760.77,15.2154,60.8615,152,Success,Purchase,Pokhara,MYR,False
TXN-20240112-0000709,WALL-0104486,MERCH-00353,PM-01,DEV-01,2024-01-12 15:38:01,35.48,0.0,0.0,3,Success,Bill Payment,Pattaya,THB,False
TXN-20240112-0000710,WALL-0016835,MERCH-00349,PM-01,DEV-01,2024-01-12 08:00:24,61.1,0.0,0.0,6,Success,Bill Payment,Naypyidaw,MMK,False
TXN-20240112-0000711,WALL-0124482,MERCH-00382,PM-05,DEV-01,2024-01-12 16:05:32,53.6,0.0,0.0,5,Success,Purchase,Siem Reap,INR,False
TXN-20240112-0000712,WALL-0133481,MERCH-00255,PM-03,DEV-01,2024-01-12 22:44:49,40.4,0.3232,0.0,4,Success,Subscription,Pathein,MMK,False
TXN-20240112-0000713,WALL-0099718,MERCH-00483,PM-01,DEV-01,2024-01-12 08:19:54,63.16,0.0,0.0,6,Success,Payment,Bangkok,THB,False
TXN-20240112-0000714,WALL-0056826,MERCH-00185,PM-01,DEV-03,2024-01-12 22:13:54,105.56,0.0,5.2779,10,Success,Purchase,Naypyidaw,MMK,False
TXN-20240112-0000715,WALL-0078912,MERCH-00338,PM-01,DEV-03,2024-01-12 14:22:28,87.57,0.0,0.0,8,Success,Bill Payment,Khon Kaen,THB,False
TXN-20240112-0000716,WALL-0084653,MERCH-00154,PM-01,DEV-02,2024-01-12 20:15:21,341.39,0.0,17.0695,34,Success,Purchase,Naypyidaw,MMK,False
TXN-20240112-0000717,WALL-0112652,MERCH-00127,PM-02,DEV-01,2024-01-12 13:16:51,78.42,0.1568,0.0,7,Success,Purchase,Khon Kaen,THB,False
TXN-20240112-0000718,WALL-0145854,MERCH-00135,PM-01,DEV-03,2024-01-12 18:58:27,165.07,0.0,8.2537,16,Success,Purchase,Yangon,MMK,False
TXN-20240112-0000719,WALL-0110518,MERCH-00016,PM-04,DEV-02,2024-01-12 13:23:21,35.15,0.7031,0.7031,3,Success,Purchase,Yangon,MMK,False
TXN-20240112-0000720,WALL-0133180,MERCH-00023,PM-02,DEV-03,2024-01-12 20:21:30,7.89,0.0158,0.1579,0,Success,Purchase,Phnom Penh,KHR,False
TXN-20240112-0000721,WALL-0067610,MERCH-00045,PM-02,DEV-01,2024-01-12 14:57:03,39.02,0.078,0.7803,3,Success,Purchase,Bago,MMK,False
TXN-20240112-0000722,WALL-0142892,MERCH-00211,PM-02,DEV-04,2024-01-12 07:51:22,30.39,0.0608,0.0,3,Success,Purchase,Mandalay,MMK,False
TXN-20240112-0000723,WALL-0123417,MERCH-00327,PM-01,DEV-01,2024-01-12 20:28:01,241.8,0.0,0.0,24,Success,Bill Payment,Yangon,MMK,False
TXN-20240112-0000724,WALL-0048070,MERCH-00244,PM-04,DEV-01,2024-01-12 14:04:48,40.0,0.8,0.0,4,Success,Subscription,Bago,MMK,False
TXN-20240112-0000725,WALL-0075705,MERCH-00143,PM-01,DEV-01,2024-01-12 12:15:37,63.76,0.0,3.188,6,Success,Purchase,Pathein,MMK,False
TXN-20240112-0000726,WALL-0019005,MERCH-00044,PM-02,DEV-01,2024-01-12 15:02:42,49.85,0.0997,0.9969,4,Success,Purchase,Chennai,INR,False
TXN-20240112-0000727,WALL-0051440,MERCH-00269,PM-03,DEV-03,2024-01-12 04:45:08,31.17,0.2494,0.0,3,Success,Subscription,Mawlamyine,MMK,False
TXN-20240112-0000728,WALL-0143981,MERCH-00228,PM-03,DEV-02,2024-01-12 15:01:40,14.05,0.1124,0.0,1,Success,Purchase,Dhaka,MMK,False
TXN-20240112-0000729,WALL-0066018,MERCH-00209,PM-01,DEV-03,2024-01-12 17:55:46,13.6,0.0,0.0,1,Success,Purchase,Chittagong,BDT,False
TXN-20240112-0000730,WALL-0117539,MERCH-00275,PM-01,DEV-02,2024-01-12 10:48:42,2065.32,0.0,165.2257,413,Success,Purchase,Phuket,MMK,True
TXN-20240112-0000731,WALL-0095461,MERCH-00337,PM-04,DEV-01,2024-01-12 15:59:07,276.07,5.5213,0.0,27,Success,Bill Payment,Yangon,MMK,False
TXN-20240112-0000732,WALL-0067223,MERCH-00335,PM-05,DEV-04,2024-01-12 18:36:53,96.02,0.0,0.0,9,Success,Bill Payment,Pathein,MMK,False
TXN-20240112-0000733,WALL-0056642,MERCH-00245,PM-04,DEV-05,2024-01-12 10:19:53,20.48,0.4097,0.0,2,Success,Subscription,Da Nang,VND,False
TXN-20240112-0000734,WALL-0024763,MERCH-00380,PM-01,DEV-01,2024-01-12 21:24:10,62.86,0.0,0.0,6,Success,Purchase,Mumbai,INR,False
TXN-20240112-0000735,WALL-0062145,MERCH-00148,PM-04,DEV-04,2024-01-12 14:02:05,39.16,0.7831,1.9578,3,Success,Purchase,Siem Reap,KHR,False
TXN-20240112-0000736,WALL-0056678,MERCH-00173,PM-02,DEV-04,2024-01-12 18:27:45,44.83,0.0897,2.2417,4,Success,Purchase,Pathein,MMK,False
TXN-20240112-0000737,WALL-0014827,MERCH-00389,PM-03,DEV-01,2024-01-12 06:41:59,49.47,0.3958,0.0,4,Success,Purchase,Medan,IDR,False
TXN-20240112-0000738,WALL-0129658,MERCH-00021,PM-05,DEV-03,2024-01-12 12:28:22,14.02,0.0,0.2804,1,Success,Purchase,Yangon,MMK,False
TXN-20240112-0000739,WALL-0092634,MERCH-00128,PM-03,DEV-01,2024-01-12 21:37:00,44.27,0.3542,0.0,4,Success,Purchase,Pune,INR,False
TXN-20240112-0000740,WALL-0055386,MERCH-00207,PM-04,DEV-01,2024-01-12 00:35:55,25.46,0.5092,0.0,2,Success,Purchase,Pattaya,THB,False
TXN-20240112-0000741,WALL-0084220,MERCH-00076,PM-02,DEV-02,2024-01-12 15:55:36,27.17,0.0543,0.5433,2,Success,Purchase,Pathein,MMK,False
TXN-20240112-0000742,WALL-0046258,MERCH-00362,PM-01,DEV-01,2024-01-12 11:25:14,26.43,0.0,0.0,2,Success,Bill Payment,Phnom Penh,KHR,False
TXN-20240112-0000743,WALL-0027981,MERCH-00381,PM-03,DEV-02,2024-01-12 21:01:14,94.95,0.7596,0.0,9,Success,Purchase,Mawlamyine,MMK,False
TXN-20240112-0000744,WALL-0100440,MERCH-00017,PM-01,DEV-01,2024-01-12 11:59:35,20.44,0.0,0.4087,2,Success,Purchase,Da Nang,NPR,False
TXN-20240112-0000745,WALL-0035150,MERCH-00030,PM-02,DEV-01,2024-01-12 06:51:10,33.02,0.066,0.6604,3,Success,Purchase,Chennai,INR,False
TXN-20240112-0000746,WALL-0113518,MERCH-00115,PM-04,DEV-04,2024-01-12 17:00:16,70.92,1.4184,0.0,7,Success,Purchase,Taunggyi,MMK,False
TXN-20240112-0000747,WALL-0122918,MERCH-00330,PM-01,DEV-04,2024-01-12 15:18:26,43.82,0.0,0.0,4,Success,Bill Payment,Kathmandu,NPR,False
TXN-20240112-0000748,WALL-0142290,MERCH-00433,PM-02,DEV-01,2024-01-12 19:11:53,142.86,0.2857,0.0,14,Success,Tax Payment,Kolkata,INR,False
TXN-20240112-0000749,WALL-0019402,MERCH-00224,PM-03,DEV-02,2024-01-12 20:50:04,11.9,0.0952,0.0,1,Success,Purchase,Mandalay,MMK,False
TXN-20240112-0000750,WALL-0104957,MERCH-00136,PM-01,DEV-02,2024-01-12 03:10:44,199.52,0.0,9.9762,19,Success,Purchase,Chittagong,BDT,False
TXN-20240112-0000751,WALL-0058709,MERCH-00112,PM-01,DEV-03,2024-01-12 10:12:55,92.85,0.0,0.0,9,Success,Purchase,Pathein,MMK,False
TXN-20240112-0000752,WALL-0014619,MERCH-00459,PM-01,DEV-05,2024-01-12 16:00:07,69.47,0.0,0.0,6,Success,Payment,Islamabad,PKR,False
TXN-20240112-0000753,WALL-0113945,MERCH-00090,PM-02,DEV-01,2024-01-12 15:24:38,51.57,0.1031,0.0,5,Success,Purchase,Ho Chi Minh City,VND,False
TXN-20240112-0000754,WALL-0041964,MERCH-00126,PM-01,DEV-03,2024-01-12 21:09:57,66.38,0.0,0.0,6,Success,Purchase,Bangalore,INR,False
TXN-20240112-0000755,WALL-0149201,MERCH-00438,PM-03,DEV-01,2024-01-12 21:13:44,104.25,0.834,0.0,10,Success,Tax Payment,Taunggyi,MMK,False
TXN-20240112-0000756,WALL-0127472,MERCH-00066,PM-02,DEV-02,2024-01-12 09:40:27,31.82,0.0636,0.6364,3,Success,Purchase,Pattaya,THB,False
TXN-20240112-0000757,WALL-0112892,MERCH-00131,PM-03,DEV-01,2024-01-12 17:59:50,22.22,0.1778,1.1111,2,Success,Purchase,Naypyidaw,MMK,False
TXN-20240112-0000758,WALL-0005663,MERCH-00101,PM-03,DEV-02,2024-01-12 01:32:06,30.63,0.245,0.0,3,Success,Purchase,Phuket,THB,False
TXN-20240112-0000759,WALL-0134238,MERCH-00446,PM-01,DEV-02,2024-01-12 07:51:48,762.68,0.0,0.0,76,Success,Tax Payment,Taunggyi,MMK,False
TXN-20240112-0000760,WALL-0019002,MERCH-00351,PM-01,DEV-02,2024-01-12 13:23:17,29.04,0.0,0.0,2,Success,Bill Payment,Hyderabad,INR,False
TXN-20240112-0000761,WALL-0091975,MERCH-00063,PM-01,DEV-03,2024-01-12 08:03:41,5.0,0.0,0.1,0,Success,Purchase,Mawlamyine,MMK,False
TXN-20240112-0000762,WALL-0066853,MERCH-00427,PM-01,DEV-02,2024-01-12 14:06:39,428.25,0.0,0.0,42,Success,Payment,Medan,IDR,False
TXN-20240112-0000763,WALL-0057479,MERCH-00167,PM-02,DEV-03,2024-01-12 07:02:41,113.9,0.2278,5.6949,11,Success,Purchase,Naypyidaw,MMK,False
TXN-20240112-0000764,WALL-0127246,MERCH-00043,PM-01,DEV-01,2024-01-12 16:59:45,22.09,0.0,0.4418,2,Success,Purchase,Karachi,MMK,False
TXN-20240112-0000765,WALL-0034382,MERCH-00179,PM-03,DEV-01,2024-01-12 04:35:04,71.78,0.5742,3.5889,7,Success,Purchase,Myitkyina,MMK,False
TXN-20240112-0000766,WALL-0075787,MERCH-00294,PM-01,DEV-01,2024-01-12 18:54:12,160.1,0.0,12.8084,32,Success,Purchase,Jakarta,IDR,False
TXN-20240112-0000767,WALL-0043470,MERCH-00389,PM-01,DEV-03,2024-01-12 16:18:32,41.33,0.0,0.0,4,Success,Purchase,Mandalay,MMK,False
TXN-20240112-0000768,WALL-0065583,MERCH-00412,PM-01,DEV-01,2024-01-12 08:13:39,49.66,0.0,0.0,4,Success,Payment,Cebu City,PHP,False
TXN-20240112-0000769,WALL-0054652,MERCH-00193,PM-01,DEV-01,2024-01-12 15:18:53,7.72,0.0,0.0,0,Success,Purchase,Mandalay,MMK,False
TXN-20240112-0000770,WALL-0062129,MERCH-00050,PM-01,DEV-03,2024-01-12 21:31:14,9.23,0.0,0.1845,0,Success,Purchase,Bago,MMK,False
TXN-20240112-0000771,WALL-0084120,MERCH-00319,PM-02,DEV-05,2024-01-12 06:32:11,91.4,0.1828,0.0,9,Success,Bill Payment,Myitkyina,MMK,False
TXN-20240112-0000772,WALL-0113125,MERCH-00331,PM-04,DEV-01,2024-01-12 08:45:51,36.26,0.7251,0.0,3,Success,Bill Payment,Bangkok,THB,False
TXN-20240112-0000773,WALL-0139361,MERCH-00054,PM-03,DEV-01,2024-01-12 20:34:57,33.78,0.2702,0.6756,3,Success,Purchase,Mandalay,MMK,False
TXN-20240112-0000774,WALL-0120825,MERCH-00163,PM-04,DEV-03,2024-01-12 09:05:41,134.18,2.6836,6.709,13,Success,Purchase,Naypyidaw,MMK,False
TXN-20240112-0000775,WALL-0105536,MERCH-00091,PM-04,DEV-01,2024-01-12 15:46:15,44.59,0.8917,0.0,4,Success,Purchase,Penang,MYR,False
TXN-20240112-0000776,WALL-0020549,MERCH-00438,PM-03,DEV-01,2024-01-12 09:30:05,76.42,0.6114,0.0,7,Success,Tax Payment,Kathmandu,NPR,False
TXN-20240112-0000777,WALL-0084972,MERCH-00425,PM-02,DEV-01,2024-01-12 09:25:46,155.48,0.311,0.0,15,Success,Payment,Bangkok,THB,False
TXN-20240112-0000778,WALL-0097833,MERCH-00102,PM-01,DEV-01,2024-01-12 16:49:04,86.35,0.0,0.0,8,Success,Purchase,Delhi,IDR,False
TXN-20240112-0000779,WALL-0039029,MERCH-00024,PM-03,DEV-03,2024-01-12 13:13:39,25.93,0.2074,0.5186,2,Success,Purchase,Hyderabad,INR,False
TXN-20240112-0000780,WALL-0054974,MERCH-00179,PM-03,DEV-05,2024-01-12 17:35:33,153.29,1.2263,7.6644,15,Success,Purchase,Naypyidaw,MMK,False
TXN-20240112-0000781,WALL-0139590,MERCH-00456,PM-02,DEV-01,2024-01-12 14:07:55,545.36,1.0907,0.0,54,Success,Payment,Surabaya,IDR,False
TXN-20240112-0000782,WALL-0101130,MERCH-00341,PM-02,DEV-03,2024-01-12 12:04:45,50.05,0.1001,0.0,5,Success,Bill Payment,Naypyidaw,MMK,False
TXN-20240112-0000783,WALL-0046913,MERCH-00149,PM-01,DEV-01,2024-01-12 08:22:39,126.65,0.0,6.3327,12,Success,Purchase,Ho Chi Minh City,VND,False
TXN-20240112-0000784,WALL-0019064,MERCH-00163,PM-01,DEV-03,2024-01-12 21:28:23,120.58,0.0,0.0,0,Failed,Purchase,Penang,MYR,False
TXN-20240112-0000785,WALL-0046653,MERCH-00223,PM-04,DEV-01,2024-01-12 18:05:18,46.55,0.9311,0.0,4,Success,Purchase,Bago,MMK,False
TXN-20240112-0000786,WALL-0032983,MERCH-00335,PM-03,DEV-03,2024-01-12 09:35:30,26.09,0.2087,0.0,2,Success,Bill Payment,Mandalay,MMK,False
TXN-20240112-0000787,WALL-0039015,MERCH-00202,PM-03,DEV-01,2024-01-12 12:20:54,17.67,0.1413,0.0,1,Success,Purchase,Pathein,MMK,False
TXN-20240112-0000788,WALL-0097286,MERCH-00131,PM-01,DEV-01,2024-01-12 16:08:10,39.67,0.0,1.9833,3,Success,Purchase,Davao,MMK,False
TXN-20240112-0000789,WALL-0013631,MERCH-00129,PM-01,DEV-02,2024-01-12 19:14:45,60.22,0.0,0.0,6,Success,Purchase,Pathein,MMK,False
TXN-20240112-0000790,WALL-0090459,MERCH-00122,PM-01,DEV-03,2024-01-12 15:55:31,130.42,0.0,0.0,13,Success,Purchase,Chiang Mai,THB,False
TXN-20240112-0000791,WALL-0125564,MERCH-00020,PM-01,DEV-03,2024-01-12 08:40:37,11.62,0.0,0.2325,1,Success,Purchase,Singapore,THB,False
TXN-20240112-0000792,WALL-0080232,MERCH-00351,PM-01,DEV-01,2024-01-12 14:37:15,32.51,0.0,0.0,3,Success,Bill Payment,Bago,MMK,False
TXN-20240112-0000793,WALL-0091942,MERCH-00077,PM-01,DEV-04,2024-01-12 16:29:43,48.53,0.0,0.9705,4,Success,Purchase,Mawlamyine,MMK,False
TXN-20240112-0000794,WALL-0056000,MERCH-00279,PM-04,DEV-01,2024-01-12 05:51:52,178.78,3.5755,14.3021,35,Success,Purchase,Bangkok,THB,False
TXN-20240112-0000795,WALL-0126239,MERCH-00155,PM-04,DEV-01,2024-01-12 14:12:01,345.52,6.9104,17.2759,34,Success,Purchase,Kathmandu,NPR,False
TXN-20240112-0000796,WALL-0028435,MERCH-00062,PM-01,DEV-03,2024-01-12 23:47:32,28.35,0.0,0.567,2,Success,Purchase,Phuket,THB,False
TXN-20240112-0000797,WALL-0031977,MERCH-00153,PM-05,DEV-03,2024-01-12 13:05:37,93.87,0.0,4.6935,9,Success,Purchase,Bandung,MMK,False
TXN-20240112-0000798,WALL-0089753,MERCH-00104,PM-01,DEV-01,2024-01-12 15:25:00,10.0,0.0,0.0,1,Success,Purchase,Taunggyi,MMK,False
TXN-20240112-0000799,WALL-0073257,MERCH-00387,PM-02,DEV-01,2024-01-12 21:45:56,59.7,0.1194,0.0,5,Success,Purchase,Cebu City,PHP,False
TXN-20240112-0000800,WALL-0093054,MERCH-00161,PM-02,DEV-01,2024-01-12 20:00:11,77.86,0.1557,3.8928,7,Success,Purchase,Kandy,MMK,False
TXN-20240112-0000801,WALL-0045857,MERCH-00156,PM-01,DEV-05,2024-01-12 15:39:57,79.78,0.0,3.989,7,Success,Purchase,Mumbai,IDR,False
TXN-20240112-0000802,WALL-0109865,MERCH-00145,PM-04,DEV-01,2024-01-12 09:47:27,29.18,0.5836,1.459,2,Success,Purchase,Kathmandu,NPR,False
TXN-20240112-0000803,WALL-0002434,MERCH-00201,PM-01,DEV-01,2024-01-12 12:54:19,14.58,0.0,0.0,1,Success,Purchase,Chittagong,BDT,False
TXN-20240112-0000804,WALL-0096930,MERCH-00067,PM-05,DEV-05,2024-01-12 20:17:24,8.21,0.0,0.1643,0,Success,Purchase,Jakarta,IDR,False
TXN-20240112-0000805,WALL-0121899,MERCH-00189,PM-01,DEV-01,2024-01-12 02:10:42,226.56,0.0,11.328,22,Success,Purchase,Islamabad,PKR,True
TXN-20240112-0000806,WALL-0007650,MERCH-00378,PM-01,DEV-05,2024-01-12 12:50:32,56.08,0.0,0.0,5,Success,Purchase,Chittagong,BDT,False
TXN-20240112-0000807,WALL-0134472,MERCH-00148,PM-05,DEV-01,2024-01-12 20:23:22,102.71,0.0,5.1357,10,Success,Purchase,Chiang Mai,THB,False
TXN-20240112-0000808,WALL-0073393,MERCH-00197,PM-02,DEV-05,2024-01-12 17:53:42,8.28,0.0166,0.0,0,Success,Purchase,Bandung,IDR,False
TXN-20240112-0000809,WALL-0149060,MERCH-00355,PM-04,DEV-01,2024-01-12 20:39:33,26.76,0.5353,0.0,2,Success,Bill Payment,Chittagong,BDT,False
TXN-20240112-0000810,WALL-0037095,MERCH-00123,PM-02,DEV-02,2024-01-12 06:45:13,41.2,0.0824,0.0,4,Success,Purchase,Mawlamyine,MMK,False
TXN-20240112-0000811,WALL-0107191,MERCH-00239,PM-04,DEV-04,2024-01-12 20:21:43,7.4,0.148,0.0,0,Success,Subscription,Bali,IDR,False
TXN-20240112-0000812,WALL-0121169,MERCH-00009,PM-05,DEV-03,2024-01-12 12:07:18,5.0,0.0,0.1,0,Success,Purchase,Yangon,MMK,False
TXN-20240112-0000813,WALL-0142338,MERCH-00435,PM-04,DEV-01,2024-01-12 10:16:51,214.39,4.2878,0.0,21,Success,Tax Payment,Pokhara,VND,False
TXN-20240112-0000814,WALL-0038272,MERCH-00260,PM-02,DEV-01,2024-01-12 07:35:06,28.51,0.057,0.0,2,Success,Subscription,Kathmandu,NPR,False
TXN-20240112-0000815,WALL-0072278,MERCH-00086,PM-01,DEV-01,2024-01-12 07:59:11,15.02,0.0,0.0,1,Success,Purchase,Penang,MYR,False
TXN-20240112-0000816,WALL-0093036,MERCH-00071,PM-01,DEV-01,2024-01-12 19:08:50,17.65,0.0,0.353,1,Success,Purchase,Chittagong,BDT,False
TXN-20240112-0000817,WALL-0142873,MERCH-00208,PM-02,DEV-04,2024-01-12 16:49:22,9.67,0.0193,0.0,0,Success,Purchase,Ahmedabad,INR,False
TXN-20240112-0000818,WALL-0095336,MERCH-00319,PM-01,DEV-04,2024-01-12 04:24:12,52.41,0.0,0.0,5,Success,Bill Payment,Ho Chi Minh City,VND,False
TXN-20240112-0000819,WALL-0042612,MERCH-00239,PM-02,DEV-04,2024-01-12 08:05:24,34.18,0.0684,0.0,3,Success,Subscription,Delhi,INR,False
TXN-20240112-0000820,WALL-0122898,MERCH-00447,PM-02,DEV-02,2024-01-12 13:48:40,351.35,0.7027,0.0,35,Success,Tax Payment,Bandung,IDR,False
TXN-20240112-0000821,WALL-0025889,MERCH-00363,PM-03,DEV-01,2024-01-12 16:50:49,76.97,0.6158,0.0,7,Success,Bill Payment,Pathein,MMK,False
TXN-20240112-0000822,WALL-0018803,MERCH-00295,PM-05,DEV-02,2024-01-12 14:31:28,173.9,0.0,13.9123,34,Success,Purchase,Cebu City,PHP,False
TXN-20240112-0000823,WALL-0071022,MERCH-00099,PM-03,DEV-01,2024-01-12 23:50:44,69.86,0.5589,0.0,6,Success,Purchase,Yangon,MMK,False
TXN-20240112-0000824,WALL-0145352,MERCH-00074,PM-01,DEV-03,2024-01-12 20:51:22,19.84,0.0,0.3968,1,Success,Purchase,Mandalay,MMK,False
TXN-20240112-0000825,WALL-0018237,MERCH-00379,PM-01,DEV-01,2024-01-12 21:32:07,63.79,0.0,0.0,6,Success,Purchase,Pathein,MMK,False
TXN-20240112-0000826,WALL-0059330,MERCH-00184,PM-02,DEV-01,2024-01-12 18:12:44,224.19,0.4484,11.2095,22,Success,Purchase,Naypyidaw,MMK,False
TXN-20240112-0000827,WALL-0099348,MERCH-00240,PM-02,DEV-02,2024-01-12 19:38:39,8.21,0.0164,0.0,0,Success,Subscription,Mumbai,INR,False
TXN-20240112-0000828,WALL-0131594,MERCH-00266,PM-02,DEV-01,2024-01-12 21:08:13,5.0,0.01,0.0,0,Success,Subscription,Mandalay,MMK,False
TXN-20240112-0000829,WALL-0051450,MERCH-00418,PM-01,DEV-01,2024-01-12 12:49:50,34.26,0.0,0.0,3,Success,Payment,Pathein,MMK,False
TXN-20240112-0000830,WALL-0034494,MERCH-00113,PM-02,DEV-01,2024-01-12 17:25:36,142.59,0.2852,0.0,14,Success,Purchase,Chennai,INR,False
TXN-20240112-0000831,WALL-0094316,MERCH-00352,PM-01,DEV-01,2024-01-12 12:48:11,86.44,0.0,0.0,8,Success,Bill Payment,Manila,PHP,False
TXN-20240112-0000832,WALL-0132676,MERCH-00433,PM-02,DEV-03,2024-01-12 01:36:11,50.0,0.1,0.0,5,Success,Tax Payment,Mumbai,INR,False
TXN-20240112-0000833,WALL-0050067,MERCH-00310,PM-01,DEV-01,2024-01-12 17:00:20,328.06,0.0,26.2446,65,Success,Purchase,Manila,PHP,False
TXN-20240112-0000834,WALL-0012124,MERCH-00336,PM-05,DEV-01,2024-01-12 06:46:38,194.13,0.0,0.0,19,Success,Bill Payment,Yangon,MMK,False
TXN-20240112-0000835,WALL-0017117,MERCH-00046,PM-01,DEV-01,2024-01-12 17:30:02,9.08,0.0,0.1816,0,Success,Purchase,Khon Kaen,THB,False
TXN-20240112-0000836,WALL-0139142,MERCH-00111,PM-01,DEV-03,2024-01-12 13:27:01,62.61,0.0,0.0,6,Success,Purchase,Yangon,MMK,False
TXN-20240112-0000837,WALL-0138890,MERCH-00377,PM-05,DEV-05,2024-01-12 20:44:47,42.02,0.0,0.0,4,Success,Purchase,Taunggyi,MMK,False
TXN-20240112-0000838,WALL-0122904,MERCH-00154,PM-01,DEV-01,2024-01-12 12:52:43,65.2,0.0,3.2598,6,Success,Purchase,Bandung,IDR,False
TXN-20240112-0000839,WALL-0111219,MERCH-00386,PM-02,DEV-01,2024-01-12 18:38:33,61.99,0.124,0.0,6,Success,Purchase,Yangon,MMK,False
TXN-20240112-0000840,WALL-0039177,MERCH-00315,PM-01,DEV-01,2024-01-12 19:40:16,62.18,0.0,0.0,6,Success,Bill Payment,Phuket,INR,False
TXN-20240112-0000841,WALL-0091423,MERCH-00074,PM-01,DEV-03,2024-01-12 21:03:43,5.0,0.0,0.1,0,Success,Purchase,Mandalay,MMK,False
TXN-20240112-0000842,WALL-0103789,MERCH-00055,PM-01,DEV-03,2024-01-12 13:38:04,22.54,0.0,0.4507,2,Success,Purchase,Naypyidaw,MMK,False
TXN-20240112-0000843,WALL-0089029,MERCH-00028,PM-01,DEV-01,2024-01-12 06:22:19,7.86,0.0,0.1571,0,Success,Purchase,Da Nang,VND,False
TXN-20240112-0000844,WALL-0010353,MERCH-00078,PM-02,DEV-05,2024-01-12 19:54:18,11.59,0.0232,0.2319,1,Success,Purchase,Pattaya,LKR,False
TXN-20240112-0000845,WALL-0116326,MERCH-00014,PM-01,DEV-02,2024-01-12 12:28:04,82.11,0.0,1.6421,8,Success,Purchase,Colombo,LKR,False
TXN-20240112-0000846,WALL-0026725,MERCH-00385,PM-04,DEV-01,2024-01-12 08:49:36,53.47,1.0695,0.0,5,Success,Purchase,Johor Bahru,MYR,False
TXN-20240112-0000847,WALL-0106001,MERCH-00425,PM-03,DEV-03,2024-01-12 18:53:07,237.26,1.8981,0.0,23,Success,Payment,Pathein,MMK,False
TXN-20240112-0000848,WALL-0066308,MERCH-00487,PM-02,DEV-02,2024-01-12 15:20:20,458.89,0.9178,0.0,45,Success,Payment,Lahore,PKR,False
TXN-20240112-0000849,WALL-0053271,MERCH-00166,PM-05,DEV-01,2024-01-12 19:51:24,538.24,0.0,26.9118,53,Success,Purchase,Johor Bahru,INR,False
TXN-20240112-0000850,WALL-0145664,MERCH-00020,PM-01,DEV-02,2024-01-12 01:47:12,12.87,0.0,0.2573,1,Success,Purchase,Taunggyi,MMK,False
TXN-20240112-0000851,WALL-0071093,MERCH-00306,PM-01,DEV-01,2024-01-12 16:13:19,672.61,0.0,53.8091,134,Success,Purchase,Mawlamyine,MMK,False
TXN-20240112-0000852,WALL-0121523,MERCH-00283,PM-05,DEV-03,2024-01-12 14:30:13,143.98,0.0,11.5186,28,Success,Purchase,Mandalay,MMK,False
TXN-20240112-0000853,WALL-0046244,MERCH-00026,PM-05,DEV-01,2024-01-12 14:11:45,82.2,0.0,1.6441,8,Success,Purchase,Chiang Mai,THB,False
TXN-20240112-0000854,WALL-0055853,MERCH-00340,PM-03,DEV-03,2024-01-12 21:19:59,39.45,0.3156,0.0,3,Success,Bill Payment,Delhi,LKR,False
TXN-20240112-0000855,WALL-0048828,MERCH-00073,PM-02,DEV-01,2024-01-12 13:28:14,50.14,0.1003,1.0029,5,Success,Purchase,Ho Chi Minh City,VND,False
TXN-20240112-0000856,WALL-0022228,MERCH-00048,PM-03,DEV-01,2024-01-12 12:24:59,10.44,0.0835,0.2087,1,Success,Purchase,Manila,PHP,False
TXN-20240112-0000857,WALL-0130848,MERCH-00474,PM-02,DEV-02,2024-01-12 18:28:10,152.27,0.3045,0.0,15,Success,Payment,Taunggyi,MMK,False
TXN-20240112-0000858,WALL-0014579,MERCH-00320,PM-01,DEV-04,2024-01-12 14:01:50,52.29,0.0,0.0,5,Success,Bill Payment,Kathmandu,NPR,False
TXN-20240112-0000859,WALL-0033662,MERCH-00403,PM-01,DEV-01,2024-01-12 02:57:02,20.0,0.0,0.0,2,Success,Payment,Myitkyina,MMK,False
TXN-20240112-0000860,WALL-0131213,MERCH-00142,PM-01,DEV-05,2024-01-12 12:42:51,181.01,0.0,9.0507,18,Success,Purchase,Mawlamyine,MMK,False
TXN-20240112-0000861,WALL-0105280,MERCH-00230,PM-04,DEV-01,2024-01-12 15:06:20,29.72,0.5945,0.0,2,Success,Purchase,Jaipur,INR,False
TXN-20240112-0000862,WALL-0014742,MERCH-00136,PM-03,DEV-02,2024-01-12 12:57:40,62.22,0.4977,3.1109,6,Success,Purchase,Hanoi,MMK,False
TXN-20240112-0000863,WALL-0127875,MERCH-00420,PM-05,DEV-01,2024-01-12 15:56:32,231.21,0.0,0.0,23,Success,Payment,Naypyidaw,MMK,False
TXN-20240112-0000864,WALL-0091538,MERCH-00216,PM-02,DEV-04,2024-01-12 20:21:05,5.0,0.01,0.0,0,Success,Purchase,Taunggyi,MMK,False
TXN-20240112-0000865,WALL-0054043,MERCH-00133,PM-03,DEV-01,2024-01-12 19:07:38,353.2,2.8256,17.6601,35,Success,Purchase,Penang,MYR,False
TXN-20240112-0000866,WALL-0076253,MERCH-00021,PM-01,DEV-01,2024-01-12 14:49:38,19.47,0.0,0.3895,1,Success,Purchase,Bago,MMK,False
TXN-20240112-0000867,WALL-0072833,MERCH-00107,PM-04,DEV-02,2024-01-12 04:30:04,35.72,0.7143,0.0,3,Success,Purchase,Yangon,MMK,False
TXN-20240112-0000868,WALL-0074622,MERCH-00029,PM-02,DEV-03,2024-01-12 14:45:16,10.32,0.0206,0.2064,1,Success,Purchase,Kandy,LKR,False
TXN-20240112-0000869,WALL-0118889,MERCH-00338,PM-02,DEV-01,2024-01-12 12:24:28,48.87,0.0977,0.0,4,Success,Bill Payment,Pathein,MMK,False
TXN-20240112-0000870,WALL-0049880,MERCH-00156,PM-02,DEV-01,2024-01-12 12:08:14,118.66,0.2373,5.9332,11,Success,Purchase,Mawlamyine,MMK,False
TXN-20240112-0000871,WALL-0125538,MERCH-00359,PM-01,DEV-03,2024-01-12 06:01:41,14.57,0.0,0.0,1,Success,Bill Payment,Mawlamyine,MMK,False
TXN-20240112-0000872,WALL-0030960,MERCH-00195,PM-04,DEV-02,2024-01-12 18:51:47,7.88,0.1576,0.0,0,Success,Purchase,Delhi,MYR,False
TXN-20240112-0000873,WALL-0132669,MERCH-00054,PM-01,DEV-01,2024-01-12 20:10:46,5.57,0.0,0.1115,0,Success,Purchase,Ahmedabad,INR,False
TXN-20240112-0000874,WALL-0132258,MERCH-00410,PM-02,DEV-04,2024-01-12 15:14:04,44.3,0.0886,0.0,4,Success,Payment,Pokhara,NPR,False
TXN-20240112-0000875,WALL-0116722,MERCH-00357,PM-02,DEV-01,2024-01-12 12:24:33,54.93,0.1099,0.0,5,Success,Bill Payment,Pokhara,NPR,False
TXN-20240112-0000876,WALL-0065713,MERCH-00074,PM-04,DEV-01,2024-01-12 15:29:05,8.63,0.1725,0.1725,0,Success,Purchase,Ahmedabad,INR,False
TXN-20240112-0000877,WALL-0039816,MERCH-00271,PM-03,DEV-01,2024-01-12 11:00:22,564.23,4.5138,45.1384,112,Success,Purchase,Delhi,INR,False
TXN-20240112-0000878,WALL-0011893,MERCH-00001,PM-01,DEV-01,2024-01-12 13:03:01,9.72,0.0,0.1943,0,Success,Purchase,Kolkata,INR,False
TXN-20240112-0000879,WALL-0063219,MERCH-00498,PM-04,DEV-02,2024-01-12 15:05:26,173.54,3.4709,0.0,17,Success,Payment,Mandalay,INR,False
TXN-20240112-0000880,WALL-0075596,MERCH-00088,PM-01,DEV-03,2024-01-12 19:45:00,10.0,0.0,0.0,1,Success,Purchase,Pune,INR,False
TXN-20240112-0000881,WALL-0048920,MERCH-00480,PM-01,DEV-01,2024-01-12 16:34:27,248.36,0.0,0.0,0,Failed,Payment,Myitkyina,MMK,False
TXN-20240112-0000882,WALL-0046798,MERCH-00091,PM-04,DEV-03,2024-01-12 14:46:39,44.39,0.8877,0.0,4,Success,Purchase,Khon Kaen,THB,False
TXN-20240112-0000883,WALL-0090249,MERCH-00207,PM-01,DEV-04,2024-01-12 21:09:54,15.9,0.0,0.0,1,Success,Purchase,Taunggyi,MYR,False
TXN-20240112-0000884,WALL-0009241,MERCH-00437,PM-04,DEV-02,2024-01-12 17:15:10,83.32,1.6663,0.0,8,Success,Tax Payment,Bago,MMK,False
TXN-20240112-0000885,WALL-0126890,MERCH-00498,PM-01,DEV-05,2024-01-12 06:26:20,83.28,0.0,0.0,8,Success,Payment,Naypyidaw,MMK,False
TXN-20240112-0000886,WALL-0140887,MERCH-00195,PM-01,DEV-01,2024-01-12 17:04:41,21.94,0.0,0.0,2,Success,Purchase,Myitkyina,MMK,False
TXN-20240112-0000887,WALL-0142693,MERCH-00283,PM-01,DEV-01,2024-01-12 12:45:35,218.63,0.0,17.4901,43,Success,Purchase,Phnom Penh,KHR,False
TXN-20240112-0000888,WALL-0149471,MERCH-00468,PM-04,DEV-03,2024-01-12 12:18:57,138.91,2.7782,0.0,13,Success,Payment,Naypyidaw,MMK,False
TXN-20240112-0000889,WALL-0044991,MERCH-00219,PM-04,DEV-01,2024-01-12 20:04:44,18.9,0.3779,0.0,1,Success,Purchase,Yangon,MMK,False
TXN-20240112-0000890,WALL-0110219,MERCH-00030,PM-01,DEV-01,2024-01-12 18:45:18,66.3,0.0,1.326,6,Success,Purchase,Cebu City,PHP,False
TXN-20240112-0000891,WALL-0146783,MERCH-00109,PM-04,DEV-01,2024-01-12 10:26:08,51.44,1.0288,0.0,5,Success,Purchase,Mawlamyine,MMK,False
TXN-20240112-0000892,WALL-0092940,MERCH-00044,PM-01,DEV-03,2024-01-12 20:04:13,19.84,0.0,0.3968,1,Success,Purchase,Naypyidaw,MMK,False
TXN-20240112-0000893,WALL-0001241,MERCH-00196,PM-02,DEV-01,2024-01-12 11:03:43,13.84,0.0277,0.0,1,Success,Purchase,Lahore,PKR,False
TXN-20240112-0000894,WALL-0086205,MERCH-00167,PM-02,DEV-02,2024-01-12 18:57:37,29.54,0.0591,1.4772,2,Success,Purchase,Pathein,THB,False
TXN-20240112-0000895,WALL-0129982,MERCH-00390,PM-03,DEV-02,2024-01-12 02:40:38,91.66,0.7333,0.0,9,Success,Purchase,Surabaya,VND,False
TXN-20240112-0000896,WALL-0125800,MERCH-00074,PM-02,DEV-05,2024-01-12 02:00:47,31.59,0.0632,0.6319,3,Success,Purchase,Pathein,MMK,False
TXN-20240112-0000897,WALL-0032119,MERCH-00356,PM-05,DEV-01,2024-01-12 06:14:21,58.79,0.0,0.0,5,Success,Bill Payment,Medan,IDR,False
TXN-20240112-0000898,WALL-0052259,MERCH-00413,PM-01,DEV-01,2024-01-12 20:35:37,66.76,0.0,0.0,6,Success,Payment,Kandy,MMK,False
TXN-20240112-0000899,WALL-0078833,MERCH-00422,PM-04,DEV-02,2024-01-12 15:51:10,20.0,0.4,0.0,2,Success,Payment,Naypyidaw,MMK,False
TXN-20240112-0000900,WALL-0136703,MERCH-00302,PM-03,DEV-01,2024-01-12 13:46:54,1261.58,10.0927,100.9268,252,Success,Purchase,Medan,IDR,False
TXN-20240112-0000901,WALL-0014152,MERCH-00193,PM-03,DEV-02,2024-01-12 05:16:35,9.72,0.0778,0.0,0,Success,Purchase,Hyderabad,INR,False
TXN-20240112-0000902,WALL-0062252,MERCH-00448,PM-04,DEV-01,2024-01-12 18:11:13,492.44,9.8489,0.0,49,Success,Tax Payment,Mandalay,MMK,False
TXN-20240112-0000903,WALL-0081273,MERCH-00035,PM-01,DEV-01,2024-01-12 01:52:26,40.24,0.0,0.8048,4,Success,Purchase,Mandalay,MMK,False
TXN-20240112-0000904,WALL-0042815,MERCH-00091,PM-03,DEV-02,2024-01-12 13:47:07,27.75,0.222,0.0,2,Success,Purchase,Pune,INR,False
TXN-20240112-0000905,WALL-0060551,MERCH-00491,PM-01,DEV-01,2024-01-12 15:51:24,75.9,0.0,0.0,7,Success,Payment,Bangkok,THB,False
TXN-20240112-0000906,WALL-0062791,MERCH-00215,PM-03,DEV-01,2024-01-12 21:00:31,12.84,0.1027,0.0,1,Success,Purchase,Mandalay,MMK,False
TXN-20240112-0000907,WALL-0066169,MERCH-00300,PM-05,DEV-01,2024-01-12 19:37:36,370.34,0.0,29.6274,74,Success,Purchase,Pathein,MMK,False
TXN-20240112-0000908,WALL-0136447,MERCH-00086,PM-02,DEV-01,2024-01-12 13:46:14,110.36,0.2207,0.0,11,Success,Purchase,Naypyidaw,MMK,False
TXN-20240112-0000909,WALL-0062863,MERCH-00325,PM-03,DEV-02,2024-01-12 13:55:21,229.79,1.8383,0.0,22,Success,Bill Payment,Pathein,MMK,False
TXN-20240112-0000910,WALL-0035464,MERCH-00055,PM-04,DEV-01,2024-01-12 15:19:59,87.02,1.7405,1.7405,8,Success,Purchase,Phnom Penh,KHR,False
TXN-20240112-0000911,WALL-0042467,MERCH-00196,PM-01,DEV-03,2024-01-12 00:39:52,10.83,0.0,0.0,1,Success,Purchase,Myitkyina,MMK,False
TXN-20240112-0000912,WALL-0013605,MERCH-00001,PM-04,DEV-01,2024-01-12 04:35:34,13.05,0.2611,0.2611,1,Success,Purchase,Pathein,MMK,False
TXN-20240112-0000913,WALL-0088972,MERCH-00046,PM-01,DEV-02,2024-01-12 18:27:00,22.56,0.0,0.4512,2,Success,Purchase,Pathein,MMK,False
TXN-20240112-0000914,WALL-0078986,MERCH-00221,PM-01,DEV-02,2024-01-12 13:52:49,8.79,0.0,0.0,0,Success,Purchase,Chiang Mai,THB,False
TXN-20240112-0000915,WALL-0026055,MERCH-00442,PM-03,DEV-04,2024-01-12 16:01:55,366.12,2.9289,0.0,36,Success,Tax Payment,Mandalay,MMK,False
TXN-20240112-0000916,WALL-0018392,MERCH-00101,PM-03,DEV-03,2024-01-12 21:06:12,83.71,0.6697,0.0,8,Success,Purchase,Mawlamyine,MMK,False
TXN-20240112-0000917,WALL-0085946,MERCH-00357,PM-02,DEV-02,2024-01-12 17:43:10,61.89,0.1238,0.0,6,Success,Bill Payment,Naypyidaw,MMK,False
TXN-20240112-0000918,WALL-0034850,MERCH-00011,PM-01,DEV-02,2024-01-12 13:26:24,16.71,0.0,0.3342,1,Success,Purchase,Chiang Mai,MMK,False
TXN-20240112-0000919,WALL-0126324,MERCH-00008,PM-05,DEV-05,2024-01-12 18:57:05,12.19,0.0,0.2438,1,Success,Purchase,Colombo,LKR,False
TXN-20240112-0000920,WALL-0127394,MERCH-00346,PM-01,DEV-02,2024-01-12 04:09:24,18.32,0.0,0.0,1,Success,Bill Payment,Myitkyina,MMK,False
TXN-20240112-0000921,WALL-0098983,MERCH-00137,PM-02,DEV-01,2024-01-12 21:42:44,20.0,0.04,1.0,2,Success,Purchase,Mumbai,INR,False
TXN-20240112-0000922,WALL-0042871,MERCH-00389,PM-03,DEV-01,2024-01-12 08:08:31,56.29,0.4503,0.0,5,Success,Purchase,Ho Chi Minh City,VND,False
TXN-20240112-0000923,WALL-0020599,MERCH-00261,PM-03,DEV-01,2024-01-12 21:31:20,6.82,0.0545,0.0,0,Success,Subscription,Singapore,SGD,False
TXN-20240112-0000924,WALL-0089763,MERCH-00212,PM-04,DEV-01,2024-01-12 21:33:42,7.98,0.1597,0.0,0,Success,Purchase,Kuala Lumpur,MYR,False
TXN-20240112-0000925,WALL-0086510,MERCH-00216,PM-01,DEV-01,2024-01-12 17:12:00,11.25,0.0,0.0,1,Success,Purchase,Bangalore,INR,False
TXN-20240112-0000926,WALL-0061794,MERCH-00477,PM-01,DEV-05,2024-01-12 13:39:43,64.44,0.0,0.0,6,Success,Payment,Bago,MMK,False
TXN-20240112-0000927,WALL-0096979,MERCH-00322,PM-04,DEV-05,2024-01-12 20:34:38,78.03,1.5606,0.0,7,Success,Bill Payment,Medan,IDR,False
TXN-20240112-0000928,WALL-0074509,MERCH-00409,PM-05,DEV-01,2024-01-12 21:47:33,115.0,0.0,0.0,11,Success,Payment,Mandalay,MMK,False
TXN-20240112-0000929,WALL-0036986,MERCH-00045,PM-01,DEV-02,2024-01-12 13:00:25,44.74,0.0,0.8948,4,Success,Purchase,Naypyidaw,MMK,False
TXN-20240112-0000930,WALL-0020299,MERCH-00125,PM-05,DEV-03,2024-01-12 13:50:21,24.35,0.0,0.0,2,Success,Purchase,Bago,MMK,False
TXN-20240112-0000931,WALL-0136311,MERCH-00465,PM-02,DEV-01,2024-01-12 19:08:48,344.23,0.6885,0.0,34,Success,Payment,Yangon,MMK,False
TXN-20240112-0000932,WALL-0021342,MERCH-00402,PM-01,DEV-01,2024-01-12 15:36:46,20.16,0.0,0.0,2,Success,Payment,Bangkok,THB,False
TXN-20240112-0000933,WALL-0009650,MERCH-00270,PM-02,DEV-03,2024-01-12 08:46:02,28.31,0.0566,0.0,2,Success,Subscription,Pattaya,THB,False
TXN-20240112-0000934,WALL-0087297,MERCH-00040,PM-02,DEV-01,2024-01-12 17:49:19,26.02,0.052,0.5203,2,Success,Purchase,Surabaya,MMK,False
TXN-20240112-0000935,WALL-0116964,MERCH-00043,PM-02,DEV-01,2024-01-12 22:41:57,19.7,0.0394,0.3941,1,Success,Purchase,Myitkyina,MMK,False
TXN-20240112-0000936,WALL-0022379,MERCH-00386,PM-05,DEV-01,2024-01-12 21:58:23,96.19,0.0,0.0,9,Success,Purchase,Mumbai,IDR,True
TXN-20240112-0000937,WALL-0052917,MERCH-00423,PM-01,DEV-02,2024-01-12 06:09:22,99.34,0.0,0.0,9,Success,Payment,Pathein,MMK,False
TXN-20240112-0000938,WALL-0071121,MERCH-00344,PM-01,DEV-01,2024-01-12 17:51:16,31.45,0.0,0.0,3,Success,Bill Payment,Pathein,MMK,False
TXN-20240112-0000939,WALL-0061914,MERCH-00482,PM-03,DEV-01,2024-01-12 23:10:40,435.24,3.4819,0.0,43,Success,Payment,Quezon City,PHP,False
TXN-20240112-0000940,WALL-0064273,MERCH-00092,PM-02,DEV-02,2024-01-12 14:56:07,80.45,0.1609,0.0,8,Success,Purchase,Ho Chi Minh City,VND,False
TXN-20240112-0000941,WALL-0019165,MERCH-00253,PM-01,DEV-01,2024-01-12 11:51:43,20.67,0.0,0.0,2,Success,Subscription,Mawlamyine,MMK,False
TXN-20240112-0000942,WALL-0009953,MERCH-00101,PM-02,DEV-01,2024-01-12 21:47:54,88.34,0.1767,0.0,8,Success,Purchase,Ho Chi Minh City,VND,False
TXN-20240112-0000943,WALL-0105505,MERCH-00227,PM-02,DEV-01,2024-01-12 15:11:35,6.56,0.0131,0.0,0,Success,Purchase,Mawlamyine,MMK,False
TXN-20240112-0000944,WALL-0063305,MERCH-00271,PM-05,DEV-02,2024-01-12 14:52:51,194.96,0.0,15.597,38,Success,Purchase,Kathmandu,NPR,False
TXN-20240112-0000945,WALL-0141984,MERCH-00085,PM-04,DEV-02,2024-01-12 15:07:46,36.56,0.7311,0.0,3,Success,Purchase,Yangon,MMK,False
TXN-20240112-0000946,WALL-0096019,MERCH-00442,PM-03,DEV-01,2024-01-12 06:06:45,234.68,1.8775,0.0,23,Success,Tax Payment,Manila,PHP,False
TXN-20240112-0000947,WALL-0101802,MERCH-00031,PM-01,DEV-01,2024-01-12 17:32:23,21.7,0.0,0.434,2,Success,Purchase,Naypyidaw,MMK,False
TXN-20240112-0000948,WALL-0103327,MERCH-00446,PM-03,DEV-03,2024-01-12 19:12:48,277.16,2.2173,0.0,27,Success,Tax Payment,Penang,MYR,False
TXN-20240112-0000949,WALL-0078703,MERCH-00141,PM-01,DEV-02,2024-01-12 14:43:35,35.45,0.0,1.7726,3,Success,Purchase,Ahmedabad,INR,False
TXN-20240112-0000950,WALL-0015972,MERCH-00183,PM-02,DEV-01,2024-01-12 22:45:02,105.86,0.2117,5.2929,10,Success,Purchase,Cebu City,BDT,False
TXN-20240112-0000951,WALL-0096567,MERCH-00036,PM-01,DEV-01,2024-01-12 13:42:14,11.83,0.0,0.2367,1,Success,Purchase,Kuala Lumpur,MYR,False
TXN-20240112-0000952,WALL-0070036,MERCH-00175,PM-03,DEV-05,2024-01-12 12:44:30,298.19,2.3855,14.9095,29,Success,Purchase,Islamabad,PKR,False
TXN-20240112-0000953,WALL-0006624,MERCH-00153,PM-01,DEV-01,2024-01-12 05:52:41,535.39,0.0,26.7696,53,Success,Purchase,Manila,PHP,False
TXN-20240112-0000954,WALL-0048975,MERCH-00449,PM-01,DEV-03,2024-01-12 10:59:12,1270.11,0.0,0.0,127,Success,Tax Payment,Taunggyi,MMK,False
TXN-20240112-0000955,WALL-0067874,MERCH-00173,PM-01,DEV-03,2024-01-12 21:52:21,955.79,0.0,47.7896,95,Success,Purchase,Bago,INR,False
TXN-20240112-0000956,WALL-0090554,MERCH-00401,PM-01,DEV-01,2024-01-12 11:02:04,146.33,0.0,0.0,14,Success,Payment,Pokhara,NPR,False
TXN-20240112-0000957,WALL-0077285,MERCH-00448,PM-04,DEV-04,2024-01-12 21:14:01,211.52,4.2304,0.0,21,Success,Tax Payment,Penang,MMK,False
TXN-20240112-0000958,WALL-0112742,MERCH-00051,PM-04,DEV-05,2024-01-12 17:46:05,20.51,0.4102,0.4102,2,Success,Purchase,Kathmandu,NPR,False
TXN-20240112-0000959,WALL-0122070,MERCH-00145,PM-04,DEV-01,2024-01-12 01:11:46,67.09,1.3419,3.3547,6,Success,Purchase,Jaipur,INR,False
TXN-20240112-0000960,WALL-0135889,MERCH-00124,PM-02,DEV-02,2024-01-12 12:42:17,134.8,0.2696,0.0,13,Success,Purchase,Chittagong,MMK,True
TXN-20240112-0000961,WALL-0068393,MERCH-00172,PM-02,DEV-03,2024-01-12 21:55:36,250.26,0.5005,12.5129,25,Success,Purchase,Bago,MMK,False
TXN-20240112-0000962,WALL-0103781,MERCH-00102,PM-02,DEV-01,2024-01-12 11:35:05,113.01,0.226,0.0,11,Success,Purchase,Kolkata,INR,False
TXN-20240112-0000963,WALL-0122155,MERCH-00381,PM-02,DEV-01,2024-01-12 20:11:32,41.85,0.0837,0.0,4,Success,Purchase,Kandy,LKR,False
TXN-20240112-0000964,WALL-0074038,MERCH-00312,PM-05,DEV-01,2024-01-12 13:25:39,60.96,0.0,0.0,6,Success,Bill Payment,Mandalay,MMK,False
TXN-20240112-0000965,WALL-0119032,MERCH-00109,PM-02,DEV-02,2024-01-12 15:07:47,42.95,0.0859,0.0,4,Success,Purchase,Mandalay,MMK,False
TXN-20240112-0000966,WALL-0091140,MERCH-00186,PM-03,DEV-01,2024-01-12 15:27:26,418.23,3.3458,20.9114,41,Success,Purchase,Myitkyina,MMK,False
TXN-20240112-0000967,WALL-0079775,MERCH-00119,PM-01,DEV-05,2024-01-12 21:43:25,161.07,0.0,0.0,16,Success,Purchase,Pathein,MMK,False
TXN-20240112-0000968,WALL-0142963,MERCH-00418,PM-02,DEV-03,2024-01-12 21:04:58,101.18,0.2024,0.0,10,Success,Payment,Chennai,MMK,False
TXN-20240112-0000969,WALL-0132884,MERCH-00098,PM-04,DEV-04,2024-01-12 16:49:45,18.5,0.37,0.0,1,Success,Purchase,Pattaya,THB,False
TXN-20240112-0000970,WALL-0106262,MERCH-00428,PM-04,DEV-05,2024-01-12 06:08:49,90.86,1.8173,0.0,9,Success,Payment,Taunggyi,MMK,False
TXN-20240112-0000971,WALL-0066289,MERCH-00105,PM-01,DEV-02,2024-01-12 17:14:34,134.7,0.0,0.0,0,Reversed,Purchase,Naypyidaw,MMK,False
TXN-20240112-0000972,WALL-0015296,MERCH-00019,PM-01,DEV-02,2024-01-12 06:54:14,6.83,0.0,0.1367,0,Success,Purchase,Yangon,MMK,False
TXN-20240112-0000973,WALL-0047038,MERCH-00011,PM-01,DEV-04,2024-01-12 18:52:58,61.97,0.0,1.2394,6,Success,Purchase,Mawlamyine,MMK,False
TXN-20240112-0000974,WALL-0076438,MERCH-00401,PM-01,DEV-01,2024-01-12 12:32:22,65.95,0.0,0.0,6,Success,Payment,Mawlamyine,MMK,False
TXN-20240112-0000975,WALL-0013381,MERCH-00086,PM-03,DEV-03,2024-01-12 15:54:48,47.59,0.3807,0.0,4,Success,Purchase,Pattaya,INR,False
TXN-20240112-0000976,WALL-0094746,MERCH-00140,PM-01,DEV-02,2024-01-12 04:04:35,366.77,0.0,18.3387,36,Success,Purchase,Penang,MYR,False
TXN-20240112-0000977,WALL-0067390,MERCH-00084,PM-02,DEV-01,2024-01-12 16:50:21,23.43,0.0469,0.0,2,Success,Purchase,Manila,PHP,False
TXN-20240112-0000978,WALL-0006879,MERCH-00179,PM-02,DEV-01,2024-01-12 13:35:33,149.73,0.2995,7.4867,14,Success,Purchase,Pathein,MMK,False
TXN-20240112-0000979,WALL-0032208,MERCH-00305,PM-01,DEV-01,2024-01-12 09:58:51,319.66,0.0,25.5726,63,Success,Purchase,Siem Reap,KHR,False
TXN-20240112-0000980,WALL-0054326,MERCH-00445,PM-01,DEV-01,2024-01-12 22:52:56,95.08,0.0,0.0,9,Success,Tax Payment,Myitkyina,MMK,False
TXN-20240112-0000981,WALL-0015942,MERCH-00394,PM-03,DEV-01,2024-01-12 03:22:54,34.28,0.2742,0.0,3,Success,Purchase,Taunggyi,MMK,False
TXN-20240112-0000982,WALL-0000067,MERCH-00390,PM-01,DEV-03,2024-01-12 18:00:35,84.0,0.0,0.0,8,Success,Purchase,Bangalore,INR,False
TXN-20240112-0000983,WALL-0084151,MERCH-00103,PM-01,DEV-03,2024-01-12 01:41:05,36.84,0.0,0.0,3,Success,Purchase,Mawlamyine,MMK,False
TXN-20240112-0000984,WALL-0129972,MERCH-00446,PM-01,DEV-03,2024-01-12 02:56:54,120.37,0.0,0.0,12,Success,Tax Payment,Ahmedabad,MMK,False
TXN-20240112-0000985,WALL-0092692,MERCH-00228,PM-03,DEV-01,2024-01-12 15:55:54,5.47,0.0438,0.0,0,Success,Purchase,Kuala Lumpur,MYR,False
TXN-20240112-0000986,WALL-0068117,MERCH-00211,PM-02,DEV-01,2024-01-12 21:46:01,11.24,0.0225,0.0,1,Success,Purchase,Myitkyina,MMK,False
TXN-20240112-0000987,WALL-0083774,MERCH-00062,PM-01,DEV-03,2024-01-12 08:13:14,8.39,0.0,0.1679,0,Success,Purchase,Naypyidaw,MMK,False
TXN-20240112-0000988,WALL-0093319,MERCH-00040,PM-01,DEV-01,2024-01-12 18:27:42,21.81,0.0,0.4362,2,Success,Purchase,Siem Reap,KHR,False
TXN-20240112-0000989,WALL-0124180,MERCH-00071,PM-04,DEV-05,2024-01-12 18:05:34,17.39,0.3479,0.3479,1,Success,Purchase,Chennai,INR,False
TXN-20240112-0000990,WALL-0139697,MERCH-00145,PM-01,DEV-03,2024-01-12 08:11:45,108.56,0.0,5.4279,10,Success,Purchase,Bago,MMK,False
TXN-20240112-0000991,WALL-0063011,MERCH-00069,PM-01,DEV-01,2024-01-12 12:28:17,32.74,0.0,0.6547,3,Success,Purchase,Bangkok,THB,False
TXN-20240112-0000992,WALL-0073061,MERCH-00172,PM-02,DEV-01,2024-01-12 17:01:32,111.11,0.2222,5.5555,11,Success,Purchase,Singapore,SGD,False
TXN-20240112-0000993,WALL-0066162,MERCH-00428,PM-03,DEV-01,2024-01-12 13:25:13,274.1,2.1928,0.0,27,Success,Payment,Delhi,INR,False
TXN-20240112-0000994,WALL-0065720,MERCH-00471,PM-04,DEV-05,2024-01-12 13:45:53,221.16,4.4232,0.0,22,Success,Payment,Penang,INR,False
TXN-20240112-0000995,WALL-0043687,MERCH-00260,PM-05,DEV-03,2024-01-12 20:28:52,10.14,0.0,0.0,1,Success,Subscription,Cebu City,PHP,False
TXN-20240112-0000996,WALL-0079391,MERCH-00310,PM-01,DEV-01,2024-01-12 18:49:02,404.58,0.0,32.3666,80,Success,Purchase,Da Nang,VND,False
TXN-20240112-0000997,WALL-0147528,MERCH-00096,PM-02,DEV-01,2024-01-12 18:23:13,15.97,0.0319,0.0,1,Success,Purchase,Quezon City,MMK,False
TXN-20240112-0000998,WALL-0095175,MERCH-00102,PM-04,DEV-01,2024-01-12 09:41:53,60.15,1.2029,0.0,6,Success,Purchase,Chittagong,BDT,False
TXN-20240112-0000999,WALL-0061442,MERCH-00004,PM-02,DEV-02,2024-01-12 06:58:33,16.75,0.0335,0.335,1,Success,Purchase,Johor Bahru,MYR,False
TXN-20240112-0001000,WALL-0117104,MERCH-00010,PM-01,DEV-01,2024-01-12 14:57:08,15.49,0.0,0.3097,1,Success,Purchase,Surabaya,IDR,False
TXN-20240112-0001001,WALL-0056208,MERCH-00094,PM-02,DEV-03,2024-01-12 23:38:18,30.39,0.0608,0.0,0,Failed,Purchase,Colombo,LKR,False
TXN-20240112-0001002,WALL-0133978,MERCH-00444,PM-03,DEV-01,2024-01-12 09:17:44,151.76,1.2141,0.0,15,Success,Tax Payment,Bago,MMK,False
TXN-20240112-0001003,WALL-0136863,MERCH-00194,PM-03,DEV-01,2024-01-12 18:42:26,10.6,0.0848,0.0,1,Success,Purchase,Bago,MMK,False
TXN-20240112-0001004,WALL-0003353,MERCH-00315,PM-02,DEV-01,2024-01-12 22:26:06,29.8,0.0596,0.0,2,Success,Bill Payment,Taunggyi,MMK,False
TXN-20240112-0001005,WALL-0014829,MERCH-00211,PM-01,DEV-03,2024-01-12 21:07:14,21.14,0.0,0.0,0,Failed,Purchase,Colombo,MMK,False
TXN-20240112-0001006,WALL-0083336,MERCH-00409,PM-05,DEV-03,2024-01-12 22:34:11,98.88,0.0,0.0,9,Success,Payment,Mawlamyine,MMK,False
TXN-20240112-0001007,WALL-0048723,MERCH-00444,PM-01,DEV-02,2024-01-12 19:39:14,117.82,0.0,0.0,11,Success,Tax Payment,Surabaya,IDR,False
TXN-20240112-0001008,WALL-0113353,MERCH-00048,PM-03,DEV-02,2024-01-12 12:24:48,18.27,0.1462,0.3655,1,Success,Purchase,Kathmandu,NPR,False
TXN-20240112-0001009,WALL-0079035,MERCH-00381,PM-03,DEV-01,2024-01-12 10:12:56,39.84,0.3188,0.0,3,Success,Purchase,Yangon,MMK,False
TXN-20240112-0001010,WALL-0063620,MERCH-00305,PM-02,DEV-01,2024-01-12 14:15:01,952.0,1.904,76.1604,190,Success,Purchase,Pathein,MMK,False
TXN-20240112-0001011,WALL-0028404,MERCH-00008,PM-01,DEV-02,2024-01-12 07:55:50,19.05,0.0,0.3809,1,Success,Purchase,Mandalay,MMK,False
TXN-20240112-0001012,WALL-0145474,MERCH-00009,PM-03,DEV-01,2024-01-12 10:17:47,19.09,0.1527,0.3817,1,Success,Purchase,Bago,MMK,False
TXN-20240112-0001013,WALL-0125077,MERCH-00009,PM-01,DEV-04,2024-01-12 15:28:20,7.39,0.0,0.1479,0,Success,Purchase,Chiang Mai,THB,False
TXN-20240112-0001014,WALL-0010094,MERCH-00029,PM-02,DEV-01,2024-01-12 10:14:23,27.07,0.0541,0.5413,2,Success,Purchase,Ho Chi Minh City,VND,False
TXN-20240112-0001015,WALL-0018750,MERCH-00374,PM-04,DEV-03,2024-01-12 20:44:12,94.23,1.8847,0.0,9,Success,Purchase,Mandalay,MMK,False
TXN-20240112-0001016,WALL-0112037,MERCH-00038,PM-02,DEV-01,2024-01-12 16:18:54,60.0,0.12,1.2,6,Success,Purchase,Pathein,MMK,False
TXN-20240112-0001017,WALL-0120034,MERCH-00016,PM-05,DEV-01,2024-01-12 10:38:43,12.44,0.0,0.2488,1,Success,Purchase,Johor Bahru,MYR,False
TXN-20240112-0001018,WALL-0057134,MERCH-00401,PM-01,DEV-01,2024-01-12 19:28:47,26.75,0.0,0.0,2,Success,Payment,Mawlamyine,MMK,False
TXN-20240112-0001019,WALL-0031935,MERCH-00154,PM-04,DEV-03,2024-01-12 12:00:30,85.3,1.706,4.265,8,Success,Purchase,Mumbai,INR,False
TXN-20240112-0001020,WALL-0087525,MERCH-00082,PM-01,DEV-01,2024-01-12 18:56:58,51.73,0.0,0.0,5,Success,Purchase,Khon Kaen,MMK,False
TXN-20240112-0001021,WALL-0041974,MERCH-00028,PM-01,DEV-01,2024-01-12 17:54:10,14.17,0.0,0.2834,1,Success,Purchase,Naypyidaw,MMK,False
TXN-20240112-0001022,WALL-0001295,MERCH-00171,PM-01,DEV-01,2024-01-12 20:28:56,70.6,0.0,3.5302,7,Success,Purchase,Pathein,MMK,False
TXN-20240112-0001023,WALL-0046649,MERCH-00171,PM-01,DEV-05,2024-01-12 17:41:47,53.06,0.0,2.653,5,Success,Purchase,Kathmandu,MMK,False
TXN-20240112-0001024,WALL-0024252,MERCH-00167,PM-01,DEV-01,2024-01-12 13:50:47,64.37,0.0,3.2185,6,Success,Purchase,Pathein,MMK,False
TXN-20240112-0001025,WALL-0018146,MERCH-00113,PM-02,DEV-05,2024-01-12 14:45:15,61.92,0.1238,0.0,6,Success,Purchase,Mawlamyine,MMK,False
TXN-20240112-0001026,WALL-0032743,MERCH-00071,PM-03,DEV-03,2024-01-12 08:14:09,7.73,0.0618,0.1545,0,Success,Purchase,Yangon,MMK,False
TXN-20240112-0001027,WALL-0051078,MERCH-00072,PM-01,DEV-01,2024-01-12 12:06:08,18.15,0.0,0.363,1,Success,Purchase,Ahmedabad,INR,False
TXN-20240112-0001028,WALL-0012287,MERCH-00048,PM-04,DEV-02,2024-01-12 12:21:00,64.61,1.2921,1.2921,6,Success,Purchase,Naypyidaw,PKR,False
TXN-20240112-0001029,WALL-0065635,MERCH-00207,PM-02,DEV-04,2024-01-12 14:31:29,7.68,0.0154,0.0,0,Success,Purchase,Myitkyina,MMK,False
TXN-20240112-0001030,WALL-0093560,MERCH-00051,PM-01,DEV-05,2024-01-12 20:42:53,7.81,0.0,0.1562,0,Success,Purchase,Singapore,SGD,False
TXN-20240112-0001031,WALL-0018791,MERCH-00048,PM-01,DEV-05,2024-01-12 15:11:20,51.52,0.0,1.0303,5,Success,Purchase,Kolkata,MMK,False
TXN-20240112-0001032,WALL-0007129,MERCH-00426,PM-04,DEV-01,2024-01-12 09:04:12,181.8,3.6359,0.0,18,Success,Payment,Naypyidaw,INR,False
TXN-20240112-0001033,WALL-0124773,MERCH-00162,PM-02,DEV-01,2024-01-12 16:54:58,46.27,0.0925,2.3134,4,Success,Purchase,Lahore,PKR,False
TXN-20240112-0001034,WALL-0117667,MERCH-00062,PM-05,DEV-01,2024-01-12 19:36:58,19.75,0.0,0.3951,1,Success,Purchase,Yangon,MMK,False
TXN-20240112-0001035,WALL-0029932,MERCH-00280,PM-01,DEV-01,2024-01-12 18:52:48,299.25,0.0,23.9399,59,Success,Purchase,Pattaya,THB,False
TXN-20240112-0001036,WALL-0026554,MERCH-00145,PM-01,DEV-01,2024-01-12 22:02:52,111.51,0.0,5.5754,11,Success,Purchase,Pathein,MMK,False
TXN-20240112-0001037,WALL-0041895,MERCH-00068,PM-03,DEV-01,2024-01-12 12:02:10,7.81,0.0624,0.1561,0,Success,Purchase,Bandung,IDR,False
TXN-20240112-0001038,WALL-0063467,MERCH-00475,PM-03,DEV-01,2024-01-12 03:19:11,113.84,0.9107,0.0,11,Success,Payment,Chennai,INR,False
TXN-20240112-0001039,WALL-0074227,MERCH-00269,PM-04,DEV-01,2024-01-12 12:18:47,11.95,0.2389,0.0,1,Success,Subscription,Pathein,MMK,False
TXN-20240112-0001040,WALL-0119261,MERCH-00383,PM-03,DEV-01,2024-01-12 13:11:39,101.17,0.8093,0.0,10,Success,Purchase,Kolkata,INR,False
TXN-20240112-0001041,WALL-0020547,MERCH-00316,PM-03,DEV-03,2024-01-12 14:19:50,89.15,0.7132,0.0,8,Success,Bill Payment,Bangalore,INR,False
TXN-20240112-0001042,WALL-0037066,MERCH-00098,PM-01,DEV-03,2024-01-12 19:30:13,26.45,0.0,0.0,2,Success,Purchase,Delhi,IDR,False
TXN-20240112-0001043,WALL-0135860,MERCH-00190,PM-01,DEV-01,2024-01-12 08:26:04,1075.68,0.0,53.7838,107,Success,Purchase,Taunggyi,MMK,False
TXN-20240112-0001044,WALL-0042157,MERCH-00368,PM-01,DEV-01,2024-01-12 19:24:53,64.28,0.0,0.0,6,Success,Bill Payment,Quezon City,PHP,False
TXN-20240112-0001045,WALL-0100584,MERCH-00048,PM-02,DEV-01,2024-01-12 20:17:19,12.62,0.0252,0.2524,1,Success,Purchase,Mawlamyine,MMK,False
TXN-20240112-0001046,WALL-0063000,MERCH-00467,PM-01,DEV-03,2024-01-12 19:25:50,2277.84,0.0,0.0,227,Success,Payment,Colombo,MMK,False
TXN-20240112-0001047,WALL-0008123,MERCH-00108,PM-03,DEV-03,2024-01-12 16:07:36,72.94,0.5835,0.0,7,Success,Purchase,Bago,MMK,False
TXN-20240112-0001048,WALL-0088314,MERCH-00358,PM-04,DEV-03,2024-01-12 12:59:23,48.31,0.9662,0.0,4,Success,Bill Payment,Pathein,MMK,False
TXN-20240112-0001049,WALL-0001614,MERCH-00120,PM-01,DEV-02,2024-01-12 15:26:44,19.31,0.0,0.0,1,Success,Purchase,Bandung,IDR,False
TXN-20240112-0001050,WALL-0148071,MERCH-00006,PM-02,DEV-04,2024-01-12 09:41:30,14.61,0.0292,0.2923,1,Success,Purchase,Myitkyina,MMK,False
TXN-20240112-0001051,WALL-0095166,MERCH-00175,PM-02,DEV-01,2024-01-12 10:28:24,71.74,0.1435,3.5868,7,Success,Purchase,Bago,MMK,False
TXN-20240112-0001052,WALL-0119765,MERCH-00170,PM-03,DEV-02,2024-01-12 15:45:51,36.68,0.2934,1.8338,3,Success,Purchase,Bandung,MMK,False
TXN-20240112-0001053,WALL-0061044,MERCH-00128,PM-01,DEV-01,2024-01-12 21:22:06,72.92,0.0,0.0,7,Success,Purchase,Penang,MYR,False
TXN-20240112-0001054,WALL-0115968,MERCH-00028,PM-04,DEV-05,2024-01-12 20:08:43,23.52,0.4705,0.4705,2,Success,Purchase,Delhi,INR,False
TXN-20240112-0001055,WALL-0101185,MERCH-00270,PM-04,DEV-01,2024-01-12 15:18:30,30.1,0.602,0.0,3,Success,Subscription,Myitkyina,MMK,False
TXN-20240112-0001056,WALL-0105542,MERCH-00242,PM-02,DEV-01,2024-01-12 18:08:37,17.33,0.0347,0.0,1,Success,Subscription,Bago,MMK,False
TXN-20240112-0001057,WALL-0093224,MERCH-00010,PM-02,DEV-01,2024-01-12 13:15:52,30.87,0.0617,0.6173,3,Success,Purchase,Karachi,PKR,False
TXN-20240112-0001058,WALL-0081507,MERCH-00016,PM-01,DEV-02,2024-01-12 07:53:23,76.83,0.0,1.5366,7,Success,Purchase,Pune,INR,False
TXN-20240112-0001059,WALL-0074015,MERCH-00232,PM-01,DEV-01,2024-01-12 13:21:45,14.51,0.0,0.0,1,Success,Subscription,Yangon,MMK,False
TXN-20240112-0001060,WALL-0004411,MERCH-00151,PM-01,DEV-01,2024-01-12 17:53:00,130.42,0.0,6.5209,13,Success,Purchase,Pathein,MMK,False
TXN-20240112-0001061,WALL-0078106,MERCH-00132,PM-01,DEV-02,2024-01-12 10:37:31,326.17,0.0,16.3085,32,Success,Purchase,Delhi,INR,False
TXN-20240112-0001062,WALL-0102344,MERCH-00177,PM-01,DEV-01,2024-01-12 17:36:42,53.35,0.0,2.6676,5,Success,Purchase,Mandalay,MMK,False
TXN-20240112-0001063,WALL-0057573,MERCH-00008,PM-02,DEV-01,2024-01-12 08:36:33,12.88,0.0258,0.2575,1,Success,Purchase,Pathein,MMK,False
TXN-20240112-0001064,WALL-0074089,MERCH-00065,PM-04,DEV-01,2024-01-12 13:29:12,9.44,0.1888,0.1888,0,Success,Purchase,Naypyidaw,MMK,False
TXN-20240112-0001065,WALL-0062583,MERCH-00099,PM-03,DEV-01,2024-01-12 19:09:31,168.2,1.3456,0.0,16,Success,Purchase,Naypyidaw,THB,False
TXN-20240112-0001066,WALL-0007517,MERCH-00017,PM-01,DEV-01,2024-01-12 16:26:01,14.47,0.0,0.2894,1,Success,Purchase,Chiang Mai,THB,False
TXN-20240112-0001067,WALL-0082051,MERCH-00034,PM-02,DEV-01,2024-01-12 21:41:06,17.35,0.0347,0.347,1,Success,Purchase,Naypyidaw,MMK,False
TXN-20240112-0001068,WALL-0121520,MERCH-00300,PM-03,DEV-02,2024-01-12 19:28:59,393.28,3.1462,31.4621,78,Success,Purchase,Taunggyi,MMK,False
TXN-20240112-0001069,WALL-0103925,MERCH-00197,PM-01,DEV-01,2024-01-12 15:51:57,8.85,0.0,0.0,0,Success,Purchase,Pattaya,THB,False
TXN-20240112-0001070,WALL-0066082,MERCH-00441,PM-04,DEV-02,2024-01-12 16:54:03,102.1,2.0421,0.0,10,Success,Tax Payment,Singapore,SGD,False
TXN-20240112-0001071,WALL-0072228,MERCH-00082,PM-02,DEV-01,2024-01-12 20:49:58,142.08,0.2842,0.0,14,Success,Purchase,Davao,PHP,False
TXN-20240112-0001072,WALL-0086676,MERCH-00061,PM-02,DEV-01,2024-01-12 13:26:32,12.87,0.0257,0.2573,1,Success,Purchase,Chennai,INR,False
TXN-20240112-0001073,WALL-0066438,MERCH-00013,PM-04,DEV-02,2024-01-12 14:17:29,7.27,0.1454,0.1454,0,Success,Purchase,Khon Kaen,THB,False
TXN-20240112-0001074,WALL-0112758,MERCH-00290,PM-02,DEV-01,2024-01-12 05:40:59,668.96,1.3379,53.5171,133,Success,Purchase,Pathein,MMK,False
TXN-20240112-0001075,WALL-0053871,MERCH-00172,PM-04,DEV-04,2024-01-12 14:12:42,267.82,5.3565,13.3911,26,Success,Purchase,Hanoi,VND,False
TXN-20240112-0001076,WALL-0131034,MERCH-00075,PM-01,DEV-02,2024-01-12 19:48:37,38.03,0.0,0.7606,3,Success,Purchase,Singapore,SGD,False
TXN-20240112-0001077,WALL-0100489,MERCH-00097,PM-02,DEV-01,2024-01-12 14:36:25,28.3,0.0566,0.0,2,Success,Purchase,Naypyidaw,MMK,False
TXN-20240112-0001078,WALL-0008669,MERCH-00195,PM-04,DEV-01,2024-01-12 14:57:30,13.05,0.2609,0.0,1,Success,Purchase,Naypyidaw,MMK,False
TXN-20240112-0001079,WALL-0149016,MERCH-00443,PM-01,DEV-02,2024-01-12 08:53:04,608.64,0.0,0.0,60,Success,Tax Payment,Yangon,MMK,False
TXN-20240112-0001080,WALL-0122305,MERCH-00017,PM-04,DEV-02,2024-01-12 20:47:56,12.14,0.2428,0.2428,1,Success,Purchase,Phnom Penh,KHR,False
TXN-20240112-0001081,WALL-0041432,MERCH-00082,PM-03,DEV-03,2024-01-12 21:31:29,54.29,0.4343,0.0,5,Success,Purchase,Surabaya,IDR,False
TXN-20240112-0001082,WALL-0047727,MERCH-00443,PM-01,DEV-02,2024-01-12 02:35:34,65.02,0.0,0.0,6,Success,Tax Payment,Da Nang,VND,False
TXN-20240112-0001083,WALL-0015427,MERCH-00177,PM-01,DEV-02,2024-01-12 19:19:33,206.9,0.0,10.3449,20,Success,Purchase,Kathmandu,NPR,False
TXN-20240112-0001084,WALL-0040770,MERCH-00356,PM-03,DEV-05,2024-01-12 19:47:10,80.56,0.6445,0.0,8,Success,Bill Payment,Jakarta,IDR,False
TXN-20240112-0001085,WALL-0030000,MERCH-00375,PM-01,DEV-01,2024-01-12 13:49:23,143.99,0.0,0.0,14,Success,Purchase,Johor Bahru,MYR,False
TXN-20240112-0001086,WALL-0033737,MERCH-00150,PM-01,DEV-01,2024-01-12 11:51:31,97.1,0.0,4.8548,9,Success,Purchase,Bali,IDR,False
TXN-20240112-0001087,WALL-0036876,MERCH-00231,PM-01,DEV-02,2024-01-12 07:23:03,36.25,0.0,0.0,3,Success,Subscription,Pattaya,INR,False
TXN-20240112-0001088,WALL-0083712,MERCH-00027,PM-02,DEV-01,2024-01-12 12:21:43,9.91,0.0198,0.1982,0,Success,Purchase,Phnom Penh,KHR,False
TXN-20240112-0001089,WALL-0069574,MERCH-00195,PM-04,DEV-01,2024-01-12 15:04:41,13.33,0.2667,0.0,1,Success,Purchase,Davao,PHP,False
TXN-20240112-0001090,WALL-0138635,MERCH-00450,PM-04,DEV-05,2024-01-12 18:53:20,160.55,3.2111,0.0,16,Success,Tax Payment,Hanoi,MMK,False
TXN-20240112-0001091,WALL-0100425,MERCH-00431,PM-01,DEV-03,2024-01-12 21:32:33,186.77,0.0,0.0,18,Success,Tax Payment,Pathein,MMK,False
TXN-20240112-0001092,WALL-0131100,MERCH-00035,PM-02,DEV-01,2024-01-12 12:42:47,22.09,0.0442,0.4419,2,Success,Purchase,Myitkyina,MMK,False
TXN-20240112-0001093,WALL-0032140,MERCH-00076,PM-04,DEV-01,2024-01-12 20:17:59,14.67,0.2934,0.2934,1,Success,Purchase,Colombo,IDR,False
TXN-20240112-0001094,WALL-0083235,MERCH-00064,PM-01,DEV-03,2024-01-12 20:35:29,7.09,0.0,0.1417,0,Success,Purchase,Davao,IDR,False
TXN-20240112-0001095,WALL-0002960,MERCH-00067,PM-03,DEV-01,2024-01-12 07:57:55,36.62,0.2929,0.7323,3,Success,Purchase,Taunggyi,MMK,False
TXN-20240112-0001096,WALL-0046596,MERCH-00382,PM-01,DEV-01,2024-01-12 05:21:20,39.12,0.0,0.0,3,Success,Purchase,Hyderabad,INR,False
TXN-20240112-0001097,WALL-0107906,MERCH-00040,PM-05,DEV-05,2024-01-12 17:07:09,13.86,0.0,0.2771,1,Success,Purchase,Pokhara,NPR,False
TXN-20240112-0001098,WALL-0026928,MERCH-00231,PM-04,DEV-03,2024-01-12 11:39:53,19.58,0.3917,0.0,1,Success,Subscription,Mawlamyine,MMK,False
TXN-20240112-0001099,WALL-0105546,MERCH-00101,PM-02,DEV-01,2024-01-12 18:45:00,53.89,0.1078,0.0,5,Success,Purchase,Kandy,LKR,False
TXN-20240112-0001100,WALL-0068754,MERCH-00325,PM-02,DEV-02,2024-01-12 15:46:56,48.82,0.0976,0.0,4,Success,Bill Payment,Singapore,SGD,False
TXN-20240112-0001101,WALL-0104909,MERCH-00370,PM-01,DEV-04,2024-01-12 20:02:01,152.3,0.0,0.0,15,Success,Bill Payment,Naypyidaw,MMK,False
TXN-20240112-0001102,WALL-0078104,MERCH-00232,PM-03,DEV-03,2024-01-12 22:24:49,8.37,0.067,0.0,0,Success,Subscription,Delhi,INR,False
TXN-20240112-0001103,WALL-0077731,MERCH-00386,PM-01,DEV-01,2024-01-12 18:00:32,47.32,0.0,0.0,4,Success,Purchase,Bandung,IDR,False
TXN-20240112-0001104,WALL-0049848,MERCH-00067,PM-02,DEV-01,2024-01-12 21:18:08,20.39,0.0408,0.4077,2,Success,Purchase,Myitkyina,MMK,False
TXN-20240112-0001105,WALL-0065324,MERCH-00439,PM-03,DEV-02,2024-01-12 04:31:38,181.28,1.4502,0.0,18,Success,Tax Payment,Mandalay,MMK,False
TXN-20240112-0001106,WALL-0077281,MERCH-00368,PM-03,DEV-01,2024-01-12 15:31:08,67.35,0.5388,0.0,6,Success,Bill Payment,Mawlamyine,MMK,False
TXN-20240112-0001107,WALL-0120687,MERCH-00407,PM-03,DEV-01,2024-01-12 09:36:13,35.54,0.2843,0.0,3,Success,Payment,Khon Kaen,THB,False
TXN-20240112-0001108,WALL-0014174,MERCH-00313,PM-01,DEV-03,2024-01-12 14:11:30,111.68,0.0,0.0,11,Success,Bill Payment,Taunggyi,MMK,False
TXN-20240112-0001109,WALL-0052894,MERCH-00204,PM-01,DEV-01,2024-01-12 04:32:12,22.71,0.0,0.0,2,Success,Purchase,Kolkata,INR,False
TXN-20240112-0001110,WALL-0032332,MERCH-00016,PM-02,DEV-01,2024-01-12 19:57:11,27.59,0.0552,0.5518,2,Success,Purchase,Lahore,PKR,False
TXN-20240112-0001111,WALL-0003635,MERCH-00091,PM-02,DEV-02,2024-01-12 20:30:41,30.88,0.0618,0.0,3,Success,Purchase,Yangon,MMK,False
TXN-20240112-0001112,WALL-0021216,MERCH-00359,PM-01,DEV-01,2024-01-12 16:52:22,10.99,0.0,0.0,1,Success,Bill Payment,Naypyidaw,MMK,False
TXN-20240112-0001113,WALL-0053848,MERCH-00022,PM-01,DEV-01,2024-01-12 13:52:54,31.19,0.0,0.6239,3,Success,Purchase,Taunggyi,MMK,False
TXN-20240112-0001114,WALL-0109349,MERCH-00131,PM-04,DEV-03,2024-01-12 09:18:01,444.96,8.8991,22.2478,44,Success,Purchase,Bago,MMK,False
TXN-20240112-0001115,WALL-0125202,MERCH-00029,PM-02,DEV-02,2024-01-12 13:32:11,33.89,0.0678,0.6778,3,Success,Purchase,Colombo,MMK,False
TXN-20240112-0001116,WALL-0091000,MERCH-00315,PM-01,DEV-01,2024-01-12 10:10:50,112.11,0.0,0.0,11,Success,Bill Payment,Medan,IDR,False
TXN-20240112-0001117,WALL-0012262,MERCH-00003,PM-01,DEV-03,2024-01-12 08:56:05,22.82,0.0,0.4563,2,Success,Purchase,Myitkyina,MMK,False
TXN-20240112-0001118,WALL-0106099,MERCH-00393,PM-04,DEV-01,2024-01-12 23:28:56,51.63,1.0326,0.0,5,Success,Purchase,Islamabad,PKR,False
TXN-20240112-0001119,WALL-0085530,MERCH-00097,PM-02,DEV-02,2024-01-12 13:40:48,30.69,0.0614,0.0,3,Success,Purchase,Naypyidaw,MMK,False
TXN-20240112-0001120,WALL-0097818,MERCH-00196,PM-04,DEV-01,2024-01-12 23:03:53,14.43,0.2886,0.0,1,Success,Purchase,Quezon City,PHP,False
TXN-20240112-0001121,WALL-0100256,MERCH-00112,PM-04,DEV-01,2024-01-12 19:56:33,16.36,0.3272,0.0,1,Success,Purchase,Medan,IDR,False
TXN-20240112-0001122,WALL-0001599,MERCH-00229,PM-03,DEV-04,2024-01-12 05:10:12,16.93,0.1355,0.0,1,Success,Purchase,Karachi,PKR,False
TXN-20240112-0001123,WALL-0047878,MERCH-00136,PM-04,DEV-03,2024-01-12 15:58:41,96.26,1.9251,4.8128,9,Success,Purchase,Pathein,MMK,False
TXN-20240112-0001124,WALL-0035260,MERCH-00227,PM-01,DEV-03,2024-01-12 14:51:07,15.91,0.0,0.0,1,Success,Purchase,Mandalay,MMK,False
TXN-20240112-0001125,WALL-0053783,MERCH-00034,PM-03,DEV-05,2024-01-12 19:02:55,32.29,0.2583,0.6457,3,Success,Purchase,Chittagong,BDT,False
TXN-20240112-0001126,WALL-0045971,MERCH-00260,PM-02,DEV-01,2024-01-12 14:37:49,20.01,0.04,0.0,2,Success,Subscription,Siem Reap,KHR,False
TXN-20240112-0001127,WALL-0030092,MERCH-00093,PM-01,DEV-04,2024-01-12 18:50:00,26.01,0.0,0.0,2,Success,Purchase,Bandung,PHP,False
TXN-20240112-0001128,WALL-0029095,MERCH-00354,PM-02,DEV-01,2024-01-12 17:50:36,63.57,0.1271,0.0,6,Success,Bill Payment,Mawlamyine,MMK,False
TXN-20240112-0001129,WALL-0039224,MERCH-00142,PM-04,DEV-04,2024-01-12 06:44:13,20.0,0.4,1.0,2,Success,Purchase,Bangalore,MMK,False
TXN-20240112-0001130,WALL-0093993,MERCH-00270,PM-04,DEV-01,2024-01-12 10:10:43,31.59,0.6319,0.0,3,Success,Subscription,Mandalay,MMK,False
TXN-20240112-0001131,WALL-0091505,MERCH-00003,PM-01,DEV-01,2024-01-12 09:11:49,65.69,0.0,1.3139,6,Success,Purchase,Kuala Lumpur,MYR,False
TXN-20240112-0001132,WALL-0019252,MERCH-00030,PM-03,DEV-01,2024-01-12 21:11:06,16.89,0.1351,0.3378,1,Success,Purchase,Penang,MYR,False
TXN-20240112-0001133,WALL-0073242,MERCH-00397,PM-02,DEV-01,2024-01-12 20:21:59,120.0,0.24,0.0,12,Success,Purchase,Yangon,MMK,False
TXN-20240112-0001134,WALL-0073466,MERCH-00410,PM-01,DEV-03,2024-01-12 03:49:33,20.0,0.0,0.0,2,Success,Payment,Kuala Lumpur,MYR,False
TXN-20240112-0001135,WALL-0130161,MERCH-00131,PM-02,DEV-01,2024-01-12 19:34:28,50.62,0.1012,2.5308,5,Success,Purchase,Penang,MYR,False
TXN-20240112-0001136,WALL-0060904,MERCH-00232,PM-02,DEV-02,2024-01-12 17:50:53,5.0,0.01,0.0,0,Success,Subscription,Siem Reap,KHR,False
TXN-20240112-0001137,WALL-0043947,MERCH-00135,PM-04,DEV-02,2024-01-12 20:02:23,203.34,4.0667,10.1668,20,Success,Purchase,Myitkyina,MMK,False
TXN-20240112-0001138,WALL-0056610,MERCH-00227,PM-03,DEV-01,2024-01-12 19:29:04,8.33,0.0667,0.0,0,Success,Purchase,Hanoi,VND,False
TXN-20240112-0001139,WALL-0029091,MERCH-00198,PM-01,DEV-02,2024-01-12 18:32:01,13.27,0.0,0.0,1,Success,Purchase,Da Nang,VND,False
TXN-20240112-0001140,WALL-0072474,MERCH-00208,PM-02,DEV-02,2024-01-12 04:25:52,9.68,0.0194,0.0,0,Success,Purchase,Bangalore,INR,False
TXN-20240112-0001141,WALL-0025823,MERCH-00422,PM-04,DEV-01,2024-01-12 11:14:09,101.48,2.0296,0.0,10,Success,Payment,Bago,MMK,False
TXN-20240112-0001142,WALL-0060896,MERCH-00072,PM-01,DEV-02,2024-01-12 15:33:37,10.65,0.0,0.213,1,Success,Purchase,Johor Bahru,MMK,False
TXN-20240112-0001143,WALL-0006935,MERCH-00316,PM-01,DEV-03,2024-01-12 16:32:13,43.56,0.0,0.0,4,Success,Bill Payment,Mumbai,INR,False
TXN-20240112-0001144,WALL-0001623,MERCH-00192,PM-04,DEV-01,2024-01-12 05:38:44,18.95,0.379,0.0,1,Success,Purchase,Bago,MMK,False
TXN-20240112-0001145,WALL-0097140,MERCH-00218,PM-02,DEV-02,2024-01-12 21:16:46,7.96,0.0159,0.0,0,Pending,Purchase,Karachi,PKR,False
TXN-20240112-0001146,WALL-0009515,MERCH-00195,PM-01,DEV-03,2024-01-12 14:23:31,6.31,0.0,0.0,0,Success,Purchase,Singapore,SGD,False
TXN-20240112-0001147,WALL-0109764,MERCH-00311,PM-04,DEV-01,2024-01-12 08:20:50,75.49,1.5098,0.0,0,Failed,Bill Payment,Chiang Mai,THB,False
TXN-20240112-0001148,WALL-0136968,MERCH-00059,PM-02,DEV-04,2024-01-12 17:35:04,30.21,0.0604,0.6041,3,Success,Purchase,Medan,IDR,False
TXN-20240112-0001149,WALL-0007345,MERCH-00442,PM-01,DEV-01,2024-01-12 15:54:33,267.64,0.0,0.0,26,Success,Tax Payment,Mandalay,MMK,False
TXN-20240112-0001150,WALL-0069348,MERCH-00300,PM-02,DEV-02,2024-01-12 01:09:19,100.0,0.2,8.0,20,Success,Purchase,Bago,MMK,False
TXN-20240112-0001151,WALL-0135856,MERCH-00142,PM-04,DEV-03,2024-01-12 08:21:29,97.22,1.9443,4.8609,9,Success,Purchase,Myitkyina,MMK,False
TXN-20240112-0001152,WALL-0123482,MERCH-00398,PM-01,DEV-01,2024-01-12 02:45:46,52.19,0.0,0.0,5,Success,Purchase,Naypyidaw,MMK,False
TXN-20240112-0001153,WALL-0128078,MERCH-00313,PM-04,DEV-01,2024-01-12 02:34:03,55.88,1.1175,0.0,5,Success,Bill Payment,Ho Chi Minh City,MMK,False
TXN-20240112-0001154,WALL-0113475,MERCH-00042,PM-02,DEV-05,2024-01-12 11:44:17,32.7,0.0654,0.6541,3,Success,Purchase,Kuala Lumpur,MYR,False
TXN-20240112-0001155,WALL-0076901,MERCH-00127,PM-04,DEV-03,2024-01-12 13:21:16,12.33,0.2465,0.0,1,Success,Purchase,Johor Bahru,MYR,False
TXN-20240112-0001156,WALL-0115219,MERCH-00403,PM-01,DEV-02,2024-01-12 17:54:47,133.93,0.0,0.0,13,Success,Payment,Chennai,INR,False
TXN-20240112-0001157,WALL-0122573,MERCH-00103,PM-05,DEV-02,2024-01-12 16:28:28,41.88,0.0,0.0,4,Success,Purchase,Davao,PHP,False
TXN-20240112-0001158,WALL-0052560,MERCH-00170,PM-02,DEV-02,2024-01-12 09:07:53,143.87,0.2877,7.1936,14,Success,Purchase,Bago,MMK,False
TXN-20240112-0001159,WALL-0146249,MERCH-00052,PM-03,DEV-05,2024-01-12 00:06:08,12.54,0.1003,0.2507,1,Success,Purchase,Chittagong,BDT,False
TXN-20240112-0001160,WALL-0003664,MERCH-00343,PM-04,DEV-02,2024-01-12 13:51:53,53.41,1.0682,0.0,5,Success,Bill Payment,Myitkyina,MMK,False
TXN-20240112-0001161,WALL-0000448,MERCH-00273,PM-03,DEV-01,2024-01-12 13:35:14,396.94,3.1756,31.7555,79,Success,Purchase,Johor Bahru,MYR,False
TXN-20240112-0001162,WALL-0070157,MERCH-00429,PM-03,DEV-01,2024-01-12 10:06:54,103.39,0.8271,0.0,10,Success,Payment,Pune,MMK,False
TXN-20240112-0001163,WALL-0059073,MERCH-00243,PM-01,DEV-02,2024-01-12 21:35:37,11.91,0.0,0.0,1,Success,Subscription,Naypyidaw,MMK,False
TXN-20240112-0001164,WALL-0126503,MERCH-00327,PM-03,DEV-01,2024-01-12 11:44:10,135.85,1.0868,0.0,13,Success,Bill Payment,Bago,MMK,False
TXN-20240112-0001165,WALL-0025667,MERCH-00051,PM-03,DEV-01,2024-01-12 16:21:15,11.65,0.0932,0.233,1,Success,Purchase,Quezon City,PHP,False
TXN-20240112-0001166,WALL-0098160,MERCH-00348,PM-01,DEV-02,2024-01-12 09:37:03,35.7,0.0,0.0,3,Success,Bill Payment,Myitkyina,MMK,False
TXN-20240112-0001167,WALL-0002146,MERCH-00045,PM-05,DEV-03,2024-01-12 19:11:52,48.78,0.0,0.9756,4,Success,Purchase,Khon Kaen,THB,False
TXN-20240112-0001168,WALL-0031412,MERCH-00012,PM-01,DEV-02,2024-01-12 17:16:37,18.1,0.0,0.362,1,Success,Purchase,Mawlamyine,MMK,False
TXN-20240112-0001169,WALL-0006469,MERCH-00002,PM-01,DEV-04,2024-01-12 16:16:53,10.69,0.0,0.2137,1,Success,Purchase,Islamabad,PKR,False
TXN-20240112-0001170,WALL-0127128,MERCH-00174,PM-01,DEV-01,2024-01-12 20:46:01,36.37,0.0,1.8185,3,Success,Purchase,Hyderabad,INR,False
TXN-20240112-0001171,WALL-0000131,MERCH-00262,PM-02,DEV-02,2024-01-12 09:25:24,12.34,0.0247,0.0,1,Success,Subscription,Mawlamyine,MMK,False
TXN-20240112-0001172,WALL-0088692,MERCH-00066,PM-01,DEV-01,2024-01-12 21:52:51,17.87,0.0,0.3574,1,Success,Purchase,Singapore,MMK,False
TXN-20240112-0001173,WALL-0138913,MERCH-00444,PM-04,DEV-02,2024-01-12 00:03:53,67.6,1.352,0.0,6,Success,Tax Payment,Kandy,LKR,False
TXN-20240112-0001174,WALL-0083616,MERCH-00050,PM-02,DEV-01,2024-01-12 09:17:35,24.19,0.0484,0.4839,2,Success,Purchase,Quezon City,MMK,False
TXN-20240112-0001175,WALL-0064970,MERCH-00348,PM-01,DEV-03,2024-01-12 14:00:51,41.8,0.0,0.0,4,Success,Bill Payment,Dhaka,BDT,False
TXN-20240112-0001176,WALL-0011651,MERCH-00369,PM-02,DEV-05,2024-01-12 06:51:10,39.97,0.0799,0.0,3,Success,Bill Payment,Hanoi,VND,False
TXN-20240112-0001177,WALL-0026052,MERCH-00051,PM-04,DEV-01,2024-01-12 19:51:41,14.81,0.2961,0.2961,1,Success,Purchase,Myitkyina,MMK,False
TXN-20240112-0001178,WALL-0142308,MERCH-00395,PM-01,DEV-01,2024-01-12 21:20:48,38.94,0.0,0.0,3,Success,Purchase,Bago,MMK,False
TXN-20240112-0001179,WALL-0075820,MERCH-00158,PM-01,DEV-01,2024-01-12 08:21:57,91.15,0.0,4.5573,9,Success,Purchase,Bali,INR,False
TXN-20240112-0001180,WALL-0002701,MERCH-00136,PM-01,DEV-01,2024-01-12 18:47:21,251.57,0.0,12.5785,25,Success,Purchase,Yangon,MMK,False
TXN-20240112-0001181,WALL-0105616,MERCH-00245,PM-05,DEV-01,2024-01-12 18:43:58,5.0,0.0,0.0,0,Success,Subscription,Kolkata,INR,False
TXN-20240112-0001182,WALL-0028713,MERCH-00101,PM-02,DEV-01,2024-01-12 07:53:55,124.28,0.2486,0.0,12,Success,Purchase,Bago,MMK,False
TXN-20240112-0001183,WALL-0041674,MERCH-00083,PM-01,DEV-01,2024-01-12 14:44:53,160.85,0.0,0.0,16,Success,Purchase,Bago,MMK,False
TXN-20240112-0001184,WALL-0029774,MERCH-00121,PM-03,DEV-01,2024-01-12 13:41:27,71.01,0.5681,0.0,7,Success,Purchase,Singapore,SGD,False
TXN-20240112-0001185,WALL-0037924,MERCH-00363,PM-03,DEV-01,2024-01-12 15:55:27,32.56,0.2604,0.0,3,Success,Bill Payment,Johor Bahru,MYR,False
TXN-20240112-0001186,WALL-0135490,MERCH-00150,PM-03,DEV-01,2024-01-12 20:05:00,158.61,1.2689,7.9305,15,Success,Purchase,Naypyidaw,MMK,False
TXN-20240112-0001187,WALL-0094861,MERCH-00264,PM-03,DEV-01,2024-01-12 10:28:21,20.52,0.1642,0.0,2,Success,Subscription,Surabaya,IDR,False
TXN-20240112-0001188,WALL-0028595,MERCH-00352,PM-01,DEV-03,2024-01-12 12:41:00,42.83,0.0,0.0,4,Success,Bill Payment,Bangkok,THB,False
TXN-20240112-0001189,WALL-0031912,MERCH-00459,PM-02,DEV-02,2024-01-12 21:24:49,244.57,0.4891,0.0,24,Success,Payment,Islamabad,PKR,False
TXN-20240112-0001190,WALL-0119760,MERCH-00296,PM-02,DEV-02,2024-01-12 17:41:27,438.3,0.8766,35.0638,87,Success,Purchase,Penang,MYR,False
TXN-20240112-0001191,WALL-0128212,MERCH-00341,PM-01,DEV-01,2024-01-12 16:16:32,16.08,0.0,0.0,1,Success,Bill Payment,Da Nang,VND,False
TXN-20240112-0001192,WALL-0067532,MERCH-00211,PM-02,DEV-01,2024-01-12 16:40:43,13.02,0.026,0.0,1,Success,Purchase,Medan,IDR,False
TXN-20240112-0001193,WALL-0045835,MERCH-00423,PM-01,DEV-01,2024-01-12 21:32:55,51.68,0.0,0.0,5,Success,Payment,Yangon,MMK,False
TXN-20240112-0001194,WALL-0042862,MERCH-00265,PM-03,DEV-02,2024-01-12 12:05:13,7.58,0.0607,0.0,0,Success,Subscription,Surabaya,IDR,False
TXN-20240112-0001195,WALL-0123809,MERCH-00435,PM-01,DEV-04,2024-01-12 08:00:38,601.74,0.0,0.0,60,Success,Tax Payment,Siem Reap,KHR,False
TXN-20240112-0001196,WALL-0053436,MERCH-00225,PM-02,DEV-01,2024-01-12 11:27:38,23.92,0.0478,0.0,2,Success,Purchase,Davao,PHP,False
TXN-20240112-0001197,WALL-0014079,MERCH-00120,PM-02,DEV-01,2024-01-12 11:53:29,33.44,0.0669,0.0,3,Success,Purchase,Yangon,MMK,False
TXN-20240112-0001198,WALL-0085839,MERCH-00100,PM-03,DEV-01,2024-01-12 05:58:53,60.06,0.4805,0.0,6,Success,Purchase,Yangon,MMK,False
TXN-20240112-0001199,WALL-0031868,MERCH-00343,PM-01,DEV-02,2024-01-12 17:01:23,45.8,0.0,0.0,4,Success,Bill Payment,Pokhara,SGD,False
TXN-20240112-0001200,WALL-0021986,MERCH-00446,PM-03,DEV-01,2024-01-12 09:00:35,1836.83,14.6946,0.0,183,Success,Tax Payment,Yangon,MMK,False
TXN-20240112-0001201,WALL-0014810,MERCH-00163,PM-01,DEV-04,2024-01-12 19:51:05,141.47,0.0,7.0735,14,Success,Purchase,Karachi,PKR,False
TXN-20240112-0001202,WALL-0022008,MERCH-00437,PM-01,DEV-02,2024-01-12 06:07:39,524.85,0.0,0.0,52,Success,Tax Payment,Yangon,MMK,False
TXN-20240112-0001203,WALL-0135556,MERCH-00100,PM-03,DEV-01,2024-01-12 08:03:07,40.57,0.3246,0.0,4,Success,Purchase,Mawlamyine,MMK,False
TXN-20240112-0001204,WALL-0136575,MERCH-00315,PM-01,DEV-01,2024-01-12 10:55:24,29.34,0.0,0.0,2,Success,Bill Payment,Penang,MYR,False
TXN-20240112-0001205,WALL-0058444,MERCH-00059,PM-01,DEV-01,2024-01-12 12:30:36,85.44,0.0,1.7088,8,Success,Purchase,Kolkata,THB,False
TXN-20240112-0001206,WALL-0060567,MERCH-00097,PM-01,DEV-01,2024-01-12 17:05:30,55.11,0.0,0.0,5,Success,Purchase,Delhi,MMK,False
TXN-20240112-0001207,WALL-0069917,MERCH-00325,PM-01,DEV-03,2024-01-12 21:25:05,148.06,0.0,0.0,14,Success,Bill Payment,Lahore,VND,False
TXN-20240112-0001208,WALL-0142012,MERCH-00261,PM-01,DEV-04,2024-01-12 18:32:45,7.95,0.0,0.0,0,Success,Subscription,Ahmedabad,INR,False
TXN-20240112-0001209,WALL-0117224,MERCH-00409,PM-04,DEV-01,2024-01-12 02:56:19,56.81,1.1361,0.0,5,Success,Payment,Penang,MMK,False
TXN-20240112-0001210,WALL-0143503,MERCH-00163,PM-02,DEV-02,2024-01-12 17:43:44,20.0,0.04,1.0,2,Success,Purchase,Mawlamyine,MMK,False
TXN-20240112-0001211,WALL-0086422,MERCH-00456,PM-04,DEV-01,2024-01-12 16:49:15,192.36,3.8472,0.0,19,Success,Payment,Khon Kaen,THB,False
TXN-20240112-0001212,WALL-0094038,MERCH-00392,PM-01,DEV-02,2024-01-12 11:54:38,30.54,0.0,0.0,0,Failed,Purchase,Singapore,INR,False
TXN-20240112-0001213,WALL-0035862,MERCH-00300,PM-01,DEV-03,2024-01-12 16:37:57,1325.42,0.0,106.0337,265,Success,Purchase,Bangalore,INR,False
TXN-20240112-0001214,WALL-0111816,MERCH-00108,PM-03,DEV-02,2024-01-12 05:47:18,31.17,0.2494,0.0,3,Success,Purchase,Mandalay,MMK,False
TXN-20240112-0001215,WALL-0122455,MERCH-00272,PM-04,DEV-01,2024-01-12 20:49:43,249.45,4.989,19.9561,49,Success,Purchase,Chittagong,BDT,False
TXN-20240112-0001216,WALL-0091328,MERCH-00163,PM-01,DEV-01,2024-01-12 16:08:03,113.03,0.0,5.6514,11,Success,Purchase,Penang,MYR,False
TXN-20240112-0001217,WALL-0121350,MERCH-00394,PM-01,DEV-02,2024-01-12 06:42:25,50.63,0.0,0.0,5,Success,Purchase,Johor Bahru,MYR,False
TXN-20240112-0001218,WALL-0069076,MERCH-00127,PM-02,DEV-01,2024-01-12 19:44:34,50.9,0.1018,0.0,5,Success,Purchase,Bago,MMK,False
TXN-20240112-0001219,WALL-0027805,MERCH-00405,PM-02,DEV-01,2024-01-12 14:46:02,162.54,0.3251,0.0,16,Success,Payment,Pokhara,NPR,False
TXN-20240112-0001220,WALL-0069711,MERCH-00164,PM-03,DEV-01,2024-01-12 21:10:05,114.95,0.9196,5.7474,11,Success,Purchase,Dhaka,BDT,False
TXN-20240112-0001221,WALL-0037605,MERCH-00199,PM-01,DEV-01,2024-01-12 17:20:27,50.87,0.0,0.0,5,Success,Purchase,Johor Bahru,MYR,False
TXN-20240112-0001222,WALL-0033315,MERCH-00022,PM-03,DEV-01,2024-01-12 06:46:27,16.96,0.1357,0.3393,1,Success,Purchase,Lahore,PKR,False
TXN-20240112-0001223,WALL-0024632,MERCH-00243,PM-01,DEV-01,2024-01-12 09:10:30,25.54,0.0,0.0,2,Success,Subscription,Singapore,SGD,False
TXN-20240112-0001224,WALL-0064075,MERCH-00005,PM-02,DEV-02,2024-01-12 14:53:46,14.88,0.0298,0.2977,1,Success,Purchase,Kandy,LKR,False
TXN-20240112-0001225,WALL-0147247,MERCH-00364,PM-01,DEV-01,2024-01-12 19:27:02,100.0,0.0,0.0,10,Success,Bill Payment,Mawlamyine,MYR,False
TXN-20240112-0001226,WALL-0079031,MERCH-00097,PM-01,DEV-02,2024-01-12 19:19:11,43.26,0.0,0.0,4,Success,Purchase,Johor Bahru,MYR,False
TXN-20240112-0001227,WALL-0094938,MERCH-00028,PM-04,DEV-01,2024-01-12 13:28:23,13.44,0.2688,0.2688,1,Success,Purchase,Pune,INR,False
TXN-20240112-0001228,WALL-0149012,MERCH-00191,PM-01,DEV-01,2024-01-12 14:30:19,8.25,0.0,0.0,0,Success,Purchase,Davao,PHP,False
TXN-20240112-0001229,WALL-0149205,MERCH-00156,PM-05,DEV-01,2024-01-12 00:52:58,41.48,0.0,2.0742,4,Success,Purchase,Johor Bahru,MYR,False
TXN-20240112-0001230,WALL-0128015,MERCH-00032,PM-01,DEV-01,2024-01-12 14:35:17,14.02,0.0,0.2805,1,Success,Purchase,Karachi,PKR,False
TXN-20240112-0001231,WALL-0040493,MERCH-00093,PM-02,DEV-01,2024-01-12 20:39:26,26.71,0.0534,0.0,2,Success,Purchase,Mawlamyine,PKR,False
TXN-20240112-0001232,WALL-0121593,MERCH-00204,PM-01,DEV-01,2024-01-12 07:22:41,8.06,0.0,0.0,0,Success,Purchase,Pokhara,NPR,False
TXN-20240112-0001233,WALL-0122349,MERCH-00203,PM-01,DEV-03,2024-01-12 15:44:07,20.82,0.0,0.0,2,Success,Purchase,Quezon City,PHP,False
TXN-20240112-0001234,WALL-0012570,MERCH-00396,PM-01,DEV-04,2024-01-12 07:10:10,64.88,0.0,0.0,6,Success,Purchase,Taunggyi,MMK,False
TXN-20240112-0001235,WALL-0012653,MERCH-00049,PM-04,DEV-01,2024-01-12 15:53:27,10.1,0.2019,0.2019,1,Success,Purchase,Lahore,PKR,False
TXN-20240112-0001236,WALL-0030365,MERCH-00405,PM-01,DEV-03,2024-01-12 16:23:15,130.36,0.0,0.0,13,Success,Payment,Myitkyina,MMK,False
TXN-20240112-0001237,WALL-0132329,MERCH-00121,PM-03,DEV-01,2024-01-12 13:02:38,84.74,0.6779,0.0,8,Success,Purchase,Lahore,MMK,False
TXN-20240112-0001238,WALL-0048390,MERCH-00350,PM-01,DEV-04,2024-01-12 11:36:04,71.19,0.0,0.0,7,Success,Bill Payment,Bago,MMK,False
TXN-20240112-0001239,WALL-0022920,MERCH-00099,PM-04,DEV-03,2024-01-12 12:06:53,88.34,1.7668,0.0,8,Success,Purchase,Naypyidaw,MMK,False
TXN-20240112-0001240,WALL-0105686,MERCH-00249,PM-01,DEV-01,2024-01-12 12:05:20,30.67,0.0,0.0,3,Success,Subscription,Johor Bahru,MMK,False
TXN-20240112-0001241,WALL-0133108,MERCH-00189,PM-03,DEV-05,2024-01-12 22:32:09,89.1,0.7128,4.4552,8,Success,Purchase,Chiang Mai,THB,False
TXN-20240112-0001242,WALL-0124986,MERCH-00133,PM-01,DEV-01,2024-01-12 18:30:58,127.87,0.0,6.3934,12,Success,Purchase,Yangon,MMK,False
TXN-20240112-0001243,WALL-0048108,MERCH-00009,PM-04,DEV-01,2024-01-12 19:38:14,23.22,0.4645,0.4645,2,Success,Purchase,Surabaya,IDR,False
TXN-20240112-0001244,WALL-0042443,MERCH-00125,PM-04,DEV-02,2024-01-12 15:24:11,22.38,0.4475,0.0,2,Success,Purchase,Yangon,MMK,False
TXN-20240112-0001245,WALL-0135107,MERCH-00257,PM-02,DEV-01,2024-01-12 12:49:59,9.55,0.0191,0.0,0,Success,Subscription,Pattaya,THB,False
TXN-20240112-0001246,WALL-0053808,MERCH-00475,PM-01,DEV-03,2024-01-12 14:35:38,62.62,0.0,0.0,6,Success,Payment,Myitkyina,MMK,False
TXN-20240112-0001247,WALL-0132846,MERCH-00343,PM-01,DEV-01,2024-01-12 12:57:41,54.07,0.0,0.0,5,Success,Bill Payment,Islamabad,IDR,False
TXN-20240112-0001248,WALL-0018460,MERCH-00250,PM-01,DEV-03,2024-01-12 19:27:57,36.88,0.0,0.0,3,Success,Subscription,Siem Reap,KHR,False
TXN-20240112-0001249,WALL-0084372,MERCH-00331,PM-02,DEV-01,2024-01-12 10:12:43,66.55,0.1331,0.0,6,Success,Bill Payment,Colombo,IDR,False
TXN-20240112-0001250,WALL-0101845,MERCH-00312,PM-03,DEV-01,2024-01-12 15:12:51,40.29,0.3223,0.0,4,Success,Bill Payment,Siem Reap,KHR,False
TXN-20240112-0001251,WALL-0119088,MERCH-00411,PM-02,DEV-01,2024-01-12 22:04:11,20.0,0.04,0.0,2,Success,Payment,Bago,MMK,False
TXN-20240112-0001252,WALL-0092501,MERCH-00187,PM-04,DEV-01,2024-01-12 20:39:00,113.23,2.2647,5.6617,11,Success,Purchase,Bali,IDR,False
TXN-20240112-0001253,WALL-0061152,MERCH-00017,PM-01,DEV-01,2024-01-12 11:46:22,19.53,0.0,0.3907,1,Success,Purchase,Pune,INR,False
TXN-20240112-0001254,WALL-0043855,MERCH-00124,PM-02,DEV-02,2024-01-12 20:19:41,32.1,0.0642,0.0,3,Success,Purchase,Kolkata,NPR,False
TXN-20240112-0001255,WALL-0125715,MERCH-00025,PM-04,DEV-02,2024-01-12 08:23:10,11.01,0.2203,0.2203,1,Success,Purchase,Myitkyina,MMK,False
TXN-20240112-0001256,WALL-0105087,MERCH-00064,PM-01,DEV-01,2024-01-12 18:14:42,8.66,0.0,0.1733,0,Success,Purchase,Mandalay,MMK,False
TXN-20240112-0001257,WALL-0011733,MERCH-00040,PM-03,DEV-03,2024-01-12 11:16:38,12.05,0.0964,0.2411,1,Success,Purchase,Pathein,MMK,False
TXN-20240112-0001258,WALL-0029329,MERCH-00149,PM-01,DEV-02,2024-01-12 20:52:43,60.68,0.0,3.0342,6,Success,Purchase,Jaipur,MMK,False
TXN-20240112-0001259,WALL-0028287,MERCH-00051,PM-01,DEV-02,2024-01-12 22:52:10,22.0,0.0,0.4401,2,Success,Purchase,Kandy,LKR,False
TXN-20240112-0001260,WALL-0124539,MERCH-00139,PM-01,DEV-05,2024-01-12 22:48:20,87.75,0.0,4.3875,8,Success,Purchase,Mawlamyine,MMK,False
TXN-20240112-0001261,WALL-0057559,MERCH-00054,PM-03,DEV-02,2024-01-12 13:19:57,13.07,0.1046,0.2615,1,Success,Purchase,Naypyidaw,MMK,False
TXN-20240112-0001262,WALL-0125751,MERCH-00074,PM-03,DEV-01,2024-01-12 09:55:23,13.39,0.1072,0.2679,1,Success,Purchase,Mawlamyine,MMK,False
TXN-20240112-0001263,WALL-0057296,MERCH-00407,PM-04,DEV-02,2024-01-12 19:23:50,128.82,2.5765,0.0,12,Success,Payment,Phnom Penh,KHR,False
TXN-20240112-0001264,WALL-0031337,MERCH-00009,PM-02,DEV-02,2024-01-12 16:16:56,60.0,0.12,1.2,6,Success,Purchase,Pathein,MMK,False
TXN-20240112-0001265,WALL-0044789,MERCH-00329,PM-02,DEV-02,2024-01-12 13:28:41,94.69,0.1894,0.0,9,Success,Bill Payment,Jakarta,IDR,False
TXN-20240112-0001266,WALL-0149247,MERCH-00321,PM-04,DEV-01,2024-01-12 01:56:57,207.01,4.1403,0.0,20,Success,Bill Payment,Johor Bahru,MYR,False
TXN-20240112-0001267,WALL-0010066,MERCH-00385,PM-01,DEV-02,2024-01-12 14:59:58,93.07,0.0,0.0,9,Success,Purchase,Mandalay,MMK,False
TXN-20240112-0001268,WALL-0143073,MERCH-00270,PM-01,DEV-01,2024-01-12 21:19:09,19.55,0.0,0.0,1,Success,Subscription,Jakarta,IDR,False
TXN-20240112-0001269,WALL-0025021,MERCH-00395,PM-04,DEV-01,2024-01-12 06:26:04,105.51,2.1101,0.0,10,Success,Purchase,Phnom Penh,BDT,False
TXN-20240112-0001270,WALL-0019518,MERCH-00378,PM-01,DEV-02,2024-01-12 22:51:36,31.34,0.0,0.0,0,Failed,Purchase,Mawlamyine,MMK,False
TXN-20240112-0001271,WALL-0089750,MERCH-00130,PM-03,DEV-01,2024-01-12 12:07:04,30.59,0.2447,0.0,3,Success,Purchase,Da Nang,MMK,False
TXN-20240112-0001272,WALL-0021575,MERCH-00250,PM-01,DEV-05,2024-01-12 04:58:33,5.29,0.0,0.0,0,Success,Subscription,Bandung,MYR,False
TXN-20240112-0001273,WALL-0061260,MERCH-00162,PM-01,DEV-01,2024-01-12 04:02:59,591.44,0.0,29.5718,59,Success,Purchase,Bago,MMK,False
TXN-20240112-0001274,WALL-0147290,MERCH-00450,PM-01,DEV-03,2024-01-12 14:34:20,150.82,0.0,0.0,15,Success,Tax Payment,Mawlamyine,MMK,False
TXN-20240112-0001275,WALL-0055146,MERCH-00162,PM-02,DEV-05,2024-01-12 18:30:11,68.86,0.1377,3.4432,6,Success,Purchase,Mawlamyine,MMK,False
TXN-20240112-0001276,WALL-0011666,MERCH-00410,PM-01,DEV-03,2024-01-12 15:36:16,29.71,0.0,0.0,2,Success,Payment,Islamabad,PKR,False
TXN-20240112-0001277,WALL-0004719,MERCH-00406,PM-04,DEV-01,2024-01-12 16:13:30,85.07,1.7014,0.0,8,Success,Payment,Myitkyina,PHP,False
TXN-20240112-0001278,WALL-0000199,MERCH-00069,PM-05,DEV-01,2024-01-12 18:33:30,20.89,0.0,0.4178,2,Success,Purchase,Yangon,MMK,False
TXN-20240112-0001279,WALL-0127633,MERCH-00443,PM-02,DEV-03,2024-01-12 13:24:55,505.69,1.0114,0.0,50,Success,Tax Payment,Bandung,IDR,False
TXN-20240112-0001280,WALL-0093276,MERCH-00043,PM-02,DEV-01,2024-01-12 21:40:43,16.34,0.0327,0.3268,1,Success,Purchase,Penang,PHP,False
TXN-20240112-0001281,WALL-0037930,MERCH-00103,PM-01,DEV-02,2024-01-12 06:17:44,43.22,0.0,0.0,4,Success,Purchase,Johor Bahru,MYR,False
TXN-20240112-0001282,WALL-0135693,MERCH-00411,PM-02,DEV-01,2024-01-12 07:21:31,28.26,0.0565,0.0,2,Success,Payment,Phnom Penh,KHR,False
TXN-20240112-0001283,WALL-0105690,MERCH-00251,PM-01,DEV-01,2024-01-12 16:49:36,12.43,0.0,0.0,1,Success,Subscription,Naypyidaw,MMK,False
TXN-20240112-0001284,WALL-0126667,MERCH-00145,PM-03,DEV-03,2024-01-12 21:46:30,47.28,0.3782,2.364,4,Success,Purchase,Penang,MYR,False
TXN-20240112-0001285,WALL-0112729,MERCH-00489,PM-03,DEV-01,2024-01-12 13:59:08,50.0,0.4,0.0,5,Success,Payment,Phnom Penh,KHR,False
TXN-20240112-0001286,WALL-0127272,MERCH-00042,PM-01,DEV-04,2024-01-12 19:39:27,15.25,0.0,0.3051,1,Success,Purchase,Mumbai,INR,False
TXN-20240112-0001287,WALL-0020817,MERCH-00047,PM-04,DEV-01,2024-01-12 13:39:08,44.26,0.8853,0.8853,4,Success,Purchase,Bangalore,MYR,False
TXN-20240112-0001288,WALL-0048377,MERCH-00209,PM-03,DEV-01,2024-01-12 16:01:41,8.03,0.0642,0.0,0,Success,Purchase,Pattaya,THB,False
TXN-20240112-0001289,WALL-0089400,MERCH-00197,PM-04,DEV-01,2024-01-12 17:39:47,15.5,0.31,0.0,1,Success,Purchase,Medan,IDR,False
TXN-20240112-0001290,WALL-0118083,MERCH-00106,PM-01,DEV-03,2024-01-12 20:07:45,69.59,0.0,0.0,6,Success,Purchase,Pattaya,THB,False
TXN-20240112-0001291,WALL-0118009,MERCH-00035,PM-01,DEV-01,2024-01-12 13:07:06,27.74,0.0,0.5547,2,Success,Purchase,Mumbai,MMK,False
TXN-20240112-0001292,WALL-0035699,MERCH-00117,PM-01,DEV-01,2024-01-12 07:22:38,215.13,0.0,0.0,21,Success,Purchase,Bandung,MYR,True
TXN-20240112-0001293,WALL-0024875,MERCH-00205,PM-02,DEV-01,2024-01-12 14:37:13,10.86,0.0217,0.0,1,Success,Purchase,Jaipur,INR,False
TXN-20240112-0001294,WALL-0090364,MERCH-00008,PM-01,DEV-01,2024-01-12 16:29:38,17.48,0.0,0.3495,1,Success,Purchase,Penang,MYR,False
TXN-20240112-0001295,WALL-0122618,MERCH-00435,PM-01,DEV-03,2024-01-12 23:09:57,443.18,0.0,0.0,44,Success,Tax Payment,Mawlamyine,MMK,False
TXN-20240112-0001296,WALL-0067347,MERCH-00228,PM-01,DEV-01,2024-01-12 16:31:21,11.3,0.0,0.0,1,Success,Purchase,Bangalore,INR,False
TXN-20240112-0001297,WALL-0058806,MERCH-00215,PM-03,DEV-01,2024-01-12 08:53:22,17.83,0.1426,0.0,1,Success,Purchase,Bandung,IDR,False
TXN-20240112-0001298,WALL-0105402,MERCH-00143,PM-01,DEV-03,2024-01-12 21:16:41,77.8,0.0,3.8901,7,Success,Purchase,Johor Bahru,MYR,False
TXN-20240112-0001299,WALL-0018819,MERCH-00449,PM-01,DEV-03,2024-01-12 17:04:43,1181.4,0.0,0.0,0,Failed,Tax Payment,Bali,IDR,False
TXN-20240112-0001300,WALL-0053296,MERCH-00176,PM-02,DEV-01,2024-01-12 12:16:05,39.59,0.0792,0.0,0,Reversed,Purchase,Chiang Mai,THB,False
TXN-20240112-0001301,WALL-0107158,MERCH-00268,PM-01,DEV-02,2024-01-12 16:17:26,21.04,0.0,0.0,2,Success,Subscription,Jakarta,IDR,False
TXN-20240112-0001302,WALL-0140371,MERCH-00046,PM-03,DEV-03,2024-01-12 10:38:21,23.06,0.1845,0.4612,2,Success,Purchase,Yangon,MMK,False
TXN-20240112-0001303,WALL-0120238,MERCH-00055,PM-05,DEV-01,2024-01-12 12:33:02,9.5,0.0,0.19,0,Success,Purchase,Naypyidaw,MMK,False
TXN-20240112-0001304,WALL-0131216,MERCH-00378,PM-01,DEV-01,2024-01-12 12:01:31,87.73,0.0,0.0,8,Success,Purchase,Pathein,MMK,False
TXN-20240112-0001305,WALL-0028866,MERCH-00301,PM-04,DEV-03,2024-01-12 16:12:18,859.99,17.1998,68.7993,171,Success,Purchase,Taunggyi,MMK,False
TXN-20240112-0001306,WALL-0082855,MERCH-00324,PM-02,DEV-01,2024-01-12 18:26:57,126.47,0.2529,0.0,12,Success,Bill Payment,Taunggyi,MMK,False
TXN-20240112-0001307,WALL-0105442,MERCH-00154,PM-01,DEV-01,2024-01-12 18:13:45,171.33,0.0,8.5664,17,Success,Purchase,Ho Chi Minh City,VND,False
TXN-20240112-0001308,WALL-0116506,MERCH-00066,PM-05,DEV-01,2024-01-12 21:40:04,28.53,0.0,0.5705,2,Success,Purchase,Hyderabad,INR,False
TXN-20240112-0001309,WALL-0137042,MERCH-00074,PM-04,DEV-01,2024-01-12 08:42:23,60.04,1.2007,1.2007,6,Success,Purchase,Chittagong,BDT,False
TXN-20240112-0001310,WALL-0011099,MERCH-00221,PM-01,DEV-01,2024-01-12 03:53:10,14.62,0.0,0.0,1,Success,Purchase,Mandalay,MMK,False
TXN-20240112-0001311,WALL-0108726,MERCH-00280,PM-04,DEV-03,2024-01-12 06:37:06,746.74,14.9348,59.7392,149,Success,Purchase,Kolkata,INR,False
TXN-20240112-0001312,WALL-0060106,MERCH-00342,PM-01,DEV-01,2024-01-12 01:42:15,43.12,0.0,0.0,4,Success,Bill Payment,Taunggyi,MMK,False
TXN-20240112-0001313,WALL-0007805,MERCH-00248,PM-01,DEV-04,2024-01-12 14:33:04,36.04,0.0,0.0,3,Success,Subscription,Siem Reap,KHR,False
TXN-20240112-0001314,WALL-0076118,MERCH-00073,PM-04,DEV-01,2024-01-12 10:46:44,12.1,0.2419,0.2419,1,Success,Purchase,Pattaya,THB,False
TXN-20240112-0001315,WALL-0015488,MERCH-00402,PM-02,DEV-01,2024-01-12 08:34:31,94.14,0.1883,0.0,9,Success,Payment,Kuala Lumpur,MYR,False
TXN-20240112-0001316,WALL-0110992,MERCH-00147,PM-03,DEV-01,2024-01-12 13:02:12,67.48,0.5399,3.3741,6,Success,Purchase,Kathmandu,MMK,False
TXN-20240112-0001317,WALL-0087969,MERCH-00416,PM-03,DEV-03,2024-01-12 09:41:43,123.94,0.9915,0.0,12,Success,Payment,Mawlamyine,MMK,False
TXN-20240112-0001318,WALL-0126959,MERCH-00373,PM-01,DEV-01,2024-01-12 06:28:30,24.74,0.0,0.0,2,Success,Purchase,Hyderabad,INR,False
TXN-20240112-0001319,WALL-0094782,MERCH-00286,PM-02,DEV-01,2024-01-12 16:43:42,461.68,0.9234,36.9341,92,Success,Purchase,Mumbai,INR,False
TXN-20240112-0001320,WALL-0108869,MERCH-00357,PM-02,DEV-03,2024-01-12 19:35:41,85.71,0.1714,0.0,8,Success,Bill Payment,Jaipur,INR,False
TXN-20240112-0001321,WALL-0030208,MERCH-00379,PM-02,DEV-01,2024-01-12 14:52:58,23.6,0.0472,0.0,2,Success,Purchase,Pokhara,MYR,False
TXN-20240112-0001322,WALL-0033740,MERCH-00279,PM-01,DEV-01,2024-01-12 19:26:21,648.41,0.0,51.8724,129,Success,Purchase,Singapore,SGD,False
TXN-20240112-0001323,WALL-0092598,MERCH-00297,PM-04,DEV-05,2024-01-12 19:40:21,892.33,17.8467,71.3867,178,Success,Purchase,Mawlamyine,MMK,False
TXN-20240112-0001324,WALL-0025546,MERCH-00244,PM-02,DEV-01,2024-01-12 20:34:45,14.51,0.029,0.0,1,Success,Subscription,Mandalay,MMK,False
TXN-20240112-0001325,WALL-0059367,MERCH-00228,PM-01,DEV-02,2024-01-12 17:02:38,6.38,0.0,0.0,0,Success,Purchase,Chittagong,BDT,False
TXN-20240112-0001326,WALL-0068303,MERCH-00370,PM-05,DEV-02,2024-01-12 21:38:30,36.78,0.0,0.0,3,Success,Bill Payment,Phuket,THB,False
TXN-20240112-0001327,WALL-0028875,MERCH-00002,PM-01,DEV-02,2024-01-12 19:17:39,34.03,0.0,0.6806,3,Success,Purchase,Chiang Mai,MMK,False
TXN-20240112-0001328,WALL-0083985,MERCH-00027,PM-01,DEV-01,2024-01-12 22:26:53,18.0,0.0,0.3601,1,Success,Purchase,Yangon,MMK,False
TXN-20240112-0001329,WALL-0122709,MERCH-00227,PM-02,DEV-02,2024-01-12 09:58:54,13.55,0.0271,0.0,1,Success,Purchase,Yangon,MMK,False
TXN-20240112-0001330,WALL-0098605,MERCH-00320,PM-01,DEV-01,2024-01-12 21:30:08,29.75,0.0,0.0,2,Success,Bill Payment,Surabaya,IDR,False
TXN-20240112-0001331,WALL-0130111,MERCH-00473,PM-01,DEV-01,2024-01-12 07:05:28,118.41,0.0,0.0,11,Success,Payment,Dhaka,INR,False
TXN-20240112-0001332,WALL-0062510,MERCH-00121,PM-01,DEV-03,2024-01-12 23:00:31,29.1,0.0,0.0,2,Success,Purchase,Mumbai,INR,False
TXN-20240112-0001333,WALL-0149627,MERCH-00182,PM-01,DEV-02,2024-01-12 19:30:22,105.72,0.0,5.2862,10,Success,Purchase,Surabaya,MMK,False
TXN-20240112-0001334,WALL-0094442,MERCH-00182,PM-02,DEV-03,2024-01-12 16:36:37,32.21,0.0644,1.6104,3,Success,Purchase,Penang,MYR,False
TXN-20240112-0001335,WALL-0041597,MERCH-00298,PM-02,DEV-02,2024-01-12 14:55:54,1499.88,2.9998,119.9904,299,Success,Purchase,Bali,MMK,False
TXN-20240112-0001336,WALL-0112584,MERCH-00059,PM-01,DEV-01,2024-01-12 12:46:10,42.0,0.0,0.84,4,Success,Purchase,Mawlamyine,MMK,False
TXN-20240112-0001337,WALL-0037830,MERCH-00388,PM-01,DEV-01,2024-01-12 14:58:33,52.94,0.0,0.0,5,Success,Purchase,Kandy,LKR,False
TXN-20240112-0001338,WALL-0093280,MERCH-00127,PM-01,DEV-01,2024-01-12 03:06:34,17.34,0.0,0.0,1,Success,Purchase,Dhaka,BDT,False
TXN-20240112-0001339,WALL-0001116,MERCH-00384,PM-01,DEV-03,2024-01-12 14:27:29,61.2,0.0,0.0,6,Success,Purchase,Naypyidaw,MMK,False
TXN-20240112-0001340,WALL-0007798,MERCH-00150,PM-02,DEV-02,2024-01-12 20:56:47,216.56,0.4331,10.8282,21,Success,Purchase,Taunggyi,MMK,False
TXN-20240112-0001341,WALL-0095226,MERCH-00105,PM-04,DEV-01,2024-01-12 23:15:40,112.91,2.2583,0.0,11,Success,Purchase,Quezon City,PHP,False
TXN-20240112-0001342,WALL-0119129,MERCH-00132,PM-02,DEV-03,2024-01-12 21:09:57,276.17,0.5523,13.8084,27,Success,Purchase,Bago,MMK,False
TXN-20240112-0001343,WALL-0114824,MERCH-00175,PM-01,DEV-01,2024-01-12 23:19:25,20.0,0.0,1.0,2,Success,Purchase,Mawlamyine,MMK,False
TXN-20240112-0001344,WALL-0012119,MERCH-00341,PM-01,DEV-01,2024-01-12 12:48:01,29.44,0.0,0.0,2,Success,Bill Payment,Chiang Mai,THB,False
TXN-20240112-0001345,WALL-0035927,MERCH-00190,PM-01,DEV-03,2024-01-12 19:41:34,36.58,0.0,1.8289,3,Success,Purchase,Siem Reap,KHR,False
TXN-20240112-0001346,WALL-0100861,MERCH-00427,PM-02,DEV-01,2024-01-12 20:32:28,56.96,0.1139,0.0,5,Success,Payment,Taunggyi,MMK,False
TXN-20240112-0001347,WALL-0033320,MERCH-00154,PM-01,DEV-03,2024-01-12 07:47:53,54.85,0.0,2.7423,5,Success,Purchase,Bago,MMK,False
TXN-20240112-0001348,WALL-0139532,MERCH-00268,PM-03,DEV-01,2024-01-12 18:02:11,15.46,0.1236,0.0,1,Success,Subscription,Lahore,PKR,False
TXN-20240112-0001349,WALL-0049140,MERCH-00423,PM-01,DEV-01,2024-01-12 10:45:08,93.9,0.0,0.0,9,Success,Payment,Myitkyina,MMK,False
TXN-20240112-0001350,WALL-0035476,MERCH-00400,PM-04,DEV-01,2024-01-12 13:07:50,101.45,2.0289,0.0,10,Success,Purchase,Myitkyina,MMK,False
TXN-20240112-0001351,WALL-0078141,MERCH-00387,PM-01,DEV-03,2024-01-12 00:36:30,83.43,0.0,0.0,8,Success,Purchase,Davao,PHP,False
TXN-20240112-0001352,WALL-0095011,MERCH-00016,PM-02,DEV-01,2024-01-12 16:24:12,18.75,0.0375,0.375,1,Success,Purchase,Medan,IDR,False
TXN-20240112-0001353,WALL-0043364,MERCH-00109,PM-03,DEV-01,2024-01-12 18:42:28,19.42,0.1554,0.0,1,Success,Purchase,Naypyidaw,MMK,False
TXN-20240112-0001354,WALL-0003837,MERCH-00080,PM-01,DEV-02,2024-01-12 14:15:59,19.31,0.0,0.3862,1,Success,Purchase,Ho Chi Minh City,VND,False
TXN-20240112-0001355,WALL-0045048,MERCH-00065,PM-04,DEV-01,2024-01-12 21:40:37,40.86,0.8173,0.8173,4,Success,Purchase,Naypyidaw,MMK,False
TXN-20240112-0001356,WALL-0090598,MERCH-00249,PM-02,DEV-03,2024-01-12 15:03:42,9.54,0.0191,0.0,0,Success,Subscription,Mawlamyine,MMK,False
TXN-20240112-0001357,WALL-0086476,MERCH-00115,PM-04,DEV-01,2024-01-12 08:04:01,24.59,0.4919,0.0,2,Success,Purchase,Mandalay,MMK,False
TXN-20240112-0001358,WALL-0120128,MERCH-00287,PM-01,DEV-03,2024-01-12 19:38:23,296.91,0.0,23.7531,59,Success,Purchase,Taunggyi,MMK,False
TXN-20240112-0001359,WALL-0077931,MERCH-00408,PM-02,DEV-05,2024-01-12 10:36:34,116.14,0.2323,0.0,11,Success,Payment,Mandalay,MMK,False
TXN-20240112-0001360,WALL-0018040,MERCH-00157,PM-03,DEV-01,2024-01-12 14:18:29,362.87,2.903,18.1436,36,Success,Purchase,Naypyidaw,MMK,False
TXN-20240112-0001361,WALL-0054198,MERCH-00332,PM-03,DEV-01,2024-01-12 20:55:02,331.28,2.6502,0.0,33,Success,Bill Payment,Mawlamyine,MMK,False
TXN-20240112-0001362,WALL-0111604,MERCH-00078,PM-03,DEV-02,2024-01-12 20:33:16,18.2,0.1456,0.3641,1,Success,Purchase,Bago,MMK,False
TXN-20240112-0001363,WALL-0110129,MERCH-00327,PM-01,DEV-03,2024-01-12 17:35:11,28.83,0.0,0.0,2,Success,Bill Payment,Mawlamyine,MMK,False
TXN-20240112-0001364,WALL-0065449,MERCH-00026,PM-03,DEV-01,2024-01-12 19:57:54,19.99,0.1599,0.3998,1,Success,Purchase,Lahore,PKR,False
TXN-20240112-0001365,WALL-0124647,MERCH-00481,PM-03,DEV-01,2024-01-12 17:21:28,450.6,3.6048,0.0,45,Success,Payment,Hyderabad,INR,False
TXN-20240112-0001366,WALL-0033606,MERCH-00358,PM-01,DEV-02,2024-01-12 23:21:27,30.4,0.0,0.0,3,Success,Bill Payment,Pathein,MMK,False
TXN-20240112-0001367,WALL-0130133,MERCH-00156,PM-03,DEV-01,2024-01-12 18:06:14,212.53,1.7002,10.6265,21,Success,Purchase,Phuket,THB,False
TXN-20240112-0001368,WALL-0008384,MERCH-00052,PM-02,DEV-01,2024-01-12 19:54:59,15.37,0.0307,0.3073,1,Success,Purchase,Mawlamyine,MMK,False
TXN-20240112-0001369,WALL-0039425,MERCH-00416,PM-02,DEV-01,2024-01-12 04:48:18,123.06,0.2461,0.0,0,Failed,Payment,Mawlamyine,MMK,False
TXN-20240112-0001370,WALL-0070690,MERCH-00117,PM-04,DEV-01,2024-01-12 23:37:32,134.0,2.6801,0.0,13,Success,Purchase,Phuket,THB,False
TXN-20240112-0001371,WALL-0083947,MERCH-00059,PM-02,DEV-01,2024-01-12 17:24:15,24.52,0.049,0.4904,2,Success,Purchase,Bandung,IDR,False
TXN-20240112-0001372,WALL-0140979,MERCH-00082,PM-01,DEV-03,2024-01-12 21:34:44,11.82,0.0,0.0,1,Success,Purchase,Khon Kaen,MMK,False
TXN-20240112-0001373,WALL-0063560,MERCH-00037,PM-01,DEV-01,2024-01-12 15:54:34,27.93,0.0,0.5585,2,Success,Purchase,Siem Reap,KHR,False
TXN-20240112-0001374,WALL-0011952,MERCH-00429,PM-02,DEV-01,2024-01-12 09:02:53,147.22,0.2944,0.0,14,Success,Payment,Bangkok,VND,False
TXN-20240112-0001375,WALL-0147767,MERCH-00474,PM-02,DEV-03,2024-01-12 17:55:55,128.2,0.2564,0.0,12,Success,Payment,Manila,MMK,False
TXN-20240112-0001376,WALL-0012069,MERCH-00069,PM-01,DEV-01,2024-01-12 12:16:49,6.45,0.0,0.1289,0,Success,Purchase,Taunggyi,MMK,False
TXN-20240112-0001377,WALL-0076760,MERCH-00121,PM-01,DEV-02,2024-01-12 21:01:40,59.68,0.0,0.0,5,Success,Purchase,Johor Bahru,MYR,False
TXN-20240112-0001378,WALL-0122401,MERCH-00132,PM-01,DEV-01,2024-01-12 11:01:32,59.87,0.0,2.9933,5,Success,Purchase,Jaipur,INR,False
TXN-20240112-0001379,WALL-0068334,MERCH-00375,PM-05,DEV-04,2024-01-12 09:05:29,44.9,0.0,0.0,4,Success,Purchase,Kandy,LKR,False
TXN-20240112-0001380,WALL-0031903,MERCH-00375,PM-01,DEV-03,2024-01-12 05:12:49,23.69,0.0,0.0,2,Success,Purchase,Pathein,MMK,False
TXN-20240112-0001381,WALL-0022783,MERCH-00011,PM-01,DEV-02,2024-01-12 19:07:02,27.8,0.0,0.556,2,Success,Purchase,Bago,MMK,False
TXN-20240112-0001382,WALL-0027667,MERCH-00387,PM-01,DEV-01,2024-01-12 14:38:34,40.7,0.0,0.0,4,Success,Purchase,Kuala Lumpur,MYR,False
TXN-20240112-0001383,WALL-0049676,MERCH-00217,PM-02,DEV-01,2024-01-12 12:05:22,9.25,0.0185,0.0,0,Success,Purchase,Hyderabad,INR,False
TXN-20240112-0001384,WALL-0080375,MERCH-00421,PM-03,DEV-01,2024-01-12 15:51:40,37.84,0.3028,0.0,3,Success,Payment,Kolkata,INR,False
TXN-20240112-0001385,WALL-0089836,MERCH-00010,PM-01,DEV-01,2024-01-12 21:04:55,13.26,0.0,0.2653,1,Success,Purchase,Penang,MYR,False
TXN-20240112-0001386,WALL-0034890,MERCH-00091,PM-01,DEV-03,2024-01-12 13:01:30,35.02,0.0,0.0,3,Success,Purchase,Bandung,IDR,False
TXN-20240112-0001387,WALL-0094837,MERCH-00176,PM-01,DEV-03,2024-01-12 21:43:23,328.22,0.0,16.4111,32,Success,Purchase,Jaipur,MMK,False
TXN-20240112-0001388,WALL-0066472,MERCH-00392,PM-01,DEV-02,2024-01-12 09:02:32,20.0,0.0,0.0,2,Success,Purchase,Chittagong,BDT,False
TXN-20240112-0001389,WALL-0092752,MERCH-00343,PM-02,DEV-01,2024-01-12 13:31:44,23.74,0.0475,0.0,2,Success,Bill Payment,Quezon City,PHP,False
TXN-20240112-0001390,WALL-0140807,MERCH-00276,PM-01,DEV-01,2024-01-12 12:40:36,444.97,0.0,35.5978,88,Success,Purchase,Mawlamyine,MMK,False
TXN-20240112-0001391,WALL-0036195,MERCH-00131,PM-03,DEV-01,2024-01-12 14:44:52,20.0,0.16,1.0,2,Success,Purchase,Pune,INR,False
TXN-20240112-0001392,WALL-0095753,MERCH-00005,PM-01,DEV-02,2024-01-12 13:13:48,25.85,0.0,0.5171,2,Success,Purchase,Phnom Penh,BDT,False
TXN-20240112-0001393,WALL-0144149,MERCH-00416,PM-01,DEV-02,2024-01-12 14:44:05,650.19,0.0,0.0,65,Success,Payment,Ho Chi Minh City,VND,False
TXN-20240112-0001394,WALL-0061981,MERCH-00446,PM-03,DEV-02,2024-01-12 03:00:05,99.56,0.7965,0.0,0,Pending,Tax Payment,Bago,MMK,False
TXN-20240112-0001395,WALL-0062131,MERCH-00116,PM-05,DEV-04,2024-01-12 18:51:33,74.24,0.0,0.0,7,Success,Purchase,Chittagong,BDT,False
TXN-20240112-0001396,WALL-0136804,MERCH-00267,PM-04,DEV-02,2024-01-12 04:33:17,13.07,0.2615,0.0,1,Success,Subscription,Bago,MMK,False
TXN-20240112-0001397,WALL-0062232,MERCH-00086,PM-02,DEV-03,2024-01-12 16:56:29,146.41,0.2928,0.0,14,Success,Purchase,Medan,IDR,False
TXN-20240112-0001398,WALL-0007521,MERCH-00334,PM-02,DEV-03,2024-01-12 01:40:12,39.36,0.0787,0.0,3,Success,Bill Payment,Mandalay,MMK,False
TXN-20240112-0001399,WALL-0058770,MERCH-00113,PM-02,DEV-01,2024-01-12 15:55:17,62.75,0.1255,0.0,6,Success,Purchase,Manila,INR,False
TXN-20240112-0001400,WALL-0102097,MERCH-00229,PM-03,DEV-01,2024-01-12 07:10:01,18.91,0.1512,0.0,1,Success,Purchase,Bago,MMK,False
TXN-20240112-0001401,WALL-0105681,MERCH-00361,PM-02,DEV-01,2024-01-12 15:00:21,37.21,0.0744,0.0,3,Success,Bill Payment,Mawlamyine,MMK,False
TXN-20240112-0001402,WALL-0107353,MERCH-00013,PM-02,DEV-01,2024-01-12 22:54:29,22.3,0.0446,0.446,2,Success,Purchase,Myitkyina,MMK,False
TXN-20240112-0001403,WALL-0039648,MERCH-00127,PM-02,DEV-01,2024-01-12 15:48:08,159.76,0.3195,0.0,15,Success,Purchase,Khon Kaen,MMK,False
TXN-20240112-0001404,WALL-0081775,MERCH-00002,PM-01,DEV-01,2024-01-12 21:15:12,9.88,0.0,0.1977,0,Success,Purchase,Pathein,MMK,False
TXN-20240112-0001405,WALL-0099152,MERCH-00162,PM-02,DEV-03,2024-01-12 14:59:08,127.5,0.255,6.3752,12,Success,Purchase,Pathein,MMK,False
TXN-20240112-0001406,WALL-0014907,MERCH-00036,PM-04,DEV-03,2024-01-12 12:45:42,16.26,0.3252,0.3252,1,Success,Purchase,Karachi,PKR,False
TXN-20240112-0001407,WALL-0147360,MERCH-00440,PM-02,DEV-01,2024-01-12 14:48:57,145.95,0.2919,0.0,14,Success,Tax Payment,Karachi,PKR,False
TXN-20240112-0001408,WALL-0017203,MERCH-00367,PM-01,DEV-02,2024-01-12 21:19:51,29.44,0.0,0.0,0,Failed,Bill Payment,Medan,IDR,False
TXN-20240112-0001409,WALL-0121642,MERCH-00383,PM-01,DEV-01,2024-01-12 20:25:50,62.37,0.0,0.0,6,Success,Purchase,Medan,IDR,False
TXN-20240112-0001410,WALL-0131493,MERCH-00246,PM-01,DEV-01,2024-01-12 12:58:31,8.53,0.0,0.0,0,Success,Subscription,Pathein,MMK,False
TXN-20240112-0001411,WALL-0049482,MERCH-00270,PM-01,DEV-03,2024-01-12 20:39:37,21.52,0.0,0.0,2,Success,Subscription,Kolkata,INR,False
TXN-20240112-0001412,WALL-0003616,MERCH-00075,PM-04,DEV-01,2024-01-12 13:18:41,49.52,0.9903,0.9903,4,Success,Purchase,Islamabad,PKR,False
TXN-20240112-0001413,WALL-0092681,MERCH-00309,PM-02,DEV-03,2024-01-12 23:23:37,255.53,0.5111,20.4428,51,Success,Purchase,Bali,PHP,False
TXN-20240112-0001414,WALL-0121789,MERCH-00133,PM-02,DEV-01,2024-01-12 13:19:57,255.54,0.5111,12.7769,25,Success,Purchase,Islamabad,MMK,False
TXN-20240112-0001415,WALL-0066436,MERCH-00330,PM-02,DEV-02,2024-01-12 11:13:16,152.56,0.3051,0.0,15,Success,Bill Payment,Myitkyina,MMK,False
TXN-20240112-0001416,WALL-0054596,MERCH-00360,PM-03,DEV-01,2024-01-12 14:52:09,70.0,0.56,0.0,7,Success,Bill Payment,Pokhara,NPR,False
TXN-20240112-0001417,WALL-0032249,MERCH-00105,PM-04,DEV-01,2024-01-12 10:48:29,43.36,0.8672,0.0,4,Success,Purchase,Yangon,MMK,False
TXN-20240112-0001418,WALL-0021050,MERCH-00341,PM-03,DEV-02,2024-01-12 13:01:08,74.05,0.5924,0.0,7,Success,Bill Payment,Delhi,INR,False
TXN-20240112-0001419,WALL-0086949,MERCH-00199,PM-02,DEV-04,2024-01-12 19:53:07,21.29,0.0426,0.0,2,Success,Purchase,Kolkata,INR,False
TXN-20240112-0001420,WALL-0001040,MERCH-00023,PM-02,DEV-01,2024-01-12 20:51:27,49.48,0.099,0.9895,4,Success,Purchase,Pokhara,NPR,False
TXN-20240112-0001421,WALL-0073976,MERCH-00108,PM-05,DEV-01,2024-01-12 03:18:13,117.48,0.0,0.0,11,Success,Purchase,Medan,IDR,False
TXN-20240112-0001422,WALL-0126099,MERCH-00066,PM-01,DEV-01,2024-01-12 08:06:47,34.49,0.0,0.6898,3,Success,Purchase,Bangalore,INR,False
TXN-20240112-0001423,WALL-0031057,MERCH-00386,PM-01,DEV-04,2024-01-12 18:25:02,81.48,0.0,0.0,8,Success,Purchase,Siem Reap,KHR,False
TXN-20240112-0001424,WALL-0080215,MERCH-00225,PM-03,DEV-01,2024-01-12 08:39:20,14.5,0.116,0.0,1,Success,Purchase,Jakarta,IDR,False
TXN-20240112-0001425,WALL-0125565,MERCH-00072,PM-01,DEV-04,2024-01-12 08:12:25,13.16,0.0,0.0,0,Pending,Purchase,Pokhara,MMK,False
TXN-20240112-0001426,WALL-0091276,MERCH-00210,PM-01,DEV-01,2024-01-12 10:35:41,5.93,0.0,0.0,0,Success,Purchase,Mandalay,MMK,False
TXN-20240112-0001427,WALL-0018847,MERCH-00231,PM-01,DEV-03,2024-01-12 13:48:28,17.42,0.0,0.0,1,Success,Subscription,Naypyidaw,MMK,False
TXN-20240112-0001428,WALL-0089172,MERCH-00049,PM-01,DEV-01,2024-01-12 20:21:12,23.0,0.0,0.46,2,Success,Purchase,Mawlamyine,MMK,False
TXN-20240112-0001429,WALL-0020775,MERCH-00379,PM-04,DEV-01,2024-01-12 06:38:36,44.03,0.8806,0.0,4,Success,Purchase,Myitkyina,MMK,False
TXN-20240112-0001430,WALL-0016718,MERCH-00042,PM-02,DEV-01,2024-01-12 15:13:32,12.55,0.0251,0.251,1,Success,Purchase,Ho Chi Minh City,MMK,False
TXN-20240112-0001431,WALL-0028602,MERCH-00060,PM-01,DEV-01,2024-01-12 09:15:23,7.31,0.0,0.1462,0,Success,Purchase,Yangon,MMK,False
TXN-20240112-0001432,WALL-0014228,MERCH-00138,PM-03,DEV-01,2024-01-12 21:31:55,404.46,3.2357,20.223,40,Success,Purchase,Myitkyina,MMK,False
TXN-20240112-0001433,WALL-0080738,MERCH-00211,PM-02,DEV-04,2024-01-12 08:12:56,36.01,0.072,0.0,3,Success,Purchase,Bangkok,THB,False
TXN-20240112-0001434,WALL-0023540,MERCH-00110,PM-04,DEV-02,2024-01-12 14:36:10,93.97,1.8794,0.0,0,Failed,Purchase,Khon Kaen,THB,False
TXN-20240112-0001435,WALL-0086063,MERCH-00066,PM-01,DEV-02,2024-01-12 21:15:25,12.15,0.0,0.243,1,Success,Purchase,Bandung,MMK,False
TXN-20240112-0001436,WALL-0090009,MERCH-00056,PM-01,DEV-01,2024-01-12 14:00:31,22.2,0.0,0.444,2,Success,Purchase,Taunggyi,MMK,False
TXN-20240112-0001437,WALL-0086932,MERCH-00037,PM-01,DEV-01,2024-01-12 20:57:34,26.98,0.0,0.5397,2,Success,Purchase,Pokhara,NPR,False
TXN-20240112-0001438,WALL-0075328,MERCH-00019,PM-05,DEV-04,2024-01-12 19:25:13,7.4,0.0,0.1479,0,Success,Purchase,Bali,IDR,False
TXN-20240112-0001439,WALL-0001360,MERCH-00001,PM-01,DEV-02,2024-01-12 07:30:36,21.03,0.0,0.4205,2,Success,Purchase,Phuket,THB,False
TXN-20240112-0001440,WALL-0098232,MERCH-00115,PM-04,DEV-01,2024-01-12 06:58:15,125.73,2.5146,0.0,12,Success,Purchase,Yangon,MMK,False
TXN-20240112-0001441,WALL-0118660,MERCH-00036,PM-01,DEV-01,2024-01-12 12:06:03,40.5,0.0,0.81,4,Success,Purchase,Dhaka,BDT,False
TXN-20240112-0001442,WALL-0138681,MERCH-00264,PM-01,DEV-02,2024-01-12 13:23:48,39.56,0.0,0.0,3,Success,Subscription,Bangalore,INR,False
TXN-20240112-0001443,WALL-0010011,MERCH-00052,PM-01,DEV-01,2024-01-12 18:53:16,24.91,0.0,0.4983,2,Success,Purchase,Medan,NPR,False
TXN-20240112-0001444,WALL-0040757,MERCH-00231,PM-01,DEV-01,2024-01-12 21:49:21,45.81,0.0,0.0,4,Success,Subscription,Pathein,PHP,False
TXN-20240112-0001445,WALL-0095636,MERCH-00142,PM-05,DEV-01,2024-01-12 16:49:49,89.47,0.0,4.4733,8,Success,Purchase,Myitkyina,MMK,False
TXN-20240112-0001446,WALL-0002362,MERCH-00233,PM-04,DEV-04,2024-01-12 16:40:24,7.16,0.1431,0.0,0,Success,Subscription,Yangon,MMK,False
TXN-20240112-0001447,WALL-0109533,MERCH-00343,PM-05,DEV-05,2024-01-12 14:54:36,24.74,0.0,0.0,2,Success,Bill Payment,Pathein,MMK,False
TXN-20240112-0001448,WALL-0108593,MERCH-00429,PM-01,DEV-01,2024-01-12 19:57:14,173.78,0.0,0.0,17,Success,Payment,Kandy,LKR,False
TXN-20240112-0001449,WALL-0120683,MERCH-00418,PM-01,DEV-02,2024-01-12 20:30:51,116.2,0.0,0.0,11,Success,Payment,Naypyidaw,MMK,False
TXN-20240112-0001450,WALL-0131467,MERCH-00234,PM-02,DEV-03,2024-01-12 12:37:49,40.0,0.08,0.0,4,Success,Subscription,Taunggyi,MMK,False
TXN-20240112-0001451,WALL-0120018,MERCH-00040,PM-01,DEV-01,2024-01-12 09:37:48,5.09,0.0,0.1018,0,Success,Purchase,Kuala Lumpur,MMK,False
TXN-20240112-0001452,WALL-0149981,MERCH-00155,PM-02,DEV-01,2024-01-12 02:57:54,38.85,0.0777,1.9425,3,Success,Purchase,Phnom Penh,KHR,False
TXN-20240112-0001453,WALL-0053845,MERCH-00085,PM-01,DEV-01,2024-01-12 09:50:43,60.48,0.0,0.0,6,Success,Purchase,Phnom Penh,KHR,False
TXN-20240112-0001454,WALL-0002420,MERCH-00194,PM-03,DEV-02,2024-01-12 18:07:59,27.02,0.2161,0.0,2,Success,Purchase,Myitkyina,MMK,False
TXN-20240112-0001455,WALL-0056248,MERCH-00478,PM-02,DEV-02,2024-01-12 17:10:24,90.91,0.1818,0.0,9,Success,Payment,Bago,VND,False
TXN-20240112-0001456,WALL-0072194,MERCH-00253,PM-02,DEV-01,2024-01-12 10:57:13,13.14,0.0263,0.0,1,Success,Subscription,Kuala Lumpur,MYR,False
TXN-20240112-0001457,WALL-0080527,MERCH-00202,PM-01,DEV-03,2024-01-12 14:36:48,13.25,0.0,0.0,1,Success,Purchase,Yangon,MMK,False
TXN-20240112-0001458,WALL-0135632,MERCH-00014,PM-03,DEV-04,2024-01-12 09:07:51,32.43,0.2595,0.6487,3,Success,Purchase,Naypyidaw,MMK,False
TXN-20240112-0001459,WALL-0004766,MERCH-00040,PM-03,DEV-03,2024-01-12 19:16:25,31.14,0.2491,0.6228,3,Success,Purchase,Surabaya,IDR,False
TXN-20240112-0001460,WALL-0020626,MERCH-00360,PM-04,DEV-01,2024-01-12 12:12:47,22.53,0.4505,0.0,2,Success,Bill Payment,Myitkyina,MMK,False
TXN-20240112-0001461,WALL-0018666,MERCH-00143,PM-01,DEV-02,2024-01-12 13:50:21,174.96,0.0,8.7482,17,Success,Purchase,Bangalore,INR,False
TXN-20240112-0001462,WALL-0000089,MERCH-00226,PM-01,DEV-02,2024-01-12 18:29:52,21.81,0.0,0.0,2,Success,Purchase,Jaipur,INR,False
TXN-20240112-0001463,WALL-0023411,MERCH-00162,PM-03,DEV-01,2024-01-12 13:21:40,70.84,0.5667,3.5419,7,Success,Purchase,Cebu City,MMK,False
TXN-20240112-0001464,WALL-0132289,MERCH-00180,PM-02,DEV-03,2024-01-12 08:51:26,37.24,0.0745,1.8619,3,Success,Purchase,Myitkyina,MMK,False
TXN-20240112-0001465,WALL-0008743,MERCH-00180,PM-01,DEV-01,2024-01-12 18:22:41,56.75,0.0,0.0,0,Pending,Purchase,Naypyidaw,MMK,False
TXN-20240112-0001466,WALL-0115758,MERCH-00088,PM-02,DEV-04,2024-01-12 19:01:04,81.89,0.1638,0.0,8,Success,Purchase,Lahore,NPR,False
TXN-20240112-0001467,WALL-0085943,MERCH-00176,PM-03,DEV-05,2024-01-12 00:39:10,23.01,0.1841,1.1507,2,Success,Purchase,Cebu City,PHP,False
TXN-20240112-0001468,WALL-0120004,MERCH-00070,PM-02,DEV-01,2024-01-12 12:52:28,10.0,0.02,0.2,1,Success,Purchase,Quezon City,PHP,False
TXN-20240112-0001469,WALL-0088014,MERCH-00393,PM-03,DEV-01,2024-01-12 13:52:05,72.93,0.5834,0.0,7,Success,Purchase,Quezon City,PHP,False
TXN-20240112-0001470,WALL-0141519,MERCH-00268,PM-01,DEV-01,2024-01-12 20:16:38,11.06,0.0,0.0,1,Success,Subscription,Penang,INR,False
TXN-20240112-0001471,WALL-0085426,MERCH-00214,PM-01,DEV-02,2024-01-12 00:35:56,5.0,0.0,0.0,0,Success,Purchase,Myitkyina,MMK,False
TXN-20240112-0001472,WALL-0048406,MERCH-00058,PM-05,DEV-02,2024-01-12 20:10:12,17.78,0.0,0.3555,1,Success,Purchase,Kathmandu,NPR,False
TXN-20240112-0001473,WALL-0131903,MERCH-00226,PM-04,DEV-03,2024-01-12 15:10:56,16.87,0.3373,0.0,1,Success,Purchase,Yangon,MMK,False
TXN-20240112-0001474,WALL-0091855,MERCH-00321,PM-01,DEV-02,2024-01-12 13:54:00,108.82,0.0,0.0,10,Success,Bill Payment,Pokhara,MMK,False
TXN-20240112-0001475,WALL-0045990,MERCH-00468,PM-01,DEV-03,2024-01-12 12:41:57,75.5,0.0,0.0,7,Success,Payment,Chiang Mai,THB,False
TXN-20240112-0001476,WALL-0010049,MERCH-00311,PM-01,DEV-01,2024-01-12 13:24:18,20.47,0.0,0.0,2,Success,Bill Payment,Myitkyina,MMK,False
TXN-20240112-0001477,WALL-0076693,MERCH-00400,PM-03,DEV-01,2024-01-12 22:37:09,23.67,0.1894,0.0,2,Success,Purchase,Davao,PHP,False
TXN-20240112-0001478,WALL-0080139,MERCH-00175,PM-01,DEV-01,2024-01-12 04:42:31,57.23,0.0,2.8615,5,Success,Purchase,Myitkyina,MMK,False
TXN-20240112-0001479,WALL-0053963,MERCH-00027,PM-04,DEV-01,2024-01-12 15:56:44,11.93,0.2387,0.2387,1,Success,Purchase,Naypyidaw,MMK,False
TXN-20240112-0001480,WALL-0078996,MERCH-00063,PM-01,DEV-01,2024-01-12 20:23:14,22.25,0.0,0.445,2,Success,Purchase,Pathein,MMK,False
TXN-20240112-0001481,WALL-0074753,MERCH-00167,PM-02,DEV-02,2024-01-12 16:40:56,46.21,0.0924,2.3106,4,Success,Purchase,Jaipur,INR,False
TXN-20240112-0001482,WALL-0103324,MERCH-00168,PM-01,DEV-01,2024-01-12 22:46:46,108.82,0.0,5.4412,10,Success,Purchase,Myitkyina,MMK,False
TXN-20240112-0001483,WALL-0021622,MERCH-00127,PM-02,DEV-01,2024-01-12 14:03:35,81.61,0.1632,0.0,8,Success,Purchase,Bali,IDR,False
TXN-20240112-0001484,WALL-0059703,MERCH-00180,PM-01,DEV-01,2024-01-12 12:52:53,48.97,0.0,2.4484,4,Success,Purchase,Chennai,MMK,False
TXN-20240112-0001485,WALL-0082974,MERCH-00262,PM-01,DEV-01,2024-01-12 12:52:03,11.14,0.0,0.0,1,Success,Subscription,Bago,MMK,False
TXN-20240112-0001486,WALL-0097000,MERCH-00408,PM-05,DEV-05,2024-01-12 07:47:02,52.11,0.0,0.0,5,Success,Payment,Manila,PHP,False
TXN-20240112-0001487,WALL-0129059,MERCH-00115,PM-04,DEV-02,2024-01-12 14:26:39,14.03,0.2806,0.0,1,Success,Purchase,Naypyidaw,MMK,False
TXN-20240112-0001488,WALL-0123392,MERCH-00003,PM-01,DEV-05,2024-01-12 04:15:12,5.0,0.0,0.1,0,Success,Purchase,Davao,PHP,False
TXN-20240112-0001489,WALL-0041850,MERCH-00344,PM-01,DEV-01,2024-01-12 21:59:13,16.55,0.0,0.0,1,Success,Bill Payment,Surabaya,IDR,False
TXN-20240112-0001490,WALL-0090737,MERCH-00088,PM-02,DEV-01,2024-01-12 15:38:03,39.17,0.0783,0.0,3,Success,Purchase,Kandy,LKR,False
TXN-20240112-0001491,WALL-0072923,MERCH-00023,PM-01,DEV-01,2024-01-12 20:47:40,18.96,0.0,0.3792,1,Success,Purchase,Pathein,MMK,False
TXN-20240112-0001492,WALL-0121624,MERCH-00442,PM-01,DEV-01,2024-01-12 13:38:26,71.61,0.0,0.0,7,Success,Tax Payment,Mawlamyine,MMK,False
TXN-20240112-0001493,WALL-0132283,MERCH-00490,PM-04,DEV-03,2024-01-12 16:13:32,107.95,2.1589,0.0,10,Success,Payment,Taunggyi,MMK,False
TXN-20240112-0001494,WALL-0124147,MERCH-00309,PM-01,DEV-01,2024-01-12 15:52:57,100.0,0.0,8.0,20,Success,Purchase,Johor Bahru,MYR,False
TXN-20240112-0001495,WALL-0019651,MERCH-00362,PM-03,DEV-01,2024-01-12 15:00:13,91.21,0.7297,0.0,9,Success,Bill Payment,Kuala Lumpur,MYR,False
TXN-20240112-0001496,WALL-0127271,MERCH-00447,PM-02,DEV-02,2024-01-12 14:41:41,233.05,0.4661,0.0,23,Success,Tax Payment,Kuala Lumpur,MYR,False
TXN-20240112-0001497,WALL-0053164,MERCH-00082,PM-01,DEV-04,2024-01-12 16:11:37,77.35,0.0,0.0,7,Success,Purchase,Naypyidaw,MMK,False
TXN-20240112-0001498,WALL-0131159,MERCH-00181,PM-03,DEV-01,2024-01-12 15:31:14,227.35,1.8188,11.3677,22,Success,Purchase,Lahore,PKR,False
TXN-20240112-0001499,WALL-0132367,MERCH-00417,PM-01,DEV-01,2024-01-12 11:40:50,54.63,0.0,0.0,5,Success,Payment,Pathein,MMK,False
TXN-20240112-0001500,WALL-0141064,MERCH-00479,PM-01,DEV-01,2024-01-12 08:25:03,93.33,0.0,0.0,9,Success,Payment,Phnom Penh,KHR,False
TXN-20240112-0001501,WALL-0061508,MERCH-00327,PM-03,DEV-02,2024-01-12 09:27:57,117.54,0.9403,0.0,11,Success,Bill Payment,Kolkata,MMK,False
TXN-20240112-0001502,WALL-0145479,MERCH-00141,PM-04,DEV-02,2024-01-12 16:30:37,272.65,5.453,13.6325,27,Success,Purchase,Yangon,MMK,False
TXN-20240112-0001503,WALL-0065864,MERCH-00131,PM-05,DEV-01,2024-01-12 15:42:33,67.11,0.0,3.3554,6,Success,Purchase,Chiang Mai,THB,False
TXN-20240112-0001504,WALL-0047305,MERCH-00428,PM-03,DEV-01,2024-01-12 00:33:13,73.08,0.5846,0.0,7,Success,Payment,Colombo,LKR,False
TXN-20240112-0001505,WALL-0058474,MERCH-00046,PM-04,DEV-01,2024-01-12 21:38:54,35.62,0.7124,0.7124,3,Success,Purchase,Manila,PHP,False
TXN-20240112-0001506,WALL-0051185,MERCH-00288,PM-01,DEV-01,2024-01-12 17:12:08,164.29,0.0,13.1432,32,Success,Purchase,Mandalay,MMK,False
TXN-20240112-0001507,WALL-0091232,MERCH-00271,PM-02,DEV-03,2024-01-12 15:57:26,537.18,1.0744,42.9747,107,Success,Purchase,Delhi,INR,False
TXN-20240112-0001508,WALL-0027014,MERCH-00019,PM-02,DEV-04,2024-01-12 15:37:21,5.0,0.01,0.1,0,Success,Purchase,Naypyidaw,MMK,False
TXN-20240112-0001509,WALL-0047401,MERCH-00216,PM-03,DEV-01,2024-01-12 18:29:48,41.06,0.3285,0.0,4,Success,Purchase,Johor Bahru,MYR,False
TXN-20240112-0001510,WALL-0031413,MERCH-00078,PM-02,DEV-01,2024-01-12 12:34:51,19.42,0.0388,0.3885,1,Success,Purchase,Ahmedabad,INR,False
TXN-20240112-0001511,WALL-0105782,MERCH-00365,PM-04,DEV-01,2024-01-12 09:33:04,39.06,0.7812,0.0,3,Success,Bill Payment,Mawlamyine,MMK,False
TXN-20240112-0001512,WALL-0049658,MERCH-00192,PM-01,DEV-01,2024-01-12 09:07:40,18.14,0.0,0.0,1,Success,Purchase,Myitkyina,MMK,False
TXN-20240112-0001513,WALL-0099358,MERCH-00093,PM-02,DEV-02,2024-01-12 20:08:49,30.94,0.0619,0.0,3,Success,Purchase,Dhaka,MMK,False
TXN-20240112-0001514,WALL-0075063,MERCH-00040,PM-01,DEV-01,2024-01-12 23:05:22,13.58,0.0,0.2716,1,Success,Purchase,Pathein,MMK,False
TXN-20240112-0001515,WALL-0036616,MERCH-00081,PM-04,DEV-02,2024-01-12 03:33:21,93.67,1.8734,0.0,9,Success,Purchase,Da Nang,MMK,False
TXN-20240112-0001516,WALL-0134378,MERCH-00051,PM-01,DEV-01,2024-01-12 08:20:43,12.7,0.0,0.2541,1,Success,Purchase,Myitkyina,MMK,False
TXN-20240112-0001517,WALL-0036422,MERCH-00005,PM-02,DEV-03,2024-01-12 07:24:21,5.46,0.0109,0.1091,0,Success,Purchase,Phnom Penh,KHR,False
TXN-20240112-0001518,WALL-0113400,MERCH-00041,PM-02,DEV-03,2024-01-12 13:29:39,5.0,0.01,0.1,0,Success,Purchase,Bangalore,INR,False
TXN-20240112-0001519,WALL-0042499,MERCH-00038,PM-01,DEV-02,2024-01-12 08:53:24,67.34,0.0,1.3468,6,Success,Purchase,Kathmandu,NPR,False
TXN-20240112-0001520,WALL-0088796,MERCH-00023,PM-01,DEV-01,2024-01-12 13:15:17,16.04,0.0,0.3207,1,Success,Purchase,Bago,MMK,False
TXN-20240112-0001521,WALL-0053901,MERCH-00011,PM-04,DEV-02,2024-01-12 20:43:18,11.08,0.2216,0.2216,1,Success,Purchase,Colombo,LKR,False
TXN-20240112-0001522,WALL-0038712,MERCH-00328,PM-03,DEV-01,2024-01-12 12:55:33,29.73,0.2378,0.0,2,Success,Bill Payment,Naypyidaw,MMK,False
TXN-20240112-0001523,WALL-0060307,MERCH-00368,PM-03,DEV-03,2024-01-12 18:10:20,43.18,0.3455,0.0,4,Success,Bill Payment,Mawlamyine,MMK,False
TXN-20240112-0001524,WALL-0012844,MERCH-00079,PM-01,DEV-01,2024-01-12 14:59:15,16.59,0.0,0.3317,1,Success,Purchase,Bago,MMK,False
TXN-20240112-0001525,WALL-0018022,MERCH-00329,PM-02,DEV-02,2024-01-12 20:13:01,71.37,0.1427,0.0,7,Success,Bill Payment,Ahmedabad,INR,False
TXN-20240112-0001526,WALL-0034621,MERCH-00153,PM-02,DEV-01,2024-01-12 13:42:37,41.04,0.0821,2.0518,4,Success,Purchase,Delhi,INR,False
TXN-20240112-0001527,WALL-0058804,MERCH-00216,PM-04,DEV-01,2024-01-12 03:38:29,5.04,0.1008,0.0,0,Success,Purchase,Kandy,LKR,False
TXN-20240112-0001528,WALL-0013158,MERCH-00120,PM-03,DEV-05,2024-01-12 19:27:01,37.87,0.303,0.0,3,Success,Purchase,Yangon,MMK,False
TXN-20240112-0001529,WALL-0006572,MERCH-00384,PM-01,DEV-02,2024-01-12 17:02:23,23.31,0.0,0.0,2,Success,Purchase,Mandalay,MMK,False
TXN-20240112-0001530,WALL-0028953,MERCH-00411,PM-04,DEV-01,2024-01-12 17:03:13,66.16,1.3232,0.0,6,Success,Payment,Myitkyina,MMK,False
TXN-20240112-0001531,WALL-0080421,MERCH-00425,PM-01,DEV-01,2024-01-12 13:43:23,40.24,0.0,0.0,4,Success,Payment,Pathein,MMK,False
TXN-20240112-0001532,WALL-0053124,MERCH-00372,PM-04,DEV-03,2024-01-12 14:54:11,37.13,0.7425,0.0,3,Success,Purchase,Medan,IDR,False
TXN-20240112-0001533,WALL-0052122,MERCH-00351,PM-02,DEV-01,2024-01-12 10:08:38,21.05,0.0421,0.0,2,Success,Bill Payment,Taunggyi,MMK,False
TXN-20240112-0001534,WALL-0135366,MERCH-00053,PM-01,DEV-01,2024-01-12 11:26:39,26.1,0.0,0.522,2,Success,Purchase,Jaipur,THB,False
TXN-20240112-0001535,WALL-0106362,MERCH-00091,PM-02,DEV-02,2024-01-12 08:17:52,48.64,0.0973,0.0,4,Success,Purchase,Pune,INR,False
TXN-20240112-0001536,WALL-0109531,MERCH-00204,PM-03,DEV-02,2024-01-12 17:57:49,9.5,0.076,0.0,0,Success,Purchase,Hanoi,VND,False
TXN-20240112-0001537,WALL-0050991,MERCH-00097,PM-02,DEV-01,2024-01-12 09:53:00,63.91,0.1278,0.0,6,Success,Purchase,Mandalay,MMK,False
TXN-20240112-0001538,WALL-0098564,MERCH-00331,PM-02,DEV-03,2024-01-12 00:46:01,141.35,0.2827,0.0,14,Success,Bill Payment,Khon Kaen,THB,False
TXN-20240112-0001539,WALL-0093299,MERCH-00192,PM-01,DEV-01,2024-01-12 06:35:40,16.02,0.0,0.0,1,Success,Purchase,Kandy,MMK,False
TXN-20240112-0001540,WALL-0013932,MERCH-00027,PM-02,DEV-01,2024-01-12 11:21:22,19.0,0.038,0.38,1,Success,Purchase,Kolkata,MMK,False
TXN-20240112-0001541,WALL-0000128,MERCH-00005,PM-03,DEV-03,2024-01-12 21:22:27,11.46,0.0917,0.2292,1,Success,Purchase,Kolkata,INR,False
TXN-20240112-0001542,WALL-0002091,MERCH-00056,PM-01,DEV-01,2024-01-12 20:30:27,19.55,0.0,0.391,1,Success,Purchase,Mandalay,MMK,False
TXN-20240112-0001543,WALL-0113855,MERCH-00152,PM-05,DEV-01,2024-01-12 17:03:06,236.95,0.0,11.8477,23,Success,Purchase,Cebu City,PHP,False
TXN-20240112-0001544,WALL-0102337,MERCH-00058,PM-03,DEV-01,2024-01-12 19:10:43,9.65,0.0772,0.1931,0,Success,Purchase,Mawlamyine,MMK,False
TXN-20240112-0001545,WALL-0093289,MERCH-00418,PM-03,DEV-02,2024-01-12 16:35:31,311.13,2.489,0.0,31,Success,Payment,Jakarta,IDR,False
TXN-20240112-0001546,WALL-0107637,MERCH-00162,PM-01,DEV-02,2024-01-12 04:24:23,176.09,0.0,8.8045,17,Success,Purchase,Singapore,SGD,False
TXN-20240112-0001547,WALL-0002989,MERCH-00284,PM-03,DEV-03,2024-01-12 03:22:41,120.35,0.9628,9.6279,24,Success,Purchase,Bago,MMK,False
TXN-20240112-0001548,WALL-0127860,MERCH-00131,PM-04,DEV-01,2024-01-12 12:08:02,49.22,0.9845,2.4612,4,Success,Purchase,Jaipur,INR,False
TXN-20240112-0001549,WALL-0026547,MERCH-00061,PM-04,DEV-02,2024-01-12 16:48:04,25.13,0.5026,0.5026,2,Success,Purchase,Pattaya,THB,False
TXN-20240112-0001550,WALL-0085489,MERCH-00280,PM-02,DEV-01,2024-01-12 07:59:18,873.59,1.7472,69.887,174,Success,Purchase,Penang,MYR,False
TXN-20240112-0001551,WALL-0130106,MERCH-00127,PM-03,DEV-01,2024-01-12 21:38:17,120.8,0.9664,0.0,12,Success,Purchase,Naypyidaw,MMK,False
TXN-20240112-0001552,WALL-0013189,MERCH-00396,PM-02,DEV-05,2024-01-12 20:46:55,82.44,0.1649,0.0,8,Success,Purchase,Naypyidaw,MMK,False
TXN-20240112-0001553,WALL-0062766,MERCH-00271,PM-01,DEV-01,2024-01-12 20:53:59,111.97,0.0,8.9576,22,Success,Purchase,Singapore,SGD,False
TXN-20240112-0001554,WALL-0116375,MERCH-00071,PM-01,DEV-04,2024-01-12 17:06:27,64.28,0.0,0.0,0,Reversed,Purchase,Penang,PHP,False
TXN-20240112-0001555,WALL-0017504,MERCH-00402,PM-02,DEV-04,2024-01-12 17:26:08,20.0,0.04,0.0,2,Success,Payment,Jaipur,INR,False
TXN-20240112-0001556,WALL-0047634,MERCH-00214,PM-04,DEV-02,2024-01-12 21:34:50,16.83,0.3365,0.0,1,Success,Purchase,Kolkata,MMK,False
TXN-20240112-0001557,WALL-0107752,MERCH-00419,PM-03,DEV-01,2024-01-12 12:40:58,44.76,0.3581,0.0,4,Success,Payment,Kolkata,MYR,False
TXN-20240112-0001558,WALL-0140007,MERCH-00065,PM-02,DEV-01,2024-01-12 15:40:26,26.14,0.0523,0.5228,2,Success,Purchase,Johor Bahru,MYR,False
TXN-20240112-0001559,WALL-0073610,MERCH-00062,PM-02,DEV-01,2024-01-12 02:56:29,10.8,0.0216,0.2161,1,Success,Purchase,Taunggyi,MMK,False
TXN-20240112-0001560,WALL-0127655,MERCH-00247,PM-01,DEV-01,2024-01-12 15:28:05,40.0,0.0,0.0,4,Success,Subscription,Bago,MMK,False
TXN-20240112-0001561,WALL-0040982,MERCH-00249,PM-01,DEV-01,2024-01-12 21:04:14,24.98,0.0,0.0,2,Success,Subscription,Cebu City,PHP,False
TXN-20240112-0001562,WALL-0099705,MERCH-00365,PM-01,DEV-04,2024-01-12 17:29:41,63.75,0.0,0.0,6,Success,Bill Payment,Dhaka,BDT,False
TXN-20240112-0001563,WALL-0071739,MERCH-00231,PM-04,DEV-01,2024-01-12 12:13:15,28.0,0.56,0.0,2,Success,Subscription,Mumbai,INR,False
TXN-20240112-0001564,WALL-0111583,MERCH-00005,PM-04,DEV-04,2024-01-12 19:49:45,10.44,0.2088,0.2088,1,Success,Purchase,Dhaka,BDT,False
TXN-20240112-0001565,WALL-0088138,MERCH-00359,PM-02,DEV-02,2024-01-12 16:11:58,57.58,0.1152,0.0,5,Success,Bill Payment,Mawlamyine,MMK,False
TXN-20240112-0001566,WALL-0020297,MERCH-00136,PM-01,DEV-05,2024-01-12 21:09:58,106.28,0.0,0.0,0,Failed,Purchase,Mawlamyine,MMK,False
TXN-20240112-0001567,WALL-0037487,MERCH-00248,PM-02,DEV-03,2024-01-12 18:21:19,9.64,0.0193,0.0,0,Success,Subscription,Delhi,INR,False
TXN-20240112-0001568,WALL-0061933,MERCH-00067,PM-02,DEV-01,2024-01-12 20:52:54,10.76,0.0215,0.2151,1,Success,Purchase,Myitkyina,MMK,False
TXN-20240112-0001569,WALL-0054273,MERCH-00190,PM-03,DEV-01,2024-01-12 21:51:32,99.88,0.799,4.9939,9,Success,Purchase,Yangon,MMK,False
TXN-20240112-0001570,WALL-0124302,MERCH-00196,PM-01,DEV-01,2024-01-12 14:10:52,13.59,0.0,0.0,1,Success,Purchase,Kuala Lumpur,MYR,False
TXN-20240112-0001571,WALL-0011323,MERCH-00111,PM-02,DEV-01,2024-01-12 15:31:45,89.37,0.1787,0.0,8,Success,Purchase,Mawlamyine,MMK,False
TXN-20240112-0001572,WALL-0051489,MERCH-00377,PM-03,DEV-03,2024-01-12 06:10:52,71.71,0.5737,0.0,7,Success,Purchase,Phuket,THB,False
TXN-20240112-0001573,WALL-0083723,MERCH-00103,PM-01,DEV-01,2024-01-12 18:10:38,16.18,0.0,0.0,1,Success,Purchase,Mumbai,INR,False
TXN-20240112-0001574,WALL-0050092,MERCH-00267,PM-01,DEV-01,2024-01-12 15:27:37,8.56,0.0,0.0,0,Success,Subscription,Chennai,INR,False
TXN-20240112-0001575,WALL-0110728,MERCH-00389,PM-03,DEV-01,2024-01-12 20:26:09,79.78,0.6382,0.0,7,Success,Purchase,Yangon,MMK,False
TXN-20240112-0001576,WALL-0143023,MERCH-00050,PM-04,DEV-01,2024-01-12 08:35:28,15.64,0.3127,0.3127,1,Success,Purchase,Johor Bahru,MYR,False
TXN-20240112-0001577,WALL-0046531,MERCH-00138,PM-03,DEV-02,2024-01-12 17:12:35,88.18,0.7055,4.4092,8,Success,Purchase,Pathein,MMK,False
TXN-20240112-0001578,WALL-0066764,MERCH-00084,PM-01,DEV-02,2024-01-12 16:53:26,122.68,0.0,0.0,12,Success,Purchase,Davao,MMK,False
TXN-20240112-0001579,WALL-0103017,MERCH-00058,PM-04,DEV-03,2024-01-12 20:50:03,13.72,0.2744,0.2744,1,Success,Purchase,Johor Bahru,MMK,False
TXN-20240112-0001580,WALL-0056239,MERCH-00417,PM-01,DEV-01,2024-01-12 19:18:26,180.41,0.0,0.0,18,Success,Payment,Yangon,MMK,False
TXN-20240112-0001581,WALL-0102791,MERCH-00021,PM-04,DEV-03,2024-01-12 05:26:15,27.78,0.5556,0.5556,2,Success,Purchase,Mandalay,MMK,False
TXN-20240112-0001582,WALL-0107620,MERCH-00021,PM-05,DEV-04,2024-01-12 16:00:17,22.24,0.0,0.4448,2,Success,Purchase,Hanoi,VND,False
TXN-20240112-0001583,WALL-0065142,MERCH-00170,PM-01,DEV-01,2024-01-12 14:02:45,33.63,0.0,1.6813,3,Success,Purchase,Chiang Mai,THB,False
TXN-20240112-0001584,WALL-0132790,MERCH-00193,PM-04,DEV-02,2024-01-12 06:59:43,9.72,0.1944,0.0,0,Success,Purchase,Taunggyi,IDR,False
TXN-20240112-0001585,WALL-0033659,MERCH-00094,PM-01,DEV-05,2024-01-12 01:54:09,79.84,0.0,0.0,7,Success,Purchase,Pathein,MMK,False
TXN-20240112-0001586,WALL-0013231,MERCH-00269,PM-05,DEV-01,2024-01-12 20:33:02,23.36,0.0,0.0,2,Success,Subscription,Naypyidaw,MMK,False
TXN-20240112-0001587,WALL-0085486,MERCH-00188,PM-04,DEV-03,2024-01-12 18:20:02,94.27,1.8854,4.7135,9,Success,Purchase,Bago,MMK,False
TXN-20240112-0001588,WALL-0079614,MERCH-00024,PM-03,DEV-03,2024-01-12 14:27:52,28.94,0.2316,0.5789,2,Success,Purchase,Myitkyina,MMK,False
TXN-20240112-0001589,WALL-0039478,MERCH-00172,PM-01,DEV-03,2024-01-12 19:01:13,72.94,0.0,3.647,7,Success,Purchase,Da Nang,VND,False
TXN-20240112-0001590,WALL-0044415,MERCH-00460,PM-01,DEV-01,2024-01-12 00:44:11,426.1,0.0,0.0,42,Success,Payment,Naypyidaw,NPR,False
TXN-20240112-0001591,WALL-0114865,MERCH-00199,PM-04,DEV-01,2024-01-12 18:00:49,11.02,0.2203,0.0,1,Success,Purchase,Naypyidaw,MMK,False
TXN-20240112-0001592,WALL-0044961,MERCH-00099,PM-03,DEV-03,2024-01-12 19:14:27,12.95,0.1036,0.0,1,Success,Purchase,Mandalay,MMK,False
TXN-20240112-0001593,WALL-0124839,MERCH-00134,PM-01,DEV-04,2024-01-12 14:58:46,250.13,0.0,12.5064,25,Success,Purchase,Mawlamyine,MMK,False
TXN-20240112-0001594,WALL-0017947,MERCH-00040,PM-02,DEV-03,2024-01-12 20:11:12,19.9,0.0398,0.3979,1,Success,Purchase,Pokhara,NPR,False
TXN-20240112-0001595,WALL-0080056,MERCH-00191,PM-01,DEV-02,2024-01-12 15:18:09,8.32,0.0,0.0,0,Success,Purchase,Taunggyi,MMK,False
TXN-20240112-0001596,WALL-0006199,MERCH-00013,PM-03,DEV-02,2024-01-12 14:03:02,18.4,0.1472,0.368,1,Success,Purchase,Da Nang,VND,False
TXN-20240112-0001597,WALL-0072043,MERCH-00207,PM-02,DEV-01,2024-01-12 11:19:09,7.99,0.016,0.0,0,Success,Purchase,Singapore,PHP,False
TXN-20240112-0001598,WALL-0002241,MERCH-00260,PM-01,DEV-02,2024-01-12 10:53:13,10.05,0.0,0.0,1,Success,Subscription,Colombo,LKR,False
TXN-20240112-0001599,WALL-0019692,MERCH-00021,PM-01,DEV-04,2024-01-12 13:32:01,6.17,0.0,0.1235,0,Success,Purchase,Bangalore,INR,False
TXN-20240112-0001600,WALL-0134339,MERCH-00118,PM-02,DEV-01,2024-01-12 21:27:34,21.67,0.0433,0.0,2,Success,Purchase,Naypyidaw,MMK,False
TXN-20240112-0001601,WALL-0038648,MERCH-00396,PM-04,DEV-03,2024-01-12 20:38:40,58.23,1.1646,0.0,5,Success,Purchase,Mawlamyine,MMK,False
TXN-20240112-0001602,WALL-0148611,MERCH-00323,PM-02,DEV-02,2024-01-12 21:55:09,117.95,0.2359,0.0,11,Success,Bill Payment,Bago,MMK,False
TXN-20240112-0001603,WALL-0012987,MERCH-00125,PM-05,DEV-02,2024-01-12 11:09:25,107.82,0.0,0.0,10,Success,Purchase,Bago,MMK,False
TXN-20240112-0001604,WALL-0129715,MERCH-00123,PM-01,DEV-02,2024-01-12 19:18:59,62.29,0.0,0.0,6,Success,Purchase,Yangon,THB,False
TXN-20240112-0001605,WALL-0006278,MERCH-00084,PM-02,DEV-05,2024-01-12 14:10:25,61.18,0.1224,0.0,6,Success,Purchase,Taunggyi,MMK,False
TXN-20240112-0001606,WALL-0019394,MERCH-00380,PM-01,DEV-01,2024-01-12 11:03:33,60.85,0.0,0.0,6,Success,Purchase,Bandung,IDR,False
TXN-20240112-0001607,WALL-0122375,MERCH-00016,PM-02,DEV-01,2024-01-12 17:42:45,15.95,0.0319,0.3191,1,Success,Purchase,Taunggyi,INR,False
TXN-20240112-0001608,WALL-0080045,MERCH-00206,PM-01,DEV-01,2024-01-12 15:01:35,23.73,0.0,0.0,2,Success,Purchase,Lahore,PKR,False
TXN-20240112-0001609,WALL-0041941,MERCH-00027,PM-03,DEV-01,2024-01-12 21:15:43,23.38,0.1871,0.4676,2,Success,Purchase,Singapore,SGD,False
TXN-20240112-0001610,WALL-0113908,MERCH-00322,PM-03,DEV-03,2024-01-12 06:53:05,123.62,0.989,0.0,12,Success,Bill Payment,Kuala Lumpur,MYR,False
TXN-20240112-0001611,WALL-0027464,MERCH-00217,PM-01,DEV-02,2024-01-12 12:57:43,7.66,0.0,0.0,0,Success,Purchase,Bago,MMK,False
TXN-20240112-0001612,WALL-0082591,MERCH-00382,PM-02,DEV-01,2024-01-12 16:21:03,29.45,0.0589,0.0,2,Success,Purchase,Ahmedabad,INR,False
TXN-20240112-0001613,WALL-0124225,MERCH-00151,PM-01,DEV-01,2024-01-12 20:03:26,40.37,0.0,2.0184,4,Success,Purchase,Myitkyina,MMK,False
TXN-20240112-0001614,WALL-0074319,MERCH-00230,PM-02,DEV-01,2024-01-12 07:12:29,13.31,0.0266,0.0,1,Success,Purchase,Bandung,IDR,False
TXN-20240112-0001615,WALL-0109248,MERCH-00234,PM-01,DEV-01,2024-01-12 19:58:53,23.71,0.0,0.0,2,Success,Subscription,Mandalay,MMK,False
TXN-20240112-0001616,WALL-0131288,MERCH-00318,PM-03,DEV-01,2024-01-12 19:43:31,35.91,0.2873,0.0,3,Success,Bill Payment,Mawlamyine,MMK,False
TXN-20240112-0001617,WALL-0110120,MERCH-00011,PM-01,DEV-01,2024-01-12 06:38:51,14.96,0.0,0.2992,1,Success,Purchase,Ho Chi Minh City,VND,False
TXN-20240112-0001618,WALL-0076788,MERCH-00011,PM-04,DEV-03,2024-01-12 21:25:14,16.02,0.3204,0.3204,1,Success,Purchase,Kandy,LKR,False
TXN-20240112-0001619,WALL-0043479,MERCH-00023,PM-01,DEV-03,2024-01-12 08:58:13,50.69,0.0,1.0139,5,Success,Purchase,Mawlamyine,MMK,False
TXN-20240112-0001620,WALL-0124319,MERCH-00061,PM-02,DEV-02,2024-01-12 02:29:09,6.76,0.0135,0.1351,0,Success,Purchase,Chennai,INR,False
TXN-20240112-0001621,WALL-0004480,MERCH-00349,PM-02,DEV-01,2024-01-12 22:06:39,93.89,0.1878,0.0,9,Success,Bill Payment,Bangkok,THB,False
TXN-20240112-0001622,WALL-0044056,MERCH-00249,PM-03,DEV-01,2024-01-12 22:27:01,22.23,0.1778,0.0,2,Success,Subscription,Mandalay,MMK,False
TXN-20240112-0001623,WALL-0120679,MERCH-00070,PM-01,DEV-01,2024-01-12 15:13:02,23.13,0.0,0.4625,2,Success,Purchase,Kuala Lumpur,MYR,False
TXN-20240112-0001624,WALL-0087139,MERCH-00369,PM-05,DEV-01,2024-01-12 09:59:47,131.67,0.0,0.0,13,Success,Bill Payment,Myitkyina,MMK,False
TXN-20240112-0001625,WALL-0106377,MERCH-00164,PM-01,DEV-01,2024-01-12 18:31:04,119.0,0.0,5.9499,11,Success,Purchase,Singapore,SGD,False
TXN-20240112-0001626,WALL-0067088,MERCH-00318,PM-02,DEV-03,2024-01-12 19:29:01,129.72,0.2594,0.0,12,Success,Bill Payment,Bago,MMK,False
TXN-20240112-0001627,WALL-0041573,MERCH-00114,PM-04,DEV-02,2024-01-12 19:37:38,73.83,1.4766,0.0,7,Success,Purchase,Islamabad,PKR,False
TXN-20240112-0001628,WALL-0137056,MERCH-00127,PM-03,DEV-01,2024-01-12 06:51:16,142.07,1.1366,0.0,14,Success,Purchase,Bali,MMK,False
TXN-20240112-0001629,WALL-0096410,MERCH-00082,PM-03,DEV-02,2024-01-12 13:07:12,40.83,0.3266,0.0,4,Success,Purchase,Khon Kaen,MYR,False
TXN-20240112-0001630,WALL-0010315,MERCH-00227,PM-03,DEV-01,2024-01-12 20:14:30,10.59,0.0847,0.0,1,Success,Purchase,Taunggyi,MMK,False
TXN-20240112-0001631,WALL-0149769,MERCH-00361,PM-02,DEV-05,2024-01-12 19:32:10,22.53,0.0451,0.0,2,Success,Bill Payment,Penang,MYR,False
TXN-20240112-0001632,WALL-0087325,MERCH-00257,PM-01,DEV-04,2024-01-12 07:30:06,14.55,0.0,0.0,1,Success,Subscription,Phnom Penh,KHR,False
TXN-20240112-0001633,WALL-0042238,MERCH-00346,PM-03,DEV-03,2024-01-12 19:38:32,37.37,0.299,0.0,3,Success,Bill Payment,Colombo,LKR,False
TXN-20240112-0001634,WALL-0062080,MERCH-00420,PM-01,DEV-01,2024-01-12 08:56:55,20.0,0.0,0.0,2,Success,Payment,Bangkok,THB,False
TXN-20240112-0001635,WALL-0051495,MERCH-00115,PM-01,DEV-01,2024-01-12 21:29:01,127.57,0.0,0.0,12,Success,Purchase,Dhaka,BDT,False
TXN-20240112-0001636,WALL-0035481,MERCH-00379,PM-01,DEV-01,2024-01-12 13:18:46,102.97,0.0,0.0,10,Success,Purchase,Kuala Lumpur,MYR,False
TXN-20240112-0001637,WALL-0070539,MERCH-00021,PM-01,DEV-01,2024-01-12 18:02:01,5.0,0.0,0.1,0,Success,Purchase,Bago,MMK,False
TXN-20240112-0001638,WALL-0013563,MERCH-00075,PM-01,DEV-01,2024-01-12 12:06:30,19.57,0.0,0.0,0,Failed,Purchase,Medan,IDR,False
TXN-20240112-0001639,WALL-0036017,MERCH-00040,PM-01,DEV-03,2024-01-12 12:43:35,21.87,0.0,0.4374,2,Success,Purchase,Bago,MMK,False
TXN-20240112-0001640,WALL-0103554,MERCH-00022,PM-01,DEV-01,2024-01-12 19:15:31,10.9,0.0,0.2179,1,Success,Purchase,Phuket,THB,False
TXN-20240112-0001641,WALL-0079495,MERCH-00108,PM-02,DEV-01,2024-01-12 07:47:46,49.58,0.0992,0.0,4,Success,Purchase,Taunggyi,MMK,False
TXN-20240112-0001642,WALL-0080879,MERCH-00283,PM-03,DEV-01,2024-01-12 15:27:18,3392.51,27.1401,271.4008,678,Success,Purchase,Myitkyina,MMK,False
TXN-20240112-0001643,WALL-0089030,MERCH-00404,PM-03,DEV-01,2024-01-12 18:50:37,69.36,0.5549,0.0,6,Success,Payment,Chiang Mai,THB,False
TXN-20240112-0001644,WALL-0056230,MERCH-00249,PM-02,DEV-01,2024-01-12 08:08:06,41.57,0.0831,0.0,4,Success,Subscription,Ahmedabad,INR,False
TXN-20240112-0001645,WALL-0020078,MERCH-00246,PM-01,DEV-03,2024-01-12 12:04:34,12.64,0.0,0.0,1,Success,Subscription,Mandalay,MMK,False
TXN-20240112-0001646,WALL-0069911,MERCH-00326,PM-01,DEV-01,2024-01-12 11:49:58,148.95,0.0,0.0,14,Success,Bill Payment,Johor Bahru,MYR,False
TXN-20240112-0001647,WALL-0107404,MERCH-00212,PM-01,DEV-01,2024-01-12 13:40:54,8.9,0.0,0.0,0,Success,Purchase,Hyderabad,MMK,False
TXN-20240112-0001648,WALL-0024554,MERCH-00086,PM-01,DEV-01,2024-01-12 06:48:14,136.99,0.0,0.0,13,Success,Purchase,Mandalay,MMK,False
TXN-20240112-0001649,WALL-0135318,MERCH-00059,PM-01,DEV-04,2024-01-12 19:42:06,52.72,0.0,1.0544,5,Success,Purchase,Hanoi,VND,False
TXN-20240112-0001650,WALL-0139527,MERCH-00100,PM-02,DEV-01,2024-01-12 19:01:51,109.88,0.2198,0.0,10,Success,Purchase,Naypyidaw,MMK,False
TXN-20240112-0001651,WALL-0040044,MERCH-00037,PM-04,DEV-02,2024-01-12 01:46:00,9.93,0.1985,0.1985,0,Success,Purchase,Taunggyi,MMK,False
TXN-20240112-0001652,WALL-0010846,MERCH-00356,PM-02,DEV-03,2024-01-12 16:03:54,40.72,0.0814,0.0,4,Success,Bill Payment,Manila,PHP,False
TXN-20240112-0001653,WALL-0087764,MERCH-00119,PM-04,DEV-01,2024-01-12 20:09:43,39.44,0.7887,0.0,3,Success,Purchase,Chittagong,MMK,False
TXN-20240112-0001654,WALL-0086288,MERCH-00056,PM-02,DEV-03,2024-01-12 00:06:41,7.0,0.014,0.14,0,Success,Purchase,Pathein,MMK,False
TXN-20240112-0001655,WALL-0095828,MERCH-00262,PM-02,DEV-01,2024-01-12 20:58:11,28.94,0.0579,0.0,2,Success,Subscription,Yangon,MMK,False
TXN-20240112-0001656,WALL-0114522,MERCH-00327,PM-01,DEV-01,2024-01-12 09:45:35,70.76,0.0,0.0,7,Success,Bill Payment,Bangalore,INR,False
TXN-20240112-0001657,WALL-0134911,MERCH-00342,PM-01,DEV-01,2024-01-12 20:08:29,18.47,0.0,0.0,1,Success,Bill Payment,Singapore,SGD,False
TXN-20240112-0001658,WALL-0068647,MERCH-00352,PM-03,DEV-04,2024-01-12 08:58:50,35.23,0.2818,0.0,3,Success,Bill Payment,Mawlamyine,MYR,False
TXN-20240112-0001659,WALL-0018060,MERCH-00270,PM-02,DEV-01,2024-01-12 20:52:16,7.17,0.0143,0.0,0,Success,Subscription,Mandalay,MMK,False
TXN-20240112-0001660,WALL-0045914,MERCH-00019,PM-04,DEV-05,2024-01-12 21:33:38,16.86,0.3373,0.3373,1,Success,Purchase,Mumbai,INR,False
TXN-20240112-0001661,WALL-0109354,MERCH-00063,PM-02,DEV-02,2024-01-12 13:58:37,21.0,0.042,0.42,2,Success,Purchase,Bago,MMK,False
TXN-20240112-0001662,WALL-0033093,MERCH-00182,PM-03,DEV-01,2024-01-12 19:24:25,90.94,0.7276,4.5472,9,Success,Purchase,Medan,IDR,False
TXN-20240112-0001663,WALL-0000285,MERCH-00055,PM-03,DEV-03,2024-01-12 08:42:36,13.15,0.1052,0.2629,1,Success,Purchase,Pokhara,NPR,False
TXN-20240112-0001664,WALL-0111907,MERCH-00070,PM-03,DEV-01,2024-01-12 15:43:05,28.56,0.2285,0.5712,2,Success,Purchase,Chiang Mai,MMK,False
TXN-20240112-0001665,WALL-0104634,MERCH-00314,PM-01,DEV-02,2024-01-12 22:31:14,83.51,0.0,0.0,8,Success,Bill Payment,Mumbai,INR,False
TXN-20240112-0001666,WALL-0121668,MERCH-00367,PM-03,DEV-01,2024-01-12 15:25:04,51.64,0.4131,0.0,5,Success,Bill Payment,Johor Bahru,MYR,False
TXN-20240112-0001667,WALL-0089626,MERCH-00114,PM-03,DEV-03,2024-01-12 10:34:19,29.47,0.2358,0.0,2,Success,Purchase,Mandalay,MMK,False
TXN-20240112-0001668,WALL-0070519,MERCH-00376,PM-04,DEV-02,2024-01-12 09:35:49,65.97,1.3194,0.0,6,Success,Purchase,Kathmandu,NPR,False
TXN-20240112-0001669,WALL-0018764,MERCH-00088,PM-03,DEV-01,2024-01-12 12:50:10,105.82,0.8466,0.0,10,Success,Purchase,Johor Bahru,MYR,False
TXN-20240112-0001670,WALL-0087485,MERCH-00483,PM-03,DEV-01,2024-01-12 16:21:48,192.77,1.5421,0.0,19,Success,Payment,Medan,IDR,False
TXN-20240112-0001671,WALL-0091413,MERCH-00327,PM-04,DEV-02,2024-01-12 17:41:32,51.99,1.0399,0.0,5,Success,Bill Payment,Kolkata,INR,False
TXN-20240112-0001672,WALL-0003001,MERCH-00186,PM-04,DEV-01,2024-01-12 15:01:37,90.86,1.8173,4.5431,9,Success,Purchase,Bago,MMK,False
TXN-20240112-0001673,WALL-0090732,MERCH-00439,PM-04,DEV-02,2024-01-12 21:04:12,265.78,5.3156,0.0,26,Success,Tax Payment,Mandalay,MMK,False
TXN-20240112-0001674,WALL-0076039,MERCH-00044,PM-03,DEV-04,2024-01-12 12:02:13,11.62,0.0929,0.2323,1,Success,Purchase,Penang,MYR,False
TXN-20240112-0001675,WALL-0012062,MERCH-00072,PM-01,DEV-02,2024-01-12 20:28:18,60.98,0.0,1.2196,6,Success,Purchase,Naypyidaw,MMK,False
TXN-20240112-0001676,WALL-0056044,MERCH-00040,PM-03,DEV-01,2024-01-12 11:21:48,60.0,0.48,1.2,6,Success,Purchase,Mandalay,MMK,False
TXN-20240112-0001677,WALL-0041125,MERCH-00003,PM-02,DEV-03,2024-01-12 08:10:11,9.45,0.0189,0.1891,0,Success,Purchase,Bandung,SGD,False
TXN-20240112-0001678,WALL-0097799,MERCH-00414,PM-03,DEV-01,2024-01-12 21:32:50,58.77,0.4702,0.0,5,Success,Payment,Naypyidaw,MMK,False
TXN-20240112-0001679,WALL-0009640,MERCH-00415,PM-01,DEV-01,2024-01-12 11:24:25,53.04,0.0,0.0,5,Success,Payment,Bangalore,INR,False
TXN-20240112-0001680,WALL-0140276,MERCH-00007,PM-03,DEV-01,2024-01-12 08:04:32,43.16,0.3453,0.8632,4,Success,Purchase,Taunggyi,MMK,False
TXN-20240112-0001681,WALL-0120906,MERCH-00265,PM-05,DEV-02,2024-01-12 04:02:32,16.21,0.0,0.0,1,Success,Subscription,Hyderabad,INR,False
TXN-20240112-0001682,WALL-0112881,MERCH-00088,PM-01,DEV-01,2024-01-12 17:50:39,34.24,0.0,0.0,3,Success,Purchase,Delhi,INR,False
TXN-20240112-0001683,WALL-0062333,MERCH-00195,PM-02,DEV-01,2024-01-12 06:09:56,6.35,0.0127,0.0,0,Success,Purchase,Myitkyina,MMK,False
TXN-20240112-0001684,WALL-0105297,MERCH-00209,PM-01,DEV-03,2024-01-12 18:53:35,68.19,0.0,0.0,6,Success,Purchase,Chennai,INR,False
TXN-20240112-0001685,WALL-0131246,MERCH-00102,PM-01,DEV-01,2024-01-12 16:48:40,42.4,0.0,0.0,4,Success,Purchase,Bali,IDR,False
TXN-20240112-0001686,WALL-0013707,MERCH-00072,PM-02,DEV-01,2024-01-12 01:59:27,13.58,0.0272,0.2715,1,Success,Purchase,Siem Reap,KHR,False
TXN-20240112-0001687,WALL-0066750,MERCH-00379,PM-02,DEV-04,2024-01-12 11:36:52,104.06,0.2081,0.0,10,Success,Purchase,Naypyidaw,MMK,False
TXN-20240112-0001688,WALL-0059778,MERCH-00119,PM-03,DEV-03,2024-01-12 17:27:02,44.59,0.3567,0.0,4,Success,Purchase,Bangalore,INR,False
TXN-20240112-0001689,WALL-0108563,MERCH-00252,PM-04,DEV-01,2024-01-12 21:59:41,10.17,0.2034,0.0,1,Success,Subscription,Pathein,MMK,False
TXN-20240112-0001690,WALL-0125902,MERCH-00060,PM-02,DEV-01,2024-01-12 18:48:21,20.56,0.0411,0.4112,2,Success,Purchase,Delhi,INR,False
TXN-20240112-0001691,WALL-0031311,MERCH-00117,PM-01,DEV-03,2024-01-12 05:58:41,36.95,0.0,0.0,3,Success,Purchase,Kolkata,INR,False
TXN-20240112-0001692,WALL-0032003,MERCH-00321,PM-01,DEV-03,2024-01-12 20:55:34,52.75,0.0,0.0,5,Success,Bill Payment,Phuket,THB,False
TXN-20240112-0001693,WALL-0149109,MERCH-00015,PM-03,DEV-03,2024-01-12 12:45:27,6.45,0.0516,0.129,0,Success,Purchase,Penang,MYR,False
TXN-20240112-0001694,WALL-0118443,MERCH-00029,PM-01,DEV-03,2024-01-12 16:24:27,23.59,0.0,0.4718,2,Success,Purchase,Chennai,INR,False
TXN-20240112-0001695,WALL-0075764,MERCH-00022,PM-02,DEV-04,2024-01-12 16:25:58,24.06,0.0481,0.4813,2,Success,Purchase,Singapore,SGD,False
TXN-20240112-0001696,WALL-0000978,MERCH-00089,PM-01,DEV-02,2024-01-12 04:26:52,25.27,0.0,0.0,2,Success,Purchase,Myitkyina,MMK,False
TXN-20240112-0001697,WALL-0113355,MERCH-00368,PM-05,DEV-02,2024-01-12 17:04:15,32.85,0.0,0.0,3,Success,Bill Payment,Cebu City,IDR,False
TXN-20240112-0001698,WALL-0146134,MERCH-00368,PM-02,DEV-01,2024-01-12 18:47:01,46.98,0.094,0.0,4,Success,Bill Payment,Ho Chi Minh City,VND,False
TXN-20240112-0001699,WALL-0068220,MERCH-00067,PM-02,DEV-02,2024-01-12 19:29:33,24.64,0.0493,0.4929,2,Success,Purchase,Pathein,MMK,False
TXN-20240112-0001700,WALL-0131575,MERCH-00320,PM-01,DEV-04,2024-01-12 22:41:12,70.72,0.0,0.0,7,Success,Bill Payment,Mandalay,MMK,False
TXN-20240112-0001701,WALL-0139468,MERCH-00106,PM-02,DEV-01,2024-01-12 09:33:28,112.16,0.2243,0.0,11,Success,Purchase,Bago,MMK,False
TXN-20240112-0001702,WALL-0040559,MERCH-00155,PM-01,DEV-01,2024-01-12 11:22:35,74.58,0.0,3.729,7,Success,Purchase,Mandalay,MMK,False
TXN-20240112-0001703,WALL-0099551,MERCH-00015,PM-02,DEV-01,2024-01-12 13:36:07,26.63,0.0533,0.5325,2,Success,Purchase,Pattaya,THB,False
TXN-20240112-0001704,WALL-0124156,MERCH-00439,PM-02,DEV-01,2024-01-12 17:46:56,289.17,0.5783,0.0,28,Success,Tax Payment,Delhi,INR,False
TXN-20240112-0001705,WALL-0075350,MERCH-00134,PM-03,DEV-01,2024-01-12 18:02:39,55.75,0.446,2.7877,5,Success,Purchase,Hanoi,VND,False
TXN-20240112-0001706,WALL-0020752,MERCH-00138,PM-01,DEV-03,2024-01-12 11:42:09,324.88,0.0,16.2442,32,Success,Purchase,Taunggyi,MMK,False
TXN-20240112-0001707,WALL-0057804,MERCH-00409,PM-01,DEV-01,2024-01-12 21:09:57,151.59,0.0,0.0,15,Success,Payment,Naypyidaw,MMK,False
TXN-20240112-0001708,WALL-0072706,MERCH-00242,PM-02,DEV-03,2024-01-12 10:38:33,12.32,0.0246,0.0,1,Success,Subscription,Kandy,VND,False
TXN-20240112-0001709,WALL-0046284,MERCH-00309,PM-01,DEV-01,2024-01-12 00:48:08,351.64,0.0,28.1313,70,Success,Purchase,Mandalay,MMK,False
TXN-20240112-0001710,WALL-0126024,MERCH-00150,PM-03,DEV-04,2024-01-12 08:41:04,59.41,0.4753,2.9704,5,Success,Purchase,Pathein,MMK,False
TXN-20240112-0001711,WALL-0124642,MERCH-00255,PM-02,DEV-02,2024-01-12 01:58:32,7.26,0.0145,0.0,0,Success,Subscription,Manila,PHP,False
TXN-20240112-0001712,WALL-0058370,MERCH-00147,PM-04,DEV-01,2024-01-12 17:37:07,100.03,2.0006,5.0014,10,Success,Purchase,Myitkyina,MMK,False
TXN-20240112-0001713,WALL-0077834,MERCH-00011,PM-01,DEV-05,2024-01-12 10:30:13,38.73,0.0,0.7747,3,Success,Purchase,Bago,MMK,False
TXN-20240112-0001714,WALL-0003935,MERCH-00117,PM-01,DEV-03,2024-01-12 10:10:41,290.82,0.0,0.0,29,Success,Purchase,Surabaya,IDR,False
TXN-20240112-0001715,WALL-0019521,MERCH-00128,PM-04,DEV-01,2024-01-12 21:06:59,38.98,0.7796,0.0,3,Success,Purchase,Bangkok,THB,False
TXN-20240112-0001716,WALL-0141402,MERCH-00164,PM-01,DEV-01,2024-01-12 19:42:39,153.0,0.0,7.6501,15,Success,Purchase,Kuala Lumpur,MYR,False
TXN-20240112-0001717,WALL-0080134,MERCH-00318,PM-02,DEV-01,2024-01-12 17:34:09,48.76,0.0975,0.0,0,Failed,Bill Payment,Ho Chi Minh City,VND,False
TXN-20240112-0001718,WALL-0089857,MERCH-00225,PM-01,DEV-01,2024-01-12 17:29:45,5.6,0.0,0.0,0,Success,Purchase,Taunggyi,MMK,False
TXN-20240112-0001719,WALL-0059101,MERCH-00488,PM-01,DEV-01,2024-01-12 18:56:20,106.37,0.0,0.0,10,Success,Payment,Delhi,MMK,False
TXN-20240112-0001720,WALL-0149341,MERCH-00167,PM-01,DEV-01,2024-01-12 21:44:24,422.52,0.0,21.126,42,Success,Purchase,Mawlamyine,MMK,False
TXN-20240112-0001721,WALL-0048536,MERCH-00322,PM-04,DEV-01,2024-01-12 15:11:23,38.43,0.7687,0.0,3,Success,Bill Payment,Medan,IDR,False
TXN-20240112-0001722,WALL-0094197,MERCH-00191,PM-02,DEV-01,2024-01-12 21:05:38,30.36,0.0607,0.0,3,Success,Purchase,Naypyidaw,MMK,False
TXN-20240112-0001723,WALL-0073301,MERCH-00381,PM-01,DEV-01,2024-01-12 23:38:23,56.87,0.0,0.0,5,Success,Purchase,Naypyidaw,MMK,False
TXN-20240112-0001724,WALL-0091805,MERCH-00014,PM-01,DEV-01,2024-01-12 19:53:29,67.23,0.0,1.3446,6,Success,Purchase,Mawlamyine,MMK,False
TXN-20240112-0001725,WALL-0050717,MERCH-00078,PM-04,DEV-03,2024-01-12 22:07:51,7.7,0.154,0.154,0,Success,Purchase,Davao,INR,False
TXN-20240112-0001726,WALL-0121516,MERCH-00038,PM-02,DEV-01,2024-01-12 21:58:29,9.87,0.0197,0.1974,0,Success,Purchase,Lahore,PKR,False
TXN-20240112-0001727,WALL-0047065,MERCH-00331,PM-03,DEV-02,2024-01-12 16:53:48,50.14,0.4011,0.0,5,Success,Bill Payment,Chennai,INR,False
TXN-20240112-0001728,WALL-0079701,MERCH-00061,PM-03,DEV-01,2024-01-12 20:56:38,10.41,0.0833,0.2082,1,Success,Purchase,Johor Bahru,MYR,False
TXN-20240112-0001729,WALL-0002303,MERCH-00347,PM-02,DEV-01,2024-01-12 14:24:52,20.54,0.0411,0.0,2,Success,Bill Payment,Pathein,IDR,False
TXN-20240112-0001730,WALL-0141511,MERCH-00203,PM-02,DEV-01,2024-01-12 06:26:44,9.89,0.0198,0.0,0,Success,Purchase,Davao,PHP,False
TXN-20240112-0001731,WALL-0064370,MERCH-00427,PM-02,DEV-01,2024-01-12 19:09:55,31.77,0.0635,0.0,3,Success,Payment,Myitkyina,MMK,False
TXN-20240112-0001732,WALL-0071237,MERCH-00375,PM-04,DEV-01,2024-01-12 20:18:18,156.48,3.1296,0.0,15,Success,Purchase,Mawlamyine,MMK,False
TXN-20240112-0001733,WALL-0011535,MERCH-00013,PM-01,DEV-01,2024-01-12 12:13:28,80.57,0.0,1.6114,8,Success,Purchase,Penang,MYR,False
TXN-20240112-0001734,WALL-0103757,MERCH-00246,PM-02,DEV-01,2024-01-12 14:41:48,5.42,0.0108,0.0,0,Success,Subscription,Cebu City,PHP,False
TXN-20240112-0001735,WALL-0007317,MERCH-00486,PM-03,DEV-01,2024-01-12 17:02:48,182.38,1.4591,0.0,18,Success,Payment,Hyderabad,INR,False
TXN-20240112-0001736,WALL-0037674,MERCH-00409,PM-02,DEV-01,2024-01-12 11:30:50,20.0,0.04,0.0,2,Success,Payment,Taunggyi,MMK,False
TXN-20240112-0001737,WALL-0072880,MERCH-00010,PM-03,DEV-03,2024-01-12 20:22:43,16.0,0.128,0.32,1,Success,Purchase,Kolkata,IDR,False
TXN-20240112-0001738,WALL-0061631,MERCH-00379,PM-01,DEV-04,2024-01-12 17:39:57,48.53,0.0,0.0,4,Success,Purchase,Medan,IDR,False
TXN-20240112-0001739,WALL-0114772,MERCH-00305,PM-01,DEV-02,2024-01-12 12:23:47,646.03,0.0,51.6822,129,Success,Purchase,Myitkyina,MMK,False
TXN-20240112-0001740,WALL-0082733,MERCH-00007,PM-01,DEV-03,2024-01-12 11:09:49,24.14,0.0,0.4829,2,Success,Purchase,Bali,THB,False
TXN-20240112-0001741,WALL-0063990,MERCH-00023,PM-04,DEV-01,2024-01-12 10:04:35,13.16,0.2633,0.2633,1,Success,Purchase,Medan,PHP,False
TXN-20240112-0001742,WALL-0037869,MERCH-00012,PM-01,DEV-01,2024-01-12 12:55:13,28.66,0.0,0.5732,2,Success,Purchase,Jakarta,IDR,False
TXN-20240112-0001743,WALL-0106937,MERCH-00393,PM-02,DEV-03,2024-01-12 18:35:21,120.0,0.24,0.0,12,Success,Purchase,Mawlamyine,MMK,False
TXN-20240112-0001744,WALL-0031098,MERCH-00430,PM-01,DEV-01,2024-01-12 12:43:56,65.56,0.0,0.0,6,Success,Payment,Yangon,MMK,False
TXN-20240112-0001745,WALL-0130721,MERCH-00115,PM-02,DEV-01,2024-01-12 10:16:58,20.65,0.0413,0.0,2,Success,Purchase,Karachi,PKR,False
TXN-20240112-0001746,WALL-0006666,MERCH-00063,PM-04,DEV-02,2024-01-12 14:06:30,35.09,0.7017,0.7017,3,Success,Purchase,Taunggyi,MMK,False
TXN-20240112-0001747,WALL-0132126,MERCH-00127,PM-02,DEV-01,2024-01-12 10:13:21,39.51,0.079,0.0,3,Success,Purchase,Johor Bahru,MYR,False
TXN-20240112-0001748,WALL-0000065,MERCH-00094,PM-01,DEV-01,2024-01-12 08:55:35,25.64,0.0,0.0,2,Success,Purchase,Kuala Lumpur,MYR,False
TXN-20240112-0001749,WALL-0132147,MERCH-00343,PM-01,DEV-01,2024-01-12 10:07:46,14.1,0.0,0.0,1,Success,Bill Payment,Lahore,PKR,False
TXN-20240112-0001750,WALL-0031029,MERCH-00240,PM-02,DEV-04,2024-01-12 04:22:21,5.0,0.01,0.0,0,Success,Subscription,Singapore,SGD,False
TXN-20240112-0001751,WALL-0086612,MERCH-00161,PM-03,DEV-01,2024-01-12 19:04:36,136.09,1.0887,6.8044,13,Success,Purchase,Da Nang,LKR,False
TXN-20240112-0001752,WALL-0078901,MERCH-00374,PM-04,DEV-01,2024-01-12 17:04:53,63.44,1.2689,0.0,6,Success,Purchase,Cebu City,PHP,False
TXN-20240112-0001753,WALL-0108360,MERCH-00344,PM-01,DEV-03,2024-01-12 17:51:19,29.42,0.0,0.0,2,Success,Bill Payment,Taunggyi,MMK,False
TXN-20240112-0001754,WALL-0064964,MERCH-00392,PM-01,DEV-01,2024-01-12 02:06:17,65.33,0.0,0.0,6,Success,Purchase,Johor Bahru,MYR,False
TXN-20240112-0001755,WALL-0073440,MERCH-00183,PM-01,DEV-01,2024-01-12 23:16:21,45.06,0.0,2.2531,4,Success,Purchase,Mawlamyine,INR,False
TXN-20240112-0001756,WALL-0109969,MERCH-00090,PM-01,DEV-05,2024-01-12 20:55:04,83.97,0.0,0.0,8,Success,Purchase,Mawlamyine,IDR,False
TXN-20240112-0001757,WALL-0095158,MERCH-00006,PM-01,DEV-03,2024-01-12 16:52:48,20.65,0.0,0.413,2,Success,Purchase,Bali,IDR,False
TXN-20240112-0001758,WALL-0082351,MERCH-00144,PM-01,DEV-01,2024-01-12 15:28:38,57.36,0.0,2.8681,5,Success,Purchase,Quezon City,PHP,False
TXN-20240112-0001759,WALL-0029770,MERCH-00428,PM-01,DEV-01,2024-01-12 14:27:38,53.84,0.0,0.0,5,Success,Payment,Hyderabad,INR,False
TXN-20240112-0001760,WALL-0006016,MERCH-00040,PM-01,DEV-03,2024-01-12 14:20:43,42.93,0.0,0.8586,4,Success,Purchase,Pathein,MMK,False
TXN-20240112-0001761,WALL-0098532,MERCH-00063,PM-02,DEV-01,2024-01-12 19:19:31,99.0,0.198,1.98,9,Success,Purchase,Pathein,MMK,False
TXN-20240112-0001762,WALL-0066857,MERCH-00132,PM-04,DEV-01,2024-01-12 23:07:21,86.03,1.7206,4.3015,8,Success,Purchase,Naypyidaw,MMK,False
TXN-20240112-0001763,WALL-0146696,MERCH-00376,PM-01,DEV-01,2024-01-12 19:58:44,84.93,0.0,0.0,8,Success,Purchase,Yangon,MMK,False
TXN-20240112-0001764,WALL-0074371,MERCH-00128,PM-01,DEV-01,2024-01-12 11:36:02,42.68,0.0,0.0,4,Success,Purchase,Naypyidaw,PKR,False
TXN-20240112-0001765,WALL-0089080,MERCH-00104,PM-02,DEV-04,2024-01-12 10:14:43,65.76,0.1315,0.0,6,Success,Purchase,Kandy,THB,False
TXN-20240112-0001766,WALL-0121844,MERCH-00397,PM-02,DEV-01,2024-01-12 15:53:55,20.0,0.04,0.0,2,Success,Purchase,Mumbai,INR,False
TXN-20240112-0001767,WALL-0009442,MERCH-00051,PM-03,DEV-01,2024-01-12 04:31:16,17.06,0.1365,0.3412,1,Success,Purchase,Chennai,INR,False
TXN-20240112-0001768,WALL-0145189,MERCH-00428,PM-01,DEV-05,2024-01-12 15:35:27,780.47,0.0,0.0,78,Success,Payment,Naypyidaw,MMK,False
TXN-20240112-0001769,WALL-0112829,MERCH-00043,PM-01,DEV-03,2024-01-12 17:07:22,46.01,0.0,0.9202,4,Success,Purchase,Chittagong,MMK,False
TXN-20240112-0001770,WALL-0127672,MERCH-00049,PM-01,DEV-01,2024-01-12 01:39:32,20.71,0.0,0.4142,2,Success,Purchase,Bangkok,LKR,False
TXN-20240112-0001771,WALL-0117168,MERCH-00345,PM-02,DEV-01,2024-01-12 20:27:19,39.51,0.079,0.0,3,Success,Bill Payment,Ho Chi Minh City,VND,False
TXN-20240112-0001772,WALL-0103540,MERCH-00024,PM-01,DEV-01,2024-01-12 20:38:51,12.88,0.0,0.2575,1,Success,Purchase,Myitkyina,MMK,False
TXN-20240112-0001773,WALL-0143337,MERCH-00446,PM-01,DEV-01,2024-01-12 15:38:21,179.09,0.0,0.0,17,Success,Tax Payment,Pathein,MMK,False
TXN-20240112-0001774,WALL-0067019,MERCH-00364,PM-02,DEV-01,2024-01-12 21:47:52,58.61,0.1172,0.0,5,Success,Bill Payment,Siem Reap,KHR,False
TXN-20240112-0001775,WALL-0079590,MERCH-00388,PM-01,DEV-04,2024-01-12 22:54:40,27.28,0.0,0.0,2,Success,Purchase,Bangalore,INR,False
TXN-20240112-0001776,WALL-0076471,MERCH-00318,PM-02,DEV-01,2024-01-12 12:14:38,58.65,0.1173,0.0,5,Success,Bill Payment,Bago,MMK,False
TXN-20240112-0001777,WALL-0050411,MERCH-00174,PM-01,DEV-01,2024-01-12 12:57:52,35.35,0.0,1.7675,3,Success,Purchase,Myitkyina,MMK,False
TXN-20240112-0001778,WALL-0052525,MERCH-00446,PM-04,DEV-02,2024-01-12 19:51:26,64.83,1.2965,0.0,6,Success,Tax Payment,Cebu City,INR,False
TXN-20240112-0001779,WALL-0056560,MERCH-00221,PM-02,DEV-01,2024-01-12 12:11:23,5.91,0.0118,0.0,0,Success,Purchase,Myitkyina,MMK,False
TXN-20240112-0001780,WALL-0021398,MERCH-00090,PM-02,DEV-01,2024-01-12 17:15:53,59.91,0.1198,0.0,5,Success,Purchase,Bago,MMK,False
TXN-20240112-0001781,WALL-0014147,MERCH-00003,PM-01,DEV-01,2024-01-12 07:27:33,60.0,0.0,1.2,6,Success,Purchase,Naypyidaw,MMK,False
TXN-20240112-0001782,WALL-0032000,MERCH-00393,PM-01,DEV-01,2024-01-12 12:18:00,41.61,0.0,0.0,4,Success,Purchase,Cebu City,PHP,False
TXN-20240112-0001783,WALL-0060071,MERCH-00059,PM-04,DEV-02,2024-01-12 20:38:42,13.07,0.2614,0.2614,1,Success,Purchase,Bago,MMK,False
TXN-20240112-0001784,WALL-0091552,MERCH-00313,PM-01,DEV-02,2024-01-12 12:07:23,36.76,0.0,0.0,0,Pending,Bill Payment,Jakarta,IDR,False
TXN-20240112-0001785,WALL-0130715,MERCH-00370,PM-02,DEV-02,2024-01-12 14:40:53,19.98,0.04,0.0,1,Success,Bill Payment,Pathein,VND,False
TXN-20240112-0001786,WALL-0136712,MERCH-00140,PM-01,DEV-01,2024-01-12 11:44:05,192.48,0.0,9.6241,19,Success,Purchase,Kuala Lumpur,MYR,False
TXN-20240112-0001787,WALL-0023014,MERCH-00127,PM-01,DEV-03,2024-01-12 17:10:05,93.91,0.0,0.0,9,Success,Purchase,Taunggyi,MMK,False
TXN-20240112-0001788,WALL-0065827,MERCH-00070,PM-01,DEV-01,2024-01-12 21:42:33,26.11,0.0,0.5222,2,Success,Purchase,Penang,PHP,True
TXN-20240112-0001789,WALL-0009154,MERCH-00360,PM-02,DEV-02,2024-01-12 19:22:18,28.42,0.0568,0.0,2,Success,Bill Payment,Lahore,VND,False
TXN-20240112-0001790,WALL-0028560,MERCH-00231,PM-01,DEV-03,2024-01-12 22:56:32,7.91,0.0,0.0,0,Success,Subscription,Kandy,LKR,False
TXN-20240112-0001791,WALL-0125697,MERCH-00134,PM-04,DEV-04,2024-01-12 17:15:16,273.42,5.4683,0.0,0,Failed,Purchase,Ahmedabad,MMK,False
TXN-20240112-0001792,WALL-0073417,MERCH-00165,PM-04,DEV-04,2024-01-12 12:24:27,31.14,0.6228,1.557,3,Success,Purchase,Myitkyina,MMK,False
TXN-20240112-0001793,WALL-0069701,MERCH-00136,PM-01,DEV-03,2024-01-12 18:58:59,32.22,0.0,1.6108,3,Success,Purchase,Phuket,PHP,False
TXN-20240112-0001794,WALL-0103300,MERCH-00292,PM-01,DEV-04,2024-01-12 22:37:54,100.0,0.0,8.0,20,Success,Purchase,Bago,MMK,False
TXN-20240112-0001795,WALL-0092739,MERCH-00145,PM-01,DEV-01,2024-01-12 13:29:45,37.99,0.0,1.8993,3,Success,Purchase,Cebu City,PHP,False
TXN-20240112-0001796,WALL-0007000,MERCH-00247,PM-01,DEV-01,2024-01-12 13:34:58,40.0,0.0,0.0,4,Success,Subscription,Yangon,MMK,False
TXN-20240112-0001797,WALL-0139781,MERCH-00089,PM-01,DEV-02,2024-01-12 18:41:11,57.35,0.0,0.0,5,Success,Purchase,Kathmandu,NPR,False
TXN-20240112-0001798,WALL-0103250,MERCH-00214,PM-01,DEV-01,2024-01-12 06:37:37,19.19,0.0,0.0,1,Success,Purchase,Bago,MMK,False
TXN-20240112-0001799,WALL-0031503,MERCH-00092,PM-02,DEV-01,2024-01-12 21:14:38,79.37,0.1587,0.0,7,Success,Purchase,Singapore,MMK,False
TXN-20240112-0001800,WALL-0012622,MERCH-00179,PM-02,DEV-01,2024-01-12 19:32:10,101.2,0.2024,5.0601,10,Success,Purchase,Kuala Lumpur,MYR,False
TXN-20240112-0001801,WALL-0058491,MERCH-00273,PM-02,DEV-03,2024-01-12 18:09:56,210.57,0.4211,16.8454,42,Success,Purchase,Mandalay,MMK,False
TXN-20240112-0001802,WALL-0051452,MERCH-00030,PM-01,DEV-02,2024-01-12 13:09:28,29.27,0.0,0.5855,2,Success,Purchase,Cebu City,PHP,False
TXN-20240112-0001803,WALL-0052402,MERCH-00120,PM-02,DEV-01,2024-01-12 09:20:13,36.82,0.0736,0.0,3,Success,Purchase,Islamabad,PKR,False
TXN-20240112-0001804,WALL-0128453,MERCH-00038,PM-01,DEV-01,2024-01-12 18:16:14,20.42,0.0,0.4084,2,Success,Purchase,Taunggyi,MMK,False
TXN-20240112-0001805,WALL-0089990,MERCH-00144,PM-01,DEV-01,2024-01-12 21:05:09,145.42,0.0,7.2709,14,Success,Purchase,Mandalay,MMK,False
TXN-20240112-0001806,WALL-0091523,MERCH-00174,PM-03,DEV-01,2024-01-12 08:15:48,38.82,0.3106,1.941,3,Success,Purchase,Ho Chi Minh City,VND,False
TXN-20240112-0001807,WALL-0092750,MERCH-00018,PM-02,DEV-02,2024-01-12 15:18:25,34.78,0.0696,0.6956,3,Success,Purchase,Chennai,INR,False
TXN-20240112-0001808,WALL-0016214,MERCH-00059,PM-01,DEV-02,2024-01-12 14:57:35,6.87,0.0,0.1375,0,Success,Purchase,Davao,PHP,False
TXN-20240112-0001809,WALL-0082465,MERCH-00017,PM-03,DEV-01,2024-01-12 22:32:04,17.21,0.1376,0.3441,1,Success,Purchase,Naypyidaw,MMK,False
TXN-20240112-0001810,WALL-0084568,MERCH-00071,PM-01,DEV-02,2024-01-12 18:07:43,8.12,0.0,0.1624,0,Success,Purchase,Yangon,MMK,False
TXN-20240112-0001811,WALL-0033676,MERCH-00339,PM-03,DEV-01,2024-01-12 16:34:42,219.46,1.7557,0.0,21,Success,Bill Payment,Davao,PHP,False
TXN-20240112-0001812,WALL-0147755,MERCH-00186,PM-02,DEV-02,2024-01-12 02:17:06,42.22,0.0844,2.1111,4,Success,Purchase,Bago,MMK,False
TXN-20240112-0001813,WALL-0057047,MERCH-00275,PM-04,DEV-01,2024-01-12 12:50:00,1100.06,22.0011,88.0045,220,Success,Purchase,Bago,MMK,False
TXN-20240112-0001814,WALL-0050779,MERCH-00144,PM-03,DEV-01,2024-01-12 18:36:20,1345.74,10.766,67.2872,134,Success,Purchase,Delhi,INR,False
TXN-20240112-0001815,WALL-0080969,MERCH-00055,PM-01,DEV-02,2024-01-12 18:36:09,5.26,0.0,0.1052,0,Success,Purchase,Jaipur,INR,False
TXN-20240112-0001816,WALL-0019027,MERCH-00053,PM-01,DEV-04,2024-01-12 17:45:22,23.46,0.0,0.4691,2,Success,Purchase,Penang,INR,False
TXN-20240112-0001817,WALL-0058687,MERCH-00077,PM-04,DEV-01,2024-01-12 17:17:56,43.77,0.8753,0.8753,4,Success,Purchase,Taunggyi,MMK,False
TXN-20240112-0001818,WALL-0032997,MERCH-00132,PM-04,DEV-01,2024-01-12 01:19:37,247.76,4.9553,12.3882,24,Success,Purchase,Chennai,MMK,False
TXN-20240112-0001819,WALL-0083572,MERCH-00326,PM-02,DEV-03,2024-01-12 10:12:59,53.15,0.1063,0.0,5,Success,Bill Payment,Delhi,INR,False
TXN-20240112-0001820,WALL-0044162,MERCH-00419,PM-02,DEV-01,2024-01-12 11:02:51,84.24,0.1685,0.0,8,Success,Payment,Kuala Lumpur,MYR,False
TXN-20240112-0001821,WALL-0018480,MERCH-00122,PM-02,DEV-01,2024-01-12 01:39:25,30.81,0.0616,0.0,3,Success,Purchase,Lahore,PKR,False
TXN-20240112-0001822,WALL-0145579,MERCH-00114,PM-02,DEV-05,2024-01-12 16:54:23,26.64,0.0533,0.0,2,Success,Purchase,Kandy,LKR,False
TXN-20240112-0001823,WALL-0122885,MERCH-00334,PM-01,DEV-01,2024-01-12 15:51:55,65.78,0.0,0.0,6,Success,Bill Payment,Bago,MMK,False
TXN-20240112-0001824,WALL-0102060,MERCH-00081,PM-01,DEV-02,2024-01-12 15:39:37,15.99,0.0,0.0,1,Success,Purchase,Pathein,MMK,False
TXN-20240112-0001825,WALL-0138897,MERCH-00395,PM-01,DEV-01,2024-01-12 17:07:39,20.0,0.0,0.0,2,Success,Purchase,Surabaya,MMK,False
TXN-20240112-0001826,WALL-0004422,MERCH-00419,PM-02,DEV-01,2024-01-12 07:30:16,20.0,0.04,0.0,2,Success,Payment,Chennai,INR,False
TXN-20240112-0001827,WALL-0058805,MERCH-00231,PM-01,DEV-03,2024-01-12 12:34:39,23.22,0.0,0.0,2,Success,Subscription,Bandung,IDR,False
TXN-20240112-0001828,WALL-0022852,MERCH-00341,PM-05,DEV-01,2024-01-12 06:39:17,39.78,0.0,0.0,3,Success,Bill Payment,Bago,MMK,False
TXN-20240112-0001829,WALL-0128566,MERCH-00029,PM-04,DEV-03,2024-01-12 08:12:57,38.06,0.7612,0.7612,3,Success,Purchase,Penang,IDR,False
TXN-20240112-0001830,WALL-0057060,MERCH-00134,PM-02,DEV-02,2024-01-12 15:39:46,22.96,0.0459,1.1482,2,Success,Purchase,Bangkok,THB,False
TXN-20240112-0001831,WALL-0097999,MERCH-00427,PM-01,DEV-01,2024-01-12 19:25:04,287.34,0.0,0.0,28,Success,Payment,Siem Reap,MMK,False
TXN-20240112-0001832,WALL-0143814,MERCH-00278,PM-03,DEV-02,2024-01-12 21:15:52,1155.49,9.2439,0.0,0,Reversed,Purchase,Hyderabad,INR,False
TXN-20240112-0001833,WALL-0024753,MERCH-00303,PM-01,DEV-01,2024-01-12 16:47:01,290.26,0.0,23.2209,58,Success,Purchase,Chiang Mai,THB,False
TXN-20240112-0001834,WALL-0049956,MERCH-00328,PM-01,DEV-01,2024-01-12 09:43:29,134.26,0.0,0.0,13,Success,Bill Payment,Mawlamyine,MMK,False
TXN-20240112-0001835,WALL-0065206,MERCH-00053,PM-01,DEV-01,2024-01-12 21:44:30,11.23,0.0,0.2246,1,Success,Purchase,Kolkata,INR,False
TXN-20240112-0001836,WALL-0145870,MERCH-00386,PM-05,DEV-02,2024-01-12 16:35:14,56.49,0.0,0.0,5,Success,Purchase,Hyderabad,INR,False
TXN-20240112-0001837,WALL-0120870,MERCH-00442,PM-02,DEV-01,2024-01-12 15:58:30,328.84,0.6577,0.0,32,Success,Tax Payment,Pune,INR,False
TXN-20240112-0001838,WALL-0055583,MERCH-00170,PM-01,DEV-01,2024-01-12 06:25:13,862.07,0.0,43.1034,86,Success,Purchase,Yangon,MMK,False
TXN-20240112-0001839,WALL-0148028,MERCH-00062,PM-01,DEV-03,2024-01-12 12:07:07,38.29,0.0,0.7657,3,Success,Purchase,Yangon,MMK,False
TXN-20240112-0001840,WALL-0101966,MERCH-00067,PM-03,DEV-02,2024-01-12 07:50:34,13.99,0.1119,0.2798,1,Success,Purchase,Yangon,MMK,False
TXN-20240112-0001841,WALL-0129296,MERCH-00436,PM-04,DEV-03,2024-01-12 20:58:31,300.32,6.0063,0.0,30,Success,Tax Payment,Khon Kaen,INR,False
TXN-20240112-0001842,WALL-0050738,MERCH-00176,PM-03,DEV-02,2024-01-12 09:52:44,124.83,0.9986,6.2414,12,Success,Purchase,Phuket,THB,False
TXN-20240112-0001843,WALL-0072384,MERCH-00041,PM-01,DEV-03,2024-01-12 12:30:14,5.0,0.0,0.1,0,Success,Purchase,Taunggyi,MMK,False
TXN-20240112-0001844,WALL-0117231,MERCH-00100,PM-02,DEV-02,2024-01-12 13:42:26,32.04,0.0641,0.0,3,Success,Purchase,Phnom Penh,KHR,False
TXN-20240112-0001845,WALL-0107582,MERCH-00150,PM-04,DEV-01,2024-01-12 21:56:25,165.08,3.3017,0.0,0,Failed,Purchase,Chennai,THB,False
TXN-20240112-0001846,WALL-0079479,MERCH-00497,PM-04,DEV-03,2024-01-12 20:44:26,527.36,10.5473,0.0,52,Success,Payment,Yangon,MMK,False
TXN-20240112-0001847,WALL-0084089,MERCH-00347,PM-01,DEV-01,2024-01-12 02:58:33,34.35,0.0,0.0,3,Success,Bill Payment,Singapore,SGD,False
TXN-20240112-0001848,WALL-0106381,MERCH-00334,PM-02,DEV-01,2024-01-12 06:15:01,300.0,0.6,0.0,30,Success,Bill Payment,Jakarta,IDR,False
TXN-20240112-0001849,WALL-0139930,MERCH-00389,PM-03,DEV-01,2024-01-12 13:06:02,84.0,0.672,0.0,8,Success,Purchase,Pathein,MMK,False
TXN-20240112-0001850,WALL-0049870,MERCH-00080,PM-03,DEV-01,2024-01-12 13:45:15,13.41,0.1072,0.2681,1,Success,Purchase,Myitkyina,MMK,False
TXN-20240112-0001851,WALL-0127415,MERCH-00252,PM-03,DEV-02,2024-01-12 11:47:27,15.43,0.1234,0.0,0,Reversed,Subscription,Yangon,MMK,False
TXN-20240112-0001852,WALL-0003589,MERCH-00332,PM-01,DEV-04,2024-01-12 17:03:57,46.81,0.0,0.0,4,Success,Bill Payment,Naypyidaw,MMK,False
TXN-20240112-0001853,WALL-0065671,MERCH-00018,PM-01,DEV-03,2024-01-12 18:58:51,28.1,0.0,0.562,2,Success,Purchase,Naypyidaw,MMK,False
TXN-20240112-0001854,WALL-0072957,MERCH-00164,PM-05,DEV-02,2024-01-12 12:10:24,21.6,0.0,1.0799,2,Success,Purchase,Myitkyina,MMK,False
TXN-20240112-0001855,WALL-0018760,MERCH-00434,PM-01,DEV-01,2024-01-12 23:43:33,132.91,0.0,0.0,13,Success,Tax Payment,Quezon City,PHP,False
TXN-20240112-0001856,WALL-0047436,MERCH-00282,PM-03,DEV-01,2024-01-12 06:45:03,490.7,3.9256,39.256,98,Success,Purchase,Naypyidaw,MMK,False
TXN-20240112-0001857,WALL-0051509,MERCH-00343,PM-01,DEV-01,2024-01-12 12:00:53,46.32,0.0,0.0,4,Success,Bill Payment,Karachi,PKR,False
TXN-20240112-0001858,WALL-0048747,MERCH-00358,PM-02,DEV-02,2024-01-12 13:46:28,55.51,0.111,0.0,5,Success,Bill Payment,Medan,IDR,False
TXN-20240112-0001859,WALL-0132288,MERCH-00301,PM-02,DEV-01,2024-01-12 19:25:42,261.41,0.5228,20.9131,52,Success,Purchase,Pathein,MMK,False
TXN-20240112-0001860,WALL-0129086,MERCH-00230,PM-01,DEV-01,2024-01-12 12:43:56,5.0,0.0,0.0,0,Pending,Purchase,Cebu City,MMK,False
TXN-20240112-0001861,WALL-0106411,MERCH-00160,PM-04,DEV-01,2024-01-12 21:45:05,30.26,0.6052,1.513,3,Success,Purchase,Hanoi,VND,False
TXN-20240112-0001862,WALL-0131572,MERCH-00204,PM-04,DEV-01,2024-01-12 05:45:13,17.55,0.351,0.0,1,Success,Purchase,Pathein,MMK,False
TXN-20240112-0001863,WALL-0052172,MERCH-00085,PM-02,DEV-01,2024-01-12 21:52:42,52.29,0.1046,0.0,5,Success,Purchase,Manila,PHP,False
TXN-20240112-0001864,WALL-0141854,MERCH-00171,PM-01,DEV-04,2024-01-12 01:19:38,199.58,0.0,9.979,19,Success,Purchase,Jakarta,MMK,False
TXN-20240112-0001865,WALL-0091182,MERCH-00386,PM-01,DEV-03,2024-01-12 18:41:13,198.0,0.0,0.0,19,Success,Purchase,Islamabad,PKR,False
TXN-20240112-0001866,WALL-0053830,MERCH-00065,PM-01,DEV-05,2024-01-12 16:34:08,12.9,0.0,0.2581,1,Success,Purchase,Islamabad,PKR,False
TXN-20240112-0001867,WALL-0108110,MERCH-00225,PM-01,DEV-01,2024-01-12 16:10:04,7.23,0.0,0.0,0,Success,Purchase,Kathmandu,NPR,False
TXN-20240112-0001868,WALL-0007100,MERCH-00173,PM-01,DEV-03,2024-01-12 18:43:06,20.0,0.0,1.0,2,Success,Purchase,Kolkata,MMK,False
TXN-20240112-0001869,WALL-0062245,MERCH-00063,PM-01,DEV-02,2024-01-12 12:05:38,11.92,0.0,0.2384,1,Success,Purchase,Pathein,MMK,False
TXN-20240112-0001870,WALL-0106793,MERCH-00032,PM-02,DEV-01,2024-01-12 19:40:04,23.46,0.0469,0.4692,2,Success,Purchase,Johor Bahru,MYR,False
TXN-20240112-0001871,WALL-0033455,MERCH-00409,PM-01,DEV-03,2024-01-12 18:48:58,118.23,0.0,0.0,11,Success,Payment,Bago,MMK,False
TXN-20240112-0001872,WALL-0006821,MERCH-00063,PM-03,DEV-01,2024-01-12 13:57:29,12.84,0.1027,0.2568,1,Success,Purchase,Pattaya,THB,False
TXN-20240112-0001873,WALL-0097731,MERCH-00374,PM-01,DEV-01,2024-01-12 20:01:39,90.13,0.0,0.0,9,Success,Purchase,Medan,IDR,False
TXN-20240112-0001874,WALL-0011039,MERCH-00288,PM-04,DEV-02,2024-01-12 16:43:34,400.7,8.0141,32.0562,80,Success,Purchase,Singapore,SGD,False
TXN-20240112-0001875,WALL-0101925,MERCH-00495,PM-04,DEV-02,2024-01-12 17:37:28,204.77,4.0955,0.0,20,Success,Payment,Taunggyi,MMK,False
TXN-20240112-0001876,WALL-0139384,MERCH-00424,PM-01,DEV-03,2024-01-12 15:35:55,217.47,0.0,0.0,21,Success,Payment,Jakarta,IDR,False
TXN-20240112-0001877,WALL-0108955,MERCH-00226,PM-05,DEV-01,2024-01-12 20:27:29,7.14,0.0,0.0,0,Success,Purchase,Pathein,MMK,False
TXN-20240112-0001878,WALL-0046956,MERCH-00049,PM-01,DEV-03,2024-01-12 00:55:47,46.5,0.0,0.9301,4,Success,Purchase,Mandalay,MMK,False
TXN-20240112-0001879,WALL-0031091,MERCH-00333,PM-03,DEV-02,2024-01-12 13:46:38,77.77,0.6222,0.0,7,Success,Bill Payment,Pune,INR,False
TXN-20240112-0001880,WALL-0059107,MERCH-00403,PM-01,DEV-01,2024-01-12 14:28:26,34.69,0.0,0.0,3,Success,Payment,Mawlamyine,MMK,False
TXN-20240112-0001881,WALL-0025759,MERCH-00207,PM-02,DEV-01,2024-01-12 13:07:19,18.69,0.0374,0.0,1,Success,Purchase,Delhi,INR,False
TXN-20240112-0001882,WALL-0112776,MERCH-00269,PM-02,DEV-01,2024-01-12 14:53:03,20.1,0.0402,0.0,2,Success,Subscription,Jaipur,INR,False
TXN-20240112-0001883,WALL-0022538,MERCH-00324,PM-02,DEV-01,2024-01-12 21:45:56,216.63,0.4333,0.0,21,Success,Bill Payment,Jakarta,IDR,False
TXN-20240112-0001884,WALL-0010613,MERCH-00124,PM-04,DEV-01,2024-01-12 15:15:00,16.29,0.3259,0.0,1,Success,Purchase,Mawlamyine,MMK,False
TXN-20240112-0001885,WALL-0094749,MERCH-00254,PM-02,DEV-01,2024-01-12 03:23:45,11.2,0.0224,0.0,1,Success,Subscription,Pathein,MMK,False
TXN-20240112-0001886,WALL-0051536,MERCH-00129,PM-04,DEV-03,2024-01-12 16:03:31,47.57,0.9513,0.0,4,Success,Purchase,Quezon City,MMK,False
TXN-20240112-0001887,WALL-0123466,MERCH-00320,PM-03,DEV-01,2024-01-12 15:22:32,73.76,0.5901,0.0,7,Success,Bill Payment,Manila,PHP,False
TXN-20240112-0001888,WALL-0067989,MERCH-00017,PM-02,DEV-04,2024-01-12 16:15:50,15.29,0.0306,0.3058,1,Success,Purchase,Yangon,MMK,False
TXN-20240112-0001889,WALL-0142017,MERCH-00313,PM-01,DEV-02,2024-01-12 11:17:40,98.85,0.0,0.0,9,Success,Bill Payment,Chiang Mai,THB,False
TXN-20240112-0001890,WALL-0123718,MERCH-00378,PM-04,DEV-01,2024-01-12 20:32:33,22.97,0.4593,0.0,2,Success,Purchase,Delhi,INR,False
TXN-20240112-0001891,WALL-0035152,MERCH-00252,PM-01,DEV-04,2024-01-12 17:07:52,21.36,0.0,0.0,2,Success,Subscription,Bangalore,MMK,False
TXN-20240112-0001892,WALL-0122903,MERCH-00013,PM-02,DEV-01,2024-01-12 21:53:34,25.97,0.0519,0.5194,2,Success,Purchase,Naypyidaw,MMK,False
TXN-20240112-0001893,WALL-0148207,MERCH-00043,PM-05,DEV-03,2024-01-12 19:39:02,8.55,0.0,0.1709,0,Success,Purchase,Mandalay,MMK,False
TXN-20240112-0001894,WALL-0015090,MERCH-00074,PM-02,DEV-01,2024-01-12 12:26:07,30.58,0.0612,0.0,0,Pending,Purchase,Phuket,THB,False
TXN-20240112-0001895,WALL-0089566,MERCH-00350,PM-04,DEV-01,2024-01-12 14:23:49,29.45,0.5889,0.0,0,Failed,Bill Payment,Bandung,IDR,False
TXN-20240112-0001896,WALL-0128687,MERCH-00157,PM-03,DEV-02,2024-01-12 01:55:37,100.67,0.8054,5.0336,10,Success,Purchase,Mawlamyine,MMK,False
TXN-20240112-0001897,WALL-0016428,MERCH-00436,PM-01,DEV-02,2024-01-12 15:49:37,966.36,0.0,0.0,96,Success,Tax Payment,Phuket,THB,False
TXN-20240112-0001898,WALL-0056361,MERCH-00154,PM-01,DEV-01,2024-01-12 15:30:52,88.27,0.0,4.4137,8,Success,Purchase,Myitkyina,MMK,False
TXN-20240112-0001899,WALL-0131439,MERCH-00196,PM-01,DEV-03,2024-01-12 05:49:41,11.29,0.0,0.0,1,Success,Purchase,Singapore,SGD,False
TXN-20240112-0001900,WALL-0100156,MERCH-00029,PM-04,DEV-02,2024-01-12 21:05:17,18.07,0.3613,0.3613,1,Success,Purchase,Bangalore,INR,False
TXN-20240112-0001901,WALL-0118982,MERCH-00061,PM-03,DEV-05,2024-01-12 08:11:30,8.37,0.067,0.1675,0,Success,Purchase,Naypyidaw,MMK,False
TXN-20240112-0001902,WALL-0039702,MERCH-00239,PM-01,DEV-04,2024-01-12 12:15:39,20.55,0.0,0.0,0,Pending,Subscription,Cebu City,PHP,False
TXN-20240112-0001903,WALL-0014282,MERCH-00061,PM-02,DEV-04,2024-01-12 19:21:06,5.0,0.01,0.1,0,Success,Purchase,Phnom Penh,KHR,False
TXN-20240112-0001904,WALL-0100991,MERCH-00396,PM-02,DEV-02,2024-01-12 04:22:03,88.31,0.1766,0.0,8,Success,Purchase,Pathein,MMK,False
TXN-20240112-0001905,WALL-0110614,MERCH-00115,PM-01,DEV-05,2024-01-12 15:25:42,76.52,0.0,0.0,7,Success,Purchase,Jaipur,INR,False
TXN-20240112-0001906,WALL-0126642,MERCH-00209,PM-02,DEV-02,2024-01-12 18:17:33,5.43,0.0109,0.0,0,Success,Purchase,Myitkyina,MMK,False
TXN-20240112-0001907,WALL-0120399,MERCH-00426,PM-01,DEV-01,2024-01-12 20:04:26,150.3,0.0,0.0,15,Success,Payment,Taunggyi,MMK,False
TXN-20240112-0001908,WALL-0023395,MERCH-00118,PM-01,DEV-03,2024-01-12 14:21:03,47.63,0.0,0.0,4,Success,Purchase,Mawlamyine,MMK,False
TXN-20240112-0001909,WALL-0149914,MERCH-00293,PM-02,DEV-02,2024-01-12 04:46:22,2963.45,5.9269,237.0757,592,Success,Purchase,Myitkyina,MMK,True
TXN-20240112-0001910,WALL-0056710,MERCH-00193,PM-02,DEV-01,2024-01-12 21:28:54,5.02,0.01,0.0,0,Success,Purchase,Surabaya,THB,False
TXN-20240112-0001911,WALL-0099230,MERCH-00449,PM-02,DEV-01,2024-01-12 18:41:32,52.42,0.1048,0.0,5,Success,Tax Payment,Hyderabad,INR,False
TXN-20240112-0001912,WALL-0000313,MERCH-00203,PM-03,DEV-01,2024-01-12 19:20:48,10.82,0.0866,0.0,1,Success,Purchase,Taunggyi,MMK,False
TXN-20240112-0001913,WALL-0076795,MERCH-00392,PM-05,DEV-01,2024-01-12 08:03:37,66.53,0.0,0.0,6,Success,Purchase,Mandalay,MMK,False
TXN-20240112-0001914,WALL-0087419,MERCH-00443,PM-01,DEV-01,2024-01-12 08:52:06,50.0,0.0,0.0,5,Success,Tax Payment,Karachi,PKR,False
TXN-20240112-0001915,WALL-0083050,MERCH-00128,PM-02,DEV-03,2024-01-12 06:04:51,46.13,0.0923,0.0,4,Success,Purchase,Naypyidaw,MMK,False
TXN-20240112-0001916,WALL-0129599,MERCH-00057,PM-02,DEV-01,2024-01-12 13:30:54,17.33,0.0347,0.3465,1,Success,Purchase,Delhi,THB,False
TXN-20240112-0001917,WALL-0100919,MERCH-00220,PM-02,DEV-01,2024-01-12 19:55:23,10.12,0.0202,0.0,1,Success,Purchase,Chiang Mai,THB,False
TXN-20240112-0001918,WALL-0074070,MERCH-00290,PM-01,DEV-01,2024-01-12 16:40:57,209.27,0.0,16.7417,41,Success,Purchase,Naypyidaw,MMK,False
TXN-20240112-0001919,WALL-0037709,MERCH-00380,PM-04,DEV-01,2024-01-12 16:40:25,32.77,0.6554,0.0,3,Success,Purchase,Ahmedabad,MMK,False
TXN-20240112-0001920,WALL-0039125,MERCH-00224,PM-02,DEV-02,2024-01-12 16:57:18,5.53,0.0111,0.0,0,Success,Purchase,Da Nang,VND,False
TXN-20240112-0001921,WALL-0092947,MERCH-00026,PM-02,DEV-03,2024-01-12 07:30:55,10.51,0.021,0.2103,1,Success,Purchase,Dhaka,MMK,False
TXN-20240112-0001922,WALL-0116816,MERCH-00250,PM-01,DEV-01,2024-01-12 12:44:56,29.41,0.0,0.0,2,Success,Subscription,Mawlamyine,MMK,False
TXN-20240112-0001923,WALL-0138505,MERCH-00252,PM-01,DEV-03,2024-01-12 15:31:08,14.68,0.0,0.0,1,Success,Subscription,Pattaya,THB,False
TXN-20240112-0001924,WALL-0110727,MERCH-00060,PM-01,DEV-01,2024-01-12 14:41:33,5.0,0.0,0.1,0,Success,Purchase,Mawlamyine,MMK,False
TXN-20240112-0001925,WALL-0002455,MERCH-00300,PM-02,DEV-03,2024-01-12 08:32:38,312.77,0.6255,25.0219,62,Success,Purchase,Myitkyina,MMK,False
TXN-20240112-0001926,WALL-0008354,MERCH-00049,PM-01,DEV-02,2024-01-12 23:17:42,5.0,0.0,0.1,0,Success,Purchase,Kuala Lumpur,MYR,False
TXN-20240112-0001927,WALL-0144766,MERCH-00371,PM-01,DEV-01,2024-01-12 15:58:22,104.91,0.0,0.0,10,Success,Purchase,Islamabad,PKR,False
TXN-20240112-0001928,WALL-0137701,MERCH-00021,PM-04,DEV-01,2024-01-12 21:11:19,5.0,0.1,0.1,0,Success,Purchase,Yangon,MMK,False
TXN-20240112-0001929,WALL-0015972,MERCH-00109,PM-02,DEV-02,2024-01-12 21:06:48,83.57,0.1671,0.0,8,Success,Purchase,Dhaka,BDT,False
TXN-20240112-0001930,WALL-0045934,MERCH-00460,PM-01,DEV-01,2024-01-12 14:08:00,109.13,0.0,0.0,10,Success,Payment,Hanoi,VND,False
TXN-20240112-0001931,WALL-0022541,MERCH-00148,PM-04,DEV-03,2024-01-12 16:20:52,295.28,5.9055,14.7638,29,Success,Purchase,Bago,MMK,False
TXN-20240112-0001932,WALL-0120596,MERCH-00041,PM-02,DEV-01,2024-01-12 14:51:55,5.0,0.01,0.1,0,Success,Purchase,Hyderabad,INR,False
TXN-20240112-0001933,WALL-0091481,MERCH-00182,PM-01,DEV-01,2024-01-12 07:30:02,944.91,0.0,47.2455,94,Success,Purchase,Penang,MMK,False
TXN-20240112-0001934,WALL-0125457,MERCH-00116,PM-02,DEV-05,2024-01-12 03:37:55,72.3,0.1446,0.0,7,Success,Purchase,Kathmandu,NPR,False
TXN-20240112-0001935,WALL-0002123,MERCH-00029,PM-03,DEV-02,2024-01-12 20:06:01,34.98,0.2798,0.6996,3,Success,Purchase,Kathmandu,IDR,False
TXN-20240112-0001936,WALL-0021026,MERCH-00178,PM-02,DEV-03,2024-01-12 19:13:54,58.14,0.1163,2.9068,5,Success,Purchase,Singapore,MMK,False
TXN-20240112-0001937,WALL-0018842,MERCH-00335,PM-02,DEV-05,2024-01-12 12:16:08,98.39,0.1968,0.0,9,Success,Bill Payment,Yangon,MMK,False
TXN-20240112-0001938,WALL-0098560,MERCH-00396,PM-01,DEV-01,2024-01-12 19:15:14,56.83,0.0,0.0,5,Success,Purchase,Chennai,INR,False
TXN-20240112-0001939,WALL-0077706,MERCH-00119,PM-01,DEV-03,2024-01-12 18:14:35,38.05,0.0,0.0,3,Success,Purchase,Bago,MMK,False
TXN-20240112-0001940,WALL-0130812,MERCH-00091,PM-02,DEV-01,2024-01-12 20:29:26,112.87,0.2257,0.0,11,Success,Purchase,Naypyidaw,MMK,False
TXN-20240112-0001941,WALL-0024552,MERCH-00035,PM-01,DEV-03,2024-01-12 18:20:05,18.65,0.0,0.373,1,Success,Purchase,Islamabad,PKR,False
TXN-20240112-0001942,WALL-0063462,MERCH-00328,PM-02,DEV-01,2024-01-12 22:51:47,90.32,0.1806,0.0,9,Success,Bill Payment,Mandalay,MMK,False
TXN-20240112-0001943,WALL-0056983,MERCH-00190,PM-01,DEV-01,2024-01-12 20:08:58,57.94,0.0,2.8969,5,Success,Purchase,Mawlamyine,MMK,False
TXN-20240112-0001944,WALL-0025818,MERCH-00363,PM-04,DEV-02,2024-01-12 11:35:12,29.84,0.5967,0.0,2,Success,Bill Payment,Siem Reap,KHR,False
TXN-20240112-0001945,WALL-0016408,MERCH-00021,PM-05,DEV-01,2024-01-12 14:30:48,27.16,0.0,0.5431,2,Success,Purchase,Lahore,INR,False
TXN-20240112-0001946,WALL-0094821,MERCH-00250,PM-01,DEV-01,2024-01-12 09:48:08,6.05,0.0,0.0,0,Success,Subscription,Hyderabad,INR,False
TXN-20240112-0001947,WALL-0085630,MERCH-00073,PM-04,DEV-01,2024-01-12 06:47:38,25.38,0.5076,0.0,0,Pending,Purchase,Khon Kaen,THB,False
TXN-20240112-0001948,WALL-0070953,MERCH-00293,PM-01,DEV-03,2024-01-12 11:25:38,257.74,0.0,20.6189,51,Success,Purchase,Yangon,MMK,False
TXN-20240112-0001949,WALL-0028082,MERCH-00136,PM-01,DEV-01,2024-01-12 15:46:15,69.26,0.0,3.4629,6,Success,Purchase,Pathein,MMK,False
TXN-20240112-0001950,WALL-0034494,MERCH-00015,PM-04,DEV-02,2024-01-12 11:22:38,42.03,0.8405,0.8405,4,Success,Purchase,Pattaya,INR,False
TXN-20240112-0001951,WALL-0124908,MERCH-00117,PM-04,DEV-01,2024-01-12 14:40:09,24.22,0.4845,0.0,2,Success,Purchase,Myitkyina,MMK,False
TXN-20240112-0001952,WALL-0149959,MERCH-00400,PM-02,DEV-05,2024-01-12 17:56:31,47.26,0.0945,0.0,4,Success,Purchase,Mandalay,MMK,False
TXN-20240112-0001953,WALL-0091074,MERCH-00328,PM-01,DEV-01,2024-01-12 19:00:33,136.82,0.0,0.0,0,Reversed,Bill Payment,Pune,PHP,False
TXN-20240112-0001954,WALL-0078508,MERCH-00224,PM-01,DEV-01,2024-01-12 14:53:54,7.64,0.0,0.0,0,Success,Purchase,Pune,INR,False
TXN-20240112-0001955,WALL-0104784,MERCH-00081,PM-01,DEV-01,2024-01-12 07:57:24,20.13,0.0,0.0,2,Success,Purchase,Davao,PHP,False
TXN-20240112-0001956,WALL-0060169,MERCH-00060,PM-04,DEV-04,2024-01-12 15:38:56,17.68,0.3535,0.3535,1,Success,Purchase,Bangalore,INR,False
TXN-20240112-0001957,WALL-0110350,MERCH-00385,PM-02,DEV-01,2024-01-12 20:06:28,120.0,0.24,0.0,0,Failed,Purchase,Myitkyina,MMK,False
TXN-20240112-0001958,WALL-0147169,MERCH-00240,PM-05,DEV-01,2024-01-12 17:29:31,5.0,0.0,0.0,0,Success,Subscription,Mandalay,MMK,False
TXN-20240112-0001959,WALL-0107278,MERCH-00412,PM-04,DEV-02,2024-01-12 19:49:58,140.17,2.8034,0.0,14,Success,Payment,Siem Reap,KHR,False
TXN-20240112-0001960,WALL-0035840,MERCH-00251,PM-02,DEV-01,2024-01-12 17:28:59,9.64,0.0193,0.0,0,Success,Subscription,Pathein,MMK,False
TXN-20240112-0001961,WALL-0024612,MERCH-00036,PM-01,DEV-01,2024-01-12 12:05:49,17.08,0.0,0.3416,1,Success,Purchase,Phnom Penh,KHR,False
TXN-20240112-0001962,WALL-0095955,MERCH-00028,PM-02,DEV-01,2024-01-12 01:25:47,32.13,0.0643,0.6427,3,Success,Purchase,Bago,MMK,False
TXN-20240112-0001963,WALL-0139205,MERCH-00147,PM-01,DEV-01,2024-01-12 17:20:36,199.71,0.0,9.9856,19,Success,Purchase,Myitkyina,MMK,False
TXN-20240112-0001964,WALL-0093004,MERCH-00329,PM-01,DEV-02,2024-01-12 19:31:55,24.46,0.0,0.0,2,Success,Bill Payment,Myitkyina,MMK,False
TXN-20240112-0001965,WALL-0002382,MERCH-00017,PM-01,DEV-02,2024-01-12 20:48:33,19.65,0.0,0.393,1,Success,Purchase,Pattaya,MMK,False
TXN-20240112-0001966,WALL-0080786,MERCH-00305,PM-02,DEV-01,2024-01-12 12:34:36,344.2,0.6884,27.5358,68,Success,Purchase,Penang,MMK,False
TXN-20240112-0001967,WALL-0051141,MERCH-00454,PM-02,DEV-01,2024-01-12 19:39:46,50.0,0.1,0.0,5,Success,Payment,Lahore,PKR,False
TXN-20240112-0001968,WALL-0102675,MERCH-00348,PM-03,DEV-01,2024-01-12 21:18:39,27.2,0.2176,0.0,2,Success,Bill Payment,Myitkyina,MMK,False
TXN-20240112-0001969,WALL-0118803,MERCH-00155,PM-03,DEV-01,2024-01-12 04:30:50,20.0,0.16,1.0,2,Success,Purchase,Yangon,MMK,False
TXN-20240112-0001970,WALL-0089615,MERCH-00237,PM-02,DEV-01,2024-01-12 06:17:28,9.56,0.0191,0.0,0,Success,Subscription,Bago,MMK,False
TXN-20240112-0001971,WALL-0080730,MERCH-00021,PM-01,DEV-01,2024-01-12 20:04:06,8.91,0.0,0.1781,0,Success,Purchase,Yangon,MMK,False
TXN-20240112-0001972,WALL-0139662,MERCH-00403,PM-04,DEV-01,2024-01-12 12:14:33,51.93,1.0386,0.0,5,Success,Payment,Chiang Mai,THB,False
TXN-20240112-0001973,WALL-0023249,MERCH-00230,PM-04,DEV-02,2024-01-12 12:36:35,22.97,0.4593,0.0,2,Success,Purchase,Hanoi,VND,False
TXN-20240112-0001974,WALL-0067132,MERCH-00084,PM-02,DEV-03,2024-01-12 16:50:08,30.73,0.0615,0.0,3,Success,Purchase,Ahmedabad,MMK,True
TXN-20240112-0001975,WALL-0123650,MERCH-00381,PM-05,DEV-01,2024-01-12 11:31:03,87.34,0.0,0.0,8,Success,Purchase,Manila,PHP,False
TXN-20240112-0001976,WALL-0064436,MERCH-00021,PM-04,DEV-01,2024-01-12 22:37:24,9.84,0.1968,0.1968,0,Success,Purchase,Mumbai,INR,False
TXN-20240112-0001977,WALL-0005807,MERCH-00483,PM-02,DEV-02,2024-01-12 18:06:37,213.04,0.4261,0.0,21,Success,Payment,Myitkyina,MMK,False
TXN-20240112-0001978,WALL-0115932,MERCH-00018,PM-01,DEV-01,2024-01-12 04:37:44,26.74,0.0,0.5348,2,Success,Purchase,Penang,MYR,False
TXN-20240112-0001979,WALL-0014756,MERCH-00027,PM-01,DEV-03,2024-01-12 20:10:15,18.92,0.0,0.3784,1,Success,Purchase,Ahmedabad,INR,False
TXN-20240112-0001980,WALL-0109084,MERCH-00154,PM-01,DEV-01,2024-01-12 09:03:55,46.27,0.0,2.3134,4,Success,Purchase,Mumbai,INR,False
TXN-20240112-0001981,WALL-0018868,MERCH-00450,PM-02,DEV-01,2024-01-12 19:22:05,108.56,0.2171,0.0,10,Success,Tax Payment,Yangon,MMK,False
TXN-20240112-0001982,WALL-0110573,MERCH-00489,PM-02,DEV-01,2024-01-12 18:13:09,61.31,0.1226,0.0,6,Success,Payment,Taunggyi,MMK,False
TXN-20240112-0001983,WALL-0064304,MERCH-00368,PM-01,DEV-01,2024-01-12 07:12:27,21.71,0.0,0.0,2,Success,Bill Payment,Bago,MMK,False
TXN-20240112-0001984,WALL-0074231,MERCH-00088,PM-02,DEV-01,2024-01-12 13:26:29,98.65,0.1973,0.0,9,Success,Purchase,Bago,MMK,False
TXN-20240112-0001985,WALL-0009738,MERCH-00254,PM-02,DEV-01,2024-01-12 08:05:18,15.19,0.0304,0.0,1,Success,Subscription,Jaipur,INR,False
TXN-20240112-0001986,WALL-0111110,MERCH-00081,PM-05,DEV-05,2024-01-12 06:25:27,99.11,0.0,0.0,9,Success,Purchase,Myitkyina,MMK,False
TXN-20240112-0001987,WALL-0052561,MERCH-00244,PM-02,DEV-02,2024-01-12 16:06:54,8.65,0.0173,0.0,0,Success,Subscription,Cebu City,MMK,False
TXN-20240112-0001988,WALL-0059328,MERCH-00079,PM-04,DEV-01,2024-01-12 23:54:09,15.54,0.3109,0.3109,1,Success,Purchase,Siem Reap,IDR,False
TXN-20240112-0001989,WALL-0090844,MERCH-00279,PM-01,DEV-01,2024-01-12 08:34:12,1142.79,0.0,91.423,228,Success,Purchase,Hanoi,VND,False
TXN-20240112-0001990,WALL-0102425,MERCH-00341,PM-04,DEV-03,2024-01-12 08:24:20,12.1,0.2419,0.0,1,Success,Bill Payment,Naypyidaw,MMK,False
TXN-20240112-0001991,WALL-0104184,MERCH-00380,PM-01,DEV-01,2024-01-12 01:01:44,22.7,0.0,0.0,2,Success,Purchase,Medan,IDR,False
TXN-20240112-0001992,WALL-0098449,MERCH-00136,PM-01,DEV-04,2024-01-12 11:31:17,141.04,0.0,7.0521,14,Success,Purchase,Ahmedabad,INR,False
TXN-20240112-0001993,WALL-0080262,MERCH-00022,PM-01,DEV-01,2024-01-12 21:46:29,14.97,0.0,0.0,0,Reversed,Purchase,Ahmedabad,INR,False
TXN-20240112-0001994,WALL-0098021,MERCH-00304,PM-02,DEV-01,2024-01-12 06:30:29,1008.85,2.0177,80.7079,201,Success,Purchase,Siem Reap,KHR,False
TXN-20240112-0001995,WALL-0108392,MERCH-00368,PM-01,DEV-03,2024-01-12 12:07:32,126.65,0.0,0.0,12,Success,Bill Payment,Kathmandu,NPR,False
TXN-20240112-0001996,WALL-0140062,MERCH-00387,PM-05,DEV-04,2024-01-12 17:09:47,75.04,0.0,0.0,0,Reversed,Purchase,Kuala Lumpur,MYR,False
TXN-20240112-0001997,WALL-0023716,MERCH-00400,PM-01,DEV-03,2024-01-12 13:55:08,20.0,0.0,0.0,2,Success,Purchase,Taunggyi,MMK,False
TXN-20240112-0001998,WALL-0123768,MERCH-00385,PM-04,DEV-03,2024-01-12 11:41:21,28.57,0.5714,0.0,2,Success,Purchase,Phuket,PHP,False
TXN-20240112-0001999,WALL-0149130,MERCH-00233,PM-02,DEV-03,2024-01-12 23:28:05,10.86,0.0217,0.0,1,Success,Subscription,Mawlamyine,MMK,False
TXN-20240112-0002000,WALL-0030978,MERCH-00265,PM-01,DEV-01,2024-01-12 18:21:56,10.52,0.0,0.0,1,Success,Subscription,Penang,MYR,False
TXN-20240112-0002001,WALL-0043125,MERCH-00206,PM-01,DEV-01,2024-01-12 03:09:00,22.16,0.0,0.0,2,Success,Purchase,Phnom Penh,KHR,False
TXN-20240112-0002002,WALL-0121866,MERCH-00123,PM-02,DEV-01,2024-01-12 10:33:14,48.8,0.0976,0.0,4,Success,Purchase,Chiang Mai,THB,False
TXN-20240112-0002003,WALL-0141802,MERCH-00155,PM-04,DEV-01,2024-01-12 20:16:29,33.11,0.6622,1.6555,3,Success,Purchase,Jaipur,INR,False
TXN-20240112-0002004,WALL-0028901,MERCH-00223,PM-01,DEV-01,2024-01-12 00:12:01,10.95,0.0,0.0,1,Success,Purchase,Naypyidaw,MMK,False
TXN-20240112-0002005,WALL-0000474,MERCH-00376,PM-01,DEV-02,2024-01-12 21:56:41,76.99,0.0,0.0,7,Success,Purchase,Davao,PHP,False
TXN-20240112-0002006,WALL-0041865,MERCH-00030,PM-01,DEV-01,2024-01-12 17:04:03,12.5,0.0,0.2499,1,Success,Purchase,Manila,MMK,False
TXN-20240112-0002007,WALL-0090113,MERCH-00329,PM-01,DEV-01,2024-01-12 16:33:47,188.33,0.0,0.0,18,Success,Bill Payment,Naypyidaw,MMK,False
TXN-20240112-0002008,WALL-0023343,MERCH-00048,PM-03,DEV-02,2024-01-12 18:14:49,16.3,0.1304,0.3261,1,Success,Purchase,Yangon,MMK,False
TXN-20240112-0002009,WALL-0095378,MERCH-00195,PM-01,DEV-01,2024-01-12 14:07:59,8.05,0.0,0.0,0,Success,Purchase,Mumbai,INR,False
TXN-20240112-0002010,WALL-0124620,MERCH-00136,PM-03,DEV-01,2024-01-12 20:11:06,42.44,0.3395,2.1219,4,Success,Purchase,Phnom Penh,KHR,False
TXN-20240112-0002011,WALL-0025333,MERCH-00330,PM-04,DEV-01,2024-01-12 13:01:00,50.03,1.0005,0.0,5,Success,Bill Payment,Surabaya,IDR,False
TXN-20240112-0002012,WALL-0015222,MERCH-00285,PM-05,DEV-02,2024-01-12 19:18:31,177.99,0.0,14.2393,35,Success,Purchase,Bago,MMK,False
TXN-20240112-0002013,WALL-0062316,MERCH-00061,PM-02,DEV-01,2024-01-12 06:53:47,11.22,0.0224,0.2244,1,Success,Purchase,Dhaka,BDT,False
TXN-20240112-0002014,WALL-0060088,MERCH-00048,PM-04,DEV-01,2024-01-12 14:12:50,26.26,0.5253,0.5253,2,Success,Purchase,Kuala Lumpur,MYR,False
TXN-20240112-0002015,WALL-0022926,MERCH-00032,PM-02,DEV-01,2024-01-12 07:55:56,16.08,0.0322,0.0,0,Reversed,Purchase,Taunggyi,MMK,False
TXN-20240112-0002016,WALL-0144868,MERCH-00020,PM-04,DEV-04,2024-01-12 20:58:13,9.36,0.1873,0.1873,0,Success,Purchase,Bandung,IDR,False
TXN-20240112-0002017,WALL-0030269,MERCH-00005,PM-04,DEV-01,2024-01-12 16:43:48,35.35,0.7071,0.0,0,Failed,Purchase,Karachi,PKR,False
TXN-20240112-0002018,WALL-0037495,MERCH-00363,PM-01,DEV-01,2024-01-12 06:10:26,49.33,0.0,0.0,4,Success,Bill Payment,Chiang Mai,THB,False
TXN-20240112-0002019,WALL-0135882,MERCH-00291,PM-01,DEV-02,2024-01-12 22:24:39,1410.48,0.0,112.8385,282,Success,Purchase,Mandalay,MMK,False
TXN-20240112-0002020,WALL-0025039,MERCH-00404,PM-04,DEV-01,2024-01-12 12:10:30,79.7,1.5939,0.0,7,Success,Payment,Lahore,PKR,False
TXN-20240112-0002021,WALL-0139737,MERCH-00091,PM-01,DEV-05,2024-01-12 21:43:14,33.96,0.0,0.0,3,Success,Purchase,Surabaya,IDR,False
TXN-20240112-0002022,WALL-0049004,MERCH-00324,PM-03,DEV-01,2024-01-12 15:01:45,52.35,0.4188,0.0,5,Success,Bill Payment,Pune,INR,False
TXN-20240112-0002023,WALL-0015731,MERCH-00083,PM-04,DEV-01,2024-01-12 21:25:28,107.3,2.1459,0.0,10,Success,Purchase,Naypyidaw,MMK,False
TXN-20240112-0002024,WALL-0109808,MERCH-00087,PM-04,DEV-02,2024-01-12 17:39:56,113.33,2.2667,0.0,11,Success,Purchase,Naypyidaw,THB,False
TXN-20240112-0002025,WALL-0085460,MERCH-00027,PM-01,DEV-01,2024-01-12 22:59:15,28.34,0.0,0.5668,2,Success,Purchase,Mandalay,MMK,False
TXN-20240112-0002026,WALL-0125430,MERCH-00349,PM-02,DEV-01,2024-01-12 13:49:49,23.11,0.0462,0.0,2,Success,Bill Payment,Pathein,MMK,False
TXN-20240112-0002027,WALL-0011150,MERCH-00117,PM-04,DEV-03,2024-01-12 08:35:47,84.07,1.6814,0.0,8,Success,Purchase,Myitkyina,MMK,False
TXN-20240112-0002028,WALL-0045845,MERCH-00168,PM-01,DEV-01,2024-01-12 04:10:51,40.26,0.0,2.0128,4,Success,Purchase,Hanoi,VND,False
TXN-20240112-0002029,WALL-0096520,MERCH-00405,PM-02,DEV-02,2024-01-12 05:31:40,71.68,0.1434,0.0,7,Success,Payment,Myitkyina,MMK,False
TXN-20240112-0002030,WALL-0111927,MERCH-00279,PM-04,DEV-01,2024-01-12 06:06:01,154.8,3.096,12.3841,30,Success,Purchase,Myitkyina,MMK,False
TXN-20240112-0002031,WALL-0048676,MERCH-00115,PM-04,DEV-01,2024-01-12 06:33:01,92.84,1.8567,0.0,9,Success,Purchase,Mawlamyine,MMK,False
TXN-20240112-0002032,WALL-0085716,MERCH-00393,PM-01,DEV-02,2024-01-12 09:00:13,45.86,0.0,0.0,4,Success,Purchase,Davao,PHP,False
TXN-20240112-0002033,WALL-0093827,MERCH-00051,PM-02,DEV-03,2024-01-12 19:12:15,17.68,0.0354,0.3536,1,Success,Purchase,Penang,INR,False
TXN-20240112-0002034,WALL-0037836,MERCH-00450,PM-04,DEV-01,2024-01-12 12:46:20,220.76,4.4153,0.0,22,Success,Tax Payment,Phuket,THB,False
TXN-20240112-0002035,WALL-0103160,MERCH-00394,PM-01,DEV-01,2024-01-12 09:34:37,26.67,0.0,0.0,2,Success,Purchase,Da Nang,BDT,False
TXN-20240112-0002036,WALL-0059415,MERCH-00228,PM-01,DEV-01,2024-01-12 19:19:04,8.31,0.0,0.0,0,Success,Purchase,Myitkyina,MMK,False
TXN-20240112-0002037,WALL-0047239,MERCH-00066,PM-03,DEV-01,2024-01-12 11:40:12,10.68,0.0854,0.2135,1,Success,Purchase,Chiang Mai,INR,False
TXN-20240112-0002038,WALL-0062313,MERCH-00184,PM-04,DEV-02,2024-01-12 19:47:44,57.75,1.1551,2.8877,5,Success,Purchase,Bago,MMK,False
TXN-20240112-0002039,WALL-0052643,MERCH-00065,PM-04,DEV-03,2024-01-12 18:28:44,11.51,0.2302,0.2302,1,Success,Purchase,Jakarta,IDR,False
TXN-20240112-0002040,WALL-0078799,MERCH-00317,PM-02,DEV-01,2024-01-12 21:33:38,338.62,0.6772,0.0,0,Reversed,Bill Payment,Taunggyi,MMK,False
TXN-20240112-0002041,WALL-0060617,MERCH-00004,PM-02,DEV-01,2024-01-12 21:37:42,9.44,0.0189,0.1888,0,Success,Purchase,Medan,IDR,False
TXN-20240112-0002042,WALL-0003297,MERCH-00161,PM-04,DEV-01,2024-01-12 21:09:58,89.09,1.7817,4.4543,8,Success,Purchase,Taunggyi,MMK,False
TXN-20240112-0002043,WALL-0127310,MERCH-00115,PM-01,DEV-01,2024-01-12 09:46:55,259.87,0.0,0.0,25,Success,Purchase,Chennai,INR,False
TXN-20240112-0002044,WALL-0038546,MERCH-00066,PM-01,DEV-01,2024-01-12 15:33:53,22.25,0.0,0.445,2,Success,Purchase,Mawlamyine,MMK,False
TXN-20240112-0002045,WALL-0138837,MERCH-00083,PM-01,DEV-03,2024-01-12 15:57:42,27.76,0.0,0.0,2,Success,Purchase,Bangkok,MMK,False
TXN-20240112-0002046,WALL-0082296,MERCH-00373,PM-02,DEV-01,2024-01-12 17:09:26,57.69,0.1154,0.0,5,Success,Purchase,Islamabad,PKR,False
TXN-20240112-0002047,WALL-0119699,MERCH-00357,PM-02,DEV-04,2024-01-12 12:09:57,33.75,0.0675,0.0,3,Success,Bill Payment,Ho Chi Minh City,VND,False
TXN-20240112-0002048,WALL-0144065,MERCH-00135,PM-04,DEV-01,2024-01-12 18:00:30,39.4,0.7879,1.9698,3,Success,Purchase,Islamabad,PKR,False
TXN-20240112-0002049,WALL-0140766,MERCH-00063,PM-03,DEV-02,2024-01-12 12:38:12,37.46,0.2997,0.7492,3,Success,Purchase,Mawlamyine,MMK,False
TXN-20240112-0002050,WALL-0028895,MERCH-00047,PM-05,DEV-01,2024-01-12 13:40:19,25.44,0.0,0.5087,2,Success,Purchase,Dhaka,BDT,False
TXN-20240112-0002051,WALL-0101250,MERCH-00299,PM-02,DEV-01,2024-01-12 07:24:24,957.75,1.9155,76.6197,191,Success,Purchase,Lahore,MMK,False
TXN-20240112-0002052,WALL-0142652,MERCH-00238,PM-01,DEV-01,2024-01-12 20:42:58,28.0,0.0,0.0,2,Success,Subscription,Yangon,MMK,False
TXN-20240112-0002053,WALL-0029389,MERCH-00409,PM-04,DEV-01,2024-01-12 15:53:02,69.89,1.3979,0.0,6,Success,Payment,Hyderabad,INR,False
TXN-20240112-0002054,WALL-0020340,MERCH-00350,PM-01,DEV-01,2024-01-12 07:23:46,88.92,0.0,0.0,8,Success,Bill Payment,Hyderabad,INR,False
TXN-20240112-0002055,WALL-0019227,MERCH-00472,PM-01,DEV-03,2024-01-12 18:21:52,189.28,0.0,0.0,18,Success,Payment,Naypyidaw,MMK,False
TXN-20240112-0002056,WALL-0044556,MERCH-00436,PM-04,DEV-02,2024-01-12 11:07:20,365.41,7.3083,0.0,36,Success,Tax Payment,Da Nang,VND,False
TXN-20240112-0002057,WALL-0078136,MERCH-00447,PM-02,DEV-01,2024-01-12 18:57:43,483.73,0.9675,0.0,48,Success,Tax Payment,Bago,MMK,False
TXN-20240112-0002058,WALL-0008733,MERCH-00382,PM-01,DEV-05,2024-01-12 11:37:34,32.36,0.0,0.0,3,Success,Purchase,Siem Reap,MMK,False
TXN-20240112-0002059,WALL-0041044,MERCH-00032,PM-04,DEV-02,2024-01-12 15:18:05,9.61,0.1922,0.1922,0,Success,Purchase,Bandung,IDR,False
TXN-20240112-0002060,WALL-0139210,MERCH-00120,PM-03,DEV-01,2024-01-12 09:12:07,21.66,0.1733,0.0,2,Success,Purchase,Jaipur,INR,False
TXN-20240112-0002061,WALL-0084759,MERCH-00449,PM-02,DEV-02,2024-01-12 20:20:02,99.08,0.1982,0.0,9,Success,Tax Payment,Quezon City,PHP,False
TXN-20240112-0002062,WALL-0017283,MERCH-00068,PM-03,DEV-01,2024-01-12 08:15:07,29.92,0.2394,0.5985,2,Success,Purchase,Yangon,MMK,False
TXN-20240112-0002063,WALL-0127596,MERCH-00245,PM-02,DEV-02,2024-01-12 12:46:22,14.65,0.0293,0.0,1,Success,Subscription,Hyderabad,INR,False
TXN-20240112-0002064,WALL-0043178,MERCH-00013,PM-05,DEV-02,2024-01-12 07:01:44,9.45,0.0,0.189,0,Success,Purchase,Naypyidaw,MMK,False
TXN-20240112-0002065,WALL-0014791,MERCH-00167,PM-02,DEV-01,2024-01-12 05:35:46,42.91,0.0858,0.0,0,Failed,Purchase,Kolkata,INR,False
TXN-20240112-0002066,WALL-0009431,MERCH-00225,PM-01,DEV-04,2024-01-12 00:34:01,15.96,0.0,0.0,1,Success,Purchase,Karachi,PKR,False
TXN-20240112-0002067,WALL-0031311,MERCH-00104,PM-04,DEV-01,2024-01-12 00:51:20,44.58,0.8916,0.0,4,Success,Purchase,Kolkata,INR,False
TXN-20240112-0002068,WALL-0010865,MERCH-00076,PM-02,DEV-02,2024-01-12 15:56:20,26.33,0.0527,0.5267,2,Success,Purchase,Hanoi,VND,False
TXN-20240112-0002069,WALL-0014659,MERCH-00230,PM-04,DEV-01,2024-01-12 19:54:41,13.48,0.2696,0.0,1,Success,Purchase,Kolkata,INR,False
TXN-20240112-0002070,WALL-0119745,MERCH-00015,PM-02,DEV-01,2024-01-12 02:54:01,8.81,0.0176,0.1763,0,Success,Purchase,Medan,IDR,False
TXN-20240112-0002071,WALL-0076054,MERCH-00121,PM-04,DEV-01,2024-01-12 19:34:33,229.17,4.5833,0.0,22,Success,Purchase,Jaipur,THB,False
TXN-20240112-0002072,WALL-0134761,MERCH-00235,PM-02,DEV-01,2024-01-12 16:34:39,20.37,0.0407,0.0,2,Success,Subscription,Jaipur,INR,False
TXN-20240112-0002073,WALL-0056548,MERCH-00467,PM-02,DEV-05,2024-01-12 15:39:19,1672.96,3.3459,0.0,167,Success,Payment,Islamabad,PKR,False
TXN-20240112-0002074,WALL-0011644,MERCH-00051,PM-02,DEV-03,2024-01-12 16:41:22,8.23,0.0165,0.0,0,Failed,Purchase,Mawlamyine,MMK,False
TXN-20240112-0002075,WALL-0018193,MERCH-00205,PM-01,DEV-01,2024-01-12 12:01:47,13.25,0.0,0.0,1,Success,Purchase,Naypyidaw,MMK,False
TXN-20240112-0002076,WALL-0105213,MERCH-00015,PM-05,DEV-01,2024-01-12 13:01:39,49.48,0.0,0.9895,4,Success,Purchase,Colombo,LKR,False
TXN-20240112-0002077,WALL-0073065,MERCH-00437,PM-01,DEV-03,2024-01-12 18:08:00,299.03,0.0,0.0,29,Success,Tax Payment,Manila,PHP,False
TXN-20240112-0002078,WALL-0047138,MERCH-00174,PM-01,DEV-01,2024-01-12 21:39:21,40.51,0.0,2.0256,4,Success,Purchase,Islamabad,BDT,False
TXN-20240112-0002079,WALL-0136898,MERCH-00015,PM-02,DEV-01,2024-01-12 15:54:14,12.62,0.0252,0.2524,1,Success,Purchase,Bangalore,INR,False
TXN-20240112-0002080,WALL-0086376,MERCH-00090,PM-01,DEV-01,2024-01-12 13:44:24,63.7,0.0,0.0,6,Success,Purchase,Cebu City,PHP,False
TXN-20240112-0002081,WALL-0118282,MERCH-00149,PM-01,DEV-01,2024-01-12 19:51:15,82.67,0.0,4.1334,8,Success,Purchase,Yangon,MMK,False
TXN-20240112-0002082,WALL-0017358,MERCH-00412,PM-04,DEV-02,2024-01-12 21:49:14,129.8,2.5961,0.0,12,Success,Payment,Islamabad,PKR,False
TXN-20240112-0002083,WALL-0056382,MERCH-00076,PM-02,DEV-01,2024-01-12 16:14:16,38.02,0.076,0.7604,3,Success,Purchase,Chennai,INR,False
TXN-20240112-0002084,WALL-0026038,MERCH-00290,PM-03,DEV-03,2024-01-12 09:43:18,328.98,2.6318,26.3183,65,Success,Purchase,Phnom Penh,INR,True
TXN-20240112-0002085,WALL-0105964,MERCH-00103,PM-03,DEV-01,2024-01-12 11:26:11,25.85,0.2068,0.0,2,Success,Purchase,Myitkyina,MMK,False
TXN-20240112-0002086,WALL-0137731,MERCH-00391,PM-01,DEV-05,2024-01-12 19:45:06,41.32,0.0,0.0,4,Success,Purchase,Davao,PHP,False
TXN-20240112-0002087,WALL-0021695,MERCH-00094,PM-02,DEV-01,2024-01-12 13:57:22,46.53,0.0931,0.0,4,Success,Purchase,Myitkyina,MMK,False
TXN-20240112-0002088,WALL-0094563,MERCH-00101,PM-01,DEV-01,2024-01-12 17:24:19,140.0,0.0,0.0,14,Success,Purchase,Naypyidaw,MMK,False
TXN-20240112-0002089,WALL-0047060,MERCH-00025,PM-03,DEV-02,2024-01-12 17:39:11,51.44,0.4115,1.0288,5,Success,Purchase,Hyderabad,INR,False
TXN-20240112-0002090,WALL-0034303,MERCH-00121,PM-04,DEV-03,2024-01-12 18:57:26,19.06,0.3813,0.0,1,Success,Purchase,Mawlamyine,MMK,False
TXN-20240112-0002091,WALL-0090037,MERCH-00267,PM-02,DEV-01,2024-01-12 02:54:35,10.37,0.0207,0.0,1,Success,Subscription,Mawlamyine,MMK,False
TXN-20240112-0002092,WALL-0106044,MERCH-00306,PM-04,DEV-01,2024-01-12 01:59:14,313.26,6.2651,25.0606,62,Success,Purchase,Bandung,IDR,False
TXN-20240112-0002093,WALL-0052498,MERCH-00364,PM-02,DEV-01,2024-01-12 15:21:35,20.14,0.0403,0.0,2,Success,Bill Payment,Lahore,VND,False
TXN-20240112-0002094,WALL-0086789,MERCH-00348,PM-02,DEV-01,2024-01-12 17:35:40,17.25,0.0345,0.0,1,Success,Bill Payment,Ahmedabad,INR,False
TXN-20240112-0002095,WALL-0132318,MERCH-00202,PM-02,DEV-01,2024-01-12 07:50:56,12.19,0.0244,0.0,1,Success,Purchase,Pathein,MMK,False
TXN-20240112-0002096,WALL-0091268,MERCH-00023,PM-01,DEV-01,2024-01-12 15:10:55,28.26,0.0,0.5652,2,Success,Purchase,Naypyidaw,MMK,False
TXN-20240112-0002097,WALL-0108635,MERCH-00194,PM-03,DEV-01,2024-01-12 11:21:00,5.0,0.04,0.0,0,Success,Purchase,Pathein,MMK,False
TXN-20240112-0002098,WALL-0027635,MERCH-00213,PM-01,DEV-03,2024-01-12 10:34:05,21.17,0.0,0.0,2,Success,Purchase,Myitkyina,MMK,False
TXN-20240112-0002099,WALL-0039890,MERCH-00270,PM-01,DEV-01,2024-01-12 16:26:23,11.51,0.0,0.0,1,Success,Subscription,Manila,IDR,False
TXN-20240112-0002100,WALL-0069989,MERCH-00449,PM-04,DEV-01,2024-01-12 14:57:05,1499.06,29.9812,0.0,149,Success,Tax Payment,Bandung,IDR,False
TXN-20240112-0002101,WALL-0117777,MERCH-00072,PM-01,DEV-01,2024-01-12 16:35:06,89.79,0.0,1.7958,8,Success,Purchase,Kuala Lumpur,MYR,False
TXN-20240112-0002102,WALL-0089643,MERCH-00436,PM-01,DEV-01,2024-01-12 16:58:56,358.9,0.0,0.0,35,Success,Tax Payment,Penang,BDT,False
TXN-20240112-0002103,WALL-0016411,MERCH-00349,PM-01,DEV-01,2024-01-12 09:06:48,47.92,0.0,0.0,4,Success,Bill Payment,Naypyidaw,MMK,False
TXN-20240112-0002104,WALL-0020337,MERCH-00231,PM-04,DEV-01,2024-01-12 02:38:04,8.78,0.1756,0.0,0,Success,Subscription,Siem Reap,KHR,False
TXN-20240112-0002105,WALL-0098437,MERCH-00314,PM-01,DEV-05,2024-01-12 18:58:51,42.65,0.0,0.0,4,Success,Bill Payment,Hyderabad,THB,False
TXN-20240112-0002106,WALL-0007060,MERCH-00101,PM-03,DEV-02,2024-01-12 11:34:37,62.8,0.5024,0.0,6,Success,Purchase,Pune,INR,False
TXN-20240112-0002107,WALL-0130248,MERCH-00429,PM-02,DEV-01,2024-01-12 15:49:15,79.23,0.1585,0.0,7,Success,Payment,Bago,MMK,False
TXN-20240112-0002108,WALL-0000890,MERCH-00346,PM-01,DEV-01,2024-01-12 05:42:58,53.56,0.0,0.0,5,Success,Bill Payment,Medan,IDR,False
TXN-20240112-0002109,WALL-0140323,MERCH-00083,PM-01,DEV-01,2024-01-12 11:49:47,35.36,0.0,0.0,3,Success,Purchase,Kandy,LKR,False
TXN-20240112-0002110,WALL-0049545,MERCH-00118,PM-03,DEV-03,2024-01-12 16:18:00,26.74,0.2139,0.0,2,Success,Purchase,Phuket,THB,False
TXN-20240112-0002111,WALL-0139859,MERCH-00012,PM-05,DEV-01,2024-01-12 12:48:05,20.43,0.0,0.4086,2,Success,Purchase,Davao,MMK,False
TXN-20240112-0002112,WALL-0022980,MERCH-00331,PM-02,DEV-03,2024-01-12 18:00:49,39.77,0.0795,0.0,3,Success,Bill Payment,Pokhara,NPR,False
TXN-20240112-0002113,WALL-0148260,MERCH-00147,PM-02,DEV-02,2024-01-12 15:43:23,311.08,0.6222,15.5541,31,Success,Purchase,Myitkyina,MMK,False
TXN-20240112-0002114,WALL-0117089,MERCH-00103,PM-03,DEV-01,2024-01-12 16:01:17,225.49,1.8039,0.0,22,Success,Purchase,Bali,IDR,False
TXN-20240112-0002115,WALL-0036094,MERCH-00099,PM-03,DEV-01,2024-01-12 18:59:46,79.37,0.6349,0.0,7,Success,Purchase,Kolkata,INR,False
TXN-20240112-0002116,WALL-0021778,MERCH-00146,PM-02,DEV-05,2024-01-12 17:02:57,20.0,0.04,1.0,2,Success,Purchase,Chittagong,BDT,False
TXN-20240112-0002117,WALL-0010960,MERCH-00203,PM-03,DEV-04,2024-01-12 01:51:08,5.0,0.04,0.0,0,Success,Purchase,Naypyidaw,MMK,True
TXN-20240112-0002118,WALL-0128843,MERCH-00183,PM-01,DEV-01,2024-01-12 11:30:26,448.83,0.0,22.4415,44,Success,Purchase,Mumbai,INR,False
TXN-20240112-0002119,WALL-0006956,MERCH-00068,PM-01,DEV-02,2024-01-12 16:27:00,5.62,0.0,0.1123,0,Success,Purchase,Chennai,INR,False
TXN-20240112-0002120,WALL-0130861,MERCH-00357,PM-01,DEV-01,2024-01-12 12:50:27,39.83,0.0,0.0,3,Success,Bill Payment,Myitkyina,MMK,False
TXN-20240112-0002121,WALL-0077929,MERCH-00429,PM-02,DEV-01,2024-01-12 12:50:14,24.17,0.0483,0.0,0,Reversed,Payment,Mandalay,MMK,False
TXN-20240112-0002122,WALL-0007501,MERCH-00380,PM-01,DEV-02,2024-01-12 18:11:35,71.11,0.0,0.0,7,Success,Purchase,Siem Reap,KHR,False
TXN-20240112-0002123,WALL-0076538,MERCH-00063,PM-03,DEV-01,2024-01-12 19:17:59,18.45,0.1476,0.3691,1,Success,Purchase,Bandung,IDR,False
TXN-20240112-0002124,WALL-0128497,MERCH-00095,PM-01,DEV-01,2024-01-12 11:19:38,92.31,0.0,0.0,9,Success,Purchase,Davao,PHP,False
TXN-20240112-0002125,WALL-0012640,MERCH-00005,PM-01,DEV-03,2024-01-12 11:51:12,8.53,0.0,0.1706,0,Success,Purchase,Phnom Penh,KHR,False
TXN-20240112-0002126,WALL-0004777,MERCH-00340,PM-01,DEV-01,2024-01-12 06:44:55,125.74,0.0,0.0,12,Success,Bill Payment,Mandalay,MMK,False
TXN-20240112-0002127,WALL-0044626,MERCH-00359,PM-03,DEV-01,2024-01-12 16:37:33,74.35,0.5948,0.0,7,Success,Bill Payment,Jaipur,INR,False
TXN-20240112-0002128,WALL-0016519,MERCH-00028,PM-04,DEV-03,2024-01-12 15:56:42,12.41,0.2483,0.2483,1,Success,Purchase,Bago,MMK,False
TXN-20240112-0002129,WALL-0142681,MERCH-00243,PM-02,DEV-03,2024-01-12 23:53:20,11.94,0.0239,0.0,1,Success,Subscription,Hanoi,THB,False
TXN-20240112-0002130,WALL-0046428,MERCH-00024,PM-01,DEV-03,2024-01-12 18:17:22,16.6,0.0,0.3321,1,Success,Purchase,Jakarta,IDR,False
TXN-20240112-0002131,WALL-0117755,MERCH-00392,PM-04,DEV-01,2024-01-12 16:50:58,44.96,0.8992,0.0,4,Success,Purchase,Chittagong,BDT,False
TXN-20240112-0002132,WALL-0038350,MERCH-00036,PM-04,DEV-01,2024-01-12 09:06:28,16.81,0.3362,0.3362,1,Success,Purchase,Dhaka,BDT,False
TXN-20240112-0002133,WALL-0060583,MERCH-00061,PM-04,DEV-01,2024-01-12 13:42:30,10.1,0.2021,0.2021,1,Success,Purchase,Yangon,MMK,False
TXN-20240112-0002134,WALL-0049556,MERCH-00044,PM-02,DEV-02,2024-01-12 20:59:31,19.73,0.0395,0.3947,1,Success,Purchase,Pokhara,NPR,False
TXN-20240112-0002135,WALL-0072382,MERCH-00323,PM-01,DEV-01,2024-01-12 16:53:17,40.03,0.0,0.0,4,Success,Bill Payment,Karachi,PKR,False
TXN-20240112-0002136,WALL-0115485,MERCH-00137,PM-02,DEV-01,2024-01-12 18:03:42,509.81,1.0196,25.4905,50,Success,Purchase,Chennai,INR,False
TXN-20240112-0002137,WALL-0054118,MERCH-00467,PM-02,DEV-03,2024-01-12 19:53:06,187.84,0.3757,0.0,18,Success,Payment,Jaipur,INR,False
TXN-20240112-0002138,WALL-0031237,MERCH-00199,PM-01,DEV-01,2024-01-12 21:23:13,9.57,0.0,0.0,0,Success,Purchase,Ahmedabad,INR,False
TXN-20240112-0002139,WALL-0133088,MERCH-00255,PM-04,DEV-01,2024-01-12 11:02:01,5.91,0.1182,0.0,0,Success,Subscription,Surabaya,IDR,False
TXN-20240112-0002140,WALL-0108605,MERCH-00373,PM-04,DEV-03,2024-01-12 15:24:41,20.0,0.4,0.0,2,Success,Purchase,Myitkyina,MMK,False
TXN-20240112-0002141,WALL-0139558,MERCH-00114,PM-01,DEV-01,2024-01-12 16:10:51,35.27,0.0,0.0,3,Success,Purchase,Myitkyina,MMK,False
TXN-20240112-0002142,WALL-0062645,MERCH-00094,PM-03,DEV-02,2024-01-12 13:18:23,63.64,0.5091,0.0,6,Success,Purchase,Myitkyina,MMK,False
TXN-20240112-0002143,WALL-0075969,MERCH-00375,PM-02,DEV-03,2024-01-12 19:41:28,52.0,0.104,0.0,5,Success,Purchase,Siem Reap,MMK,False
TXN-20240112-0002144,WALL-0014657,MERCH-00302,PM-01,DEV-01,2024-01-12 12:40:56,358.36,0.0,28.6689,71,Success,Purchase,Mumbai,INR,False
TXN-20240112-0002145,WALL-0047629,MERCH-00090,PM-03,DEV-01,2024-01-12 15:19:21,33.35,0.2668,0.0,3,Success,Purchase,Kolkata,INR,False
TXN-20240112-0002146,WALL-0139573,MERCH-00340,PM-04,DEV-01,2024-01-12 08:47:43,36.72,0.7344,0.0,3,Success,Bill Payment,Kuala Lumpur,MYR,False
TXN-20240112-0002147,WALL-0043199,MERCH-00339,PM-01,DEV-01,2024-01-12 17:57:27,50.51,0.0,0.0,5,Success,Bill Payment,Kuala Lumpur,MYR,False
TXN-20240112-0002148,WALL-0084160,MERCH-00196,PM-01,DEV-02,2024-01-12 15:11:31,13.48,0.0,0.0,1,Success,Purchase,Chittagong,BDT,False
TXN-20240112-0002149,WALL-0105854,MERCH-00176,PM-01,DEV-03,2024-01-12 07:51:18,199.7,0.0,9.9852,19,Success,Purchase,Pathein,MMK,False
TXN-20240112-0002150,WALL-0104029,MERCH-00131,PM-03,DEV-01,2024-01-12 08:07:43,391.59,3.1327,19.5797,39,Success,Purchase,Bangalore,INR,False
TXN-20240112-0002151,WALL-0145652,MERCH-00009,PM-01,DEV-01,2024-01-12 09:37:03,45.62,0.0,0.9124,4,Success,Purchase,Penang,MYR,False
TXN-20240112-0002152,WALL-0136602,MERCH-00264,PM-01,DEV-01,2024-01-12 13:10:32,11.56,0.0,0.0,1,Success,Subscription,Johor Bahru,MYR,False
TXN-20240112-0002153,WALL-0023423,MERCH-00494,PM-03,DEV-01,2024-01-12 17:57:56,226.21,1.8097,0.0,22,Success,Payment,Pokhara,MMK,False
TXN-20240112-0002154,WALL-0092897,MERCH-00079,PM-01,DEV-01,2024-01-12 21:16:20,86.12,0.0,1.7225,8,Success,Purchase,Colombo,LKR,False
TXN-20240112-0002155,WALL-0021551,MERCH-00087,PM-01,DEV-01,2024-01-12 14:39:45,113.99,0.0,0.0,11,Success,Purchase,Khon Kaen,THB,False
TXN-20240112-0002156,WALL-0126837,MERCH-00388,PM-05,DEV-02,2024-01-12 15:27:06,34.62,0.0,0.0,3,Success,Purchase,Taunggyi,MMK,False
TXN-20240112-0002157,WALL-0043774,MERCH-00164,PM-02,DEV-02,2024-01-12 11:46:15,146.13,0.2923,7.3065,14,Success,Purchase,Taunggyi,MMK,False
TXN-20240112-0002158,WALL-0088509,MERCH-00132,PM-04,DEV-03,2024-01-12 16:18:55,112.69,2.2538,5.6345,11,Success,Purchase,Mawlamyine,MMK,False
TXN-20240112-0002159,WALL-0007650,MERCH-00124,PM-03,DEV-04,2024-01-12 01:12:24,32.01,0.2561,0.0,3,Success,Purchase,Chittagong,BDT,False
TXN-20240112-0002160,WALL-0052983,MERCH-00191,PM-04,DEV-03,2024-01-12 16:21:06,14.86,0.2972,0.0,1,Success,Purchase,Cebu City,PHP,False
TXN-20240112-0002161,WALL-0047099,MERCH-00051,PM-03,DEV-03,2024-01-12 11:19:49,14.49,0.1159,0.2898,1,Success,Purchase,Pune,INR,False
TXN-20240112-0002162,WALL-0061087,MERCH-00172,PM-02,DEV-01,2024-01-12 20:58:27,38.18,0.0764,1.9091,3,Success,Purchase,Johor Bahru,MYR,False
TXN-20240112-0002163,WALL-0041596,MERCH-00202,PM-03,DEV-03,2024-01-12 09:09:45,12.57,0.1006,0.0,1,Success,Purchase,Chennai,INR,False
TXN-20240112-0002164,WALL-0070203,MERCH-00475,PM-01,DEV-03,2024-01-12 15:50:52,261.23,0.0,0.0,26,Success,Payment,Siem Reap,KHR,False
TXN-20240112-0002165,WALL-0068698,MERCH-00225,PM-01,DEV-01,2024-01-12 17:06:42,21.85,0.0,0.0,2,Success,Purchase,Cebu City,PHP,False
TXN-20240112-0002166,WALL-0024938,MERCH-00293,PM-05,DEV-01,2024-01-12 04:02:11,505.57,0.0,0.0,0,Failed,Purchase,Taunggyi,MMK,False
TXN-20240112-0002167,WALL-0007471,MERCH-00022,PM-02,DEV-04,2024-01-12 19:42:23,40.71,0.0814,0.8142,4,Success,Purchase,Karachi,PKR,False
TXN-20240112-0002168,WALL-0009847,MERCH-00253,PM-01,DEV-01,2024-01-12 07:01:40,19.0,0.0,0.0,1,Success,Subscription,Colombo,LKR,False
TXN-20240112-0002169,WALL-0066831,MERCH-00259,PM-01,DEV-05,2024-01-12 12:07:31,6.96,0.0,0.0,0,Success,Subscription,Hyderabad,INR,False
TXN-20240112-0002170,WALL-0088786,MERCH-00080,PM-01,DEV-01,2024-01-12 13:04:54,19.75,0.0,0.395,1,Success,Purchase,Yangon,MMK,False
TXN-20240112-0002171,WALL-0016011,MERCH-00225,PM-05,DEV-01,2024-01-12 19:59:24,36.28,0.0,0.0,3,Success,Purchase,Mumbai,INR,False
TXN-20240112-0002172,WALL-0039166,MERCH-00015,PM-02,DEV-03,2024-01-12 14:00:46,16.57,0.0331,0.3313,1,Success,Purchase,Taunggyi,MMK,False
TXN-20240112-0002173,WALL-0117160,MERCH-00149,PM-02,DEV-01,2024-01-12 12:24:20,76.16,0.1523,3.8082,7,Success,Purchase,Jaipur,INR,False
TXN-20240112-0002174,WALL-0024867,MERCH-00074,PM-01,DEV-01,2024-01-12 17:58:37,13.85,0.0,0.2771,1,Success,Purchase,Ahmedabad,INR,False
TXN-20240112-0002175,WALL-0107551,MERCH-00116,PM-03,DEV-02,2024-01-12 18:05:42,69.76,0.5581,0.0,6,Success,Purchase,Mandalay,MMK,False
TXN-20240112-0002176,WALL-0053188,MERCH-00124,PM-04,DEV-01,2024-01-12 19:55:21,60.37,1.2075,0.0,6,Success,Purchase,Da Nang,VND,False
TXN-20240112-0002177,WALL-0014495,MERCH-00306,PM-04,DEV-01,2024-01-12 07:49:51,1084.51,21.6902,86.7607,216,Success,Purchase,Pathein,MMK,False
TXN-20240112-0002178,WALL-0000910,MERCH-00258,PM-04,DEV-02,2024-01-12 18:41:47,18.79,0.3758,0.0,1,Success,Subscription,Lahore,PKR,False
TXN-20240112-0002179,WALL-0040143,MERCH-00445,PM-02,DEV-01,2024-01-12 18:19:47,206.28,0.4126,0.0,20,Success,Tax Payment,Kuala Lumpur,MYR,False
TXN-20240112-0002180,WALL-0143898,MERCH-00435,PM-02,DEV-01,2024-01-12 21:50:18,50.0,0.1,0.0,5,Success,Tax Payment,Pokhara,NPR,False
TXN-20240112-0002181,WALL-0057999,MERCH-00019,PM-02,DEV-02,2024-01-12 19:17:26,14.51,0.029,0.0,0,Pending,Purchase,Myitkyina,MMK,False
TXN-20240112-0002182,WALL-0051195,MERCH-00188,PM-02,DEV-01,2024-01-12 22:01:54,38.28,0.0766,1.9139,3,Success,Purchase,Chiang Mai,THB,False
TXN-20240112-0002183,WALL-0044855,MERCH-00332,PM-04,DEV-01,2024-01-12 21:58:24,57.83,1.1567,0.0,5,Success,Bill Payment,Da Nang,VND,False
TXN-20240112-0002184,WALL-0073352,MERCH-00177,PM-03,DEV-03,2024-01-12 18:59:01,126.44,1.0115,6.3218,12,Success,Purchase,Chittagong,INR,False
TXN-20240112-0002185,WALL-0053355,MERCH-00357,PM-02,DEV-01,2024-01-12 07:21:49,118.05,0.2361,0.0,11,Success,Bill Payment,Lahore,PKR,False
TXN-20240112-0002186,WALL-0136891,MERCH-00425,PM-01,DEV-04,2024-01-12 15:08:48,85.5,0.0,0.0,8,Success,Payment,Medan,PKR,False
TXN-20240112-0002187,WALL-0047796,MERCH-00085,PM-01,DEV-04,2024-01-12 00:16:27,55.17,0.0,0.0,5,Success,Purchase,Bago,MMK,False
TXN-20240112-0002188,WALL-0082512,MERCH-00008,PM-03,DEV-01,2024-01-12 18:01:47,32.0,0.256,0.64,3,Success,Purchase,Singapore,SGD,False
TXN-20240112-0002189,WALL-0122282,MERCH-00219,PM-02,DEV-01,2024-01-12 05:35:36,23.06,0.0461,0.0,2,Success,Purchase,Pathein,MMK,False
TXN-20240112-0002190,WALL-0131865,MERCH-00387,PM-01,DEV-01,2024-01-12 19:48:42,47.11,0.0,0.0,4,Success,Purchase,Mawlamyine,MMK,False
TXN-20240112-0002191,WALL-0122288,MERCH-00334,PM-01,DEV-01,2024-01-12 12:49:03,51.78,0.0,0.0,5,Success,Bill Payment,Phnom Penh,KHR,False
TXN-20240112-0002192,WALL-0071724,MERCH-00487,PM-03,DEV-01,2024-01-12 13:29:42,805.87,6.447,0.0,80,Success,Payment,Taunggyi,MMK,False
TXN-20240112-0002193,WALL-0055183,MERCH-00256,PM-01,DEV-03,2024-01-12 00:47:23,23.78,0.0,0.0,2,Success,Subscription,Quezon City,MMK,True
TXN-20240112-0002194,WALL-0045263,MERCH-00178,PM-03,DEV-03,2024-01-12 12:10:43,627.97,5.0238,31.3987,62,Success,Purchase,Pathein,MMK,False
TXN-20240112-0002195,WALL-0103042,MERCH-00343,PM-02,DEV-01,2024-01-12 06:19:55,23.86,0.0477,0.0,2,Success,Bill Payment,Myitkyina,MMK,False
TXN-20240112-0002196,WALL-0105428,MERCH-00004,PM-02,DEV-02,2024-01-12 13:16:24,12.31,0.0246,0.2462,1,Success,Purchase,Delhi,IDR,False
TXN-20240112-0002197,WALL-0147208,MERCH-00328,PM-02,DEV-01,2024-01-12 16:08:01,102.47,0.2049,0.0,10,Success,Bill Payment,Mandalay,MMK,False
TXN-20240112-0002198,WALL-0137874,MERCH-00449,PM-02,DEV-05,2024-01-12 14:09:22,871.24,1.7425,0.0,87,Success,Tax Payment,Pune,INR,False
TXN-20240112-0002199,WALL-0124575,MERCH-00487,PM-02,DEV-01,2024-01-12 13:02:04,991.35,1.9827,0.0,99,Success,Payment,Pokhara,NPR,False
TXN-20240112-0002200,WALL-0105145,MERCH-00439,PM-03,DEV-04,2024-01-12 17:52:47,315.96,2.5277,0.0,31,Success,Tax Payment,Naypyidaw,MMK,False
TXN-20240112-0002201,WALL-0049216,MERCH-00249,PM-04,DEV-02,2024-01-12 08:08:59,8.46,0.1693,0.0,0,Success,Subscription,Mandalay,MMK,False
TXN-20240112-0002202,WALL-0074213,MERCH-00075,PM-01,DEV-05,2024-01-12 08:25:12,10.42,0.0,0.2083,1,Success,Purchase,Chennai,INR,False
TXN-20240112-0002203,WALL-0001697,MERCH-00102,PM-01,DEV-02,2024-01-12 18:30:08,43.26,0.0,0.0,4,Success,Purchase,Bangalore,MMK,False
TXN-20240112-0002204,WALL-0004654,MERCH-00349,PM-01,DEV-01,2024-01-12 16:47:22,70.0,0.0,0.0,7,Success,Bill Payment,Bandung,MMK,False
TXN-20240112-0002205,WALL-0103870,MERCH-00383,PM-01,DEV-01,2024-01-12 17:06:33,85.55,0.0,0.0,8,Success,Purchase,Bago,MMK,False
TXN-20240112-0002206,WALL-0019550,MERCH-00081,PM-01,DEV-02,2024-01-12 16:50:53,60.68,0.0,0.0,6,Success,Purchase,Naypyidaw,MMK,False
TXN-20240112-0002207,WALL-0137069,MERCH-00045,PM-01,DEV-03,2024-01-12 07:37:58,12.08,0.0,0.2415,1,Success,Purchase,Pathein,MMK,False
TXN-20240112-0002208,WALL-0121981,MERCH-00371,PM-03,DEV-02,2024-01-12 04:58:12,50.61,0.4049,0.0,5,Success,Purchase,Pune,INR,False
TXN-20240112-0002209,WALL-0049001,MERCH-00271,PM-04,DEV-05,2024-01-12 16:33:45,653.06,13.0611,0.0,0,Pending,Purchase,Khon Kaen,THB,False
TXN-20240112-0002210,WALL-0083789,MERCH-00416,PM-02,DEV-03,2024-01-12 06:39:36,289.59,0.5792,0.0,28,Success,Payment,Mandalay,MMK,False
TXN-20240112-0002211,WALL-0135248,MERCH-00308,PM-01,DEV-02,2024-01-12 19:22:05,1841.48,0.0,147.3184,368,Success,Purchase,Mumbai,NPR,False
TXN-20240112-0002212,WALL-0002543,MERCH-00223,PM-04,DEV-01,2024-01-12 15:44:37,12.17,0.2433,0.0,1,Success,Purchase,Pathein,MMK,False
TXN-20240112-0002213,WALL-0078111,MERCH-00277,PM-01,DEV-03,2024-01-12 21:54:59,114.9,0.0,9.1917,22,Success,Purchase,Da Nang,PKR,False
TXN-20240112-0002214,WALL-0092613,MERCH-00433,PM-04,DEV-02,2024-01-12 13:36:55,61.58,1.2316,0.0,6,Success,Tax Payment,Yangon,MMK,False
TXN-20240112-0002215,WALL-0060138,MERCH-00408,PM-02,DEV-03,2024-01-12 20:42:28,103.61,0.2072,0.0,10,Success,Payment,Khon Kaen,MMK,False
TXN-20240112-0002216,WALL-0063015,MERCH-00338,PM-02,DEV-03,2024-01-12 08:16:59,68.01,0.136,0.0,6,Success,Bill Payment,Davao,PHP,False
TXN-20240112-0002217,WALL-0138717,MERCH-00398,PM-01,DEV-02,2024-01-12 11:09:22,20.0,0.0,0.0,2,Success,Purchase,Naypyidaw,MMK,False
TXN-20240112-0002218,WALL-0022401,MERCH-00311,PM-02,DEV-01,2024-01-12 20:09:19,164.37,0.3287,0.0,16,Success,Bill Payment,Mawlamyine,MMK,False
TXN-20240112-0002219,WALL-0091591,MERCH-00080,PM-01,DEV-01,2024-01-12 23:33:05,5.0,0.0,0.1,0,Success,Purchase,Lahore,VND,False
TXN-20240112-0002220,WALL-0072708,MERCH-00136,PM-05,DEV-01,2024-01-12 12:08:08,226.2,0.0,11.3101,22,Success,Purchase,Taunggyi,PHP,False
TXN-20240112-0002221,WALL-0072818,MERCH-00361,PM-02,DEV-02,2024-01-12 07:01:20,31.12,0.0622,0.0,3,Success,Bill Payment,Chittagong,BDT,False
TXN-20240112-0002222,WALL-0021787,MERCH-00318,PM-02,DEV-03,2024-01-12 17:46:23,244.97,0.4899,0.0,24,Success,Bill Payment,Yangon,MMK,False
TXN-20240112-0002223,WALL-0074199,MERCH-00116,PM-04,DEV-01,2024-01-12 14:48:22,187.47,3.7494,0.0,18,Success,Purchase,Mandalay,MMK,False
TXN-20240112-0002224,WALL-0090172,MERCH-00158,PM-03,DEV-01,2024-01-12 15:21:09,34.3,0.2744,1.7151,3,Success,Purchase,Bago,MMK,False
TXN-20240112-0002225,WALL-0124482,MERCH-00078,PM-04,DEV-03,2024-01-12 01:52:50,20.54,0.4108,0.4108,2,Success,Purchase,Chennai,INR,False
TXN-20240112-0002226,WALL-0138657,MERCH-00455,PM-02,DEV-05,2024-01-12 10:36:44,577.27,1.1545,0.0,57,Success,Payment,Bangkok,THB,False
TXN-20240112-0002227,WALL-0149510,MERCH-00315,PM-01,DEV-02,2024-01-12 16:08:28,60.25,0.0,0.0,6,Success,Bill Payment,Medan,IDR,False
TXN-20240112-0002228,WALL-0103875,MERCH-00250,PM-04,DEV-01,2024-01-12 03:34:46,13.93,0.2786,0.0,1,Success,Subscription,Islamabad,VND,False
TXN-20240112-0002229,WALL-0143831,MERCH-00301,PM-01,DEV-02,2024-01-12 14:44:15,527.71,0.0,42.2164,105,Success,Purchase,Myitkyina,MMK,False
TXN-20240112-0002230,WALL-0021658,MERCH-00075,PM-03,DEV-01,2024-01-12 12:34:18,25.43,0.2034,0.0,0,Pending,Purchase,Siem Reap,KHR,False
TXN-20240112-0002231,WALL-0111384,MERCH-00245,PM-03,DEV-04,2024-01-12 06:04:09,5.61,0.0449,0.0,0,Success,Subscription,Kuala Lumpur,MYR,False
TXN-20240112-0002232,WALL-0079799,MERCH-00347,PM-03,DEV-01,2024-01-12 20:59:25,60.09,0.4807,0.0,6,Success,Bill Payment,Quezon City,MMK,False
TXN-20240112-0002233,WALL-0057128,MERCH-00263,PM-02,DEV-01,2024-01-12 12:46:13,23.73,0.0475,0.0,2,Success,Subscription,Yangon,MMK,False
TXN-20240112-0002234,WALL-0099857,MERCH-00153,PM-04,DEV-01,2024-01-12 18:46:52,545.68,10.9135,27.2838,54,Success,Purchase,Davao,PHP,False
TXN-20240112-0002235,WALL-0149962,MERCH-00058,PM-01,DEV-04,2024-01-12 21:49:24,27.15,0.0,0.543,2,Success,Purchase,Quezon City,PHP,False
TXN-20240112-0002236,WALL-0099722,MERCH-00103,PM-01,DEV-01,2024-01-12 13:11:05,16.48,0.0,0.0,1,Success,Purchase,Jakarta,IDR,False
TXN-20240112-0002237,WALL-0074909,MERCH-00191,PM-05,DEV-01,2024-01-12 20:18:29,16.99,0.0,0.0,0,Pending,Purchase,Medan,IDR,False
TXN-20240112-0002238,WALL-0082904,MERCH-00390,PM-04,DEV-01,2024-01-12 18:12:22,41.31,0.8261,0.0,4,Success,Purchase,Karachi,PKR,False
TXN-20240112-0002239,WALL-0087556,MERCH-00221,PM-01,DEV-01,2024-01-12 19:30:11,7.92,0.0,0.0,0,Success,Purchase,Naypyidaw,MMK,False
TXN-20240112-0002240,WALL-0010524,MERCH-00057,PM-01,DEV-03,2024-01-12 15:52:19,41.79,0.0,0.8358,4,Success,Purchase,Hyderabad,INR,False
TXN-20240112-0002241,WALL-0146729,MERCH-00021,PM-03,DEV-01,2024-01-12 20:18:51,22.47,0.1798,0.4495,2,Success,Purchase,Dhaka,BDT,False
TXN-20240112-0002242,WALL-0127004,MERCH-00032,PM-01,DEV-01,2024-01-12 12:46:13,16.34,0.0,0.3268,1,Success,Purchase,Taunggyi,MMK,False
TXN-20240112-0002243,WALL-0016557,MERCH-00449,PM-04,DEV-01,2024-01-12 11:26:04,223.51,4.4702,0.0,22,Success,Tax Payment,Siem Reap,KHR,False
TXN-20240112-0002244,WALL-0048576,MERCH-00369,PM-01,DEV-03,2024-01-12 17:09:02,56.39,0.0,0.0,5,Success,Bill Payment,Davao,PHP,False
TXN-20240112-0002245,WALL-0046284,MERCH-00136,PM-05,DEV-01,2024-01-12 19:04:09,586.81,0.0,29.3405,58,Success,Purchase,Mandalay,MMK,False
TXN-20240112-0002246,WALL-0121176,MERCH-00051,PM-03,DEV-01,2024-01-12 19:59:29,11.61,0.0929,0.2322,1,Success,Purchase,Kuala Lumpur,MYR,False
TXN-20240112-0002247,WALL-0119695,MERCH-00326,PM-01,DEV-03,2024-01-12 13:58:26,44.78,0.0,0.0,0,Pending,Bill Payment,Pathein,MMK,False
TXN-20240112-0002248,WALL-0002048,MERCH-00089,PM-04,DEV-01,2024-01-12 13:57:11,34.99,0.6997,0.0,3,Success,Purchase,Chittagong,MMK,False
TXN-20240112-0002249,WALL-0014220,MERCH-00423,PM-04,DEV-01,2024-01-12 18:59:59,155.82,3.1165,0.0,15,Success,Payment,Bago,MMK,False
TXN-20240112-0002250,WALL-0076958,MERCH-00082,PM-01,DEV-05,2024-01-12 01:02:52,39.95,0.0,0.0,3,Success,Purchase,Mawlamyine,MMK,False
TXN-20240112-0002251,WALL-0007519,MERCH-00235,PM-04,DEV-01,2024-01-12 10:52:44,25.55,0.511,0.0,2,Success,Subscription,Delhi,INR,False
TXN-20240112-0002252,WALL-0018326,MERCH-00324,PM-03,DEV-02,2024-01-12 10:03:39,64.42,0.5154,0.0,6,Success,Bill Payment,Mandalay,MMK,False
TXN-20240112-0002253,WALL-0115065,MERCH-00213,PM-04,DEV-02,2024-01-12 14:02:31,19.43,0.3886,0.0,1,Success,Purchase,Pathein,MMK,False
TXN-20240112-0002254,WALL-0075620,MERCH-00385,PM-03,DEV-05,2024-01-12 17:36:25,21.53,0.1722,0.0,2,Success,Purchase,Hanoi,THB,False
TXN-20240112-0002255,WALL-0022075,MERCH-00079,PM-02,DEV-04,2024-01-12 09:42:36,17.41,0.0348,0.3482,1,Success,Purchase,Johor Bahru,MYR,False
TXN-20240112-0002256,WALL-0144067,MERCH-00192,PM-04,DEV-01,2024-01-12 11:15:54,14.75,0.2949,0.0,1,Success,Purchase,Johor Bahru,MYR,False
TXN-20240112-0002257,WALL-0079785,MERCH-00361,PM-01,DEV-03,2024-01-12 20:30:51,23.31,0.0,0.0,2,Success,Bill Payment,Singapore,SGD,False
TXN-20240112-0002258,WALL-0014369,MERCH-00221,PM-04,DEV-01,2024-01-12 14:34:16,9.48,0.1897,0.0,0,Success,Purchase,Taunggyi,MMK,False
TXN-20240112-0002259,WALL-0071719,MERCH-00016,PM-01,DEV-05,2024-01-12 13:20:06,9.73,0.0,0.1947,0,Success,Purchase,Myitkyina,MMK,False
TXN-20240112-0002260,WALL-0092783,MERCH-00024,PM-02,DEV-01,2024-01-12 14:18:12,30.47,0.0609,0.6093,3,Success,Purchase,Pathein,MMK,False
TXN-20240112-0002261,WALL-0122165,MERCH-00313,PM-01,DEV-01,2024-01-12 12:30:09,74.49,0.0,0.0,7,Success,Bill Payment,Bago,MMK,False
TXN-20240112-0002262,WALL-0136193,MERCH-00034,PM-01,DEV-01,2024-01-12 12:58:16,26.15,0.0,0.5231,2,Success,Purchase,Mawlamyine,MMK,False
TXN-20240112-0002263,WALL-0082834,MERCH-00331,PM-01,DEV-03,2024-01-12 20:08:19,47.64,0.0,0.0,4,Success,Bill Payment,Jakarta,IDR,False
TXN-20240112-0002264,WALL-0035106,MERCH-00313,PM-02,DEV-03,2024-01-12 17:41:09,163.82,0.3276,0.0,16,Success,Bill Payment,Islamabad,PKR,False
TXN-20240112-0002265,WALL-0000966,MERCH-00365,PM-01,DEV-03,2024-01-12 15:05:33,32.64,0.0,0.0,3,Success,Bill Payment,Mandalay,MMK,False
TXN-20240112-0002266,WALL-0142435,MERCH-00028,PM-04,DEV-01,2024-01-12 22:57:54,9.55,0.191,0.191,0,Success,Purchase,Taunggyi,MMK,False
TXN-20240112-0002267,WALL-0036995,MERCH-00231,PM-02,DEV-01,2024-01-12 13:17:50,15.22,0.0304,0.0,1,Success,Subscription,Khon Kaen,THB,False
TXN-20240112-0002268,WALL-0020095,MERCH-00417,PM-01,DEV-01,2024-01-12 15:00:51,229.22,0.0,0.0,22,Success,Payment,Da Nang,VND,False
TXN-20240112-0002269,WALL-0064031,MERCH-00137,PM-01,DEV-02,2024-01-12 06:33:43,112.25,0.0,5.6127,11,Success,Purchase,Manila,KHR,False
TXN-20240112-0002270,WALL-0099376,MERCH-00345,PM-04,DEV-01,2024-01-12 08:12:58,47.54,0.9509,0.0,0,Pending,Bill Payment,Chiang Mai,THB,False
TXN-20240112-0002271,WALL-0088575,MERCH-00054,PM-05,DEV-01,2024-01-12 12:41:21,19.66,0.0,0.3931,1,Success,Purchase,Myitkyina,MMK,False
TXN-20240112-0002272,WALL-0088289,MERCH-00206,PM-01,DEV-01,2024-01-12 14:38:04,15.67,0.0,0.0,1,Success,Purchase,Penang,VND,False
TXN-20240112-0002273,WALL-0102854,MERCH-00471,PM-02,DEV-01,2024-01-12 17:31:22,1346.09,2.6922,0.0,134,Success,Payment,Jakarta,IDR,False
TXN-20240112-0002274,WALL-0116192,MERCH-00449,PM-05,DEV-01,2024-01-12 18:53:49,87.45,0.0,0.0,8,Success,Tax Payment,Myitkyina,MMK,False
TXN-20240112-0002275,WALL-0132067,MERCH-00068,PM-03,DEV-01,2024-01-12 21:35:40,24.32,0.1946,0.4864,2,Success,Purchase,Yangon,MMK,False
TXN-20240112-0002276,WALL-0070723,MERCH-00026,PM-03,DEV-03,2024-01-12 19:16:32,18.95,0.1516,0.3789,1,Success,Purchase,Da Nang,VND,False
TXN-20240112-0002277,WALL-0125604,MERCH-00095,PM-03,DEV-01,2024-01-12 02:54:17,31.34,0.2507,0.0,3,Success,Purchase,Singapore,SGD,False
TXN-20240112-0002278,WALL-0120616,MERCH-00236,PM-04,DEV-01,2024-01-12 15:51:28,17.03,0.3406,0.0,1,Success,Subscription,Johor Bahru,MMK,False
TXN-20240112-0002279,WALL-0133142,MERCH-00196,PM-03,DEV-01,2024-01-12 10:37:40,5.0,0.04,0.0,0,Success,Purchase,Chiang Mai,THB,False
TXN-20240112-0002280,WALL-0043105,MERCH-00423,PM-01,DEV-01,2024-01-12 02:21:04,72.95,0.0,0.0,7,Success,Payment,Phuket,THB,False
TXN-20240112-0002281,WALL-0143582,MERCH-00384,PM-01,DEV-01,2024-01-12 16:39:26,20.0,0.0,0.0,2,Success,Purchase,Naypyidaw,MMK,False
TXN-20240112-0002282,WALL-0022673,MERCH-00081,PM-01,DEV-03,2024-01-12 18:19:44,82.19,0.0,0.0,8,Success,Purchase,Ahmedabad,INR,False
TXN-20240112-0002283,WALL-0021686,MERCH-00149,PM-01,DEV-03,2024-01-12 10:36:08,71.62,0.0,3.5809,7,Success,Purchase,Pattaya,THB,False
TXN-20240112-0002284,WALL-0091309,MERCH-00036,PM-02,DEV-01,2024-01-12 20:46:24,16.46,0.0329,0.3293,1,Success,Purchase,Phnom Penh,KHR,False
TXN-20240112-0002285,WALL-0046112,MERCH-00400,PM-03,DEV-04,2024-01-12 07:43:10,108.16,0.8653,0.0,10,Success,Purchase,Hanoi,VND,False
TXN-20240112-0002286,WALL-0047596,MERCH-00353,PM-04,DEV-04,2024-01-12 13:49:53,46.77,0.9354,0.0,4,Success,Bill Payment,Naypyidaw,MMK,False
TXN-20240112-0002287,WALL-0036218,MERCH-00322,PM-01,DEV-02,2024-01-12 20:20:18,145.05,0.0,0.0,14,Success,Bill Payment,Mandalay,MMK,False
TXN-20240112-0002288,WALL-0094232,MERCH-00029,PM-02,DEV-03,2024-01-12 21:29:53,17.84,0.0357,0.3569,1,Success,Purchase,Kandy,LKR,False
TXN-20240112-0002289,WALL-0022981,MERCH-00052,PM-01,DEV-01,2024-01-12 16:09:13,64.55,0.0,1.291,6,Success,Purchase,Ho Chi Minh City,VND,False
TXN-20240112-0002290,WALL-0031133,MERCH-00229,PM-01,DEV-04,2024-01-12 15:24:19,5.04,0.0,0.0,0,Success,Purchase,Jaipur,INR,False
TXN-20240112-0002291,WALL-0128343,MERCH-00153,PM-01,DEV-01,2024-01-12 21:38:43,330.8,0.0,16.5402,33,Success,Purchase,Mawlamyine,MMK,False
TXN-20240112-0002292,WALL-0113339,MERCH-00023,PM-04,DEV-03,2024-01-12 19:29:36,20.31,0.4063,0.4063,2,Success,Purchase,Mandalay,MMK,False
TXN-20240112-0002293,WALL-0147688,MERCH-00346,PM-03,DEV-01,2024-01-12 20:38:32,45.76,0.3661,0.0,4,Success,Bill Payment,Taunggyi,MMK,False
TXN-20240112-0002294,WALL-0074952,MERCH-00368,PM-05,DEV-02,2024-01-12 20:19:24,95.1,0.0,0.0,9,Success,Bill Payment,Lahore,PKR,False
TXN-20240112-0002295,WALL-0130379,MERCH-00097,PM-03,DEV-01,2024-01-12 00:32:03,63.15,0.5052,0.0,6,Success,Purchase,Naypyidaw,MMK,False
TXN-20240112-0002296,WALL-0124282,MERCH-00113,PM-02,DEV-03,2024-01-12 06:12:05,57.83,0.1157,0.0,5,Success,Purchase,Pokhara,IDR,False
TXN-20240112-0002297,WALL-0136490,MERCH-00026,PM-04,DEV-01,2024-01-12 15:01:12,14.57,0.2915,0.2915,1,Success,Purchase,Hyderabad,INR,False
TXN-20240112-0002298,WALL-0047600,MERCH-00111,PM-03,DEV-01,2024-01-12 15:20:33,43.82,0.3506,0.0,4,Success,Purchase,Johor Bahru,MYR,False
TXN-20240112-0002299,WALL-0062712,MERCH-00124,PM-01,DEV-01,2024-01-12 19:43:25,318.97,0.0,0.0,31,Success,Purchase,Bangkok,MMK,False
TXN-20240112-0002300,WALL-0083223,MERCH-00056,PM-03,DEV-01,2024-01-12 20:04:15,17.23,0.1379,0.3447,1,Success,Purchase,Hyderabad,INR,False
TXN-20240112-0002301,WALL-0122826,MERCH-00145,PM-02,DEV-01,2024-01-12 20:48:50,49.17,0.0983,2.4587,4,Success,Purchase,Myitkyina,MMK,False
TXN-20240112-0002302,WALL-0012748,MERCH-00183,PM-03,DEV-01,2024-01-12 17:47:24,72.67,0.5814,3.6337,7,Success,Purchase,Mandalay,MMK,False
TXN-20240112-0002303,WALL-0028392,MERCH-00014,PM-04,DEV-03,2024-01-12 11:37:40,12.07,0.2414,0.2414,1,Success,Purchase,Quezon City,PHP,False
TXN-20240112-0002304,WALL-0116245,MERCH-00071,PM-04,DEV-02,2024-01-12 14:54:29,24.5,0.4899,0.4899,2,Success,Purchase,Bago,MMK,False
TXN-20240112-0002305,WALL-0082539,MERCH-00139,PM-01,DEV-01,2024-01-12 14:55:30,80.77,0.0,4.0385,8,Success,Purchase,Naypyidaw,MMK,False
TXN-20240112-0002306,WALL-0090266,MERCH-00444,PM-02,DEV-03,2024-01-12 10:27:26,559.01,1.118,0.0,55,Success,Tax Payment,Pathein,MMK,False
TXN-20240112-0002307,WALL-0022804,MERCH-00055,PM-01,DEV-02,2024-01-12 18:17:33,35.15,0.0,0.7031,3,Success,Purchase,Ho Chi Minh City,VND,False
TXN-20240112-0002308,WALL-0139665,MERCH-00379,PM-01,DEV-03,2024-01-12 07:03:43,118.57,0.0,0.0,11,Success,Purchase,Mawlamyine,MMK,False
TXN-20240112-0002309,WALL-0049297,MERCH-00353,PM-01,DEV-01,2024-01-12 21:45:01,52.87,0.0,0.0,5,Success,Bill Payment,Ahmedabad,INR,False
TXN-20240112-0002310,WALL-0060118,MERCH-00098,PM-04,DEV-02,2024-01-12 09:31:23,142.47,2.8495,0.0,14,Success,Purchase,Bangkok,THB,False
TXN-20240112-0002311,WALL-0024625,MERCH-00403,PM-01,DEV-03,2024-01-12 07:40:46,87.03,0.0,0.0,8,Success,Payment,Pune,INR,False
TXN-20240112-0002312,WALL-0127538,MERCH-00047,PM-02,DEV-01,2024-01-12 21:41:29,22.37,0.0447,0.4474,2,Success,Purchase,Cebu City,PHP,False
TXN-20240112-0002313,WALL-0139076,MERCH-00039,PM-01,DEV-04,2024-01-12 13:05:05,17.34,0.0,0.3469,1,Success,Purchase,Phnom Penh,KHR,False
TXN-20240112-0002314,WALL-0062677,MERCH-00275,PM-01,DEV-05,2024-01-12 17:14:07,790.51,0.0,63.2411,158,Success,Purchase,Mawlamyine,MMK,False
TXN-20240112-0002315,WALL-0137821,MERCH-00337,PM-02,DEV-01,2024-01-12 08:50:26,184.29,0.3686,0.0,18,Success,Bill Payment,Chiang Mai,IDR,False
TXN-20240112-0002316,WALL-0137097,MERCH-00001,PM-01,DEV-02,2024-01-12 13:46:36,11.81,0.0,0.2362,1,Success,Purchase,Taunggyi,MMK,False
TXN-20240112-0002317,WALL-0145903,MERCH-00028,PM-02,DEV-01,2024-01-12 16:58:02,8.11,0.0162,0.1623,0,Success,Purchase,Mandalay,MMK,False
TXN-20240112-0002318,WALL-0001679,MERCH-00192,PM-01,DEV-03,2024-01-12 13:58:06,27.01,0.0,0.0,2,Success,Purchase,Surabaya,MMK,False
TXN-20240112-0002319,WALL-0053880,MERCH-00159,PM-03,DEV-02,2024-01-12 07:57:11,100.79,0.8063,5.0395,10,Success,Purchase,Yangon,MMK,False
TXN-20240112-0002320,WALL-0055424,MERCH-00345,PM-01,DEV-01,2024-01-12 19:21:44,78.79,0.0,0.0,7,Success,Bill Payment,Yangon,MMK,False
TXN-20240112-0002321,WALL-0078002,MERCH-00448,PM-04,DEV-01,2024-01-12 07:37:37,287.78,5.7556,0.0,0,Failed,Tax Payment,Mandalay,MMK,False
TXN-20240112-0002322,WALL-0101594,MERCH-00122,PM-02,DEV-01,2024-01-12 21:19:00,69.84,0.1397,0.0,6,Success,Purchase,Bago,MMK,False
TXN-20240112-0002323,WALL-0146209,MERCH-00038,PM-02,DEV-01,2024-01-12 07:47:42,12.69,0.0254,0.2539,1,Success,Purchase,Kandy,LKR,False
TXN-20240112-0002324,WALL-0042646,MERCH-00187,PM-02,DEV-02,2024-01-12 18:20:18,29.3,0.0586,1.4652,2,Success,Purchase,Naypyidaw,MMK,False
TXN-20240112-0002325,WALL-0044234,MERCH-00441,PM-01,DEV-05,2024-01-12 00:29:05,376.01,0.0,0.0,37,Success,Tax Payment,Yangon,MMK,False
TXN-20240112-0002326,WALL-0037360,MERCH-00129,PM-05,DEV-01,2024-01-12 12:33:08,155.4,0.0,0.0,15,Success,Purchase,Mandalay,MMK,False
TXN-20240112-0002327,WALL-0054326,MERCH-00140,PM-01,DEV-05,2024-01-12 20:07:17,83.52,0.0,4.1759,8,Success,Purchase,Myitkyina,MMK,False
TXN-20240112-0002328,WALL-0039030,MERCH-00112,PM-04,DEV-02,2024-01-12 15:37:12,18.68,0.3737,0.0,1,Success,Purchase,Chiang Mai,THB,False
TXN-20240112-0002329,WALL-0064084,MERCH-00220,PM-03,DEV-03,2024-01-12 12:43:37,57.78,0.4623,0.0,5,Success,Purchase,Singapore,SGD,False
TXN-20240112-0002330,WALL-0001635,MERCH-00097,PM-05,DEV-02,2024-01-12 21:55:28,67.43,0.0,0.0,0,Pending,Purchase,Naypyidaw,MMK,False
TXN-20240112-0002331,WALL-0119518,MERCH-00196,PM-01,DEV-04,2024-01-12 07:42:21,19.13,0.0,0.0,1,Success,Purchase,Colombo,LKR,False
TXN-20240112-0002332,WALL-0128671,MERCH-00255,PM-03,DEV-03,2024-01-12 12:47:40,5.0,0.04,0.0,0,Success,Subscription,Kandy,LKR,False
TXN-20240112-0002333,WALL-0002152,MERCH-00113,PM-04,DEV-01,2024-01-12 15:50:33,71.71,1.4343,0.0,7,Success,Purchase,Johor Bahru,MYR,False
TXN-20240112-0002334,WALL-0008256,MERCH-00180,PM-02,DEV-05,2024-01-12 16:04:21,37.02,0.074,1.851,3,Success,Purchase,Pathein,INR,False
TXN-20240112-0002335,WALL-0092509,MERCH-00299,PM-01,DEV-05,2024-01-12 19:06:14,198.92,0.0,15.9139,39,Success,Purchase,Mandalay,MMK,False
TXN-20240112-0002336,WALL-0017895,MERCH-00147,PM-03,DEV-02,2024-01-12 17:12:53,49.26,0.3941,2.463,4,Success,Purchase,Yangon,MMK,False
TXN-20240112-0002337,WALL-0011944,MERCH-00096,PM-02,DEV-02,2024-01-12 08:04:49,69.98,0.14,0.0,6,Success,Purchase,Mumbai,MMK,False
TXN-20240112-0002338,WALL-0148251,MERCH-00411,PM-03,DEV-03,2024-01-12 08:22:25,61.83,0.4947,0.0,6,Success,Payment,Bangalore,MMK,False
TXN-20240112-0002339,WALL-0141663,MERCH-00268,PM-01,DEV-05,2024-01-12 15:07:05,11.6,0.0,0.0,1,Success,Subscription,Phuket,THB,False
TXN-20240112-0002340,WALL-0008562,MERCH-00179,PM-02,DEV-03,2024-01-12 19:42:54,225.6,0.4512,11.2798,22,Success,Purchase,Surabaya,IDR,False
TXN-20240112-0002341,WALL-0039146,MERCH-00433,PM-02,DEV-01,2024-01-12 14:08:39,780.8,1.5616,0.0,78,Success,Tax Payment,Quezon City,PHP,False
TXN-20240112-0002342,WALL-0031233,MERCH-00364,PM-01,DEV-01,2024-01-12 08:38:48,22.22,0.0,0.0,2,Success,Bill Payment,Bago,MMK,False
TXN-20240112-0002343,WALL-0052506,MERCH-00069,PM-03,DEV-03,2024-01-12 15:11:36,13.6,0.1088,0.2719,1,Success,Purchase,Jaipur,INR,False
TXN-20240112-0002344,WALL-0047398,MERCH-00355,PM-02,DEV-02,2024-01-12 07:41:55,18.73,0.0375,0.0,1,Success,Bill Payment,Yangon,MMK,False
TXN-20240112-0002345,WALL-0118892,MERCH-00185,PM-02,DEV-01,2024-01-12 21:28:08,53.97,0.1079,2.6984,5,Success,Purchase,Pathein,MMK,False
TXN-20240112-0002346,WALL-0028746,MERCH-00273,PM-01,DEV-01,2024-01-12 19:32:30,533.98,0.0,42.7182,106,Success,Purchase,Penang,MYR,False
TXN-20240112-0002347,WALL-0102341,MERCH-00154,PM-03,DEV-03,2024-01-12 13:55:17,719.16,5.7533,35.9578,71,Success,Purchase,Naypyidaw,MMK,False
TXN-20240112-0002348,WALL-0047945,MERCH-00496,PM-01,DEV-03,2024-01-12 12:30:50,2092.46,0.0,0.0,209,Success,Payment,Bago,MMK,False
TXN-20240112-0002349,WALL-0058951,MERCH-00044,PM-01,DEV-04,2024-01-12 21:46:43,25.94,0.0,0.5188,2,Success,Purchase,Pathein,MMK,False
TXN-20240112-0002350,WALL-0140734,MERCH-00125,PM-04,DEV-01,2024-01-12 16:29:13,77.92,1.5584,0.0,7,Success,Purchase,Mandalay,MMK,False
TXN-20240112-0002351,WALL-0087071,MERCH-00039,PM-01,DEV-02,2024-01-12 12:37:34,84.52,0.0,0.0,0,Reversed,Purchase,Jakarta,IDR,False
TXN-20240112-0002352,WALL-0106626,MERCH-00059,PM-02,DEV-01,2024-01-12 19:00:26,16.88,0.0338,0.3376,1,Success,Purchase,Khon Kaen,THB,False
TXN-20240112-0002353,WALL-0121759,MERCH-00263,PM-01,DEV-01,2024-01-12 06:46:26,18.9,0.0,0.0,1,Success,Subscription,Da Nang,VND,False
TXN-20240112-0002354,WALL-0035575,MERCH-00077,PM-02,DEV-01,2024-01-12 20:34:35,49.56,0.0991,0.9912,4,Success,Purchase,Kandy,LKR,False
TXN-20240112-0002355,WALL-0050055,MERCH-00499,PM-02,DEV-03,2024-01-12 11:45:02,127.97,0.2559,0.0,12,Success,Payment,Mawlamyine,MMK,False
TXN-20240112-0002356,WALL-0124961,MERCH-00250,PM-01,DEV-05,2024-01-12 16:26:55,54.1,0.0,0.0,5,Success,Subscription,Colombo,LKR,False
TXN-20240112-0002357,WALL-0048156,MERCH-00354,PM-01,DEV-05,2024-01-12 20:03:04,53.36,0.0,0.0,5,Success,Bill Payment,Kuala Lumpur,MYR,False
TXN-20240112-0002358,WALL-0060135,MERCH-00119,PM-03,DEV-01,2024-01-12 05:00:54,53.36,0.4268,0.0,5,Success,Purchase,Siem Reap,KHR,False
TXN-20240112-0002359,WALL-0096514,MERCH-00127,PM-04,DEV-03,2024-01-12 16:50:13,76.85,1.5371,0.0,7,Success,Purchase,Kathmandu,NPR,False
TXN-20240112-0002360,WALL-0119838,MERCH-00211,PM-02,DEV-03,2024-01-12 06:55:53,5.0,0.01,0.0,0,Success,Purchase,Yangon,MMK,False
TXN-20240112-0002361,WALL-0028799,MERCH-00327,PM-05,DEV-01,2024-01-12 04:30:05,159.44,0.0,0.0,15,Success,Bill Payment,Mawlamyine,MMK,False
TXN-20240112-0002362,WALL-0076165,MERCH-00182,PM-04,DEV-01,2024-01-12 21:24:22,62.37,1.2473,3.1183,6,Success,Purchase,Davao,PHP,False
TXN-20240112-0002363,WALL-0149498,MERCH-00085,PM-01,DEV-05,2024-01-12 00:57:44,30.29,0.0,0.0,3,Success,Purchase,Yangon,MMK,False
TXN-20240112-0002364,WALL-0031869,MERCH-00102,PM-01,DEV-02,2024-01-12 09:33:57,37.69,0.0,0.0,3,Success,Purchase,Naypyidaw,MMK,False
TXN-20240112-0002365,WALL-0040478,MERCH-00383,PM-01,DEV-02,2024-01-12 01:47:31,53.98,0.0,0.0,5,Success,Purchase,Mandalay,MMK,False
TXN-20240112-0002366,WALL-0034306,MERCH-00345,PM-01,DEV-01,2024-01-12 14:14:34,117.45,0.0,0.0,11,Success,Bill Payment,Phuket,THB,False
TXN-20240112-0002367,WALL-0078217,MERCH-00483,PM-02,DEV-01,2024-01-12 14:57:12,417.03,0.8341,0.0,41,Success,Payment,Khon Kaen,THB,False
TXN-20240112-0002368,WALL-0115425,MERCH-00156,PM-04,DEV-03,2024-01-12 07:59:38,294.61,5.8923,14.7306,29,Success,Purchase,Bago,MMK,False
TXN-20240112-0002369,WALL-0031579,MERCH-00375,PM-01,DEV-02,2024-01-12 18:10:08,29.41,0.0,0.0,2,Success,Purchase,Pathein,MMK,False
TXN-20240112-0002370,WALL-0048107,MERCH-00341,PM-01,DEV-01,2024-01-12 14:45:40,25.34,0.0,0.0,2,Success,Bill Payment,Surabaya,IDR,False
TXN-20240112-0002371,WALL-0104789,MERCH-00085,PM-02,DEV-05,2024-01-12 21:41:10,102.93,0.2059,0.0,10,Success,Purchase,Surabaya,IDR,False
TXN-20240112-0002372,WALL-0130588,MERCH-00239,PM-02,DEV-02,2024-01-12 17:39:12,17.7,0.0354,0.0,1,Success,Subscription,Mawlamyine,MMK,False
TXN-20240112-0002373,WALL-0077755,MERCH-00227,PM-03,DEV-03,2024-01-12 15:13:44,16.87,0.1349,0.0,1,Success,Purchase,Naypyidaw,MMK,False
TXN-20240112-0002374,WALL-0048932,MERCH-00170,PM-04,DEV-01,2024-01-12 21:52:21,34.42,0.6885,1.7212,3,Success,Purchase,Khon Kaen,THB,False
TXN-20240112-0002375,WALL-0027303,MERCH-00001,PM-02,DEV-02,2024-01-12 13:42:06,15.86,0.0317,0.3173,1,Success,Purchase,Ahmedabad,INR,False
TXN-20240112-0002376,WALL-0058690,MERCH-00353,PM-02,DEV-03,2024-01-12 19:00:03,36.37,0.0727,0.0,3,Success,Bill Payment,Kolkata,INR,False
TXN-20240112-0002377,WALL-0075024,MERCH-00163,PM-01,DEV-04,2024-01-12 19:55:20,53.16,0.0,2.6582,5,Success,Purchase,Mawlamyine,MMK,False
TXN-20240112-0002378,WALL-0078424,MERCH-00197,PM-02,DEV-01,2024-01-12 15:28:01,19.52,0.039,0.0,1,Success,Purchase,Ahmedabad,INR,False
TXN-20240112-0002379,WALL-0079842,MERCH-00137,PM-04,DEV-05,2024-01-12 00:02:38,83.88,1.6775,4.1939,8,Success,Purchase,Bandung,IDR,False
TXN-20240112-0002380,WALL-0064843,MERCH-00338,PM-02,DEV-04,2024-01-12 17:30:36,151.75,0.3035,0.0,15,Success,Bill Payment,Mandalay,MMK,False
TXN-20240112-0002381,WALL-0086869,MERCH-00165,PM-02,DEV-04,2024-01-12 18:16:27,73.63,0.1473,3.6814,7,Success,Purchase,Bago,MMK,False
TXN-20240112-0002382,WALL-0038453,MERCH-00197,PM-01,DEV-01,2024-01-12 04:15:30,8.25,0.0,0.0,0,Success,Purchase,Myitkyina,MMK,False
TXN-20240112-0002383,WALL-0084134,MERCH-00139,PM-02,DEV-01,2024-01-12 13:29:59,64.73,0.1295,3.2365,6,Success,Purchase,Bandung,PKR,False
TXN-20240112-0002384,WALL-0138006,MERCH-00174,PM-01,DEV-01,2024-01-12 14:58:58,56.81,0.0,2.8406,5,Success,Purchase,Pathein,MMK,False
TXN-20240112-0002385,WALL-0086827,MERCH-00207,PM-02,DEV-01,2024-01-12 11:40:51,16.35,0.0327,0.0,1,Success,Purchase,Chennai,INR,False
TXN-20240112-0002386,WALL-0005275,MERCH-00436,PM-05,DEV-02,2024-01-12 20:35:00,64.05,0.0,0.0,6,Success,Tax Payment,Bago,MMK,False
TXN-20240112-0002387,WALL-0011652,MERCH-00431,PM-01,DEV-01,2024-01-12 13:34:36,106.81,0.0,0.0,10,Success,Tax Payment,Hanoi,VND,False
TXN-20240112-0002388,WALL-0061529,MERCH-00250,PM-02,DEV-01,2024-01-12 02:10:46,13.05,0.0261,0.0,1,Success,Subscription,Yangon,MMK,False
TXN-20240112-0002389,WALL-0004483,MERCH-00092,PM-03,DEV-01,2024-01-12 06:47:01,27.3,0.2184,0.0,2,Success,Purchase,Mawlamyine,MMK,False
TXN-20240112-0002390,WALL-0130743,MERCH-00034,PM-01,DEV-01,2024-01-12 12:15:28,37.36,0.0,0.7472,3,Success,Purchase,Kuala Lumpur,MYR,False
TXN-20240112-0002391,WALL-0023440,MERCH-00252,PM-01,DEV-02,2024-01-12 18:57:43,22.35,0.0,0.0,2,Success,Subscription,Bali,IDR,False
TXN-20240112-0002392,WALL-0064332,MERCH-00065,PM-02,DEV-01,2024-01-12 02:45:50,15.94,0.0319,0.3187,1,Success,Purchase,Bago,MMK,False
TXN-20240112-0002393,WALL-0042541,MERCH-00106,PM-02,DEV-02,2024-01-12 09:20:43,20.87,0.0417,0.0,2,Success,Purchase,Singapore,LKR,False
TXN-20240112-0002394,WALL-0058906,MERCH-00384,PM-02,DEV-01,2024-01-12 20:59:43,40.02,0.08,0.0,4,Success,Purchase,Islamabad,PKR,False
TXN-20240112-0002395,WALL-0079282,MERCH-00423,PM-01,DEV-01,2024-01-12 21:00:08,32.06,0.0,0.0,3,Success,Payment,Karachi,PKR,False
TXN-20240112-0002396,WALL-0133820,MERCH-00208,PM-01,DEV-01,2024-01-12 16:11:31,17.64,0.0,0.0,1,Success,Purchase,Phnom Penh,MMK,False
TXN-20240112-0002397,WALL-0038223,MERCH-00134,PM-01,DEV-01,2024-01-12 18:46:52,176.05,0.0,8.8027,17,Success,Purchase,Cebu City,PHP,False
TXN-20240112-0002398,WALL-0094679,MERCH-00401,PM-02,DEV-01,2024-01-12 14:00:51,42.35,0.0847,0.0,4,Success,Payment,Medan,MMK,False
TXN-20240112-0002399,WALL-0096387,MERCH-00499,PM-05,DEV-01,2024-01-12 07:47:38,146.47,0.0,0.0,0,Pending,Payment,Islamabad,PKR,False
TXN-20240112-0002400,WALL-0112301,MERCH-00009,PM-03,DEV-03,2024-01-12 11:12:29,18.64,0.1492,0.3729,1,Success,Purchase,Pathein,MMK,False
TXN-20240112-0002401,WALL-0047532,MERCH-00086,PM-03,DEV-02,2024-01-12 11:27:37,27.58,0.2207,0.0,2,Success,Purchase,Quezon City,PHP,False
TXN-20240112-0002402,WALL-0097485,MERCH-00199,PM-04,DEV-01,2024-01-12 12:56:20,5.0,0.1,0.0,0,Failed,Purchase,Hyderabad,INR,False
TXN-20240112-0002403,WALL-0008534,MERCH-00232,PM-04,DEV-05,2024-01-12 23:52:36,18.97,0.3794,0.0,1,Success,Subscription,Khon Kaen,THB,False
TXN-20240112-0002404,WALL-0032147,MERCH-00425,PM-02,DEV-01,2024-01-12 21:06:22,44.04,0.0881,0.0,4,Success,Payment,Mawlamyine,MMK,False
TXN-20240112-0002405,WALL-0046907,MERCH-00164,PM-01,DEV-01,2024-01-12 01:06:20,92.12,0.0,4.6058,9,Success,Purchase,Bago,MMK,False
TXN-20240112-0002406,WALL-0122454,MERCH-00378,PM-04,DEV-01,2024-01-12 10:25:54,75.74,1.5147,0.0,0,Pending,Purchase,Kandy,MMK,False
TXN-20240112-0002407,WALL-0009831,MERCH-00030,PM-02,DEV-01,2024-01-12 12:06:10,8.86,0.0177,0.1772,0,Success,Purchase,Siem Reap,KHR,False
TXN-20240112-0002408,WALL-0032535,MERCH-00035,PM-05,DEV-01,2024-01-12 21:23:46,11.13,0.0,0.2225,1,Success,Purchase,Myitkyina,MMK,False
TXN-20240112-0002409,WALL-0022013,MERCH-00376,PM-03,DEV-02,2024-01-12 11:00:25,74.88,0.599,0.0,7,Success,Purchase,Yangon,MMK,False
TXN-20240112-0002410,WALL-0119506,MERCH-00250,PM-02,DEV-01,2024-01-12 13:58:29,6.55,0.0131,0.0,0,Success,Subscription,Bangkok,THB,False
TXN-20240112-0002411,WALL-0110898,MERCH-00436,PM-02,DEV-05,2024-01-12 10:21:08,278.97,0.5579,0.0,27,Success,Tax Payment,Naypyidaw,MMK,False
TXN-20240112-0002412,WALL-0149237,MERCH-00023,PM-01,DEV-01,2024-01-12 09:13:02,7.74,0.0,0.1547,0,Success,Purchase,Chiang Mai,MMK,False
TXN-20240112-0002413,WALL-0088712,MERCH-00415,PM-01,DEV-01,2024-01-12 19:20:11,90.28,0.0,0.0,9,Success,Payment,Kuala Lumpur,MMK,False
TXN-20240112-0002414,WALL-0108093,MERCH-00043,PM-01,DEV-01,2024-01-12 18:34:31,49.22,0.0,0.9843,4,Success,Purchase,Islamabad,PKR,False
TXN-20240112-0002415,WALL-0090977,MERCH-00341,PM-03,DEV-01,2024-01-12 16:53:02,23.24,0.1859,0.0,2,Success,Bill Payment,Mandalay,MMK,False
TXN-20240112-0002416,WALL-0015755,MERCH-00320,PM-01,DEV-01,2024-01-12 12:24:23,183.13,0.0,0.0,18,Success,Bill Payment,Pune,MYR,False
TXN-20240112-0002417,WALL-0040678,MERCH-00131,PM-01,DEV-03,2024-01-12 04:16:15,20.0,0.0,1.0,2,Success,Purchase,Naypyidaw,MMK,False
TXN-20240112-0002418,WALL-0109509,MERCH-00069,PM-03,DEV-01,2024-01-12 18:37:10,12.64,0.1011,0.2528,1,Success,Purchase,Naypyidaw,MMK,False
TXN-20240112-0002419,WALL-0117026,MERCH-00420,PM-04,DEV-01,2024-01-12 19:27:30,20.0,0.4,0.0,2,Success,Payment,Bangkok,THB,False
TXN-20240112-0002420,WALL-0052050,MERCH-00383,PM-01,DEV-03,2024-01-12 17:02:30,73.03,0.0,0.0,7,Success,Purchase,Pune,INR,False
TXN-20240112-0002421,WALL-0006974,MERCH-00385,PM-01,DEV-01,2024-01-12 17:43:25,155.45,0.0,0.0,15,Success,Purchase,Taunggyi,MMK,False
TXN-20240112-0002422,WALL-0069673,MERCH-00013,PM-02,DEV-03,2024-01-12 18:31:15,66.5,0.133,1.3299,6,Success,Purchase,Taunggyi,MMK,False
TXN-20240112-0002423,WALL-0077899,MERCH-00234,PM-03,DEV-01,2024-01-12 05:37:38,11.59,0.0927,0.0,1,Success,Subscription,Surabaya,LKR,False
TXN-20240112-0002424,WALL-0072418,MERCH-00439,PM-04,DEV-01,2024-01-12 15:43:01,245.44,4.9089,0.0,24,Success,Tax Payment,Jaipur,INR,False
TXN-20240112-0002425,WALL-0132540,MERCH-00169,PM-05,DEV-01,2024-01-12 22:30:19,99.04,0.0,4.952,9,Success,Purchase,Myitkyina,MMK,False
TXN-20240112-0002426,WALL-0144612,MERCH-00100,PM-02,DEV-02,2024-01-12 14:44:45,25.26,0.0505,0.0,2,Success,Purchase,Mawlamyine,MMK,False
TXN-20240112-0002427,WALL-0094349,MERCH-00001,PM-03,DEV-01,2024-01-12 13:11:29,17.41,0.1393,0.3481,1,Success,Purchase,Hanoi,VND,False
TXN-20240112-0002428,WALL-0036701,MERCH-00142,PM-01,DEV-01,2024-01-12 17:29:03,30.61,0.0,1.5303,3,Success,Purchase,Manila,PHP,False
TXN-20240112-0002429,WALL-0138331,MERCH-00316,PM-03,DEV-03,2024-01-12 01:46:21,29.48,0.2358,0.0,2,Success,Bill Payment,Manila,PHP,False
TXN-20240112-0002430,WALL-0105775,MERCH-00204,PM-01,DEV-02,2024-01-12 04:50:04,5.58,0.0,0.0,0,Success,Purchase,Phuket,THB,False
TXN-20240112-0002431,WALL-0009382,MERCH-00288,PM-01,DEV-03,2024-01-12 17:25:45,506.66,0.0,40.5328,101,Success,Purchase,Karachi,INR,False
TXN-20240112-0002432,WALL-0134772,MERCH-00157,PM-01,DEV-01,2024-01-12 16:08:42,104.26,0.0,5.213,10,Success,Purchase,Khon Kaen,THB,False
TXN-20240112-0002433,WALL-0007775,MERCH-00413,PM-02,DEV-05,2024-01-12 16:52:59,119.48,0.239,0.0,11,Success,Payment,Bangalore,MMK,False
TXN-20240112-0002434,WALL-0022152,MERCH-00308,PM-03,DEV-03,2024-01-12 18:19:05,904.25,7.234,72.34,180,Success,Purchase,Islamabad,PKR,False
TXN-20240112-0002435,WALL-0066942,MERCH-00074,PM-04,DEV-04,2024-01-12 12:10:18,13.54,0.2708,0.2708,1,Success,Purchase,Kandy,PHP,False
TXN-20240112-0002436,WALL-0008838,MERCH-00076,PM-03,DEV-01,2024-01-12 19:54:33,14.31,0.1145,0.2863,1,Success,Purchase,Chittagong,BDT,False
TXN-20240112-0002437,WALL-0080139,MERCH-00016,PM-01,DEV-01,2024-01-12 20:10:54,7.08,0.0,0.1416,0,Success,Purchase,Myitkyina,MMK,False
TXN-20240112-0002438,WALL-0130949,MERCH-00154,PM-02,DEV-05,2024-01-12 19:11:56,162.57,0.3251,8.1283,16,Success,Purchase,Taunggyi,MMK,False
TXN-20240112-0002439,WALL-0102758,MERCH-00037,PM-02,DEV-01,2024-01-12 07:10:00,14.93,0.0299,0.2987,1,Success,Purchase,Pathein,MMK,False
TXN-20240112-0002440,WALL-0085509,MERCH-00249,PM-05,DEV-02,2024-01-12 09:06:19,13.93,0.0,0.0,1,Success,Subscription,Yangon,MMK,False
TXN-20240112-0002441,WALL-0074475,MERCH-00334,PM-02,DEV-01,2024-01-12 08:35:44,118.79,0.2376,0.0,11,Success,Bill Payment,Jaipur,INR,False
TXN-20240112-0002442,WALL-0083795,MERCH-00064,PM-01,DEV-01,2024-01-12 19:08:20,6.81,0.0,0.1362,0,Success,Purchase,Colombo,LKR,False
TXN-20240112-0002443,WALL-0106303,MERCH-00313,PM-01,DEV-01,2024-01-12 21:42:31,114.02,0.0,0.0,11,Success,Bill Payment,Naypyidaw,MMK,False
TXN-20240112-0002444,WALL-0064390,MERCH-00011,PM-01,DEV-03,2024-01-12 11:12:37,48.53,0.0,0.9705,4,Success,Purchase,Yangon,MMK,False
TXN-20240112-0002445,WALL-0042454,MERCH-00442,PM-02,DEV-01,2024-01-12 14:09:22,257.88,0.5158,0.0,25,Success,Tax Payment,Dhaka,BDT,False
TXN-20240112-0002446,WALL-0083476,MERCH-00234,PM-04,DEV-01,2024-01-12 21:25:45,15.3,0.306,0.0,1,Success,Subscription,Dhaka,MMK,False
TXN-20240112-0002447,WALL-0142315,MERCH-00044,PM-02,DEV-01,2024-01-12 18:54:42,16.9,0.0338,0.338,1,Success,Purchase,Kolkata,INR,False
TXN-20240112-0002448,WALL-0030531,MERCH-00334,PM-03,DEV-01,2024-01-12 20:44:37,237.01,1.8961,0.0,23,Success,Bill Payment,Pattaya,THB,False
TXN-20240112-0002449,WALL-0009383,MERCH-00148,PM-01,DEV-04,2024-01-12 19:55:52,77.83,0.0,3.8916,7,Success,Purchase,Kuala Lumpur,MYR,False
TXN-20240112-0002450,WALL-0128194,MERCH-00158,PM-04,DEV-01,2024-01-12 08:02:56,93.49,1.8699,4.6747,9,Success,Purchase,Johor Bahru,MYR,False
TXN-20240112-0002451,WALL-0006095,MERCH-00251,PM-04,DEV-04,2024-01-12 15:14:00,5.07,0.1014,0.0,0,Success,Subscription,Naypyidaw,MMK,False
TXN-20240112-0002452,WALL-0081054,MERCH-00019,PM-04,DEV-02,2024-01-12 08:59:24,14.93,0.2987,0.2987,1,Success,Purchase,Taunggyi,MMK,False
TXN-20240112-0002453,WALL-0007542,MERCH-00456,PM-01,DEV-01,2024-01-12 15:49:07,343.26,0.0,0.0,34,Success,Payment,Jaipur,THB,False
TXN-20240112-0002454,WALL-0096020,MERCH-00123,PM-01,DEV-01,2024-01-12 14:59:05,151.09,0.0,0.0,15,Success,Purchase,Myitkyina,MMK,False
TXN-20240112-0002455,WALL-0140874,MERCH-00065,PM-03,DEV-01,2024-01-12 17:39:53,27.89,0.2231,0.5578,2,Success,Purchase,Jakarta,IDR,False
TXN-20240112-0002456,WALL-0075709,MERCH-00347,PM-01,DEV-01,2024-01-12 14:57:46,31.0,0.0,0.0,3,Success,Bill Payment,Taunggyi,MMK,False
TXN-20240112-0002457,WALL-0138201,MERCH-00015,PM-01,DEV-02,2024-01-12 21:06:18,15.29,0.0,0.3058,1,Success,Purchase,Singapore,MMK,False
TXN-20240112-0002458,WALL-0128790,MERCH-00076,PM-01,DEV-03,2024-01-12 07:28:28,11.51,0.0,0.2302,1,Success,Purchase,Surabaya,INR,False
TXN-20240112-0002459,WALL-0134285,MERCH-00400,PM-03,DEV-04,2024-01-12 14:48:29,43.83,0.3506,0.0,4,Success,Purchase,Kathmandu,VND,False
TXN-20240112-0002460,WALL-0148031,MERCH-00300,PM-01,DEV-02,2024-01-12 13:29:16,881.92,0.0,70.554,176,Success,Purchase,Siem Reap,KHR,False
TXN-20240112-0002461,WALL-0112386,MERCH-00018,PM-02,DEV-03,2024-01-12 11:05:53,26.13,0.0523,0.5225,2,Success,Purchase,Yangon,MMK,False
TXN-20240112-0002462,WALL-0108809,MERCH-00296,PM-01,DEV-02,2024-01-12 21:43:20,392.34,0.0,31.387,78,Success,Purchase,Kuala Lumpur,MYR,False
TXN-20240112-0002463,WALL-0114333,MERCH-00136,PM-02,DEV-01,2024-01-12 12:02:16,96.05,0.1921,4.8023,9,Success,Purchase,Taunggyi,MMK,False
TXN-20240112-0002464,WALL-0044233,MERCH-00350,PM-02,DEV-02,2024-01-12 17:16:42,39.45,0.0789,0.0,3,Success,Bill Payment,Bago,PHP,False
TXN-20240112-0002465,WALL-0034851,MERCH-00128,PM-03,DEV-03,2024-01-12 10:12:03,18.81,0.1505,0.0,1,Success,Purchase,Davao,MMK,False
TXN-20240112-0002466,WALL-0124312,MERCH-00389,PM-04,DEV-01,2024-01-12 14:49:47,105.14,2.1027,0.0,10,Success,Purchase,Johor Bahru,MYR,False
TXN-20240112-0002467,WALL-0013675,MERCH-00105,PM-02,DEV-02,2024-01-12 20:47:21,29.56,0.0591,0.0,2,Success,Purchase,Mawlamyine,MMK,False
TXN-20240112-0002468,WALL-0026800,MERCH-00419,PM-01,DEV-02,2024-01-12 22:28:42,60.56,0.0,0.0,6,Success,Payment,Penang,MYR,False
TXN-20240112-0002469,WALL-0053851,MERCH-00373,PM-03,DEV-01,2024-01-12 14:12:41,31.92,0.2554,0.0,3,Success,Purchase,Chiang Mai,THB,False
TXN-20240112-0002470,WALL-0073903,MERCH-00098,PM-05,DEV-01,2024-01-12 21:55:12,31.7,0.0,0.0,3,Success,Purchase,Kuala Lumpur,MYR,False
TXN-20240112-0002471,WALL-0025971,MERCH-00007,PM-01,DEV-02,2024-01-12 20:12:29,8.66,0.0,0.1732,0,Success,Purchase,Ho Chi Minh City,VND,False
TXN-20240112-0002472,WALL-0079624,MERCH-00195,PM-02,DEV-02,2024-01-12 20:41:08,12.85,0.0257,0.0,1,Success,Purchase,Pathein,MMK,False
TXN-20240112-0002473,WALL-0003034,MERCH-00376,PM-01,DEV-03,2024-01-12 05:14:59,33.77,0.0,0.0,3,Success,Purchase,Cebu City,PHP,False
TXN-20240112-0002474,WALL-0087639,MERCH-00255,PM-01,DEV-02,2024-01-12 15:02:48,5.99,0.0,0.0,0,Failed,Subscription,Taunggyi,MMK,False
TXN-20240112-0002475,WALL-0087644,MERCH-00141,PM-03,DEV-02,2024-01-12 07:28:59,104.17,0.8334,5.2085,10,Success,Purchase,Pathein,INR,False
TXN-20240112-0002476,WALL-0095372,MERCH-00440,PM-03,DEV-01,2024-01-12 11:52:53,92.9,0.7432,0.0,9,Success,Tax Payment,Jakarta,IDR,False
TXN-20240112-0002477,WALL-0021530,MERCH-00116,PM-01,DEV-02,2024-01-12 19:11:09,19.84,0.0,0.0,1,Success,Purchase,Chiang Mai,THB,False
TXN-20240112-0002478,WALL-0004485,MERCH-00305,PM-03,DEV-01,2024-01-12 01:00:17,289.13,2.313,23.1303,57,Success,Purchase,Pattaya,THB,False
TXN-20240112-0002479,WALL-0145876,MERCH-00338,PM-05,DEV-02,2024-01-12 12:24:55,76.53,0.0,0.0,7,Success,Bill Payment,Colombo,LKR,False
TXN-20240112-0002480,WALL-0092722,MERCH-00042,PM-01,DEV-01,2024-01-12 07:51:10,15.89,0.0,0.3178,1,Success,Purchase,Myitkyina,IDR,False
TXN-20240112-0002481,WALL-0144518,MERCH-00019,PM-03,DEV-01,2024-01-12 19:22:51,60.0,0.48,1.2,6,Success,Purchase,Hyderabad,INR,False
TXN-20240112-0002482,WALL-0030192,MERCH-00259,PM-04,DEV-01,2024-01-12 19:05:55,38.33,0.7666,0.0,0,Failed,Subscription,Kolkata,INR,False
TXN-20240112-0002483,WALL-0074082,MERCH-00404,PM-01,DEV-01,2024-01-12 20:50:46,59.87,0.0,0.0,5,Success,Payment,Mawlamyine,MMK,False
TXN-20240112-0002484,WALL-0101439,MERCH-00338,PM-01,DEV-01,2024-01-12 18:57:57,66.3,0.0,0.0,6,Success,Bill Payment,Davao,PHP,False
TXN-20240112-0002485,WALL-0012901,MERCH-00431,PM-02,DEV-05,2024-01-12 15:56:15,666.51,1.333,0.0,66,Success,Tax Payment,Naypyidaw,MMK,False
TXN-20240112-0002486,WALL-0064698,MERCH-00192,PM-01,DEV-03,2024-01-12 15:13:04,12.66,0.0,0.0,1,Success,Purchase,Hanoi,VND,False
TXN-20240112-0002487,WALL-0024395,MERCH-00410,PM-02,DEV-01,2024-01-12 06:33:06,59.1,0.1182,0.0,5,Success,Payment,Pathein,MMK,False
TXN-20240112-0002488,WALL-0070178,MERCH-00063,PM-01,DEV-02,2024-01-12 08:35:26,43.63,0.0,0.8725,4,Success,Purchase,Bago,MMK,False
TXN-20240112-0002489,WALL-0000712,MERCH-00374,PM-02,DEV-01,2024-01-12 01:26:00,35.77,0.0715,0.0,3,Success,Purchase,Chittagong,BDT,False
TXN-20240112-0002490,WALL-0067518,MERCH-00334,PM-01,DEV-02,2024-01-12 12:52:53,112.47,0.0,0.0,11,Success,Bill Payment,Pathein,MMK,False
TXN-20240112-0002491,WALL-0088874,MERCH-00038,PM-02,DEV-02,2024-01-12 20:30:28,15.62,0.0312,0.3124,1,Success,Purchase,Yangon,MMK,False
TXN-20240112-0002492,WALL-0019991,MERCH-00346,PM-03,DEV-02,2024-01-12 19:00:20,34.4,0.2752,0.0,3,Success,Bill Payment,Khon Kaen,THB,False
TXN-20240112-0002493,WALL-0038081,MERCH-00429,PM-01,DEV-01,2024-01-12 13:49:09,272.14,0.0,0.0,27,Success,Payment,Kandy,LKR,False
TXN-20240112-0002494,WALL-0115377,MERCH-00374,PM-02,DEV-02,2024-01-12 22:31:29,24.58,0.0492,0.0,2,Success,Purchase,Kandy,LKR,False
TXN-20240112-0002495,WALL-0109817,MERCH-00013,PM-04,DEV-02,2024-01-12 21:23:59,43.75,0.8749,0.8749,4,Success,Purchase,Mawlamyine,MMK,False
TXN-20240112-0002496,WALL-0084584,MERCH-00203,PM-04,DEV-01,2024-01-12 16:22:47,25.89,0.5177,0.0,2,Success,Purchase,Mawlamyine,MMK,False
TXN-20240112-0002497,WALL-0027671,MERCH-00318,PM-03,DEV-02,2024-01-12 16:04:10,96.48,0.7719,0.0,9,Success,Bill Payment,Bali,IDR,False
TXN-20240112-0002498,WALL-0148118,MERCH-00089,PM-04,DEV-02,2024-01-12 21:58:03,30.07,0.6014,0.0,3,Success,Purchase,Bago,MMK,False
TXN-20240112-0002499,WALL-0079793,MERCH-00423,PM-02,DEV-05,2024-01-12 13:28:58,69.14,0.1383,0.0,6,Success,Payment,Mandalay,MMK,False
TXN-20240112-0002500,WALL-0092846,MERCH-00016,PM-03,DEV-03,2024-01-12 15:39:01,16.77,0.1341,0.3353,1,Success,Purchase,Manila,MMK,False
TXN-20240112-0002501,WALL-0129636,MERCH-00023,PM-01,DEV-04,2024-01-12 17:15:06,48.54,0.0,0.9708,4,Success,Purchase,Yangon,MMK,False
TXN-20240112-0002502,WALL-0123587,MERCH-00052,PM-01,DEV-01,2024-01-12 14:41:59,18.05,0.0,0.3609,1,Success,Purchase,Taunggyi,MMK,False
TXN-20240112-0002503,WALL-0146413,MERCH-00179,PM-01,DEV-03,2024-01-12 13:08:51,64.08,0.0,3.2039,6,Success,Purchase,Lahore,PKR,False
TXN-20240112-0002504,WALL-0139390,MERCH-00101,PM-01,DEV-03,2024-01-12 16:19:35,42.93,0.0,0.0,4,Success,Purchase,Kandy,SGD,False
TXN-20240112-0002505,WALL-0045455,MERCH-00340,PM-03,DEV-01,2024-01-12 18:32:43,202.98,1.6238,0.0,0,Reversed,Bill Payment,Taunggyi,MMK,False
TXN-20240112-0002506,WALL-0148503,MERCH-00095,PM-03,DEV-01,2024-01-12 17:23:18,86.22,0.6897,0.0,8,Success,Purchase,Myitkyina,MMK,False
TXN-20240112-0002507,WALL-0037760,MERCH-00498,PM-02,DEV-03,2024-01-12 20:41:07,224.26,0.4485,0.0,22,Success,Payment,Colombo,LKR,False
TXN-20240112-0002508,WALL-0008505,MERCH-00163,PM-01,DEV-01,2024-01-12 17:38:27,201.89,0.0,10.0943,20,Success,Purchase,Naypyidaw,MMK,False
TXN-20240112-0002509,WALL-0096636,MERCH-00437,PM-02,DEV-01,2024-01-12 20:17:19,58.97,0.1179,0.0,5,Success,Tax Payment,Yangon,MMK,False
TXN-20240112-0002510,WALL-0004545,MERCH-00251,PM-02,DEV-01,2024-01-12 13:48:12,8.53,0.0171,0.0,0,Success,Subscription,Myitkyina,MMK,False
TXN-20240112-0002511,WALL-0041105,MERCH-00069,PM-01,DEV-01,2024-01-12 10:53:26,14.73,0.0,0.2946,1,Success,Purchase,Lahore,PKR,False
TXN-20240112-0002512,WALL-0083278,MERCH-00257,PM-02,DEV-01,2024-01-12 20:44:40,26.57,0.0531,0.0,2,Success,Subscription,Karachi,PKR,False
TXN-20240112-0002513,WALL-0026559,MERCH-00403,PM-05,DEV-02,2024-01-12 22:27:11,69.47,0.0,0.0,6,Success,Payment,Hyderabad,INR,False
TXN-20240112-0002514,WALL-0070320,MERCH-00391,PM-01,DEV-02,2024-01-12 15:47:15,157.48,0.0,0.0,15,Success,Purchase,Islamabad,MMK,False
TXN-20240112-0002515,WALL-0088582,MERCH-00305,PM-01,DEV-01,2024-01-12 17:13:54,881.8,0.0,70.5436,176,Success,Purchase,Phnom Penh,KHR,False
TXN-20240112-0002516,WALL-0099346,MERCH-00043,PM-01,DEV-02,2024-01-12 00:42:14,12.16,0.0,0.2432,1,Success,Purchase,Mandalay,MMK,False
TXN-20240112-0002517,WALL-0080925,MERCH-00396,PM-01,DEV-01,2024-01-12 09:16:55,182.12,0.0,0.0,18,Success,Purchase,Johor Bahru,MYR,False
TXN-20240112-0002518,WALL-0136730,MERCH-00422,PM-01,DEV-01,2024-01-12 07:36:13,20.0,0.0,0.0,2,Success,Payment,Pathein,BDT,False
TXN-20240112-0002519,WALL-0029131,MERCH-00059,PM-01,DEV-02,2024-01-12 14:55:21,20.96,0.0,0.4192,2,Success,Purchase,Mawlamyine,MMK,False
TXN-20240112-0002520,WALL-0045199,MERCH-00382,PM-05,DEV-01,2024-01-12 12:28:35,41.12,0.0,0.0,4,Success,Purchase,Surabaya,IDR,False
TXN-20240112-0002521,WALL-0116611,MERCH-00470,PM-05,DEV-02,2024-01-12 14:02:12,103.64,0.0,0.0,10,Success,Payment,Chittagong,BDT,False
TXN-20240112-0002522,WALL-0085089,MERCH-00104,PM-03,DEV-01,2024-01-12 20:26:59,73.95,0.5916,0.0,0,Failed,Purchase,Taunggyi,MMK,False
TXN-20240112-0002523,WALL-0111105,MERCH-00191,PM-01,DEV-04,2024-01-12 14:13:25,26.68,0.0,0.0,2,Success,Purchase,Mawlamyine,MMK,False
TXN-20240112-0002524,WALL-0052649,MERCH-00029,PM-02,DEV-01,2024-01-12 09:11:33,7.29,0.0146,0.1459,0,Success,Purchase,Da Nang,VND,False
TXN-20240112-0002525,WALL-0044664,MERCH-00400,PM-01,DEV-01,2024-01-12 03:00:21,77.27,0.0,0.0,0,Failed,Purchase,Myitkyina,MMK,False
TXN-20240112-0002526,WALL-0040996,MERCH-00100,PM-01,DEV-03,2024-01-12 17:20:27,63.54,0.0,0.0,6,Success,Purchase,Mawlamyine,MMK,False
TXN-20240112-0002527,WALL-0025475,MERCH-00285,PM-04,DEV-02,2024-01-12 14:44:04,487.02,9.7404,38.9616,97,Success,Purchase,Yangon,MMK,False
TXN-20240112-0002528,WALL-0126592,MERCH-00122,PM-01,DEV-01,2024-01-12 15:43:58,122.62,0.0,0.0,12,Success,Purchase,Cebu City,MMK,False
TXN-20240112-0002529,WALL-0008061,MERCH-00376,PM-01,DEV-03,2024-01-12 15:37:22,43.68,0.0,0.0,4,Success,Purchase,Kuala Lumpur,MYR,False
TXN-20240112-0002530,WALL-0146765,MERCH-00090,PM-01,DEV-01,2024-01-12 15:22:54,38.68,0.0,0.0,3,Success,Purchase,Bago,MMK,False
TXN-20240112-0002531,WALL-0113729,MERCH-00049,PM-01,DEV-03,2024-01-12 13:19:03,18.1,0.0,0.3621,1,Success,Purchase,Myitkyina,MMK,False
TXN-20240112-0002532,WALL-0007201,MERCH-00069,PM-01,DEV-02,2024-01-12 15:50:16,60.0,0.0,1.2,6,Success,Purchase,Mandalay,MMK,False
TXN-20240112-0002533,WALL-0114248,MERCH-00420,PM-04,DEV-03,2024-01-12 21:52:40,243.75,4.8749,0.0,24,Success,Payment,Naypyidaw,MMK,False
TXN-20240112-0002534,WALL-0047521,MERCH-00212,PM-01,DEV-01,2024-01-12 15:34:57,12.65,0.0,0.0,1,Success,Purchase,Delhi,INR,False
TXN-20240112-0002535,WALL-0119455,MERCH-00327,PM-03,DEV-01,2024-01-12 18:30:13,223.33,1.7867,0.0,22,Success,Bill Payment,Bangkok,MMK,False
TXN-20240112-0002536,WALL-0028176,MERCH-00062,PM-02,DEV-05,2024-01-12 16:45:13,7.04,0.0141,0.1408,0,Success,Purchase,Pattaya,MMK,False
TXN-20240112-0002537,WALL-0112565,MERCH-00435,PM-04,DEV-01,2024-01-12 12:16:17,323.62,6.4724,0.0,32,Success,Tax Payment,Naypyidaw,MMK,False
TXN-20240112-0002538,WALL-0139754,MERCH-00389,PM-03,DEV-03,2024-01-12 12:39:04,59.75,0.478,0.0,5,Success,Purchase,Naypyidaw,MMK,False
TXN-20240112-0002539,WALL-0146310,MERCH-00001,PM-02,DEV-01,2024-01-12 21:42:51,21.05,0.0421,0.421,2,Success,Purchase,Pattaya,NPR,False
TXN-20240112-0002540,WALL-0087211,MERCH-00381,PM-01,DEV-02,2024-01-12 17:04:39,49.17,0.0,0.0,4,Success,Purchase,Mumbai,INR,False
TXN-20240112-0002541,WALL-0056811,MERCH-00006,PM-02,DEV-01,2024-01-12 13:00:15,18.59,0.0372,0.3718,1,Success,Purchase,Manila,PHP,False
TXN-20240112-0002542,WALL-0120386,MERCH-00010,PM-02,DEV-01,2024-01-12 18:24:04,14.19,0.0284,0.2838,1,Success,Purchase,Phnom Penh,KHR,False
TXN-20240112-0002543,WALL-0080637,MERCH-00213,PM-02,DEV-05,2024-01-12 07:28:47,5.0,0.01,0.0,0,Success,Purchase,Manila,PHP,False
TXN-20240112-0002544,WALL-0050749,MERCH-00063,PM-02,DEV-01,2024-01-12 19:41:04,18.32,0.0366,0.3663,1,Success,Purchase,Bago,MMK,False
TXN-20240112-0002545,WALL-0138108,MERCH-00067,PM-01,DEV-01,2024-01-12 06:08:16,13.3,0.0,0.266,1,Success,Purchase,Jaipur,INR,False
TXN-20240112-0002546,WALL-0085484,MERCH-00166,PM-01,DEV-01,2024-01-12 08:01:15,334.6,0.0,16.7298,33,Success,Purchase,Taunggyi,MMK,False
TXN-20240112-0002547,WALL-0054662,MERCH-00376,PM-02,DEV-01,2024-01-12 21:06:04,20.0,0.04,0.0,2,Success,Purchase,Hyderabad,INR,False
TXN-20240112-0002548,WALL-0069901,MERCH-00415,PM-04,DEV-01,2024-01-12 20:11:22,62.69,1.2537,0.0,6,Success,Payment,Quezon City,PHP,False
TXN-20240112-0002549,WALL-0038053,MERCH-00367,PM-03,DEV-05,2024-01-12 16:17:45,85.88,0.687,0.0,8,Success,Bill Payment,Ho Chi Minh City,VND,False
TXN-20240112-0002550,WALL-0086703,MERCH-00046,PM-04,DEV-02,2024-01-12 19:28:35,38.19,0.7638,0.7638,3,Success,Purchase,Mawlamyine,MMK,False
TXN-20240112-0002551,WALL-0041893,MERCH-00124,PM-01,DEV-01,2024-01-12 13:08:25,258.25,0.0,0.0,0,Reversed,Purchase,Mawlamyine,MMK,False
TXN-20240112-0002552,WALL-0117710,MERCH-00277,PM-02,DEV-01,2024-01-12 17:31:16,355.48,0.711,28.4384,71,Success,Purchase,Taunggyi,MMK,False
TXN-20240112-0002553,WALL-0026091,MERCH-00194,PM-01,DEV-02,2024-01-12 20:12:49,6.61,0.0,0.0,0,Success,Purchase,Lahore,PKR,False
TXN-20240112-0002554,WALL-0129542,MERCH-00390,PM-03,DEV-01,2024-01-12 23:49:00,20.02,0.1601,0.0,2,Success,Purchase,Taunggyi,MMK,False
TXN-20240112-0002555,WALL-0133721,MERCH-00400,PM-01,DEV-01,2024-01-12 19:11:14,51.61,0.0,0.0,5,Success,Purchase,Bangalore,INR,False
TXN-20240112-0002556,WALL-0018849,MERCH-00033,PM-02,DEV-01,2024-01-12 17:35:14,22.45,0.0449,0.4491,2,Success,Purchase,Bago,MMK,False
TXN-20240112-0002557,WALL-0092738,MERCH-00077,PM-04,DEV-01,2024-01-12 20:29:30,51.01,1.0203,1.0203,5,Success,Purchase,Jakarta,NPR,False
TXN-20240112-0002558,WALL-0035533,MERCH-00171,PM-02,DEV-02,2024-01-12 17:02:04,177.05,0.3541,8.8524,17,Success,Purchase,Mumbai,INR,False
TXN-20240112-0002559,WALL-0037099,MERCH-00128,PM-01,DEV-01,2024-01-12 20:31:54,38.38,0.0,0.0,3,Success,Purchase,Bago,MMK,False
TXN-20240112-0002560,WALL-0077495,MERCH-00179,PM-04,DEV-01,2024-01-12 08:16:24,37.34,0.7469,1.8672,3,Success,Purchase,Mandalay,MMK,False
TXN-20240112-0002561,WALL-0127315,MERCH-00049,PM-04,DEV-01,2024-01-12 12:44:30,9.37,0.1873,0.1873,0,Success,Purchase,Surabaya,IDR,False
TXN-20240112-0002562,WALL-0013424,MERCH-00005,PM-04,DEV-01,2024-01-12 14:22:26,20.3,0.406,0.406,2,Success,Purchase,Colombo,MMK,False
TXN-20240112-0002563,WALL-0060866,MERCH-00212,PM-01,DEV-01,2024-01-12 13:35:51,15.73,0.0,0.0,1,Success,Purchase,Cebu City,THB,False
TXN-20240112-0002564,WALL-0028446,MERCH-00025,PM-03,DEV-01,2024-01-12 19:41:24,9.39,0.0752,0.1879,0,Success,Purchase,Kandy,LKR,False
TXN-20240112-0002565,WALL-0014625,MERCH-00407,PM-02,DEV-01,2024-01-12 07:42:36,30.79,0.0616,0.0,3,Success,Payment,Naypyidaw,MMK,False
TXN-20240112-0002566,WALL-0132961,MERCH-00183,PM-02,DEV-01,2024-01-12 08:04:50,29.29,0.0586,1.4647,2,Success,Purchase,Mandalay,MMK,False
TXN-20240112-0002567,WALL-0144501,MERCH-00410,PM-02,DEV-01,2024-01-12 17:42:36,150.93,0.3019,0.0,15,Success,Payment,Cebu City,PHP,False
TXN-20240112-0002568,WALL-0019878,MERCH-00232,PM-04,DEV-05,2024-01-12 12:25:48,5.78,0.1156,0.0,0,Success,Subscription,Hyderabad,INR,False
TXN-20240112-0002569,WALL-0053288,MERCH-00198,PM-04,DEV-01,2024-01-12 12:28:32,26.23,0.5246,0.0,2,Success,Purchase,Kathmandu,NPR,False
TXN-20240112-0002570,WALL-0052675,MERCH-00124,PM-01,DEV-01,2024-01-12 19:44:07,40.67,0.0,0.0,4,Success,Purchase,Bago,MMK,False
TXN-20240112-0002571,WALL-0148324,MERCH-00238,PM-03,DEV-02,2024-01-12 19:23:28,16.14,0.1291,0.0,1,Success,Subscription,Bandung,IDR,False
TXN-20240112-0002572,WALL-0023952,MERCH-00319,PM-02,DEV-01,2024-01-12 21:24:45,289.43,0.5789,0.0,28,Success,Bill Payment,Taunggyi,MMK,False
TXN-20240112-0002573,WALL-0054511,MERCH-00271,PM-01,DEV-01,2024-01-12 18:29:32,133.92,0.0,10.7132,26,Success,Purchase,Phuket,PHP,False
TXN-20240112-0002574,WALL-0079771,MERCH-00167,PM-02,DEV-01,2024-01-12 18:02:16,82.03,0.1641,4.1013,8,Success,Purchase,Bago,MMK,False
TXN-20240112-0002575,WALL-0092347,MERCH-00270,PM-03,DEV-02,2024-01-12 00:26:23,8.15,0.0652,0.0,0,Success,Subscription,Pathein,MMK,False
TXN-20240112-0002576,WALL-0144440,MERCH-00306,PM-04,DEV-01,2024-01-12 13:55:40,803.31,16.0662,64.2649,160,Success,Purchase,Mandalay,MMK,False
TXN-20240112-0002577,WALL-0146749,MERCH-00175,PM-01,DEV-02,2024-01-12 20:34:32,20.0,0.0,1.0,2,Success,Purchase,Chiang Mai,THB,False
TXN-20240112-0002578,WALL-0128196,MERCH-00413,PM-01,DEV-01,2024-01-12 20:08:12,34.76,0.0,0.0,3,Success,Payment,Johor Bahru,MYR,False
TXN-20240112-0002579,WALL-0024128,MERCH-00292,PM-02,DEV-01,2024-01-12 16:14:55,2070.13,4.1403,165.6106,414,Success,Purchase,Naypyidaw,MMK,False
TXN-20240112-0002580,WALL-0149064,MERCH-00055,PM-03,DEV-01,2024-01-12 13:32:21,17.55,0.1404,0.3511,1,Success,Purchase,Karachi,PKR,False
TXN-20240112-0002581,WALL-0024618,MERCH-00102,PM-02,DEV-02,2024-01-12 07:47:03,106.87,0.2137,0.0,10,Success,Purchase,Penang,MYR,False
TXN-20240112-0002582,WALL-0131345,MERCH-00392,PM-01,DEV-01,2024-01-12 06:16:04,33.31,0.0,0.0,3,Success,Purchase,Bandung,IDR,False
TXN-20240112-0002583,WALL-0139576,MERCH-00347,PM-03,DEV-03,2024-01-12 17:27:52,20.71,0.1656,0.0,2,Success,Bill Payment,Quezon City,PHP,False
TXN-20240112-0002584,WALL-0020801,MERCH-00272,PM-02,DEV-01,2024-01-12 19:00:30,349.63,0.6993,27.9705,69,Success,Purchase,Pathein,MMK,False
TXN-20240112-0002585,WALL-0029558,MERCH-00331,PM-04,DEV-03,2024-01-12 18:50:08,47.01,0.9402,0.0,4,Success,Bill Payment,Mandalay,MMK,False
TXN-20240112-0002586,WALL-0072639,MERCH-00143,PM-03,DEV-01,2024-01-12 21:17:55,120.71,0.9657,6.0354,12,Success,Purchase,Pokhara,NPR,False
TXN-20240112-0002587,WALL-0141762,MERCH-00403,PM-01,DEV-01,2024-01-12 10:43:01,53.03,0.0,0.0,5,Success,Payment,Pathein,MMK,False
TXN-20240112-0002588,WALL-0128202,MERCH-00227,PM-01,DEV-01,2024-01-12 06:56:37,22.53,0.0,0.0,2,Success,Purchase,Bali,PHP,False
TXN-20240112-0002589,WALL-0111531,MERCH-00086,PM-05,DEV-02,2024-01-12 13:07:19,101.1,0.0,0.0,10,Success,Purchase,Myitkyina,MMK,False
TXN-20240112-0002590,WALL-0085707,MERCH-00368,PM-03,DEV-01,2024-01-12 16:42:14,71.0,0.568,0.0,7,Success,Bill Payment,Yangon,MMK,False
TXN-20240112-0002591,WALL-0020553,MERCH-00151,PM-02,DEV-01,2024-01-12 20:39:29,397.97,0.7959,19.8985,39,Success,Purchase,Pathein,MMK,False
TXN-20240112-0002592,WALL-0133519,MERCH-00319,PM-02,DEV-01,2024-01-12 20:04:19,40.17,0.0803,0.0,4,Success,Bill Payment,Mandalay,MMK,False
TXN-20240112-0002593,WALL-0089523,MERCH-00300,PM-01,DEV-01,2024-01-12 16:49:46,808.81,0.0,64.7046,161,Success,Purchase,Medan,INR,False
TXN-20240112-0002594,WALL-0140559,MERCH-00279,PM-02,DEV-01,2024-01-12 19:12:48,1823.41,3.6468,145.8726,364,Success,Purchase,Johor Bahru,MMK,False
TXN-20240112-0002595,WALL-0007721,MERCH-00087,PM-03,DEV-02,2024-01-12 14:00:54,27.78,0.2222,0.0,2,Success,Purchase,Kuala Lumpur,MYR,False
TXN-20240112-0002596,WALL-0140073,MERCH-00361,PM-04,DEV-01,2024-01-12 06:18:03,19.56,0.3911,0.0,1,Success,Bill Payment,Kuala Lumpur,MYR,False
TXN-20240112-0002597,WALL-0062087,MERCH-00101,PM-02,DEV-02,2024-01-12 19:59:58,60.01,0.12,0.0,6,Success,Purchase,Hanoi,VND,False
TXN-20240112-0002598,WALL-0136185,MERCH-00233,PM-01,DEV-01,2024-01-12 13:00:20,11.94,0.0,0.0,0,Pending,Subscription,Yangon,MMK,False
TXN-20240112-0002599,WALL-0055873,MERCH-00099,PM-01,DEV-02,2024-01-12 19:49:14,122.65,0.0,0.0,12,Success,Purchase,Jakarta,MMK,False
TXN-20240112-0002600,WALL-0019301,MERCH-00421,PM-04,DEV-01,2024-01-12 04:41:30,20.0,0.4,0.0,0,Failed,Payment,Bago,MMK,False
TXN-20240112-0002601,WALL-0112326,MERCH-00089,PM-04,DEV-01,2024-01-12 20:38:15,157.75,3.155,0.0,15,Success,Purchase,Mumbai,INR,False
TXN-20240112-0002602,WALL-0019520,MERCH-00063,PM-02,DEV-02,2024-01-12 21:47:44,24.76,0.0495,0.4952,2,Success,Purchase,Kuala Lumpur,MYR,False
TXN-20240112-0002603,WALL-0023910,MERCH-00086,PM-01,DEV-01,2024-01-12 12:55:13,103.19,0.0,0.0,10,Success,Purchase,Ho Chi Minh City,VND,False
TXN-20240112-0002604,WALL-0012907,MERCH-00222,PM-02,DEV-01,2024-01-12 00:07:52,35.0,0.07,0.0,3,Success,Purchase,Dhaka,LKR,False
TXN-20240112-0002605,WALL-0117793,MERCH-00072,PM-01,DEV-01,2024-01-12 19:38:27,25.96,0.0,0.5192,2,Success,Purchase,Naypyidaw,MMK,False
TXN-20240112-0002606,WALL-0031249,MERCH-00106,PM-01,DEV-03,2024-01-12 21:05:13,16.82,0.0,0.0,1,Success,Purchase,Bandung,IDR,False
TXN-20240112-0002607,WALL-0099165,MERCH-00058,PM-01,DEV-02,2024-01-12 18:46:41,14.23,0.0,0.2846,1,Success,Purchase,Myitkyina,MMK,False
TXN-20240112-0002608,WALL-0037183,MERCH-00014,PM-01,DEV-01,2024-01-12 03:37:19,30.19,0.0,0.6037,3,Success,Purchase,Bangkok,THB,False
TXN-20240112-0002609,WALL-0001452,MERCH-00108,PM-01,DEV-01,2024-01-12 15:20:50,74.58,0.0,0.0,7,Success,Purchase,Chennai,MMK,False
TXN-20240112-0002610,WALL-0098064,MERCH-00007,PM-01,DEV-03,2024-01-12 15:54:56,10.07,0.0,0.2013,1,Success,Purchase,Yangon,MMK,False
TXN-20240112-0002611,WALL-0046500,MERCH-00128,PM-04,DEV-01,2024-01-12 13:46:24,96.58,1.9316,0.0,9,Success,Purchase,Hyderabad,INR,False
TXN-20240112-0002612,WALL-0086786,MERCH-00264,PM-04,DEV-02,2024-01-12 09:52:07,39.83,0.7967,0.0,3,Success,Subscription,Kandy,LKR,False
TXN-20240112-0002613,WALL-0014979,MERCH-00079,PM-02,DEV-01,2024-01-12 16:22:43,23.9,0.0478,0.478,2,Success,Purchase,Pathein,MMK,False
TXN-20240112-0002614,WALL-0090586,MERCH-00076,PM-01,DEV-04,2024-01-12 09:49:21,11.17,0.0,0.2233,1,Success,Purchase,Kuala Lumpur,MYR,False
TXN-20240112-0002615,WALL-0062274,MERCH-00305,PM-04,DEV-01,2024-01-12 19:05:58,401.26,8.0252,32.1009,80,Success,Purchase,Singapore,VND,False
TXN-20240112-0002616,WALL-0125054,MERCH-00046,PM-02,DEV-01,2024-01-12 06:30:13,60.0,0.12,1.2,6,Success,Purchase,Myitkyina,MMK,False
TXN-20240112-0002617,WALL-0121844,MERCH-00201,PM-01,DEV-01,2024-01-12 13:24:27,10.47,0.0,0.0,1,Success,Purchase,Mumbai,INR,False
TXN-20240112-0002618,WALL-0028069,MERCH-00064,PM-01,DEV-01,2024-01-12 21:11:02,36.53,0.0,0.7306,3,Success,Purchase,Bangalore,MMK,False
TXN-20240112-0002619,WALL-0036307,MERCH-00447,PM-02,DEV-01,2024-01-12 11:43:54,636.66,1.2733,0.0,63,Success,Tax Payment,Naypyidaw,MMK,False
TXN-20240112-0002620,WALL-0127832,MERCH-00005,PM-01,DEV-01,2024-01-12 19:01:45,30.99,0.0,0.6198,3,Success,Purchase,Delhi,INR,False
TXN-20240112-0002621,WALL-0087942,MERCH-00442,PM-02,DEV-01,2024-01-12 16:54:01,287.79,0.5756,0.0,28,Success,Tax Payment,Lahore,PKR,False
TXN-20240112-0002622,WALL-0098726,MERCH-00189,PM-04,DEV-02,2024-01-12 07:58:54,67.49,1.3498,3.3744,6,Success,Purchase,Ho Chi Minh City,VND,False
TXN-20240112-0002623,WALL-0078982,MERCH-00297,PM-04,DEV-03,2024-01-12 11:57:37,1718.15,34.363,137.452,343,Success,Purchase,Mandalay,MMK,False
TXN-20240112-0002624,WALL-0135789,MERCH-00386,PM-04,DEV-03,2024-01-12 15:48:03,62.36,1.2473,0.0,6,Success,Purchase,Dhaka,MMK,False
TXN-20240112-0002625,WALL-0049323,MERCH-00462,PM-04,DEV-01,2024-01-12 07:52:51,56.05,1.1211,0.0,5,Success,Payment,Surabaya,IDR,False
TXN-20240112-0002626,WALL-0142391,MERCH-00056,PM-03,DEV-01,2024-01-12 11:16:28,10.82,0.0866,0.2165,1,Success,Purchase,Ahmedabad,INR,False
TXN-20240112-0002627,WALL-0002201,MERCH-00241,PM-02,DEV-03,2024-01-12 18:28:04,20.62,0.0412,0.0,2,Success,Subscription,Khon Kaen,THB,False
TXN-20240112-0002628,WALL-0109307,MERCH-00490,PM-01,DEV-02,2024-01-12 19:11:18,868.82,0.0,0.0,86,Success,Payment,Khon Kaen,THB,False
TXN-20240112-0002629,WALL-0065789,MERCH-00439,PM-01,DEV-02,2024-01-12 21:22:56,215.91,0.0,0.0,21,Success,Tax Payment,Yangon,MMK,False
TXN-20240112-0002630,WALL-0139334,MERCH-00316,PM-01,DEV-02,2024-01-12 13:10:20,40.48,0.0,0.0,4,Success,Bill Payment,Cebu City,MMK,False
TXN-20240112-0002631,WALL-0054839,MERCH-00439,PM-05,DEV-01,2024-01-12 12:40:26,247.71,0.0,0.0,24,Success,Tax Payment,Taunggyi,MMK,False
TXN-20240112-0002632,WALL-0121566,MERCH-00409,PM-04,DEV-01,2024-01-12 20:19:44,148.86,2.9772,0.0,14,Success,Payment,Taunggyi,MMK,False
TXN-20240112-0002633,WALL-0115626,MERCH-00023,PM-02,DEV-02,2024-01-12 01:17:10,8.09,0.0162,0.1619,0,Success,Purchase,Pokhara,NPR,False
TXN-20240112-0002634,WALL-0090956,MERCH-00196,PM-01,DEV-03,2024-01-12 21:17:17,9.81,0.0,0.0,0,Success,Purchase,Kathmandu,NPR,False
TXN-20240112-0002635,WALL-0126449,MERCH-00160,PM-03,DEV-01,2024-01-12 12:16:53,66.91,0.5352,3.3453,6,Success,Purchase,Karachi,PKR,False
TXN-20240112-0002636,WALL-0000368,MERCH-00193,PM-05,DEV-01,2024-01-12 20:50:14,12.21,0.0,0.0,1,Success,Purchase,Medan,IDR,False
TXN-20240112-0002637,WALL-0142779,MERCH-00115,PM-01,DEV-03,2024-01-12 17:52:57,26.52,0.0,0.0,2,Success,Purchase,Delhi,INR,False
TXN-20240112-0002638,WALL-0068357,MERCH-00280,PM-03,DEV-02,2024-01-12 18:23:56,1433.79,11.4703,114.7032,286,Success,Purchase,Karachi,VND,False
TXN-20240112-0002639,WALL-0132077,MERCH-00218,PM-01,DEV-02,2024-01-12 09:24:05,14.31,0.0,0.0,1,Success,Purchase,Bandung,IDR,False
TXN-20240112-0002640,WALL-0034790,MERCH-00331,PM-05,DEV-03,2024-01-12 12:04:48,51.98,0.0,0.0,5,Success,Bill Payment,Phnom Penh,PHP,False
TXN-20240112-0002641,WALL-0054855,MERCH-00104,PM-03,DEV-01,2024-01-12 08:05:27,73.59,0.5887,0.0,7,Success,Purchase,Hyderabad,INR,False
TXN-20240112-0002642,WALL-0079518,MERCH-00163,PM-04,DEV-01,2024-01-12 20:52:27,546.55,10.931,27.3274,54,Success,Purchase,Bandung,IDR,False
TXN-20240112-0002643,WALL-0014961,MERCH-00202,PM-02,DEV-01,2024-01-12 04:13:28,5.0,0.01,0.0,0,Success,Purchase,Pokhara,NPR,False
TXN-20240112-0002644,WALL-0023127,MERCH-00218,PM-01,DEV-01,2024-01-12 16:41:05,5.38,0.0,0.0,0,Success,Purchase,Ahmedabad,INR,False
TXN-20240112-0002645,WALL-0119968,MERCH-00173,PM-02,DEV-03,2024-01-12 07:15:02,154.27,0.3085,7.7134,15,Success,Purchase,Naypyidaw,MMK,False
TXN-20240112-0002646,WALL-0015758,MERCH-00073,PM-01,DEV-01,2024-01-12 20:37:40,39.11,0.0,0.7823,3,Success,Purchase,Kandy,LKR,False
TXN-20240112-0002647,WALL-0134276,MERCH-00281,PM-01,DEV-01,2024-01-12 09:20:33,649.18,0.0,51.9341,129,Success,Purchase,Bangkok,THB,False
TXN-20240112-0002648,WALL-0092625,MERCH-00304,PM-01,DEV-03,2024-01-12 02:15:12,315.41,0.0,25.2325,63,Success,Purchase,Johor Bahru,MMK,False
TXN-20240112-0002649,WALL-0145280,MERCH-00438,PM-02,DEV-02,2024-01-12 06:24:08,264.23,0.5285,0.0,26,Success,Tax Payment,Ahmedabad,INR,False
TXN-20240112-0002650,WALL-0119051,MERCH-00259,PM-04,DEV-01,2024-01-12 15:22:54,7.88,0.1575,0.0,0,Success,Subscription,Yangon,MMK,False
TXN-20240112-0002651,WALL-0096653,MERCH-00456,PM-03,DEV-04,2024-01-12 09:45:18,377.54,3.0203,0.0,37,Success,Payment,Hyderabad,INR,False
TXN-20240112-0002652,WALL-0123480,MERCH-00496,PM-02,DEV-01,2024-01-12 14:53:39,93.82,0.1876,0.0,9,Success,Payment,Penang,MMK,False
TXN-20240112-0002653,WALL-0076140,MERCH-00030,PM-01,DEV-01,2024-01-12 20:13:03,13.67,0.0,0.2734,1,Success,Purchase,Chiang Mai,THB,False
TXN-20240112-0002654,WALL-0027579,MERCH-00182,PM-01,DEV-02,2024-01-12 03:02:30,61.91,0.0,3.0955,6,Success,Purchase,Jaipur,MMK,False
TXN-20240112-0002655,WALL-0063668,MERCH-00138,PM-03,DEV-01,2024-01-12 16:37:47,70.55,0.5644,3.5274,7,Success,Purchase,Jaipur,PHP,False
TXN-20240112-0002656,WALL-0070902,MERCH-00021,PM-04,DEV-02,2024-01-12 20:09:00,13.09,0.2618,0.2618,1,Success,Purchase,Cebu City,INR,False
TXN-20240112-0002657,WALL-0149691,MERCH-00007,PM-01,DEV-03,2024-01-12 12:12:01,49.59,0.0,0.9919,4,Success,Purchase,Mumbai,INR,False
TXN-20240112-0002658,WALL-0074564,MERCH-00091,PM-03,DEV-03,2024-01-12 08:08:29,136.23,1.0898,0.0,13,Success,Purchase,Manila,PHP,False
TXN-20240112-0002659,WALL-0049278,MERCH-00379,PM-02,DEV-02,2024-01-12 16:53:40,32.25,0.0645,0.0,3,Success,Purchase,Dhaka,BDT,False
TXN-20240112-0002660,WALL-0116637,MERCH-00445,PM-01,DEV-01,2024-01-12 07:47:56,319.48,0.0,0.0,0,Failed,Tax Payment,Taunggyi,MMK,False
TXN-20240112-0002661,WALL-0036055,MERCH-00404,PM-01,DEV-01,2024-01-12 17:12:49,98.35,0.0,0.0,9,Success,Payment,Myitkyina,MMK,False
TXN-20240112-0002662,WALL-0092729,MERCH-00457,PM-02,DEV-02,2024-01-12 17:55:25,50.0,0.1,0.0,5,Success,Payment,Kandy,LKR,False
TXN-20240112-0002663,WALL-0085138,MERCH-00045,PM-03,DEV-01,2024-01-12 15:44:45,12.19,0.0975,0.2437,1,Success,Purchase,Naypyidaw,MMK,False
TXN-20240112-0002664,WALL-0041166,MERCH-00404,PM-02,DEV-03,2024-01-12 09:09:30,296.57,0.5931,0.0,29,Success,Payment,Medan,SGD,False
TXN-20240112-0002665,WALL-0082918,MERCH-00004,PM-02,DEV-01,2024-01-12 16:49:31,19.94,0.0399,0.3988,1,Success,Purchase,Myitkyina,MMK,False
TXN-20240112-0002666,WALL-0002050,MERCH-00442,PM-01,DEV-01,2024-01-12 17:28:31,59.99,0.0,0.0,5,Success,Tax Payment,Chittagong,BDT,False
TXN-20240112-0002667,WALL-0137252,MERCH-00018,PM-02,DEV-03,2024-01-12 11:05:31,8.92,0.0178,0.1784,0,Success,Purchase,Ahmedabad,MMK,False
TXN-20240112-0002668,WALL-0046705,MERCH-00463,PM-03,DEV-01,2024-01-12 06:44:05,158.49,1.2679,0.0,15,Success,Payment,Johor Bahru,MMK,False
TXN-20240112-0002669,WALL-0056344,MERCH-00003,PM-04,DEV-04,2024-01-12 13:53:07,19.26,0.3852,0.3852,1,Success,Purchase,Islamabad,PKR,False
TXN-20240112-0002670,WALL-0089616,MERCH-00024,PM-03,DEV-03,2024-01-12 11:31:39,16.86,0.1348,0.3371,1,Success,Purchase,Bago,MYR,False
TXN-20240112-0002671,WALL-0100415,MERCH-00272,PM-01,DEV-02,2024-01-12 16:19:02,100.0,0.0,8.0,20,Success,Purchase,Bago,MMK,False
TXN-20240112-0002672,WALL-0011561,MERCH-00016,PM-04,DEV-01,2024-01-12 11:50:53,31.63,0.6327,0.6327,3,Success,Purchase,Siem Reap,KHR,False
TXN-20240112-0002673,WALL-0048575,MERCH-00260,PM-03,DEV-03,2024-01-12 12:16:30,12.7,0.1016,0.0,1,Success,Subscription,Medan,IDR,False
TXN-20240112-0002674,WALL-0105609,MERCH-00477,PM-01,DEV-01,2024-01-12 09:44:17,119.74,0.0,0.0,11,Success,Payment,Lahore,PHP,False
TXN-20240112-0002675,WALL-0142775,MERCH-00192,PM-02,DEV-01,2024-01-12 08:29:09,10.25,0.0205,0.0,1,Success,Purchase,Siem Reap,MMK,False
TXN-20240112-0002676,WALL-0079709,MERCH-00221,PM-05,DEV-02,2024-01-12 19:50:26,6.69,0.0,0.0,0,Success,Purchase,Yangon,MMK,False
TXN-20240112-0002677,WALL-0068570,MERCH-00173,PM-01,DEV-01,2024-01-12 17:41:15,70.17,0.0,3.5086,7,Success,Purchase,Kandy,MMK,False
TXN-20240112-0002678,WALL-0102464,MERCH-00125,PM-03,DEV-01,2024-01-12 13:22:18,51.67,0.4134,0.0,5,Success,Purchase,Quezon City,PHP,False
TXN-20240112-0002679,WALL-0053050,MERCH-00235,PM-02,DEV-01,2024-01-12 13:11:25,26.33,0.0527,0.0,2,Success,Subscription,Ahmedabad,INR,False
TXN-20240112-0002680,WALL-0139280,MERCH-00002,PM-01,DEV-01,2024-01-12 16:14:02,6.32,0.0,0.1264,0,Success,Purchase,Delhi,INR,False
TXN-20240112-0002681,WALL-0124506,MERCH-00117,PM-03,DEV-01,2024-01-12 16:23:16,34.05,0.2724,0.0,3,Success,Purchase,Naypyidaw,LKR,False
TXN-20240112-0002682,WALL-0148040,MERCH-00315,PM-01,DEV-01,2024-01-12 20:26:56,228.13,0.0,0.0,22,Success,Bill Payment,Myitkyina,MMK,False
TXN-20240112-0002683,WALL-0142681,MERCH-00379,PM-02,DEV-01,2024-01-12 12:37:48,20.0,0.04,0.0,2,Success,Purchase,Chiang Mai,THB,False
TXN-20240112-0002684,WALL-0116394,MERCH-00304,PM-04,DEV-01,2024-01-12 17:54:58,527.51,10.5503,42.2011,105,Success,Purchase,Bago,MMK,False
TXN-20240112-0002685,WALL-0126828,MERCH-00047,PM-02,DEV-01,2024-01-12 20:39:06,34.57,0.0691,0.6913,3,Success,Purchase,Pathein,MMK,False
TXN-20240112-0002686,WALL-0099695,MERCH-00004,PM-01,DEV-01,2024-01-12 21:20:59,9.13,0.0,0.1826,0,Success,Purchase,Da Nang,VND,False
TXN-20240112-0002687,WALL-0101029,MERCH-00138,PM-01,DEV-01,2024-01-12 15:30:50,149.75,0.0,7.4877,14,Success,Purchase,Bago,MMK,False
TXN-20240112-0002688,WALL-0049253,MERCH-00045,PM-04,DEV-01,2024-01-12 14:43:19,10.91,0.2183,0.2183,1,Success,Purchase,Hyderabad,INR,False
TXN-20240112-0002689,WALL-0022189,MERCH-00335,PM-02,DEV-02,2024-01-12 12:42:03,245.86,0.4917,0.0,24,Success,Bill Payment,Bangalore,INR,False
TXN-20240112-0002690,WALL-0053713,MERCH-00282,PM-01,DEV-04,2024-01-12 00:26:53,126.11,0.0,10.0885,25,Success,Purchase,Mandalay,MMK,False
TXN-20240112-0002691,WALL-0116268,MERCH-00077,PM-02,DEV-02,2024-01-12 06:34:57,12.45,0.0249,0.2491,1,Success,Purchase,Chiang Mai,THB,False
TXN-20240112-0002692,WALL-0147539,MERCH-00052,PM-01,DEV-03,2024-01-12 14:35:32,24.07,0.0,0.4814,2,Success,Purchase,Pathein,MMK,False
TXN-20240112-0002693,WALL-0033257,MERCH-00056,PM-03,DEV-01,2024-01-12 19:40:50,12.34,0.0988,0.2469,1,Success,Purchase,Pathein,MMK,False
TXN-20240112-0002694,WALL-0104570,MERCH-00042,PM-05,DEV-01,2024-01-12 20:22:21,26.41,0.0,0.5282,2,Success,Purchase,Phuket,THB,False
TXN-20240112-0002695,WALL-0083958,MERCH-00036,PM-02,DEV-01,2024-01-12 13:29:53,7.42,0.0148,0.1484,0,Success,Purchase,Mumbai,INR,False
TXN-20240112-0002696,WALL-0107378,MERCH-00261,PM-01,DEV-05,2024-01-12 01:27:16,20.11,0.0,0.0,2,Success,Subscription,Manila,PHP,False
TXN-20240112-0002697,WALL-0007497,MERCH-00087,PM-04,DEV-02,2024-01-12 21:45:55,26.25,0.5251,0.0,2,Success,Purchase,Kolkata,INR,False
TXN-20240112-0002698,WALL-0027834,MERCH-00072,PM-02,DEV-03,2024-01-12 15:30:02,27.16,0.0543,0.5433,2,Success,Purchase,Phnom Penh,MMK,False
TXN-20240112-0002699,WALL-0017744,MERCH-00253,PM-02,DEV-01,2024-01-12 12:43:57,15.59,0.0312,0.0,1,Success,Subscription,Pokhara,NPR,False
TXN-20240112-0002700,WALL-0121831,MERCH-00446,PM-01,DEV-01,2024-01-12 17:56:34,405.96,0.0,0.0,0,Reversed,Tax Payment,Bago,VND,False
TXN-20240112-0002701,WALL-0146611,MERCH-00132,PM-01,DEV-01,2024-01-12 08:36:53,85.07,0.0,4.2534,8,Success,Purchase,Penang,BDT,False
TXN-20240112-0002702,WALL-0110201,MERCH-00005,PM-04,DEV-01,2024-01-12 20:10:06,10.85,0.217,0.217,1,Success,Purchase,Pathein,MMK,False
TXN-20240112-0002703,WALL-0007741,MERCH-00060,PM-05,DEV-01,2024-01-12 13:47:20,32.4,0.0,0.6479,3,Success,Purchase,Pathein,MMK,False
TXN-20240112-0002704,WALL-0057128,MERCH-00211,PM-04,DEV-02,2024-01-12 16:57:33,11.77,0.2354,0.0,1,Success,Purchase,Yangon,MMK,False
TXN-20240112-0002705,WALL-0085641,MERCH-00096,PM-01,DEV-03,2024-01-12 11:55:10,193.75,0.0,0.0,19,Success,Purchase,Chiang Mai,THB,False
TXN-20240112-0002706,WALL-0090056,MERCH-00399,PM-01,DEV-01,2024-01-12 13:03:34,37.82,0.0,0.0,3,Success,Purchase,Bago,MMK,False
TXN-20240112-0002707,WALL-0093508,MERCH-00025,PM-01,DEV-02,2024-01-12 16:28:08,14.08,0.0,0.2816,1,Success,Purchase,Bangkok,THB,False
TXN-20240112-0002708,WALL-0129937,MERCH-00161,PM-01,DEV-01,2024-01-12 21:11:27,62.33,0.0,3.1163,6,Success,Purchase,Bangalore,INR,False
TXN-20240112-0002709,WALL-0024676,MERCH-00019,PM-01,DEV-03,2024-01-12 23:38:27,48.61,0.0,0.9723,4,Success,Purchase,Mandalay,MMK,False
TXN-20240112-0002710,WALL-0052655,MERCH-00126,PM-02,DEV-01,2024-01-12 16:06:18,93.73,0.1875,0.0,9,Success,Purchase,Chennai,INR,False
TXN-20240112-0002711,WALL-0081121,MERCH-00003,PM-03,DEV-01,2024-01-12 06:50:17,12.9,0.1032,0.2581,1,Success,Purchase,Siem Reap,KHR,False
TXN-20240112-0002712,WALL-0034861,MERCH-00301,PM-01,DEV-01,2024-01-12 00:00:14,373.02,0.0,29.8419,74,Success,Purchase,Yangon,MMK,False
TXN-20240112-0002713,WALL-0051412,MERCH-00011,PM-03,DEV-01,2024-01-12 14:15:37,37.81,0.3024,0.7561,3,Success,Purchase,Karachi,PKR,False
TXN-20240112-0002714,WALL-0089330,MERCH-00251,PM-02,DEV-02,2024-01-12 18:07:38,13.37,0.0267,0.0,1,Success,Subscription,Taunggyi,MMK,False
TXN-20240112-0002715,WALL-0071831,MERCH-00270,PM-04,DEV-03,2024-01-12 04:44:59,11.34,0.2268,0.0,1,Success,Subscription,Bago,MMK,False
TXN-20240112-0002716,WALL-0085003,MERCH-00298,PM-01,DEV-01,2024-01-12 16:40:30,869.62,0.0,69.5695,173,Success,Purchase,Cebu City,MMK,False
TXN-20240112-0002717,WALL-0031012,MERCH-00230,PM-01,DEV-01,2024-01-12 09:40:14,12.7,0.0,0.0,1,Success,Purchase,Mawlamyine,MMK,False
TXN-20240112-0002718,WALL-0028627,MERCH-00147,PM-01,DEV-01,2024-01-12 18:54:55,419.4,0.0,20.9698,41,Success,Purchase,Taunggyi,MMK,False
TXN-20240112-0002719,WALL-0027609,MERCH-00326,PM-01,DEV-03,2024-01-12 15:39:16,31.5,0.0,0.0,3,Success,Bill Payment,Pathein,MMK,False
TXN-20240112-0002720,WALL-0067243,MERCH-00373,PM-03,DEV-02,2024-01-12 21:44:17,87.18,0.6974,0.0,8,Success,Purchase,Bangalore,INR,False
TXN-20240112-0002721,WALL-0066890,MERCH-00254,PM-05,DEV-02,2024-01-12 13:02:24,5.0,0.0,0.0,0,Success,Subscription,Da Nang,VND,False
TXN-20240112-0002722,WALL-0004662,MERCH-00297,PM-01,DEV-01,2024-01-12 04:46:55,649.5,0.0,51.9599,129,Success,Purchase,Naypyidaw,MMK,False
TXN-20240112-0002723,WALL-0146547,MERCH-00082,PM-01,DEV-01,2024-01-12 19:29:46,11.08,0.0,0.0,0,Failed,Purchase,Singapore,MMK,False
TXN-20240112-0002724,WALL-0086509,MERCH-00438,PM-01,DEV-04,2024-01-12 13:07:42,333.04,0.0,0.0,33,Success,Tax Payment,Ahmedabad,INR,False
TXN-20240112-0002725,WALL-0051600,MERCH-00238,PM-03,DEV-01,2024-01-12 21:16:37,9.54,0.0763,0.0,0,Pending,Subscription,Bago,MMK,False
TXN-20240112-0002726,WALL-0055568,MERCH-00044,PM-03,DEV-02,2024-01-12 20:35:59,7.04,0.0563,0.1407,0,Success,Purchase,Singapore,SGD,False
TXN-20240112-0002727,WALL-0050907,MERCH-00408,PM-02,DEV-01,2024-01-12 16:35:25,40.3,0.0806,0.0,4,Success,Payment,Pathein,MMK,False
TXN-20240112-0002728,WALL-0137321,MERCH-00247,PM-05,DEV-01,2024-01-12 07:06:47,5.65,0.0,0.0,0,Success,Subscription,Taunggyi,MMK,False
TXN-20240112-0002729,WALL-0061878,MERCH-00144,PM-04,DEV-02,2024-01-12 22:01:17,70.0,1.4,3.5001,7,Success,Purchase,Surabaya,MMK,False
TXN-20240112-0002730,WALL-0043041,MERCH-00481,PM-04,DEV-01,2024-01-12 09:29:20,221.62,4.4324,0.0,22,Success,Payment,Medan,IDR,False
TXN-20240112-0002731,WALL-0114385,MERCH-00153,PM-02,DEV-01,2024-01-12 21:44:09,363.23,0.7265,18.1617,36,Success,Purchase,Mandalay,MMK,False
TXN-20240112-0002732,WALL-0085753,MERCH-00363,PM-03,DEV-01,2024-01-12 19:43:03,46.32,0.3706,0.0,4,Success,Bill Payment,Bago,MMK,False
TXN-20240112-0002733,WALL-0106605,MERCH-00147,PM-02,DEV-03,2024-01-12 17:24:30,80.0,0.16,0.0,0,Failed,Purchase,Bandung,IDR,False
TXN-20240112-0002734,WALL-0003732,MERCH-00139,PM-02,DEV-05,2024-01-12 05:57:34,129.87,0.2597,6.4936,12,Success,Purchase,Myitkyina,MMK,False
TXN-20240112-0002735,WALL-0058612,MERCH-00103,PM-01,DEV-01,2024-01-12 12:33:16,51.07,0.0,0.0,5,Success,Purchase,Chittagong,IDR,False
TXN-20240112-0002736,WALL-0072038,MERCH-00093,PM-01,DEV-01,2024-01-12 21:24:14,162.42,0.0,0.0,16,Success,Purchase,Da Nang,VND,False
TXN-20240112-0002737,WALL-0007380,MERCH-00102,PM-01,DEV-01,2024-01-12 20:34:32,11.52,0.0,0.0,1,Success,Purchase,Bago,MMK,False
TXN-20240112-0002738,WALL-0041433,MERCH-00094,PM-05,DEV-01,2024-01-12 09:15:37,171.03,0.0,0.0,17,Success,Purchase,Chittagong,BDT,False
TXN-20240112-0002739,WALL-0046913,MERCH-00324,PM-03,DEV-01,2024-01-12 08:11:28,64.67,0.5173,0.0,0,Failed,Bill Payment,Ho Chi Minh City,VND,False
TXN-20240112-0002740,WALL-0120904,MERCH-00088,PM-03,DEV-04,2024-01-12 12:04:16,95.71,0.7657,0.0,9,Success,Purchase,Bangalore,INR,False
TXN-20240112-0002741,WALL-0083395,MERCH-00090,PM-01,DEV-01,2024-01-12 16:31:18,23.13,0.0,0.0,2,Success,Purchase,Delhi,INR,False
TXN-20240112-0002742,WALL-0071340,MERCH-00250,PM-05,DEV-01,2024-01-12 12:29:50,5.0,0.0,0.0,0,Success,Subscription,Taunggyi,MMK,False
TXN-20240112-0002743,WALL-0078358,MERCH-00116,PM-04,DEV-01,2024-01-12 20:41:14,71.57,1.4314,0.0,7,Success,Purchase,Pathein,MMK,False
TXN-20240112-0002744,WALL-0047441,MERCH-00055,PM-03,DEV-01,2024-01-12 20:44:37,24.81,0.1984,0.4961,2,Success,Purchase,Bandung,MYR,False
TXN-20240112-0002745,WALL-0101154,MERCH-00409,PM-04,DEV-01,2024-01-12 09:59:56,140.43,2.8085,0.0,14,Success,Payment,Pathein,KHR,False
TXN-20240112-0002746,WALL-0121527,MERCH-00204,PM-02,DEV-01,2024-01-12 19:53:47,16.49,0.033,0.0,1,Success,Purchase,Ho Chi Minh City,VND,False
TXN-20240112-0002747,WALL-0110440,MERCH-00020,PM-04,DEV-03,2024-01-12 06:28:52,14.35,0.2869,0.2869,1,Success,Purchase,Lahore,PKR,False
TXN-20240112-0002748,WALL-0092399,MERCH-00020,PM-01,DEV-01,2024-01-12 20:51:38,42.0,0.0,0.84,4,Success,Purchase,Naypyidaw,MMK,False
TXN-20240112-0002749,WALL-0021811,MERCH-00109,PM-03,DEV-05,2024-01-12 21:24:48,62.91,0.5033,0.0,6,Success,Purchase,Pathein,MMK,False
TXN-20240112-0002750,WALL-0074736,MERCH-00448,PM-04,DEV-01,2024-01-12 12:57:31,353.98,7.0795,0.0,35,Success,Tax Payment,Yangon,MMK,False
TXN-20240112-0002751,WALL-0084856,MERCH-00318,PM-02,DEV-01,2024-01-12 09:18:32,55.93,0.1119,0.0,5,Success,Bill Payment,Chittagong,BDT,False
TXN-20240112-0002752,WALL-0092995,MERCH-00162,PM-04,DEV-01,2024-01-12 16:58:00,65.24,1.3048,3.2619,6,Success,Purchase,Hanoi,VND,False
TXN-20240112-0002753,WALL-0032884,MERCH-00041,PM-04,DEV-04,2024-01-12 17:32:32,27.81,0.5562,0.5562,2,Success,Purchase,Chennai,INR,False
TXN-20240112-0002754,WALL-0144227,MERCH-00192,PM-01,DEV-01,2024-01-12 15:25:14,16.35,0.0,0.0,1,Success,Purchase,Pokhara,NPR,False
TXN-20240112-0002755,WALL-0025230,MERCH-00412,PM-02,DEV-02,2024-01-12 17:00:34,72.27,0.1445,0.0,7,Success,Payment,Yangon,MMK,False
TXN-20240112-0002756,WALL-0077927,MERCH-00127,PM-01,DEV-01,2024-01-12 13:31:13,189.49,0.0,0.0,18,Success,Purchase,Pathein,MMK,False
TXN-20240112-0002757,WALL-0109588,MERCH-00230,PM-01,DEV-02,2024-01-12 16:49:26,29.54,0.0,0.0,2,Success,Purchase,Yangon,MMK,False
TXN-20240112-0002758,WALL-0110920,MERCH-00327,PM-03,DEV-01,2024-01-12 14:36:02,80.06,0.6405,0.0,8,Success,Bill Payment,Manila,PHP,False
TXN-20240112-0002759,WALL-0073990,MERCH-00217,PM-01,DEV-01,2024-01-12 15:08:48,38.35,0.0,0.0,3,Success,Purchase,Mandalay,MMK,False
TXN-20240112-0002760,WALL-0005802,MERCH-00145,PM-03,DEV-01,2024-01-12 09:42:13,40.01,0.3201,2.0004,4,Success,Purchase,Khon Kaen,MMK,False
TXN-20240112-0002761,WALL-0021231,MERCH-00307,PM-02,DEV-01,2024-01-12 11:03:01,676.53,1.3531,54.1225,135,Success,Purchase,Naypyidaw,MMK,False
TXN-20240112-0002762,WALL-0144154,MERCH-00064,PM-02,DEV-01,2024-01-12 05:16:46,60.0,0.12,1.2,6,Success,Purchase,Pathein,MMK,True
TXN-20240112-0002763,WALL-0144867,MERCH-00288,PM-04,DEV-02,2024-01-12 11:35:53,143.54,2.8708,11.4832,28,Success,Purchase,Hanoi,VND,False
TXN-20240112-0002764,WALL-0038854,MERCH-00375,PM-04,DEV-01,2024-01-12 21:46:59,35.79,0.7158,0.0,3,Success,Purchase,Jakarta,IDR,False
TXN-20240112-0002765,WALL-0084556,MERCH-00385,PM-01,DEV-01,2024-01-12 17:48:24,108.76,0.0,0.0,10,Success,Purchase,Lahore,IDR,False
TXN-20240112-0002766,WALL-0107608,MERCH-00083,PM-04,DEV-01,2024-01-12 19:22:08,39.97,0.7995,0.0,3,Success,Purchase,Bago,MMK,False
TXN-20240112-0002767,WALL-0039501,MERCH-00041,PM-01,DEV-01,2024-01-12 08:29:39,7.67,0.0,0.1534,0,Success,Purchase,Hanoi,VND,False
TXN-20240112-0002768,WALL-0085225,MERCH-00295,PM-03,DEV-01,2024-01-12 20:01:26,2350.28,18.8022,188.0222,470,Success,Purchase,Taunggyi,MMK,False
TXN-20240112-0002769,WALL-0033505,MERCH-00388,PM-01,DEV-02,2024-01-12 17:39:35,108.81,0.0,0.0,10,Success,Purchase,Hanoi,VND,False
TXN-20240112-0002770,WALL-0086947,MERCH-00129,PM-05,DEV-02,2024-01-12 20:05:42,103.54,0.0,0.0,10,Success,Purchase,Medan,IDR,False
TXN-20240112-0002771,WALL-0091345,MERCH-00338,PM-02,DEV-01,2024-01-12 21:48:26,147.33,0.2947,0.0,14,Success,Bill Payment,Mandalay,MMK,False
TXN-20240112-0002772,WALL-0105475,MERCH-00242,PM-02,DEV-05,2024-01-12 16:23:09,15.19,0.0304,0.0,1,Success,Subscription,Pune,INR,False
TXN-20240112-0002773,WALL-0128416,MERCH-00277,PM-02,DEV-01,2024-01-12 16:32:46,202.91,0.4058,16.2328,40,Success,Purchase,Mawlamyine,MMK,False
TXN-20240112-0002774,WALL-0109355,MERCH-00234,PM-03,DEV-01,2024-01-12 07:32:30,16.55,0.1324,0.0,1,Success,Subscription,Colombo,LKR,False
TXN-20240112-0002775,WALL-0096173,MERCH-00153,PM-01,DEV-01,2024-01-12 21:52:35,106.31,0.0,5.3154,10,Success,Purchase,Islamabad,PKR,False
TXN-20240112-0002776,WALL-0030529,MERCH-00403,PM-04,DEV-01,2024-01-12 04:45:32,39.42,0.7884,0.0,3,Success,Payment,Khon Kaen,THB,False
TXN-20240112-0002777,WALL-0129994,MERCH-00346,PM-03,DEV-01,2024-01-12 11:49:55,58.41,0.4673,0.0,5,Success,Bill Payment,Bangalore,INR,False
TXN-20240112-0002778,WALL-0101451,MERCH-00190,PM-01,DEV-01,2024-01-12 09:38:46,74.8,0.0,3.7399,7,Success,Purchase,Siem Reap,KHR,False
TXN-20240112-0002779,WALL-0148198,MERCH-00118,PM-01,DEV-04,2024-01-12 13:47:51,13.49,0.0,0.0,1,Success,Purchase,Johor Bahru,INR,False
TXN-20240112-0002780,WALL-0113638,MERCH-00206,PM-01,DEV-01,2024-01-12 05:24:39,13.63,0.0,0.0,1,Success,Purchase,Mandalay,MMK,False
TXN-20240112-0002781,WALL-0063441,MERCH-00009,PM-04,DEV-01,2024-01-12 16:32:17,8.44,0.1688,0.1688,0,Success,Purchase,Jaipur,INR,False
TXN-20240112-0002782,WALL-0039786,MERCH-00171,PM-05,DEV-04,2024-01-12 16:40:59,105.6,0.0,5.2798,10,Success,Purchase,Da Nang,VND,False
TXN-20240112-0002783,WALL-0131520,MERCH-00083,PM-03,DEV-01,2024-01-12 00:41:38,15.62,0.125,0.0,1,Success,Purchase,Delhi,INR,False
TXN-20240112-0002784,WALL-0098698,MERCH-00027,PM-03,DEV-05,2024-01-12 18:09:40,8.37,0.0669,0.1673,0,Success,Purchase,Myitkyina,MMK,False
TXN-20240112-0002785,WALL-0127317,MERCH-00047,PM-03,DEV-01,2024-01-12 15:47:20,26.61,0.2129,0.5321,2,Success,Purchase,Naypyidaw,MMK,False
TXN-20240112-0002786,WALL-0014242,MERCH-00082,PM-04,DEV-02,2024-01-12 13:35:19,35.97,0.7194,0.0,3,Success,Purchase,Cebu City,PHP,False
TXN-20240112-0002787,WALL-0040265,MERCH-00070,PM-03,DEV-03,2024-01-12 16:10:19,7.77,0.0621,0.1553,0,Success,Purchase,Phnom Penh,KHR,False
TXN-20240112-0002788,WALL-0061260,MERCH-00051,PM-01,DEV-01,2024-01-12 16:10:24,5.0,0.0,0.1,0,Success,Purchase,Bago,MMK,False
TXN-20240112-0002789,WALL-0082081,MERCH-00324,PM-04,DEV-03,2024-01-12 13:15:22,45.87,0.9175,0.0,4,Success,Bill Payment,Hyderabad,INR,False
TXN-20240112-0002790,WALL-0111346,MERCH-00066,PM-01,DEV-01,2024-01-12 21:00:07,37.21,0.0,0.7442,3,Success,Purchase,Davao,INR,False
TXN-20240112-0002791,WALL-0012983,MERCH-00005,PM-03,DEV-05,2024-01-12 09:38:35,10.74,0.0859,0.2148,1,Success,Purchase,Pathein,MMK,False
TXN-20240112-0002792,WALL-0062638,MERCH-00223,PM-02,DEV-01,2024-01-12 09:49:30,5.0,0.01,0.0,0,Success,Purchase,Pathein,MMK,False
TXN-20240112-0002793,WALL-0098782,MERCH-00152,PM-02,DEV-01,2024-01-12 05:32:56,20.0,0.04,1.0,2,Success,Purchase,Penang,IDR,False
TXN-20240112-0002794,WALL-0087105,MERCH-00007,PM-03,DEV-05,2024-01-12 18:27:16,14.89,0.1191,0.2979,1,Success,Purchase,Myitkyina,MMK,False
TXN-20240112-0002795,WALL-0104529,MERCH-00195,PM-02,DEV-02,2024-01-12 13:18:01,18.69,0.0374,0.0,1,Success,Purchase,Naypyidaw,MMK,False
TXN-20240112-0002796,WALL-0039720,MERCH-00271,PM-03,DEV-03,2024-01-12 16:49:37,272.46,2.1797,21.7971,54,Success,Purchase,Johor Bahru,MYR,False
TXN-20240112-0002797,WALL-0128467,MERCH-00316,PM-01,DEV-02,2024-01-12 23:33:45,77.85,0.0,0.0,7,Success,Bill Payment,Bangkok,MMK,False
TXN-20240112-0002798,WALL-0013456,MERCH-00228,PM-04,DEV-01,2024-01-12 14:02:06,12.86,0.2572,0.0,1,Success,Purchase,Medan,IDR,False
TXN-20240112-0002799,WALL-0002742,MERCH-00049,PM-01,DEV-01,2024-01-12 13:27:02,22.38,0.0,0.4476,2,Success,Purchase,Mumbai,INR,False
TXN-20240112-0002800,WALL-0030955,MERCH-00158,PM-01,DEV-01,2024-01-12 15:32:16,1887.03,0.0,94.3516,188,Success,Purchase,Colombo,LKR,False
TXN-20240112-0002801,WALL-0080861,MERCH-00235,PM-04,DEV-02,2024-01-12 07:50:04,26.25,0.5249,0.0,2,Success,Subscription,Delhi,INR,False
TXN-20240112-0002802,WALL-0019265,MERCH-00485,PM-01,DEV-01,2024-01-12 14:30:20,470.41,0.0,0.0,47,Success,Payment,Chennai,INR,False
TXN-20240112-0002803,WALL-0044362,MERCH-00363,PM-01,DEV-02,2024-01-12 15:25:54,62.75,0.0,0.0,6,Success,Bill Payment,Siem Reap,KHR,False
TXN-20240112-0002804,WALL-0002400,MERCH-00382,PM-04,DEV-01,2024-01-12 12:50:57,67.0,1.3399,0.0,6,Success,Purchase,Siem Reap,KHR,False
TXN-20240112-0002805,WALL-0036833,MERCH-00073,PM-01,DEV-02,2024-01-12 13:02:52,12.77,0.0,0.2553,1,Success,Purchase,Karachi,PKR,False
TXN-20240112-0002806,WALL-0111875,MERCH-00321,PM-04,DEV-04,2024-01-12 15:28:30,102.39,2.0478,0.0,10,Success,Bill Payment,Myitkyina,MMK,False
TXN-20240112-0002807,WALL-0022670,MERCH-00360,PM-01,DEV-01,2024-01-12 21:08:15,26.91,0.0,0.0,2,Success,Bill Payment,Bali,IDR,False
TXN-20240112-0002808,WALL-0062615,MERCH-00369,PM-01,DEV-01,2024-01-12 13:01:43,40.12,0.0,0.0,4,Success,Bill Payment,Pathein,MMK,False
TXN-20240112-0002809,WALL-0072345,MERCH-00101,PM-02,DEV-05,2024-01-12 06:11:39,25.15,0.0503,0.0,2,Success,Purchase,Mawlamyine,MMK,False
TXN-20240112-0002810,WALL-0147571,MERCH-00380,PM-03,DEV-01,2024-01-12 13:27:26,80.53,0.6443,0.0,8,Success,Purchase,Pune,INR,False
TXN-20240112-0002811,WALL-0094166,MERCH-00172,PM-03,DEV-02,2024-01-12 20:42:24,124.31,0.9945,6.2157,12,Success,Purchase,Chittagong,BDT,False
TXN-20240112-0002812,WALL-0142807,MERCH-00222,PM-01,DEV-01,2024-01-12 12:34:53,5.0,0.0,0.0,0,Success,Purchase,Colombo,LKR,False
TXN-20240112-0002813,WALL-0066095,MERCH-00115,PM-03,DEV-01,2024-01-12 20:31:45,181.29,1.4503,0.0,18,Success,Purchase,Bago,MMK,False
TXN-20240112-0002814,WALL-0142689,MERCH-00277,PM-01,DEV-03,2024-01-12 12:35:27,235.68,0.0,18.8545,47,Success,Purchase,Mawlamyine,MMK,False
TXN-20240112-0002815,WALL-0052941,MERCH-00282,PM-04,DEV-01,2024-01-12 16:57:00,1215.9,24.318,97.2721,243,Success,Purchase,Medan,IDR,False
TXN-20240112-0002816,WALL-0144388,MERCH-00147,PM-03,DEV-03,2024-01-12 21:46:01,20.91,0.1673,1.0455,2,Success,Purchase,Kolkata,INR,False
TXN-20240112-0002817,WALL-0019282,MERCH-00112,PM-04,DEV-01,2024-01-12 10:49:10,88.22,1.7644,0.0,8,Success,Purchase,Mawlamyine,MMK,False
TXN-20240112-0002818,WALL-0055676,MERCH-00192,PM-03,DEV-01,2024-01-12 14:39:52,9.08,0.0727,0.0,0,Success,Purchase,Surabaya,IDR,False
TXN-20240112-0002819,WALL-0028390,MERCH-00124,PM-01,DEV-01,2024-01-12 19:17:33,94.75,0.0,0.0,9,Success,Purchase,Mandalay,MMK,False
TXN-20240112-0002820,WALL-0098402,MERCH-00046,PM-04,DEV-01,2024-01-12 15:21:06,24.16,0.4831,0.4831,2,Success,Purchase,Taunggyi,MMK,False
TXN-20240112-0002821,WALL-0084418,MERCH-00313,PM-02,DEV-02,2024-01-12 11:07:20,82.83,0.1657,0.0,8,Success,Bill Payment,Jaipur,INR,False
TXN-20240112-0002822,WALL-0136536,MERCH-00016,PM-02,DEV-02,2024-01-12 21:55:33,36.95,0.0739,0.7391,3,Success,Purchase,Johor Bahru,MYR,False
TXN-20240112-0002823,WALL-0100326,MERCH-00236,PM-04,DEV-01,2024-01-12 08:41:39,13.15,0.263,0.0,1,Success,Subscription,Taunggyi,MMK,False
TXN-20240112-0002824,WALL-0060313,MERCH-00103,PM-03,DEV-01,2024-01-12 11:37:25,156.33,1.2506,0.0,15,Success,Purchase,Chiang Mai,THB,False
TXN-20240112-0002825,WALL-0137049,MERCH-00391,PM-04,DEV-01,2024-01-12 18:43:34,60.42,1.2083,0.0,6,Success,Purchase,Pathein,MMK,False
TXN-20240112-0002826,WALL-0096362,MERCH-00219,PM-01,DEV-01,2024-01-12 06:31:16,16.24,0.0,0.0,1,Success,Purchase,Delhi,MMK,False
TXN-20240112-0002827,WALL-0030897,MERCH-00219,PM-01,DEV-02,2024-01-12 07:54:46,11.5,0.0,0.0,1,Success,Purchase,Pathein,MMK,False
TXN-20240112-0002828,WALL-0061829,MERCH-00031,PM-01,DEV-02,2024-01-12 15:24:40,17.86,0.0,0.3572,1,Success,Purchase,Hyderabad,INR,False
TXN-20240112-0002829,WALL-0030122,MERCH-00378,PM-05,DEV-01,2024-01-12 18:34:24,28.5,0.0,0.0,0,Pending,Purchase,Chiang Mai,THB,False
TXN-20240112-0002830,WALL-0024214,MERCH-00047,PM-02,DEV-03,2024-01-12 09:44:29,31.73,0.0635,0.0,0,Failed,Purchase,Naypyidaw,MMK,False
TXN-20240112-0002831,WALL-0071940,MERCH-00267,PM-04,DEV-01,2024-01-12 21:14:04,17.05,0.341,0.0,1,Success,Subscription,Pokhara,INR,False
TXN-20240112-0002832,WALL-0121076,MERCH-00002,PM-01,DEV-03,2024-01-12 16:13:29,37.89,0.0,0.7578,3,Success,Purchase,Pathein,MMK,False
TXN-20240112-0002833,WALL-0047746,MERCH-00423,PM-04,DEV-04,2024-01-12 07:07:23,48.88,0.9776,0.0,4,Success,Payment,Bago,MMK,False
TXN-20240112-0002834,WALL-0097807,MERCH-00168,PM-02,DEV-01,2024-01-12 18:00:42,40.2,0.0804,2.01,4,Success,Purchase,Phuket,THB,False
TXN-20240112-0002835,WALL-0013986,MERCH-00165,PM-04,DEV-01,2024-01-12 19:43:35,54.25,1.0851,2.7127,5,Success,Purchase,Bangkok,THB,False
TXN-20240112-0002836,WALL-0009388,MERCH-00020,PM-02,DEV-01,2024-01-12 17:42:09,13.79,0.0276,0.2757,1,Success,Purchase,Penang,MYR,False
TXN-20240112-0002837,WALL-0094315,MERCH-00205,PM-01,DEV-03,2024-01-12 16:02:33,12.7,0.0,0.0,1,Success,Purchase,Bali,IDR,False
TXN-20240112-0002838,WALL-0051953,MERCH-00006,PM-03,DEV-01,2024-01-12 18:02:41,32.16,0.2572,0.6431,3,Success,Purchase,Penang,MYR,False
TXN-20240112-0002839,WALL-0049245,MERCH-00434,PM-03,DEV-01,2024-01-12 16:56:24,71.01,0.5681,0.0,7,Success,Tax Payment,Taunggyi,MMK,False
TXN-20240112-0002840,WALL-0065532,MERCH-00356,PM-02,DEV-01,2024-01-12 04:50:39,15.2,0.0304,0.0,1,Success,Bill Payment,Bangkok,THB,False
TXN-20240112-0002841,WALL-0142899,MERCH-00357,PM-02,DEV-01,2024-01-12 07:16:45,33.11,0.0662,0.0,3,Success,Bill Payment,Islamabad,PKR,False
TXN-20240112-0002842,WALL-0092847,MERCH-00022,PM-03,DEV-05,2024-01-12 20:15:28,13.41,0.1073,0.2683,1,Success,Purchase,Mandalay,MMK,False
TXN-20240112-0002843,WALL-0144657,MERCH-00072,PM-05,DEV-01,2024-01-12 16:56:36,10.27,0.0,0.2055,1,Success,Purchase,Pattaya,THB,False
TXN-20240112-0002844,WALL-0086245,MERCH-00398,PM-01,DEV-01,2024-01-12 07:54:22,54.37,0.0,0.0,5,Success,Purchase,Naypyidaw,MMK,False
TXN-20240112-0002845,WALL-0013093,MERCH-00069,PM-01,DEV-01,2024-01-12 07:38:47,12.38,0.0,0.2477,1,Success,Purchase,Myitkyina,MMK,False
TXN-20240112-0002846,WALL-0136405,MERCH-00364,PM-02,DEV-01,2024-01-12 13:49:53,57.98,0.116,0.0,5,Success,Bill Payment,Johor Bahru,MYR,False
TXN-20240112-0002847,WALL-0131143,MERCH-00210,PM-02,DEV-01,2024-01-12 16:35:40,13.21,0.0264,0.0,1,Success,Purchase,Singapore,SGD,False
TXN-20240112-0002848,WALL-0016902,MERCH-00049,PM-04,DEV-01,2024-01-12 15:13:48,33.41,0.6682,0.6682,3,Success,Purchase,Mandalay,MMK,False
TXN-20240112-0002849,WALL-0094409,MERCH-00190,PM-04,DEV-01,2024-01-12 22:15:18,20.0,0.4,1.0,2,Success,Purchase,Dhaka,BDT,False
TXN-20240112-0002850,WALL-0126657,MERCH-00273,PM-04,DEV-02,2024-01-12 11:36:07,100.0,2.0,8.0,20,Success,Purchase,Ho Chi Minh City,VND,False
TXN-20240112-0002851,WALL-0086131,MERCH-00452,PM-04,DEV-01,2024-01-12 00:20:03,97.66,1.9532,0.0,9,Success,Payment,Jakarta,IDR,False
TXN-20240112-0002852,WALL-0118511,MERCH-00099,PM-02,DEV-01,2024-01-12 15:35:37,68.55,0.1371,0.0,6,Success,Purchase,Kolkata,MMK,False
TXN-20240112-0002853,WALL-0125499,MERCH-00006,PM-01,DEV-03,2024-01-12 06:24:25,25.47,0.0,0.5095,2,Success,Purchase,Mandalay,MMK,False
TXN-20240112-0002854,WALL-0044598,MERCH-00386,PM-02,DEV-01,2024-01-12 06:58:22,198.0,0.396,0.0,0,Pending,Purchase,Da Nang,VND,False
TXN-20240112-0002855,WALL-0091723,MERCH-00381,PM-02,DEV-01,2024-01-12 09:23:21,70.27,0.1405,0.0,7,Success,Purchase,Mandalay,MMK,False
TXN-20240112-0002856,WALL-0108752,MERCH-00118,PM-01,DEV-01,2024-01-12 10:38:27,218.55,0.0,0.0,21,Success,Purchase,Phuket,THB,False
TXN-20240112-0002857,WALL-0117367,MERCH-00043,PM-04,DEV-01,2024-01-12 16:00:00,10.33,0.2066,0.2066,1,Success,Purchase,Pathein,MMK,False
TXN-20240112-0002858,WALL-0074641,MERCH-00481,PM-02,DEV-01,2024-01-12 18:58:29,463.2,0.9264,0.0,46,Success,Payment,Mandalay,MMK,False
TXN-20240112-0002859,WALL-0143410,MERCH-00075,PM-01,DEV-02,2024-01-12 13:33:22,9.12,0.0,0.1824,0,Success,Purchase,Ho Chi Minh City,VND,False
TXN-20240112-0002860,WALL-0071335,MERCH-00346,PM-01,DEV-01,2024-01-12 17:42:08,63.24,0.0,0.0,6,Success,Bill Payment,Karachi,PKR,False
TXN-20240112-0002861,WALL-0020019,MERCH-00150,PM-02,DEV-02,2024-01-12 21:31:04,135.76,0.2715,6.7878,13,Success,Purchase,Hyderabad,PKR,False
TXN-20240112-0002862,WALL-0111070,MERCH-00213,PM-01,DEV-01,2024-01-12 17:59:50,9.96,0.0,0.0,0,Success,Purchase,Yangon,MMK,False
TXN-20240112-0002863,WALL-0112595,MERCH-00210,PM-03,DEV-02,2024-01-12 20:55:19,14.92,0.1194,0.0,1,Success,Purchase,Chittagong,BDT,False
TXN-20240112-0002864,WALL-0106589,MERCH-00006,PM-02,DEV-01,2024-01-12 20:51:36,15.94,0.0319,0.3189,1,Success,Purchase,Ahmedabad,MMK,False
TXN-20240112-0002865,WALL-0012620,MERCH-00441,PM-01,DEV-01,2024-01-12 12:58:09,148.43,0.0,0.0,14,Success,Tax Payment,Taunggyi,MMK,False
TXN-20240112-0002866,WALL-0088071,MERCH-00368,PM-03,DEV-02,2024-01-12 19:23:48,43.5,0.348,0.0,4,Success,Bill Payment,Ahmedabad,INR,False
TXN-20240112-0002867,WALL-0042414,MERCH-00350,PM-03,DEV-02,2024-01-12 08:00:59,59.93,0.4794,0.0,5,Success,Bill Payment,Myitkyina,MMK,False
TXN-20240112-0002868,WALL-0017214,MERCH-00034,PM-01,DEV-01,2024-01-12 20:38:50,18.92,0.0,0.3785,1,Success,Purchase,Bangkok,THB,False
TXN-20240112-0002869,WALL-0112345,MERCH-00026,PM-02,DEV-02,2024-01-12 13:12:44,16.82,0.0336,0.3363,1,Success,Purchase,Bago,MMK,False
TXN-20240112-0002870,WALL-0009353,MERCH-00183,PM-01,DEV-02,2024-01-12 04:34:02,41.3,0.0,2.065,4,Success,Purchase,Siem Reap,KHR,False
TXN-20240112-0002871,WALL-0125220,MERCH-00201,PM-02,DEV-01,2024-01-12 13:51:14,16.76,0.0335,0.0,1,Success,Purchase,Pathein,MMK,False
TXN-20240112-0002872,WALL-0046229,MERCH-00228,PM-02,DEV-01,2024-01-12 21:59:05,5.0,0.01,0.0,0,Success,Purchase,Bago,MMK,False
TXN-20240112-0002873,WALL-0024920,MERCH-00069,PM-03,DEV-02,2024-01-12 16:29:14,19.31,0.1545,0.3862,1,Success,Purchase,Johor Bahru,MYR,False
TXN-20240112-0002874,WALL-0104208,MERCH-00123,PM-04,DEV-01,2024-01-12 14:11:00,19.43,0.3886,0.0,1,Success,Purchase,Taunggyi,PHP,False
TXN-20240112-0002875,WALL-0141600,MERCH-00336,PM-04,DEV-01,2024-01-12 23:51:50,63.44,1.2688,0.0,6,Success,Bill Payment,Myitkyina,MMK,False
TXN-20240112-0002876,WALL-0060579,MERCH-00359,PM-04,DEV-01,2024-01-12 15:31:47,52.94,1.0588,0.0,5,Success,Bill Payment,Colombo,LKR,False
TXN-20240112-0002877,WALL-0123785,MERCH-00087,PM-01,DEV-01,2024-01-12 18:49:00,114.43,0.0,0.0,11,Success,Purchase,Bago,MMK,False
TXN-20240112-0002878,WALL-0039590,MERCH-00419,PM-01,DEV-02,2024-01-12 06:42:02,51.42,0.0,0.0,5,Success,Payment,Colombo,LKR,False
TXN-20240112-0002879,WALL-0108293,MERCH-00104,PM-01,DEV-01,2024-01-12 21:33:59,47.99,0.0,0.0,4,Success,Purchase,Pathein,MMK,False
TXN-20240112-0002880,WALL-0123437,MERCH-00293,PM-05,DEV-01,2024-01-12 17:16:48,348.71,0.0,27.8967,69,Success,Purchase,Bago,MMK,False
TXN-20240112-0002881,WALL-0030520,MERCH-00287,PM-01,DEV-02,2024-01-12 19:09:11,1419.95,0.0,113.5959,283,Success,Purchase,Lahore,PKR,False
TXN-20240112-0002882,WALL-0048063,MERCH-00264,PM-02,DEV-02,2024-01-12 04:25:58,14.76,0.0295,0.0,1,Success,Subscription,Bandung,IDR,False
TXN-20240112-0002883,WALL-0063543,MERCH-00064,PM-02,DEV-01,2024-01-12 14:28:22,12.18,0.0244,0.2437,1,Success,Purchase,Myitkyina,MMK,False
TXN-20240112-0002884,WALL-0126270,MERCH-00053,PM-02,DEV-02,2024-01-12 15:28:59,24.31,0.0486,0.4862,2,Success,Purchase,Naypyidaw,MMK,False
TXN-20240112-0002885,WALL-0035054,MERCH-00196,PM-03,DEV-01,2024-01-12 10:16:03,5.28,0.0423,0.0,0,Success,Purchase,Taunggyi,MMK,False
TXN-20240112-0002886,WALL-0140307,MERCH-00008,PM-04,DEV-01,2024-01-12 12:35:23,18.13,0.3627,0.3627,1,Success,Purchase,Mandalay,MMK,False
TXN-20240112-0002887,WALL-0030539,MERCH-00106,PM-01,DEV-01,2024-01-12 07:55:25,75.42,0.0,0.0,7,Success,Purchase,Taunggyi,MMK,False
TXN-20240112-0002888,WALL-0006763,MERCH-00389,PM-01,DEV-03,2024-01-12 19:14:33,38.37,0.0,0.0,3,Success,Purchase,Mandalay,MMK,False
TXN-20240112-0002889,WALL-0018110,MERCH-00260,PM-01,DEV-02,2024-01-12 14:08:07,7.05,0.0,0.0,0,Success,Subscription,Jakarta,MMK,False
TXN-20240112-0002890,WALL-0066387,MERCH-00251,PM-03,DEV-02,2024-01-12 21:16:57,11.18,0.0894,0.0,1,Success,Subscription,Johor Bahru,MYR,False
TXN-20240112-0002891,WALL-0095796,MERCH-00037,PM-01,DEV-01,2024-01-12 14:14:30,18.16,0.0,0.3631,1,Success,Purchase,Mumbai,MMK,False
TXN-20240112-0002892,WALL-0044065,MERCH-00151,PM-03,DEV-01,2024-01-12 15:44:36,156.71,1.2537,7.8354,15,Success,Purchase,Kandy,LKR,False
TXN-20240112-0002893,WALL-0056108,MERCH-00208,PM-02,DEV-02,2024-01-12 07:11:19,12.53,0.0251,0.0,1,Success,Purchase,Bangalore,PHP,False
TXN-20240112-0002894,WALL-0136108,MERCH-00334,PM-02,DEV-02,2024-01-12 17:23:04,101.31,0.2026,0.0,10,Success,Bill Payment,Bago,SGD,False
TXN-20240112-0002895,WALL-0061970,MERCH-00009,PM-01,DEV-05,2024-01-12 12:06:24,30.13,0.0,0.6026,3,Success,Purchase,Yangon,MMK,False
TXN-20240112-0002896,WALL-0123753,MERCH-00260,PM-01,DEV-01,2024-01-12 12:38:15,11.95,0.0,0.0,1,Success,Subscription,Phnom Penh,KHR,False
TXN-20240112-0002897,WALL-0147004,MERCH-00180,PM-04,DEV-03,2024-01-12 12:58:58,78.05,1.5609,3.9023,7,Success,Purchase,Davao,PHP,False
TXN-20240112-0002898,WALL-0013679,MERCH-00062,PM-01,DEV-01,2024-01-12 16:53:23,50.0,0.0,0.9999,4,Success,Purchase,Kolkata,INR,False
TXN-20240112-0002899,WALL-0126116,MERCH-00098,PM-04,DEV-01,2024-01-12 19:25:39,19.75,0.395,0.0,1,Success,Purchase,Mawlamyine,MMK,False
TXN-20240112-0002900,WALL-0127511,MERCH-00255,PM-02,DEV-01,2024-01-12 08:13:03,19.73,0.0395,0.0,0,Failed,Subscription,Singapore,THB,False
TXN-20240112-0002901,WALL-0085484,MERCH-00202,PM-03,DEV-01,2024-01-12 12:46:25,7.76,0.0621,0.0,0,Success,Purchase,Taunggyi,MMK,False
TXN-20240112-0002902,WALL-0128882,MERCH-00026,PM-01,DEV-01,2024-01-12 20:17:26,25.91,0.0,0.5181,2,Success,Purchase,Cebu City,NPR,False
TXN-20240112-0002903,WALL-0112041,MERCH-00027,PM-03,DEV-02,2024-01-12 13:41:02,42.0,0.336,0.84,4,Success,Purchase,Kuala Lumpur,MYR,False
TXN-20240112-0002904,WALL-0144065,MERCH-00176,PM-02,DEV-01,2024-01-12 09:18:23,314.82,0.6296,15.7408,31,Success,Purchase,Islamabad,PKR,False
TXN-20240112-0002905,WALL-0013892,MERCH-00288,PM-01,DEV-01,2024-01-12 21:07:18,3203.62,0.0,256.2896,640,Success,Purchase,Karachi,PHP,False
TXN-20240112-0002906,WALL-0004462,MERCH-00027,PM-02,DEV-01,2024-01-12 07:40:53,16.16,0.0323,0.3232,1,Success,Purchase,Ho Chi Minh City,IDR,False
TXN-20240112-0002907,WALL-0099971,MERCH-00091,PM-01,DEV-01,2024-01-12 05:48:57,41.25,0.0,0.0,4,Success,Purchase,Kathmandu,NPR,False
TXN-20240112-0002908,WALL-0038910,MERCH-00387,PM-02,DEV-04,2024-01-12 07:55:39,54.61,0.1092,0.0,5,Success,Purchase,Bangkok,THB,False
TXN-20240112-0002909,WALL-0012301,MERCH-00436,PM-02,DEV-01,2024-01-12 14:55:24,562.77,1.1255,0.0,56,Success,Tax Payment,Islamabad,PKR,False
TXN-20240112-0002910,WALL-0072500,MERCH-00370,PM-03,DEV-02,2024-01-12 19:09:52,26.4,0.2112,0.0,2,Success,Bill Payment,Bali,PKR,False
TXN-20240112-0002911,WALL-0015663,MERCH-00129,PM-02,DEV-03,2024-01-12 14:53:44,308.69,0.6174,0.0,30,Success,Purchase,Yangon,MMK,False
TXN-20240112-0002912,WALL-0071078,MERCH-00257,PM-03,DEV-04,2024-01-12 21:52:16,13.15,0.1052,0.0,1,Success,Subscription,Bali,IDR,False
TXN-20240112-0002913,WALL-0085816,MERCH-00133,PM-04,DEV-01,2024-01-12 13:33:01,259.35,5.187,12.9676,25,Success,Purchase,Bago,MMK,False
TXN-20240112-0002914,WALL-0061928,MERCH-00389,PM-01,DEV-02,2024-01-12 12:16:42,52.97,0.0,0.0,5,Success,Purchase,Cebu City,PHP,False
TXN-20240112-0002915,WALL-0042514,MERCH-00018,PM-01,DEV-03,2024-01-12 18:01:43,15.4,0.0,0.3081,1,Success,Purchase,Da Nang,MMK,False
TXN-20240112-0002916,WALL-0046522,MERCH-00074,PM-02,DEV-04,2024-01-12 16:58:27,16.35,0.0327,0.327,1,Success,Purchase,Hanoi,PHP,False
TXN-20240112-0002917,WALL-0018137,MERCH-00022,PM-01,DEV-01,2024-01-12 20:06:36,13.48,0.0,0.2695,1,Success,Purchase,Naypyidaw,MMK,False
TXN-20240112-0002918,WALL-0031767,MERCH-00039,PM-01,DEV-02,2024-01-12 17:41:27,20.31,0.0,0.4062,2,Success,Purchase,Bangkok,THB,False
TXN-20240112-0002919,WALL-0033902,MERCH-00422,PM-03,DEV-03,2024-01-12 00:06:48,44.76,0.3581,0.0,4,Success,Payment,Taunggyi,MMK,False
TXN-20240112-0002920,WALL-0054352,MERCH-00116,PM-03,DEV-02,2024-01-12 11:08:39,94.11,0.7529,0.0,0,Failed,Purchase,Kolkata,INR,False
TXN-20240112-0002921,WALL-0024861,MERCH-00167,PM-04,DEV-01,2024-01-12 15:51:34,355.26,7.1052,17.763,35,Success,Purchase,Bangkok,THB,False
TXN-20240112-0002922,WALL-0044125,MERCH-00173,PM-02,DEV-01,2024-01-12 23:32:00,41.13,0.0823,2.0564,4,Success,Purchase,Yangon,MMK,False
TXN-20240112-0002923,WALL-0054184,MERCH-00013,PM-05,DEV-01,2024-01-12 16:48:58,10.8,0.0,0.2161,1,Success,Purchase,Mandalay,MMK,False
TXN-20240112-0002924,WALL-0130762,MERCH-00498,PM-01,DEV-03,2024-01-12 20:30:50,149.63,0.0,0.0,14,Success,Payment,Phnom Penh,KHR,False
TXN-20240112-0002925,WALL-0098356,MERCH-00427,PM-01,DEV-01,2024-01-12 15:11:21,43.18,0.0,0.0,0,Reversed,Payment,Yangon,MMK,False
TXN-20240112-0002926,WALL-0118446,MERCH-00336,PM-01,DEV-01,2024-01-12 15:23:45,66.32,0.0,0.0,6,Success,Bill Payment,Yangon,MMK,False
TXN-20240112-0002927,WALL-0142823,MERCH-00108,PM-01,DEV-01,2024-01-12 12:55:16,330.0,0.0,0.0,33,Success,Purchase,Kuala Lumpur,VND,False
TXN-20240112-0002928,WALL-0116828,MERCH-00043,PM-01,DEV-03,2024-01-12 11:18:18,30.95,0.0,0.619,3,Success,Purchase,Yangon,MMK,False
TXN-20240112-0002929,WALL-0106608,MERCH-00208,PM-04,DEV-03,2024-01-12 10:50:16,7.3,0.1459,0.0,0,Success,Purchase,Delhi,INR,False
TXN-20240112-0002930,WALL-0059496,MERCH-00130,PM-01,DEV-01,2024-01-12 11:44:44,10.0,0.0,0.0,1,Success,Purchase,Bago,MMK,False
TXN-20240112-0002931,WALL-0096844,MERCH-00266,PM-04,DEV-05,2024-01-12 21:46:33,7.71,0.1542,0.0,0,Success,Subscription,Davao,PHP,False
TXN-20240112-0002932,WALL-0118884,MERCH-00366,PM-01,DEV-04,2024-01-12 11:17:26,24.78,0.0,0.0,2,Success,Bill Payment,Mawlamyine,MMK,False
TXN-20240112-0002933,WALL-0147714,MERCH-00447,PM-01,DEV-02,2024-01-12 14:26:42,73.83,0.0,0.0,7,Success,Tax Payment,Phuket,THB,False
TXN-20240112-0002934,WALL-0059925,MERCH-00039,PM-04,DEV-03,2024-01-12 15:20:12,12.75,0.255,0.255,1,Success,Purchase,Lahore,PKR,False
TXN-20240112-0002935,WALL-0051621,MERCH-00171,PM-01,DEV-02,2024-01-12 15:42:47,222.13,0.0,11.1064,22,Success,Purchase,Pathein,MMK,False
TXN-20240112-0002936,WALL-0115907,MERCH-00370,PM-02,DEV-01,2024-01-12 13:25:55,81.15,0.1623,0.0,8,Success,Bill Payment,Delhi,INR,False
TXN-20240112-0002937,WALL-0000595,MERCH-00171,PM-01,DEV-03,2024-01-12 15:22:59,34.32,0.0,1.7159,3,Success,Purchase,Mandalay,MMK,False
TXN-20240112-0002938,WALL-0007479,MERCH-00120,PM-01,DEV-01,2024-01-12 19:19:07,146.58,0.0,0.0,14,Success,Purchase,Naypyidaw,MMK,False
TXN-20240112-0002939,WALL-0130651,MERCH-00102,PM-01,DEV-01,2024-01-12 13:19:30,56.33,0.0,0.0,5,Success,Purchase,Myitkyina,MMK,False
TXN-20240112-0002940,WALL-0128144,MERCH-00143,PM-02,DEV-01,2024-01-12 08:49:02,218.67,0.4373,10.9334,21,Success,Purchase,Ho Chi Minh City,VND,False
TXN-20240112-0002941,WALL-0032707,MERCH-00019,PM-01,DEV-01,2024-01-12 18:08:44,21.7,0.0,0.4341,2,Success,Purchase,Phuket,THB,False
TXN-20240112-0002942,WALL-0099824,MERCH-00068,PM-01,DEV-01,2024-01-12 09:17:33,5.0,0.0,0.1,0,Success,Purchase,Karachi,PKR,False
TXN-20240112-0002943,WALL-0006035,MERCH-00014,PM-01,DEV-02,2024-01-12 14:40:27,28.33,0.0,0.5666,2,Success,Purchase,Quezon City,PHP,False
TXN-20240112-0002944,WALL-0049729,MERCH-00198,PM-01,DEV-01,2024-01-12 15:40:58,12.04,0.0,0.0,1,Success,Purchase,Mandalay,MMK,False
TXN-20240112-0002945,WALL-0060157,MERCH-00285,PM-03,DEV-03,2024-01-12 21:02:52,679.6,5.4368,54.3679,135,Success,Purchase,Cebu City,PHP,False
TXN-20240112-0002946,WALL-0057165,MERCH-00174,PM-03,DEV-01,2024-01-12 21:32:09,58.01,0.4641,2.9004,5,Success,Purchase,Da Nang,PHP,True
TXN-20240112-0002947,WALL-0104362,MERCH-00341,PM-03,DEV-01,2024-01-12 20:01:43,38.3,0.3064,0.0,3,Success,Bill Payment,Pathein,MMK,False
TXN-20240112-0002948,WALL-0139577,MERCH-00427,PM-03,DEV-01,2024-01-12 17:55:56,37.4,0.2992,0.0,3,Success,Payment,Medan,IDR,False
TXN-20240112-0002949,WALL-0144436,MERCH-00045,PM-02,DEV-01,2024-01-12 12:43:12,8.65,0.0173,0.1731,0,Success,Purchase,Islamabad,PKR,False
TXN-20240112-0002950,WALL-0113291,MERCH-00242,PM-01,DEV-02,2024-01-12 15:28:50,5.0,0.0,0.0,0,Pending,Subscription,Siem Reap,KHR,False
TXN-20240112-0002951,WALL-0097043,MERCH-00037,PM-04,DEV-03,2024-01-12 16:24:03,7.38,0.1477,0.1477,0,Success,Purchase,Lahore,PKR,False
TXN-20240112-0002952,WALL-0021908,MERCH-00033,PM-01,DEV-02,2024-01-12 02:44:13,12.78,0.0,0.2556,1,Success,Purchase,Jaipur,INR,False
TXN-20240112-0002953,WALL-0094108,MERCH-00398,PM-02,DEV-02,2024-01-12 13:22:01,49.44,0.0989,0.0,4,Success,Purchase,Kandy,LKR,False
TXN-20240112-0002954,WALL-0029351,MERCH-00094,PM-01,DEV-01,2024-01-12 17:15:06,53.54,0.0,0.0,5,Success,Purchase,Mandalay,MMK,False
TXN-20240112-0002955,WALL-0147733,MERCH-00307,PM-02,DEV-01,2024-01-12 15:33:09,674.95,1.3499,53.9957,134,Success,Purchase,Pattaya,THB,False
TXN-20240112-0002956,WALL-0084850,MERCH-00129,PM-02,DEV-01,2024-01-12 12:46:26,49.76,0.0995,0.0,4,Success,Purchase,Mawlamyine,MMK,False
TXN-20240112-0002957,WALL-0065586,MERCH-00058,PM-01,DEV-02,2024-01-12 13:51:36,93.76,0.0,1.8751,9,Success,Purchase,Hyderabad,INR,False
TXN-20240112-0002958,WALL-0003130,MERCH-00410,PM-02,DEV-01,2024-01-12 17:55:01,50.8,0.1016,0.0,5,Success,Payment,Myitkyina,MMK,False
TXN-20240112-0002959,WALL-0023762,MERCH-00139,PM-04,DEV-01,2024-01-12 12:52:30,35.06,0.7013,1.7531,3,Success,Purchase,Mawlamyine,MMK,False
TXN-20240112-0002960,WALL-0055013,MERCH-00405,PM-01,DEV-01,2024-01-12 21:37:02,351.09,0.0,0.0,35,Success,Payment,Taunggyi,MMK,False
TXN-20240112-0002961,WALL-0091641,MERCH-00173,PM-04,DEV-01,2024-01-12 15:29:07,40.17,0.8034,2.0086,4,Success,Purchase,Karachi,PKR,False
TXN-20240112-0002962,WALL-0102268,MERCH-00235,PM-02,DEV-01,2024-01-12 13:55:31,11.13,0.0223,0.0,1,Success,Subscription,Manila,PHP,False
TXN-20240112-0002963,WALL-0003725,MERCH-00232,PM-02,DEV-04,2024-01-12 09:24:35,24.39,0.0488,0.0,2,Success,Subscription,Bago,MMK,False
TXN-20240112-0002964,WALL-0062386,MERCH-00158,PM-02,DEV-03,2024-01-12 09:00:53,193.33,0.3867,9.6665,19,Success,Purchase,Bago,MMK,False
TXN-20240112-0002965,WALL-0061122,MERCH-00038,PM-01,DEV-01,2024-01-12 19:00:45,14.12,0.0,0.2825,1,Success,Purchase,Kathmandu,NPR,False
TXN-20240112-0002966,WALL-0012964,MERCH-00024,PM-01,DEV-04,2024-01-12 15:43:07,40.22,0.0,0.8044,4,Success,Purchase,Surabaya,IDR,True
TXN-20240112-0002967,WALL-0065952,MERCH-00327,PM-01,DEV-01,2024-01-12 16:31:14,113.4,0.0,0.0,11,Success,Bill Payment,Mandalay,MMK,False
TXN-20240112-0002968,WALL-0002668,MERCH-00221,PM-01,DEV-01,2024-01-12 18:13:21,7.42,0.0,0.0,0,Success,Purchase,Bali,IDR,False
TXN-20240112-0002969,WALL-0127256,MERCH-00009,PM-04,DEV-01,2024-01-12 14:21:32,29.12,0.5824,0.5824,2,Success,Purchase,Mandalay,MMK,False
TXN-20240112-0002970,WALL-0089598,MERCH-00421,PM-02,DEV-03,2024-01-12 11:11:42,222.41,0.4448,0.0,22,Success,Payment,Yangon,MMK,False
TXN-20240112-0002971,WALL-0114461,MERCH-00427,PM-03,DEV-01,2024-01-12 16:13:39,95.63,0.765,0.0,9,Success,Payment,Taunggyi,MMK,False
TXN-20240112-0002972,WALL-0046901,MERCH-00086,PM-04,DEV-01,2024-01-12 12:40:29,126.68,2.5336,0.0,12,Success,Purchase,Penang,MYR,False
TXN-20240112-0002973,WALL-0064254,MERCH-00028,PM-01,DEV-01,2024-01-12 18:38:46,16.53,0.0,0.3307,1,Success,Purchase,Myitkyina,MMK,False
TXN-20240112-0002974,WALL-0070894,MERCH-00382,PM-04,DEV-01,2024-01-12 12:44:10,68.86,1.3771,0.0,6,Success,Purchase,Chennai,INR,False
TXN-20240112-0002975,WALL-0052386,MERCH-00385,PM-02,DEV-05,2024-01-12 07:30:23,38.68,0.0774,0.0,3,Success,Purchase,Mumbai,INR,False
TXN-20240112-0002976,WALL-0099766,MERCH-00206,PM-02,DEV-03,2024-01-12 23:47:13,38.86,0.0777,0.0,3,Success,Purchase,Bago,MMK,False
TXN-20240112-0002977,WALL-0121863,MERCH-00050,PM-01,DEV-01,2024-01-12 18:42:02,36.54,0.0,0.7308,3,Success,Purchase,Ho Chi Minh City,VND,False
TXN-20240112-0002978,WALL-0140005,MERCH-00222,PM-03,DEV-01,2024-01-12 10:40:20,11.59,0.0928,0.0,1,Success,Purchase,Bago,MMK,False
TXN-20240112-0002979,WALL-0065898,MERCH-00062,PM-02,DEV-01,2024-01-12 10:25:56,32.48,0.065,0.6495,3,Success,Purchase,Ahmedabad,INR,False
TXN-20240112-0002980,WALL-0053559,MERCH-00069,PM-03,DEV-01,2024-01-12 16:35:04,11.4,0.0912,0.2281,1,Success,Purchase,Colombo,LKR,False
TXN-20240112-0002981,WALL-0090561,MERCH-00102,PM-01,DEV-01,2024-01-12 23:46:47,30.58,0.0,0.0,3,Success,Purchase,Colombo,LKR,False
TXN-20240112-0002982,WALL-0035585,MERCH-00261,PM-01,DEV-01,2024-01-12 03:16:29,19.95,0.0,0.0,1,Success,Subscription,Davao,PHP,False
TXN-20240112-0002983,WALL-0060275,MERCH-00122,PM-03,DEV-01,2024-01-12 08:12:43,37.16,0.2973,0.0,3,Success,Purchase,Jaipur,INR,False
TXN-20240112-0002984,WALL-0070283,MERCH-00345,PM-04,DEV-01,2024-01-12 18:42:59,54.4,1.088,0.0,5,Success,Bill Payment,Kolkata,INR,False
TXN-20240112-0002985,WALL-0139247,MERCH-00328,PM-04,DEV-01,2024-01-12 14:48:23,35.07,0.7014,0.0,3,Success,Bill Payment,Yangon,MMK,False
TXN-20240112-0002986,WALL-0092343,MERCH-00424,PM-01,DEV-01,2024-01-12 15:47:19,197.46,0.0,0.0,19,Success,Payment,Hyderabad,INR,False
TXN-20240112-0002987,WALL-0020567,MERCH-00006,PM-02,DEV-01,2024-01-12 12:43:35,13.48,0.027,0.2697,1,Success,Purchase,Phuket,INR,False
TXN-20240112-0002988,WALL-0115821,MERCH-00063,PM-03,DEV-01,2024-01-12 07:46:02,30.69,0.2455,0.6138,3,Success,Purchase,Manila,SGD,False
TXN-20240112-0002989,WALL-0014063,MERCH-00303,PM-04,DEV-03,2024-01-12 19:45:07,636.56,12.7312,50.9248,127,Success,Purchase,Myitkyina,MMK,False
TXN-20240112-0002990,WALL-0025781,MERCH-00120,PM-01,DEV-01,2024-01-12 01:04:50,79.03,0.0,0.0,7,Success,Purchase,Davao,PHP,False
TXN-20240112-0002991,WALL-0064230,MERCH-00028,PM-03,DEV-01,2024-01-12 12:19:40,6.12,0.049,0.1224,0,Success,Purchase,Taunggyi,NPR,False
TXN-20240112-0002992,WALL-0043294,MERCH-00169,PM-03,DEV-01,2024-01-12 13:44:55,242.01,1.9361,12.1004,24,Success,Purchase,Mawlamyine,MMK,False
TXN-20240112-0002993,WALL-0107623,MERCH-00171,PM-04,DEV-05,2024-01-12 13:11:49,151.22,3.0244,7.5611,15,Success,Purchase,Da Nang,VND,False
TXN-20240112-0002994,WALL-0092990,MERCH-00392,PM-04,DEV-01,2024-01-12 16:01:04,44.93,0.8986,0.0,4,Success,Purchase,Phnom Penh,KHR,False
TXN-20240112-0002995,WALL-0103929,MERCH-00167,PM-04,DEV-02,2024-01-12 13:08:37,101.12,2.0223,5.0558,10,Success,Purchase,Chennai,INR,False
TXN-20240112-0002996,WALL-0055197,MERCH-00375,PM-02,DEV-01,2024-01-12 11:47:13,44.69,0.0894,0.0,4,Success,Purchase,Kandy,LKR,False
TXN-20240112-0002997,WALL-0025148,MERCH-00116,PM-01,DEV-01,2024-01-12 06:09:34,58.45,0.0,0.0,5,Success,Purchase,Mawlamyine,MMK,False
TXN-20240112-0002998,WALL-0132703,MERCH-00064,PM-01,DEV-01,2024-01-12 13:25:50,10.42,0.0,0.2084,1,Success,Purchase,Dhaka,MMK,False
TXN-20240112-0002999,WALL-0042897,MERCH-00324,PM-01,DEV-02,2024-01-12 16:53:43,65.39,0.0,0.0,6,Success,Bill Payment,Pathein,MMK,False
TXN-20240112-0003000,WALL-0068031,MERCH-00013,PM-01,DEV-01,2024-01-12 04:04:02,60.95,0.0,1.219,6,Success,Purchase,Naypyidaw,MMK,False
TXN-20240112-0003001,WALL-0091944,MERCH-00347,PM-01,DEV-01,2024-01-12 17:17:57,37.35,0.0,0.0,3,Success,Bill Payment,Phnom Penh,KHR,False
TXN-20240112-0003002,WALL-0121962,MERCH-00437,PM-03,DEV-01,2024-01-12 21:17:12,522.08,4.1766,0.0,52,Success,Tax Payment,Ho Chi Minh City,PHP,False
TXN-20240112-0003003,WALL-0137960,MERCH-00373,PM-01,DEV-02,2024-01-12 19:42:48,69.12,0.0,0.0,6,Success,Purchase,Myitkyina,MMK,False
TXN-20240112-0003004,WALL-0044520,MERCH-00412,PM-01,DEV-03,2024-01-12 16:41:53,65.65,0.0,0.0,6,Success,Payment,Naypyidaw,MMK,False
TXN-20240112-0003005,WALL-0066103,MERCH-00325,PM-02,DEV-01,2024-01-12 07:19:06,160.65,0.3213,0.0,16,Success,Bill Payment,Quezon City,PHP,False
TXN-20240112-0003006,WALL-0068911,MERCH-00215,PM-01,DEV-01,2024-01-12 16:42:12,5.57,0.0,0.0,0,Success,Purchase,Jakarta,IDR,False
TXN-20240112-0003007,WALL-0144495,MERCH-00193,PM-03,DEV-01,2024-01-12 07:10:39,8.61,0.0688,0.0,0,Success,Purchase,Quezon City,MMK,False
TXN-20240112-0003008,WALL-0126226,MERCH-00038,PM-02,DEV-03,2024-01-12 15:09:40,14.5,0.029,0.29,1,Success,Purchase,Ahmedabad,INR,False
TXN-20240112-0003009,WALL-0065778,MERCH-00041,PM-01,DEV-04,2024-01-12 20:44:46,41.25,0.0,0.825,4,Success,Purchase,Da Nang,VND,False
TXN-20240112-0003010,WALL-0080583,MERCH-00340,PM-02,DEV-01,2024-01-12 20:48:44,65.65,0.1313,0.0,6,Success,Bill Payment,Mumbai,INR,False
TXN-20240112-0003011,WALL-0127560,MERCH-00146,PM-03,DEV-01,2024-01-12 21:22:46,38.07,0.3045,1.9033,3,Success,Purchase,Mawlamyine,MMK,False
TXN-20240112-0003012,WALL-0049725,MERCH-00436,PM-03,DEV-01,2024-01-12 19:15:50,928.15,7.4252,0.0,92,Success,Tax Payment,Pokhara,NPR,False
TXN-20240112-0003013,WALL-0018371,MERCH-00266,PM-05,DEV-03,2024-01-12 15:15:07,20.79,0.0,0.0,2,Success,Subscription,Colombo,LKR,False
TXN-20240112-0003014,WALL-0079127,MERCH-00134,PM-01,DEV-01,2024-01-12 04:26:55,401.18,0.0,20.0592,40,Success,Purchase,Ahmedabad,INR,False
TXN-20240112-0003015,WALL-0078862,MERCH-00209,PM-05,DEV-03,2024-01-12 11:55:56,15.27,0.0,0.0,1,Success,Purchase,Chiang Mai,THB,False
TXN-20240112-0003016,WALL-0016623,MERCH-00283,PM-01,DEV-01,2024-01-12 08:28:10,122.2,0.0,9.776,24,Success,Purchase,Johor Bahru,MYR,False
TXN-20240112-0003017,WALL-0132493,MERCH-00238,PM-04,DEV-01,2024-01-12 22:09:07,8.37,0.1674,0.0,0,Success,Subscription,Pathein,MMK,False
TXN-20240112-0003018,WALL-0030681,MERCH-00038,PM-02,DEV-01,2024-01-12 18:33:08,51.13,0.1023,0.0,0,Failed,Purchase,Colombo,THB,False
TXN-20240112-0003019,WALL-0089298,MERCH-00189,PM-01,DEV-04,2024-01-12 13:41:36,27.86,0.0,1.3928,2,Success,Purchase,Bali,IDR,False
TXN-20240112-0003020,WALL-0023436,MERCH-00394,PM-01,DEV-03,2024-01-12 14:38:09,41.43,0.0,0.0,4,Success,Purchase,Mandalay,MMK,False
TXN-20240112-0003021,WALL-0010827,MERCH-00075,PM-01,DEV-01,2024-01-12 17:58:57,8.02,0.0,0.1603,0,Success,Purchase,Dhaka,BDT,False
TXN-20240112-0003022,WALL-0079428,MERCH-00341,PM-04,DEV-01,2024-01-12 11:59:59,40.9,0.818,0.0,4,Success,Bill Payment,Khon Kaen,MMK,False
TXN-20240112-0003023,WALL-0072136,MERCH-00344,PM-04,DEV-02,2024-01-12 11:14:49,46.42,0.9284,0.0,4,Success,Bill Payment,Islamabad,PKR,False
TXN-20240112-0003024,WALL-0047554,MERCH-00188,PM-02,DEV-01,2024-01-12 14:22:12,92.53,0.1851,4.6267,9,Success,Purchase,Pathein,MMK,False
TXN-20240112-0003025,WALL-0105545,MERCH-00100,PM-05,DEV-03,2024-01-12 13:57:22,195.08,0.0,0.0,19,Success,Purchase,Mandalay,MMK,True
TXN-20240112-0003026,WALL-0120889,MERCH-00067,PM-02,DEV-05,2024-01-12 08:57:00,15.74,0.0315,0.3147,1,Success,Purchase,Naypyidaw,MMK,False
TXN-20240112-0003027,WALL-0129715,MERCH-00215,PM-01,DEV-01,2024-01-12 11:30:42,16.11,0.0,0.0,0,Pending,Purchase,Chiang Mai,THB,False
TXN-20240112-0003028,WALL-0092430,MERCH-00046,PM-04,DEV-05,2024-01-12 14:29:03,25.82,0.5163,0.5163,2,Success,Purchase,Myitkyina,MMK,False
TXN-20240112-0003029,WALL-0021170,MERCH-00210,PM-01,DEV-01,2024-01-12 12:25:04,16.85,0.0,0.0,1,Success,Purchase,Pokhara,NPR,False
TXN-20240112-0003030,WALL-0018509,MERCH-00196,PM-01,DEV-03,2024-01-12 18:48:26,15.26,0.0,0.0,1,Success,Purchase,Bandung,IDR,False
TXN-20240112-0003031,WALL-0074238,MERCH-00055,PM-03,DEV-01,2024-01-12 09:00:15,8.54,0.0683,0.1707,0,Success,Purchase,Taunggyi,MMK,False
TXN-20240112-0003032,WALL-0075511,MERCH-00352,PM-04,DEV-01,2024-01-12 00:53:32,27.4,0.548,0.0,2,Success,Bill Payment,Johor Bahru,MMK,False
TXN-20240112-0003033,WALL-0026888,MERCH-00135,PM-03,DEV-02,2024-01-12 17:21:59,76.53,0.6122,3.8263,7,Success,Purchase,Phnom Penh,KHR,False
TXN-20240112-0003034,WALL-0132793,MERCH-00344,PM-03,DEV-03,2024-01-12 04:09:59,31.73,0.2538,0.0,3,Success,Bill Payment,Bago,MMK,False
TXN-20240112-0003035,WALL-0017128,MERCH-00177,PM-01,DEV-01,2024-01-12 16:44:50,106.98,0.0,5.3492,10,Success,Purchase,Colombo,LKR,False
TXN-20240112-0003036,WALL-0093452,MERCH-00228,PM-01,DEV-01,2024-01-12 04:15:12,8.37,0.0,0.0,0,Success,Purchase,Kathmandu,NPR,False
TXN-20240112-0003037,WALL-0101934,MERCH-00393,PM-03,DEV-02,2024-01-12 13:28:16,37.74,0.3019,0.0,0,Failed,Purchase,Pathein,MMK,False
TXN-20240112-0003038,WALL-0107629,MERCH-00113,PM-03,DEV-01,2024-01-12 19:07:14,16.01,0.1281,0.0,1,Success,Purchase,Pathein,MMK,False
TXN-20240112-0003039,WALL-0093842,MERCH-00124,PM-01,DEV-01,2024-01-12 14:28:25,72.46,0.0,0.0,7,Success,Purchase,Chennai,INR,False
TXN-20240112-0003040,WALL-0116077,MERCH-00149,PM-01,DEV-02,2024-01-12 20:07:02,516.97,0.0,25.8484,51,Success,Purchase,Da Nang,VND,False
TXN-20240112-0003041,WALL-0058059,MERCH-00420,PM-01,DEV-02,2024-01-12 16:39:10,59.49,0.0,0.0,5,Success,Payment,Khon Kaen,THB,False
TXN-20240112-0003042,WALL-0123964,MERCH-00023,PM-02,DEV-01,2024-01-12 12:47:42,27.35,0.0547,0.547,2,Success,Purchase,Phuket,THB,False
TXN-20240112-0003043,WALL-0103787,MERCH-00270,PM-01,DEV-01,2024-01-12 06:00:34,33.09,0.0,0.0,3,Success,Subscription,Myitkyina,MMK,False
TXN-20240112-0003044,WALL-0108529,MERCH-00338,PM-01,DEV-01,2024-01-12 09:23:08,161.29,0.0,0.0,16,Success,Bill Payment,Surabaya,IDR,False
TXN-20240112-0003045,WALL-0040971,MERCH-00231,PM-04,DEV-02,2024-01-12 18:23:53,29.62,0.5924,0.0,2,Success,Subscription,Naypyidaw,MMK,False
TXN-20240112-0003046,WALL-0137225,MERCH-00122,PM-01,DEV-01,2024-01-12 06:02:17,90.67,0.0,0.0,9,Success,Purchase,Davao,PHP,False
TXN-20240112-0003047,WALL-0127200,MERCH-00200,PM-02,DEV-02,2024-01-12 16:56:05,5.72,0.0114,0.0,0,Success,Purchase,Bago,MMK,False
TXN-20240112-0003048,WALL-0034564,MERCH-00003,PM-04,DEV-01,2024-01-12 01:39:58,13.16,0.2632,0.2632,1,Success,Purchase,Siem Reap,KHR,False
TXN-20240112-0003049,WALL-0104460,MERCH-00372,PM-03,DEV-02,2024-01-12 20:50:10,20.0,0.16,0.0,2,Success,Purchase,Kuala Lumpur,MYR,False
TXN-20240112-0003050,WALL-0000232,MERCH-00126,PM-02,DEV-01,2024-01-12 17:30:23,143.27,0.2865,0.0,14,Success,Purchase,Mumbai,INR,False
TXN-20240112-0003051,WALL-0034380,MERCH-00370,PM-01,DEV-01,2024-01-12 17:20:23,65.53,0.0,0.0,0,Failed,Bill Payment,Bandung,IDR,False
TXN-20240112-0003052,WALL-0136869,MERCH-00081,PM-04,DEV-02,2024-01-12 11:47:43,37.71,0.7541,0.0,3,Success,Purchase,Phuket,MMK,False
TXN-20240112-0003053,WALL-0023769,MERCH-00280,PM-03,DEV-01,2024-01-12 06:32:13,104.08,0.8327,8.3265,20,Success,Purchase,Myitkyina,MMK,False
TXN-20240112-0003054,WALL-0108733,MERCH-00370,PM-03,DEV-03,2024-01-12 15:38:27,22.13,0.1771,0.0,2,Success,Bill Payment,Mandalay,MMK,False
TXN-20240112-0003055,WALL-0050829,MERCH-00189,PM-03,DEV-02,2024-01-12 14:19:16,86.43,0.6914,4.3215,8,Success,Purchase,Naypyidaw,MMK,False
TXN-20240112-0003056,WALL-0125609,MERCH-00061,PM-01,DEV-02,2024-01-12 18:59:53,13.63,0.0,0.0,0,Failed,Purchase,Quezon City,PHP,False
TXN-20240112-0003057,WALL-0065747,MERCH-00412,PM-01,DEV-01,2024-01-12 06:14:39,344.81,0.0,0.0,0,Pending,Payment,Colombo,LKR,False
TXN-20240112-0003058,WALL-0122581,MERCH-00256,PM-02,DEV-02,2024-01-12 09:51:28,8.35,0.0167,0.0,0,Success,Subscription,Dhaka,BDT,False
TXN-20240112-0003059,WALL-0113877,MERCH-00030,PM-04,DEV-04,2024-01-12 20:14:15,53.1,1.062,1.062,5,Success,Purchase,Bangkok,THB,False
TXN-20240112-0003060,WALL-0042630,MERCH-00030,PM-01,DEV-01,2024-01-12 13:17:11,8.99,0.0,0.1798,0,Success,Purchase,Johor Bahru,MYR,False
TXN-20240112-0003061,WALL-0145331,MERCH-00016,PM-03,DEV-03,2024-01-12 14:10:36,23.72,0.1898,0.4745,2,Success,Purchase,Mawlamyine,MMK,False
TXN-20240112-0003062,WALL-0042244,MERCH-00306,PM-01,DEV-01,2024-01-12 23:15:06,1234.98,0.0,98.798,246,Success,Purchase,Pathein,MMK,False
TXN-20240112-0003063,WALL-0062362,MERCH-00276,PM-02,DEV-02,2024-01-12 21:59:43,188.34,0.3767,15.0672,37,Success,Purchase,Manila,PHP,False
TXN-20240112-0003064,WALL-0001004,MERCH-00209,PM-02,DEV-01,2024-01-12 19:57:57,22.29,0.0446,0.0,2,Success,Purchase,Kuala Lumpur,MYR,False
TXN-20240112-0003065,WALL-0067077,MERCH-00369,PM-01,DEV-04,2024-01-12 15:09:47,31.35,0.0,0.0,3,Success,Bill Payment,Kolkata,INR,False
TXN-20240112-0003066,WALL-0108939,MERCH-00020,PM-03,DEV-03,2024-01-12 15:47:33,49.48,0.3959,0.9897,4,Success,Purchase,Bandung,IDR,False
TXN-20240112-0003067,WALL-0123081,MERCH-00148,PM-03,DEV-02,2024-01-12 19:06:25,41.39,0.3311,2.0697,4,Success,Purchase,Taunggyi,MMK,False
TXN-20240112-0003068,WALL-0149920,MERCH-00222,PM-02,DEV-03,2024-01-12 16:07:14,11.68,0.0234,0.0,1,Success,Purchase,Myitkyina,MMK,False
TXN-20240112-0003069,WALL-0090432,MERCH-00444,PM-01,DEV-01,2024-01-12 16:42:19,541.9,0.0,0.0,54,Success,Tax Payment,Myitkyina,MMK,False
TXN-20240112-0003070,WALL-0126950,MERCH-00096,PM-02,DEV-01,2024-01-12 21:31:09,28.19,0.0564,0.0,2,Success,Purchase,Bangkok,THB,False
TXN-20240112-0003071,WALL-0003204,MERCH-00050,PM-03,DEV-01,2024-01-12 07:53:52,62.62,0.501,1.2524,6,Success,Purchase,Penang,MYR,False
TXN-20240112-0003072,WALL-0020217,MERCH-00046,PM-01,DEV-02,2024-01-12 19:45:26,5.55,0.0,0.111,0,Success,Purchase,Taunggyi,MMK,False
TXN-20240112-0003073,WALL-0006674,MERCH-00184,PM-01,DEV-03,2024-01-12 13:42:30,92.62,0.0,4.6309,9,Success,Purchase,Hanoi,VND,False
TXN-20240112-0003074,WALL-0051696,MERCH-00110,PM-03,DEV-01,2024-01-12 22:02:12,65.03,0.5203,0.0,6,Success,Purchase,Chennai,INR,False
TXN-20240112-0003075,WALL-0108044,MERCH-00001,PM-04,DEV-02,2024-01-12 12:03:37,5.0,0.1,0.1,0,Success,Purchase,Chittagong,MMK,False
TXN-20240112-0003076,WALL-0121568,MERCH-00043,PM-05,DEV-01,2024-01-12 21:14:36,25.88,0.0,0.5177,2,Success,Purchase,Mumbai,INR,False
TXN-20240112-0003077,WALL-0087973,MERCH-00195,PM-01,DEV-01,2024-01-12 07:55:28,20.25,0.0,0.0,2,Success,Purchase,Pune,INR,False
TXN-20240112-0003078,WALL-0066004,MERCH-00123,PM-01,DEV-01,2024-01-12 11:45:51,15.38,0.0,0.0,1,Success,Purchase,Manila,PHP,False
TXN-20240112-0003079,WALL-0085068,MERCH-00390,PM-04,DEV-01,2024-01-12 03:12:39,20.0,0.4,0.0,2,Success,Purchase,Quezon City,PHP,False
TXN-20240112-0003080,WALL-0124143,MERCH-00238,PM-02,DEV-02,2024-01-12 12:09:10,12.51,0.025,0.0,1,Success,Subscription,Khon Kaen,THB,False
TXN-20240112-0003081,WALL-0103614,MERCH-00135,PM-03,DEV-01,2024-01-12 16:23:17,71.66,0.5733,3.5831,7,Success,Purchase,Taunggyi,MMK,False
TXN-20240112-0003082,WALL-0135329,MERCH-00135,PM-01,DEV-01,2024-01-12 18:02:46,88.63,0.0,4.4316,8,Success,Purchase,Surabaya,IDR,False
TXN-20240112-0003083,WALL-0047374,MERCH-00152,PM-02,DEV-02,2024-01-12 07:51:08,37.03,0.0741,1.8517,3,Success,Purchase,Pune,INR,False
TXN-20240112-0003084,WALL-0019524,MERCH-00473,PM-01,DEV-01,2024-01-12 06:45:23,262.44,0.0,0.0,26,Success,Payment,Johor Bahru,MYR,False
TXN-20240112-0003085,WALL-0013719,MERCH-00041,PM-03,DEV-01,2024-01-12 17:00:00,23.07,0.1846,0.4615,2,Success,Purchase,Penang,MYR,False
TXN-20240112-0003086,WALL-0104395,MERCH-00450,PM-01,DEV-02,2024-01-12 13:00:28,461.04,0.0,0.0,46,Success,Tax Payment,Phnom Penh,KHR,False
TXN-20240112-0003087,WALL-0022396,MERCH-00033,PM-01,DEV-05,2024-01-12 21:33:02,6.86,0.0,0.1372,0,Success,Purchase,Dhaka,BDT,False
TXN-20240112-0003088,WALL-0015851,MERCH-00326,PM-03,DEV-02,2024-01-12 17:22:22,72.43,0.5795,0.0,0,Failed,Bill Payment,Lahore,MMK,False
TXN-20240112-0003089,WALL-0009480,MERCH-00074,PM-02,DEV-03,2024-01-12 21:43:26,15.15,0.0303,0.303,1,Success,Purchase,Mandalay,MMK,False
TXN-20240112-0003090,WALL-0147380,MERCH-00036,PM-04,DEV-01,2024-01-12 15:10:37,5.72,0.1144,0.1144,0,Success,Purchase,Ho Chi Minh City,MMK,False
TXN-20240112-0003091,WALL-0053709,MERCH-00196,PM-05,DEV-01,2024-01-12 12:49:15,5.0,0.0,0.0,0,Success,Purchase,Pune,INR,False
TXN-20240112-0003092,WALL-0149621,MERCH-00415,PM-01,DEV-01,2024-01-12 21:59:43,137.86,0.0,0.0,13,Success,Payment,Pathein,MMK,False
TXN-20240112-0003093,WALL-0001432,MERCH-00106,PM-01,DEV-01,2024-01-12 10:04:22,44.51,0.0,0.0,4,Success,Purchase,Bangalore,INR,False
TXN-20240112-0003094,WALL-0119535,MERCH-00111,PM-01,DEV-01,2024-01-12 13:49:25,65.85,0.0,0.0,6,Success,Purchase,Mawlamyine,MMK,False
TXN-20240112-0003095,WALL-0085694,MERCH-00014,PM-01,DEV-02,2024-01-12 14:54:15,16.89,0.0,0.3378,1,Success,Purchase,Pathein,MMK,False
TXN-20240112-0003096,WALL-0037274,MERCH-00383,PM-03,DEV-01,2024-01-12 19:39:19,81.8,0.6544,0.0,0,Reversed,Purchase,Chiang Mai,THB,False
TXN-20240112-0003097,WALL-0047501,MERCH-00477,PM-03,DEV-01,2024-01-12 12:56:29,86.37,0.691,0.0,8,Success,Payment,Taunggyi,MMK,False
TXN-20240112-0003098,WALL-0067591,MERCH-00271,PM-01,DEV-01,2024-01-12 11:58:43,421.21,0.0,33.6968,84,Success,Purchase,Pokhara,NPR,False
TXN-20240112-0003099,WALL-0028265,MERCH-00157,PM-04,DEV-02,2024-01-12 19:04:34,64.02,1.2805,3.2012,6,Success,Purchase,Bangkok,THB,False
TXN-20240112-0003100,WALL-0103889,MERCH-00255,PM-03,DEV-01,2024-01-12 18:27:00,11.34,0.0907,0.0,1,Success,Subscription,Kuala Lumpur,MYR,False
TXN-20240112-0003101,WALL-0057638,MERCH-00217,PM-01,DEV-01,2024-01-12 18:59:28,16.45,0.0,0.0,1,Success,Purchase,Taunggyi,IDR,False
TXN-20240112-0003102,WALL-0144748,MERCH-00387,PM-05,DEV-01,2024-01-12 13:31:49,100.44,0.0,0.0,10,Success,Purchase,Mawlamyine,MMK,False
TXN-20240112-0003103,WALL-0044549,MERCH-00089,PM-01,DEV-01,2024-01-12 14:16:24,25.84,0.0,0.0,2,Success,Purchase,Naypyidaw,MMK,False
TXN-20240112-0003104,WALL-0096934,MERCH-00218,PM-04,DEV-03,2024-01-12 14:47:13,10.55,0.2109,0.0,1,Success,Purchase,Chennai,INR,False
TXN-20240112-0003105,WALL-0003955,MERCH-00112,PM-04,DEV-01,2024-01-12 05:05:00,26.35,0.5271,0.0,2,Success,Purchase,Jakarta,IDR,False
TXN-20240112-0003106,WALL-0019090,MERCH-00490,PM-02,DEV-03,2024-01-12 18:35:59,1158.02,2.316,0.0,115,Success,Payment,Phnom Penh,KHR,False
TXN-20240112-0003107,WALL-0003320,MERCH-00186,PM-03,DEV-01,2024-01-12 20:54:43,93.47,0.7478,4.6736,9,Success,Purchase,Myitkyina,MMK,False
TXN-20240112-0003108,WALL-0070434,MERCH-00391,PM-01,DEV-01,2024-01-12 12:44:32,84.0,0.0,0.0,8,Success,Purchase,Yangon,MMK,False
TXN-20240112-0003109,WALL-0065598,MERCH-00289,PM-02,DEV-05,2024-01-12 08:09:39,559.16,1.1183,0.0,0,Failed,Purchase,Pathein,MMK,False
TXN-20240112-0003110,WALL-0067587,MERCH-00053,PM-01,DEV-01,2024-01-12 07:06:08,5.03,0.0,0.1006,0,Success,Purchase,Kuala Lumpur,MMK,False
TXN-20240112-0003111,WALL-0101524,MERCH-00111,PM-03,DEV-01,2024-01-12 08:07:22,55.09,0.4407,0.0,5,Success,Purchase,Colombo,LKR,False
TXN-20240112-0003112,WALL-0077406,MERCH-00014,PM-01,DEV-03,2024-01-12 20:31:01,9.64,0.0,0.1927,0,Success,Purchase,Taunggyi,VND,False
TXN-20240112-0003113,WALL-0088747,MERCH-00352,PM-04,DEV-03,2024-01-12 09:38:01,32.19,0.6439,0.0,3,Success,Bill Payment,Naypyidaw,MMK,False
TXN-20240112-0003114,WALL-0091308,MERCH-00117,PM-03,DEV-01,2024-01-12 12:01:22,27.6,0.2208,0.0,2,Success,Purchase,Pathein,MMK,False
TXN-20240112-0003115,WALL-0084364,MERCH-00033,PM-04,DEV-01,2024-01-12 13:00:45,14.74,0.2948,0.2948,1,Success,Purchase,Bago,MMK,False
TXN-20240112-0003116,WALL-0096233,MERCH-00291,PM-02,DEV-02,2024-01-12 09:06:54,2488.3,4.9766,199.0637,497,Success,Purchase,Pokhara,NPR,False
TXN-20240112-0003117,WALL-0018229,MERCH-00272,PM-03,DEV-01,2024-01-12 16:41:01,308.27,2.4662,24.6618,61,Success,Purchase,Chittagong,BDT,False
TXN-20240112-0003118,WALL-0053308,MERCH-00445,PM-01,DEV-02,2024-01-12 13:18:55,83.55,0.0,0.0,0,Failed,Tax Payment,Phuket,MMK,False
TXN-20240112-0003119,WALL-0039890,MERCH-00077,PM-02,DEV-02,2024-01-12 12:08:25,6.39,0.0128,0.1277,0,Success,Purchase,Bandung,IDR,False
TXN-20240112-0003120,WALL-0139858,MERCH-00130,PM-01,DEV-03,2024-01-12 12:14:13,16.15,0.0,0.0,1,Success,Purchase,Bangalore,INR,False
TXN-20240112-0003121,WALL-0046873,MERCH-00444,PM-01,DEV-02,2024-01-12 21:57:02,220.03,0.0,0.0,22,Success,Tax Payment,Cebu City,PHP,False
TXN-20240112-0003122,WALL-0061290,MERCH-00103,PM-01,DEV-04,2024-01-12 20:43:23,49.92,0.0,0.0,4,Success,Purchase,Taunggyi,MMK,False
TXN-20240112-0003123,WALL-0010634,MERCH-00251,PM-02,DEV-03,2024-01-12 12:44:39,24.06,0.0481,0.0,2,Success,Subscription,Singapore,SGD,False
TXN-20240112-0003124,WALL-0124716,MERCH-00044,PM-03,DEV-01,2024-01-12 19:25:25,16.03,0.1283,0.3207,1,Success,Purchase,Phuket,THB,False
TXN-20240112-0003125,WALL-0097629,MERCH-00053,PM-02,DEV-04,2024-01-12 12:14:27,7.08,0.0142,0.1417,0,Success,Purchase,Yangon,MMK,False
TXN-20240112-0003126,WALL-0069637,MERCH-00330,PM-03,DEV-01,2024-01-12 14:33:30,36.99,0.2959,0.0,3,Success,Bill Payment,Pattaya,THB,False
TXN-20240112-0003127,WALL-0030831,MERCH-00453,PM-03,DEV-01,2024-01-12 15:01:11,264.11,2.1129,0.0,26,Success,Payment,Jakarta,MMK,False
TXN-20240112-0003128,WALL-0088578,MERCH-00118,PM-02,DEV-01,2024-01-12 18:34:37,39.7,0.0794,0.0,3,Success,Purchase,Chittagong,BDT,False
TXN-20240112-0003129,WALL-0060565,MERCH-00334,PM-01,DEV-01,2024-01-12 15:12:03,77.31,0.0,0.0,7,Success,Bill Payment,Kandy,LKR,False
TXN-20240112-0003130,WALL-0073853,MERCH-00128,PM-02,DEV-01,2024-01-12 19:41:53,56.23,0.1125,0.0,5,Success,Purchase,Bali,IDR,False
TXN-20240112-0003131,WALL-0009302,MERCH-00446,PM-02,DEV-01,2024-01-12 16:08:29,134.93,0.2699,0.0,13,Success,Tax Payment,Karachi,PKR,False
TXN-20240112-0003132,WALL-0114920,MERCH-00079,PM-02,DEV-03,2024-01-12 19:58:52,22.37,0.0447,0.4475,2,Success,Purchase,Pattaya,THB,False
TXN-20240112-0003133,WALL-0117687,MERCH-00056,PM-01,DEV-02,2024-01-12 09:46:27,29.48,0.0,0.5897,2,Success,Purchase,Ahmedabad,INR,False
TXN-20240112-0003134,WALL-0065634,MERCH-00078,PM-04,DEV-05,2024-01-12 09:58:38,8.86,0.1772,0.1772,0,Success,Purchase,Pune,IDR,False
TXN-20240112-0003135,WALL-0043674,MERCH-00125,PM-01,DEV-01,2024-01-12 03:04:35,30.6,0.0,0.0,3,Success,Purchase,Pokhara,NPR,False
TXN-20240112-0003136,WALL-0030922,MERCH-00095,PM-01,DEV-02,2024-01-12 11:34:03,24.31,0.0,0.0,2,Success,Purchase,Chennai,INR,False
TXN-20240112-0003137,WALL-0112833,MERCH-00112,PM-01,DEV-01,2024-01-12 17:58:34,139.99,0.0,0.0,13,Success,Purchase,Mandalay,MMK,False
TXN-20240112-0003138,WALL-0038349,MERCH-00379,PM-03,DEV-01,2024-01-12 13:09:11,110.06,0.8804,0.0,11,Success,Purchase,Myitkyina,MMK,False
TXN-20240112-0003139,WALL-0145030,MERCH-00437,PM-01,DEV-01,2024-01-12 21:06:30,496.18,0.0,0.0,49,Success,Tax Payment,Kathmandu,PHP,False
TXN-20240112-0003140,WALL-0033186,MERCH-00439,PM-04,DEV-03,2024-01-12 17:07:33,666.7,13.334,0.0,66,Success,Tax Payment,Bangalore,INR,False
TXN-20240112-0003141,WALL-0000147,MERCH-00007,PM-04,DEV-01,2024-01-12 19:48:49,5.48,0.1097,0.1097,0,Success,Purchase,Hanoi,VND,False
TXN-20240112-0003142,WALL-0047469,MERCH-00109,PM-02,DEV-01,2024-01-12 16:39:19,23.99,0.048,0.0,2,Success,Purchase,Pattaya,THB,False
TXN-20240112-0003143,WALL-0113199,MERCH-00054,PM-04,DEV-01,2024-01-12 14:55:03,17.77,0.3554,0.3554,1,Success,Purchase,Myitkyina,MMK,False
TXN-20240112-0003144,WALL-0049610,MERCH-00341,PM-04,DEV-02,2024-01-12 15:10:46,42.04,0.8407,0.0,4,Success,Bill Payment,Surabaya,IDR,False
TXN-20240112-0003145,WALL-0063759,MERCH-00380,PM-01,DEV-02,2024-01-12 19:30:29,55.21,0.0,0.0,5,Success,Purchase,Bago,MMK,False
TXN-20240112-0003146,WALL-0044583,MERCH-00146,PM-01,DEV-02,2024-01-12 10:35:54,36.57,0.0,1.8284,3,Success,Purchase,Chennai,INR,False
TXN-20240112-0003147,WALL-0142417,MERCH-00041,PM-04,DEV-03,2024-01-12 09:53:39,51.23,1.0247,1.0247,5,Success,Purchase,Yangon,MMK,False
TXN-20240112-0003148,WALL-0007252,MERCH-00110,PM-01,DEV-03,2024-01-12 16:48:43,116.29,0.0,0.0,0,Failed,Purchase,Hyderabad,MMK,False
TXN-20240112-0003149,WALL-0139796,MERCH-00243,PM-02,DEV-05,2024-01-12 13:12:12,13.8,0.0276,0.0,0,Failed,Subscription,Mawlamyine,MMK,False
TXN-20240112-0003150,WALL-0109886,MERCH-00144,PM-03,DEV-01,2024-01-12 20:14:21,153.51,1.2281,7.6756,15,Success,Purchase,Yangon,MMK,False
TXN-20240112-0003151,WALL-0090572,MERCH-00425,PM-02,DEV-03,2024-01-12 11:18:07,41.05,0.0821,0.0,4,Success,Payment,Karachi,PKR,False
TXN-20240112-0003152,WALL-0031644,MERCH-00095,PM-04,DEV-01,2024-01-12 15:15:28,167.4,3.3479,0.0,16,Success,Purchase,Myitkyina,MMK,False
TXN-20240112-0003153,WALL-0081225,MERCH-00286,PM-02,DEV-03,2024-01-12 09:08:17,3602.2,7.2044,288.176,720,Success,Purchase,Pokhara,NPR,False
TXN-20240112-0003154,WALL-0096104,MERCH-00332,PM-04,DEV-01,2024-01-12 17:48:58,136.5,2.73,0.0,13,Success,Bill Payment,Pathein,MMK,False
TXN-20240112-0003155,WALL-0108469,MERCH-00393,PM-01,DEV-01,2024-01-12 21:53:05,61.3,0.0,0.0,6,Success,Purchase,Davao,PHP,False
TXN-20240112-0003156,WALL-0112189,MERCH-00429,PM-01,DEV-01,2024-01-12 21:18:01,91.3,0.0,0.0,9,Success,Payment,Yangon,MMK,False
TXN-20240112-0003157,WALL-0093948,MERCH-00028,PM-03,DEV-01,2024-01-12 06:35:31,49.3,0.3944,0.986,4,Success,Purchase,Chittagong,BDT,False
TXN-20240112-0003158,WALL-0129779,MERCH-00268,PM-02,DEV-02,2024-01-12 08:55:24,25.14,0.0503,0.0,2,Success,Subscription,Cebu City,THB,False
TXN-20240112-0003159,WALL-0024275,MERCH-00084,PM-05,DEV-01,2024-01-12 14:29:17,25.29,0.0,0.0,2,Success,Purchase,Davao,INR,False
TXN-20240112-0003160,WALL-0125553,MERCH-00211,PM-01,DEV-01,2024-01-12 04:19:43,8.44,0.0,0.0,0,Success,Purchase,Phuket,LKR,False
TXN-20240112-0003161,WALL-0026582,MERCH-00128,PM-01,DEV-01,2024-01-12 19:57:19,21.58,0.0,0.0,2,Success,Purchase,Naypyidaw,MMK,False
TXN-20240112-0003162,WALL-0071179,MERCH-00386,PM-02,DEV-02,2024-01-12 18:37:47,52.7,0.1054,0.0,5,Success,Purchase,Colombo,LKR,False
TXN-20240112-0003163,WALL-0127382,MERCH-00095,PM-02,DEV-02,2024-01-12 10:32:59,22.86,0.0457,0.0,2,Success,Purchase,Ho Chi Minh City,VND,False
TXN-20240112-0003164,WALL-0068668,MERCH-00090,PM-03,DEV-01,2024-01-12 17:44:08,41.13,0.329,0.0,4,Success,Purchase,Bali,IDR,False
TXN-20240112-0003165,WALL-0053971,MERCH-00081,PM-01,DEV-03,2024-01-12 19:33:14,22.2,0.0,0.0,2,Success,Purchase,Naypyidaw,MMK,False
TXN-20240112-0003166,WALL-0050090,MERCH-00059,PM-03,DEV-01,2024-01-12 16:51:32,11.42,0.0914,0.2284,1,Success,Purchase,Mandalay,MMK,False
TXN-20240112-0003167,WALL-0113663,MERCH-00001,PM-04,DEV-01,2024-01-12 11:04:30,10.29,0.2058,0.2058,1,Success,Purchase,Bandung,IDR,False
TXN-20240112-0003168,WALL-0133730,MERCH-00064,PM-01,DEV-02,2024-01-12 13:13:13,9.16,0.0,0.1832,0,Success,Purchase,Mandalay,MMK,False
TXN-20240112-0003169,WALL-0077244,MERCH-00225,PM-01,DEV-01,2024-01-12 19:04:17,18.99,0.0,0.0,1,Success,Purchase,Dhaka,THB,False
TXN-20240112-0003170,WALL-0102943,MERCH-00087,PM-01,DEV-01,2024-01-12 13:56:04,112.27,0.0,0.0,11,Success,Purchase,Surabaya,PHP,False
TXN-20240112-0003171,WALL-0113756,MERCH-00450,PM-01,DEV-01,2024-01-12 14:01:49,54.51,0.0,0.0,5,Success,Tax Payment,Bago,MMK,False
TXN-20240112-0003172,WALL-0086966,MERCH-00062,PM-03,DEV-03,2024-01-12 17:26:22,7.75,0.062,0.155,0,Success,Purchase,Medan,IDR,False
TXN-20240112-0003173,WALL-0008945,MERCH-00261,PM-02,DEV-05,2024-01-12 16:40:41,21.76,0.0435,0.0,2,Success,Subscription,Manila,PHP,False
TXN-20240112-0003174,WALL-0020600,MERCH-00358,PM-04,DEV-02,2024-01-12 18:57:15,34.37,0.6873,0.0,3,Success,Bill Payment,Davao,VND,False
TXN-20240112-0003175,WALL-0060561,MERCH-00330,PM-01,DEV-03,2024-01-12 16:07:17,207.13,0.0,0.0,20,Success,Bill Payment,Johor Bahru,MYR,False
TXN-20240112-0003176,WALL-0051861,MERCH-00399,PM-02,DEV-01,2024-01-12 08:36:37,56.55,0.1131,0.0,5,Success,Purchase,Siem Reap,KHR,False
TXN-20240112-0003177,WALL-0128659,MERCH-00037,PM-04,DEV-03,2024-01-12 08:03:54,11.42,0.2283,0.2283,1,Success,Purchase,Mandalay,MMK,False
TXN-20240112-0003178,WALL-0118996,MERCH-00268,PM-02,DEV-03,2024-01-12 12:53:39,21.28,0.0426,0.0,2,Success,Subscription,Naypyidaw,MMK,False
TXN-20240112-0003179,WALL-0005179,MERCH-00398,PM-01,DEV-01,2024-01-12 05:23:43,64.75,0.0,0.0,6,Success,Purchase,Naypyidaw,MMK,False
TXN-20240112-0003180,WALL-0094332,MERCH-00349,PM-01,DEV-02,2024-01-12 17:29:12,18.99,0.0,0.0,1,Success,Bill Payment,Phnom Penh,KHR,False
TXN-20240112-0003181,WALL-0025440,MERCH-00106,PM-01,DEV-01,2024-01-12 17:01:09,19.42,0.0,0.0,1,Success,Purchase,Pathein,MMK,False
TXN-20240112-0003182,WALL-0069260,MERCH-00090,PM-01,DEV-03,2024-01-12 18:54:17,104.89,0.0,0.0,10,Success,Purchase,Quezon City,PHP,False
TXN-20240112-0003183,WALL-0127069,MERCH-00395,PM-01,DEV-01,2024-01-12 12:25:41,27.92,0.0,0.0,2,Success,Purchase,Pathein,MMK,False
TXN-20240112-0003184,WALL-0022453,MERCH-00241,PM-01,DEV-01,2024-01-12 05:07:07,14.26,0.0,0.0,1,Success,Subscription,Mawlamyine,MMK,False
TXN-20240112-0003185,WALL-0001870,MERCH-00080,PM-04,DEV-03,2024-01-12 09:37:40,29.72,0.5943,0.5943,2,Success,Purchase,Mumbai,INR,False
TXN-20240112-0003186,WALL-0133970,MERCH-00399,PM-03,DEV-03,2024-01-12 21:04:20,20.0,0.16,0.0,2,Success,Purchase,Phnom Penh,KHR,False
TXN-20240112-0003187,WALL-0040483,MERCH-00305,PM-02,DEV-01,2024-01-12 23:03:59,352.0,0.704,28.1597,70,Success,Purchase,Bandung,MMK,False
TXN-20240112-0003188,WALL-0112389,MERCH-00009,PM-03,DEV-01,2024-01-12 20:48:58,16.13,0.1291,0.3227,1,Success,Purchase,Myitkyina,MMK,False
TXN-20240112-0003189,WALL-0005292,MERCH-00002,PM-01,DEV-01,2024-01-12 20:53:08,32.57,0.0,0.6514,3,Success,Purchase,Mawlamyine,MMK,False
TXN-20240112-0003190,WALL-0035256,MERCH-00399,PM-01,DEV-05,2024-01-12 18:31:29,20.0,0.0,0.0,2,Success,Purchase,Myitkyina,MMK,False
TXN-20240112-0003191,WALL-0030570,MERCH-00129,PM-02,DEV-04,2024-01-12 14:36:19,40.2,0.0804,0.0,4,Success,Purchase,Siem Reap,KHR,False
TXN-20240112-0003192,WALL-0054176,MERCH-00121,PM-05,DEV-01,2024-01-12 20:27:38,46.82,0.0,0.0,4,Success,Purchase,Colombo,VND,False
TXN-20240112-0003193,WALL-0050498,MERCH-00317,PM-03,DEV-01,2024-01-12 19:51:40,161.53,1.2922,0.0,16,Success,Bill Payment,Da Nang,IDR,False
TXN-20240112-0003194,WALL-0015008,MERCH-00239,PM-03,DEV-02,2024-01-12 11:08:43,16.37,0.131,0.0,1,Success,Subscription,Chennai,MMK,False
TXN-20240112-0003195,WALL-0064792,MERCH-00450,PM-03,DEV-01,2024-01-12 16:05:45,921.68,7.3734,0.0,92,Success,Tax Payment,Ho Chi Minh City,VND,False
TXN-20240112-0003196,WALL-0042120,MERCH-00474,PM-01,DEV-01,2024-01-12 19:23:58,305.72,0.0,0.0,30,Success,Payment,Mandalay,MMK,False
TXN-20240112-0003197,WALL-0131067,MERCH-00292,PM-03,DEV-02,2024-01-12 19:34:21,476.78,3.8142,38.1423,95,Success,Purchase,Mawlamyine,MMK,False
TXN-20240112-0003198,WALL-0025946,MERCH-00384,PM-01,DEV-05,2024-01-12 13:23:29,27.85,0.0,0.0,2,Success,Purchase,Mandalay,MMK,False
TXN-20240112-0003199,WALL-0109940,MERCH-00388,PM-03,DEV-03,2024-01-12 20:54:47,85.83,0.6866,0.0,8,Success,Purchase,Hanoi,VND,False
TXN-20240112-0003200,WALL-0099089,MERCH-00020,PM-05,DEV-01,2024-01-12 13:18:30,6.75,0.0,0.1349,0,Success,Purchase,Bago,MMK,False
TXN-20240112-0003201,WALL-0083706,MERCH-00157,PM-02,DEV-02,2024-01-12 02:15:59,83.01,0.166,4.1504,8,Success,Purchase,Bago,MMK,False
TXN-20240112-0003202,WALL-0024394,MERCH-00240,PM-03,DEV-01,2024-01-12 09:36:54,23.99,0.1919,0.0,2,Success,Subscription,Hyderabad,THB,False
TXN-20240112-0003203,WALL-0056912,MERCH-00147,PM-01,DEV-01,2024-01-12 10:18:19,237.55,0.0,11.8775,23,Success,Purchase,Bangalore,INR,False
TXN-20240112-0003204,WALL-0013826,MERCH-00034,PM-02,DEV-02,2024-01-12 04:10:07,26.37,0.0527,0.5275,2,Success,Purchase,Pokhara,NPR,False
TXN-20240112-0003205,WALL-0009496,MERCH-00379,PM-02,DEV-02,2024-01-12 23:12:55,74.34,0.1487,0.0,7,Success,Purchase,Kolkata,MMK,False
TXN-20240112-0003206,WALL-0116842,MERCH-00066,PM-01,DEV-01,2024-01-12 18:46:19,36.23,0.0,0.7247,3,Success,Purchase,Hanoi,VND,False
TXN-20240112-0003207,WALL-0029179,MERCH-00250,PM-01,DEV-04,2024-01-12 19:36:17,23.6,0.0,0.0,2,Success,Subscription,Mandalay,MMK,False
TXN-20240112-0003208,WALL-0105688,MERCH-00318,PM-01,DEV-01,2024-01-12 03:24:54,50.13,0.0,0.0,5,Success,Bill Payment,Naypyidaw,MMK,False
TXN-20240112-0003209,WALL-0073622,MERCH-00243,PM-01,DEV-01,2024-01-12 15:58:22,5.4,0.0,0.0,0,Success,Subscription,Delhi,INR,False
TXN-20240112-0003210,WALL-0052020,MERCH-00067,PM-01,DEV-01,2024-01-12 18:59:36,17.17,0.0,0.3434,1,Success,Purchase,Myitkyina,MMK,False
TXN-20240112-0003211,WALL-0037253,MERCH-00215,PM-02,DEV-01,2024-01-12 19:29:40,10.98,0.022,0.0,1,Success,Purchase,Medan,IDR,False
TXN-20240112-0003212,WALL-0021754,MERCH-00132,PM-02,DEV-02,2024-01-12 20:56:32,321.18,0.6424,16.0592,32,Success,Purchase,Bago,MMK,False
TXN-20240112-0003213,WALL-0145742,MERCH-00168,PM-01,DEV-01,2024-01-12 01:15:18,22.48,0.0,1.1239,2,Success,Purchase,Pune,THB,False
TXN-20240112-0003214,WALL-0121303,MERCH-00023,PM-04,DEV-03,2024-01-12 16:43:13,26.27,0.5253,0.5253,2,Success,Purchase,Naypyidaw,MMK,False
TXN-20240112-0003215,WALL-0125949,MERCH-00209,PM-02,DEV-01,2024-01-12 11:11:05,6.39,0.0128,0.0,0,Success,Purchase,Naypyidaw,MMK,False
TXN-20240112-0003216,WALL-0042432,MERCH-00403,PM-03,DEV-01,2024-01-12 15:21:20,74.92,0.5994,0.0,7,Success,Payment,Myitkyina,MMK,False
TXN-20240112-0003217,WALL-0134153,MERCH-00204,PM-03,DEV-01,2024-01-12 17:48:51,12.95,0.1036,0.0,1,Success,Purchase,Johor Bahru,MYR,False
TXN-20240112-0003218,WALL-0096084,MERCH-00070,PM-03,DEV-01,2024-01-12 03:19:16,34.52,0.2761,0.6903,3,Success,Purchase,Hyderabad,INR,False
TXN-20240112-0003219,WALL-0033569,MERCH-00083,PM-02,DEV-01,2024-01-12 16:29:48,48.92,0.0978,0.0,4,Success,Purchase,Surabaya,PHP,False
TXN-20240112-0003220,WALL-0057003,MERCH-00148,PM-01,DEV-01,2024-01-12 20:27:05,223.27,0.0,11.1634,22,Success,Purchase,Bago,MMK,False
TXN-20240112-0003221,WALL-0004628,MERCH-00113,PM-01,DEV-01,2024-01-12 20:45:58,71.62,0.0,0.0,7,Success,Purchase,Mawlamyine,MMK,False
TXN-20240112-0003222,WALL-0073079,MERCH-00116,PM-01,DEV-03,2024-01-12 17:31:34,66.2,0.0,0.0,6,Success,Purchase,Jakarta,IDR,False
TXN-20240112-0003223,WALL-0144265,MERCH-00120,PM-01,DEV-01,2024-01-12 01:02:04,43.96,0.0,0.0,4,Success,Purchase,Pune,INR,False
TXN-20240112-0003224,WALL-0099789,MERCH-00134,PM-01,DEV-03,2024-01-12 19:50:55,49.04,0.0,2.4519,4,Success,Purchase,Jaipur,INR,False
TXN-20240112-0003225,WALL-0011190,MERCH-00035,PM-01,DEV-02,2024-01-12 14:03:43,19.8,0.0,0.3961,1,Success,Purchase,Khon Kaen,INR,False
TXN-20240112-0003226,WALL-0045239,MERCH-00459,PM-02,DEV-02,2024-01-12 10:49:25,78.58,0.1572,0.0,7,Success,Payment,Da Nang,VND,False
TXN-20240112-0003227,WALL-0149700,MERCH-00076,PM-03,DEV-01,2024-01-12 21:53:44,33.47,0.2677,0.6694,3,Success,Purchase,Pathein,IDR,False
TXN-20240112-0003228,WALL-0004778,MERCH-00094,PM-01,DEV-01,2024-01-12 15:18:53,74.27,0.0,0.0,7,Success,Purchase,Chennai,INR,False
TXN-20240112-0003229,WALL-0094677,MERCH-00245,PM-01,DEV-04,2024-01-12 15:34:22,7.3,0.0,0.0,0,Success,Subscription,Islamabad,PKR,False
TXN-20240112-0003230,WALL-0004036,MERCH-00286,PM-02,DEV-01,2024-01-12 15:56:15,195.88,0.3918,15.6702,39,Success,Purchase,Bago,MMK,False
TXN-20240112-0003231,WALL-0056434,MERCH-00180,PM-01,DEV-03,2024-01-12 16:08:49,20.0,0.0,1.0,2,Success,Purchase,Pune,INR,False
TXN-20240112-0003232,WALL-0055447,MERCH-00100,PM-01,DEV-01,2024-01-12 14:35:02,43.03,0.0,0.0,4,Success,Purchase,Pathein,MMK,False
TXN-20240112-0003233,WALL-0126751,MERCH-00404,PM-02,DEV-01,2024-01-12 21:21:06,155.23,0.3105,0.0,15,Success,Payment,Khon Kaen,THB,False
TXN-20240112-0003234,WALL-0019626,MERCH-00402,PM-03,DEV-01,2024-01-12 02:31:06,172.57,1.3806,0.0,17,Success,Payment,Pathein,MMK,False
TXN-20240112-0003235,WALL-0051844,MERCH-00483,PM-03,DEV-01,2024-01-12 15:20:54,116.82,0.9345,0.0,11,Success,Payment,Bago,MMK,False
TXN-20240112-0003236,WALL-0063713,MERCH-00377,PM-01,DEV-02,2024-01-12 15:37:04,62.66,0.0,0.0,0,Failed,Purchase,Naypyidaw,MMK,False
TXN-20240112-0003237,WALL-0102647,MERCH-00013,PM-03,DEV-03,2024-01-12 18:24:18,6.75,0.054,0.135,0,Success,Purchase,Naypyidaw,MMK,False
TXN-20240112-0003238,WALL-0066103,MERCH-00026,PM-02,DEV-01,2024-01-12 17:37:38,60.84,0.1217,1.2168,6,Success,Purchase,Kathmandu,PHP,True
TXN-20240112-0003239,WALL-0017167,MERCH-00210,PM-02,DEV-03,2024-01-12 17:00:22,14.28,0.0286,0.0,1,Success,Purchase,Mandalay,MMK,False
TXN-20240112-0003240,WALL-0024678,MERCH-00230,PM-02,DEV-01,2024-01-12 16:11:11,17.23,0.0345,0.0,1,Success,Purchase,Surabaya,IDR,False
TXN-20240112-0003241,WALL-0001296,MERCH-00421,PM-02,DEV-01,2024-01-12 10:25:06,45.26,0.0905,0.0,4,Success,Payment,Davao,PHP,False
TXN-20240112-0003242,WALL-0106655,MERCH-00107,PM-04,DEV-01,2024-01-12 19:09:37,90.82,1.8164,0.0,9,Success,Purchase,Bangalore,IDR,False
TXN-20240112-0003243,WALL-0095497,MERCH-00443,PM-05,DEV-01,2024-01-12 17:22:18,755.48,0.0,0.0,75,Success,Tax Payment,Ahmedabad,MMK,False
TXN-20240112-0003244,WALL-0067575,MERCH-00057,PM-04,DEV-01,2024-01-12 04:24:37,10.03,0.2005,0.2005,1,Success,Purchase,Mawlamyine,MMK,False
TXN-20240112-0003245,WALL-0136849,MERCH-00372,PM-03,DEV-03,2024-01-12 16:29:04,124.32,0.9945,0.0,12,Success,Purchase,Phnom Penh,IDR,False
TXN-20240112-0003246,WALL-0111803,MERCH-00311,PM-01,DEV-01,2024-01-12 19:01:38,84.94,0.0,0.0,8,Success,Bill Payment,Jakarta,IDR,False
TXN-20240112-0003247,WALL-0063390,MERCH-00074,PM-03,DEV-02,2024-01-12 19:24:43,23.0,0.184,0.4599,2,Success,Purchase,Kolkata,PKR,False
TXN-20240112-0003248,WALL-0114208,MERCH-00015,PM-02,DEV-01,2024-01-12 10:28:56,11.91,0.0238,0.2383,1,Success,Purchase,Taunggyi,MMK,False
TXN-20240112-0003249,WALL-0028969,MERCH-00394,PM-02,DEV-03,2024-01-12 09:10:10,29.58,0.0592,0.0,2,Success,Purchase,Penang,MYR,False
TXN-20240112-0003250,WALL-0144125,MERCH-00060,PM-02,DEV-02,2024-01-12 17:14:13,12.63,0.0253,0.2526,1,Success,Purchase,Davao,PHP,False
TXN-20240112-0003251,WALL-0050260,MERCH-00115,PM-01,DEV-01,2024-01-12 17:39:17,145.43,0.0,0.0,14,Success,Purchase,Bandung,IDR,False
TXN-20240112-0003252,WALL-0073303,MERCH-00192,PM-01,DEV-02,2024-01-12 21:49:37,13.6,0.0,0.0,1,Success,Purchase,Ho Chi Minh City,VND,False
TXN-20240112-0003253,WALL-0034011,MERCH-00334,PM-02,DEV-01,2024-01-12 14:34:10,29.81,0.0596,0.0,2,Success,Bill Payment,Naypyidaw,MMK,False
TXN-20240112-0003254,WALL-0140560,MERCH-00212,PM-02,DEV-01,2024-01-12 18:35:54,9.31,0.0186,0.0,0,Success,Purchase,Bago,MMK,False
TXN-20240112-0003255,WALL-0079249,MERCH-00208,PM-05,DEV-01,2024-01-12 17:41:26,10.62,0.0,0.0,1,Success,Purchase,Taunggyi,MMK,False
TXN-20240112-0003256,WALL-0095097,MERCH-00355,PM-04,DEV-02,2024-01-12 15:14:46,25.68,0.5137,0.0,2,Success,Bill Payment,Myitkyina,MMK,False
TXN-20240112-0003257,WALL-0132646,MERCH-00059,PM-04,DEV-02,2024-01-12 17:30:02,43.34,0.8668,0.8668,4,Success,Purchase,Davao,PHP,False
TXN-20240112-0003258,WALL-0107238,MERCH-00429,PM-03,DEV-02,2024-01-12 19:33:42,44.54,0.3563,0.0,4,Success,Payment,Medan,IDR,False
TXN-20240112-0003259,WALL-0080847,MERCH-00063,PM-01,DEV-01,2024-01-12 17:57:42,9.31,0.0,0.1862,0,Success,Purchase,Kuala Lumpur,MMK,False
TXN-20240112-0003260,WALL-0104026,MERCH-00082,PM-01,DEV-03,2024-01-12 15:52:25,21.01,0.0,0.0,2,Success,Purchase,Dhaka,BDT,False
TXN-20240112-0003261,WALL-0102050,MERCH-00039,PM-03,DEV-02,2024-01-12 03:38:54,24.81,0.1985,0.4961,2,Success,Purchase,Phnom Penh,MMK,False
TXN-20240112-0003262,WALL-0076548,MERCH-00342,PM-04,DEV-01,2024-01-12 14:28:22,18.51,0.3702,0.0,1,Success,Bill Payment,Pune,MMK,False
TXN-20240112-0003263,WALL-0037688,MERCH-00006,PM-01,DEV-03,2024-01-12 00:55:30,7.63,0.0,0.1527,0,Success,Purchase,Delhi,VND,False
TXN-20240112-0003264,WALL-0037062,MERCH-00272,PM-05,DEV-02,2024-01-12 20:18:41,1611.86,0.0,0.0,0,Pending,Purchase,Kuala Lumpur,MYR,False
TXN-20240112-0003265,WALL-0013741,MERCH-00257,PM-01,DEV-01,2024-01-12 18:50:21,7.98,0.0,0.0,0,Success,Subscription,Naypyidaw,MMK,False
TXN-20240112-0003266,WALL-0125380,MERCH-00480,PM-01,DEV-01,2024-01-12 15:22:13,318.38,0.0,0.0,31,Success,Payment,Surabaya,IDR,False
TXN-20240112-0003267,WALL-0129683,MERCH-00312,PM-03,DEV-01,2024-01-12 23:08:55,72.52,0.5802,0.0,7,Success,Bill Payment,Kandy,LKR,True
TXN-20240112-0003268,WALL-0111027,MERCH-00147,PM-01,DEV-05,2024-01-12 09:57:23,31.84,0.0,1.5921,3,Success,Purchase,Mawlamyine,MMK,False
TXN-20240112-0003269,WALL-0116238,MERCH-00120,PM-02,DEV-01,2024-01-12 16:58:29,34.79,0.0696,0.0,3,Success,Purchase,Bago,MMK,False
TXN-20240112-0003270,WALL-0134958,MERCH-00255,PM-03,DEV-03,2024-01-12 15:04:21,19.62,0.157,0.0,1,Success,Subscription,Medan,IDR,False
TXN-20240112-0003271,WALL-0019150,MERCH-00265,PM-01,DEV-01,2024-01-12 21:09:46,13.95,0.0,0.0,1,Success,Subscription,Phuket,THB,False
TXN-20240112-0003272,WALL-0045824,MERCH-00402,PM-01,DEV-02,2024-01-12 18:39:46,351.38,0.0,0.0,35,Success,Payment,Bali,IDR,False
TXN-20240112-0003273,WALL-0017386,MERCH-00148,PM-01,DEV-02,2024-01-12 14:59:11,992.45,0.0,49.6224,99,Success,Purchase,Colombo,LKR,False
TXN-20240112-0003274,WALL-0033441,MERCH-00036,PM-01,DEV-01,2024-01-12 18:23:50,7.12,0.0,0.1425,0,Success,Purchase,Pune,INR,False
TXN-20240112-0003275,WALL-0114572,MERCH-00070,PM-02,DEV-01,2024-01-12 19:47:11,18.94,0.0379,0.3787,1,Success,Purchase,Taunggyi,MMK,False
TXN-20240112-0003276,WALL-0144359,MERCH-00112,PM-04,DEV-01,2024-01-12 15:16:51,68.0,1.3601,0.0,6,Success,Purchase,Bangalore,INR,False
TXN-20240112-0003277,WALL-0093666,MERCH-00203,PM-01,DEV-03,2024-01-12 20:15:10,5.0,0.0,0.0,0,Success,Purchase,Hanoi,VND,False
TXN-20240112-0003278,WALL-0043597,MERCH-00434,PM-04,DEV-01,2024-01-12 19:41:44,829.7,16.594,0.0,82,Success,Tax Payment,Surabaya,IDR,False
TXN-20240112-0003279,WALL-0013851,MERCH-00034,PM-04,DEV-02,2024-01-12 14:06:05,26.19,0.5237,0.5237,2,Success,Purchase,Singapore,SGD,False
TXN-20240112-0003280,WALL-0032467,MERCH-00194,PM-01,DEV-04,2024-01-12 17:49:06,12.53,0.0,0.0,1,Success,Purchase,Karachi,PKR,False
TXN-20240112-0003281,WALL-0110386,MERCH-00200,PM-01,DEV-01,2024-01-12 14:29:58,15.78,0.0,0.0,1,Success,Purchase,Lahore,PKR,False
TXN-20240112-0003282,WALL-0102900,MERCH-00375,PM-01,DEV-01,2024-01-12 12:00:23,38.61,0.0,0.0,3,Success,Purchase,Quezon City,PHP,False
TXN-20240112-0003283,WALL-0010046,MERCH-00082,PM-05,DEV-03,2024-01-12 19:26:22,73.19,0.0,0.0,7,Success,Purchase,Hyderabad,INR,False
TXN-20240112-0003284,WALL-0098293,MERCH-00195,PM-04,DEV-03,2024-01-12 15:43:21,6.36,0.1272,0.0,0,Success,Purchase,Bangalore,INR,False
TXN-20240112-0003285,WALL-0105867,MERCH-00100,PM-02,DEV-01,2024-01-12 18:39:30,29.48,0.059,0.0,2,Success,Purchase,Bangalore,INR,False
TXN-20240112-0003286,WALL-0095111,MERCH-00438,PM-01,DEV-01,2024-01-12 12:20:07,455.13,0.0,0.0,45,Success,Tax Payment,Kolkata,INR,False
TXN-20240112-0003287,WALL-0044116,MERCH-00213,PM-02,DEV-01,2024-01-12 11:25:09,7.44,0.0149,0.0,0,Success,Purchase,Myitkyina,MMK,False
TXN-20240112-0003288,WALL-0049867,MERCH-00357,PM-01,DEV-01,2024-01-12 01:50:59,87.38,0.0,0.0,8,Success,Bill Payment,Pune,INR,False
TXN-20240112-0003289,WALL-0059089,MERCH-00397,PM-04,DEV-01,2024-01-12 21:47:40,156.41,3.1283,0.0,15,Success,Purchase,Johor Bahru,MYR,False
TXN-20240112-0003290,WALL-0125212,MERCH-00019,PM-02,DEV-03,2024-01-12 19:34:36,9.32,0.0186,0.1865,0,Success,Purchase,Mandalay,MMK,False
TXN-20240112-0003291,WALL-0107623,MERCH-00460,PM-03,DEV-04,2024-01-12 18:33:14,95.1,0.7608,0.0,9,Success,Payment,Da Nang,VND,False
TXN-20240112-0003292,WALL-0140018,MERCH-00110,PM-01,DEV-01,2024-01-12 02:26:07,57.73,0.0,0.0,0,Reversed,Purchase,Chennai,INR,False
TXN-20240112-0003293,WALL-0083348,MERCH-00433,PM-02,DEV-01,2024-01-12 07:10:45,82.21,0.1644,0.0,8,Success,Tax Payment,Penang,VND,False
TXN-20240112-0003294,WALL-0085215,MERCH-00403,PM-02,DEV-01,2024-01-12 19:28:06,69.46,0.1389,0.0,6,Success,Payment,Siem Reap,KHR,False
TXN-20240112-0003295,WALL-0060965,MERCH-00092,PM-01,DEV-03,2024-01-12 16:16:08,71.7,0.0,0.0,0,Failed,Purchase,Pathein,MMK,False
TXN-20240112-0003296,WALL-0114900,MERCH-00216,PM-02,DEV-03,2024-01-12 21:54:54,7.62,0.0152,0.0,0,Success,Purchase,Surabaya,PKR,False
TXN-20240112-0003297,WALL-0027995,MERCH-00138,PM-03,DEV-03,2024-01-12 18:33:14,82.01,0.6561,4.1004,8,Success,Purchase,Taunggyi,MYR,False
TXN-20240112-0003298,WALL-0073108,MERCH-00103,PM-05,DEV-02,2024-01-12 18:42:55,42.44,0.0,0.0,4,Success,Purchase,Mandalay,MMK,False
TXN-20240112-0003299,WALL-0097126,MERCH-00092,PM-02,DEV-03,2024-01-12 15:41:06,188.73,0.3775,0.0,18,Success,Purchase,Medan,IDR,False
TXN-20240112-0003300,WALL-0028761,MERCH-00333,PM-01,DEV-04,2024-01-12 15:59:48,95.89,0.0,0.0,9,Success,Bill Payment,Bago,MMK,False
TXN-20240112-0003301,WALL-0145060,MERCH-00217,PM-03,DEV-01,2024-01-12 02:20:52,10.8,0.0864,0.0,1,Success,Purchase,Lahore,PKR,False
TXN-20240112-0003302,WALL-0133980,MERCH-00405,PM-02,DEV-02,2024-01-12 05:14:47,38.99,0.078,0.0,3,Success,Payment,Dhaka,MMK,False
TXN-20240112-0003303,WALL-0002060,MERCH-00094,PM-04,DEV-01,2024-01-12 15:27:57,73.82,1.4765,0.0,7,Success,Purchase,Yangon,MMK,False
TXN-20240112-0003304,WALL-0074532,MERCH-00375,PM-01,DEV-01,2024-01-12 19:06:52,32.25,0.0,0.0,3,Success,Purchase,Bago,LKR,False
TXN-20240112-0003305,WALL-0088469,MERCH-00244,PM-03,DEV-03,2024-01-12 15:21:20,5.95,0.0476,0.0,0,Success,Subscription,Chennai,INR,False
TXN-20240112-0003306,WALL-0125205,MERCH-00497,PM-02,DEV-01,2024-01-12 10:38:53,352.64,0.7053,0.0,35,Success,Payment,Delhi,INR,False
TXN-20240112-0003307,WALL-0086903,MERCH-00086,PM-02,DEV-05,2024-01-12 06:49:13,54.61,0.1092,0.0,5,Success,Purchase,Lahore,PKR,False
TXN-20240112-0003308,WALL-0110187,MERCH-00016,PM-03,DEV-05,2024-01-12 18:05:24,15.81,0.1265,0.3163,1,Success,Purchase,Myitkyina,INR,False
TXN-20240112-0003309,WALL-0148881,MERCH-00034,PM-02,DEV-03,2024-01-12 18:10:52,60.0,0.12,1.2,6,Success,Purchase,Bago,MMK,False
TXN-20240112-0003310,WALL-0039549,MERCH-00002,PM-01,DEV-03,2024-01-12 20:31:16,19.48,0.0,0.3896,1,Success,Purchase,Bago,MMK,False
TXN-20240112-0003311,WALL-0126966,MERCH-00224,PM-02,DEV-01,2024-01-12 15:04:50,18.66,0.0373,0.0,1,Success,Purchase,Phuket,THB,False
TXN-20240112-0003312,WALL-0075860,MERCH-00426,PM-01,DEV-03,2024-01-12 16:30:45,64.95,0.0,0.0,6,Success,Payment,Pokhara,NPR,False
TXN-20240112-0003313,WALL-0092827,MERCH-00028,PM-01,DEV-02,2024-01-12 01:05:22,6.71,0.0,0.1343,0,Success,Purchase,Phuket,THB,False
TXN-20240112-0003314,WALL-0004453,MERCH-00031,PM-03,DEV-01,2024-01-12 17:55:50,38.89,0.3111,0.7778,3,Success,Purchase,Davao,THB,False
TXN-20240112-0003315,WALL-0002802,MERCH-00082,PM-02,DEV-01,2024-01-12 12:54:17,107.04,0.2141,0.0,10,Success,Purchase,Kuala Lumpur,MYR,False
TXN-20240112-0003316,WALL-0128607,MERCH-00028,PM-04,DEV-03,2024-01-12 15:43:33,17.77,0.3553,0.3553,1,Success,Purchase,Myitkyina,MMK,False
TXN-20240112-0003317,WALL-0120354,MERCH-00324,PM-01,DEV-01,2024-01-12 21:45:21,317.09,0.0,0.0,31,Success,Bill Payment,Delhi,INR,False
TXN-20240112-0003318,WALL-0084411,MERCH-00153,PM-02,DEV-03,2024-01-12 03:20:56,312.33,0.6247,15.6165,31,Success,Purchase,Dhaka,BDT,False
TXN-20240112-0003319,WALL-0103554,MERCH-00080,PM-05,DEV-02,2024-01-12 08:14:25,51.07,0.0,1.0213,5,Success,Purchase,Phuket,THB,False
TXN-20240112-0003320,WALL-0055661,MERCH-00062,PM-02,DEV-01,2024-01-12 14:52:07,38.13,0.0763,0.0,0,Failed,Purchase,Kathmandu,NPR,False
TXN-20240112-0003321,WALL-0142173,MERCH-00436,PM-04,DEV-01,2024-01-12 10:40:49,553.87,11.0773,0.0,55,Success,Tax Payment,Manila,PHP,False
TXN-20240112-0003322,WALL-0040922,MERCH-00078,PM-01,DEV-01,2024-01-12 14:52:27,9.41,0.0,0.1881,0,Success,Purchase,Chiang Mai,INR,False
TXN-20240112-0003323,WALL-0005408,MERCH-00419,PM-01,DEV-01,2024-01-12 14:28:16,121.99,0.0,0.0,12,Success,Payment,Johor Bahru,MYR,False
TXN-20240112-0003324,WALL-0031850,MERCH-00051,PM-02,DEV-04,2024-01-12 09:43:44,18.47,0.0369,0.3694,1,Success,Purchase,Bandung,IDR,False
TXN-20240112-0003325,WALL-0075009,MERCH-00071,PM-02,DEV-01,2024-01-12 17:20:22,7.69,0.0154,0.1538,0,Success,Purchase,Naypyidaw,MMK,False
TXN-20240112-0003326,WALL-0145181,MERCH-00249,PM-01,DEV-01,2024-01-12 10:05:53,15.5,0.0,0.0,1,Success,Subscription,Mandalay,MMK,False
TXN-20240112-0003327,WALL-0144331,MERCH-00473,PM-02,DEV-01,2024-01-12 19:24:24,1946.01,3.892,0.0,194,Success,Payment,Phnom Penh,MMK,True
TXN-20240112-0003328,WALL-0112717,MERCH-00359,PM-04,DEV-01,2024-01-12 10:04:24,32.23,0.6447,0.0,3,Success,Bill Payment,Kolkata,INR,False
TXN-20240112-0003329,WALL-0137009,MERCH-00344,PM-05,DEV-01,2024-01-12 20:35:48,43.55,0.0,0.0,4,Success,Bill Payment,Chiang Mai,PKR,False
TXN-20240112-0003330,WALL-0112230,MERCH-00128,PM-04,DEV-01,2024-01-12 21:18:19,70.91,1.4183,0.0,7,Success,Purchase,Colombo,LKR,False
TXN-20240112-0003331,WALL-0084601,MERCH-00440,PM-04,DEV-01,2024-01-12 21:34:01,284.12,5.6824,0.0,28,Success,Tax Payment,Davao,PHP,False
TXN-20240112-0003332,WALL-0124094,MERCH-00107,PM-04,DEV-03,2024-01-12 17:24:06,123.32,2.4663,0.0,12,Success,Purchase,Jaipur,INR,False
TXN-20240112-0003333,WALL-0094402,MERCH-00018,PM-03,DEV-01,2024-01-12 15:52:17,6.85,0.0548,0.1371,0,Success,Purchase,Myitkyina,MMK,False
TXN-20240112-0003334,WALL-0046286,MERCH-00099,PM-03,DEV-04,2024-01-12 05:00:56,45.97,0.3678,0.0,4,Success,Purchase,Hyderabad,INR,False
TXN-20240112-0003335,WALL-0112531,MERCH-00055,PM-03,DEV-01,2024-01-12 20:31:51,14.57,0.1166,0.2914,1,Success,Purchase,Dhaka,BDT,False
TXN-20240112-0003336,WALL-0121248,MERCH-00406,PM-01,DEV-01,2024-01-12 10:17:59,48.78,0.0,0.0,4,Success,Payment,Bago,MMK,False
TXN-20240112-0003337,WALL-0032774,MERCH-00174,PM-03,DEV-03,2024-01-12 16:55:45,112.99,0.9039,5.6493,11,Success,Purchase,Jakarta,IDR,False
TXN-20240112-0003338,WALL-0100663,MERCH-00213,PM-01,DEV-02,2024-01-12 21:04:23,8.89,0.0,0.0,0,Success,Purchase,Bandung,IDR,False
TXN-20240112-0003339,WALL-0029465,MERCH-00026,PM-04,DEV-01,2024-01-12 09:20:16,20.0,0.4,0.4,2,Success,Purchase,Mandalay,MMK,False
TXN-20240112-0003340,WALL-0105257,MERCH-00123,PM-02,DEV-01,2024-01-12 14:24:42,58.81,0.1176,0.0,5,Success,Purchase,Phnom Penh,MYR,False
TXN-20240112-0003341,WALL-0026685,MERCH-00035,PM-01,DEV-01,2024-01-12 08:51:33,29.1,0.0,0.582,2,Success,Purchase,Mawlamyine,MMK,False
TXN-20240112-0003342,WALL-0070552,MERCH-00406,PM-03,DEV-01,2024-01-12 19:40:07,20.0,0.16,0.0,2,Success,Payment,Kandy,LKR,False
TXN-20240112-0003343,WALL-0125074,MERCH-00131,PM-01,DEV-01,2024-01-12 21:19:20,132.66,0.0,6.6328,13,Success,Purchase,Quezon City,PHP,False
TXN-20240112-0003344,WALL-0102755,MERCH-00324,PM-04,DEV-01,2024-01-12 14:02:06,57.88,1.1576,0.0,5,Success,Bill Payment,Jaipur,INR,False
TXN-20240112-0003345,WALL-0102316,MERCH-00066,PM-04,DEV-01,2024-01-12 10:12:24,22.59,0.4517,0.4517,2,Success,Purchase,Kathmandu,NPR,False
TXN-20240112-0003346,WALL-0107825,MERCH-00167,PM-03,DEV-02,2024-01-12 11:31:38,38.95,0.3116,1.9475,3,Success,Purchase,Khon Kaen,VND,False
TXN-20240112-0003347,WALL-0012739,MERCH-00061,PM-01,DEV-03,2024-01-12 13:56:29,11.02,0.0,0.2203,1,Success,Purchase,Bali,IDR,False
TXN-20240112-0003348,WALL-0046531,MERCH-00184,PM-01,DEV-02,2024-01-12 09:27:52,216.49,0.0,10.8243,21,Success,Purchase,Pathein,MMK,False
TXN-20240112-0003349,WALL-0108875,MERCH-00311,PM-02,DEV-01,2024-01-12 11:50:13,122.25,0.2445,0.0,12,Success,Bill Payment,Davao,PHP,False
TXN-20240112-0003350,WALL-0049429,MERCH-00307,PM-01,DEV-02,2024-01-12 10:48:22,292.01,0.0,23.3605,58,Success,Purchase,Bangalore,INR,False
TXN-20240112-0003351,WALL-0109864,MERCH-00191,PM-05,DEV-02,2024-01-12 11:04:59,11.79,0.0,0.0,1,Success,Purchase,Chennai,INR,False
TXN-20240112-0003352,WALL-0043149,MERCH-00375,PM-04,DEV-05,2024-01-12 11:49:43,73.01,1.4601,0.0,7,Success,Purchase,Mandalay,MMK,False
TXN-20240112-0003353,WALL-0041235,MERCH-00142,PM-04,DEV-01,2024-01-12 17:13:13,67.83,1.3567,3.3917,6,Success,Purchase,Quezon City,PHP,False
TXN-20240112-0003354,WALL-0034227,MERCH-00361,PM-03,DEV-01,2024-01-12 14:11:54,50.3,0.4024,0.0,5,Success,Bill Payment,Bangkok,THB,False
TXN-20240112-0003355,WALL-0122825,MERCH-00206,PM-03,DEV-01,2024-01-12 15:50:57,12.53,0.1003,0.0,1,Success,Purchase,Singapore,MMK,False
TXN-20240112-0003356,WALL-0076830,MERCH-00270,PM-01,DEV-03,2024-01-12 13:54:46,21.84,0.0,0.0,2,Success,Subscription,Kandy,IDR,False
TXN-20240112-0003357,WALL-0001083,MERCH-00037,PM-02,DEV-05,2024-01-12 14:10:06,17.92,0.0358,0.3584,1,Success,Purchase,Yangon,PKR,False
TXN-20240112-0003358,WALL-0007454,MERCH-00062,PM-03,DEV-01,2024-01-12 15:04:07,49.06,0.3925,0.9813,4,Success,Purchase,Quezon City,PHP,False
TXN-20240112-0003359,WALL-0104879,MERCH-00211,PM-02,DEV-01,2024-01-12 21:12:42,37.1,0.0742,0.0,3,Success,Purchase,Pattaya,THB,False
TXN-20240112-0003360,WALL-0043244,MERCH-00101,PM-02,DEV-01,2024-01-12 18:05:34,56.34,0.1127,0.0,5,Success,Purchase,Bago,MMK,False
TXN-20240112-0003361,WALL-0040592,MERCH-00376,PM-01,DEV-02,2024-01-12 13:11:59,95.85,0.0,0.0,0,Reversed,Purchase,Surabaya,IDR,False
TXN-20240112-0003362,WALL-0080622,MERCH-00072,PM-02,DEV-01,2024-01-12 10:40:32,8.94,0.0179,0.1788,0,Success,Purchase,Myitkyina,MMK,False
TXN-20240112-0003363,WALL-0092681,MERCH-00496,PM-01,DEV-03,2024-01-12 06:32:29,516.7,0.0,0.0,51,Success,Payment,Myitkyina,PHP,False
TXN-20240112-0003364,WALL-0053388,MERCH-00201,PM-01,DEV-01,2024-01-12 06:01:21,14.86,0.0,0.0,1,Success,Purchase,Johor Bahru,MYR,False
TXN-20240112-0003365,WALL-0110728,MERCH-00145,PM-03,DEV-01,2024-01-12 18:22:17,146.62,1.1729,7.3308,14,Success,Purchase,Yangon,MMK,False
TXN-20240112-0003366,WALL-0103028,MERCH-00104,PM-01,DEV-01,2024-01-12 14:12:24,89.71,0.0,0.0,8,Success,Purchase,Naypyidaw,MMK,False
TXN-20240112-0003367,WALL-0118901,MERCH-00264,PM-01,DEV-02,2024-01-12 07:36:30,16.41,0.0,0.0,1,Success,Subscription,Naypyidaw,MMK,False
TXN-20240112-0003368,WALL-0042351,MERCH-00077,PM-01,DEV-01,2024-01-12 13:27:39,39.54,0.0,0.7908,3,Success,Purchase,Hyderabad,THB,False
TXN-20240112-0003369,WALL-0040086,MERCH-00215,PM-01,DEV-02,2024-01-12 21:01:19,9.04,0.0,0.0,0,Success,Purchase,Kolkata,INR,False
TXN-20240112-0003370,WALL-0025927,MERCH-00328,PM-01,DEV-02,2024-01-12 16:42:52,127.1,0.0,0.0,12,Success,Bill Payment,Yangon,MMK,False
TXN-20240112-0003371,WALL-0140673,MERCH-00203,PM-01,DEV-01,2024-01-12 14:02:13,7.2,0.0,0.0,0,Success,Purchase,Bago,MMK,False
TXN-20240112-0003372,WALL-0090930,MERCH-00265,PM-01,DEV-01,2024-01-12 14:58:17,20.39,0.0,0.0,2,Success,Subscription,Mumbai,PHP,False
TXN-20240112-0003373,WALL-0140103,MERCH-00211,PM-01,DEV-01,2024-01-12 12:55:53,7.0,0.0,0.0,0,Success,Purchase,Da Nang,NPR,False
TXN-20240112-0003374,WALL-0091090,MERCH-00205,PM-04,DEV-02,2024-01-12 17:05:56,10.93,0.2186,0.0,1,Success,Purchase,Kandy,INR,False
TXN-20240112-0003375,WALL-0021532,MERCH-00237,PM-02,DEV-04,2024-01-12 21:46:24,5.39,0.0108,0.0,0,Success,Subscription,Mandalay,MMK,False
TXN-20240112-0003376,WALL-0087280,MERCH-00146,PM-02,DEV-02,2024-01-12 18:38:41,106.56,0.2131,5.328,10,Success,Purchase,Mawlamyine,MMK,False
TXN-20240112-0003377,WALL-0089447,MERCH-00308,PM-01,DEV-02,2024-01-12 16:11:25,1118.14,0.0,89.4508,223,Success,Purchase,Bago,MMK,False
TXN-20240112-0003378,WALL-0082646,MERCH-00139,PM-03,DEV-05,2024-01-12 21:31:03,20.0,0.16,1.0,2,Success,Purchase,Penang,MYR,False
TXN-20240112-0003379,WALL-0035885,MERCH-00364,PM-02,DEV-01,2024-01-12 15:32:41,85.58,0.1712,0.0,8,Success,Bill Payment,Delhi,INR,False
TXN-20240112-0003380,WALL-0098356,MERCH-00206,PM-03,DEV-01,2024-01-12 09:12:01,20.85,0.1668,0.0,2,Success,Purchase,Yangon,MMK,False
TXN-20240112-0003381,WALL-0066201,MERCH-00429,PM-01,DEV-01,2024-01-12 19:03:19,28.28,0.0,0.0,2,Success,Payment,Pune,INR,False
TXN-20240112-0003382,WALL-0031955,MERCH-00029,PM-02,DEV-02,2024-01-12 15:43:43,21.66,0.0433,0.4331,2,Success,Purchase,Kathmandu,NPR,False
TXN-20240112-0003383,WALL-0130629,MERCH-00184,PM-01,DEV-02,2024-01-12 20:55:02,39.75,0.0,1.9875,3,Success,Purchase,Jakarta,IDR,False
TXN-20240112-0003384,WALL-0077601,MERCH-00132,PM-02,DEV-01,2024-01-12 21:39:15,134.95,0.2699,6.7475,13,Success,Purchase,Penang,MYR,False
TXN-20240112-0003385,WALL-0104298,MERCH-00248,PM-05,DEV-01,2024-01-12 10:01:52,5.0,0.0,0.0,0,Success,Subscription,Khon Kaen,THB,False
TXN-20240112-0003386,WALL-0047181,MERCH-00077,PM-01,DEV-01,2024-01-12 09:42:16,25.11,0.0,0.5023,2,Success,Purchase,Mawlamyine,MMK,False
TXN-20240112-0003387,WALL-0129646,MERCH-00059,PM-02,DEV-02,2024-01-12 17:53:18,13.37,0.0267,0.2673,1,Success,Purchase,Surabaya,IDR,False
TXN-20240112-0003388,WALL-0130543,MERCH-00074,PM-01,DEV-01,2024-01-12 01:30:35,24.54,0.0,0.4908,2,Success,Purchase,Pathein,MMK,False
TXN-20240112-0003389,WALL-0100717,MERCH-00165,PM-01,DEV-01,2024-01-12 09:35:45,231.9,0.0,11.5951,23,Success,Purchase,Pathein,MMK,False
TXN-20240112-0003390,WALL-0095951,MERCH-00308,PM-02,DEV-04,2024-01-12 12:13:19,100.0,0.2,8.0,20,Success,Purchase,Johor Bahru,MYR,False
TXN-20240112-0003391,WALL-0023262,MERCH-00495,PM-04,DEV-02,2024-01-12 06:04:46,263.29,5.2657,0.0,26,Success,Payment,Delhi,INR,False
TXN-20240112-0003392,WALL-0109884,MERCH-00030,PM-04,DEV-03,2024-01-12 10:35:01,18.87,0.3773,0.3773,1,Success,Purchase,Pathein,MMK,False
TXN-20240112-0003393,WALL-0069360,MERCH-00056,PM-03,DEV-02,2024-01-12 14:27:24,9.99,0.0799,0.1998,0,Success,Purchase,Mandalay,MMK,False
TXN-20240112-0003394,WALL-0026217,MERCH-00007,PM-02,DEV-03,2024-01-12 17:09:17,8.46,0.0169,0.1691,0,Success,Purchase,Phuket,THB,False
TXN-20240112-0003395,WALL-0108613,MERCH-00351,PM-05,DEV-01,2024-01-12 09:37:44,41.29,0.0,0.0,4,Success,Bill Payment,Mandalay,MMK,False
TXN-20240112-0003396,WALL-0129247,MERCH-00044,PM-01,DEV-01,2024-01-12 11:26:05,63.35,0.0,1.2671,6,Success,Purchase,Mawlamyine,MMK,False
TXN-20240112-0003397,WALL-0149952,MERCH-00015,PM-01,DEV-01,2024-01-12 17:56:41,31.02,0.0,0.6204,3,Success,Purchase,Siem Reap,KHR,False
TXN-20240112-0003398,WALL-0143132,MERCH-00038,PM-04,DEV-01,2024-01-12 18:34:44,23.29,0.4657,0.4657,2,Success,Purchase,Naypyidaw,MMK,False
TXN-20240112-0003399,WALL-0020362,MERCH-00024,PM-01,DEV-01,2024-01-12 20:03:44,14.86,0.0,0.2972,1,Success,Purchase,Hanoi,VND,False
TXN-20240112-0003400,WALL-0083881,MERCH-00417,PM-03,DEV-05,2024-01-12 16:49:02,194.65,1.5572,0.0,19,Success,Payment,Bangalore,INR,False
TXN-20240112-0003401,WALL-0061986,MERCH-00018,PM-02,DEV-01,2024-01-12 06:15:32,32.53,0.0651,0.6505,3,Success,Purchase,Bangalore,INR,False
TXN-20240112-0003402,WALL-0116537,MERCH-00299,PM-03,DEV-05,2024-01-12 14:23:37,477.49,3.8199,38.1992,95,Success,Purchase,Kuala Lumpur,MYR,False
TXN-20240112-0003403,WALL-0035344,MERCH-00005,PM-02,DEV-02,2024-01-12 19:14:49,11.39,0.0228,0.2279,1,Success,Purchase,Naypyidaw,MMK,False
TXN-20240112-0003404,WALL-0031855,MERCH-00345,PM-01,DEV-01,2024-01-12 20:25:46,37.65,0.0,0.0,3,Success,Bill Payment,Mandalay,MMK,False
TXN-20240112-0003405,WALL-0144306,MERCH-00089,PM-04,DEV-03,2024-01-12 23:41:00,80.86,1.6171,0.0,8,Success,Purchase,Chennai,INR,False
TXN-20240112-0003406,WALL-0137058,MERCH-00017,PM-02,DEV-01,2024-01-12 19:07:53,11.38,0.0228,0.2276,1,Success,Purchase,Pathein,MMK,False
TXN-20240112-0003407,WALL-0095030,MERCH-00015,PM-02,DEV-03,2024-01-12 17:13:44,19.59,0.0392,0.3919,1,Success,Purchase,Bago,MMK,False
TXN-20240112-0003408,WALL-0012987,MERCH-00019,PM-01,DEV-01,2024-01-12 19:56:40,9.88,0.0,0.1975,0,Success,Purchase,Bago,MMK,False
TXN-20240112-0003409,WALL-0089449,MERCH-00247,PM-02,DEV-02,2024-01-12 20:57:15,26.25,0.0525,0.0,2,Success,Subscription,Mandalay,MMK,False
TXN-20240112-0003410,WALL-0032587,MERCH-00111,PM-01,DEV-02,2024-01-12 10:23:59,64.71,0.0,0.0,6,Success,Purchase,Lahore,PKR,False
TXN-20240112-0003411,WALL-0003836,MERCH-00089,PM-01,DEV-01,2024-01-12 13:54:35,63.2,0.0,0.0,6,Success,Purchase,Bandung,IDR,False
TXN-20240112-0003412,WALL-0041638,MERCH-00027,PM-01,DEV-04,2024-01-12 11:07:15,13.8,0.0,0.2759,1,Success,Purchase,Jaipur,INR,False
TXN-20240112-0003413,WALL-0007643,MERCH-00134,PM-04,DEV-02,2024-01-12 07:51:59,20.0,0.4,0.0,0,Failed,Purchase,Naypyidaw,MMK,False
TXN-20240112-0003414,WALL-0134408,MERCH-00432,PM-02,DEV-04,2024-01-12 08:47:11,610.66,1.2213,0.0,61,Success,Tax Payment,Davao,PHP,False
TXN-20240112-0003415,WALL-0013557,MERCH-00185,PM-05,DEV-01,2024-01-12 18:01:38,312.09,0.0,15.6044,31,Success,Purchase,Pattaya,THB,False
TXN-20240112-0003416,WALL-0110120,MERCH-00163,PM-03,DEV-01,2024-01-12 16:34:00,91.72,0.7338,4.586,9,Success,Purchase,Ho Chi Minh City,VND,False
TXN-20240112-0003417,WALL-0023863,MERCH-00029,PM-01,DEV-01,2024-01-12 22:13:01,49.85,0.0,0.997,4,Success,Purchase,Pune,INR,False
TXN-20240112-0003418,WALL-0127147,MERCH-00013,PM-02,DEV-01,2024-01-12 06:28:34,11.22,0.0224,0.2244,1,Success,Purchase,Da Nang,VND,False
TXN-20240112-0003419,WALL-0117211,MERCH-00022,PM-02,DEV-01,2024-01-12 15:48:34,22.59,0.0452,0.4519,2,Success,Purchase,Taunggyi,MMK,False
TXN-20240112-0003420,WALL-0035093,MERCH-00379,PM-04,DEV-01,2024-01-12 11:37:46,52.06,1.0411,0.0,5,Success,Purchase,Phuket,MMK,False
TXN-20240112-0003421,WALL-0066547,MERCH-00019,PM-02,DEV-02,2024-01-12 23:30:46,11.21,0.0224,0.2243,1,Success,Purchase,Mandalay,MMK,False
TXN-20240112-0003422,WALL-0120968,MERCH-00050,PM-01,DEV-03,2024-01-12 18:52:50,7.74,0.0,0.1548,0,Success,Purchase,Naypyidaw,MMK,False
TXN-20240112-0003423,WALL-0139226,MERCH-00103,PM-01,DEV-01,2024-01-12 18:58:54,50.3,0.0,0.0,5,Success,Purchase,Ahmedabad,INR,False
TXN-20240112-0003424,WALL-0033801,MERCH-00344,PM-03,DEV-05,2024-01-12 09:31:07,44.09,0.3527,0.0,4,Success,Bill Payment,Kathmandu,NPR,False
TXN-20240112-0003425,WALL-0072916,MERCH-00268,PM-01,DEV-02,2024-01-12 08:30:31,10.98,0.0,0.0,1,Success,Subscription,Bago,MMK,False
TXN-20240112-0003426,WALL-0060661,MERCH-00192,PM-03,DEV-01,2024-01-12 21:55:40,16.06,0.1285,0.0,1,Success,Purchase,Delhi,INR,False
TXN-20240112-0003427,WALL-0084740,MERCH-00255,PM-01,DEV-01,2024-01-12 10:48:28,54.23,0.0,0.0,5,Success,Subscription,Mawlamyine,MMK,False
TXN-20240112-0003428,WALL-0124758,MERCH-00496,PM-02,DEV-03,2024-01-12 14:12:30,50.0,0.1,0.0,5,Success,Payment,Bangalore,MMK,False
TXN-20240112-0003429,WALL-0124661,MERCH-00014,PM-04,DEV-01,2024-01-12 15:54:03,9.56,0.1911,0.1911,0,Success,Purchase,Kolkata,PHP,False
TXN-20240112-0003430,WALL-0119800,MERCH-00198,PM-01,DEV-01,2024-01-12 17:36:35,14.35,0.0,0.0,1,Success,Purchase,Medan,IDR,False
TXN-20240112-0003431,WALL-0032178,MERCH-00253,PM-03,DEV-01,2024-01-12 16:38:02,11.13,0.0891,0.0,0,Failed,Subscription,Mawlamyine,VND,False
TXN-20240112-0003432,WALL-0034196,MERCH-00066,PM-01,DEV-01,2024-01-12 15:29:32,25.67,0.0,0.5134,2,Success,Purchase,Mawlamyine,MMK,False
TXN-20240112-0003433,WALL-0010312,MERCH-00407,PM-02,DEV-01,2024-01-12 15:09:05,26.44,0.0529,0.0,0,Failed,Payment,Naypyidaw,MMK,False
TXN-20240112-0003434,WALL-0135608,MERCH-00414,PM-01,DEV-01,2024-01-12 15:46:55,156.82,0.0,0.0,15,Success,Payment,Penang,MYR,False
TXN-20240112-0003435,WALL-0090278,MERCH-00257,PM-02,DEV-01,2024-01-12 16:49:02,18.21,0.0364,0.0,1,Success,Subscription,Hyderabad,INR,False
TXN-20240112-0003436,WALL-0089121,MERCH-00101,PM-02,DEV-02,2024-01-12 15:09:11,32.85,0.0657,0.0,3,Success,Purchase,Hyderabad,INR,False
TXN-20240112-0003437,WALL-0078523,MERCH-00447,PM-03,DEV-02,2024-01-12 18:38:32,192.92,1.5434,0.0,0,Pending,Tax Payment,Mawlamyine,MMK,False
TXN-20240112-0003438,WALL-0001943,MERCH-00219,PM-01,DEV-03,2024-01-12 00:37:16,32.94,0.0,0.0,3,Success,Purchase,Lahore,PKR,True
TXN-20240112-0003439,WALL-0144973,MERCH-00327,PM-04,DEV-01,2024-01-12 18:27:42,52.33,1.0465,0.0,5,Success,Bill Payment,Hanoi,VND,False
TXN-20240112-0003440,WALL-0119041,MERCH-00097,PM-03,DEV-01,2024-01-12 17:17:38,69.09,0.5527,0.0,6,Success,Purchase,Myitkyina,MMK,False
TXN-20240112-0003441,WALL-0117254,MERCH-00453,PM-04,DEV-03,2024-01-12 12:42:00,178.67,3.5735,0.0,17,Success,Payment,Taunggyi,PKR,False
TXN-20240112-0003442,WALL-0133687,MERCH-00476,PM-01,DEV-02,2024-01-12 10:27:52,172.74,0.0,0.0,17,Success,Payment,Islamabad,PKR,False
TXN-20240112-0003443,WALL-0011846,MERCH-00233,PM-04,DEV-01,2024-01-12 20:56:00,14.39,0.2878,0.0,1,Success,Subscription,Davao,THB,False
TXN-20240112-0003444,WALL-0055890,MERCH-00276,PM-01,DEV-01,2024-01-12 11:26:37,433.1,0.0,34.6476,86,Success,Purchase,Mandalay,MMK,False
TXN-20240112-0003445,WALL-0129999,MERCH-00058,PM-03,DEV-05,2024-01-12 16:22:54,10.48,0.0838,0.2096,1,Success,Purchase,Myitkyina,MMK,False
TXN-20240112-0003446,WALL-0134930,MERCH-00037,PM-01,DEV-01,2024-01-12 17:15:43,56.27,0.0,1.1255,5,Success,Purchase,Davao,PHP,False
TXN-20240112-0003447,WALL-0066285,MERCH-00044,PM-04,DEV-01,2024-01-12 08:01:53,18.38,0.3675,0.3675,1,Success,Purchase,Kolkata,MMK,False
TXN-20240112-0003448,WALL-0032960,MERCH-00199,PM-01,DEV-02,2024-01-12 15:06:05,7.17,0.0,0.0,0,Success,Purchase,Lahore,MMK,False
TXN-20240112-0003449,WALL-0122718,MERCH-00488,PM-04,DEV-01,2024-01-12 15:38:35,112.0,2.2399,0.0,11,Success,Payment,Bali,IDR,False
TXN-20240112-0003450,WALL-0015070,MERCH-00127,PM-02,DEV-01,2024-01-12 15:17:51,22.71,0.0454,0.0,2,Success,Purchase,Pokhara,NPR,False
TXN-20240112-0003451,WALL-0131759,MERCH-00244,PM-02,DEV-01,2024-01-12 16:24:42,17.27,0.0345,0.0,1,Success,Subscription,Bago,MMK,False
TXN-20240112-0003452,WALL-0033831,MERCH-00213,PM-02,DEV-01,2024-01-12 17:42:11,17.36,0.0347,0.0,1,Success,Purchase,Bangkok,MMK,False
TXN-20240112-0003453,WALL-0121408,MERCH-00241,PM-03,DEV-04,2024-01-12 11:30:41,7.67,0.0614,0.0,0,Success,Subscription,Mawlamyine,MMK,False
TXN-20240112-0003454,WALL-0029767,MERCH-00125,PM-01,DEV-03,2024-01-12 10:57:33,48.21,0.0,0.0,4,Success,Purchase,Mawlamyine,MMK,False
TXN-20240112-0003455,WALL-0018910,MERCH-00338,PM-01,DEV-02,2024-01-12 20:41:21,47.71,0.0,0.0,4,Success,Bill Payment,Surabaya,IDR,False
TXN-20240112-0003456,WALL-0127380,MERCH-00319,PM-01,DEV-02,2024-01-12 14:07:13,47.76,0.0,0.0,4,Success,Bill Payment,Naypyidaw,MMK,False
TXN-20240112-0003457,WALL-0079606,MERCH-00401,PM-01,DEV-01,2024-01-12 14:42:35,50.05,0.0,0.0,5,Success,Payment,Pattaya,THB,False
TXN-20240112-0003458,WALL-0016277,MERCH-00458,PM-04,DEV-03,2024-01-12 12:41:24,50.0,1.0,0.0,5,Success,Payment,Jakarta,IDR,False
TXN-20240112-0003459,WALL-0011588,MERCH-00433,PM-01,DEV-01,2024-01-12 20:08:17,188.36,0.0,0.0,18,Success,Tax Payment,Delhi,PKR,False
TXN-20240112-0003460,WALL-0008007,MERCH-00459,PM-02,DEV-01,2024-01-12 05:52:36,108.45,0.2169,0.0,10,Success,Payment,Bangkok,PKR,False
TXN-20240112-0003461,WALL-0061148,MERCH-00050,PM-02,DEV-01,2024-01-12 16:07:56,29.69,0.0594,0.5939,2,Success,Purchase,Chittagong,BDT,False
TXN-20240112-0003462,WALL-0058552,MERCH-00008,PM-02,DEV-01,2024-01-12 01:25:47,45.5,0.091,0.9099,4,Success,Purchase,Hanoi,VND,False
TXN-20240112-0003463,WALL-0095835,MERCH-00470,PM-01,DEV-04,2024-01-12 21:47:00,112.19,0.0,0.0,11,Success,Payment,Mandalay,MMK,False
TXN-20240112-0003464,WALL-0078261,MERCH-00141,PM-02,DEV-04,2024-01-12 13:20:10,66.72,0.1334,3.3359,6,Success,Purchase,Ahmedabad,INR,False
TXN-20240112-0003465,WALL-0105705,MERCH-00343,PM-01,DEV-02,2024-01-12 12:02:02,44.97,0.0,0.0,4,Success,Bill Payment,Dhaka,BDT,False
TXN-20240112-0003466,WALL-0116655,MERCH-00377,PM-05,DEV-01,2024-01-12 13:20:32,40.54,0.0,0.0,4,Success,Purchase,Yangon,MMK,False
TXN-20240112-0003467,WALL-0134967,MERCH-00064,PM-01,DEV-04,2024-01-12 15:06:34,17.11,0.0,0.3421,1,Success,Purchase,Mawlamyine,MMK,False
TXN-20240112-0003468,WALL-0129551,MERCH-00028,PM-05,DEV-01,2024-01-12 08:30:00,12.03,0.0,0.2407,1,Success,Purchase,Pathein,MMK,False
TXN-20240112-0003469,WALL-0042439,MERCH-00164,PM-01,DEV-01,2024-01-12 21:51:06,157.53,0.0,7.8765,15,Success,Purchase,Myitkyina,MMK,False
TXN-20240112-0003470,WALL-0126023,MERCH-00405,PM-04,DEV-01,2024-01-12 13:33:38,256.25,5.125,0.0,25,Success,Payment,Lahore,PKR,False
TXN-20240112-0003471,WALL-0103726,MERCH-00225,PM-01,DEV-01,2024-01-12 13:33:45,24.07,0.0,0.0,2,Success,Purchase,Colombo,LKR,False
TXN-20240112-0003472,WALL-0145043,MERCH-00077,PM-03,DEV-03,2024-01-12 18:41:42,22.79,0.1823,0.4557,2,Success,Purchase,Siem Reap,KHR,False
TXN-20240112-0003473,WALL-0074573,MERCH-00308,PM-02,DEV-04,2024-01-12 11:26:59,228.14,0.4563,18.251,45,Success,Purchase,Chittagong,MMK,False
TXN-20240112-0003474,WALL-0123727,MERCH-00417,PM-02,DEV-01,2024-01-12 04:10:23,35.7,0.0714,0.0,3,Success,Payment,Mawlamyine,MMK,False
TXN-20240112-0003475,WALL-0139112,MERCH-00070,PM-03,DEV-01,2024-01-12 18:38:08,17.29,0.1383,0.3458,1,Success,Purchase,Khon Kaen,MMK,False
TXN-20240112-0003476,WALL-0007826,MERCH-00100,PM-01,DEV-03,2024-01-12 21:40:19,33.9,0.0,0.0,0,Failed,Purchase,Mandalay,MMK,False
TXN-20240112-0003477,WALL-0080015,MERCH-00069,PM-01,DEV-01,2024-01-12 08:21:56,17.29,0.0,0.3458,1,Success,Purchase,Myitkyina,MMK,False
TXN-20240112-0003478,WALL-0010357,MERCH-00204,PM-02,DEV-01,2024-01-12 08:28:29,5.0,0.01,0.0,0,Success,Purchase,Taunggyi,MMK,False
TXN-20240112-0003479,WALL-0119654,MERCH-00346,PM-05,DEV-02,2024-01-12 18:17:04,26.25,0.0,0.0,2,Success,Bill Payment,Ho Chi Minh City,VND,False
TXN-20240112-0003480,WALL-0033770,MERCH-00373,PM-04,DEV-01,2024-01-12 17:49:08,77.96,1.5593,0.0,7,Success,Purchase,Chittagong,BDT,False
TXN-20240112-0003481,WALL-0087650,MERCH-00300,PM-04,DEV-01,2024-01-12 15:21:36,1674.61,33.4923,133.9692,334,Success,Purchase,Bago,MMK,False
TXN-20240112-0003482,WALL-0007195,MERCH-00101,PM-04,DEV-01,2024-01-12 06:09:28,63.81,1.2761,0.0,6,Success,Purchase,Taunggyi,MMK,False
TXN-20240112-0003483,WALL-0007575,MERCH-00301,PM-03,DEV-03,2024-01-12 15:55:05,336.43,2.6914,26.9141,67,Success,Purchase,Mandalay,MMK,False
TXN-20240112-0003484,WALL-0004827,MERCH-00292,PM-05,DEV-03,2024-01-12 07:09:55,519.93,0.0,41.5943,103,Success,Purchase,Bago,MMK,False
TXN-20240112-0003485,WALL-0112141,MERCH-00223,PM-04,DEV-04,2024-01-12 05:00:11,6.1,0.1221,0.0,0,Success,Purchase,Medan,IDR,False
TXN-20240112-0003486,WALL-0082937,MERCH-00487,PM-01,DEV-01,2024-01-12 21:31:42,200.08,0.0,0.0,20,Success,Payment,Colombo,LKR,False
TXN-20240112-0003487,WALL-0113243,MERCH-00189,PM-04,DEV-01,2024-01-12 21:11:16,26.43,0.5286,1.3215,2,Success,Purchase,Mawlamyine,MMK,False
TXN-20240112-0003488,WALL-0119620,MERCH-00450,PM-02,DEV-01,2024-01-12 19:55:57,50.0,0.1,0.0,5,Success,Tax Payment,Pathein,MMK,False
TXN-20240112-0003489,WALL-0025203,MERCH-00230,PM-03,DEV-01,2024-01-12 16:43:51,16.01,0.1281,0.0,1,Success,Purchase,Mawlamyine,MMK,False
TXN-20240112-0003490,WALL-0028390,MERCH-00084,PM-03,DEV-02,2024-01-12 19:22:40,44.84,0.3587,0.0,4,Success,Purchase,Mandalay,MMK,False
TXN-20240112-0003491,WALL-0099617,MERCH-00270,PM-04,DEV-01,2024-01-12 21:36:52,18.53,0.3706,0.0,1,Success,Subscription,Penang,MYR,False
TXN-20240112-0003492,WALL-0099007,MERCH-00034,PM-03,DEV-01,2024-01-12 09:25:48,25.95,0.2076,0.519,2,Success,Purchase,Jaipur,MMK,False
TXN-20240112-0003493,WALL-0079803,MERCH-00013,PM-01,DEV-03,2024-01-12 14:31:19,20.62,0.0,0.4125,2,Success,Purchase,Lahore,MMK,False
TXN-20240112-0003494,WALL-0040389,MERCH-00195,PM-05,DEV-01,2024-01-12 19:09:59,6.49,0.0,0.0,0,Success,Purchase,Mandalay,MMK,False
TXN-20240112-0003495,WALL-0043982,MERCH-00402,PM-03,DEV-01,2024-01-12 18:36:24,45.41,0.3633,0.0,4,Success,Payment,Mandalay,MMK,False
TXN-20240112-0003496,WALL-0104400,MERCH-00394,PM-03,DEV-01,2024-01-12 13:06:22,21.24,0.1699,0.0,0,Failed,Purchase,Johor Bahru,MYR,False
TXN-20240112-0003497,WALL-0090466,MERCH-00359,PM-01,DEV-01,2024-01-12 04:19:33,50.83,0.0,0.0,5,Success,Bill Payment,Khon Kaen,INR,False
TXN-20240112-0003498,WALL-0029795,MERCH-00131,PM-01,DEV-05,2024-01-12 20:32:32,36.78,0.0,1.8388,3,Success,Purchase,Delhi,NPR,False
TXN-20240112-0003499,WALL-0121257,MERCH-00092,PM-04,DEV-02,2024-01-12 06:47:28,103.89,2.0777,0.0,10,Success,Purchase,Mandalay,MMK,False
TXN-20240112-0003500,WALL-0133423,MERCH-00144,PM-01,DEV-05,2024-01-12 05:53:46,51.86,0.0,0.0,0,Failed,Purchase,Kuala Lumpur,MYR,False
TXN-20240112-0003501,WALL-0054398,MERCH-00202,PM-04,DEV-01,2024-01-12 20:32:31,12.13,0.2425,0.0,1,Success,Purchase,Pathein,MMK,False
TXN-20240112-0003502,WALL-0124882,MERCH-00422,PM-01,DEV-01,2024-01-12 12:47:44,459.08,0.0,0.0,45,Success,Payment,Bago,MMK,False
TXN-20240112-0003503,WALL-0031093,MERCH-00015,PM-01,DEV-02,2024-01-12 06:00:46,17.91,0.0,0.3582,1,Success,Purchase,Lahore,VND,False
TXN-20240112-0003504,WALL-0117874,MERCH-00285,PM-02,DEV-04,2024-01-12 22:06:08,240.7,0.4814,19.256,48,Success,Purchase,Islamabad,PKR,False
TXN-20240112-0003505,WALL-0043667,MERCH-00361,PM-02,DEV-01,2024-01-12 01:58:00,21.69,0.0434,0.0,2,Success,Bill Payment,Yangon,MMK,False
TXN-20240112-0003506,WALL-0111257,MERCH-00245,PM-01,DEV-01,2024-01-12 08:02:48,24.15,0.0,0.0,2,Success,Subscription,Kuala Lumpur,MYR,False
TXN-20240112-0003507,WALL-0098666,MERCH-00122,PM-02,DEV-01,2024-01-12 09:19:18,138.59,0.2772,0.0,13,Success,Purchase,Pathein,MMK,False
TXN-20240112-0003508,WALL-0098369,MERCH-00411,PM-01,DEV-01,2024-01-12 12:15:55,86.48,0.0,0.0,8,Success,Payment,Yangon,MMK,False
TXN-20240112-0003509,WALL-0111807,MERCH-00153,PM-01,DEV-01,2024-01-12 12:34:45,101.32,0.0,5.0658,10,Success,Purchase,Myitkyina,MMK,False
TXN-20240112-0003510,WALL-0118736,MERCH-00004,PM-03,DEV-03,2024-01-12 06:25:49,18.19,0.1455,0.3638,1,Success,Purchase,Kolkata,INR,False
TXN-20240112-0003511,WALL-0053911,MERCH-00115,PM-01,DEV-02,2024-01-12 00:12:48,24.78,0.0,0.0,2,Success,Purchase,Bangkok,THB,False
TXN-20240112-0003512,WALL-0073635,MERCH-00358,PM-02,DEV-01,2024-01-12 13:58:08,53.65,0.1073,0.0,5,Success,Bill Payment,Bangkok,THB,False
TXN-20240112-0003513,WALL-0072553,MERCH-00065,PM-02,DEV-03,2024-01-12 10:19:33,10.68,0.0214,0.2136,1,Success,Purchase,Medan,IDR,False
TXN-20240112-0003514,WALL-0112034,MERCH-00039,PM-04,DEV-01,2024-01-12 22:49:51,28.03,0.5607,0.0,0,Reversed,Purchase,Naypyidaw,MMK,False
TXN-20240112-0003515,WALL-0066706,MERCH-00172,PM-01,DEV-01,2024-01-12 14:36:09,31.06,0.0,1.5531,3,Success,Purchase,Chennai,INR,False
TXN-20240112-0003516,WALL-0092700,MERCH-00294,PM-01,DEV-01,2024-01-12 21:24:41,2979.67,0.0,238.3739,595,Success,Purchase,Pathein,MMK,False
TXN-20240112-0003517,WALL-0112293,MERCH-00047,PM-01,DEV-02,2024-01-12 19:31:30,22.65,0.0,0.453,2,Success,Purchase,Hanoi,VND,False
TXN-20240112-0003518,WALL-0094175,MERCH-00327,PM-03,DEV-03,2024-01-12 19:05:28,132.19,1.0576,0.0,13,Success,Bill Payment,Chittagong,MMK,False
TXN-20240112-0003519,WALL-0131294,MERCH-00125,PM-03,DEV-01,2024-01-12 06:02:36,77.83,0.6227,0.0,7,Success,Purchase,Myitkyina,MMK,False
TXN-20240112-0003520,WALL-0127017,MERCH-00326,PM-02,DEV-01,2024-01-12 15:16:22,98.99,0.198,0.0,9,Success,Bill Payment,Bago,MMK,False
TXN-20240112-0003521,WALL-0067529,MERCH-00356,PM-04,DEV-01,2024-01-12 05:06:24,82.27,1.6454,0.0,8,Success,Bill Payment,Lahore,PKR,False
TXN-20240112-0003522,WALL-0040036,MERCH-00042,PM-03,DEV-01,2024-01-12 17:29:05,36.5,0.292,0.7301,3,Success,Purchase,Davao,PHP,False
TXN-20240112-0003523,WALL-0143579,MERCH-00348,PM-01,DEV-04,2024-01-12 18:09:59,46.86,0.0,0.0,4,Success,Bill Payment,Kolkata,INR,False
TXN-20240112-0003524,WALL-0052152,MERCH-00052,PM-01,DEV-03,2024-01-12 19:29:07,15.32,0.0,0.3064,1,Success,Purchase,Bago,MMK,False
TXN-20240112-0003525,WALL-0146861,MERCH-00221,PM-01,DEV-05,2024-01-12 16:53:34,5.69,0.0,0.0,0,Success,Purchase,Pathein,MMK,False
TXN-20240112-0003526,WALL-0134534,MERCH-00468,PM-02,DEV-03,2024-01-12 17:48:58,79.84,0.1597,0.0,7,Success,Payment,Lahore,PKR,False
TXN-20240112-0003527,WALL-0146608,MERCH-00059,PM-03,DEV-01,2024-01-12 18:07:59,6.43,0.0514,0.1286,0,Success,Purchase,Cebu City,PHP,False
TXN-20240112-0003528,WALL-0047923,MERCH-00021,PM-02,DEV-03,2024-01-12 22:06:38,11.89,0.0238,0.2378,1,Success,Purchase,Cebu City,MYR,False
TXN-20240112-0003529,WALL-0105697,MERCH-00202,PM-04,DEV-02,2024-01-12 06:30:34,8.46,0.1692,0.0,0,Success,Purchase,Bangalore,INR,False
TXN-20240112-0003530,WALL-0094810,MERCH-00373,PM-03,DEV-01,2024-01-12 18:39:08,26.62,0.213,0.0,2,Success,Purchase,Yangon,MMK,False
TXN-20240112-0003531,WALL-0116428,MERCH-00163,PM-01,DEV-01,2024-01-12 13:12:29,60.22,0.0,3.0112,6,Success,Purchase,Mandalay,MMK,False
TXN-20240112-0003532,WALL-0112412,MERCH-00056,PM-01,DEV-01,2024-01-12 11:51:17,21.67,0.0,0.4335,2,Success,Purchase,Kuala Lumpur,MYR,False
TXN-20240112-0003533,WALL-0062523,MERCH-00318,PM-01,DEV-01,2024-01-12 13:10:13,194.81,0.0,0.0,19,Success,Bill Payment,Mandalay,MMK,False
TXN-20240112-0003534,WALL-0108354,MERCH-00056,PM-04,DEV-01,2024-01-12 20:27:02,88.34,1.7667,1.7667,8,Success,Purchase,Kolkata,INR,False
TXN-20240112-0003535,WALL-0135070,MERCH-00277,PM-02,DEV-03,2024-01-12 15:18:04,249.84,0.4997,19.9874,49,Success,Purchase,Pathein,MMK,False
TXN-20240112-0003536,WALL-0131196,MERCH-00060,PM-02,DEV-03,2024-01-12 10:41:07,8.11,0.0162,0.1621,0,Success,Purchase,Karachi,MMK,False
TXN-20240112-0003537,WALL-0104134,MERCH-00217,PM-01,DEV-01,2024-01-12 05:32:49,25.13,0.0,0.0,2,Success,Purchase,Mawlamyine,MMK,False
TXN-20240112-0003538,WALL-0012342,MERCH-00380,PM-01,DEV-01,2024-01-12 05:10:21,38.94,0.0,0.0,3,Success,Purchase,Myitkyina,MMK,False
TXN-20240112-0003539,WALL-0003855,MERCH-00133,PM-04,DEV-01,2024-01-12 03:00:44,124.52,2.4904,6.226,12,Success,Purchase,Myitkyina,MMK,False
TXN-20240112-0003540,WALL-0042487,MERCH-00336,PM-02,DEV-04,2024-01-12 21:55:19,123.35,0.2467,0.0,12,Success,Bill Payment,Mawlamyine,MMK,False
TXN-20240112-0003541,WALL-0054108,MERCH-00100,PM-02,DEV-01,2024-01-12 16:43:49,23.76,0.0475,0.0,2,Success,Purchase,Taunggyi,MMK,False
TXN-20240112-0003542,WALL-0058445,MERCH-00300,PM-02,DEV-03,2024-01-12 10:39:02,388.31,0.7766,31.0647,77,Success,Purchase,Bago,MMK,False
TXN-20240112-0003543,WALL-0081546,MERCH-00402,PM-01,DEV-04,2024-01-12 15:30:38,20.0,0.0,0.0,2,Success,Payment,Naypyidaw,MMK,False
TXN-20240112-0003544,WALL-0041236,MERCH-00166,PM-02,DEV-05,2024-01-12 16:35:21,58.1,0.1162,2.9049,5,Success,Purchase,Mandalay,MMK,False
TXN-20240112-0003545,WALL-0073608,MERCH-00223,PM-02,DEV-01,2024-01-12 21:39:43,29.72,0.0594,0.0,2,Success,Purchase,Naypyidaw,MMK,False
TXN-20240112-0003546,WALL-0061869,MERCH-00078,PM-04,DEV-02,2024-01-12 19:10:47,19.56,0.3912,0.3912,1,Success,Purchase,Mandalay,MMK,False
TXN-20240112-0003547,WALL-0027828,MERCH-00441,PM-01,DEV-03,2024-01-12 01:21:55,195.46,0.0,0.0,19,Success,Tax Payment,Myitkyina,MMK,False
TXN-20240112-0003548,WALL-0121122,MERCH-00233,PM-03,DEV-05,2024-01-12 13:43:42,43.68,0.3495,0.0,4,Success,Subscription,Surabaya,MMK,False
TXN-20240112-0003549,WALL-0041659,MERCH-00141,PM-04,DEV-02,2024-01-12 10:39:03,86.91,1.7383,0.0,0,Failed,Purchase,Pathein,MMK,False
TXN-20240112-0003550,WALL-0007791,MERCH-00359,PM-01,DEV-04,2024-01-12 14:18:37,59.13,0.0,0.0,5,Success,Bill Payment,Myitkyina,MMK,False
TXN-20240112-0003551,WALL-0059257,MERCH-00008,PM-05,DEV-01,2024-01-12 09:41:42,16.72,0.0,0.3343,1,Success,Purchase,Jaipur,PHP,False
TXN-20240112-0003552,WALL-0137740,MERCH-00479,PM-01,DEV-01,2024-01-12 17:01:52,460.84,0.0,0.0,46,Success,Payment,Bangkok,THB,False
TXN-20240112-0003553,WALL-0075317,MERCH-00351,PM-02,DEV-03,2024-01-12 12:14:25,26.55,0.0531,0.0,2,Success,Bill Payment,Yangon,MMK,False
TXN-20240112-0003554,WALL-0081653,MERCH-00474,PM-01,DEV-01,2024-01-12 06:01:51,251.06,0.0,0.0,25,Success,Payment,Quezon City,PHP,False
TXN-20240112-0003555,WALL-0007823,MERCH-00239,PM-01,DEV-03,2024-01-12 19:15:41,11.24,0.0,0.0,1,Success,Subscription,Taunggyi,MMK,False
TXN-20240112-0003556,WALL-0085265,MERCH-00166,PM-02,DEV-01,2024-01-12 19:12:10,109.34,0.2187,5.467,10,Success,Purchase,Penang,MYR,False
TXN-20240112-0003557,WALL-0011509,MERCH-00489,PM-01,DEV-02,2024-01-12 20:39:54,134.94,0.0,0.0,13,Success,Payment,Kandy,LKR,False
TXN-20240112-0003558,WALL-0137303,MERCH-00036,PM-02,DEV-04,2024-01-12 13:53:47,13.33,0.0267,0.2666,1,Success,Purchase,Cebu City,PHP,False
TXN-20240112-0003559,WALL-0099581,MERCH-00393,PM-03,DEV-01,2024-01-12 00:19:18,43.69,0.3496,0.0,4,Success,Purchase,Siem Reap,KHR,False
TXN-20240112-0003560,WALL-0118872,MERCH-00225,PM-01,DEV-01,2024-01-12 15:23:22,7.28,0.0,0.0,0,Success,Purchase,Penang,MYR,False
TXN-20240112-0003561,WALL-0081610,MERCH-00258,PM-01,DEV-05,2024-01-12 18:54:47,10.39,0.0,0.0,0,Failed,Subscription,Mumbai,MMK,False
TXN-20240112-0003562,WALL-0086882,MERCH-00448,PM-04,DEV-01,2024-01-12 08:04:40,55.41,1.1082,0.0,5,Success,Tax Payment,Bandung,MMK,False
TXN-20240112-0003563,WALL-0114177,MERCH-00395,PM-04,DEV-02,2024-01-12 14:52:30,50.33,1.0066,0.0,5,Success,Purchase,Mumbai,INR,False
TXN-20240112-0003564,WALL-0023092,MERCH-00197,PM-01,DEV-03,2024-01-12 14:41:42,31.86,0.0,0.0,3,Success,Purchase,Pathein,MMK,False
TXN-20240112-0003565,WALL-0097199,MERCH-00387,PM-01,DEV-04,2024-01-12 17:49:43,26.34,0.0,0.0,2,Success,Purchase,Myitkyina,MMK,False
TXN-20240112-0003566,WALL-0039888,MERCH-00019,PM-02,DEV-01,2024-01-12 13:26:16,32.48,0.065,0.6495,3,Success,Purchase,Siem Reap,MMK,False
TXN-20240112-0003567,WALL-0089379,MERCH-00039,PM-01,DEV-01,2024-01-12 07:22:04,42.0,0.0,0.84,4,Success,Purchase,Phuket,MMK,False
TXN-20240112-0003568,WALL-0145812,MERCH-00365,PM-02,DEV-01,2024-01-12 09:19:49,57.13,0.1143,0.0,5,Success,Bill Payment,Surabaya,IDR,False
TXN-20240112-0003569,WALL-0029478,MERCH-00407,PM-04,DEV-01,2024-01-12 21:42:35,380.67,7.6134,0.0,38,Success,Payment,Chennai,MMK,False
TXN-20240112-0003570,WALL-0039102,MERCH-00446,PM-01,DEV-01,2024-01-12 20:48:31,63.46,0.0,0.0,6,Success,Tax Payment,Naypyidaw,MMK,False
TXN-20240112-0003571,WALL-0073051,MERCH-00036,PM-01,DEV-04,2024-01-12 13:31:54,15.24,0.0,0.3048,1,Success,Purchase,Pattaya,THB,False
TXN-20240112-0003572,WALL-0139935,MERCH-00325,PM-01,DEV-01,2024-01-12 11:23:47,210.0,0.0,0.0,21,Success,Bill Payment,Bali,IDR,False
TXN-20240112-0003573,WALL-0138729,MERCH-00164,PM-02,DEV-03,2024-01-12 19:41:40,45.9,0.0918,2.295,4,Success,Purchase,Pattaya,THB,False
TXN-20240112-0003574,WALL-0131061,MERCH-00126,PM-05,DEV-01,2024-01-12 12:54:09,82.11,0.0,0.0,8,Success,Purchase,Taunggyi,INR,False
TXN-20240112-0003575,WALL-0075595,MERCH-00056,PM-04,DEV-05,2024-01-12 20:46:39,7.03,0.1406,0.1406,0,Success,Purchase,Kathmandu,NPR,False
TXN-20240112-0003576,WALL-0050525,MERCH-00075,PM-01,DEV-01,2024-01-12 19:25:44,17.59,0.0,0.3518,1,Success,Purchase,Bago,MMK,False
TXN-20240112-0003577,WALL-0056263,MERCH-00369,PM-03,DEV-01,2024-01-12 17:03:13,20.3,0.1624,0.0,2,Success,Bill Payment,Pathein,MMK,False
TXN-20240112-0003578,WALL-0143144,MERCH-00068,PM-01,DEV-03,2024-01-12 18:00:00,29.31,0.0,0.5861,2,Success,Purchase,Bangalore,PHP,False
TXN-20240112-0003579,WALL-0089223,MERCH-00069,PM-02,DEV-01,2024-01-12 16:36:14,51.63,0.1033,1.0325,5,Success,Purchase,Da Nang,VND,False
TXN-20240112-0003580,WALL-0113522,MERCH-00261,PM-01,DEV-02,2024-01-12 03:47:04,18.97,0.0,0.0,1,Success,Subscription,Kandy,LKR,False
TXN-20240112-0003581,WALL-0043879,MERCH-00069,PM-01,DEV-03,2024-01-12 20:20:40,16.15,0.0,0.3229,1,Success,Purchase,Chittagong,BDT,False
TXN-20240112-0003582,WALL-0016839,MERCH-00146,PM-03,DEV-01,2024-01-12 21:07:30,23.32,0.1865,1.1658,2,Success,Purchase,Jaipur,INR,False
TXN-20240112-0003583,WALL-0041310,MERCH-00130,PM-01,DEV-01,2024-01-12 14:05:03,62.29,0.0,0.0,6,Success,Purchase,Ho Chi Minh City,INR,False
TXN-20240112-0003584,WALL-0026932,MERCH-00043,PM-03,DEV-01,2024-01-12 13:38:29,38.38,0.307,0.7675,3,Success,Purchase,Mandalay,MMK,False
TXN-20240112-0003585,WALL-0032940,MERCH-00095,PM-05,DEV-01,2024-01-12 12:22:49,44.45,0.0,0.0,4,Success,Purchase,Siem Reap,KHR,False
TXN-20240112-0003586,WALL-0038111,MERCH-00192,PM-01,DEV-03,2024-01-12 06:41:18,27.18,0.0,0.0,2,Success,Purchase,Mawlamyine,MMK,False
TXN-20240112-0003587,WALL-0019648,MERCH-00410,PM-03,DEV-02,2024-01-12 21:12:18,159.08,1.2726,0.0,15,Success,Payment,Mumbai,INR,False
TXN-20240112-0003588,WALL-0029060,MERCH-00367,PM-01,DEV-04,2024-01-12 17:02:55,40.48,0.0,0.0,4,Success,Bill Payment,Chittagong,BDT,False
TXN-20240112-0003589,WALL-0111505,MERCH-00385,PM-02,DEV-02,2024-01-12 13:33:25,98.28,0.1966,0.0,9,Success,Purchase,Ho Chi Minh City,VND,False
TXN-20240112-0003590,WALL-0010134,MERCH-00247,PM-05,DEV-01,2024-01-12 06:43:07,22.38,0.0,0.0,2,Success,Subscription,Myitkyina,MMK,False
TXN-20240112-0003591,WALL-0142653,MERCH-00198,PM-02,DEV-02,2024-01-12 18:49:59,5.0,0.01,0.0,0,Success,Purchase,Taunggyi,MMK,False
TXN-20240112-0003592,WALL-0041007,MERCH-00230,PM-02,DEV-03,2024-01-12 16:45:40,37.11,0.0742,0.0,3,Success,Purchase,Yangon,MMK,False
TXN-20240112-0003593,WALL-0020374,MERCH-00431,PM-01,DEV-01,2024-01-12 13:46:29,177.43,0.0,0.0,17,Success,Tax Payment,Yangon,MMK,False
TXN-20240112-0003594,WALL-0016761,MERCH-00338,PM-02,DEV-01,2024-01-12 05:39:52,27.54,0.0551,0.0,2,Success,Bill Payment,Johor Bahru,MYR,False
TXN-20240112-0003595,WALL-0126087,MERCH-00439,PM-02,DEV-03,2024-01-12 10:20:09,252.6,0.5052,0.0,25,Success,Tax Payment,Pokhara,NPR,False
TXN-20240112-0003596,WALL-0074457,MERCH-00262,PM-01,DEV-01,2024-01-12 14:16:32,8.2,0.0,0.0,0,Success,Subscription,Dhaka,BDT,False
TXN-20240112-0003597,WALL-0054935,MERCH-00440,PM-04,DEV-01,2024-01-12 13:34:18,1924.7,38.4939,0.0,192,Success,Tax Payment,Taunggyi,MMK,False
TXN-20240112-0003598,WALL-0054285,MERCH-00016,PM-01,DEV-03,2024-01-12 15:24:35,5.94,0.0,0.1187,0,Success,Purchase,Myitkyina,MMK,False
TXN-20240112-0003599,WALL-0012116,MERCH-00420,PM-04,DEV-04,2024-01-12 17:13:51,137.98,2.7596,0.0,13,Success,Payment,Pokhara,NPR,False
TXN-20240112-0003600,WALL-0026012,MERCH-00219,PM-03,DEV-03,2024-01-12 16:53:32,10.38,0.0831,0.0,1,Success,Purchase,Taunggyi,MMK,False
TXN-20240112-0003601,WALL-0001319,MERCH-00439,PM-04,DEV-02,2024-01-12 13:18:33,68.63,1.3725,0.0,6,Success,Tax Payment,Mawlamyine,MMK,False
TXN-20240112-0003602,WALL-0031338,MERCH-00345,PM-01,DEV-02,2024-01-12 13:21:10,24.86,0.0,0.0,2,Success,Bill Payment,Ho Chi Minh City,VND,False
TXN-20240112-0003603,WALL-0006541,MERCH-00210,PM-03,DEV-03,2024-01-12 20:03:52,15.0,0.12,0.0,1,Success,Purchase,Myitkyina,MMK,False
TXN-20240112-0003604,WALL-0111712,MERCH-00060,PM-04,DEV-01,2024-01-12 11:21:55,12.91,0.2582,0.2582,1,Success,Purchase,Bago,MMK,False
TXN-20240112-0003605,WALL-0080613,MERCH-00287,PM-01,DEV-01,2024-01-12 20:03:57,640.23,0.0,51.2186,128,Success,Purchase,Phuket,THB,False
TXN-20240112-0003606,WALL-0048440,MERCH-00255,PM-01,DEV-01,2024-01-12 16:49:41,34.37,0.0,0.0,3,Success,Subscription,Penang,PHP,False
TXN-20240112-0003607,WALL-0137365,MERCH-00125,PM-03,DEV-02,2024-01-12 10:28:40,62.91,0.5033,0.0,6,Success,Purchase,Bago,MMK,False
TXN-20240112-0003608,WALL-0033948,MERCH-00165,PM-03,DEV-01,2024-01-12 17:15:47,106.21,0.8496,5.3103,10,Success,Purchase,Naypyidaw,MMK,False
TXN-20240112-0003609,WALL-0043548,MERCH-00215,PM-02,DEV-04,2024-01-12 15:24:58,5.41,0.0108,0.0,0,Success,Purchase,Kolkata,INR,False
TXN-20240112-0003610,WALL-0128631,MERCH-00389,PM-02,DEV-01,2024-01-12 14:49:14,65.8,0.1316,0.0,6,Success,Purchase,Yangon,MMK,False
TXN-20240112-0003611,WALL-0103061,MERCH-00275,PM-01,DEV-01,2024-01-12 18:22:04,201.19,0.0,16.0952,40,Success,Purchase,Kandy,LKR,False
TXN-20240112-0003612,WALL-0036814,MERCH-00450,PM-01,DEV-02,2024-01-12 16:24:06,107.46,0.0,0.0,10,Success,Tax Payment,Bali,IDR,False
TXN-20240112-0003613,WALL-0110301,MERCH-00212,PM-02,DEV-03,2024-01-12 18:30:46,5.81,0.0116,0.0,0,Success,Purchase,Bandung,IDR,False
TXN-20240112-0003614,WALL-0085687,MERCH-00247,PM-04,DEV-05,2024-01-12 09:43:13,20.13,0.4026,0.0,2,Success,Subscription,Kathmandu,NPR,False
TXN-20240112-0003615,WALL-0100416,MERCH-00055,PM-02,DEV-01,2024-01-12 20:35:53,36.86,0.0737,0.7372,3,Success,Purchase,Davao,PHP,False
TXN-20240112-0003616,WALL-0091632,MERCH-00149,PM-04,DEV-01,2024-01-12 01:16:47,153.07,3.0613,7.6533,15,Success,Purchase,Jakarta,INR,False
TXN-20240112-0003617,WALL-0021791,MERCH-00446,PM-02,DEV-01,2024-01-12 06:24:52,84.08,0.1682,0.0,8,Success,Tax Payment,Mawlamyine,IDR,False
TXN-20240112-0003618,WALL-0017513,MERCH-00079,PM-02,DEV-01,2024-01-12 19:43:12,11.09,0.0222,0.2217,1,Success,Purchase,Ahmedabad,INR,False
TXN-20240112-0003619,WALL-0149329,MERCH-00221,PM-03,DEV-02,2024-01-12 17:57:21,12.7,0.1016,0.0,1,Success,Purchase,Johor Bahru,MYR,False
TXN-20240112-0003620,WALL-0118864,MERCH-00162,PM-01,DEV-03,2024-01-12 18:25:54,41.93,0.0,2.0963,4,Success,Purchase,Ahmedabad,INR,False
TXN-20240112-0003621,WALL-0088470,MERCH-00314,PM-05,DEV-02,2024-01-12 00:37:57,140.49,0.0,0.0,14,Success,Bill Payment,Islamabad,PKR,False
TXN-20240112-0003622,WALL-0036762,MERCH-00201,PM-02,DEV-01,2024-01-12 10:38:46,33.63,0.0673,0.0,3,Success,Purchase,Phnom Penh,KHR,False
TXN-20240112-0003623,WALL-0097688,MERCH-00103,PM-03,DEV-02,2024-01-12 16:22:03,23.21,0.1857,0.0,2,Success,Purchase,Dhaka,IDR,False
TXN-20240112-0003624,WALL-0053758,MERCH-00088,PM-02,DEV-02,2024-01-12 12:59:05,57.54,0.1151,0.0,5,Success,Purchase,Yangon,MMK,False
TXN-20240112-0003625,WALL-0001744,MERCH-00448,PM-03,DEV-01,2024-01-12 05:59:28,107.95,0.8636,0.0,10,Success,Tax Payment,Kuala Lumpur,MMK,False
TXN-20240112-0003626,WALL-0020633,MERCH-00158,PM-05,DEV-01,2024-01-12 19:12:38,150.02,0.0,7.5011,15,Success,Purchase,Kathmandu,NPR,False
TXN-20240112-0003627,WALL-0053373,MERCH-00378,PM-03,DEV-02,2024-01-12 13:32:34,50.72,0.4057,0.0,5,Success,Purchase,Khon Kaen,THB,False
TXN-20240112-0003628,WALL-0069673,MERCH-00425,PM-02,DEV-02,2024-01-12 15:22:45,237.35,0.4747,0.0,23,Success,Payment,Delhi,MMK,False
TXN-20240112-0003629,WALL-0053386,MERCH-00258,PM-03,DEV-02,2024-01-12 21:03:20,22.91,0.1833,0.0,2,Success,Subscription,Surabaya,IDR,False
TXN-20240112-0003630,WALL-0009969,MERCH-00100,PM-03,DEV-01,2024-01-12 19:53:13,43.56,0.3485,0.0,4,Success,Purchase,Quezon City,PHP,False
TXN-20240112-0003631,WALL-0061225,MERCH-00306,PM-01,DEV-01,2024-01-12 07:53:34,319.27,0.0,25.5415,63,Success,Purchase,Naypyidaw,MMK,False
TXN-20240112-0003632,WALL-0124613,MERCH-00087,PM-01,DEV-01,2024-01-12 13:14:52,34.3,0.0,0.0,0,Failed,Purchase,Singapore,MMK,False
TXN-20240112-0003633,WALL-0082898,MERCH-00374,PM-01,DEV-02,2024-01-12 10:38:13,39.06,0.0,0.0,3,Success,Purchase,Yangon,MMK,False
TXN-20240112-0003634,WALL-0076650,MERCH-00082,PM-02,DEV-01,2024-01-12 16:48:17,46.01,0.092,0.0,4,Success,Purchase,Medan,IDR,False
TXN-20240112-0003635,WALL-0013468,MERCH-00249,PM-02,DEV-01,2024-01-12 07:16:44,14.34,0.0287,0.0,1,Success,Subscription,Bali,IDR,False
TXN-20240112-0003636,WALL-0089523,MERCH-00404,PM-02,DEV-04,2024-01-12 14:05:39,235.67,0.4713,0.0,23,Success,Payment,Kolkata,INR,False
TXN-20240112-0003637,WALL-0099101,MERCH-00408,PM-02,DEV-02,2024-01-12 12:42:25,50.24,0.1005,0.0,5,Success,Payment,Surabaya,MMK,False
TXN-20240112-0003638,WALL-0135079,MERCH-00086,PM-03,DEV-03,2024-01-12 08:17:34,102.29,0.8183,0.0,10,Success,Purchase,Mumbai,INR,False
TXN-20240112-0003639,WALL-0055777,MERCH-00318,PM-01,DEV-01,2024-01-12 21:06:13,124.54,0.0,0.0,12,Success,Bill Payment,Naypyidaw,MMK,False
TXN-20240112-0003640,WALL-0129750,MERCH-00050,PM-04,DEV-03,2024-01-12 19:22:05,18.94,0.3787,0.3787,1,Success,Purchase,Hanoi,VND,False
TXN-20240112-0003641,WALL-0107293,MERCH-00101,PM-02,DEV-01,2024-01-12 15:07:58,46.8,0.0936,0.0,4,Success,Purchase,Naypyidaw,MMK,False
TXN-20240112-0003642,WALL-0147357,MERCH-00381,PM-02,DEV-01,2024-01-12 12:41:40,29.46,0.0589,0.0,2,Success,Purchase,Pathein,MMK,False
TXN-20240112-0003643,WALL-0001358,MERCH-00048,PM-01,DEV-01,2024-01-12 07:07:44,29.42,0.0,0.5885,2,Success,Purchase,Jaipur,INR,False
TXN-20240112-0003644,WALL-0130493,MERCH-00233,PM-02,DEV-01,2024-01-12 03:09:03,20.68,0.0414,0.0,2,Success,Subscription,Myitkyina,INR,False
TXN-20240112-0003645,WALL-0054879,MERCH-00031,PM-02,DEV-03,2024-01-12 14:22:56,5.0,0.01,0.1,0,Success,Purchase,Mawlamyine,MMK,False
TXN-20240112-0003646,WALL-0051149,MERCH-00128,PM-01,DEV-02,2024-01-12 16:07:00,266.67,0.0,0.0,26,Success,Purchase,Mandalay,MMK,False
TXN-20240112-0003647,WALL-0016146,MERCH-00449,PM-01,DEV-01,2024-01-12 00:37:14,191.12,0.0,0.0,19,Success,Tax Payment,Bago,MMK,False
TXN-20240112-0003648,WALL-0083888,MERCH-00430,PM-01,DEV-02,2024-01-12 06:46:59,86.11,0.0,0.0,8,Success,Payment,Medan,MMK,False
TXN-20240112-0003649,WALL-0028301,MERCH-00320,PM-02,DEV-01,2024-01-12 14:18:30,53.13,0.1063,0.0,5,Success,Bill Payment,Pokhara,NPR,False
TXN-20240112-0003650,WALL-0003721,MERCH-00163,PM-01,DEV-01,2024-01-12 19:02:28,170.47,0.0,8.5236,17,Success,Purchase,Lahore,PKR,False
TXN-20240112-0003651,WALL-0067470,MERCH-00160,PM-02,DEV-01,2024-01-12 19:18:10,665.94,1.3319,33.2968,66,Success,Purchase,Mumbai,INR,False
TXN-20240112-0003652,WALL-0015901,MERCH-00197,PM-02,DEV-03,2024-01-12 19:47:23,8.8,0.0176,0.0,0,Success,Purchase,Surabaya,IDR,False
TXN-20240112-0003653,WALL-0030911,MERCH-00107,PM-04,DEV-01,2024-01-12 12:55:38,19.52,0.3903,0.0,1,Success,Purchase,Chiang Mai,THB,False
TXN-20240112-0003654,WALL-0087910,MERCH-00096,PM-04,DEV-03,2024-01-12 18:59:27,95.37,1.9073,0.0,9,Success,Purchase,Pathein,MMK,False
TXN-20240112-0003655,WALL-0143817,MERCH-00407,PM-02,DEV-02,2024-01-12 14:44:01,39.76,0.0795,0.0,3,Success,Payment,Bangalore,INR,False
TXN-20240112-0003656,WALL-0070728,MERCH-00076,PM-04,DEV-01,2024-01-12 21:30:36,6.5,0.1299,0.1299,0,Success,Purchase,Quezon City,PHP,False
TXN-20240112-0003657,WALL-0112521,MERCH-00170,PM-01,DEV-05,2024-01-12 21:46:18,46.64,0.0,2.3319,4,Success,Purchase,Yangon,MMK,False
TXN-20240112-0003658,WALL-0027823,MERCH-00393,PM-01,DEV-01,2024-01-12 21:02:29,23.97,0.0,0.0,2,Success,Purchase,Lahore,PKR,False
TXN-20240112-0003659,WALL-0108863,MERCH-00180,PM-01,DEV-01,2024-01-12 12:16:43,70.2,0.0,3.5102,7,Success,Purchase,Davao,PHP,False
TXN-20240112-0003660,WALL-0133515,MERCH-00184,PM-04,DEV-03,2024-01-12 16:39:33,88.77,1.7755,4.4387,8,Success,Purchase,Bago,MMK,False
TXN-20240112-0003661,WALL-0020228,MERCH-00285,PM-01,DEV-03,2024-01-12 11:07:46,533.95,0.0,42.7161,106,Success,Purchase,Lahore,PKR,False
TXN-20240112-0003662,WALL-0008189,MERCH-00322,PM-04,DEV-01,2024-01-12 22:19:26,103.61,2.0723,0.0,10,Success,Bill Payment,Myitkyina,MMK,False
TXN-20240112-0003663,WALL-0014005,MERCH-00301,PM-03,DEV-02,2024-01-12 14:28:47,530.3,4.2424,42.4241,106,Success,Purchase,Lahore,PKR,False
TXN-20240112-0003664,WALL-0142827,MERCH-00369,PM-02,DEV-01,2024-01-12 10:37:47,25.02,0.05,0.0,2,Success,Bill Payment,Manila,PHP,False
TXN-20240112-0003665,WALL-0096001,MERCH-00435,PM-01,DEV-01,2024-01-12 21:03:02,438.87,0.0,0.0,43,Success,Tax Payment,Kandy,LKR,False
TXN-20240112-0003666,WALL-0024416,MERCH-00352,PM-04,DEV-01,2024-01-12 15:06:23,56.56,1.1312,0.0,5,Success,Bill Payment,Taunggyi,MMK,False
TXN-20240112-0003667,WALL-0137795,MERCH-00193,PM-03,DEV-01,2024-01-12 05:44:47,6.91,0.0553,0.0,0,Success,Purchase,Kolkata,INR,False
TXN-20240112-0003668,WALL-0007293,MERCH-00102,PM-02,DEV-02,2024-01-12 18:34:48,40.01,0.08,0.0,4,Success,Purchase,Davao,MMK,False
TXN-20240112-0003669,WALL-0052589,MERCH-00207,PM-01,DEV-01,2024-01-12 17:11:18,21.05,0.0,0.0,2,Success,Purchase,Mandalay,MMK,False
TXN-20240112-0003670,WALL-0035543,MERCH-00381,PM-01,DEV-02,2024-01-12 10:33:13,92.07,0.0,0.0,9,Success,Purchase,Khon Kaen,THB,False
TXN-20240112-0003671,WALL-0098761,MERCH-00429,PM-04,DEV-04,2024-01-12 02:32:35,34.66,0.6931,0.0,3,Success,Payment,Hanoi,VND,False
TXN-20240112-0003672,WALL-0132999,MERCH-00017,PM-01,DEV-01,2024-01-12 17:38:16,10.4,0.0,0.208,1,Success,Purchase,Pune,INR,False
TXN-20240112-0003673,WALL-0142891,MERCH-00119,PM-01,DEV-02,2024-01-12 15:45:20,17.92,0.0,0.0,1,Success,Purchase,Kandy,PHP,False
TXN-20240112-0003674,WALL-0112211,MERCH-00117,PM-03,DEV-02,2024-01-12 14:22:47,102.84,0.8227,0.0,10,Success,Purchase,Naypyidaw,MMK,False
TXN-20240112-0003675,WALL-0047504,MERCH-00033,PM-01,DEV-03,2024-01-12 18:36:38,11.88,0.0,0.2376,1,Success,Purchase,Pathein,MMK,False
TXN-20240112-0003676,WALL-0102631,MERCH-00113,PM-04,DEV-03,2024-01-12 15:32:31,60.33,1.2067,0.0,6,Success,Purchase,Ahmedabad,INR,False
TXN-20240112-0003677,WALL-0061262,MERCH-00076,PM-03,DEV-05,2024-01-12 14:54:59,25.2,0.2016,0.504,2,Success,Purchase,Kolkata,INR,False
TXN-20240112-0003678,WALL-0087449,MERCH-00122,PM-02,DEV-03,2024-01-12 05:32:53,80.49,0.161,0.0,8,Success,Purchase,Surabaya,MMK,False
TXN-20240112-0003679,WALL-0010258,MERCH-00433,PM-04,DEV-01,2024-01-12 18:07:58,297.55,5.9509,0.0,29,Success,Tax Payment,Taunggyi,MMK,False
TXN-20240112-0003680,WALL-0127593,MERCH-00024,PM-02,DEV-04,2024-01-12 01:38:21,13.28,0.0266,0.2655,1,Success,Purchase,Myitkyina,MMK,False
TXN-20240112-0003681,WALL-0092416,MERCH-00232,PM-05,DEV-01,2024-01-12 19:03:17,28.0,0.0,0.0,2,Success,Subscription,Pathein,MMK,False
TXN-20240112-0003682,WALL-0040642,MERCH-00437,PM-01,DEV-01,2024-01-12 21:39:35,96.92,0.0,0.0,9,Success,Tax Payment,Davao,PHP,False
TXN-20240112-0003683,WALL-0040337,MERCH-00110,PM-03,DEV-01,2024-01-12 21:44:55,28.64,0.2291,0.0,2,Success,Purchase,Myitkyina,MMK,False
TXN-20240112-0003684,WALL-0070392,MERCH-00478,PM-02,DEV-03,2024-01-12 15:13:01,328.85,0.6577,0.0,32,Success,Payment,Ho Chi Minh City,VND,False
TXN-20240112-0003685,WALL-0029923,MERCH-00367,PM-01,DEV-01,2024-01-12 16:46:07,40.76,0.0,0.0,4,Success,Bill Payment,Yangon,MMK,False
TXN-20240112-0003686,WALL-0010186,MERCH-00104,PM-01,DEV-01,2024-01-12 04:04:57,41.56,0.0,0.0,4,Success,Purchase,Naypyidaw,MMK,False
TXN-20240112-0003687,WALL-0103814,MERCH-00023,PM-02,DEV-02,2024-01-12 13:32:54,8.53,0.0171,0.1705,0,Success,Purchase,Mawlamyine,MMK,False
TXN-20240112-0003688,WALL-0050567,MERCH-00198,PM-04,DEV-01,2024-01-12 19:59:48,16.09,0.3218,0.0,1,Success,Purchase,Pathein,MMK,False
TXN-20240112-0003689,WALL-0060933,MERCH-00013,PM-03,DEV-03,2024-01-12 19:01:38,24.82,0.1986,0.4964,2,Success,Purchase,Bago,MMK,False
TXN-20240112-0003690,WALL-0067944,MERCH-00050,PM-01,DEV-01,2024-01-12 20:19:32,25.2,0.0,0.5041,2,Success,Purchase,Quezon City,PHP,False
TXN-20240112-0003691,WALL-0076837,MERCH-00313,PM-01,DEV-05,2024-01-12 23:16:07,74.01,0.0,0.0,7,Success,Bill Payment,Taunggyi,MMK,False
TXN-20240112-0003692,WALL-0064964,MERCH-00391,PM-01,DEV-01,2024-01-12 14:55:50,24.75,0.0,0.0,2,Success,Purchase,Johor Bahru,MYR,False
TXN-20240112-0003693,WALL-0054368,MERCH-00229,PM-01,DEV-01,2024-01-12 20:09:17,21.09,0.0,0.0,2,Success,Purchase,Mawlamyine,MMK,False
TXN-20240112-0003694,WALL-0085209,MERCH-00184,PM-01,DEV-01,2024-01-12 15:21:01,238.55,0.0,0.0,0,Failed,Purchase,Pattaya,THB,False
TXN-20240112-0003695,WALL-0100970,MERCH-00396,PM-02,DEV-01,2024-01-12 04:04:36,27.35,0.0547,0.0,2,Success,Purchase,Bangalore,INR,False
TXN-20240112-0003696,WALL-0048675,MERCH-00429,PM-04,DEV-01,2024-01-12 05:41:48,100.72,2.0143,0.0,10,Success,Payment,Khon Kaen,THB,False
TXN-20240112-0003697,WALL-0109616,MERCH-00344,PM-01,DEV-02,2024-01-12 08:29:13,30.78,0.0,0.0,3,Success,Bill Payment,Taunggyi,MMK,False
TXN-20240112-0003698,WALL-0088339,MERCH-00334,PM-01,DEV-05,2024-01-12 21:46:01,246.44,0.0,0.0,24,Success,Bill Payment,Mawlamyine,MMK,False
TXN-20240112-0003699,WALL-0009758,MERCH-00221,PM-01,DEV-02,2024-01-12 13:46:32,33.32,0.0,0.0,0,Failed,Purchase,Jaipur,INR,False
TXN-20240112-0003700,WALL-0018463,MERCH-00477,PM-04,DEV-01,2024-01-12 09:55:33,151.27,3.0254,0.0,15,Success,Payment,Colombo,LKR,False
TXN-20240112-0003701,WALL-0100387,MERCH-00369,PM-01,DEV-01,2024-01-12 16:21:30,42.76,0.0,0.0,4,Success,Bill Payment,Myitkyina,MMK,False
TXN-20240112-0003702,WALL-0027641,MERCH-00234,PM-01,DEV-01,2024-01-12 20:46:02,18.13,0.0,0.0,1,Success,Subscription,Yangon,MMK,False
TXN-20240112-0003703,WALL-0023228,MERCH-00395,PM-02,DEV-01,2024-01-12 15:53:52,56.28,0.1126,0.0,5,Success,Purchase,Jakarta,MYR,False
TXN-20240112-0003704,WALL-0087767,MERCH-00270,PM-04,DEV-01,2024-01-12 23:39:15,6.47,0.1294,0.0,0,Success,Subscription,Pattaya,THB,False
TXN-20240112-0003705,WALL-0122145,MERCH-00160,PM-02,DEV-01,2024-01-12 12:05:01,364.63,0.7293,18.2317,36,Success,Purchase,Kathmandu,MMK,False
TXN-20240112-0003706,WALL-0059864,MERCH-00104,PM-05,DEV-01,2024-01-12 16:10:05,80.36,0.0,0.0,8,Success,Purchase,Mawlamyine,MYR,False
TXN-20240112-0003707,WALL-0000800,MERCH-00238,PM-02,DEV-02,2024-01-12 18:57:34,7.88,0.0158,0.0,0,Success,Subscription,Hanoi,VND,False
TXN-20240112-0003708,WALL-0018075,MERCH-00213,PM-01,DEV-01,2024-01-12 13:22:02,12.19,0.0,0.0,1,Success,Purchase,Khon Kaen,THB,False
TXN-20240112-0003709,WALL-0072011,MERCH-00106,PM-03,DEV-01,2024-01-12 20:58:26,34.06,0.2725,0.0,3,Success,Purchase,Jaipur,INR,False
TXN-20240112-0003710,WALL-0095937,MERCH-00225,PM-02,DEV-03,2024-01-12 15:34:58,10.59,0.0212,0.0,1,Success,Purchase,Chiang Mai,THB,False
TXN-20240112-0003711,WALL-0010048,MERCH-00289,PM-02,DEV-04,2024-01-12 19:21:09,826.32,1.6526,66.1059,165,Success,Purchase,Yangon,MMK,False
TXN-20240112-0003712,WALL-0110710,MERCH-00136,PM-02,DEV-01,2024-01-12 22:05:44,460.61,0.9212,23.0305,46,Success,Purchase,Singapore,SGD,False
TXN-20240112-0003713,WALL-0081693,MERCH-00299,PM-04,DEV-01,2024-01-12 15:11:37,2490.1,49.802,199.2079,498,Success,Purchase,Colombo,LKR,False
TXN-20240112-0003714,WALL-0036433,MERCH-00155,PM-03,DEV-02,2024-01-12 21:18:25,111.22,0.8897,5.5609,11,Success,Purchase,Colombo,LKR,False
TXN-20240112-0003715,WALL-0107923,MERCH-00449,PM-02,DEV-01,2024-01-12 23:53:01,204.48,0.409,0.0,20,Success,Tax Payment,Pokhara,NPR,False
TXN-20240112-0003716,WALL-0031899,MERCH-00407,PM-01,DEV-01,2024-01-12 19:42:30,65.99,0.0,0.0,6,Success,Payment,Bali,IDR,False
TXN-20240112-0003717,WALL-0093235,MERCH-00451,PM-05,DEV-02,2024-01-12 10:40:30,163.39,0.0,0.0,16,Success,Payment,Johor Bahru,MMK,False
TXN-20240112-0003718,WALL-0137359,MERCH-00362,PM-02,DEV-01,2024-01-12 14:06:22,18.26,0.0365,0.0,1,Success,Bill Payment,Mandalay,MMK,False
TXN-20240112-0003719,WALL-0088959,MERCH-00030,PM-04,DEV-01,2024-01-12 17:24:25,29.4,0.5879,0.5879,2,Success,Purchase,Mandalay,MMK,False
TXN-20240112-0003720,WALL-0063387,MERCH-00043,PM-01,DEV-01,2024-01-12 20:46:49,10.2,0.0,0.2039,1,Success,Purchase,Hyderabad,INR,False
TXN-20240112-0003721,WALL-0072862,MERCH-00437,PM-01,DEV-03,2024-01-12 20:16:13,526.12,0.0,0.0,52,Success,Tax Payment,Pattaya,THB,False
TXN-20240112-0003722,WALL-0073414,MERCH-00212,PM-01,DEV-02,2024-01-12 17:54:09,35.58,0.0,0.0,3,Success,Purchase,Johor Bahru,MYR,False
TXN-20240112-0003723,WALL-0136777,MERCH-00094,PM-05,DEV-01,2024-01-12 07:42:35,182.5,0.0,0.0,18,Success,Purchase,Chiang Mai,THB,False
TXN-20240112-0003724,WALL-0066935,MERCH-00430,PM-02,DEV-01,2024-01-12 12:00:31,99.71,0.1994,0.0,9,Success,Payment,Myitkyina,MMK,False
TXN-20240112-0003725,WALL-0012534,MERCH-00385,PM-01,DEV-01,2024-01-12 07:37:58,69.04,0.0,0.0,6,Success,Purchase,Taunggyi,MMK,False
TXN-20240112-0003726,WALL-0004705,MERCH-00151,PM-01,DEV-01,2024-01-12 22:28:05,107.82,0.0,5.3908,10,Success,Purchase,Surabaya,IDR,False
TXN-20240112-0003727,WALL-0042105,MERCH-00128,PM-01,DEV-04,2024-01-12 17:15:59,76.31,0.0,0.0,7,Success,Purchase,Medan,IDR,False
TXN-20240112-0003728,WALL-0044813,MERCH-00240,PM-02,DEV-04,2024-01-12 15:37:50,5.31,0.0106,0.0,0,Success,Subscription,Pattaya,THB,False
TXN-20240112-0003729,WALL-0062559,MERCH-00455,PM-01,DEV-01,2024-01-12 14:28:05,335.68,0.0,0.0,33,Success,Payment,Mandalay,INR,False
TXN-20240112-0003730,WALL-0001304,MERCH-00464,PM-01,DEV-01,2024-01-12 22:01:48,421.72,0.0,0.0,42,Success,Payment,Kandy,LKR,False
TXN-20240112-0003731,WALL-0059006,MERCH-00084,PM-02,DEV-01,2024-01-12 14:49:47,19.13,0.0383,0.0,1,Success,Purchase,Chennai,PHP,False
TXN-20240112-0003732,WALL-0082994,MERCH-00061,PM-01,DEV-01,2024-01-12 10:21:59,49.16,0.0,0.9831,4,Success,Purchase,Islamabad,PKR,False
TXN-20240112-0003733,WALL-0086428,MERCH-00329,PM-02,DEV-03,2024-01-12 07:51:13,86.26,0.1725,0.0,8,Success,Bill Payment,Colombo,LKR,False
TXN-20240112-0003734,WALL-0119142,MERCH-00160,PM-02,DEV-01,2024-01-12 23:26:56,182.91,0.3658,0.0,0,Pending,Purchase,Ahmedabad,INR,False
TXN-20240112-0003735,WALL-0053207,MERCH-00418,PM-03,DEV-02,2024-01-12 21:03:28,48.09,0.3847,0.0,4,Success,Payment,Pokhara,INR,False
TXN-20240112-0003736,WALL-0124391,MERCH-00079,PM-01,DEV-03,2024-01-12 02:28:02,23.51,0.0,0.4703,2,Success,Purchase,Pathein,MMK,False
TXN-20240112-0003737,WALL-0116456,MERCH-00093,PM-03,DEV-01,2024-01-12 20:18:21,72.85,0.5828,0.0,7,Success,Purchase,Bali,IDR,False
TXN-20240112-0003738,WALL-0113024,MERCH-00159,PM-02,DEV-01,2024-01-12 20:22:41,59.71,0.1194,2.9854,5,Success,Purchase,Pathein,MMK,False
TXN-20240112-0003739,WALL-0144765,MERCH-00159,PM-04,DEV-02,2024-01-12 18:11:09,92.02,1.8404,0.0,0,Pending,Purchase,Mawlamyine,MMK,False
TXN-20240112-0003740,WALL-0056753,MERCH-00253,PM-05,DEV-01,2024-01-12 06:30:16,15.45,0.0,0.0,0,Pending,Subscription,Medan,IDR,False
TXN-20240112-0003741,WALL-0101937,MERCH-00428,PM-02,DEV-02,2024-01-12 09:46:26,88.35,0.1767,0.0,8,Success,Payment,Hanoi,VND,False
TXN-20240112-0003742,WALL-0040549,MERCH-00393,PM-01,DEV-01,2024-01-12 10:19:48,49.42,0.0,0.0,4,Success,Purchase,Mawlamyine,MMK,False
TXN-20240112-0003743,WALL-0103314,MERCH-00410,PM-01,DEV-03,2024-01-12 16:44:48,28.54,0.0,0.0,2,Success,Payment,Taunggyi,MMK,False
TXN-20240112-0003744,WALL-0047358,MERCH-00442,PM-02,DEV-01,2024-01-12 21:01:38,138.17,0.2763,0.0,13,Success,Tax Payment,Pathein,MMK,False
TXN-20240112-0003745,WALL-0044967,MERCH-00447,PM-02,DEV-01,2024-01-12 03:10:43,152.48,0.305,0.0,15,Success,Tax Payment,Davao,MMK,False
TXN-20240112-0003746,WALL-0093615,MERCH-00316,PM-03,DEV-01,2024-01-12 07:38:16,64.06,0.5124,0.0,6,Success,Bill Payment,Myitkyina,MMK,False
TXN-20240112-0003747,WALL-0039341,MERCH-00385,PM-02,DEV-01,2024-01-12 14:43:46,62.6,0.1252,0.0,6,Success,Purchase,Bago,BDT,False
TXN-20240112-0003748,WALL-0105844,MERCH-00001,PM-02,DEV-04,2024-01-12 17:06:46,12.18,0.0244,0.2435,1,Success,Purchase,Penang,MYR,False
TXN-20240112-0003749,WALL-0040435,MERCH-00012,PM-03,DEV-01,2024-01-12 16:52:06,5.6,0.0448,0.1121,0,Success,Purchase,Delhi,INR,False
TXN-20240112-0003750,WALL-0119415,MERCH-00395,PM-04,DEV-03,2024-01-12 07:27:40,42.28,0.8457,0.0,4,Success,Purchase,Manila,PHP,False
TXN-20240112-0003751,WALL-0024865,MERCH-00195,PM-01,DEV-02,2024-01-12 06:51:26,12.3,0.0,0.0,1,Success,Purchase,Kathmandu,NPR,False
TXN-20240112-0003752,WALL-0061064,MERCH-00471,PM-01,DEV-01,2024-01-12 20:30:32,214.74,0.0,0.0,21,Success,Payment,Bangkok,THB,False
TXN-20240112-0003753,WALL-0008397,MERCH-00267,PM-01,DEV-01,2024-01-12 17:00:06,31.18,0.0,0.0,3,Success,Subscription,Naypyidaw,MMK,False
TXN-20240112-0003754,WALL-0050520,MERCH-00282,PM-02,DEV-01,2024-01-12 07:29:20,100.0,0.2,8.0,20,Success,Purchase,Surabaya,IDR,False
TXN-20240112-0003755,WALL-0103728,MERCH-00197,PM-04,DEV-01,2024-01-12 18:41:17,10.13,0.2026,0.0,1,Success,Purchase,Mandalay,MMK,False
TXN-20240112-0003756,WALL-0019687,MERCH-00014,PM-02,DEV-03,2024-01-12 13:13:33,18.48,0.037,0.3696,1,Success,Purchase,Davao,PHP,False
TXN-20240112-0003757,WALL-0014067,MERCH-00223,PM-02,DEV-01,2024-01-12 17:57:30,23.06,0.0461,0.0,2,Success,Purchase,Siem Reap,KHR,False
TXN-20240112-0003758,WALL-0056636,MERCH-00116,PM-02,DEV-01,2024-01-12 22:07:19,80.58,0.1612,0.0,8,Success,Purchase,Kathmandu,NPR,False
TXN-20240112-0003759,WALL-0026910,MERCH-00114,PM-02,DEV-01,2024-01-12 15:55:40,10.0,0.02,0.0,1,Success,Purchase,Bangkok,THB,False
TXN-20240112-0003760,WALL-0004690,MERCH-00485,PM-01,DEV-01,2024-01-12 12:24:18,1014.71,0.0,0.0,101,Success,Payment,Chittagong,BDT,False
TXN-20240112-0003761,WALL-0142158,MERCH-00265,PM-01,DEV-03,2024-01-12 13:22:02,6.88,0.0,0.0,0,Success,Subscription,Manila,PHP,False
TXN-20240112-0003762,WALL-0023376,MERCH-00081,PM-02,DEV-04,2024-01-12 15:31:40,48.3,0.0966,0.0,4,Success,Purchase,Myitkyina,MMK,False
TXN-20240112-0003763,WALL-0146081,MERCH-00445,PM-01,DEV-01,2024-01-12 03:39:44,864.09,0.0,0.0,86,Success,Tax Payment,Taunggyi,MMK,False
TXN-20240112-0003764,WALL-0017942,MERCH-00278,PM-01,DEV-01,2024-01-12 11:00:27,441.22,0.0,35.2973,88,Success,Purchase,Pathein,MMK,False
TXN-20240112-0003765,WALL-0113267,MERCH-00253,PM-02,DEV-01,2024-01-12 15:37:51,16.42,0.0328,0.0,1,Success,Subscription,Khon Kaen,THB,False
TXN-20240112-0003766,WALL-0075016,MERCH-00243,PM-02,DEV-01,2024-01-12 16:13:58,18.45,0.0369,0.0,0,Pending,Subscription,Pattaya,THB,False
TXN-20240112-0003767,WALL-0014897,MERCH-00493,PM-01,DEV-03,2024-01-12 09:47:30,116.88,0.0,0.0,11,Success,Payment,Yangon,MMK,False
TXN-20240112-0003768,WALL-0099498,MERCH-00394,PM-04,DEV-01,2024-01-12 09:59:49,76.35,1.5271,0.0,7,Success,Purchase,Myitkyina,MMK,False
TXN-20240112-0003769,WALL-0149107,MERCH-00360,PM-04,DEV-01,2024-01-12 10:22:52,64.44,1.2889,0.0,6,Success,Bill Payment,Siem Reap,KHR,False
TXN-20240112-0003770,WALL-0136542,MERCH-00187,PM-01,DEV-02,2024-01-12 18:35:59,101.31,0.0,0.0,0,Pending,Purchase,Ahmedabad,MMK,False
TXN-20240112-0003771,WALL-0114900,MERCH-00134,PM-05,DEV-01,2024-01-12 17:01:33,184.89,0.0,9.2445,18,Success,Purchase,Karachi,PKR,False
TXN-20240112-0003772,WALL-0088132,MERCH-00206,PM-03,DEV-01,2024-01-12 05:13:20,31.97,0.2557,0.0,3,Success,Purchase,Penang,MYR,False
TXN-20240112-0003773,WALL-0122422,MERCH-00065,PM-01,DEV-01,2024-01-12 20:45:53,23.08,0.0,0.4615,2,Success,Purchase,Taunggyi,MMK,False
TXN-20240112-0003774,WALL-0108094,MERCH-00317,PM-01,DEV-01,2024-01-12 08:18:13,30.06,0.0,0.0,3,Success,Bill Payment,Kandy,LKR,False
TXN-20240112-0003775,WALL-0141783,MERCH-00103,PM-04,DEV-01,2024-01-12 16:30:20,93.3,1.866,0.0,9,Success,Purchase,Yangon,MMK,False
TXN-20240112-0003776,WALL-0073765,MERCH-00044,PM-04,DEV-01,2024-01-12 11:48:47,14.19,0.2837,0.2837,1,Success,Purchase,Delhi,MMK,False
TXN-20240112-0003777,WALL-0121075,MERCH-00064,PM-02,DEV-05,2024-01-12 13:34:23,17.94,0.0359,0.3587,1,Success,Purchase,Myitkyina,MMK,False
TXN-20240112-0003778,WALL-0115881,MERCH-00232,PM-02,DEV-01,2024-01-12 06:21:25,6.34,0.0127,0.0,0,Success,Subscription,Bali,INR,False
TXN-20240112-0003779,WALL-0077850,MERCH-00196,PM-01,DEV-01,2024-01-12 06:59:07,5.71,0.0,0.0,0,Failed,Purchase,Surabaya,IDR,False
TXN-20240112-0003780,WALL-0146258,MERCH-00201,PM-01,DEV-02,2024-01-12 16:29:48,10.88,0.0,0.0,1,Success,Purchase,Siem Reap,KHR,False
TXN-20240112-0003781,WALL-0002759,MERCH-00139,PM-03,DEV-01,2024-01-12 06:13:52,50.57,0.4046,2.5285,5,Success,Purchase,Chiang Mai,THB,False
TXN-20240112-0003782,WALL-0080061,MERCH-00190,PM-02,DEV-02,2024-01-12 04:47:26,54.29,0.1086,2.7145,5,Success,Purchase,Singapore,MMK,False
TXN-20240112-0003783,WALL-0056777,MERCH-00336,PM-01,DEV-01,2024-01-12 13:32:52,83.46,0.0,0.0,8,Success,Bill Payment,Lahore,MMK,False
TXN-20240112-0003784,WALL-0073995,MERCH-00374,PM-04,DEV-01,2024-01-12 10:53:55,114.56,2.2913,0.0,11,Success,Purchase,Yangon,MMK,False
TXN-20240112-0003785,WALL-0139944,MERCH-00499,PM-04,DEV-03,2024-01-12 17:41:32,211.29,4.2258,0.0,21,Success,Payment,Kuala Lumpur,MYR,False
TXN-20240112-0003786,WALL-0073193,MERCH-00088,PM-02,DEV-03,2024-01-12 14:12:46,82.2,0.1644,0.0,8,Success,Purchase,Kolkata,INR,False
TXN-20240112-0003787,WALL-0095349,MERCH-00226,PM-02,DEV-01,2024-01-12 17:34:20,27.61,0.0552,0.0,2,Success,Purchase,Mumbai,IDR,False
TXN-20240112-0003788,WALL-0097850,MERCH-00052,PM-01,DEV-01,2024-01-12 04:48:25,26.86,0.0,0.5372,2,Success,Purchase,Myitkyina,MMK,False
TXN-20240112-0003789,WALL-0118377,MERCH-00096,PM-04,DEV-03,2024-01-12 13:23:42,14.82,0.2964,0.0,1,Success,Purchase,Jaipur,INR,False
TXN-20240112-0003790,WALL-0025814,MERCH-00399,PM-03,DEV-01,2024-01-12 03:45:43,49.54,0.3964,0.0,4,Success,Purchase,Yangon,MMK,False
TXN-20240112-0003791,WALL-0065404,MERCH-00126,PM-01,DEV-04,2024-01-12 21:01:46,123.79,0.0,0.0,12,Success,Purchase,Mumbai,INR,False
TXN-20240112-0003792,WALL-0025314,MERCH-00217,PM-03,DEV-04,2024-01-12 10:27:05,17.87,0.143,0.0,1,Success,Purchase,Mawlamyine,MMK,False
TXN-20240112-0003793,WALL-0091357,MERCH-00254,PM-05,DEV-02,2024-01-12 14:13:09,14.77,0.0,0.0,1,Success,Subscription,Kandy,LKR,False
TXN-20240112-0003794,WALL-0022336,MERCH-00129,PM-01,DEV-01,2024-01-12 11:19:18,148.93,0.0,0.0,14,Success,Purchase,Manila,PHP,False
TXN-20240112-0003795,WALL-0128522,MERCH-00346,PM-04,DEV-03,2024-01-12 06:21:32,29.96,0.5992,0.0,2,Success,Bill Payment,Bangkok,THB,False
TXN-20240112-0003796,WALL-0095311,MERCH-00207,PM-02,DEV-01,2024-01-12 15:12:58,27.08,0.0542,0.0,2,Success,Purchase,Bago,MMK,False
TXN-20240112-0003797,WALL-0065425,MERCH-00049,PM-04,DEV-01,2024-01-12 19:55:24,27.94,0.5587,0.5587,2,Success,Purchase,Quezon City,PHP,False
TXN-20240112-0003798,WALL-0051982,MERCH-00214,PM-01,DEV-02,2024-01-12 17:06:32,15.16,0.0,0.0,0,Reversed,Purchase,Naypyidaw,MMK,False
TXN-20240112-0003799,WALL-0051527,MERCH-00120,PM-02,DEV-02,2024-01-12 21:33:32,32.89,0.0658,0.0,3,Success,Purchase,Medan,IDR,False
TXN-20240112-0003800,WALL-0000389,MERCH-00089,PM-04,DEV-01,2024-01-12 19:24:27,28.82,0.5765,0.0,2,Success,Purchase,Mawlamyine,INR,False
TXN-20240112-0003801,WALL-0016397,MERCH-00013,PM-04,DEV-03,2024-01-12 17:21:50,9.15,0.183,0.183,0,Success,Purchase,Mandalay,MMK,False
TXN-20240112-0003802,WALL-0044750,MERCH-00176,PM-04,DEV-04,2024-01-12 16:52:10,124.21,2.4843,6.2107,12,Success,Purchase,Taunggyi,PHP,False
TXN-20240112-0003803,WALL-0071454,MERCH-00358,PM-03,DEV-02,2024-01-12 18:28:07,15.58,0.1247,0.0,1,Success,Bill Payment,Pathein,MMK,False
TXN-20240112-0003804,WALL-0130867,MERCH-00143,PM-02,DEV-01,2024-01-12 06:41:44,71.22,0.1424,3.5611,7,Success,Purchase,Taunggyi,MMK,False
TXN-20240112-0003805,WALL-0121089,MERCH-00327,PM-01,DEV-02,2024-01-12 18:06:07,38.76,0.0,0.0,3,Success,Bill Payment,Ho Chi Minh City,VND,False
TXN-20240112-0003806,WALL-0049428,MERCH-00038,PM-02,DEV-01,2024-01-12 18:00:23,21.27,0.0425,0.4254,2,Success,Purchase,Myitkyina,MMK,False
TXN-20240112-0003807,WALL-0113103,MERCH-00345,PM-01,DEV-01,2024-01-12 07:42:57,69.53,0.0,0.0,6,Success,Bill Payment,Kuala Lumpur,MYR,False
TXN-20240112-0003808,WALL-0026073,MERCH-00078,PM-02,DEV-02,2024-01-12 17:21:59,10.37,0.0207,0.2074,1,Success,Purchase,Da Nang,VND,False
TXN-20240112-0003809,WALL-0002672,MERCH-00211,PM-02,DEV-02,2024-01-12 18:04:13,17.73,0.0355,0.0,1,Success,Purchase,Mawlamyine,MMK,False
TXN-20240112-0003810,WALL-0004987,MERCH-00146,PM-05,DEV-03,2024-01-12 23:07:56,94.89,0.0,4.7446,9,Success,Purchase,Pokhara,NPR,False
TXN-20240112-0003811,WALL-0004435,MERCH-00261,PM-01,DEV-02,2024-01-12 16:20:08,28.0,0.0,0.0,2,Success,Subscription,Singapore,NPR,False
TXN-20240112-0003812,WALL-0034222,MERCH-00050,PM-01,DEV-01,2024-01-12 13:40:34,5.0,0.0,0.1,0,Success,Purchase,Yangon,MMK,False
TXN-20240112-0003813,WALL-0132793,MERCH-00176,PM-01,DEV-04,2024-01-12 15:14:36,85.99,0.0,4.2996,8,Success,Purchase,Pune,MMK,False
TXN-20240112-0003814,WALL-0144272,MERCH-00137,PM-01,DEV-01,2024-01-12 19:39:46,86.15,0.0,4.3077,8,Success,Purchase,Taunggyi,MMK,False
TXN-20240112-0003815,WALL-0088032,MERCH-00295,PM-03,DEV-01,2024-01-12 14:59:45,1027.0,8.216,82.16,205,Success,Purchase,Pokhara,NPR,False
TXN-20240112-0003816,WALL-0027851,MERCH-00226,PM-01,DEV-01,2024-01-12 16:33:16,7.18,0.0,0.0,0,Success,Purchase,Bangalore,MMK,False
TXN-20240112-0003817,WALL-0055043,MERCH-00130,PM-03,DEV-01,2024-01-12 21:28:42,117.54,0.9403,0.0,11,Success,Purchase,Pathein,MMK,False
TXN-20240112-0003818,WALL-0019318,MERCH-00346,PM-03,DEV-01,2024-01-12 19:07:42,23.89,0.1911,0.0,2,Success,Bill Payment,Chiang Mai,THB,False
TXN-20240112-0003819,WALL-0017506,MERCH-00201,PM-01,DEV-03,2024-01-12 11:47:51,17.21,0.0,0.0,1,Success,Purchase,Johor Bahru,MYR,False
TXN-20240112-0003820,WALL-0100664,MERCH-00091,PM-01,DEV-03,2024-01-12 17:56:44,62.56,0.0,0.0,6,Success,Purchase,Kuala Lumpur,MYR,False
TXN-20240112-0003821,WALL-0055772,MERCH-00231,PM-02,DEV-01,2024-01-12 13:03:12,16.25,0.0325,0.0,1,Success,Subscription,Bangkok,THB,False
TXN-20240112-0003822,WALL-0077803,MERCH-00199,PM-04,DEV-02,2024-01-12 10:33:50,12.26,0.2453,0.0,1,Success,Purchase,Taunggyi,MMK,False
TXN-20240112-0003823,WALL-0081089,MERCH-00107,PM-02,DEV-01,2024-01-12 11:41:02,212.72,0.4254,0.0,21,Success,Purchase,Pathein,MMK,False
TXN-20240112-0003824,WALL-0069875,MERCH-00052,PM-04,DEV-01,2024-01-12 17:57:22,10.06,0.2012,0.2012,1,Success,Purchase,Kandy,LKR,False
TXN-20240112-0003825,WALL-0146894,MERCH-00042,PM-01,DEV-02,2024-01-12 20:38:56,9.27,0.0,0.1854,0,Success,Purchase,Bangalore,INR,False
TXN-20240112-0003826,WALL-0103112,MERCH-00112,PM-01,DEV-01,2024-01-12 15:10:44,41.58,0.0,0.0,4,Success,Purchase,Quezon City,IDR,False
TXN-20240112-0003827,WALL-0016759,MERCH-00134,PM-03,DEV-01,2024-01-12 21:39:36,185.6,1.4848,9.2801,18,Success,Purchase,Mumbai,INR,False
TXN-20240112-0003828,WALL-0127197,MERCH-00234,PM-01,DEV-02,2024-01-12 10:59:35,16.19,0.0,0.0,1,Success,Subscription,Manila,PHP,False
TXN-20240112-0003829,WALL-0044144,MERCH-00037,PM-01,DEV-01,2024-01-12 21:09:20,10.19,0.0,0.0,0,Failed,Purchase,Myitkyina,MMK,False
TXN-20240112-0003830,WALL-0005208,MERCH-00390,PM-01,DEV-05,2024-01-12 06:10:40,56.99,0.0,0.0,5,Success,Purchase,Mumbai,INR,False
TXN-20240112-0003831,WALL-0028859,MERCH-00067,PM-05,DEV-05,2024-01-12 19:02:26,14.81,0.0,0.2962,1,Success,Purchase,Mumbai,IDR,False
TXN-20240112-0003832,WALL-0001760,MERCH-00391,PM-01,DEV-01,2024-01-12 12:38:17,20.0,0.0,0.0,2,Success,Purchase,Siem Reap,KHR,False
TXN-20240112-0003833,WALL-0051244,MERCH-00347,PM-01,DEV-01,2024-01-12 20:18:37,57.6,0.0,0.0,5,Success,Bill Payment,Cebu City,PHP,False
TXN-20240112-0003834,WALL-0077031,MERCH-00071,PM-02,DEV-03,2024-01-12 14:03:38,87.57,0.1751,1.7514,8,Success,Purchase,Bali,LKR,False
TXN-20240112-0003835,WALL-0005792,MERCH-00177,PM-02,DEV-02,2024-01-12 15:40:51,435.09,0.8702,21.7543,43,Success,Purchase,Dhaka,BDT,False
TXN-20240112-0003836,WALL-0020906,MERCH-00295,PM-02,DEV-01,2024-01-12 00:58:54,346.68,0.6934,27.7341,69,Success,Purchase,Phnom Penh,KHR,False
TXN-20240112-0003837,WALL-0046906,MERCH-00246,PM-01,DEV-02,2024-01-12 12:14:57,32.12,0.0,0.0,3,Success,Subscription,Mawlamyine,MMK,False
TXN-20240112-0003838,WALL-0080100,MERCH-00083,PM-01,DEV-01,2024-01-12 15:10:48,56.92,0.0,0.0,5,Success,Purchase,Mawlamyine,MMK,False
TXN-20240112-0003839,WALL-0088759,MERCH-00391,PM-02,DEV-03,2024-01-12 04:07:12,60.9,0.1218,0.0,6,Success,Purchase,Yangon,MMK,False
TXN-20240112-0003840,WALL-0020107,MERCH-00318,PM-02,DEV-02,2024-01-12 16:34:06,119.78,0.2396,0.0,11,Success,Bill Payment,Ahmedabad,INR,False
TXN-20240112-0003841,WALL-0084028,MERCH-00196,PM-01,DEV-01,2024-01-12 20:54:56,12.26,0.0,0.0,1,Success,Purchase,Naypyidaw,MMK,False
TXN-20240112-0003842,WALL-0113692,MERCH-00080,PM-02,DEV-01,2024-01-12 00:37:26,23.26,0.0465,0.4653,2,Success,Purchase,Bago,MMK,False
TXN-20240112-0003843,WALL-0017527,MERCH-00086,PM-03,DEV-01,2024-01-12 15:29:20,84.17,0.6734,0.0,8,Success,Purchase,Kathmandu,NPR,False
TXN-20240112-0003844,WALL-0072805,MERCH-00425,PM-01,DEV-01,2024-01-12 16:04:58,22.91,0.0,0.0,2,Success,Payment,Hanoi,VND,False
TXN-20240112-0003845,WALL-0065952,MERCH-00076,PM-01,DEV-04,2024-01-12 11:41:38,10.02,0.0,0.2004,1,Success,Purchase,Mandalay,MMK,False
TXN-20240112-0003846,WALL-0100069,MERCH-00078,PM-02,DEV-03,2024-01-12 08:04:51,18.51,0.037,0.3701,1,Success,Purchase,Myitkyina,MMK,False
TXN-20240112-0003847,WALL-0134755,MERCH-00042,PM-04,DEV-01,2024-01-12 13:52:21,36.59,0.7318,0.7318,3,Success,Purchase,Ahmedabad,MMK,False
TXN-20240112-0003848,WALL-0104384,MERCH-00431,PM-04,DEV-04,2024-01-12 21:04:18,191.6,3.832,0.0,19,Success,Tax Payment,Myitkyina,MMK,False
TXN-20240112-0003849,WALL-0108239,MERCH-00077,PM-01,DEV-01,2024-01-12 13:44:15,12.95,0.0,0.259,1,Success,Purchase,Yangon,MMK,False
TXN-20240112-0003850,WALL-0028145,MERCH-00422,PM-02,DEV-01,2024-01-12 12:31:56,20.0,0.04,0.0,2,Success,Payment,Dhaka,BDT,False
TXN-20240112-0003851,WALL-0008819,MERCH-00425,PM-01,DEV-03,2024-01-12 07:50:42,20.0,0.0,0.0,2,Success,Payment,Myitkyina,MMK,False
TXN-20240112-0003852,WALL-0132133,MERCH-00137,PM-01,DEV-02,2024-01-12 20:10:29,122.62,0.0,6.131,12,Success,Purchase,Naypyidaw,MMK,False
TXN-20240112-0003853,WALL-0031432,MERCH-00147,PM-01,DEV-01,2024-01-12 17:57:21,53.96,0.0,2.6981,5,Success,Purchase,Mawlamyine,MMK,False
TXN-20240112-0003854,WALL-0025207,MERCH-00256,PM-03,DEV-01,2024-01-12 15:58:56,15.88,0.1271,0.0,1,Success,Subscription,Mandalay,MMK,False
TXN-20240112-0003855,WALL-0124370,MERCH-00287,PM-05,DEV-01,2024-01-12 19:50:20,2542.24,0.0,0.0,0,Failed,Purchase,Bali,MMK,False
TXN-20240112-0003856,WALL-0098993,MERCH-00193,PM-02,DEV-02,2024-01-12 21:34:01,14.5,0.029,0.0,1,Success,Purchase,Mandalay,MMK,False
TXN-20240112-0003857,WALL-0137618,MERCH-00109,PM-02,DEV-01,2024-01-12 12:28:06,75.58,0.1512,0.0,7,Success,Purchase,Bago,MMK,False
TXN-20240112-0003858,WALL-0099756,MERCH-00319,PM-01,DEV-02,2024-01-12 17:07:21,163.78,0.0,0.0,16,Success,Bill Payment,Phnom Penh,KHR,False
TXN-20240112-0003859,WALL-0019178,MERCH-00326,PM-01,DEV-02,2024-01-12 14:32:05,170.31,0.0,0.0,17,Success,Bill Payment,Pathein,MMK,False
TXN-20240112-0003860,WALL-0055104,MERCH-00395,PM-03,DEV-01,2024-01-12 07:57:10,89.1,0.7128,0.0,8,Success,Purchase,Johor Bahru,MYR,False
TXN-20240112-0003861,WALL-0029336,MERCH-00163,PM-05,DEV-01,2024-01-12 15:14:33,71.83,0.0,3.5913,7,Success,Purchase,Colombo,MMK,False
TXN-20240112-0003862,WALL-0136177,MERCH-00010,PM-02,DEV-01,2024-01-12 11:29:47,18.18,0.0364,0.3636,1,Success,Purchase,Mumbai,MMK,False
TXN-20240112-0003863,WALL-0138380,MERCH-00105,PM-01,DEV-01,2024-01-12 09:44:36,137.4,0.0,0.0,13,Success,Purchase,Mandalay,MMK,False
TXN-20240112-0003864,WALL-0058390,MERCH-00129,PM-01,DEV-01,2024-01-12 20:11:12,87.26,0.0,0.0,0,Pending,Purchase,Taunggyi,MMK,False
TXN-20240112-0003865,WALL-0045856,MERCH-00391,PM-02,DEV-03,2024-01-12 12:39:11,20.0,0.04,0.0,2,Success,Purchase,Jaipur,INR,False
TXN-20240112-0003866,WALL-0144129,MERCH-00360,PM-05,DEV-02,2024-01-12 13:59:03,24.79,0.0,0.0,2,Success,Bill Payment,Taunggyi,MMK,False
TXN-20240112-0003867,WALL-0022016,MERCH-00434,PM-01,DEV-04,2024-01-12 18:39:45,50.0,0.0,0.0,5,Success,Tax Payment,Kathmandu,NPR,False
TXN-20240112-0003868,WALL-0055192,MERCH-00376,PM-01,DEV-01,2024-01-12 13:05:01,26.49,0.0,0.0,2,Success,Purchase,Myitkyina,MMK,False
TXN-20240112-0003869,WALL-0084933,MERCH-00404,PM-01,DEV-02,2024-01-12 21:48:02,90.76,0.0,0.0,9,Success,Payment,Myitkyina,MMK,False
TXN-20240112-0003870,WALL-0034124,MERCH-00439,PM-04,DEV-03,2024-01-12 12:56:10,382.84,7.6567,0.0,38,Success,Tax Payment,Bangalore,INR,False
TXN-20240112-0003871,WALL-0016494,MERCH-00189,PM-04,DEV-02,2024-01-12 16:54:39,368.5,7.3701,0.0,0,Failed,Purchase,Pathein,MMK,False
TXN-20240112-0003872,WALL-0091861,MERCH-00089,PM-01,DEV-01,2024-01-12 13:47:30,29.62,0.0,0.0,2,Success,Purchase,Davao,PHP,False
TXN-20240112-0003873,WALL-0111276,MERCH-00208,PM-04,DEV-01,2024-01-12 17:04:18,6.33,0.1265,0.0,0,Pending,Purchase,Lahore,PKR,False
TXN-20240112-0003874,WALL-0136315,MERCH-00005,PM-02,DEV-01,2024-01-12 08:59:08,18.54,0.0371,0.3708,1,Success,Purchase,Davao,PHP,False
TXN-20240112-0003875,WALL-0031560,MERCH-00204,PM-01,DEV-01,2024-01-12 14:42:22,20.8,0.0,0.0,2,Success,Purchase,Mawlamyine,MMK,False
TXN-20240112-0003876,WALL-0047642,MERCH-00246,PM-01,DEV-01,2024-01-12 16:48:59,5.75,0.0,0.0,0,Success,Subscription,Yangon,MMK,False
TXN-20240112-0003877,WALL-0100629,MERCH-00247,PM-02,DEV-03,2024-01-12 21:29:47,15.94,0.0319,0.0,1,Success,Subscription,Pattaya,THB,False
TXN-20240112-0003878,WALL-0089771,MERCH-00035,PM-01,DEV-02,2024-01-12 14:19:09,11.84,0.0,0.2368,1,Success,Purchase,Mandalay,MMK,False
TXN-20240112-0003879,WALL-0076859,MERCH-00254,PM-02,DEV-01,2024-01-12 09:26:13,18.53,0.0371,0.0,1,Success,Subscription,Phuket,THB,False
TXN-20240112-0003880,WALL-0149371,MERCH-00038,PM-01,DEV-04,2024-01-12 19:59:52,9.43,0.0,0.1885,0,Success,Purchase,Colombo,MMK,False
TXN-20240112-0003881,WALL-0013335,MERCH-00218,PM-03,DEV-01,2024-01-12 07:19:59,21.09,0.1687,0.0,0,Failed,Purchase,Jaipur,INR,False
TXN-20240112-0003882,WALL-0046268,MERCH-00342,PM-03,DEV-01,2024-01-12 02:27:51,57.0,0.456,0.0,5,Success,Bill Payment,Taunggyi,MMK,False
TXN-20240112-0003883,WALL-0058281,MERCH-00440,PM-01,DEV-01,2024-01-12 15:31:19,1030.93,0.0,0.0,103,Success,Tax Payment,Siem Reap,KHR,False
TXN-20240112-0003884,WALL-0046929,MERCH-00029,PM-05,DEV-01,2024-01-12 15:15:10,10.02,0.0,0.0,0,Pending,Purchase,Phnom Penh,KHR,False
TXN-20240112-0003885,WALL-0023329,MERCH-00155,PM-01,DEV-03,2024-01-12 12:29:44,53.65,0.0,2.6825,5,Success,Purchase,Mandalay,MMK,False
TXN-20240112-0003886,WALL-0118138,MERCH-00444,PM-02,DEV-03,2024-01-12 11:37:34,585.37,1.1707,0.0,58,Success,Tax Payment,Mawlamyine,MMK,False
TXN-20240112-0003887,WALL-0115580,MERCH-00014,PM-02,DEV-02,2024-01-12 13:30:41,32.78,0.0656,0.6555,3,Success,Purchase,Pathein,MMK,False
TXN-20240112-0003888,WALL-0100447,MERCH-00004,PM-02,DEV-04,2024-01-12 17:38:10,22.19,0.0444,0.4438,2,Success,Purchase,Kathmandu,NPR,False
TXN-20240112-0003889,WALL-0090273,MERCH-00155,PM-03,DEV-02,2024-01-12 18:13:26,191.4,1.5312,9.5701,19,Success,Purchase,Bago,MMK,False
TXN-20240112-0003890,WALL-0036293,MERCH-00167,PM-03,DEV-02,2024-01-12 17:04:44,21.21,0.1697,1.0605,2,Success,Purchase,Kathmandu,NPR,False
TXN-20240112-0003891,WALL-0041724,MERCH-00473,PM-03,DEV-01,2024-01-12 12:21:12,497.71,3.9816,0.0,49,Success,Payment,Manila,PHP,False
TXN-20240112-0003892,WALL-0137890,MERCH-00054,PM-01,DEV-02,2024-01-12 12:01:03,34.85,0.0,0.697,3,Success,Purchase,Chiang Mai,THB,False
TXN-20240112-0003893,WALL-0134440,MERCH-00195,PM-01,DEV-05,2024-01-12 17:10:20,6.91,0.0,0.0,0,Failed,Purchase,Pathein,MMK,False
TXN-20240112-0003894,WALL-0018305,MERCH-00051,PM-02,DEV-01,2024-01-12 09:02:13,14.63,0.0293,0.2926,1,Success,Purchase,Islamabad,PKR,False
TXN-20240112-0003895,WALL-0125570,MERCH-00116,PM-01,DEV-01,2024-01-12 01:35:17,85.75,0.0,0.0,8,Success,Purchase,Pune,MYR,False
TXN-20240112-0003896,WALL-0021391,MERCH-00325,PM-01,DEV-01,2024-01-12 20:50:52,54.63,0.0,0.0,5,Success,Bill Payment,Islamabad,PKR,False
TXN-20240112-0003897,WALL-0001764,MERCH-00052,PM-03,DEV-01,2024-01-12 19:02:08,44.33,0.3547,0.8866,4,Success,Purchase,Karachi,PKR,False
TXN-20240112-0003898,WALL-0024299,MERCH-00383,PM-05,DEV-01,2024-01-12 18:38:32,63.64,0.0,0.0,6,Success,Purchase,Ahmedabad,INR,False
TXN-20240112-0003899,WALL-0055240,MERCH-00356,PM-05,DEV-03,2024-01-12 01:49:20,30.43,0.0,0.0,3,Success,Bill Payment,Bangalore,INR,False
TXN-20240112-0003900,WALL-0040377,MERCH-00300,PM-02,DEV-01,2024-01-12 13:42:06,106.43,0.2129,8.5141,21,Success,Purchase,Mandalay,MMK,False
TXN-20240112-0003901,WALL-0007167,MERCH-00308,PM-05,DEV-01,2024-01-12 06:01:51,772.31,0.0,61.7849,154,Success,Purchase,Singapore,PKR,False
TXN-20240112-0003902,WALL-0003561,MERCH-00397,PM-01,DEV-01,2024-01-12 18:29:25,120.0,0.0,0.0,12,Success,Purchase,Pune,INR,False
TXN-20240112-0003903,WALL-0108850,MERCH-00003,PM-03,DEV-03,2024-01-12 15:42:52,20.97,0.1678,0.4194,2,Success,Purchase,Bangkok,KHR,False
TXN-20240112-0003904,WALL-0043613,MERCH-00482,PM-03,DEV-02,2024-01-12 10:37:28,232.16,1.8573,0.0,23,Success,Payment,Surabaya,IDR,False
TXN-20240112-0003905,WALL-0034745,MERCH-00009,PM-01,DEV-03,2024-01-12 08:02:58,25.76,0.0,0.5152,2,Success,Purchase,Taunggyi,MMK,False
TXN-20240112-0003906,WALL-0072859,MERCH-00107,PM-04,DEV-03,2024-01-12 18:17:05,33.14,0.6628,0.0,3,Success,Purchase,Bago,MMK,False
TXN-20240112-0003907,WALL-0046003,MERCH-00216,PM-04,DEV-01,2024-01-12 02:55:47,23.79,0.4759,0.0,2,Success,Purchase,Bago,MMK,False
TXN-20240112-0003908,WALL-0047414,MERCH-00093,PM-01,DEV-01,2024-01-12 17:25:02,47.75,0.0,0.0,4,Success,Purchase,Manila,PHP,False
TXN-20240112-0003909,WALL-0126447,MERCH-00320,PM-02,DEV-01,2024-01-12 14:57:16,99.34,0.1987,0.0,9,Success,Bill Payment,Naypyidaw,MMK,False
TXN-20240112-0003910,WALL-0123824,MERCH-00049,PM-01,DEV-01,2024-01-12 16:56:09,23.87,0.0,0.4774,2,Success,Purchase,Bangalore,INR,False
TXN-20240112-0003911,WALL-0058181,MERCH-00032,PM-01,DEV-02,2024-01-12 14:25:58,17.37,0.0,0.3475,1,Success,Purchase,Mandalay,MMK,False
TXN-20240112-0003912,WALL-0058030,MERCH-00106,PM-02,DEV-01,2024-01-12 07:46:45,80.59,0.1612,0.0,8,Success,Purchase,Khon Kaen,LKR,False
TXN-20240112-0003913,WALL-0006827,MERCH-00208,PM-02,DEV-03,2024-01-12 10:51:40,18.17,0.0363,0.0,1,Success,Purchase,Bago,MMK,False
TXN-20240112-0003914,WALL-0064611,MERCH-00426,PM-03,DEV-04,2024-01-12 21:04:35,212.11,1.6969,0.0,21,Success,Payment,Colombo,LKR,False
TXN-20240112-0003915,WALL-0123198,MERCH-00221,PM-01,DEV-05,2024-01-12 20:40:42,6.41,0.0,0.0,0,Success,Purchase,Kolkata,INR,False
TXN-20240112-0003916,WALL-0075011,MERCH-00045,PM-01,DEV-01,2024-01-12 14:43:20,8.54,0.0,0.1709,0,Success,Purchase,Naypyidaw,MMK,False
TXN-20240112-0003917,WALL-0023755,MERCH-00071,PM-04,DEV-01,2024-01-12 17:10:39,34.25,0.685,0.685,3,Success,Purchase,Myitkyina,MMK,False
TXN-20240112-0003918,WALL-0105955,MERCH-00196,PM-01,DEV-02,2024-01-12 15:36:39,15.64,0.0,0.0,1,Success,Purchase,Mandalay,PHP,False
TXN-20240112-0003919,WALL-0136829,MERCH-00203,PM-01,DEV-05,2024-01-12 12:14:43,20.0,0.0,0.0,0,Failed,Purchase,Medan,INR,False
TXN-20240112-0003920,WALL-0046103,MERCH-00073,PM-01,DEV-01,2024-01-12 12:24:12,10.17,0.0,0.2034,1,Success,Purchase,Johor Bahru,MMK,False
TXN-20240112-0003921,WALL-0146556,MERCH-00077,PM-04,DEV-01,2024-01-12 06:25:29,21.58,0.4316,0.4316,2,Success,Purchase,Pathein,MMK,False
TXN-20240112-0003922,WALL-0097206,MERCH-00031,PM-01,DEV-01,2024-01-12 21:58:28,11.07,0.0,0.2214,1,Success,Purchase,Khon Kaen,THB,False
TXN-20240112-0003923,WALL-0129527,MERCH-00131,PM-01,DEV-02,2024-01-12 06:33:06,116.45,0.0,5.8227,11,Success,Purchase,Mawlamyine,MMK,False
TXN-20240112-0003924,WALL-0110590,MERCH-00036,PM-04,DEV-01,2024-01-12 19:09:13,15.84,0.3169,0.3169,1,Success,Purchase,Bago,MMK,False
TXN-20240112-0003925,WALL-0069831,MERCH-00329,PM-01,DEV-01,2024-01-12 20:34:03,105.18,0.0,0.0,10,Success,Bill Payment,Mawlamyine,MMK,False
TXN-20240112-0003926,WALL-0022481,MERCH-00154,PM-01,DEV-03,2024-01-12 16:37:56,93.16,0.0,4.6581,9,Success,Purchase,Pune,MMK,False
TXN-20240112-0003927,WALL-0036895,MERCH-00185,PM-02,DEV-01,2024-01-12 15:32:41,342.11,0.6842,17.1056,34,Success,Purchase,Taunggyi,THB,False
TXN-20240112-0003928,WALL-0120767,MERCH-00356,PM-01,DEV-03,2024-01-12 09:31:18,73.71,0.0,0.0,7,Success,Bill Payment,Pokhara,MMK,False
TXN-20240112-0003929,WALL-0000269,MERCH-00185,PM-02,DEV-01,2024-01-12 17:35:56,509.0,1.018,25.4502,50,Success,Purchase,Pattaya,THB,False
TXN-20240112-0003930,WALL-0005587,MERCH-00202,PM-01,DEV-02,2024-01-12 05:33:36,7.4,0.0,0.0,0,Success,Purchase,Naypyidaw,MMK,False
TXN-20240112-0003931,WALL-0108479,MERCH-00305,PM-01,DEV-03,2024-01-12 18:31:58,1019.32,0.0,81.5455,203,Success,Purchase,Bali,IDR,False
TXN-20240112-0003932,WALL-0144191,MERCH-00371,PM-02,DEV-01,2024-01-12 19:29:45,92.17,0.1843,0.0,9,Success,Purchase,Bago,MMK,True
TXN-20240112-0003933,WALL-0001360,MERCH-00006,PM-01,DEV-01,2024-01-12 02:07:42,5.85,0.0,0.1169,0,Success,Purchase,Manila,THB,False
TXN-20240112-0003934,WALL-0125463,MERCH-00029,PM-01,DEV-01,2024-01-12 08:43:13,5.0,0.0,0.1,0,Success,Purchase,Delhi,INR,False
TXN-20240112-0003935,WALL-0033428,MERCH-00162,PM-01,DEV-02,2024-01-12 12:42:27,92.17,0.0,4.6085,9,Success,Purchase,Siem Reap,MMK,False
TXN-20240112-0003936,WALL-0017613,MERCH-00401,PM-01,DEV-02,2024-01-12 10:11:34,80.1,0.0,0.0,8,Success,Payment,Yangon,MMK,False
TXN-20240112-0003937,WALL-0115999,MERCH-00430,PM-01,DEV-01,2024-01-12 14:39:17,103.75,0.0,0.0,10,Success,Payment,Myitkyina,MMK,False
TXN-20240112-0003938,WALL-0053049,MERCH-00265,PM-04,DEV-01,2024-01-12 15:50:04,8.72,0.1745,0.0,0,Success,Subscription,Myitkyina,MMK,False
TXN-20240112-0003939,WALL-0106731,MERCH-00019,PM-01,DEV-01,2024-01-12 21:48:58,14.97,0.0,0.2994,1,Success,Purchase,Phnom Penh,MMK,False
TXN-20240112-0003940,WALL-0087875,MERCH-00081,PM-01,DEV-02,2024-01-12 01:06:16,85.99,0.0,0.0,8,Success,Purchase,Kathmandu,NPR,False
TXN-20240112-0003941,WALL-0082805,MERCH-00312,PM-01,DEV-02,2024-01-12 01:15:35,110.27,0.0,0.0,11,Success,Bill Payment,Dhaka,BDT,False
TXN-20240112-0003942,WALL-0064850,MERCH-00219,PM-01,DEV-02,2024-01-12 12:58:59,7.89,0.0,0.0,0,Success,Purchase,Delhi,INR,False
TXN-20240112-0003943,WALL-0040091,MERCH-00065,PM-01,DEV-01,2024-01-12 05:15:28,33.77,0.0,0.6755,3,Success,Purchase,Bangalore,INR,False
TXN-20240112-0003944,WALL-0130276,MERCH-00115,PM-01,DEV-01,2024-01-12 19:21:36,74.81,0.0,0.0,7,Success,Purchase,Taunggyi,MMK,False
TXN-20240112-0003945,WALL-0148907,MERCH-00216,PM-01,DEV-03,2024-01-12 10:31:02,30.17,0.0,0.0,3,Success,Purchase,Phnom Penh,KHR,False
TXN-20240112-0003946,WALL-0005822,MERCH-00330,PM-03,DEV-03,2024-01-12 19:31:15,81.02,0.6482,0.0,8,Success,Bill Payment,Myitkyina,MMK,False
TXN-20240112-0003947,WALL-0100900,MERCH-00195,PM-04,DEV-02,2024-01-12 11:23:28,10.88,0.2176,0.0,1,Success,Purchase,Pathein,MMK,False
TXN-20240112-0003948,WALL-0140478,MERCH-00275,PM-02,DEV-05,2024-01-12 11:44:11,174.35,0.3487,13.948,34,Success,Purchase,Bago,MMK,False
TXN-20240112-0003949,WALL-0145842,MERCH-00447,PM-01,DEV-02,2024-01-12 18:40:59,88.84,0.0,0.0,8,Success,Tax Payment,Da Nang,VND,False
TXN-20240112-0003950,WALL-0008261,MERCH-00349,PM-01,DEV-01,2024-01-12 13:01:23,17.86,0.0,0.0,1,Success,Bill Payment,Mandalay,MMK,False
TXN-20240112-0003951,WALL-0131794,MERCH-00226,PM-02,DEV-01,2024-01-12 18:56:17,5.24,0.0105,0.0,0,Success,Purchase,Mandalay,MMK,False
TXN-20240112-0003952,WALL-0042533,MERCH-00059,PM-01,DEV-01,2024-01-12 12:56:41,35.87,0.0,0.7175,3,Success,Purchase,Hyderabad,INR,False
TXN-20240112-0003953,WALL-0067070,MERCH-00089,PM-03,DEV-02,2024-01-12 06:40:58,32.58,0.2607,0.0,3,Success,Purchase,Quezon City,PHP,False
TXN-20240112-0003954,WALL-0144591,MERCH-00319,PM-01,DEV-03,2024-01-12 17:40:49,51.59,0.0,0.0,5,Success,Bill Payment,Bali,IDR,False
TXN-20240112-0003955,WALL-0085666,MERCH-00253,PM-02,DEV-01,2024-01-12 13:04:32,8.02,0.016,0.0,0,Success,Subscription,Quezon City,PHP,False
TXN-20240112-0003956,WALL-0052972,MERCH-00031,PM-03,DEV-01,2024-01-12 12:57:44,21.28,0.1703,0.4257,2,Success,Purchase,Pune,INR,False
TXN-20240112-0003957,WALL-0070373,MERCH-00076,PM-02,DEV-03,2024-01-12 12:20:36,29.04,0.0581,0.5808,2,Success,Purchase,Pathein,MMK,False
TXN-20240112-0003958,WALL-0001884,MERCH-00125,PM-05,DEV-01,2024-01-12 08:40:16,191.84,0.0,0.0,0,Failed,Purchase,Taunggyi,MMK,False
TXN-20240112-0003959,WALL-0041266,MERCH-00099,PM-04,DEV-01,2024-01-12 14:06:21,66.6,1.3319,0.0,6,Success,Purchase,Colombo,LKR,False
TXN-20240112-0003960,WALL-0097125,MERCH-00044,PM-02,DEV-01,2024-01-12 14:50:07,14.01,0.028,0.0,0,Failed,Purchase,Mandalay,MMK,False
TXN-20240112-0003961,WALL-0008475,MERCH-00203,PM-02,DEV-03,2024-01-12 06:04:00,5.52,0.011,0.0,0,Success,Purchase,Medan,IDR,False
TXN-20240112-0003962,WALL-0058979,MERCH-00151,PM-01,DEV-02,2024-01-12 17:31:35,45.88,0.0,2.294,4,Success,Purchase,Kathmandu,NPR,False
TXN-20240112-0003963,WALL-0057865,MERCH-00010,PM-04,DEV-05,2024-01-12 15:51:00,15.08,0.3016,0.3016,1,Success,Purchase,Taunggyi,MMK,False
TXN-20240112-0003964,WALL-0148898,MERCH-00200,PM-02,DEV-01,2024-01-12 19:35:59,17.29,0.0346,0.0,1,Success,Purchase,Quezon City,MMK,False
TXN-20240112-0003965,WALL-0064278,MERCH-00005,PM-03,DEV-05,2024-01-12 15:38:38,43.19,0.3455,0.8638,4,Success,Purchase,Bali,IDR,False
TXN-20240112-0003966,WALL-0116247,MERCH-00034,PM-02,DEV-01,2024-01-12 16:35:34,25.34,0.0507,0.5067,2,Success,Purchase,Siem Reap,KHR,False
TXN-20240112-0003967,WALL-0078533,MERCH-00233,PM-03,DEV-01,2024-01-12 11:19:56,7.52,0.0602,0.0,0,Success,Subscription,Ho Chi Minh City,VND,False
TXN-20240112-0003968,WALL-0145394,MERCH-00020,PM-03,DEV-01,2024-01-12 03:20:27,21.52,0.1722,0.4304,2,Success,Purchase,Kathmandu,IDR,False
TXN-20240112-0003969,WALL-0145865,MERCH-00397,PM-02,DEV-01,2024-01-12 06:49:23,41.32,0.0826,0.0,4,Success,Purchase,Dhaka,BDT,False
TXN-20240112-0003970,WALL-0140296,MERCH-00362,PM-05,DEV-01,2024-01-12 18:47:39,54.96,0.0,0.0,5,Success,Bill Payment,Mawlamyine,MMK,False
TXN-20240112-0003971,WALL-0006072,MERCH-00388,PM-01,DEV-01,2024-01-12 13:16:19,20.0,0.0,0.0,2,Success,Purchase,Pune,INR,False
TXN-20240112-0003972,WALL-0080373,MERCH-00091,PM-01,DEV-01,2024-01-12 15:26:02,93.07,0.0,0.0,9,Success,Purchase,Pattaya,THB,False
TXN-20240112-0003973,WALL-0097749,MERCH-00034,PM-01,DEV-01,2024-01-12 20:33:12,9.77,0.0,0.1954,0,Success,Purchase,Kuala Lumpur,MMK,False
TXN-20240112-0003974,WALL-0149608,MERCH-00121,PM-01,DEV-02,2024-01-12 21:17:21,10.0,0.0,0.0,1,Success,Purchase,Da Nang,VND,False
TXN-20240112-0003975,WALL-0036025,MERCH-00141,PM-04,DEV-01,2024-01-12 18:21:25,30.49,0.6098,1.5245,3,Success,Purchase,Delhi,INR,False
TXN-20240112-0003976,WALL-0093286,MERCH-00146,PM-02,DEV-01,2024-01-12 07:36:37,232.13,0.4643,11.6065,23,Success,Purchase,Kandy,NPR,False
TXN-20240112-0003977,WALL-0099248,MERCH-00005,PM-01,DEV-01,2024-01-12 19:16:36,7.46,0.0,0.1493,0,Success,Purchase,Dhaka,MMK,False
TXN-20240112-0003978,WALL-0034816,MERCH-00419,PM-04,DEV-03,2024-01-12 18:21:36,75.28,1.5057,0.0,7,Success,Payment,Johor Bahru,MYR,False
TXN-20240112-0003979,WALL-0023143,MERCH-00100,PM-04,DEV-01,2024-01-12 05:22:42,69.73,1.3946,0.0,6,Success,Purchase,Pokhara,NPR,False
TXN-20240112-0003980,WALL-0075655,MERCH-00117,PM-03,DEV-03,2024-01-12 13:49:47,30.24,0.2419,0.0,0,Failed,Purchase,Chennai,INR,False
TXN-20240112-0003981,WALL-0017282,MERCH-00237,PM-01,DEV-02,2024-01-12 21:03:10,12.95,0.0,0.0,1,Success,Subscription,Islamabad,PKR,False
TXN-20240112-0003982,WALL-0017580,MERCH-00178,PM-02,DEV-03,2024-01-12 16:00:46,146.83,0.2937,7.3415,14,Success,Purchase,Ho Chi Minh City,VND,False
TXN-20240112-0003983,WALL-0086357,MERCH-00074,PM-01,DEV-01,2024-01-12 19:17:00,10.01,0.0,0.2001,1,Success,Purchase,Pokhara,NPR,False
TXN-20240112-0003984,WALL-0096522,MERCH-00373,PM-03,DEV-01,2024-01-12 19:00:29,48.62,0.389,0.0,4,Success,Purchase,Hyderabad,INR,False
TXN-20240112-0003985,WALL-0105486,MERCH-00230,PM-03,DEV-01,2024-01-12 17:32:56,27.3,0.2184,0.0,2,Success,Purchase,Khon Kaen,THB,False
TXN-20240112-0003986,WALL-0144358,MERCH-00126,PM-02,DEV-02,2024-01-12 17:03:30,75.18,0.1504,0.0,7,Success,Purchase,Mandalay,INR,False
TXN-20240112-0003987,WALL-0115939,MERCH-00210,PM-04,DEV-01,2024-01-12 18:40:33,25.58,0.5115,0.0,2,Success,Purchase,Karachi,PKR,False
TXN-20240112-0003988,WALL-0093054,MERCH-00117,PM-05,DEV-01,2024-01-12 15:31:08,86.45,0.0,0.0,8,Success,Purchase,Naypyidaw,MMK,False
TXN-20240112-0003989,WALL-0080436,MERCH-00107,PM-04,DEV-01,2024-01-12 17:45:31,63.13,1.2625,0.0,6,Success,Purchase,Da Nang,VND,False
TXN-20240112-0003990,WALL-0068994,MERCH-00004,PM-02,DEV-02,2024-01-12 09:36:52,20.18,0.0404,0.4036,2,Success,Purchase,Chennai,INR,False
TXN-20240112-0003991,WALL-0068322,MERCH-00361,PM-03,DEV-02,2024-01-12 16:38:22,33.65,0.2692,0.0,3,Success,Bill Payment,Delhi,MYR,False
TXN-20240112-0003992,WALL-0140340,MERCH-00333,PM-04,DEV-01,2024-01-12 14:44:55,87.14,1.7427,0.0,8,Success,Bill Payment,Naypyidaw,MMK,False
TXN-20240112-0003993,WALL-0050696,MERCH-00329,PM-03,DEV-03,2024-01-12 17:27:09,45.35,0.3628,0.0,4,Success,Bill Payment,Pattaya,THB,False
TXN-20240112-0003994,WALL-0057292,MERCH-00378,PM-02,DEV-01,2024-01-12 20:41:42,84.0,0.168,0.0,8,Success,Purchase,Delhi,INR,False
TXN-20240112-0003995,WALL-0085413,MERCH-00190,PM-04,DEV-03,2024-01-12 04:13:01,169.28,3.3857,8.4642,16,Success,Purchase,Mandalay,MMK,False
TXN-20240112-0003996,WALL-0075866,MERCH-00208,PM-04,DEV-02,2024-01-12 17:06:30,15.91,0.3183,0.0,1,Success,Purchase,Delhi,INR,False
TXN-20240112-0003997,WALL-0011016,MERCH-00309,PM-02,DEV-05,2024-01-12 14:49:34,500.38,1.0008,40.0307,100,Success,Purchase,Pathein,MMK,False
TXN-20240112-0003998,WALL-0068195,MERCH-00221,PM-02,DEV-01,2024-01-12 15:29:30,17.24,0.0345,0.0,1,Success,Purchase,Mawlamyine,MMK,False
TXN-20240112-0003999,WALL-0105628,MERCH-00095,PM-05,DEV-02,2024-01-12 14:52:31,36.47,0.0,0.0,3,Success,Purchase,Phnom Penh,KHR,False
TXN-20240112-0004000,WALL-0067738,MERCH-00424,PM-01,DEV-03,2024-01-12 18:34:09,42.12,0.0,0.0,4,Success,Payment,Mandalay,MMK,False
TXN-20240112-0004001,WALL-0132948,MERCH-00004,PM-01,DEV-02,2024-01-12 12:10:36,18.41,0.0,0.3682,1,Success,Purchase,Bago,MMK,False
TXN-20240112-0004002,WALL-0054439,MERCH-00032,PM-01,DEV-01,2024-01-12 12:28:05,7.03,0.0,0.1405,0,Success,Purchase,Yangon,MMK,False
TXN-20240112-0004003,WALL-0099555,MERCH-00244,PM-04,DEV-01,2024-01-12 21:51:53,9.26,0.1851,0.0,0,Success,Subscription,Yangon,MMK,False
TXN-20240112-0004004,WALL-0014333,MERCH-00101,PM-02,DEV-01,2024-01-12 17:48:39,86.17,0.1723,0.0,8,Success,Purchase,Ho Chi Minh City,VND,False
TXN-20240112-0004005,WALL-0079312,MERCH-00095,PM-01,DEV-01,2024-01-12 15:29:30,37.95,0.0,0.0,3,Success,Purchase,Naypyidaw,MMK,False
TXN-20240112-0004006,WALL-0037474,MERCH-00094,PM-03,DEV-03,2024-01-12 19:06:15,54.82,0.4385,0.0,5,Success,Purchase,Pathein,MMK,False
TXN-20240112-0004007,WALL-0074273,MERCH-00042,PM-01,DEV-03,2024-01-12 16:13:54,21.28,0.0,0.4255,2,Success,Purchase,Kolkata,INR,False
TXN-20240112-0004008,WALL-0148851,MERCH-00202,PM-02,DEV-01,2024-01-12 06:23:18,30.79,0.0616,0.0,3,Success,Purchase,Mandalay,MMK,False
TXN-20240112-0004009,WALL-0078448,MERCH-00063,PM-02,DEV-03,2024-01-12 17:36:07,8.91,0.0178,0.1783,0,Success,Purchase,Kandy,LKR,False
TXN-20240112-0004010,WALL-0056983,MERCH-00242,PM-05,DEV-01,2024-01-12 13:37:21,38.33,0.0,0.0,0,Failed,Subscription,Mawlamyine,MMK,False
TXN-20240112-0004011,WALL-0076235,MERCH-00001,PM-04,DEV-05,2024-01-12 11:06:02,44.91,0.8983,0.8983,4,Success,Purchase,Pune,INR,False
TXN-20240112-0004012,WALL-0019318,MERCH-00043,PM-02,DEV-01,2024-01-12 14:51:08,15.96,0.0319,0.3192,1,Success,Purchase,Chiang Mai,THB,False
TXN-20240112-0004013,WALL-0029312,MERCH-00442,PM-03,DEV-01,2024-01-12 15:32:40,299.79,2.3983,0.0,29,Success,Tax Payment,Kolkata,INR,False
TXN-20240112-0004014,WALL-0085900,MERCH-00074,PM-04,DEV-02,2024-01-12 12:10:00,34.0,0.68,0.68,3,Success,Purchase,Medan,IDR,False
TXN-20240112-0004015,WALL-0061169,MERCH-00094,PM-04,DEV-01,2024-01-12 10:31:01,50.39,1.0078,0.0,5,Success,Purchase,Mawlamyine,MMK,False
TXN-20240112-0004016,WALL-0016117,MERCH-00022,PM-04,DEV-01,2024-01-12 18:49:29,42.85,0.8569,0.8569,4,Success,Purchase,Yangon,MMK,False
TXN-20240112-0004017,WALL-0062919,MERCH-00385,PM-02,DEV-01,2024-01-12 10:49:34,52.89,0.1058,0.0,5,Success,Purchase,Khon Kaen,THB,False
TXN-20240112-0004018,WALL-0145839,MERCH-00016,PM-04,DEV-03,2024-01-12 15:49:21,5.0,0.1,0.1,0,Success,Purchase,Kuala Lumpur,MYR,False
TXN-20240112-0004019,WALL-0025960,MERCH-00068,PM-01,DEV-01,2024-01-12 20:02:30,18.85,0.0,0.377,1,Success,Purchase,Mandalay,MMK,False
TXN-20240112-0004020,WALL-0046466,MERCH-00202,PM-03,DEV-01,2024-01-12 18:38:20,6.9,0.0552,0.0,0,Success,Purchase,Kathmandu,NPR,False
TXN-20240112-0004021,WALL-0059037,MERCH-00157,PM-02,DEV-03,2024-01-12 20:23:52,41.26,0.0825,2.0631,4,Success,Purchase,Mandalay,MMK,False
TXN-20240112-0004022,WALL-0065199,MERCH-00247,PM-03,DEV-02,2024-01-12 09:30:25,14.47,0.1158,0.0,1,Success,Subscription,Mandalay,MMK,False
TXN-20240112-0004023,WALL-0009074,MERCH-00430,PM-05,DEV-02,2024-01-12 13:13:39,43.7,0.0,0.0,4,Success,Payment,Delhi,INR,False
TXN-20240112-0004024,WALL-0148499,MERCH-00071,PM-01,DEV-01,2024-01-12 19:46:56,5.54,0.0,0.1108,0,Success,Purchase,Pathein,MMK,False
TXN-20240112-0004025,WALL-0033129,MERCH-00214,PM-04,DEV-02,2024-01-12 20:00:02,19.41,0.3881,0.0,1,Success,Purchase,Bandung,IDR,False
TXN-20240112-0004026,WALL-0118585,MERCH-00050,PM-01,DEV-01,2024-01-12 18:45:37,19.09,0.0,0.3818,1,Success,Purchase,Bali,IDR,False
TXN-20240112-0004027,WALL-0084294,MERCH-00253,PM-04,DEV-01,2024-01-12 18:21:13,27.74,0.5548,0.0,2,Success,Subscription,Phuket,THB,False
TXN-20240112-0004028,WALL-0145820,MERCH-00303,PM-04,DEV-05,2024-01-12 20:44:42,443.44,8.8688,35.4754,88,Success,Purchase,Pathein,MMK,False
TXN-20240112-0004029,WALL-0137050,MERCH-00217,PM-01,DEV-01,2024-01-12 00:31:02,13.56,0.0,0.0,1,Success,Purchase,Jaipur,INR,False
TXN-20240112-0004030,WALL-0072402,MERCH-00495,PM-01,DEV-02,2024-01-12 07:58:58,274.44,0.0,0.0,27,Success,Payment,Kathmandu,NPR,False
TXN-20240112-0004031,WALL-0081856,MERCH-00172,PM-03,DEV-01,2024-01-12 15:07:00,435.54,3.4843,21.7771,43,Success,Purchase,Pathein,MMK,False
TXN-20240112-0004032,WALL-0128860,MERCH-00299,PM-02,DEV-04,2024-01-12 07:17:50,324.76,0.6495,25.9807,64,Success,Purchase,Chennai,INR,False
TXN-20240112-0004033,WALL-0095184,MERCH-00040,PM-02,DEV-03,2024-01-12 17:42:14,12.3,0.0246,0.2459,1,Success,Purchase,Siem Reap,MMK,False
TXN-20240112-0004034,WALL-0086716,MERCH-00354,PM-02,DEV-01,2024-01-12 20:32:12,58.89,0.1178,0.0,5,Success,Bill Payment,Chennai,INR,False
TXN-20240112-0004035,WALL-0000601,MERCH-00052,PM-02,DEV-01,2024-01-12 06:52:09,17.53,0.0351,0.3505,1,Success,Purchase,Mandalay,MMK,False
TXN-20240112-0004036,WALL-0105867,MERCH-00393,PM-03,DEV-01,2024-01-12 18:40:35,49.4,0.3952,0.0,4,Success,Purchase,Bangalore,INR,False
TXN-20240112-0004037,WALL-0055853,MERCH-00233,PM-01,DEV-03,2024-01-12 20:10:52,14.6,0.0,0.0,1,Success,Subscription,Kandy,LKR,False
TXN-20240112-0004038,WALL-0060518,MERCH-00469,PM-01,DEV-01,2024-01-12 16:25:44,436.92,0.0,0.0,43,Success,Payment,Kolkata,INR,False
TXN-20240112-0004039,WALL-0123000,MERCH-00344,PM-01,DEV-03,2024-01-12 10:59:10,44.18,0.0,0.0,4,Success,Bill Payment,Surabaya,IDR,False
TXN-20240112-0004040,WALL-0089165,MERCH-00327,PM-04,DEV-01,2024-01-12 17:23:52,63.74,1.2748,0.0,6,Success,Bill Payment,Davao,MMK,False
TXN-20240112-0004041,WALL-0112779,MERCH-00104,PM-02,DEV-02,2024-01-12 18:55:26,80.84,0.1617,0.0,0,Reversed,Purchase,Yangon,MMK,False
TXN-20240112-0004042,WALL-0124359,MERCH-00366,PM-04,DEV-01,2024-01-12 03:42:22,73.68,1.4736,0.0,7,Success,Bill Payment,Phnom Penh,KHR,False
TXN-20240112-0004043,WALL-0029545,MERCH-00164,PM-02,DEV-02,2024-01-12 14:01:53,71.59,0.1432,3.5797,7,Success,Purchase,Manila,PHP,False
TXN-20240112-0004044,WALL-0108564,MERCH-00116,PM-02,DEV-01,2024-01-12 16:50:04,107.34,0.2147,0.0,10,Success,Purchase,Hanoi,MMK,False
TXN-20240112-0004045,WALL-0038281,MERCH-00008,PM-01,DEV-01,2024-01-12 12:34:45,27.26,0.0,0.5452,2,Success,Purchase,Quezon City,PHP,False
TXN-20240112-0004046,WALL-0025325,MERCH-00440,PM-05,DEV-01,2024-01-12 17:56:08,93.11,0.0,0.0,9,Success,Tax Payment,Pathein,MMK,False
TXN-20240112-0004047,WALL-0081765,MERCH-00332,PM-04,DEV-02,2024-01-12 16:44:52,208.85,4.1769,0.0,20,Success,Bill Payment,Kandy,MMK,False
TXN-20240112-0004048,WALL-0113202,MERCH-00409,PM-02,DEV-01,2024-01-12 09:19:20,301.08,0.6022,0.0,30,Success,Payment,Myitkyina,MMK,False
TXN-20240112-0004049,WALL-0135848,MERCH-00134,PM-04,DEV-02,2024-01-12 10:26:42,24.79,0.4958,1.2395,2,Success,Purchase,Pune,INR,False
TXN-20240112-0004050,WALL-0146059,MERCH-00038,PM-01,DEV-01,2024-01-12 19:32:04,8.75,0.0,0.175,0,Success,Purchase,Lahore,PKR,False
TXN-20240112-0004051,WALL-0142309,MERCH-00405,PM-02,DEV-01,2024-01-12 09:42:03,128.23,0.2565,0.0,12,Success,Payment,Bangalore,INR,False
TXN-20240112-0004052,WALL-0032578,MERCH-00157,PM-01,DEV-01,2024-01-12 21:33:35,184.35,0.0,9.2177,18,Success,Purchase,Lahore,PKR,False
TXN-20240112-0004053,WALL-0061365,MERCH-00104,PM-01,DEV-03,2024-01-12 10:26:26,38.72,0.0,0.0,3,Success,Purchase,Pune,INR,False
TXN-20240112-0004054,WALL-0138982,MERCH-00031,PM-01,DEV-01,2024-01-12 15:33:24,14.49,0.0,0.2899,1,Success,Purchase,Mandalay,MMK,False
TXN-20240112-0004055,WALL-0116524,MERCH-00019,PM-01,DEV-01,2024-01-12 20:13:44,11.05,0.0,0.221,1,Success,Purchase,Kandy,LKR,False
TXN-20240112-0004056,WALL-0086485,MERCH-00133,PM-04,DEV-05,2024-01-12 21:21:40,304.94,6.0988,15.247,30,Success,Purchase,Mandalay,MMK,False
TXN-20240112-0004057,WALL-0070562,MERCH-00346,PM-01,DEV-01,2024-01-12 20:06:18,78.52,0.0,0.0,7,Success,Bill Payment,Jaipur,MMK,False
TXN-20240112-0004058,WALL-0107282,MERCH-00387,PM-05,DEV-02,2024-01-12 11:36:42,124.37,0.0,0.0,12,Success,Purchase,Ho Chi Minh City,VND,False
TXN-20240112-0004059,WALL-0064913,MERCH-00275,PM-03,DEV-01,2024-01-12 05:36:31,569.54,4.5563,45.5634,113,Success,Purchase,Bago,MMK,False
TXN-20240112-0004060,WALL-0047165,MERCH-00399,PM-04,DEV-04,2024-01-12 08:33:41,24.51,0.4902,0.0,2,Success,Purchase,Pattaya,MMK,False
TXN-20240112-0004061,WALL-0106753,MERCH-00352,PM-02,DEV-05,2024-01-12 03:26:43,73.25,0.1465,0.0,7,Success,Bill Payment,Lahore,PKR,False
TXN-20240112-0004062,WALL-0065953,MERCH-00341,PM-03,DEV-01,2024-01-12 06:07:11,13.97,0.1118,0.0,1,Success,Bill Payment,Naypyidaw,MMK,False
TXN-20240112-0004063,WALL-0003204,MERCH-00340,PM-03,DEV-02,2024-01-12 09:25:28,88.41,0.7072,0.0,8,Success,Bill Payment,Penang,MYR,False
TXN-20240112-0004064,WALL-0104208,MERCH-00198,PM-04,DEV-02,2024-01-12 18:14:04,11.8,0.236,0.0,1,Success,Purchase,Davao,PHP,False
TXN-20240112-0004065,WALL-0064575,MERCH-00139,PM-04,DEV-01,2024-01-12 21:57:22,109.48,2.1896,5.4741,10,Success,Purchase,Islamabad,PKR,False
TXN-20240112-0004066,WALL-0140187,MERCH-00044,PM-02,DEV-01,2024-01-12 11:19:59,29.63,0.0593,0.5926,2,Success,Purchase,Hanoi,VND,False
TXN-20240112-0004067,WALL-0056029,MERCH-00096,PM-01,DEV-03,2024-01-12 17:08:47,30.92,0.0,0.0,0,Failed,Purchase,Islamabad,PKR,False
TXN-20240112-0004068,WALL-0008512,MERCH-00009,PM-04,DEV-01,2024-01-12 20:25:49,21.58,0.4317,0.4317,2,Success,Purchase,Taunggyi,MMK,False
TXN-20240112-0004069,WALL-0040946,MERCH-00142,PM-02,DEV-01,2024-01-12 14:24:01,146.91,0.2938,7.3453,14,Success,Purchase,Yangon,MMK,False
TXN-20240112-0004070,WALL-0022865,MERCH-00345,PM-01,DEV-01,2024-01-12 11:22:42,43.81,0.0,0.0,4,Success,Bill Payment,Mandalay,MMK,False
TXN-20240112-0004071,WALL-0008856,MERCH-00249,PM-03,DEV-01,2024-01-12 15:32:33,13.8,0.1104,0.0,1,Success,Subscription,Taunggyi,MMK,False
TXN-20240112-0004072,WALL-0067415,MERCH-00271,PM-02,DEV-01,2024-01-12 22:07:15,539.34,1.0787,43.1475,107,Success,Purchase,Lahore,PKR,False
TXN-20240112-0004073,WALL-0141668,MERCH-00364,PM-01,DEV-01,2024-01-12 11:20:16,70.71,0.0,0.0,7,Success,Bill Payment,Manila,PHP,False
TXN-20240112-0004074,WALL-0016535,MERCH-00221,PM-02,DEV-01,2024-01-12 20:39:51,29.06,0.0581,0.0,2,Success,Purchase,Jakarta,IDR,False
TXN-20240112-0004075,WALL-0011427,MERCH-00266,PM-05,DEV-01,2024-01-12 17:08:39,9.85,0.0,0.0,0,Success,Subscription,Dhaka,BDT,False
TXN-20240112-0004076,WALL-0109516,MERCH-00485,PM-02,DEV-01,2024-01-12 17:42:52,50.0,0.1,0.0,5,Success,Payment,Bago,MMK,False
TXN-20240112-0004077,WALL-0009361,MERCH-00429,PM-02,DEV-03,2024-01-12 18:41:31,66.75,0.1335,0.0,6,Success,Payment,Johor Bahru,MYR,False
TXN-20240112-0004078,WALL-0071936,MERCH-00190,PM-01,DEV-01,2024-01-12 20:41:52,82.95,0.0,4.1477,8,Success,Purchase,Taunggyi,MMK,False
TXN-20240112-0004079,WALL-0109874,MERCH-00437,PM-01,DEV-01,2024-01-12 13:23:44,225.62,0.0,0.0,22,Success,Tax Payment,Naypyidaw,MMK,False
TXN-20240112-0004080,WALL-0061745,MERCH-00122,PM-03,DEV-03,2024-01-12 13:26:56,75.25,0.602,0.0,7,Success,Purchase,Cebu City,PHP,False
TXN-20240112-0004081,WALL-0007596,MERCH-00179,PM-04,DEV-03,2024-01-12 13:17:30,42.47,0.8495,0.0,0,Reversed,Purchase,Karachi,IDR,False
TXN-20240112-0004082,WALL-0141247,MERCH-00311,PM-02,DEV-01,2024-01-12 05:39:59,56.74,0.1135,0.0,5,Success,Bill Payment,Hanoi,VND,False
TXN-20240112-0004083,WALL-0128640,MERCH-00371,PM-04,DEV-01,2024-01-12 18:14:01,95.94,1.9187,0.0,9,Success,Purchase,Phuket,THB,False
TXN-20240112-0004084,WALL-0126183,MERCH-00173,PM-01,DEV-01,2024-01-12 22:52:03,162.6,0.0,8.1301,16,Success,Purchase,Ho Chi Minh City,VND,False
TXN-20240112-0004085,WALL-0070640,MERCH-00395,PM-01,DEV-01,2024-01-12 15:55:34,140.21,0.0,0.0,14,Success,Purchase,Islamabad,PKR,False
TXN-20240112-0004086,WALL-0122430,MERCH-00478,PM-05,DEV-01,2024-01-12 21:12:12,376.33,0.0,0.0,37,Success,Payment,Phnom Penh,MMK,False
TXN-20240112-0004087,WALL-0021335,MERCH-00392,PM-02,DEV-04,2024-01-12 06:14:13,26.91,0.0538,0.0,2,Success,Purchase,Taunggyi,MMK,False
TXN-20240112-0004088,WALL-0064676,MERCH-00001,PM-03,DEV-01,2024-01-12 07:53:41,32.73,0.2619,0.6547,3,Success,Purchase,Ho Chi Minh City,PKR,False
TXN-20240112-0004089,WALL-0020900,MERCH-00238,PM-02,DEV-03,2024-01-12 16:56:58,5.0,0.01,0.0,0,Success,Subscription,Bago,MMK,False
TXN-20240112-0004090,WALL-0003662,MERCH-00210,PM-01,DEV-02,2024-01-12 16:32:47,9.66,0.0,0.0,0,Success,Purchase,Da Nang,VND,False
TXN-20240112-0004091,WALL-0005116,MERCH-00420,PM-02,DEV-01,2024-01-12 22:35:28,90.04,0.1801,0.0,9,Success,Payment,Mawlamyine,MMK,False
TXN-20240112-0004092,WALL-0003303,MERCH-00344,PM-02,DEV-03,2024-01-12 20:03:20,34.22,0.0684,0.0,3,Success,Bill Payment,Dhaka,BDT,False
TXN-20240112-0004093,WALL-0037470,MERCH-00447,PM-01,DEV-03,2024-01-12 11:47:55,201.68,0.0,0.0,20,Success,Tax Payment,Chittagong,BDT,False
TXN-20240112-0004094,WALL-0022066,MERCH-00010,PM-02,DEV-03,2024-01-12 10:42:35,14.74,0.0295,0.2948,1,Success,Purchase,Khon Kaen,THB,False
TXN-20240112-0004095,WALL-0024516,MERCH-00033,PM-04,DEV-01,2024-01-12 11:08:15,14.02,0.2803,0.2803,1,Success,Purchase,Mawlamyine,MMK,False
TXN-20240112-0004096,WALL-0131232,MERCH-00064,PM-01,DEV-01,2024-01-12 19:29:25,23.65,0.0,0.4729,2,Success,Purchase,Mawlamyine,MMK,False
TXN-20240112-0004097,WALL-0115686,MERCH-00497,PM-01,DEV-01,2024-01-12 12:26:13,144.18,0.0,0.0,14,Success,Payment,Penang,PHP,False
TXN-20240112-0004098,WALL-0062594,MERCH-00084,PM-01,DEV-01,2024-01-12 09:16:15,253.37,0.0,0.0,25,Success,Purchase,Mumbai,INR,False
TXN-20240112-0004099,WALL-0086598,MERCH-00147,PM-01,DEV-02,2024-01-12 23:27:27,241.76,0.0,12.0882,24,Success,Purchase,Mandalay,MMK,False
TXN-20240112-0004100,WALL-0080264,MERCH-00163,PM-03,DEV-01,2024-01-12 20:07:46,212.38,1.699,10.619,21,Success,Purchase,Pathein,MMK,False
TXN-20240112-0004101,WALL-0146482,MERCH-00337,PM-01,DEV-03,2024-01-12 23:11:44,29.6,0.0,0.0,2,Success,Bill Payment,Yangon,MMK,False
TXN-20240112-0004102,WALL-0009352,MERCH-00045,PM-01,DEV-01,2024-01-12 12:43:05,12.57,0.0,0.2514,1,Success,Purchase,Chennai,INR,False
TXN-20240112-0004103,WALL-0060186,MERCH-00376,PM-01,DEV-01,2024-01-12 10:24:50,64.27,0.0,0.0,6,Success,Purchase,Yangon,MMK,False
TXN-20240112-0004104,WALL-0130416,MERCH-00062,PM-01,DEV-01,2024-01-12 13:27:01,28.37,0.0,0.5674,2,Success,Purchase,Jakarta,IDR,False
TXN-20240112-0004105,WALL-0146575,MERCH-00208,PM-05,DEV-01,2024-01-12 19:32:42,17.86,0.0,0.0,1,Success,Purchase,Yangon,MMK,False
TXN-20240112-0004106,WALL-0088290,MERCH-00426,PM-01,DEV-02,2024-01-12 13:22:38,49.35,0.0,0.0,4,Success,Payment,Penang,MYR,False
TXN-20240112-0004107,WALL-0051921,MERCH-00379,PM-02,DEV-01,2024-01-12 11:49:10,50.88,0.1018,0.0,5,Success,Purchase,Bangkok,THB,False
TXN-20240112-0004108,WALL-0107718,MERCH-00247,PM-04,DEV-01,2024-01-12 15:47:53,33.92,0.6784,0.0,3,Success,Subscription,Pune,INR,False
TXN-20240112-0004109,WALL-0032428,MERCH-00012,PM-02,DEV-03,2024-01-12 12:52:24,33.45,0.0669,0.669,3,Success,Purchase,Mawlamyine,MMK,False
TXN-20240112-0004110,WALL-0007328,MERCH-00095,PM-02,DEV-03,2024-01-12 19:47:44,28.87,0.0577,0.0,2,Success,Purchase,Colombo,LKR,False
TXN-20240112-0004111,WALL-0050187,MERCH-00025,PM-01,DEV-02,2024-01-12 21:34:21,19.6,0.0,0.3919,1,Success,Purchase,Ho Chi Minh City,THB,False
TXN-20240112-0004112,WALL-0100592,MERCH-00078,PM-02,DEV-01,2024-01-12 11:29:06,12.97,0.0259,0.2593,1,Success,Purchase,Kolkata,INR,False
TXN-20240112-0004113,WALL-0010710,MERCH-00443,PM-03,DEV-02,2024-01-12 15:39:50,84.34,0.6747,0.0,8,Success,Tax Payment,Pathein,MMK,False
TXN-20240112-0004114,WALL-0029522,MERCH-00100,PM-01,DEV-02,2024-01-12 14:41:04,63.36,0.0,0.0,6,Success,Purchase,Myitkyina,MMK,False
TXN-20240112-0004115,WALL-0123962,MERCH-00126,PM-02,DEV-01,2024-01-12 09:35:43,38.43,0.0769,0.0,3,Success,Purchase,Bandung,MMK,False
TXN-20240112-0004116,WALL-0097961,MERCH-00283,PM-04,DEV-01,2024-01-12 10:11:12,100.0,2.0,8.0,20,Success,Purchase,Delhi,INR,False
TXN-20240112-0004117,WALL-0010655,MERCH-00351,PM-01,DEV-01,2024-01-12 00:32:05,25.36,0.0,0.0,2,Success,Bill Payment,Bago,MMK,False
TXN-20240112-0004118,WALL-0058946,MERCH-00399,PM-01,DEV-02,2024-01-12 14:37:36,36.32,0.0,0.0,3,Success,Purchase,Chiang Mai,MMK,False
TXN-20240112-0004119,WALL-0029790,MERCH-00149,PM-02,DEV-02,2024-01-12 19:55:18,220.31,0.4406,11.0156,22,Success,Purchase,Quezon City,PHP,False
TXN-20240112-0004120,WALL-0037367,MERCH-00160,PM-04,DEV-01,2024-01-12 19:08:34,99.84,1.9969,4.9921,9,Success,Purchase,Jaipur,INR,False
TXN-20240112-0004121,WALL-0114779,MERCH-00082,PM-04,DEV-02,2024-01-12 15:10:49,24.13,0.4826,0.0,2,Success,Purchase,Bandung,IDR,False
TXN-20240112-0004122,WALL-0021613,MERCH-00042,PM-03,DEV-01,2024-01-12 19:14:22,29.88,0.2391,0.5976,2,Success,Purchase,Pathein,MMK,False
TXN-20240112-0004123,WALL-0012117,MERCH-00348,PM-01,DEV-01,2024-01-12 16:35:53,31.5,0.0,0.0,0,Failed,Bill Payment,Hanoi,VND,False
TXN-20240112-0004124,WALL-0024173,MERCH-00165,PM-01,DEV-01,2024-01-12 08:30:14,826.94,0.0,41.3469,82,Success,Purchase,Pokhara,NPR,False
TXN-20240112-0004125,WALL-0110178,MERCH-00148,PM-01,DEV-01,2024-01-12 21:09:22,80.14,0.0,4.0072,8,Success,Purchase,Mumbai,INR,False
TXN-20240112-0004126,WALL-0075435,MERCH-00360,PM-01,DEV-03,2024-01-12 20:10:29,19.42,0.0,0.0,0,Failed,Bill Payment,Mawlamyine,MMK,False
TXN-20240112-0004127,WALL-0146342,MERCH-00332,PM-01,DEV-01,2024-01-12 17:49:41,270.36,0.0,0.0,27,Success,Bill Payment,Pokhara,NPR,False
TXN-20240112-0004128,WALL-0070513,MERCH-00124,PM-05,DEV-01,2024-01-12 20:35:10,62.25,0.0,0.0,6,Success,Purchase,Bali,INR,False
TXN-20240112-0004129,WALL-0017441,MERCH-00091,PM-04,DEV-03,2024-01-12 02:44:05,45.98,0.9196,0.0,4,Success,Purchase,Hanoi,VND,False
TXN-20240112-0004130,WALL-0053884,MERCH-00387,PM-04,DEV-02,2024-01-12 18:08:33,53.03,1.0606,0.0,5,Success,Purchase,Chennai,INR,False
TXN-20240112-0004131,WALL-0143417,MERCH-00172,PM-02,DEV-01,2024-01-12 17:49:39,214.0,0.428,10.6999,21,Success,Purchase,Chiang Mai,THB,False
TXN-20240112-0004132,WALL-0142325,MERCH-00238,PM-02,DEV-01,2024-01-12 14:48:33,18.52,0.037,0.0,1,Success,Subscription,Chittagong,SGD,False
TXN-20240112-0004133,WALL-0096572,MERCH-00292,PM-03,DEV-01,2024-01-12 09:49:21,292.18,2.3375,23.3745,58,Success,Purchase,Davao,PHP,False
TXN-20240112-0004134,WALL-0092913,MERCH-00353,PM-02,DEV-02,2024-01-12 20:02:24,27.79,0.0556,0.0,2,Success,Bill Payment,Bago,MMK,False
TXN-20240112-0004135,WALL-0135389,MERCH-00106,PM-02,DEV-01,2024-01-12 08:16:43,23.51,0.047,0.0,2,Success,Purchase,Pathein,MMK,False
TXN-20240112-0004136,WALL-0044345,MERCH-00127,PM-03,DEV-04,2024-01-12 21:41:52,85.08,0.6807,0.0,8,Success,Purchase,Penang,MYR,False
TXN-20240112-0004137,WALL-0032535,MERCH-00085,PM-02,DEV-02,2024-01-12 14:26:52,69.28,0.1386,0.0,6,Success,Purchase,Myitkyina,MMK,False
TXN-20240112-0004138,WALL-0083759,MERCH-00173,PM-05,DEV-02,2024-01-12 20:19:09,372.97,0.0,18.6487,37,Success,Purchase,Bali,IDR,False
TXN-20240112-0004139,WALL-0075026,MERCH-00180,PM-04,DEV-03,2024-01-12 18:45:46,118.9,2.378,5.9449,11,Success,Purchase,Surabaya,IDR,False
TXN-20240112-0004140,WALL-0015030,MERCH-00339,PM-01,DEV-02,2024-01-12 18:12:07,80.33,0.0,0.0,8,Success,Bill Payment,Myitkyina,MMK,False
TXN-20240112-0004141,WALL-0049315,MERCH-00079,PM-01,DEV-03,2024-01-12 12:16:58,16.17,0.0,0.3234,1,Success,Purchase,Kuala Lumpur,MYR,False
TXN-20240112-0004142,WALL-0034057,MERCH-00354,PM-01,DEV-01,2024-01-12 21:26:30,73.64,0.0,0.0,0,Reversed,Bill Payment,Phuket,THB,False
TXN-20240112-0004143,WALL-0076699,MERCH-00067,PM-04,DEV-01,2024-01-12 11:47:07,18.35,0.367,0.367,1,Success,Purchase,Mandalay,MMK,False
TXN-20240112-0004144,WALL-0049646,MERCH-00043,PM-02,DEV-01,2024-01-12 18:21:10,15.88,0.0318,0.3177,1,Success,Purchase,Siem Reap,KHR,False
TXN-20240112-0004145,WALL-0032805,MERCH-00004,PM-01,DEV-02,2024-01-12 19:50:37,24.88,0.0,0.4977,2,Success,Purchase,Davao,LKR,False
TXN-20240112-0004146,WALL-0076245,MERCH-00388,PM-02,DEV-01,2024-01-12 19:58:37,80.25,0.1605,0.0,8,Success,Purchase,Mandalay,INR,False
TXN-20240112-0004147,WALL-0065166,MERCH-00276,PM-02,DEV-03,2024-01-12 20:33:34,1536.56,3.0731,122.9244,307,Success,Purchase,Mawlamyine,MMK,False
TXN-20240112-0004148,WALL-0055919,MERCH-00135,PM-02,DEV-01,2024-01-12 21:45:33,445.36,0.8907,22.2682,44,Success,Purchase,Yangon,MMK,False
TXN-20240112-0004149,WALL-0023823,MERCH-00028,PM-01,DEV-02,2024-01-12 16:54:31,9.75,0.0,0.195,0,Success,Purchase,Mawlamyine,MMK,False
TXN-20240112-0004150,WALL-0131362,MERCH-00221,PM-03,DEV-01,2024-01-12 17:11:43,5.0,0.04,0.0,0,Success,Purchase,Yangon,MMK,False
TXN-20240112-0004151,WALL-0071959,MERCH-00094,PM-04,DEV-05,2024-01-12 11:09:27,110.54,2.2109,0.0,11,Success,Purchase,Colombo,LKR,False
TXN-20240112-0004152,WALL-0037617,MERCH-00403,PM-03,DEV-01,2024-01-12 06:22:58,112.82,0.9025,0.0,11,Success,Payment,Pattaya,THB,False
TXN-20240112-0004153,WALL-0112448,MERCH-00058,PM-01,DEV-02,2024-01-12 19:15:54,37.45,0.0,0.749,3,Success,Purchase,Kandy,LKR,False
TXN-20240112-0004154,WALL-0012626,MERCH-00261,PM-03,DEV-01,2024-01-12 20:40:44,25.69,0.2055,0.0,2,Success,Subscription,Pathein,MMK,False
TXN-20240112-0004155,WALL-0060444,MERCH-00077,PM-01,DEV-04,2024-01-12 20:33:50,20.88,0.0,0.4176,2,Success,Purchase,Siem Reap,KHR,False
TXN-20240112-0004156,WALL-0050737,MERCH-00206,PM-02,DEV-03,2024-01-12 14:49:37,12.7,0.0254,0.0,1,Success,Purchase,Chiang Mai,THB,False
TXN-20240112-0004157,WALL-0124238,MERCH-00027,PM-02,DEV-01,2024-01-12 15:46:20,24.22,0.0484,0.4844,2,Success,Purchase,Taunggyi,MMK,False
TXN-20240112-0004158,WALL-0079626,MERCH-00022,PM-02,DEV-02,2024-01-12 13:52:55,8.1,0.0162,0.1619,0,Success,Purchase,Naypyidaw,LKR,False
TXN-20240112-0004159,WALL-0012585,MERCH-00147,PM-04,DEV-01,2024-01-12 03:09:12,78.04,1.5608,3.9021,7,Success,Purchase,Pokhara,NPR,False
TXN-20240112-0004160,WALL-0063778,MERCH-00147,PM-03,DEV-01,2024-01-12 11:02:00,40.12,0.321,2.006,4,Success,Purchase,Mandalay,MMK,False
TXN-20240112-0004161,WALL-0039001,MERCH-00038,PM-03,DEV-01,2024-01-12 13:50:58,9.84,0.0787,0.1969,0,Success,Purchase,Cebu City,PHP,False
TXN-20240112-0004162,WALL-0002262,MERCH-00284,PM-02,DEV-02,2024-01-12 12:39:02,1393.59,2.7872,0.0,0,Reversed,Purchase,Hanoi,MMK,False
TXN-20240112-0004163,WALL-0110276,MERCH-00410,PM-02,DEV-03,2024-01-12 20:24:12,78.91,0.1578,0.0,7,Success,Payment,Yangon,MMK,False
TXN-20240112-0004164,WALL-0076197,MERCH-00440,PM-02,DEV-01,2024-01-12 08:37:35,214.71,0.4294,0.0,21,Success,Tax Payment,Mawlamyine,MMK,False
TXN-20240112-0004165,WALL-0128133,MERCH-00411,PM-02,DEV-03,2024-01-12 10:11:04,66.82,0.1336,0.0,6,Success,Payment,Mawlamyine,MMK,False
TXN-20240112-0004166,WALL-0124302,MERCH-00249,PM-02,DEV-02,2024-01-12 18:54:25,16.26,0.0325,0.0,1,Success,Subscription,Kuala Lumpur,MYR,False
TXN-20240112-0004167,WALL-0138717,MERCH-00052,PM-01,DEV-01,2024-01-12 20:23:36,5.0,0.0,0.1,0,Success,Purchase,Naypyidaw,MMK,False
TXN-20240112-0004168,WALL-0112821,MERCH-00064,PM-02,DEV-01,2024-01-12 19:13:40,15.87,0.0317,0.3174,1,Success,Purchase,Myitkyina,MMK,False
TXN-20240112-0004169,WALL-0116536,MERCH-00006,PM-01,DEV-03,2024-01-12 13:01:10,17.33,0.0,0.3466,1,Success,Purchase,Taunggyi,MMK,False
TXN-20240112-0004170,WALL-0075991,MERCH-00301,PM-03,DEV-01,2024-01-12 13:48:29,382.46,3.0597,30.5969,76,Success,Purchase,Bago,MMK,False
TXN-20240112-0004171,WALL-0005093,MERCH-00056,PM-04,DEV-01,2024-01-12 19:48:51,57.66,1.1532,1.1532,5,Success,Purchase,Bangkok,THB,False
TXN-20240112-0004172,WALL-0027389,MERCH-00425,PM-02,DEV-05,2024-01-12 12:47:17,72.79,0.1456,0.0,7,Success,Payment,Pathein,MMK,False
TXN-20240112-0004173,WALL-0061569,MERCH-00415,PM-02,DEV-01,2024-01-12 06:10:31,47.19,0.0944,0.0,4,Success,Payment,Mandalay,MMK,False
TXN-20240112-0004174,WALL-0139912,MERCH-00063,PM-04,DEV-01,2024-01-12 12:31:16,19.61,0.3923,0.3923,1,Success,Purchase,Penang,MMK,False
TXN-20240112-0004175,WALL-0060369,MERCH-00066,PM-04,DEV-05,2024-01-12 14:48:16,22.15,0.4431,0.4431,2,Success,Purchase,Dhaka,BDT,False
TXN-20240112-0004176,WALL-0101122,MERCH-00278,PM-01,DEV-01,2024-01-12 16:28:48,1136.9,0.0,90.9518,227,Success,Purchase,Da Nang,MMK,False
TXN-20240112-0004177,WALL-0037870,MERCH-00066,PM-02,DEV-03,2024-01-12 10:37:13,10.0,0.02,0.1999,0,Success,Purchase,Chiang Mai,THB,False
TXN-20240112-0004178,WALL-0119729,MERCH-00031,PM-04,DEV-01,2024-01-12 15:32:10,34.33,0.6866,0.6866,3,Success,Purchase,Khon Kaen,THB,False
TXN-20240112-0004179,WALL-0143838,MERCH-00446,PM-05,DEV-01,2024-01-12 16:34:56,730.82,0.0,0.0,73,Success,Tax Payment,Pokhara,NPR,False
TXN-20240112-0004180,WALL-0089499,MERCH-00062,PM-01,DEV-05,2024-01-12 18:49:53,6.14,0.0,0.1228,0,Success,Purchase,Davao,PHP,False
TXN-20240112-0004181,WALL-0131787,MERCH-00337,PM-01,DEV-01,2024-01-12 15:36:18,37.58,0.0,0.0,0,Failed,Bill Payment,Kathmandu,NPR,False
TXN-20240112-0004182,WALL-0125392,MERCH-00021,PM-01,DEV-02,2024-01-12 12:52:47,25.23,0.0,0.5045,2,Success,Purchase,Quezon City,PHP,False
TXN-20240112-0004183,WALL-0066299,MERCH-00077,PM-02,DEV-01,2024-01-12 22:58:57,11.09,0.0222,0.2218,1,Success,Purchase,Colombo,LKR,False
TXN-20240112-0004184,WALL-0015374,MERCH-00158,PM-04,DEV-03,2024-01-12 15:26:09,81.6,1.632,4.08,8,Success,Purchase,Johor Bahru,MMK,False
TXN-20240112-0004185,WALL-0074815,MERCH-00402,PM-01,DEV-01,2024-01-12 12:32:55,258.2,0.0,0.0,25,Success,Payment,Pathein,MMK,False
TXN-20240112-0004186,WALL-0025332,MERCH-00053,PM-01,DEV-05,2024-01-12 20:17:04,32.53,0.0,0.6507,3,Success,Purchase,Delhi,INR,False
TXN-20240112-0004187,WALL-0024191,MERCH-00192,PM-01,DEV-01,2024-01-12 18:32:08,5.82,0.0,0.0,0,Success,Purchase,Davao,PHP,False
TXN-20240112-0004188,WALL-0146082,MERCH-00098,PM-03,DEV-02,2024-01-12 17:36:05,72.45,0.5796,0.0,7,Success,Purchase,Mandalay,MMK,False
TXN-20240112-0004189,WALL-0067423,MERCH-00262,PM-04,DEV-01,2024-01-12 19:16:42,29.12,0.5825,0.0,2,Success,Subscription,Myitkyina,MMK,False
TXN-20240112-0004190,WALL-0044003,MERCH-00254,PM-01,DEV-01,2024-01-12 02:19:50,6.5,0.0,0.0,0,Success,Subscription,Phuket,THB,False
TXN-20240112-0004191,WALL-0067193,MERCH-00398,PM-05,DEV-02,2024-01-12 09:24:14,45.08,0.0,0.0,4,Success,Purchase,Jakarta,IDR,False
TXN-20240112-0004192,WALL-0036749,MERCH-00178,PM-01,DEV-04,2024-01-12 18:51:18,243.12,0.0,12.156,24,Success,Purchase,Colombo,LKR,False
TXN-20240112-0004193,WALL-0011932,MERCH-00494,PM-01,DEV-02,2024-01-12 03:46:00,85.22,0.0,0.0,8,Success,Payment,Bago,MMK,False
TXN-20240112-0004194,WALL-0149746,MERCH-00080,PM-04,DEV-01,2024-01-12 19:21:07,23.41,0.4681,0.4681,2,Success,Purchase,Pathein,MMK,False
TXN-20240112-0004195,WALL-0116877,MERCH-00078,PM-03,DEV-01,2024-01-12 22:36:00,18.62,0.1489,0.3724,1,Success,Purchase,Bago,MMK,False
TXN-20240112-0004196,WALL-0094934,MERCH-00421,PM-01,DEV-02,2024-01-12 12:58:27,42.12,0.0,0.0,4,Success,Payment,Chiang Mai,THB,False
TXN-20240112-0004197,WALL-0029287,MERCH-00118,PM-03,DEV-01,2024-01-12 15:08:24,10.57,0.0845,0.0,1,Success,Purchase,Lahore,INR,False
TXN-20240112-0004198,WALL-0053375,MERCH-00408,PM-04,DEV-01,2024-01-12 00:35:25,66.6,1.3321,0.0,6,Success,Payment,Dhaka,BDT,False
TXN-20240112-0004199,WALL-0115249,MERCH-00047,PM-04,DEV-01,2024-01-12 20:04:03,14.8,0.296,0.296,1,Success,Purchase,Bangkok,THB,False
TXN-20240112-0004200,WALL-0124379,MERCH-00210,PM-01,DEV-01,2024-01-12 17:38:43,20.75,0.0,0.0,2,Success,Purchase,Cebu City,PHP,False
TXN-20240112-0004201,WALL-0143976,MERCH-00383,PM-01,DEV-03,2024-01-12 08:14:54,27.85,0.0,0.0,2,Success,Purchase,Bangalore,INR,False
TXN-20240112-0004202,WALL-0011941,MERCH-00289,PM-03,DEV-01,2024-01-12 12:07:56,4823.67,38.5894,385.8936,964,Success,Purchase,Myitkyina,MMK,False
TXN-20240112-0004203,WALL-0136845,MERCH-00250,PM-01,DEV-01,2024-01-12 17:33:26,9.21,0.0,0.0,0,Success,Subscription,Lahore,MMK,False
TXN-20240112-0004204,WALL-0071502,MERCH-00414,PM-03,DEV-01,2024-01-12 07:17:36,66.23,0.5298,0.0,6,Success,Payment,Singapore,SGD,False
TXN-20240112-0004205,WALL-0017894,MERCH-00054,PM-01,DEV-03,2024-01-12 15:29:56,60.0,0.0,1.2,6,Success,Purchase,Pune,INR,False
TXN-20240112-0004206,WALL-0059220,MERCH-00023,PM-04,DEV-04,2024-01-12 12:41:26,45.17,0.9035,0.9035,4,Success,Purchase,Johor Bahru,MYR,False
TXN-20240112-0004207,WALL-0042718,MERCH-00054,PM-01,DEV-01,2024-01-12 14:42:40,33.51,0.0,0.6701,3,Success,Purchase,Taunggyi,MMK,False
TXN-20240112-0004208,WALL-0141589,MERCH-00414,PM-04,DEV-01,2024-01-12 15:17:31,53.16,1.0632,0.0,5,Success,Payment,Myitkyina,MMK,False
TXN-20240112-0004209,WALL-0054931,MERCH-00438,PM-01,DEV-01,2024-01-12 08:11:31,288.34,0.0,0.0,28,Success,Tax Payment,Quezon City,PHP,False
TXN-20240112-0004210,WALL-0082746,MERCH-00111,PM-03,DEV-01,2024-01-12 19:25:58,40.24,0.3219,0.0,4,Success,Purchase,Medan,IDR,False
TXN-20240112-0004211,WALL-0096712,MERCH-00116,PM-01,DEV-01,2024-01-12 05:40:20,225.25,0.0,0.0,22,Success,Purchase,Ahmedabad,INR,False
TXN-20240112-0004212,WALL-0107912,MERCH-00023,PM-01,DEV-01,2024-01-12 20:39:33,29.04,0.0,0.5807,2,Success,Purchase,Pokhara,NPR,False
TXN-20240112-0004213,WALL-0137919,MERCH-00495,PM-01,DEV-01,2024-01-12 21:00:46,241.84,0.0,0.0,24,Success,Payment,Pathein,MMK,False
TXN-20240112-0004214,WALL-0092326,MERCH-00214,PM-01,DEV-01,2024-01-12 17:01:02,6.71,0.0,0.0,0,Success,Purchase,Yangon,MMK,False
TXN-20240112-0004215,WALL-0083657,MERCH-00090,PM-03,DEV-03,2024-01-12 18:05:24,44.97,0.3597,0.0,4,Success,Purchase,Jakarta,IDR,False
TXN-20240112-0004216,WALL-0088436,MERCH-00003,PM-03,DEV-03,2024-01-12 05:05:55,16.17,0.1293,0.3234,1,Success,Purchase,Mandalay,MMK,False
TXN-20240112-0004217,WALL-0138284,MERCH-00058,PM-02,DEV-01,2024-01-12 05:29:37,11.36,0.0227,0.2273,1,Success,Purchase,Mandalay,MMK,False
TXN-20240112-0004218,WALL-0113049,MERCH-00013,PM-02,DEV-02,2024-01-12 19:29:42,10.57,0.0211,0.0,0,Pending,Purchase,Taunggyi,MMK,False
TXN-20240112-0004219,WALL-0123394,MERCH-00104,PM-01,DEV-02,2024-01-12 20:58:01,54.31,0.0,0.0,5,Success,Purchase,Bali,IDR,False
TXN-20240112-0004220,WALL-0120479,MERCH-00111,PM-01,DEV-02,2024-01-12 00:38:33,52.91,0.0,0.0,5,Success,Purchase,Mandalay,MMK,False
TXN-20240112-0004221,WALL-0003886,MERCH-00030,PM-01,DEV-01,2024-01-12 18:19:42,44.83,0.0,0.8967,4,Success,Purchase,Kandy,LKR,False
TXN-20240112-0004222,WALL-0015450,MERCH-00026,PM-01,DEV-01,2024-01-12 16:33:43,28.4,0.0,0.5681,2,Success,Purchase,Taunggyi,MYR,False
TXN-20240112-0004223,WALL-0124159,MERCH-00267,PM-01,DEV-03,2024-01-12 12:43:20,12.97,0.0,0.0,0,Pending,Subscription,Bago,MMK,False
TXN-20240112-0004224,WALL-0078586,MERCH-00320,PM-01,DEV-02,2024-01-12 19:29:54,258.55,0.0,0.0,25,Success,Bill Payment,Jakarta,IDR,False
TXN-20240112-0004225,WALL-0064511,MERCH-00390,PM-02,DEV-01,2024-01-12 21:20:10,30.92,0.0618,0.0,3,Success,Purchase,Singapore,SGD,False
TXN-20240112-0004226,WALL-0068945,MERCH-00443,PM-04,DEV-03,2024-01-12 15:35:18,53.97,1.0794,0.0,5,Success,Tax Payment,Singapore,SGD,False
TXN-20240112-0004227,WALL-0116135,MERCH-00381,PM-01,DEV-03,2024-01-12 20:56:34,144.07,0.0,0.0,14,Success,Purchase,Cebu City,PHP,False
TXN-20240112-0004228,WALL-0126897,MERCH-00473,PM-02,DEV-01,2024-01-12 06:29:27,217.57,0.4351,0.0,21,Success,Payment,Myitkyina,MMK,False
TXN-20240112-0004229,WALL-0043031,MERCH-00169,PM-04,DEV-01,2024-01-12 18:00:32,113.99,2.2797,5.6993,11,Success,Purchase,Mawlamyine,MMK,False
TXN-20240112-0004230,WALL-0122058,MERCH-00091,PM-04,DEV-01,2024-01-12 16:11:01,37.61,0.7522,0.0,3,Success,Purchase,Kuala Lumpur,MYR,False
TXN-20240112-0004231,WALL-0077247,MERCH-00344,PM-01,DEV-01,2024-01-12 17:14:58,40.81,0.0,0.0,4,Success,Bill Payment,Johor Bahru,MYR,False
TXN-20240112-0004232,WALL-0024575,MERCH-00035,PM-04,DEV-01,2024-01-12 19:53:45,10.22,0.2043,0.2043,1,Success,Purchase,Mawlamyine,MMK,False
TXN-20240112-0004233,WALL-0128333,MERCH-00450,PM-03,DEV-01,2024-01-12 17:28:09,50.0,0.4,0.0,5,Success,Tax Payment,Manila,PHP,False
TXN-20240112-0004234,WALL-0025124,MERCH-00377,PM-02,DEV-01,2024-01-12 06:01:46,85.51,0.171,0.0,8,Success,Purchase,Khon Kaen,THB,False
TXN-20240112-0004235,WALL-0137767,MERCH-00346,PM-01,DEV-01,2024-01-12 16:50:50,34.29,0.0,0.0,3,Success,Bill Payment,Medan,IDR,False
TXN-20240112-0004236,WALL-0141691,MERCH-00124,PM-04,DEV-05,2024-01-12 06:05:07,78.12,1.5624,0.0,7,Success,Purchase,Pokhara,NPR,False
TXN-20240112-0004237,WALL-0086400,MERCH-00037,PM-01,DEV-01,2024-01-12 17:15:04,10.03,0.0,0.2006,1,Success,Purchase,Naypyidaw,MMK,False
TXN-20240112-0004238,WALL-0055680,MERCH-00107,PM-02,DEV-03,2024-01-12 15:26:20,46.15,0.0923,0.0,4,Success,Purchase,Pathein,MMK,False
TXN-20240112-0004239,WALL-0063677,MERCH-00187,PM-05,DEV-05,2024-01-12 08:14:34,99.59,0.0,4.9797,9,Success,Purchase,Johor Bahru,MYR,False
TXN-20240112-0004240,WALL-0031431,MERCH-00037,PM-02,DEV-01,2024-01-12 15:19:02,22.01,0.044,0.4401,2,Success,Purchase,Dhaka,BDT,False
TXN-20240112-0004241,WALL-0010974,MERCH-00038,PM-04,DEV-01,2024-01-12 14:45:01,5.0,0.1,0.1,0,Success,Purchase,Chennai,PHP,False
TXN-20240112-0004242,WALL-0063380,MERCH-00013,PM-03,DEV-01,2024-01-12 21:40:47,48.28,0.3862,0.9656,4,Success,Purchase,Hanoi,VND,False
TXN-20240112-0004243,WALL-0134324,MERCH-00251,PM-04,DEV-01,2024-01-12 04:37:29,23.03,0.4606,0.0,2,Success,Subscription,Ho Chi Minh City,VND,False
TXN-20240112-0004244,WALL-0106187,MERCH-00273,PM-02,DEV-02,2024-01-12 16:14:30,862.9,1.7258,0.0,0,Failed,Purchase,Chennai,INR,False
TXN-20240112-0004245,WALL-0057763,MERCH-00374,PM-01,DEV-01,2024-01-12 18:29:51,55.62,0.0,0.0,5,Success,Purchase,Yangon,MMK,False
TXN-20240112-0004246,WALL-0070830,MERCH-00014,PM-04,DEV-01,2024-01-12 21:38:47,34.28,0.6855,0.6855,3,Success,Purchase,Mumbai,INR,False
TXN-20240112-0004247,WALL-0148704,MERCH-00091,PM-01,DEV-02,2024-01-12 09:51:28,111.88,0.0,0.0,11,Success,Purchase,Bago,MMK,False
TXN-20240112-0004248,WALL-0147646,MERCH-00303,PM-01,DEV-01,2024-01-12 06:48:15,100.0,0.0,8.0,20,Success,Purchase,Kolkata,INR,False
TXN-20240112-0004249,WALL-0098729,MERCH-00272,PM-03,DEV-03,2024-01-12 19:07:15,210.27,1.6821,16.8215,42,Success,Purchase,Phuket,THB,False
TXN-20240112-0004250,WALL-0140957,MERCH-00111,PM-01,DEV-03,2024-01-12 18:25:40,140.0,0.0,0.0,14,Success,Purchase,Hanoi,VND,False
TXN-20240112-0004251,WALL-0025579,MERCH-00343,PM-01,DEV-01,2024-01-12 11:41:41,45.87,0.0,0.0,4,Success,Bill Payment,Chiang Mai,THB,False
TXN-20240112-0004252,WALL-0094131,MERCH-00211,PM-01,DEV-01,2024-01-12 09:05:37,20.9,0.0,0.0,2,Success,Purchase,Yangon,MMK,False
TXN-20240112-0004253,WALL-0031487,MERCH-00035,PM-01,DEV-02,2024-01-12 13:08:04,17.2,0.0,0.0,0,Failed,Purchase,Myitkyina,MMK,False
TXN-20240112-0004254,WALL-0091274,MERCH-00305,PM-01,DEV-02,2024-01-12 15:27:16,887.71,0.0,71.0166,177,Success,Purchase,Mumbai,INR,False
TXN-20240112-0004255,WALL-0001098,MERCH-00333,PM-03,DEV-02,2024-01-12 21:41:14,54.71,0.4377,0.0,5,Success,Bill Payment,Myitkyina,MMK,False
TXN-20240112-0004256,WALL-0146622,MERCH-00357,PM-01,DEV-02,2024-01-12 13:00:44,23.57,0.0,0.0,2,Success,Bill Payment,Pattaya,MMK,False
TXN-20240112-0004257,WALL-0113855,MERCH-00280,PM-02,DEV-02,2024-01-12 19:15:02,2702.63,5.4053,216.2101,540,Success,Purchase,Cebu City,PHP,False
TXN-20240112-0004258,WALL-0148276,MERCH-00101,PM-02,DEV-01,2024-01-12 17:24:47,95.73,0.1915,0.0,9,Success,Purchase,Kandy,LKR,False
TXN-20240112-0004259,WALL-0141981,MERCH-00357,PM-05,DEV-03,2024-01-12 12:51:44,37.14,0.0,0.0,3,Success,Bill Payment,Naypyidaw,MMK,False
TXN-20240112-0004260,WALL-0044108,MERCH-00112,PM-04,DEV-01,2024-01-12 17:29:22,80.29,1.6058,0.0,0,Failed,Purchase,Islamabad,MMK,False
TXN-20240112-0004261,WALL-0080154,MERCH-00144,PM-03,DEV-03,2024-01-12 05:45:54,47.35,0.3788,2.3675,4,Success,Purchase,Da Nang,VND,False
TXN-20240112-0004262,WALL-0140187,MERCH-00019,PM-01,DEV-04,2024-01-12 20:36:49,34.35,0.0,0.687,3,Success,Purchase,Hanoi,VND,False
TXN-20240112-0004263,WALL-0010058,MERCH-00222,PM-01,DEV-04,2024-01-12 17:47:01,9.24,0.0,0.0,0,Success,Purchase,Phnom Penh,KHR,False
TXN-20240112-0004264,WALL-0098720,MERCH-00284,PM-01,DEV-03,2024-01-12 17:27:00,305.14,0.0,24.411,61,Success,Purchase,Dhaka,BDT,False
TXN-20240112-0004265,WALL-0052522,MERCH-00071,PM-04,DEV-01,2024-01-12 17:08:41,32.52,0.6504,0.6504,3,Success,Purchase,Karachi,INR,False
TXN-20240112-0004266,WALL-0025007,MERCH-00021,PM-04,DEV-02,2024-01-12 15:15:49,9.77,0.1954,0.1954,0,Success,Purchase,Pattaya,INR,False
TXN-20240112-0004267,WALL-0058035,MERCH-00217,PM-01,DEV-02,2024-01-12 07:10:51,19.54,0.0,0.0,1,Success,Purchase,Colombo,LKR,False
TXN-20240112-0004268,WALL-0059313,MERCH-00441,PM-02,DEV-01,2024-01-12 18:18:21,141.57,0.2831,0.0,14,Success,Tax Payment,Chiang Mai,THB,False
TXN-20240112-0004269,WALL-0103283,MERCH-00202,PM-01,DEV-01,2024-01-12 06:24:38,6.54,0.0,0.0,0,Success,Purchase,Lahore,PKR,False
TXN-20240112-0004270,WALL-0071359,MERCH-00392,PM-02,DEV-01,2024-01-12 17:33:25,173.86,0.3477,0.0,17,Success,Purchase,Bago,MMK,False
TXN-20240112-0004271,WALL-0076144,MERCH-00076,PM-04,DEV-05,2024-01-12 10:02:21,32.7,0.654,0.654,3,Success,Purchase,Jaipur,INR,False
TXN-20240112-0004272,WALL-0014065,MERCH-00090,PM-02,DEV-01,2024-01-12 08:34:47,55.33,0.1107,0.0,5,Success,Purchase,Chennai,INR,False
TXN-20240112-0004273,WALL-0102108,MERCH-00266,PM-04,DEV-02,2024-01-12 15:10:22,17.26,0.3451,0.0,1,Success,Subscription,Bago,MMK,False
TXN-20240112-0004274,WALL-0131365,MERCH-00352,PM-01,DEV-01,2024-01-12 09:43:38,35.1,0.0,0.0,3,Success,Bill Payment,Singapore,THB,False
TXN-20240112-0004275,WALL-0000772,MERCH-00434,PM-02,DEV-01,2024-01-12 08:35:10,114.83,0.2297,0.0,11,Success,Tax Payment,Myitkyina,MMK,False
TXN-20240112-0004276,WALL-0057322,MERCH-00282,PM-01,DEV-01,2024-01-12 20:56:02,872.88,0.0,69.8308,174,Success,Purchase,Medan,IDR,False
TXN-20240112-0004277,WALL-0049023,MERCH-00109,PM-04,DEV-03,2024-01-12 21:53:09,62.62,1.2524,0.0,6,Success,Purchase,Pune,INR,False
TXN-20240112-0004278,WALL-0076712,MERCH-00055,PM-01,DEV-01,2024-01-12 03:55:56,17.71,0.0,0.3541,1,Success,Purchase,Da Nang,VND,False
TXN-20240112-0004279,WALL-0098913,MERCH-00229,PM-03,DEV-02,2024-01-12 15:33:36,5.54,0.0443,0.0,0,Success,Purchase,Pathein,MMK,False
TXN-20240112-0004280,WALL-0111080,MERCH-00018,PM-01,DEV-05,2024-01-12 10:52:06,66.9,0.0,1.3379,6,Success,Purchase,Kolkata,INR,False
TXN-20240112-0004281,WALL-0126844,MERCH-00254,PM-01,DEV-01,2024-01-12 09:05:26,19.58,0.0,0.0,1,Success,Subscription,Delhi,INR,False
TXN-20240112-0004282,WALL-0133303,MERCH-00436,PM-04,DEV-01,2024-01-12 15:06:52,303.1,6.0619,0.0,30,Success,Tax Payment,Siem Reap,PHP,False
TXN-20240112-0004283,WALL-0053819,MERCH-00169,PM-01,DEV-02,2024-01-12 10:37:28,254.0,0.0,12.7,25,Success,Purchase,Myitkyina,MMK,False
TXN-20240112-0004284,WALL-0011269,MERCH-00205,PM-01,DEV-01,2024-01-12 21:21:21,12.42,0.0,0.0,1,Success,Purchase,Mandalay,MMK,False
TXN-20240112-0004285,WALL-0051640,MERCH-00438,PM-03,DEV-01,2024-01-12 18:00:04,127.56,1.0205,0.0,12,Success,Tax Payment,Cebu City,INR,False
TXN-20240112-0004286,WALL-0128268,MERCH-00468,PM-02,DEV-01,2024-01-12 20:27:17,1219.63,2.4393,0.0,121,Success,Payment,Myitkyina,MMK,False
TXN-20240112-0004287,WALL-0004839,MERCH-00027,PM-02,DEV-03,2024-01-12 12:47:17,8.91,0.0178,0.1782,0,Success,Purchase,Manila,PHP,False
TXN-20240112-0004288,WALL-0064385,MERCH-00114,PM-02,DEV-01,2024-01-12 20:53:06,36.67,0.0733,0.0,3,Success,Purchase,Karachi,PKR,False
TXN-20240112-0004289,WALL-0147701,MERCH-00391,PM-01,DEV-01,2024-01-12 15:00:20,36.55,0.0,0.0,3,Success,Purchase,Mandalay,MMK,False
TXN-20240112-0004290,WALL-0079706,MERCH-00149,PM-02,DEV-01,2024-01-12 17:37:18,98.31,0.1966,4.9155,9,Success,Purchase,Bali,IDR,False
TXN-20240112-0004291,WALL-0121523,MERCH-00128,PM-01,DEV-03,2024-01-12 13:08:32,25.16,0.0,0.0,2,Success,Purchase,Mandalay,MMK,False
TXN-20240112-0004292,WALL-0101706,MERCH-00164,PM-04,DEV-01,2024-01-12 08:09:55,390.53,7.8106,19.5265,39,Success,Purchase,Bali,IDR,False
TXN-20240112-0004293,WALL-0145451,MERCH-00102,PM-01,DEV-01,2024-01-12 18:18:25,100.42,0.0,0.0,10,Success,Purchase,Mumbai,INR,False
TXN-20240112-0004294,WALL-0143632,MERCH-00078,PM-02,DEV-03,2024-01-12 19:22:07,20.39,0.0408,0.4078,2,Success,Purchase,Chittagong,INR,False
TXN-20240112-0004295,WALL-0069480,MERCH-00122,PM-01,DEV-01,2024-01-12 15:32:02,31.99,0.0,0.0,3,Success,Purchase,Mandalay,MMK,False
TXN-20240112-0004296,WALL-0079168,MERCH-00206,PM-01,DEV-01,2024-01-12 17:36:06,38.81,0.0,0.0,3,Success,Purchase,Chittagong,BDT,False
TXN-20240112-0004297,WALL-0084718,MERCH-00184,PM-03,DEV-02,2024-01-12 21:08:54,75.62,0.6049,3.7809,7,Success,Purchase,Bangalore,IDR,False
TXN-20240112-0004298,WALL-0103641,MERCH-00226,PM-02,DEV-04,2024-01-12 10:02:16,11.98,0.024,0.0,1,Success,Purchase,Kuala Lumpur,MYR,False
TXN-20240112-0004299,WALL-0059683,MERCH-00056,PM-01,DEV-01,2024-01-12 06:47:21,20.94,0.0,0.4188,2,Success,Purchase,Siem Reap,MMK,False
TXN-20240112-0004300,WALL-0029461,MERCH-00093,PM-02,DEV-04,2024-01-12 20:29:55,43.82,0.0876,0.0,4,Success,Purchase,Islamabad,PKR,False
TXN-20240112-0004301,WALL-0068064,MERCH-00443,PM-01,DEV-02,2024-01-12 21:16:55,466.04,0.0,0.0,46,Success,Tax Payment,Pathein,MMK,False
TXN-20240112-0004302,WALL-0085970,MERCH-00456,PM-02,DEV-05,2024-01-12 10:14:38,132.02,0.264,0.0,13,Success,Payment,Mandalay,MMK,False
TXN-20240112-0004303,WALL-0016540,MERCH-00315,PM-01,DEV-02,2024-01-12 07:47:54,46.62,0.0,0.0,4,Success,Bill Payment,Mumbai,PHP,False
TXN-20240112-0004304,WALL-0132802,MERCH-00014,PM-04,DEV-01,2024-01-12 12:05:44,9.51,0.1903,0.1903,0,Success,Purchase,Taunggyi,MMK,False
TXN-20240112-0004305,WALL-0058588,MERCH-00259,PM-02,DEV-02,2024-01-12 13:42:55,14.52,0.029,0.0,1,Success,Subscription,Myitkyina,MMK,False
TXN-20240112-0004306,WALL-0037860,MERCH-00247,PM-04,DEV-05,2024-01-12 23:08:24,7.16,0.1432,0.0,0,Success,Subscription,Johor Bahru,MYR,False
TXN-20240112-0004307,WALL-0082320,MERCH-00186,PM-01,DEV-01,2024-01-12 13:10:08,80.97,0.0,4.0484,8,Success,Purchase,Pathein,MMK,False
TXN-20240112-0004308,WALL-0005558,MERCH-00359,PM-02,DEV-03,2024-01-12 16:41:43,50.93,0.1019,0.0,5,Success,Bill Payment,Pathein,MMK,False
TXN-20240112-0004309,WALL-0030572,MERCH-00207,PM-04,DEV-03,2024-01-12 19:55:39,6.56,0.1311,0.0,0,Success,Purchase,Bangalore,INR,False
TXN-20240112-0004310,WALL-0031769,MERCH-00311,PM-01,DEV-01,2024-01-12 08:33:00,27.53,0.0,0.0,2,Success,Bill Payment,Phnom Penh,KHR,False
TXN-20240112-0004311,WALL-0028818,MERCH-00254,PM-01,DEV-02,2024-01-12 14:58:37,17.11,0.0,0.0,1,Success,Subscription,Taunggyi,MMK,False
TXN-20240112-0004312,WALL-0135626,MERCH-00114,PM-02,DEV-01,2024-01-12 17:25:46,56.5,0.113,0.0,5,Success,Purchase,Jaipur,INR,False
TXN-20240112-0004313,WALL-0118209,MERCH-00243,PM-03,DEV-01,2024-01-12 13:51:41,44.72,0.3578,0.0,4,Success,Subscription,Davao,PHP,False
TXN-20240112-0004314,WALL-0026811,MERCH-00447,PM-02,DEV-01,2024-01-12 12:19:47,98.41,0.1968,0.0,9,Success,Tax Payment,Cebu City,PHP,False
TXN-20240112-0004315,WALL-0145797,MERCH-00226,PM-01,DEV-02,2024-01-12 16:05:42,10.47,0.0,0.0,1,Success,Purchase,Naypyidaw,MMK,False
TXN-20240112-0004316,WALL-0136964,MERCH-00296,PM-04,DEV-05,2024-01-12 16:53:00,667.69,13.3538,53.4152,133,Success,Purchase,Pattaya,THB,False
TXN-20240112-0004317,WALL-0063450,MERCH-00461,PM-01,DEV-01,2024-01-12 21:11:17,193.44,0.0,0.0,19,Success,Payment,Phuket,THB,False
TXN-20240112-0004318,WALL-0147899,MERCH-00350,PM-03,DEV-02,2024-01-12 05:06:12,23.41,0.1873,0.0,2,Success,Bill Payment,Pune,INR,False
TXN-20240112-0004319,WALL-0147230,MERCH-00355,PM-01,DEV-01,2024-01-12 16:40:16,99.49,0.0,0.0,9,Success,Bill Payment,Bago,PHP,False
TXN-20240112-0004320,WALL-0132242,MERCH-00040,PM-04,DEV-01,2024-01-12 16:15:17,39.5,0.79,0.79,3,Success,Purchase,Kathmandu,NPR,False
TXN-20240112-0004321,WALL-0123046,MERCH-00173,PM-04,DEV-03,2024-01-12 17:52:58,76.41,1.5281,3.8203,7,Success,Purchase,Jakarta,IDR,False
TXN-20240112-0004322,WALL-0010223,MERCH-00350,PM-04,DEV-01,2024-01-12 21:30:56,35.66,0.7133,0.0,3,Success,Bill Payment,Naypyidaw,MMK,False
TXN-20240112-0004323,WALL-0047571,MERCH-00277,PM-01,DEV-01,2024-01-12 11:17:52,798.18,0.0,0.0,0,Reversed,Purchase,Karachi,PKR,False
TXN-20240112-0004324,WALL-0075854,MERCH-00364,PM-02,DEV-02,2024-01-12 10:13:59,42.98,0.086,0.0,0,Reversed,Bill Payment,Siem Reap,INR,False
TXN-20240112-0004325,WALL-0036637,MERCH-00434,PM-02,DEV-02,2024-01-12 15:25:22,369.36,0.7387,0.0,36,Success,Tax Payment,Pathein,MMK,False
TXN-20240112-0004326,WALL-0065799,MERCH-00022,PM-01,DEV-01,2024-01-12 13:49:21,5.8,0.0,0.116,0,Success,Purchase,Taunggyi,MMK,False
TXN-20240112-0004327,WALL-0109896,MERCH-00379,PM-01,DEV-03,2024-01-12 21:48:30,20.0,0.0,0.0,2,Success,Purchase,Mawlamyine,MMK,False
TXN-20240112-0004328,WALL-0035206,MERCH-00374,PM-04,DEV-01,2024-01-12 06:10:04,100.85,2.017,0.0,10,Success,Purchase,Chiang Mai,INR,False
TXN-20240112-0004329,WALL-0022945,MERCH-00355,PM-01,DEV-01,2024-01-12 10:20:01,70.0,0.0,0.0,7,Success,Bill Payment,Yangon,MMK,False
TXN-20240112-0004330,WALL-0037507,MERCH-00123,PM-02,DEV-01,2024-01-12 21:09:43,71.16,0.1423,0.0,7,Success,Purchase,Pathein,MMK,False
TXN-20240112-0004331,WALL-0012627,MERCH-00486,PM-03,DEV-03,2024-01-12 04:58:46,300.81,2.4065,0.0,30,Success,Payment,Surabaya,MMK,False
TXN-20240112-0004332,WALL-0114593,MERCH-00301,PM-01,DEV-01,2024-01-12 08:37:44,177.45,0.0,14.1958,35,Success,Purchase,Mawlamyine,MMK,False
TXN-20240112-0004333,WALL-0001957,MERCH-00358,PM-01,DEV-02,2024-01-12 19:22:09,51.41,0.0,0.0,5,Success,Bill Payment,Ho Chi Minh City,VND,False
TXN-20240112-0004334,WALL-0012321,MERCH-00206,PM-03,DEV-02,2024-01-12 21:55:53,12.94,0.1035,0.0,1,Success,Purchase,Yangon,MMK,False
TXN-20240112-0004335,WALL-0121684,MERCH-00440,PM-02,DEV-04,2024-01-12 18:55:06,329.06,0.6581,0.0,32,Success,Tax Payment,Phnom Penh,KHR,False
TXN-20240112-0004336,WALL-0027840,MERCH-00039,PM-01,DEV-02,2024-01-12 10:00:15,30.78,0.0,0.6157,3,Success,Purchase,Davao,PHP,False
TXN-20240112-0004337,WALL-0019333,MERCH-00128,PM-01,DEV-02,2024-01-12 17:14:34,32.11,0.0,0.0,3,Success,Purchase,Quezon City,PHP,False
TXN-20240112-0004338,WALL-0142795,MERCH-00224,PM-01,DEV-01,2024-01-12 21:46:12,6.31,0.0,0.0,0,Success,Purchase,Bago,MMK,False
TXN-20240112-0004339,WALL-0052953,MERCH-00379,PM-01,DEV-04,2024-01-12 17:50:40,49.59,0.0,0.0,4,Success,Purchase,Jakarta,IDR,False
TXN-20240112-0004340,WALL-0149649,MERCH-00165,PM-02,DEV-01,2024-01-12 02:27:57,144.66,0.2893,7.2328,14,Success,Purchase,Pune,INR,False
TXN-20240112-0004341,WALL-0105182,MERCH-00087,PM-04,DEV-03,2024-01-12 12:20:33,66.87,1.3375,0.0,6,Success,Purchase,Chittagong,BDT,False
TXN-20240112-0004342,WALL-0094774,MERCH-00127,PM-05,DEV-03,2024-01-12 10:02:26,69.36,0.0,0.0,6,Success,Purchase,Bago,MMK,False
TXN-20240112-0004343,WALL-0129992,MERCH-00040,PM-01,DEV-01,2024-01-12 20:24:54,43.38,0.0,0.8676,4,Success,Purchase,Naypyidaw,MMK,False
TXN-20240112-0004344,WALL-0134842,MERCH-00129,PM-03,DEV-03,2024-01-12 17:35:43,38.42,0.3074,0.0,3,Success,Purchase,Kathmandu,MMK,False
TXN-20240112-0004345,WALL-0083559,MERCH-00292,PM-01,DEV-01,2024-01-12 19:06:12,394.13,0.0,31.5303,78,Success,Purchase,Mawlamyine,MMK,False
TXN-20240112-0004346,WALL-0064262,MERCH-00049,PM-01,DEV-01,2024-01-12 02:08:21,13.2,0.0,0.264,1,Success,Purchase,Siem Reap,KHR,False
TXN-20240112-0004347,WALL-0060579,MERCH-00344,PM-02,DEV-01,2024-01-12 07:29:21,29.19,0.0584,0.0,2,Success,Bill Payment,Colombo,LKR,False
TXN-20240112-0004348,WALL-0138525,MERCH-00156,PM-04,DEV-01,2024-01-12 18:26:33,100.62,2.0125,5.0311,10,Success,Purchase,Hanoi,VND,False
TXN-20240112-0004349,WALL-0119813,MERCH-00335,PM-02,DEV-02,2024-01-12 19:48:32,84.62,0.1692,0.0,8,Success,Bill Payment,Kolkata,BDT,False
TXN-20240112-0004350,WALL-0002618,MERCH-00207,PM-01,DEV-02,2024-01-12 17:19:55,9.0,0.0,0.0,0,Success,Purchase,Kathmandu,NPR,False
TXN-20240112-0004351,WALL-0034678,MERCH-00082,PM-02,DEV-01,2024-01-12 07:42:58,96.14,0.1923,0.0,9,Success,Purchase,Myitkyina,MMK,False
TXN-20240112-0004352,WALL-0099122,MERCH-00430,PM-02,DEV-01,2024-01-12 21:35:44,153.05,0.3061,0.0,15,Success,Payment,Taunggyi,MMK,False
TXN-20240112-0004353,WALL-0019256,MERCH-00439,PM-03,DEV-02,2024-01-12 16:30:12,343.72,2.7497,0.0,34,Success,Tax Payment,Dhaka,LKR,False
TXN-20240112-0004354,WALL-0006375,MERCH-00225,PM-01,DEV-03,2024-01-12 16:21:17,7.42,0.0,0.0,0,Success,Purchase,Bago,MMK,False
TXN-20240112-0004355,WALL-0112666,MERCH-00442,PM-03,DEV-02,2024-01-12 20:35:41,611.74,4.894,0.0,61,Success,Tax Payment,Medan,IDR,False
TXN-20240112-0004356,WALL-0025078,MERCH-00390,PM-02,DEV-01,2024-01-12 12:36:43,27.08,0.0542,0.0,2,Success,Purchase,Mawlamyine,MMK,False
TXN-20240112-0004357,WALL-0133484,MERCH-00108,PM-04,DEV-01,2024-01-12 20:43:51,87.47,1.7495,0.0,8,Success,Purchase,Kandy,LKR,False
TXN-20240112-0004358,WALL-0070614,MERCH-00240,PM-01,DEV-02,2024-01-12 21:56:27,12.78,0.0,0.0,1,Success,Subscription,Taunggyi,MMK,False
TXN-20240112-0004359,WALL-0067847,MERCH-00198,PM-02,DEV-01,2024-01-12 12:22:27,6.66,0.0133,0.0,0,Success,Purchase,Bago,MMK,False
TXN-20240112-0004360,WALL-0144970,MERCH-00078,PM-01,DEV-01,2024-01-12 19:41:03,72.25,0.0,1.4451,7,Success,Purchase,Taunggyi,MMK,False
TXN-20240112-0004361,WALL-0139799,MERCH-00043,PM-01,DEV-03,2024-01-12 08:10:29,29.83,0.0,0.5966,2,Success,Purchase,Mandalay,MMK,False
TXN-20240112-0004362,WALL-0038213,MERCH-00089,PM-04,DEV-05,2024-01-12 14:12:05,74.11,1.4822,0.0,7,Success,Purchase,Hyderabad,INR,False
TXN-20240112-0004363,WALL-0080621,MERCH-00207,PM-01,DEV-01,2024-01-12 14:11:25,7.02,0.0,0.0,0,Success,Purchase,Bali,IDR,False
TXN-20240112-0004364,WALL-0101597,MERCH-00424,PM-01,DEV-01,2024-01-12 20:41:33,274.18,0.0,0.0,27,Success,Payment,Colombo,LKR,False
TXN-20240112-0004365,WALL-0041197,MERCH-00217,PM-02,DEV-01,2024-01-12 16:50:14,9.44,0.0189,0.0,0,Success,Purchase,Phnom Penh,KHR,False
TXN-20240112-0004366,WALL-0077565,MERCH-00138,PM-03,DEV-02,2024-01-12 10:57:31,52.26,0.4181,2.6132,5,Success,Purchase,Kolkata,INR,False
TXN-20240112-0004367,WALL-0079647,MERCH-00102,PM-02,DEV-01,2024-01-12 20:18:57,42.58,0.0852,0.0,4,Success,Purchase,Da Nang,VND,False
TXN-20240112-0004368,WALL-0042964,MERCH-00237,PM-02,DEV-04,2024-01-12 14:27:27,18.36,0.0367,0.0,0,Pending,Subscription,Manila,PHP,False
TXN-20240112-0004369,WALL-0014599,MERCH-00463,PM-04,DEV-01,2024-01-12 16:47:32,50.0,1.0,0.0,5,Success,Payment,Ho Chi Minh City,VND,False
TXN-20240112-0004370,WALL-0065593,MERCH-00212,PM-01,DEV-02,2024-01-12 12:54:33,9.92,0.0,0.0,0,Success,Purchase,Bago,MMK,False
TXN-20240112-0004371,WALL-0104761,MERCH-00227,PM-01,DEV-01,2024-01-12 20:18:23,5.0,0.0,0.0,0,Success,Purchase,Bago,MMK,False
TXN-20240112-0004372,WALL-0028913,MERCH-00018,PM-03,DEV-01,2024-01-12 14:12:44,19.44,0.1555,0.3888,1,Success,Purchase,Mandalay,MMK,False
TXN-20240112-0004373,WALL-0107953,MERCH-00019,PM-01,DEV-02,2024-01-12 16:19:21,26.93,0.0,0.5386,2,Success,Purchase,Yangon,MMK,False
TXN-20240112-0004374,WALL-0138546,MERCH-00408,PM-05,DEV-01,2024-01-12 16:49:26,179.0,0.0,0.0,17,Success,Payment,Penang,MYR,False
TXN-20240112-0004375,WALL-0062451,MERCH-00076,PM-01,DEV-02,2024-01-12 14:19:04,30.47,0.0,0.6093,3,Success,Purchase,Chittagong,BDT,False
TXN-20240112-0004376,WALL-0084107,MERCH-00248,PM-04,DEV-01,2024-01-12 16:34:14,20.41,0.4082,0.0,2,Success,Subscription,Pathein,MMK,False
TXN-20240112-0004377,WALL-0099974,MERCH-00262,PM-04,DEV-03,2024-01-12 17:52:07,9.86,0.1972,0.0,0,Success,Subscription,Myitkyina,MMK,False
TXN-20240112-0004378,WALL-0119663,MERCH-00223,PM-01,DEV-01,2024-01-12 11:36:57,8.58,0.0,0.0,0,Success,Purchase,Karachi,PKR,False
TXN-20240112-0004379,WALL-0139242,MERCH-00204,PM-03,DEV-02,2024-01-12 08:11:26,17.05,0.1364,0.0,1,Success,Purchase,Chennai,INR,False
TXN-20240112-0004380,WALL-0032923,MERCH-00194,PM-02,DEV-02,2024-01-12 12:42:41,13.68,0.0274,0.0,1,Success,Purchase,Ahmedabad,INR,False
TXN-20240112-0004381,WALL-0033062,MERCH-00470,PM-02,DEV-04,2024-01-12 08:33:11,194.29,0.3886,0.0,19,Success,Payment,Hyderabad,INR,False
TXN-20240112-0004382,WALL-0074555,MERCH-00199,PM-01,DEV-01,2024-01-12 08:23:29,5.0,0.0,0.0,0,Success,Purchase,Naypyidaw,MMK,False
TXN-20240112-0004383,WALL-0107483,MERCH-00366,PM-05,DEV-01,2024-01-12 16:05:41,36.14,0.0,0.0,3,Success,Bill Payment,Surabaya,IDR,False
TXN-20240112-0004384,WALL-0053412,MERCH-00275,PM-01,DEV-01,2024-01-12 04:47:58,181.03,0.0,14.482,36,Success,Purchase,Pokhara,MMK,False
TXN-20240112-0004385,WALL-0121355,MERCH-00153,PM-01,DEV-01,2024-01-12 21:13:22,271.25,0.0,13.5625,27,Success,Purchase,Siem Reap,KHR,False
TXN-20240112-0004386,WALL-0117110,MERCH-00089,PM-04,DEV-03,2024-01-12 20:51:28,157.53,3.1507,0.0,15,Success,Purchase,Yangon,MMK,False
TXN-20240112-0004387,WALL-0074460,MERCH-00410,PM-01,DEV-03,2024-01-12 20:21:58,30.02,0.0,0.0,3,Success,Payment,Mumbai,INR,False
TXN-20240112-0004388,WALL-0011610,MERCH-00290,PM-01,DEV-02,2024-01-12 20:41:11,878.48,0.0,70.2782,175,Success,Purchase,Mandalay,MMK,False
TXN-20240112-0004389,WALL-0053383,MERCH-00041,PM-01,DEV-01,2024-01-12 07:12:35,18.76,0.0,0.3753,1,Success,Purchase,Mandalay,MMK,False
TXN-20240112-0004390,WALL-0032763,MERCH-00091,PM-02,DEV-02,2024-01-12 21:40:02,74.33,0.1487,0.0,7,Success,Purchase,Hyderabad,INR,False
TXN-20240112-0004391,WALL-0057342,MERCH-00207,PM-02,DEV-01,2024-01-12 12:52:26,17.38,0.0348,0.0,1,Success,Purchase,Jaipur,INR,False
TXN-20240112-0004392,WALL-0119558,MERCH-00399,PM-04,DEV-02,2024-01-12 19:21:51,106.77,2.1355,0.0,10,Success,Purchase,Taunggyi,MMK,False
TXN-20240112-0004393,WALL-0034616,MERCH-00146,PM-04,DEV-01,2024-01-12 16:57:17,21.98,0.4397,1.0992,2,Success,Purchase,Mawlamyine,MMK,False
TXN-20240112-0004394,WALL-0119721,MERCH-00296,PM-02,DEV-01,2024-01-12 13:51:52,1859.08,3.7182,148.7264,371,Success,Purchase,Jakarta,IDR,False
TXN-20240112-0004395,WALL-0088407,MERCH-00079,PM-05,DEV-03,2024-01-12 13:15:20,29.04,0.0,0.5807,2,Success,Purchase,Kandy,LKR,False
TXN-20240112-0004396,WALL-0027413,MERCH-00274,PM-01,DEV-01,2024-01-12 11:52:24,103.49,0.0,8.279,20,Success,Purchase,Mawlamyine,MMK,False
TXN-20240112-0004397,WALL-0023015,MERCH-00061,PM-01,DEV-02,2024-01-12 16:44:00,32.36,0.0,0.6472,3,Success,Purchase,Pathein,MMK,False
TXN-20240112-0004398,WALL-0096723,MERCH-00357,PM-02,DEV-02,2024-01-12 15:49:51,31.41,0.0628,0.0,3,Success,Bill Payment,Myitkyina,MMK,False
TXN-20240112-0004399,WALL-0094177,MERCH-00177,PM-01,DEV-01,2024-01-12 20:48:26,40.49,0.0,2.0243,4,Success,Purchase,Khon Kaen,THB,False
TXN-20240112-0004400,WALL-0038312,MERCH-00103,PM-04,DEV-02,2024-01-12 15:20:59,76.32,1.5264,0.0,7,Success,Purchase,Mawlamyine,MMK,False
TXN-20240112-0004401,WALL-0090744,MERCH-00274,PM-01,DEV-02,2024-01-12 16:10:22,3784.54,0.0,302.763,756,Success,Purchase,Yangon,MMK,False
TXN-20240112-0004402,WALL-0060093,MERCH-00086,PM-03,DEV-01,2024-01-12 15:26:57,155.28,1.2422,0.0,15,Success,Purchase,Manila,PHP,False
TXN-20240112-0004403,WALL-0086248,MERCH-00201,PM-03,DEV-01,2024-01-12 17:46:25,5.0,0.04,0.0,0,Success,Purchase,Ho Chi Minh City,VND,False
TXN-20240112-0004404,WALL-0012526,MERCH-00103,PM-03,DEV-01,2024-01-12 16:35:25,209.86,1.6789,0.0,20,Success,Purchase,Surabaya,THB,False
TXN-20240112-0004405,WALL-0003059,MERCH-00210,PM-01,DEV-03,2024-01-12 19:41:19,35.44,0.0,0.0,3,Success,Purchase,Johor Bahru,THB,False
TXN-20240112-0004406,WALL-0014113,MERCH-00305,PM-02,DEV-04,2024-01-12 17:15:12,814.57,1.6291,65.1658,162,Success,Purchase,Johor Bahru,INR,False
TXN-20240112-0004407,WALL-0007000,MERCH-00160,PM-03,DEV-01,2024-01-12 21:56:52,211.41,1.6912,10.5703,21,Success,Purchase,Yangon,MMK,False
TXN-20240112-0004408,WALL-0115935,MERCH-00031,PM-01,DEV-03,2024-01-12 19:07:39,47.78,0.0,0.9555,4,Success,Purchase,Bangkok,THB,False
TXN-20240112-0004409,WALL-0020637,MERCH-00129,PM-03,DEV-01,2024-01-12 12:27:02,57.88,0.4631,0.0,5,Success,Purchase,Bangalore,BDT,False
TXN-20240112-0004410,WALL-0099834,MERCH-00061,PM-02,DEV-01,2024-01-12 19:13:44,13.61,0.0272,0.2721,1,Success,Purchase,Bandung,IDR,False
TXN-20240112-0004411,WALL-0117340,MERCH-00055,PM-01,DEV-01,2024-01-12 10:37:45,54.0,0.0,1.0799,5,Success,Purchase,Bago,MMK,False
TXN-20240112-0004412,WALL-0110073,MERCH-00103,PM-01,DEV-02,2024-01-12 13:58:52,91.36,0.0,0.0,9,Success,Purchase,Myitkyina,MMK,False
TXN-20240112-0004413,WALL-0010205,MERCH-00247,PM-03,DEV-04,2024-01-12 20:53:48,15.27,0.1222,0.0,1,Success,Subscription,Hanoi,THB,False
TXN-20240112-0004414,WALL-0149134,MERCH-00145,PM-03,DEV-01,2024-01-12 19:54:52,125.03,1.0002,6.2513,12,Success,Purchase,Pattaya,THB,False
TXN-20240112-0004415,WALL-0138223,MERCH-00103,PM-03,DEV-03,2024-01-12 05:39:17,42.07,0.3366,0.0,4,Success,Purchase,Taunggyi,MMK,False
TXN-20240112-0004416,WALL-0140886,MERCH-00283,PM-04,DEV-05,2024-01-12 19:24:49,142.8,2.8559,11.4236,28,Success,Purchase,Jakarta,IDR,False
TXN-20240112-0004417,WALL-0147568,MERCH-00181,PM-04,DEV-01,2024-01-12 14:46:27,65.77,1.3154,3.2884,6,Success,Purchase,Naypyidaw,MMK,False
TXN-20240112-0004418,WALL-0065964,MERCH-00217,PM-01,DEV-03,2024-01-12 11:50:03,13.63,0.0,0.0,1,Success,Purchase,Johor Bahru,MYR,False
TXN-20240112-0004419,WALL-0073931,MERCH-00128,PM-02,DEV-01,2024-01-12 15:42:57,60.94,0.1219,0.0,6,Success,Purchase,Phuket,MMK,False
TXN-20240112-0004420,WALL-0005140,MERCH-00047,PM-04,DEV-03,2024-01-12 18:45:33,27.37,0.5474,0.5474,2,Success,Purchase,Medan,IDR,False
TXN-20240112-0004421,WALL-0121944,MERCH-00076,PM-02,DEV-01,2024-01-12 20:26:22,21.46,0.0429,0.4293,2,Success,Purchase,Bago,MMK,False
TXN-20240112-0004422,WALL-0143108,MERCH-00077,PM-01,DEV-02,2024-01-12 22:00:13,78.85,0.0,1.5771,7,Success,Purchase,Naypyidaw,MMK,False
TXN-20240112-0004423,WALL-0004074,MERCH-00344,PM-02,DEV-01,2024-01-12 05:29:10,36.62,0.0732,0.0,3,Success,Bill Payment,Ho Chi Minh City,VND,False
TXN-20240112-0004424,WALL-0149082,MERCH-00018,PM-03,DEV-01,2024-01-12 23:22:10,5.0,0.04,0.1,0,Success,Purchase,Myitkyina,MMK,False
TXN-20240112-0004425,WALL-0084722,MERCH-00223,PM-02,DEV-02,2024-01-12 16:58:31,5.98,0.012,0.0,0,Success,Purchase,Yangon,MMK,False
TXN-20240112-0004426,WALL-0044073,MERCH-00173,PM-01,DEV-05,2024-01-12 02:04:10,355.95,0.0,17.7974,35,Success,Purchase,Singapore,SGD,False
TXN-20240112-0004427,WALL-0138228,MERCH-00418,PM-01,DEV-02,2024-01-12 15:19:09,37.34,0.0,0.0,3,Success,Payment,Jakarta,IDR,False
TXN-20240112-0004428,WALL-0115953,MERCH-00168,PM-04,DEV-02,2024-01-12 18:07:25,213.77,4.2753,10.6883,21,Success,Purchase,Kuala Lumpur,MYR,False
TXN-20240112-0004429,WALL-0080069,MERCH-00115,PM-01,DEV-03,2024-01-12 17:17:03,69.76,0.0,0.0,6,Success,Purchase,Taunggyi,MMK,False
TXN-20240112-0004430,WALL-0046020,MERCH-00122,PM-01,DEV-03,2024-01-12 18:24:35,88.21,0.0,0.0,8,Success,Purchase,Mandalay,MMK,False
TXN-20240112-0004431,WALL-0017563,MERCH-00339,PM-02,DEV-01,2024-01-12 11:11:25,54.07,0.1081,0.0,5,Success,Bill Payment,Myitkyina,MMK,False
TXN-20240112-0004432,WALL-0097732,MERCH-00207,PM-03,DEV-01,2024-01-12 23:56:24,8.71,0.0697,0.0,0,Success,Purchase,Kathmandu,NPR,False
TXN-20240112-0004433,WALL-0067312,MERCH-00389,PM-03,DEV-01,2024-01-12 17:40:22,21.03,0.1682,0.0,2,Success,Purchase,Delhi,INR,False
TXN-20240112-0004434,WALL-0130965,MERCH-00015,PM-01,DEV-01,2024-01-12 19:21:59,12.88,0.0,0.2576,1,Success,Purchase,Dhaka,BDT,False
TXN-20240112-0004435,WALL-0060999,MERCH-00097,PM-04,DEV-01,2024-01-12 13:38:40,85.04,1.7009,0.0,8,Success,Purchase,Pune,INR,False
TXN-20240112-0004436,WALL-0083337,MERCH-00090,PM-04,DEV-02,2024-01-12 19:41:53,189.63,3.7925,0.0,18,Success,Purchase,Lahore,PKR,False
TXN-20240112-0004437,WALL-0056501,MERCH-00142,PM-03,DEV-01,2024-01-12 08:45:09,164.99,1.3199,8.2496,16,Success,Purchase,Phnom Penh,KHR,False
TXN-20240112-0004438,WALL-0009586,MERCH-00038,PM-01,DEV-05,2024-01-12 12:06:44,30.23,0.0,0.6047,3,Success,Purchase,Bago,MMK,False
TXN-20240112-0004439,WALL-0062606,MERCH-00391,PM-03,DEV-01,2024-01-12 08:34:40,20.0,0.16,0.0,0,Failed,Purchase,Islamabad,PKR,False
TXN-20240112-0004440,WALL-0108179,MERCH-00109,PM-04,DEV-01,2024-01-12 20:26:57,18.48,0.3696,0.0,1,Success,Purchase,Singapore,SGD,False
TXN-20240112-0004441,WALL-0097289,MERCH-00090,PM-02,DEV-02,2024-01-12 18:39:18,57.78,0.1156,0.0,5,Success,Purchase,Myitkyina,MMK,False
TXN-20240112-0004442,WALL-0082485,MERCH-00404,PM-01,DEV-03,2024-01-12 03:10:04,38.16,0.0,0.0,3,Success,Payment,Myitkyina,MMK,False
TXN-20240112-0004443,WALL-0144764,MERCH-00454,PM-02,DEV-01,2024-01-12 21:41:01,157.9,0.3158,0.0,15,Success,Payment,Pathein,MMK,False
TXN-20240112-0004444,WALL-0137199,MERCH-00425,PM-01,DEV-03,2024-01-12 20:08:33,56.85,0.0,0.0,5,Success,Payment,Karachi,PKR,False
TXN-20240112-0004445,WALL-0139679,MERCH-00064,PM-01,DEV-04,2024-01-12 06:12:20,53.33,0.0,1.0667,5,Success,Purchase,Myitkyina,MMK,False
TXN-20240112-0004446,WALL-0147025,MERCH-00074,PM-03,DEV-03,2024-01-12 10:07:20,47.71,0.3817,0.9542,4,Success,Purchase,Myitkyina,MMK,False
TXN-20240112-0004447,WALL-0048534,MERCH-00172,PM-01,DEV-01,2024-01-12 22:25:11,105.12,0.0,5.2558,10,Success,Purchase,Phuket,THB,False
TXN-20240112-0004448,WALL-0053093,MERCH-00060,PM-02,DEV-01,2024-01-12 18:59:40,21.06,0.0421,0.4212,2,Success,Purchase,Yangon,MMK,False
TXN-20240112-0004449,WALL-0050122,MERCH-00266,PM-01,DEV-01,2024-01-12 09:49:54,21.2,0.0,0.0,2,Success,Subscription,Pathein,MMK,False
TXN-20240112-0004450,WALL-0085671,MERCH-00031,PM-01,DEV-05,2024-01-12 19:53:22,22.7,0.0,0.454,2,Success,Purchase,Bangkok,THB,False
TXN-20240112-0004451,WALL-0062083,MERCH-00274,PM-01,DEV-02,2024-01-12 19:20:22,836.35,0.0,66.9081,167,Success,Purchase,Penang,MYR,False
TXN-20240112-0004452,WALL-0049298,MERCH-00253,PM-02,DEV-01,2024-01-12 23:30:18,13.79,0.0276,0.0,1,Success,Subscription,Surabaya,MMK,False
TXN-20240112-0004453,WALL-0026414,MERCH-00081,PM-02,DEV-01,2024-01-12 15:05:25,27.09,0.0542,0.0,2,Success,Purchase,Bago,MMK,False
TXN-20240112-0004454,WALL-0002377,MERCH-00019,PM-01,DEV-02,2024-01-12 02:49:24,8.71,0.0,0.1743,0,Success,Purchase,Naypyidaw,MMK,False
TXN-20240112-0004455,WALL-0024938,MERCH-00306,PM-01,DEV-02,2024-01-12 15:29:33,168.06,0.0,13.4451,33,Success,Purchase,Colombo,MMK,False
TXN-20240112-0004456,WALL-0066922,MERCH-00439,PM-03,DEV-01,2024-01-12 14:35:57,250.41,2.0033,0.0,25,Success,Tax Payment,Penang,MMK,False
TXN-20240112-0004457,WALL-0115258,MERCH-00183,PM-02,DEV-01,2024-01-12 17:45:34,54.25,0.1085,2.7123,5,Success,Purchase,Bago,MMK,False
TXN-20240112-0004458,WALL-0004515,MERCH-00117,PM-03,DEV-01,2024-01-12 12:10:28,37.8,0.3024,0.0,3,Success,Purchase,Yangon,LKR,False
TXN-20240112-0004459,WALL-0002177,MERCH-00239,PM-02,DEV-02,2024-01-12 18:30:58,8.53,0.0171,0.0,0,Success,Subscription,Mumbai,INR,False
TXN-20240112-0004460,WALL-0052109,MERCH-00028,PM-01,DEV-01,2024-01-12 13:36:19,29.83,0.0,0.5967,2,Success,Purchase,Surabaya,IDR,False
TXN-20240112-0004461,WALL-0005117,MERCH-00210,PM-01,DEV-01,2024-01-12 13:02:35,8.99,0.0,0.0,0,Success,Purchase,Myitkyina,MMK,False
TXN-20240112-0004462,WALL-0084587,MERCH-00219,PM-02,DEV-01,2024-01-12 20:00:57,27.32,0.0546,0.0,2,Success,Purchase,Delhi,INR,False
TXN-20240112-0004463,WALL-0060463,MERCH-00304,PM-01,DEV-01,2024-01-12 08:25:51,493.14,0.0,39.4509,98,Success,Purchase,Penang,MYR,False
TXN-20240112-0004464,WALL-0051707,MERCH-00438,PM-01,DEV-01,2024-01-12 15:36:40,171.02,0.0,0.0,0,Reversed,Tax Payment,Hanoi,PHP,False
TXN-20240112-0004465,WALL-0135548,MERCH-00120,PM-02,DEV-02,2024-01-12 13:08:23,79.97,0.1599,0.0,7,Success,Purchase,Mawlamyine,MMK,False
TXN-20240112-0004466,WALL-0073579,MERCH-00034,PM-01,DEV-02,2024-01-12 21:53:23,18.04,0.0,0.3607,1,Success,Purchase,Phnom Penh,IDR,False
TXN-20240112-0004467,WALL-0111565,MERCH-00469,PM-03,DEV-01,2024-01-12 21:29:49,241.9,1.9352,0.0,24,Success,Payment,Lahore,PKR,False
TXN-20240112-0004468,WALL-0131141,MERCH-00399,PM-01,DEV-01,2024-01-12 12:46:53,31.76,0.0,0.0,3,Success,Purchase,Lahore,PKR,False
TXN-20240112-0004469,WALL-0065787,MERCH-00299,PM-01,DEV-01,2024-01-12 04:59:39,241.79,0.0,19.3429,48,Success,Purchase,Mandalay,MMK,False
TXN-20240112-0004470,WALL-0001544,MERCH-00141,PM-03,DEV-05,2024-01-12 19:00:53,26.65,0.2132,1.3323,2,Success,Purchase,Kuala Lumpur,MYR,False
TXN-20240112-0004471,WALL-0081051,MERCH-00423,PM-01,DEV-02,2024-01-12 17:31:28,45.87,0.0,0.0,4,Success,Payment,Mawlamyine,MMK,False
TXN-20240112-0004472,WALL-0040581,MERCH-00304,PM-01,DEV-01,2024-01-12 22:06:54,2773.7,0.0,221.8961,554,Success,Purchase,Yangon,MMK,False
TXN-20240112-0004473,WALL-0005849,MERCH-00258,PM-02,DEV-02,2024-01-12 11:50:44,18.58,0.0372,0.0,1,Success,Subscription,Pathein,MMK,False
TXN-20240112-0004474,WALL-0067056,MERCH-00373,PM-01,DEV-03,2024-01-12 19:35:17,35.63,0.0,0.0,3,Success,Purchase,Dhaka,BDT,False
TXN-20240112-0004475,WALL-0017587,MERCH-00078,PM-04,DEV-05,2024-01-12 11:24:22,5.0,0.1,0.1,0,Success,Purchase,Phnom Penh,KHR,False
TXN-20240112-0004476,WALL-0009169,MERCH-00101,PM-04,DEV-04,2024-01-12 21:08:55,54.64,1.0928,0.0,5,Success,Purchase,Mandalay,MMK,False
TXN-20240112-0004477,WALL-0042907,MERCH-00120,PM-03,DEV-01,2024-01-12 13:57:26,18.89,0.1512,0.0,1,Success,Purchase,Myitkyina,MMK,False
TXN-20240112-0004478,WALL-0146271,MERCH-00131,PM-03,DEV-01,2024-01-12 14:51:35,150.35,1.2028,7.5175,15,Success,Purchase,Khon Kaen,MMK,False
TXN-20240112-0004479,WALL-0135177,MERCH-00012,PM-02,DEV-01,2024-01-12 15:09:47,13.68,0.0274,0.2737,1,Success,Purchase,Naypyidaw,MMK,False
TXN-20240112-0004480,WALL-0025016,MERCH-00167,PM-03,DEV-01,2024-01-12 06:53:33,586.14,4.6891,29.3068,58,Success,Purchase,Pathein,MMK,False
TXN-20240112-0004481,WALL-0128514,MERCH-00078,PM-01,DEV-04,2024-01-12 12:18:47,16.72,0.0,0.3343,1,Success,Purchase,Mandalay,MMK,False
TXN-20240112-0004482,WALL-0065108,MERCH-00296,PM-02,DEV-01,2024-01-12 20:10:18,751.7,1.5034,60.1361,150,Success,Purchase,Naypyidaw,MMK,False
TXN-20240112-0004483,WALL-0083911,MERCH-00165,PM-01,DEV-02,2024-01-12 22:08:19,696.75,0.0,34.8374,69,Success,Purchase,Mawlamyine,MMK,False
TXN-20240112-0004484,WALL-0037152,MERCH-00041,PM-04,DEV-01,2024-01-12 15:20:15,12.68,0.2537,0.2537,1,Success,Purchase,Bago,MMK,False
TXN-20240112-0004485,WALL-0032345,MERCH-00042,PM-01,DEV-05,2024-01-12 13:57:41,16.04,0.0,0.3208,1,Success,Purchase,Dhaka,BDT,False
TXN-20240112-0004486,WALL-0104831,MERCH-00034,PM-02,DEV-02,2024-01-12 18:21:51,28.92,0.0578,0.0,0,Reversed,Purchase,Chennai,INR,False
TXN-20240112-0004487,WALL-0008350,MERCH-00296,PM-02,DEV-01,2024-01-12 13:07:32,213.36,0.4267,17.0692,42,Success,Purchase,Ho Chi Minh City,VND,False
TXN-20240112-0004488,WALL-0059367,MERCH-00122,PM-02,DEV-05,2024-01-12 16:16:35,18.18,0.0364,0.0,1,Success,Purchase,Chittagong,BDT,False
TXN-20240112-0004489,WALL-0087856,MERCH-00269,PM-01,DEV-01,2024-01-12 07:30:53,37.69,0.0,0.0,3,Success,Subscription,Bago,MMK,False
TXN-20240112-0004490,WALL-0081892,MERCH-00120,PM-01,DEV-01,2024-01-12 12:13:36,247.88,0.0,0.0,24,Success,Purchase,Hanoi,VND,False
TXN-20240112-0004491,WALL-0021622,MERCH-00054,PM-01,DEV-01,2024-01-12 10:03:40,11.43,0.0,0.2287,1,Success,Purchase,Bali,IDR,False
TXN-20240112-0004492,WALL-0068223,MERCH-00028,PM-03,DEV-03,2024-01-12 07:16:29,47.95,0.3836,0.959,4,Success,Purchase,Delhi,INR,False
TXN-20240112-0004493,WALL-0003608,MERCH-00113,PM-02,DEV-02,2024-01-12 11:20:00,69.1,0.1382,0.0,6,Success,Purchase,Mandalay,MMK,False
TXN-20240112-0004494,WALL-0030597,MERCH-00244,PM-01,DEV-01,2024-01-12 21:28:51,28.0,0.0,0.0,2,Success,Subscription,Yangon,MMK,False
TXN-20240112-0004495,WALL-0112701,MERCH-00326,PM-01,DEV-03,2024-01-12 21:06:43,90.9,0.0,0.0,0,Failed,Bill Payment,Pathein,MMK,False
TXN-20240112-0004496,WALL-0068468,MERCH-00064,PM-01,DEV-04,2024-01-12 15:10:43,29.19,0.0,0.5837,2,Success,Purchase,Hyderabad,INR,False
TXN-20240112-0004497,WALL-0125489,MERCH-00315,PM-01,DEV-01,2024-01-12 01:39:13,78.38,0.0,0.0,7,Success,Bill Payment,Yangon,MMK,False
TXN-20240112-0004498,WALL-0104988,MERCH-00122,PM-03,DEV-02,2024-01-12 16:05:15,33.64,0.2691,0.0,3,Success,Purchase,Naypyidaw,MMK,False
TXN-20240112-0004499,WALL-0135586,MERCH-00403,PM-01,DEV-01,2024-01-12 17:29:57,43.49,0.0,0.0,4,Success,Payment,Kolkata,INR,False
TXN-20240112-0004500,WALL-0097449,MERCH-00041,PM-02,DEV-03,2024-01-12 16:44:45,8.4,0.0168,0.168,0,Success,Purchase,Cebu City,PHP,False
TXN-20240112-0004501,WALL-0035077,MERCH-00132,PM-01,DEV-01,2024-01-12 09:57:26,302.34,0.0,15.1168,30,Success,Purchase,Phuket,THB,False
TXN-20240112-0004502,WALL-0122449,MERCH-00379,PM-02,DEV-01,2024-01-12 15:47:00,75.74,0.1515,0.0,7,Success,Purchase,Yangon,MMK,False
TXN-20240112-0004503,WALL-0040330,MERCH-00211,PM-04,DEV-03,2024-01-12 20:35:51,17.55,0.351,0.0,1,Success,Purchase,Mandalay,MMK,False
TXN-20240112-0004504,WALL-0032000,MERCH-00081,PM-03,DEV-01,2024-01-12 03:20:09,72.91,0.5833,0.0,7,Success,Purchase,Cebu City,PHP,False
TXN-20240112-0004505,WALL-0040830,MERCH-00469,PM-01,DEV-02,2024-01-12 17:30:00,1263.05,0.0,0.0,126,Success,Payment,Kathmandu,NPR,False
TXN-20240112-0004506,WALL-0145321,MERCH-00294,PM-04,DEV-03,2024-01-12 09:35:43,1229.25,24.5851,98.3402,245,Success,Purchase,Pathein,MMK,False
TXN-20240112-0004507,WALL-0146398,MERCH-00220,PM-01,DEV-02,2024-01-12 13:43:45,20.41,0.0,0.0,2,Success,Purchase,Pathein,MMK,False
TXN-20240112-0004508,WALL-0015641,MERCH-00213,PM-01,DEV-02,2024-01-12 19:07:22,22.91,0.0,0.0,2,Success,Purchase,Chiang Mai,THB,False
TXN-20240112-0004509,WALL-0024050,MERCH-00214,PM-02,DEV-01,2024-01-12 13:59:05,18.79,0.0376,0.0,1,Success,Purchase,Yangon,MMK,False
TXN-20240112-0004510,WALL-0137692,MERCH-00080,PM-04,DEV-01,2024-01-12 08:58:28,11.66,0.2332,0.2332,1,Success,Purchase,Surabaya,IDR,False
TXN-20240112-0004511,WALL-0108648,MERCH-00408,PM-01,DEV-01,2024-01-12 21:57:04,62.76,0.0,0.0,6,Success,Payment,Ahmedabad,MMK,False
TXN-20240112-0004512,WALL-0120515,MERCH-00289,PM-04,DEV-02,2024-01-12 14:02:10,239.78,4.7956,19.1823,47,Success,Purchase,Hyderabad,INR,False
TXN-20240112-0004513,WALL-0024041,MERCH-00222,PM-01,DEV-01,2024-01-12 14:37:19,18.09,0.0,0.0,1,Success,Purchase,Yangon,LKR,False
TXN-20240112-0004514,WALL-0076610,MERCH-00055,PM-04,DEV-01,2024-01-12 00:32:44,9.92,0.1984,0.1984,0,Success,Purchase,Mandalay,MMK,False
TXN-20240112-0004515,WALL-0032678,MERCH-00167,PM-01,DEV-01,2024-01-12 09:30:21,20.0,0.0,0.0,0,Failed,Purchase,Penang,MYR,False
TXN-20240112-0004516,WALL-0123045,MERCH-00334,PM-01,DEV-01,2024-01-12 14:12:18,85.07,0.0,0.0,8,Success,Bill Payment,Taunggyi,MMK,False
TXN-20240112-0004517,WALL-0001940,MERCH-00212,PM-03,DEV-02,2024-01-12 00:31:59,20.62,0.165,0.0,2,Success,Purchase,Taunggyi,MMK,False
TXN-20240112-0004518,WALL-0029773,MERCH-00032,PM-02,DEV-01,2024-01-12 21:35:16,41.92,0.0838,0.8384,4,Success,Purchase,Yangon,MMK,False
TXN-20240112-0004519,WALL-0093782,MERCH-00059,PM-03,DEV-01,2024-01-12 09:39:22,7.72,0.0617,0.1544,0,Success,Purchase,Mawlamyine,MMK,False
TXN-20240112-0004520,WALL-0092005,MERCH-00283,PM-03,DEV-01,2024-01-12 10:45:40,284.07,2.2725,22.7252,56,Success,Purchase,Kuala Lumpur,MYR,False
TXN-20240112-0004521,WALL-0005161,MERCH-00030,PM-02,DEV-01,2024-01-12 04:13:25,29.64,0.0593,0.5927,2,Success,Purchase,Cebu City,BDT,False
TXN-20240112-0004522,WALL-0069339,MERCH-00160,PM-02,DEV-01,2024-01-12 15:47:13,86.67,0.1733,4.3333,8,Success,Purchase,Bago,MMK,False
TXN-20240112-0004523,WALL-0034030,MERCH-00110,PM-01,DEV-02,2024-01-12 04:17:43,66.14,0.0,0.0,6,Success,Purchase,Naypyidaw,MMK,False
TXN-20240112-0004524,WALL-0025277,MERCH-00021,PM-01,DEV-01,2024-01-12 21:56:55,16.35,0.0,0.327,1,Success,Purchase,Lahore,PKR,False
TXN-20240112-0004525,WALL-0011513,MERCH-00317,PM-04,DEV-03,2024-01-12 06:03:16,181.56,3.6313,0.0,18,Success,Bill Payment,Pattaya,THB,False
TXN-20240112-0004526,WALL-0059733,MERCH-00299,PM-01,DEV-02,2024-01-12 17:11:03,1138.52,0.0,91.0818,227,Success,Purchase,Islamabad,PKR,False
TXN-20240112-0004527,WALL-0091243,MERCH-00414,PM-01,DEV-01,2024-01-12 05:22:59,197.09,0.0,0.0,19,Success,Payment,Bago,THB,False
TXN-20240112-0004528,WALL-0142081,MERCH-00092,PM-02,DEV-01,2024-01-12 21:14:26,34.73,0.0695,0.0,3,Success,Purchase,Dhaka,BDT,False
TXN-20240112-0004529,WALL-0140544,MERCH-00114,PM-01,DEV-01,2024-01-12 13:22:24,130.42,0.0,0.0,13,Success,Purchase,Mandalay,MMK,False
TXN-20240112-0004530,WALL-0046043,MERCH-00042,PM-04,DEV-03,2024-01-12 13:22:21,9.8,0.1961,0.1961,0,Success,Purchase,Bandung,IDR,False
TXN-20240112-0004531,WALL-0051528,MERCH-00415,PM-01,DEV-01,2024-01-12 21:12:19,28.29,0.0,0.0,2,Success,Payment,Mumbai,KHR,True
TXN-20240112-0004532,WALL-0059585,MERCH-00448,PM-02,DEV-04,2024-01-12 21:01:46,100.24,0.2005,0.0,10,Success,Tax Payment,Pattaya,SGD,False
TXN-20240112-0004533,WALL-0081386,MERCH-00421,PM-04,DEV-01,2024-01-12 23:09:17,259.59,5.1918,0.0,25,Success,Payment,Islamabad,PKR,True
TXN-20240112-0004534,WALL-0057378,MERCH-00302,PM-02,DEV-01,2024-01-12 10:43:34,693.66,1.3873,55.4931,138,Success,Purchase,Colombo,PKR,False
TXN-20240112-0004535,WALL-0001120,MERCH-00357,PM-01,DEV-01,2024-01-12 22:01:10,51.8,0.0,0.0,5,Success,Bill Payment,Bago,MMK,False
TXN-20240112-0004536,WALL-0000182,MERCH-00031,PM-02,DEV-01,2024-01-12 02:09:39,18.0,0.036,0.3599,1,Success,Purchase,Mawlamyine,MMK,False
TXN-20240112-0004537,WALL-0014443,MERCH-00212,PM-02,DEV-01,2024-01-12 09:14:06,29.17,0.0583,0.0,2,Success,Purchase,Mandalay,MMK,False
TXN-20240112-0004538,WALL-0149835,MERCH-00182,PM-02,DEV-02,2024-01-12 15:29:07,98.8,0.1976,4.9402,9,Success,Purchase,Mandalay,PHP,False
TXN-20240112-0004539,WALL-0041691,MERCH-00299,PM-05,DEV-01,2024-01-12 06:26:46,1276.08,0.0,102.0867,255,Success,Purchase,Medan,IDR,False
TXN-20240112-0004540,WALL-0081646,MERCH-00410,PM-02,DEV-01,2024-01-12 22:37:07,37.26,0.0745,0.0,3,Success,Payment,Yangon,MMK,False
TXN-20240112-0004541,WALL-0112979,MERCH-00195,PM-01,DEV-02,2024-01-12 17:38:32,13.49,0.0,0.0,1,Success,Purchase,Taunggyi,MMK,False
TXN-20240112-0004542,WALL-0133341,MERCH-00313,PM-02,DEV-01,2024-01-12 20:05:23,117.56,0.2351,0.0,11,Success,Bill Payment,Delhi,INR,False
TXN-20240112-0004543,WALL-0138694,MERCH-00034,PM-01,DEV-05,2024-01-12 16:50:58,27.7,0.0,0.554,2,Success,Purchase,Jakarta,IDR,False
TXN-20240112-0004544,WALL-0124038,MERCH-00142,PM-04,DEV-02,2024-01-12 19:50:44,293.71,5.8742,14.6856,29,Success,Purchase,Singapore,SGD,False
TXN-20240112-0004545,WALL-0016491,MERCH-00080,PM-02,DEV-01,2024-01-12 13:27:58,26.34,0.0527,0.5268,2,Success,Purchase,Myitkyina,MMK,False
TXN-20240112-0004546,WALL-0001424,MERCH-00487,PM-02,DEV-02,2024-01-12 13:23:38,196.4,0.3928,0.0,0,Pending,Payment,Surabaya,MMK,False
TXN-20240112-0004547,WALL-0095431,MERCH-00139,PM-01,DEV-01,2024-01-12 18:24:52,605.31,0.0,30.2657,60,Success,Purchase,Mumbai,INR,False
TXN-20240112-0004548,WALL-0031708,MERCH-00390,PM-01,DEV-05,2024-01-12 03:19:23,26.06,0.0,0.0,2,Success,Purchase,Islamabad,PKR,False
TXN-20240112-0004549,WALL-0135115,MERCH-00024,PM-03,DEV-02,2024-01-12 11:05:21,13.19,0.1055,0.2639,1,Success,Purchase,Colombo,LKR,False
TXN-20240112-0004550,WALL-0123587,MERCH-00147,PM-02,DEV-02,2024-01-12 16:09:56,43.62,0.0872,0.0,0,Pending,Purchase,Taunggyi,MMK,False
TXN-20240112-0004551,WALL-0098111,MERCH-00099,PM-04,DEV-01,2024-01-12 10:05:46,34.6,0.6919,0.0,3,Success,Purchase,Kolkata,INR,False
TXN-20240112-0004552,WALL-0120324,MERCH-00310,PM-01,DEV-01,2024-01-12 13:23:16,120.39,0.0,9.6316,24,Success,Purchase,Yangon,MMK,False
TXN-20240112-0004553,WALL-0065629,MERCH-00025,PM-01,DEV-01,2024-01-12 12:42:54,10.43,0.0,0.2085,1,Success,Purchase,Naypyidaw,MMK,False
TXN-20240112-0004554,WALL-0082586,MERCH-00428,PM-01,DEV-01,2024-01-12 15:10:44,95.92,0.0,0.0,9,Success,Payment,Pattaya,THB,False
TXN-20240112-0004555,WALL-0131982,MERCH-00079,PM-02,DEV-01,2024-01-12 13:33:50,14.92,0.0298,0.2985,1,Success,Purchase,Pattaya,THB,False
TXN-20240112-0004556,WALL-0143694,MERCH-00127,PM-01,DEV-01,2024-01-12 15:25:41,10.92,0.0,0.0,1,Success,Purchase,Mawlamyine,MMK,False
TXN-20240112-0004557,WALL-0036544,MERCH-00105,PM-01,DEV-01,2024-01-12 15:41:04,52.78,0.0,0.0,5,Success,Purchase,Taunggyi,MMK,False
TXN-20240112-0004558,WALL-0105574,MERCH-00071,PM-04,DEV-05,2024-01-12 16:17:10,6.58,0.1316,0.1316,0,Success,Purchase,Lahore,PKR,False
TXN-20240112-0004559,WALL-0045795,MERCH-00048,PM-05,DEV-01,2024-01-12 14:58:39,30.06,0.0,0.6012,3,Success,Purchase,Ahmedabad,INR,False
TXN-20240112-0004560,WALL-0061532,MERCH-00265,PM-03,DEV-04,2024-01-12 04:23:03,15.84,0.1267,0.0,1,Success,Subscription,Jaipur,MMK,False
TXN-20240112-0004561,WALL-0034985,MERCH-00372,PM-01,DEV-02,2024-01-12 07:29:33,29.57,0.0,0.0,2,Success,Purchase,Bandung,IDR,False
TXN-20240112-0004562,WALL-0125558,MERCH-00005,PM-01,DEV-05,2024-01-12 14:23:06,15.47,0.0,0.3093,1,Success,Purchase,Johor Bahru,MYR,False
TXN-20240112-0004563,WALL-0145295,MERCH-00273,PM-01,DEV-01,2024-01-12 18:38:04,189.15,0.0,15.1316,37,Success,Purchase,Colombo,LKR,False
TXN-20240112-0004564,WALL-0101509,MERCH-00082,PM-03,DEV-05,2024-01-12 15:21:52,25.05,0.2004,0.0,2,Success,Purchase,Taunggyi,MMK,False
TXN-20240112-0004565,WALL-0033857,MERCH-00035,PM-03,DEV-02,2024-01-12 19:31:57,16.14,0.1291,0.0,0,Pending,Purchase,Yangon,MMK,False
TXN-20240112-0004566,WALL-0127356,MERCH-00375,PM-02,DEV-01,2024-01-12 11:32:02,132.31,0.2646,0.0,13,Success,Purchase,Singapore,SGD,False
TXN-20240112-0004567,WALL-0118601,MERCH-00239,PM-01,DEV-01,2024-01-12 08:26:46,17.01,0.0,0.0,1,Success,Subscription,Pathein,MMK,False
TXN-20240112-0004568,WALL-0093134,MERCH-00223,PM-02,DEV-02,2024-01-12 05:49:50,10.22,0.0204,0.0,1,Success,Purchase,Pathein,MMK,False
TXN-20240112-0004569,WALL-0016025,MERCH-00048,PM-01,DEV-01,2024-01-12 20:33:20,9.05,0.0,0.1809,0,Success,Purchase,Kolkata,INR,False
TXN-20240112-0004570,WALL-0079543,MERCH-00166,PM-01,DEV-02,2024-01-12 00:56:48,184.88,0.0,9.2442,18,Success,Purchase,Johor Bahru,MYR,False
TXN-20240112-0004571,WALL-0106605,MERCH-00427,PM-05,DEV-01,2024-01-12 01:07:05,62.19,0.0,0.0,6,Success,Payment,Surabaya,IDR,False
TXN-20240112-0004572,WALL-0093874,MERCH-00136,PM-01,DEV-01,2024-01-12 05:40:50,70.08,0.0,3.5038,7,Success,Purchase,Colombo,LKR,False
TXN-20240112-0004573,WALL-0107751,MERCH-00334,PM-04,DEV-05,2024-01-12 12:50:49,58.98,1.1795,0.0,5,Success,Bill Payment,Kuala Lumpur,MYR,False
TXN-20240112-0004574,WALL-0140875,MERCH-00213,PM-03,DEV-01,2024-01-12 06:05:52,28.35,0.2268,0.0,2,Success,Purchase,Hyderabad,NPR,False
TXN-20240112-0004575,WALL-0008350,MERCH-00042,PM-01,DEV-02,2024-01-12 17:44:32,15.04,0.0,0.3009,1,Success,Purchase,Singapore,VND,False
TXN-20240112-0004576,WALL-0076716,MERCH-00192,PM-03,DEV-03,2024-01-12 10:45:23,7.74,0.0619,0.0,0,Pending,Purchase,Myitkyina,MMK,False
TXN-20240112-0004577,WALL-0031069,MERCH-00361,PM-04,DEV-01,2024-01-12 03:21:08,13.22,0.2645,0.0,1,Success,Bill Payment,Mawlamyine,MMK,False
TXN-20240112-0004578,WALL-0130733,MERCH-00375,PM-01,DEV-02,2024-01-12 08:06:21,27.64,0.0,0.0,2,Success,Purchase,Siem Reap,KHR,False
TXN-20240112-0004579,WALL-0018542,MERCH-00412,PM-01,DEV-02,2024-01-12 14:06:20,163.18,0.0,0.0,16,Success,Payment,Pathein,MMK,False
TXN-20240112-0004580,WALL-0063197,MERCH-00315,PM-01,DEV-01,2024-01-12 16:33:18,65.54,0.0,0.0,6,Success,Bill Payment,Cebu City,PHP,False
TXN-20240112-0004581,WALL-0034582,MERCH-00170,PM-02,DEV-01,2024-01-12 11:10:05,472.25,0.9445,23.6124,47,Success,Purchase,Bandung,PKR,False
TXN-20240112-0004582,WALL-0077863,MERCH-00105,PM-03,DEV-01,2024-01-12 03:49:57,12.34,0.0987,0.0,1,Success,Purchase,Da Nang,VND,False
TXN-20240112-0004583,WALL-0061287,MERCH-00205,PM-03,DEV-02,2024-01-12 21:35:01,12.66,0.1013,0.0,1,Success,Purchase,Mawlamyine,MMK,False
TXN-20240112-0004584,WALL-0031793,MERCH-00036,PM-04,DEV-02,2024-01-12 18:27:02,16.0,0.3201,0.3201,1,Success,Purchase,Colombo,LKR,False
TXN-20240112-0004585,WALL-0005744,MERCH-00262,PM-03,DEV-05,2024-01-12 13:18:20,9.46,0.0756,0.0,0,Failed,Subscription,Dhaka,BDT,False
TXN-20240112-0004586,WALL-0080845,MERCH-00361,PM-01,DEV-03,2024-01-12 08:11:58,78.79,0.0,0.0,7,Success,Bill Payment,Naypyidaw,MMK,False
TXN-20240112-0004587,WALL-0010532,MERCH-00177,PM-01,DEV-01,2024-01-12 07:25:44,143.04,0.0,7.1519,14,Success,Purchase,Kuala Lumpur,MYR,False
TXN-20240112-0004588,WALL-0030372,MERCH-00052,PM-04,DEV-05,2024-01-12 14:25:03,9.84,0.1967,0.1967,0,Success,Purchase,Taunggyi,MMK,False
TXN-20240112-0004589,WALL-0005128,MERCH-00183,PM-01,DEV-01,2024-01-12 20:05:48,125.83,0.0,6.2914,12,Success,Purchase,Chennai,MMK,False
TXN-20240112-0004590,WALL-0033690,MERCH-00004,PM-01,DEV-01,2024-01-12 08:43:07,10.25,0.0,0.205,1,Success,Purchase,Siem Reap,KHR,False
TXN-20240112-0004591,WALL-0017904,MERCH-00257,PM-01,DEV-01,2024-01-12 11:10:10,8.79,0.0,0.0,0,Success,Subscription,Myitkyina,MMK,False
TXN-20240112-0004592,WALL-0003762,MERCH-00249,PM-02,DEV-01,2024-01-12 13:34:47,6.79,0.0136,0.0,0,Success,Subscription,Kuala Lumpur,MMK,False
TXN-20240112-0004593,WALL-0018891,MERCH-00353,PM-01,DEV-04,2024-01-12 12:45:37,21.64,0.0,0.0,2,Success,Bill Payment,Surabaya,IDR,False
TXN-20240112-0004594,WALL-0144170,MERCH-00010,PM-05,DEV-02,2024-01-12 06:07:53,31.44,0.0,0.6287,3,Success,Purchase,Pattaya,THB,False
TXN-20240112-0004595,WALL-0100065,MERCH-00464,PM-01,DEV-02,2024-01-12 11:52:15,198.49,0.0,0.0,19,Success,Payment,Mandalay,MMK,False
TXN-20240112-0004596,WALL-0097980,MERCH-00404,PM-03,DEV-02,2024-01-12 19:08:22,85.13,0.6811,0.0,8,Success,Payment,Kandy,INR,False
TXN-20240112-0004597,WALL-0004172,MERCH-00123,PM-01,DEV-01,2024-01-12 09:16:19,102.16,0.0,0.0,10,Success,Purchase,Kuala Lumpur,MYR,False
TXN-20240112-0004598,WALL-0056731,MERCH-00428,PM-04,DEV-05,2024-01-12 08:08:27,49.56,0.9912,0.0,4,Success,Payment,Phuket,MMK,False
TXN-20240112-0004599,WALL-0138196,MERCH-00348,PM-02,DEV-01,2024-01-12 13:24:03,25.64,0.0513,0.0,2,Success,Bill Payment,Singapore,SGD,False
TXN-20240112-0004600,WALL-0149981,MERCH-00127,PM-02,DEV-01,2024-01-12 15:50:46,65.77,0.1315,0.0,6,Success,Purchase,Phnom Penh,KHR,False
TXN-20240112-0004601,WALL-0050849,MERCH-00390,PM-01,DEV-01,2024-01-12 19:20:53,198.0,0.0,0.0,19,Success,Purchase,Colombo,PHP,False
TXN-20240112-0004602,WALL-0021686,MERCH-00349,PM-02,DEV-02,2024-01-12 06:49:41,61.44,0.1229,0.0,6,Success,Bill Payment,Pattaya,THB,False
TXN-20240112-0004603,WALL-0132507,MERCH-00382,PM-01,DEV-02,2024-01-12 14:52:12,68.47,0.0,0.0,6,Success,Purchase,Yangon,MMK,False
TXN-20240112-0004604,WALL-0049677,MERCH-00011,PM-01,DEV-03,2024-01-12 12:50:43,11.03,0.0,0.2206,1,Success,Purchase,Mandalay,MMK,False
TXN-20240112-0004605,WALL-0069720,MERCH-00023,PM-03,DEV-01,2024-01-12 12:11:25,33.73,0.2698,0.6746,3,Success,Purchase,Mawlamyine,MMK,False
TXN-20240112-0004606,WALL-0005968,MERCH-00074,PM-01,DEV-01,2024-01-12 12:53:24,18.68,0.0,0.3737,1,Success,Purchase,Naypyidaw,MMK,False
TXN-20240112-0004607,WALL-0045832,MERCH-00036,PM-04,DEV-01,2024-01-12 20:42:58,49.73,0.9945,0.9945,4,Success,Purchase,Lahore,PKR,False
TXN-20240112-0004608,WALL-0051251,MERCH-00168,PM-02,DEV-02,2024-01-12 21:44:05,101.09,0.2022,5.0544,10,Success,Purchase,Bali,IDR,False
TXN-20240112-0004609,WALL-0121205,MERCH-00152,PM-03,DEV-03,2024-01-12 18:54:43,113.67,0.9094,5.6837,11,Success,Purchase,Johor Bahru,MYR,False
TXN-20240112-0004610,WALL-0123133,MERCH-00017,PM-04,DEV-02,2024-01-12 19:07:00,37.81,0.7561,0.7561,3,Success,Purchase,Medan,IDR,False
TXN-20240112-0004611,WALL-0086915,MERCH-00010,PM-01,DEV-03,2024-01-12 16:48:20,13.1,0.0,0.2619,1,Success,Purchase,Myitkyina,MMK,False
TXN-20240112-0004612,WALL-0057223,MERCH-00488,PM-04,DEV-01,2024-01-12 20:00:24,425.97,8.5193,0.0,42,Success,Payment,Mandalay,MMK,False
TXN-20240112-0004613,WALL-0046399,MERCH-00329,PM-04,DEV-03,2024-01-12 16:43:34,104.33,2.0867,0.0,10,Success,Bill Payment,Dhaka,BDT,False
TXN-20240112-0004614,WALL-0019974,MERCH-00207,PM-01,DEV-01,2024-01-12 18:01:59,12.71,0.0,0.0,1,Success,Purchase,Taunggyi,MMK,False
TXN-20240112-0004615,WALL-0146529,MERCH-00002,PM-01,DEV-05,2024-01-12 08:12:34,14.64,0.0,0.2927,1,Success,Purchase,Ho Chi Minh City,VND,False
TXN-20240112-0004616,WALL-0124484,MERCH-00060,PM-03,DEV-01,2024-01-12 12:45:51,12.78,0.1022,0.2555,1,Success,Purchase,Taunggyi,MMK,False
TXN-20240112-0004617,WALL-0118283,MERCH-00404,PM-03,DEV-03,2024-01-12 19:12:34,241.17,1.9294,0.0,24,Success,Payment,Pattaya,THB,False
TXN-20240112-0004618,WALL-0076944,MERCH-00071,PM-04,DEV-02,2024-01-12 15:22:40,27.02,0.5405,0.5405,2,Success,Purchase,Siem Reap,KHR,False
TXN-20240112-0004619,WALL-0061552,MERCH-00398,PM-01,DEV-03,2024-01-12 13:57:57,77.86,0.0,0.0,7,Success,Purchase,Pathein,MMK,False
TXN-20240112-0004620,WALL-0114285,MERCH-00262,PM-01,DEV-01,2024-01-12 18:19:43,17.37,0.0,0.0,1,Success,Subscription,Pathein,MMK,False
TXN-20240112-0004621,WALL-0042419,MERCH-00081,PM-01,DEV-02,2024-01-12 14:44:43,59.12,0.0,0.0,5,Success,Purchase,Kuala Lumpur,MYR,False
TXN-20240112-0004622,WALL-0019708,MERCH-00144,PM-03,DEV-03,2024-01-12 13:20:37,111.61,0.8929,5.5806,11,Success,Purchase,Pathein,MMK,False
TXN-20240112-0004623,WALL-0087877,MERCH-00326,PM-02,DEV-01,2024-01-12 15:17:11,66.49,0.133,0.0,6,Success,Bill Payment,Kolkata,INR,False
TXN-20240112-0004624,WALL-0041484,MERCH-00307,PM-01,DEV-02,2024-01-12 16:06:32,653.94,0.0,0.0,0,Reversed,Purchase,Khon Kaen,THB,False
TXN-20240112-0004625,WALL-0005159,MERCH-00402,PM-03,DEV-05,2024-01-12 19:38:03,20.0,0.16,0.0,2,Success,Payment,Bago,MMK,False
TXN-20240112-0004626,WALL-0071004,MERCH-00047,PM-01,DEV-02,2024-01-12 07:03:20,19.33,0.0,0.3866,1,Success,Purchase,Manila,PKR,False
TXN-20240112-0004627,WALL-0065332,MERCH-00376,PM-02,DEV-03,2024-01-12 19:27:32,59.85,0.1197,0.0,5,Success,Purchase,Myitkyina,MMK,False
TXN-20240112-0004628,WALL-0138741,MERCH-00463,PM-03,DEV-01,2024-01-12 10:22:23,1414.08,11.3126,0.0,141,Success,Payment,Yangon,MMK,False
TXN-20240112-0004629,WALL-0000844,MERCH-00051,PM-02,DEV-03,2024-01-12 22:37:31,8.72,0.0174,0.1744,0,Success,Purchase,Taunggyi,MMK,False
TXN-20240112-0004630,WALL-0114398,MERCH-00385,PM-03,DEV-02,2024-01-12 07:47:15,65.75,0.526,0.0,6,Success,Purchase,Quezon City,PHP,False
TXN-20240112-0004631,WALL-0131459,MERCH-00311,PM-01,DEV-01,2024-01-12 08:50:35,91.67,0.0,0.0,9,Success,Bill Payment,Kolkata,THB,False
TXN-20240112-0004632,WALL-0016802,MERCH-00117,PM-02,DEV-03,2024-01-12 23:55:01,54.72,0.1094,0.0,5,Success,Purchase,Medan,IDR,False
TXN-20240112-0004633,WALL-0047111,MERCH-00099,PM-04,DEV-03,2024-01-12 21:16:39,33.74,0.6748,0.0,3,Success,Purchase,Bago,MMK,False
TXN-20240112-0004634,WALL-0061598,MERCH-00284,PM-04,DEV-01,2024-01-12 11:35:56,100.0,2.0,8.0,20,Success,Purchase,Taunggyi,MMK,False
TXN-20240112-0004635,WALL-0024189,MERCH-00045,PM-01,DEV-05,2024-01-12 10:05:50,15.24,0.0,0.3049,1,Success,Purchase,Pokhara,NPR,False
TXN-20240112-0004636,WALL-0014257,MERCH-00008,PM-03,DEV-01,2024-01-12 06:34:24,25.83,0.2066,0.5166,2,Success,Purchase,Myitkyina,MMK,False
TXN-20240112-0004637,WALL-0047738,MERCH-00346,PM-01,DEV-01,2024-01-12 15:42:00,49.47,0.0,0.0,4,Success,Bill Payment,Mumbai,INR,False
TXN-20240112-0004638,WALL-0109876,MERCH-00318,PM-02,DEV-01,2024-01-12 12:09:44,58.79,0.1176,0.0,5,Success,Bill Payment,Singapore,PKR,False
TXN-20240112-0004639,WALL-0040495,MERCH-00080,PM-03,DEV-01,2024-01-12 20:56:02,54.44,0.4355,1.0888,5,Success,Purchase,Quezon City,MMK,False
TXN-20240112-0004640,WALL-0135237,MERCH-00379,PM-02,DEV-01,2024-01-12 21:59:47,46.65,0.0933,0.0,4,Success,Purchase,Pathein,MMK,False
TXN-20240112-0004641,WALL-0039555,MERCH-00074,PM-05,DEV-04,2024-01-12 18:49:05,6.74,0.0,0.1347,0,Success,Purchase,Mawlamyine,MMK,False
TXN-20240112-0004642,WALL-0118829,MERCH-00257,PM-01,DEV-04,2024-01-12 23:58:04,16.83,0.0,0.0,1,Success,Subscription,Khon Kaen,THB,False
TXN-20240112-0004643,WALL-0046213,MERCH-00044,PM-02,DEV-01,2024-01-12 07:23:17,26.29,0.0526,0.0,0,Failed,Purchase,Johor Bahru,MYR,False
TXN-20240112-0004644,WALL-0036389,MERCH-00130,PM-01,DEV-01,2024-01-12 23:21:37,55.22,0.0,0.0,5,Success,Purchase,Bali,IDR,False
TXN-20240112-0004645,WALL-0091075,MERCH-00384,PM-02,DEV-01,2024-01-12 15:25:17,23.55,0.0471,0.0,2,Success,Purchase,Chiang Mai,THB,False
TXN-20240112-0004646,WALL-0128081,MERCH-00179,PM-03,DEV-05,2024-01-12 15:01:54,69.82,0.5586,3.4911,6,Success,Purchase,Islamabad,PKR,False
TXN-20240112-0004647,WALL-0090991,MERCH-00238,PM-01,DEV-01,2024-01-12 18:03:42,21.19,0.0,0.0,2,Success,Subscription,Bandung,IDR,False
TXN-20240112-0004648,WALL-0094512,MERCH-00198,PM-02,DEV-01,2024-01-12 20:56:36,5.56,0.0111,0.0,0,Success,Purchase,Johor Bahru,MYR,False
TXN-20240112-0004649,WALL-0137391,MERCH-00425,PM-01,DEV-01,2024-01-12 21:40:42,54.32,0.0,0.0,5,Success,Payment,Singapore,SGD,False
TXN-20240112-0004650,WALL-0089711,MERCH-00259,PM-04,DEV-01,2024-01-12 21:54:36,39.78,0.7956,0.0,3,Success,Subscription,Myitkyina,MMK,False
TXN-20240112-0004651,WALL-0092659,MERCH-00336,PM-01,DEV-01,2024-01-12 20:11:34,113.83,0.0,0.0,11,Success,Bill Payment,Naypyidaw,MMK,False
TXN-20240112-0004652,WALL-0032163,MERCH-00372,PM-01,DEV-04,2024-01-12 16:44:16,38.49,0.0,0.0,3,Success,Purchase,Naypyidaw,MMK,False
TXN-20240112-0004653,WALL-0090347,MERCH-00391,PM-03,DEV-01,2024-01-12 13:01:24,84.0,0.672,0.0,8,Success,Purchase,Manila,PHP,False
TXN-20240112-0004654,WALL-0026767,MERCH-00087,PM-01,DEV-01,2024-01-12 21:38:17,161.64,0.0,0.0,16,Success,Purchase,Kandy,PHP,False
TXN-20240112-0004655,WALL-0046912,MERCH-00018,PM-05,DEV-01,2024-01-12 19:02:53,53.35,0.0,1.067,5,Success,Purchase,Yangon,MMK,False
TXN-20240112-0004656,WALL-0022194,MERCH-00081,PM-04,DEV-01,2024-01-12 10:00:53,22.89,0.4579,0.0,2,Success,Purchase,Taunggyi,MMK,False
TXN-20240112-0004657,WALL-0131370,MERCH-00292,PM-01,DEV-01,2024-01-12 21:13:23,891.78,0.0,71.3424,178,Success,Purchase,Kuala Lumpur,INR,False
TXN-20240112-0004658,WALL-0031829,MERCH-00188,PM-01,DEV-02,2024-01-12 06:29:29,63.18,0.0,3.1592,6,Success,Purchase,Myitkyina,MMK,False
TXN-20240112-0004659,WALL-0081646,MERCH-00240,PM-03,DEV-01,2024-01-12 08:16:35,66.0,0.528,0.0,6,Success,Subscription,Yangon,MMK,False
TXN-20240112-0004660,WALL-0057651,MERCH-00440,PM-04,DEV-01,2024-01-12 23:24:06,770.14,15.4029,0.0,77,Success,Tax Payment,Taunggyi,MMK,False
TXN-20240112-0004661,WALL-0098078,MERCH-00364,PM-05,DEV-02,2024-01-12 16:51:19,40.17,0.0,0.0,4,Success,Bill Payment,Mawlamyine,MMK,False
TXN-20240112-0004662,WALL-0013079,MERCH-00049,PM-03,DEV-02,2024-01-12 08:46:57,20.53,0.1643,0.4106,2,Success,Purchase,Phuket,IDR,False
TXN-20240112-0004663,WALL-0017895,MERCH-00195,PM-01,DEV-02,2024-01-12 17:08:18,30.9,0.0,0.0,3,Success,Purchase,Yangon,MMK,False
TXN-20240112-0004664,WALL-0127511,MERCH-00104,PM-02,DEV-01,2024-01-12 01:16:26,52.04,0.1041,0.0,5,Success,Purchase,Kolkata,THB,False
TXN-20240112-0004665,WALL-0022022,MERCH-00153,PM-02,DEV-01,2024-01-12 16:14:58,101.35,0.2027,5.0675,10,Success,Purchase,Taunggyi,MMK,False
TXN-20240112-0004666,WALL-0081228,MERCH-00225,PM-03,DEV-02,2024-01-12 00:13:13,8.64,0.0692,0.0,0,Success,Purchase,Quezon City,PHP,False
TXN-20240112-0004667,WALL-0020673,MERCH-00402,PM-04,DEV-01,2024-01-12 15:24:07,279.86,5.5972,0.0,27,Success,Payment,Pune,INR,False
TXN-20240112-0004668,WALL-0129147,MERCH-00322,PM-01,DEV-02,2024-01-12 19:43:07,20.0,0.0,0.0,2,Success,Bill Payment,Bago,MMK,False
TXN-20240112-0004669,WALL-0029693,MERCH-00001,PM-01,DEV-01,2024-01-12 16:44:33,5.0,0.0,0.1,0,Success,Purchase,Penang,MYR,False
TXN-20240112-0004670,WALL-0078993,MERCH-00071,PM-05,DEV-05,2024-01-12 08:55:20,20.4,0.0,0.4079,2,Success,Purchase,Myitkyina,MMK,False
TXN-20240112-0004671,WALL-0073331,MERCH-00204,PM-01,DEV-02,2024-01-12 16:27:32,16.19,0.0,0.0,1,Success,Purchase,Medan,IDR,False
TXN-20240112-0004672,WALL-0085963,MERCH-00122,PM-04,DEV-01,2024-01-12 17:31:22,168.4,3.3679,0.0,16,Success,Purchase,Kuala Lumpur,MYR,False
TXN-20240112-0004673,WALL-0141748,MERCH-00327,PM-03,DEV-03,2024-01-12 13:54:43,45.47,0.3638,0.0,4,Success,Bill Payment,Myitkyina,MMK,False
TXN-20240112-0004674,WALL-0052810,MERCH-00236,PM-01,DEV-03,2024-01-12 09:15:29,34.12,0.0,0.0,3,Success,Subscription,Karachi,PKR,False
TXN-20240112-0004675,WALL-0136378,MERCH-00261,PM-01,DEV-01,2024-01-12 14:09:31,6.07,0.0,0.0,0,Success,Subscription,Quezon City,THB,False
TXN-20240112-0004676,WALL-0124399,MERCH-00435,PM-04,DEV-01,2024-01-12 21:46:53,225.69,4.5137,0.0,22,Success,Tax Payment,Taunggyi,MMK,False
TXN-20240112-0004677,WALL-0112837,MERCH-00277,PM-03,DEV-05,2024-01-12 17:05:01,100.0,0.8,8.0,20,Success,Purchase,Singapore,SGD,False
TXN-20240112-0004678,WALL-0026484,MERCH-00209,PM-04,DEV-05,2024-01-12 14:20:02,7.48,0.1496,0.0,0,Success,Purchase,Ahmedabad,MMK,False
TXN-20240112-0004679,WALL-0005761,MERCH-00430,PM-01,DEV-03,2024-01-12 16:40:14,259.74,0.0,0.0,25,Success,Payment,Pathein,MMK,False
TXN-20240112-0004680,WALL-0103430,MERCH-00032,PM-02,DEV-01,2024-01-12 18:20:27,12.74,0.0255,0.2549,1,Success,Purchase,Yangon,NPR,False
TXN-20240112-0004681,WALL-0037224,MERCH-00368,PM-01,DEV-03,2024-01-12 17:08:43,20.35,0.0,0.0,2,Success,Bill Payment,Myitkyina,MMK,False
TXN-20240112-0004682,WALL-0106757,MERCH-00075,PM-01,DEV-05,2024-01-12 12:33:06,28.01,0.0,0.5602,2,Success,Purchase,Siem Reap,KHR,False
TXN-20240112-0004683,WALL-0064217,MERCH-00349,PM-02,DEV-01,2024-01-12 22:00:31,19.95,0.0399,0.0,1,Success,Bill Payment,Naypyidaw,MMK,False
TXN-20240112-0004684,WALL-0118426,MERCH-00193,PM-04,DEV-01,2024-01-12 19:24:35,12.5,0.2501,0.0,1,Success,Purchase,Islamabad,PKR,False
TXN-20240112-0004685,WALL-0077624,MERCH-00446,PM-01,DEV-01,2024-01-12 17:16:56,193.81,0.0,0.0,19,Success,Tax Payment,Medan,IDR,False
TXN-20240112-0004686,WALL-0086099,MERCH-00357,PM-02,DEV-01,2024-01-12 00:52:10,31.71,0.0634,0.0,3,Success,Bill Payment,Pokhara,BDT,False
TXN-20240112-0004687,WALL-0007694,MERCH-00240,PM-01,DEV-01,2024-01-12 21:56:09,56.04,0.0,0.0,5,Success,Subscription,Hyderabad,MMK,False
TXN-20240112-0004688,WALL-0125107,MERCH-00248,PM-01,DEV-02,2024-01-12 18:02:13,26.99,0.0,0.0,2,Success,Subscription,Naypyidaw,MMK,False
TXN-20240112-0004689,WALL-0105418,MERCH-00279,PM-02,DEV-01,2024-01-12 14:25:23,125.64,0.2513,10.0516,25,Success,Purchase,Davao,PHP,False
TXN-20240112-0004690,WALL-0140488,MERCH-00044,PM-01,DEV-03,2024-01-12 17:10:21,11.67,0.0,0.2333,1,Success,Purchase,Kathmandu,INR,False
TXN-20240112-0004691,WALL-0106744,MERCH-00124,PM-01,DEV-02,2024-01-12 08:10:43,80.15,0.0,0.0,8,Success,Purchase,Hanoi,LKR,False
TXN-20240112-0004692,WALL-0135091,MERCH-00080,PM-05,DEV-02,2024-01-12 03:16:38,33.17,0.0,0.6634,3,Success,Purchase,Pattaya,THB,False
TXN-20240112-0004693,WALL-0008926,MERCH-00473,PM-01,DEV-02,2024-01-12 02:31:46,228.73,0.0,0.0,22,Success,Payment,Kathmandu,NPR,False
TXN-20240112-0004694,WALL-0113161,MERCH-00157,PM-03,DEV-04,2024-01-12 21:05:58,81.52,0.6522,4.0761,8,Success,Purchase,Naypyidaw,MMK,False
TXN-20240112-0004695,WALL-0134963,MERCH-00103,PM-04,DEV-02,2024-01-12 05:51:42,147.06,2.9413,0.0,14,Success,Purchase,Myitkyina,MMK,False
TXN-20240112-0004696,WALL-0058410,MERCH-00141,PM-03,DEV-01,2024-01-12 17:53:44,251.57,2.0126,12.5785,25,Success,Purchase,Khon Kaen,THB,False
TXN-20240112-0004697,WALL-0039849,MERCH-00155,PM-01,DEV-01,2024-01-12 05:11:43,70.87,0.0,0.0,0,Pending,Purchase,Ahmedabad,INR,False
TXN-20240112-0004698,WALL-0148224,MERCH-00228,PM-02,DEV-01,2024-01-12 14:23:37,11.04,0.0221,0.0,1,Success,Purchase,Singapore,SGD,False
TXN-20240112-0004699,WALL-0027570,MERCH-00452,PM-01,DEV-03,2024-01-12 21:18:40,114.8,0.0,0.0,11,Success,Payment,Da Nang,VND,False
TXN-20240112-0004700,WALL-0048301,MERCH-00024,PM-04,DEV-05,2024-01-12 12:18:57,6.44,0.1288,0.1288,0,Success,Purchase,Bandung,IDR,False
TXN-20240112-0004701,WALL-0106059,MERCH-00011,PM-01,DEV-01,2024-01-12 16:39:56,22.45,0.0,0.4489,2,Success,Purchase,Ahmedabad,INR,False
TXN-20240112-0004702,WALL-0008318,MERCH-00220,PM-03,DEV-01,2024-01-12 05:38:53,14.16,0.1133,0.0,0,Pending,Purchase,Mandalay,MMK,False
TXN-20240112-0004703,WALL-0129376,MERCH-00008,PM-04,DEV-01,2024-01-12 13:46:06,11.48,0.2296,0.2296,1,Success,Purchase,Pathein,MMK,False
TXN-20240112-0004704,WALL-0115199,MERCH-00364,PM-01,DEV-01,2024-01-12 07:14:05,15.42,0.0,0.0,1,Success,Bill Payment,Ahmedabad,INR,False
TXN-20240112-0004705,WALL-0102453,MERCH-00445,PM-01,DEV-03,2024-01-12 04:55:58,61.75,0.0,0.0,6,Success,Tax Payment,Johor Bahru,MYR,False
TXN-20240112-0004706,WALL-0109578,MERCH-00049,PM-02,DEV-01,2024-01-12 12:28:33,31.9,0.0638,0.6379,3,Success,Purchase,Manila,PHP,False
TXN-20240112-0004707,WALL-0136313,MERCH-00470,PM-03,DEV-02,2024-01-12 16:45:17,153.6,1.2288,0.0,15,Success,Payment,Cebu City,PHP,False
TXN-20240112-0004708,WALL-0134382,MERCH-00260,PM-03,DEV-05,2024-01-12 04:59:25,13.54,0.1084,0.0,1,Success,Subscription,Bandung,IDR,False
TXN-20240112-0004709,WALL-0121515,MERCH-00003,PM-01,DEV-02,2024-01-12 03:00:59,26.98,0.0,0.5395,2,Success,Purchase,Bangalore,MMK,False
TXN-20240112-0004710,WALL-0083302,MERCH-00035,PM-01,DEV-01,2024-01-12 19:40:14,5.56,0.0,0.1111,0,Success,Purchase,Chennai,INR,False
TXN-20240112-0004711,WALL-0094888,MERCH-00365,PM-01,DEV-01,2024-01-12 18:17:43,56.92,0.0,0.0,5,Success,Bill Payment,Mumbai,INR,False
TXN-20240112-0004712,WALL-0017351,MERCH-00050,PM-02,DEV-03,2024-01-12 19:04:05,8.21,0.0164,0.1641,0,Success,Purchase,Mawlamyine,MMK,False
TXN-20240112-0004713,WALL-0121065,MERCH-00186,PM-04,DEV-01,2024-01-12 10:59:25,62.92,1.2584,3.1461,6,Success,Purchase,Johor Bahru,PKR,False
TXN-20240112-0004714,WALL-0072441,MERCH-00445,PM-01,DEV-01,2024-01-12 06:07:50,593.34,0.0,0.0,59,Success,Tax Payment,Pathein,MMK,False
TXN-20240112-0004715,WALL-0111004,MERCH-00227,PM-02,DEV-02,2024-01-12 17:44:52,5.0,0.01,0.0,0,Success,Purchase,Bangkok,THB,False
TXN-20240112-0004716,WALL-0064203,MERCH-00093,PM-04,DEV-02,2024-01-12 17:41:26,30.8,0.616,0.0,3,Success,Purchase,Singapore,SGD,False
TXN-20240112-0004717,WALL-0136513,MERCH-00423,PM-01,DEV-03,2024-01-12 07:17:16,464.29,0.0,0.0,46,Success,Payment,Siem Reap,KHR,False
TXN-20240112-0004718,WALL-0018721,MERCH-00173,PM-02,DEV-02,2024-01-12 19:26:21,1143.89,2.2878,57.1946,114,Success,Purchase,Phnom Penh,KHR,False
TXN-20240112-0004719,WALL-0114517,MERCH-00218,PM-04,DEV-02,2024-01-12 09:25:05,21.78,0.4356,0.0,2,Success,Purchase,Myitkyina,MMK,False
TXN-20240112-0004720,WALL-0030959,MERCH-00172,PM-05,DEV-01,2024-01-12 19:59:48,217.43,0.0,0.0,0,Pending,Purchase,Da Nang,VND,False
TXN-20240112-0004721,WALL-0059962,MERCH-00135,PM-02,DEV-03,2024-01-12 10:39:55,70.44,0.1409,3.5222,7,Success,Purchase,Mandalay,MMK,False
TXN-20240112-0004722,WALL-0081259,MERCH-00227,PM-02,DEV-03,2024-01-12 13:11:20,29.8,0.0596,0.0,2,Success,Purchase,Karachi,PKR,False
TXN-20240112-0004723,WALL-0147175,MERCH-00366,PM-03,DEV-02,2024-01-12 16:44:54,31.34,0.2507,0.0,3,Success,Bill Payment,Pattaya,THB,False
TXN-20240112-0004724,WALL-0073497,MERCH-00042,PM-03,DEV-04,2024-01-12 14:08:02,16.69,0.1335,0.3338,1,Success,Purchase,Naypyidaw,MMK,False
TXN-20240112-0004725,WALL-0015092,MERCH-00445,PM-04,DEV-03,2024-01-12 16:07:46,110.01,2.2002,0.0,11,Success,Tax Payment,Pune,INR,False
TXN-20240112-0004726,WALL-0133735,MERCH-00164,PM-04,DEV-01,2024-01-12 19:29:29,76.75,1.535,3.8375,7,Success,Purchase,Bangkok,THB,False
TXN-20240112-0004727,WALL-0042037,MERCH-00180,PM-03,DEV-02,2024-01-12 21:57:00,43.75,0.35,2.1877,4,Success,Purchase,Singapore,VND,False
TXN-20240112-0004728,WALL-0001099,MERCH-00354,PM-02,DEV-01,2024-01-12 18:47:13,24.53,0.0491,0.0,2,Success,Bill Payment,Siem Reap,KHR,False
TXN-20240112-0004729,WALL-0015535,MERCH-00337,PM-04,DEV-01,2024-01-12 06:26:54,90.14,1.8028,0.0,9,Success,Bill Payment,Naypyidaw,MMK,False
TXN-20240112-0004730,WALL-0066174,MERCH-00175,PM-02,DEV-01,2024-01-12 13:41:43,321.91,0.6438,16.0957,32,Success,Purchase,Myitkyina,MMK,False
TXN-20240112-0004731,WALL-0039690,MERCH-00415,PM-01,DEV-01,2024-01-12 15:51:22,86.44,0.0,0.0,8,Success,Payment,Jakarta,THB,False
TXN-20240112-0004732,WALL-0007939,MERCH-00244,PM-04,DEV-01,2024-01-12 12:09:59,9.39,0.1878,0.0,0,Success,Subscription,Mandalay,MMK,False
TXN-20240112-0004733,WALL-0094653,MERCH-00011,PM-01,DEV-02,2024-01-12 13:00:41,70.26,0.0,1.4052,7,Success,Purchase,Mawlamyine,MMK,False
TXN-20240112-0004734,WALL-0108216,MERCH-00409,PM-01,DEV-02,2024-01-12 20:55:46,21.17,0.0,0.0,2,Success,Payment,Karachi,PKR,False
TXN-20240112-0004735,WALL-0007109,MERCH-00242,PM-02,DEV-03,2024-01-12 07:16:43,9.32,0.0186,0.0,0,Success,Subscription,Mumbai,MMK,False
TXN-20240112-0004736,WALL-0009635,MERCH-00059,PM-04,DEV-01,2024-01-12 08:13:41,29.43,0.5887,0.5887,2,Success,Purchase,Mawlamyine,MMK,False
TXN-20240112-0004737,WALL-0127033,MERCH-00196,PM-04,DEV-01,2024-01-12 18:39:51,9.74,0.1947,0.0,0,Success,Purchase,Bago,MMK,False
TXN-20240112-0004738,WALL-0083084,MERCH-00003,PM-02,DEV-05,2024-01-12 20:12:05,23.75,0.0475,0.475,2,Success,Purchase,Bago,MMK,False
TXN-20240112-0004739,WALL-0028114,MERCH-00172,PM-01,DEV-01,2024-01-12 04:09:20,93.13,0.0,4.6565,9,Success,Purchase,Siem Reap,KHR,False
TXN-20240112-0004740,WALL-0144402,MERCH-00019,PM-01,DEV-01,2024-01-12 00:46:18,10.52,0.0,0.2104,1,Success,Purchase,Pathein,MMK,False
TXN-20240112-0004741,WALL-0110948,MERCH-00213,PM-01,DEV-01,2024-01-12 20:58:15,15.75,0.0,0.0,1,Success,Purchase,Taunggyi,MMK,False
TXN-20240112-0004742,WALL-0020188,MERCH-00048,PM-05,DEV-03,2024-01-12 13:32:35,75.89,0.0,1.5179,7,Success,Purchase,Mawlamyine,MMK,False
TXN-20240112-0004743,WALL-0019436,MERCH-00164,PM-01,DEV-03,2024-01-12 13:29:51,385.94,0.0,19.2971,38,Success,Purchase,Naypyidaw,MMK,False
TXN-20240112-0004744,WALL-0141677,MERCH-00228,PM-01,DEV-01,2024-01-12 13:16:06,19.6,0.0,0.0,1,Success,Purchase,Hyderabad,INR,False
TXN-20240112-0004745,WALL-0113611,MERCH-00053,PM-03,DEV-03,2024-01-12 12:20:27,62.02,0.4962,1.2405,6,Success,Purchase,Islamabad,PKR,False
TXN-20240112-0004746,WALL-0113273,MERCH-00444,PM-01,DEV-02,2024-01-12 18:00:34,380.06,0.0,0.0,38,Success,Tax Payment,Bali,IDR,False
TXN-20240112-0004747,WALL-0017332,MERCH-00446,PM-02,DEV-01,2024-01-12 14:27:05,91.02,0.182,0.0,9,Success,Tax Payment,Bali,IDR,False
TXN-20240112-0004748,WALL-0139442,MERCH-00375,PM-01,DEV-01,2024-01-12 19:59:21,66.09,0.0,0.0,6,Success,Purchase,Yangon,MMK,False
TXN-20240112-0004749,WALL-0148735,MERCH-00424,PM-03,DEV-01,2024-01-12 21:07:53,26.73,0.2138,0.0,2,Success,Payment,Yangon,MMK,False
TXN-20240112-0004750,WALL-0043513,MERCH-00153,PM-04,DEV-02,2024-01-12 16:52:38,582.39,11.6477,29.1193,58,Success,Purchase,Jaipur,INR,False
TXN-20240112-0004751,WALL-0029880,MERCH-00226,PM-02,DEV-02,2024-01-12 08:31:10,11.58,0.0232,0.0,1,Success,Purchase,Mandalay,MMK,False
TXN-20240112-0004752,WALL-0117347,MERCH-00041,PM-01,DEV-03,2024-01-12 16:13:18,13.94,0.0,0.2788,1,Success,Purchase,Bago,MMK,False
TXN-20240112-0004753,WALL-0102164,MERCH-00467,PM-01,DEV-02,2024-01-12 03:35:44,249.31,0.0,0.0,24,Success,Payment,Kandy,MMK,False
TXN-20240112-0004754,WALL-0027078,MERCH-00195,PM-01,DEV-02,2024-01-12 01:23:33,12.99,0.0,0.0,1,Success,Purchase,Manila,PHP,False
TXN-20240112-0004755,WALL-0078099,MERCH-00120,PM-02,DEV-03,2024-01-12 01:54:39,49.54,0.0991,0.0,4,Success,Purchase,Pathein,MMK,False
TXN-20240112-0004756,WALL-0130010,MERCH-00311,PM-03,DEV-01,2024-01-12 03:53:38,33.13,0.2651,0.0,3,Success,Bill Payment,Kandy,LKR,False
TXN-20240112-0004757,WALL-0057346,MERCH-00115,PM-03,DEV-02,2024-01-12 17:59:39,32.28,0.2582,0.0,3,Success,Purchase,Da Nang,VND,False
TXN-20240112-0004758,WALL-0024708,MERCH-00476,PM-05,DEV-02,2024-01-12 18:23:18,202.97,0.0,0.0,20,Success,Payment,Jaipur,INR,False
TXN-20240112-0004759,WALL-0050538,MERCH-00159,PM-01,DEV-01,2024-01-12 18:47:31,165.12,0.0,8.2558,16,Success,Purchase,Kolkata,INR,False
TXN-20240112-0004760,WALL-0126572,MERCH-00241,PM-02,DEV-01,2024-01-12 06:14:53,35.09,0.0702,0.0,3,Success,Subscription,Mumbai,INR,False
TXN-20240112-0004761,WALL-0033472,MERCH-00006,PM-04,DEV-03,2024-01-12 14:19:45,7.09,0.1417,0.1417,0,Success,Purchase,Mandalay,MMK,False
TXN-20240112-0004762,WALL-0033587,MERCH-00202,PM-02,DEV-01,2024-01-12 15:04:22,7.2,0.0144,0.0,0,Success,Purchase,Phuket,THB,False
TXN-20240112-0004763,WALL-0138407,MERCH-00420,PM-02,DEV-01,2024-01-12 14:13:15,80.84,0.1617,0.0,8,Success,Payment,Mawlamyine,MMK,False
TXN-20240112-0004764,WALL-0031214,MERCH-00084,PM-03,DEV-02,2024-01-12 17:40:04,60.99,0.4879,0.0,6,Success,Purchase,Mawlamyine,MMK,False
TXN-20240112-0004765,WALL-0096413,MERCH-00103,PM-03,DEV-03,2024-01-12 20:23:07,48.77,0.3902,0.0,4,Success,Purchase,Johor Bahru,MYR,False
TXN-20240112-0004766,WALL-0147394,MERCH-00221,PM-05,DEV-01,2024-01-12 14:24:05,12.23,0.0,0.0,1,Success,Purchase,Islamabad,PKR,False
TXN-20240112-0004767,WALL-0073820,MERCH-00028,PM-01,DEV-02,2024-01-12 12:38:07,10.04,0.0,0.2008,1,Success,Purchase,Yangon,MMK,False
TXN-20240112-0004768,WALL-0093398,MERCH-00222,PM-03,DEV-01,2024-01-12 23:04:56,47.36,0.3789,0.0,4,Success,Purchase,Taunggyi,MMK,False
TXN-20240112-0004769,WALL-0016026,MERCH-00009,PM-02,DEV-01,2024-01-12 18:21:44,16.59,0.0332,0.3318,1,Success,Purchase,Karachi,MMK,False
TXN-20240112-0004770,WALL-0001360,MERCH-00083,PM-01,DEV-01,2024-01-12 13:13:54,136.35,0.0,0.0,13,Success,Purchase,Phuket,THB,False
TXN-20240112-0004771,WALL-0019675,MERCH-00165,PM-01,DEV-01,2024-01-12 18:56:38,20.0,0.0,1.0,2,Success,Purchase,Ho Chi Minh City,VND,False
TXN-20240112-0004772,WALL-0004114,MERCH-00257,PM-04,DEV-01,2024-01-12 15:03:05,6.75,0.1351,0.0,0,Success,Subscription,Quezon City,PHP,False
TXN-20240112-0004773,WALL-0047920,MERCH-00047,PM-01,DEV-05,2024-01-12 12:56:41,11.45,0.0,0.2291,1,Success,Purchase,Pathein,MMK,False
TXN-20240112-0004774,WALL-0117204,MERCH-00139,PM-02,DEV-01,2024-01-12 20:18:04,101.5,0.203,5.0749,10,Success,Purchase,Naypyidaw,MMK,False
TXN-20240112-0004775,WALL-0073044,MERCH-00114,PM-02,DEV-02,2024-01-12 07:23:06,17.3,0.0346,0.0,1,Success,Purchase,Davao,PHP,False
TXN-20240112-0004776,WALL-0110207,MERCH-00208,PM-04,DEV-02,2024-01-12 06:51:55,8.66,0.1733,0.0,0,Success,Purchase,Taunggyi,MMK,False
TXN-20240112-0004777,WALL-0081943,MERCH-00199,PM-02,DEV-03,2024-01-12 10:27:58,37.26,0.0745,0.0,3,Success,Purchase,Naypyidaw,MMK,False
TXN-20240112-0004778,WALL-0030881,MERCH-00315,PM-05,DEV-01,2024-01-12 20:30:33,25.32,0.0,0.0,2,Success,Bill Payment,Ho Chi Minh City,MMK,False
TXN-20240112-0004779,WALL-0099490,MERCH-00308,PM-05,DEV-01,2024-01-12 20:05:32,151.66,0.0,12.133,30,Success,Purchase,Penang,MYR,False
TXN-20240112-0004780,WALL-0149094,MERCH-00236,PM-01,DEV-03,2024-01-12 21:18:55,17.7,0.0,0.0,1,Success,Subscription,Dhaka,BDT,False
TXN-20240112-0004781,WALL-0077738,MERCH-00011,PM-01,DEV-02,2024-01-12 15:03:23,19.06,0.0,0.3812,1,Success,Purchase,Cebu City,PHP,False
TXN-20240112-0004782,WALL-0051324,MERCH-00496,PM-04,DEV-01,2024-01-12 14:58:07,319.88,6.3975,0.0,31,Success,Payment,Singapore,SGD,False
TXN-20240112-0004783,WALL-0070715,MERCH-00416,PM-02,DEV-01,2024-01-12 18:11:51,20.0,0.04,0.0,2,Success,Payment,Mandalay,MMK,False
TXN-20240112-0004784,WALL-0147972,MERCH-00336,PM-04,DEV-01,2024-01-12 11:55:11,244.04,4.8808,0.0,24,Success,Bill Payment,Ho Chi Minh City,VND,False
TXN-20240112-0004785,WALL-0032992,MERCH-00191,PM-02,DEV-02,2024-01-12 12:54:52,15.54,0.0311,0.0,1,Success,Purchase,Chennai,INR,False
TXN-20240112-0004786,WALL-0006014,MERCH-00384,PM-01,DEV-01,2024-01-12 21:59:16,84.0,0.0,0.0,8,Success,Purchase,Kolkata,INR,False
TXN-20240112-0004787,WALL-0057490,MERCH-00002,PM-05,DEV-01,2024-01-12 15:51:33,40.92,0.0,0.8184,4,Success,Purchase,Mandalay,MMK,False
TXN-20240112-0004788,WALL-0054019,MERCH-00331,PM-04,DEV-01,2024-01-12 15:35:08,141.59,2.8317,0.0,14,Success,Bill Payment,Bago,MMK,False
TXN-20240112-0004789,WALL-0099535,MERCH-00248,PM-01,DEV-01,2024-01-12 09:14:58,5.0,0.0,0.0,0,Success,Subscription,Medan,IDR,False
TXN-20240112-0004790,WALL-0103579,MERCH-00217,PM-02,DEV-01,2024-01-12 06:12:25,19.72,0.0394,0.0,1,Success,Purchase,Ahmedabad,INR,False
TXN-20240112-0004791,WALL-0042039,MERCH-00098,PM-02,DEV-03,2024-01-12 10:49:02,22.4,0.0448,0.0,2,Success,Purchase,Bangkok,THB,False
TXN-20240112-0004792,WALL-0113521,MERCH-00195,PM-03,DEV-02,2024-01-12 19:40:03,21.03,0.1682,0.0,2,Success,Purchase,Da Nang,MMK,False
TXN-20240112-0004793,WALL-0059658,MERCH-00152,PM-02,DEV-03,2024-01-12 16:00:50,137.73,0.2755,6.8866,13,Success,Purchase,Myitkyina,MMK,False
TXN-20240112-0004794,WALL-0068619,MERCH-00262,PM-01,DEV-02,2024-01-12 14:20:52,34.69,0.0,0.0,3,Success,Subscription,Naypyidaw,MMK,False
TXN-20240112-0004795,WALL-0103614,MERCH-00088,PM-03,DEV-03,2024-01-12 19:01:52,38.83,0.3106,0.0,3,Success,Purchase,Phnom Penh,MMK,False
TXN-20240112-0004796,WALL-0023163,MERCH-00308,PM-01,DEV-01,2024-01-12 16:35:42,821.29,0.0,65.7032,164,Success,Purchase,Mandalay,MMK,False
TXN-20240112-0004797,WALL-0018540,MERCH-00047,PM-01,DEV-01,2024-01-12 19:15:22,21.94,0.0,0.4387,2,Success,Purchase,Pattaya,THB,False
TXN-20240112-0004798,WALL-0130414,MERCH-00170,PM-01,DEV-04,2024-01-12 11:50:00,266.62,0.0,13.3308,26,Success,Purchase,Penang,MYR,False
TXN-20240112-0004799,WALL-0038996,MERCH-00480,PM-01,DEV-03,2024-01-12 11:41:32,208.88,0.0,0.0,20,Success,Payment,Mumbai,INR,False
TXN-20240112-0004800,WALL-0004074,MERCH-00325,PM-01,DEV-01,2024-01-12 03:07:32,53.47,0.0,0.0,5,Success,Bill Payment,Ho Chi Minh City,VND,False
TXN-20240112-0004801,WALL-0078277,MERCH-00377,PM-01,DEV-03,2024-01-12 05:21:18,28.36,0.0,0.0,2,Success,Purchase,Siem Reap,KHR,False
TXN-20240112-0004802,WALL-0028133,MERCH-00363,PM-01,DEV-01,2024-01-12 15:47:34,56.55,0.0,0.0,5,Success,Bill Payment,Islamabad,MMK,False
TXN-20240112-0004803,WALL-0044789,MERCH-00134,PM-02,DEV-01,2024-01-12 15:27:56,65.66,0.1313,3.2832,6,Success,Purchase,Jakarta,IDR,False
TXN-20240112-0004804,WALL-0025165,MERCH-00324,PM-03,DEV-01,2024-01-12 20:31:27,45.78,0.3662,0.0,4,Success,Bill Payment,Cebu City,MMK,False
TXN-20240112-0004805,WALL-0031067,MERCH-00331,PM-02,DEV-01,2024-01-12 14:41:43,107.74,0.2155,0.0,10,Success,Bill Payment,Hyderabad,MMK,False
TXN-20240112-0004806,WALL-0045515,MERCH-00020,PM-02,DEV-04,2024-01-12 17:00:27,31.3,0.0626,0.6259,3,Success,Purchase,Singapore,SGD,False
TXN-20240112-0004807,WALL-0094935,MERCH-00189,PM-01,DEV-01,2024-01-12 00:47:16,20.0,0.0,1.0,2,Success,Purchase,Hanoi,VND,False
TXN-20240112-0004808,WALL-0146681,MERCH-00279,PM-04,DEV-02,2024-01-12 12:11:59,235.74,4.7148,18.859,47,Success,Purchase,Hanoi,VND,False
TXN-20240112-0004809,WALL-0024761,MERCH-00121,PM-03,DEV-01,2024-01-12 09:42:52,19.18,0.1534,0.0,1,Success,Purchase,Ho Chi Minh City,VND,False
TXN-20240112-0004810,WALL-0143927,MERCH-00036,PM-01,DEV-01,2024-01-12 11:19:22,13.07,0.0,0.2614,1,Success,Purchase,Yangon,MMK,False
TXN-20240112-0004811,WALL-0138149,MERCH-00244,PM-01,DEV-01,2024-01-12 22:33:12,29.48,0.0,0.0,2,Success,Subscription,Mandalay,MMK,False
TXN-20240112-0004812,WALL-0117371,MERCH-00023,PM-03,DEV-03,2024-01-12 21:33:42,35.49,0.284,0.7099,3,Success,Purchase,Taunggyi,MMK,False
TXN-20240112-0004813,WALL-0127425,MERCH-00197,PM-01,DEV-01,2024-01-12 16:30:19,14.42,0.0,0.0,1,Success,Purchase,Mawlamyine,MMK,False
TXN-20240112-0004814,WALL-0022187,MERCH-00009,PM-01,DEV-01,2024-01-12 18:44:37,60.0,0.0,1.2,6,Success,Purchase,Taunggyi,MMK,False
TXN-20240112-0004815,WALL-0068885,MERCH-00319,PM-04,DEV-01,2024-01-12 19:17:20,122.79,2.4559,0.0,12,Success,Bill Payment,Phuket,THB,False
TXN-20240112-0004816,WALL-0021710,MERCH-00417,PM-02,DEV-01,2024-01-12 10:09:52,97.11,0.1942,0.0,9,Success,Payment,Surabaya,IDR,False
TXN-20240112-0004817,WALL-0080097,MERCH-00112,PM-01,DEV-03,2024-01-12 18:04:37,50.29,0.0,0.0,5,Success,Purchase,Bago,MMK,False
TXN-20240112-0004818,WALL-0054184,MERCH-00020,PM-02,DEV-01,2024-01-12 18:55:12,30.25,0.0605,0.6049,3,Success,Purchase,Mandalay,MMK,False
TXN-20240112-0004819,WALL-0052738,MERCH-00419,PM-05,DEV-01,2024-01-12 07:52:52,186.93,0.0,0.0,18,Success,Payment,Lahore,PKR,False
TXN-20240112-0004820,WALL-0036625,MERCH-00219,PM-02,DEV-01,2024-01-12 21:20:53,6.69,0.0134,0.0,0,Success,Purchase,Mawlamyine,MMK,False
TXN-20240112-0004821,WALL-0003985,MERCH-00298,PM-04,DEV-01,2024-01-12 16:46:59,3000.0,60.0,240.0,600,Success,Purchase,Phuket,MMK,False
TXN-20240112-0004822,WALL-0050460,MERCH-00391,PM-03,DEV-02,2024-01-12 12:39:04,119.73,0.9578,0.0,11,Success,Purchase,Mawlamyine,MMK,False
TXN-20240112-0004823,WALL-0118330,MERCH-00397,PM-01,DEV-02,2024-01-12 14:15:52,46.26,0.0,0.0,4,Success,Purchase,Siem Reap,INR,False
TXN-20240112-0004824,WALL-0028061,MERCH-00130,PM-04,DEV-02,2024-01-12 14:40:00,24.89,0.4978,0.0,2,Success,Purchase,Colombo,LKR,False
TXN-20240112-0004825,WALL-0064338,MERCH-00004,PM-01,DEV-02,2024-01-12 14:48:41,7.72,0.0,0.1544,0,Success,Purchase,Chittagong,BDT,False
TXN-20240112-0004826,WALL-0034995,MERCH-00390,PM-01,DEV-03,2024-01-12 12:55:07,38.97,0.0,0.0,3,Success,Purchase,Yangon,MMK,False
TXN-20240112-0004827,WALL-0042727,MERCH-00003,PM-04,DEV-04,2024-01-12 13:05:07,24.05,0.481,0.481,2,Success,Purchase,Myitkyina,MMK,False
TXN-20240112-0004828,WALL-0131387,MERCH-00149,PM-01,DEV-01,2024-01-12 21:15:17,28.12,0.0,1.406,2,Success,Purchase,Ho Chi Minh City,INR,False
TXN-20240112-0004829,WALL-0105170,MERCH-00208,PM-03,DEV-01,2024-01-12 09:16:36,12.31,0.0985,0.0,1,Success,Purchase,Siem Reap,KHR,False
TXN-20240112-0004830,WALL-0126624,MERCH-00062,PM-04,DEV-02,2024-01-12 13:37:10,13.51,0.2702,0.2702,1,Success,Purchase,Bago,MYR,False
TXN-20240112-0004831,WALL-0129340,MERCH-00496,PM-03,DEV-01,2024-01-12 18:05:01,1100.5,8.804,0.0,110,Success,Payment,Pathein,MMK,False
TXN-20240112-0004832,WALL-0115372,MERCH-00363,PM-05,DEV-01,2024-01-12 05:02:22,35.52,0.0,0.0,3,Success,Bill Payment,Hyderabad,IDR,True
TXN-20240112-0004833,WALL-0090039,MERCH-00385,PM-01,DEV-01,2024-01-12 10:47:09,66.01,0.0,0.0,6,Success,Purchase,Myitkyina,MMK,False
TXN-20240112-0004834,WALL-0047922,MERCH-00211,PM-01,DEV-01,2024-01-12 12:13:19,18.53,0.0,0.0,1,Success,Purchase,Mawlamyine,MMK,False
TXN-20240112-0004835,WALL-0040168,MERCH-00056,PM-05,DEV-03,2024-01-12 12:13:41,23.59,0.0,0.4717,2,Success,Purchase,Naypyidaw,MMK,False
TXN-20240112-0004836,WALL-0067497,MERCH-00006,PM-04,DEV-01,2024-01-12 07:35:43,42.0,0.84,0.84,4,Success,Purchase,Hyderabad,LKR,False
TXN-20240112-0004837,WALL-0085305,MERCH-00021,PM-01,DEV-04,2024-01-12 17:15:30,27.42,0.0,0.5483,2,Success,Purchase,Chiang Mai,THB,False
TXN-20240112-0004838,WALL-0079020,MERCH-00440,PM-03,DEV-03,2024-01-12 08:50:26,350.7,2.8056,0.0,35,Success,Tax Payment,Ahmedabad,INR,False
TXN-20240112-0004839,WALL-0138364,MERCH-00007,PM-01,DEV-01,2024-01-12 23:22:01,10.75,0.0,0.215,1,Success,Purchase,Kathmandu,NPR,False
TXN-20240112-0004840,WALL-0025338,MERCH-00035,PM-01,DEV-04,2024-01-12 14:50:15,14.96,0.0,0.2992,1,Success,Purchase,Naypyidaw,MMK,False
TXN-20240112-0004841,WALL-0099541,MERCH-00262,PM-05,DEV-01,2024-01-12 18:48:09,17.62,0.0,0.0,1,Success,Subscription,Myitkyina,MMK,False
TXN-20240112-0004842,WALL-0074564,MERCH-00045,PM-04,DEV-04,2024-01-12 20:22:30,14.5,0.2899,0.2899,1,Success,Purchase,Manila,PHP,False
TXN-20240112-0004843,WALL-0119267,MERCH-00039,PM-01,DEV-01,2024-01-12 12:19:39,31.83,0.0,0.6366,3,Success,Purchase,Naypyidaw,MMK,False
TXN-20240112-0004844,WALL-0029524,MERCH-00198,PM-02,DEV-05,2024-01-12 19:29:44,12.21,0.0244,0.0,1,Success,Purchase,Dhaka,BDT,False
TXN-20240112-0004845,WALL-0073198,MERCH-00113,PM-02,DEV-01,2024-01-12 17:05:18,75.21,0.1504,0.0,7,Success,Purchase,Khon Kaen,MMK,False
TXN-20240112-0004846,WALL-0064998,MERCH-00075,PM-01,DEV-02,2024-01-12 09:55:29,15.72,0.0,0.3143,1,Success,Purchase,Quezon City,PHP,False
TXN-20240112-0004847,WALL-0019341,MERCH-00148,PM-01,DEV-04,2024-01-12 17:37:42,184.93,0.0,9.2464,18,Success,Purchase,Pattaya,IDR,False
TXN-20240112-0004848,WALL-0129945,MERCH-00203,PM-01,DEV-01,2024-01-12 21:12:41,5.65,0.0,0.0,0,Success,Purchase,Islamabad,PKR,False
TXN-20240112-0004849,WALL-0007922,MERCH-00028,PM-02,DEV-01,2024-01-12 15:02:26,28.77,0.0575,0.5753,2,Success,Purchase,Islamabad,PKR,False
TXN-20240112-0004850,WALL-0126427,MERCH-00228,PM-03,DEV-04,2024-01-12 06:06:00,6.88,0.0551,0.0,0,Success,Purchase,Pokhara,NPR,False
TXN-20240112-0004851,WALL-0111154,MERCH-00036,PM-04,DEV-03,2024-01-12 21:05:05,14.66,0.2932,0.2932,1,Success,Purchase,Lahore,PKR,False
TXN-20240112-0004852,WALL-0022998,MERCH-00307,PM-01,DEV-01,2024-01-12 16:56:00,210.71,0.0,16.857,42,Success,Purchase,Lahore,PKR,False
TXN-20240112-0004853,WALL-0080993,MERCH-00382,PM-02,DEV-01,2024-01-12 05:50:43,36.56,0.0731,0.0,3,Success,Purchase,Pokhara,NPR,False
TXN-20240112-0004854,WALL-0034082,MERCH-00006,PM-04,DEV-01,2024-01-12 09:39:05,12.3,0.246,0.246,1,Success,Purchase,Phnom Penh,KHR,False
TXN-20240112-0004855,WALL-0049414,MERCH-00362,PM-01,DEV-01,2024-01-12 04:07:34,35.41,0.0,0.0,3,Success,Bill Payment,Pune,INR,False
TXN-20240112-0004856,WALL-0106036,MERCH-00314,PM-04,DEV-01,2024-01-12 14:37:55,87.36,1.7472,0.0,8,Success,Bill Payment,Phnom Penh,KHR,False
TXN-20240112-0004857,WALL-0108530,MERCH-00215,PM-02,DEV-02,2024-01-12 15:28:59,17.11,0.0342,0.0,1,Success,Purchase,Myitkyina,MMK,False
TXN-20240112-0004858,WALL-0061624,MERCH-00145,PM-04,DEV-01,2024-01-12 11:18:34,31.35,0.6271,1.5677,3,Success,Purchase,Kandy,SGD,False
TXN-20240112-0004859,WALL-0025248,MERCH-00286,PM-01,DEV-01,2024-01-12 13:33:24,3116.36,0.0,249.3087,623,Success,Purchase,Phuket,THB,False
TXN-20240112-0004860,WALL-0049472,MERCH-00008,PM-04,DEV-02,2024-01-12 11:22:09,20.03,0.4006,0.4006,2,Success,Purchase,Yangon,MMK,False
TXN-20240112-0004861,WALL-0064851,MERCH-00068,PM-01,DEV-01,2024-01-12 13:57:04,32.7,0.0,0.6541,3,Success,Purchase,Penang,MYR,False
TXN-20240112-0004862,WALL-0013629,MERCH-00175,PM-01,DEV-01,2024-01-12 18:19:01,20.0,0.0,1.0,2,Success,Purchase,Kuala Lumpur,INR,False
TXN-20240112-0004863,WALL-0124513,MERCH-00067,PM-05,DEV-03,2024-01-12 03:29:55,25.5,0.0,0.51,2,Success,Purchase,Pathein,MMK,False
TXN-20240112-0004864,WALL-0127532,MERCH-00125,PM-01,DEV-01,2024-01-12 18:18:08,46.82,0.0,0.0,4,Success,Purchase,Naypyidaw,MMK,False
TXN-20240112-0004865,WALL-0130395,MERCH-00130,PM-04,DEV-03,2024-01-12 16:44:40,82.99,1.6599,0.0,8,Success,Purchase,Cebu City,PHP,False
TXN-20240112-0004866,WALL-0077959,MERCH-00174,PM-01,DEV-02,2024-01-12 05:27:13,69.67,0.0,3.4834,6,Success,Purchase,Naypyidaw,MMK,False
TXN-20240112-0004867,WALL-0108497,MERCH-00054,PM-03,DEV-02,2024-01-12 18:10:52,14.74,0.1179,0.2948,1,Success,Purchase,Khon Kaen,THB,False
TXN-20240112-0004868,WALL-0000512,MERCH-00311,PM-02,DEV-01,2024-01-12 16:46:19,108.85,0.2177,0.0,10,Success,Bill Payment,Bago,MMK,False
TXN-20240112-0004869,WALL-0000839,MERCH-00050,PM-03,DEV-03,2024-01-12 11:11:55,9.55,0.0764,0.1909,0,Success,Purchase,Taunggyi,MMK,False
TXN-20240112-0004870,WALL-0126281,MERCH-00432,PM-04,DEV-01,2024-01-12 21:23:20,149.03,2.9806,0.0,14,Success,Tax Payment,Taunggyi,MMK,False
TXN-20240112-0004871,WALL-0127970,MERCH-00327,PM-02,DEV-04,2024-01-12 07:18:46,31.55,0.0631,0.0,3,Success,Bill Payment,Lahore,PKR,False
TXN-20240112-0004872,WALL-0021852,MERCH-00009,PM-05,DEV-01,2024-01-12 20:26:23,10.39,0.0,0.2078,1,Success,Purchase,Pathein,BDT,False
TXN-20240112-0004873,WALL-0134295,MERCH-00029,PM-01,DEV-01,2024-01-12 12:53:05,11.7,0.0,0.234,1,Success,Purchase,Chittagong,BDT,False
TXN-20240112-0004874,WALL-0025562,MERCH-00078,PM-02,DEV-05,2024-01-12 12:18:35,13.97,0.0279,0.2794,1,Success,Purchase,Bago,MMK,False
TXN-20240112-0004875,WALL-0036971,MERCH-00307,PM-01,DEV-01,2024-01-12 21:02:05,281.29,0.0,22.5031,56,Success,Purchase,Bangalore,INR,False
TXN-20240112-0004876,WALL-0106871,MERCH-00095,PM-02,DEV-05,2024-01-12 10:20:36,61.89,0.1238,0.0,6,Success,Purchase,Quezon City,PHP,False
TXN-20240112-0004877,WALL-0148304,MERCH-00153,PM-05,DEV-02,2024-01-12 11:46:10,68.9,0.0,3.4448,6,Success,Purchase,Ho Chi Minh City,VND,False
TXN-20240112-0004878,WALL-0137362,MERCH-00203,PM-02,DEV-02,2024-01-12 13:26:20,47.85,0.0957,0.0,4,Success,Purchase,Davao,PHP,False
TXN-20240112-0004879,WALL-0054607,MERCH-00228,PM-02,DEV-02,2024-01-12 15:02:44,5.0,0.01,0.0,0,Success,Purchase,Phuket,MMK,False
TXN-20240112-0004880,WALL-0071514,MERCH-00382,PM-01,DEV-01,2024-01-12 07:22:06,198.0,0.0,0.0,19,Success,Purchase,Delhi,INR,False
TXN-20240112-0004881,WALL-0070464,MERCH-00095,PM-01,DEV-01,2024-01-12 12:19:46,201.42,0.0,0.0,20,Success,Purchase,Pathein,MMK,False
TXN-20240112-0004882,WALL-0140628,MERCH-00013,PM-03,DEV-03,2024-01-12 16:51:08,10.76,0.0861,0.2153,1,Success,Purchase,Myitkyina,NPR,False
TXN-20240112-0004883,WALL-0136334,MERCH-00110,PM-01,DEV-01,2024-01-12 14:08:11,140.0,0.0,0.0,14,Success,Purchase,Hanoi,VND,False
TXN-20240112-0004884,WALL-0023405,MERCH-00472,PM-03,DEV-01,2024-01-12 19:22:01,238.16,1.9053,0.0,23,Success,Payment,Johor Bahru,MMK,False
TXN-20240112-0004885,WALL-0104844,MERCH-00104,PM-02,DEV-01,2024-01-12 19:18:20,56.44,0.1129,0.0,5,Success,Purchase,Jakarta,MMK,False
TXN-20240112-0004886,WALL-0009806,MERCH-00363,PM-04,DEV-01,2024-01-12 09:00:50,18.18,0.3635,0.0,1,Success,Bill Payment,Mawlamyine,MMK,False
TXN-20240112-0004887,WALL-0021002,MERCH-00258,PM-03,DEV-04,2024-01-12 18:48:27,12.74,0.1019,0.0,1,Success,Subscription,Hanoi,MMK,False
TXN-20240112-0004888,WALL-0014079,MERCH-00237,PM-01,DEV-03,2024-01-12 14:06:55,11.16,0.0,0.0,1,Success,Subscription,Yangon,MMK,False
TXN-20240112-0004889,WALL-0129873,MERCH-00418,PM-01,DEV-01,2024-01-12 18:19:05,49.47,0.0,0.0,4,Success,Payment,Mandalay,MMK,False
TXN-20240112-0004890,WALL-0089230,MERCH-00010,PM-01,DEV-03,2024-01-12 20:34:10,12.89,0.0,0.2578,1,Success,Purchase,Naypyidaw,MMK,False
TXN-20240112-0004891,WALL-0056715,MERCH-00315,PM-03,DEV-01,2024-01-12 02:51:15,22.96,0.1837,0.0,2,Success,Bill Payment,Naypyidaw,MMK,False
TXN-20240112-0004892,WALL-0104150,MERCH-00206,PM-01,DEV-01,2024-01-12 01:30:00,36.81,0.0,0.0,3,Success,Purchase,Jaipur,INR,False
TXN-20240112-0004893,WALL-0038944,MERCH-00195,PM-01,DEV-02,2024-01-12 13:58:54,16.05,0.0,0.0,1,Success,Purchase,Johor Bahru,MYR,False
TXN-20240112-0004894,WALL-0096273,MERCH-00252,PM-04,DEV-05,2024-01-12 16:23:37,39.32,0.7863,0.0,3,Success,Subscription,Mandalay,MMK,False
TXN-20240112-0004895,WALL-0046350,MERCH-00097,PM-02,DEV-01,2024-01-12 15:32:24,47.01,0.094,0.0,4,Success,Purchase,Davao,PHP,False
TXN-20240112-0004896,WALL-0123239,MERCH-00247,PM-01,DEV-02,2024-01-12 05:51:30,20.52,0.0,0.0,2,Success,Subscription,Siem Reap,KHR,False
TXN-20240112-0004897,WALL-0073625,MERCH-00079,PM-04,DEV-01,2024-01-12 21:23:36,25.92,0.5183,0.5183,2,Success,Purchase,Myitkyina,MMK,False
TXN-20240112-0004898,WALL-0115239,MERCH-00017,PM-01,DEV-02,2024-01-12 12:00:50,31.09,0.0,0.6217,3,Success,Purchase,Hanoi,VND,False
TXN-20240112-0004899,WALL-0115772,MERCH-00335,PM-05,DEV-01,2024-01-12 12:35:19,69.17,0.0,0.0,6,Success,Bill Payment,Bali,IDR,False
TXN-20240112-0004900,WALL-0146469,MERCH-00064,PM-05,DEV-02,2024-01-12 17:21:30,20.58,0.0,0.4116,2,Success,Purchase,Mawlamyine,MMK,False
TXN-20240112-0004901,WALL-0082608,MERCH-00253,PM-01,DEV-03,2024-01-12 13:28:06,6.6,0.0,0.0,0,Success,Subscription,Myitkyina,MMK,False
TXN-20240112-0004902,WALL-0112055,MERCH-00080,PM-04,DEV-03,2024-01-12 17:51:29,33.87,0.6774,0.6774,3,Success,Purchase,Johor Bahru,MYR,False
TXN-20240112-0004903,WALL-0071712,MERCH-00468,PM-01,DEV-01,2024-01-12 15:41:39,97.46,0.0,0.0,9,Success,Payment,Kandy,LKR,False
TXN-20240112-0004904,WALL-0149653,MERCH-00479,PM-01,DEV-05,2024-01-12 21:27:35,541.11,0.0,0.0,54,Success,Payment,Kandy,LKR,False
TXN-20240112-0004905,WALL-0038905,MERCH-00029,PM-01,DEV-01,2024-01-12 06:11:18,48.15,0.0,0.9629,4,Success,Purchase,Yangon,MMK,False
TXN-20240112-0004906,WALL-0085453,MERCH-00316,PM-01,DEV-01,2024-01-12 04:13:14,79.78,0.0,0.0,7,Success,Bill Payment,Chittagong,MMK,True
TXN-20240112-0004907,WALL-0036552,MERCH-00126,PM-04,DEV-01,2024-01-12 17:32:04,89.15,1.783,0.0,8,Success,Purchase,Kolkata,INR,False
TXN-20240112-0004908,WALL-0102167,MERCH-00282,PM-01,DEV-02,2024-01-12 14:08:24,788.54,0.0,63.0834,157,Success,Purchase,Karachi,IDR,False
TXN-20240112-0004909,WALL-0095012,MERCH-00053,PM-01,DEV-01,2024-01-12 20:42:30,23.72,0.0,0.4743,2,Success,Purchase,Naypyidaw,MMK,False
TXN-20240112-0004910,WALL-0050697,MERCH-00097,PM-02,DEV-02,2024-01-12 20:41:20,112.46,0.2249,0.0,11,Success,Purchase,Johor Bahru,MYR,False
TXN-20240112-0004911,WALL-0065749,MERCH-00281,PM-01,DEV-01,2024-01-12 21:42:33,151.28,0.0,12.1024,30,Success,Purchase,Phuket,THB,False
TXN-20240112-0004912,WALL-0035981,MERCH-00444,PM-01,DEV-01,2024-01-12 16:19:21,162.85,0.0,0.0,16,Success,Tax Payment,Islamabad,MMK,False
TXN-20240112-0004913,WALL-0121619,MERCH-00030,PM-03,DEV-04,2024-01-12 14:12:24,13.05,0.1044,0.261,1,Success,Purchase,Islamabad,INR,False
TXN-20240112-0004914,WALL-0082219,MERCH-00447,PM-02,DEV-01,2024-01-12 11:12:37,58.46,0.1169,0.0,5,Success,Tax Payment,Naypyidaw,MMK,False
TXN-20240112-0004915,WALL-0112670,MERCH-00009,PM-01,DEV-01,2024-01-12 21:52:05,8.61,0.0,0.1722,0,Success,Purchase,Myitkyina,MMK,False
TXN-20240112-0004916,WALL-0074237,MERCH-00411,PM-04,DEV-04,2024-01-12 23:03:31,349.54,6.9908,0.0,34,Success,Payment,Bandung,IDR,True
TXN-20240112-0004917,WALL-0140369,MERCH-00415,PM-01,DEV-03,2024-01-12 16:07:39,48.69,0.0,0.0,4,Success,Payment,Bangkok,PKR,False
TXN-20240112-0004918,WALL-0129534,MERCH-00273,PM-01,DEV-01,2024-01-12 15:41:44,130.38,0.0,10.4302,26,Success,Purchase,Cebu City,PHP,False
TXN-20240112-0004919,WALL-0139064,MERCH-00097,PM-03,DEV-03,2024-01-12 08:59:22,116.27,0.9302,0.0,0,Failed,Purchase,Pattaya,THB,False
TXN-20240112-0004920,WALL-0100615,MERCH-00213,PM-02,DEV-01,2024-01-12 19:48:25,32.77,0.0655,0.0,3,Success,Purchase,Mandalay,MMK,True
TXN-20240112-0004921,WALL-0104393,MERCH-00079,PM-02,DEV-01,2024-01-12 18:34:24,28.43,0.0569,0.5687,2,Success,Purchase,Taunggyi,MMK,False
TXN-20240112-0004922,WALL-0075560,MERCH-00355,PM-01,DEV-02,2024-01-12 02:17:55,20.19,0.0,0.0,2,Success,Bill Payment,Mawlamyine,MMK,False
TXN-20240112-0004923,WALL-0125777,MERCH-00330,PM-01,DEV-02,2024-01-12 13:43:23,157.08,0.0,0.0,15,Success,Bill Payment,Pattaya,MYR,False
TXN-20240112-0004924,WALL-0130843,MERCH-00121,PM-02,DEV-02,2024-01-12 08:16:20,61.4,0.1228,0.0,6,Success,Purchase,Myitkyina,MMK,False
TXN-20240112-0004925,WALL-0019608,MERCH-00211,PM-02,DEV-03,2024-01-12 19:49:39,17.59,0.0352,0.0,1,Success,Purchase,Myitkyina,MMK,False
TXN-20240112-0004926,WALL-0128479,MERCH-00229,PM-01,DEV-01,2024-01-12 21:27:53,42.34,0.0,0.0,4,Success,Purchase,Myitkyina,MMK,False
TXN-20240112-0004927,WALL-0149916,MERCH-00026,PM-04,DEV-03,2024-01-12 03:34:09,49.2,0.984,0.984,4,Success,Purchase,Davao,PHP,True
TXN-20240112-0004928,WALL-0105466,MERCH-00367,PM-01,DEV-01,2024-01-12 15:37:29,11.57,0.0,0.0,1,Success,Bill Payment,Cebu City,PHP,False
TXN-20240112-0004929,WALL-0073600,MERCH-00067,PM-05,DEV-01,2024-01-12 17:12:02,16.31,0.0,0.3262,1,Success,Purchase,Khon Kaen,THB,False
TXN-20240112-0004930,WALL-0026402,MERCH-00372,PM-02,DEV-01,2024-01-12 20:55:10,20.0,0.04,0.0,2,Success,Purchase,Taunggyi,MMK,False
TXN-20240112-0004931,WALL-0026336,MERCH-00195,PM-01,DEV-03,2024-01-12 16:22:47,5.0,0.0,0.0,0,Success,Purchase,Pattaya,MMK,False
TXN-20240112-0004932,WALL-0046192,MERCH-00345,PM-02,DEV-01,2024-01-12 01:30:45,35.48,0.071,0.0,3,Success,Bill Payment,Ho Chi Minh City,VND,False
TXN-20240112-0004933,WALL-0104064,MERCH-00136,PM-01,DEV-03,2024-01-12 00:57:21,118.75,0.0,5.9377,11,Success,Purchase,Jaipur,INR,False
TXN-20240112-0004934,WALL-0065739,MERCH-00341,PM-04,DEV-04,2024-01-12 07:00:26,45.04,0.9007,0.0,4,Success,Bill Payment,Pattaya,THB,False
TXN-20240112-0004935,WALL-0115363,MERCH-00199,PM-02,DEV-01,2024-01-12 19:56:14,6.96,0.0139,0.0,0,Success,Purchase,Ahmedabad,INR,False
TXN-20240112-0004936,WALL-0047754,MERCH-00402,PM-01,DEV-03,2024-01-12 20:58:57,136.0,0.0,0.0,13,Success,Payment,Naypyidaw,MMK,False
TXN-20240112-0004937,WALL-0056759,MERCH-00351,PM-02,DEV-01,2024-01-12 08:09:16,14.3,0.0286,0.0,1,Success,Bill Payment,Mawlamyine,MMK,False
TXN-20240112-0004938,WALL-0017083,MERCH-00389,PM-04,DEV-03,2024-01-12 17:38:33,30.61,0.6123,0.0,0,Reversed,Purchase,Delhi,INR,False
TXN-20240112-0004939,WALL-0066364,MERCH-00335,PM-04,DEV-01,2024-01-12 09:09:02,151.78,3.0356,0.0,15,Success,Bill Payment,Yangon,INR,False
TXN-20240112-0004940,WALL-0027796,MERCH-00429,PM-03,DEV-01,2024-01-12 18:06:20,369.69,2.9575,0.0,36,Success,Payment,Myitkyina,MMK,False
TXN-20240112-0004941,WALL-0031836,MERCH-00155,PM-03,DEV-01,2024-01-12 18:21:05,63.92,0.5114,3.196,6,Success,Purchase,Pathein,MMK,False
TXN-20240112-0004942,WALL-0078296,MERCH-00349,PM-01,DEV-01,2024-01-12 13:15:54,40.27,0.0,0.0,4,Success,Bill Payment,Bago,MMK,False
TXN-20240112-0004943,WALL-0094517,MERCH-00079,PM-02,DEV-01,2024-01-12 16:58:09,13.69,0.0274,0.2737,1,Success,Purchase,Myitkyina,MMK,False
TXN-20240112-0004944,WALL-0022617,MERCH-00150,PM-03,DEV-02,2024-01-12 17:25:02,62.85,0.5028,3.1427,6,Success,Purchase,Mawlamyine,MMK,False
TXN-20240112-0004945,WALL-0033294,MERCH-00068,PM-02,DEV-02,2024-01-12 07:44:30,17.85,0.0357,0.357,1,Success,Purchase,Karachi,PKR,False
TXN-20240112-0004946,WALL-0149674,MERCH-00195,PM-03,DEV-01,2024-01-12 17:04:35,14.21,0.1137,0.0,1,Success,Purchase,Cebu City,PHP,False
TXN-20240112-0004947,WALL-0127065,MERCH-00415,PM-04,DEV-02,2024-01-12 20:25:13,33.73,0.6746,0.0,3,Success,Payment,Kolkata,INR,False
TXN-20240112-0004948,WALL-0067355,MERCH-00442,PM-01,DEV-01,2024-01-12 11:56:56,320.64,0.0,0.0,32,Success,Tax Payment,Hanoi,VND,False
TXN-20240112-0004949,WALL-0049305,MERCH-00224,PM-02,DEV-02,2024-01-12 12:37:02,8.0,0.016,0.0,0,Success,Purchase,Naypyidaw,MMK,False
TXN-20240112-0004950,WALL-0022654,MERCH-00397,PM-04,DEV-03,2024-01-12 20:50:59,41.89,0.8377,0.0,4,Success,Purchase,Quezon City,PHP,False
TXN-20240112-0004951,WALL-0095436,MERCH-00050,PM-01,DEV-01,2024-01-12 08:21:28,72.04,0.0,1.4408,7,Success,Purchase,Bangkok,THB,False
TXN-20240112-0004952,WALL-0068810,MERCH-00172,PM-03,DEV-02,2024-01-12 13:16:17,214.2,1.7136,10.7101,21,Success,Purchase,Jakarta,IDR,False
TXN-20240112-0004953,WALL-0061114,MERCH-00030,PM-01,DEV-01,2024-01-12 14:16:52,10.3,0.0,0.206,1,Success,Purchase,Pathein,INR,False
TXN-20240112-0004954,WALL-0017719,MERCH-00098,PM-02,DEV-02,2024-01-12 20:53:26,73.09,0.1462,0.0,7,Success,Purchase,Myitkyina,MMK,False
TXN-20240112-0004955,WALL-0117986,MERCH-00109,PM-03,DEV-01,2024-01-12 17:13:17,90.7,0.7256,0.0,9,Success,Purchase,Pattaya,KHR,False
TXN-20240112-0004956,WALL-0005496,MERCH-00018,PM-01,DEV-01,2024-01-12 09:33:28,70.75,0.0,1.415,7,Success,Purchase,Mandalay,MMK,False
TXN-20240112-0004957,WALL-0088546,MERCH-00405,PM-04,DEV-05,2024-01-12 20:28:55,151.48,3.0297,0.0,15,Success,Payment,Da Nang,VND,False
TXN-20240112-0004958,WALL-0146457,MERCH-00407,PM-03,DEV-05,2024-01-12 13:21:24,69.67,0.5573,0.0,6,Success,Payment,Da Nang,VND,False
TXN-20240112-0004959,WALL-0133413,MERCH-00066,PM-01,DEV-02,2024-01-12 10:43:54,12.21,0.0,0.2442,1,Success,Purchase,Bangkok,THB,False
TXN-20240112-0004960,WALL-0039715,MERCH-00409,PM-03,DEV-01,2024-01-12 10:02:12,69.47,0.5558,0.0,6,Success,Payment,Bangalore,INR,False
TXN-20240112-0004961,WALL-0007026,MERCH-00495,PM-01,DEV-01,2024-01-12 18:37:53,94.63,0.0,0.0,9,Success,Payment,Johor Bahru,MYR,False
TXN-20240112-0004962,WALL-0028612,MERCH-00357,PM-05,DEV-01,2024-01-12 08:12:46,65.78,0.0,0.0,6,Success,Bill Payment,Mawlamyine,MMK,False
TXN-20240112-0004963,WALL-0130262,MERCH-00121,PM-04,DEV-04,2024-01-12 20:34:21,30.27,0.6053,0.0,3,Success,Purchase,Islamabad,PKR,False
TXN-20240112-0004964,WALL-0070821,MERCH-00076,PM-01,DEV-04,2024-01-12 19:43:51,68.99,0.0,1.3798,6,Success,Purchase,Kolkata,MMK,False
TXN-20240112-0004965,WALL-0076640,MERCH-00015,PM-03,DEV-02,2024-01-12 21:39:21,37.52,0.3002,0.7504,3,Success,Purchase,Hyderabad,INR,False
TXN-20240112-0004966,WALL-0120138,MERCH-00393,PM-03,DEV-01,2024-01-12 23:30:59,82.39,0.6591,0.0,8,Success,Purchase,Bangkok,THB,False
TXN-20240112-0004967,WALL-0006940,MERCH-00127,PM-02,DEV-02,2024-01-12 11:31:46,100.61,0.2012,0.0,10,Success,Purchase,Taunggyi,MMK,False
TXN-20240112-0004968,WALL-0010131,MERCH-00020,PM-02,DEV-01,2024-01-12 15:16:20,13.18,0.0264,0.2637,1,Success,Purchase,Mandalay,MMK,False
TXN-20240112-0004969,WALL-0068222,MERCH-00051,PM-01,DEV-01,2024-01-12 05:10:13,24.16,0.0,0.4833,2,Success,Purchase,Naypyidaw,MMK,False
TXN-20240112-0004970,WALL-0146350,MERCH-00149,PM-03,DEV-01,2024-01-12 20:39:50,172.16,1.3773,8.608,17,Success,Purchase,Naypyidaw,MMK,False
TXN-20240112-0004971,WALL-0052886,MERCH-00286,PM-01,DEV-01,2024-01-12 15:46:53,769.74,0.0,61.5791,153,Success,Purchase,Pokhara,PHP,False
TXN-20240112-0004972,WALL-0040646,MERCH-00355,PM-01,DEV-05,2024-01-12 14:32:40,27.72,0.0,0.0,2,Success,Bill Payment,Yangon,MMK,False
TXN-20240112-0004973,WALL-0142764,MERCH-00156,PM-02,DEV-01,2024-01-12 21:41:27,174.5,0.349,0.0,0,Reversed,Purchase,Chittagong,VND,False
TXN-20240112-0004974,WALL-0118711,MERCH-00265,PM-01,DEV-01,2024-01-12 12:48:24,19.53,0.0,0.0,1,Success,Subscription,Yangon,MMK,False
TXN-20240112-0004975,WALL-0000244,MERCH-00034,PM-01,DEV-01,2024-01-12 18:06:24,13.56,0.0,0.2713,1,Success,Purchase,Yangon,MMK,False
TXN-20240112-0004976,WALL-0116246,MERCH-00227,PM-02,DEV-02,2024-01-12 21:15:31,8.5,0.017,0.0,0,Success,Purchase,Bangkok,THB,False
TXN-20240112-0004977,WALL-0027674,MERCH-00460,PM-01,DEV-03,2024-01-12 19:38:03,471.58,0.0,0.0,47,Success,Payment,Singapore,SGD,False
TXN-20240112-0004978,WALL-0140902,MERCH-00186,PM-03,DEV-01,2024-01-12 13:04:29,29.87,0.2389,1.4933,2,Success,Purchase,Chiang Mai,THB,False
TXN-20240112-0004979,WALL-0030382,MERCH-00007,PM-02,DEV-01,2024-01-12 17:39:22,27.17,0.0543,0.5434,2,Success,Purchase,Pathein,MMK,False
TXN-20240112-0004980,WALL-0136841,MERCH-00332,PM-01,DEV-02,2024-01-12 16:48:35,77.93,0.0,0.0,7,Success,Bill Payment,Ho Chi Minh City,VND,False
TXN-20240112-0004981,WALL-0077162,MERCH-00071,PM-02,DEV-03,2024-01-12 10:57:02,10.57,0.0211,0.2114,1,Success,Purchase,Mandalay,MMK,False
TXN-20240112-0004982,WALL-0024686,MERCH-00239,PM-01,DEV-01,2024-01-12 21:20:19,17.48,0.0,0.0,1,Success,Subscription,Bangkok,THB,False
TXN-20240112-0004983,WALL-0068783,MERCH-00068,PM-04,DEV-01,2024-01-12 19:36:27,60.0,1.2,1.2,6,Success,Purchase,Davao,PHP,False
TXN-20240112-0004984,WALL-0047921,MERCH-00372,PM-01,DEV-01,2024-01-12 17:25:33,50.54,0.0,0.0,5,Success,Purchase,Mandalay,MMK,False
TXN-20240112-0004985,WALL-0103924,MERCH-00027,PM-02,DEV-02,2024-01-12 18:45:39,29.14,0.0583,0.5828,2,Success,Purchase,Jakarta,IDR,False
TXN-20240112-0004986,WALL-0034930,MERCH-00266,PM-03,DEV-01,2024-01-12 06:19:32,28.12,0.2249,0.0,2,Success,Subscription,Jakarta,IDR,False
TXN-20240112-0004987,WALL-0077318,MERCH-00382,PM-01,DEV-05,2024-01-12 15:07:23,71.13,0.0,0.0,7,Success,Purchase,Myitkyina,MMK,False
TXN-20240112-0004988,WALL-0026821,MERCH-00235,PM-01,DEV-01,2024-01-12 00:18:57,17.24,0.0,0.0,1,Success,Subscription,Bali,IDR,False
TXN-20240112-0004989,WALL-0098322,MERCH-00092,PM-01,DEV-01,2024-01-12 21:28:02,79.91,0.0,0.0,7,Success,Purchase,Mawlamyine,MMK,False
TXN-20240112-0004990,WALL-0138648,MERCH-00074,PM-01,DEV-01,2024-01-12 10:11:57,10.91,0.0,0.2182,1,Success,Purchase,Quezon City,PHP,False
TXN-20240112-0004991,WALL-0060855,MERCH-00186,PM-01,DEV-01,2024-01-12 16:45:36,81.44,0.0,4.0722,8,Success,Purchase,Taunggyi,MMK,False
TXN-20240112-0004992,WALL-0102125,MERCH-00344,PM-02,DEV-02,2024-01-12 19:42:42,108.11,0.2162,0.0,10,Success,Bill Payment,Kathmandu,NPR,False
TXN-20240112-0004993,WALL-0029827,MERCH-00099,PM-01,DEV-01,2024-01-12 13:49:33,26.36,0.0,0.0,2,Success,Purchase,Bangkok,THB,False
TXN-20240112-0004994,WALL-0011430,MERCH-00376,PM-01,DEV-01,2024-01-12 14:12:52,198.0,0.0,0.0,19,Success,Purchase,Delhi,INR,False
TXN-20240112-0004995,WALL-0017244,MERCH-00115,PM-02,DEV-05,2024-01-12 17:13:35,80.71,0.1614,0.0,8,Success,Purchase,Taunggyi,MMK,False
TXN-20240112-0004996,WALL-0147230,MERCH-00434,PM-03,DEV-03,2024-01-12 15:56:50,300.45,2.4036,0.0,30,Success,Tax Payment,Davao,PHP,False
TXN-20240112-0004997,WALL-0009968,MERCH-00350,PM-02,DEV-01,2024-01-12 14:08:40,61.68,0.1234,0.0,6,Success,Bill Payment,Mawlamyine,MMK,False
TXN-20240112-0004998,WALL-0031440,MERCH-00032,PM-01,DEV-01,2024-01-12 18:06:51,17.13,0.0,0.3426,1,Success,Purchase,Cebu City,PHP,False
TXN-20240112-0004999,WALL-0099238,MERCH-00192,PM-05,DEV-03,2024-01-12 21:18:30,7.86,0.0,0.0,0,Success,Purchase,Pathein,MMK,False
TXN-20240112-0005000,WALL-0030729,MERCH-00029,PM-04,DEV-01,2024-01-12 13:27:16,13.75,0.2751,0.0,0,Pending,Purchase,Kolkata,INR,False
TXN-20240112-0005001,WALL-0081023,MERCH-00120,PM-02,DEV-01,2024-01-12 21:41:24,85.75,0.1715,0.0,8,Success,Purchase,Lahore,PKR,False
TXN-20240112-0005002,WALL-0091689,MERCH-00413,PM-01,DEV-03,2024-01-12 19:37:12,20.0,0.0,0.0,2,Success,Payment,Phuket,THB,False
TXN-20240112-0005003,WALL-0114055,MERCH-00052,PM-04,DEV-01,2024-01-12 20:27:12,30.31,0.6062,0.6062,3,Success,Purchase,Mandalay,MMK,False
TXN-20240112-0005004,WALL-0036186,MERCH-00438,PM-02,DEV-01,2024-01-12 06:25:47,86.06,0.1721,0.0,8,Success,Tax Payment,Singapore,SGD,False
TXN-20240112-0005005,WALL-0072552,MERCH-00353,PM-01,DEV-03,2024-01-12 20:44:58,41.88,0.0,0.0,4,Success,Bill Payment,Medan,VND,False
TXN-20240112-0005006,WALL-0092110,MERCH-00035,PM-02,DEV-01,2024-01-12 10:11:03,27.35,0.0547,0.547,2,Success,Purchase,Naypyidaw,MMK,False
TXN-20240112-0005007,WALL-0034569,MERCH-00032,PM-04,DEV-04,2024-01-12 19:24:58,8.56,0.1712,0.1712,0,Success,Purchase,Pattaya,MYR,False
TXN-20240112-0005008,WALL-0053155,MERCH-00241,PM-01,DEV-01,2024-01-12 14:08:39,50.66,0.0,0.0,5,Success,Subscription,Karachi,PKR,False
TXN-20240112-0005009,WALL-0128285,MERCH-00076,PM-01,DEV-01,2024-01-12 19:21:08,9.5,0.0,0.19,0,Success,Purchase,Khon Kaen,MMK,False
TXN-20240112-0005010,WALL-0144843,MERCH-00145,PM-01,DEV-01,2024-01-12 17:20:44,105.15,0.0,5.2574,10,Success,Purchase,Chiang Mai,THB,False
TXN-20240112-0005011,WALL-0021503,MERCH-00218,PM-01,DEV-01,2024-01-12 16:09:18,21.37,0.0,0.0,2,Success,Purchase,Mandalay,MMK,False
TXN-20240112-0005012,WALL-0082213,MERCH-00410,PM-01,DEV-02,2024-01-12 23:14:47,66.78,0.0,0.0,6,Success,Payment,Chittagong,BDT,False
TXN-20240112-0005013,WALL-0131688,MERCH-00005,PM-01,DEV-01,2024-01-12 17:42:33,14.97,0.0,0.2993,1,Success,Purchase,Yangon,MMK,False
TXN-20240112-0005014,WALL-0115431,MERCH-00009,PM-03,DEV-01,2024-01-12 19:45:20,10.14,0.0811,0.2027,1,Success,Purchase,Manila,PHP,False
TXN-20240112-0005015,WALL-0012384,MERCH-00259,PM-01,DEV-02,2024-01-12 08:25:07,6.83,0.0,0.0,0,Success,Subscription,Islamabad,PKR,False
TXN-20240112-0005016,WALL-0107505,MERCH-00094,PM-01,DEV-03,2024-01-12 14:11:57,57.17,0.0,0.0,5,Success,Purchase,Myitkyina,MMK,False
TXN-20240112-0005017,WALL-0027187,MERCH-00141,PM-03,DEV-02,2024-01-12 17:55:01,242.52,1.9401,12.1259,24,Success,Purchase,Jakarta,IDR,False
TXN-20240112-0005018,WALL-0133305,MERCH-00258,PM-05,DEV-01,2024-01-12 21:11:52,26.23,0.0,0.0,2,Success,Subscription,Myitkyina,MMK,False
TXN-20240112-0005019,WALL-0138216,MERCH-00450,PM-05,DEV-01,2024-01-12 07:54:03,763.16,0.0,0.0,76,Success,Tax Payment,Chiang Mai,THB,False
TXN-20240112-0005020,WALL-0145400,MERCH-00025,PM-01,DEV-01,2024-01-12 13:38:17,14.61,0.0,0.2922,1,Success,Purchase,Quezon City,PHP,False
TXN-20240112-0005021,WALL-0034515,MERCH-00379,PM-02,DEV-03,2024-01-12 10:28:16,52.53,0.1051,0.0,5,Success,Purchase,Delhi,INR,False
TXN-20240112-0005022,WALL-0086943,MERCH-00154,PM-01,DEV-03,2024-01-12 17:55:16,40.08,0.0,2.004,4,Success,Purchase,Kandy,LKR,False
TXN-20240112-0005023,WALL-0045908,MERCH-00432,PM-01,DEV-01,2024-01-12 18:08:39,322.9,0.0,0.0,32,Success,Tax Payment,Yangon,MMK,False
TXN-20240112-0005024,WALL-0034593,MERCH-00044,PM-01,DEV-01,2024-01-12 21:34:17,26.06,0.0,0.5213,2,Success,Purchase,Penang,INR,False
TXN-20240112-0005025,WALL-0088334,MERCH-00365,PM-04,DEV-01,2024-01-12 15:02:57,33.03,0.6605,0.0,3,Success,Bill Payment,Siem Reap,KHR,False
TXN-20240112-0005026,WALL-0006251,MERCH-00430,PM-02,DEV-01,2024-01-12 20:31:13,35.1,0.0702,0.0,3,Success,Payment,Mawlamyine,MMK,False
