transaction_id,wallet_id,merchant_id,payment_method_id,device_id,transaction_timestamp,amount,transaction_fee,cashback,loyalty_points,status,transaction_type,location_city,currency,fraud_flag
TXN-20240102-0000001,WALL-0010015,MERCH-00038,PM-04,DEV-01,2024-01-02 17:04:55,60.0,1.2,1.2,6,Success,Purchase,Naypyidaw,MMK,False
TXN-20240102-0000002,WALL-0032988,MERCH-00395,PM-04,DEV-01,2024-01-02 16:16:58,56.41,1.1282,0.0,0,Pending,Purchase,Bangkok,THB,False
TXN-20240102-0000003,WALL-0048584,MERCH-00365,PM-02,DEV-02,2024-01-02 05:06:04,19.89,0.0398,0.0,1,Success,Bill Payment,Delhi,INR,False
TXN-20240102-0000004,WALL-0063695,MERCH-00366,PM-02,DEV-01,2024-01-02 20:50:46,17.78,0.0356,0.0,1,Success,Bill Payment,Pune,INR,False
TXN-20240102-0000005,WALL-0017184,MERCH-00143,PM-02,DEV-05,2024-01-02 19:17:06,133.13,0.2663,6.6566,13,Success,Purchase,Pokhara,NPR,False
TXN-20240102-0000006,WALL-0011513,MERCH-00105,PM-01,DEV-01,2024-01-02 08:49:18,170.67,0.0,0.0,17,Success,Purchase,Pattaya,THB,False
TXN-20240102-0000007,WALL-0104265,MERCH-00437,PM-01,DEV-05,2024-01-02 16:41:51,111.84,0.0,0.0,11,Success,Tax Payment,Pokhara,NPR,False
TXN-20240102-0000008,WALL-0041781,MERCH-00313,PM-01,DEV-01,2024-01-02 16:10:43,165.96,0.0,0.0,16,Success,Bill Payment,Bago,MMK,False
TXN-20240102-0000009,WALL-0043358,MERCH-00150,PM-02,DEV-03,2024-01-02 13:29:37,112.9,0.2258,5.645,11,Success,Purchase,Bangalore,IDR,False
TXN-20240102-0000010,WALL-0008657,MERCH-00363,PM-01,DEV-03,2024-01-02 15:45:23,13.31,0.0,0.0,1,Success,Bill Payment,Davao,PHP,False
TXN-20240102-0000011,WALL-0095939,MERCH-00238,PM-02,DEV-03,2024-01-02 09:45:07,25.52,0.051,0.0,2,Success,Subscription,Mawlamyine,MMK,False
TXN-20240102-0000012,WALL-0114884,MERCH-00405,PM-02,DEV-02,2024-01-02 14:23:20,71.3,0.1426,0.0,7,Success,Payment,Mawlamyine,MMK,False
TXN-20240102-0000013,WALL-0075663,MERCH-00373,PM-04,DEV-01,2024-01-02 10:56:08,53.37,1.0674,0.0,5,Success,Purchase,Kuala Lumpur,MYR,False
TXN-20240102-0000014,WALL-0085733,MERCH-00239,PM-01,DEV-01,2024-01-02 00:54:31,12.07,0.0,0.0,1,Success,Subscription,Davao,BDT,False
TXN-20240102-0000015,WALL-0122529,MERCH-00277,PM-01,DEV-02,2024-01-02 04:36:37,195.93,0.0,15.6746,39,Success,Purchase,Yangon,MMK,False
TXN-20240102-0000016,WALL-0096421,MERCH-00047,PM-02,DEV-01,2024-01-02 21:20:58,13.97,0.0279,0.2794,1,Success,Purchase,Mandalay,MMK,False
TXN-20240102-0000017,WALL-0041572,MERCH-00403,PM-01,DEV-01,2024-01-02 13:45:07,66.26,0.0,0.0,6,Success,Payment,Myitkyina,MMK,False
TXN-20240102-0000018,WALL-0142217,MERCH-00215,PM-02,DEV-01,2024-01-02 12:56:47,21.38,0.0428,0.0,0,Failed,Purchase,Davao,VND,False
TXN-20240102-0000019,WALL-0094935,MERCH-00193,PM-01,DEV-03,2024-01-02 14:52:18,18.08,0.0,0.0,1,Success,Purchase,Hanoi,VND,False
TXN-20240102-0000020,WALL-0027341,MERCH-00308,PM-01,DEV-02,2024-01-02 19:58:01,376.84,0.0,30.147,75,Success,Purchase,Myitkyina,MMK,False
TXN-20240102-0000021,WALL-0110048,MERCH-00484,PM-01,DEV-01,2024-01-02 15:13:09,50.0,0.0,0.0,5,Success,Payment,Bangalore,INR,False
TXN-20240102-0000022,WALL-0140724,MERCH-00316,PM-01,DEV-01,2024-01-02 14:48:36,84.18,0.0,0.0,8,Success,Bill Payment,Da Nang,VND,False
TXN-20240102-0000023,WALL-0098091,MERCH-00311,PM-02,DEV-01,2024-01-02 12:53:29,33.57,0.0671,0.0,3,Success,Bill Payment,Ahmedabad,INR,False
TXN-20240102-0000024,WALL-0055295,MERCH-00266,PM-01,DEV-03,2024-01-02 17:34:43,18.48,0.0,0.0,1,Success,Subscription,Naypyidaw,MMK,False
TXN-20240102-0000025,WALL-0018365,MERCH-00448,PM-04,DEV-01,2024-01-02 00:32:12,50.0,1.0,0.0,5,Success,Tax Payment,Islamabad,PKR,False
TXN-20240102-0000026,WALL-0145756,MERCH-00364,PM-02,DEV-01,2024-01-02 07:50:23,26.39,0.0528,0.0,2,Success,Bill Payment,Yangon,MMK,False
TXN-20240102-0000027,WALL-0030027,MERCH-00130,PM-02,DEV-03,2024-01-02 13:38:58,157.98,0.316,0.0,15,Success,Purchase,Bangalore,MMK,False
TXN-20240102-0000028,WALL-0027988,MERCH-00018,PM-01,DEV-04,2024-01-02 12:53:26,10.05,0.0,0.201,1,Success,Purchase,Yangon,MMK,False
TXN-20240102-0000029,WALL-0085919,MERCH-00174,PM-03,DEV-02,2024-01-02 09:18:57,677.68,5.4214,33.8838,67,Success,Purchase,Mawlamyine,MMK,False
TXN-20240102-0000030,WALL-0123425,MERCH-00205,PM-05,DEV-01,2024-01-02 16:35:13,23.99,0.0,0.0,2,Success,Purchase,Pathein,MMK,False
TXN-20240102-0000031,WALL-0112966,MERCH-00057,PM-03,DEV-05,2024-01-02 19:40:32,18.67,0.1493,0.3733,1,Success,Purchase,Manila,PHP,False
TXN-20240102-0000032,WALL-0093395,MERCH-00337,PM-04,DEV-05,2024-01-02 20:51:21,90.37,1.8075,0.0,9,Success,Bill Payment,Khon Kaen,THB,False
TXN-20240102-0000033,WALL-0022574,MERCH-00309,PM-01,DEV-01,2024-01-02 08:28:27,163.18,0.0,13.0548,32,Success,Purchase,Mawlamyine,MMK,False
TXN-20240102-0000034,WALL-0117214,MERCH-00131,PM-01,DEV-02,2024-01-02 08:36:25,93.96,0.0,4.698,9,Success,Purchase,Mandalay,MMK,False
TXN-20240102-0000035,WALL-0043191,MERCH-00320,PM-02,DEV-01,2024-01-02 08:43:38,244.51,0.489,0.0,24,Success,Bill Payment,Bago,MMK,False
TXN-20240102-0000036,WALL-0011358,MERCH-00002,PM-04,DEV-01,2024-01-02 12:02:23,32.83,0.6566,0.6566,3,Success,Purchase,Johor Bahru,MYR,False
TXN-20240102-0000037,WALL-0139708,MERCH-00449,PM-01,DEV-02,2024-01-02 17:43:32,176.88,0.0,0.0,17,Success,Tax Payment,Singapore,SGD,False
TXN-20240102-0000038,WALL-0003911,MERCH-00470,PM-04,DEV-03,2024-01-02 18:08:14,878.44,17.5688,0.0,87,Success,Payment,Surabaya,MMK,False
TXN-20240102-0000039,WALL-0096588,MERCH-00097,PM-04,DEV-02,2024-01-02 13:08:36,104.58,2.0915,0.0,10,Success,Purchase,Kuala Lumpur,MYR,False
TXN-20240102-0000040,WALL-0115676,MERCH-00160,PM-01,DEV-01,2024-01-02 20:20:08,40.43,0.0,2.0216,4,Success,Purchase,Pathein,MMK,False
TXN-20240102-0000041,WALL-0073660,MERCH-00082,PM-05,DEV-04,2024-01-02 21:41:54,38.32,0.0,0.0,3,Success,Purchase,Hanoi,VND,False
TXN-20240102-0000042,WALL-0029325,MERCH-00177,PM-01,DEV-02,2024-01-02 15:48:18,82.05,0.0,4.1026,8,Success,Purchase,Karachi,PKR,False
TXN-20240102-0000043,WALL-0111957,MERCH-00079,PM-04,DEV-01,2024-01-02 06:49:16,5.0,0.1,0.1,0,Success,Purchase,Kolkata,INR,False
TXN-20240102-0000044,WALL-0087459,MERCH-00023,PM-04,DEV-03,2024-01-02 20:42:18,20.5,0.41,0.41,2,Success,Purchase,Bago,MMK,False
TXN-20240102-0000045,WALL-0078776,MERCH-00043,PM-03,DEV-01,2024-01-02 12:31:23,5.11,0.0408,0.1021,0,Success,Purchase,Medan,IDR,False
TXN-20240102-0000046,WALL-0000351,MERCH-00186,PM-04,DEV-02,2024-01-02 17:13:59,112.97,2.2594,5.6485,11,Success,Purchase,Quezon City,PHP,False
TXN-20240102-0000047,WALL-0000290,MERCH-00171,PM-02,DEV-01,2024-01-02 21:42:33,20.0,0.04,1.0,2,Success,Purchase,Cebu City,PHP,False
TXN-20240102-0000048,WALL-0051542,MERCH-00156,PM-03,DEV-02,2024-01-02 14:54:48,33.15,0.2652,1.6577,3,Success,Purchase,Cebu City,PHP,False
TXN-20240102-0000049,WALL-0085455,MERCH-00233,PM-02,DEV-03,2024-01-02 04:45:59,7.67,0.0153,0.0,0,Success,Subscription,Khon Kaen,THB,False
TXN-20240102-0000050,WALL-0006130,MERCH-00348,PM-04,DEV-01,2024-01-02 01:30:28,50.47,1.0095,0.0,5,Success,Bill Payment,Kolkata,INR,False
TXN-20240102-0000051,WALL-0087768,MERCH-00325,PM-03,DEV-04,2024-01-02 16:14:03,86.14,0.6891,0.0,8,Success,Bill Payment,Johor Bahru,THB,False
TXN-20240102-0000052,WALL-0027882,MERCH-00201,PM-04,DEV-01,2024-01-02 20:03:42,6.59,0.1319,0.0,0,Success,Purchase,Pattaya,THB,False
TXN-20240102-0000053,WALL-0003333,MERCH-00114,PM-01,DEV-03,2024-01-02 18:09:07,47.17,0.0,0.0,4,Success,Purchase,Pathein,MMK,False
TXN-20240102-0000054,WALL-0014757,MERCH-00445,PM-03,DEV-01,2024-01-02 11:22:41,436.63,3.493,0.0,43,Success,Tax Payment,Karachi,PKR,False
TXN-20240102-0000055,WALL-0058747,MERCH-00107,PM-04,DEV-01,2024-01-02 21:10:31,52.31,1.0462,0.0,5,Success,Purchase,Yangon,MMK,False
TXN-20240102-0000056,WALL-0011702,MERCH-00103,PM-01,DEV-01,2024-01-02 05:33:12,63.04,0.0,0.0,6,Success,Purchase,Chiang Mai,THB,False
TXN-20240102-0000057,WALL-0006358,MERCH-00207,PM-01,DEV-05,2024-01-02 17:45:00,10.68,0.0,0.0,1,Success,Purchase,Surabaya,IDR,False
TXN-20240102-0000058,WALL-0073806,MERCH-00120,PM-01,DEV-01,2024-01-02 16:59:55,131.82,0.0,0.0,13,Success,Purchase,Taunggyi,MMK,False
TXN-20240102-0000059,WALL-0112736,MERCH-00346,PM-01,DEV-05,2024-01-02 01:23:01,44.9,0.0,0.0,4,Success,Bill Payment,Siem Reap,KHR,False
TXN-20240102-0000060,WALL-0101138,MERCH-00288,PM-02,DEV-03,2024-01-02 13:14:42,3981.74,7.9635,318.5395,796,Success,Purchase,Mawlamyine,MMK,False
TXN-20240102-0000061,WALL-0111847,MERCH-00217,PM-04,DEV-02,2024-01-02 20:05:33,8.75,0.175,0.0,0,Success,Purchase,Bago,MMK,False
TXN-20240102-0000062,WALL-0061904,MERCH-00026,PM-02,DEV-01,2024-01-02 21:52:35,31.85,0.0637,0.6369,3,Success,Purchase,Davao,PHP,False
TXN-20240102-0000063,WALL-0005583,MERCH-00381,PM-01,DEV-01,2024-01-02 10:29:28,70.24,0.0,0.0,7,Success,Purchase,Yangon,MMK,False
TXN-20240102-0000064,WALL-0014036,MERCH-00471,PM-03,DEV-01,2024-01-02 19:14:22,186.13,1.489,0.0,18,Success,Payment,Chennai,INR,False
TXN-20240102-0000065,WALL-0135124,MERCH-00370,PM-02,DEV-01,2024-01-02 03:47:26,54.39,0.1088,0.0,5,Success,Bill Payment,Kuala Lumpur,INR,False
TXN-20240102-0000066,WALL-0003199,MERCH-00251,PM-01,DEV-01,2024-01-02 15:31:54,6.55,0.0,0.0,0,Success,Subscription,Yangon,MMK,False
TXN-20240102-0000067,WALL-0120469,MERCH-00057,PM-03,DEV-04,2024-01-02 19:28:53,11.86,0.0949,0.2371,1,Success,Purchase,Pathein,MMK,False
TXN-20240102-0000068,WALL-0005044,MERCH-00123,PM-03,DEV-01,2024-01-02 11:41:13,24.13,0.1931,0.0,0,Pending,Purchase,Pathein,MMK,False
TXN-20240102-0000069,WALL-0081857,MERCH-00478,PM-03,DEV-01,2024-01-02 17:23:10,80.38,0.643,0.0,8,Success,Payment,Dhaka,BDT,False
TXN-20240102-0000070,WALL-0011973,MERCH-00228,PM-01,DEV-01,2024-01-02 16:59:41,48.52,0.0,0.0,4,Success,Purchase,Bandung,IDR,False
TXN-20240102-0000071,WALL-0072332,MERCH-00185,PM-01,DEV-02,2024-01-02 22:23:50,176.13,0.0,8.8063,17,Success,Purchase,Pokhara,NPR,False
TXN-20240102-0000072,WALL-0108239,MERCH-00055,PM-01,DEV-04,2024-01-02 21:19:55,17.84,0.0,0.3569,1,Success,Purchase,Yangon,MMK,False
TXN-20240102-0000073,WALL-0020653,MERCH-00279,PM-01,DEV-05,2024-01-02 13:39:45,680.7,0.0,54.4562,136,Success,Purchase,Manila,MMK,False
TXN-20240102-0000074,WALL-0107210,MERCH-00221,PM-02,DEV-01,2024-01-02 12:29:30,5.0,0.01,0.0,0,Success,Purchase,Surabaya,IDR,False
TXN-20240102-0000075,WALL-0025039,MERCH-00393,PM-01,DEV-01,2024-01-02 11:40:01,145.81,0.0,0.0,14,Success,Purchase,Lahore,PKR,False
TXN-20240102-0000076,WALL-0105085,MERCH-00444,PM-02,DEV-01,2024-01-02 16:16:15,124.4,0.2488,0.0,12,Success,Tax Payment,Mandalay,MMK,False
TXN-20240102-0000077,WALL-0083574,MERCH-00102,PM-02,DEV-01,2024-01-02 08:01:32,38.68,0.0774,0.0,3,Success,Purchase,Quezon City,PHP,False
TXN-20240102-0000078,WALL-0001484,MERCH-00288,PM-02,DEV-02,2024-01-02 12:35:17,1625.27,3.2505,130.0216,325,Success,Purchase,Phnom Penh,KHR,False
TXN-20240102-0000079,WALL-0054882,MERCH-00048,PM-01,DEV-04,2024-01-02 17:06:01,19.29,0.0,0.3858,1,Success,Purchase,Taunggyi,MMK,False
TXN-20240102-0000080,WALL-0127887,MERCH-00055,PM-01,DEV-01,2024-01-02 23:29:10,12.07,0.0,0.2415,1,Success,Purchase,Yangon,MMK,False
TXN-20240102-0000081,WALL-0133335,MERCH-00257,PM-02,DEV-03,2024-01-02 09:39:33,9.98,0.02,0.0,0,Success,Subscription,Da Nang,VND,False
TXN-20240102-0000082,WALL-0145407,MERCH-00018,PM-01,DEV-02,2024-01-02 15:16:59,27.11,0.0,0.5421,2,Success,Purchase,Johor Bahru,MYR,False
TXN-20240102-0000083,WALL-0037585,MERCH-00194,PM-01,DEV-01,2024-01-02 13:59:41,5.0,0.0,0.0,0,Success,Purchase,Kolkata,INR,False
TXN-20240102-0000084,WALL-0085548,MERCH-00092,PM-03,DEV-01,2024-01-02 03:32:23,96.94,0.7755,0.0,9,Success,Purchase,Mandalay,MMK,False
TXN-20240102-0000085,WALL-0055762,MERCH-00168,PM-02,DEV-01,2024-01-02 15:38:59,42.47,0.0849,2.1233,4,Success,Purchase,Mandalay,MMK,False
TXN-20240102-0000086,WALL-0122421,MERCH-00147,PM-02,DEV-01,2024-01-02 04:56:52,125.36,0.2507,6.268,12,Success,Purchase,Kuala Lumpur,MYR,False
TXN-20240102-0000087,WALL-0088902,MERCH-00114,PM-02,DEV-01,2024-01-02 13:19:46,32.83,0.0657,0.0,3,Success,Purchase,Siem Reap,MYR,False
TXN-20240102-0000088,WALL-0149439,MERCH-00408,PM-01,DEV-05,2024-01-02 19:56:08,24.99,0.0,0.0,2,Success,Payment,Mawlamyine,MMK,False
TXN-20240102-0000089,WALL-0080478,MERCH-00270,PM-01,DEV-01,2024-01-02 20:46:35,7.99,0.0,0.0,0,Success,Subscription,Taunggyi,MMK,False
TXN-20240102-0000090,WALL-0098390,MERCH-00199,PM-01,DEV-01,2024-01-02 16:46:41,14.58,0.0,0.0,1,Success,Purchase,Yangon,NPR,False
TXN-20240102-0000091,WALL-0119223,MERCH-00389,PM-04,DEV-04,2024-01-02 21:25:09,96.48,1.9296,0.0,9,Success,Purchase,Pune,INR,False
TXN-20240102-0000092,WALL-0105320,MERCH-00165,PM-01,DEV-01,2024-01-02 06:10:58,350.49,0.0,17.5244,35,Success,Purchase,Bago,MMK,False
TXN-20240102-0000093,WALL-0085272,MERCH-00431,PM-01,DEV-01,2024-01-02 17:20:13,173.58,0.0,0.0,17,Success,Tax Payment,Karachi,PKR,False
TXN-20240102-0000094,WALL-0107759,MERCH-00116,PM-04,DEV-01,2024-01-02 13:11:24,46.6,0.9319,0.0,4,Success,Purchase,Surabaya,IDR,False
TXN-20240102-0000095,WALL-0054908,MERCH-00034,PM-02,DEV-01,2024-01-02 15:31:27,35.48,0.071,0.7096,3,Success,Purchase,Manila,PHP,False
TXN-20240102-0000096,WALL-0009543,MERCH-00055,PM-04,DEV-01,2024-01-02 08:37:53,18.04,0.3609,0.3609,1,Success,Purchase,Delhi,INR,False
TXN-20240102-0000097,WALL-0128392,MERCH-00202,PM-02,DEV-01,2024-01-02 21:34:19,14.45,0.0289,0.0,1,Success,Purchase,Mawlamyine,MMK,False
TXN-20240102-0000098,WALL-0069629,MERCH-00117,PM-04,DEV-01,2024-01-02 11:32:26,25.98,0.5196,0.0,2,Success,Purchase,Surabaya,IDR,False
TXN-20240102-0000099,WALL-0087683,MERCH-00499,PM-01,DEV-01,2024-01-02 21:05:14,127.09,0.0,0.0,12,Success,Payment,Taunggyi,MMK,False
TXN-20240102-0000100,WALL-0011524,MERCH-00038,PM-01,DEV-01,2024-01-02 21:18:11,17.88,0.0,0.3576,1,Success,Purchase,Siem Reap,KHR,False
TXN-20240102-0000101,WALL-0058029,MERCH-00367,PM-01,DEV-01,2024-01-02 00:51:41,45.38,0.0,0.0,4,Success,Bill Payment,Mandalay,MMK,False
TXN-20240102-0000102,WALL-0145728,MERCH-00259,PM-01,DEV-01,2024-01-02 14:13:35,9.61,0.0,0.0,0,Success,Subscription,Mawlamyine,MMK,False
TXN-20240102-0000103,WALL-0067937,MERCH-00029,PM-01,DEV-01,2024-01-02 12:55:10,9.46,0.0,0.1892,0,Success,Purchase,Naypyidaw,MMK,False
TXN-20240102-0000104,WALL-0148415,MERCH-00075,PM-01,DEV-02,2024-01-02 16:38:15,12.29,0.0,0.2458,1,Success,Purchase,Jaipur,INR,False
TXN-20240102-0000105,WALL-0005966,MERCH-00370,PM-03,DEV-01,2024-01-02 10:04:07,39.88,0.319,0.0,3,Success,Bill Payment,Johor Bahru,MYR,False
TXN-20240102-0000106,WALL-0032229,MERCH-00208,PM-01,DEV-01,2024-01-02 11:40:40,18.75,0.0,0.0,1,Success,Purchase,Mawlamyine,MMK,False
TXN-20240102-0000107,WALL-0146867,MERCH-00273,PM-03,DEV-01,2024-01-02 19:55:18,167.72,1.3418,13.4178,33,Success,Purchase,Surabaya,IDR,False
TXN-20240102-0000108,WALL-0049350,MERCH-00242,PM-01,DEV-02,2024-01-02 16:23:37,12.26,0.0,0.0,1,Success,Subscription,Mumbai,INR,False
TXN-20240102-0000109,WALL-0087300,MERCH-00448,PM-03,DEV-01,2024-01-02 14:20:01,392.12,3.1369,0.0,39,Success,Tax Payment,Pathein,IDR,False
TXN-20240102-0000110,WALL-0103825,MERCH-00117,PM-01,DEV-04,2024-01-02 07:34:04,43.65,0.0,0.0,4,Success,Purchase,Kathmandu,NPR,False
TXN-20240102-0000111,WALL-0140310,MERCH-00119,PM-04,DEV-01,2024-01-02 17:16:46,48.18,0.9635,0.0,4,Success,Purchase,Colombo,LKR,False
TXN-20240102-0000112,WALL-0093988,MERCH-00245,PM-01,DEV-04,2024-01-02 21:43:35,20.42,0.0,0.0,0,Failed,Subscription,Cebu City,PHP,False
TXN-20240102-0000113,WALL-0114132,MERCH-00184,PM-04,DEV-01,2024-01-02 23:00:48,153.41,3.0683,7.6707,15,Success,Purchase,Kandy,LKR,False
TXN-20240102-0000114,WALL-0148174,MERCH-00035,PM-02,DEV-03,2024-01-02 12:17:11,25.22,0.0504,0.5045,2,Success,Purchase,Singapore,SGD,False
TXN-20240102-0000115,WALL-0121752,MERCH-00085,PM-01,DEV-03,2024-01-02 06:44:24,42.76,0.0,0.0,0,Failed,Purchase,Chennai,INR,False
TXN-20240102-0000116,WALL-0025737,MERCH-00064,PM-02,DEV-01,2024-01-02 08:08:54,40.81,0.0816,0.8161,4,Success,Purchase,Kuala Lumpur,MMK,False
TXN-20240102-0000117,WALL-0105541,MERCH-00138,PM-01,DEV-01,2024-01-02 14:28:12,129.27,0.0,6.4633,12,Success,Purchase,Cebu City,PHP,False
TXN-20240102-0000118,WALL-0141256,MERCH-00262,PM-02,DEV-03,2024-01-02 06:14:00,6.0,0.012,0.0,0,Success,Subscription,Da Nang,VND,False
TXN-20240102-0000119,WALL-0009921,MERCH-00199,PM-01,DEV-01,2024-01-02 00:35:42,22.14,0.0,0.0,2,Success,Purchase,Ahmedabad,MMK,False
TXN-20240102-0000120,WALL-0079771,MERCH-00170,PM-03,DEV-02,2024-01-02 18:32:26,31.87,0.255,1.5935,3,Success,Purchase,Bago,MMK,False
TXN-20240102-0000121,WALL-0000512,MERCH-00015,PM-01,DEV-03,2024-01-02 15:32:10,10.25,0.0,0.2051,1,Success,Purchase,Bago,MMK,False
TXN-20240102-0000122,WALL-0135061,MERCH-00071,PM-03,DEV-01,2024-01-02 12:56:52,60.0,0.48,1.2,6,Success,Purchase,Johor Bahru,INR,False
TXN-20240102-0000123,WALL-0079014,MERCH-00253,PM-04,DEV-01,2024-01-02 14:31:19,26.68,0.5337,0.0,2,Success,Subscription,Johor Bahru,MYR,True
TXN-20240102-0000124,WALL-0059002,MERCH-00017,PM-01,DEV-01,2024-01-02 12:21:35,5.4,0.0,0.108,0,Success,Purchase,Ho Chi Minh City,VND,False
TXN-20240102-0000125,WALL-0011300,MERCH-00436,PM-01,DEV-01,2024-01-02 19:31:25,456.15,0.0,0.0,45,Success,Tax Payment,Jakarta,IDR,False
TXN-20240102-0000126,WALL-0126067,MERCH-00092,PM-05,DEV-01,2024-01-02 18:03:05,48.13,0.0,0.0,4,Success,Purchase,Davao,PHP,False
TXN-20240102-0000127,WALL-0101308,MERCH-00056,PM-04,DEV-03,2024-01-02 22:22:57,17.02,0.3404,0.3404,1,Success,Purchase,Mawlamyine,MMK,False
TXN-20240102-0000128,WALL-0035523,MERCH-00203,PM-01,DEV-05,2024-01-02 20:46:21,8.79,0.0,0.0,0,Success,Purchase,Mandalay,MMK,False
TXN-20240102-0000129,WALL-0101551,MERCH-00288,PM-02,DEV-02,2024-01-02 14:52:53,2778.47,5.5569,222.2773,555,Success,Purchase,Yangon,MMK,False
TXN-20240102-0000130,WALL-0135904,MERCH-00499,PM-02,DEV-01,2024-01-02 22:08:22,50.0,0.1,0.0,0,Failed,Payment,Pokhara,NPR,False
TXN-20240102-0000131,WALL-0039413,MERCH-00308,PM-03,DEV-01,2024-01-02 16:12:29,146.47,1.1718,0.0,0,Failed,Purchase,Cebu City,PHP,False
TXN-20240102-0000132,WALL-0031566,MERCH-00058,PM-04,DEV-02,2024-01-02 04:34:03,49.07,0.9815,0.9815,4,Success,Purchase,Bago,MMK,False
TXN-20240102-0000133,WALL-0068656,MERCH-00113,PM-01,DEV-03,2024-01-02 10:32:46,53.17,0.0,0.0,5,Success,Purchase,Kolkata,INR,False
TXN-20240102-0000134,WALL-0134649,MERCH-00427,PM-02,DEV-01,2024-01-02 21:39:38,61.89,0.1238,0.0,6,Success,Payment,Naypyidaw,MMK,False
TXN-20240102-0000135,WALL-0045241,MERCH-00269,PM-01,DEV-01,2024-01-02 16:46:41,6.88,0.0,0.0,0,Success,Subscription,Hanoi,VND,False
TXN-20240102-0000136,WALL-0132116,MERCH-00200,PM-01,DEV-01,2024-01-02 10:48:31,10.85,0.0,0.0,1,Success,Purchase,Delhi,MMK,False
TXN-20240102-0000137,WALL-0132231,MERCH-00242,PM-04,DEV-03,2024-01-02 16:27:47,29.59,0.5917,0.0,2,Success,Subscription,Mandalay,MMK,False
TXN-20240102-0000138,WALL-0039504,MERCH-00376,PM-04,DEV-01,2024-01-02 07:11:26,72.93,1.4587,0.0,7,Success,Purchase,Yangon,MMK,False
TXN-20240102-0000139,WALL-0113263,MERCH-00160,PM-04,DEV-02,2024-01-02 19:43:13,52.95,1.0589,2.6473,5,Success,Purchase,Pokhara,NPR,False
TXN-20240102-0000140,WALL-0001918,MERCH-00121,PM-02,DEV-02,2024-01-02 16:22:27,54.29,0.1086,0.0,0,Reversed,Purchase,Islamabad,PKR,False
TXN-20240102-0000141,WALL-0079756,MERCH-00412,PM-01,DEV-01,2024-01-02 11:45:04,23.31,0.0,0.0,2,Success,Payment,Jakarta,VND,False
TXN-20240102-0000142,WALL-0124915,MERCH-00165,PM-03,DEV-01,2024-01-02 11:58:21,178.44,1.4275,8.9219,17,Success,Purchase,Penang,MYR,False
TXN-20240102-0000143,WALL-0131267,MERCH-00392,PM-02,DEV-01,2024-01-02 11:39:03,87.32,0.1746,0.0,8,Success,Purchase,Medan,IDR,False
TXN-20240102-0000144,WALL-0112997,MERCH-00305,PM-04,DEV-03,2024-01-02 20:02:48,207.85,4.157,16.628,41,Success,Purchase,Ho Chi Minh City,VND,False
TXN-20240102-0000145,WALL-0135379,MERCH-00052,PM-02,DEV-03,2024-01-02 16:14:04,9.51,0.019,0.1903,0,Success,Purchase,Kathmandu,NPR,False
TXN-20240102-0000146,WALL-0144384,MERCH-00004,PM-03,DEV-01,2024-01-02 13:36:15,9.85,0.0788,0.197,0,Success,Purchase,Mawlamyine,MMK,False
TXN-20240102-0000147,WALL-0089604,MERCH-00117,PM-04,DEV-02,2024-01-02 08:02:44,59.34,1.1869,0.0,5,Success,Purchase,Ahmedabad,INR,False
TXN-20240102-0000148,WALL-0052589,MERCH-00224,PM-02,DEV-01,2024-01-02 13:45:35,18.93,0.0379,0.0,1,Success,Purchase,Pathein,MMK,False
TXN-20240102-0000149,WALL-0135439,MERCH-00016,PM-04,DEV-01,2024-01-02 20:29:22,17.94,0.3588,0.3588,1,Success,Purchase,Colombo,LKR,False
TXN-20240102-0000150,WALL-0068790,MERCH-00003,PM-04,DEV-03,2024-01-02 21:23:25,21.33,0.4266,0.4266,2,Success,Purchase,Delhi,INR,False
TXN-20240102-0000151,WALL-0106628,MERCH-00029,PM-04,DEV-01,2024-01-02 17:29:33,22.18,0.4436,0.4436,2,Success,Purchase,Naypyidaw,MMK,False
TXN-20240102-0000152,WALL-0023570,MERCH-00136,PM-03,DEV-01,2024-01-02 17:57:19,62.09,0.4967,3.1045,6,Success,Purchase,Mawlamyine,MMK,False
TXN-20240102-0000153,WALL-0014846,MERCH-00316,PM-01,DEV-01,2024-01-02 06:42:52,50.79,0.0,0.0,5,Success,Bill Payment,Myitkyina,MMK,False
TXN-20240102-0000154,WALL-0028870,MERCH-00099,PM-02,DEV-01,2024-01-02 14:14:07,30.97,0.0619,0.0,3,Success,Purchase,Naypyidaw,MMK,False
TXN-20240102-0000155,WALL-0118041,MERCH-00424,PM-04,DEV-03,2024-01-02 21:03:23,31.04,0.6208,0.0,3,Success,Payment,Mawlamyine,MMK,False
TXN-20240102-0000156,WALL-0021704,MERCH-00258,PM-04,DEV-02,2024-01-02 00:23:04,20.41,0.4082,0.0,2,Success,Subscription,Da Nang,VND,False
TXN-20240102-0000157,WALL-0020228,MERCH-00096,PM-01,DEV-01,2024-01-02 18:10:06,43.19,0.0,0.0,4,Success,Purchase,Lahore,PKR,False
TXN-20240102-0000158,WALL-0035504,MERCH-00230,PM-03,DEV-01,2024-01-02 23:06:30,13.12,0.105,0.0,1,Success,Purchase,Hanoi,MMK,False
TXN-20240102-0000159,WALL-0143491,MERCH-00200,PM-03,DEV-01,2024-01-02 13:01:59,5.9,0.0472,0.0,0,Success,Purchase,Cebu City,PHP,False
TXN-20240102-0000160,WALL-0117876,MERCH-00060,PM-01,DEV-01,2024-01-02 16:45:45,5.0,0.0,0.1,0,Success,Purchase,Kuala Lumpur,NPR,False
TXN-20240102-0000161,WALL-0032094,MERCH-00156,PM-01,DEV-03,2024-01-02 14:33:12,315.11,0.0,0.0,0,Failed,Purchase,Naypyidaw,MMK,False
TXN-20240102-0000162,WALL-0000882,MERCH-00020,PM-04,DEV-01,2024-01-02 16:05:06,26.23,0.5247,0.5247,2,Success,Purchase,Myitkyina,MMK,False
TXN-20240102-0000163,WALL-0124725,MERCH-00228,PM-03,DEV-01,2024-01-02 18:21:51,10.01,0.0801,0.0,1,Success,Purchase,Mawlamyine,MMK,False
TXN-20240102-0000164,WALL-0137249,MERCH-00207,PM-04,DEV-03,2024-01-02 19:04:25,7.78,0.1556,0.0,0,Success,Purchase,Kolkata,INR,False
TXN-20240102-0000165,WALL-0100987,MERCH-00003,PM-01,DEV-01,2024-01-02 17:36:10,14.51,0.0,0.2902,1,Success,Purchase,Myitkyina,MMK,False
TXN-20240102-0000166,WALL-0091374,MERCH-00177,PM-03,DEV-01,2024-01-02 16:54:14,67.04,0.5363,3.3518,6,Success,Purchase,Johor Bahru,SGD,False
TXN-20240102-0000167,WALL-0078993,MERCH-00255,PM-01,DEV-03,2024-01-02 17:23:02,35.93,0.0,0.0,3,Success,Subscription,Penang,MMK,False
TXN-20240102-0000168,WALL-0040709,MERCH-00059,PM-02,DEV-04,2024-01-02 17:26:05,48.6,0.0972,0.972,4,Success,Purchase,Pattaya,THB,False
TXN-20240102-0000169,WALL-0021632,MERCH-00065,PM-02,DEV-04,2024-01-02 10:29:18,7.69,0.0154,0.0,0,Reversed,Purchase,Taunggyi,MMK,False
TXN-20240102-0000170,WALL-0134478,MERCH-00214,PM-04,DEV-01,2024-01-02 16:03:26,28.18,0.5637,0.0,2,Success,Purchase,Mawlamyine,MMK,False
TXN-20240102-0000171,WALL-0132140,MERCH-00250,PM-02,DEV-01,2024-01-02 12:40:07,14.84,0.0297,0.0,1,Success,Subscription,Pokhara,MYR,False
TXN-20240102-0000172,WALL-0099102,MERCH-00160,PM-03,DEV-03,2024-01-02 14:10:54,105.86,0.8469,5.2929,10,Success,Purchase,Ho Chi Minh City,VND,False
TXN-20240102-0000173,WALL-0066191,MERCH-00490,PM-04,DEV-02,2024-01-02 17:26:34,409.62,8.1923,0.0,40,Success,Payment,Da Nang,VND,False
TXN-20240102-0000174,WALL-0144712,MERCH-00026,PM-03,DEV-01,2024-01-02 17:03:29,17.71,0.1417,0.3543,1,Success,Purchase,Quezon City,MMK,False
TXN-20240102-0000175,WALL-0005662,MERCH-00201,PM-04,DEV-03,2024-01-02 08:10:06,9.2,0.1839,0.0,0,Success,Purchase,Yangon,MMK,False
TXN-20240102-0000176,WALL-0097734,MERCH-00200,PM-01,DEV-01,2024-01-02 16:30:33,23.62,0.0,0.0,2,Success,Purchase,Bago,MMK,False
TXN-20240102-0000177,WALL-0014960,MERCH-00010,PM-04,DEV-01,2024-01-02 13:14:39,17.71,0.3541,0.3541,1,Success,Purchase,Kolkata,INR,False
TXN-20240102-0000178,WALL-0001348,MERCH-00088,PM-02,DEV-02,2024-01-02 05:09:17,83.27,0.1665,0.0,8,Success,Purchase,Ho Chi Minh City,VND,False
TXN-20240102-0000179,WALL-0040293,MERCH-00432,PM-02,DEV-01,2024-01-02 17:22:12,53.08,0.1062,0.0,5,Success,Tax Payment,Kathmandu,NPR,False
TXN-20240102-0000180,WALL-0036446,MERCH-00418,PM-02,DEV-01,2024-01-02 14:46:56,207.26,0.4145,0.0,20,Success,Payment,Pune,INR,False
TXN-20240102-0000181,WALL-0033632,MERCH-00108,PM-01,DEV-01,2024-01-02 17:01:44,39.24,0.0,0.0,3,Success,Purchase,Phuket,MMK,False
TXN-20240102-0000182,WALL-0015967,MERCH-00017,PM-04,DEV-01,2024-01-02 20:42:26,8.17,0.1635,0.1635,0,Success,Purchase,Myitkyina,MMK,False
TXN-20240102-0000183,WALL-0089697,MERCH-00283,PM-03,DEV-03,2024-01-02 17:18:35,350.35,2.8028,28.0278,70,Success,Purchase,Kandy,LKR,False
TXN-20240102-0000184,WALL-0105757,MERCH-00488,PM-02,DEV-01,2024-01-02 18:21:19,348.3,0.6966,0.0,34,Success,Payment,Phuket,THB,False
TXN-20240102-0000185,WALL-0133882,MERCH-00310,PM-01,DEV-02,2024-01-02 00:40:55,395.93,0.0,31.6747,79,Success,Purchase,Davao,PHP,False
TXN-20240102-0000186,WALL-0045797,MERCH-00050,PM-01,DEV-01,2024-01-02 13:09:37,16.52,0.0,0.3304,1,Success,Purchase,Khon Kaen,THB,False
TXN-20240102-0000187,WALL-0086930,MERCH-00147,PM-01,DEV-03,2024-01-02 20:29:46,20.0,0.0,1.0,2,Success,Purchase,Kuala Lumpur,MYR,False
TXN-20240102-0000188,WALL-0033284,MERCH-00017,PM-01,DEV-01,2024-01-02 13:48:29,15.83,0.0,0.3165,1,Success,Purchase,Jakarta,IDR,False
TXN-20240102-0000189,WALL-0060656,MERCH-00064,PM-04,DEV-02,2024-01-02 13:09:07,16.55,0.3309,0.3309,1,Success,Purchase,Chiang Mai,MMK,False
TXN-20240102-0000190,WALL-0112128,MERCH-00233,PM-01,DEV-01,2024-01-02 10:56:22,27.19,0.0,0.0,2,Success,Subscription,Singapore,SGD,False
TXN-20240102-0000191,WALL-0122955,MERCH-00380,PM-01,DEV-01,2024-01-02 18:36:28,42.63,0.0,0.0,4,Success,Purchase,Bangkok,THB,False
TXN-20240102-0000192,WALL-0132750,MERCH-00330,PM-01,DEV-01,2024-01-02 16:27:39,95.32,0.0,0.0,9,Success,Bill Payment,Pathein,MMK,False
TXN-20240102-0000193,WALL-0135433,MERCH-00206,PM-01,DEV-01,2024-01-02 06:17:05,6.99,0.0,0.0,0,Success,Purchase,Kuala Lumpur,MYR,False
TXN-20240102-0000194,WALL-0051362,MERCH-00316,PM-01,DEV-02,2024-01-02 06:47:48,123.13,0.0,0.0,12,Success,Bill Payment,Yangon,MMK,False
TXN-20240102-0000195,WALL-0076339,MERCH-00357,PM-02,DEV-04,2024-01-02 16:52:04,44.78,0.0896,0.0,4,Success,Bill Payment,Lahore,PKR,False
TXN-20240102-0000196,WALL-0139972,MERCH-00341,PM-01,DEV-01,2024-01-02 21:23:05,39.95,0.0,0.0,3,Success,Bill Payment,Manila,PHP,False
TXN-20240102-0000197,WALL-0018432,MERCH-00356,PM-04,DEV-01,2024-01-02 16:12:06,27.62,0.5524,0.0,2,Success,Bill Payment,Da Nang,MMK,False
TXN-20240102-0000198,WALL-0095668,MERCH-00042,PM-02,DEV-01,2024-01-02 12:41:38,13.54,0.0271,0.2708,1,Success,Purchase,Da Nang,VND,False
TXN-20240102-0000199,WALL-0121077,MERCH-00011,PM-01,DEV-01,2024-01-02 08:47:27,10.39,0.0,0.2078,1,Success,Purchase,Hanoi,VND,False
TXN-20240102-0000200,WALL-0128680,MERCH-00398,PM-04,DEV-03,2024-01-02 21:55:05,56.53,1.1307,0.0,5,Success,Purchase,Pathein,MMK,False
TXN-20240102-0000201,WALL-0099641,MERCH-00153,PM-02,DEV-01,2024-01-02 18:56:42,76.48,0.153,3.824,7,Success,Purchase,Manila,PHP,False
TXN-20240102-0000202,WALL-0022241,MERCH-00393,PM-01,DEV-01,2024-01-02 13:05:35,35.11,0.0,0.0,3,Success,Purchase,Kuala Lumpur,MYR,False
TXN-20240102-0000203,WALL-0014005,MERCH-00230,PM-03,DEV-03,2024-01-02 18:07:55,6.26,0.0501,0.0,0,Success,Purchase,Lahore,PKR,False
TXN-20240102-0000204,WALL-0067096,MERCH-00189,PM-01,DEV-01,2024-01-02 16:02:27,415.49,0.0,20.7746,41,Success,Purchase,Ho Chi Minh City,INR,False
TXN-20240102-0000205,WALL-0104361,MERCH-00063,PM-03,DEV-01,2024-01-02 12:21:51,18.42,0.1474,0.3685,1,Success,Purchase,Lahore,PKR,False
TXN-20240102-0000206,WALL-0033219,MERCH-00334,PM-01,DEV-03,2024-01-02 20:38:06,82.71,0.0,0.0,8,Success,Bill Payment,Chiang Mai,THB,False
TXN-20240102-0000207,WALL-0025383,MERCH-00201,PM-02,DEV-01,2024-01-02 16:04:21,15.88,0.0318,0.0,1,Success,Purchase,Bangkok,THB,False
TXN-20240102-0000208,WALL-0123308,MERCH-00370,PM-01,DEV-01,2024-01-02 18:12:06,27.77,0.0,0.0,2,Success,Bill Payment,Islamabad,PKR,False
TXN-20240102-0000209,WALL-0045172,MERCH-00266,PM-02,DEV-03,2024-01-02 20:54:15,16.54,0.0331,0.0,1,Success,Subscription,Phnom Penh,KHR,False
TXN-20240102-0000210,WALL-0142000,MERCH-00069,PM-02,DEV-02,2024-01-02 15:09:09,19.8,0.0396,0.3959,1,Success,Purchase,Colombo,LKR,False
TXN-20240102-0000211,WALL-0073805,MERCH-00161,PM-03,DEV-03,2024-01-02 07:39:37,76.62,0.613,3.8311,7,Success,Purchase,Siem Reap,MMK,False
TXN-20240102-0000212,WALL-0017329,MERCH-00193,PM-01,DEV-01,2024-01-02 06:03:03,34.54,0.0,0.0,3,Success,Purchase,Manila,PHP,False
TXN-20240102-0000213,WALL-0115518,MERCH-00408,PM-01,DEV-01,2024-01-02 05:11:11,23.73,0.0,0.0,2,Success,Payment,Jakarta,IDR,False
TXN-20240102-0000214,WALL-0136641,MERCH-00333,PM-02,DEV-01,2024-01-02 19:15:17,83.43,0.1669,0.0,8,Success,Bill Payment,Bangalore,INR,False
TXN-20240102-0000215,WALL-0080625,MERCH-00012,PM-02,DEV-04,2024-01-02 20:33:17,29.33,0.0587,0.5867,2,Success,Purchase,Ahmedabad,INR,False
TXN-20240102-0000216,WALL-0077138,MERCH-00169,PM-01,DEV-02,2024-01-02 23:04:42,400.85,0.0,20.0423,40,Success,Purchase,Mandalay,MMK,False
TXN-20240102-0000217,WALL-0084694,MERCH-00244,PM-03,DEV-01,2024-01-02 03:34:10,37.2,0.2976,0.0,3,Success,Subscription,Khon Kaen,THB,True
TXN-20240102-0000218,WALL-0116281,MERCH-00344,PM-01,DEV-01,2024-01-02 11:26:40,42.19,0.0,0.0,4,Success,Bill Payment,Naypyidaw,MMK,False
TXN-20240102-0000219,WALL-0026759,MERCH-00029,PM-01,DEV-01,2024-01-02 18:19:11,16.76,0.0,0.3352,1,Success,Purchase,Taunggyi,MMK,False
TXN-20240102-0000220,WALL-0136637,MERCH-00111,PM-01,DEV-01,2024-01-02 06:17:00,99.82,0.0,0.0,9,Success,Purchase,Kathmandu,MYR,False
TXN-20240102-0000221,WALL-0116443,MERCH-00211,PM-03,DEV-03,2024-01-02 08:34:03,5.89,0.0471,0.0,0,Success,Purchase,Surabaya,IDR,False
TXN-20240102-0000222,WALL-0089955,MERCH-00366,PM-01,DEV-04,2024-01-02 09:36:12,64.85,0.0,0.0,6,Success,Bill Payment,Singapore,SGD,False
TXN-20240102-0000223,WALL-0098067,MERCH-00189,PM-01,DEV-04,2024-01-02 18:01:34,237.32,0.0,11.8658,23,Success,Purchase,Chittagong,BDT,False
TXN-20240102-0000224,WALL-0073192,MERCH-00388,PM-02,DEV-04,2024-01-02 10:40:01,65.14,0.1303,0.0,6,Success,Purchase,Naypyidaw,MMK,False
TXN-20240102-0000225,WALL-0006179,MERCH-00095,PM-01,DEV-01,2024-01-02 13:54:32,24.55,0.0,0.0,2,Success,Purchase,Bago,INR,False
TXN-20240102-0000226,WALL-0026592,MERCH-00171,PM-01,DEV-01,2024-01-02 03:53:57,48.08,0.0,2.4042,4,Success,Purchase,Yangon,MMK,False
TXN-20240102-0000227,WALL-0138165,MERCH-00325,PM-02,DEV-01,2024-01-02 20:29:45,236.04,0.4721,0.0,23,Success,Bill Payment,Khon Kaen,THB,False
TXN-20240102-0000228,WALL-0117942,MERCH-00204,PM-02,DEV-03,2024-01-02 10:29:59,23.73,0.0475,0.0,2,Success,Purchase,Bago,MMK,False
TXN-20240102-0000229,WALL-0073101,MERCH-00391,PM-01,DEV-01,2024-01-02 11:29:04,116.32,0.0,0.0,11,Success,Purchase,Delhi,INR,False
TXN-20240102-0000230,WALL-0031994,MERCH-00198,PM-03,DEV-02,2024-01-02 08:38:48,8.55,0.0684,0.0,0,Success,Purchase,Pune,INR,False
TXN-20240102-0000231,WALL-0120644,MERCH-00212,PM-03,DEV-02,2024-01-02 15:11:11,12.35,0.0988,0.0,1,Success,Purchase,Surabaya,MMK,False
TXN-20240102-0000232,WALL-0059201,MERCH-00199,PM-03,DEV-01,2024-01-02 17:56:04,11.97,0.0958,0.0,1,Success,Purchase,Mawlamyine,MMK,False
TXN-20240102-0000233,WALL-0074442,MERCH-00094,PM-01,DEV-01,2024-01-02 12:31:05,29.16,0.0,0.0,0,Reversed,Purchase,Bago,MMK,False
TXN-20240102-0000234,WALL-0113323,MERCH-00262,PM-05,DEV-01,2024-01-02 08:32:14,17.48,0.0,0.0,1,Success,Subscription,Manila,PHP,False
TXN-20240102-0000235,WALL-0048715,MERCH-00139,PM-01,DEV-01,2024-01-02 13:29:54,260.94,0.0,13.0468,26,Success,Purchase,Singapore,SGD,False
TXN-20240102-0000236,WALL-0071691,MERCH-00047,PM-04,DEV-01,2024-01-02 08:09:20,24.76,0.4953,0.4953,2,Success,Purchase,Cebu City,INR,False
TXN-20240102-0000237,WALL-0104228,MERCH-00238,PM-02,DEV-05,2024-01-02 14:17:06,14.1,0.0282,0.0,1,Success,Subscription,Mumbai,INR,False
TXN-20240102-0000238,WALL-0098683,MERCH-00286,PM-03,DEV-05,2024-01-02 13:38:43,786.99,6.2959,62.959,157,Success,Purchase,Kolkata,INR,False
TXN-20240102-0000239,WALL-0006412,MERCH-00033,PM-01,DEV-03,2024-01-02 08:41:20,41.23,0.0,0.8246,4,Success,Purchase,Myitkyina,MMK,False
TXN-20240102-0000240,WALL-0047767,MERCH-00348,PM-04,DEV-01,2024-01-02 16:46:09,26.74,0.5347,0.0,2,Success,Bill Payment,Naypyidaw,MMK,False
TXN-20240102-0000241,WALL-0102315,MERCH-00278,PM-02,DEV-01,2024-01-02 11:40:47,692.32,1.3846,55.3856,138,Success,Purchase,Cebu City,MMK,False
TXN-20240102-0000242,WALL-0057835,MERCH-00011,PM-02,DEV-01,2024-01-02 20:58:13,42.87,0.0857,0.8574,4,Success,Purchase,Colombo,MMK,False
TXN-20240102-0000243,WALL-0058816,MERCH-00279,PM-04,DEV-03,2024-01-02 02:26:28,394.64,7.8929,31.5715,78,Success,Purchase,Mawlamyine,MMK,False
TXN-20240102-0000244,WALL-0025678,MERCH-00434,PM-03,DEV-01,2024-01-02 21:49:07,144.55,1.1564,0.0,14,Success,Tax Payment,Mandalay,MMK,False
TXN-20240102-0000245,WALL-0039017,MERCH-00018,PM-01,DEV-03,2024-01-02 18:24:23,39.88,0.0,0.0,0,Reversed,Purchase,Mandalay,MMK,False
TXN-20240102-0000246,WALL-0021672,MERCH-00001,PM-05,DEV-01,2024-01-02 12:51:44,21.67,0.0,0.0,0,Failed,Purchase,Ho Chi Minh City,VND,False
TXN-20240102-0000247,WALL-0046524,MERCH-00033,PM-03,DEV-01,2024-01-02 07:13:11,21.21,0.1697,0.4242,2,Success,Purchase,Naypyidaw,MMK,False
TXN-20240102-0000248,WALL-0055248,MERCH-00213,PM-01,DEV-01,2024-01-02 19:58:45,21.39,0.0,0.0,2,Success,Purchase,Taunggyi,MMK,False
TXN-20240102-0000249,WALL-0076041,MERCH-00336,PM-03,DEV-02,2024-01-02 08:40:26,68.96,0.5516,0.0,6,Success,Bill Payment,Phnom Penh,KHR,False
TXN-20240102-0000250,WALL-0069171,MERCH-00225,PM-02,DEV-01,2024-01-02 14:30:47,10.08,0.0202,0.0,1,Success,Purchase,Hanoi,VND,False
TXN-20240102-0000251,WALL-0073512,MERCH-00422,PM-01,DEV-01,2024-01-02 15:32:21,515.61,0.0,0.0,51,Success,Payment,Siem Reap,KHR,False
TXN-20240102-0000252,WALL-0091068,MERCH-00327,PM-04,DEV-05,2024-01-02 13:58:16,162.44,3.2487,0.0,16,Success,Bill Payment,Taunggyi,MMK,False
TXN-20240102-0000253,WALL-0128862,MERCH-00349,PM-03,DEV-01,2024-01-02 11:26:27,64.62,0.517,0.0,6,Success,Bill Payment,Jaipur,INR,False
TXN-20240102-0000254,WALL-0145698,MERCH-00357,PM-01,DEV-04,2024-01-02 20:07:08,21.21,0.0,0.0,2,Success,Bill Payment,Mumbai,INR,False
TXN-20240102-0000255,WALL-0018519,MERCH-00471,PM-02,DEV-01,2024-01-02 16:12:11,50.74,0.1015,0.0,5,Success,Payment,Pattaya,THB,False
TXN-20240102-0000256,WALL-0060249,MERCH-00059,PM-02,DEV-02,2024-01-02 21:50:40,9.89,0.0198,0.1978,0,Success,Purchase,Hyderabad,INR,False
TXN-20240102-0000257,WALL-0026226,MERCH-00378,PM-04,DEV-01,2024-01-02 13:00:11,109.7,2.1941,0.0,10,Success,Purchase,Naypyidaw,MMK,False
TXN-20240102-0000258,WALL-0081873,MERCH-00123,PM-04,DEV-01,2024-01-02 20:31:39,54.94,1.0987,0.0,5,Success,Purchase,Davao,PHP,False
TXN-20240102-0000259,WALL-0092841,MERCH-00121,PM-01,DEV-02,2024-01-02 07:01:05,88.44,0.0,0.0,8,Success,Purchase,Colombo,LKR,False
TXN-20240102-0000260,WALL-0094599,MERCH-00382,PM-01,DEV-01,2024-01-02 06:58:18,57.72,0.0,0.0,5,Success,Purchase,Pokhara,NPR,False
TXN-20240102-0000261,WALL-0004335,MERCH-00199,PM-05,DEV-01,2024-01-02 15:02:45,12.71,0.0,0.0,1,Success,Purchase,Colombo,LKR,False
TXN-20240102-0000262,WALL-0036279,MERCH-00275,PM-02,DEV-02,2024-01-02 20:53:56,757.73,1.5155,60.6187,151,Success,Purchase,Jakarta,IDR,False
TXN-20240102-0000263,WALL-0115973,MERCH-00229,PM-01,DEV-01,2024-01-02 14:44:33,35.13,0.0,0.0,3,Success,Purchase,Chittagong,BDT,False
TXN-20240102-0000264,WALL-0075333,MERCH-00337,PM-05,DEV-02,2024-01-02 14:11:43,118.33,0.0,0.0,11,Success,Bill Payment,Pathein,MMK,False
TXN-20240102-0000265,WALL-0135790,MERCH-00426,PM-03,DEV-02,2024-01-02 13:06:38,20.0,0.16,0.0,2,Success,Payment,Davao,PHP,False
TXN-20240102-0000266,WALL-0124193,MERCH-00004,PM-01,DEV-01,2024-01-02 18:55:52,25.64,0.0,0.5129,2,Success,Purchase,Kuala Lumpur,MYR,False
TXN-20240102-0000267,WALL-0101737,MERCH-00444,PM-02,DEV-01,2024-01-02 14:17:16,346.76,0.6935,0.0,34,Success,Tax Payment,Pattaya,THB,False
TXN-20240102-0000268,WALL-0009076,MERCH-00396,PM-01,DEV-02,2024-01-02 12:20:05,74.05,0.0,0.0,7,Success,Purchase,Bandung,INR,False
TXN-20240102-0000269,WALL-0116996,MERCH-00164,PM-02,DEV-01,2024-01-02 21:50:11,35.66,0.0713,1.7829,3,Success,Purchase,Taunggyi,MMK,False
TXN-20240102-0000270,WALL-0126500,MERCH-00438,PM-02,DEV-03,2024-01-02 20:25:41,450.65,0.9013,0.0,45,Success,Tax Payment,Bali,IDR,False
TXN-20240102-0000271,WALL-0081095,MERCH-00397,PM-02,DEV-05,2024-01-02 12:37:10,50.45,0.1009,0.0,5,Success,Purchase,Naypyidaw,MMK,False
TXN-20240102-0000272,WALL-0136097,MERCH-00043,PM-01,DEV-01,2024-01-02 11:55:27,9.28,0.0,0.1855,0,Success,Purchase,Cebu City,MMK,False
TXN-20240102-0000273,WALL-0023598,MERCH-00447,PM-04,DEV-02,2024-01-02 17:53:05,219.11,4.3823,0.0,21,Success,Tax Payment,Jaipur,INR,False
TXN-20240102-0000274,WALL-0053152,MERCH-00021,PM-01,DEV-02,2024-01-02 14:11:58,20.8,0.0,0.4161,2,Success,Purchase,Lahore,PKR,False
TXN-20240102-0000275,WALL-0081762,MERCH-00307,PM-02,DEV-02,2024-01-02 19:29:25,365.18,0.7304,29.2142,73,Success,Purchase,Singapore,SGD,False
TXN-20240102-0000276,WALL-0090866,MERCH-00421,PM-03,DEV-02,2024-01-02 02:19:06,150.12,1.2009,0.0,15,Success,Payment,Naypyidaw,MMK,False
TXN-20240102-0000277,WALL-0135775,MERCH-00093,PM-01,DEV-02,2024-01-02 11:22:16,142.18,0.0,0.0,14,Success,Purchase,Bago,MMK,False
TXN-20240102-0000278,WALL-0004970,MERCH-00013,PM-03,DEV-05,2024-01-02 15:24:36,39.86,0.3188,0.7971,3,Success,Purchase,Johor Bahru,MMK,False
TXN-20240102-0000279,WALL-0068721,MERCH-00277,PM-04,DEV-01,2024-01-02 15:01:39,1266.5,25.3301,0.0,0,Reversed,Purchase,Pathein,MMK,False
TXN-20240102-0000280,WALL-0047216,MERCH-00327,PM-02,DEV-01,2024-01-02 16:21:24,80.32,0.1606,0.0,8,Success,Bill Payment,Chennai,INR,False
TXN-20240102-0000281,WALL-0009532,MERCH-00206,PM-01,DEV-01,2024-01-02 15:01:43,5.0,0.0,0.0,0,Success,Purchase,Ahmedabad,BDT,False
TXN-20240102-0000282,WALL-0085474,MERCH-00058,PM-02,DEV-01,2024-01-02 17:35:11,18.59,0.0372,0.3718,1,Success,Purchase,Pathein,MMK,False
TXN-20240102-0000283,WALL-0127114,MERCH-00329,PM-02,DEV-01,2024-01-02 15:09:47,129.89,0.2598,0.0,12,Success,Bill Payment,Naypyidaw,MMK,False
TXN-20240102-0000284,WALL-0078307,MERCH-00033,PM-03,DEV-03,2024-01-02 13:52:59,25.55,0.2044,0.5109,2,Success,Purchase,Bago,MMK,False
TXN-20240102-0000285,WALL-0003638,MERCH-00126,PM-02,DEV-01,2024-01-02 20:53:21,57.48,0.115,0.0,5,Success,Purchase,Phuket,MMK,False
TXN-20240102-0000286,WALL-0120994,MERCH-00045,PM-01,DEV-04,2024-01-02 18:44:39,5.0,0.0,0.1,0,Success,Purchase,Delhi,MMK,False
TXN-20240102-0000287,WALL-0018659,MERCH-00140,PM-03,DEV-03,2024-01-02 12:01:02,55.09,0.4407,2.7543,5,Success,Purchase,Islamabad,PKR,False
TXN-20240102-0000288,WALL-0021635,MERCH-00131,PM-01,DEV-01,2024-01-02 21:12:04,87.22,0.0,4.3608,8,Success,Purchase,Bangalore,INR,False
TXN-20240102-0000289,WALL-0003536,MERCH-00086,PM-05,DEV-01,2024-01-02 17:35:05,46.53,0.0,0.0,4,Success,Purchase,Naypyidaw,MMK,False
TXN-20240102-0000290,WALL-0093885,MERCH-00397,PM-01,DEV-01,2024-01-02 16:38:21,20.0,0.0,0.0,2,Success,Purchase,Mandalay,MMK,False
TXN-20240102-0000291,WALL-0138002,MERCH-00115,PM-04,DEV-01,2024-01-02 13:51:19,17.01,0.3402,0.0,1,Success,Purchase,Naypyidaw,MMK,False
TXN-20240102-0000292,WALL-0002075,MERCH-00058,PM-01,DEV-01,2024-01-02 15:06:23,10.34,0.0,0.2069,1,Success,Purchase,Chittagong,BDT,False
TXN-20240102-0000293,WALL-0061303,MERCH-00122,PM-02,DEV-02,2024-01-02 13:42:16,31.52,0.063,0.0,3,Success,Purchase,Manila,PHP,False
TXN-20240102-0000294,WALL-0135131,MERCH-00175,PM-05,DEV-02,2024-01-02 23:54:24,29.89,0.0,1.4946,2,Success,Purchase,Bago,IDR,False
TXN-20240102-0000295,WALL-0018741,MERCH-00003,PM-01,DEV-01,2024-01-02 16:47:06,40.0,0.0,0.0,0,Failed,Purchase,Mawlamyine,MMK,False
TXN-20240102-0000296,WALL-0137960,MERCH-00146,PM-04,DEV-01,2024-01-02 03:34:18,79.21,1.5842,3.9605,7,Success,Purchase,Myitkyina,MMK,False
TXN-20240102-0000297,WALL-0003211,MERCH-00385,PM-01,DEV-02,2024-01-02 09:22:44,64.54,0.0,0.0,6,Success,Purchase,Phuket,THB,False
TXN-20240102-0000298,WALL-0068876,MERCH-00073,PM-01,DEV-04,2024-01-02 17:55:33,58.19,0.0,1.1637,5,Success,Purchase,Quezon City,PHP,False
TXN-20240102-0000299,WALL-0111218,MERCH-00411,PM-01,DEV-01,2024-01-02 15:53:14,62.18,0.0,0.0,6,Success,Payment,Bandung,IDR,False
TXN-20240102-0000300,WALL-0066892,MERCH-00152,PM-01,DEV-01,2024-01-02 20:53:28,112.0,0.0,5.5998,11,Success,Purchase,Pune,PHP,False
TXN-20240102-0000301,WALL-0019943,MERCH-00005,PM-01,DEV-01,2024-01-02 01:13:37,30.33,0.0,0.6066,3,Success,Purchase,Yangon,MMK,False
TXN-20240102-0000302,WALL-0088526,MERCH-00203,PM-01,DEV-03,2024-01-02 16:34:06,10.7,0.0,0.0,1,Success,Purchase,Manila,PHP,False
TXN-20240102-0000303,WALL-0148149,MERCH-00040,PM-02,DEV-01,2024-01-02 09:25:45,19.93,0.0399,0.3986,1,Success,Purchase,Naypyidaw,MMK,False
TXN-20240102-0000304,WALL-0011653,MERCH-00336,PM-02,DEV-01,2024-01-02 07:06:40,49.42,0.0988,0.0,4,Success,Bill Payment,Bangalore,INR,False
TXN-20240102-0000305,WALL-0054367,MERCH-00205,PM-04,DEV-02,2024-01-02 12:19:47,10.25,0.2049,0.0,0,Reversed,Purchase,Mandalay,MMK,False
TXN-20240102-0000306,WALL-0075468,MERCH-00045,PM-03,DEV-02,2024-01-02 15:53:11,8.78,0.0703,0.1756,0,Success,Purchase,Myitkyina,MMK,False
TXN-20240102-0000307,WALL-0145388,MERCH-00250,PM-04,DEV-05,2024-01-02 11:24:34,12.7,0.2541,0.0,1,Success,Subscription,Mandalay,MMK,False
TXN-20240102-0000308,WALL-0126685,MERCH-00114,PM-01,DEV-02,2024-01-02 10:52:05,57.28,0.0,0.0,5,Success,Purchase,Bago,MMK,False
TXN-20240102-0000309,WALL-0022348,MERCH-00122,PM-01,DEV-01,2024-01-02 07:45:50,24.69,0.0,0.0,2,Success,Purchase,Colombo,LKR,False
TXN-20240102-0000310,WALL-0080642,MERCH-00145,PM-01,DEV-01,2024-01-02 16:00:31,355.47,0.0,17.7733,35,Success,Purchase,Mandalay,MMK,False
TXN-20240102-0000311,WALL-0121541,MERCH-00204,PM-02,DEV-03,2024-01-02 21:39:55,11.33,0.0227,0.0,1,Success,Purchase,Davao,MMK,False
TXN-20240102-0000312,WALL-0026419,MERCH-00018,PM-05,DEV-01,2024-01-02 21:42:02,18.75,0.0,0.375,1,Success,Purchase,Mandalay,MMK,False
TXN-20240102-0000313,WALL-0075270,MERCH-00409,PM-02,DEV-03,2024-01-02 20:15:08,20.0,0.04,0.0,2,Success,Payment,Singapore,SGD,False
TXN-20240102-0000314,WALL-0052362,MERCH-00106,PM-01,DEV-01,2024-01-02 15:48:50,105.1,0.0,0.0,10,Success,Purchase,Pathein,MMK,False
TXN-20240102-0000315,WALL-0016136,MERCH-00126,PM-01,DEV-01,2024-01-02 12:24:18,98.8,0.0,0.0,9,Success,Purchase,Cebu City,PHP,False
TXN-20240102-0000316,WALL-0045623,MERCH-00064,PM-01,DEV-04,2024-01-02 21:58:48,6.42,0.0,0.1284,0,Success,Purchase,Mumbai,INR,False
TXN-20240102-0000317,WALL-0006696,MERCH-00295,PM-02,DEV-03,2024-01-02 10:18:54,264.06,0.5281,21.1249,52,Success,Purchase,Singapore,SGD,False
TXN-20240102-0000318,WALL-0103759,MERCH-00218,PM-01,DEV-01,2024-01-02 19:56:21,8.55,0.0,0.0,0,Success,Purchase,Taunggyi,MMK,False
TXN-20240102-0000319,WALL-0111476,MERCH-00242,PM-04,DEV-01,2024-01-02 06:14:29,24.94,0.4987,0.0,2,Success,Subscription,Mandalay,MMK,False
TXN-20240102-0000320,WALL-0098617,MERCH-00353,PM-03,DEV-02,2024-01-02 09:41:26,19.57,0.1565,0.0,1,Success,Bill Payment,Naypyidaw,MMK,False
TXN-20240102-0000321,WALL-0016302,MERCH-00270,PM-01,DEV-03,2024-01-02 20:31:02,19.9,0.0,0.0,1,Success,Subscription,Pathein,MMK,False
TXN-20240102-0000322,WALL-0044824,MERCH-00334,PM-01,DEV-01,2024-01-02 14:31:07,99.27,0.0,0.0,9,Success,Bill Payment,Pokhara,MMK,False
TXN-20240102-0000323,WALL-0005567,MERCH-00248,PM-01,DEV-01,2024-01-02 08:40:37,26.8,0.0,0.0,2,Success,Subscription,Bago,MMK,False
TXN-20240102-0000324,WALL-0109723,MERCH-00085,PM-03,DEV-03,2024-01-02 12:37:00,41.17,0.3294,0.0,4,Success,Purchase,Pattaya,THB,False
TXN-20240102-0000325,WALL-0105281,MERCH-00219,PM-02,DEV-03,2024-01-02 18:57:43,17.95,0.0359,0.0,1,Success,Purchase,Bago,MMK,False
TXN-20240102-0000326,WALL-0099045,MERCH-00378,PM-04,DEV-02,2024-01-02 18:07:46,33.64,0.6728,0.0,3,Success,Purchase,Mumbai,INR,False
TXN-20240102-0000327,WALL-0128801,MERCH-00206,PM-02,DEV-01,2024-01-02 12:59:19,15.57,0.0311,0.0,1,Success,Purchase,Jakarta,IDR,False
TXN-20240102-0000328,WALL-0089355,MERCH-00143,PM-01,DEV-04,2024-01-02 15:06:01,80.3,0.0,4.015,8,Success,Purchase,Naypyidaw,MMK,False
TXN-20240102-0000329,WALL-0015201,MERCH-00178,PM-04,DEV-02,2024-01-02 10:50:48,201.9,4.0379,10.0949,20,Success,Purchase,Kandy,VND,False
TXN-20240102-0000330,WALL-0116518,MERCH-00087,PM-04,DEV-01,2024-01-02 13:02:47,61.53,1.2305,0.0,6,Success,Purchase,Chittagong,BDT,False
TXN-20240102-0000331,WALL-0007936,MERCH-00262,PM-03,DEV-02,2024-01-02 21:05:41,18.44,0.1475,0.0,1,Success,Subscription,Lahore,PHP,False
TXN-20240102-0000332,WALL-0128622,MERCH-00361,PM-03,DEV-01,2024-01-02 19:19:09,73.22,0.5858,0.0,7,Success,Bill Payment,Kolkata,INR,False
TXN-20240102-0000333,WALL-0002946,MERCH-00272,PM-01,DEV-01,2024-01-02 06:23:12,246.18,0.0,19.6947,49,Success,Purchase,Taunggyi,MMK,False
TXN-20240102-0000334,WALL-0050774,MERCH-00040,PM-01,DEV-01,2024-01-02 17:47:07,14.99,0.0,0.2997,1,Success,Purchase,Medan,IDR,False
TXN-20240102-0000335,WALL-0127081,MERCH-00448,PM-01,DEV-02,2024-01-02 21:50:50,50.0,0.0,0.0,5,Success,Tax Payment,Cebu City,PHP,False
TXN-20240102-0000336,WALL-0127455,MERCH-00061,PM-03,DEV-02,2024-01-02 18:00:04,30.13,0.241,0.6026,3,Success,Purchase,Karachi,PKR,False
TXN-20240102-0000337,WALL-0095492,MERCH-00111,PM-03,DEV-01,2024-01-02 12:06:39,242.4,1.9392,0.0,24,Success,Purchase,Johor Bahru,MYR,False
TXN-20240102-0000338,WALL-0132195,MERCH-00485,PM-04,DEV-04,2024-01-02 21:55:19,174.42,3.4884,0.0,17,Success,Payment,Delhi,INR,False
TXN-20240102-0000339,WALL-0010304,MERCH-00312,PM-04,DEV-01,2024-01-02 17:17:30,50.44,1.0088,0.0,5,Success,Bill Payment,Yangon,MMK,False
TXN-20240102-0000340,WALL-0000241,MERCH-00305,PM-02,DEV-04,2024-01-02 14:53:28,181.04,0.3621,14.4832,36,Success,Purchase,Mumbai,INR,False
TXN-20240102-0000341,WALL-0016955,MERCH-00114,PM-04,DEV-03,2024-01-02 19:55:15,38.82,0.7765,0.0,3,Success,Purchase,Ahmedabad,PKR,False
TXN-20240102-0000342,WALL-0108184,MERCH-00242,PM-03,DEV-01,2024-01-02 17:35:49,19.13,0.1531,0.0,1,Success,Subscription,Myitkyina,MMK,False
TXN-20240102-0000343,WALL-0047483,MERCH-00007,PM-05,DEV-01,2024-01-02 02:45:45,22.51,0.0,0.4501,2,Success,Purchase,Siem Reap,PKR,False
TXN-20240102-0000344,WALL-0008441,MERCH-00006,PM-01,DEV-03,2024-01-02 10:01:03,11.63,0.0,0.2326,1,Success,Purchase,Yangon,MMK,False
TXN-20240102-0000345,WALL-0097450,MERCH-00064,PM-02,DEV-01,2024-01-02 09:18:34,5.5,0.011,0.11,0,Success,Purchase,Myitkyina,MMK,False
TXN-20240102-0000346,WALL-0039818,MERCH-00086,PM-01,DEV-01,2024-01-02 17:00:11,100.85,0.0,0.0,10,Success,Purchase,Kathmandu,NPR,False
TXN-20240102-0000347,WALL-0002442,MERCH-00446,PM-02,DEV-01,2024-01-02 15:04:54,468.69,0.9374,0.0,46,Success,Tax Payment,Bago,MMK,False
TXN-20240102-0000348,WALL-0141871,MERCH-00264,PM-01,DEV-01,2024-01-02 14:07:30,7.8,0.0,0.0,0,Success,Subscription,Mumbai,INR,False
TXN-20240102-0000349,WALL-0047857,MERCH-00327,PM-01,DEV-01,2024-01-02 01:02:57,66.97,0.0,0.0,6,Success,Bill Payment,Davao,PHP,False
TXN-20240102-0000350,WALL-0027165,MERCH-00094,PM-03,DEV-02,2024-01-02 15:01:23,110.17,0.8814,0.0,11,Success,Purchase,Naypyidaw,MMK,False
TXN-20240102-0000351,WALL-0034411,MERCH-00169,PM-01,DEV-04,2024-01-02 18:40:54,44.3,0.0,2.2151,4,Success,Purchase,Jaipur,INR,False
TXN-20240102-0000352,WALL-0077598,MERCH-00367,PM-01,DEV-01,2024-01-02 06:53:30,37.56,0.0,0.0,3,Success,Bill Payment,Pathein,MMK,False
TXN-20240102-0000353,WALL-0039278,MERCH-00143,PM-01,DEV-01,2024-01-02 14:19:29,29.71,0.0,1.4857,2,Success,Purchase,Delhi,INR,False
TXN-20240102-0000354,WALL-0132346,MERCH-00213,PM-01,DEV-03,2024-01-02 16:08:28,20.36,0.0,0.0,2,Success,Purchase,Mawlamyine,MMK,False
TXN-20240102-0000355,WALL-0134685,MERCH-00407,PM-01,DEV-01,2024-01-02 11:11:35,50.99,0.0,0.0,5,Success,Payment,Taunggyi,MMK,False
TXN-20240102-0000356,WALL-0022419,MERCH-00390,PM-01,DEV-01,2024-01-02 16:04:33,31.37,0.0,0.0,3,Success,Purchase,Kathmandu,NPR,False
TXN-20240102-0000357,WALL-0047225,MERCH-00301,PM-01,DEV-01,2024-01-02 12:44:45,650.63,0.0,52.0505,130,Success,Purchase,Yangon,MMK,False
TXN-20240102-0000358,WALL-0096634,MERCH-00054,PM-03,DEV-03,2024-01-02 11:53:40,12.35,0.0988,0.2469,1,Success,Purchase,Taunggyi,MMK,False
TXN-20240102-0000359,WALL-0082146,MERCH-00158,PM-02,DEV-01,2024-01-02 17:33:45,20.0,0.04,1.0,2,Success,Purchase,Taunggyi,MMK,False
TXN-20240102-0000360,WALL-0080893,MERCH-00223,PM-03,DEV-01,2024-01-02 19:49:20,45.39,0.3631,0.0,4,Success,Purchase,Naypyidaw,MMK,False
TXN-20240102-0000361,WALL-0138082,MERCH-00257,PM-03,DEV-03,2024-01-02 00:14:21,30.09,0.2407,0.0,3,Success,Subscription,Mumbai,INR,False
TXN-20240102-0000362,WALL-0029689,MERCH-00427,PM-01,DEV-03,2024-01-02 14:02:06,39.68,0.0,0.0,3,Success,Payment,Bago,MMK,False
TXN-20240102-0000363,WALL-0098896,MERCH-00437,PM-02,DEV-01,2024-01-02 13:58:22,406.7,0.8134,0.0,40,Success,Tax Payment,Chennai,INR,False
TXN-20240102-0000364,WALL-0146043,MERCH-00287,PM-03,DEV-01,2024-01-02 07:06:18,598.84,4.7907,47.9073,119,Success,Purchase,Pattaya,THB,False
TXN-20240102-0000365,WALL-0012730,MERCH-00264,PM-04,DEV-05,2024-01-02 19:32:10,6.28,0.1256,0.0,0,Success,Subscription,Yangon,MMK,False
TXN-20240102-0000366,WALL-0125996,MERCH-00324,PM-01,DEV-01,2024-01-02 09:48:32,187.51,0.0,0.0,18,Success,Bill Payment,Bangkok,THB,False
TXN-20240102-0000367,WALL-0064661,MERCH-00187,PM-01,DEV-01,2024-01-02 15:53:13,48.37,0.0,2.4186,4,Success,Purchase,Da Nang,NPR,False
TXN-20240102-0000368,WALL-0018741,MERCH-00231,PM-01,DEV-01,2024-01-02 19:25:15,10.45,0.0,0.0,1,Success,Subscription,Chittagong,MMK,False
TXN-20240102-0000369,WALL-0011679,MERCH-00120,PM-01,DEV-04,2024-01-02 15:57:09,80.51,0.0,0.0,0,Failed,Purchase,Delhi,SGD,False
TXN-20240102-0000370,WALL-0144197,MERCH-00018,PM-04,DEV-01,2024-01-02 20:05:27,6.02,0.1204,0.1204,0,Success,Purchase,Cebu City,PHP,False
TXN-20240102-0000371,WALL-0012519,MERCH-00478,PM-01,DEV-01,2024-01-02 12:56:58,172.91,0.0,0.0,17,Success,Payment,Pathein,MMK,False
TXN-20240102-0000372,WALL-0138987,MERCH-00393,PM-02,DEV-01,2024-01-02 21:55:31,81.84,0.1637,0.0,8,Success,Purchase,Myitkyina,MMK,False
TXN-20240102-0000373,WALL-0118019,MERCH-00245,PM-02,DEV-05,2024-01-02 16:38:56,20.0,0.04,0.0,1,Success,Subscription,Da Nang,VND,False
TXN-20240102-0000374,WALL-0136950,MERCH-00028,PM-03,DEV-01,2024-01-02 19:15:03,18.03,0.1443,0.3607,1,Success,Purchase,Ahmedabad,INR,False
TXN-20240102-0000375,WALL-0130041,MERCH-00333,PM-01,DEV-01,2024-01-02 07:44:43,264.04,0.0,0.0,26,Success,Bill Payment,Khon Kaen,PHP,False
TXN-20240102-0000376,WALL-0075862,MERCH-00106,PM-01,DEV-01,2024-01-02 15:10:06,43.52,0.0,0.0,0,Pending,Purchase,Chiang Mai,THB,False
TXN-20240102-0000377,WALL-0101176,MERCH-00174,PM-03,DEV-03,2024-01-02 21:27:57,286.15,2.2892,14.3073,28,Success,Purchase,Bago,MMK,False
TXN-20240102-0000378,WALL-0053241,MERCH-00341,PM-04,DEV-01,2024-01-02 08:45:10,32.37,0.6473,0.0,3,Success,Bill Payment,Naypyidaw,MMK,False
TXN-20240102-0000379,WALL-0135009,MERCH-00034,PM-01,DEV-01,2024-01-02 20:50:23,15.67,0.0,0.3133,1,Success,Purchase,Mawlamyine,MMK,False
TXN-20240102-0000380,WALL-0043616,MERCH-00393,PM-05,DEV-01,2024-01-02 12:27:48,72.26,0.0,0.0,7,Success,Purchase,Ahmedabad,INR,False
TXN-20240102-0000381,WALL-0006804,MERCH-00301,PM-01,DEV-01,2024-01-02 06:34:41,4950.0,0.0,396.0,990,Success,Purchase,Johor Bahru,MYR,False
TXN-20240102-0000382,WALL-0093681,MERCH-00023,PM-05,DEV-01,2024-01-02 11:05:50,44.7,0.0,0.8939,4,Success,Purchase,Pathein,MMK,False
TXN-20240102-0000383,WALL-0113460,MERCH-00111,PM-01,DEV-01,2024-01-02 11:50:57,119.05,0.0,0.0,11,Success,Purchase,Mawlamyine,MMK,False
TXN-20240102-0000384,WALL-0051158,MERCH-00355,PM-03,DEV-02,2024-01-02 12:18:30,42.89,0.3431,0.0,4,Success,Bill Payment,Mandalay,MMK,False
TXN-20240102-0000385,WALL-0044858,MERCH-00391,PM-01,DEV-01,2024-01-02 20:19:51,53.29,0.0,0.0,5,Success,Purchase,Ahmedabad,INR,False
TXN-20240102-0000386,WALL-0114475,MERCH-00047,PM-04,DEV-02,2024-01-02 08:39:55,41.21,0.8241,0.8241,4,Success,Purchase,Dhaka,BDT,False
TXN-20240102-0000387,WALL-0140998,MERCH-00385,PM-03,DEV-01,2024-01-02 08:56:35,20.0,0.16,0.0,2,Success,Purchase,Mandalay,MMK,False
TXN-20240102-0000388,WALL-0053967,MERCH-00103,PM-01,DEV-02,2024-01-02 21:29:19,101.9,0.0,0.0,10,Success,Purchase,Dhaka,BDT,False
TXN-20240102-0000389,WALL-0089326,MERCH-00067,PM-02,DEV-01,2024-01-02 12:05:26,33.25,0.0665,0.6651,3,Success,Purchase,Kuala Lumpur,MYR,False
TXN-20240102-0000390,WALL-0015346,MERCH-00364,PM-02,DEV-01,2024-01-02 12:17:00,46.67,0.0933,0.0,4,Success,Bill Payment,Cebu City,PHP,False
TXN-20240102-0000391,WALL-0014804,MERCH-00343,PM-02,DEV-01,2024-01-02 01:31:41,41.08,0.0822,0.0,4,Success,Bill Payment,Pokhara,NPR,False
TXN-20240102-0000392,WALL-0133875,MERCH-00054,PM-02,DEV-01,2024-01-02 20:43:54,13.93,0.0279,0.2786,1,Success,Purchase,Kathmandu,NPR,False
TXN-20240102-0000393,WALL-0128923,MERCH-00071,PM-02,DEV-01,2024-01-02 09:31:05,34.97,0.0699,0.6993,3,Success,Purchase,Kuala Lumpur,MYR,False
TXN-20240102-0000394,WALL-0078205,MERCH-00247,PM-01,DEV-02,2024-01-02 13:03:46,12.3,0.0,0.0,1,Success,Subscription,Medan,IDR,False
TXN-20240102-0000395,WALL-0070486,MERCH-00169,PM-04,DEV-02,2024-01-02 11:14:55,251.46,5.0293,12.5732,25,Success,Purchase,Bangkok,MMK,False
TXN-20240102-0000396,WALL-0107979,MERCH-00447,PM-02,DEV-01,2024-01-02 13:47:09,885.36,1.7707,0.0,88,Success,Tax Payment,Mandalay,INR,False
TXN-20240102-0000397,WALL-0138006,MERCH-00114,PM-01,DEV-01,2024-01-02 16:29:34,55.89,0.0,0.0,5,Success,Purchase,Pathein,MMK,False
TXN-20240102-0000398,WALL-0003508,MERCH-00235,PM-03,DEV-01,2024-01-02 13:41:05,9.81,0.0785,0.0,0,Success,Subscription,Jakarta,MMK,False
TXN-20240102-0000399,WALL-0030265,MERCH-00404,PM-01,DEV-01,2024-01-02 10:25:25,115.78,0.0,0.0,11,Success,Payment,Johor Bahru,MYR,False
TXN-20240102-0000400,WALL-0094731,MERCH-00330,PM-01,DEV-01,2024-01-02 12:28:09,65.2,0.0,0.0,0,Failed,Bill Payment,Bago,MMK,False
TXN-20240102-0000401,WALL-0087068,MERCH-00117,PM-03,DEV-03,2024-01-02 15:58:33,108.81,0.8704,0.0,10,Success,Purchase,Jaipur,INR,False
TXN-20240102-0000402,WALL-0011372,MERCH-00268,PM-03,DEV-01,2024-01-02 01:13:48,10.53,0.0842,0.0,1,Success,Subscription,Naypyidaw,MMK,False
TXN-20240102-0000403,WALL-0052890,MERCH-00050,PM-01,DEV-05,2024-01-02 00:14:17,16.02,0.0,0.3203,1,Success,Purchase,Mawlamyine,MMK,False
TXN-20240102-0000404,WALL-0120325,MERCH-00314,PM-03,DEV-01,2024-01-02 18:36:30,81.2,0.6496,0.0,8,Success,Bill Payment,Manila,PHP,False
TXN-20240102-0000405,WALL-0132874,MERCH-00318,PM-04,DEV-02,2024-01-02 17:54:59,131.78,2.6355,0.0,13,Success,Bill Payment,Kathmandu,NPR,False
TXN-20240102-0000406,WALL-0101826,MERCH-00027,PM-01,DEV-01,2024-01-02 16:09:50,6.88,0.0,0.1376,0,Success,Purchase,Phnom Penh,KHR,False
TXN-20240102-0000407,WALL-0063741,MERCH-00301,PM-04,DEV-01,2024-01-02 15:45:05,958.33,19.1666,76.6663,191,Success,Purchase,Bangalore,INR,False
TXN-20240102-0000408,WALL-0098291,MERCH-00018,PM-01,DEV-05,2024-01-02 13:14:25,24.31,0.0,0.4862,2,Success,Purchase,Quezon City,PHP,False
TXN-20240102-0000409,WALL-0140833,MERCH-00005,PM-03,DEV-01,2024-01-02 15:01:52,11.71,0.0937,0.0,0,Pending,Purchase,Kolkata,INR,False
TXN-20240102-0000410,WALL-0145369,MERCH-00039,PM-01,DEV-02,2024-01-02 04:54:36,9.45,0.0,0.1889,0,Success,Purchase,Taunggyi,MMK,False
TXN-20240102-0000411,WALL-0023177,MERCH-00296,PM-01,DEV-04,2024-01-02 18:00:33,851.09,0.0,68.0869,170,Success,Purchase,Kandy,LKR,False
TXN-20240102-0000412,WALL-0043235,MERCH-00278,PM-02,DEV-04,2024-01-02 20:22:45,279.84,0.5597,22.3869,55,Success,Purchase,Kuala Lumpur,MYR,False
TXN-20240102-0000413,WALL-0083122,MERCH-00088,PM-02,DEV-01,2024-01-02 17:43:09,65.01,0.13,0.0,6,Success,Purchase,Chiang Mai,THB,False
TXN-20240102-0000414,WALL-0105706,MERCH-00246,PM-04,DEV-01,2024-01-02 09:11:54,8.12,0.1624,0.0,0,Success,Subscription,Yangon,MMK,False
TXN-20240102-0000415,WALL-0027881,MERCH-00497,PM-01,DEV-01,2024-01-02 06:27:20,219.69,0.0,0.0,21,Success,Payment,Myitkyina,MMK,False
TXN-20240102-0000416,WALL-0088739,MERCH-00027,PM-04,DEV-01,2024-01-02 09:18:10,38.47,0.7695,0.7695,3,Success,Purchase,Mawlamyine,MMK,False
TXN-20240102-0000417,WALL-0035886,MERCH-00340,PM-02,DEV-02,2024-01-02 19:46:22,45.58,0.0912,0.0,4,Success,Bill Payment,Bangkok,MMK,False
TXN-20240102-0000418,WALL-0062747,MERCH-00223,PM-01,DEV-01,2024-01-02 16:29:00,14.79,0.0,0.0,1,Success,Purchase,Yangon,MMK,False
TXN-20240102-0000419,WALL-0123101,MERCH-00072,PM-02,DEV-03,2024-01-02 17:49:02,25.89,0.0518,0.5178,2,Success,Purchase,Da Nang,VND,False
TXN-20240102-0000420,WALL-0137645,MERCH-00372,PM-03,DEV-01,2024-01-02 07:12:21,33.5,0.268,0.0,3,Success,Purchase,Bangkok,MYR,False
TXN-20240102-0000421,WALL-0106960,MERCH-00203,PM-04,DEV-03,2024-01-02 22:25:15,28.26,0.5652,0.0,2,Success,Purchase,Naypyidaw,MMK,False
TXN-20240102-0000422,WALL-0111018,MERCH-00423,PM-01,DEV-01,2024-01-02 14:56:14,63.58,0.0,0.0,6,Success,Payment,Bangkok,MMK,False
TXN-20240102-0000423,WALL-0091880,MERCH-00211,PM-01,DEV-02,2024-01-02 14:44:23,18.22,0.0,0.0,1,Success,Purchase,Mawlamyine,MMK,False
TXN-20240102-0000424,WALL-0122455,MERCH-00450,PM-04,DEV-01,2024-01-02 00:32:41,207.18,4.1436,0.0,20,Success,Tax Payment,Chittagong,BDT,False
TXN-20240102-0000425,WALL-0086659,MERCH-00092,PM-02,DEV-01,2024-01-02 13:10:13,162.37,0.3247,0.0,16,Success,Purchase,Cebu City,PHP,False
TXN-20240102-0000426,WALL-0047808,MERCH-00022,PM-04,DEV-01,2024-01-02 20:05:49,15.27,0.3054,0.3054,1,Success,Purchase,Mawlamyine,MMK,False
TXN-20240102-0000427,WALL-0087002,MERCH-00255,PM-01,DEV-02,2024-01-02 07:15:40,24.67,0.0,0.0,2,Success,Subscription,Colombo,LKR,False
TXN-20240102-0000428,WALL-0032277,MERCH-00207,PM-04,DEV-03,2024-01-02 08:48:15,19.27,0.3853,0.0,1,Success,Purchase,Bangkok,THB,False
TXN-20240102-0000429,WALL-0148812,MERCH-00334,PM-03,DEV-03,2024-01-02 07:29:21,80.25,0.642,0.0,8,Success,Bill Payment,Da Nang,VND,False
TXN-20240102-0000430,WALL-0098406,MERCH-00277,PM-02,DEV-01,2024-01-02 06:46:12,756.31,1.5126,60.5046,151,Success,Purchase,Johor Bahru,MYR,False
TXN-20240102-0000431,WALL-0036923,MERCH-00331,PM-02,DEV-02,2024-01-02 13:53:24,60.26,0.1205,0.0,6,Success,Bill Payment,Naypyidaw,MMK,False
TXN-20240102-0000432,WALL-0076306,MERCH-00324,PM-03,DEV-05,2024-01-02 15:36:20,58.46,0.4677,0.0,5,Success,Bill Payment,Bago,MMK,False
TXN-20240102-0000433,WALL-0148305,MERCH-00154,PM-01,DEV-01,2024-01-02 13:05:43,196.26,0.0,9.8131,19,Success,Purchase,Taunggyi,MMK,False
TXN-20240102-0000434,WALL-0094713,MERCH-00065,PM-01,DEV-01,2024-01-02 20:37:03,36.42,0.0,0.7284,3,Success,Purchase,Naypyidaw,MMK,False
TXN-20240102-0000435,WALL-0016676,MERCH-00098,PM-04,DEV-01,2024-01-02 08:33:36,38.64,0.7728,0.0,3,Success,Purchase,Hyderabad,INR,False
TXN-20240102-0000436,WALL-0008415,MERCH-00281,PM-04,DEV-03,2024-01-02 15:07:08,983.64,19.6729,78.6915,196,Success,Purchase,Kolkata,VND,False
TXN-20240102-0000437,WALL-0121891,MERCH-00152,PM-04,DEV-01,2024-01-02 21:20:14,119.85,2.3969,5.9924,11,Success,Purchase,Da Nang,VND,False
TXN-20240102-0000438,WALL-0082160,MERCH-00127,PM-03,DEV-01,2024-01-02 16:08:46,81.77,0.6542,0.0,8,Success,Purchase,Davao,PHP,False
TXN-20240102-0000439,WALL-0147394,MERCH-00069,PM-04,DEV-05,2024-01-02 13:16:11,29.31,0.5863,0.5863,2,Success,Purchase,Islamabad,PKR,False
TXN-20240102-0000440,WALL-0106855,MERCH-00304,PM-01,DEV-01,2024-01-02 06:48:11,1243.14,0.0,99.4514,248,Success,Purchase,Pathein,MMK,False
TXN-20240102-0000441,WALL-0010982,MERCH-00098,PM-01,DEV-01,2024-01-02 13:27:05,15.62,0.0,0.0,1,Success,Purchase,Quezon City,PHP,False
TXN-20240102-0000442,WALL-0030933,MERCH-00225,PM-01,DEV-01,2024-01-02 21:04:41,6.31,0.0,0.0,0,Success,Purchase,Medan,IDR,False
TXN-20240102-0000443,WALL-0051600,MERCH-00389,PM-05,DEV-02,2024-01-02 09:37:31,20.0,0.0,0.0,2,Success,Purchase,Bago,MMK,False
TXN-20240102-0000444,WALL-0115889,MERCH-00317,PM-04,DEV-02,2024-01-02 14:59:11,29.59,0.5918,0.0,2,Success,Bill Payment,Penang,MMK,False
TXN-20240102-0000445,WALL-0139621,MERCH-00056,PM-03,DEV-01,2024-01-02 12:10:31,25.61,0.2048,0.5121,2,Success,Purchase,Penang,MYR,False
TXN-20240102-0000446,WALL-0060459,MERCH-00144,PM-02,DEV-01,2024-01-02 10:54:20,104.99,0.21,5.2496,10,Success,Purchase,Pathein,MMK,False
TXN-20240102-0000447,WALL-0068264,MERCH-00201,PM-01,DEV-05,2024-01-02 15:16:52,40.61,0.0,0.0,4,Success,Purchase,Mandalay,MMK,False
TXN-20240102-0000448,WALL-0006736,MERCH-00330,PM-02,DEV-01,2024-01-02 19:47:09,110.55,0.2211,0.0,11,Success,Bill Payment,Mawlamyine,MMK,False
TXN-20240102-0000449,WALL-0119700,MERCH-00192,PM-02,DEV-01,2024-01-02 20:14:50,17.41,0.0348,0.0,1,Success,Purchase,Myitkyina,MMK,False
TXN-20240102-0000450,WALL-0121217,MERCH-00322,PM-02,DEV-03,2024-01-02 05:15:54,122.27,0.2445,0.0,0,Failed,Bill Payment,Bago,MMK,False
TXN-20240102-0000451,WALL-0030430,MERCH-00329,PM-01,DEV-01,2024-01-02 03:26:07,64.84,0.0,0.0,6,Success,Bill Payment,Yangon,MMK,False
TXN-20240102-0000452,WALL-0134753,MERCH-00190,PM-03,DEV-01,2024-01-02 10:37:46,266.03,2.1283,13.3016,26,Success,Purchase,Cebu City,PHP,False
TXN-20240102-0000453,WALL-0009944,MERCH-00360,PM-02,DEV-04,2024-01-02 09:47:17,24.99,0.05,0.0,2,Success,Bill Payment,Jaipur,INR,False
TXN-20240102-0000454,WALL-0063492,MERCH-00069,PM-03,DEV-05,2024-01-02 04:14:35,32.82,0.2626,0.6565,3,Success,Purchase,Chittagong,BDT,False
TXN-20240102-0000455,WALL-0047383,MERCH-00193,PM-03,DEV-02,2024-01-02 12:25:02,5.75,0.046,0.0,0,Success,Purchase,Ahmedabad,INR,False
TXN-20240102-0000456,WALL-0125836,MERCH-00202,PM-05,DEV-01,2024-01-02 16:33:48,22.25,0.0,0.0,2,Success,Purchase,Penang,MYR,False
TXN-20240102-0000457,WALL-0012153,MERCH-00070,PM-02,DEV-03,2024-01-02 16:17:21,23.82,0.0476,0.4765,2,Success,Purchase,Myitkyina,MMK,False
TXN-20240102-0000458,WALL-0056985,MERCH-00176,PM-01,DEV-03,2024-01-02 15:54:50,33.99,0.0,1.6994,3,Success,Purchase,Phuket,THB,False
TXN-20240102-0000459,WALL-0133305,MERCH-00181,PM-03,DEV-02,2024-01-02 12:52:42,31.27,0.2502,1.5637,3,Success,Purchase,Quezon City,MMK,False
TXN-20240102-0000460,WALL-0132385,MERCH-00127,PM-05,DEV-01,2024-01-02 20:36:14,47.57,0.0,0.0,4,Success,Purchase,Naypyidaw,MMK,False
TXN-20240102-0000461,WALL-0076897,MERCH-00054,PM-03,DEV-01,2024-01-02 08:13:55,22.19,0.1775,0.4438,2,Success,Purchase,Yangon,MMK,False
TXN-20240102-0000462,WALL-0080414,MERCH-00124,PM-01,DEV-01,2024-01-02 00:20:25,52.99,0.0,0.0,5,Success,Purchase,Phnom Penh,KHR,False
TXN-20240102-0000463,WALL-0105039,MERCH-00220,PM-04,DEV-02,2024-01-02 17:52:14,11.37,0.2275,0.0,1,Success,Purchase,Myitkyina,MYR,False
TXN-20240102-0000464,WALL-0042336,MERCH-00117,PM-03,DEV-02,2024-01-02 05:14:52,37.15,0.2972,0.0,3,Success,Purchase,Naypyidaw,MMK,False
TXN-20240102-0000465,WALL-0145195,MERCH-00143,PM-03,DEV-02,2024-01-02 14:24:06,56.75,0.454,2.8377,5,Success,Purchase,Taunggyi,MMK,False
TXN-20240102-0000466,WALL-0011399,MERCH-00228,PM-04,DEV-02,2024-01-02 15:54:54,37.82,0.7563,0.0,3,Success,Purchase,Yangon,MMK,False
TXN-20240102-0000467,WALL-0132066,MERCH-00043,PM-02,DEV-02,2024-01-02 16:08:26,36.94,0.0739,0.7389,3,Success,Purchase,Bago,MMK,False
TXN-20240102-0000468,WALL-0002853,MERCH-00184,PM-01,DEV-03,2024-01-02 18:48:43,109.81,0.0,5.4905,10,Success,Purchase,Karachi,PKR,False
TXN-20240102-0000469,WALL-0123400,MERCH-00022,PM-04,DEV-03,2024-01-02 20:53:56,16.47,0.3294,0.3294,1,Success,Purchase,Taunggyi,MMK,False
TXN-20240102-0000470,WALL-0140143,MERCH-00476,PM-02,DEV-03,2024-01-02 13:40:22,191.16,0.3823,0.0,19,Success,Payment,Taunggyi,MMK,False
TXN-20240102-0000471,WALL-0001752,MERCH-00215,PM-01,DEV-01,2024-01-02 13:23:26,16.28,0.0,0.0,1,Success,Purchase,Kathmandu,NPR,False
TXN-20240102-0000472,WALL-0003857,MERCH-00384,PM-01,DEV-05,2024-01-02 10:05:33,121.66,0.0,0.0,12,Success,Purchase,Bago,MMK,False
TXN-20240102-0000473,WALL-0139843,MERCH-00120,PM-01,DEV-02,2024-01-02 14:20:15,78.06,0.0,0.0,7,Success,Purchase,Jakarta,IDR,False
TXN-20240102-0000474,WALL-0031403,MERCH-00335,PM-01,DEV-02,2024-01-02 15:16:17,40.09,0.0,0.0,4,Success,Bill Payment,Bali,IDR,False
TXN-20240102-0000475,WALL-0117878,MERCH-00026,PM-04,DEV-01,2024-01-02 12:51:31,46.67,0.9334,0.9334,4,Success,Purchase,Bago,MMK,False
TXN-20240102-0000476,WALL-0020080,MERCH-00093,PM-05,DEV-01,2024-01-02 23:59:49,42.66,0.0,0.0,4,Success,Purchase,Naypyidaw,MMK,False
TXN-20240102-0000477,WALL-0065037,MERCH-00116,PM-02,DEV-03,2024-01-02 16:09:24,46.94,0.0939,0.0,4,Success,Purchase,Medan,IDR,False
TXN-20240102-0000478,WALL-0018965,MERCH-00061,PM-01,DEV-03,2024-01-02 19:59:36,15.9,0.0,0.318,1,Success,Purchase,Pokhara,NPR,False
TXN-20240102-0000479,WALL-0009691,MERCH-00045,PM-05,DEV-01,2024-01-02 11:26:55,37.66,0.0,0.7532,3,Success,Purchase,Bago,MMK,False
TXN-20240102-0000480,WALL-0014789,MERCH-00056,PM-01,DEV-03,2024-01-02 16:43:06,13.48,0.0,0.2696,1,Success,Purchase,Davao,LKR,False
TXN-20240102-0000481,WALL-0058521,MERCH-00114,PM-01,DEV-01,2024-01-02 16:20:16,15.94,0.0,0.0,1,Success,Purchase,Colombo,LKR,False
TXN-20240102-0000482,WALL-0024205,MERCH-00255,PM-03,DEV-02,2024-01-02 14:22:35,6.28,0.0502,0.0,0,Success,Subscription,Mumbai,INR,False
TXN-20240102-0000483,WALL-0060196,MERCH-00346,PM-02,DEV-01,2024-01-02 05:03:53,30.47,0.0609,0.0,3,Success,Bill Payment,Bali,IDR,False
TXN-20240102-0000484,WALL-0082229,MERCH-00038,PM-01,DEV-01,2024-01-02 12:19:06,12.97,0.0,0.2594,1,Success,Purchase,Mandalay,MMK,False
TXN-20240102-0000485,WALL-0124374,MERCH-00033,PM-01,DEV-01,2024-01-02 09:04:19,40.31,0.0,0.8062,4,Success,Purchase,Mawlamyine,MMK,False
TXN-20240102-0000486,WALL-0123205,MERCH-00143,PM-05,DEV-03,2024-01-02 14:53:53,26.85,0.0,1.3424,2,Success,Purchase,Mandalay,MMK,False
TXN-20240102-0000487,WALL-0147607,MERCH-00139,PM-04,DEV-04,2024-01-02 13:15:50,46.97,0.9395,2.3487,4,Success,Purchase,Naypyidaw,MMK,False
TXN-20240102-0000488,WALL-0015317,MERCH-00433,PM-04,DEV-01,2024-01-02 10:43:44,929.11,18.5823,0.0,92,Success,Tax Payment,Karachi,PKR,False
TXN-20240102-0000489,WALL-0030543,MERCH-00423,PM-01,DEV-01,2024-01-02 05:21:02,293.12,0.0,0.0,29,Success,Payment,Khon Kaen,THB,False
TXN-20240102-0000490,WALL-0127777,MERCH-00432,PM-01,DEV-01,2024-01-02 13:02:40,244.94,0.0,0.0,24,Success,Tax Payment,Mawlamyine,MMK,False
TXN-20240102-0000491,WALL-0068229,MERCH-00156,PM-01,DEV-01,2024-01-02 18:17:23,35.38,0.0,1.7692,3,Success,Purchase,Cebu City,PHP,False
TXN-20240102-0000492,WALL-0040701,MERCH-00303,PM-04,DEV-01,2024-01-02 08:28:49,2989.84,59.7967,239.1869,597,Success,Purchase,Chittagong,BDT,False
TXN-20240102-0000493,WALL-0054405,MERCH-00058,PM-01,DEV-02,2024-01-02 18:02:10,26.41,0.0,0.5282,2,Success,Purchase,Pathein,MMK,False
TXN-20240102-0000494,WALL-0041691,MERCH-00310,PM-02,DEV-01,2024-01-02 22:18:37,475.9,0.9518,38.072,95,Success,Purchase,Siem Reap,IDR,False
TXN-20240102-0000495,WALL-0082431,MERCH-00145,PM-04,DEV-03,2024-01-02 13:55:48,151.97,3.0394,7.5985,15,Success,Purchase,Mawlamyine,MMK,False
TXN-20240102-0000496,WALL-0064060,MERCH-00445,PM-04,DEV-01,2024-01-02 18:49:18,508.11,10.1622,0.0,50,Success,Tax Payment,Bali,IDR,False
TXN-20240102-0000497,WALL-0028092,MERCH-00076,PM-01,DEV-01,2024-01-02 18:16:28,14.76,0.0,0.2951,1,Success,Purchase,Taunggyi,MMK,False
TXN-20240102-0000498,WALL-0135567,MERCH-00021,PM-04,DEV-05,2024-01-02 12:13:44,60.0,1.2,1.2,6,Success,Purchase,Mawlamyine,MMK,False
TXN-20240102-0000499,WALL-0077724,MERCH-00104,PM-01,DEV-02,2024-01-02 13:04:15,226.08,0.0,0.0,22,Success,Purchase,Islamabad,MMK,False
TXN-20240102-0000500,WALL-0023208,MERCH-00261,PM-05,DEV-01,2024-01-02 11:52:36,16.69,0.0,0.0,1,Success,Subscription,Pathein,MMK,False
TXN-20240102-0000501,WALL-0063167,MERCH-00188,PM-03,DEV-03,2024-01-02 13:27:49,20.0,0.16,1.0,2,Success,Purchase,Hyderabad,INR,False
TXN-20240102-0000502,WALL-0039593,MERCH-00331,PM-02,DEV-03,2024-01-02 14:26:53,48.46,0.0969,0.0,4,Success,Bill Payment,Bago,MMK,False
TXN-20240102-0000503,WALL-0083991,MERCH-00284,PM-04,DEV-04,2024-01-02 01:14:56,2131.97,42.6395,170.558,426,Success,Purchase,Chittagong,BDT,False
TXN-20240102-0000504,WALL-0036643,MERCH-00178,PM-03,DEV-02,2024-01-02 17:27:01,43.93,0.3515,2.1966,4,Success,Purchase,Naypyidaw,MMK,False
TXN-20240102-0000505,WALL-0010910,MERCH-00271,PM-01,DEV-02,2024-01-02 10:49:40,783.35,0.0,62.668,156,Success,Purchase,Da Nang,VND,False
TXN-20240102-0000506,WALL-0015217,MERCH-00161,PM-02,DEV-01,2024-01-02 17:02:09,70.83,0.1417,3.5415,7,Success,Purchase,Hanoi,PHP,False
TXN-20240102-0000507,WALL-0103139,MERCH-00112,PM-01,DEV-04,2024-01-02 19:10:56,16.03,0.0,0.0,1,Success,Purchase,Lahore,PKR,False
TXN-20240102-0000508,WALL-0068817,MERCH-00027,PM-01,DEV-01,2024-01-02 12:16:22,17.35,0.0,0.347,1,Success,Purchase,Pathein,MMK,False
TXN-20240102-0000509,WALL-0093369,MERCH-00406,PM-02,DEV-01,2024-01-02 08:59:38,455.15,0.9103,0.0,45,Success,Payment,Yangon,MMK,False
TXN-20240102-0000510,WALL-0093751,MERCH-00133,PM-04,DEV-01,2024-01-02 11:10:59,20.0,0.4,1.0,2,Success,Purchase,Naypyidaw,MMK,False
TXN-20240102-0000511,WALL-0014710,MERCH-00214,PM-03,DEV-01,2024-01-02 11:00:47,7.21,0.0577,0.0,0,Success,Purchase,Medan,MMK,False
TXN-20240102-0000512,WALL-0128666,MERCH-00102,PM-04,DEV-01,2024-01-02 14:18:06,95.02,1.9004,0.0,9,Success,Purchase,Da Nang,MMK,False
TXN-20240102-0000513,WALL-0040704,MERCH-00176,PM-05,DEV-02,2024-01-02 16:41:12,43.09,0.0,2.1547,4,Success,Purchase,Myitkyina,MMK,False
TXN-20240102-0000514,WALL-0040740,MERCH-00031,PM-01,DEV-01,2024-01-02 17:40:19,59.25,0.0,1.1851,5,Success,Purchase,Bago,MMK,False
TXN-20240102-0000515,WALL-0124433,MERCH-00214,PM-02,DEV-05,2024-01-02 13:22:16,22.43,0.0449,0.0,2,Success,Purchase,Hyderabad,INR,False
TXN-20240102-0000516,WALL-0033336,MERCH-00069,PM-03,DEV-01,2024-01-02 10:04:24,21.15,0.1692,0.4229,2,Success,Purchase,Mandalay,MMK,False
TXN-20240102-0000517,WALL-0074659,MERCH-00164,PM-03,DEV-01,2024-01-02 13:49:52,384.32,3.0746,19.2161,38,Success,Purchase,Hyderabad,MMK,False
TXN-20240102-0000518,WALL-0006695,MERCH-00161,PM-03,DEV-01,2024-01-02 17:39:25,273.17,2.1853,13.6583,27,Success,Purchase,Mandalay,MMK,False
TXN-20240102-0000519,WALL-0053068,MERCH-00418,PM-01,DEV-01,2024-01-02 16:34:33,34.41,0.0,0.0,3,Success,Payment,Bago,MMK,False
TXN-20240102-0000520,WALL-0065167,MERCH-00253,PM-02,DEV-04,2024-01-02 11:55:35,19.21,0.0384,0.0,1,Success,Subscription,Mandalay,MMK,False
TXN-20240102-0000521,WALL-0043058,MERCH-00433,PM-01,DEV-02,2024-01-02 08:08:12,256.36,0.0,0.0,25,Success,Tax Payment,Taunggyi,MMK,False
TXN-20240102-0000522,WALL-0095280,MERCH-00028,PM-03,DEV-05,2024-01-02 02:20:33,33.61,0.2689,0.6722,3,Success,Purchase,Da Nang,VND,False
TXN-20240102-0000523,WALL-0056207,MERCH-00096,PM-01,DEV-01,2024-01-02 21:37:26,40.88,0.0,0.0,4,Success,Purchase,Mumbai,INR,False
TXN-20240102-0000524,WALL-0100797,MERCH-00066,PM-01,DEV-01,2024-01-02 21:03:38,32.71,0.0,0.6543,3,Success,Purchase,Bandung,IDR,False
TXN-20240102-0000525,WALL-0119555,MERCH-00171,PM-02,DEV-03,2024-01-02 04:34:56,50.75,0.1015,2.5374,5,Success,Purchase,Kandy,LKR,False
TXN-20240102-0000526,WALL-0117304,MERCH-00262,PM-01,DEV-03,2024-01-02 07:09:55,9.93,0.0,0.0,0,Pending,Subscription,Jakarta,IDR,False
TXN-20240102-0000527,WALL-0053770,MERCH-00033,PM-02,DEV-01,2024-01-02 14:27:34,21.34,0.0427,0.4269,2,Success,Purchase,Manila,PHP,False
TXN-20240102-0000528,WALL-0025778,MERCH-00085,PM-01,DEV-02,2024-01-02 14:46:59,48.97,0.0,0.0,4,Success,Purchase,Bali,IDR,False
TXN-20240102-0000529,WALL-0050498,MERCH-00342,PM-02,DEV-01,2024-01-02 10:09:33,56.15,0.1123,0.0,5,Success,Bill Payment,Surabaya,IDR,False
TXN-20240102-0000530,WALL-0129348,MERCH-00082,PM-03,DEV-01,2024-01-02 08:08:28,25.57,0.2045,0.0,2,Success,Purchase,Phnom Penh,KHR,False
TXN-20240102-0000531,WALL-0140281,MERCH-00189,PM-04,DEV-01,2024-01-02 15:33:23,20.0,0.4,1.0,2,Success,Purchase,Medan,IDR,False
TXN-20240102-0000532,WALL-0140021,MERCH-00369,PM-04,DEV-01,2024-01-02 13:01:46,37.34,0.7469,0.0,3,Success,Bill Payment,Mumbai,MMK,False
TXN-20240102-0000533,WALL-0051499,MERCH-00164,PM-01,DEV-01,2024-01-02 19:39:00,163.66,0.0,8.1829,16,Success,Purchase,Taunggyi,MMK,False
TXN-20240102-0000534,WALL-0020753,MERCH-00359,PM-01,DEV-01,2024-01-02 21:26:22,45.68,0.0,0.0,4,Success,Bill Payment,Penang,MYR,False
TXN-20240102-0000535,WALL-0020813,MERCH-00169,PM-01,DEV-01,2024-01-02 04:39:29,37.14,0.0,1.8571,3,Success,Purchase,Hanoi,VND,False
TXN-20240102-0000536,WALL-0090799,MERCH-00071,PM-01,DEV-02,2024-01-02 15:37:14,6.04,0.0,0.1208,0,Success,Purchase,Myitkyina,MMK,False
TXN-20240102-0000537,WALL-0044597,MERCH-00057,PM-02,DEV-01,2024-01-02 14:04:19,35.34,0.0707,0.7069,3,Success,Purchase,Taunggyi,MMK,False
TXN-20240102-0000538,WALL-0051640,MERCH-00082,PM-04,DEV-03,2024-01-02 07:23:16,99.54,1.9907,0.0,9,Success,Purchase,Kolkata,INR,False
TXN-20240102-0000539,WALL-0122048,MERCH-00397,PM-01,DEV-02,2024-01-02 01:52:55,58.45,0.0,0.0,5,Success,Purchase,Phnom Penh,LKR,False
TXN-20240102-0000540,WALL-0043197,MERCH-00297,PM-02,DEV-04,2024-01-02 12:02:21,2414.21,4.8284,193.1368,482,Success,Purchase,Jakarta,IDR,False
TXN-20240102-0000541,WALL-0065675,MERCH-00031,PM-05,DEV-01,2024-01-02 06:35:08,58.58,0.0,1.1716,5,Success,Purchase,Bago,MMK,False
TXN-20240102-0000542,WALL-0124658,MERCH-00181,PM-03,DEV-01,2024-01-02 13:51:21,58.16,0.4652,2.9078,5,Success,Purchase,Mawlamyine,MMK,False
TXN-20240102-0000543,WALL-0145957,MERCH-00219,PM-04,DEV-01,2024-01-02 01:36:27,10.94,0.2189,0.0,1,Success,Purchase,Yangon,MMK,False
TXN-20240102-0000544,WALL-0018444,MERCH-00313,PM-02,DEV-03,2024-01-02 15:43:15,89.47,0.1789,0.0,8,Success,Bill Payment,Phuket,MMK,False
TXN-20240102-0000545,WALL-0013991,MERCH-00086,PM-04,DEV-02,2024-01-02 21:31:48,69.35,1.387,0.0,6,Success,Purchase,Bangkok,THB,False
TXN-20240102-0000546,WALL-0075205,MERCH-00001,PM-04,DEV-03,2024-01-02 22:05:11,37.77,0.7554,0.7554,3,Success,Purchase,Bangalore,MMK,False
TXN-20240102-0000547,WALL-0009316,MERCH-00342,PM-01,DEV-03,2024-01-02 02:09:01,56.73,0.0,0.0,5,Success,Bill Payment,Bali,IDR,False
TXN-20240102-0000548,WALL-0062121,MERCH-00335,PM-02,DEV-01,2024-01-02 19:31:19,93.0,0.186,0.0,9,Success,Bill Payment,Colombo,LKR,False
TXN-20240102-0000549,WALL-0053300,MERCH-00039,PM-01,DEV-01,2024-01-02 12:03:02,15.53,0.0,0.3106,1,Success,Purchase,Bali,IDR,False
TXN-20240102-0000550,WALL-0141410,MERCH-00146,PM-02,DEV-02,2024-01-02 05:20:32,34.63,0.0693,1.7317,3,Success,Purchase,Karachi,PKR,False
TXN-20240102-0000551,WALL-0011415,MERCH-00276,PM-01,DEV-01,2024-01-02 00:26:40,205.97,0.0,16.4779,41,Success,Purchase,Quezon City,MMK,False
TXN-20240102-0000552,WALL-0074129,MERCH-00399,PM-03,DEV-05,2024-01-02 10:43:22,154.34,1.2348,0.0,15,Success,Purchase,Mawlamyine,MMK,False
TXN-20240102-0000553,WALL-0125081,MERCH-00148,PM-01,DEV-01,2024-01-02 19:39:14,398.7,0.0,19.9348,39,Success,Purchase,Naypyidaw,MMK,False
TXN-20240102-0000554,WALL-0105510,MERCH-00176,PM-05,DEV-01,2024-01-02 13:09:14,40.75,0.0,2.0377,4,Success,Purchase,Bandung,IDR,False
TXN-20240102-0000555,WALL-0131409,MERCH-00165,PM-03,DEV-03,2024-01-02 17:03:52,299.24,2.3939,14.9619,29,Success,Purchase,Mumbai,INR,False
TXN-20240102-0000556,WALL-0139746,MERCH-00338,PM-01,DEV-01,2024-01-02 10:17:18,50.21,0.0,0.0,5,Success,Bill Payment,Medan,IDR,False
TXN-20240102-0000557,WALL-0074080,MERCH-00245,PM-04,DEV-01,2024-01-02 20:14:00,11.32,0.2264,0.0,1,Success,Subscription,Taunggyi,MMK,False
TXN-20240102-0000558,WALL-0002317,MERCH-00084,PM-01,DEV-01,2024-01-02 15:15:07,47.39,0.0,0.0,0,Failed,Purchase,Singapore,SGD,False
TXN-20240102-0000559,WALL-0067343,MERCH-00405,PM-01,DEV-01,2024-01-02 19:56:17,552.07,0.0,0.0,55,Success,Payment,Kathmandu,NPR,False
TXN-20240102-0000560,WALL-0015191,MERCH-00082,PM-04,DEV-01,2024-01-02 09:37:26,119.32,2.3864,0.0,11,Success,Purchase,Chiang Mai,THB,False
TXN-20240102-0000561,WALL-0095935,MERCH-00404,PM-03,DEV-02,2024-01-02 18:11:18,215.35,1.7228,0.0,21,Success,Payment,Mandalay,MMK,False
TXN-20240102-0000562,WALL-0043530,MERCH-00378,PM-01,DEV-02,2024-01-02 18:18:51,34.42,0.0,0.0,3,Success,Purchase,Jakarta,INR,False
TXN-20240102-0000563,WALL-0126934,MERCH-00360,PM-02,DEV-05,2024-01-02 19:34:45,56.08,0.1122,0.0,5,Success,Bill Payment,Yangon,MMK,False
TXN-20240102-0000564,WALL-0010945,MERCH-00469,PM-02,DEV-01,2024-01-02 16:48:54,217.89,0.4358,0.0,21,Success,Payment,Myitkyina,MMK,False
TXN-20240102-0000565,WALL-0116877,MERCH-00449,PM-01,DEV-03,2024-01-02 11:11:10,93.18,0.0,0.0,9,Success,Tax Payment,Bago,MMK,False
TXN-20240102-0000566,WALL-0041868,MERCH-00405,PM-04,DEV-01,2024-01-02 19:00:37,30.17,0.6034,0.0,3,Success,Payment,Mandalay,MMK,False
TXN-20240102-0000567,WALL-0018658,MERCH-00008,PM-01,DEV-01,2024-01-02 13:06:10,24.91,0.0,0.4982,2,Success,Purchase,Kolkata,VND,False
TXN-20240102-0000568,WALL-0131562,MERCH-00067,PM-04,DEV-01,2024-01-02 19:12:22,44.03,0.8806,0.8806,4,Success,Purchase,Naypyidaw,MMK,False
TXN-20240102-0000569,WALL-0019200,MERCH-00389,PM-02,DEV-01,2024-01-02 03:31:20,128.31,0.2566,0.0,12,Success,Purchase,Yangon,MMK,False
TXN-20240102-0000570,WALL-0070581,MERCH-00071,PM-05,DEV-01,2024-01-02 12:09:45,25.26,0.0,0.5053,2,Success,Purchase,Yangon,MMK,False
TXN-20240102-0000571,WALL-0043708,MERCH-00384,PM-03,DEV-01,2024-01-02 18:35:18,120.0,0.96,0.0,12,Success,Purchase,Myitkyina,MMK,False
TXN-20240102-0000572,WALL-0046203,MERCH-00198,PM-01,DEV-03,2024-01-02 14:55:07,5.57,0.0,0.0,0,Success,Purchase,Hyderabad,INR,False
TXN-20240102-0000573,WALL-0105872,MERCH-00348,PM-01,DEV-02,2024-01-02 03:11:56,26.9,0.0,0.0,2,Success,Bill Payment,Kuala Lumpur,MMK,False
TXN-20240102-0000574,WALL-0015187,MERCH-00095,PM-01,DEV-04,2024-01-02 20:26:15,58.82,0.0,0.0,5,Success,Purchase,Yangon,MMK,False
TXN-20240102-0000575,WALL-0073486,MERCH-00188,PM-03,DEV-02,2024-01-02 13:33:24,24.37,0.195,1.2186,2,Success,Purchase,Mandalay,MMK,False
TXN-20240102-0000576,WALL-0058688,MERCH-00080,PM-04,DEV-02,2024-01-02 13:46:23,36.56,0.7312,0.7312,3,Success,Purchase,Jakarta,IDR,False
TXN-20240102-0000577,WALL-0092772,MERCH-00459,PM-01,DEV-02,2024-01-02 04:31:33,109.09,0.0,0.0,10,Success,Payment,Bago,MMK,False
TXN-20240102-0000578,WALL-0053886,MERCH-00077,PM-01,DEV-01,2024-01-02 14:23:31,73.24,0.0,1.4647,7,Success,Purchase,Taunggyi,MMK,False
TXN-20240102-0000579,WALL-0129532,MERCH-00135,PM-02,DEV-01,2024-01-02 14:03:29,140.74,0.2815,7.0368,14,Success,Purchase,Kandy,LKR,False
TXN-20240102-0000580,WALL-0016154,MERCH-00275,PM-01,DEV-02,2024-01-02 17:19:59,358.77,0.0,28.7014,71,Success,Purchase,Bandung,IDR,False
TXN-20240102-0000581,WALL-0037176,MERCH-00169,PM-02,DEV-02,2024-01-02 21:58:03,20.13,0.0403,1.0067,2,Success,Purchase,Kathmandu,NPR,False
TXN-20240102-0000582,WALL-0073740,MERCH-00379,PM-01,DEV-03,2024-01-02 11:09:29,58.45,0.0,0.0,5,Success,Purchase,Phnom Penh,KHR,False
TXN-20240102-0000583,WALL-0123746,MERCH-00070,PM-02,DEV-03,2024-01-02 17:47:58,37.17,0.0743,0.7435,3,Success,Purchase,Pathein,MMK,False
TXN-20240102-0000584,WALL-0038652,MERCH-00127,PM-01,DEV-01,2024-01-02 11:22:39,58.78,0.0,0.0,5,Success,Purchase,Siem Reap,KHR,False
TXN-20240102-0000585,WALL-0048154,MERCH-00358,PM-01,DEV-02,2024-01-02 01:01:03,29.92,0.0,0.0,2,Success,Bill Payment,Bali,IDR,False
TXN-20240102-0000586,WALL-0142087,MERCH-00388,PM-01,DEV-02,2024-01-02 21:18:50,62.89,0.0,0.0,6,Success,Purchase,Ahmedabad,INR,False
TXN-20240102-0000587,WALL-0086544,MERCH-00111,PM-01,DEV-01,2024-01-02 21:44:43,35.34,0.0,0.0,3,Success,Purchase,Surabaya,IDR,False
TXN-20240102-0000588,WALL-0083726,MERCH-00266,PM-02,DEV-02,2024-01-02 05:20:16,12.13,0.0243,0.0,1,Success,Subscription,Pokhara,INR,False
TXN-20240102-0000589,WALL-0064032,MERCH-00081,PM-01,DEV-01,2024-01-02 21:16:31,76.36,0.0,0.0,7,Success,Purchase,Lahore,MMK,False
TXN-20240102-0000590,WALL-0016468,MERCH-00149,PM-01,DEV-02,2024-01-02 10:06:12,193.06,0.0,9.6529,19,Success,Purchase,Bangkok,THB,False
TXN-20240102-0000591,WALL-0011218,MERCH-00446,PM-01,DEV-01,2024-01-02 21:24:56,354.32,0.0,0.0,35,Success,Tax Payment,Manila,MMK,False
TXN-20240102-0000592,WALL-0009478,MERCH-00237,PM-03,DEV-01,2024-01-02 15:06:00,14.85,0.1188,0.0,1,Success,Subscription,Pathein,MMK,False
TXN-20240102-0000593,WALL-0019766,MERCH-00084,PM-02,DEV-01,2024-01-02 19:28:44,86.14,0.1723,0.0,8,Success,Purchase,Taunggyi,MYR,False
TXN-20240102-0000594,WALL-0061463,MERCH-00384,PM-02,DEV-03,2024-01-02 21:04:36,58.93,0.1179,0.0,5,Success,Purchase,Naypyidaw,MMK,False
TXN-20240102-0000595,WALL-0006767,MERCH-00433,PM-01,DEV-01,2024-01-02 17:10:07,693.02,0.0,0.0,69,Success,Tax Payment,Dhaka,BDT,False
TXN-20240102-0000596,WALL-0091022,MERCH-00074,PM-01,DEV-03,2024-01-02 12:39:05,7.76,0.0,0.1552,0,Success,Purchase,Ahmedabad,MMK,False
TXN-20240102-0000597,WALL-0127325,MERCH-00044,PM-04,DEV-01,2024-01-02 15:05:11,24.88,0.4977,0.4977,2,Success,Purchase,Islamabad,PKR,False
TXN-20240102-0000598,WALL-0092146,MERCH-00090,PM-03,DEV-02,2024-01-02 06:43:02,96.37,0.7709,0.0,9,Success,Purchase,Bali,IDR,False
TXN-20240102-0000599,WALL-0057551,MERCH-00147,PM-01,DEV-02,2024-01-02 16:05:44,101.05,0.0,5.0523,10,Success,Purchase,Kolkata,INR,False
TXN-20240102-0000600,WALL-0103596,MERCH-00215,PM-03,DEV-01,2024-01-02 18:14:11,15.64,0.1251,0.0,1,Success,Purchase,Pathein,MMK,False
TXN-20240102-0000601,WALL-0077772,MERCH-00084,PM-01,DEV-05,2024-01-02 12:36:44,53.07,0.0,0.0,5,Success,Purchase,Kolkata,MYR,False
TXN-20240102-0000602,WALL-0113957,MERCH-00450,PM-01,DEV-01,2024-01-02 12:50:47,391.26,0.0,0.0,39,Success,Tax Payment,Siem Reap,KHR,False
TXN-20240102-0000603,WALL-0024992,MERCH-00113,PM-04,DEV-01,2024-01-02 05:25:40,66.94,1.3388,0.0,6,Success,Purchase,Da Nang,VND,False
TXN-20240102-0000604,WALL-0131600,MERCH-00140,PM-03,DEV-03,2024-01-02 16:06:40,21.29,0.1703,1.0643,2,Success,Purchase,Chittagong,VND,False
TXN-20240102-0000605,WALL-0093730,MERCH-00182,PM-04,DEV-03,2024-01-02 16:13:34,100.44,2.0088,5.0221,10,Success,Purchase,Yangon,MMK,False
TXN-20240102-0000606,WALL-0020785,MERCH-00107,PM-04,DEV-03,2024-01-02 02:08:31,33.04,0.6608,0.0,3,Success,Purchase,Siem Reap,KHR,False
TXN-20240102-0000607,WALL-0098627,MERCH-00214,PM-01,DEV-02,2024-01-02 13:30:59,12.51,0.0,0.0,1,Success,Purchase,Ho Chi Minh City,MYR,False
TXN-20240102-0000608,WALL-0058650,MERCH-00257,PM-02,DEV-04,2024-01-02 14:50:19,5.53,0.0111,0.0,0,Success,Subscription,Medan,IDR,False
TXN-20240102-0000609,WALL-0139184,MERCH-00351,PM-02,DEV-04,2024-01-02 12:35:22,61.39,0.1228,0.0,6,Success,Bill Payment,Pattaya,MMK,False
TXN-20240102-0000610,WALL-0122084,MERCH-00354,PM-03,DEV-03,2024-01-02 16:21:05,115.96,0.9276,0.0,11,Success,Bill Payment,Mandalay,MMK,False
TXN-20240102-0000611,WALL-0075872,MERCH-00081,PM-03,DEV-01,2024-01-02 18:50:29,38.23,0.3059,0.0,3,Success,Purchase,Pathein,MMK,False
TXN-20240102-0000612,WALL-0072128,MERCH-00338,PM-01,DEV-01,2024-01-02 11:19:17,250.76,0.0,0.0,25,Success,Bill Payment,Yangon,MMK,False
TXN-20240102-0000613,WALL-0064172,MERCH-00072,PM-01,DEV-02,2024-01-02 09:25:32,15.65,0.0,0.3131,1,Success,Purchase,Taunggyi,MMK,False
TXN-20240102-0000614,WALL-0125794,MERCH-00382,PM-01,DEV-03,2024-01-02 17:09:17,102.89,0.0,0.0,10,Success,Purchase,Cebu City,PHP,False
TXN-20240102-0000615,WALL-0122495,MERCH-00431,PM-02,DEV-01,2024-01-02 11:00:05,409.32,0.8186,0.0,40,Success,Tax Payment,Pathein,MMK,False
TXN-20240102-0000616,WALL-0052224,MERCH-00032,PM-03,DEV-02,2024-01-02 15:45:23,12.4,0.0992,0.248,1,Success,Purchase,Myitkyina,MMK,False
TXN-20240102-0000617,WALL-0114949,MERCH-00266,PM-04,DEV-02,2024-01-02 13:01:01,32.16,0.6433,0.0,3,Success,Subscription,Yangon,MMK,False
TXN-20240102-0000618,WALL-0079136,MERCH-00366,PM-05,DEV-01,2024-01-02 14:16:10,28.1,0.0,0.0,0,Pending,Bill Payment,Pathein,MMK,False
TXN-20240102-0000619,WALL-0146532,MERCH-00313,PM-04,DEV-03,2024-01-02 17:39:10,171.29,3.4259,0.0,17,Success,Bill Payment,Taunggyi,MMK,False
TXN-20240102-0000620,WALL-0079186,MERCH-00488,PM-01,DEV-01,2024-01-02 15:11:55,55.99,0.0,0.0,5,Success,Payment,Ho Chi Minh City,VND,False
TXN-20240102-0000621,WALL-0017376,MERCH-00208,PM-03,DEV-04,2024-01-02 11:17:21,12.81,0.1024,0.0,1,Success,Purchase,Siem Reap,KHR,False
TXN-20240102-0000622,WALL-0022227,MERCH-00351,PM-01,DEV-03,2024-01-02 10:27:40,67.91,0.0,0.0,6,Success,Bill Payment,Chittagong,NPR,False
TXN-20240102-0000623,WALL-0134870,MERCH-00009,PM-02,DEV-01,2024-01-02 21:26:27,17.13,0.0343,0.3426,1,Success,Purchase,Mumbai,THB,False
TXN-20240102-0000624,WALL-0013362,MERCH-00236,PM-01,DEV-03,2024-01-02 14:58:26,16.67,0.0,0.0,1,Success,Subscription,Yangon,MMK,False
TXN-20240102-0000625,WALL-0046014,MERCH-00285,PM-04,DEV-01,2024-01-02 21:12:14,352.48,7.0496,28.1982,70,Success,Purchase,Siem Reap,KHR,False
TXN-20240102-0000626,WALL-0018789,MERCH-00049,PM-02,DEV-05,2024-01-02 16:40:23,29.84,0.0597,0.5967,2,Success,Purchase,Naypyidaw,MMK,False
TXN-20240102-0000627,WALL-0063868,MERCH-00319,PM-02,DEV-01,2024-01-02 14:14:23,114.79,0.2296,0.0,11,Success,Bill Payment,Chittagong,BDT,False
TXN-20240102-0000628,WALL-0144955,MERCH-00340,PM-01,DEV-01,2024-01-02 06:11:09,57.13,0.0,0.0,5,Success,Bill Payment,Manila,PHP,False
TXN-20240102-0000629,WALL-0055571,MERCH-00067,PM-01,DEV-01,2024-01-02 16:10:29,18.75,0.0,0.375,1,Success,Purchase,Mawlamyine,MMK,False
TXN-20240102-0000630,WALL-0076038,MERCH-00399,PM-02,DEV-01,2024-01-02 13:11:10,87.34,0.1747,0.0,8,Success,Purchase,Bandung,IDR,False
TXN-20240102-0000631,WALL-0046230,MERCH-00039,PM-01,DEV-04,2024-01-02 16:17:37,39.46,0.0,0.7892,3,Success,Purchase,Taunggyi,MMK,False
TXN-20240102-0000632,WALL-0137474,MERCH-00167,PM-01,DEV-01,2024-01-02 21:57:48,751.54,0.0,37.5772,75,Success,Purchase,Kuala Lumpur,MYR,False
TXN-20240102-0000633,WALL-0035879,MERCH-00134,PM-04,DEV-01,2024-01-02 16:46:55,100.76,2.0153,5.0382,10,Success,Purchase,Khon Kaen,THB,False
TXN-20240102-0000634,WALL-0056474,MERCH-00001,PM-01,DEV-01,2024-01-02 14:46:58,19.44,0.0,0.3888,1,Success,Purchase,Hanoi,VND,False
TXN-20240102-0000635,WALL-0129360,MERCH-00405,PM-02,DEV-01,2024-01-02 19:33:56,179.43,0.3589,0.0,17,Success,Payment,Myitkyina,MMK,False
TXN-20240102-0000636,WALL-0090743,MERCH-00085,PM-01,DEV-03,2024-01-02 21:38:42,127.42,0.0,0.0,12,Success,Purchase,Kuala Lumpur,MMK,True
TXN-20240102-0000637,WALL-0015457,MERCH-00495,PM-01,DEV-03,2024-01-02 13:05:12,285.28,0.0,0.0,28,Success,Payment,Lahore,PKR,False
TXN-20240102-0000638,WALL-0001487,MERCH-00381,PM-02,DEV-01,2024-01-02 16:12:39,44.03,0.0881,0.0,4,Success,Purchase,Kandy,MYR,False
TXN-20240102-0000639,WALL-0013005,MERCH-00355,PM-04,DEV-01,2024-01-02 13:30:53,60.5,1.21,0.0,6,Success,Bill Payment,Dhaka,BDT,False
TXN-20240102-0000640,WALL-0136141,MERCH-00193,PM-01,DEV-02,2024-01-02 15:11:30,8.26,0.0,0.0,0,Success,Purchase,Yangon,MMK,False
TXN-20240102-0000641,WALL-0041795,MERCH-00347,PM-02,DEV-05,2024-01-02 17:31:56,21.32,0.0426,0.0,2,Success,Bill Payment,Davao,PHP,False
TXN-20240102-0000642,WALL-0006496,MERCH-00129,PM-04,DEV-01,2024-01-02 23:43:06,60.59,1.2119,0.0,6,Success,Purchase,Naypyidaw,MMK,False
TXN-20240102-0000643,WALL-0144700,MERCH-00130,PM-03,DEV-01,2024-01-02 20:50:37,103.07,0.8245,0.0,10,Success,Purchase,Yangon,MMK,False
TXN-20240102-0000644,WALL-0066083,MERCH-00436,PM-04,DEV-02,2024-01-02 12:47:18,365.51,7.3101,0.0,36,Success,Tax Payment,Bago,MMK,False
TXN-20240102-0000645,WALL-0033455,MERCH-00313,PM-04,DEV-01,2024-01-02 10:10:58,144.05,2.8809,0.0,14,Success,Bill Payment,Bago,MMK,False
TXN-20240102-0000646,WALL-0100584,MERCH-00406,PM-02,DEV-01,2024-01-02 19:45:56,81.15,0.1623,0.0,8,Success,Payment,Mawlamyine,MMK,False
TXN-20240102-0000647,WALL-0076451,MERCH-00077,PM-01,DEV-02,2024-01-02 12:31:43,14.36,0.0,0.2871,1,Success,Purchase,Mandalay,MMK,False
TXN-20240102-0000648,WALL-0110945,MERCH-00126,PM-02,DEV-01,2024-01-02 15:17:22,62.33,0.1247,0.0,6,Success,Purchase,Islamabad,PKR,False
TXN-20240102-0000649,WALL-0002037,MERCH-00364,PM-02,DEV-03,2024-01-02 12:21:02,14.89,0.0298,0.0,1,Success,Bill Payment,Mandalay,MMK,False
TXN-20240102-0000650,WALL-0067836,MERCH-00309,PM-02,DEV-01,2024-01-02 08:39:23,100.0,0.2,8.0,20,Success,Purchase,Kathmandu,PHP,False
TXN-20240102-0000651,WALL-0098287,MERCH-00392,PM-02,DEV-03,2024-01-02 13:54:50,45.07,0.0901,0.0,4,Success,Purchase,Cebu City,PHP,False
TXN-20240102-0000652,WALL-0023201,MERCH-00320,PM-01,DEV-02,2024-01-02 18:39:13,67.92,0.0,0.0,6,Success,Bill Payment,Bangkok,THB,False
TXN-20240102-0000653,WALL-0052927,MERCH-00420,PM-02,DEV-01,2024-01-02 23:14:39,54.11,0.1082,0.0,5,Success,Payment,Mawlamyine,MMK,False
TXN-20240102-0000654,WALL-0095556,MERCH-00323,PM-01,DEV-04,2024-01-02 16:42:45,47.7,0.0,0.0,4,Success,Bill Payment,Medan,IDR,False
TXN-20240102-0000655,WALL-0004076,MERCH-00074,PM-01,DEV-05,2024-01-02 07:51:10,9.07,0.0,0.1813,0,Success,Purchase,Medan,IDR,False
TXN-20240102-0000656,WALL-0027117,MERCH-00150,PM-01,DEV-02,2024-01-02 03:50:42,40.08,0.0,2.0039,4,Success,Purchase,Taunggyi,MMK,False
TXN-20240102-0000657,WALL-0038349,MERCH-00183,PM-01,DEV-01,2024-01-02 14:32:12,380.11,0.0,19.0053,38,Success,Purchase,Bago,MMK,False
TXN-20240102-0000658,WALL-0030134,MERCH-00216,PM-02,DEV-02,2024-01-02 19:40:45,7.6,0.0152,0.0,0,Success,Purchase,Kathmandu,NPR,False
TXN-20240102-0000659,WALL-0093500,MERCH-00108,PM-04,DEV-01,2024-01-02 16:48:11,35.42,0.7085,0.0,3,Success,Purchase,Islamabad,PKR,False
TXN-20240102-0000660,WALL-0064449,MERCH-00217,PM-02,DEV-03,2024-01-02 00:23:02,12.88,0.0258,0.0,1,Success,Purchase,Yangon,MMK,False
TXN-20240102-0000661,WALL-0062814,MERCH-00189,PM-02,DEV-04,2024-01-02 12:57:46,128.73,0.2575,6.4365,12,Success,Purchase,Pune,INR,False
TXN-20240102-0000662,WALL-0032997,MERCH-00211,PM-02,DEV-01,2024-01-02 13:46:30,17.38,0.0348,0.0,1,Success,Purchase,Bago,MMK,False
TXN-20240102-0000663,WALL-0107156,MERCH-00128,PM-02,DEV-01,2024-01-02 21:28:20,107.76,0.2155,0.0,0,Failed,Purchase,Kolkata,INR,False
TXN-20240102-0000664,WALL-0060273,MERCH-00360,PM-01,DEV-01,2024-01-02 19:21:48,32.45,0.0,0.0,3,Success,Bill Payment,Penang,MMK,False
TXN-20240102-0000665,WALL-0032902,MERCH-00213,PM-02,DEV-02,2024-01-02 02:46:54,10.68,0.0214,0.0,1,Success,Purchase,Davao,PHP,False
TXN-20240102-0000666,WALL-0116254,MERCH-00318,PM-05,DEV-03,2024-01-02 15:08:30,89.51,0.0,0.0,8,Success,Bill Payment,Chiang Mai,THB,False
TXN-20240102-0000667,WALL-0015415,MERCH-00168,PM-04,DEV-04,2024-01-02 18:47:40,154.69,3.0938,7.7344,15,Success,Purchase,Quezon City,PHP,False
TXN-20240102-0000668,WALL-0052619,MERCH-00100,PM-02,DEV-02,2024-01-02 16:25:19,200.0,0.4,0.0,20,Success,Purchase,Mandalay,MMK,False
TXN-20240102-0000669,WALL-0047442,MERCH-00436,PM-03,DEV-01,2024-01-02 00:38:09,168.74,1.3499,0.0,16,Success,Tax Payment,Bago,MMK,False
TXN-20240102-0000670,WALL-0026674,MERCH-00043,PM-02,DEV-01,2024-01-02 13:32:14,32.33,0.0647,0.6465,3,Success,Purchase,Naypyidaw,MMK,False
TXN-20240102-0000671,WALL-0146127,MERCH-00266,PM-03,DEV-02,2024-01-02 08:31:23,8.54,0.0683,0.0,0,Success,Subscription,Mandalay,MMK,False
TXN-20240102-0000672,WALL-0112954,MERCH-00218,PM-04,DEV-03,2024-01-02 23:15:06,22.6,0.452,0.0,2,Success,Purchase,Penang,IDR,False
TXN-20240102-0000673,WALL-0005836,MERCH-00210,PM-03,DEV-01,2024-01-02 21:49:40,8.34,0.0668,0.0,0,Success,Purchase,Surabaya,IDR,False
TXN-20240102-0000674,WALL-0070806,MERCH-00326,PM-02,DEV-01,2024-01-02 20:09:48,52.69,0.1054,0.0,5,Success,Bill Payment,Mandalay,MMK,False
TXN-20240102-0000675,WALL-0122058,MERCH-00058,PM-03,DEV-03,2024-01-02 20:24:06,27.82,0.2226,0.5565,2,Success,Purchase,Kuala Lumpur,MYR,False
TXN-20240102-0000676,WALL-0145134,MERCH-00022,PM-03,DEV-01,2024-01-02 20:06:14,9.11,0.0729,0.1821,0,Success,Purchase,Taunggyi,MMK,False
TXN-20240102-0000677,WALL-0074331,MERCH-00178,PM-01,DEV-03,2024-01-02 14:36:33,103.48,0.0,5.174,10,Success,Purchase,Taunggyi,MMK,False
TXN-20240102-0000678,WALL-0109787,MERCH-00249,PM-05,DEV-01,2024-01-02 14:28:54,14.88,0.0,0.0,1,Success,Subscription,Pune,INR,False
TXN-20240102-0000679,WALL-0107017,MERCH-00184,PM-01,DEV-02,2024-01-02 20:34:36,172.09,0.0,8.6045,17,Success,Purchase,Kolkata,INR,False
TXN-20240102-0000680,WALL-0131805,MERCH-00097,PM-01,DEV-02,2024-01-02 12:37:43,15.31,0.0,0.0,0,Failed,Purchase,Delhi,MMK,False
TXN-20240102-0000681,WALL-0089915,MERCH-00333,PM-01,DEV-02,2024-01-02 18:00:40,52.79,0.0,0.0,5,Success,Bill Payment,Yangon,MMK,False
TXN-20240102-0000682,WALL-0138204,MERCH-00354,PM-01,DEV-01,2024-01-02 08:35:46,39.55,0.0,0.0,3,Success,Bill Payment,Dhaka,BDT,False
TXN-20240102-0000683,WALL-0000523,MERCH-00215,PM-02,DEV-01,2024-01-02 16:05:06,21.52,0.043,0.0,2,Success,Purchase,Mawlamyine,MMK,False
TXN-20240102-0000684,WALL-0078579,MERCH-00397,PM-04,DEV-02,2024-01-02 10:00:27,20.0,0.4,0.0,2,Success,Purchase,Yangon,MMK,False
TXN-20240102-0000685,WALL-0063499,MERCH-00497,PM-01,DEV-03,2024-01-02 22:04:07,426.49,0.0,0.0,42,Success,Payment,Chiang Mai,THB,False
TXN-20240102-0000686,WALL-0047836,MERCH-00128,PM-03,DEV-01,2024-01-02 00:05:26,37.26,0.2981,0.0,3,Success,Purchase,Lahore,PKR,False
TXN-20240102-0000687,WALL-0089544,MERCH-00357,PM-02,DEV-04,2024-01-02 16:25:57,59.9,0.1198,0.0,5,Success,Bill Payment,Manila,MMK,False
TXN-20240102-0000688,WALL-0113652,MERCH-00416,PM-03,DEV-03,2024-01-02 15:58:55,235.68,1.8855,0.0,23,Success,Payment,Davao,PHP,False
TXN-20240102-0000689,WALL-0123513,MERCH-00074,PM-02,DEV-01,2024-01-02 13:26:13,5.0,0.01,0.1,0,Success,Purchase,Chennai,INR,False
TXN-20240102-0000690,WALL-0051827,MERCH-00130,PM-01,DEV-03,2024-01-02 17:49:30,116.52,0.0,0.0,11,Success,Purchase,Colombo,LKR,False
TXN-20240102-0000691,WALL-0138159,MERCH-00376,PM-01,DEV-01,2024-01-02 13:19:56,73.69,0.0,0.0,7,Success,Purchase,Bangkok,THB,False
TXN-20240102-0000692,WALL-0103948,MERCH-00321,PM-01,DEV-02,2024-01-02 14:01:12,21.78,0.0,0.0,0,Failed,Bill Payment,Quezon City,PHP,False
TXN-20240102-0000693,WALL-0114069,MERCH-00077,PM-03,DEV-01,2024-01-02 18:46:02,6.3,0.0504,0.0,0,Pending,Purchase,Islamabad,PKR,False
TXN-20240102-0000694,WALL-0106064,MERCH-00210,PM-01,DEV-03,2024-01-02 16:50:39,9.43,0.0,0.0,0,Success,Purchase,Bangalore,INR,False
TXN-20240102-0000695,WALL-0063989,MERCH-00058,PM-01,DEV-01,2024-01-02 08:50:36,16.66,0.0,0.3333,1,Success,Purchase,Myitkyina,MMK,False
TXN-20240102-0000696,WALL-0050745,MERCH-00019,PM-02,DEV-01,2024-01-02 20:41:04,34.32,0.0686,0.6864,3,Success,Purchase,Islamabad,PKR,False
TXN-20240102-0000697,WALL-0144677,MERCH-00020,PM-02,DEV-03,2024-01-02 13:35:27,20.68,0.0414,0.4136,2,Success,Purchase,Naypyidaw,MMK,False
TXN-20240102-0000698,WALL-0112185,MERCH-00357,PM-04,DEV-02,2024-01-02 16:07:18,82.08,1.6416,0.0,8,Success,Bill Payment,Myitkyina,MMK,False
TXN-20240102-0000699,WALL-0012213,MERCH-00132,PM-01,DEV-01,2024-01-02 19:53:42,897.65,0.0,44.8823,89,Success,Purchase,Karachi,PKR,False
TXN-20240102-0000700,WALL-0096844,MERCH-00315,PM-02,DEV-01,2024-01-02 17:24:00,63.92,0.1278,0.0,6,Success,Bill Payment,Davao,PHP,False
TXN-20240102-0000701,WALL-0015213,MERCH-00354,PM-01,DEV-01,2024-01-02 12:51:06,22.03,0.0,0.0,2,Success,Bill Payment,Pathein,MMK,False
TXN-20240102-0000702,WALL-0018145,MERCH-00322,PM-04,DEV-01,2024-01-02 09:02:13,121.41,2.4282,0.0,12,Success,Bill Payment,Myitkyina,MMK,False
TXN-20240102-0000703,WALL-0105345,MERCH-00290,PM-01,DEV-02,2024-01-02 09:07:09,733.63,0.0,58.6902,146,Success,Purchase,Yangon,MMK,False
TXN-20240102-0000704,WALL-0111801,MERCH-00043,PM-04,DEV-01,2024-01-02 12:47:38,10.76,0.2152,0.2152,1,Success,Purchase,Bangalore,INR,False
TXN-20240102-0000705,WALL-0010305,MERCH-00204,PM-04,DEV-02,2024-01-02 14:57:58,7.47,0.1494,0.0,0,Success,Purchase,Surabaya,IDR,False
TXN-20240102-0000706,WALL-0136765,MERCH-00222,PM-04,DEV-01,2024-01-02 12:47:35,7.13,0.1427,0.0,0,Success,Purchase,Penang,MYR,False
TXN-20240102-0000707,WALL-0136203,MERCH-00220,PM-02,DEV-02,2024-01-02 12:54:24,9.52,0.019,0.0,0,Success,Purchase,Medan,IDR,False
TXN-20240102-0000708,WALL-0018114,MERCH-00017,PM-01,DEV-03,2024-01-02 07:03:09,5.0,0.0,0.1,0,Success,Purchase,Quezon City,PHP,False
TXN-20240102-0000709,WALL-0106353,MERCH-00349,PM-01,DEV-01,2024-01-02 15:32:40,37.2,0.0,0.0,3,Success,Bill Payment,Kathmandu,NPR,False
TXN-20240102-0000710,WALL-0144768,MERCH-00060,PM-02,DEV-03,2024-01-02 18:32:23,8.82,0.0176,0.1764,0,Success,Purchase,Myitkyina,MMK,False
TXN-20240102-0000711,WALL-0135446,MERCH-00331,PM-02,DEV-05,2024-01-02 13:38:26,88.44,0.1769,0.0,8,Success,Bill Payment,Mandalay,MMK,False
TXN-20240102-0000712,WALL-0025943,MERCH-00452,PM-02,DEV-01,2024-01-02 13:41:35,116.94,0.2339,0.0,11,Success,Payment,Johor Bahru,MYR,False
TXN-20240102-0000713,WALL-0088100,MERCH-00395,PM-05,DEV-01,2024-01-02 20:17:42,28.68,0.0,0.0,2,Success,Purchase,Mawlamyine,MMK,False
TXN-20240102-0000714,WALL-0092094,MERCH-00252,PM-03,DEV-01,2024-01-02 16:16:17,34.93,0.2794,0.0,3,Success,Subscription,Kuala Lumpur,MYR,False
TXN-20240102-0000715,WALL-0046644,MERCH-00073,PM-01,DEV-01,2024-01-02 05:34:19,9.49,0.0,0.1899,0,Success,Purchase,Yangon,MMK,False
TXN-20240102-0000716,WALL-0149902,MERCH-00430,PM-01,DEV-01,2024-01-02 18:20:47,88.47,0.0,0.0,8,Success,Payment,Myitkyina,MMK,False
TXN-20240102-0000717,WALL-0019121,MERCH-00221,PM-05,DEV-01,2024-01-02 15:54:18,19.09,0.0,0.0,1,Success,Purchase,Pathein,MMK,False
TXN-20240102-0000718,WALL-0049867,MERCH-00099,PM-01,DEV-01,2024-01-02 15:42:53,91.68,0.0,0.0,0,Failed,Purchase,Pune,INR,False
TXN-20240102-0000719,WALL-0051558,MERCH-00374,PM-04,DEV-03,2024-01-02 11:39:16,20.0,0.4,0.0,2,Success,Purchase,Naypyidaw,MMK,False
TXN-20240102-0000720,WALL-0120113,MERCH-00384,PM-01,DEV-01,2024-01-02 13:44:22,44.79,0.0,0.0,4,Success,Purchase,Islamabad,MMK,False
TXN-20240102-0000721,WALL-0029994,MERCH-00123,PM-01,DEV-03,2024-01-02 19:34:37,26.9,0.0,0.0,2,Success,Purchase,Taunggyi,MMK,False
TXN-20240102-0000722,WALL-0124579,MERCH-00489,PM-01,DEV-02,2024-01-02 22:45:03,92.12,0.0,0.0,9,Success,Payment,Naypyidaw,MMK,False
TXN-20240102-0000723,WALL-0128133,MERCH-00188,PM-01,DEV-01,2024-01-02 15:52:25,68.34,0.0,3.4168,6,Success,Purchase,Yangon,MMK,False
TXN-20240102-0000724,WALL-0129001,MERCH-00068,PM-02,DEV-01,2024-01-02 18:18:18,34.0,0.068,0.68,3,Success,Purchase,Mandalay,MMK,False
TXN-20240102-0000725,WALL-0059516,MERCH-00488,PM-03,DEV-02,2024-01-02 20:27:15,95.94,0.7675,0.0,9,Success,Payment,Kolkata,INR,False
TXN-20240102-0000726,WALL-0019822,MERCH-00318,PM-01,DEV-05,2024-01-02 17:59:42,149.34,0.0,0.0,14,Success,Bill Payment,Bago,MMK,False
TXN-20240102-0000727,WALL-0085017,MERCH-00481,PM-01,DEV-01,2024-01-02 15:54:05,292.79,0.0,0.0,29,Success,Payment,Manila,KHR,False
TXN-20240102-0000728,WALL-0054508,MERCH-00054,PM-01,DEV-03,2024-01-02 13:51:29,26.3,0.0,0.526,2,Success,Purchase,Kolkata,INR,False
TXN-20240102-0000729,WALL-0002851,MERCH-00153,PM-01,DEV-01,2024-01-02 15:50:55,50.94,0.0,2.5471,5,Success,Purchase,Ahmedabad,INR,False
TXN-20240102-0000730,WALL-0113855,MERCH-00188,PM-01,DEV-01,2024-01-02 14:34:08,75.49,0.0,3.7746,7,Success,Purchase,Cebu City,PHP,False
TXN-20240102-0000731,WALL-0051626,MERCH-00146,PM-02,DEV-01,2024-01-02 17:43:36,39.85,0.0797,1.9927,3,Success,Purchase,Taunggyi,MMK,False
TXN-20240102-0000732,WALL-0010406,MERCH-00219,PM-01,DEV-01,2024-01-02 22:07:28,24.24,0.0,0.0,0,Failed,Purchase,Dhaka,BDT,False
TXN-20240102-0000733,WALL-0095855,MERCH-00105,PM-04,DEV-01,2024-01-02 11:54:11,56.91,1.1382,0.0,5,Success,Purchase,Chittagong,BDT,False
TXN-20240102-0000734,WALL-0130619,MERCH-00479,PM-01,DEV-03,2024-01-02 17:54:10,221.42,0.0,0.0,0,Reversed,Payment,Dhaka,INR,False
TXN-20240102-0000735,WALL-0118554,MERCH-00021,PM-02,DEV-03,2024-01-02 15:53:20,11.34,0.0227,0.2268,1,Success,Purchase,Myitkyina,MMK,False
TXN-20240102-0000736,WALL-0113759,MERCH-00045,PM-02,DEV-04,2024-01-02 14:38:01,7.11,0.0142,0.1422,0,Success,Purchase,Lahore,PKR,False
TXN-20240102-0000737,WALL-0131166,MERCH-00216,PM-01,DEV-02,2024-01-02 19:22:34,14.88,0.0,0.0,1,Success,Purchase,Mandalay,MMK,False
TXN-20240102-0000738,WALL-0081052,MERCH-00184,PM-01,DEV-03,2024-01-02 20:57:17,92.01,0.0,4.6004,9,Success,Purchase,Pathein,MMK,False
TXN-20240102-0000739,WALL-0107093,MERCH-00104,PM-04,DEV-03,2024-01-02 14:38:38,136.46,2.7292,0.0,13,Success,Purchase,Bandung,IDR,False
TXN-20240102-0000740,WALL-0026982,MERCH-00031,PM-01,DEV-01,2024-01-02 21:20:13,21.99,0.0,0.4399,2,Success,Purchase,Penang,MYR,False
TXN-20240102-0000741,WALL-0031913,MERCH-00064,PM-01,DEV-01,2024-01-02 18:10:01,21.77,0.0,0.4355,2,Success,Purchase,Singapore,MMK,False
TXN-20240102-0000742,WALL-0072333,MERCH-00071,PM-02,DEV-01,2024-01-02 14:38:59,18.71,0.0374,0.3742,1,Success,Purchase,Yangon,MMK,False
TXN-20240102-0000743,WALL-0097355,MERCH-00194,PM-01,DEV-01,2024-01-02 15:46:21,6.05,0.0,0.0,0,Success,Purchase,Kandy,LKR,False
TXN-20240102-0000744,WALL-0038955,MERCH-00018,PM-01,DEV-01,2024-01-02 14:01:00,21.74,0.0,0.4347,2,Success,Purchase,Karachi,KHR,False
TXN-20240102-0000745,WALL-0001406,MERCH-00338,PM-02,DEV-01,2024-01-02 06:37:29,101.49,0.203,0.0,0,Pending,Bill Payment,Cebu City,VND,False
TXN-20240102-0000746,WALL-0142968,MERCH-00231,PM-03,DEV-02,2024-01-02 09:56:07,18.02,0.1442,0.0,1,Success,Subscription,Hyderabad,INR,False
TXN-20240102-0000747,WALL-0141853,MERCH-00254,PM-02,DEV-01,2024-01-02 10:59:09,52.19,0.1044,0.0,5,Success,Subscription,Chittagong,BDT,False
TXN-20240102-0000748,WALL-0063403,MERCH-00111,PM-03,DEV-03,2024-01-02 17:12:33,82.87,0.663,0.0,8,Success,Purchase,Lahore,PKR,False
TXN-20240102-0000749,WALL-0021238,MERCH-00360,PM-01,DEV-03,2024-01-02 19:48:13,34.52,0.0,0.0,3,Success,Bill Payment,Delhi,INR,False
TXN-20240102-0000750,WALL-0035118,MERCH-00370,PM-02,DEV-01,2024-01-02 03:59:45,29.76,0.0595,0.0,2,Success,Bill Payment,Phnom Penh,MMK,False
TXN-20240102-0000751,WALL-0100983,MERCH-00100,PM-02,DEV-01,2024-01-02 04:21:09,21.65,0.0433,0.0,2,Success,Purchase,Taunggyi,MMK,False
TXN-20240102-0000752,WALL-0090153,MERCH-00039,PM-01,DEV-01,2024-01-02 15:10:27,9.63,0.0,0.1927,0,Success,Purchase,Quezon City,PHP,False
TXN-20240102-0000753,WALL-0082768,MERCH-00348,PM-02,DEV-03,2024-01-02 08:58:39,44.12,0.0882,0.0,4,Success,Bill Payment,Phnom Penh,KHR,False
TXN-20240102-0000754,WALL-0044817,MERCH-00264,PM-04,DEV-03,2024-01-02 10:54:12,12.05,0.2409,0.0,1,Success,Subscription,Manila,PHP,False
TXN-20240102-0000755,WALL-0002292,MERCH-00375,PM-01,DEV-01,2024-01-02 15:45:09,38.44,0.0,0.0,0,Reversed,Purchase,Naypyidaw,MMK,False
TXN-20240102-0000756,WALL-0087906,MERCH-00383,PM-02,DEV-04,2024-01-02 12:03:41,198.0,0.396,0.0,19,Success,Purchase,Mumbai,INR,False
TXN-20240102-0000757,WALL-0121132,MERCH-00390,PM-01,DEV-01,2024-01-02 18:43:48,161.11,0.0,0.0,16,Success,Purchase,Kandy,LKR,False
TXN-20240102-0000758,WALL-0020536,MERCH-00327,PM-05,DEV-01,2024-01-02 09:27:55,69.42,0.0,0.0,6,Success,Bill Payment,Medan,IDR,False
TXN-20240102-0000759,WALL-0059743,MERCH-00231,PM-04,DEV-02,2024-01-02 19:20:26,7.77,0.1555,0.0,0,Success,Subscription,Ho Chi Minh City,VND,False
TXN-20240102-0000760,WALL-0137120,MERCH-00206,PM-01,DEV-01,2024-01-02 15:12:30,26.61,0.0,0.0,2,Success,Purchase,Myitkyina,MMK,False
TXN-20240102-0000761,WALL-0149677,MERCH-00332,PM-03,DEV-01,2024-01-02 16:44:42,68.97,0.5517,0.0,6,Success,Bill Payment,Chiang Mai,THB,False
TXN-20240102-0000762,WALL-0142242,MERCH-00068,PM-04,DEV-01,2024-01-02 19:50:26,18.72,0.3744,0.3744,1,Success,Purchase,Pattaya,THB,False
TXN-20240102-0000763,WALL-0066578,MERCH-00139,PM-03,DEV-01,2024-01-02 15:45:37,51.33,0.4106,2.5663,5,Success,Purchase,Pattaya,THB,False
TXN-20240102-0000764,WALL-0055788,MERCH-00258,PM-02,DEV-01,2024-01-02 10:14:14,11.89,0.0238,0.0,1,Success,Subscription,Myitkyina,MMK,False
TXN-20240102-0000765,WALL-0116385,MERCH-00118,PM-03,DEV-01,2024-01-02 21:46:39,12.06,0.0964,0.0,1,Success,Purchase,Kolkata,INR,False
TXN-20240102-0000766,WALL-0138371,MERCH-00354,PM-01,DEV-01,2024-01-02 06:54:39,81.23,0.0,0.0,8,Success,Bill Payment,Yangon,MMK,False
TXN-20240102-0000767,WALL-0130392,MERCH-00362,PM-05,DEV-02,2024-01-02 16:11:42,49.72,0.0,0.0,4,Success,Bill Payment,Bago,MMK,False
TXN-20240102-0000768,WALL-0043046,MERCH-00023,PM-01,DEV-01,2024-01-02 19:59:41,30.45,0.0,0.609,3,Success,Purchase,Myitkyina,MMK,False
TXN-20240102-0000769,WALL-0059863,MERCH-00172,PM-02,DEV-01,2024-01-02 15:22:09,130.93,0.2619,6.5464,13,Success,Purchase,Bangkok,THB,False
TXN-20240102-0000770,WALL-0030103,MERCH-00349,PM-01,DEV-01,2024-01-02 19:28:36,15.22,0.0,0.0,1,Success,Bill Payment,Bali,IDR,False
TXN-20240102-0000771,WALL-0141631,MERCH-00126,PM-04,DEV-01,2024-01-02 19:43:06,86.57,1.7313,0.0,8,Success,Purchase,Manila,PHP,False
TXN-20240102-0000772,WALL-0090226,MERCH-00197,PM-04,DEV-03,2024-01-02 14:58:17,16.28,0.3255,0.0,1,Success,Purchase,Jaipur,INR,False
TXN-20240102-0000773,WALL-0086683,MERCH-00420,PM-01,DEV-04,2024-01-02 18:23:04,447.14,0.0,0.0,44,Success,Payment,Jakarta,IDR,False
TXN-20240102-0000774,WALL-0003234,MERCH-00465,PM-02,DEV-01,2024-01-02 18:06:26,432.71,0.8654,0.0,43,Success,Payment,Chittagong,THB,False
TXN-20240102-0000775,WALL-0063851,MERCH-00372,PM-02,DEV-03,2024-01-02 15:11:29,58.34,0.1167,0.0,5,Success,Purchase,Taunggyi,MMK,False
TXN-20240102-0000776,WALL-0026794,MERCH-00014,PM-04,DEV-02,2024-01-02 03:43:40,6.81,0.1362,0.1362,0,Success,Purchase,Chennai,INR,False
TXN-20240102-0000777,WALL-0087587,MERCH-00071,PM-01,DEV-03,2024-01-02 07:29:48,48.54,0.0,0.9708,4,Success,Purchase,Taunggyi,MMK,False
TXN-20240102-0000778,WALL-0098333,MERCH-00257,PM-03,DEV-01,2024-01-02 19:51:00,5.0,0.04,0.0,0,Success,Subscription,Manila,PHP,False
TXN-20240102-0000779,WALL-0038200,MERCH-00170,PM-01,DEV-01,2024-01-02 10:42:00,74.14,0.0,3.7068,7,Success,Purchase,Siem Reap,KHR,False
TXN-20240102-0000780,WALL-0052117,MERCH-00406,PM-04,DEV-02,2024-01-02 06:01:43,20.0,0.4,0.0,2,Success,Payment,Colombo,LKR,False
TXN-20240102-0000781,WALL-0016044,MERCH-00251,PM-04,DEV-01,2024-01-02 06:25:54,17.29,0.3458,0.0,1,Success,Subscription,Surabaya,IDR,False
TXN-20240102-0000782,WALL-0134098,MERCH-00396,PM-01,DEV-01,2024-01-02 21:35:33,71.18,0.0,0.0,7,Success,Purchase,Naypyidaw,MMK,False
TXN-20240102-0000783,WALL-0027524,MERCH-00078,PM-02,DEV-01,2024-01-02 13:14:42,47.21,0.0944,0.9442,4,Success,Purchase,Manila,PHP,False
TXN-20240102-0000784,WALL-0117334,MERCH-00179,PM-01,DEV-01,2024-01-02 16:24:47,104.42,0.0,5.2212,10,Success,Purchase,Pattaya,MMK,False
TXN-20240102-0000785,WALL-0122712,MERCH-00195,PM-03,DEV-01,2024-01-02 18:10:02,23.8,0.1904,0.0,2,Success,Purchase,Kuala Lumpur,MYR,False
TXN-20240102-0000786,WALL-0067910,MERCH-00248,PM-02,DEV-03,2024-01-02 16:49:45,7.78,0.0156,0.0,0,Success,Subscription,Karachi,PKR,False
TXN-20240102-0000787,WALL-0146019,MERCH-00207,PM-03,DEV-01,2024-01-02 21:42:38,5.0,0.04,0.0,0,Success,Purchase,Bago,MMK,False
TXN-20240102-0000788,WALL-0043760,MERCH-00384,PM-02,DEV-03,2024-01-02 15:24:10,40.0,0.08,0.0,3,Success,Purchase,Jakarta,IDR,False
TXN-20240102-0000789,WALL-0065012,MERCH-00142,PM-01,DEV-01,2024-01-02 19:34:22,168.34,0.0,8.417,16,Success,Purchase,Johor Bahru,MYR,False
TXN-20240102-0000790,WALL-0035451,MERCH-00180,PM-03,DEV-01,2024-01-02 08:26:08,63.14,0.5051,3.1568,6,Success,Purchase,Colombo,LKR,False
TXN-20240102-0000791,WALL-0111313,MERCH-00041,PM-02,DEV-01,2024-01-02 03:49:13,11.57,0.0231,0.2314,1,Success,Purchase,Bandung,IDR,False
TXN-20240102-0000792,WALL-0056256,MERCH-00224,PM-03,DEV-05,2024-01-02 21:45:29,17.66,0.1413,0.0,1,Success,Purchase,Bago,INR,False
TXN-20240102-0000793,WALL-0102303,MERCH-00124,PM-01,DEV-03,2024-01-02 20:05:18,64.23,0.0,0.0,6,Success,Purchase,Colombo,INR,False
TXN-20240102-0000794,WALL-0075609,MERCH-00094,PM-03,DEV-01,2024-01-02 15:40:31,227.69,1.8215,0.0,22,Success,Purchase,Naypyidaw,MMK,False
TXN-20240102-0000795,WALL-0127194,MERCH-00228,PM-05,DEV-01,2024-01-02 19:14:30,5.01,0.0,0.0,0,Success,Purchase,Davao,PHP,False
TXN-20240102-0000796,WALL-0054000,MERCH-00197,PM-01,DEV-01,2024-01-02 15:25:37,7.99,0.0,0.0,0,Success,Purchase,Siem Reap,MMK,False
TXN-20240102-0000797,WALL-0021196,MERCH-00202,PM-03,DEV-02,2024-01-02 12:12:12,5.0,0.04,0.0,0,Success,Purchase,Delhi,INR,False
TXN-20240102-0000798,WALL-0022444,MERCH-00005,PM-05,DEV-01,2024-01-02 20:59:37,29.79,0.0,0.5958,2,Success,Purchase,Mawlamyine,MMK,False
TXN-20240102-0000799,WALL-0101414,MERCH-00381,PM-02,DEV-02,2024-01-02 13:53:35,37.57,0.0751,0.0,3,Success,Purchase,Mandalay,MMK,False
TXN-20240102-0000800,WALL-0041927,MERCH-00198,PM-01,DEV-04,2024-01-02 08:33:57,17.9,0.0,0.0,1,Success,Purchase,Taunggyi,MMK,False
TXN-20240102-0000801,WALL-0013617,MERCH-00227,PM-02,DEV-02,2024-01-02 21:01:47,18.64,0.0373,0.0,1,Success,Purchase,Jakarta,IDR,False
TXN-20240102-0000802,WALL-0141891,MERCH-00340,PM-03,DEV-02,2024-01-02 13:01:19,139.83,1.1186,0.0,13,Success,Bill Payment,Chittagong,BDT,False
TXN-20240102-0000803,WALL-0100245,MERCH-00115,PM-02,DEV-02,2024-01-02 03:36:46,17.06,0.0341,0.0,1,Success,Purchase,Bandung,IDR,False
TXN-20240102-0000804,WALL-0008768,MERCH-00086,PM-01,DEV-02,2024-01-02 07:13:38,30.68,0.0,0.0,3,Success,Purchase,Mandalay,MMK,False
TXN-20240102-0000805,WALL-0108105,MERCH-00423,PM-02,DEV-04,2024-01-02 18:13:35,45.74,0.0915,0.0,4,Success,Payment,Karachi,PKR,False
TXN-20240102-0000806,WALL-0147569,MERCH-00119,PM-01,DEV-01,2024-01-02 14:58:08,77.18,0.0,0.0,7,Success,Purchase,Singapore,SGD,False
TXN-20240102-0000807,WALL-0038264,MERCH-00328,PM-01,DEV-01,2024-01-02 20:19:27,41.61,0.0,0.0,4,Success,Bill Payment,Pathein,MMK,False
TXN-20240102-0000808,WALL-0005290,MERCH-00256,PM-04,DEV-02,2024-01-02 06:24:14,8.89,0.1778,0.0,0,Success,Subscription,Mawlamyine,MMK,False
TXN-20240102-0000809,WALL-0141120,MERCH-00293,PM-01,DEV-01,2024-01-02 20:11:44,451.3,0.0,36.1041,90,Success,Purchase,Bago,MMK,False
TXN-20240102-0000810,WALL-0085461,MERCH-00002,PM-01,DEV-01,2024-01-02 20:23:23,12.16,0.0,0.2432,1,Success,Purchase,Taunggyi,MMK,False
TXN-20240102-0000811,WALL-0008416,MERCH-00032,PM-01,DEV-01,2024-01-02 10:01:08,16.41,0.0,0.3281,1,Success,Purchase,Singapore,SGD,False
TXN-20240102-0000812,WALL-0129070,MERCH-00074,PM-02,DEV-03,2024-01-02 14:31:22,8.77,0.0175,0.1753,0,Success,Purchase,Jakarta,IDR,False
TXN-20240102-0000813,WALL-0126165,MERCH-00366,PM-01,DEV-02,2024-01-02 14:40:22,58.1,0.0,0.0,5,Success,Bill Payment,Ho Chi Minh City,VND,False
TXN-20240102-0000814,WALL-0117762,MERCH-00130,PM-03,DEV-01,2024-01-02 18:06:56,49.43,0.3955,0.0,4,Success,Purchase,Kathmandu,NPR,False
TXN-20240102-0000815,WALL-0047707,MERCH-00244,PM-01,DEV-01,2024-01-02 02:36:26,32.64,0.0,0.0,3,Success,Subscription,Myitkyina,MMK,False
TXN-20240102-0000816,WALL-0076770,MERCH-00054,PM-02,DEV-05,2024-01-02 15:51:47,5.0,0.01,0.1,0,Success,Purchase,Pathein,MMK,False
TXN-20240102-0000817,WALL-0002998,MERCH-00010,PM-02,DEV-01,2024-01-02 15:36:35,16.38,0.0328,0.3275,1,Success,Purchase,Jaipur,INR,False
TXN-20240102-0000818,WALL-0125393,MERCH-00448,PM-05,DEV-01,2024-01-02 18:58:37,125.3,0.0,0.0,12,Success,Tax Payment,Yangon,MMK,False
TXN-20240102-0000819,WALL-0108565,MERCH-00047,PM-01,DEV-02,2024-01-02 14:28:01,62.49,0.0,1.2498,6,Success,Purchase,Bandung,IDR,False
TXN-20240102-0000820,WALL-0080069,MERCH-00336,PM-01,DEV-01,2024-01-02 14:53:49,76.08,0.0,0.0,7,Success,Bill Payment,Taunggyi,MMK,False
TXN-20240102-0000821,WALL-0079202,MERCH-00061,PM-04,DEV-02,2024-01-02 21:46:14,43.9,0.8781,0.8781,4,Success,Purchase,Bago,MMK,False
TXN-20240102-0000822,WALL-0067033,MERCH-00160,PM-01,DEV-04,2024-01-02 10:08:40,175.93,0.0,8.7965,17,Success,Purchase,Naypyidaw,MMK,False
TXN-20240102-0000823,WALL-0117737,MERCH-00334,PM-05,DEV-02,2024-01-02 15:23:50,127.77,0.0,0.0,12,Success,Bill Payment,Taunggyi,MMK,False
TXN-20240102-0000824,WALL-0135591,MERCH-00207,PM-02,DEV-01,2024-01-02 08:48:28,25.12,0.0502,0.0,0,Failed,Purchase,Phuket,MMK,False
TXN-20240102-0000825,WALL-0063576,MERCH-00229,PM-02,DEV-01,2024-01-02 15:59:33,10.82,0.0216,0.0,1,Success,Purchase,Kathmandu,NPR,False
TXN-20240102-0000826,WALL-0102364,MERCH-00126,PM-01,DEV-01,2024-01-02 06:11:40,94.21,0.0,0.0,9,Success,Purchase,Kathmandu,NPR,False
TXN-20240102-0000827,WALL-0017601,MERCH-00277,PM-03,DEV-02,2024-01-02 20:00:01,987.64,7.9011,79.011,197,Success,Purchase,Pathein,MMK,False
TXN-20240102-0000828,WALL-0005628,MERCH-00075,PM-01,DEV-03,2024-01-02 15:35:22,17.31,0.0,0.3462,1,Success,Purchase,Mawlamyine,MMK,False
TXN-20240102-0000829,WALL-0050219,MERCH-00314,PM-02,DEV-01,2024-01-02 21:59:31,48.73,0.0975,0.0,4,Success,Bill Payment,Lahore,PKR,False
TXN-20240102-0000830,WALL-0013488,MERCH-00448,PM-02,DEV-02,2024-01-02 06:41:12,56.16,0.1123,0.0,5,Success,Tax Payment,Myitkyina,MMK,False
TXN-20240102-0000831,WALL-0088212,MERCH-00325,PM-01,DEV-04,2024-01-02 18:01:48,22.46,0.0,0.0,2,Success,Bill Payment,Pokhara,NPR,False
TXN-20240102-0000832,WALL-0112153,MERCH-00490,PM-01,DEV-04,2024-01-02 14:44:23,90.97,0.0,0.0,9,Success,Payment,Dhaka,BDT,False
TXN-20240102-0000833,WALL-0015025,MERCH-00203,PM-04,DEV-03,2024-01-02 21:46:40,14.36,0.2872,0.0,1,Success,Purchase,Jakarta,IDR,False
TXN-20240102-0000834,WALL-0055032,MERCH-00395,PM-04,DEV-01,2024-01-02 01:05:50,27.45,0.549,0.0,2,Success,Purchase,Bago,MMK,False
TXN-20240102-0000835,WALL-0019600,MERCH-00198,PM-01,DEV-04,2024-01-02 14:42:59,17.42,0.0,0.0,1,Success,Purchase,Johor Bahru,MYR,False
TXN-20240102-0000836,WALL-0022147,MERCH-00050,PM-01,DEV-01,2024-01-02 07:04:51,16.33,0.0,0.3266,1,Success,Purchase,Medan,IDR,False
TXN-20240102-0000837,WALL-0006047,MERCH-00002,PM-01,DEV-01,2024-01-02 07:25:32,33.28,0.0,0.6656,3,Success,Purchase,Mandalay,MMK,False
TXN-20240102-0000838,WALL-0096070,MERCH-00085,PM-02,DEV-02,2024-01-02 11:02:00,72.17,0.1443,0.0,7,Success,Purchase,Bali,IDR,False
TXN-20240102-0000839,WALL-0128176,MERCH-00383,PM-04,DEV-05,2024-01-02 13:51:26,85.28,1.7056,0.0,8,Success,Purchase,Kandy,LKR,False
TXN-20240102-0000840,WALL-0097125,MERCH-00351,PM-01,DEV-01,2024-01-02 12:48:12,31.62,0.0,0.0,3,Success,Bill Payment,Mandalay,MMK,False
TXN-20240102-0000841,WALL-0001367,MERCH-00014,PM-04,DEV-03,2024-01-02 11:33:57,18.44,0.3688,0.0,0,Failed,Purchase,Yangon,MMK,False
TXN-20240102-0000842,WALL-0079338,MERCH-00262,PM-04,DEV-01,2024-01-02 20:23:34,6.52,0.1304,0.0,0,Success,Subscription,Pokhara,NPR,False
TXN-20240102-0000843,WALL-0137928,MERCH-00073,PM-04,DEV-01,2024-01-02 07:35:08,51.45,1.029,1.029,5,Success,Purchase,Mawlamyine,MMK,False
TXN-20240102-0000844,WALL-0080828,MERCH-00047,PM-02,DEV-01,2024-01-02 01:39:18,34.16,0.0683,0.6832,3,Success,Purchase,Naypyidaw,MMK,False
TXN-20240102-0000845,WALL-0045922,MERCH-00413,PM-03,DEV-01,2024-01-02 06:09:15,633.06,5.0644,0.0,63,Success,Payment,Khon Kaen,THB,False
TXN-20240102-0000846,WALL-0147252,MERCH-00413,PM-04,DEV-01,2024-01-02 15:38:18,65.11,1.3022,0.0,6,Success,Payment,Bandung,IDR,False
TXN-20240102-0000847,WALL-0043490,MERCH-00256,PM-05,DEV-01,2024-01-02 21:01:15,13.23,0.0,0.0,1,Success,Subscription,Naypyidaw,MMK,False
TXN-20240102-0000848,WALL-0084745,MERCH-00115,PM-01,DEV-05,2024-01-02 23:10:15,200.0,0.0,0.0,20,Success,Purchase,Taunggyi,MMK,False
TXN-20240102-0000849,WALL-0009689,MERCH-00327,PM-01,DEV-05,2024-01-02 21:17:40,150.88,0.0,0.0,15,Success,Bill Payment,Johor Bahru,MYR,False
TXN-20240102-0000850,WALL-0006962,MERCH-00268,PM-01,DEV-03,2024-01-02 07:14:12,11.76,0.0,0.0,1,Success,Subscription,Naypyidaw,MMK,False
TXN-20240102-0000851,WALL-0127770,MERCH-00430,PM-02,DEV-03,2024-01-02 16:59:49,116.33,0.2327,0.0,11,Success,Payment,Dhaka,BDT,False
TXN-20240102-0000852,WALL-0084083,MERCH-00112,PM-01,DEV-01,2024-01-02 12:21:17,86.8,0.0,0.0,8,Success,Purchase,Bago,MMK,False
TXN-20240102-0000853,WALL-0127022,MERCH-00392,PM-03,DEV-02,2024-01-02 16:54:15,29.65,0.2372,0.0,2,Success,Purchase,Quezon City,PHP,False
TXN-20240102-0000854,WALL-0113246,MERCH-00049,PM-01,DEV-03,2024-01-02 17:55:53,8.29,0.0,0.1657,0,Success,Purchase,Manila,PHP,False
TXN-20240102-0000855,WALL-0144409,MERCH-00031,PM-01,DEV-01,2024-01-02 10:26:34,60.0,0.0,1.2,6,Success,Purchase,Mandalay,MMK,False
TXN-20240102-0000856,WALL-0042734,MERCH-00375,PM-03,DEV-01,2024-01-02 18:59:21,76.33,0.6106,0.0,7,Success,Purchase,Johor Bahru,MYR,False
TXN-20240102-0000857,WALL-0136199,MERCH-00154,PM-03,DEV-01,2024-01-02 17:57:08,56.7,0.4536,2.835,5,Success,Purchase,Cebu City,PHP,False
TXN-20240102-0000858,WALL-0066447,MERCH-00017,PM-01,DEV-01,2024-01-02 23:16:13,19.29,0.0,0.3857,1,Success,Purchase,Johor Bahru,MYR,False
TXN-20240102-0000859,WALL-0071191,MERCH-00156,PM-01,DEV-03,2024-01-02 22:38:03,100.37,0.0,5.0183,10,Success,Purchase,Penang,MYR,False
TXN-20240102-0000860,WALL-0044781,MERCH-00193,PM-02,DEV-03,2024-01-02 13:19:30,24.61,0.0492,0.0,2,Success,Purchase,Jakarta,IDR,False
TXN-20240102-0000861,WALL-0087710,MERCH-00200,PM-01,DEV-01,2024-01-02 15:22:39,12.58,0.0,0.0,1,Success,Purchase,Bali,IDR,False
TXN-20240102-0000862,WALL-0030746,MERCH-00233,PM-01,DEV-03,2024-01-02 17:10:09,10.4,0.0,0.0,1,Success,Subscription,Penang,INR,False
TXN-20240102-0000863,WALL-0038858,MERCH-00041,PM-01,DEV-03,2024-01-02 00:32:56,17.63,0.0,0.3527,1,Success,Purchase,Naypyidaw,MMK,False
TXN-20240102-0000864,WALL-0050023,MERCH-00076,PM-03,DEV-03,2024-01-02 19:25:55,13.44,0.1075,0.2688,1,Success,Purchase,Hyderabad,INR,False
TXN-20240102-0000865,WALL-0069189,MERCH-00069,PM-01,DEV-01,2024-01-02 01:00:29,28.15,0.0,0.5629,2,Success,Purchase,Quezon City,IDR,False
TXN-20240102-0000866,WALL-0139676,MERCH-00337,PM-02,DEV-05,2024-01-02 04:53:18,49.89,0.0998,0.0,4,Success,Bill Payment,Mandalay,MMK,False
TXN-20240102-0000867,WALL-0103662,MERCH-00361,PM-02,DEV-02,2024-01-02 17:00:21,43.48,0.087,0.0,0,Pending,Bill Payment,Mandalay,MMK,False
TXN-20240102-0000868,WALL-0080076,MERCH-00413,PM-01,DEV-02,2024-01-02 19:47:47,39.31,0.0,0.0,3,Success,Payment,Phnom Penh,KHR,False
TXN-20240102-0000869,WALL-0011137,MERCH-00179,PM-04,DEV-04,2024-01-02 21:31:04,88.2,1.7639,4.4098,8,Success,Purchase,Colombo,LKR,False
TXN-20240102-0000870,WALL-0005880,MERCH-00056,PM-01,DEV-01,2024-01-02 10:11:59,9.47,0.0,0.0,0,Failed,Purchase,Pathein,MMK,False
TXN-20240102-0000871,WALL-0046085,MERCH-00430,PM-02,DEV-02,2024-01-02 05:51:53,23.39,0.0468,0.0,2,Success,Payment,Taunggyi,MMK,False
TXN-20240102-0000872,WALL-0131171,MERCH-00092,PM-01,DEV-04,2024-01-02 06:05:07,39.7,0.0,0.0,3,Success,Purchase,Yangon,MMK,False
TXN-20240102-0000873,WALL-0037067,MERCH-00249,PM-02,DEV-02,2024-01-02 18:00:55,27.96,0.0559,0.0,2,Success,Subscription,Hanoi,VND,False
TXN-20240102-0000874,WALL-0109061,MERCH-00378,PM-03,DEV-05,2024-01-02 16:28:42,38.98,0.3119,0.0,3,Success,Purchase,Pattaya,THB,False
TXN-20240102-0000875,WALL-0136800,MERCH-00145,PM-01,DEV-01,2024-01-02 20:53:05,197.97,0.0,9.8983,19,Success,Purchase,Taunggyi,MMK,False
TXN-20240102-0000876,WALL-0085873,MERCH-00006,PM-01,DEV-02,2024-01-02 01:49:15,5.0,0.0,0.1,0,Success,Purchase,Mandalay,MMK,False
TXN-20240102-0000877,WALL-0003259,MERCH-00295,PM-01,DEV-02,2024-01-02 19:09:38,366.68,0.0,29.3343,73,Success,Purchase,Kandy,LKR,False
TXN-20240102-0000878,WALL-0125827,MERCH-00049,PM-04,DEV-01,2024-01-02 12:33:51,8.27,0.1655,0.1655,0,Success,Purchase,Yangon,MMK,False
TXN-20240102-0000879,WALL-0038983,MERCH-00452,PM-01,DEV-05,2024-01-02 18:56:37,50.0,0.0,0.0,5,Success,Payment,Yangon,MMK,False
TXN-20240102-0000880,WALL-0065722,MERCH-00168,PM-01,DEV-01,2024-01-02 18:35:13,113.75,0.0,5.6873,11,Success,Purchase,Kuala Lumpur,MYR,False
TXN-20240102-0000881,WALL-0123797,MERCH-00104,PM-01,DEV-01,2024-01-02 16:47:20,200.0,0.0,0.0,20,Success,Purchase,Bangalore,INR,False
TXN-20240102-0000882,WALL-0111282,MERCH-00422,PM-01,DEV-01,2024-01-02 19:01:18,288.42,0.0,0.0,28,Success,Payment,Pathein,MMK,False
TXN-20240102-0000883,WALL-0003220,MERCH-00183,PM-05,DEV-01,2024-01-02 02:12:46,54.76,0.0,0.0,0,Failed,Purchase,Jakarta,IDR,False
TXN-20240102-0000884,WALL-0123668,MERCH-00030,PM-02,DEV-01,2024-01-02 14:07:28,16.28,0.0326,0.3256,1,Success,Purchase,Islamabad,PKR,False
TXN-20240102-0000885,WALL-0035913,MERCH-00114,PM-02,DEV-01,2024-01-02 17:24:57,23.75,0.0475,0.0,2,Success,Purchase,Chiang Mai,PKR,False
TXN-20240102-0000886,WALL-0141854,MERCH-00182,PM-04,DEV-02,2024-01-02 18:23:33,40.7,0.8139,2.0348,4,Success,Purchase,Yangon,MMK,False
TXN-20240102-0000887,WALL-0122605,MERCH-00048,PM-02,DEV-01,2024-01-02 14:11:35,19.88,0.0398,0.3976,1,Success,Purchase,Quezon City,PHP,False
TXN-20240102-0000888,WALL-0039444,MERCH-00221,PM-03,DEV-01,2024-01-02 16:28:15,33.11,0.2649,0.0,3,Success,Purchase,Phnom Penh,KHR,False
TXN-20240102-0000889,WALL-0132882,MERCH-00443,PM-01,DEV-02,2024-01-02 07:56:25,734.7,0.0,0.0,73,Success,Tax Payment,Mawlamyine,MMK,False
TXN-20240102-0000890,WALL-0093749,MERCH-00186,PM-02,DEV-01,2024-01-02 14:38:39,123.23,0.2465,6.1614,12,Success,Purchase,Mandalay,MMK,False
TXN-20240102-0000891,WALL-0049697,MERCH-00123,PM-01,DEV-01,2024-01-02 12:51:10,21.01,0.0,0.0,2,Success,Purchase,Bangalore,INR,False
TXN-20240102-0000892,WALL-0027476,MERCH-00088,PM-02,DEV-03,2024-01-02 13:15:54,68.46,0.1369,0.0,6,Success,Purchase,Karachi,PKR,False
TXN-20240102-0000893,WALL-0020208,MERCH-00208,PM-02,DEV-02,2024-01-02 12:55:17,9.81,0.0196,0.0,0,Success,Purchase,Kuala Lumpur,MYR,False
TXN-20240102-0000894,WALL-0056548,MERCH-00063,PM-03,DEV-03,2024-01-02 06:05:59,15.53,0.1243,0.3107,1,Success,Purchase,Islamabad,PKR,False
TXN-20240102-0000895,WALL-0116699,MERCH-00167,PM-01,DEV-01,2024-01-02 19:44:52,186.75,0.0,9.3373,18,Success,Purchase,Karachi,PKR,False
TXN-20240102-0000896,WALL-0034591,MERCH-00416,PM-01,DEV-01,2024-01-02 09:41:14,24.81,0.0,0.0,2,Success,Payment,Khon Kaen,THB,False
TXN-20240102-0000897,WALL-0143788,MERCH-00054,PM-01,DEV-02,2024-01-02 12:45:21,22.03,0.0,0.4406,2,Success,Purchase,Bandung,IDR,False
TXN-20240102-0000898,WALL-0135909,MERCH-00029,PM-02,DEV-03,2024-01-02 12:21:22,8.64,0.0173,0.1728,0,Success,Purchase,Ho Chi Minh City,VND,False
TXN-20240102-0000899,WALL-0023424,MERCH-00371,PM-02,DEV-01,2024-01-02 07:42:20,69.66,0.1393,0.0,6,Success,Purchase,Phnom Penh,KHR,False
TXN-20240102-0000900,WALL-0037471,MERCH-00349,PM-02,DEV-02,2024-01-02 20:50:23,28.15,0.0563,0.0,2,Success,Bill Payment,Bago,MMK,False
TXN-20240102-0000901,WALL-0001686,MERCH-00382,PM-04,DEV-01,2024-01-02 09:28:22,56.52,1.1304,0.0,5,Success,Purchase,Kolkata,PHP,False
TXN-20240102-0000902,WALL-0022408,MERCH-00139,PM-03,DEV-02,2024-01-02 14:27:15,234.73,1.8779,11.7367,23,Success,Purchase,Pattaya,MMK,False
TXN-20240102-0000903,WALL-0126030,MERCH-00100,PM-01,DEV-01,2024-01-02 10:26:13,23.92,0.0,0.0,2,Success,Purchase,Pokhara,NPR,False
TXN-20240102-0000904,WALL-0147224,MERCH-00431,PM-01,DEV-01,2024-01-02 19:44:08,302.51,0.0,0.0,30,Success,Tax Payment,Medan,IDR,False
TXN-20240102-0000905,WALL-0128899,MERCH-00405,PM-02,DEV-01,2024-01-02 13:50:51,25.49,0.051,0.0,2,Success,Payment,Pokhara,NPR,False
TXN-20240102-0000906,WALL-0146982,MERCH-00267,PM-01,DEV-01,2024-01-02 11:48:48,19.59,0.0,0.0,1,Success,Subscription,Taunggyi,MMK,False
TXN-20240102-0000907,WALL-0123100,MERCH-00376,PM-01,DEV-01,2024-01-02 20:09:45,71.0,0.0,0.0,7,Success,Purchase,Pune,INR,False
TXN-20240102-0000908,WALL-0071297,MERCH-00143,PM-02,DEV-04,2024-01-02 19:15:06,250.69,0.5014,12.5345,25,Success,Purchase,Cebu City,PHP,False
TXN-20240102-0000909,WALL-0050880,MERCH-00448,PM-01,DEV-01,2024-01-02 14:09:40,601.89,0.0,0.0,60,Success,Tax Payment,Pathein,MMK,False
TXN-20240102-0000910,WALL-0052190,MERCH-00489,PM-01,DEV-01,2024-01-02 00:31:47,50.0,0.0,0.0,5,Success,Payment,Colombo,LKR,False
TXN-20240102-0000911,WALL-0059841,MERCH-00407,PM-05,DEV-01,2024-01-02 01:26:18,125.66,0.0,0.0,12,Success,Payment,Quezon City,PHP,False
TXN-20240102-0000912,WALL-0002974,MERCH-00111,PM-01,DEV-01,2024-01-02 14:06:18,95.04,0.0,0.0,9,Success,Purchase,Da Nang,VND,False
TXN-20240102-0000913,WALL-0033326,MERCH-00113,PM-04,DEV-02,2024-01-02 19:14:43,21.07,0.4215,0.0,2,Success,Purchase,Mawlamyine,MMK,False
TXN-20240102-0000914,WALL-0094392,MERCH-00253,PM-04,DEV-05,2024-01-02 22:59:31,20.9,0.4181,0.0,0,Failed,Subscription,Naypyidaw,MMK,False
TXN-20240102-0000915,WALL-0032475,MERCH-00005,PM-01,DEV-02,2024-01-02 17:53:26,11.4,0.0,0.2279,1,Success,Purchase,Bangalore,MMK,False
TXN-20240102-0000916,WALL-0063389,MERCH-00142,PM-04,DEV-04,2024-01-02 12:58:11,374.11,7.4822,18.7054,37,Success,Purchase,Kuala Lumpur,MYR,False
TXN-20240102-0000917,WALL-0050178,MERCH-00089,PM-01,DEV-01,2024-01-02 16:46:27,45.71,0.0,0.0,4,Success,Purchase,Ho Chi Minh City,VND,False
TXN-20240102-0000918,WALL-0016965,MERCH-00256,PM-05,DEV-01,2024-01-02 03:49:12,22.54,0.0,0.0,2,Success,Subscription,Cebu City,PHP,False
TXN-20240102-0000919,WALL-0071769,MERCH-00369,PM-01,DEV-01,2024-01-02 17:36:54,28.27,0.0,0.0,2,Success,Bill Payment,Mumbai,INR,False
TXN-20240102-0000920,WALL-0102271,MERCH-00120,PM-01,DEV-01,2024-01-02 12:39:26,59.42,0.0,0.0,5,Success,Purchase,Delhi,INR,False
TXN-20240102-0000921,WALL-0111939,MERCH-00018,PM-01,DEV-05,2024-01-02 07:05:59,20.27,0.0,0.4054,2,Success,Purchase,Pattaya,THB,False
TXN-20240102-0000922,WALL-0139874,MERCH-00262,PM-03,DEV-01,2024-01-02 22:57:48,5.6,0.0448,0.0,0,Success,Subscription,Ahmedabad,INR,False
TXN-20240102-0000923,WALL-0070029,MERCH-00468,PM-04,DEV-01,2024-01-02 14:01:46,108.29,2.1657,0.0,10,Success,Payment,Pokhara,NPR,False
TXN-20240102-0000924,WALL-0026246,MERCH-00072,PM-01,DEV-01,2024-01-02 20:28:36,5.0,0.0,0.1,0,Success,Purchase,Kuala Lumpur,MYR,False
TXN-20240102-0000925,WALL-0013284,MERCH-00079,PM-02,DEV-01,2024-01-02 21:13:03,18.74,0.0375,0.3747,1,Success,Purchase,Kolkata,MMK,False
TXN-20240102-0000926,WALL-0086754,MERCH-00100,PM-04,DEV-03,2024-01-02 06:07:49,75.93,1.5185,0.0,7,Success,Purchase,Cebu City,PHP,False
TXN-20240102-0000927,WALL-0125343,MERCH-00016,PM-03,DEV-03,2024-01-02 14:31:04,24.96,0.1997,0.4993,2,Success,Purchase,Mawlamyine,MMK,False
TXN-20240102-0000928,WALL-0074787,MERCH-00049,PM-04,DEV-01,2024-01-02 19:55:20,20.12,0.4024,0.4024,2,Success,Purchase,Taunggyi,MMK,False
TXN-20240102-0000929,WALL-0121163,MERCH-00052,PM-02,DEV-02,2024-01-02 08:57:23,85.48,0.171,1.7095,8,Success,Purchase,Mandalay,MMK,False
TXN-20240102-0000930,WALL-0113305,MERCH-00263,PM-02,DEV-01,2024-01-02 13:04:52,17.51,0.035,0.0,1,Success,Subscription,Mandalay,MMK,False
TXN-20240102-0000931,WALL-0059243,MERCH-00097,PM-02,DEV-01,2024-01-02 21:19:43,29.31,0.0586,0.0,2,Success,Purchase,Bangkok,THB,False
TXN-20240102-0000932,WALL-0062719,MERCH-00075,PM-01,DEV-02,2024-01-02 02:46:41,13.17,0.0,0.2635,1,Success,Purchase,Medan,INR,False
TXN-20240102-0000933,WALL-0054229,MERCH-00319,PM-02,DEV-05,2024-01-02 08:39:17,66.46,0.1329,0.0,6,Success,Bill Payment,Pathein,MMK,False
TXN-20240102-0000934,WALL-0106357,MERCH-00400,PM-02,DEV-04,2024-01-02 17:38:06,41.82,0.0836,0.0,4,Success,Purchase,Ahmedabad,INR,False
TXN-20240102-0000935,WALL-0008785,MERCH-00137,PM-01,DEV-02,2024-01-02 19:27:24,57.53,0.0,2.8766,5,Success,Purchase,Siem Reap,MMK,False
TXN-20240102-0000936,WALL-0099664,MERCH-00069,PM-01,DEV-05,2024-01-02 12:27:11,47.87,0.0,0.9574,4,Success,Purchase,Da Nang,MMK,False
TXN-20240102-0000937,WALL-0058974,MERCH-00142,PM-02,DEV-02,2024-01-02 16:26:41,176.37,0.3527,8.8184,17,Success,Purchase,Jaipur,INR,False
TXN-20240102-0000938,WALL-0010762,MERCH-00100,PM-01,DEV-01,2024-01-02 12:07:46,75.9,0.0,0.0,0,Reversed,Purchase,Bangkok,THB,False
TXN-20240102-0000939,WALL-0078343,MERCH-00216,PM-01,DEV-01,2024-01-02 12:03:13,23.11,0.0,0.0,2,Success,Purchase,Singapore,MMK,False
TXN-20240102-0000940,WALL-0096463,MERCH-00386,PM-03,DEV-05,2024-01-02 17:07:36,64.16,0.5133,0.0,0,Pending,Purchase,Bago,MMK,False
TXN-20240102-0000941,WALL-0091928,MERCH-00314,PM-01,DEV-01,2024-01-02 13:31:43,38.53,0.0,0.0,3,Success,Bill Payment,Mawlamyine,MMK,False
TXN-20240102-0000942,WALL-0148245,MERCH-00199,PM-01,DEV-03,2024-01-02 15:11:07,19.86,0.0,0.0,1,Success,Purchase,Ahmedabad,INR,False
TXN-20240102-0000943,WALL-0055783,MERCH-00029,PM-04,DEV-01,2024-01-02 16:19:04,8.27,0.1653,0.1653,0,Success,Purchase,Karachi,PKR,False
TXN-20240102-0000944,WALL-0092493,MERCH-00398,PM-01,DEV-05,2024-01-02 10:00:53,101.07,0.0,0.0,10,Success,Purchase,Taunggyi,MMK,False
TXN-20240102-0000945,WALL-0137603,MERCH-00249,PM-02,DEV-01,2024-01-02 03:05:26,17.48,0.035,0.0,1,Success,Subscription,Yangon,MMK,False
TXN-20240102-0000946,WALL-0057762,MERCH-00200,PM-03,DEV-02,2024-01-02 13:02:54,13.74,0.1099,0.0,1,Success,Purchase,Myitkyina,MMK,False
TXN-20240102-0000947,WALL-0042001,MERCH-00183,PM-01,DEV-05,2024-01-02 15:53:02,382.13,0.0,19.1067,38,Success,Purchase,Taunggyi,MMK,False
TXN-20240102-0000948,WALL-0080860,MERCH-00185,PM-01,DEV-02,2024-01-02 18:31:42,20.0,0.0,1.0,2,Success,Purchase,Chiang Mai,IDR,False
TXN-20240102-0000949,WALL-0102966,MERCH-00006,PM-02,DEV-03,2024-01-02 13:16:24,21.0,0.042,0.42,2,Success,Purchase,Myitkyina,MMK,False
TXN-20240102-0000950,WALL-0141696,MERCH-00298,PM-02,DEV-04,2024-01-02 21:21:54,226.69,0.4534,18.1354,45,Success,Purchase,Mawlamyine,MMK,False
TXN-20240102-0000951,WALL-0049850,MERCH-00450,PM-04,DEV-01,2024-01-02 19:14:56,91.33,1.8266,0.0,9,Success,Tax Payment,Siem Reap,KHR,False
TXN-20240102-0000952,WALL-0050531,MERCH-00217,PM-01,DEV-02,2024-01-02 18:15:01,10.75,0.0,0.0,1,Success,Purchase,Bago,MMK,False
TXN-20240102-0000953,WALL-0079823,MERCH-00348,PM-03,DEV-01,2024-01-02 08:48:07,31.67,0.2534,0.0,3,Success,Bill Payment,Naypyidaw,MMK,False
TXN-20240102-0000954,WALL-0097748,MERCH-00342,PM-02,DEV-01,2024-01-02 21:40:51,18.67,0.0373,0.0,1,Success,Bill Payment,Medan,IDR,False
TXN-20240102-0000955,WALL-0086478,MERCH-00293,PM-04,DEV-01,2024-01-02 15:48:28,632.64,12.6528,50.6113,126,Success,Purchase,Medan,IDR,False
TXN-20240102-0000956,WALL-0020468,MERCH-00263,PM-01,DEV-03,2024-01-02 20:40:49,22.88,0.0,0.0,2,Success,Subscription,Singapore,SGD,False
TXN-20240102-0000957,WALL-0022306,MERCH-00398,PM-02,DEV-01,2024-01-02 12:06:35,32.76,0.0655,0.0,3,Success,Purchase,Bago,MMK,False
TXN-20240102-0000958,WALL-0068426,MERCH-00109,PM-03,DEV-03,2024-01-02 13:04:10,32.34,0.2587,0.0,3,Success,Purchase,Ahmedabad,INR,False
TXN-20240102-0000959,WALL-0087862,MERCH-00279,PM-03,DEV-03,2024-01-02 09:31:53,1378.9,11.0312,110.3116,275,Success,Purchase,Pathein,MMK,False
TXN-20240102-0000960,WALL-0101831,MERCH-00491,PM-02,DEV-01,2024-01-02 19:34:32,479.77,0.9595,0.0,47,Success,Payment,Hanoi,VND,False
TXN-20240102-0000961,WALL-0009212,MERCH-00055,PM-01,DEV-02,2024-01-02 16:01:30,11.69,0.0,0.2337,1,Success,Purchase,Chittagong,BDT,False
TXN-20240102-0000962,WALL-0008779,MERCH-00051,PM-01,DEV-01,2024-01-02 04:17:15,10.55,0.0,0.211,1,Success,Purchase,Pattaya,MMK,False
TXN-20240102-0000963,WALL-0147224,MERCH-00400,PM-01,DEV-01,2024-01-02 17:01:15,38.93,0.0,0.0,3,Success,Purchase,Medan,IDR,False
TXN-20240102-0000964,WALL-0025504,MERCH-00126,PM-01,DEV-02,2024-01-02 09:54:09,33.75,0.0,0.0,3,Success,Purchase,Taunggyi,MMK,False
TXN-20240102-0000965,WALL-0114274,MERCH-00269,PM-02,DEV-01,2024-01-02 13:56:04,10.21,0.0204,0.0,1,Success,Subscription,Medan,NPR,False
TXN-20240102-0000966,WALL-0061201,MERCH-00311,PM-05,DEV-01,2024-01-02 23:46:06,229.53,0.0,0.0,22,Success,Bill Payment,Naypyidaw,MMK,False
TXN-20240102-0000967,WALL-0047739,MERCH-00355,PM-04,DEV-01,2024-01-02 11:49:08,39.65,0.7929,0.0,3,Success,Bill Payment,Mawlamyine,MMK,False
TXN-20240102-0000968,WALL-0069327,MERCH-00287,PM-03,DEV-01,2024-01-02 21:48:05,1125.88,9.007,90.0704,225,Success,Purchase,Khon Kaen,THB,False
TXN-20240102-0000969,WALL-0044510,MERCH-00085,PM-04,DEV-02,2024-01-02 10:24:11,34.41,0.6882,0.0,3,Success,Purchase,Johor Bahru,MYR,False
TXN-20240102-0000970,WALL-0116797,MERCH-00073,PM-02,DEV-01,2024-01-02 20:08:36,12.73,0.0255,0.2547,1,Success,Purchase,Bago,MMK,False
TXN-20240102-0000971,WALL-0008200,MERCH-00054,PM-02,DEV-03,2024-01-02 12:53:09,13.1,0.0262,0.262,1,Success,Purchase,Pathein,MMK,False
TXN-20240102-0000972,WALL-0026890,MERCH-00293,PM-03,DEV-01,2024-01-02 16:33:30,973.61,7.7889,77.8886,194,Success,Purchase,Bago,MMK,False
TXN-20240102-0000973,WALL-0004028,MERCH-00025,PM-03,DEV-01,2024-01-02 19:32:20,22.9,0.1832,0.4579,2,Success,Purchase,Bangalore,INR,False
TXN-20240102-0000974,WALL-0028325,MERCH-00022,PM-01,DEV-02,2024-01-02 20:56:23,23.08,0.0,0.0,0,Failed,Purchase,Mandalay,MMK,False
TXN-20240102-0000975,WALL-0085191,MERCH-00322,PM-04,DEV-01,2024-01-02 14:35:42,81.59,1.6318,0.0,8,Success,Bill Payment,Hanoi,VND,False
TXN-20240102-0000976,WALL-0031115,MERCH-00047,PM-04,DEV-01,2024-01-02 13:03:06,15.21,0.3042,0.3042,1,Success,Purchase,Pokhara,INR,False
TXN-20240102-0000977,WALL-0006501,MERCH-00354,PM-01,DEV-01,2024-01-02 20:10:42,33.85,0.0,0.0,3,Success,Bill Payment,Ho Chi Minh City,VND,False
TXN-20240102-0000978,WALL-0031870,MERCH-00099,PM-03,DEV-01,2024-01-02 18:47:20,30.71,0.2456,0.0,3,Success,Purchase,Myitkyina,MMK,False
TXN-20240102-0000979,WALL-0088387,MERCH-00043,PM-01,DEV-03,2024-01-02 19:42:03,22.59,0.0,0.4519,2,Success,Purchase,Yangon,MMK,False
TXN-20240102-0000980,WALL-0098502,MERCH-00078,PM-03,DEV-01,2024-01-02 14:21:00,21.73,0.1739,0.4347,2,Success,Purchase,Jaipur,INR,False
TXN-20240102-0000981,WALL-0058104,MERCH-00090,PM-03,DEV-01,2024-01-02 18:14:40,57.74,0.4619,0.0,5,Success,Purchase,Pathein,MMK,False
TXN-20240102-0000982,WALL-0127018,MERCH-00288,PM-02,DEV-02,2024-01-02 08:56:48,1055.99,2.112,84.4792,211,Success,Purchase,Davao,PHP,False
TXN-20240102-0000983,WALL-0001316,MERCH-00173,PM-01,DEV-01,2024-01-02 07:20:22,151.6,0.0,7.5802,15,Success,Purchase,Siem Reap,KHR,False
TXN-20240102-0000984,WALL-0013197,MERCH-00157,PM-02,DEV-02,2024-01-02 04:20:59,376.05,0.7521,18.8026,37,Success,Purchase,Yangon,MMK,False
TXN-20240102-0000985,WALL-0131603,MERCH-00340,PM-02,DEV-01,2024-01-02 07:55:24,158.32,0.3166,0.0,15,Success,Bill Payment,Kuala Lumpur,MYR,False
TXN-20240102-0000986,WALL-0042530,MERCH-00327,PM-01,DEV-01,2024-01-02 16:21:03,37.37,0.0,0.0,3,Success,Bill Payment,Lahore,MMK,False
TXN-20240102-0000987,WALL-0056819,MERCH-00182,PM-03,DEV-01,2024-01-02 19:04:21,53.65,0.4292,2.6824,5,Success,Purchase,Pune,INR,False
TXN-20240102-0000988,WALL-0025894,MERCH-00033,PM-01,DEV-01,2024-01-02 18:39:31,15.63,0.0,0.3126,1,Success,Purchase,Naypyidaw,MMK,False
TXN-20240102-0000989,WALL-0022404,MERCH-00024,PM-02,DEV-02,2024-01-02 15:25:43,99.0,0.198,1.98,9,Success,Purchase,Chiang Mai,THB,False
TXN-20240102-0000990,WALL-0027466,MERCH-00129,PM-02,DEV-01,2024-01-02 15:52:24,53.38,0.1068,0.0,5,Success,Purchase,Phnom Penh,KHR,False
TXN-20240102-0000991,WALL-0051924,MERCH-00101,PM-01,DEV-01,2024-01-02 08:31:24,29.62,0.0,0.0,2,Success,Purchase,Myitkyina,MMK,False
TXN-20240102-0000992,WALL-0100842,MERCH-00208,PM-01,DEV-02,2024-01-02 11:30:48,9.23,0.0,0.0,0,Failed,Purchase,Islamabad,PKR,False
TXN-20240102-0000993,WALL-0034797,MERCH-00394,PM-04,DEV-01,2024-01-02 20:38:23,42.84,0.8568,0.0,4,Success,Purchase,Islamabad,PKR,False
TXN-20240102-0000994,WALL-0060915,MERCH-00020,PM-05,DEV-01,2024-01-02 20:50:31,49.42,0.0,0.9883,4,Success,Purchase,Chennai,INR,False
TXN-20240102-0000995,WALL-0061078,MERCH-00128,PM-04,DEV-02,2024-01-02 17:30:10,67.32,1.3463,0.0,6,Success,Purchase,Naypyidaw,MMK,False
TXN-20240102-0000996,WALL-0094213,MERCH-00025,PM-02,DEV-01,2024-01-02 17:49:12,11.07,0.0221,0.2215,1,Success,Purchase,Yangon,MMK,False
TXN-20240102-0000997,WALL-0103047,MERCH-00202,PM-01,DEV-01,2024-01-02 15:22:39,9.35,0.0,0.0,0,Success,Purchase,Mumbai,KHR,False
TXN-20240102-0000998,WALL-0146343,MERCH-00073,PM-02,DEV-01,2024-01-02 12:51:07,16.04,0.0321,0.3208,1,Success,Purchase,Ahmedabad,INR,False
TXN-20240102-0000999,WALL-0047027,MERCH-00197,PM-01,DEV-01,2024-01-02 17:10:55,38.34,0.0,0.0,3,Success,Purchase,Manila,PHP,False
TXN-20240102-0001000,WALL-0105687,MERCH-00202,PM-02,DEV-01,2024-01-02 16:32:10,6.72,0.0134,0.0,0,Failed,Purchase,Mandalay,MMK,False
TXN-20240102-0001001,WALL-0136773,MERCH-00220,PM-02,DEV-01,2024-01-02 20:27:58,7.22,0.0144,0.0,0,Success,Purchase,Myitkyina,MMK,False
TXN-20240102-0001002,WALL-0026098,MERCH-00020,PM-04,DEV-01,2024-01-02 18:11:40,7.15,0.1429,0.1429,0,Success,Purchase,Chennai,INR,False
TXN-20240102-0001003,WALL-0140766,MERCH-00171,PM-01,DEV-03,2024-01-02 07:59:05,179.18,0.0,8.9588,17,Success,Purchase,Mawlamyine,MMK,False
TXN-20240102-0001004,WALL-0089088,MERCH-00366,PM-05,DEV-03,2024-01-02 16:58:25,27.3,0.0,0.0,2,Success,Bill Payment,Ho Chi Minh City,VND,False
TXN-20240102-0001005,WALL-0026747,MERCH-00004,PM-01,DEV-01,2024-01-02 13:14:04,27.31,0.0,0.5462,2,Success,Purchase,Karachi,PKR,False
TXN-20240102-0001006,WALL-0077769,MERCH-00152,PM-03,DEV-01,2024-01-02 21:10:43,36.45,0.2916,1.8225,3,Success,Purchase,Medan,IDR,False
TXN-20240102-0001007,WALL-0057234,MERCH-00025,PM-01,DEV-01,2024-01-02 16:58:46,68.26,0.0,1.3653,6,Success,Purchase,Kuala Lumpur,MYR,False
TXN-20240102-0001008,WALL-0076301,MERCH-00094,PM-03,DEV-01,2024-01-02 23:21:43,45.03,0.3603,0.0,4,Success,Purchase,Myitkyina,THB,False
TXN-20240102-0001009,WALL-0014466,MERCH-00047,PM-04,DEV-03,2024-01-02 13:16:51,16.13,0.3227,0.3227,1,Success,Purchase,Jaipur,INR,False
TXN-20240102-0001010,WALL-0093790,MERCH-00004,PM-01,DEV-03,2024-01-02 09:53:30,11.2,0.0,0.2239,1,Success,Purchase,Colombo,LKR,False
TXN-20240102-0001011,WALL-0089820,MERCH-00285,PM-01,DEV-02,2024-01-02 13:54:13,682.07,0.0,54.566,136,Success,Purchase,Ho Chi Minh City,VND,False
TXN-20240102-0001012,WALL-0100475,MERCH-00316,PM-01,DEV-03,2024-01-02 15:14:23,290.83,0.0,0.0,29,Success,Bill Payment,Kandy,LKR,False
TXN-20240102-0001013,WALL-0065799,MERCH-00219,PM-02,DEV-02,2024-01-02 21:50:08,10.32,0.0206,0.0,1,Success,Purchase,Bandung,MMK,False
TXN-20240102-0001014,WALL-0141890,MERCH-00010,PM-04,DEV-04,2024-01-02 20:16:13,13.97,0.2794,0.2794,1,Success,Purchase,Hanoi,VND,False
TXN-20240102-0001015,WALL-0091730,MERCH-00338,PM-02,DEV-02,2024-01-02 20:23:55,102.75,0.2055,0.0,10,Success,Bill Payment,Cebu City,PHP,False
TXN-20240102-0001016,WALL-0100720,MERCH-00056,PM-02,DEV-01,2024-01-02 09:04:29,10.1,0.0202,0.0,0,Pending,Purchase,Hyderabad,INR,False
TXN-20240102-0001017,WALL-0126550,MERCH-00372,PM-01,DEV-01,2024-01-02 15:07:01,29.55,0.0,0.0,2,Success,Purchase,Bali,IDR,False
TXN-20240102-0001018,WALL-0035201,MERCH-00371,PM-04,DEV-01,2024-01-02 19:44:54,60.13,1.2026,0.0,6,Success,Purchase,Medan,MMK,False
TXN-20240102-0001019,WALL-0042476,MERCH-00120,PM-04,DEV-01,2024-01-02 17:29:59,69.35,1.3871,0.0,6,Success,Purchase,Phnom Penh,VND,False
TXN-20240102-0001020,WALL-0124291,MERCH-00209,PM-02,DEV-01,2024-01-02 16:16:02,5.0,0.01,0.0,0,Success,Purchase,Taunggyi,MMK,False
TXN-20240102-0001021,WALL-0081303,MERCH-00377,PM-02,DEV-03,2024-01-02 21:00:20,36.3,0.0726,0.0,3,Success,Purchase,Yangon,MMK,False
TXN-20240102-0001022,WALL-0072961,MERCH-00102,PM-02,DEV-04,2024-01-02 17:28:11,24.36,0.0487,0.0,2,Success,Purchase,Cebu City,PHP,False
TXN-20240102-0001023,WALL-0026388,MERCH-00415,PM-01,DEV-01,2024-01-02 23:32:39,83.43,0.0,0.0,8,Success,Payment,Cebu City,PHP,False
TXN-20240102-0001024,WALL-0122126,MERCH-00120,PM-01,DEV-01,2024-01-02 19:18:07,65.7,0.0,0.0,6,Success,Purchase,Bali,IDR,False
TXN-20240102-0001025,WALL-0079042,MERCH-00154,PM-01,DEV-05,2024-01-02 05:58:02,20.0,0.0,1.0,2,Success,Purchase,Lahore,PKR,False
TXN-20240102-0001026,WALL-0064602,MERCH-00331,PM-01,DEV-04,2024-01-02 08:00:36,32.06,0.0,0.0,3,Success,Bill Payment,Pokhara,MMK,False
TXN-20240102-0001027,WALL-0019178,MERCH-00097,PM-04,DEV-02,2024-01-02 13:53:07,87.62,1.7524,0.0,8,Success,Purchase,Pathein,MMK,False
TXN-20240102-0001028,WALL-0032746,MERCH-00434,PM-01,DEV-04,2024-01-02 14:26:06,1129.34,0.0,0.0,112,Success,Tax Payment,Davao,PHP,False
TXN-20240102-0001029,WALL-0137691,MERCH-00374,PM-01,DEV-01,2024-01-02 11:17:21,84.0,0.0,0.0,8,Success,Purchase,Ho Chi Minh City,VND,False
TXN-20240102-0001030,WALL-0145236,MERCH-00060,PM-03,DEV-01,2024-01-02 13:30:02,8.15,0.0652,0.1631,0,Success,Purchase,Medan,IDR,False
TXN-20240102-0001031,WALL-0027078,MERCH-00112,PM-02,DEV-01,2024-01-02 18:19:24,27.75,0.0555,0.0,2,Success,Purchase,Manila,PHP,False
TXN-20240102-0001032,WALL-0023936,MERCH-00016,PM-02,DEV-05,2024-01-02 03:54:50,21.38,0.0428,0.4276,2,Success,Purchase,Kolkata,INR,False
TXN-20240102-0001033,WALL-0082113,MERCH-00252,PM-05,DEV-01,2024-01-02 10:12:06,25.81,0.0,0.0,2,Success,Subscription,Bago,MMK,False
TXN-20240102-0001034,WALL-0016333,MERCH-00318,PM-03,DEV-01,2024-01-02 13:45:24,37.85,0.3028,0.0,3,Success,Bill Payment,Ahmedabad,INR,False
TXN-20240102-0001035,WALL-0087754,MERCH-00071,PM-05,DEV-04,2024-01-02 14:14:45,10.56,0.0,0.2112,1,Success,Purchase,Mandalay,MMK,False
TXN-20240102-0001036,WALL-0050329,MERCH-00321,PM-01,DEV-01,2024-01-02 20:10:28,115.13,0.0,0.0,11,Success,Bill Payment,Phuket,THB,False
TXN-20240102-0001037,WALL-0101501,MERCH-00349,PM-02,DEV-02,2024-01-02 12:20:39,45.27,0.0905,0.0,0,Pending,Bill Payment,Mumbai,INR,False
TXN-20240102-0001038,WALL-0028964,MERCH-00379,PM-03,DEV-01,2024-01-02 23:49:27,27.36,0.2189,0.0,2,Success,Purchase,Chittagong,BDT,False
TXN-20240102-0001039,WALL-0149796,MERCH-00064,PM-02,DEV-03,2024-01-02 12:03:53,8.93,0.0179,0.1787,0,Success,Purchase,Taunggyi,MMK,False
TXN-20240102-0001040,WALL-0140576,MERCH-00201,PM-02,DEV-04,2024-01-02 14:05:03,9.89,0.0198,0.0,0,Success,Purchase,Islamabad,PHP,False
TXN-20240102-0001041,WALL-0105244,MERCH-00306,PM-01,DEV-02,2024-01-02 21:56:55,539.7,0.0,43.176,107,Success,Purchase,Myitkyina,MMK,False
TXN-20240102-0001042,WALL-0134678,MERCH-00054,PM-03,DEV-05,2024-01-02 18:13:29,20.47,0.1637,0.4094,2,Success,Purchase,Chiang Mai,THB,False
TXN-20240102-0001043,WALL-0127354,MERCH-00061,PM-01,DEV-02,2024-01-02 17:39:35,23.2,0.0,0.4639,2,Success,Purchase,Naypyidaw,MMK,False
TXN-20240102-0001044,WALL-0083745,MERCH-00198,PM-03,DEV-02,2024-01-02 13:34:05,13.85,0.1108,0.0,1,Success,Purchase,Jaipur,INR,False
TXN-20240102-0001045,WALL-0118166,MERCH-00040,PM-04,DEV-01,2024-01-02 13:34:03,8.12,0.1624,0.1624,0,Success,Purchase,Yangon,MMK,False
TXN-20240102-0001046,WALL-0036480,MERCH-00423,PM-04,DEV-04,2024-01-02 17:12:56,111.33,2.2266,0.0,11,Success,Payment,Islamabad,PKR,False
TXN-20240102-0001047,WALL-0090612,MERCH-00444,PM-01,DEV-02,2024-01-02 20:00:25,576.34,0.0,0.0,0,Failed,Tax Payment,Bali,IDR,False
TXN-20240102-0001048,WALL-0026401,MERCH-00327,PM-02,DEV-01,2024-01-02 14:12:12,127.31,0.2546,0.0,12,Success,Bill Payment,Taunggyi,MMK,False
TXN-20240102-0001049,WALL-0002682,MERCH-00448,PM-04,DEV-03,2024-01-02 15:42:47,50.0,1.0,0.0,5,Success,Tax Payment,Singapore,MMK,False
TXN-20240102-0001050,WALL-0016982,MERCH-00037,PM-01,DEV-02,2024-01-02 06:57:59,24.54,0.0,0.4908,2,Success,Purchase,Mandalay,MMK,False
TXN-20240102-0001051,WALL-0111338,MERCH-00063,PM-05,DEV-01,2024-01-02 19:40:43,17.72,0.0,0.3543,1,Success,Purchase,Lahore,PKR,False
TXN-20240102-0001052,WALL-0133700,MERCH-00313,PM-01,DEV-05,2024-01-02 21:13:21,38.14,0.0,0.0,3,Success,Bill Payment,Mawlamyine,MMK,False
TXN-20240102-0001053,WALL-0109829,MERCH-00430,PM-01,DEV-01,2024-01-02 10:14:02,47.56,0.0,0.0,4,Success,Payment,Pokhara,NPR,False
TXN-20240102-0001054,WALL-0099886,MERCH-00434,PM-01,DEV-03,2024-01-02 12:19:30,316.58,0.0,0.0,31,Success,Tax Payment,Pattaya,INR,False
TXN-20240102-0001055,WALL-0006031,MERCH-00249,PM-05,DEV-02,2024-01-02 10:41:53,19.84,0.0,0.0,1,Success,Subscription,Yangon,MMK,False
TXN-20240102-0001056,WALL-0089619,MERCH-00164,PM-01,DEV-01,2024-01-02 19:07:29,20.0,0.0,1.0,2,Success,Purchase,Kathmandu,NPR,False
TXN-20240102-0001057,WALL-0058191,MERCH-00460,PM-02,DEV-02,2024-01-02 14:55:33,50.0,0.1,0.0,5,Success,Payment,Kolkata,INR,False
TXN-20240102-0001058,WALL-0086426,MERCH-00131,PM-02,DEV-05,2024-01-02 15:24:39,176.33,0.3527,8.8165,17,Success,Purchase,Quezon City,VND,False
TXN-20240102-0001059,WALL-0072123,MERCH-00131,PM-04,DEV-03,2024-01-02 10:16:33,180.54,3.6108,9.0269,18,Success,Purchase,Bangkok,THB,False
TXN-20240102-0001060,WALL-0031686,MERCH-00132,PM-04,DEV-01,2024-01-02 16:46:42,185.9,3.718,9.2949,18,Success,Purchase,Naypyidaw,MMK,False
TXN-20240102-0001061,WALL-0069477,MERCH-00352,PM-02,DEV-01,2024-01-02 20:44:13,50.84,0.1017,0.0,5,Success,Bill Payment,Pokhara,MYR,False
TXN-20240102-0001062,WALL-0130225,MERCH-00374,PM-01,DEV-01,2024-01-02 22:21:30,59.9,0.0,0.0,5,Success,Purchase,Davao,PHP,False
TXN-20240102-0001063,WALL-0060110,MERCH-00217,PM-05,DEV-04,2024-01-02 10:31:52,8.28,0.0,0.0,0,Success,Purchase,Pune,INR,False
TXN-20240102-0001064,WALL-0056554,MERCH-00407,PM-04,DEV-01,2024-01-02 03:28:29,183.61,3.6722,0.0,18,Success,Payment,Da Nang,VND,False
TXN-20240102-0001065,WALL-0107923,MERCH-00032,PM-01,DEV-03,2024-01-02 12:27:59,10.31,0.0,0.2062,1,Success,Purchase,Pokhara,NPR,False
TXN-20240102-0001066,WALL-0091833,MERCH-00345,PM-02,DEV-03,2024-01-02 20:10:39,46.24,0.0925,0.0,4,Success,Bill Payment,Kandy,MMK,False
TXN-20240102-0001067,WALL-0079705,MERCH-00374,PM-02,DEV-01,2024-01-02 14:25:53,36.69,0.0734,0.0,3,Success,Purchase,Pattaya,THB,False
TXN-20240102-0001068,WALL-0012640,MERCH-00292,PM-04,DEV-03,2024-01-02 09:45:41,954.15,19.083,76.3321,190,Success,Purchase,Phnom Penh,KHR,False
TXN-20240102-0001069,WALL-0073251,MERCH-00050,PM-03,DEV-02,2024-01-02 13:13:05,13.43,0.1074,0.2686,1,Success,Purchase,Naypyidaw,MMK,False
TXN-20240102-0001070,WALL-0127391,MERCH-00209,PM-02,DEV-01,2024-01-02 02:07:38,7.67,0.0153,0.0,0,Success,Purchase,Medan,IDR,False
TXN-20240102-0001071,WALL-0103415,MERCH-00262,PM-01,DEV-03,2024-01-02 17:02:10,7.41,0.0,0.0,0,Success,Subscription,Singapore,SGD,False
TXN-20240102-0001072,WALL-0049013,MERCH-00038,PM-02,DEV-01,2024-01-02 21:19:50,10.03,0.0201,0.2006,1,Success,Purchase,Kandy,LKR,False
TXN-20240102-0001073,WALL-0081122,MERCH-00118,PM-02,DEV-02,2024-01-02 15:29:01,82.14,0.1643,0.0,8,Success,Purchase,Yangon,MMK,False
TXN-20240102-0001074,WALL-0044114,MERCH-00169,PM-01,DEV-02,2024-01-02 13:50:32,80.13,0.0,4.0064,8,Success,Purchase,Kuala Lumpur,THB,False
TXN-20240102-0001075,WALL-0033218,MERCH-00406,PM-03,DEV-02,2024-01-02 15:00:59,142.16,1.1373,0.0,14,Success,Payment,Pokhara,NPR,False
TXN-20240102-0001076,WALL-0139599,MERCH-00317,PM-01,DEV-01,2024-01-02 22:40:05,53.86,0.0,0.0,5,Success,Bill Payment,Taunggyi,MMK,False
TXN-20240102-0001077,WALL-0031088,MERCH-00008,PM-03,DEV-03,2024-01-02 13:05:39,20.91,0.1673,0.4182,2,Success,Purchase,Mumbai,INR,False
TXN-20240102-0001078,WALL-0092685,MERCH-00303,PM-02,DEV-02,2024-01-02 10:21:56,1425.5,2.851,0.0,0,Pending,Purchase,Quezon City,PHP,False
TXN-20240102-0001079,WALL-0088214,MERCH-00216,PM-05,DEV-01,2024-01-02 03:34:36,23.59,0.0,0.0,2,Success,Purchase,Dhaka,BDT,False
TXN-20240102-0001080,WALL-0062948,MERCH-00169,PM-01,DEV-05,2024-01-02 17:27:29,179.27,0.0,8.9637,17,Success,Purchase,Yangon,MMK,False
TXN-20240102-0001081,WALL-0033218,MERCH-00209,PM-02,DEV-05,2024-01-02 21:16:17,21.8,0.0436,0.0,2,Success,Purchase,Pokhara,NPR,False
TXN-20240102-0001082,WALL-0030602,MERCH-00086,PM-05,DEV-01,2024-01-02 16:05:38,22.37,0.0,0.0,2,Success,Purchase,Mandalay,MMK,False
TXN-20240102-0001083,WALL-0069474,MERCH-00058,PM-03,DEV-01,2024-01-02 20:29:03,11.25,0.09,0.2251,1,Success,Purchase,Taunggyi,THB,False
TXN-20240102-0001084,WALL-0013188,MERCH-00096,PM-03,DEV-01,2024-01-02 07:40:23,43.36,0.3468,0.0,4,Success,Purchase,Yangon,MMK,False
TXN-20240102-0001085,WALL-0071997,MERCH-00307,PM-01,DEV-01,2024-01-02 17:22:01,1170.63,0.0,93.6506,234,Success,Purchase,Lahore,MMK,False
TXN-20240102-0001086,WALL-0130971,MERCH-00039,PM-04,DEV-05,2024-01-02 13:15:41,13.5,0.27,0.27,1,Success,Purchase,Bangalore,INR,False
TXN-20240102-0001087,WALL-0041160,MERCH-00087,PM-01,DEV-04,2024-01-02 21:50:21,28.19,0.0,0.0,2,Success,Purchase,Manila,MMK,False
TXN-20240102-0001088,WALL-0144865,MERCH-00327,PM-04,DEV-01,2024-01-02 01:29:19,175.76,3.5152,0.0,17,Success,Bill Payment,Hanoi,VND,False
TXN-20240102-0001089,WALL-0036241,MERCH-00205,PM-03,DEV-01,2024-01-02 20:17:18,18.91,0.1512,0.0,1,Success,Purchase,Bago,MMK,False
TXN-20240102-0001090,WALL-0084837,MERCH-00337,PM-03,DEV-01,2024-01-02 11:25:21,160.7,1.2856,0.0,16,Success,Bill Payment,Medan,NPR,True
TXN-20240102-0001091,WALL-0097531,MERCH-00127,PM-01,DEV-01,2024-01-02 07:34:41,117.24,0.0,0.0,11,Success,Purchase,Pathein,MMK,False
TXN-20240102-0001092,WALL-0008508,MERCH-00375,PM-02,DEV-01,2024-01-02 13:55:37,53.61,0.1072,0.0,5,Success,Purchase,Kathmandu,NPR,False
TXN-20240102-0001093,WALL-0091711,MERCH-00328,PM-01,DEV-01,2024-01-02 06:49:38,56.88,0.0,0.0,5,Success,Bill Payment,Pathein,MMK,False
TXN-20240102-0001094,WALL-0140566,MERCH-00394,PM-03,DEV-04,2024-01-02 13:22:28,20.0,0.16,0.0,2,Success,Purchase,Chittagong,BDT,False
TXN-20240102-0001095,WALL-0047142,MERCH-00235,PM-02,DEV-04,2024-01-02 16:14:50,42.93,0.0859,0.0,4,Success,Subscription,Khon Kaen,THB,False
TXN-20240102-0001096,WALL-0091995,MERCH-00149,PM-01,DEV-01,2024-01-02 07:01:41,151.52,0.0,7.5761,15,Success,Purchase,Bandung,IDR,False
TXN-20240102-0001097,WALL-0035911,MERCH-00004,PM-04,DEV-02,2024-01-02 13:20:43,38.05,0.761,0.761,3,Success,Purchase,Karachi,PHP,False
TXN-20240102-0001098,WALL-0024239,MERCH-00207,PM-04,DEV-01,2024-01-02 19:55:25,8.43,0.1685,0.0,0,Success,Purchase,Naypyidaw,MMK,False
TXN-20240102-0001099,WALL-0078674,MERCH-00083,PM-02,DEV-03,2024-01-02 00:25:08,106.38,0.2128,0.0,10,Success,Purchase,Kathmandu,NPR,False
TXN-20240102-0001100,WALL-0130429,MERCH-00435,PM-04,DEV-01,2024-01-02 14:14:01,59.86,1.1973,0.0,5,Success,Tax Payment,Hanoi,VND,False
TXN-20240102-0001101,WALL-0088256,MERCH-00312,PM-02,DEV-01,2024-01-02 08:18:53,114.17,0.2283,0.0,11,Success,Bill Payment,Delhi,INR,False
TXN-20240102-0001102,WALL-0049021,MERCH-00475,PM-02,DEV-03,2024-01-02 08:27:34,155.56,0.3111,0.0,15,Success,Payment,Pathein,MMK,False
TXN-20240102-0001103,WALL-0041005,MERCH-00115,PM-03,DEV-02,2024-01-02 18:11:29,86.97,0.6958,0.0,8,Success,Purchase,Johor Bahru,MYR,False
TXN-20240102-0001104,WALL-0011864,MERCH-00194,PM-01,DEV-02,2024-01-02 14:33:23,7.69,0.0,0.0,0,Success,Purchase,Pathein,MMK,False
TXN-20240102-0001105,WALL-0069494,MERCH-00072,PM-05,DEV-05,2024-01-02 18:15:48,13.43,0.0,0.2685,1,Success,Purchase,Jakarta,IDR,False
TXN-20240102-0001106,WALL-0077921,MERCH-00335,PM-05,DEV-01,2024-01-02 14:41:05,74.34,0.0,0.0,7,Success,Bill Payment,Mandalay,MMK,False
TXN-20240102-0001107,WALL-0001165,MERCH-00215,PM-04,DEV-01,2024-01-02 18:54:09,5.0,0.1,0.0,0,Success,Purchase,Dhaka,BDT,False
TXN-20240102-0001108,WALL-0025059,MERCH-00229,PM-01,DEV-02,2024-01-02 08:13:21,17.73,0.0,0.0,1,Success,Purchase,Mandalay,MMK,False
TXN-20240102-0001109,WALL-0048174,MERCH-00056,PM-05,DEV-02,2024-01-02 12:28:02,17.09,0.0,0.3418,1,Success,Purchase,Taunggyi,MMK,False
TXN-20240102-0001110,WALL-0032902,MERCH-00191,PM-01,DEV-02,2024-01-02 21:12:44,13.07,0.0,0.0,1,Success,Purchase,Davao,PHP,False
TXN-20240102-0001111,WALL-0110436,MERCH-00235,PM-01,DEV-01,2024-01-02 04:14:05,5.6,0.0,0.0,0,Success,Subscription,Bago,MMK,False
TXN-20240102-0001112,WALL-0140666,MERCH-00072,PM-02,DEV-02,2024-01-02 11:33:20,7.01,0.014,0.1403,0,Success,Purchase,Colombo,LKR,False
TXN-20240102-0001113,WALL-0115357,MERCH-00010,PM-01,DEV-02,2024-01-02 18:42:59,29.53,0.0,0.5906,2,Success,Purchase,Quezon City,PHP,False
TXN-20240102-0001114,WALL-0105629,MERCH-00097,PM-01,DEV-01,2024-01-02 00:22:35,97.97,0.0,0.0,9,Success,Purchase,Taunggyi,MMK,False
TXN-20240102-0001115,WALL-0033221,MERCH-00283,PM-02,DEV-03,2024-01-02 16:09:03,1592.33,3.1847,127.386,318,Success,Purchase,Mawlamyine,MMK,False
TXN-20240102-0001116,WALL-0095749,MERCH-00070,PM-02,DEV-01,2024-01-02 13:30:20,8.41,0.0168,0.1683,0,Success,Purchase,Da Nang,VND,False
TXN-20240102-0001117,WALL-0066501,MERCH-00013,PM-02,DEV-03,2024-01-02 17:39:50,21.91,0.0438,0.4382,2,Success,Purchase,Kolkata,INR,False
TXN-20240102-0001118,WALL-0074871,MERCH-00203,PM-01,DEV-01,2024-01-02 19:51:36,8.28,0.0,0.0,0,Success,Purchase,Kandy,MYR,False
TXN-20240102-0001119,WALL-0086925,MERCH-00228,PM-03,DEV-01,2024-01-02 13:47:42,11.64,0.0931,0.0,1,Success,Purchase,Kolkata,INR,False
TXN-20240102-0001120,WALL-0097177,MERCH-00406,PM-05,DEV-02,2024-01-02 17:45:24,98.65,0.0,0.0,9,Success,Payment,Naypyidaw,MMK,False
TXN-20240102-0001121,WALL-0005137,MERCH-00100,PM-02,DEV-02,2024-01-02 20:58:48,70.41,0.1408,0.0,7,Success,Purchase,Ahmedabad,INR,False
TXN-20240102-0001122,WALL-0063038,MERCH-00302,PM-02,DEV-01,2024-01-02 14:48:48,2093.41,4.1868,167.4727,418,Success,Purchase,Bali,IDR,False
TXN-20240102-0001123,WALL-0005156,MERCH-00213,PM-01,DEV-03,2024-01-02 09:32:54,9.12,0.0,0.0,0,Success,Purchase,Cebu City,PHP,False
TXN-20240102-0001124,WALL-0145967,MERCH-00181,PM-02,DEV-01,2024-01-02 12:15:17,392.99,0.786,19.6497,39,Success,Purchase,Yangon,MMK,False
TXN-20240102-0001125,WALL-0105249,MERCH-00116,PM-03,DEV-02,2024-01-02 20:33:47,46.38,0.371,0.0,4,Success,Purchase,Cebu City,PHP,False
TXN-20240102-0001126,WALL-0118474,MERCH-00280,PM-02,DEV-03,2024-01-02 18:14:43,1571.91,3.1438,0.0,0,Reversed,Purchase,Yangon,MMK,False
TXN-20240102-0001127,WALL-0044466,MERCH-00417,PM-03,DEV-02,2024-01-02 21:16:12,143.04,1.1443,0.0,14,Success,Payment,Bangkok,THB,False
TXN-20240102-0001128,WALL-0068763,MERCH-00010,PM-01,DEV-04,2024-01-02 16:51:49,14.17,0.0,0.2833,1,Success,Purchase,Medan,IDR,False
TXN-20240102-0001129,WALL-0067544,MERCH-00353,PM-02,DEV-03,2024-01-02 17:02:25,24.35,0.0487,0.0,2,Success,Bill Payment,Johor Bahru,INR,False
TXN-20240102-0001130,WALL-0055312,MERCH-00129,PM-01,DEV-01,2024-01-02 22:40:27,71.38,0.0,0.0,7,Success,Purchase,Pattaya,MMK,False
TXN-20240102-0001131,WALL-0148465,MERCH-00235,PM-03,DEV-01,2024-01-02 22:05:09,11.76,0.094,0.0,1,Success,Subscription,Mawlamyine,MMK,False
TXN-20240102-0001132,WALL-0066641,MERCH-00240,PM-01,DEV-01,2024-01-02 09:37:49,11.99,0.0,0.0,1,Success,Subscription,Cebu City,PHP,False
TXN-20240102-0001133,WALL-0145064,MERCH-00344,PM-01,DEV-02,2024-01-02 16:41:59,19.91,0.0,0.0,1,Success,Bill Payment,Mandalay,MMK,False
TXN-20240102-0001134,WALL-0103756,MERCH-00006,PM-01,DEV-03,2024-01-02 12:19:21,10.08,0.0,0.2016,1,Success,Purchase,Mawlamyine,MMK,False
TXN-20240102-0001135,WALL-0035898,MERCH-00012,PM-02,DEV-01,2024-01-02 14:57:28,63.96,0.1279,1.2791,6,Success,Purchase,Ahmedabad,INR,False
TXN-20240102-0001136,WALL-0134791,MERCH-00298,PM-01,DEV-02,2024-01-02 21:51:02,783.49,0.0,62.679,156,Success,Purchase,Kandy,LKR,False
TXN-20240102-0001137,WALL-0075455,MERCH-00302,PM-05,DEV-02,2024-01-02 15:57:10,1286.15,0.0,102.8922,257,Success,Purchase,Jakarta,VND,False
TXN-20240102-0001138,WALL-0019162,MERCH-00130,PM-04,DEV-02,2024-01-02 20:38:22,139.45,2.7891,0.0,13,Success,Purchase,Mumbai,INR,False
TXN-20240102-0001139,WALL-0056636,MERCH-00132,PM-02,DEV-03,2024-01-02 17:26:00,124.58,0.2492,6.2292,12,Success,Purchase,Kathmandu,NPR,False
TXN-20240102-0001140,WALL-0056900,MERCH-00362,PM-02,DEV-01,2024-01-02 16:23:23,90.79,0.1816,0.0,9,Success,Bill Payment,Hanoi,VND,False
TXN-20240102-0001141,WALL-0115701,MERCH-00335,PM-04,DEV-01,2024-01-02 15:58:41,126.61,2.5323,0.0,12,Success,Bill Payment,Mandalay,MMK,False
TXN-20240102-0001142,WALL-0035337,MERCH-00285,PM-02,DEV-01,2024-01-02 16:50:13,887.49,1.775,70.9992,177,Success,Purchase,Mandalay,MMK,False
TXN-20240102-0001143,WALL-0069298,MERCH-00098,PM-01,DEV-01,2024-01-02 12:19:58,72.08,0.0,0.0,7,Success,Purchase,Da Nang,VND,False
TXN-20240102-0001144,WALL-0142503,MERCH-00002,PM-03,DEV-01,2024-01-02 13:23:00,24.38,0.195,0.4876,2,Success,Purchase,Quezon City,PHP,False
TXN-20240102-0001145,WALL-0147534,MERCH-00086,PM-02,DEV-01,2024-01-02 08:56:40,22.32,0.0446,0.0,2,Success,Purchase,Hanoi,MMK,False
TXN-20240102-0001146,WALL-0018702,MERCH-00144,PM-01,DEV-02,2024-01-02 17:32:35,90.84,0.0,4.5422,9,Success,Purchase,Bangalore,INR,False
TXN-20240102-0001147,WALL-0005483,MERCH-00003,PM-02,DEV-01,2024-01-02 13:11:39,6.68,0.0134,0.1336,0,Success,Purchase,Lahore,PKR,False
TXN-20240102-0001148,WALL-0093254,MERCH-00172,PM-02,DEV-02,2024-01-02 19:09:00,135.73,0.2715,6.7866,13,Success,Purchase,Bangalore,INR,False
TXN-20240102-0001149,WALL-0138177,MERCH-00101,PM-01,DEV-02,2024-01-02 10:21:04,26.68,0.0,0.0,2,Success,Purchase,Taunggyi,MMK,False
TXN-20240102-0001150,WALL-0050684,MERCH-00067,PM-03,DEV-01,2024-01-02 21:31:12,15.74,0.1259,0.3148,1,Success,Purchase,Pokhara,BDT,False
TXN-20240102-0001151,WALL-0031915,MERCH-00025,PM-02,DEV-02,2024-01-02 09:09:59,20.78,0.0416,0.4157,2,Success,Purchase,Hyderabad,INR,False
TXN-20240102-0001152,WALL-0036685,MERCH-00092,PM-01,DEV-03,2024-01-02 22:52:50,51.23,0.0,0.0,5,Success,Purchase,Taunggyi,MMK,False
TXN-20240102-0001153,WALL-0125935,MERCH-00435,PM-03,DEV-03,2024-01-02 17:30:55,116.55,0.9324,0.0,11,Success,Tax Payment,Bago,MMK,False
TXN-20240102-0001154,WALL-0119265,MERCH-00169,PM-01,DEV-01,2024-01-02 15:44:41,115.34,0.0,5.7669,11,Success,Purchase,Bago,MMK,False
TXN-20240102-0001155,WALL-0107893,MERCH-00043,PM-01,DEV-03,2024-01-02 01:24:11,22.29,0.0,0.4459,2,Success,Purchase,Bago,MMK,False
TXN-20240102-0001156,WALL-0088239,MERCH-00118,PM-02,DEV-01,2024-01-02 10:27:05,140.0,0.28,0.0,14,Success,Purchase,Khon Kaen,THB,False
TXN-20240102-0001157,WALL-0084814,MERCH-00047,PM-02,DEV-01,2024-01-02 13:23:50,41.37,0.0827,0.8274,4,Success,Purchase,Ho Chi Minh City,PHP,True
TXN-20240102-0001158,WALL-0043690,MERCH-00081,PM-03,DEV-02,2024-01-02 16:51:30,63.29,0.5063,0.0,6,Success,Purchase,Taunggyi,MMK,False
TXN-20240102-0001159,WALL-0054626,MERCH-00216,PM-03,DEV-03,2024-01-02 21:18:58,14.17,0.1134,0.0,1,Success,Purchase,Bago,MMK,False
TXN-20240102-0001160,WALL-0078881,MERCH-00324,PM-01,DEV-01,2024-01-02 09:08:49,108.96,0.0,0.0,10,Success,Bill Payment,Kathmandu,NPR,False
TXN-20240102-0001161,WALL-0015106,MERCH-00083,PM-01,DEV-03,2024-01-02 05:30:46,157.04,0.0,0.0,15,Success,Purchase,Mandalay,PKR,False
TXN-20240102-0001162,WALL-0022346,MERCH-00096,PM-01,DEV-03,2024-01-02 10:30:20,41.94,0.0,0.0,0,Failed,Purchase,Taunggyi,MMK,False
TXN-20240102-0001163,WALL-0095130,MERCH-00128,PM-03,DEV-01,2024-01-02 05:40:45,32.4,0.2592,0.0,3,Success,Purchase,Bandung,IDR,False
TXN-20240102-0001164,WALL-0052571,MERCH-00151,PM-02,DEV-01,2024-01-02 11:37:26,20.43,0.0409,1.0217,2,Success,Purchase,Manila,PHP,False
TXN-20240102-0001165,WALL-0003730,MERCH-00412,PM-03,DEV-04,2024-01-02 17:58:54,73.53,0.5882,0.0,7,Success,Payment,Mandalay,MMK,False
TXN-20240102-0001166,WALL-0048907,MERCH-00284,PM-02,DEV-03,2024-01-02 15:15:06,3414.4,6.8288,273.1521,682,Success,Purchase,Ahmedabad,SGD,False
TXN-20240102-0001167,WALL-0057873,MERCH-00364,PM-04,DEV-01,2024-01-02 02:08:44,15.18,0.3035,0.0,1,Success,Bill Payment,Myitkyina,MMK,False
TXN-20240102-0001168,WALL-0005107,MERCH-00043,PM-03,DEV-05,2024-01-02 15:02:26,17.48,0.1398,0.3495,1,Success,Purchase,Bandung,IDR,False
TXN-20240102-0001169,WALL-0018011,MERCH-00061,PM-02,DEV-03,2024-01-02 15:05:00,10.91,0.0218,0.2182,1,Success,Purchase,Khon Kaen,THB,False
TXN-20240102-0001170,WALL-0065164,MERCH-00297,PM-01,DEV-01,2024-01-02 10:53:15,1031.28,0.0,82.5025,206,Success,Purchase,Myitkyina,MMK,False
TXN-20240102-0001171,WALL-0082349,MERCH-00150,PM-01,DEV-01,2024-01-02 17:30:43,55.31,0.0,2.7654,5,Success,Purchase,Mandalay,MMK,False
TXN-20240102-0001172,WALL-0080661,MERCH-00350,PM-02,DEV-04,2024-01-02 19:26:30,19.64,0.0393,0.0,1,Success,Bill Payment,Kathmandu,MMK,False
TXN-20240102-0001173,WALL-0089503,MERCH-00394,PM-01,DEV-03,2024-01-02 21:19:30,46.32,0.0,0.0,0,Pending,Purchase,Yangon,MMK,False
TXN-20240102-0001174,WALL-0040644,MERCH-00050,PM-01,DEV-01,2024-01-02 19:48:49,12.2,0.0,0.244,1,Success,Purchase,Mawlamyine,MMK,False
TXN-20240102-0001175,WALL-0076371,MERCH-00155,PM-03,DEV-02,2024-01-02 14:39:41,121.21,0.9697,6.0607,12,Success,Purchase,Mawlamyine,MMK,False
TXN-20240102-0001176,WALL-0010926,MERCH-00133,PM-02,DEV-04,2024-01-02 19:05:52,113.71,0.2274,5.6854,11,Success,Purchase,Bago,MMK,False
TXN-20240102-0001177,WALL-0058846,MERCH-00285,PM-04,DEV-01,2024-01-02 11:25:52,408.51,8.1702,32.6808,81,Success,Purchase,Phnom Penh,MMK,False
TXN-20240102-0001178,WALL-0005990,MERCH-00410,PM-03,DEV-01,2024-01-02 11:48:46,39.62,0.317,0.0,3,Success,Payment,Myitkyina,MMK,False
TXN-20240102-0001179,WALL-0113667,MERCH-00023,PM-04,DEV-01,2024-01-02 10:00:25,28.84,0.5767,0.5767,2,Success,Purchase,Khon Kaen,THB,False
TXN-20240102-0001180,WALL-0082473,MERCH-00281,PM-01,DEV-02,2024-01-02 16:34:28,1412.83,0.0,113.026,282,Success,Purchase,Johor Bahru,MYR,False
TXN-20240102-0001181,WALL-0090139,MERCH-00139,PM-01,DEV-03,2024-01-02 14:04:15,20.0,0.0,1.0,2,Success,Purchase,Jakarta,IDR,False
TXN-20240102-0001182,WALL-0055254,MERCH-00012,PM-02,DEV-02,2024-01-02 13:40:46,27.32,0.0546,0.5465,2,Success,Purchase,Bago,MMK,False
TXN-20240102-0001183,WALL-0149486,MERCH-00325,PM-04,DEV-05,2024-01-02 17:40:30,53.46,1.0691,0.0,5,Success,Bill Payment,Bago,MMK,False
TXN-20240102-0001184,WALL-0040016,MERCH-00292,PM-02,DEV-01,2024-01-02 16:48:13,368.49,0.737,29.4793,73,Success,Purchase,Siem Reap,KHR,False
TXN-20240102-0001185,WALL-0135738,MERCH-00106,PM-02,DEV-01,2024-01-02 15:38:00,79.5,0.159,0.0,7,Success,Purchase,Mandalay,MMK,False
TXN-20240102-0001186,WALL-0080330,MERCH-00446,PM-01,DEV-03,2024-01-02 20:56:35,241.48,0.0,0.0,24,Success,Tax Payment,Mandalay,MMK,False
TXN-20240102-0001187,WALL-0138747,MERCH-00135,PM-01,DEV-01,2024-01-02 21:55:16,190.66,0.0,9.5332,19,Success,Purchase,Johor Bahru,MYR,False
TXN-20240102-0001188,WALL-0071617,MERCH-00034,PM-02,DEV-02,2024-01-02 15:21:13,25.46,0.0509,0.5093,2,Success,Purchase,Johor Bahru,MYR,False
TXN-20240102-0001189,WALL-0043386,MERCH-00017,PM-02,DEV-01,2024-01-02 12:18:33,28.06,0.0561,0.5611,2,Success,Purchase,Mandalay,MMK,False
TXN-20240102-0001190,WALL-0115601,MERCH-00018,PM-01,DEV-02,2024-01-02 13:30:36,9.8,0.0,0.1961,0,Success,Purchase,Bangalore,INR,False
TXN-20240102-0001191,WALL-0017089,MERCH-00188,PM-01,DEV-05,2024-01-02 14:43:33,160.97,0.0,8.0485,16,Success,Purchase,Lahore,PKR,False
TXN-20240102-0001192,WALL-0023645,MERCH-00081,PM-04,DEV-01,2024-01-02 13:28:03,43.47,0.8694,0.0,4,Success,Purchase,Kuala Lumpur,MYR,False
TXN-20240102-0001193,WALL-0059446,MERCH-00213,PM-01,DEV-03,2024-01-02 13:18:04,13.77,0.0,0.0,1,Success,Purchase,Jaipur,INR,False
TXN-20240102-0001194,WALL-0001470,MERCH-00394,PM-01,DEV-01,2024-01-02 14:12:33,20.0,0.0,0.0,2,Success,Purchase,Johor Bahru,PKR,False
TXN-20240102-0001195,WALL-0120356,MERCH-00337,PM-01,DEV-01,2024-01-02 17:53:46,90.74,0.0,0.0,9,Success,Bill Payment,Hyderabad,INR,False
TXN-20240102-0001196,WALL-0059309,MERCH-00152,PM-04,DEV-01,2024-01-02 17:08:06,33.01,0.6601,1.6503,3,Success,Purchase,Medan,IDR,False
TXN-20240102-0001197,WALL-0012447,MERCH-00265,PM-05,DEV-04,2024-01-02 13:42:10,27.03,0.0,0.0,2,Success,Subscription,Quezon City,PHP,False
TXN-20240102-0001198,WALL-0148099,MERCH-00342,PM-01,DEV-01,2024-01-02 10:33:30,32.81,0.0,0.0,3,Success,Bill Payment,Naypyidaw,MMK,False
TXN-20240102-0001199,WALL-0029099,MERCH-00288,PM-02,DEV-03,2024-01-02 06:55:38,624.55,1.2491,49.9637,124,Success,Purchase,Mawlamyine,MMK,False
TXN-20240102-0001200,WALL-0043042,MERCH-00187,PM-01,DEV-02,2024-01-02 15:27:55,156.6,0.0,7.8302,15,Success,Purchase,Dhaka,BDT,False
TXN-20240102-0001201,WALL-0044853,MERCH-00423,PM-02,DEV-01,2024-01-02 13:26:32,36.2,0.0724,0.0,3,Success,Payment,Myitkyina,MMK,False
TXN-20240102-0001202,WALL-0064575,MERCH-00286,PM-01,DEV-01,2024-01-02 20:23:13,510.74,0.0,40.859,102,Success,Purchase,Lahore,PKR,False
TXN-20240102-0001203,WALL-0135840,MERCH-00078,PM-01,DEV-05,2024-01-02 14:58:27,24.42,0.0,0.4883,2,Success,Purchase,Kathmandu,LKR,False
TXN-20240102-0001204,WALL-0030044,MERCH-00348,PM-01,DEV-02,2024-01-02 09:43:38,51.24,0.0,0.0,5,Success,Bill Payment,Chiang Mai,THB,False
TXN-20240102-0001205,WALL-0055847,MERCH-00006,PM-04,DEV-01,2024-01-02 21:39:23,5.0,0.1,0.1,0,Success,Purchase,Pune,INR,False
TXN-20240102-0001206,WALL-0111453,MERCH-00095,PM-02,DEV-01,2024-01-02 19:27:09,127.51,0.255,0.0,12,Success,Purchase,Hyderabad,INR,False
TXN-20240102-0001207,WALL-0149156,MERCH-00175,PM-01,DEV-01,2024-01-02 22:41:00,548.96,0.0,0.0,0,Failed,Purchase,Chittagong,BDT,False
TXN-20240102-0001208,WALL-0112106,MERCH-00362,PM-03,DEV-01,2024-01-02 14:47:44,47.93,0.3834,0.0,4,Success,Bill Payment,Bali,IDR,False
TXN-20240102-0001209,WALL-0069771,MERCH-00457,PM-01,DEV-02,2024-01-02 07:54:23,525.6,0.0,0.0,52,Success,Payment,Bago,MMK,False
TXN-20240102-0001210,WALL-0114979,MERCH-00031,PM-04,DEV-04,2024-01-02 14:20:31,26.73,0.5346,0.5346,2,Success,Purchase,Pune,INR,False
TXN-20240102-0001211,WALL-0056069,MERCH-00261,PM-01,DEV-01,2024-01-02 09:39:38,34.93,0.0,0.0,3,Success,Subscription,Pokhara,NPR,False
TXN-20240102-0001212,WALL-0146914,MERCH-00151,PM-01,DEV-01,2024-01-02 09:58:23,84.6,0.0,4.2298,8,Success,Purchase,Yangon,MMK,False
TXN-20240102-0001213,WALL-0017144,MERCH-00383,PM-02,DEV-03,2024-01-02 14:48:23,148.73,0.2975,0.0,14,Success,Purchase,Quezon City,PHP,False
TXN-20240102-0001214,WALL-0066929,MERCH-00420,PM-01,DEV-01,2024-01-02 13:44:10,50.44,0.0,0.0,5,Success,Payment,Delhi,INR,False
TXN-20240102-0001215,WALL-0087705,MERCH-00346,PM-02,DEV-01,2024-01-02 22:18:22,23.85,0.0477,0.0,2,Success,Bill Payment,Myitkyina,MMK,False
TXN-20240102-0001216,WALL-0011517,MERCH-00048,PM-04,DEV-01,2024-01-02 13:45:19,16.06,0.3212,0.3212,1,Success,Purchase,Quezon City,PHP,False
TXN-20240102-0001217,WALL-0108089,MERCH-00264,PM-02,DEV-01,2024-01-02 17:53:31,12.01,0.024,0.0,1,Success,Subscription,Pokhara,NPR,False
TXN-20240102-0001218,WALL-0003861,MERCH-00320,PM-03,DEV-01,2024-01-02 07:50:34,22.68,0.1814,0.0,2,Success,Bill Payment,Da Nang,VND,False
TXN-20240102-0001219,WALL-0118001,MERCH-00323,PM-02,DEV-01,2024-01-02 12:22:52,47.37,0.0947,0.0,4,Success,Bill Payment,Taunggyi,MMK,False
TXN-20240102-0001220,WALL-0092306,MERCH-00413,PM-02,DEV-01,2024-01-02 19:06:41,20.0,0.04,0.0,2,Success,Payment,Bali,MMK,False
TXN-20240102-0001221,WALL-0117290,MERCH-00282,PM-04,DEV-05,2024-01-02 12:45:43,309.75,6.1949,24.7798,61,Success,Purchase,Naypyidaw,MMK,False
TXN-20240102-0001222,WALL-0012954,MERCH-00349,PM-01,DEV-01,2024-01-02 03:24:26,31.34,0.0,0.0,3,Success,Bill Payment,Bangalore,INR,False
TXN-20240102-0001223,WALL-0065455,MERCH-00088,PM-02,DEV-01,2024-01-02 10:43:28,70.97,0.1419,0.0,7,Success,Purchase,Mawlamyine,MMK,False
TXN-20240102-0001224,WALL-0081171,MERCH-00017,PM-03,DEV-01,2024-01-02 14:17:17,16.05,0.1284,0.321,1,Success,Purchase,Myitkyina,MMK,False
TXN-20240102-0001225,WALL-0011614,MERCH-00321,PM-01,DEV-01,2024-01-02 13:11:43,47.75,0.0,0.0,4,Success,Bill Payment,Manila,PHP,False
TXN-20240102-0001226,WALL-0139517,MERCH-00227,PM-01,DEV-02,2024-01-02 14:08:40,10.51,0.0,0.0,1,Success,Purchase,Jaipur,INR,False
TXN-20240102-0001227,WALL-0093273,MERCH-00274,PM-01,DEV-01,2024-01-02 04:46:35,4950.0,0.0,396.0,990,Success,Purchase,Hyderabad,INR,False
TXN-20240102-0001228,WALL-0147411,MERCH-00218,PM-01,DEV-01,2024-01-02 12:07:32,12.55,0.0,0.0,1,Success,Purchase,Yangon,MMK,False
TXN-20240102-0001229,WALL-0140382,MERCH-00037,PM-01,DEV-01,2024-01-02 04:17:35,21.65,0.0,0.433,2,Success,Purchase,Da Nang,VND,False
TXN-20240102-0001230,WALL-0004636,MERCH-00234,PM-03,DEV-01,2024-01-02 13:25:43,46.3,0.3704,0.0,4,Success,Subscription,Pokhara,NPR,False
TXN-20240102-0001231,WALL-0136113,MERCH-00017,PM-01,DEV-02,2024-01-02 21:21:08,22.28,0.0,0.4456,2,Success,Purchase,Myitkyina,MMK,False
TXN-20240102-0001232,WALL-0116696,MERCH-00116,PM-01,DEV-01,2024-01-02 17:08:33,34.76,0.0,0.0,3,Success,Purchase,Penang,MYR,False
TXN-20240102-0001233,WALL-0029334,MERCH-00036,PM-01,DEV-03,2024-01-02 19:31:42,14.74,0.0,0.2947,1,Success,Purchase,Siem Reap,KHR,False
TXN-20240102-0001234,WALL-0049804,MERCH-00009,PM-01,DEV-01,2024-01-02 20:02:11,70.93,0.0,1.4185,7,Success,Purchase,Kandy,LKR,False
TXN-20240102-0001235,WALL-0086144,MERCH-00235,PM-03,DEV-01,2024-01-02 14:45:15,25.8,0.2064,0.0,2,Success,Subscription,Karachi,PKR,False
TXN-20240102-0001236,WALL-0005507,MERCH-00039,PM-01,DEV-02,2024-01-02 12:01:33,24.49,0.0,0.4898,2,Success,Purchase,Davao,INR,False
TXN-20240102-0001237,WALL-0003763,MERCH-00207,PM-04,DEV-05,2024-01-02 21:19:11,41.75,0.8349,0.0,4,Success,Purchase,Myitkyina,MMK,False
TXN-20240102-0001238,WALL-0018675,MERCH-00099,PM-02,DEV-03,2024-01-02 08:03:24,82.03,0.1641,0.0,8,Success,Purchase,Mandalay,MMK,False
TXN-20240102-0001239,WALL-0006893,MERCH-00181,PM-02,DEV-02,2024-01-02 23:36:50,312.5,0.625,15.6249,31,Success,Purchase,Chiang Mai,THB,False
TXN-20240102-0001240,WALL-0093615,MERCH-00047,PM-01,DEV-01,2024-01-02 21:21:01,28.46,0.0,0.5692,2,Success,Purchase,Islamabad,MMK,False
TXN-20240102-0001241,WALL-0039976,MERCH-00195,PM-01,DEV-04,2024-01-02 13:22:49,12.05,0.0,0.0,1,Success,Purchase,Quezon City,PHP,False
TXN-20240102-0001242,WALL-0019217,MERCH-00209,PM-03,DEV-01,2024-01-02 12:47:33,13.68,0.1095,0.0,1,Success,Purchase,Yangon,MMK,False
TXN-20240102-0001243,WALL-0039376,MERCH-00130,PM-03,DEV-01,2024-01-02 14:15:37,200.0,1.6,0.0,20,Success,Purchase,Jaipur,INR,False
TXN-20240102-0001244,WALL-0064468,MERCH-00039,PM-01,DEV-03,2024-01-02 21:54:48,28.17,0.0,0.5634,2,Success,Purchase,Ho Chi Minh City,VND,False
TXN-20240102-0001245,WALL-0075738,MERCH-00428,PM-01,DEV-02,2024-01-02 10:17:42,121.29,0.0,0.0,12,Success,Payment,Pokhara,NPR,False
TXN-20240102-0001246,WALL-0021964,MERCH-00068,PM-01,DEV-03,2024-01-02 14:24:08,12.74,0.0,0.2548,1,Success,Purchase,Pattaya,THB,False
TXN-20240102-0001247,WALL-0093346,MERCH-00374,PM-02,DEV-02,2024-01-02 14:33:22,65.73,0.1315,0.0,6,Success,Purchase,Jaipur,INR,False
TXN-20240102-0001248,WALL-0019263,MERCH-00144,PM-01,DEV-01,2024-01-02 13:08:34,72.38,0.0,3.6191,7,Success,Purchase,Bali,IDR,False
TXN-20240102-0001249,WALL-0108774,MERCH-00358,PM-04,DEV-02,2024-01-02 23:32:29,20.97,0.4195,0.0,2,Success,Bill Payment,Pathein,MMK,False
TXN-20240102-0001250,WALL-0111150,MERCH-00116,PM-01,DEV-03,2024-01-02 18:41:16,26.99,0.0,0.0,2,Success,Purchase,Surabaya,IDR,False
TXN-20240102-0001251,WALL-0081315,MERCH-00398,PM-05,DEV-01,2024-01-02 14:57:22,43.14,0.0,0.0,4,Success,Purchase,Islamabad,PKR,False
TXN-20240102-0001252,WALL-0041474,MERCH-00041,PM-01,DEV-01,2024-01-02 16:50:53,11.4,0.0,0.228,1,Success,Purchase,Hyderabad,INR,False
TXN-20240102-0001253,WALL-0089983,MERCH-00078,PM-01,DEV-02,2024-01-02 12:01:09,17.6,0.0,0.3521,1,Success,Purchase,Siem Reap,KHR,False
TXN-20240102-0001254,WALL-0062468,MERCH-00159,PM-01,DEV-01,2024-01-02 03:05:28,54.53,0.0,2.7265,5,Success,Purchase,Myitkyina,MMK,False
TXN-20240102-0001255,WALL-0081060,MERCH-00163,PM-01,DEV-01,2024-01-02 14:43:42,38.63,0.0,1.9315,3,Success,Purchase,Surabaya,IDR,False
TXN-20240102-0001256,WALL-0083048,MERCH-00254,PM-01,DEV-01,2024-01-02 16:30:13,7.16,0.0,0.0,0,Success,Subscription,Taunggyi,MMK,False
TXN-20240102-0001257,WALL-0011511,MERCH-00247,PM-01,DEV-05,2024-01-02 16:06:31,5.0,0.0,0.0,0,Success,Subscription,Myitkyina,MMK,False
TXN-20240102-0001258,WALL-0118043,MERCH-00118,PM-04,DEV-03,2024-01-02 15:49:38,42.34,0.8468,0.0,4,Success,Purchase,Phnom Penh,KHR,False
TXN-20240102-0001259,WALL-0139207,MERCH-00087,PM-05,DEV-01,2024-01-02 16:15:14,69.71,0.0,0.0,6,Success,Purchase,Kolkata,INR,False
TXN-20240102-0001260,WALL-0149506,MERCH-00346,PM-03,DEV-02,2024-01-02 14:15:04,18.75,0.15,0.0,1,Success,Bill Payment,Chittagong,BDT,False
TXN-20240102-0001261,WALL-0019832,MERCH-00384,PM-01,DEV-01,2024-01-02 10:32:51,158.04,0.0,0.0,15,Success,Purchase,Colombo,VND,False
TXN-20240102-0001262,WALL-0015080,MERCH-00117,PM-02,DEV-01,2024-01-02 20:50:53,42.34,0.0847,0.0,4,Success,Purchase,Taunggyi,MMK,False
TXN-20240102-0001263,WALL-0125358,MERCH-00325,PM-02,DEV-01,2024-01-02 13:12:58,427.66,0.8553,0.0,42,Success,Bill Payment,Quezon City,PHP,False
TXN-20240102-0001264,WALL-0066914,MERCH-00458,PM-01,DEV-03,2024-01-02 13:45:18,610.26,0.0,0.0,61,Success,Payment,Bandung,IDR,False
TXN-20240102-0001265,WALL-0049110,MERCH-00314,PM-01,DEV-01,2024-01-02 18:00:31,63.24,0.0,0.0,6,Success,Bill Payment,Mandalay,MMK,False
TXN-20240102-0001266,WALL-0089374,MERCH-00391,PM-04,DEV-01,2024-01-02 15:04:45,180.23,3.6045,0.0,18,Success,Purchase,Taunggyi,MMK,False
TXN-20240102-0001267,WALL-0065983,MERCH-00146,PM-03,DEV-02,2024-01-02 19:18:58,400.9,3.2072,20.0452,40,Success,Purchase,Delhi,INR,False
TXN-20240102-0001268,WALL-0129961,MERCH-00251,PM-02,DEV-04,2024-01-02 17:27:31,51.23,0.1025,0.0,5,Success,Subscription,Siem Reap,KHR,False
TXN-20240102-0001269,WALL-0007738,MERCH-00113,PM-01,DEV-01,2024-01-02 15:24:25,64.98,0.0,0.0,6,Success,Purchase,Pattaya,MMK,True
TXN-20240102-0001270,WALL-0031561,MERCH-00332,PM-01,DEV-01,2024-01-02 06:59:38,135.32,0.0,0.0,13,Success,Bill Payment,Manila,THB,False
TXN-20240102-0001271,WALL-0126449,MERCH-00041,PM-03,DEV-01,2024-01-02 20:07:14,23.17,0.1853,0.4633,2,Success,Purchase,Karachi,PKR,False
TXN-20240102-0001272,WALL-0032886,MERCH-00202,PM-03,DEV-01,2024-01-02 18:58:41,6.82,0.0546,0.0,0,Success,Purchase,Kolkata,KHR,False
TXN-20240102-0001273,WALL-0116323,MERCH-00066,PM-01,DEV-02,2024-01-02 12:03:57,8.43,0.0,0.1685,0,Success,Purchase,Manila,INR,False
TXN-20240102-0001274,WALL-0094954,MERCH-00129,PM-02,DEV-01,2024-01-02 11:37:40,49.86,0.0997,0.0,4,Success,Purchase,Naypyidaw,MMK,False
TXN-20240102-0001275,WALL-0139712,MERCH-00445,PM-03,DEV-01,2024-01-02 16:57:54,1064.0,8.512,0.0,106,Success,Tax Payment,Kolkata,INR,False
TXN-20240102-0001276,WALL-0069489,MERCH-00031,PM-01,DEV-05,2024-01-02 19:10:20,5.0,0.0,0.1,0,Success,Purchase,Jakarta,IDR,False
TXN-20240102-0001277,WALL-0012424,MERCH-00214,PM-03,DEV-02,2024-01-02 08:09:48,16.1,0.1288,0.0,1,Success,Purchase,Myitkyina,MMK,False
TXN-20240102-0001278,WALL-0010124,MERCH-00372,PM-02,DEV-01,2024-01-02 14:08:12,78.97,0.1579,0.0,7,Success,Purchase,Siem Reap,KHR,False
TXN-20240102-0001279,WALL-0058624,MERCH-00347,PM-02,DEV-03,2024-01-02 21:29:01,26.61,0.0532,0.0,2,Success,Bill Payment,Pathein,MMK,False
TXN-20240102-0001280,WALL-0131493,MERCH-00040,PM-01,DEV-01,2024-01-02 08:58:03,8.9,0.0,0.1779,0,Success,Purchase,Pathein,MMK,False
TXN-20240102-0001281,WALL-0011596,MERCH-00184,PM-02,DEV-01,2024-01-02 17:00:09,58.97,0.1179,2.9487,5,Success,Purchase,Hanoi,VND,False
TXN-20240102-0001282,WALL-0117182,MERCH-00353,PM-01,DEV-04,2024-01-02 20:28:03,40.8,0.0,0.0,4,Success,Bill Payment,Naypyidaw,MMK,False
TXN-20240102-0001283,WALL-0028827,MERCH-00198,PM-03,DEV-03,2024-01-02 12:06:53,5.65,0.0452,0.0,0,Success,Purchase,Hanoi,VND,False
TXN-20240102-0001284,WALL-0071816,MERCH-00024,PM-01,DEV-02,2024-01-02 13:30:10,93.38,0.0,1.8676,9,Success,Purchase,Pathein,MMK,False
TXN-20240102-0001285,WALL-0084169,MERCH-00200,PM-04,DEV-04,2024-01-02 16:53:22,6.77,0.1354,0.0,0,Success,Purchase,Mandalay,MMK,False
TXN-20240102-0001286,WALL-0146592,MERCH-00074,PM-02,DEV-02,2024-01-02 21:31:01,9.85,0.0197,0.197,0,Success,Purchase,Johor Bahru,MYR,False
TXN-20240102-0001287,WALL-0085722,MERCH-00244,PM-03,DEV-01,2024-01-02 08:19:00,11.93,0.0954,0.0,1,Success,Subscription,Hanoi,VND,False
TXN-20240102-0001288,WALL-0054870,MERCH-00325,PM-05,DEV-01,2024-01-02 15:31:40,85.07,0.0,0.0,8,Success,Bill Payment,Delhi,INR,False
TXN-20240102-0001289,WALL-0132675,MERCH-00371,PM-01,DEV-01,2024-01-02 16:33:23,30.5,0.0,0.0,3,Success,Purchase,Mawlamyine,MMK,False
TXN-20240102-0001290,WALL-0009870,MERCH-00245,PM-05,DEV-02,2024-01-02 16:33:48,15.31,0.0,0.0,1,Success,Subscription,Medan,IDR,False
TXN-20240102-0001291,WALL-0068501,MERCH-00030,PM-01,DEV-01,2024-01-02 12:59:50,9.64,0.0,0.1929,0,Success,Purchase,Cebu City,PHP,False
TXN-20240102-0001292,WALL-0120686,MERCH-00049,PM-05,DEV-01,2024-01-02 12:07:13,22.07,0.0,0.4414,2,Success,Purchase,Ho Chi Minh City,VND,False
TXN-20240102-0001293,WALL-0053369,MERCH-00471,PM-05,DEV-01,2024-01-02 18:18:19,1114.75,0.0,0.0,111,Success,Payment,Quezon City,PHP,False
TXN-20240102-0001294,WALL-0008537,MERCH-00019,PM-01,DEV-01,2024-01-02 11:53:04,12.91,0.0,0.2581,1,Success,Purchase,Jaipur,INR,False
TXN-20240102-0001295,WALL-0125912,MERCH-00467,PM-01,DEV-01,2024-01-02 17:22:38,1005.76,0.0,0.0,100,Success,Payment,Kathmandu,KHR,False
TXN-20240102-0001296,WALL-0079110,MERCH-00324,PM-03,DEV-01,2024-01-02 12:29:34,107.31,0.8585,0.0,10,Success,Bill Payment,Surabaya,IDR,False
TXN-20240102-0001297,WALL-0037961,MERCH-00225,PM-04,DEV-01,2024-01-02 17:15:34,13.77,0.2754,0.0,1,Success,Purchase,Karachi,PKR,False
TXN-20240102-0001298,WALL-0005195,MERCH-00398,PM-03,DEV-03,2024-01-02 10:52:54,153.31,1.2265,0.0,15,Success,Purchase,Chiang Mai,THB,False
TXN-20240102-0001299,WALL-0005068,MERCH-00095,PM-03,DEV-01,2024-01-02 14:01:30,25.76,0.2061,0.0,2,Success,Purchase,Pathein,MMK,False
TXN-20240102-0001300,WALL-0009787,MERCH-00156,PM-01,DEV-01,2024-01-02 23:37:25,92.04,0.0,4.6019,9,Success,Purchase,Bali,NPR,False
TXN-20240102-0001301,WALL-0051955,MERCH-00406,PM-03,DEV-03,2024-01-02 14:19:14,172.56,1.3805,0.0,17,Success,Payment,Phuket,THB,False
TXN-20240102-0001302,WALL-0076409,MERCH-00217,PM-01,DEV-02,2024-01-02 16:06:09,29.48,0.0,0.0,2,Success,Purchase,Ho Chi Minh City,VND,False
TXN-20240102-0001303,WALL-0077701,MERCH-00090,PM-01,DEV-02,2024-01-02 16:12:48,48.38,0.0,0.0,4,Success,Purchase,Naypyidaw,MMK,False
TXN-20240102-0001304,WALL-0119719,MERCH-00177,PM-03,DEV-03,2024-01-02 16:39:08,91.19,0.7295,4.5593,9,Success,Purchase,Quezon City,PHP,False
TXN-20240102-0001305,WALL-0042037,MERCH-00071,PM-01,DEV-03,2024-01-02 08:04:36,12.04,0.0,0.2408,1,Success,Purchase,Da Nang,VND,False
TXN-20240102-0001306,WALL-0018556,MERCH-00312,PM-01,DEV-02,2024-01-02 14:00:26,150.7,0.0,0.0,15,Success,Bill Payment,Taunggyi,MMK,False
TXN-20240102-0001307,WALL-0008741,MERCH-00013,PM-01,DEV-01,2024-01-02 14:33:45,29.51,0.0,0.5902,2,Success,Purchase,Mawlamyine,MMK,False
TXN-20240102-0001308,WALL-0073605,MERCH-00087,PM-03,DEV-05,2024-01-02 16:50:06,91.64,0.7331,0.0,9,Success,Purchase,Pathein,MMK,False
TXN-20240102-0001309,WALL-0053984,MERCH-00281,PM-01,DEV-03,2024-01-02 14:27:40,236.36,0.0,18.909,47,Success,Purchase,Mandalay,MMK,False
TXN-20240102-0001310,WALL-0045058,MERCH-00173,PM-01,DEV-03,2024-01-02 15:30:58,113.72,0.0,5.686,11,Success,Purchase,Myitkyina,MMK,False
TXN-20240102-0001311,WALL-0022190,MERCH-00411,PM-02,DEV-01,2024-01-02 06:40:12,160.77,0.3215,0.0,16,Success,Payment,Naypyidaw,MMK,False
TXN-20240102-0001312,WALL-0089448,MERCH-00445,PM-01,DEV-01,2024-01-02 16:28:43,355.08,0.0,0.0,35,Success,Tax Payment,Phnom Penh,KHR,False
TXN-20240102-0001313,WALL-0044758,MERCH-00044,PM-01,DEV-04,2024-01-02 07:17:01,9.41,0.0,0.1882,0,Success,Purchase,Pathein,MMK,False
TXN-20240102-0001314,WALL-0103396,MERCH-00409,PM-01,DEV-01,2024-01-02 05:58:10,70.34,0.0,0.0,7,Success,Payment,Hyderabad,INR,False
TXN-20240102-0001315,WALL-0086016,MERCH-00308,PM-02,DEV-01,2024-01-02 20:43:05,100.36,0.2007,8.0288,20,Success,Purchase,Myitkyina,MMK,False
TXN-20240102-0001316,WALL-0126977,MERCH-00019,PM-02,DEV-02,2024-01-02 15:28:16,15.98,0.032,0.3195,1,Success,Purchase,Taunggyi,MMK,False
TXN-20240102-0001317,WALL-0144891,MERCH-00241,PM-04,DEV-01,2024-01-02 19:17:39,8.02,0.1604,0.0,0,Success,Subscription,Chennai,INR,False
TXN-20240102-0001318,WALL-0055072,MERCH-00088,PM-03,DEV-01,2024-01-02 16:38:23,49.29,0.3944,0.0,4,Success,Purchase,Jaipur,INR,False
TXN-20240102-0001319,WALL-0137591,MERCH-00138,PM-01,DEV-02,2024-01-02 15:46:28,20.0,0.0,1.0,2,Success,Purchase,Bandung,IDR,False
TXN-20240102-0001320,WALL-0055941,MERCH-00340,PM-01,DEV-01,2024-01-02 13:46:20,97.28,0.0,0.0,0,Failed,Bill Payment,Siem Reap,KHR,False
TXN-20240102-0001321,WALL-0030845,MERCH-00049,PM-01,DEV-03,2024-01-02 13:22:12,5.0,0.0,0.1,0,Success,Purchase,Bangalore,INR,False
TXN-20240102-0001322,WALL-0122117,MERCH-00283,PM-02,DEV-05,2024-01-02 12:22:49,995.11,1.9902,79.6087,199,Success,Purchase,Myitkyina,MMK,False
TXN-20240102-0001323,WALL-0097449,MERCH-00006,PM-01,DEV-03,2024-01-02 14:49:22,13.51,0.0,0.2702,1,Success,Purchase,Cebu City,PHP,False
TXN-20240102-0001324,WALL-0132856,MERCH-00126,PM-01,DEV-02,2024-01-02 14:36:55,34.45,0.0,0.0,3,Success,Purchase,Mawlamyine,MMK,False
TXN-20240102-0001325,WALL-0034619,MERCH-00179,PM-04,DEV-01,2024-01-02 15:38:30,68.1,1.3621,3.4052,6,Success,Purchase,Naypyidaw,MMK,False
TXN-20240102-0001326,WALL-0059766,MERCH-00085,PM-01,DEV-01,2024-01-02 20:33:42,35.97,0.0,0.0,3,Success,Purchase,Kolkata,INR,False
TXN-20240102-0001327,WALL-0136222,MERCH-00012,PM-03,DEV-05,2024-01-02 21:21:28,31.06,0.2485,0.6212,3,Success,Purchase,Medan,IDR,False
TXN-20240102-0001328,WALL-0114223,MERCH-00024,PM-01,DEV-01,2024-01-02 20:59:45,62.31,0.0,1.2461,6,Success,Purchase,Bangalore,KHR,False
TXN-20240102-0001329,WALL-0102853,MERCH-00063,PM-02,DEV-02,2024-01-02 03:28:22,15.85,0.0317,0.3171,1,Success,Purchase,Kuala Lumpur,MMK,False
TXN-20240102-0001330,WALL-0095957,MERCH-00123,PM-04,DEV-03,2024-01-02 19:13:00,38.68,0.7737,0.0,3,Success,Purchase,Pune,INR,False
TXN-20240102-0001331,WALL-0022716,MERCH-00054,PM-02,DEV-01,2024-01-02 19:22:00,8.3,0.0166,0.166,0,Success,Purchase,Johor Bahru,MYR,False
TXN-20240102-0001332,WALL-0130242,MERCH-00223,PM-02,DEV-04,2024-01-02 19:23:45,7.99,0.016,0.0,0,Success,Purchase,Bago,MMK,False
TXN-20240102-0001333,WALL-0095125,MERCH-00013,PM-02,DEV-01,2024-01-02 12:03:25,36.87,0.0737,0.7374,3,Success,Purchase,Quezon City,PHP,False
TXN-20240102-0001334,WALL-0123572,MERCH-00488,PM-02,DEV-01,2024-01-02 11:51:38,399.69,0.7994,0.0,39,Success,Payment,Bago,MMK,False
TXN-20240102-0001335,WALL-0044942,MERCH-00159,PM-04,DEV-01,2024-01-02 08:25:32,211.82,4.2364,10.591,21,Success,Purchase,Mandalay,MMK,False
TXN-20240102-0001336,WALL-0036961,MERCH-00327,PM-03,DEV-01,2024-01-02 21:51:07,78.92,0.6313,0.0,7,Success,Bill Payment,Singapore,SGD,False
TXN-20240102-0001337,WALL-0100281,MERCH-00165,PM-01,DEV-01,2024-01-02 08:55:13,92.31,0.0,4.6156,9,Success,Purchase,Pattaya,THB,False
TXN-20240102-0001338,WALL-0000807,MERCH-00334,PM-02,DEV-01,2024-01-02 14:00:36,69.2,0.1384,0.0,6,Success,Bill Payment,Kandy,LKR,False
TXN-20240102-0001339,WALL-0058264,MERCH-00110,PM-01,DEV-01,2024-01-02 19:08:19,47.93,0.0,0.0,4,Success,Purchase,Johor Bahru,KHR,False
TXN-20240102-0001340,WALL-0042848,MERCH-00383,PM-04,DEV-02,2024-01-02 15:15:56,34.85,0.697,0.0,3,Success,Purchase,Medan,MMK,False
TXN-20240102-0001341,WALL-0139792,MERCH-00196,PM-02,DEV-01,2024-01-02 13:18:00,20.37,0.0407,0.0,2,Success,Purchase,Mawlamyine,MMK,False
TXN-20240102-0001342,WALL-0078083,MERCH-00364,PM-05,DEV-01,2024-01-02 21:35:41,37.6,0.0,0.0,3,Success,Bill Payment,Mawlamyine,MMK,False
TXN-20240102-0001343,WALL-0080807,MERCH-00055,PM-02,DEV-01,2024-01-02 12:00:04,5.66,0.0113,0.1131,0,Success,Purchase,Johor Bahru,MYR,False
TXN-20240102-0001344,WALL-0114619,MERCH-00311,PM-01,DEV-01,2024-01-02 09:33:03,233.59,0.0,0.0,23,Success,Bill Payment,Taunggyi,MMK,False
TXN-20240102-0001345,WALL-0005653,MERCH-00171,PM-01,DEV-01,2024-01-02 18:08:09,157.47,0.0,7.8734,15,Success,Purchase,Taunggyi,MMK,False
TXN-20240102-0001346,WALL-0037693,MERCH-00238,PM-01,DEV-01,2024-01-02 08:29:08,11.53,0.0,0.0,0,Failed,Subscription,Mandalay,MMK,False
TXN-20240102-0001347,WALL-0044754,MERCH-00009,PM-03,DEV-01,2024-01-02 23:43:18,41.76,0.3341,0.8352,4,Success,Purchase,Lahore,PKR,False
TXN-20240102-0001348,WALL-0092141,MERCH-00235,PM-02,DEV-01,2024-01-02 18:52:25,18.34,0.0367,0.0,1,Success,Subscription,Taunggyi,MMK,False
TXN-20240102-0001349,WALL-0065926,MERCH-00266,PM-03,DEV-02,2024-01-02 10:10:10,11.86,0.0949,0.0,1,Success,Subscription,Bago,MMK,False
TXN-20240102-0001350,WALL-0064145,MERCH-00192,PM-02,DEV-04,2024-01-02 19:23:14,36.05,0.0721,0.0,3,Success,Purchase,Mawlamyine,MMK,False
TXN-20240102-0001351,WALL-0137834,MERCH-00082,PM-01,DEV-01,2024-01-02 12:04:18,111.18,0.0,0.0,11,Success,Purchase,Taunggyi,MMK,False
TXN-20240102-0001352,WALL-0107766,MERCH-00353,PM-01,DEV-01,2024-01-02 17:22:49,57.33,0.0,0.0,5,Success,Bill Payment,Singapore,SGD,False
TXN-20240102-0001353,WALL-0024485,MERCH-00402,PM-03,DEV-01,2024-01-02 23:10:27,23.28,0.1862,0.0,2,Success,Payment,Chittagong,BDT,False
TXN-20240102-0001354,WALL-0066266,MERCH-00406,PM-02,DEV-01,2024-01-02 17:33:52,75.76,0.1515,0.0,7,Success,Payment,Kandy,LKR,False
TXN-20240102-0001355,WALL-0038047,MERCH-00266,PM-01,DEV-01,2024-01-02 21:23:41,24.6,0.0,0.0,2,Success,Subscription,Kuala Lumpur,MYR,False
TXN-20240102-0001356,WALL-0096302,MERCH-00087,PM-01,DEV-05,2024-01-02 18:42:21,101.83,0.0,0.0,10,Success,Purchase,Myitkyina,MMK,False
TXN-20240102-0001357,WALL-0083241,MERCH-00257,PM-03,DEV-02,2024-01-02 15:36:11,9.99,0.0799,0.0,0,Failed,Subscription,Yangon,MMK,False
TXN-20240102-0001358,WALL-0107658,MERCH-00216,PM-01,DEV-01,2024-01-02 16:03:34,9.35,0.0,0.0,0,Success,Purchase,Kandy,MMK,False
TXN-20240102-0001359,WALL-0002525,MERCH-00142,PM-02,DEV-03,2024-01-02 21:01:37,31.01,0.062,1.5506,3,Success,Purchase,Chennai,INR,False
TXN-20240102-0001360,WALL-0046733,MERCH-00387,PM-02,DEV-01,2024-01-02 09:44:37,20.0,0.04,0.0,2,Success,Purchase,Kuala Lumpur,MYR,False
TXN-20240102-0001361,WALL-0097888,MERCH-00118,PM-01,DEV-05,2024-01-02 18:53:17,47.92,0.0,0.0,4,Success,Purchase,Phnom Penh,KHR,False
TXN-20240102-0001362,WALL-0128319,MERCH-00439,PM-02,DEV-03,2024-01-02 19:53:40,63.92,0.1278,0.0,6,Success,Tax Payment,Bago,MMK,False
TXN-20240102-0001363,WALL-0049631,MERCH-00405,PM-03,DEV-01,2024-01-02 10:38:38,109.66,0.8773,0.0,0,Pending,Payment,Chennai,INR,False
TXN-20240102-0001364,WALL-0082511,MERCH-00314,PM-01,DEV-05,2024-01-02 17:16:38,20.94,0.0,0.0,2,Success,Bill Payment,Lahore,PKR,False
TXN-20240102-0001365,WALL-0107804,MERCH-00410,PM-01,DEV-01,2024-01-02 13:24:35,185.12,0.0,0.0,18,Success,Payment,Bangkok,THB,False
TXN-20240102-0001366,WALL-0134927,MERCH-00105,PM-01,DEV-02,2024-01-02 11:55:29,242.48,0.0,0.0,24,Success,Purchase,Medan,IDR,False
TXN-20240102-0001367,WALL-0117488,MERCH-00359,PM-02,DEV-01,2024-01-02 13:30:36,44.06,0.0881,0.0,4,Success,Bill Payment,Hanoi,VND,False
TXN-20240102-0001368,WALL-0069931,MERCH-00136,PM-01,DEV-01,2024-01-02 10:12:41,420.36,0.0,21.0178,42,Success,Purchase,Da Nang,VND,False
TXN-20240102-0001369,WALL-0125773,MERCH-00339,PM-02,DEV-01,2024-01-02 14:17:48,42.83,0.0857,0.0,4,Success,Bill Payment,Phnom Penh,KHR,False
TXN-20240102-0001370,WALL-0042801,MERCH-00234,PM-02,DEV-01,2024-01-02 19:50:17,40.0,0.08,0.0,4,Success,Subscription,Mawlamyine,MMK,False
TXN-20240102-0001371,WALL-0112247,MERCH-00102,PM-01,DEV-01,2024-01-02 14:17:31,42.97,0.0,0.0,4,Success,Purchase,Medan,IDR,False
TXN-20240102-0001372,WALL-0147600,MERCH-00427,PM-03,DEV-04,2024-01-02 16:27:29,26.1,0.2088,0.0,2,Success,Payment,Medan,IDR,False
TXN-20240102-0001373,WALL-0119983,MERCH-00158,PM-01,DEV-01,2024-01-02 16:06:24,167.61,0.0,8.3805,16,Success,Purchase,Yangon,MMK,False
TXN-20240102-0001374,WALL-0102148,MERCH-00330,PM-03,DEV-01,2024-01-02 18:03:24,147.08,1.1767,0.0,14,Success,Bill Payment,Naypyidaw,MMK,False
TXN-20240102-0001375,WALL-0061398,MERCH-00333,PM-01,DEV-01,2024-01-02 12:51:44,91.22,0.0,0.0,9,Success,Bill Payment,Johor Bahru,INR,False
TXN-20240102-0001376,WALL-0116328,MERCH-00270,PM-01,DEV-01,2024-01-02 09:31:31,8.88,0.0,0.0,0,Success,Subscription,Naypyidaw,MMK,False
TXN-20240102-0001377,WALL-0130844,MERCH-00051,PM-02,DEV-03,2024-01-02 10:03:37,12.08,0.0242,0.2416,1,Success,Purchase,Mawlamyine,MMK,False
TXN-20240102-0001378,WALL-0097224,MERCH-00092,PM-05,DEV-01,2024-01-02 15:33:18,43.67,0.0,0.0,4,Success,Purchase,Penang,NPR,False
TXN-20240102-0001379,WALL-0020056,MERCH-00215,PM-01,DEV-01,2024-01-02 17:41:07,8.35,0.0,0.0,0,Success,Purchase,Yangon,MMK,False
TXN-20240102-0001380,WALL-0007831,MERCH-00054,PM-01,DEV-05,2024-01-02 03:15:12,34.04,0.0,0.6809,3,Success,Purchase,Mumbai,INR,False
TXN-20240102-0001381,WALL-0053102,MERCH-00078,PM-02,DEV-01,2024-01-02 05:18:34,31.03,0.0621,0.6205,3,Success,Purchase,Phuket,BDT,False
TXN-20240102-0001382,WALL-0126158,MERCH-00145,PM-01,DEV-04,2024-01-02 09:01:41,46.83,0.0,2.3413,4,Success,Purchase,Pathein,MMK,False
TXN-20240102-0001383,WALL-0039792,MERCH-00045,PM-01,DEV-01,2024-01-02 13:55:14,45.3,0.0,0.906,4,Success,Purchase,Yangon,MMK,False
TXN-20240102-0001384,WALL-0089222,MERCH-00116,PM-05,DEV-01,2024-01-02 20:17:18,37.89,0.0,0.0,3,Success,Purchase,Pathein,MMK,False
TXN-20240102-0001385,WALL-0050683,MERCH-00012,PM-01,DEV-03,2024-01-02 17:47:35,36.54,0.0,0.7309,3,Success,Purchase,Pattaya,THB,False
TXN-20240102-0001386,WALL-0097301,MERCH-00242,PM-01,DEV-01,2024-01-02 13:47:07,16.76,0.0,0.0,1,Success,Subscription,Islamabad,PKR,False
TXN-20240102-0001387,WALL-0044590,MERCH-00145,PM-01,DEV-01,2024-01-02 21:37:05,39.58,0.0,1.9791,3,Success,Purchase,Pattaya,THB,False
TXN-20240102-0001388,WALL-0074394,MERCH-00229,PM-02,DEV-03,2024-01-02 21:42:19,11.47,0.0229,0.0,1,Success,Purchase,Pathein,INR,False
TXN-20240102-0001389,WALL-0142240,MERCH-00166,PM-01,DEV-05,2024-01-02 20:01:25,33.62,0.0,1.681,3,Success,Purchase,Yangon,MMK,False
TXN-20240102-0001390,WALL-0061766,MERCH-00408,PM-04,DEV-02,2024-01-02 15:10:21,340.48,6.8096,0.0,34,Success,Payment,Taunggyi,MMK,False
TXN-20240102-0001391,WALL-0137038,MERCH-00040,PM-02,DEV-02,2024-01-02 18:55:07,7.09,0.0142,0.1419,0,Success,Purchase,Yangon,MMK,False
TXN-20240102-0001392,WALL-0108358,MERCH-00153,PM-02,DEV-01,2024-01-02 01:15:34,118.71,0.2374,5.9356,11,Success,Purchase,Bandung,IDR,False
TXN-20240102-0001393,WALL-0072035,MERCH-00320,PM-01,DEV-03,2024-01-02 18:48:09,85.47,0.0,0.0,8,Success,Bill Payment,Taunggyi,MMK,False
TXN-20240102-0001394,WALL-0067008,MERCH-00097,PM-02,DEV-04,2024-01-02 16:04:07,18.33,0.0367,0.0,1,Success,Purchase,Pathein,MMK,False
TXN-20240102-0001395,WALL-0043648,MERCH-00074,PM-01,DEV-01,2024-01-02 14:30:32,21.04,0.0,0.4208,2,Success,Purchase,Pathein,MMK,False
TXN-20240102-0001396,WALL-0029549,MERCH-00127,PM-02,DEV-03,2024-01-02 17:58:54,18.7,0.0374,0.0,1,Success,Purchase,Bali,KHR,False
TXN-20240102-0001397,WALL-0020998,MERCH-00050,PM-02,DEV-01,2024-01-02 18:24:43,10.52,0.021,0.2105,1,Success,Purchase,Penang,MYR,False
TXN-20240102-0001398,WALL-0104708,MERCH-00362,PM-02,DEV-01,2024-01-02 17:17:06,54.59,0.1092,0.0,5,Success,Bill Payment,Delhi,INR,False
TXN-20240102-0001399,WALL-0106613,MERCH-00069,PM-02,DEV-01,2024-01-02 17:20:46,14.89,0.0298,0.2978,1,Success,Purchase,Mawlamyine,MMK,False
TXN-20240102-0001400,WALL-0046436,MERCH-00050,PM-01,DEV-05,2024-01-02 20:54:30,6.2,0.0,0.124,0,Success,Purchase,Mandalay,MMK,False
TXN-20240102-0001401,WALL-0092801,MERCH-00109,PM-02,DEV-01,2024-01-02 20:05:11,47.44,0.0949,0.0,4,Success,Purchase,Pathein,MMK,False
TXN-20240102-0001402,WALL-0029730,MERCH-00409,PM-02,DEV-01,2024-01-02 14:04:25,163.24,0.3265,0.0,16,Success,Payment,Kandy,MMK,False
TXN-20240102-0001403,WALL-0145840,MERCH-00124,PM-04,DEV-01,2024-01-02 12:11:33,77.83,1.5565,0.0,7,Success,Purchase,Bago,MMK,False
TXN-20240102-0001404,WALL-0132661,MERCH-00110,PM-04,DEV-01,2024-01-02 07:41:42,42.35,0.847,0.0,4,Success,Purchase,Naypyidaw,MMK,False
TXN-20240102-0001405,WALL-0136977,MERCH-00229,PM-04,DEV-02,2024-01-02 03:19:15,10.44,0.2089,0.0,1,Success,Purchase,Hyderabad,INR,False
TXN-20240102-0001406,WALL-0104571,MERCH-00377,PM-04,DEV-02,2024-01-02 04:01:32,29.12,0.5823,0.0,2,Success,Purchase,Hanoi,VND,False
TXN-20240102-0001407,WALL-0011322,MERCH-00004,PM-01,DEV-03,2024-01-02 15:48:23,12.26,0.0,0.2451,1,Success,Purchase,Hyderabad,INR,False
TXN-20240102-0001408,WALL-0016398,MERCH-00263,PM-01,DEV-02,2024-01-02 15:30:17,18.42,0.0,0.0,1,Success,Subscription,Phuket,THB,False
TXN-20240102-0001409,WALL-0041259,MERCH-00196,PM-05,DEV-01,2024-01-02 07:17:25,22.31,0.0,0.0,0,Reversed,Purchase,Myitkyina,MMK,False
TXN-20240102-0001410,WALL-0099286,MERCH-00486,PM-01,DEV-01,2024-01-02 16:47:13,90.39,0.0,0.0,9,Success,Payment,Bangkok,THB,False
TXN-20240102-0001411,WALL-0018688,MERCH-00265,PM-03,DEV-02,2024-01-02 14:29:54,10.76,0.0861,0.0,1,Success,Subscription,Naypyidaw,MMK,False
TXN-20240102-0001412,WALL-0135499,MERCH-00042,PM-02,DEV-01,2024-01-02 04:09:59,14.93,0.0299,0.2986,1,Success,Purchase,Mawlamyine,MMK,False
TXN-20240102-0001413,WALL-0099366,MERCH-00297,PM-05,DEV-01,2024-01-02 12:49:01,406.44,0.0,32.5149,81,Success,Purchase,Pathein,MMK,False
TXN-20240102-0001414,WALL-0092876,MERCH-00324,PM-01,DEV-02,2024-01-02 11:58:41,80.2,0.0,0.0,8,Success,Bill Payment,Manila,MMK,False
TXN-20240102-0001415,WALL-0072195,MERCH-00491,PM-03,DEV-01,2024-01-02 15:41:03,233.63,1.869,0.0,23,Success,Payment,Myitkyina,MMK,False
TXN-20240102-0001416,WALL-0134744,MERCH-00200,PM-02,DEV-02,2024-01-02 02:20:30,11.76,0.0235,0.0,1,Success,Purchase,Phuket,THB,False
TXN-20240102-0001417,WALL-0116919,MERCH-00101,PM-01,DEV-01,2024-01-02 19:28:59,49.88,0.0,0.0,4,Success,Purchase,Pattaya,MMK,False
TXN-20240102-0001418,WALL-0009966,MERCH-00389,PM-04,DEV-02,2024-01-02 18:43:34,24.24,0.4848,0.0,2,Success,Purchase,Da Nang,VND,False
TXN-20240102-0001419,WALL-0073997,MERCH-00037,PM-01,DEV-01,2024-01-02 15:37:01,18.0,0.0,0.3599,1,Success,Purchase,Chiang Mai,THB,False
TXN-20240102-0001420,WALL-0095662,MERCH-00021,PM-01,DEV-03,2024-01-02 19:17:10,9.01,0.0,0.1802,0,Success,Purchase,Taunggyi,MMK,False
TXN-20240102-0001421,WALL-0079097,MERCH-00088,PM-01,DEV-01,2024-01-02 13:33:28,92.81,0.0,0.0,9,Success,Purchase,Bago,MMK,False
TXN-20240102-0001422,WALL-0016322,MERCH-00326,PM-01,DEV-03,2024-01-02 19:09:40,143.2,0.0,0.0,14,Success,Bill Payment,Kolkata,INR,False
TXN-20240102-0001423,WALL-0141020,MERCH-00450,PM-03,DEV-02,2024-01-02 12:55:16,199.19,1.5935,0.0,19,Success,Tax Payment,Cebu City,PHP,False
TXN-20240102-0001424,WALL-0033546,MERCH-00380,PM-01,DEV-04,2024-01-02 13:57:27,61.35,0.0,0.0,6,Success,Purchase,Chiang Mai,THB,False
TXN-20240102-0001425,WALL-0091772,MERCH-00368,PM-01,DEV-05,2024-01-02 20:29:36,12.66,0.0,0.0,1,Success,Bill Payment,Kandy,MYR,False
TXN-20240102-0001426,WALL-0131202,MERCH-00139,PM-01,DEV-02,2024-01-02 13:13:10,1244.08,0.0,62.2041,124,Success,Purchase,Pokhara,BDT,False
TXN-20240102-0001427,WALL-0032678,MERCH-00379,PM-01,DEV-01,2024-01-02 01:24:13,20.0,0.0,0.0,2,Success,Purchase,Penang,MYR,False
TXN-20240102-0001428,WALL-0073834,MERCH-00354,PM-01,DEV-05,2024-01-02 20:38:08,40.55,0.0,0.0,4,Success,Bill Payment,Jaipur,INR,False
TXN-20240102-0001429,WALL-0139453,MERCH-00182,PM-03,DEV-05,2024-01-02 15:05:06,28.53,0.2283,1.4266,2,Success,Purchase,Kolkata,INR,False
TXN-20240102-0001430,WALL-0007476,MERCH-00091,PM-04,DEV-01,2024-01-02 11:50:35,40.74,0.8148,0.0,4,Success,Purchase,Myitkyina,MMK,False
TXN-20240102-0001431,WALL-0073196,MERCH-00243,PM-01,DEV-01,2024-01-02 16:41:13,27.79,0.0,0.0,2,Success,Subscription,Yangon,MMK,False
TXN-20240102-0001432,WALL-0147618,MERCH-00285,PM-01,DEV-01,2024-01-02 19:51:54,134.63,0.0,10.7707,26,Success,Purchase,Mumbai,INR,False
TXN-20240102-0001433,WALL-0075375,MERCH-00387,PM-01,DEV-02,2024-01-02 15:09:33,68.87,0.0,0.0,6,Success,Purchase,Quezon City,NPR,False
TXN-20240102-0001434,WALL-0065931,MERCH-00398,PM-04,DEV-01,2024-01-02 09:56:58,97.35,1.947,0.0,9,Success,Purchase,Chennai,INR,False
TXN-20240102-0001435,WALL-0021995,MERCH-00061,PM-05,DEV-01,2024-01-02 14:52:50,37.13,0.0,0.7427,3,Success,Purchase,Medan,IDR,False
TXN-20240102-0001436,WALL-0067150,MERCH-00297,PM-01,DEV-01,2024-01-02 19:36:16,344.21,0.0,27.5371,68,Success,Purchase,Colombo,LKR,False
TXN-20240102-0001437,WALL-0144363,MERCH-00180,PM-01,DEV-02,2024-01-02 12:32:12,279.09,0.0,13.9544,27,Success,Purchase,Yangon,MMK,False
TXN-20240102-0001438,WALL-0059270,MERCH-00325,PM-02,DEV-01,2024-01-02 21:47:21,172.87,0.3457,0.0,17,Success,Bill Payment,Pokhara,NPR,False
TXN-20240102-0001439,WALL-0094101,MERCH-00103,PM-01,DEV-05,2024-01-02 16:45:15,116.49,0.0,0.0,11,Success,Purchase,Jakarta,IDR,False
TXN-20240102-0001440,WALL-0033785,MERCH-00309,PM-03,DEV-02,2024-01-02 09:09:01,588.24,4.7059,47.0592,117,Success,Purchase,Chiang Mai,MMK,False
TXN-20240102-0001441,WALL-0023144,MERCH-00205,PM-01,DEV-01,2024-01-02 18:55:09,8.55,0.0,0.0,0,Success,Purchase,Yangon,MMK,False
TXN-20240102-0001442,WALL-0143782,MERCH-00468,PM-01,DEV-01,2024-01-02 13:23:47,197.54,0.0,0.0,19,Success,Payment,Johor Bahru,INR,False
TXN-20240102-0001443,WALL-0130603,MERCH-00018,PM-03,DEV-01,2024-01-02 00:53:03,16.63,0.133,0.3326,1,Success,Purchase,Karachi,PKR,False
TXN-20240102-0001444,WALL-0080787,MERCH-00166,PM-01,DEV-01,2024-01-02 08:08:08,246.03,0.0,12.3013,24,Success,Purchase,Mawlamyine,MMK,False
TXN-20240102-0001445,WALL-0046733,MERCH-00341,PM-03,DEV-02,2024-01-02 20:53:13,31.97,0.2558,0.0,3,Success,Bill Payment,Kuala Lumpur,MYR,False
TXN-20240102-0001446,WALL-0069227,MERCH-00032,PM-01,DEV-02,2024-01-02 12:40:55,9.69,0.0,0.1938,0,Success,Purchase,Pokhara,IDR,False
TXN-20240102-0001447,WALL-0129389,MERCH-00017,PM-01,DEV-01,2024-01-02 19:06:42,16.49,0.0,0.3298,1,Success,Purchase,Johor Bahru,MYR,False
TXN-20240102-0001448,WALL-0071232,MERCH-00324,PM-02,DEV-03,2024-01-02 17:58:31,44.75,0.0895,0.0,4,Success,Bill Payment,Kuala Lumpur,MYR,False
TXN-20240102-0001449,WALL-0132354,MERCH-00160,PM-04,DEV-01,2024-01-02 12:52:51,90.14,1.8029,4.5072,9,Success,Purchase,Pathein,MMK,False
TXN-20240102-0001450,WALL-0108550,MERCH-00107,PM-01,DEV-05,2024-01-02 17:43:41,63.09,0.0,0.0,6,Success,Purchase,Bandung,IDR,False
TXN-20240102-0001451,WALL-0010570,MERCH-00230,PM-01,DEV-01,2024-01-02 00:34:47,7.43,0.0,0.0,0,Success,Purchase,Chittagong,BDT,False
TXN-20240102-0001452,WALL-0079428,MERCH-00004,PM-01,DEV-01,2024-01-02 12:51:22,36.64,0.0,0.7329,3,Success,Purchase,Naypyidaw,MMK,False
TXN-20240102-0001453,WALL-0104276,MERCH-00024,PM-03,DEV-01,2024-01-02 11:57:51,5.0,0.04,0.1,0,Success,Purchase,Yangon,MMK,False
TXN-20240102-0001454,WALL-0128395,MERCH-00003,PM-01,DEV-02,2024-01-02 15:57:54,13.41,0.0,0.2681,1,Success,Purchase,Quezon City,PHP,False
TXN-20240102-0001455,WALL-0101703,MERCH-00235,PM-05,DEV-01,2024-01-02 15:17:17,20.33,0.0,0.0,2,Success,Subscription,Karachi,PKR,False
TXN-20240102-0001456,WALL-0055126,MERCH-00214,PM-03,DEV-01,2024-01-02 17:41:50,5.05,0.0404,0.0,0,Success,Purchase,Taunggyi,MMK,False
TXN-20240102-0001457,WALL-0125948,MERCH-00273,PM-04,DEV-01,2024-01-02 13:08:32,289.8,5.7959,23.1838,57,Success,Purchase,Bago,MMK,False
TXN-20240102-0001458,WALL-0083500,MERCH-00435,PM-02,DEV-01,2024-01-02 19:44:48,190.57,0.3811,0.0,0,Failed,Tax Payment,Yangon,MMK,False
TXN-20240102-0001459,WALL-0053820,MERCH-00020,PM-02,DEV-05,2024-01-02 19:50:16,11.11,0.0222,0.2221,1,Success,Purchase,Myitkyina,MMK,False
TXN-20240102-0001460,WALL-0077487,MERCH-00369,PM-05,DEV-01,2024-01-02 15:33:11,42.13,0.0,0.0,4,Success,Bill Payment,Taunggyi,MMK,False
TXN-20240102-0001461,WALL-0031872,MERCH-00052,PM-03,DEV-03,2024-01-02 18:44:40,19.25,0.154,0.3851,1,Success,Purchase,Singapore,SGD,False
TXN-20240102-0001462,WALL-0118605,MERCH-00138,PM-01,DEV-05,2024-01-02 17:04:25,125.83,0.0,6.2915,12,Success,Purchase,Chiang Mai,INR,False
TXN-20240102-0001463,WALL-0072059,MERCH-00126,PM-01,DEV-01,2024-01-02 18:42:54,56.44,0.0,0.0,5,Success,Purchase,Chiang Mai,THB,False
TXN-20240102-0001464,WALL-0098005,MERCH-00056,PM-01,DEV-05,2024-01-02 18:02:20,16.78,0.0,0.3356,1,Success,Purchase,Kandy,MMK,False
TXN-20240102-0001465,WALL-0101976,MERCH-00239,PM-01,DEV-01,2024-01-02 10:34:33,40.54,0.0,0.0,4,Success,Subscription,Pathein,MMK,False
TXN-20240102-0001466,WALL-0026757,MERCH-00005,PM-01,DEV-01,2024-01-02 12:48:59,9.83,0.0,0.1965,0,Success,Purchase,Chittagong,KHR,False
TXN-20240102-0001467,WALL-0035939,MERCH-00074,PM-03,DEV-01,2024-01-02 13:01:30,20.84,0.1667,0.4169,2,Success,Purchase,Chennai,INR,False
TXN-20240102-0001468,WALL-0113807,MERCH-00190,PM-01,DEV-04,2024-01-02 15:55:29,302.0,0.0,15.1,30,Success,Purchase,Davao,PHP,False
TXN-20240102-0001469,WALL-0089654,MERCH-00430,PM-03,DEV-03,2024-01-02 19:24:14,86.57,0.6926,0.0,8,Success,Payment,Davao,PHP,False
TXN-20240102-0001470,WALL-0089228,MERCH-00367,PM-04,DEV-01,2024-01-02 15:14:20,51.25,1.025,0.0,5,Success,Bill Payment,Yangon,MMK,False
TXN-20240102-0001471,WALL-0080068,MERCH-00354,PM-01,DEV-01,2024-01-02 18:09:17,68.5,0.0,0.0,6,Success,Bill Payment,Bali,IDR,False
TXN-20240102-0001472,WALL-0012681,MERCH-00292,PM-01,DEV-02,2024-01-02 21:03:21,516.02,0.0,41.2815,103,Success,Purchase,Pune,INR,False
TXN-20240102-0001473,WALL-0067072,MERCH-00473,PM-01,DEV-02,2024-01-02 18:50:27,1083.72,0.0,0.0,108,Success,Payment,Cebu City,PHP,False
TXN-20240102-0001474,WALL-0083469,MERCH-00181,PM-01,DEV-03,2024-01-02 06:57:19,80.61,0.0,4.0307,8,Success,Purchase,Kathmandu,NPR,False
TXN-20240102-0001475,WALL-0064524,MERCH-00260,PM-02,DEV-01,2024-01-02 13:28:31,17.1,0.0342,0.0,1,Success,Subscription,Pokhara,NPR,False
TXN-20240102-0001476,WALL-0035681,MERCH-00322,PM-03,DEV-01,2024-01-02 19:44:56,21.67,0.1734,0.0,2,Success,Bill Payment,Bago,MMK,False
TXN-20240102-0001477,WALL-0049074,MERCH-00083,PM-01,DEV-03,2024-01-02 11:04:23,57.02,0.0,0.0,5,Success,Purchase,Manila,PHP,False
TXN-20240102-0001478,WALL-0029623,MERCH-00128,PM-01,DEV-02,2024-01-02 07:20:36,57.0,0.0,0.0,5,Success,Purchase,Manila,MYR,False
TXN-20240102-0001479,WALL-0080357,MERCH-00243,PM-02,DEV-01,2024-01-02 02:25:53,15.26,0.0305,0.0,1,Success,Subscription,Mandalay,MMK,False
TXN-20240102-0001480,WALL-0016727,MERCH-00071,PM-01,DEV-03,2024-01-02 13:44:47,22.39,0.0,0.4478,2,Success,Purchase,Taunggyi,MMK,False
TXN-20240102-0001481,WALL-0124172,MERCH-00322,PM-02,DEV-03,2024-01-02 14:51:13,117.95,0.2359,0.0,11,Success,Bill Payment,Pattaya,THB,False
TXN-20240102-0001482,WALL-0018424,MERCH-00022,PM-01,DEV-04,2024-01-02 19:05:27,40.09,0.0,0.8017,4,Success,Purchase,Johor Bahru,MYR,False
TXN-20240102-0001483,WALL-0106621,MERCH-00101,PM-02,DEV-01,2024-01-02 21:43:49,83.02,0.166,0.0,8,Success,Purchase,Surabaya,IDR,False
TXN-20240102-0001484,WALL-0071597,MERCH-00110,PM-04,DEV-02,2024-01-02 02:19:51,69.61,1.3923,0.0,6,Success,Purchase,Myitkyina,MMK,False
TXN-20240102-0001485,WALL-0004369,MERCH-00202,PM-02,DEV-01,2024-01-02 17:31:38,34.02,0.068,0.0,3,Success,Purchase,Davao,MYR,False
TXN-20240102-0001486,WALL-0110176,MERCH-00050,PM-02,DEV-02,2024-01-02 13:47:48,9.26,0.0185,0.1852,0,Success,Purchase,Mandalay,MMK,False
TXN-20240102-0001487,WALL-0146233,MERCH-00356,PM-01,DEV-01,2024-01-02 19:16:15,33.75,0.0,0.0,3,Success,Bill Payment,Myitkyina,MMK,False
TXN-20240102-0001488,WALL-0037847,MERCH-00002,PM-01,DEV-02,2024-01-02 19:55:18,14.0,0.0,0.2801,1,Success,Purchase,Medan,IDR,False
TXN-20240102-0001489,WALL-0128529,MERCH-00208,PM-04,DEV-01,2024-01-02 09:40:36,13.49,0.2699,0.0,1,Success,Purchase,Manila,PHP,False
TXN-20240102-0001490,WALL-0115792,MERCH-00447,PM-01,DEV-02,2024-01-02 13:37:06,52.69,0.0,0.0,5,Success,Tax Payment,Yangon,MMK,False
TXN-20240102-0001491,WALL-0057320,MERCH-00040,PM-04,DEV-02,2024-01-02 17:56:13,5.0,0.1,0.1,0,Success,Purchase,Bali,IDR,False
TXN-20240102-0001492,WALL-0024757,MERCH-00380,PM-01,DEV-02,2024-01-02 16:50:43,60.86,0.0,0.0,6,Success,Purchase,Da Nang,VND,False
TXN-20240102-0001493,WALL-0139791,MERCH-00447,PM-03,DEV-02,2024-01-02 13:08:34,225.49,1.8039,0.0,22,Success,Tax Payment,Cebu City,PHP,False
TXN-20240102-0001494,WALL-0116959,MERCH-00105,PM-01,DEV-01,2024-01-02 20:45:38,52.34,0.0,0.0,5,Success,Purchase,Taunggyi,MMK,False
TXN-20240102-0001495,WALL-0021206,MERCH-00386,PM-04,DEV-01,2024-01-02 16:28:57,22.63,0.4527,0.0,2,Success,Purchase,Mawlamyine,MMK,False
TXN-20240102-0001496,WALL-0089903,MERCH-00257,PM-01,DEV-01,2024-01-02 14:12:56,17.21,0.0,0.0,1,Success,Subscription,Mandalay,MMK,False
TXN-20240102-0001497,WALL-0075025,MERCH-00050,PM-02,DEV-04,2024-01-02 01:37:46,17.23,0.0345,0.3446,1,Success,Purchase,Myitkyina,MMK,False
TXN-20240102-0001498,WALL-0123818,MERCH-00342,PM-01,DEV-04,2024-01-02 10:44:20,39.17,0.0,0.0,3,Success,Bill Payment,Taunggyi,MMK,False
TXN-20240102-0001499,WALL-0023080,MERCH-00417,PM-02,DEV-01,2024-01-02 06:31:55,24.78,0.0496,0.0,2,Success,Payment,Davao,PHP,False
TXN-20240102-0001500,WALL-0126822,MERCH-00247,PM-03,DEV-01,2024-01-02 07:02:57,11.72,0.0938,0.0,1,Success,Subscription,Singapore,MMK,False
TXN-20240102-0001501,WALL-0040954,MERCH-00054,PM-02,DEV-03,2024-01-02 13:23:26,13.08,0.0262,0.0,0,Failed,Purchase,Delhi,INR,False
TXN-20240102-0001502,WALL-0053094,MERCH-00418,PM-01,DEV-01,2024-01-02 16:21:04,84.06,0.0,0.0,8,Success,Payment,Bali,MMK,False
TXN-20240102-0001503,WALL-0133804,MERCH-00168,PM-01,DEV-01,2024-01-02 21:01:25,239.38,0.0,11.9691,23,Success,Purchase,Hyderabad,INR,False
TXN-20240102-0001504,WALL-0105481,MERCH-00222,PM-04,DEV-02,2024-01-02 19:21:56,8.79,0.1758,0.0,0,Success,Purchase,Siem Reap,KHR,False
TXN-20240102-0001505,WALL-0055969,MERCH-00331,PM-03,DEV-02,2024-01-02 18:12:01,143.27,1.1462,0.0,14,Success,Bill Payment,Karachi,PKR,False
TXN-20240102-0001506,WALL-0120377,MERCH-00203,PM-01,DEV-03,2024-01-02 18:55:18,20.34,0.0,0.0,2,Success,Purchase,Bali,MMK,False
TXN-20240102-0001507,WALL-0031068,MERCH-00170,PM-03,DEV-03,2024-01-02 07:08:34,60.37,0.483,3.0187,6,Success,Purchase,Bago,MMK,False
TXN-20240102-0001508,WALL-0124674,MERCH-00335,PM-01,DEV-01,2024-01-02 06:11:16,54.86,0.0,0.0,5,Success,Bill Payment,Jaipur,INR,False
TXN-20240102-0001509,WALL-0000696,MERCH-00433,PM-05,DEV-03,2024-01-02 12:00:27,63.16,0.0,0.0,6,Success,Tax Payment,Pathein,MMK,False
TXN-20240102-0001510,WALL-0008228,MERCH-00005,PM-02,DEV-01,2024-01-02 14:29:34,8.51,0.017,0.1703,0,Success,Purchase,Pattaya,THB,False
TXN-20240102-0001511,WALL-0132342,MERCH-00370,PM-05,DEV-01,2024-01-02 06:33:07,22.9,0.0,0.0,2,Success,Bill Payment,Kathmandu,NPR,False
TXN-20240102-0001512,WALL-0083453,MERCH-00297,PM-01,DEV-03,2024-01-02 10:01:54,134.76,0.0,10.781,26,Success,Purchase,Bali,IDR,False
TXN-20240102-0001513,WALL-0108384,MERCH-00135,PM-01,DEV-03,2024-01-02 12:43:46,99.79,0.0,4.9896,9,Success,Purchase,Jaipur,MMK,False
TXN-20240102-0001514,WALL-0086821,MERCH-00429,PM-03,DEV-01,2024-01-02 16:32:48,42.25,0.338,0.0,4,Success,Payment,Chittagong,BDT,False
TXN-20240102-0001515,WALL-0114380,MERCH-00094,PM-01,DEV-01,2024-01-02 14:06:06,167.03,0.0,0.0,16,Success,Purchase,Singapore,SGD,False
TXN-20240102-0001516,WALL-0008062,MERCH-00271,PM-02,DEV-02,2024-01-02 13:29:55,2511.31,5.0226,200.9044,502,Success,Purchase,Kathmandu,IDR,False
TXN-20240102-0001517,WALL-0131675,MERCH-00206,PM-04,DEV-03,2024-01-02 18:58:45,13.34,0.2669,0.0,1,Success,Purchase,Kandy,PKR,False
TXN-20240102-0001518,WALL-0078634,MERCH-00441,PM-03,DEV-05,2024-01-02 10:22:44,89.15,0.7132,0.0,8,Success,Tax Payment,Myitkyina,MMK,False
TXN-20240102-0001519,WALL-0027000,MERCH-00070,PM-04,DEV-02,2024-01-02 21:52:36,11.37,0.2274,0.2274,1,Success,Purchase,Naypyidaw,MMK,False
TXN-20240102-0001520,WALL-0054745,MERCH-00188,PM-03,DEV-03,2024-01-02 15:20:06,262.0,2.096,13.0998,26,Success,Purchase,Yangon,MMK,False
TXN-20240102-0001521,WALL-0017640,MERCH-00368,PM-05,DEV-01,2024-01-02 18:00:23,50.88,0.0,0.0,5,Success,Bill Payment,Kuala Lumpur,PKR,False
TXN-20240102-0001522,WALL-0137847,MERCH-00404,PM-02,DEV-01,2024-01-02 01:38:27,41.52,0.083,0.0,4,Success,Payment,Yangon,MMK,False
TXN-20240102-0001523,WALL-0111315,MERCH-00112,PM-03,DEV-01,2024-01-02 15:22:48,39.13,0.313,0.0,3,Success,Purchase,Yangon,MMK,False
TXN-20240102-0001524,WALL-0076602,MERCH-00332,PM-01,DEV-02,2024-01-02 13:47:46,45.26,0.0,0.0,4,Success,Bill Payment,Delhi,INR,False
TXN-20240102-0001525,WALL-0143245,MERCH-00148,PM-02,DEV-01,2024-01-02 12:07:12,119.72,0.2394,5.9859,11,Success,Purchase,Yangon,MMK,False
TXN-20240102-0001526,WALL-0006330,MERCH-00104,PM-05,DEV-01,2024-01-02 18:31:06,39.49,0.0,0.0,3,Success,Purchase,Pathein,MMK,False
TXN-20240102-0001527,WALL-0043954,MERCH-00382,PM-01,DEV-01,2024-01-02 01:30:31,120.0,0.0,0.0,12,Success,Purchase,Mawlamyine,MMK,False
TXN-20240102-0001528,WALL-0047031,MERCH-00064,PM-01,DEV-05,2024-01-02 16:06:13,13.74,0.0,0.2749,1,Success,Purchase,Naypyidaw,MMK,False
TXN-20240102-0001529,WALL-0057597,MERCH-00494,PM-01,DEV-01,2024-01-02 20:11:38,164.97,0.0,0.0,16,Success,Payment,Yangon,MMK,False
TXN-20240102-0001530,WALL-0020693,MERCH-00372,PM-04,DEV-01,2024-01-02 15:59:19,97.87,1.9574,0.0,9,Success,Purchase,Kuala Lumpur,MYR,False
TXN-20240102-0001531,WALL-0133872,MERCH-00441,PM-01,DEV-01,2024-01-02 23:15:04,338.68,0.0,0.0,33,Success,Tax Payment,Kandy,MYR,False
TXN-20240102-0001532,WALL-0060808,MERCH-00121,PM-01,DEV-01,2024-01-02 06:01:36,72.0,0.0,0.0,7,Success,Purchase,Phnom Penh,KHR,False
TXN-20240102-0001533,WALL-0002565,MERCH-00283,PM-01,DEV-01,2024-01-02 11:04:01,1083.83,0.0,86.7062,216,Success,Purchase,Manila,PHP,False
TXN-20240102-0001534,WALL-0142218,MERCH-00361,PM-02,DEV-03,2024-01-02 14:08:06,59.86,0.1197,0.0,5,Success,Bill Payment,Taunggyi,MMK,False
TXN-20240102-0001535,WALL-0019396,MERCH-00110,PM-02,DEV-01,2024-01-02 21:19:52,46.69,0.0934,0.0,4,Success,Purchase,Pattaya,THB,False
TXN-20240102-0001536,WALL-0084053,MERCH-00390,PM-01,DEV-01,2024-01-02 19:50:49,33.96,0.0,0.0,3,Success,Purchase,Phnom Penh,MMK,False
TXN-20240102-0001537,WALL-0035515,MERCH-00338,PM-02,DEV-01,2024-01-02 17:23:32,61.75,0.1235,0.0,0,Reversed,Bill Payment,Naypyidaw,MMK,False
TXN-20240102-0001538,WALL-0084765,MERCH-00060,PM-01,DEV-01,2024-01-02 18:44:40,9.33,0.0,0.1866,0,Success,Purchase,Kolkata,INR,False
TXN-20240102-0001539,WALL-0094394,MERCH-00083,PM-03,DEV-01,2024-01-02 15:02:35,111.14,0.8891,0.0,11,Success,Purchase,Bago,MMK,False
TXN-20240102-0001540,WALL-0091774,MERCH-00112,PM-03,DEV-03,2024-01-02 15:54:51,45.91,0.3673,0.0,4,Success,Purchase,Medan,MMK,False
TXN-20240102-0001541,WALL-0002788,MERCH-00092,PM-02,DEV-02,2024-01-02 18:54:35,43.34,0.0867,0.0,4,Success,Purchase,Phnom Penh,KHR,False
TXN-20240102-0001542,WALL-0020132,MERCH-00121,PM-02,DEV-02,2024-01-02 11:19:00,26.39,0.0528,0.0,2,Success,Purchase,Hyderabad,INR,False
TXN-20240102-0001543,WALL-0013671,MERCH-00079,PM-05,DEV-05,2024-01-02 16:55:11,22.65,0.0,0.4531,2,Success,Purchase,Surabaya,IDR,False
TXN-20240102-0001544,WALL-0048553,MERCH-00101,PM-04,DEV-03,2024-01-02 19:01:03,15.74,0.3147,0.0,1,Success,Purchase,Bandung,IDR,False
TXN-20240102-0001545,WALL-0083054,MERCH-00375,PM-04,DEV-03,2024-01-02 15:15:56,125.35,2.507,0.0,12,Success,Purchase,Ahmedabad,PHP,False
TXN-20240102-0001546,WALL-0054582,MERCH-00159,PM-03,DEV-01,2024-01-02 19:01:53,155.78,1.2462,7.7891,15,Success,Purchase,Pattaya,THB,False
TXN-20240102-0001547,WALL-0085806,MERCH-00113,PM-03,DEV-01,2024-01-02 07:29:37,56.65,0.4532,0.0,5,Success,Purchase,Chennai,INR,False
TXN-20240102-0001548,WALL-0070563,MERCH-00234,PM-03,DEV-03,2024-01-02 19:56:32,17.76,0.1421,0.0,1,Success,Subscription,Davao,PHP,False
TXN-20240102-0001549,WALL-0020479,MERCH-00347,PM-02,DEV-01,2024-01-02 07:50:15,75.17,0.1503,0.0,7,Success,Bill Payment,Mawlamyine,MMK,False
TXN-20240102-0001550,WALL-0056721,MERCH-00269,PM-01,DEV-01,2024-01-02 21:02:43,18.66,0.0,0.0,1,Success,Subscription,Pathein,MMK,False
TXN-20240102-0001551,WALL-0112713,MERCH-00210,PM-02,DEV-01,2024-01-02 09:27:33,5.0,0.01,0.0,0,Success,Purchase,Bangalore,INR,False
TXN-20240102-0001552,WALL-0127837,MERCH-00295,PM-01,DEV-01,2024-01-02 16:45:26,655.48,0.0,52.4382,131,Success,Purchase,Bago,MMK,False
TXN-20240102-0001553,WALL-0076374,MERCH-00123,PM-01,DEV-04,2024-01-02 05:26:53,49.6,0.0,0.0,4,Success,Purchase,Pathein,MMK,False
TXN-20240102-0001554,WALL-0026176,MERCH-00203,PM-02,DEV-02,2024-01-02 09:46:49,22.61,0.0452,0.0,2,Success,Purchase,Bangalore,INR,False
TXN-20240102-0001555,WALL-0064828,MERCH-00037,PM-03,DEV-01,2024-01-02 09:09:16,60.0,0.48,1.2,6,Success,Purchase,Manila,PHP,False
TXN-20240102-0001556,WALL-0086005,MERCH-00081,PM-01,DEV-02,2024-01-02 06:31:36,42.07,0.0,0.0,4,Success,Purchase,Pattaya,THB,False
TXN-20240102-0001557,WALL-0023358,MERCH-00006,PM-01,DEV-01,2024-01-02 16:11:36,12.13,0.0,0.2425,1,Success,Purchase,Naypyidaw,MMK,False
TXN-20240102-0001558,WALL-0143208,MERCH-00312,PM-01,DEV-01,2024-01-02 21:04:33,306.96,0.0,0.0,30,Success,Bill Payment,Hyderabad,INR,False
TXN-20240102-0001559,WALL-0030712,MERCH-00055,PM-01,DEV-01,2024-01-02 12:01:19,9.87,0.0,0.1975,0,Success,Purchase,Mawlamyine,MMK,False
TXN-20240102-0001560,WALL-0062004,MERCH-00347,PM-01,DEV-01,2024-01-02 18:53:15,38.63,0.0,0.0,3,Success,Bill Payment,Myitkyina,MMK,False
TXN-20240102-0001561,WALL-0062024,MERCH-00096,PM-04,DEV-02,2024-01-02 17:17:08,43.45,0.869,0.0,4,Success,Purchase,Islamabad,PKR,False
TXN-20240102-0001562,WALL-0038969,MERCH-00121,PM-04,DEV-01,2024-01-02 14:12:11,106.25,2.125,0.0,10,Success,Purchase,Mawlamyine,MMK,False
TXN-20240102-0001563,WALL-0119946,MERCH-00139,PM-04,DEV-03,2024-01-02 17:04:09,58.5,1.1701,2.9252,5,Success,Purchase,Bago,BDT,False
TXN-20240102-0001564,WALL-0124865,MERCH-00046,PM-02,DEV-01,2024-01-02 09:20:48,16.68,0.0334,0.3335,1,Success,Purchase,Naypyidaw,MMK,False
TXN-20240102-0001565,WALL-0083869,MERCH-00067,PM-01,DEV-03,2024-01-02 20:05:42,28.64,0.0,0.5727,2,Success,Purchase,Mandalay,MMK,False
TXN-20240102-0001566,WALL-0117142,MERCH-00340,PM-04,DEV-02,2024-01-02 12:39:26,129.53,2.5907,0.0,12,Success,Bill Payment,Chiang Mai,THB,False
TXN-20240102-0001567,WALL-0048383,MERCH-00339,PM-04,DEV-01,2024-01-02 17:11:26,56.12,1.1224,0.0,5,Success,Bill Payment,Bago,MMK,False
TXN-20240102-0001568,WALL-0085288,MERCH-00043,PM-05,DEV-01,2024-01-02 12:14:24,31.22,0.0,0.6244,3,Success,Purchase,Bangalore,INR,False
TXN-20240102-0001569,WALL-0013942,MERCH-00393,PM-02,DEV-05,2024-01-02 15:33:22,172.94,0.3459,0.0,17,Success,Purchase,Chiang Mai,THB,False
TXN-20240102-0001570,WALL-0058640,MERCH-00056,PM-02,DEV-01,2024-01-02 18:32:45,15.44,0.0309,0.3087,1,Success,Purchase,Naypyidaw,MMK,False
TXN-20240102-0001571,WALL-0003202,MERCH-00035,PM-02,DEV-01,2024-01-02 16:59:26,14.51,0.029,0.2902,1,Success,Purchase,Pathein,MMK,False
TXN-20240102-0001572,WALL-0111551,MERCH-00024,PM-04,DEV-01,2024-01-02 18:53:54,33.17,0.6634,0.6634,3,Success,Purchase,Manila,PHP,False
TXN-20240102-0001573,WALL-0135821,MERCH-00040,PM-02,DEV-01,2024-01-02 17:03:06,18.47,0.0369,0.3694,1,Success,Purchase,Phnom Penh,KHR,False
TXN-20240102-0001574,WALL-0023670,MERCH-00273,PM-03,DEV-01,2024-01-02 09:24:42,294.05,2.3524,23.5242,58,Success,Purchase,Taunggyi,MMK,False
TXN-20240102-0001575,WALL-0011327,MERCH-00293,PM-02,DEV-02,2024-01-02 00:42:24,502.53,1.0051,40.2027,100,Success,Purchase,Mawlamyine,MMK,False
TXN-20240102-0001576,WALL-0032512,MERCH-00036,PM-01,DEV-05,2024-01-02 08:16:37,17.81,0.0,0.3562,1,Success,Purchase,Jakarta,IDR,False
TXN-20240102-0001577,WALL-0025304,MERCH-00072,PM-03,DEV-03,2024-01-02 19:55:21,24.38,0.195,0.4876,2,Success,Purchase,Kolkata,INR,False
TXN-20240102-0001578,WALL-0038723,MERCH-00389,PM-02,DEV-01,2024-01-02 19:43:11,111.3,0.2226,0.0,11,Success,Purchase,Phnom Penh,KHR,False
TXN-20240102-0001579,WALL-0044926,MERCH-00292,PM-05,DEV-03,2024-01-02 14:27:55,398.56,0.0,31.8849,79,Success,Purchase,Kuala Lumpur,IDR,False
TXN-20240102-0001580,WALL-0036612,MERCH-00147,PM-02,DEV-03,2024-01-02 13:11:37,86.42,0.1728,4.3211,8,Success,Purchase,Dhaka,BDT,False
TXN-20240102-0001581,WALL-0145685,MERCH-00200,PM-03,DEV-03,2024-01-02 16:47:48,10.38,0.083,0.0,1,Success,Purchase,Cebu City,PHP,False
TXN-20240102-0001582,WALL-0073784,MERCH-00067,PM-04,DEV-01,2024-01-02 13:07:55,8.81,0.1763,0.1763,0,Success,Purchase,Ho Chi Minh City,VND,False
TXN-20240102-0001583,WALL-0101042,MERCH-00398,PM-01,DEV-02,2024-01-02 06:46:26,42.26,0.0,0.0,4,Success,Purchase,Kolkata,INR,False
TXN-20240102-0001584,WALL-0097286,MERCH-00165,PM-01,DEV-01,2024-01-02 20:07:16,187.19,0.0,0.0,0,Failed,Purchase,Myitkyina,MMK,False
TXN-20240102-0001585,WALL-0019886,MERCH-00324,PM-04,DEV-01,2024-01-02 13:43:12,68.18,1.3637,0.0,6,Success,Bill Payment,Myitkyina,MMK,False
TXN-20240102-0001586,WALL-0126000,MERCH-00350,PM-04,DEV-01,2024-01-02 13:35:35,99.94,1.9987,0.0,9,Success,Bill Payment,Pathein,MMK,False
TXN-20240102-0001587,WALL-0112340,MERCH-00448,PM-04,DEV-01,2024-01-02 21:24:24,574.31,11.4863,0.0,57,Success,Tax Payment,Mandalay,MMK,False
TXN-20240102-0001588,WALL-0122647,MERCH-00260,PM-01,DEV-03,2024-01-02 14:03:28,21.48,0.0,0.0,2,Success,Subscription,Kuala Lumpur,LKR,False
TXN-20240102-0001589,WALL-0084841,MERCH-00341,PM-02,DEV-05,2024-01-02 20:05:19,113.4,0.2268,0.0,11,Success,Bill Payment,Davao,PHP,False
TXN-20240102-0001590,WALL-0049833,MERCH-00093,PM-01,DEV-01,2024-01-02 18:18:06,111.65,0.0,0.0,0,Failed,Purchase,Kandy,IDR,False
TXN-20240102-0001591,WALL-0001100,MERCH-00220,PM-03,DEV-01,2024-01-02 05:40:04,7.98,0.0639,0.0,0,Success,Purchase,Pathein,MMK,False
TXN-20240102-0001592,WALL-0131132,MERCH-00219,PM-01,DEV-03,2024-01-02 20:54:01,21.57,0.0,0.0,2,Success,Purchase,Mandalay,MMK,False
TXN-20240102-0001593,WALL-0106289,MERCH-00350,PM-03,DEV-03,2024-01-02 14:24:47,10.0,0.08,0.0,0,Failed,Bill Payment,Mawlamyine,MMK,False
TXN-20240102-0001594,WALL-0144309,MERCH-00299,PM-04,DEV-03,2024-01-02 19:20:35,461.63,9.2325,36.9302,92,Success,Purchase,Da Nang,VND,False
TXN-20240102-0001595,WALL-0041078,MERCH-00104,PM-03,DEV-04,2024-01-02 13:15:34,62.98,0.5039,0.0,6,Success,Purchase,Singapore,THB,False
TXN-20240102-0001596,WALL-0039750,MERCH-00201,PM-04,DEV-01,2024-01-02 15:13:51,6.33,0.1266,0.0,0,Success,Purchase,Pathein,MMK,False
TXN-20240102-0001597,WALL-0009685,MERCH-00276,PM-04,DEV-01,2024-01-02 17:36:26,1113.7,22.274,89.0962,222,Success,Purchase,Taunggyi,MMK,False
TXN-20240102-0001598,WALL-0096699,MERCH-00220,PM-03,DEV-01,2024-01-02 14:56:11,6.43,0.0514,0.0,0,Success,Purchase,Phnom Penh,KHR,False
TXN-20240102-0001599,WALL-0118452,MERCH-00216,PM-01,DEV-04,2024-01-02 16:14:54,7.49,0.0,0.0,0,Success,Purchase,Jaipur,INR,False
TXN-20240102-0001600,WALL-0148741,MERCH-00317,PM-01,DEV-02,2024-01-02 18:43:49,64.02,0.0,0.0,6,Success,Bill Payment,Hyderabad,INR,False
TXN-20240102-0001601,WALL-0094190,MERCH-00203,PM-02,DEV-01,2024-01-02 06:01:11,18.33,0.0367,0.0,1,Success,Purchase,Surabaya,IDR,False
TXN-20240102-0001602,WALL-0126319,MERCH-00202,PM-02,DEV-05,2024-01-02 10:35:55,12.93,0.0259,0.0,1,Success,Purchase,Bago,MMK,False
TXN-20240102-0001603,WALL-0098838,MERCH-00258,PM-04,DEV-01,2024-01-02 18:00:51,5.3,0.1059,0.0,0,Success,Subscription,Pune,INR,False
TXN-20240102-0001604,WALL-0129095,MERCH-00043,PM-03,DEV-01,2024-01-02 23:28:00,34.75,0.278,0.695,3,Success,Purchase,Lahore,PKR,False
TXN-20240102-0001605,WALL-0033946,MERCH-00293,PM-03,DEV-01,2024-01-02 16:52:58,339.89,2.7191,27.191,67,Success,Purchase,Phuket,THB,False
TXN-20240102-0001606,WALL-0143362,MERCH-00203,PM-01,DEV-01,2024-01-02 00:57:19,23.37,0.0,0.0,2,Success,Purchase,Naypyidaw,MMK,False
TXN-20240102-0001607,WALL-0083415,MERCH-00210,PM-01,DEV-01,2024-01-02 08:45:49,14.97,0.0,0.0,1,Success,Purchase,Mandalay,MMK,False
TXN-20240102-0001608,WALL-0143439,MERCH-00005,PM-04,DEV-02,2024-01-02 20:17:39,14.64,0.2928,0.2928,1,Success,Purchase,Taunggyi,MMK,False
TXN-20240102-0001609,WALL-0094938,MERCH-00238,PM-02,DEV-01,2024-01-02 16:53:39,19.5,0.039,0.0,1,Success,Subscription,Penang,INR,False
TXN-20240102-0001610,WALL-0054216,MERCH-00124,PM-03,DEV-01,2024-01-02 18:15:59,17.67,0.1414,0.0,1,Success,Purchase,Naypyidaw,KHR,False
TXN-20240102-0001611,WALL-0031867,MERCH-00152,PM-04,DEV-01,2024-01-02 17:49:08,88.96,1.7792,4.4481,8,Success,Purchase,Hanoi,VND,False
TXN-20240102-0001612,WALL-0102885,MERCH-00387,PM-04,DEV-01,2024-01-02 17:55:07,111.15,2.223,0.0,11,Success,Purchase,Davao,THB,False
TXN-20240102-0001613,WALL-0063243,MERCH-00328,PM-01,DEV-01,2024-01-02 21:57:19,38.13,0.0,0.0,3,Success,Bill Payment,Hyderabad,MMK,False
TXN-20240102-0001614,WALL-0067172,MERCH-00407,PM-01,DEV-01,2024-01-02 18:01:22,157.37,0.0,0.0,15,Success,Payment,Jakarta,IDR,False
TXN-20240102-0001615,WALL-0110227,MERCH-00323,PM-04,DEV-01,2024-01-02 16:51:27,82.08,1.6416,0.0,8,Success,Bill Payment,Pathein,MMK,False
TXN-20240102-0001616,WALL-0106574,MERCH-00247,PM-03,DEV-01,2024-01-02 20:45:50,6.56,0.0525,0.0,0,Success,Subscription,Chennai,INR,False
TXN-20240102-0001617,WALL-0015530,MERCH-00333,PM-01,DEV-02,2024-01-02 21:25:10,36.85,0.0,0.0,3,Success,Bill Payment,Mumbai,INR,False
TXN-20240102-0001618,WALL-0137158,MERCH-00365,PM-01,DEV-01,2024-01-02 06:45:38,25.93,0.0,0.0,2,Success,Bill Payment,Dhaka,BDT,False
TXN-20240102-0001619,WALL-0005509,MERCH-00327,PM-02,DEV-02,2024-01-02 20:03:43,38.15,0.0763,0.0,3,Success,Bill Payment,Bago,MMK,False
TXN-20240102-0001620,WALL-0012959,MERCH-00022,PM-04,DEV-01,2024-01-02 19:20:23,8.6,0.1721,0.1721,0,Success,Purchase,Karachi,PKR,False
TXN-20240102-0001621,WALL-0088442,MERCH-00194,PM-02,DEV-02,2024-01-02 12:36:21,17.45,0.0349,0.0,1,Success,Purchase,Myitkyina,MMK,False
TXN-20240102-0001622,WALL-0123004,MERCH-00246,PM-01,DEV-01,2024-01-02 06:40:05,11.89,0.0,0.0,1,Success,Subscription,Phuket,THB,False
TXN-20240102-0001623,WALL-0097076,MERCH-00246,PM-01,DEV-02,2024-01-02 07:45:03,6.92,0.0,0.0,0,Success,Subscription,Taunggyi,MMK,False
TXN-20240102-0001624,WALL-0139919,MERCH-00160,PM-01,DEV-01,2024-01-02 19:16:51,311.88,0.0,0.0,0,Reversed,Purchase,Pathein,MMK,False
TXN-20240102-0001625,WALL-0014404,MERCH-00095,PM-01,DEV-01,2024-01-02 13:56:37,25.6,0.0,0.0,2,Success,Purchase,Bandung,IDR,False
TXN-20240102-0001626,WALL-0104587,MERCH-00141,PM-01,DEV-03,2024-01-02 18:19:14,44.04,0.0,2.2019,4,Success,Purchase,Manila,PHP,False
TXN-20240102-0001627,WALL-0118111,MERCH-00261,PM-04,DEV-01,2024-01-02 17:31:18,34.93,0.6985,0.0,3,Success,Subscription,Myitkyina,MMK,False
TXN-20240102-0001628,WALL-0117817,MERCH-00182,PM-04,DEV-01,2024-01-02 17:18:55,75.43,1.5085,3.7713,7,Success,Purchase,Mawlamyine,MMK,False
TXN-20240102-0001629,WALL-0101514,MERCH-00051,PM-03,DEV-04,2024-01-02 19:41:23,24.53,0.1962,0.4906,2,Success,Purchase,Hanoi,VND,False
TXN-20240102-0001630,WALL-0069329,MERCH-00126,PM-01,DEV-04,2024-01-02 14:46:01,53.19,0.0,0.0,0,Failed,Purchase,Naypyidaw,MMK,False
TXN-20240102-0001631,WALL-0105267,MERCH-00240,PM-01,DEV-01,2024-01-02 15:56:02,15.2,0.0,0.0,1,Success,Subscription,Pattaya,THB,False
TXN-20240102-0001632,WALL-0034253,MERCH-00102,PM-03,DEV-02,2024-01-02 21:33:55,120.26,0.9621,0.0,12,Success,Purchase,Mandalay,MMK,False
TXN-20240102-0001633,WALL-0121960,MERCH-00046,PM-01,DEV-01,2024-01-02 13:45:19,51.01,0.0,1.0202,5,Success,Purchase,Penang,MYR,False
TXN-20240102-0001634,WALL-0138763,MERCH-00313,PM-03,DEV-02,2024-01-02 08:16:57,61.76,0.4941,0.0,6,Success,Bill Payment,Chittagong,VND,False
TXN-20240102-0001635,WALL-0048417,MERCH-00067,PM-01,DEV-01,2024-01-02 15:20:03,40.38,0.0,0.8076,4,Success,Purchase,Pattaya,THB,False
TXN-20240102-0001636,WALL-0135338,MERCH-00001,PM-04,DEV-01,2024-01-02 20:35:35,17.47,0.3494,0.3494,1,Success,Purchase,Hanoi,VND,False
TXN-20240102-0001637,WALL-0055791,MERCH-00206,PM-01,DEV-01,2024-01-02 13:42:53,7.72,0.0,0.0,0,Success,Purchase,Mumbai,INR,False
TXN-20240102-0001638,WALL-0018663,MERCH-00015,PM-02,DEV-01,2024-01-02 08:33:19,6.16,0.0123,0.1232,0,Success,Purchase,Khon Kaen,THB,False
TXN-20240102-0001639,WALL-0135181,MERCH-00382,PM-02,DEV-01,2024-01-02 13:40:33,56.38,0.1128,0.0,5,Success,Purchase,Pathein,MMK,False
TXN-20240102-0001640,WALL-0047172,MERCH-00195,PM-01,DEV-01,2024-01-02 08:16:36,15.26,0.0,0.0,1,Success,Purchase,Taunggyi,INR,False
TXN-20240102-0001641,WALL-0077458,MERCH-00169,PM-02,DEV-04,2024-01-02 05:35:55,46.08,0.0922,2.304,4,Success,Purchase,Singapore,SGD,False
TXN-20240102-0001642,WALL-0014569,MERCH-00412,PM-02,DEV-01,2024-01-02 14:14:10,27.72,0.0554,0.0,2,Success,Payment,Mandalay,MMK,False
TXN-20240102-0001643,WALL-0016375,MERCH-00435,PM-01,DEV-01,2024-01-02 16:03:37,1048.09,0.0,0.0,104,Success,Tax Payment,Yangon,MMK,False
TXN-20240102-0001644,WALL-0149528,MERCH-00400,PM-02,DEV-02,2024-01-02 21:22:31,44.44,0.0889,0.0,4,Success,Purchase,Taunggyi,MMK,False
TXN-20240102-0001645,WALL-0076419,MERCH-00043,PM-01,DEV-01,2024-01-02 11:31:49,15.47,0.0,0.3094,1,Success,Purchase,Taunggyi,MMK,False
TXN-20240102-0001646,WALL-0078895,MERCH-00158,PM-04,DEV-02,2024-01-02 12:19:38,156.79,3.1357,7.8393,15,Success,Purchase,Bago,MMK,False
TXN-20240102-0001647,WALL-0056827,MERCH-00017,PM-02,DEV-01,2024-01-02 04:47:57,15.35,0.0307,0.307,1,Success,Purchase,Mumbai,INR,False
TXN-20240102-0001648,WALL-0135093,MERCH-00229,PM-01,DEV-01,2024-01-02 19:33:33,27.6,0.0,0.0,2,Success,Purchase,Mandalay,MMK,False
TXN-20240102-0001649,WALL-0091265,MERCH-00228,PM-04,DEV-01,2024-01-02 17:55:22,22.24,0.4447,0.0,2,Success,Purchase,Bangalore,INR,False
TXN-20240102-0001650,WALL-0050565,MERCH-00468,PM-04,DEV-01,2024-01-02 15:42:40,50.0,1.0,0.0,5,Success,Payment,Mawlamyine,MMK,False
TXN-20240102-0001651,WALL-0031199,MERCH-00091,PM-01,DEV-02,2024-01-02 23:56:13,117.43,0.0,0.0,11,Success,Purchase,Penang,INR,False
TXN-20240102-0001652,WALL-0018864,MERCH-00210,PM-03,DEV-02,2024-01-02 17:39:37,11.76,0.0941,0.0,1,Success,Purchase,Johor Bahru,MYR,False
TXN-20240102-0001653,WALL-0087211,MERCH-00330,PM-04,DEV-01,2024-01-02 12:53:13,85.33,1.7066,0.0,8,Success,Bill Payment,Kandy,INR,False
TXN-20240102-0001654,WALL-0003692,MERCH-00098,PM-04,DEV-03,2024-01-02 21:26:20,42.79,0.8558,0.0,4,Success,Purchase,Phuket,THB,False
TXN-20240102-0001655,WALL-0130547,MERCH-00152,PM-01,DEV-01,2024-01-02 18:33:07,85.08,0.0,4.254,8,Success,Purchase,Kolkata,INR,False
TXN-20240102-0001656,WALL-0018420,MERCH-00378,PM-04,DEV-03,2024-01-02 14:12:30,116.3,2.3259,0.0,11,Success,Purchase,Colombo,LKR,False
TXN-20240102-0001657,WALL-0012202,MERCH-00449,PM-01,DEV-02,2024-01-02 16:56:33,418.45,0.0,0.0,41,Success,Tax Payment,Phnom Penh,INR,False
TXN-20240102-0001658,WALL-0009807,MERCH-00126,PM-01,DEV-01,2024-01-02 21:24:06,71.91,0.0,0.0,7,Success,Purchase,Jakarta,IDR,False
TXN-20240102-0001659,WALL-0049369,MERCH-00360,PM-01,DEV-05,2024-01-02 20:31:12,63.17,0.0,0.0,0,Failed,Bill Payment,Pathein,MMK,False
TXN-20240102-0001660,WALL-0077810,MERCH-00136,PM-01,DEV-01,2024-01-02 18:40:04,94.67,0.0,4.7335,9,Success,Purchase,Lahore,PKR,False
TXN-20240102-0001661,WALL-0014253,MERCH-00033,PM-02,DEV-01,2024-01-02 20:06:05,45.73,0.0915,0.9146,4,Success,Purchase,Yangon,MMK,False
TXN-20240102-0001662,WALL-0085717,MERCH-00235,PM-02,DEV-01,2024-01-02 16:52:52,51.25,0.1025,0.0,5,Success,Subscription,Pune,INR,False
TXN-20240102-0001663,WALL-0118330,MERCH-00204,PM-04,DEV-02,2024-01-02 17:48:25,12.42,0.2485,0.0,1,Success,Purchase,Hyderabad,INR,False
TXN-20240102-0001664,WALL-0074004,MERCH-00201,PM-05,DEV-01,2024-01-02 09:47:13,5.86,0.0,0.0,0,Success,Purchase,Bago,MMK,False
TXN-20240102-0001665,WALL-0052116,MERCH-00298,PM-04,DEV-01,2024-01-02 14:51:33,1306.19,26.1237,104.495,261,Success,Purchase,Mandalay,MMK,False
TXN-20240102-0001666,WALL-0000778,MERCH-00430,PM-03,DEV-03,2024-01-02 19:01:32,25.5,0.204,0.0,2,Success,Payment,Siem Reap,KHR,False
TXN-20240102-0001667,WALL-0059639,MERCH-00239,PM-01,DEV-01,2024-01-02 12:09:45,12.58,0.0,0.0,1,Success,Subscription,Yangon,MMK,False
TXN-20240102-0001668,WALL-0110094,MERCH-00105,PM-01,DEV-02,2024-01-02 09:09:04,119.26,0.0,0.0,11,Success,Purchase,Pokhara,THB,False
TXN-20240102-0001669,WALL-0056110,MERCH-00361,PM-03,DEV-03,2024-01-02 14:25:48,21.79,0.1744,0.0,2,Success,Bill Payment,Chiang Mai,THB,False
TXN-20240102-0001670,WALL-0084850,MERCH-00383,PM-04,DEV-01,2024-01-02 09:25:00,75.84,1.5167,0.0,7,Success,Purchase,Mandalay,MMK,False
TXN-20240102-0001671,WALL-0141503,MERCH-00270,PM-01,DEV-01,2024-01-02 22:49:14,5.25,0.0,0.0,0,Failed,Subscription,Naypyidaw,MMK,False
TXN-20240102-0001672,WALL-0031906,MERCH-00066,PM-01,DEV-03,2024-01-02 01:44:13,17.09,0.0,0.3417,1,Success,Purchase,Taunggyi,MMK,False
TXN-20240102-0001673,WALL-0106914,MERCH-00085,PM-01,DEV-01,2024-01-02 03:27:08,38.27,0.0,0.0,3,Success,Purchase,Yangon,MMK,False
TXN-20240102-0001674,WALL-0077242,MERCH-00022,PM-01,DEV-01,2024-01-02 17:22:31,12.33,0.0,0.2465,1,Success,Purchase,Manila,PHP,False
TXN-20240102-0001675,WALL-0130122,MERCH-00224,PM-03,DEV-02,2024-01-02 19:58:25,6.69,0.0535,0.0,0,Success,Purchase,Bali,IDR,False
TXN-20240102-0001676,WALL-0082937,MERCH-00104,PM-01,DEV-01,2024-01-02 12:54:19,103.42,0.0,0.0,10,Success,Purchase,Bali,LKR,False
TXN-20240102-0001677,WALL-0014769,MERCH-00213,PM-02,DEV-01,2024-01-02 14:18:22,13.38,0.0268,0.0,1,Success,Purchase,Yangon,MMK,False
TXN-20240102-0001678,WALL-0073342,MERCH-00010,PM-05,DEV-01,2024-01-02 15:25:19,8.24,0.0,0.1648,0,Success,Purchase,Siem Reap,KHR,False
TXN-20240102-0001679,WALL-0051747,MERCH-00175,PM-01,DEV-01,2024-01-02 21:28:20,53.89,0.0,2.6946,5,Success,Purchase,Naypyidaw,MMK,False
TXN-20240102-0001680,WALL-0084244,MERCH-00011,PM-04,DEV-02,2024-01-02 13:33:49,21.17,0.4233,0.4233,2,Success,Purchase,Jaipur,INR,False
TXN-20240102-0001681,WALL-0083342,MERCH-00378,PM-01,DEV-01,2024-01-02 20:02:46,81.92,0.0,0.0,8,Success,Purchase,Mandalay,MMK,False
TXN-20240102-0001682,WALL-0103065,MERCH-00298,PM-03,DEV-03,2024-01-02 20:50:50,1315.64,10.5251,105.2513,263,Success,Purchase,Medan,IDR,False
TXN-20240102-0001683,WALL-0039705,MERCH-00221,PM-04,DEV-03,2024-01-02 22:40:59,19.82,0.3965,0.0,1,Success,Purchase,Myitkyina,MMK,False
TXN-20240102-0001684,WALL-0073315,MERCH-00441,PM-01,DEV-03,2024-01-02 20:03:22,162.04,0.0,0.0,16,Success,Tax Payment,Jaipur,INR,False
TXN-20240102-0001685,WALL-0008153,MERCH-00089,PM-01,DEV-01,2024-01-02 15:49:50,27.61,0.0,0.0,2,Success,Purchase,Mawlamyine,MMK,False
TXN-20240102-0001686,WALL-0020840,MERCH-00222,PM-04,DEV-02,2024-01-02 20:30:28,23.83,0.4767,0.0,2,Success,Purchase,Phuket,THB,False
TXN-20240102-0001687,WALL-0007889,MERCH-00210,PM-01,DEV-01,2024-01-02 14:09:40,19.02,0.0,0.0,1,Success,Purchase,Chennai,LKR,False
TXN-20240102-0001688,WALL-0017831,MERCH-00292,PM-01,DEV-01,2024-01-02 15:31:42,148.52,0.0,11.8819,29,Success,Purchase,Mawlamyine,MMK,False
TXN-20240102-0001689,WALL-0110566,MERCH-00288,PM-02,DEV-01,2024-01-02 02:23:18,100.0,0.2,8.0,20,Success,Purchase,Mandalay,MMK,False
TXN-20240102-0001690,WALL-0072289,MERCH-00010,PM-02,DEV-01,2024-01-02 04:02:17,5.0,0.01,0.1,0,Success,Purchase,Mandalay,MMK,False
TXN-20240102-0001691,WALL-0045869,MERCH-00214,PM-02,DEV-05,2024-01-02 13:52:41,11.49,0.023,0.0,1,Success,Purchase,Medan,IDR,False
TXN-20240102-0001692,WALL-0034618,MERCH-00237,PM-03,DEV-01,2024-01-02 20:17:15,27.49,0.2199,0.0,2,Success,Subscription,Kolkata,INR,False
TXN-20240102-0001693,WALL-0101693,MERCH-00070,PM-02,DEV-01,2024-01-02 16:13:53,43.41,0.0868,0.8682,4,Success,Purchase,Bago,MMK,False
TXN-20240102-0001694,WALL-0056565,MERCH-00047,PM-05,DEV-01,2024-01-02 01:20:30,25.38,0.0,0.5076,2,Success,Purchase,Delhi,INR,False
TXN-20240102-0001695,WALL-0139331,MERCH-00404,PM-01,DEV-05,2024-01-02 16:06:02,44.29,0.0,0.0,4,Success,Payment,Ahmedabad,MMK,False
TXN-20240102-0001696,WALL-0071648,MERCH-00443,PM-01,DEV-01,2024-01-02 12:19:41,780.92,0.0,0.0,78,Success,Tax Payment,Mandalay,MMK,False
TXN-20240102-0001697,WALL-0065796,MERCH-00051,PM-04,DEV-03,2024-01-02 21:17:24,24.21,0.4841,0.4841,2,Success,Purchase,Mandalay,MMK,False
TXN-20240102-0001698,WALL-0105780,MERCH-00397,PM-01,DEV-01,2024-01-02 15:36:44,104.59,0.0,0.0,10,Success,Purchase,Chennai,INR,False
TXN-20240102-0001699,WALL-0055071,MERCH-00057,PM-01,DEV-01,2024-01-02 15:51:13,13.19,0.0,0.2638,1,Success,Purchase,Mandalay,MMK,False
TXN-20240102-0001700,WALL-0139532,MERCH-00198,PM-01,DEV-01,2024-01-02 12:31:57,6.02,0.0,0.0,0,Success,Purchase,Lahore,PKR,False
TXN-20240102-0001701,WALL-0000677,MERCH-00395,PM-02,DEV-03,2024-01-02 16:34:27,40.53,0.0811,0.0,4,Success,Purchase,Bago,MMK,False
TXN-20240102-0001702,WALL-0113610,MERCH-00395,PM-05,DEV-01,2024-01-02 03:11:30,65.35,0.0,0.0,6,Success,Purchase,Kuala Lumpur,MYR,False
TXN-20240102-0001703,WALL-0146339,MERCH-00283,PM-01,DEV-01,2024-01-02 14:49:28,363.15,0.0,29.0519,72,Success,Purchase,Islamabad,PKR,False
TXN-20240102-0001704,WALL-0079437,MERCH-00236,PM-03,DEV-01,2024-01-02 01:57:32,16.34,0.1307,0.0,1,Success,Subscription,Mandalay,MMK,False
TXN-20240102-0001705,WALL-0111076,MERCH-00113,PM-04,DEV-01,2024-01-02 13:06:57,54.05,1.081,0.0,5,Success,Purchase,Bago,MMK,False
TXN-20240102-0001706,WALL-0107900,MERCH-00093,PM-01,DEV-02,2024-01-02 03:37:01,33.41,0.0,0.0,3,Success,Purchase,Mawlamyine,MMK,False
TXN-20240102-0001707,WALL-0126423,MERCH-00353,PM-02,DEV-02,2024-01-02 06:41:49,74.61,0.1492,0.0,7,Success,Bill Payment,Myitkyina,MMK,False
TXN-20240102-0001708,WALL-0040429,MERCH-00057,PM-01,DEV-01,2024-01-02 12:03:56,19.27,0.0,0.3854,1,Success,Purchase,Pokhara,NPR,False
TXN-20240102-0001709,WALL-0121562,MERCH-00003,PM-01,DEV-01,2024-01-02 13:08:55,61.96,0.0,1.2392,6,Success,Purchase,Mawlamyine,MMK,False
TXN-20240102-0001710,WALL-0055545,MERCH-00146,PM-01,DEV-01,2024-01-02 21:30:41,20.0,0.0,1.0,2,Success,Purchase,Bangkok,THB,False
TXN-20240102-0001711,WALL-0020029,MERCH-00242,PM-04,DEV-02,2024-01-02 12:01:35,6.8,0.1361,0.0,0,Success,Subscription,Kuala Lumpur,MYR,False
TXN-20240102-0001712,WALL-0120286,MERCH-00148,PM-01,DEV-02,2024-01-02 09:30:47,69.42,0.0,3.4711,6,Success,Purchase,Hyderabad,MMK,False
TXN-20240102-0001713,WALL-0074791,MERCH-00041,PM-03,DEV-03,2024-01-02 20:55:52,38.9,0.3112,0.778,3,Success,Purchase,Pattaya,THB,False
TXN-20240102-0001714,WALL-0012390,MERCH-00362,PM-01,DEV-01,2024-01-02 13:02:28,103.58,0.0,0.0,10,Success,Bill Payment,Mawlamyine,MMK,False
TXN-20240102-0001715,WALL-0093855,MERCH-00276,PM-05,DEV-05,2024-01-02 14:27:53,100.0,0.0,8.0,20,Success,Purchase,Myitkyina,MMK,False
TXN-20240102-0001716,WALL-0133242,MERCH-00207,PM-01,DEV-01,2024-01-02 13:09:43,14.64,0.0,0.0,1,Success,Purchase,Kathmandu,NPR,False
TXN-20240102-0001717,WALL-0020285,MERCH-00354,PM-01,DEV-02,2024-01-02 15:56:14,48.0,0.0,0.0,4,Success,Bill Payment,Chittagong,BDT,False
TXN-20240102-0001718,WALL-0089903,MERCH-00311,PM-04,DEV-01,2024-01-02 21:08:08,102.76,2.0551,0.0,10,Success,Bill Payment,Mandalay,MMK,False
TXN-20240102-0001719,WALL-0063759,MERCH-00336,PM-04,DEV-01,2024-01-02 16:14:44,64.78,1.2956,0.0,6,Success,Bill Payment,Bago,MMK,False
TXN-20240102-0001720,WALL-0118371,MERCH-00118,PM-02,DEV-01,2024-01-02 14:23:40,42.59,0.0852,0.0,4,Success,Purchase,Yangon,MMK,False
TXN-20240102-0001721,WALL-0074597,MERCH-00035,PM-01,DEV-05,2024-01-02 20:15:13,20.13,0.0,0.4027,2,Success,Purchase,Jaipur,INR,False
TXN-20240102-0001722,WALL-0094416,MERCH-00319,PM-01,DEV-02,2024-01-02 20:07:49,23.31,0.0,0.0,2,Success,Bill Payment,Bago,MMK,False
TXN-20240102-0001723,WALL-0048535,MERCH-00494,PM-01,DEV-04,2024-01-02 16:05:27,268.56,0.0,0.0,26,Success,Payment,Penang,MYR,False
TXN-20240102-0001724,WALL-0064878,MERCH-00110,PM-02,DEV-05,2024-01-02 08:17:33,83.06,0.1661,0.0,8,Success,Purchase,Islamabad,MMK,False
TXN-20240102-0001725,WALL-0108327,MERCH-00480,PM-01,DEV-04,2024-01-02 17:33:48,50.0,0.0,0.0,5,Success,Payment,Hanoi,VND,False
TXN-20240102-0001726,WALL-0042684,MERCH-00329,PM-03,DEV-03,2024-01-02 15:10:57,63.44,0.5075,0.0,6,Success,Bill Payment,Bago,MMK,False
TXN-20240102-0001727,WALL-0029597,MERCH-00132,PM-04,DEV-02,2024-01-02 18:25:04,176.1,3.522,8.805,17,Success,Purchase,Kandy,LKR,False
TXN-20240102-0001728,WALL-0013516,MERCH-00208,PM-03,DEV-03,2024-01-02 17:39:42,45.07,0.3606,0.0,4,Success,Purchase,Bali,IDR,False
TXN-20240102-0001729,WALL-0050794,MERCH-00007,PM-02,DEV-03,2024-01-02 19:30:12,38.55,0.0771,0.7711,3,Success,Purchase,Kuala Lumpur,MMK,False
TXN-20240102-0001730,WALL-0122231,MERCH-00160,PM-05,DEV-01,2024-01-02 08:11:22,114.26,0.0,5.7132,11,Success,Purchase,Pathein,MMK,False
TXN-20240102-0001731,WALL-0013218,MERCH-00141,PM-01,DEV-01,2024-01-02 21:53:54,58.29,0.0,2.9145,5,Success,Purchase,Yangon,MMK,False
TXN-20240102-0001732,WALL-0041646,MERCH-00298,PM-01,DEV-03,2024-01-02 12:26:09,977.9,0.0,78.2321,195,Success,Purchase,Pathein,MMK,False
TXN-20240102-0001733,WALL-0047945,MERCH-00302,PM-01,DEV-01,2024-01-02 02:53:31,418.9,0.0,33.5121,83,Success,Purchase,Bago,MMK,False
TXN-20240102-0001734,WALL-0113253,MERCH-00039,PM-01,DEV-01,2024-01-02 11:03:18,16.19,0.0,0.3238,1,Success,Purchase,Bangalore,INR,False
TXN-20240102-0001735,WALL-0047862,MERCH-00067,PM-04,DEV-03,2024-01-02 12:46:30,56.66,1.1332,1.1332,5,Success,Purchase,Johor Bahru,INR,False
TXN-20240102-0001736,WALL-0020452,MERCH-00411,PM-02,DEV-04,2024-01-02 12:59:47,63.31,0.1266,0.0,6,Success,Payment,Surabaya,PHP,False
TXN-20240102-0001737,WALL-0052585,MERCH-00247,PM-01,DEV-01,2024-01-02 14:54:05,38.49,0.0,0.0,3,Success,Subscription,Yangon,MMK,False
TXN-20240102-0001738,WALL-0028173,MERCH-00170,PM-04,DEV-03,2024-01-02 16:35:50,259.66,5.1931,12.9828,25,Success,Purchase,Mumbai,INR,False
TXN-20240102-0001739,WALL-0043982,MERCH-00121,PM-01,DEV-01,2024-01-02 09:37:43,78.49,0.0,0.0,7,Success,Purchase,Cebu City,MMK,False
TXN-20240102-0001740,WALL-0102750,MERCH-00071,PM-01,DEV-01,2024-01-02 08:43:57,8.63,0.0,0.1726,0,Success,Purchase,Mandalay,MMK,False
TXN-20240102-0001741,WALL-0099017,MERCH-00009,PM-02,DEV-01,2024-01-02 16:09:50,30.79,0.0616,0.6158,3,Success,Purchase,Taunggyi,MMK,False
TXN-20240102-0001742,WALL-0118051,MERCH-00070,PM-02,DEV-01,2024-01-02 13:09:11,26.11,0.0522,0.5222,2,Success,Purchase,Pattaya,THB,False
TXN-20240102-0001743,WALL-0108423,MERCH-00312,PM-01,DEV-01,2024-01-02 16:38:53,20.0,0.0,0.0,2,Success,Bill Payment,Phnom Penh,KHR,False
TXN-20240102-0001744,WALL-0089386,MERCH-00175,PM-04,DEV-03,2024-01-02 12:16:30,39.3,0.7859,1.9648,3,Success,Purchase,Bali,IDR,False
TXN-20240102-0001745,WALL-0053863,MERCH-00378,PM-01,DEV-02,2024-01-02 00:53:05,25.0,0.0,0.0,2,Success,Purchase,Bago,MMK,False
TXN-20240102-0001746,WALL-0102509,MERCH-00415,PM-02,DEV-02,2024-01-02 08:34:54,113.08,0.2262,0.0,11,Success,Payment,Mandalay,IDR,False
TXN-20240102-0001747,WALL-0023636,MERCH-00062,PM-04,DEV-01,2024-01-02 09:53:26,14.89,0.2978,0.2978,1,Success,Purchase,Pathein,MMK,False
TXN-20240102-0001748,WALL-0034865,MERCH-00353,PM-01,DEV-01,2024-01-02 10:16:26,42.54,0.0,0.0,4,Success,Bill Payment,Bago,MMK,False
TXN-20240102-0001749,WALL-0127543,MERCH-00014,PM-04,DEV-01,2024-01-02 07:48:14,10.19,0.2038,0.2038,1,Success,Purchase,Taunggyi,MMK,False
TXN-20240102-0001750,WALL-0128308,MERCH-00255,PM-03,DEV-03,2024-01-02 18:52:55,14.69,0.1176,0.0,1,Success,Subscription,Pathein,MMK,False
TXN-20240102-0001751,WALL-0122133,MERCH-00238,PM-02,DEV-03,2024-01-02 16:30:43,18.14,0.0363,0.0,1,Success,Subscription,Pattaya,MMK,False
TXN-20240102-0001752,WALL-0108442,MERCH-00299,PM-02,DEV-01,2024-01-02 09:22:22,247.32,0.4946,19.7855,49,Success,Purchase,Pathein,MMK,False
TXN-20240102-0001753,WALL-0017303,MERCH-00355,PM-03,DEV-02,2024-01-02 21:11:21,25.82,0.2065,0.0,2,Success,Bill Payment,Naypyidaw,MMK,False
TXN-20240102-0001754,WALL-0092543,MERCH-00113,PM-02,DEV-02,2024-01-02 21:10:35,97.73,0.1955,0.0,9,Success,Purchase,Karachi,PKR,False
TXN-20240102-0001755,WALL-0086674,MERCH-00165,PM-04,DEV-01,2024-01-02 21:02:25,25.82,0.5164,1.2909,2,Success,Purchase,Bandung,IDR,False
TXN-20240102-0001756,WALL-0044826,MERCH-00354,PM-03,DEV-03,2024-01-02 23:52:36,21.58,0.1726,0.0,2,Success,Bill Payment,Phnom Penh,KHR,False
TXN-20240102-0001757,WALL-0067823,MERCH-00242,PM-02,DEV-01,2024-01-02 14:48:27,31.4,0.0628,0.0,3,Success,Subscription,Mandalay,MMK,False
TXN-20240102-0001758,WALL-0018942,MERCH-00205,PM-05,DEV-01,2024-01-02 10:50:59,12.87,0.0,0.0,1,Success,Purchase,Quezon City,PHP,False
TXN-20240102-0001759,WALL-0134877,MERCH-00021,PM-01,DEV-01,2024-01-02 18:01:33,8.26,0.0,0.1651,0,Success,Purchase,Pune,INR,False
TXN-20240102-0001760,WALL-0093965,MERCH-00316,PM-01,DEV-01,2024-01-02 13:29:41,26.14,0.0,0.0,2,Success,Bill Payment,Kolkata,INR,False
TXN-20240102-0001761,WALL-0140394,MERCH-00035,PM-01,DEV-01,2024-01-02 18:52:55,21.11,0.0,0.4222,2,Success,Purchase,Mandalay,MMK,False
TXN-20240102-0001762,WALL-0104855,MERCH-00470,PM-05,DEV-01,2024-01-02 08:27:53,92.64,0.0,0.0,9,Success,Payment,Kandy,LKR,False
TXN-20240102-0001763,WALL-0071640,MERCH-00073,PM-02,DEV-01,2024-01-02 13:33:18,9.36,0.0187,0.1872,0,Success,Purchase,Myitkyina,MMK,False
TXN-20240102-0001764,WALL-0118215,MERCH-00254,PM-01,DEV-03,2024-01-02 19:51:08,9.02,0.0,0.0,0,Success,Subscription,Karachi,PKR,False
TXN-20240102-0001765,WALL-0011562,MERCH-00257,PM-04,DEV-02,2024-01-02 13:22:54,7.37,0.1474,0.0,0,Failed,Subscription,Delhi,INR,False
TXN-20240102-0001766,WALL-0094661,MERCH-00358,PM-02,DEV-01,2024-01-02 16:31:30,63.8,0.1276,0.0,6,Success,Bill Payment,Jaipur,LKR,False
TXN-20240102-0001767,WALL-0075060,MERCH-00345,PM-05,DEV-01,2024-01-02 17:38:59,25.31,0.0,0.0,2,Success,Bill Payment,Bandung,IDR,False
TXN-20240102-0001768,WALL-0129027,MERCH-00008,PM-02,DEV-02,2024-01-02 19:25:03,20.23,0.0405,0.4045,2,Success,Purchase,Yangon,MMK,False
TXN-20240102-0001769,WALL-0078005,MERCH-00430,PM-02,DEV-01,2024-01-02 21:49:39,36.44,0.0729,0.0,3,Success,Payment,Kandy,LKR,False
TXN-20240102-0001770,WALL-0015021,MERCH-00434,PM-03,DEV-03,2024-01-02 14:56:28,75.14,0.6011,0.0,7,Success,Tax Payment,Mandalay,MMK,False
TXN-20240102-0001771,WALL-0023587,MERCH-00391,PM-02,DEV-01,2024-01-02 09:18:01,123.79,0.2476,0.0,12,Success,Purchase,Ahmedabad,IDR,False
TXN-20240102-0001772,WALL-0127034,MERCH-00033,PM-03,DEV-04,2024-01-02 20:56:46,14.79,0.1183,0.2957,1,Success,Purchase,Myitkyina,MMK,False
TXN-20240102-0001773,WALL-0073552,MERCH-00055,PM-01,DEV-02,2024-01-02 16:26:16,71.19,0.0,1.4238,7,Success,Purchase,Lahore,INR,False
TXN-20240102-0001774,WALL-0132128,MERCH-00052,PM-02,DEV-01,2024-01-02 20:01:04,16.05,0.0321,0.3211,1,Success,Purchase,Chennai,INR,False
TXN-20240102-0001775,WALL-0017815,MERCH-00109,PM-01,DEV-01,2024-01-02 20:45:39,107.86,0.0,0.0,10,Success,Purchase,Phuket,THB,False
TXN-20240102-0001776,WALL-0103484,MERCH-00171,PM-01,DEV-03,2024-01-02 13:48:54,70.64,0.0,3.5321,7,Success,Purchase,Mandalay,MMK,False
TXN-20240102-0001777,WALL-0145365,MERCH-00396,PM-01,DEV-02,2024-01-02 19:59:11,44.56,0.0,0.0,4,Success,Purchase,Mawlamyine,MMK,False
TXN-20240102-0001778,WALL-0083523,MERCH-00329,PM-05,DEV-01,2024-01-02 12:34:23,71.17,0.0,0.0,7,Success,Bill Payment,Islamabad,MMK,False
TXN-20240102-0001779,WALL-0085704,MERCH-00353,PM-02,DEV-02,2024-01-02 12:19:46,17.29,0.0346,0.0,1,Success,Bill Payment,Naypyidaw,MMK,False
TXN-20240102-0001780,WALL-0079807,MERCH-00197,PM-02,DEV-01,2024-01-02 10:04:18,22.48,0.045,0.0,2,Success,Purchase,Chiang Mai,THB,False
TXN-20240102-0001781,WALL-0009580,MERCH-00429,PM-01,DEV-02,2024-01-02 07:22:06,25.4,0.0,0.0,2,Success,Payment,Taunggyi,MMK,False
TXN-20240102-0001782,WALL-0059692,MERCH-00133,PM-01,DEV-03,2024-01-02 15:18:23,96.77,0.0,4.8385,9,Success,Purchase,Myitkyina,VND,False
TXN-20240102-0001783,WALL-0077918,MERCH-00033,PM-01,DEV-03,2024-01-02 19:23:28,9.84,0.0,0.1968,0,Success,Purchase,Mandalay,MMK,False
TXN-20240102-0001784,WALL-0130317,MERCH-00044,PM-04,DEV-01,2024-01-02 16:11:22,31.09,0.6217,0.6217,3,Success,Purchase,Phnom Penh,KHR,False
TXN-20240102-0001785,WALL-0054002,MERCH-00030,PM-02,DEV-03,2024-01-02 18:55:21,6.73,0.0135,0.1345,0,Success,Purchase,Chiang Mai,THB,False
TXN-20240102-0001786,WALL-0046412,MERCH-00008,PM-02,DEV-05,2024-01-02 18:04:18,12.44,0.0249,0.2489,1,Success,Purchase,Mandalay,MMK,False
TXN-20240102-0001787,WALL-0040869,MERCH-00072,PM-01,DEV-01,2024-01-02 12:23:50,21.14,0.0,0.4228,2,Success,Purchase,Pokhara,NPR,False
TXN-20240102-0001788,WALL-0063054,MERCH-00229,PM-01,DEV-01,2024-01-02 18:51:29,6.25,0.0,0.0,0,Success,Purchase,Naypyidaw,MMK,False
TXN-20240102-0001789,WALL-0142899,MERCH-00123,PM-01,DEV-05,2024-01-02 17:53:44,19.16,0.0,0.0,1,Success,Purchase,Islamabad,PKR,False
TXN-20240102-0001790,WALL-0102910,MERCH-00047,PM-02,DEV-01,2024-01-02 17:12:37,8.83,0.0177,0.1766,0,Success,Purchase,Pathein,MMK,False
TXN-20240102-0001791,WALL-0089398,MERCH-00035,PM-02,DEV-05,2024-01-02 17:41:45,27.97,0.0559,0.5594,2,Success,Purchase,Jakarta,MYR,False
TXN-20240102-0001792,WALL-0000247,MERCH-00006,PM-02,DEV-02,2024-01-02 14:08:31,7.68,0.0154,0.0,0,Failed,Purchase,Jakarta,IDR,False
TXN-20240102-0001793,WALL-0055084,MERCH-00243,PM-04,DEV-04,2024-01-02 19:31:16,11.97,0.2395,0.0,1,Success,Subscription,Mawlamyine,MMK,False
TXN-20240102-0001794,WALL-0137553,MERCH-00310,PM-02,DEV-01,2024-01-02 11:27:31,262.71,0.5254,21.0164,52,Success,Purchase,Myitkyina,MMK,False
TXN-20240102-0001795,WALL-0138609,MERCH-00095,PM-01,DEV-01,2024-01-02 16:55:56,41.96,0.0,0.0,4,Success,Purchase,Bago,MMK,False
TXN-20240102-0001796,WALL-0010059,MERCH-00397,PM-02,DEV-05,2024-01-02 21:28:23,60.69,0.1214,0.0,6,Success,Purchase,Mumbai,INR,False
TXN-20240102-0001797,WALL-0037676,MERCH-00035,PM-01,DEV-03,2024-01-02 13:52:20,21.47,0.0,0.4294,2,Success,Purchase,Jakarta,IDR,False
TXN-20240102-0001798,WALL-0128844,MERCH-00146,PM-01,DEV-01,2024-01-02 15:48:00,117.01,0.0,5.8503,11,Success,Purchase,Dhaka,BDT,False
TXN-20240102-0001799,WALL-0100781,MERCH-00261,PM-04,DEV-01,2024-01-02 12:58:34,15.35,0.3069,0.0,1,Success,Subscription,Mandalay,MMK,False
TXN-20240102-0001800,WALL-0050593,MERCH-00032,PM-05,DEV-01,2024-01-02 12:46:37,15.73,0.0,0.3145,1,Success,Purchase,Manila,PHP,False
TXN-20240102-0001801,WALL-0147681,MERCH-00022,PM-02,DEV-01,2024-01-02 11:21:23,8.94,0.0179,0.1788,0,Success,Purchase,Khon Kaen,THB,False
TXN-20240102-0001802,WALL-0009832,MERCH-00204,PM-01,DEV-03,2024-01-02 22:33:45,15.46,0.0,0.0,1,Success,Purchase,Chennai,INR,False
TXN-20240102-0001803,WALL-0086515,MERCH-00098,PM-04,DEV-02,2024-01-02 09:47:17,23.42,0.4685,0.0,2,Success,Purchase,Myitkyina,MMK,False
TXN-20240102-0001804,WALL-0136815,MERCH-00083,PM-02,DEV-03,2024-01-02 20:06:10,61.29,0.1226,0.0,6,Success,Purchase,Kathmandu,NPR,False
TXN-20240102-0001805,WALL-0089000,MERCH-00224,PM-01,DEV-03,2024-01-02 14:37:14,11.73,0.0,0.0,1,Success,Purchase,Bago,MMK,False
TXN-20240102-0001806,WALL-0058255,MERCH-00165,PM-03,DEV-01,2024-01-02 04:28:23,139.97,1.1198,6.9985,13,Success,Purchase,Karachi,PKR,False
TXN-20240102-0001807,WALL-0129877,MERCH-00002,PM-01,DEV-01,2024-01-02 13:42:38,56.54,0.0,1.1308,5,Success,Purchase,Dhaka,BDT,False
TXN-20240102-0001808,WALL-0130331,MERCH-00124,PM-04,DEV-01,2024-01-02 00:09:51,44.41,0.8883,0.0,4,Success,Purchase,Chittagong,LKR,False
TXN-20240102-0001809,WALL-0044808,MERCH-00261,PM-04,DEV-01,2024-01-02 05:25:15,6.72,0.1344,0.0,0,Success,Subscription,Bandung,IDR,False
TXN-20240102-0001810,WALL-0032036,MERCH-00417,PM-02,DEV-01,2024-01-02 14:50:28,84.61,0.1692,0.0,8,Success,Payment,Myitkyina,MMK,False
TXN-20240102-0001811,WALL-0124860,MERCH-00244,PM-02,DEV-01,2024-01-02 13:27:46,10.19,0.0204,0.0,1,Success,Subscription,Chittagong,BDT,False
TXN-20240102-0001812,WALL-0102933,MERCH-00321,PM-04,DEV-01,2024-01-02 20:43:12,66.17,1.3235,0.0,6,Success,Bill Payment,Mawlamyine,MMK,False
TXN-20240102-0001813,WALL-0112557,MERCH-00133,PM-01,DEV-04,2024-01-02 17:47:47,115.42,0.0,5.7712,11,Success,Purchase,Phuket,THB,False
TXN-20240102-0001814,WALL-0069355,MERCH-00015,PM-02,DEV-04,2024-01-02 20:12:02,20.09,0.0402,0.4018,2,Success,Purchase,Delhi,MMK,False
TXN-20240102-0001815,WALL-0005025,MERCH-00031,PM-01,DEV-01,2024-01-02 17:59:20,12.26,0.0,0.2453,1,Success,Purchase,Chittagong,BDT,False
TXN-20240102-0001816,WALL-0065594,MERCH-00211,PM-02,DEV-01,2024-01-02 19:40:31,20.73,0.0415,0.0,2,Success,Purchase,Bangkok,THB,False
TXN-20240102-0001817,WALL-0028939,MERCH-00356,PM-02,DEV-02,2024-01-02 15:51:09,32.83,0.0657,0.0,3,Success,Bill Payment,Davao,PHP,False
TXN-20240102-0001818,WALL-0102588,MERCH-00018,PM-01,DEV-01,2024-01-02 20:30:36,27.22,0.0,0.5444,2,Success,Purchase,Penang,THB,False
TXN-20240102-0001819,WALL-0095447,MERCH-00250,PM-02,DEV-01,2024-01-02 04:51:23,9.11,0.0182,0.0,0,Success,Subscription,Pathein,MMK,False
TXN-20240102-0001820,WALL-0004909,MERCH-00024,PM-03,DEV-02,2024-01-02 08:14:33,38.13,0.305,0.7626,3,Success,Purchase,Mumbai,INR,False
TXN-20240102-0001821,WALL-0074818,MERCH-00400,PM-01,DEV-01,2024-01-02 18:07:38,22.41,0.0,0.0,2,Success,Purchase,Mandalay,MMK,False
TXN-20240102-0001822,WALL-0048498,MERCH-00452,PM-01,DEV-01,2024-01-02 03:21:54,272.87,0.0,0.0,27,Success,Payment,Pathein,INR,False
TXN-20240102-0001823,WALL-0014357,MERCH-00040,PM-01,DEV-02,2024-01-02 13:02:28,6.86,0.0,0.1372,0,Success,Purchase,Bali,MMK,False
TXN-20240102-0001824,WALL-0099784,MERCH-00153,PM-01,DEV-02,2024-01-02 18:46:03,92.63,0.0,4.6316,9,Success,Purchase,Bandung,IDR,False
TXN-20240102-0001825,WALL-0051596,MERCH-00252,PM-04,DEV-03,2024-01-02 13:07:59,8.46,0.1691,0.0,0,Success,Subscription,Penang,MYR,False
TXN-20240102-0001826,WALL-0054461,MERCH-00061,PM-04,DEV-01,2024-01-02 16:42:06,16.8,0.3361,0.3361,1,Success,Purchase,Taunggyi,MMK,False
TXN-20240102-0001827,WALL-0054445,MERCH-00077,PM-02,DEV-05,2024-01-02 13:55:49,25.75,0.0515,0.5149,2,Success,Purchase,Chittagong,BDT,False
TXN-20240102-0001828,WALL-0081558,MERCH-00164,PM-03,DEV-05,2024-01-02 12:10:37,310.73,2.4858,15.5364,31,Success,Purchase,Manila,PHP,False
TXN-20240102-0001829,WALL-0136930,MERCH-00076,PM-01,DEV-02,2024-01-02 04:36:07,9.39,0.0,0.1878,0,Success,Purchase,Pathein,MMK,False
TXN-20240102-0001830,WALL-0107620,MERCH-00377,PM-02,DEV-01,2024-01-02 21:33:35,73.57,0.1471,0.0,7,Success,Purchase,Hanoi,VND,False
TXN-20240102-0001831,WALL-0115284,MERCH-00337,PM-01,DEV-02,2024-01-02 04:02:49,74.89,0.0,0.0,7,Success,Bill Payment,Myitkyina,MMK,False
TXN-20240102-0001832,WALL-0052971,MERCH-00062,PM-02,DEV-03,2024-01-02 17:25:50,23.62,0.0472,0.4724,2,Success,Purchase,Taunggyi,MMK,False
TXN-20240102-0001833,WALL-0016609,MERCH-00119,PM-01,DEV-02,2024-01-02 10:07:16,41.04,0.0,0.0,4,Success,Purchase,Kandy,INR,False
TXN-20240102-0001834,WALL-0053947,MERCH-00227,PM-01,DEV-02,2024-01-02 15:52:55,30.73,0.0,0.0,3,Success,Purchase,Quezon City,PHP,False
TXN-20240102-0001835,WALL-0115207,MERCH-00311,PM-04,DEV-01,2024-01-02 13:16:48,42.8,0.8561,0.0,4,Success,Bill Payment,Naypyidaw,MMK,False
TXN-20240102-0001836,WALL-0088885,MERCH-00385,PM-01,DEV-01,2024-01-02 15:07:33,54.66,0.0,0.0,5,Success,Purchase,Naypyidaw,MMK,False
TXN-20240102-0001837,WALL-0142714,MERCH-00353,PM-03,DEV-01,2024-01-02 16:39:47,23.13,0.1851,0.0,2,Success,Bill Payment,Taunggyi,MMK,False
TXN-20240102-0001838,WALL-0089036,MERCH-00057,PM-01,DEV-02,2024-01-02 06:55:04,15.56,0.0,0.3113,1,Success,Purchase,Mandalay,MMK,False
TXN-20240102-0001839,WALL-0047543,MERCH-00231,PM-01,DEV-01,2024-01-02 21:12:33,17.85,0.0,0.0,1,Success,Subscription,Quezon City,PHP,False
TXN-20240102-0001840,WALL-0124721,MERCH-00017,PM-01,DEV-04,2024-01-02 06:18:48,13.53,0.0,0.2706,1,Success,Purchase,Quezon City,PHP,False
TXN-20240102-0001841,WALL-0124943,MERCH-00434,PM-01,DEV-03,2024-01-02 11:03:10,275.09,0.0,0.0,27,Success,Tax Payment,Bandung,IDR,False
TXN-20240102-0001842,WALL-0074955,MERCH-00137,PM-01,DEV-03,2024-01-02 02:26:01,150.24,0.0,0.0,0,Failed,Purchase,Delhi,INR,False
TXN-20240102-0001843,WALL-0098574,MERCH-00394,PM-02,DEV-03,2024-01-02 09:28:56,44.31,0.0886,0.0,4,Success,Purchase,Mawlamyine,INR,False
TXN-20240102-0001844,WALL-0048551,MERCH-00225,PM-04,DEV-01,2024-01-02 16:18:16,31.68,0.6336,0.0,3,Success,Purchase,Jaipur,INR,False
TXN-20240102-0001845,WALL-0141891,MERCH-00378,PM-01,DEV-01,2024-01-02 14:18:57,64.0,0.0,0.0,6,Success,Purchase,Chittagong,BDT,False
TXN-20240102-0001846,WALL-0016290,MERCH-00117,PM-02,DEV-01,2024-01-02 01:30:59,10.22,0.0204,0.0,1,Success,Purchase,Bangalore,INR,False
TXN-20240102-0001847,WALL-0077372,MERCH-00084,PM-04,DEV-03,2024-01-02 17:23:59,59.22,1.1843,0.0,5,Success,Purchase,Yangon,MMK,False
TXN-20240102-0001848,WALL-0099227,MERCH-00276,PM-01,DEV-02,2024-01-02 19:21:50,100.0,0.0,0.0,0,Reversed,Purchase,Karachi,PKR,False
TXN-20240102-0001849,WALL-0004409,MERCH-00024,PM-02,DEV-01,2024-01-02 20:02:28,14.22,0.0284,0.2845,1,Success,Purchase,Kandy,LKR,False
TXN-20240102-0001850,WALL-0082935,MERCH-00230,PM-01,DEV-03,2024-01-02 08:27:07,9.18,0.0,0.0,0,Success,Purchase,Mawlamyine,MMK,False
TXN-20240102-0001851,WALL-0009208,MERCH-00162,PM-04,DEV-01,2024-01-02 15:52:53,170.12,3.4024,8.5059,17,Success,Purchase,Myitkyina,MMK,False
TXN-20240102-0001852,WALL-0041330,MERCH-00200,PM-03,DEV-01,2024-01-02 16:52:22,16.67,0.1334,0.0,1,Success,Purchase,Mawlamyine,MMK,False
TXN-20240102-0001853,WALL-0080612,MERCH-00314,PM-01,DEV-01,2024-01-02 14:29:57,60.17,0.0,0.0,6,Success,Bill Payment,Naypyidaw,MMK,False
TXN-20240102-0001854,WALL-0083161,MERCH-00351,PM-04,DEV-02,2024-01-02 18:15:30,46.57,0.9313,0.0,4,Success,Bill Payment,Chiang Mai,THB,False
TXN-20240102-0001855,WALL-0149428,MERCH-00408,PM-03,DEV-01,2024-01-02 12:39:29,207.12,1.6569,0.0,20,Success,Payment,Karachi,PKR,False
TXN-20240102-0001856,WALL-0075994,MERCH-00207,PM-01,DEV-01,2024-01-02 02:48:41,40.21,0.0,0.0,4,Success,Purchase,Kandy,LKR,False
TXN-20240102-0001857,WALL-0051264,MERCH-00225,PM-01,DEV-01,2024-01-02 11:01:42,5.97,0.0,0.0,0,Success,Purchase,Chiang Mai,THB,False
TXN-20240102-0001858,WALL-0018574,MERCH-00041,PM-02,DEV-03,2024-01-02 05:51:24,20.78,0.0416,0.4156,2,Success,Purchase,Mawlamyine,MMK,False
TXN-20240102-0001859,WALL-0133034,MERCH-00205,PM-01,DEV-01,2024-01-02 07:20:30,9.06,0.0,0.0,0,Success,Purchase,Kolkata,INR,False
TXN-20240102-0001860,WALL-0105139,MERCH-00053,PM-02,DEV-02,2024-01-02 19:18:08,6.03,0.0121,0.1206,0,Success,Purchase,Naypyidaw,MMK,False
TXN-20240102-0001861,WALL-0077654,MERCH-00270,PM-02,DEV-01,2024-01-02 09:06:07,5.22,0.0104,0.0,0,Success,Subscription,Bago,MMK,False
TXN-20240102-0001862,WALL-0061781,MERCH-00031,PM-02,DEV-04,2024-01-02 11:54:10,41.11,0.0822,0.8222,4,Success,Purchase,Bali,IDR,False
TXN-20240102-0001863,WALL-0095802,MERCH-00090,PM-01,DEV-01,2024-01-02 09:06:42,29.05,0.0,0.0,2,Success,Purchase,Hanoi,INR,False
TXN-20240102-0001864,WALL-0100288,MERCH-00217,PM-01,DEV-01,2024-01-02 13:45:25,9.95,0.0,0.0,0,Success,Purchase,Mumbai,INR,False
TXN-20240102-0001865,WALL-0098660,MERCH-00045,PM-03,DEV-01,2024-01-02 17:31:23,14.52,0.1162,0.2904,1,Success,Purchase,Phuket,THB,False
TXN-20240102-0001866,WALL-0130296,MERCH-00027,PM-01,DEV-01,2024-01-02 15:43:04,16.53,0.0,0.3307,1,Success,Purchase,Kuala Lumpur,MYR,False
TXN-20240102-0001867,WALL-0149059,MERCH-00033,PM-01,DEV-01,2024-01-02 13:00:37,9.7,0.0,0.194,0,Success,Purchase,Naypyidaw,MMK,False
TXN-20240102-0001868,WALL-0103163,MERCH-00295,PM-02,DEV-01,2024-01-02 00:26:28,100.0,0.2,8.0,20,Success,Purchase,Pathein,MMK,False
TXN-20240102-0001869,WALL-0059793,MERCH-00080,PM-04,DEV-01,2024-01-02 08:18:21,18.11,0.3621,0.3621,1,Success,Purchase,Mandalay,THB,False
TXN-20240102-0001870,WALL-0073134,MERCH-00081,PM-01,DEV-01,2024-01-02 21:16:36,163.03,0.0,0.0,16,Success,Purchase,Naypyidaw,MMK,False
TXN-20240102-0001871,WALL-0052513,MERCH-00382,PM-04,DEV-01,2024-01-02 12:47:13,63.57,1.2714,0.0,6,Success,Purchase,Bago,MMK,False
TXN-20240102-0001872,WALL-0108295,MERCH-00006,PM-03,DEV-01,2024-01-02 19:57:23,38.99,0.312,0.7799,3,Success,Purchase,Naypyidaw,MMK,False
TXN-20240102-0001873,WALL-0078168,MERCH-00009,PM-01,DEV-02,2024-01-02 21:08:17,12.7,0.0,0.254,1,Success,Purchase,Pathein,MMK,False
TXN-20240102-0001874,WALL-0143298,MERCH-00394,PM-01,DEV-02,2024-01-02 04:08:39,43.75,0.0,0.0,4,Success,Purchase,Pune,INR,False
TXN-20240102-0001875,WALL-0118365,MERCH-00203,PM-01,DEV-02,2024-01-02 11:20:09,21.62,0.0,0.0,2,Success,Purchase,Phnom Penh,KHR,False
TXN-20240102-0001876,WALL-0039352,MERCH-00130,PM-02,DEV-01,2024-01-02 16:00:08,112.23,0.2245,0.0,11,Success,Purchase,Bandung,IDR,False
TXN-20240102-0001877,WALL-0009733,MERCH-00191,PM-01,DEV-05,2024-01-02 09:00:31,8.68,0.0,0.0,0,Success,Purchase,Chiang Mai,THB,False
TXN-20240102-0001878,WALL-0063548,MERCH-00108,PM-01,DEV-01,2024-01-02 16:26:31,16.83,0.0,0.0,1,Success,Purchase,Ahmedabad,MMK,False
TXN-20240102-0001879,WALL-0118777,MERCH-00155,PM-03,DEV-02,2024-01-02 14:40:35,102.44,0.8195,0.0,0,Failed,Purchase,Pokhara,NPR,False
TXN-20240102-0001880,WALL-0002990,MERCH-00255,PM-01,DEV-01,2024-01-02 21:05:00,8.02,0.0,0.0,0,Success,Subscription,Surabaya,IDR,False
TXN-20240102-0001881,WALL-0019321,MERCH-00120,PM-01,DEV-04,2024-01-02 14:41:34,35.75,0.0,0.0,3,Success,Purchase,Pune,INR,False
TXN-20240102-0001882,WALL-0002882,MERCH-00024,PM-01,DEV-01,2024-01-02 18:29:42,52.62,0.0,1.0523,5,Success,Purchase,Mawlamyine,MMK,False
TXN-20240102-0001883,WALL-0085558,MERCH-00014,PM-05,DEV-01,2024-01-02 11:48:55,41.72,0.0,0.8344,4,Success,Purchase,Phuket,THB,False
TXN-20240102-0001884,WALL-0003749,MERCH-00154,PM-01,DEV-01,2024-01-02 21:15:33,157.59,0.0,7.8794,15,Success,Purchase,Kandy,LKR,False
TXN-20240102-0001885,WALL-0036522,MERCH-00094,PM-01,DEV-04,2024-01-02 14:47:28,27.0,0.0,0.0,2,Success,Purchase,Mandalay,MMK,False
TXN-20240102-0001886,WALL-0136815,MERCH-00159,PM-01,DEV-05,2024-01-02 17:26:53,93.85,0.0,4.6925,9,Success,Purchase,Kathmandu,NPR,False
TXN-20240102-0001887,WALL-0137618,MERCH-00253,PM-02,DEV-02,2024-01-02 19:08:52,21.38,0.0428,0.0,2,Success,Subscription,Bago,MMK,False
TXN-20240102-0001888,WALL-0092179,MERCH-00105,PM-01,DEV-01,2024-01-02 18:17:56,55.42,0.0,0.0,5,Success,Purchase,Myitkyina,MMK,False
TXN-20240102-0001889,WALL-0012657,MERCH-00245,PM-02,DEV-03,2024-01-02 21:09:22,20.55,0.0411,0.0,2,Success,Subscription,Lahore,PKR,False
TXN-20240102-0001890,WALL-0106594,MERCH-00441,PM-01,DEV-02,2024-01-02 15:34:30,75.39,0.0,0.0,7,Success,Tax Payment,Da Nang,VND,False
TXN-20240102-0001891,WALL-0110592,MERCH-00183,PM-01,DEV-01,2024-01-02 20:15:24,380.54,0.0,19.0269,38,Success,Purchase,Kathmandu,NPR,False
TXN-20240102-0001892,WALL-0085005,MERCH-00058,PM-02,DEV-01,2024-01-02 17:44:47,5.99,0.012,0.1198,0,Success,Purchase,Jakarta,IDR,False
TXN-20240102-0001893,WALL-0107471,MERCH-00176,PM-03,DEV-01,2024-01-02 17:07:49,37.98,0.3039,0.0,0,Failed,Purchase,Bandung,IDR,False
TXN-20240102-0001894,WALL-0037852,MERCH-00204,PM-02,DEV-01,2024-01-02 17:33:40,8.6,0.0172,0.0,0,Success,Purchase,Bangkok,THB,False
TXN-20240102-0001895,WALL-0077433,MERCH-00429,PM-04,DEV-03,2024-01-02 16:01:42,20.0,0.4,0.0,2,Success,Payment,Chennai,INR,False
TXN-20240102-0001896,WALL-0066368,MERCH-00005,PM-03,DEV-03,2024-01-02 20:51:04,10.96,0.0877,0.2191,1,Success,Purchase,Surabaya,IDR,False
TXN-20240102-0001897,WALL-0123258,MERCH-00316,PM-02,DEV-01,2024-01-02 11:02:02,44.48,0.089,0.0,4,Success,Bill Payment,Taunggyi,MMK,False
TXN-20240102-0001898,WALL-0123441,MERCH-00195,PM-04,DEV-01,2024-01-02 08:13:59,8.94,0.1788,0.0,0,Success,Purchase,Kolkata,THB,False
TXN-20240102-0001899,WALL-0014144,MERCH-00143,PM-01,DEV-01,2024-01-02 01:21:26,103.71,0.0,5.1856,10,Success,Purchase,Taunggyi,MMK,False
TXN-20240102-0001900,WALL-0091762,MERCH-00257,PM-02,DEV-03,2024-01-02 08:40:37,15.5,0.031,0.0,1,Success,Subscription,Kolkata,INR,False
TXN-20240102-0001901,WALL-0001290,MERCH-00336,PM-02,DEV-02,2024-01-02 08:14:48,32.65,0.0653,0.0,3,Success,Bill Payment,Bago,MMK,False
TXN-20240102-0001902,WALL-0129684,MERCH-00103,PM-01,DEV-03,2024-01-02 20:24:09,22.62,0.0,0.0,2,Success,Purchase,Pathein,MMK,False
TXN-20240102-0001903,WALL-0045045,MERCH-00046,PM-01,DEV-01,2024-01-02 09:49:57,24.76,0.0,0.4952,2,Success,Purchase,Colombo,LKR,False
TXN-20240102-0001904,WALL-0127108,MERCH-00066,PM-04,DEV-01,2024-01-02 15:34:18,33.69,0.6738,0.6738,3,Success,Purchase,Mawlamyine,MMK,False
TXN-20240102-0001905,WALL-0096932,MERCH-00418,PM-01,DEV-01,2024-01-02 14:10:04,153.77,0.0,0.0,15,Success,Payment,Lahore,PKR,False
TXN-20240102-0001906,WALL-0076946,MERCH-00177,PM-01,DEV-01,2024-01-02 16:45:41,51.78,0.0,2.5891,5,Success,Purchase,Medan,IDR,False
TXN-20240102-0001907,WALL-0061005,MERCH-00167,PM-02,DEV-01,2024-01-02 15:22:33,358.68,0.7174,17.9342,35,Success,Purchase,Da Nang,VND,False
TXN-20240102-0001908,WALL-0133730,MERCH-00131,PM-01,DEV-01,2024-01-02 16:18:40,49.15,0.0,2.4577,4,Success,Purchase,Mandalay,MMK,False
TXN-20240102-0001909,WALL-0130016,MERCH-00039,PM-01,DEV-01,2024-01-02 19:16:54,34.47,0.0,0.6894,3,Success,Purchase,Mandalay,MMK,False
TXN-20240102-0001910,WALL-0035065,MERCH-00089,PM-02,DEV-01,2024-01-02 14:21:22,11.74,0.0235,0.0,0,Failed,Purchase,Taunggyi,MMK,False
TXN-20240102-0001911,WALL-0011893,MERCH-00083,PM-02,DEV-05,2024-01-02 21:42:39,57.85,0.1157,0.0,5,Success,Purchase,Kolkata,INR,False
TXN-20240102-0001912,WALL-0107582,MERCH-00140,PM-05,DEV-01,2024-01-02 19:18:17,439.53,0.0,21.9763,43,Success,Purchase,Khon Kaen,THB,False
TXN-20240102-0001913,WALL-0067021,MERCH-00360,PM-01,DEV-01,2024-01-02 12:23:29,15.44,0.0,0.0,1,Success,Bill Payment,Phuket,THB,False
TXN-20240102-0001914,WALL-0052733,MERCH-00060,PM-01,DEV-01,2024-01-02 18:30:11,60.0,0.0,1.2,6,Success,Purchase,Khon Kaen,INR,True
TXN-20240102-0001915,WALL-0028782,MERCH-00031,PM-01,DEV-01,2024-01-02 12:26:18,26.87,0.0,0.5374,2,Success,Purchase,Bandung,IDR,False
TXN-20240102-0001916,WALL-0074573,MERCH-00244,PM-02,DEV-01,2024-01-02 06:01:11,11.79,0.0236,0.0,1,Success,Subscription,Taunggyi,MMK,False
TXN-20240102-0001917,WALL-0104945,MERCH-00258,PM-03,DEV-01,2024-01-02 17:10:55,7.57,0.0605,0.0,0,Success,Subscription,Mandalay,MMK,False
TXN-20240102-0001918,WALL-0006902,MERCH-00206,PM-02,DEV-03,2024-01-02 15:43:57,10.92,0.0218,0.0,1,Success,Purchase,Bandung,IDR,False
TXN-20240102-0001919,WALL-0037676,MERCH-00210,PM-04,DEV-01,2024-01-02 10:49:24,10.28,0.2055,0.0,1,Success,Purchase,Jakarta,IDR,False
TXN-20240102-0001920,WALL-0034027,MERCH-00057,PM-03,DEV-01,2024-01-02 19:30:13,21.6,0.1728,0.4319,2,Success,Purchase,Mawlamyine,MMK,False
TXN-20240102-0001921,WALL-0094581,MERCH-00442,PM-01,DEV-01,2024-01-02 13:57:14,940.42,0.0,0.0,94,Success,Tax Payment,Singapore,SGD,False
TXN-20240102-0001922,WALL-0046478,MERCH-00099,PM-02,DEV-01,2024-01-02 20:49:10,61.31,0.1226,0.0,6,Success,Purchase,Myitkyina,MMK,False
TXN-20240102-0001923,WALL-0025975,MERCH-00236,PM-04,DEV-01,2024-01-02 00:45:53,14.81,0.2963,0.0,1,Success,Subscription,Taunggyi,MMK,False
TXN-20240102-0001924,WALL-0103166,MERCH-00241,PM-01,DEV-02,2024-01-02 19:12:38,5.93,0.0,0.0,0,Success,Subscription,Myitkyina,MMK,False
TXN-20240102-0001925,WALL-0140611,MERCH-00270,PM-04,DEV-03,2024-01-02 15:46:16,7.18,0.1435,0.0,0,Success,Subscription,Pathein,MMK,False
TXN-20240102-0001926,WALL-0007936,MERCH-00388,PM-01,DEV-01,2024-01-02 12:06:50,44.47,0.0,0.0,4,Success,Purchase,Quezon City,PHP,False
TXN-20240102-0001927,WALL-0006204,MERCH-00097,PM-01,DEV-01,2024-01-02 12:54:22,46.81,0.0,0.0,4,Success,Purchase,Taunggyi,MMK,False
TXN-20240102-0001928,WALL-0086513,MERCH-00055,PM-01,DEV-02,2024-01-02 07:15:39,11.54,0.0,0.2309,1,Success,Purchase,Penang,MYR,False
TXN-20240102-0001929,WALL-0100532,MERCH-00125,PM-01,DEV-01,2024-01-02 11:10:01,58.35,0.0,0.0,5,Success,Purchase,Penang,MYR,False
TXN-20240102-0001930,WALL-0087824,MERCH-00447,PM-04,DEV-02,2024-01-02 17:07:48,77.84,1.5569,0.0,7,Success,Tax Payment,Bali,IDR,False
TXN-20240102-0001931,WALL-0058486,MERCH-00372,PM-04,DEV-02,2024-01-02 19:44:50,58.45,1.1689,0.0,5,Success,Purchase,Kuala Lumpur,IDR,False
TXN-20240102-0001932,WALL-0148014,MERCH-00254,PM-04,DEV-01,2024-01-02 16:32:38,9.82,0.1963,0.0,0,Success,Subscription,Mawlamyine,MMK,False
TXN-20240102-0001933,WALL-0132623,MERCH-00051,PM-05,DEV-02,2024-01-02 07:56:21,20.0,0.0,0.4,1,Success,Purchase,Naypyidaw,MMK,False
TXN-20240102-0001934,WALL-0103101,MERCH-00215,PM-03,DEV-01,2024-01-02 08:37:22,12.34,0.0987,0.0,1,Success,Purchase,Bandung,IDR,False
TXN-20240102-0001935,WALL-0010465,MERCH-00007,PM-04,DEV-05,2024-01-02 12:32:54,60.0,1.2,1.2,6,Success,Purchase,Bali,IDR,False
TXN-20240102-0001936,WALL-0046930,MERCH-00044,PM-01,DEV-03,2024-01-02 10:46:05,8.43,0.0,0.1685,0,Success,Purchase,Pattaya,MMK,False
TXN-20240102-0001937,WALL-0085662,MERCH-00047,PM-04,DEV-01,2024-01-02 11:28:35,12.03,0.2406,0.2406,1,Success,Purchase,Pathein,MMK,False
TXN-20240102-0001938,WALL-0008382,MERCH-00046,PM-04,DEV-01,2024-01-02 00:20:57,66.63,1.3326,1.3326,6,Success,Purchase,Pattaya,THB,False
TXN-20240102-0001939,WALL-0018439,MERCH-00226,PM-03,DEV-02,2024-01-02 20:46:32,14.09,0.1127,0.0,1,Success,Purchase,Khon Kaen,THB,False
TXN-20240102-0001940,WALL-0090991,MERCH-00022,PM-05,DEV-01,2024-01-02 19:42:56,16.82,0.0,0.3364,1,Success,Purchase,Bandung,IDR,False
TXN-20240102-0001941,WALL-0094142,MERCH-00024,PM-02,DEV-02,2024-01-02 03:17:20,13.16,0.0263,0.2633,1,Success,Purchase,Chennai,INR,False
TXN-20240102-0001942,WALL-0123790,MERCH-00011,PM-04,DEV-01,2024-01-02 13:30:31,5.21,0.1041,0.1041,0,Success,Purchase,Kathmandu,NPR,False
TXN-20240102-0001943,WALL-0041930,MERCH-00021,PM-01,DEV-01,2024-01-02 14:55:15,53.42,0.0,1.0684,5,Success,Purchase,Kolkata,INR,False
TXN-20240102-0001944,WALL-0108200,MERCH-00090,PM-02,DEV-02,2024-01-02 14:39:15,98.15,0.1963,0.0,9,Success,Purchase,Kuala Lumpur,MYR,False
TXN-20240102-0001945,WALL-0057460,MERCH-00142,PM-03,DEV-02,2024-01-02 15:17:37,334.29,2.6743,16.7146,33,Success,Purchase,Naypyidaw,MMK,False
TXN-20240102-0001946,WALL-0092820,MERCH-00225,PM-03,DEV-01,2024-01-02 13:00:39,19.78,0.1583,0.0,1,Success,Purchase,Bangalore,MMK,False
TXN-20240102-0001947,WALL-0131279,MERCH-00420,PM-04,DEV-03,2024-01-02 12:11:09,196.88,3.9376,0.0,19,Success,Payment,Quezon City,PHP,False
TXN-20240102-0001948,WALL-0062178,MERCH-00407,PM-04,DEV-02,2024-01-02 00:42:17,128.76,2.5752,0.0,0,Failed,Payment,Kolkata,INR,False
TXN-20240102-0001949,WALL-0061420,MERCH-00086,PM-01,DEV-02,2024-01-02 23:29:21,54.45,0.0,0.0,5,Success,Purchase,Bali,MMK,False
TXN-20240102-0001950,WALL-0002120,MERCH-00131,PM-04,DEV-02,2024-01-02 17:42:59,124.46,2.4891,6.2228,12,Success,Purchase,Myitkyina,MMK,False
TXN-20240102-0001951,WALL-0002005,MERCH-00405,PM-02,DEV-02,2024-01-02 00:50:14,168.01,0.336,0.0,16,Success,Payment,Taunggyi,MMK,False
TXN-20240102-0001952,WALL-0064470,MERCH-00131,PM-02,DEV-04,2024-01-02 21:59:59,55.69,0.1114,2.7843,5,Success,Purchase,Myitkyina,MMK,False
TXN-20240102-0001953,WALL-0145001,MERCH-00201,PM-02,DEV-02,2024-01-02 19:17:51,13.08,0.0262,0.0,1,Success,Purchase,Lahore,PKR,False
TXN-20240102-0001954,WALL-0048611,MERCH-00085,PM-04,DEV-01,2024-01-02 07:16:33,67.12,1.3424,0.0,6,Success,Purchase,Myitkyina,MMK,False
TXN-20240102-0001955,WALL-0035051,MERCH-00221,PM-05,DEV-02,2024-01-02 21:02:16,5.7,0.0,0.0,0,Success,Purchase,Bago,MMK,False
TXN-20240102-0001956,WALL-0064308,MERCH-00322,PM-02,DEV-01,2024-01-02 20:42:05,83.08,0.1662,0.0,8,Success,Bill Payment,Yangon,MMK,False
TXN-20240102-0001957,WALL-0070052,MERCH-00040,PM-03,DEV-03,2024-01-02 16:51:26,40.06,0.3205,0.8013,4,Success,Purchase,Naypyidaw,MMK,False
TXN-20240102-0001958,WALL-0070520,MERCH-00054,PM-02,DEV-01,2024-01-02 15:17:44,5.4,0.0108,0.108,0,Success,Purchase,Karachi,PKR,False
TXN-20240102-0001959,WALL-0119147,MERCH-00268,PM-03,DEV-04,2024-01-02 21:25:47,7.71,0.0617,0.0,0,Success,Subscription,Myitkyina,MMK,False
TXN-20240102-0001960,WALL-0113169,MERCH-00310,PM-02,DEV-02,2024-01-02 18:14:28,100.0,0.2,8.0,20,Success,Purchase,Jakarta,IDR,False
TXN-20240102-0001961,WALL-0145438,MERCH-00096,PM-01,DEV-02,2024-01-02 10:32:56,20.62,0.0,0.0,2,Success,Purchase,Jakarta,IDR,False
TXN-20240102-0001962,WALL-0086765,MERCH-00319,PM-03,DEV-02,2024-01-02 15:22:02,61.5,0.492,0.0,6,Success,Bill Payment,Mawlamyine,MMK,False
TXN-20240102-0001963,WALL-0069744,MERCH-00028,PM-04,DEV-04,2024-01-02 08:48:39,12.22,0.2443,0.2443,1,Success,Purchase,Bali,MMK,False
TXN-20240102-0001964,WALL-0015368,MERCH-00224,PM-05,DEV-02,2024-01-02 01:55:11,17.52,0.0,0.0,1,Success,Purchase,Mawlamyine,MMK,False
TXN-20240102-0001965,WALL-0094972,MERCH-00343,PM-01,DEV-01,2024-01-02 15:03:48,63.9,0.0,0.0,6,Success,Bill Payment,Kuala Lumpur,MYR,False
TXN-20240102-0001966,WALL-0115312,MERCH-00030,PM-01,DEV-01,2024-01-02 17:41:39,7.22,0.0,0.1443,0,Success,Purchase,Bangalore,INR,False
TXN-20240102-0001967,WALL-0137382,MERCH-00424,PM-03,DEV-01,2024-01-02 17:47:18,215.42,1.7234,0.0,21,Success,Payment,Mandalay,MMK,False
TXN-20240102-0001968,WALL-0121193,MERCH-00068,PM-01,DEV-01,2024-01-02 13:37:01,11.45,0.0,0.229,1,Success,Purchase,Delhi,THB,False
TXN-20240102-0001969,WALL-0069503,MERCH-00045,PM-03,DEV-01,2024-01-02 11:53:52,9.27,0.0741,0.1853,0,Success,Purchase,Bago,MMK,False
TXN-20240102-0001970,WALL-0143922,MERCH-00127,PM-02,DEV-01,2024-01-02 18:24:21,17.82,0.0356,0.0,1,Success,Purchase,Karachi,PKR,False
TXN-20240102-0001971,WALL-0074113,MERCH-00237,PM-03,DEV-01,2024-01-02 15:04:41,16.33,0.1307,0.0,1,Success,Subscription,Bangalore,INR,False
TXN-20240102-0001972,WALL-0028784,MERCH-00187,PM-02,DEV-02,2024-01-02 13:02:15,40.22,0.0804,2.0108,4,Success,Purchase,Myitkyina,BDT,False
TXN-20240102-0001973,WALL-0042220,MERCH-00145,PM-03,DEV-01,2024-01-02 02:50:44,135.23,1.0818,6.7613,13,Success,Purchase,Khon Kaen,THB,False
TXN-20240102-0001974,WALL-0144874,MERCH-00441,PM-02,DEV-01,2024-01-02 19:36:49,1081.68,2.1634,0.0,108,Success,Tax Payment,Naypyidaw,MMK,False
TXN-20240102-0001975,WALL-0064294,MERCH-00112,PM-01,DEV-04,2024-01-02 21:45:24,29.27,0.0,0.0,2,Success,Purchase,Kolkata,INR,False
TXN-20240102-0001976,WALL-0094819,MERCH-00433,PM-05,DEV-02,2024-01-02 12:32:03,305.51,0.0,0.0,30,Success,Tax Payment,Naypyidaw,THB,False
TXN-20240102-0001977,WALL-0123823,MERCH-00120,PM-01,DEV-01,2024-01-02 14:06:15,76.53,0.0,0.0,7,Success,Purchase,Karachi,PKR,False
TXN-20240102-0001978,WALL-0065346,MERCH-00375,PM-01,DEV-01,2024-01-02 17:14:59,50.44,0.0,0.0,5,Success,Purchase,Taunggyi,MMK,False
TXN-20240102-0001979,WALL-0090165,MERCH-00036,PM-03,DEV-01,2024-01-02 10:06:39,11.24,0.09,0.0,0,Reversed,Purchase,Mandalay,MMK,False
TXN-20240102-0001980,WALL-0009549,MERCH-00060,PM-01,DEV-01,2024-01-02 19:47:45,29.83,0.0,0.5967,2,Success,Purchase,Davao,PHP,False
TXN-20240102-0001981,WALL-0013247,MERCH-00106,PM-02,DEV-02,2024-01-02 10:20:48,36.78,0.0736,0.0,3,Success,Purchase,Kandy,LKR,False
TXN-20240102-0001982,WALL-0147887,MERCH-00063,PM-01,DEV-01,2024-01-02 09:14:56,32.91,0.0,0.6581,3,Success,Purchase,Medan,IDR,False
TXN-20240102-0001983,WALL-0030148,MERCH-00396,PM-04,DEV-01,2024-01-02 13:00:06,43.44,0.8688,0.0,4,Success,Purchase,Pathein,MMK,False
TXN-20240102-0001984,WALL-0131540,MERCH-00458,PM-01,DEV-01,2024-01-02 18:39:52,90.99,0.0,0.0,9,Success,Payment,Naypyidaw,MMK,False
TXN-20240102-0001985,WALL-0008869,MERCH-00132,PM-04,DEV-03,2024-01-02 13:54:42,465.71,9.3142,23.2855,46,Success,Purchase,Karachi,BDT,False
TXN-20240102-0001986,WALL-0126424,MERCH-00321,PM-04,DEV-01,2024-01-02 23:17:24,81.51,1.6302,0.0,8,Success,Bill Payment,Bago,MMK,False
TXN-20240102-0001987,WALL-0089857,MERCH-00017,PM-04,DEV-01,2024-01-02 16:31:17,13.63,0.2726,0.2726,1,Success,Purchase,Taunggyi,MMK,False
TXN-20240102-0001988,WALL-0143609,MERCH-00035,PM-01,DEV-01,2024-01-02 07:35:17,16.24,0.0,0.3247,1,Success,Purchase,Chennai,MMK,False
TXN-20240102-0001989,WALL-0047101,MERCH-00306,PM-01,DEV-02,2024-01-02 17:52:06,486.98,0.0,38.9583,97,Success,Purchase,Bali,IDR,False
TXN-20240102-0001990,WALL-0133019,MERCH-00020,PM-02,DEV-01,2024-01-02 22:38:19,60.12,0.1202,1.2025,6,Success,Purchase,Chiang Mai,LKR,False
TXN-20240102-0001991,WALL-0105276,MERCH-00142,PM-02,DEV-02,2024-01-02 14:15:07,319.19,0.6384,15.9593,31,Success,Purchase,Phuket,THB,False
TXN-20240102-0001992,WALL-0042829,MERCH-00378,PM-01,DEV-01,2024-01-02 07:57:08,118.23,0.0,0.0,11,Success,Purchase,Myitkyina,MMK,False
TXN-20240102-0001993,WALL-0021459,MERCH-00168,PM-04,DEV-01,2024-01-02 10:36:34,20.0,0.4,1.0,2,Success,Purchase,Pathein,MMK,False
TXN-20240102-0001994,WALL-0019401,MERCH-00286,PM-03,DEV-01,2024-01-02 17:18:26,686.32,5.4906,0.0,0,Pending,Purchase,Islamabad,PKR,False
TXN-20240102-0001995,WALL-0020598,MERCH-00278,PM-01,DEV-01,2024-01-02 07:13:50,880.18,0.0,70.4146,176,Success,Purchase,Khon Kaen,THB,False
TXN-20240102-0001996,WALL-0127744,MERCH-00175,PM-01,DEV-01,2024-01-02 10:02:44,75.59,0.0,3.7795,7,Success,Purchase,Bago,MMK,False
TXN-20240102-0001997,WALL-0003550,MERCH-00095,PM-01,DEV-01,2024-01-02 17:59:41,64.5,0.0,0.0,6,Success,Purchase,Da Nang,KHR,False
TXN-20240102-0001998,WALL-0025863,MERCH-00461,PM-01,DEV-01,2024-01-02 16:06:18,88.34,0.0,0.0,0,Failed,Payment,Delhi,MMK,False
TXN-20240102-0001999,WALL-0065065,MERCH-00224,PM-05,DEV-03,2024-01-02 11:37:39,5.0,0.0,0.0,0,Success,Purchase,Kandy,LKR,False
TXN-20240102-0002000,WALL-0092572,MERCH-00432,PM-01,DEV-01,2024-01-02 04:44:09,77.29,0.0,0.0,7,Success,Tax Payment,Myitkyina,MMK,False
TXN-20240102-0002001,WALL-0098510,MERCH-00182,PM-01,DEV-01,2024-01-02 14:25:56,377.68,0.0,18.8842,37,Success,Purchase,Bangalore,NPR,False
TXN-20240102-0002002,WALL-0126920,MERCH-00396,PM-02,DEV-02,2024-01-02 08:42:05,54.4,0.1088,0.0,5,Success,Purchase,Surabaya,MMK,False
TXN-20240102-0002003,WALL-0130117,MERCH-00080,PM-02,DEV-01,2024-01-02 07:02:58,32.84,0.0657,0.0,0,Failed,Purchase,Ho Chi Minh City,VND,False
TXN-20240102-0002004,WALL-0015134,MERCH-00400,PM-03,DEV-01,2024-01-02 21:49:49,40.42,0.3233,0.0,4,Success,Purchase,Mandalay,MMK,False
TXN-20240102-0002005,WALL-0098446,MERCH-00284,PM-04,DEV-01,2024-01-02 17:26:31,592.17,11.8435,47.3739,118,Success,Purchase,Taunggyi,MMK,False
TXN-20240102-0002006,WALL-0080379,MERCH-00055,PM-01,DEV-03,2024-01-02 17:40:55,21.95,0.0,0.439,2,Success,Purchase,Khon Kaen,THB,False
TXN-20240102-0002007,WALL-0049660,MERCH-00229,PM-02,DEV-01,2024-01-02 15:15:36,20.15,0.0403,0.0,2,Success,Purchase,Ho Chi Minh City,VND,False
TXN-20240102-0002008,WALL-0043965,MERCH-00251,PM-02,DEV-01,2024-01-02 01:33:45,13.07,0.0261,0.0,1,Success,Subscription,Bago,MMK,False
TXN-20240102-0002009,WALL-0059892,MERCH-00377,PM-03,DEV-01,2024-01-02 07:53:50,120.0,0.96,0.0,12,Success,Purchase,Myitkyina,MMK,False
TXN-20240102-0002010,WALL-0068045,MERCH-00083,PM-04,DEV-03,2024-01-02 02:07:29,26.91,0.5381,0.0,2,Success,Purchase,Myitkyina,MMK,False
TXN-20240102-0002011,WALL-0060934,MERCH-00083,PM-04,DEV-01,2024-01-02 22:27:22,27.02,0.5404,0.0,2,Success,Purchase,Lahore,PKR,False
TXN-20240102-0002012,WALL-0015264,MERCH-00047,PM-04,DEV-01,2024-01-02 20:00:49,6.4,0.128,0.0,0,Failed,Purchase,Jaipur,INR,False
TXN-20240102-0002013,WALL-0071493,MERCH-00439,PM-05,DEV-01,2024-01-02 17:14:21,368.15,0.0,0.0,36,Success,Tax Payment,Kandy,LKR,False
TXN-20240102-0002014,WALL-0089486,MERCH-00116,PM-02,DEV-05,2024-01-02 12:50:38,39.69,0.0794,0.0,3,Success,Purchase,Naypyidaw,MMK,False
TXN-20240102-0002015,WALL-0147304,MERCH-00002,PM-01,DEV-02,2024-01-02 20:39:09,19.39,0.0,0.3878,1,Success,Purchase,Naypyidaw,MMK,False
TXN-20240102-0002016,WALL-0099048,MERCH-00297,PM-02,DEV-02,2024-01-02 07:10:23,584.34,1.1687,46.7472,116,Success,Purchase,Quezon City,PHP,False
TXN-20240102-0002017,WALL-0138347,MERCH-00228,PM-02,DEV-01,2024-01-02 02:10:07,13.09,0.0262,0.0,1,Success,Purchase,Ahmedabad,INR,False
TXN-20240102-0002018,WALL-0117173,MERCH-00393,PM-02,DEV-03,2024-01-02 21:51:38,72.72,0.1454,0.0,7,Success,Purchase,Myitkyina,MMK,False
TXN-20240102-0002019,WALL-0014152,MERCH-00035,PM-01,DEV-01,2024-01-02 16:34:58,7.85,0.0,0.157,0,Success,Purchase,Hyderabad,INR,False
TXN-20240102-0002020,WALL-0052738,MERCH-00011,PM-01,DEV-01,2024-01-02 06:21:59,14.44,0.0,0.2889,1,Success,Purchase,Lahore,PKR,False
TXN-20240102-0002021,WALL-0094817,MERCH-00203,PM-02,DEV-01,2024-01-02 13:26:08,21.48,0.043,0.0,2,Success,Purchase,Surabaya,IDR,False
TXN-20240102-0002022,WALL-0066247,MERCH-00237,PM-04,DEV-03,2024-01-02 00:07:17,5.43,0.1085,0.0,0,Success,Subscription,Phnom Penh,KHR,False
TXN-20240102-0002023,WALL-0016180,MERCH-00255,PM-01,DEV-05,2024-01-02 06:43:01,38.49,0.0,0.0,3,Success,Subscription,Taunggyi,MMK,False
TXN-20240102-0002024,WALL-0030134,MERCH-00104,PM-01,DEV-01,2024-01-02 15:45:20,34.29,0.0,0.0,3,Success,Purchase,Kathmandu,NPR,False
TXN-20240102-0002025,WALL-0083798,MERCH-00041,PM-04,DEV-02,2024-01-02 08:29:46,24.29,0.4858,0.4858,2,Success,Purchase,Myitkyina,MMK,False
TXN-20240102-0002026,WALL-0109733,MERCH-00348,PM-02,DEV-04,2024-01-02 07:10:32,23.48,0.047,0.0,2,Success,Bill Payment,Phuket,THB,False
TXN-20240102-0002027,WALL-0121457,MERCH-00218,PM-01,DEV-01,2024-01-02 02:25:48,5.19,0.0,0.0,0,Success,Purchase,Khon Kaen,THB,False
TXN-20240102-0002028,WALL-0004625,MERCH-00367,PM-02,DEV-03,2024-01-02 01:44:15,36.3,0.0726,0.0,3,Success,Bill Payment,Bago,MMK,False
TXN-20240102-0002029,WALL-0060683,MERCH-00358,PM-01,DEV-01,2024-01-02 15:31:42,44.1,0.0,0.0,4,Success,Bill Payment,Naypyidaw,MMK,False
TXN-20240102-0002030,WALL-0050299,MERCH-00395,PM-04,DEV-01,2024-01-02 17:27:33,34.73,0.6946,0.0,3,Success,Purchase,Yangon,MMK,False
TXN-20240102-0002031,WALL-0023029,MERCH-00056,PM-03,DEV-02,2024-01-02 16:05:12,7.24,0.0579,0.1448,0,Success,Purchase,Karachi,PKR,False
TXN-20240102-0002032,WALL-0017271,MERCH-00302,PM-01,DEV-01,2024-01-02 21:50:43,405.75,0.0,32.4598,81,Success,Purchase,Islamabad,PKR,False
TXN-20240102-0002033,WALL-0092298,MERCH-00338,PM-03,DEV-01,2024-01-02 18:35:33,110.65,0.8852,0.0,11,Success,Bill Payment,Ho Chi Minh City,VND,False
TXN-20240102-0002034,WALL-0052812,MERCH-00093,PM-04,DEV-03,2024-01-02 21:53:14,56.76,1.1352,0.0,5,Success,Purchase,Jaipur,INR,False
TXN-20240102-0002035,WALL-0040247,MERCH-00323,PM-03,DEV-02,2024-01-02 20:01:34,168.95,1.3516,0.0,16,Success,Bill Payment,Davao,PHP,False
TXN-20240102-0002036,WALL-0044896,MERCH-00219,PM-03,DEV-01,2024-01-02 02:39:05,12.86,0.1029,0.0,1,Success,Purchase,Khon Kaen,IDR,False
TXN-20240102-0002037,WALL-0120096,MERCH-00197,PM-02,DEV-01,2024-01-02 21:38:12,17.9,0.0358,0.0,1,Success,Purchase,Pokhara,NPR,False
TXN-20240102-0002038,WALL-0043771,MERCH-00004,PM-03,DEV-01,2024-01-02 13:49:41,35.93,0.2874,0.7185,3,Success,Purchase,Mumbai,INR,False
TXN-20240102-0002039,WALL-0096686,MERCH-00342,PM-02,DEV-01,2024-01-02 16:45:48,18.15,0.0363,0.0,1,Success,Bill Payment,Surabaya,IDR,False
TXN-20240102-0002040,WALL-0066628,MERCH-00329,PM-02,DEV-02,2024-01-02 01:59:30,212.54,0.4251,0.0,21,Success,Bill Payment,Ho Chi Minh City,VND,False
TXN-20240102-0002041,WALL-0062249,MERCH-00215,PM-02,DEV-01,2024-01-02 06:53:35,6.69,0.0134,0.0,0,Success,Purchase,Ahmedabad,INR,False
TXN-20240102-0002042,WALL-0024482,MERCH-00109,PM-01,DEV-03,2024-01-02 15:09:26,20.39,0.0,0.0,2,Success,Purchase,Da Nang,VND,False
TXN-20240102-0002043,WALL-0145317,MERCH-00053,PM-04,DEV-02,2024-01-02 20:19:50,6.79,0.1357,0.1357,0,Success,Purchase,Phuket,THB,False
TXN-20240102-0002044,WALL-0138300,MERCH-00021,PM-05,DEV-01,2024-01-02 16:26:51,23.76,0.0,0.4751,2,Success,Purchase,Ho Chi Minh City,IDR,False
TXN-20240102-0002045,WALL-0029355,MERCH-00116,PM-02,DEV-02,2024-01-02 12:56:43,188.85,0.3777,0.0,18,Success,Purchase,Bali,IDR,False
TXN-20240102-0002046,WALL-0022028,MERCH-00125,PM-02,DEV-01,2024-01-02 05:59:43,52.65,0.1053,0.0,5,Success,Purchase,Taunggyi,MMK,False
TXN-20240102-0002047,WALL-0091108,MERCH-00445,PM-02,DEV-01,2024-01-02 10:52:27,1292.41,2.5848,0.0,0,Pending,Tax Payment,Myitkyina,MMK,False
TXN-20240102-0002048,WALL-0108669,MERCH-00010,PM-02,DEV-02,2024-01-02 21:39:43,6.55,0.0131,0.131,0,Success,Purchase,Colombo,LKR,False
TXN-20240102-0002049,WALL-0062731,MERCH-00338,PM-02,DEV-05,2024-01-02 23:46:08,57.22,0.1144,0.0,5,Success,Bill Payment,Taunggyi,MMK,False
TXN-20240102-0002050,WALL-0041431,MERCH-00394,PM-01,DEV-01,2024-01-02 09:44:17,57.81,0.0,0.0,5,Success,Purchase,Chennai,INR,False
TXN-20240102-0002051,WALL-0023099,MERCH-00327,PM-02,DEV-01,2024-01-02 23:37:38,96.7,0.1934,0.0,9,Success,Bill Payment,Taunggyi,MMK,False
TXN-20240102-0002052,WALL-0088897,MERCH-00010,PM-04,DEV-03,2024-01-02 19:52:16,16.39,0.3277,0.3277,1,Success,Purchase,Manila,PHP,False
TXN-20240102-0002053,WALL-0143770,MERCH-00368,PM-03,DEV-01,2024-01-02 17:01:08,16.06,0.1285,0.0,0,Pending,Bill Payment,Bago,MMK,False
TXN-20240102-0002054,WALL-0089106,MERCH-00020,PM-04,DEV-02,2024-01-02 23:08:01,14.65,0.293,0.293,1,Success,Purchase,Naypyidaw,MMK,False
TXN-20240102-0002055,WALL-0146146,MERCH-00147,PM-01,DEV-03,2024-01-02 22:22:42,415.14,0.0,20.7572,41,Success,Purchase,Bago,MMK,False
TXN-20240102-0002056,WALL-0109772,MERCH-00350,PM-02,DEV-01,2024-01-02 23:47:55,44.18,0.0884,0.0,4,Success,Bill Payment,Colombo,LKR,False
TXN-20240102-0002057,WALL-0075233,MERCH-00077,PM-02,DEV-01,2024-01-02 19:43:40,16.25,0.0325,0.3251,1,Success,Purchase,Jakarta,IDR,False
TXN-20240102-0002058,WALL-0000899,MERCH-00033,PM-03,DEV-02,2024-01-02 19:25:07,26.6,0.2128,0.532,2,Success,Purchase,Myitkyina,MMK,False
TXN-20240102-0002059,WALL-0003158,MERCH-00148,PM-01,DEV-01,2024-01-02 18:42:54,190.84,0.0,9.5421,19,Success,Purchase,Da Nang,VND,False
TXN-20240102-0002060,WALL-0093134,MERCH-00104,PM-02,DEV-04,2024-01-02 20:48:40,52.51,0.105,0.0,5,Success,Purchase,Pathein,MMK,False
TXN-20240102-0002061,WALL-0115416,MERCH-00214,PM-04,DEV-01,2024-01-02 00:39:13,27.75,0.555,0.0,2,Success,Purchase,Manila,PHP,False
TXN-20240102-0002062,WALL-0126691,MERCH-00249,PM-02,DEV-01,2024-01-02 10:25:24,13.82,0.0276,0.0,1,Success,Subscription,Pathein,MMK,False
TXN-20240102-0002063,WALL-0006956,MERCH-00327,PM-02,DEV-04,2024-01-02 19:20:18,22.63,0.0453,0.0,2,Success,Bill Payment,Chennai,INR,False
TXN-20240102-0002064,WALL-0101657,MERCH-00303,PM-01,DEV-01,2024-01-02 21:10:23,894.46,0.0,71.5571,178,Success,Purchase,Mandalay,MMK,False
TXN-20240102-0002065,WALL-0071164,MERCH-00280,PM-03,DEV-01,2024-01-02 21:05:12,1633.64,13.0691,130.6909,326,Success,Purchase,Da Nang,VND,False
TXN-20240102-0002066,WALL-0129468,MERCH-00131,PM-03,DEV-01,2024-01-02 17:24:27,23.16,0.1853,1.158,2,Success,Purchase,Kolkata,INR,False
TXN-20240102-0002067,WALL-0133355,MERCH-00051,PM-02,DEV-02,2024-01-02 12:34:05,8.26,0.0165,0.1652,0,Success,Purchase,Yangon,MMK,False
TXN-20240102-0002068,WALL-0017006,MERCH-00222,PM-01,DEV-01,2024-01-02 17:54:04,15.34,0.0,0.0,1,Success,Purchase,Delhi,INR,False
TXN-20240102-0002069,WALL-0104729,MERCH-00312,PM-03,DEV-01,2024-01-02 21:15:35,35.74,0.2859,0.0,3,Success,Bill Payment,Bali,INR,False
TXN-20240102-0002070,WALL-0103726,MERCH-00434,PM-01,DEV-01,2024-01-02 14:09:28,50.0,0.0,0.0,5,Success,Tax Payment,Colombo,LKR,False
TXN-20240102-0002071,WALL-0059012,MERCH-00196,PM-01,DEV-01,2024-01-02 18:15:21,15.09,0.0,0.0,1,Success,Purchase,Mumbai,INR,False
TXN-20240102-0002072,WALL-0015214,MERCH-00378,PM-01,DEV-01,2024-01-02 18:24:18,24.56,0.0,0.0,2,Success,Purchase,Pune,INR,False
TXN-20240102-0002073,WALL-0113007,MERCH-00102,PM-01,DEV-03,2024-01-02 16:02:07,16.16,0.0,0.0,1,Success,Purchase,Mawlamyine,MMK,False
TXN-20240102-0002074,WALL-0111922,MERCH-00448,PM-03,DEV-02,2024-01-02 01:11:46,381.84,3.0547,0.0,38,Success,Tax Payment,Manila,PHP,False
TXN-20240102-0002075,WALL-0021998,MERCH-00181,PM-01,DEV-05,2024-01-02 09:10:17,71.72,0.0,3.5861,7,Success,Purchase,Chiang Mai,MMK,False
TXN-20240102-0002076,WALL-0125596,MERCH-00297,PM-03,DEV-01,2024-01-02 03:47:28,234.73,1.8779,18.7785,46,Success,Purchase,Jaipur,INR,False
TXN-20240102-0002077,WALL-0045954,MERCH-00204,PM-01,DEV-01,2024-01-02 15:21:27,13.65,0.0,0.0,1,Success,Purchase,Mawlamyine,MMK,False
TXN-20240102-0002078,WALL-0119260,MERCH-00154,PM-04,DEV-01,2024-01-02 13:17:12,46.95,0.939,2.3475,4,Success,Purchase,Lahore,PKR,False
TXN-20240102-0002079,WALL-0007364,MERCH-00125,PM-03,DEV-03,2024-01-02 18:48:50,40.64,0.3251,0.0,4,Success,Purchase,Ho Chi Minh City,MMK,False
TXN-20240102-0002080,WALL-0059863,MERCH-00132,PM-05,DEV-01,2024-01-02 17:46:54,37.12,0.0,1.8562,3,Success,Purchase,Bangkok,THB,False
TXN-20240102-0002081,WALL-0006852,MERCH-00365,PM-01,DEV-01,2024-01-02 10:39:15,27.32,0.0,0.0,2,Success,Bill Payment,Lahore,PKR,False
TXN-20240102-0002082,WALL-0109744,MERCH-00050,PM-01,DEV-02,2024-01-02 11:45:04,23.15,0.0,0.463,2,Success,Purchase,Hanoi,VND,False
TXN-20240102-0002083,WALL-0012055,MERCH-00236,PM-02,DEV-01,2024-01-02 09:12:56,14.54,0.0291,0.0,1,Success,Subscription,Davao,PHP,False
TXN-20240102-0002084,WALL-0029477,MERCH-00462,PM-01,DEV-01,2024-01-02 21:08:55,242.15,0.0,0.0,24,Success,Payment,Manila,PHP,False
TXN-20240102-0002085,WALL-0100663,MERCH-00424,PM-02,DEV-02,2024-01-02 14:13:26,54.28,0.1086,0.0,5,Success,Payment,Bandung,IDR,False
TXN-20240102-0002086,WALL-0067123,MERCH-00082,PM-05,DEV-01,2024-01-02 21:46:53,19.02,0.0,0.0,1,Success,Purchase,Johor Bahru,MYR,False
TXN-20240102-0002087,WALL-0102415,MERCH-00087,PM-03,DEV-02,2024-01-02 10:16:33,136.43,1.0915,0.0,13,Success,Purchase,Colombo,LKR,False
TXN-20240102-0002088,WALL-0016675,MERCH-00148,PM-04,DEV-01,2024-01-02 15:35:50,20.0,0.4,1.0,2,Success,Purchase,Khon Kaen,BDT,False
TXN-20240102-0002089,WALL-0072324,MERCH-00107,PM-03,DEV-01,2024-01-02 17:45:20,28.91,0.2313,0.0,2,Success,Purchase,Singapore,SGD,False
TXN-20240102-0002090,WALL-0045882,MERCH-00473,PM-04,DEV-02,2024-01-02 21:23:58,99.9,1.9981,0.0,9,Success,Payment,Pathein,MMK,False
TXN-20240102-0002091,WALL-0019202,MERCH-00156,PM-02,DEV-05,2024-01-02 14:06:51,613.76,1.2275,30.688,61,Success,Purchase,Myitkyina,MMK,False
TXN-20240102-0002092,WALL-0051399,MERCH-00009,PM-01,DEV-01,2024-01-02 20:22:44,24.76,0.0,0.4953,2,Success,Purchase,Pattaya,THB,False
TXN-20240102-0002093,WALL-0055324,MERCH-00214,PM-01,DEV-02,2024-01-02 14:13:27,7.78,0.0,0.0,0,Success,Purchase,Naypyidaw,MMK,False
TXN-20240102-0002094,WALL-0026000,MERCH-00200,PM-03,DEV-01,2024-01-02 20:59:00,7.21,0.0577,0.0,0,Success,Purchase,Mawlamyine,MMK,False
TXN-20240102-0002095,WALL-0061543,MERCH-00317,PM-02,DEV-01,2024-01-02 03:42:32,66.49,0.133,0.0,6,Success,Bill Payment,Johor Bahru,MYR,False
TXN-20240102-0002096,WALL-0137109,MERCH-00215,PM-04,DEV-02,2024-01-02 21:49:13,9.73,0.1946,0.0,0,Success,Purchase,Penang,MYR,False
TXN-20240102-0002097,WALL-0028777,MERCH-00014,PM-01,DEV-05,2024-01-02 00:30:19,9.81,0.0,0.1961,0,Success,Purchase,Manila,PHP,False
TXN-20240102-0002098,WALL-0057131,MERCH-00127,PM-04,DEV-03,2024-01-02 18:36:39,86.82,1.7363,0.0,8,Success,Purchase,Delhi,INR,False
TXN-20240102-0002099,WALL-0083025,MERCH-00087,PM-02,DEV-03,2024-01-02 09:49:19,34.93,0.0699,0.0,3,Success,Purchase,Bago,MMK,False
TXN-20240102-0002100,WALL-0076137,MERCH-00113,PM-01,DEV-02,2024-01-02 21:19:53,38.33,0.0,0.0,3,Success,Purchase,Phnom Penh,KHR,False
TXN-20240102-0002101,WALL-0089071,MERCH-00499,PM-04,DEV-01,2024-01-02 13:39:47,816.79,16.3358,0.0,81,Success,Payment,Medan,IDR,False
TXN-20240102-0002102,WALL-0106448,MERCH-00451,PM-03,DEV-03,2024-01-02 21:15:01,1356.05,10.8484,0.0,135,Success,Payment,Bangalore,INR,False
TXN-20240102-0002103,WALL-0001843,MERCH-00348,PM-03,DEV-01,2024-01-02 15:07:28,34.55,0.2764,0.0,3,Success,Bill Payment,Karachi,MMK,False
TXN-20240102-0002104,WALL-0066893,MERCH-00033,PM-03,DEV-01,2024-01-02 14:19:21,14.69,0.1175,0.2939,1,Success,Purchase,Kathmandu,NPR,False
TXN-20240102-0002105,WALL-0093212,MERCH-00203,PM-01,DEV-01,2024-01-02 08:46:51,12.33,0.0,0.0,1,Success,Purchase,Mawlamyine,MMK,False
TXN-20240102-0002106,WALL-0148807,MERCH-00341,PM-01,DEV-03,2024-01-02 21:23:30,59.92,0.0,0.0,5,Success,Bill Payment,Jakarta,IDR,False
TXN-20240102-0002107,WALL-0074570,MERCH-00163,PM-01,DEV-01,2024-01-02 10:06:28,127.4,0.0,6.37,12,Success,Purchase,Bangkok,THB,False
TXN-20240102-0002108,WALL-0046355,MERCH-00122,PM-03,DEV-01,2024-01-02 21:12:56,141.0,1.128,0.0,14,Success,Purchase,Mandalay,MMK,False
TXN-20240102-0002109,WALL-0116058,MERCH-00377,PM-05,DEV-01,2024-01-02 13:49:25,36.49,0.0,0.0,3,Success,Purchase,Mandalay,MMK,False
TXN-20240102-0002110,WALL-0064121,MERCH-00386,PM-04,DEV-03,2024-01-02 12:47:50,126.85,2.537,0.0,12,Success,Purchase,Surabaya,IDR,False
TXN-20240102-0002111,WALL-0034432,MERCH-00341,PM-03,DEV-04,2024-01-02 17:55:45,48.26,0.3861,0.0,4,Success,Bill Payment,Chiang Mai,THB,False
TXN-20240102-0002112,WALL-0064398,MERCH-00302,PM-01,DEV-01,2024-01-02 19:56:35,425.25,0.0,34.0203,85,Success,Purchase,Cebu City,PHP,False
TXN-20240102-0002113,WALL-0033729,MERCH-00050,PM-01,DEV-01,2024-01-02 15:00:29,24.16,0.0,0.4832,2,Success,Purchase,Bago,MMK,False
TXN-20240102-0002114,WALL-0108743,MERCH-00265,PM-04,DEV-02,2024-01-02 15:35:00,7.24,0.1447,0.0,0,Success,Subscription,Islamabad,PKR,False
TXN-20240102-0002115,WALL-0087252,MERCH-00286,PM-02,DEV-02,2024-01-02 15:04:54,100.0,0.2,8.0,20,Success,Purchase,Bangkok,THB,False
TXN-20240102-0002116,WALL-0007918,MERCH-00221,PM-02,DEV-01,2024-01-02 18:26:26,18.08,0.0362,0.0,1,Success,Purchase,Siem Reap,INR,False
TXN-20240102-0002117,WALL-0136928,MERCH-00241,PM-05,DEV-03,2024-01-02 23:54:35,25.85,0.0,0.0,2,Success,Subscription,Cebu City,PHP,False
TXN-20240102-0002118,WALL-0029020,MERCH-00416,PM-01,DEV-05,2024-01-02 10:00:37,110.35,0.0,0.0,11,Success,Payment,Bago,MMK,False
TXN-20240102-0002119,WALL-0125113,MERCH-00263,PM-01,DEV-01,2024-01-02 21:20:58,36.43,0.0,0.0,3,Success,Subscription,Pathein,MMK,False
TXN-20240102-0002120,WALL-0009522,MERCH-00284,PM-04,DEV-01,2024-01-02 09:30:56,433.98,8.6796,0.0,0,Failed,Purchase,Pathein,MMK,False
TXN-20240102-0002121,WALL-0061597,MERCH-00096,PM-01,DEV-01,2024-01-02 17:39:51,32.31,0.0,0.0,3,Success,Purchase,Karachi,PKR,False
TXN-20240102-0002122,WALL-0041266,MERCH-00201,PM-01,DEV-02,2024-01-02 21:02:09,13.23,0.0,0.0,1,Success,Purchase,Colombo,LKR,False
TXN-20240102-0002123,WALL-0084180,MERCH-00052,PM-01,DEV-01,2024-01-02 13:37:20,9.16,0.0,0.1832,0,Success,Purchase,Myitkyina,MMK,False
TXN-20240102-0002124,WALL-0105844,MERCH-00403,PM-04,DEV-01,2024-01-02 07:59:17,54.95,1.099,0.0,5,Success,Payment,Penang,MYR,False
TXN-20240102-0002125,WALL-0098835,MERCH-00046,PM-03,DEV-01,2024-01-02 09:13:16,16.3,0.1304,0.326,1,Success,Purchase,Bali,IDR,False
TXN-20240102-0002126,WALL-0002721,MERCH-00250,PM-01,DEV-01,2024-01-02 21:41:34,16.9,0.0,0.0,1,Success,Subscription,Khon Kaen,THB,False
TXN-20240102-0002127,WALL-0079162,MERCH-00259,PM-01,DEV-01,2024-01-02 12:47:05,19.2,0.0,0.0,1,Success,Subscription,Karachi,PKR,False
TXN-20240102-0002128,WALL-0027417,MERCH-00448,PM-04,DEV-01,2024-01-02 06:55:55,1545.56,30.9113,0.0,154,Success,Tax Payment,Chittagong,BDT,False
TXN-20240102-0002129,WALL-0127476,MERCH-00228,PM-04,DEV-01,2024-01-02 20:46:28,8.59,0.1718,0.0,0,Success,Purchase,Islamabad,PKR,False
TXN-20240102-0002130,WALL-0022336,MERCH-00144,PM-04,DEV-02,2024-01-02 19:05:12,115.14,2.3028,5.7569,11,Success,Purchase,Manila,PHP,False
TXN-20240102-0002131,WALL-0098561,MERCH-00357,PM-03,DEV-01,2024-01-02 07:24:46,40.75,0.326,0.0,4,Success,Bill Payment,Myitkyina,MMK,False
TXN-20240102-0002132,WALL-0082824,MERCH-00016,PM-02,DEV-01,2024-01-02 18:22:33,13.9,0.0278,0.2779,1,Success,Purchase,Singapore,SGD,False
TXN-20240102-0002133,WALL-0056612,MERCH-00160,PM-02,DEV-01,2024-01-02 19:19:25,305.11,0.6102,15.2556,30,Success,Purchase,Yangon,MMK,False
TXN-20240102-0002134,WALL-0143306,MERCH-00133,PM-03,DEV-02,2024-01-02 10:44:07,119.42,0.9553,5.9709,11,Success,Purchase,Mawlamyine,MMK,False
TXN-20240102-0002135,WALL-0088914,MERCH-00242,PM-01,DEV-03,2024-01-02 21:00:25,5.93,0.0,0.0,0,Success,Subscription,Mawlamyine,MMK,False
TXN-20240102-0002136,WALL-0078505,MERCH-00410,PM-01,DEV-01,2024-01-02 14:58:41,34.54,0.0,0.0,3,Success,Payment,Quezon City,PHP,False
TXN-20240102-0002137,WALL-0036903,MERCH-00392,PM-03,DEV-05,2024-01-02 14:54:24,33.65,0.2692,0.0,3,Success,Purchase,Manila,PHP,False
TXN-20240102-0002138,WALL-0000104,MERCH-00029,PM-01,DEV-02,2024-01-02 15:12:56,30.15,0.0,0.603,3,Success,Purchase,Taunggyi,MMK,False
TXN-20240102-0002139,WALL-0009905,MERCH-00096,PM-01,DEV-01,2024-01-02 12:46:25,11.67,0.0,0.0,0,Failed,Purchase,Dhaka,BDT,False
TXN-20240102-0002140,WALL-0092339,MERCH-00174,PM-01,DEV-01,2024-01-02 07:30:41,102.62,0.0,5.1312,10,Success,Purchase,Chennai,INR,False
TXN-20240102-0002141,WALL-0071191,MERCH-00425,PM-04,DEV-03,2024-01-02 20:46:44,61.95,1.239,0.0,6,Success,Payment,Bangalore,MYR,False
TXN-20240102-0002142,WALL-0019428,MERCH-00221,PM-02,DEV-03,2024-01-02 13:44:06,9.03,0.0181,0.0,0,Success,Purchase,Phuket,THB,False
TXN-20240102-0002143,WALL-0139896,MERCH-00250,PM-04,DEV-01,2024-01-02 18:49:32,10.49,0.2098,0.0,1,Success,Subscription,Chennai,INR,False
TXN-20240102-0002144,WALL-0045396,MERCH-00113,PM-01,DEV-01,2024-01-02 10:14:51,129.66,0.0,0.0,12,Success,Purchase,Mumbai,INR,False
TXN-20240102-0002145,WALL-0073214,MERCH-00105,PM-05,DEV-01,2024-01-02 06:37:00,75.39,0.0,0.0,7,Success,Purchase,Surabaya,IDR,False
TXN-20240102-0002146,WALL-0065807,MERCH-00049,PM-02,DEV-01,2024-01-02 12:10:20,16.07,0.0321,0.3214,1,Success,Purchase,Mawlamyine,MMK,False
TXN-20240102-0002147,WALL-0059639,MERCH-00122,PM-01,DEV-01,2024-01-02 17:29:31,65.13,0.0,0.0,6,Success,Purchase,Yangon,MMK,False
TXN-20240102-0002148,WALL-0085609,MERCH-00058,PM-03,DEV-05,2024-01-02 13:19:10,8.2,0.0656,0.1641,0,Success,Purchase,Pune,INR,False
TXN-20240102-0002149,WALL-0149533,MERCH-00448,PM-04,DEV-01,2024-01-02 21:55:20,1219.03,24.3806,0.0,121,Success,Tax Payment,Davao,PHP,False
TXN-20240102-0002150,WALL-0071272,MERCH-00128,PM-02,DEV-01,2024-01-02 12:19:12,49.01,0.098,0.0,4,Success,Purchase,Bangalore,INR,False
TXN-20240102-0002151,WALL-0072281,MERCH-00327,PM-03,DEV-03,2024-01-02 16:36:27,80.04,0.6403,0.0,8,Success,Bill Payment,Delhi,INR,False
TXN-20240102-0002152,WALL-0118135,MERCH-00039,PM-03,DEV-01,2024-01-02 13:52:59,17.87,0.143,0.0,0,Reversed,Purchase,Da Nang,VND,False
TXN-20240102-0002153,WALL-0009246,MERCH-00236,PM-02,DEV-02,2024-01-02 17:11:11,9.31,0.0186,0.0,0,Success,Subscription,Colombo,LKR,False
TXN-20240102-0002154,WALL-0000639,MERCH-00021,PM-01,DEV-03,2024-01-02 06:24:23,99.0,0.0,1.98,9,Success,Purchase,Karachi,PKR,False
TXN-20240102-0002155,WALL-0058420,MERCH-00111,PM-04,DEV-01,2024-01-02 13:21:11,45.78,0.9156,0.0,4,Success,Purchase,Mandalay,MMK,False
TXN-20240102-0002156,WALL-0031584,MERCH-00379,PM-05,DEV-02,2024-01-02 16:43:35,47.43,0.0,0.0,4,Success,Purchase,Myitkyina,MMK,False
TXN-20240102-0002157,WALL-0039088,MERCH-00101,PM-01,DEV-02,2024-01-02 15:53:59,75.92,0.0,0.0,7,Success,Purchase,Pathein,MMK,False
TXN-20240102-0002158,WALL-0040683,MERCH-00046,PM-04,DEV-02,2024-01-02 20:49:51,25.85,0.5171,0.5171,2,Success,Purchase,Medan,IDR,False
TXN-20240102-0002159,WALL-0038622,MERCH-00344,PM-02,DEV-01,2024-01-02 01:56:14,29.1,0.0582,0.0,2,Success,Bill Payment,Myitkyina,MMK,False
TXN-20240102-0002160,WALL-0117647,MERCH-00026,PM-04,DEV-01,2024-01-02 16:42:15,52.67,1.0535,1.0535,5,Success,Purchase,Bangalore,INR,False
TXN-20240102-0002161,WALL-0104048,MERCH-00095,PM-04,DEV-04,2024-01-02 12:03:19,24.42,0.4883,0.0,2,Success,Purchase,Yangon,MMK,False
TXN-20240102-0002162,WALL-0110635,MERCH-00060,PM-02,DEV-01,2024-01-02 19:01:53,14.48,0.029,0.2896,1,Success,Purchase,Chennai,INR,False
TXN-20240102-0002163,WALL-0048738,MERCH-00416,PM-01,DEV-01,2024-01-02 16:49:16,51.37,0.0,0.0,5,Success,Payment,Mawlamyine,MMK,False
TXN-20240102-0002164,WALL-0052379,MERCH-00046,PM-02,DEV-02,2024-01-02 09:55:10,18.78,0.0376,0.3756,1,Success,Purchase,Taunggyi,MMK,False
TXN-20240102-0002165,WALL-0138869,MERCH-00244,PM-01,DEV-05,2024-01-02 17:17:31,26.84,0.0,0.0,2,Success,Subscription,Jaipur,INR,False
TXN-20240102-0002166,WALL-0056367,MERCH-00268,PM-04,DEV-02,2024-01-02 04:56:53,6.03,0.1206,0.0,0,Success,Subscription,Ho Chi Minh City,VND,False
TXN-20240102-0002167,WALL-0145815,MERCH-00373,PM-01,DEV-01,2024-01-02 16:55:50,68.57,0.0,0.0,6,Success,Purchase,Taunggyi,MMK,False
TXN-20240102-0002168,WALL-0102875,MERCH-00013,PM-03,DEV-03,2024-01-02 22:16:27,16.46,0.1316,0.3291,1,Success,Purchase,Hanoi,VND,False
TXN-20240102-0002169,WALL-0069714,MERCH-00354,PM-01,DEV-02,2024-01-02 14:46:48,26.01,0.0,0.0,2,Success,Bill Payment,Phuket,THB,False
TXN-20240102-0002170,WALL-0081788,MERCH-00067,PM-01,DEV-03,2024-01-02 19:17:42,19.42,0.0,0.3885,1,Success,Purchase,Taunggyi,MMK,False
TXN-20240102-0002171,WALL-0056818,MERCH-00478,PM-03,DEV-04,2024-01-02 14:33:41,104.19,0.8335,0.0,10,Success,Payment,Siem Reap,KHR,False
TXN-20240102-0002172,WALL-0073409,MERCH-00273,PM-01,DEV-03,2024-01-02 21:42:35,316.52,0.0,25.3214,63,Success,Purchase,Yangon,MMK,False
TXN-20240102-0002173,WALL-0103451,MERCH-00339,PM-04,DEV-02,2024-01-02 14:12:30,49.69,0.9939,0.0,4,Success,Bill Payment,Jaipur,INR,False
TXN-20240102-0002174,WALL-0056377,MERCH-00162,PM-01,DEV-01,2024-01-02 21:56:31,141.76,0.0,0.0,0,Pending,Purchase,Yangon,MMK,False
TXN-20240102-0002175,WALL-0013851,MERCH-00043,PM-04,DEV-01,2024-01-02 21:30:28,23.4,0.468,0.468,2,Success,Purchase,Singapore,SGD,False
TXN-20240102-0002176,WALL-0077907,MERCH-00178,PM-03,DEV-01,2024-01-02 21:43:24,75.96,0.6077,3.798,7,Success,Purchase,Mandalay,MMK,False
TXN-20240102-0002177,WALL-0076232,MERCH-00061,PM-03,DEV-01,2024-01-02 19:38:49,25.88,0.207,0.5175,2,Success,Purchase,Chennai,INR,False
TXN-20240102-0002178,WALL-0114501,MERCH-00121,PM-01,DEV-04,2024-01-02 16:38:04,146.8,0.0,0.0,14,Success,Purchase,Manila,PHP,False
TXN-20240102-0002179,WALL-0128253,MERCH-00127,PM-01,DEV-03,2024-01-02 10:22:56,29.21,0.0,0.0,2,Success,Purchase,Ahmedabad,INR,False
TXN-20240102-0002180,WALL-0042643,MERCH-00114,PM-03,DEV-02,2024-01-02 06:48:41,33.63,0.269,0.0,3,Success,Purchase,Bago,MMK,False
TXN-20240102-0002181,WALL-0131492,MERCH-00311,PM-02,DEV-01,2024-01-02 21:34:38,139.61,0.2792,0.0,13,Success,Bill Payment,Penang,MYR,False
TXN-20240102-0002182,WALL-0054471,MERCH-00192,PM-01,DEV-02,2024-01-02 00:51:00,11.54,0.0,0.0,1,Success,Purchase,Pathein,MMK,False
TXN-20240102-0002183,WALL-0005716,MERCH-00463,PM-04,DEV-04,2024-01-02 05:35:24,50.0,1.0,0.0,5,Success,Payment,Taunggyi,MMK,False
TXN-20240102-0002184,WALL-0019195,MERCH-00004,PM-03,DEV-01,2024-01-02 17:02:48,65.21,0.5217,1.3043,6,Success,Purchase,Kuala Lumpur,MYR,False
TXN-20240102-0002185,WALL-0029424,MERCH-00314,PM-03,DEV-01,2024-01-02 19:39:08,63.32,0.5065,0.0,6,Success,Bill Payment,Hanoi,PKR,False
TXN-20240102-0002186,WALL-0087406,MERCH-00023,PM-02,DEV-01,2024-01-02 19:15:30,6.66,0.0133,0.1332,0,Success,Purchase,Singapore,SGD,False
TXN-20240102-0002187,WALL-0138973,MERCH-00176,PM-02,DEV-02,2024-01-02 16:17:42,159.14,0.3183,7.9568,15,Success,Purchase,Kolkata,MMK,False
TXN-20240102-0002188,WALL-0113500,MERCH-00001,PM-04,DEV-01,2024-01-02 13:18:09,19.52,0.3905,0.3905,1,Success,Purchase,Hanoi,VND,False
TXN-20240102-0002189,WALL-0061139,MERCH-00295,PM-02,DEV-01,2024-01-02 14:03:48,983.7,1.9674,78.6963,196,Success,Purchase,Mumbai,INR,False
TXN-20240102-0002190,WALL-0124036,MERCH-00037,PM-02,DEV-01,2024-01-02 08:56:31,63.1,0.1262,1.262,6,Success,Purchase,Islamabad,PKR,False
TXN-20240102-0002191,WALL-0103029,MERCH-00049,PM-03,DEV-02,2024-01-02 16:43:21,28.68,0.2294,0.5736,2,Success,Purchase,Kolkata,INR,False
TXN-20240102-0002192,WALL-0114624,MERCH-00047,PM-01,DEV-01,2024-01-02 16:49:00,60.0,0.0,1.2,6,Success,Purchase,Naypyidaw,MMK,False
TXN-20240102-0002193,WALL-0132325,MERCH-00331,PM-02,DEV-01,2024-01-02 02:44:49,136.22,0.2724,0.0,13,Success,Bill Payment,Bangkok,THB,False
TXN-20240102-0002194,WALL-0120979,MERCH-00100,PM-04,DEV-01,2024-01-02 22:51:36,26.57,0.5313,0.0,2,Success,Purchase,Pathein,NPR,False
TXN-20240102-0002195,WALL-0030012,MERCH-00113,PM-01,DEV-01,2024-01-02 15:26:02,22.28,0.0,0.0,2,Success,Purchase,Myitkyina,MMK,False
TXN-20240102-0002196,WALL-0061701,MERCH-00308,PM-02,DEV-04,2024-01-02 16:19:50,427.95,0.8559,34.2356,85,Success,Purchase,Jakarta,THB,False
TXN-20240102-0002197,WALL-0075910,MERCH-00253,PM-01,DEV-02,2024-01-02 02:29:48,34.04,0.0,0.0,3,Success,Subscription,Mawlamyine,MMK,False
TXN-20240102-0002198,WALL-0017989,MERCH-00006,PM-01,DEV-01,2024-01-02 19:28:13,20.91,0.0,0.4182,2,Success,Purchase,Kandy,LKR,False
TXN-20240102-0002199,WALL-0023943,MERCH-00386,PM-02,DEV-01,2024-01-02 19:26:20,57.07,0.1141,0.0,5,Success,Purchase,Ho Chi Minh City,VND,False
TXN-20240102-0002200,WALL-0148457,MERCH-00219,PM-01,DEV-01,2024-01-02 02:12:12,13.75,0.0,0.0,1,Success,Purchase,Yangon,MMK,False
TXN-20240102-0002201,WALL-0028642,MERCH-00298,PM-02,DEV-02,2024-01-02 15:18:31,100.0,0.2,8.0,20,Success,Purchase,Karachi,PKR,False
TXN-20240102-0002202,WALL-0021271,MERCH-00321,PM-02,DEV-01,2024-01-02 23:35:18,41.89,0.0838,0.0,4,Success,Bill Payment,Naypyidaw,MMK,False
TXN-20240102-0002203,WALL-0123979,MERCH-00084,PM-01,DEV-02,2024-01-02 09:59:02,47.75,0.0,0.0,4,Success,Purchase,Pathein,MMK,False
TXN-20240102-0002204,WALL-0081174,MERCH-00367,PM-01,DEV-01,2024-01-02 10:19:52,22.62,0.0,0.0,2,Success,Bill Payment,Penang,MYR,False
TXN-20240102-0002205,WALL-0060714,MERCH-00465,PM-01,DEV-03,2024-01-02 07:59:34,753.19,0.0,0.0,75,Success,Payment,Bangalore,INR,False
TXN-20240102-0002206,WALL-0103930,MERCH-00232,PM-01,DEV-03,2024-01-02 12:06:47,11.32,0.0,0.0,1,Success,Subscription,Mawlamyine,MMK,False
TXN-20240102-0002207,WALL-0071280,MERCH-00318,PM-01,DEV-01,2024-01-02 17:59:22,47.71,0.0,0.0,4,Success,Bill Payment,Chittagong,BDT,False
TXN-20240102-0002208,WALL-0077588,MERCH-00009,PM-01,DEV-03,2024-01-02 17:56:18,12.82,0.0,0.2564,1,Success,Purchase,Surabaya,INR,False
TXN-20240102-0002209,WALL-0068391,MERCH-00040,PM-03,DEV-03,2024-01-02 15:02:39,14.65,0.1172,0.293,1,Success,Purchase,Khon Kaen,THB,False
TXN-20240102-0002210,WALL-0066898,MERCH-00372,PM-04,DEV-01,2024-01-02 18:52:47,35.64,0.7129,0.0,3,Success,Purchase,Pathein,MMK,False
TXN-20240102-0002211,WALL-0054385,MERCH-00217,PM-01,DEV-01,2024-01-02 20:15:22,29.41,0.0,0.0,2,Success,Purchase,Mawlamyine,MMK,False
TXN-20240102-0002212,WALL-0015896,MERCH-00024,PM-01,DEV-01,2024-01-02 22:24:05,8.95,0.0,0.179,0,Success,Purchase,Bali,IDR,False
TXN-20240102-0002213,WALL-0066273,MERCH-00121,PM-01,DEV-01,2024-01-02 16:16:18,49.15,0.0,0.0,4,Success,Purchase,Jakarta,IDR,False
TXN-20240102-0002214,WALL-0062223,MERCH-00400,PM-02,DEV-01,2024-01-02 16:03:54,74.24,0.1485,0.0,7,Success,Purchase,Karachi,IDR,False
TXN-20240102-0002215,WALL-0114191,MERCH-00111,PM-02,DEV-03,2024-01-02 20:16:05,50.14,0.1003,0.0,5,Success,Purchase,Kolkata,IDR,False
TXN-20240102-0002216,WALL-0046267,MERCH-00018,PM-01,DEV-01,2024-01-02 19:08:24,49.08,0.0,0.9816,4,Success,Purchase,Yangon,MMK,False
TXN-20240102-0002217,WALL-0090499,MERCH-00384,PM-04,DEV-01,2024-01-02 18:37:35,109.82,2.1964,0.0,10,Success,Purchase,Medan,IDR,False
TXN-20240102-0002218,WALL-0146832,MERCH-00357,PM-01,DEV-03,2024-01-02 14:11:20,42.71,0.0,0.0,4,Success,Bill Payment,Medan,IDR,False
TXN-20240102-0002219,WALL-0001480,MERCH-00463,PM-03,DEV-03,2024-01-02 15:30:55,345.07,2.7606,0.0,0,Failed,Payment,Bandung,IDR,False
TXN-20240102-0002220,WALL-0140771,MERCH-00308,PM-01,DEV-01,2024-01-02 01:46:28,100.0,0.0,8.0,20,Success,Purchase,Da Nang,VND,False
TXN-20240102-0002221,WALL-0092537,MERCH-00289,PM-04,DEV-03,2024-01-02 19:11:45,110.36,2.2071,0.0,0,Failed,Purchase,Dhaka,BDT,False
TXN-20240102-0002222,WALL-0078645,MERCH-00086,PM-01,DEV-05,2024-01-02 21:12:48,138.78,0.0,0.0,13,Success,Purchase,Kandy,LKR,False
TXN-20240102-0002223,WALL-0032420,MERCH-00497,PM-01,DEV-01,2024-01-02 13:08:57,275.71,0.0,0.0,27,Success,Payment,Chiang Mai,THB,False
TXN-20240102-0002224,WALL-0006438,MERCH-00079,PM-02,DEV-01,2024-01-02 14:55:38,23.19,0.0464,0.4639,2,Success,Purchase,Taunggyi,MMK,False
TXN-20240102-0002225,WALL-0029389,MERCH-00328,PM-02,DEV-02,2024-01-02 21:13:58,156.91,0.3138,0.0,15,Success,Bill Payment,Hyderabad,INR,False
TXN-20240102-0002226,WALL-0142953,MERCH-00167,PM-03,DEV-01,2024-01-02 16:23:58,20.38,0.1631,1.0191,2,Success,Purchase,Myitkyina,MMK,False
TXN-20240102-0002227,WALL-0087817,MERCH-00002,PM-01,DEV-01,2024-01-02 14:44:54,96.63,0.0,1.9325,9,Success,Purchase,Pune,INR,False
TXN-20240102-0002228,WALL-0118429,MERCH-00084,PM-01,DEV-01,2024-01-02 09:36:25,37.47,0.0,0.0,3,Success,Purchase,Myitkyina,MMK,False
TXN-20240102-0002229,WALL-0096724,MERCH-00231,PM-01,DEV-04,2024-01-02 15:55:42,40.0,0.0,0.0,4,Success,Subscription,Naypyidaw,MMK,False
TXN-20240102-0002230,WALL-0002537,MERCH-00320,PM-02,DEV-01,2024-01-02 15:56:02,171.14,0.3423,0.0,17,Success,Bill Payment,Kuala Lumpur,MYR,False
TXN-20240102-0002231,WALL-0147427,MERCH-00052,PM-01,DEV-03,2024-01-02 17:33:17,22.12,0.0,0.4423,2,Success,Purchase,Yangon,MMK,False
TXN-20240102-0002232,WALL-0067274,MERCH-00107,PM-01,DEV-01,2024-01-02 15:20:24,40.1,0.0,0.0,4,Success,Purchase,Khon Kaen,THB,False
TXN-20240102-0002233,WALL-0108018,MERCH-00135,PM-02,DEV-01,2024-01-02 02:59:53,141.65,0.2833,7.0823,14,Success,Purchase,Naypyidaw,MMK,False
TXN-20240102-0002234,WALL-0112040,MERCH-00179,PM-04,DEV-01,2024-01-02 13:02:46,61.14,1.2228,3.0569,6,Success,Purchase,Taunggyi,MMK,False
TXN-20240102-0002235,WALL-0139938,MERCH-00158,PM-04,DEV-05,2024-01-02 16:32:34,37.33,0.7466,1.8665,3,Success,Purchase,Bandung,IDR,False
TXN-20240102-0002236,WALL-0082186,MERCH-00244,PM-02,DEV-02,2024-01-02 01:41:46,16.37,0.0327,0.0,1,Success,Subscription,Siem Reap,KHR,False
TXN-20240102-0002237,WALL-0012758,MERCH-00179,PM-02,DEV-01,2024-01-02 01:00:36,43.17,0.0863,2.1585,4,Success,Purchase,Mumbai,INR,False
TXN-20240102-0002238,WALL-0000069,MERCH-00095,PM-03,DEV-02,2024-01-02 13:34:17,22.38,0.179,0.0,2,Success,Purchase,Penang,MYR,False
TXN-20240102-0002239,WALL-0108408,MERCH-00081,PM-02,DEV-01,2024-01-02 16:57:11,37.0,0.074,0.0,3,Success,Purchase,Chennai,INR,False
TXN-20240102-0002240,WALL-0047226,MERCH-00132,PM-02,DEV-01,2024-01-02 13:07:24,215.18,0.4304,10.7589,21,Success,Purchase,Bago,MMK,False
TXN-20240102-0002241,WALL-0112148,MERCH-00266,PM-02,DEV-03,2024-01-02 04:23:36,14.34,0.0287,0.0,1,Success,Subscription,Da Nang,VND,False
TXN-20240102-0002242,WALL-0144955,MERCH-00381,PM-01,DEV-01,2024-01-02 17:05:12,127.97,0.0,0.0,12,Success,Purchase,Manila,PHP,False
TXN-20240102-0002243,WALL-0129342,MERCH-00236,PM-04,DEV-02,2024-01-02 14:44:37,11.58,0.2316,0.0,1,Success,Subscription,Bago,MMK,False
TXN-20240102-0002244,WALL-0012555,MERCH-00359,PM-02,DEV-01,2024-01-02 07:33:13,13.8,0.0276,0.0,1,Success,Bill Payment,Hyderabad,MMK,False
TXN-20240102-0002245,WALL-0111896,MERCH-00133,PM-02,DEV-02,2024-01-02 10:53:21,54.52,0.109,2.7261,5,Success,Purchase,Myitkyina,THB,False
TXN-20240102-0002246,WALL-0139969,MERCH-00094,PM-02,DEV-01,2024-01-02 18:58:51,107.04,0.2141,0.0,10,Success,Purchase,Surabaya,IDR,False
TXN-20240102-0002247,WALL-0027634,MERCH-00140,PM-05,DEV-02,2024-01-02 20:41:04,664.7,0.0,33.2351,66,Success,Purchase,Bago,MMK,False
TXN-20240102-0002248,WALL-0100898,MERCH-00115,PM-03,DEV-01,2024-01-02 07:13:55,96.69,0.7735,0.0,9,Success,Purchase,Manila,PHP,False
TXN-20240102-0002249,WALL-0099375,MERCH-00145,PM-01,DEV-02,2024-01-02 04:35:24,217.23,0.0,10.8615,21,Success,Purchase,Islamabad,PKR,True
TXN-20240102-0002250,WALL-0062877,MERCH-00092,PM-01,DEV-01,2024-01-02 13:10:30,43.64,0.0,0.0,0,Failed,Purchase,Hyderabad,INR,False
TXN-20240102-0002251,WALL-0090051,MERCH-00084,PM-04,DEV-02,2024-01-02 16:06:15,36.73,0.7346,0.0,3,Success,Purchase,Bangkok,MYR,False
TXN-20240102-0002252,WALL-0055576,MERCH-00343,PM-04,DEV-03,2024-01-02 06:01:08,30.51,0.6102,0.0,3,Success,Bill Payment,Naypyidaw,MMK,False
TXN-20240102-0002253,WALL-0137727,MERCH-00142,PM-01,DEV-03,2024-01-02 13:30:01,151.85,0.0,7.5925,15,Success,Purchase,Mandalay,MMK,False
TXN-20240102-0002254,WALL-0017595,MERCH-00154,PM-01,DEV-03,2024-01-02 20:01:08,898.03,0.0,44.9014,89,Success,Purchase,Kathmandu,NPR,False
TXN-20240102-0002255,WALL-0118402,MERCH-00204,PM-02,DEV-01,2024-01-02 03:32:09,12.22,0.0244,0.0,1,Success,Purchase,Pathein,MMK,False
TXN-20240102-0002256,WALL-0096486,MERCH-00228,PM-01,DEV-02,2024-01-02 14:37:56,9.74,0.0,0.0,0,Success,Purchase,Taunggyi,MMK,False
TXN-20240102-0002257,WALL-0069154,MERCH-00127,PM-03,DEV-05,2024-01-02 15:00:46,35.4,0.2832,0.0,3,Success,Purchase,Manila,PHP,False
TXN-20240102-0002258,WALL-0008853,MERCH-00188,PM-03,DEV-01,2024-01-02 15:14:13,49.01,0.3921,2.4505,4,Success,Purchase,Mandalay,MMK,False
TXN-20240102-0002259,WALL-0012930,MERCH-00177,PM-01,DEV-01,2024-01-02 22:21:47,296.34,0.0,14.817,29,Success,Purchase,Bandung,IDR,False
TXN-20240102-0002260,WALL-0054631,MERCH-00204,PM-01,DEV-01,2024-01-02 08:22:54,9.08,0.0,0.0,0,Success,Purchase,Mandalay,MMK,False
TXN-20240102-0002261,WALL-0093422,MERCH-00188,PM-02,DEV-03,2024-01-02 21:24:39,748.74,1.4975,37.4369,74,Success,Purchase,Naypyidaw,MMK,False
TXN-20240102-0002262,WALL-0014863,MERCH-00077,PM-01,DEV-02,2024-01-02 08:48:16,8.99,0.0,0.1799,0,Success,Purchase,Chiang Mai,THB,False
TXN-20240102-0002263,WALL-0003866,MERCH-00215,PM-03,DEV-05,2024-01-02 16:11:03,13.18,0.1055,0.0,1,Success,Purchase,Chiang Mai,THB,False
TXN-20240102-0002264,WALL-0085628,MERCH-00069,PM-02,DEV-03,2024-01-02 18:00:36,37.48,0.075,0.7495,3,Success,Purchase,Naypyidaw,MMK,False
TXN-20240102-0002265,WALL-0102538,MERCH-00108,PM-01,DEV-01,2024-01-02 20:46:30,69.99,0.0,0.0,6,Success,Purchase,Quezon City,PHP,False
TXN-20240102-0002266,WALL-0018069,MERCH-00285,PM-01,DEV-01,2024-01-02 11:30:39,173.89,0.0,13.9113,34,Success,Purchase,Pathein,MMK,False
TXN-20240102-0002267,WALL-0044523,MERCH-00464,PM-03,DEV-02,2024-01-02 16:34:43,634.51,5.0761,0.0,63,Success,Payment,Pattaya,THB,False
TXN-20240102-0002268,WALL-0081014,MERCH-00282,PM-02,DEV-01,2024-01-02 14:06:25,561.44,1.1229,44.9149,112,Success,Purchase,Phuket,THB,False
TXN-20240102-0002269,WALL-0116883,MERCH-00136,PM-03,DEV-05,2024-01-02 20:43:29,119.79,0.9583,5.9894,11,Success,Purchase,Hanoi,VND,False
TXN-20240102-0002270,WALL-0048196,MERCH-00187,PM-03,DEV-02,2024-01-02 23:19:07,42.67,0.3414,2.1335,4,Success,Purchase,Karachi,PKR,False
TXN-20240102-0002271,WALL-0001700,MERCH-00465,PM-02,DEV-01,2024-01-02 16:27:00,621.92,1.2438,0.0,62,Success,Payment,Myitkyina,MMK,False
TXN-20240102-0002272,WALL-0004460,MERCH-00442,PM-01,DEV-02,2024-01-02 18:03:48,125.17,0.0,0.0,12,Success,Tax Payment,Bali,IDR,False
TXN-20240102-0002273,WALL-0029057,MERCH-00042,PM-01,DEV-01,2024-01-02 07:16:46,13.53,0.0,0.2705,1,Success,Purchase,Naypyidaw,MMK,False
TXN-20240102-0002274,WALL-0076676,MERCH-00433,PM-03,DEV-01,2024-01-02 17:42:21,125.03,1.0003,0.0,12,Success,Tax Payment,Mandalay,MMK,False
TXN-20240102-0002275,WALL-0106336,MERCH-00208,PM-03,DEV-02,2024-01-02 22:54:44,7.04,0.0564,0.0,0,Success,Purchase,Mumbai,INR,False
TXN-20240102-0002276,WALL-0045324,MERCH-00211,PM-02,DEV-03,2024-01-02 06:22:05,21.48,0.043,0.0,2,Success,Purchase,Pathein,MMK,False
TXN-20240102-0002277,WALL-0042011,MERCH-00068,PM-03,DEV-03,2024-01-02 08:04:05,27.47,0.2197,0.5494,2,Success,Purchase,Myitkyina,MMK,False
TXN-20240102-0002278,WALL-0099636,MERCH-00233,PM-02,DEV-01,2024-01-02 17:56:03,8.61,0.0172,0.0,0,Success,Subscription,Kuala Lumpur,MYR,False
TXN-20240102-0002279,WALL-0001475,MERCH-00198,PM-02,DEV-01,2024-01-02 18:51:02,11.0,0.022,0.0,1,Success,Purchase,Colombo,LKR,False
TXN-20240102-0002280,WALL-0128513,MERCH-00259,PM-02,DEV-01,2024-01-02 14:55:54,18.86,0.0377,0.0,1,Success,Subscription,Bago,MMK,False
TXN-20240102-0002281,WALL-0121829,MERCH-00442,PM-04,DEV-01,2024-01-02 12:50:16,553.56,11.0711,0.0,55,Success,Tax Payment,Manila,INR,False
TXN-20240102-0002282,WALL-0114046,MERCH-00290,PM-01,DEV-01,2024-01-02 15:37:37,2320.85,0.0,185.6677,464,Success,Purchase,Taunggyi,MMK,False
TXN-20240102-0002283,WALL-0079335,MERCH-00386,PM-02,DEV-01,2024-01-02 13:40:59,114.12,0.2282,0.0,11,Success,Purchase,Colombo,MMK,False
TXN-20240102-0002284,WALL-0046800,MERCH-00230,PM-02,DEV-03,2024-01-02 07:45:28,20.43,0.0409,0.0,2,Success,Purchase,Myitkyina,MMK,False
TXN-20240102-0002285,WALL-0078812,MERCH-00427,PM-01,DEV-02,2024-01-02 22:53:55,122.22,0.0,0.0,12,Success,Payment,Jakarta,IDR,False
TXN-20240102-0002286,WALL-0111046,MERCH-00366,PM-04,DEV-02,2024-01-02 02:51:18,81.08,1.6217,0.0,8,Success,Bill Payment,Khon Kaen,THB,False
TXN-20240102-0002287,WALL-0068197,MERCH-00137,PM-01,DEV-03,2024-01-02 14:11:39,1310.07,0.0,65.5033,131,Success,Purchase,Yangon,MMK,False
TXN-20240102-0002288,WALL-0137498,MERCH-00439,PM-02,DEV-01,2024-01-02 18:07:18,50.0,0.1,0.0,5,Success,Tax Payment,Pathein,MMK,False
TXN-20240102-0002289,WALL-0053705,MERCH-00030,PM-02,DEV-02,2024-01-02 14:16:14,36.08,0.0722,0.7217,3,Success,Purchase,Taunggyi,MMK,False
TXN-20240102-0002290,WALL-0056590,MERCH-00129,PM-01,DEV-01,2024-01-02 16:55:35,39.41,0.0,0.0,3,Success,Purchase,Chittagong,BDT,False
TXN-20240102-0002291,WALL-0032943,MERCH-00106,PM-01,DEV-04,2024-01-02 12:18:28,60.6,0.0,0.0,0,Pending,Purchase,Pathein,MMK,False
TXN-20240102-0002292,WALL-0002847,MERCH-00310,PM-01,DEV-02,2024-01-02 06:42:17,136.14,0.0,10.8912,27,Success,Purchase,Da Nang,VND,False
TXN-20240102-0002293,WALL-0015869,MERCH-00127,PM-01,DEV-02,2024-01-02 21:43:14,72.09,0.0,0.0,7,Success,Purchase,Bago,MMK,False
TXN-20240102-0002294,WALL-0135799,MERCH-00389,PM-01,DEV-01,2024-01-02 16:37:55,97.66,0.0,0.0,9,Success,Purchase,Bago,MMK,False
TXN-20240102-0002295,WALL-0004967,MERCH-00065,PM-01,DEV-02,2024-01-02 19:30:49,5.0,0.0,0.0,0,Pending,Purchase,Lahore,PKR,False
TXN-20240102-0002296,WALL-0149042,MERCH-00353,PM-02,DEV-01,2024-01-02 13:09:11,32.29,0.0646,0.0,3,Success,Bill Payment,Phnom Penh,KHR,False
TXN-20240102-0002297,WALL-0089537,MERCH-00009,PM-01,DEV-03,2024-01-02 20:15:02,14.27,0.0,0.2854,1,Success,Purchase,Lahore,PKR,False
TXN-20240102-0002298,WALL-0084293,MERCH-00063,PM-01,DEV-01,2024-01-02 18:08:12,9.56,0.0,0.1912,0,Success,Purchase,Mawlamyine,MMK,False
TXN-20240102-0002299,WALL-0140955,MERCH-00372,PM-01,DEV-02,2024-01-02 17:39:55,198.0,0.0,0.0,19,Success,Purchase,Taunggyi,MMK,False
TXN-20240102-0002300,WALL-0052284,MERCH-00434,PM-01,DEV-01,2024-01-02 10:01:46,150.55,0.0,0.0,15,Success,Tax Payment,Mandalay,MMK,False
TXN-20240102-0002301,WALL-0099981,MERCH-00290,PM-04,DEV-02,2024-01-02 14:15:45,1496.65,29.933,119.7318,299,Success,Purchase,Pune,INR,False
TXN-20240102-0002302,WALL-0112583,MERCH-00035,PM-01,DEV-01,2024-01-02 15:42:15,50.67,0.0,1.0134,5,Success,Purchase,Johor Bahru,MYR,False
TXN-20240102-0002303,WALL-0005468,MERCH-00271,PM-04,DEV-01,2024-01-02 17:09:15,836.27,16.7255,66.9019,167,Success,Purchase,Hanoi,VND,False
TXN-20240102-0002304,WALL-0105066,MERCH-00445,PM-02,DEV-03,2024-01-02 21:05:18,320.2,0.6404,0.0,32,Success,Tax Payment,Delhi,INR,False
TXN-20240102-0002305,WALL-0003797,MERCH-00416,PM-03,DEV-01,2024-01-02 09:03:22,337.7,2.7016,0.0,0,Pending,Payment,Phuket,THB,False
TXN-20240102-0002306,WALL-0001243,MERCH-00017,PM-02,DEV-01,2024-01-02 12:13:46,9.25,0.0185,0.1851,0,Success,Purchase,Bandung,IDR,False
TXN-20240102-0002307,WALL-0095668,MERCH-00297,PM-01,DEV-01,2024-01-02 19:26:02,255.06,0.0,20.4047,51,Success,Purchase,Da Nang,VND,False
TXN-20240102-0002308,WALL-0118006,MERCH-00477,PM-01,DEV-04,2024-01-02 15:34:01,85.09,0.0,0.0,8,Success,Payment,Bago,MMK,False
TXN-20240102-0002309,WALL-0107611,MERCH-00359,PM-01,DEV-01,2024-01-02 15:30:05,104.29,0.0,0.0,10,Success,Bill Payment,Colombo,LKR,False
TXN-20240102-0002310,WALL-0046903,MERCH-00223,PM-01,DEV-01,2024-01-02 13:19:30,12.51,0.0,0.0,1,Success,Purchase,Naypyidaw,MMK,False
TXN-20240102-0002311,WALL-0124084,MERCH-00132,PM-04,DEV-03,2024-01-02 21:20:29,39.2,0.7839,1.9598,3,Success,Purchase,Ahmedabad,INR,False
TXN-20240102-0002312,WALL-0064638,MERCH-00117,PM-03,DEV-01,2024-01-02 07:15:45,38.35,0.3068,0.0,3,Success,Purchase,Surabaya,IDR,False
TXN-20240102-0002313,WALL-0008562,MERCH-00002,PM-03,DEV-03,2024-01-02 20:52:46,7.16,0.0573,0.1433,0,Success,Purchase,Surabaya,IDR,False
TXN-20240102-0002314,WALL-0038469,MERCH-00183,PM-03,DEV-05,2024-01-02 23:16:53,371.37,2.971,18.5687,37,Success,Purchase,Naypyidaw,MMK,False
TXN-20240102-0002315,WALL-0022833,MERCH-00100,PM-02,DEV-02,2024-01-02 09:18:03,10.36,0.0207,0.0,1,Success,Purchase,Siem Reap,KHR,False
TXN-20240102-0002316,WALL-0117832,MERCH-00095,PM-01,DEV-01,2024-01-02 13:01:41,58.26,0.0,0.0,5,Success,Purchase,Pattaya,THB,False
TXN-20240102-0002317,WALL-0085971,MERCH-00053,PM-01,DEV-04,2024-01-02 20:03:26,12.54,0.0,0.2508,1,Success,Purchase,Naypyidaw,MMK,False
TXN-20240102-0002318,WALL-0107391,MERCH-00230,PM-01,DEV-02,2024-01-02 14:12:41,52.86,0.0,0.0,5,Success,Purchase,Bangkok,INR,False
TXN-20240102-0002319,WALL-0146239,MERCH-00387,PM-03,DEV-03,2024-01-02 11:33:08,39.42,0.3154,0.0,3,Success,Purchase,Mandalay,MMK,False
TXN-20240102-0002320,WALL-0012909,MERCH-00134,PM-02,DEV-02,2024-01-02 20:19:24,20.0,0.04,1.0,2,Success,Purchase,Myitkyina,MMK,False
TXN-20240102-0002321,WALL-0029289,MERCH-00006,PM-03,DEV-02,2024-01-02 17:25:24,14.88,0.1191,0.2977,1,Success,Purchase,Naypyidaw,MMK,False
TXN-20240102-0002322,WALL-0064869,MERCH-00363,PM-01,DEV-02,2024-01-02 21:14:49,32.74,0.0,0.0,3,Success,Bill Payment,Taunggyi,MMK,False
TXN-20240102-0002323,WALL-0142213,MERCH-00181,PM-02,DEV-03,2024-01-02 15:45:46,91.58,0.1832,4.5788,9,Success,Purchase,Myitkyina,MMK,False
TXN-20240102-0002324,WALL-0098895,MERCH-00123,PM-03,DEV-03,2024-01-02 20:19:34,44.82,0.3585,0.0,4,Success,Purchase,Islamabad,PKR,False
TXN-20240102-0002325,WALL-0114683,MERCH-00014,PM-01,DEV-01,2024-01-02 13:58:59,17.86,0.0,0.3572,1,Success,Purchase,Pune,INR,False
TXN-20240102-0002326,WALL-0115660,MERCH-00380,PM-01,DEV-01,2024-01-02 21:22:16,72.67,0.0,0.0,7,Success,Purchase,Colombo,MMK,False
TXN-20240102-0002327,WALL-0072953,MERCH-00038,PM-04,DEV-01,2024-01-02 18:47:34,6.37,0.1273,0.1273,0,Success,Purchase,Yangon,MMK,False
TXN-20240102-0002328,WALL-0138519,MERCH-00185,PM-05,DEV-03,2024-01-02 17:36:45,367.16,0.0,18.3581,36,Success,Purchase,Ahmedabad,INR,False
TXN-20240102-0002329,WALL-0138952,MERCH-00195,PM-02,DEV-01,2024-01-02 11:28:06,33.53,0.0671,0.0,3,Success,Purchase,Davao,IDR,False
TXN-20240102-0002330,WALL-0024596,MERCH-00050,PM-04,DEV-01,2024-01-02 15:55:55,23.27,0.4653,0.4653,2,Success,Purchase,Yangon,MMK,False
TXN-20240102-0002331,WALL-0080076,MERCH-00306,PM-01,DEV-05,2024-01-02 12:24:07,177.99,0.0,14.2395,35,Success,Purchase,Phnom Penh,KHR,False
TXN-20240102-0002332,WALL-0144507,MERCH-00172,PM-02,DEV-01,2024-01-02 18:36:03,327.36,0.6547,16.3678,32,Success,Purchase,Myitkyina,MMK,False
TXN-20240102-0002333,WALL-0088485,MERCH-00372,PM-01,DEV-01,2024-01-02 21:59:51,60.79,0.0,0.0,6,Success,Purchase,Penang,KHR,False
TXN-20240102-0002334,WALL-0116609,MERCH-00339,PM-02,DEV-02,2024-01-02 02:22:49,93.31,0.1866,0.0,9,Success,Bill Payment,Mandalay,MMK,False
TXN-20240102-0002335,WALL-0148537,MERCH-00336,PM-03,DEV-01,2024-01-02 23:47:10,86.06,0.6885,0.0,8,Success,Bill Payment,Taunggyi,MMK,False
TXN-20240102-0002336,WALL-0095644,MERCH-00397,PM-01,DEV-02,2024-01-02 18:03:12,33.39,0.0,0.0,3,Success,Purchase,Naypyidaw,MMK,False
TXN-20240102-0002337,WALL-0089984,MERCH-00130,PM-04,DEV-01,2024-01-02 10:50:00,74.83,1.4966,0.0,7,Success,Purchase,Naypyidaw,MMK,False
TXN-20240102-0002338,WALL-0113453,MERCH-00196,PM-03,DEV-01,2024-01-02 16:53:05,19.14,0.1531,0.0,1,Success,Purchase,Chittagong,BDT,False
TXN-20240102-0002339,WALL-0036426,MERCH-00228,PM-02,DEV-01,2024-01-02 14:11:25,23.88,0.0478,0.0,2,Success,Purchase,Kathmandu,NPR,False
TXN-20240102-0002340,WALL-0022745,MERCH-00071,PM-04,DEV-01,2024-01-02 09:38:21,44.06,0.8812,0.8812,4,Success,Purchase,Pune,INR,False
TXN-20240102-0002341,WALL-0035095,MERCH-00144,PM-02,DEV-01,2024-01-02 00:47:51,436.26,0.8725,21.8128,43,Success,Purchase,Singapore,SGD,False
TXN-20240102-0002342,WALL-0072557,MERCH-00009,PM-01,DEV-01,2024-01-02 10:14:57,39.3,0.0,0.7861,3,Success,Purchase,Phnom Penh,KHR,False
TXN-20240102-0002343,WALL-0133083,MERCH-00021,PM-04,DEV-04,2024-01-02 21:44:22,22.95,0.4591,0.4591,2,Success,Purchase,Penang,MYR,False
TXN-20240102-0002344,WALL-0066342,MERCH-00427,PM-01,DEV-03,2024-01-02 14:37:50,80.56,0.0,0.0,8,Success,Payment,Quezon City,PHP,False
TXN-20240102-0002345,WALL-0092025,MERCH-00107,PM-04,DEV-01,2024-01-02 14:27:58,24.1,0.4819,0.0,2,Success,Purchase,Kathmandu,NPR,False
TXN-20240102-0002346,WALL-0025864,MERCH-00051,PM-01,DEV-01,2024-01-02 01:21:52,16.19,0.0,0.3238,1,Success,Purchase,Mandalay,MMK,False
TXN-20240102-0002347,WALL-0053636,MERCH-00250,PM-02,DEV-02,2024-01-02 12:45:04,8.65,0.0173,0.0,0,Success,Subscription,Pathein,MMK,False
TXN-20240102-0002348,WALL-0043072,MERCH-00459,PM-03,DEV-01,2024-01-02 15:41:46,107.19,0.8575,0.0,10,Success,Payment,Bago,MMK,False
TXN-20240102-0002349,WALL-0019492,MERCH-00343,PM-02,DEV-03,2024-01-02 16:54:08,22.29,0.0446,0.0,2,Success,Bill Payment,Mandalay,MMK,False
TXN-20240102-0002350,WALL-0051645,MERCH-00079,PM-02,DEV-01,2024-01-02 19:46:34,49.6,0.0992,0.9921,4,Success,Purchase,Bangalore,INR,False
TXN-20240102-0002351,WALL-0060634,MERCH-00435,PM-03,DEV-02,2024-01-02 16:32:34,120.64,0.9651,0.0,12,Success,Tax Payment,Yangon,MMK,False
TXN-20240102-0002352,WALL-0003648,MERCH-00336,PM-01,DEV-03,2024-01-02 16:35:49,106.55,0.0,0.0,10,Success,Bill Payment,Dhaka,BDT,False
TXN-20240102-0002353,WALL-0145176,MERCH-00252,PM-02,DEV-03,2024-01-02 16:48:49,12.26,0.0245,0.0,1,Success,Subscription,Kuala Lumpur,MYR,False
TXN-20240102-0002354,WALL-0066539,MERCH-00086,PM-02,DEV-01,2024-01-02 02:24:02,23.88,0.0478,0.0,2,Success,Purchase,Ho Chi Minh City,VND,False
TXN-20240102-0002355,WALL-0042726,MERCH-00120,PM-02,DEV-05,2024-01-02 14:11:38,75.56,0.1511,0.0,7,Success,Purchase,Myitkyina,MMK,False
TXN-20240102-0002356,WALL-0051691,MERCH-00367,PM-05,DEV-01,2024-01-02 19:20:02,32.83,0.0,0.0,3,Success,Bill Payment,Pattaya,THB,False
TXN-20240102-0002357,WALL-0061102,MERCH-00424,PM-03,DEV-03,2024-01-02 20:39:57,36.05,0.2884,0.0,3,Success,Payment,Naypyidaw,MMK,False
TXN-20240102-0002358,WALL-0109424,MERCH-00047,PM-02,DEV-01,2024-01-02 16:41:15,42.04,0.0841,0.8408,4,Success,Purchase,Chittagong,BDT,False
TXN-20240102-0002359,WALL-0006799,MERCH-00434,PM-01,DEV-01,2024-01-02 10:03:03,421.09,0.0,0.0,42,Success,Tax Payment,Kolkata,INR,False
TXN-20240102-0002360,WALL-0109968,MERCH-00042,PM-01,DEV-02,2024-01-02 07:24:22,39.53,0.0,0.7906,3,Success,Purchase,Naypyidaw,MMK,False
TXN-20240102-0002361,WALL-0014296,MERCH-00291,PM-05,DEV-02,2024-01-02 19:44:23,170.66,0.0,13.6527,34,Success,Purchase,Islamabad,PKR,False
TXN-20240102-0002362,WALL-0047683,MERCH-00394,PM-01,DEV-01,2024-01-02 19:24:15,72.38,0.0,0.0,7,Success,Purchase,Yangon,MMK,False
TXN-20240102-0002363,WALL-0027469,MERCH-00371,PM-03,DEV-03,2024-01-02 15:29:13,43.01,0.3441,0.0,4,Success,Purchase,Manila,PHP,False
TXN-20240102-0002364,WALL-0086507,MERCH-00109,PM-04,DEV-01,2024-01-02 14:25:50,59.74,1.1949,0.0,5,Success,Purchase,Chiang Mai,THB,False
TXN-20240102-0002365,WALL-0127868,MERCH-00031,PM-01,DEV-01,2024-01-02 19:54:15,16.92,0.0,0.3383,1,Success,Purchase,Mandalay,MMK,False
TXN-20240102-0002366,WALL-0045912,MERCH-00202,PM-03,DEV-02,2024-01-02 07:45:59,19.18,0.1535,0.0,1,Success,Purchase,Ahmedabad,INR,False
TXN-20240102-0002367,WALL-0060041,MERCH-00008,PM-04,DEV-02,2024-01-02 14:18:49,31.76,0.6353,0.6353,3,Success,Purchase,Khon Kaen,IDR,False
TXN-20240102-0002368,WALL-0131521,MERCH-00408,PM-02,DEV-01,2024-01-02 15:06:35,118.49,0.237,0.0,0,Failed,Payment,Cebu City,PHP,False
TXN-20240102-0002369,WALL-0067863,MERCH-00331,PM-02,DEV-02,2024-01-02 14:18:58,134.61,0.2692,0.0,13,Success,Bill Payment,Phnom Penh,MMK,False
TXN-20240102-0002370,WALL-0003549,MERCH-00263,PM-03,DEV-01,2024-01-02 06:00:31,9.72,0.0778,0.0,0,Success,Subscription,Kathmandu,NPR,False
TXN-20240102-0002371,WALL-0023030,MERCH-00247,PM-05,DEV-01,2024-01-02 10:46:04,5.0,0.0,0.0,0,Success,Subscription,Singapore,SGD,False
TXN-20240102-0002372,WALL-0038662,MERCH-00192,PM-01,DEV-01,2024-01-02 20:49:35,12.69,0.0,0.0,1,Success,Purchase,Bangalore,INR,False
TXN-20240102-0002373,WALL-0108725,MERCH-00204,PM-01,DEV-01,2024-01-02 15:00:15,6.33,0.0,0.0,0,Success,Purchase,Delhi,INR,False
TXN-20240102-0002374,WALL-0137790,MERCH-00310,PM-04,DEV-03,2024-01-02 15:52:56,937.16,18.7432,74.9727,187,Success,Purchase,Pathein,MMK,False
TXN-20240102-0002375,WALL-0061375,MERCH-00128,PM-01,DEV-01,2024-01-02 01:21:39,34.83,0.0,0.0,3,Success,Purchase,Pokhara,NPR,False
TXN-20240102-0002376,WALL-0113394,MERCH-00048,PM-04,DEV-05,2024-01-02 20:49:43,60.0,1.2,1.2,6,Success,Purchase,Johor Bahru,MMK,False
TXN-20240102-0002377,WALL-0068155,MERCH-00285,PM-01,DEV-01,2024-01-02 17:25:13,1134.05,0.0,90.7241,226,Success,Purchase,Dhaka,BDT,False
TXN-20240102-0002378,WALL-0119837,MERCH-00070,PM-01,DEV-03,2024-01-02 15:14:31,23.78,0.0,0.4755,2,Success,Purchase,Chittagong,BDT,False
TXN-20240102-0002379,WALL-0028203,MERCH-00465,PM-05,DEV-01,2024-01-02 10:30:11,123.74,0.0,0.0,12,Success,Payment,Mandalay,MMK,False
TXN-20240102-0002380,WALL-0124491,MERCH-00282,PM-04,DEV-03,2024-01-02 23:49:53,283.89,5.6777,22.7109,56,Success,Purchase,Yangon,MMK,False
TXN-20240102-0002381,WALL-0138306,MERCH-00043,PM-04,DEV-02,2024-01-02 19:15:46,7.42,0.1485,0.1485,0,Success,Purchase,Myitkyina,MMK,False
TXN-20240102-0002382,WALL-0120646,MERCH-00182,PM-02,DEV-01,2024-01-02 13:03:31,184.42,0.3688,9.2212,18,Success,Purchase,Karachi,PKR,False
TXN-20240102-0002383,WALL-0058612,MERCH-00242,PM-04,DEV-01,2024-01-02 14:47:04,8.74,0.1749,0.0,0,Success,Subscription,Jakarta,IDR,False
TXN-20240102-0002384,WALL-0093300,MERCH-00134,PM-03,DEV-03,2024-01-02 16:03:22,176.56,1.4125,8.8282,17,Success,Purchase,Mawlamyine,MMK,False
TXN-20240102-0002385,WALL-0019486,MERCH-00364,PM-05,DEV-01,2024-01-02 17:32:33,135.18,0.0,0.0,13,Success,Bill Payment,Bali,IDR,False
TXN-20240102-0002386,WALL-0007634,MERCH-00211,PM-01,DEV-01,2024-01-02 03:09:29,19.49,0.0,0.0,1,Success,Purchase,Bangkok,THB,False
TXN-20240102-0002387,WALL-0070868,MERCH-00160,PM-03,DEV-04,2024-01-02 08:25:36,93.01,0.7441,4.6506,9,Success,Purchase,Penang,MMK,False
TXN-20240102-0002388,WALL-0111025,MERCH-00202,PM-03,DEV-01,2024-01-02 15:14:01,32.82,0.2626,0.0,3,Success,Purchase,Kathmandu,NPR,False
TXN-20240102-0002389,WALL-0135029,MERCH-00365,PM-02,DEV-01,2024-01-02 21:14:16,55.31,0.1106,0.0,5,Success,Bill Payment,Bandung,IDR,False
TXN-20240102-0002390,WALL-0080621,MERCH-00276,PM-04,DEV-03,2024-01-02 18:38:35,2498.53,49.9705,0.0,0,Failed,Purchase,Bali,IDR,False
TXN-20240102-0002391,WALL-0147667,MERCH-00138,PM-04,DEV-05,2024-01-02 07:36:07,43.35,0.8671,2.1677,4,Success,Purchase,Mandalay,MMK,False
TXN-20240102-0002392,WALL-0020816,MERCH-00469,PM-01,DEV-05,2024-01-02 12:30:29,933.43,0.0,0.0,93,Success,Payment,Pattaya,THB,False
TXN-20240102-0002393,WALL-0036436,MERCH-00124,PM-02,DEV-02,2024-01-02 21:12:31,32.47,0.0649,0.0,3,Success,Purchase,Islamabad,PKR,False
TXN-20240102-0002394,WALL-0009950,MERCH-00298,PM-01,DEV-02,2024-01-02 18:11:53,947.02,0.0,75.7615,189,Success,Purchase,Delhi,INR,False
TXN-20240102-0002395,WALL-0125304,MERCH-00331,PM-03,DEV-02,2024-01-02 14:02:09,135.27,1.0822,0.0,13,Success,Bill Payment,Taunggyi,MMK,False
TXN-20240102-0002396,WALL-0146770,MERCH-00009,PM-02,DEV-01,2024-01-02 20:24:18,26.74,0.0535,0.5347,2,Success,Purchase,Naypyidaw,MMK,False
TXN-20240102-0002397,WALL-0098266,MERCH-00094,PM-01,DEV-03,2024-01-02 16:10:54,25.24,0.0,0.0,2,Success,Purchase,Kuala Lumpur,MYR,False
TXN-20240102-0002398,WALL-0146532,MERCH-00093,PM-05,DEV-02,2024-01-02 23:31:56,201.58,0.0,0.0,20,Success,Purchase,Taunggyi,MMK,False
TXN-20240102-0002399,WALL-0040492,MERCH-00066,PM-02,DEV-03,2024-01-02 21:32:03,12.83,0.0257,0.2566,1,Success,Purchase,Mandalay,MMK,False
TXN-20240102-0002400,WALL-0022805,MERCH-00424,PM-01,DEV-03,2024-01-02 15:46:10,62.3,0.0,0.0,6,Success,Payment,Yangon,MMK,False
TXN-20240102-0002401,WALL-0055081,MERCH-00055,PM-03,DEV-01,2024-01-02 08:38:57,34.42,0.2753,0.6883,3,Success,Purchase,Bago,MMK,False
TXN-20240102-0002402,WALL-0059453,MERCH-00395,PM-02,DEV-01,2024-01-02 15:25:57,43.35,0.0867,0.0,4,Success,Purchase,Mandalay,MMK,False
TXN-20240102-0002403,WALL-0000342,MERCH-00336,PM-02,DEV-01,2024-01-02 21:10:27,107.78,0.2156,0.0,10,Success,Bill Payment,Taunggyi,MMK,False
TXN-20240102-0002404,WALL-0061148,MERCH-00145,PM-02,DEV-01,2024-01-02 11:50:49,87.01,0.174,4.3503,8,Success,Purchase,Chittagong,BDT,False
TXN-20240102-0002405,WALL-0115103,MERCH-00236,PM-01,DEV-01,2024-01-02 18:23:25,21.42,0.0,0.0,2,Success,Subscription,Singapore,SGD,False
TXN-20240102-0002406,WALL-0137308,MERCH-00023,PM-01,DEV-04,2024-01-02 19:01:01,16.43,0.0,0.3286,1,Success,Purchase,Naypyidaw,MMK,False
TXN-20240102-0002407,WALL-0070105,MERCH-00103,PM-03,DEV-01,2024-01-02 17:22:52,28.55,0.2284,0.0,2,Success,Purchase,Singapore,SGD,False
TXN-20240102-0002408,WALL-0039158,MERCH-00388,PM-01,DEV-04,2024-01-02 16:58:13,125.96,0.0,0.0,12,Success,Purchase,Pathein,MMK,True
TXN-20240102-0002409,WALL-0133425,MERCH-00202,PM-01,DEV-01,2024-01-02 23:05:23,35.95,0.0,0.0,0,Reversed,Purchase,Islamabad,PKR,False
TXN-20240102-0002410,WALL-0012698,MERCH-00091,PM-02,DEV-01,2024-01-02 16:05:38,154.85,0.3097,0.0,15,Success,Purchase,Mawlamyine,MMK,False
TXN-20240102-0002411,WALL-0088967,MERCH-00380,PM-03,DEV-03,2024-01-02 09:51:34,22.58,0.1806,0.0,2,Success,Purchase,Chiang Mai,NPR,False
TXN-20240102-0002412,WALL-0105040,MERCH-00017,PM-04,DEV-04,2024-01-02 07:25:07,14.26,0.2852,0.2852,1,Success,Purchase,Bangkok,THB,False
TXN-20240102-0002413,WALL-0033470,MERCH-00070,PM-04,DEV-01,2024-01-02 15:15:09,8.4,0.168,0.168,0,Success,Purchase,Da Nang,VND,False
TXN-20240102-0002414,WALL-0093921,MERCH-00016,PM-02,DEV-01,2024-01-02 14:47:01,5.83,0.0117,0.1165,0,Success,Purchase,Myitkyina,MMK,False
TXN-20240102-0002415,WALL-0093223,MERCH-00119,PM-01,DEV-03,2024-01-02 17:15:26,109.49,0.0,0.0,10,Success,Purchase,Bali,IDR,False
TXN-20240102-0002416,WALL-0049463,MERCH-00446,PM-02,DEV-01,2024-01-02 18:28:47,111.99,0.224,0.0,11,Success,Tax Payment,Chennai,INR,False
TXN-20240102-0002417,WALL-0062980,MERCH-00416,PM-01,DEV-01,2024-01-02 17:42:28,71.49,0.0,0.0,7,Success,Payment,Taunggyi,MMK,False
TXN-20240102-0002418,WALL-0047147,MERCH-00288,PM-02,DEV-02,2024-01-02 10:41:56,1697.55,3.3951,135.804,339,Success,Purchase,Davao,PHP,False
TXN-20240102-0002419,WALL-0036957,MERCH-00383,PM-01,DEV-03,2024-01-02 17:51:39,43.33,0.0,0.0,4,Success,Purchase,Mandalay,MMK,False
TXN-20240102-0002420,WALL-0129672,MERCH-00251,PM-02,DEV-01,2024-01-02 17:16:04,28.72,0.0574,0.0,2,Success,Subscription,Penang,MYR,False
TXN-20240102-0002421,WALL-0088894,MERCH-00234,PM-01,DEV-01,2024-01-02 15:44:19,14.13,0.0,0.0,1,Success,Subscription,Pathein,MMK,False
TXN-20240102-0002422,WALL-0020272,MERCH-00181,PM-02,DEV-01,2024-01-02 01:03:45,374.59,0.7492,18.7293,37,Success,Purchase,Chiang Mai,THB,True
TXN-20240102-0002423,WALL-0142301,MERCH-00055,PM-05,DEV-03,2024-01-02 20:51:57,6.89,0.0,0.1379,0,Success,Purchase,Johor Bahru,MYR,False
TXN-20240102-0002424,WALL-0032227,MERCH-00408,PM-01,DEV-01,2024-01-02 16:50:21,50.13,0.0,0.0,5,Success,Payment,Pattaya,THB,False
TXN-20240102-0002425,WALL-0083340,MERCH-00142,PM-04,DEV-02,2024-01-02 16:48:16,42.61,0.8523,2.1306,4,Success,Purchase,Hyderabad,INR,False
TXN-20240102-0002426,WALL-0107725,MERCH-00408,PM-01,DEV-01,2024-01-02 21:03:22,25.33,0.0,0.0,2,Success,Payment,Myitkyina,MMK,False
TXN-20240102-0002427,WALL-0039267,MERCH-00358,PM-04,DEV-01,2024-01-02 07:48:10,46.75,0.9349,0.0,0,Failed,Bill Payment,Ahmedabad,INR,False
TXN-20240102-0002428,WALL-0088222,MERCH-00080,PM-04,DEV-01,2024-01-02 13:13:46,13.25,0.265,0.265,1,Success,Purchase,Yangon,MMK,False
TXN-20240102-0002429,WALL-0013574,MERCH-00142,PM-01,DEV-01,2024-01-02 18:39:57,94.98,0.0,4.7491,9,Success,Purchase,Mawlamyine,MMK,False
TXN-20240102-0002430,WALL-0112975,MERCH-00292,PM-04,DEV-01,2024-01-02 17:37:00,230.74,4.6148,18.4593,46,Success,Purchase,Bandung,IDR,False
TXN-20240102-0002431,WALL-0109407,MERCH-00077,PM-04,DEV-01,2024-01-02 12:56:30,26.41,0.5283,0.5283,2,Success,Purchase,Bali,IDR,False
TXN-20240102-0002432,WALL-0060224,MERCH-00490,PM-02,DEV-01,2024-01-02 20:53:42,144.28,0.2886,0.0,14,Success,Payment,Delhi,INR,False
TXN-20240102-0002433,WALL-0101744,MERCH-00440,PM-01,DEV-04,2024-01-02 19:19:18,412.01,0.0,0.0,41,Success,Tax Payment,Penang,NPR,False
TXN-20240102-0002434,WALL-0086250,MERCH-00115,PM-01,DEV-01,2024-01-02 15:30:57,38.05,0.0,0.0,3,Success,Purchase,Bali,IDR,False
TXN-20240102-0002435,WALL-0132095,MERCH-00100,PM-01,DEV-01,2024-01-02 15:27:00,119.89,0.0,0.0,11,Success,Purchase,Da Nang,MMK,False
TXN-20240102-0002436,WALL-0033777,MERCH-00430,PM-02,DEV-02,2024-01-02 06:58:10,53.41,0.1068,0.0,5,Success,Payment,Singapore,SGD,False
TXN-20240102-0002437,WALL-0127166,MERCH-00204,PM-01,DEV-03,2024-01-02 21:13:52,10.31,0.0,0.0,1,Success,Purchase,Bangkok,THB,False
TXN-20240102-0002438,WALL-0003005,MERCH-00148,PM-04,DEV-01,2024-01-02 20:45:24,79.44,1.5889,3.9721,7,Success,Purchase,Myitkyina,MMK,False
TXN-20240102-0002439,WALL-0142072,MERCH-00299,PM-01,DEV-01,2024-01-02 16:42:17,307.23,0.0,24.5782,61,Success,Purchase,Colombo,LKR,False
TXN-20240102-0002440,WALL-0003187,MERCH-00238,PM-02,DEV-01,2024-01-02 16:20:52,27.84,0.0557,0.0,2,Success,Subscription,Hyderabad,INR,False
TXN-20240102-0002441,WALL-0113086,MERCH-00147,PM-03,DEV-01,2024-01-02 15:11:04,182.73,1.4618,9.1363,18,Success,Purchase,Cebu City,PHP,False
TXN-20240102-0002442,WALL-0088340,MERCH-00288,PM-02,DEV-02,2024-01-02 15:39:36,100.0,0.2,8.0,20,Success,Purchase,Yangon,MMK,False
TXN-20240102-0002443,WALL-0032819,MERCH-00339,PM-01,DEV-01,2024-01-02 03:49:12,61.66,0.0,0.0,6,Success,Bill Payment,Mandalay,MMK,False
TXN-20240102-0002444,WALL-0016127,MERCH-00095,PM-01,DEV-01,2024-01-02 07:26:11,16.51,0.0,0.0,1,Success,Purchase,Surabaya,IDR,False
TXN-20240102-0002445,WALL-0137656,MERCH-00328,PM-03,DEV-02,2024-01-02 14:51:37,67.71,0.5417,0.0,6,Success,Bill Payment,Jakarta,IDR,False
TXN-20240102-0002446,WALL-0129244,MERCH-00369,PM-02,DEV-03,2024-01-02 15:14:32,16.13,0.0323,0.0,1,Success,Bill Payment,Bangalore,THB,False
TXN-20240102-0002447,WALL-0040050,MERCH-00112,PM-03,DEV-02,2024-01-02 16:32:49,112.27,0.8981,0.0,11,Success,Purchase,Taunggyi,MMK,False
TXN-20240102-0002448,WALL-0112336,MERCH-00042,PM-02,DEV-02,2024-01-02 21:30:06,15.07,0.0301,0.3015,1,Success,Purchase,Colombo,LKR,False
TXN-20240102-0002449,WALL-0078848,MERCH-00034,PM-02,DEV-01,2024-01-02 15:17:57,53.65,0.1073,1.0731,5,Success,Purchase,Jakarta,IDR,False
TXN-20240102-0002450,WALL-0124796,MERCH-00074,PM-01,DEV-01,2024-01-02 10:51:47,46.24,0.0,0.9247,4,Success,Purchase,Phnom Penh,KHR,False
TXN-20240102-0002451,WALL-0123659,MERCH-00219,PM-04,DEV-01,2024-01-02 20:27:09,12.12,0.2425,0.0,1,Success,Purchase,Mandalay,MMK,False
TXN-20240102-0002452,WALL-0134314,MERCH-00414,PM-01,DEV-01,2024-01-02 13:49:09,161.23,0.0,0.0,16,Success,Payment,Siem Reap,KHR,False
TXN-20240102-0002453,WALL-0121029,MERCH-00408,PM-05,DEV-01,2024-01-02 11:18:51,78.41,0.0,0.0,7,Success,Payment,Myitkyina,MMK,False
TXN-20240102-0002454,WALL-0037130,MERCH-00198,PM-04,DEV-02,2024-01-02 17:55:05,13.96,0.2792,0.0,1,Success,Purchase,Yangon,MMK,False
TXN-20240102-0002455,WALL-0102609,MERCH-00152,PM-01,DEV-02,2024-01-02 18:51:45,800.42,0.0,40.0209,80,Success,Purchase,Ho Chi Minh City,VND,False
TXN-20240102-0002456,WALL-0105862,MERCH-00390,PM-01,DEV-01,2024-01-02 09:27:12,21.85,0.0,0.0,2,Success,Purchase,Yangon,MMK,False
TXN-20240102-0002457,WALL-0106904,MERCH-00062,PM-02,DEV-01,2024-01-02 13:17:49,5.47,0.0109,0.1093,0,Success,Purchase,Ahmedabad,INR,False
TXN-20240102-0002458,WALL-0111272,MERCH-00302,PM-01,DEV-03,2024-01-02 08:33:56,169.83,0.0,13.5865,33,Success,Purchase,Hyderabad,INR,False
TXN-20240102-0002459,WALL-0001783,MERCH-00160,PM-01,DEV-02,2024-01-02 17:49:40,39.32,0.0,1.9659,3,Success,Purchase,Kolkata,INR,False
TXN-20240102-0002460,WALL-0021128,MERCH-00296,PM-04,DEV-01,2024-01-02 20:20:16,100.0,2.0,8.0,20,Success,Purchase,Yangon,MMK,False
TXN-20240102-0002461,WALL-0010695,MERCH-00046,PM-04,DEV-04,2024-01-02 04:12:41,15.94,0.3188,0.3188,1,Success,Purchase,Ho Chi Minh City,VND,False
TXN-20240102-0002462,WALL-0056610,MERCH-00246,PM-04,DEV-01,2024-01-02 04:02:01,7.49,0.1498,0.0,0,Success,Subscription,Hanoi,VND,False
TXN-20240102-0002463,WALL-0090159,MERCH-00273,PM-02,DEV-01,2024-01-02 12:50:21,254.83,0.5097,20.3862,50,Success,Purchase,Pokhara,NPR,False
TXN-20240102-0002464,WALL-0010445,MERCH-00043,PM-04,DEV-03,2024-01-02 20:33:24,39.11,0.7822,0.0,0,Pending,Purchase,Mandalay,MMK,False
TXN-20240102-0002465,WALL-0003423,MERCH-00314,PM-02,DEV-02,2024-01-02 13:49:07,82.36,0.1647,0.0,8,Success,Bill Payment,Kolkata,INR,False
TXN-20240102-0002466,WALL-0031588,MERCH-00391,PM-02,DEV-05,2024-01-02 14:44:25,20.0,0.04,0.0,2,Success,Purchase,Jakarta,IDR,False
TXN-20240102-0002467,WALL-0119036,MERCH-00386,PM-01,DEV-04,2024-01-02 17:31:44,34.44,0.0,0.0,3,Success,Purchase,Islamabad,PKR,False
TXN-20240102-0002468,WALL-0040594,MERCH-00081,PM-04,DEV-03,2024-01-02 07:29:17,67.03,1.3406,0.0,6,Success,Purchase,Kolkata,INR,False
TXN-20240102-0002469,WALL-0119661,MERCH-00114,PM-02,DEV-02,2024-01-02 11:56:10,169.49,0.339,0.0,16,Success,Purchase,Chennai,INR,False
TXN-20240102-0002470,WALL-0028926,MERCH-00242,PM-03,DEV-01,2024-01-02 02:49:07,18.45,0.1476,0.0,1,Success,Subscription,Mawlamyine,VND,False
TXN-20240102-0002471,WALL-0106226,MERCH-00213,PM-02,DEV-01,2024-01-02 11:17:46,5.17,0.0103,0.0,0,Success,Purchase,Ahmedabad,INR,False
TXN-20240102-0002472,WALL-0016897,MERCH-00121,PM-02,DEV-02,2024-01-02 12:33:10,98.23,0.1965,0.0,9,Success,Purchase,Hyderabad,INR,False
TXN-20240102-0002473,WALL-0022805,MERCH-00324,PM-01,DEV-01,2024-01-02 07:17:14,50.69,0.0,0.0,5,Success,Bill Payment,Phuket,MMK,False
TXN-20240102-0002474,WALL-0108817,MERCH-00200,PM-01,DEV-01,2024-01-02 10:36:01,19.88,0.0,0.0,1,Success,Purchase,Phuket,INR,False
TXN-20240102-0002475,WALL-0059201,MERCH-00244,PM-03,DEV-01,2024-01-02 16:33:33,14.8,0.1184,0.0,1,Success,Subscription,Mawlamyine,MMK,False
TXN-20240102-0002476,WALL-0028838,MERCH-00476,PM-02,DEV-01,2024-01-02 08:13:18,93.49,0.187,0.0,9,Success,Payment,Bago,MMK,False
TXN-20240102-0002477,WALL-0015866,MERCH-00048,PM-03,DEV-02,2024-01-02 13:31:17,8.7,0.0696,0.174,0,Success,Purchase,Jakarta,IDR,False
TXN-20240102-0002478,WALL-0108397,MERCH-00263,PM-02,DEV-03,2024-01-02 13:34:26,11.7,0.0234,0.0,1,Success,Subscription,Dhaka,BDT,False
TXN-20240102-0002479,WALL-0028691,MERCH-00029,PM-01,DEV-01,2024-01-02 20:31:55,17.45,0.0,0.3489,1,Success,Purchase,Karachi,PKR,False
TXN-20240102-0002480,WALL-0040874,MERCH-00134,PM-04,DEV-01,2024-01-02 20:28:32,28.38,0.5676,1.4191,2,Success,Purchase,Surabaya,IDR,False
TXN-20240102-0002481,WALL-0077364,MERCH-00253,PM-03,DEV-01,2024-01-02 06:45:09,5.0,0.04,0.0,0,Success,Subscription,Mawlamyine,MMK,False
TXN-20240102-0002482,WALL-0138729,MERCH-00197,PM-03,DEV-01,2024-01-02 14:19:22,16.67,0.1333,0.0,1,Success,Purchase,Da Nang,THB,False
TXN-20240102-0002483,WALL-0139251,MERCH-00125,PM-03,DEV-02,2024-01-02 15:46:56,82.13,0.657,0.0,8,Success,Purchase,Naypyidaw,MMK,False
TXN-20240102-0002484,WALL-0022818,MERCH-00014,PM-05,DEV-03,2024-01-02 19:16:37,12.94,0.0,0.2587,1,Success,Purchase,Mandalay,MMK,False
TXN-20240102-0002485,WALL-0038665,MERCH-00107,PM-01,DEV-01,2024-01-02 05:45:25,108.14,0.0,0.0,10,Success,Purchase,Karachi,PKR,False
TXN-20240102-0002486,WALL-0014941,MERCH-00182,PM-03,DEV-03,2024-01-02 10:02:52,418.66,3.3493,20.9332,41,Success,Purchase,Da Nang,VND,False
TXN-20240102-0002487,WALL-0021386,MERCH-00418,PM-03,DEV-01,2024-01-02 07:25:07,65.32,0.5225,0.0,0,Pending,Payment,Mandalay,MMK,False
TXN-20240102-0002488,WALL-0089740,MERCH-00382,PM-03,DEV-01,2024-01-02 20:45:26,34.31,0.2745,0.0,3,Success,Purchase,Phuket,THB,False
TXN-20240102-0002489,WALL-0080337,MERCH-00322,PM-01,DEV-01,2024-01-02 19:31:30,101.35,0.0,0.0,10,Success,Bill Payment,Bago,MMK,False
TXN-20240102-0002490,WALL-0113634,MERCH-00438,PM-04,DEV-01,2024-01-02 13:19:25,225.67,4.5134,0.0,22,Success,Tax Payment,Chennai,MMK,False
TXN-20240102-0002491,WALL-0004990,MERCH-00077,PM-04,DEV-02,2024-01-02 17:03:50,34.86,0.6971,0.6971,3,Success,Purchase,Cebu City,PHP,False
TXN-20240102-0002492,WALL-0076386,MERCH-00158,PM-04,DEV-01,2024-01-02 18:50:38,67.51,1.3502,3.3755,6,Success,Purchase,Mumbai,INR,False
TXN-20240102-0002493,WALL-0033094,MERCH-00340,PM-03,DEV-01,2024-01-02 15:02:29,120.16,0.9613,0.0,12,Success,Bill Payment,Surabaya,IDR,False
TXN-20240102-0002494,WALL-0076612,MERCH-00056,PM-01,DEV-01,2024-01-02 03:31:39,12.62,0.0,0.2524,1,Success,Purchase,Surabaya,IDR,False
TXN-20240102-0002495,WALL-0143761,MERCH-00206,PM-01,DEV-03,2024-01-02 09:18:02,17.06,0.0,0.0,1,Success,Purchase,Singapore,SGD,False
TXN-20240102-0002496,WALL-0141876,MERCH-00257,PM-04,DEV-01,2024-01-02 13:52:23,16.34,0.3268,0.0,1,Success,Subscription,Quezon City,PHP,False
TXN-20240102-0002497,WALL-0128281,MERCH-00300,PM-01,DEV-01,2024-01-02 21:30:06,355.68,0.0,28.4541,71,Success,Purchase,Khon Kaen,THB,False
TXN-20240102-0002498,WALL-0037123,MERCH-00124,PM-02,DEV-01,2024-01-02 16:44:36,50.8,0.1016,0.0,5,Success,Purchase,Mawlamyine,MMK,False
TXN-20240102-0002499,WALL-0120017,MERCH-00161,PM-03,DEV-03,2024-01-02 21:56:19,207.16,1.6573,10.3579,20,Success,Purchase,Jaipur,INR,False
TXN-20240102-0002500,WALL-0140035,MERCH-00264,PM-01,DEV-03,2024-01-02 16:55:13,5.0,0.0,0.0,0,Success,Subscription,Taunggyi,NPR,False
TXN-20240102-0002501,WALL-0134425,MERCH-00270,PM-02,DEV-03,2024-01-02 05:41:12,44.4,0.0888,0.0,4,Success,Subscription,Cebu City,PHP,False
TXN-20240102-0002502,WALL-0079191,MERCH-00370,PM-01,DEV-01,2024-01-02 10:09:32,13.92,0.0,0.0,1,Success,Bill Payment,Chiang Mai,THB,False
TXN-20240102-0002503,WALL-0069634,MERCH-00015,PM-01,DEV-01,2024-01-02 19:56:50,52.98,0.0,1.0597,5,Success,Purchase,Lahore,PKR,False
TXN-20240102-0002504,WALL-0132761,MERCH-00270,PM-02,DEV-02,2024-01-02 21:15:30,20.22,0.0404,0.0,2,Success,Subscription,Yangon,MMK,False
TXN-20240102-0002505,WALL-0129774,MERCH-00194,PM-02,DEV-04,2024-01-02 15:35:43,8.93,0.0179,0.0,0,Success,Purchase,Jaipur,INR,False
TXN-20240102-0002506,WALL-0088811,MERCH-00250,PM-01,DEV-01,2024-01-02 10:45:30,9.22,0.0,0.0,0,Success,Subscription,Yangon,MMK,False
TXN-20240102-0002507,WALL-0123477,MERCH-00015,PM-02,DEV-02,2024-01-02 18:40:30,6.8,0.0136,0.1361,0,Success,Purchase,Pune,INR,False
TXN-20240102-0002508,WALL-0062490,MERCH-00356,PM-02,DEV-03,2024-01-02 20:27:35,39.98,0.08,0.0,3,Success,Bill Payment,Pokhara,MYR,False
TXN-20240102-0002509,WALL-0076197,MERCH-00266,PM-02,DEV-01,2024-01-02 12:17:58,14.33,0.0287,0.0,1,Success,Subscription,Mawlamyine,MMK,False
TXN-20240102-0002510,WALL-0084481,MERCH-00257,PM-01,DEV-03,2024-01-02 19:01:00,20.36,0.0,0.0,2,Success,Subscription,Johor Bahru,MYR,False
TXN-20240102-0002511,WALL-0067746,MERCH-00242,PM-03,DEV-01,2024-01-02 14:53:16,10.23,0.0818,0.0,1,Success,Subscription,Siem Reap,KHR,False
TXN-20240102-0002512,WALL-0129369,MERCH-00168,PM-02,DEV-01,2024-01-02 17:48:29,105.45,0.2109,5.2725,10,Success,Purchase,Naypyidaw,MMK,False
TXN-20240102-0002513,WALL-0010857,MERCH-00019,PM-02,DEV-02,2024-01-02 07:45:18,6.18,0.0124,0.1235,0,Success,Purchase,Hyderabad,INR,False
TXN-20240102-0002514,WALL-0070862,MERCH-00043,PM-02,DEV-01,2024-01-02 14:32:42,38.42,0.0768,0.7684,3,Success,Purchase,Penang,MYR,False
TXN-20240102-0002515,WALL-0067318,MERCH-00041,PM-01,DEV-04,2024-01-02 11:01:49,20.25,0.0,0.4049,2,Success,Purchase,Manila,PHP,False
TXN-20240102-0002516,WALL-0132974,MERCH-00132,PM-01,DEV-01,2024-01-02 18:38:15,364.07,0.0,18.2034,36,Success,Purchase,Hanoi,MMK,False
TXN-20240102-0002517,WALL-0088745,MERCH-00208,PM-05,DEV-02,2024-01-02 07:53:49,32.28,0.0,0.0,3,Success,Purchase,Quezon City,IDR,False
TXN-20240102-0002518,WALL-0035652,MERCH-00444,PM-01,DEV-02,2024-01-02 17:34:06,400.67,0.0,0.0,40,Success,Tax Payment,Phuket,THB,False
TXN-20240102-0002519,WALL-0010856,MERCH-00434,PM-03,DEV-04,2024-01-02 21:32:36,62.9,0.5032,0.0,6,Success,Tax Payment,Lahore,MMK,False
TXN-20240102-0002520,WALL-0054198,MERCH-00053,PM-02,DEV-02,2024-01-02 07:28:48,51.94,0.1039,1.0387,5,Success,Purchase,Mandalay,MMK,False
TXN-20240102-0002521,WALL-0011492,MERCH-00159,PM-01,DEV-02,2024-01-02 09:07:06,20.0,0.0,1.0,2,Success,Purchase,Kandy,LKR,False
TXN-20240102-0002522,WALL-0129865,MERCH-00122,PM-05,DEV-01,2024-01-02 18:05:36,35.21,0.0,0.0,3,Success,Purchase,Kolkata,INR,False
TXN-20240102-0002523,WALL-0008904,MERCH-00275,PM-02,DEV-01,2024-01-02 15:58:24,809.02,1.618,64.7217,161,Success,Purchase,Ahmedabad,INR,False
TXN-20240102-0002524,WALL-0063076,MERCH-00028,PM-04,DEV-01,2024-01-02 16:52:06,24.99,0.4998,0.4998,2,Success,Purchase,Myitkyina,MMK,False
TXN-20240102-0002525,WALL-0091271,MERCH-00112,PM-03,DEV-01,2024-01-02 11:55:43,41.02,0.3281,0.0,4,Success,Purchase,Delhi,MMK,False
TXN-20240102-0002526,WALL-0034083,MERCH-00091,PM-01,DEV-01,2024-01-02 20:34:46,42.91,0.0,0.0,4,Success,Purchase,Bangalore,INR,False
TXN-20240102-0002527,WALL-0063451,MERCH-00012,PM-03,DEV-01,2024-01-02 19:07:02,18.19,0.1456,0.3639,1,Success,Purchase,Karachi,PKR,False
TXN-20240102-0002528,WALL-0037710,MERCH-00177,PM-01,DEV-01,2024-01-02 23:04:51,170.72,0.0,8.5361,17,Success,Purchase,Johor Bahru,MYR,False
TXN-20240102-0002529,WALL-0121665,MERCH-00029,PM-04,DEV-03,2024-01-02 17:07:35,13.85,0.2771,0.0,0,Failed,Purchase,Quezon City,PHP,False
TXN-20240102-0002530,WALL-0106973,MERCH-00425,PM-04,DEV-01,2024-01-02 06:08:22,334.1,6.682,0.0,33,Success,Payment,Mawlamyine,INR,False
TXN-20240102-0002531,WALL-0143731,MERCH-00204,PM-01,DEV-03,2024-01-02 13:59:21,14.05,0.0,0.0,1,Success,Purchase,Myitkyina,MMK,False
TXN-20240102-0002532,WALL-0111122,MERCH-00348,PM-01,DEV-01,2024-01-02 12:27:30,38.3,0.0,0.0,3,Success,Bill Payment,Naypyidaw,MMK,False
TXN-20240102-0002533,WALL-0101474,MERCH-00394,PM-02,DEV-01,2024-01-02 21:28:57,54.89,0.1098,0.0,5,Success,Purchase,Myitkyina,MMK,False
TXN-20240102-0002534,WALL-0048045,MERCH-00074,PM-05,DEV-03,2024-01-02 11:18:14,24.58,0.0,0.4917,2,Success,Purchase,Johor Bahru,MYR,False
TXN-20240102-0002535,WALL-0138711,MERCH-00165,PM-04,DEV-02,2024-01-02 18:19:15,78.51,1.5702,3.9256,7,Success,Purchase,Ho Chi Minh City,VND,False
TXN-20240102-0002536,WALL-0123844,MERCH-00422,PM-01,DEV-05,2024-01-02 07:23:57,110.66,0.0,0.0,11,Success,Payment,Cebu City,PHP,False
TXN-20240102-0002537,WALL-0007948,MERCH-00021,PM-01,DEV-01,2024-01-02 11:03:45,30.38,0.0,0.6077,3,Success,Purchase,Naypyidaw,MMK,False
TXN-20240102-0002538,WALL-0005799,MERCH-00302,PM-01,DEV-02,2024-01-02 07:31:54,318.75,0.0,25.4999,63,Success,Purchase,Singapore,SGD,False
TXN-20240102-0002539,WALL-0042180,MERCH-00070,PM-04,DEV-03,2024-01-02 13:26:41,25.42,0.5083,0.5083,2,Success,Purchase,Myitkyina,MMK,False
TXN-20240102-0002540,WALL-0039309,MERCH-00037,PM-03,DEV-02,2024-01-02 11:07:46,5.0,0.04,0.1,0,Success,Purchase,Mandalay,MMK,False
TXN-20240102-0002541,WALL-0128643,MERCH-00336,PM-02,DEV-01,2024-01-02 12:20:35,76.41,0.1528,0.0,7,Success,Bill Payment,Myitkyina,MMK,False
TXN-20240102-0002542,WALL-0081900,MERCH-00027,PM-02,DEV-01,2024-01-02 19:27:14,11.95,0.0239,0.2391,1,Success,Purchase,Islamabad,PKR,False
TXN-20240102-0002543,WALL-0019509,MERCH-00342,PM-01,DEV-03,2024-01-02 17:00:38,63.83,0.0,0.0,6,Success,Bill Payment,Mawlamyine,MMK,False
TXN-20240102-0002544,WALL-0063396,MERCH-00406,PM-02,DEV-01,2024-01-02 14:10:30,132.15,0.2643,0.0,13,Success,Payment,Mandalay,MMK,False
TXN-20240102-0002545,WALL-0110851,MERCH-00435,PM-02,DEV-02,2024-01-02 20:20:31,105.43,0.2109,0.0,10,Success,Tax Payment,Pune,INR,False
TXN-20240102-0002546,WALL-0015850,MERCH-00268,PM-02,DEV-01,2024-01-02 21:22:22,5.0,0.01,0.0,0,Success,Subscription,Yangon,MMK,False
TXN-20240102-0002547,WALL-0081969,MERCH-00266,PM-01,DEV-01,2024-01-02 19:37:12,14.64,0.0,0.0,1,Success,Subscription,Khon Kaen,THB,False
TXN-20240102-0002548,WALL-0044377,MERCH-00013,PM-03,DEV-03,2024-01-02 10:28:10,9.9,0.0792,0.1979,0,Success,Purchase,Chittagong,BDT,False
TXN-20240102-0002549,WALL-0141400,MERCH-00388,PM-04,DEV-02,2024-01-02 17:20:31,27.3,0.546,0.0,2,Success,Purchase,Taunggyi,MMK,False
TXN-20240102-0002550,WALL-0024241,MERCH-00232,PM-04,DEV-01,2024-01-02 12:48:21,20.86,0.4173,0.0,2,Success,Subscription,Pathein,MMK,False
TXN-20240102-0002551,WALL-0051521,MERCH-00169,PM-01,DEV-02,2024-01-02 11:02:39,352.59,0.0,17.6297,35,Success,Purchase,Pokhara,NPR,False
TXN-20240102-0002552,WALL-0087570,MERCH-00098,PM-03,DEV-05,2024-01-02 21:21:53,62.11,0.4969,0.0,6,Success,Purchase,Phuket,THB,False
TXN-20240102-0002553,WALL-0118840,MERCH-00227,PM-01,DEV-01,2024-01-02 01:29:14,24.75,0.0,0.0,2,Success,Purchase,Yangon,MMK,False
TXN-20240102-0002554,WALL-0008908,MERCH-00401,PM-01,DEV-05,2024-01-02 14:31:04,51.61,0.0,0.0,5,Success,Payment,Mandalay,MMK,False
TXN-20240102-0002555,WALL-0138039,MERCH-00170,PM-01,DEV-03,2024-01-02 22:58:18,282.01,0.0,14.1005,28,Success,Purchase,Pathein,MMK,False
TXN-20240102-0002556,WALL-0112807,MERCH-00055,PM-03,DEV-01,2024-01-02 13:18:54,25.31,0.2025,0.5061,2,Success,Purchase,Surabaya,IDR,False
TXN-20240102-0002557,WALL-0019594,MERCH-00036,PM-01,DEV-01,2024-01-02 12:14:45,11.01,0.0,0.2202,1,Success,Purchase,Mandalay,MMK,False
TXN-20240102-0002558,WALL-0120773,MERCH-00074,PM-04,DEV-02,2024-01-02 08:31:29,8.28,0.1656,0.1656,0,Success,Purchase,Yangon,MMK,False
TXN-20240102-0002559,WALL-0109582,MERCH-00183,PM-01,DEV-01,2024-01-02 19:39:43,490.12,0.0,24.5059,49,Success,Purchase,Da Nang,VND,False
TXN-20240102-0002560,WALL-0095109,MERCH-00195,PM-01,DEV-05,2024-01-02 17:41:31,7.07,0.0,0.0,0,Success,Purchase,Dhaka,BDT,False
TXN-20240102-0002561,WALL-0129534,MERCH-00001,PM-02,DEV-01,2024-01-02 20:25:59,13.16,0.0263,0.2632,1,Success,Purchase,Cebu City,PHP,False
TXN-20240102-0002562,WALL-0120887,MERCH-00080,PM-03,DEV-01,2024-01-02 19:34:36,21.17,0.1694,0.4235,2,Success,Purchase,Yangon,MMK,False
TXN-20240102-0002563,WALL-0109331,MERCH-00394,PM-01,DEV-01,2024-01-02 19:53:08,54.44,0.0,0.0,5,Success,Purchase,Pathein,MMK,False
TXN-20240102-0002564,WALL-0027634,MERCH-00021,PM-02,DEV-02,2024-01-02 13:11:08,65.78,0.1316,1.3157,6,Success,Purchase,Bago,MMK,False
TXN-20240102-0002565,WALL-0009762,MERCH-00182,PM-02,DEV-01,2024-01-02 06:39:20,119.79,0.2396,5.9894,11,Success,Purchase,Taunggyi,MMK,False
TXN-20240102-0002566,WALL-0061830,MERCH-00407,PM-01,DEV-02,2024-01-02 13:33:53,22.93,0.0,0.0,2,Success,Payment,Pokhara,NPR,False
TXN-20240102-0002567,WALL-0055912,MERCH-00229,PM-02,DEV-02,2024-01-02 15:34:42,14.06,0.0281,0.0,1,Success,Purchase,Bandung,IDR,False
TXN-20240102-0002568,WALL-0006469,MERCH-00390,PM-01,DEV-03,2024-01-02 06:03:20,28.82,0.0,0.0,2,Success,Purchase,Islamabad,PKR,False
TXN-20240102-0002569,WALL-0047633,MERCH-00131,PM-03,DEV-05,2024-01-02 13:54:41,385.79,3.0864,19.2897,38,Success,Purchase,Bangkok,THB,False
TXN-20240102-0002570,WALL-0066300,MERCH-00066,PM-02,DEV-02,2024-01-02 10:35:50,10.73,0.0215,0.2145,1,Success,Purchase,Ho Chi Minh City,VND,False
TXN-20240102-0002571,WALL-0015398,MERCH-00427,PM-04,DEV-01,2024-01-02 09:03:42,109.63,2.1925,0.0,10,Success,Payment,Bago,MMK,False
TXN-20240102-0002572,WALL-0072552,MERCH-00298,PM-01,DEV-01,2024-01-02 15:32:59,1377.86,0.0,110.2292,275,Success,Purchase,Penang,VND,False
TXN-20240102-0002573,WALL-0062418,MERCH-00286,PM-01,DEV-03,2024-01-02 10:34:32,502.52,0.0,40.2013,100,Success,Purchase,Singapore,SGD,False
TXN-20240102-0002574,WALL-0052127,MERCH-00174,PM-01,DEV-01,2024-01-02 07:09:09,108.2,0.0,5.41,10,Success,Purchase,Pathein,MMK,False
TXN-20240102-0002575,WALL-0003672,MERCH-00004,PM-03,DEV-02,2024-01-02 19:09:05,22.91,0.1833,0.4582,2,Success,Purchase,Hanoi,VND,False
TXN-20240102-0002576,WALL-0142072,MERCH-00109,PM-01,DEV-01,2024-01-02 06:44:14,36.06,0.0,0.0,3,Success,Purchase,Colombo,LKR,False
TXN-20240102-0002577,WALL-0016800,MERCH-00445,PM-03,DEV-02,2024-01-02 04:27:35,374.74,2.9979,0.0,0,Failed,Tax Payment,Taunggyi,MMK,False
TXN-20240102-0002578,WALL-0124290,MERCH-00275,PM-01,DEV-01,2024-01-02 14:17:51,125.43,0.0,10.0347,25,Success,Purchase,Penang,MYR,False
TXN-20240102-0002579,WALL-0033810,MERCH-00369,PM-02,DEV-05,2024-01-02 13:38:30,12.19,0.0244,0.0,1,Success,Bill Payment,Bago,MMK,False
TXN-20240102-0002580,WALL-0012862,MERCH-00139,PM-01,DEV-01,2024-01-02 18:37:53,101.93,0.0,5.0964,10,Success,Purchase,Yangon,MMK,False
TXN-20240102-0002581,WALL-0111043,MERCH-00340,PM-03,DEV-01,2024-01-02 06:51:12,155.1,1.2408,0.0,15,Success,Bill Payment,Bago,MMK,False
TXN-20240102-0002582,WALL-0007778,MERCH-00235,PM-01,DEV-02,2024-01-02 13:46:00,26.02,0.0,0.0,2,Success,Subscription,Pathein,MMK,False
TXN-20240102-0002583,WALL-0050939,MERCH-00150,PM-03,DEV-01,2024-01-02 20:13:07,43.74,0.3499,2.187,4,Success,Purchase,Naypyidaw,MMK,False
TXN-20240102-0002584,WALL-0064011,MERCH-00326,PM-02,DEV-03,2024-01-02 08:07:12,57.11,0.1142,0.0,5,Success,Bill Payment,Bago,MMK,False
TXN-20240102-0002585,WALL-0040527,MERCH-00193,PM-01,DEV-01,2024-01-02 10:21:09,16.84,0.0,0.0,0,Reversed,Purchase,Penang,MYR,False
TXN-20240102-0002586,WALL-0126260,MERCH-00013,PM-01,DEV-03,2024-01-02 11:18:13,23.65,0.0,0.4729,2,Success,Purchase,Naypyidaw,MMK,False
TXN-20240102-0002587,WALL-0088653,MERCH-00019,PM-04,DEV-01,2024-01-02 15:52:41,42.61,0.8521,0.8521,4,Success,Purchase,Myitkyina,MMK,False
TXN-20240102-0002588,WALL-0059238,MERCH-00014,PM-03,DEV-01,2024-01-02 16:28:56,9.58,0.0766,0.1916,0,Success,Purchase,Naypyidaw,MMK,False
TXN-20240102-0002589,WALL-0136122,MERCH-00176,PM-01,DEV-03,2024-01-02 21:11:31,48.12,0.0,2.4062,4,Success,Purchase,Manila,PHP,False
TXN-20240102-0002590,WALL-0019899,MERCH-00116,PM-02,DEV-01,2024-01-02 18:42:12,83.17,0.1663,0.0,8,Success,Purchase,Bago,MMK,False
TXN-20240102-0002591,WALL-0048106,MERCH-00208,PM-02,DEV-01,2024-01-02 09:04:41,6.44,0.0129,0.0,0,Success,Purchase,Chennai,IDR,False
TXN-20240102-0002592,WALL-0146115,MERCH-00015,PM-05,DEV-01,2024-01-02 15:18:53,26.2,0.0,0.524,2,Success,Purchase,Surabaya,IDR,False
TXN-20240102-0002593,WALL-0148109,MERCH-00019,PM-02,DEV-01,2024-01-02 19:40:25,20.01,0.04,0.4002,2,Success,Purchase,Bangalore,INR,False
TXN-20240102-0002594,WALL-0134925,MERCH-00128,PM-03,DEV-01,2024-01-02 11:58:56,90.66,0.7253,0.0,9,Success,Purchase,Taunggyi,MMK,False
TXN-20240102-0002595,WALL-0092819,MERCH-00084,PM-03,DEV-02,2024-01-02 05:00:48,26.25,0.21,0.0,2,Success,Purchase,Pathein,MMK,False
TXN-20240102-0002596,WALL-0077631,MERCH-00273,PM-02,DEV-01,2024-01-02 15:56:50,215.82,0.4316,17.2653,43,Success,Purchase,Siem Reap,KHR,False
TXN-20240102-0002597,WALL-0145954,MERCH-00393,PM-04,DEV-01,2024-01-02 06:03:14,63.41,1.2682,0.0,6,Success,Purchase,Naypyidaw,MMK,False
TXN-20240102-0002598,WALL-0105031,MERCH-00012,PM-01,DEV-02,2024-01-02 14:43:23,16.15,0.0,0.3231,1,Success,Purchase,Cebu City,PHP,False
TXN-20240102-0002599,WALL-0130808,MERCH-00255,PM-01,DEV-03,2024-01-02 18:36:16,7.47,0.0,0.0,0,Success,Subscription,Mawlamyine,MMK,False
TXN-20240102-0002600,WALL-0006640,MERCH-00253,PM-01,DEV-01,2024-01-02 13:38:58,45.27,0.0,0.0,4,Success,Subscription,Lahore,PKR,False
TXN-20240102-0002601,WALL-0035836,MERCH-00466,PM-04,DEV-02,2024-01-02 06:38:25,82.39,1.6479,0.0,8,Success,Payment,Naypyidaw,THB,False
TXN-20240102-0002602,WALL-0014789,MERCH-00046,PM-05,DEV-03,2024-01-02 04:41:08,35.61,0.0,0.7121,3,Success,Purchase,Kandy,LKR,False
TXN-20240102-0002603,WALL-0112758,MERCH-00312,PM-05,DEV-04,2024-01-02 18:04:06,153.99,0.0,0.0,15,Success,Bill Payment,Mandalay,MMK,False
TXN-20240102-0002604,WALL-0061928,MERCH-00005,PM-01,DEV-01,2024-01-02 07:12:41,80.53,0.0,0.0,0,Reversed,Purchase,Cebu City,PHP,False
TXN-20240102-0002605,WALL-0000428,MERCH-00404,PM-01,DEV-02,2024-01-02 14:33:05,34.29,0.0,0.0,3,Success,Payment,Colombo,LKR,False
TXN-20240102-0002606,WALL-0104969,MERCH-00471,PM-01,DEV-05,2024-01-02 18:03:40,238.46,0.0,0.0,23,Success,Payment,Myitkyina,MMK,False
TXN-20240102-0002607,WALL-0052211,MERCH-00046,PM-01,DEV-01,2024-01-02 08:04:05,25.35,0.0,0.507,2,Success,Purchase,Naypyidaw,MMK,False
TXN-20240102-0002608,WALL-0134754,MERCH-00145,PM-01,DEV-05,2024-01-02 21:20:00,25.88,0.0,1.2941,2,Success,Purchase,Bali,IDR,False
TXN-20240102-0002609,WALL-0106077,MERCH-00401,PM-03,DEV-01,2024-01-02 15:31:07,22.97,0.1838,0.0,2,Success,Payment,Pattaya,THB,False
TXN-20240102-0002610,WALL-0148902,MERCH-00435,PM-01,DEV-03,2024-01-02 06:07:36,479.07,0.0,0.0,47,Success,Tax Payment,Mandalay,MMK,False
TXN-20240102-0002611,WALL-0086561,MERCH-00017,PM-02,DEV-01,2024-01-02 13:19:39,38.8,0.0776,0.776,3,Success,Purchase,Da Nang,VND,False
TXN-20240102-0002612,WALL-0052011,MERCH-00095,PM-02,DEV-01,2024-01-02 23:25:45,56.29,0.1126,0.0,5,Success,Purchase,Kuala Lumpur,MMK,False
TXN-20240102-0002613,WALL-0038083,MERCH-00066,PM-04,DEV-01,2024-01-02 16:19:52,21.66,0.4333,0.4333,2,Success,Purchase,Penang,MYR,False
TXN-20240102-0002614,WALL-0118044,MERCH-00201,PM-01,DEV-01,2024-01-02 21:59:37,19.24,0.0,0.0,1,Success,Purchase,Taunggyi,MMK,False
TXN-20240102-0002615,WALL-0132798,MERCH-00063,PM-05,DEV-02,2024-01-02 02:17:34,9.56,0.0,0.1912,0,Success,Purchase,Karachi,PKR,False
TXN-20240102-0002616,WALL-0099775,MERCH-00045,PM-02,DEV-01,2024-01-02 17:01:58,20.53,0.0411,0.4106,2,Success,Purchase,Pattaya,THB,False
TXN-20240102-0002617,WALL-0096426,MERCH-00099,PM-05,DEV-01,2024-01-02 08:25:13,36.79,0.0,0.0,0,Reversed,Purchase,Taunggyi,MMK,False
TXN-20240102-0002618,WALL-0099428,MERCH-00360,PM-03,DEV-03,2024-01-02 15:03:57,37.62,0.3009,0.0,3,Success,Bill Payment,Dhaka,BDT,False
TXN-20240102-0002619,WALL-0025125,MERCH-00360,PM-04,DEV-01,2024-01-02 21:57:30,56.15,1.123,0.0,5,Success,Bill Payment,Pathein,MMK,False
TXN-20240102-0002620,WALL-0051981,MERCH-00370,PM-01,DEV-01,2024-01-02 13:57:58,23.04,0.0,0.0,0,Failed,Bill Payment,Hyderabad,INR,False
TXN-20240102-0002621,WALL-0000401,MERCH-00266,PM-01,DEV-01,2024-01-02 14:09:10,6.6,0.0,0.0,0,Success,Subscription,Hyderabad,MMK,False
TXN-20240102-0002622,WALL-0121308,MERCH-00239,PM-04,DEV-01,2024-01-02 18:12:46,9.09,0.1818,0.0,0,Success,Subscription,Naypyidaw,INR,False
TXN-20240102-0002623,WALL-0129821,MERCH-00355,PM-01,DEV-01,2024-01-02 09:13:53,30.6,0.0,0.0,3,Success,Bill Payment,Penang,MYR,False
TXN-20240102-0002624,WALL-0067441,MERCH-00299,PM-01,DEV-01,2024-01-02 21:51:21,263.63,0.0,21.0901,52,Success,Purchase,Jaipur,INR,False
TXN-20240102-0002625,WALL-0073676,MERCH-00195,PM-03,DEV-02,2024-01-02 15:48:37,12.18,0.0974,0.0,1,Success,Purchase,Kathmandu,NPR,False
TXN-20240102-0002626,WALL-0079715,MERCH-00148,PM-02,DEV-02,2024-01-02 17:55:57,331.52,0.663,16.576,33,Success,Purchase,Surabaya,IDR,False
TXN-20240102-0002627,WALL-0094733,MERCH-00140,PM-02,DEV-01,2024-01-02 12:48:18,51.42,0.1028,2.571,5,Success,Purchase,Taunggyi,MMK,False
TXN-20240102-0002628,WALL-0094620,MERCH-00224,PM-03,DEV-01,2024-01-02 12:33:13,8.95,0.0716,0.0,0,Success,Purchase,Kolkata,INR,False
TXN-20240102-0002629,WALL-0037220,MERCH-00266,PM-01,DEV-01,2024-01-02 14:00:33,7.92,0.0,0.0,0,Success,Subscription,Cebu City,PHP,False
TXN-20240102-0002630,WALL-0101187,MERCH-00016,PM-04,DEV-01,2024-01-02 15:54:29,16.35,0.327,0.327,1,Success,Purchase,Kandy,LKR,False
TXN-20240102-0002631,WALL-0120896,MERCH-00357,PM-05,DEV-01,2024-01-02 12:11:38,39.76,0.0,0.0,3,Success,Bill Payment,Phuket,THB,False
TXN-20240102-0002632,WALL-0095797,MERCH-00032,PM-01,DEV-03,2024-01-02 06:13:28,25.19,0.0,0.5038,2,Success,Purchase,Naypyidaw,THB,False
TXN-20240102-0002633,WALL-0121159,MERCH-00150,PM-04,DEV-01,2024-01-02 15:46:44,92.32,1.8464,4.6159,9,Success,Purchase,Colombo,LKR,False
TXN-20240102-0002634,WALL-0066340,MERCH-00181,PM-04,DEV-05,2024-01-02 15:00:51,29.05,0.581,1.4525,2,Success,Purchase,Penang,MYR,False
TXN-20240102-0002635,WALL-0124733,MERCH-00102,PM-04,DEV-02,2024-01-02 09:00:56,122.77,2.4554,0.0,12,Success,Purchase,Yangon,MMK,False
TXN-20240102-0002636,WALL-0058086,MERCH-00192,PM-02,DEV-03,2024-01-02 16:02:01,6.68,0.0134,0.0,0,Success,Purchase,Taunggyi,MMK,False
TXN-20240102-0002637,WALL-0099484,MERCH-00073,PM-02,DEV-02,2024-01-02 06:20:11,11.6,0.0232,0.2321,1,Success,Purchase,Kandy,LKR,False
TXN-20240102-0002638,WALL-0146683,MERCH-00037,PM-04,DEV-05,2024-01-02 18:25:38,29.6,0.5921,0.5921,2,Success,Purchase,Quezon City,PHP,False
TXN-20240102-0002639,WALL-0011866,MERCH-00018,PM-01,DEV-01,2024-01-02 16:45:52,17.38,0.0,0.3475,1,Success,Purchase,Yangon,LKR,False
TXN-20240102-0002640,WALL-0066229,MERCH-00026,PM-01,DEV-01,2024-01-02 18:01:18,44.02,0.0,0.8804,4,Success,Purchase,Phnom Penh,KHR,False
TXN-20240102-0002641,WALL-0017248,MERCH-00326,PM-01,DEV-03,2024-01-02 20:20:48,80.59,0.0,0.0,0,Failed,Bill Payment,Islamabad,PKR,False
TXN-20240102-0002642,WALL-0103448,MERCH-00211,PM-01,DEV-01,2024-01-02 00:35:36,20.49,0.0,0.0,2,Success,Purchase,Pathein,MMK,False
TXN-20240102-0002643,WALL-0121686,MERCH-00126,PM-03,DEV-01,2024-01-02 13:46:03,66.54,0.5323,0.0,6,Success,Purchase,Myitkyina,INR,False
TXN-20240102-0002644,WALL-0147671,MERCH-00476,PM-01,DEV-01,2024-01-02 08:23:36,50.0,0.0,0.0,5,Success,Payment,Chittagong,BDT,False
TXN-20240102-0002645,WALL-0024798,MERCH-00127,PM-02,DEV-01,2024-01-02 12:12:15,138.78,0.2776,0.0,13,Success,Purchase,Bangalore,MMK,True
TXN-20240102-0002646,WALL-0130518,MERCH-00373,PM-01,DEV-03,2024-01-02 21:52:01,37.87,0.0,0.0,3,Success,Purchase,Yangon,MMK,False
TXN-20240102-0002647,WALL-0065479,MERCH-00377,PM-01,DEV-01,2024-01-02 20:39:47,22.49,0.0,0.0,2,Success,Purchase,Pune,INR,False
TXN-20240102-0002648,WALL-0084889,MERCH-00383,PM-04,DEV-03,2024-01-02 20:01:38,80.02,1.6004,0.0,8,Success,Purchase,Bago,MMK,False
TXN-20240102-0002649,WALL-0041667,MERCH-00172,PM-01,DEV-03,2024-01-02 09:02:30,69.17,0.0,3.4584,6,Success,Purchase,Singapore,MMK,False
TXN-20240102-0002650,WALL-0120052,MERCH-00441,PM-04,DEV-01,2024-01-02 06:27:22,50.0,1.0,0.0,5,Success,Tax Payment,Ahmedabad,THB,False
TXN-20240102-0002651,WALL-0068516,MERCH-00340,PM-03,DEV-02,2024-01-02 21:27:24,83.45,0.6676,0.0,8,Success,Bill Payment,Phuket,PKR,False
TXN-20240102-0002652,WALL-0075607,MERCH-00100,PM-02,DEV-02,2024-01-02 15:37:10,104.53,0.2091,0.0,10,Success,Purchase,Yangon,MMK,False
TXN-20240102-0002653,WALL-0069621,MERCH-00012,PM-03,DEV-02,2024-01-02 14:34:40,11.5,0.092,0.2301,1,Success,Purchase,Mawlamyine,MMK,False
TXN-20240102-0002654,WALL-0011915,MERCH-00106,PM-05,DEV-02,2024-01-02 11:58:48,96.86,0.0,0.0,9,Success,Purchase,Kolkata,INR,False
TXN-20240102-0002655,WALL-0045067,MERCH-00235,PM-03,DEV-01,2024-01-02 16:46:51,19.07,0.1525,0.0,1,Success,Subscription,Manila,PHP,False
TXN-20240102-0002656,WALL-0141141,MERCH-00182,PM-03,DEV-01,2024-01-02 09:46:09,36.97,0.2958,1.8485,3,Success,Purchase,Surabaya,IDR,False
TXN-20240102-0002657,WALL-0072112,MERCH-00183,PM-02,DEV-01,2024-01-02 21:34:24,243.68,0.4874,12.184,24,Success,Purchase,Pathein,MMK,False
TXN-20240102-0002658,WALL-0139716,MERCH-00102,PM-02,DEV-01,2024-01-02 21:12:16,22.83,0.0457,0.0,2,Success,Purchase,Lahore,PKR,False
TXN-20240102-0002659,WALL-0017877,MERCH-00142,PM-01,DEV-03,2024-01-02 21:26:18,99.04,0.0,4.9519,9,Success,Purchase,Hyderabad,INR,False
TXN-20240102-0002660,WALL-0090621,MERCH-00026,PM-02,DEV-01,2024-01-02 14:02:56,58.89,0.1178,1.1778,5,Success,Purchase,Kuala Lumpur,MYR,False
TXN-20240102-0002661,WALL-0105899,MERCH-00010,PM-03,DEV-02,2024-01-02 19:30:52,19.18,0.1535,0.3836,1,Success,Purchase,Ahmedabad,INR,False
TXN-20240102-0002662,WALL-0103507,MERCH-00059,PM-04,DEV-01,2024-01-02 20:20:18,7.03,0.1407,0.1407,0,Success,Purchase,Myitkyina,MMK,False
TXN-20240102-0002663,WALL-0114069,MERCH-00103,PM-01,DEV-02,2024-01-02 19:35:58,31.12,0.0,0.0,3,Success,Purchase,Islamabad,PKR,False
TXN-20240102-0002664,WALL-0035117,MERCH-00400,PM-01,DEV-01,2024-01-02 17:09:07,63.57,0.0,0.0,6,Success,Purchase,Bago,MMK,False
TXN-20240102-0002665,WALL-0061488,MERCH-00484,PM-04,DEV-01,2024-01-02 17:32:23,257.74,5.1548,0.0,25,Success,Payment,Bangalore,PKR,False
TXN-20240102-0002666,WALL-0010156,MERCH-00291,PM-01,DEV-01,2024-01-02 15:11:38,3805.39,0.0,304.4316,761,Success,Purchase,Johor Bahru,MYR,False
TXN-20240102-0002667,WALL-0107843,MERCH-00097,PM-01,DEV-01,2024-01-02 13:21:03,73.11,0.0,0.0,7,Success,Purchase,Phuket,MMK,False
TXN-20240102-0002668,WALL-0026802,MERCH-00371,PM-02,DEV-01,2024-01-02 06:10:31,127.21,0.2544,0.0,12,Success,Purchase,Phuket,THB,False
TXN-20240102-0002669,WALL-0014200,MERCH-00102,PM-03,DEV-01,2024-01-02 00:40:06,60.44,0.4835,0.0,6,Success,Purchase,Kathmandu,NPR,False
TXN-20240102-0002670,WALL-0117806,MERCH-00353,PM-01,DEV-02,2024-01-02 13:01:34,55.58,0.0,0.0,5,Success,Bill Payment,Phnom Penh,MMK,False
TXN-20240102-0002671,WALL-0087821,MERCH-00267,PM-04,DEV-01,2024-01-02 04:37:27,45.36,0.9072,0.0,4,Success,Subscription,Mawlamyine,MMK,False
TXN-20240102-0002672,WALL-0107309,MERCH-00235,PM-05,DEV-03,2024-01-02 21:25:02,6.55,0.0,0.0,0,Success,Subscription,Taunggyi,MMK,False
TXN-20240102-0002673,WALL-0100567,MERCH-00086,PM-01,DEV-01,2024-01-02 06:26:36,190.07,0.0,0.0,19,Success,Purchase,Manila,MMK,False
TXN-20240102-0002674,WALL-0099046,MERCH-00100,PM-01,DEV-03,2024-01-02 23:50:12,177.63,0.0,0.0,17,Success,Purchase,Bago,MMK,False
TXN-20240102-0002675,WALL-0039230,MERCH-00413,PM-03,DEV-01,2024-01-02 10:13:20,28.96,0.2316,0.0,2,Success,Payment,Johor Bahru,MYR,False
TXN-20240102-0002676,WALL-0047365,MERCH-00323,PM-02,DEV-01,2024-01-02 13:50:19,157.43,0.3149,0.0,15,Success,Bill Payment,Mawlamyine,MMK,False
TXN-20240102-0002677,WALL-0073527,MERCH-00244,PM-04,DEV-02,2024-01-02 14:53:01,14.84,0.2968,0.0,1,Success,Subscription,Taunggyi,MMK,False
TXN-20240102-0002678,WALL-0016441,MERCH-00140,PM-04,DEV-01,2024-01-02 20:48:26,58.14,1.1629,2.9071,5,Success,Purchase,Bago,MMK,False
TXN-20240102-0002679,WALL-0110461,MERCH-00437,PM-01,DEV-03,2024-01-02 14:11:31,93.13,0.0,0.0,9,Success,Tax Payment,Cebu City,PHP,False
TXN-20240102-0002680,WALL-0124272,MERCH-00050,PM-01,DEV-01,2024-01-02 07:27:09,9.07,0.0,0.1813,0,Success,Purchase,Mumbai,INR,False
TXN-20240102-0002681,WALL-0063821,MERCH-00044,PM-01,DEV-01,2024-01-02 12:07:39,37.85,0.0,0.7571,3,Success,Purchase,Taunggyi,MMK,False
TXN-20240102-0002682,WALL-0055796,MERCH-00299,PM-01,DEV-01,2024-01-02 15:46:32,227.44,0.0,18.195,45,Success,Purchase,Da Nang,VND,False
TXN-20240102-0002683,WALL-0038053,MERCH-00428,PM-04,DEV-01,2024-01-02 17:30:52,57.05,1.141,0.0,5,Success,Payment,Ho Chi Minh City,VND,False
TXN-20240102-0002684,WALL-0020019,MERCH-00311,PM-02,DEV-01,2024-01-02 14:21:06,211.28,0.4226,0.0,21,Success,Bill Payment,Karachi,PKR,False
TXN-20240102-0002685,WALL-0145264,MERCH-00043,PM-02,DEV-02,2024-01-02 13:47:41,11.46,0.0229,0.2292,1,Success,Purchase,Karachi,PKR,False
TXN-20240102-0002686,WALL-0073159,MERCH-00074,PM-03,DEV-05,2024-01-02 10:59:16,23.89,0.1911,0.4779,2,Success,Purchase,Mawlamyine,MMK,False
TXN-20240102-0002687,WALL-0000439,MERCH-00351,PM-02,DEV-01,2024-01-02 05:26:01,28.71,0.0574,0.0,2,Success,Bill Payment,Mandalay,MMK,False
TXN-20240102-0002688,WALL-0019511,MERCH-00070,PM-01,DEV-01,2024-01-02 20:43:02,47.13,0.0,0.9426,4,Success,Purchase,Islamabad,PKR,False
TXN-20240102-0002689,WALL-0100297,MERCH-00147,PM-03,DEV-01,2024-01-02 21:07:58,54.48,0.4359,2.7242,5,Success,Purchase,Myitkyina,MMK,False
TXN-20240102-0002690,WALL-0141433,MERCH-00270,PM-03,DEV-05,2024-01-02 09:46:49,31.41,0.2513,0.0,3,Success,Subscription,Yangon,MMK,False
TXN-20240102-0002691,WALL-0148520,MERCH-00264,PM-04,DEV-02,2024-01-02 12:18:52,11.62,0.2323,0.0,1,Success,Subscription,Hyderabad,INR,False
TXN-20240102-0002692,WALL-0059953,MERCH-00108,PM-02,DEV-01,2024-01-02 11:21:14,71.79,0.1436,0.0,7,Success,Purchase,Pokhara,NPR,False
TXN-20240102-0002693,WALL-0030934,MERCH-00096,PM-04,DEV-02,2024-01-02 16:44:13,65.44,1.3087,0.0,6,Success,Purchase,Bali,IDR,False
TXN-20240102-0002694,WALL-0015335,MERCH-00208,PM-01,DEV-01,2024-01-02 21:37:37,18.69,0.0,0.0,1,Success,Purchase,Bago,MMK,False
TXN-20240102-0002695,WALL-0134556,MERCH-00062,PM-01,DEV-01,2024-01-02 16:41:33,20.28,0.0,0.4055,2,Success,Purchase,Pattaya,MMK,False
TXN-20240102-0002696,WALL-0109150,MERCH-00288,PM-02,DEV-01,2024-01-02 17:36:45,857.59,1.7152,68.6072,171,Success,Purchase,Mandalay,MMK,False
TXN-20240102-0002697,WALL-0015123,MERCH-00309,PM-01,DEV-02,2024-01-02 08:52:39,595.33,0.0,47.6267,119,Success,Purchase,Bago,MMK,False
TXN-20240102-0002698,WALL-0146406,MERCH-00032,PM-03,DEV-01,2024-01-02 18:29:36,36.88,0.295,0.7375,3,Success,Purchase,Quezon City,PHP,False
TXN-20240102-0002699,WALL-0138560,MERCH-00434,PM-03,DEV-01,2024-01-02 21:41:44,50.0,0.4,0.0,5,Success,Tax Payment,Colombo,LKR,False
TXN-20240102-0002700,WALL-0041021,MERCH-00121,PM-01,DEV-02,2024-01-02 16:28:16,28.72,0.0,0.0,2,Success,Purchase,Mandalay,MMK,False
TXN-20240102-0002701,WALL-0124626,MERCH-00108,PM-04,DEV-01,2024-01-02 08:29:46,55.35,1.1069,0.0,5,Success,Purchase,Medan,IDR,False
TXN-20240102-0002702,WALL-0092726,MERCH-00127,PM-01,DEV-01,2024-01-02 16:12:29,140.63,0.0,0.0,14,Success,Purchase,Colombo,LKR,False
TXN-20240102-0002703,WALL-0084275,MERCH-00328,PM-01,DEV-01,2024-01-02 11:32:12,119.49,0.0,0.0,11,Success,Bill Payment,Pathein,MMK,False
TXN-20240102-0002704,WALL-0043117,MERCH-00082,PM-01,DEV-03,2024-01-02 20:40:43,33.93,0.0,0.0,0,Failed,Purchase,Mawlamyine,IDR,False
TXN-20240102-0002705,WALL-0106259,MERCH-00225,PM-04,DEV-05,2024-01-02 16:07:46,7.26,0.1451,0.0,0,Success,Purchase,Penang,MYR,False
TXN-20240102-0002706,WALL-0113204,MERCH-00004,PM-02,DEV-03,2024-01-02 14:17:41,24.4,0.0488,0.488,2,Success,Purchase,Mandalay,MMK,False
TXN-20240102-0002707,WALL-0088260,MERCH-00374,PM-05,DEV-02,2024-01-02 07:58:39,53.89,0.0,0.0,5,Success,Purchase,Yangon,MMK,False
TXN-20240102-0002708,WALL-0134460,MERCH-00147,PM-02,DEV-01,2024-01-02 18:32:48,118.13,0.2363,5.9066,11,Success,Purchase,Naypyidaw,MMK,False
TXN-20240102-0002709,WALL-0077076,MERCH-00075,PM-04,DEV-01,2024-01-02 10:24:53,29.75,0.5951,0.5951,2,Success,Purchase,Phuket,THB,False
TXN-20240102-0002710,WALL-0002727,MERCH-00030,PM-03,DEV-05,2024-01-02 05:42:26,5.0,0.04,0.1,0,Success,Purchase,Lahore,INR,False
TXN-20240102-0002711,WALL-0120062,MERCH-00325,PM-02,DEV-03,2024-01-02 06:03:59,167.42,0.3348,0.0,16,Success,Bill Payment,Yangon,MMK,False
TXN-20240102-0002712,WALL-0146846,MERCH-00006,PM-02,DEV-01,2024-01-02 15:50:41,35.49,0.071,0.7098,3,Success,Purchase,Naypyidaw,MMK,False
TXN-20240102-0002713,WALL-0028533,MERCH-00269,PM-04,DEV-02,2024-01-02 08:01:54,16.04,0.3208,0.0,1,Success,Subscription,Taunggyi,MMK,False
TXN-20240102-0002714,WALL-0096148,MERCH-00332,PM-01,DEV-05,2024-01-02 00:02:29,68.24,0.0,0.0,6,Success,Bill Payment,Naypyidaw,MMK,False
TXN-20240102-0002715,WALL-0126821,MERCH-00345,PM-01,DEV-02,2024-01-02 22:57:16,79.63,0.0,0.0,7,Success,Bill Payment,Ahmedabad,INR,False
TXN-20240102-0002716,WALL-0093806,MERCH-00125,PM-02,DEV-01,2024-01-02 17:29:26,132.85,0.2657,0.0,13,Success,Purchase,Islamabad,PKR,False
TXN-20240102-0002717,WALL-0054013,MERCH-00170,PM-03,DEV-02,2024-01-02 12:09:41,68.19,0.5455,3.4093,6,Success,Purchase,Taunggyi,MMK,False
TXN-20240102-0002718,WALL-0008826,MERCH-00332,PM-03,DEV-03,2024-01-02 19:37:52,166.14,1.3291,0.0,16,Success,Bill Payment,Ho Chi Minh City,VND,False
TXN-20240102-0002719,WALL-0086340,MERCH-00316,PM-04,DEV-05,2024-01-02 23:31:55,77.22,1.5443,0.0,7,Success,Bill Payment,Siem Reap,MMK,False
TXN-20240102-0002720,WALL-0008445,MERCH-00386,PM-05,DEV-01,2024-01-02 12:11:35,62.84,0.0,0.0,6,Success,Purchase,Surabaya,IDR,False
TXN-20240102-0002721,WALL-0025403,MERCH-00197,PM-01,DEV-04,2024-01-02 16:58:31,13.04,0.0,0.0,1,Success,Purchase,Yangon,MMK,False
TXN-20240102-0002722,WALL-0062848,MERCH-00327,PM-01,DEV-03,2024-01-02 09:36:22,109.72,0.0,0.0,10,Success,Bill Payment,Myitkyina,THB,False
TXN-20240102-0002723,WALL-0104388,MERCH-00197,PM-03,DEV-05,2024-01-02 15:16:49,16.95,0.1356,0.0,1,Success,Purchase,Naypyidaw,MMK,False
TXN-20240102-0002724,WALL-0015760,MERCH-00068,PM-03,DEV-05,2024-01-02 18:31:03,32.79,0.2623,0.6557,3,Success,Purchase,Yangon,THB,False
TXN-20240102-0002725,WALL-0009502,MERCH-00182,PM-01,DEV-01,2024-01-02 17:06:25,476.9,0.0,23.8452,47,Success,Purchase,Chennai,INR,False
TXN-20240102-0002726,WALL-0050178,MERCH-00044,PM-02,DEV-01,2024-01-02 21:14:37,5.92,0.0118,0.1184,0,Success,Purchase,Ho Chi Minh City,VND,False
TXN-20240102-0002727,WALL-0029447,MERCH-00219,PM-01,DEV-04,2024-01-02 08:03:15,43.48,0.0,0.0,4,Success,Purchase,Mandalay,MMK,False
TXN-20240102-0002728,WALL-0129105,MERCH-00469,PM-01,DEV-01,2024-01-02 16:43:38,1369.3,0.0,0.0,0,Reversed,Payment,Bago,MMK,False
TXN-20240102-0002729,WALL-0099106,MERCH-00260,PM-03,DEV-02,2024-01-02 10:06:20,26.29,0.2103,0.0,0,Pending,Subscription,Yangon,MMK,False
TXN-20240102-0002730,WALL-0010449,MERCH-00256,PM-02,DEV-03,2024-01-02 08:29:16,19.11,0.0382,0.0,1,Success,Subscription,Mumbai,INR,False
TXN-20240102-0002731,WALL-0086300,MERCH-00359,PM-04,DEV-01,2024-01-02 02:10:23,41.34,0.8268,0.0,4,Success,Bill Payment,Quezon City,PHP,False
TXN-20240102-0002732,WALL-0101091,MERCH-00337,PM-02,DEV-05,2024-01-02 21:37:16,68.41,0.1368,0.0,6,Success,Bill Payment,Khon Kaen,MMK,False
TXN-20240102-0002733,WALL-0124013,MERCH-00076,PM-02,DEV-01,2024-01-02 16:56:14,18.76,0.0375,0.3751,1,Success,Purchase,Delhi,INR,False
TXN-20240102-0002734,WALL-0115211,MERCH-00108,PM-04,DEV-02,2024-01-02 19:19:41,52.6,1.0519,0.0,5,Success,Purchase,Myitkyina,MMK,False
TXN-20240102-0002735,WALL-0131258,MERCH-00267,PM-01,DEV-01,2024-01-02 19:32:45,20.84,0.0,0.0,2,Success,Subscription,Naypyidaw,MMK,False
TXN-20240102-0002736,WALL-0010999,MERCH-00037,PM-03,DEV-01,2024-01-02 19:00:16,13.18,0.1054,0.2636,1,Success,Purchase,Lahore,PKR,False
TXN-20240102-0002737,WALL-0068542,MERCH-00464,PM-01,DEV-02,2024-01-02 14:13:20,437.65,0.0,0.0,43,Success,Payment,Kandy,LKR,False
TXN-20240102-0002738,WALL-0081332,MERCH-00380,PM-01,DEV-01,2024-01-02 11:04:40,24.92,0.0,0.0,2,Success,Purchase,Kolkata,PKR,False
TXN-20240102-0002739,WALL-0060010,MERCH-00103,PM-02,DEV-01,2024-01-02 04:30:01,48.33,0.0967,0.0,4,Success,Purchase,Kathmandu,NPR,False
TXN-20240102-0002740,WALL-0073516,MERCH-00076,PM-04,DEV-01,2024-01-02 18:10:56,7.75,0.155,0.155,0,Success,Purchase,Mawlamyine,MMK,False
TXN-20240102-0002741,WALL-0024008,MERCH-00354,PM-02,DEV-01,2024-01-02 01:04:33,21.93,0.0439,0.0,2,Success,Bill Payment,Taunggyi,MMK,False
TXN-20240102-0002742,WALL-0143129,MERCH-00260,PM-02,DEV-02,2024-01-02 14:34:52,13.19,0.0264,0.0,1,Success,Subscription,Pathein,MMK,False
TXN-20240102-0002743,WALL-0046590,MERCH-00241,PM-02,DEV-01,2024-01-02 16:43:24,11.83,0.0237,0.0,1,Success,Subscription,Bali,MMK,False
TXN-20240102-0002744,WALL-0041312,MERCH-00450,PM-02,DEV-01,2024-01-02 15:09:58,50.0,0.1,0.0,5,Success,Tax Payment,Cebu City,PHP,False
TXN-20240102-0002745,WALL-0085430,MERCH-00040,PM-03,DEV-01,2024-01-02 13:25:43,16.48,0.1318,0.3296,1,Success,Purchase,Islamabad,PKR,False
TXN-20240102-0002746,WALL-0143190,MERCH-00313,PM-04,DEV-01,2024-01-02 00:12:09,80.83,1.6165,0.0,8,Success,Bill Payment,Myitkyina,MMK,False
TXN-20240102-0002747,WALL-0099079,MERCH-00220,PM-01,DEV-01,2024-01-02 18:43:57,7.72,0.0,0.0,0,Success,Purchase,Quezon City,PHP,False
TXN-20240102-0002748,WALL-0001816,MERCH-00085,PM-01,DEV-01,2024-01-02 12:28:08,89.54,0.0,0.0,8,Success,Purchase,Pathein,MMK,False
TXN-20240102-0002749,WALL-0054229,MERCH-00115,PM-04,DEV-01,2024-01-02 16:43:46,53.9,1.078,0.0,5,Success,Purchase,Pathein,MMK,False
TXN-20240102-0002750,WALL-0103505,MERCH-00334,PM-01,DEV-02,2024-01-02 10:04:59,26.56,0.0,0.0,0,Failed,Bill Payment,Taunggyi,MMK,False
TXN-20240102-0002751,WALL-0075475,MERCH-00035,PM-01,DEV-02,2024-01-02 20:59:54,5.18,0.0,0.1036,0,Success,Purchase,Yangon,MMK,False
TXN-20240102-0002752,WALL-0137403,MERCH-00425,PM-02,DEV-02,2024-01-02 18:49:15,127.88,0.2558,0.0,0,Pending,Payment,Bago,MMK,False
TXN-20240102-0002753,WALL-0090072,MERCH-00047,PM-01,DEV-01,2024-01-02 15:07:29,12.92,0.0,0.2584,1,Success,Purchase,Kathmandu,NPR,False
TXN-20240102-0002754,WALL-0058459,MERCH-00241,PM-01,DEV-01,2024-01-02 19:30:38,28.0,0.0,0.0,2,Success,Subscription,Chiang Mai,THB,False
TXN-20240102-0002755,WALL-0134089,MERCH-00275,PM-03,DEV-01,2024-01-02 16:37:18,1508.78,12.0702,120.7024,301,Success,Purchase,Bangkok,THB,False
TXN-20240102-0002756,WALL-0115710,MERCH-00384,PM-02,DEV-01,2024-01-02 21:31:46,52.62,0.1052,0.0,5,Success,Purchase,Taunggyi,MMK,False
TXN-20240102-0002757,WALL-0043829,MERCH-00148,PM-04,DEV-03,2024-01-02 11:14:53,190.24,3.8048,9.5121,19,Success,Purchase,Taunggyi,MMK,False
TXN-20240102-0002758,WALL-0076693,MERCH-00097,PM-01,DEV-03,2024-01-02 12:43:27,57.59,0.0,0.0,5,Success,Purchase,Quezon City,PHP,False
TXN-20240102-0002759,WALL-0012114,MERCH-00321,PM-03,DEV-01,2024-01-02 19:46:25,119.58,0.9567,0.0,11,Success,Bill Payment,Yangon,MMK,False
TXN-20240102-0002760,WALL-0109129,MERCH-00472,PM-03,DEV-01,2024-01-02 15:02:28,179.62,1.437,0.0,17,Success,Payment,Naypyidaw,MMK,False
TXN-20240102-0002761,WALL-0027142,MERCH-00276,PM-03,DEV-03,2024-01-02 02:02:46,559.77,4.4782,44.782,111,Success,Purchase,Islamabad,PKR,False
TXN-20240102-0002762,WALL-0101791,MERCH-00175,PM-04,DEV-03,2024-01-02 17:48:02,212.23,4.2446,10.6116,21,Success,Purchase,Bangalore,INR,False
TXN-20240102-0002763,WALL-0083129,MERCH-00105,PM-05,DEV-01,2024-01-02 09:58:34,103.98,0.0,0.0,10,Success,Purchase,Myitkyina,MMK,False
TXN-20240102-0002764,WALL-0054977,MERCH-00338,PM-01,DEV-01,2024-01-02 14:53:39,27.94,0.0,0.0,2,Success,Bill Payment,Siem Reap,KHR,False
TXN-20240102-0002765,WALL-0065917,MERCH-00034,PM-02,DEV-01,2024-01-02 13:56:50,34.1,0.0682,0.6819,3,Success,Purchase,Bago,MMK,False
TXN-20240102-0002766,WALL-0111964,MERCH-00496,PM-04,DEV-01,2024-01-02 19:46:32,72.88,1.4575,0.0,7,Success,Payment,Yangon,MMK,False
TXN-20240102-0002767,WALL-0069185,MERCH-00305,PM-02,DEV-01,2024-01-02 06:01:53,532.39,1.0648,42.5911,106,Success,Purchase,Bangalore,INR,False
TXN-20240102-0002768,WALL-0081090,MERCH-00445,PM-04,DEV-01,2024-01-02 12:08:11,86.88,1.7375,0.0,8,Success,Tax Payment,Yangon,MMK,False
TXN-20240102-0002769,WALL-0011351,MERCH-00020,PM-01,DEV-01,2024-01-02 13:47:33,41.43,0.0,0.8287,4,Success,Purchase,Myitkyina,MMK,False
TXN-20240102-0002770,WALL-0099363,MERCH-00169,PM-01,DEV-03,2024-01-02 15:31:43,37.49,0.0,1.8746,3,Success,Purchase,Medan,IDR,False
TXN-20240102-0002771,WALL-0026086,MERCH-00042,PM-03,DEV-02,2024-01-02 19:54:38,16.34,0.1307,0.3268,1,Success,Purchase,Pokhara,NPR,False
TXN-20240102-0002772,WALL-0026506,MERCH-00377,PM-02,DEV-05,2024-01-02 17:41:28,53.7,0.1074,0.0,5,Success,Purchase,Pathein,MMK,False
TXN-20240102-0002773,WALL-0128086,MERCH-00171,PM-01,DEV-01,2024-01-02 13:07:58,22.34,0.0,1.1169,2,Success,Purchase,Phnom Penh,KHR,False
TXN-20240102-0002774,WALL-0107243,MERCH-00365,PM-04,DEV-02,2024-01-02 21:07:40,22.55,0.4509,0.0,2,Success,Bill Payment,Karachi,PKR,False
TXN-20240102-0002775,WALL-0122373,MERCH-00101,PM-03,DEV-03,2024-01-02 16:07:10,19.35,0.1548,0.0,1,Success,Purchase,Johor Bahru,MYR,False
TXN-20240102-0002776,WALL-0062170,MERCH-00070,PM-02,DEV-01,2024-01-02 17:38:35,9.75,0.0195,0.1949,0,Success,Purchase,Mawlamyine,MMK,False
TXN-20240102-0002777,WALL-0101680,MERCH-00261,PM-02,DEV-01,2024-01-02 16:55:34,11.6,0.0232,0.0,1,Success,Subscription,Mandalay,MMK,False
TXN-20240102-0002778,WALL-0005806,MERCH-00239,PM-02,DEV-02,2024-01-02 16:26:08,36.94,0.0739,0.0,3,Success,Subscription,Phnom Penh,KHR,False
TXN-20240102-0002779,WALL-0086641,MERCH-00268,PM-02,DEV-05,2024-01-02 21:33:51,29.86,0.0597,0.0,2,Success,Subscription,Lahore,PKR,False
TXN-20240102-0002780,WALL-0070000,MERCH-00164,PM-05,DEV-03,2024-01-02 14:22:52,91.69,0.0,4.5847,9,Success,Purchase,Mandalay,MMK,False
TXN-20240102-0002781,WALL-0004828,MERCH-00218,PM-03,DEV-05,2024-01-02 22:38:31,10.88,0.0871,0.0,1,Success,Purchase,Cebu City,PHP,False
TXN-20240102-0002782,WALL-0130091,MERCH-00048,PM-02,DEV-02,2024-01-02 06:48:14,34.37,0.0687,0.6875,3,Success,Purchase,Davao,PHP,False
TXN-20240102-0002783,WALL-0073026,MERCH-00226,PM-01,DEV-01,2024-01-02 19:28:15,41.84,0.0,0.0,4,Success,Purchase,Pune,KHR,False
TXN-20240102-0002784,WALL-0135761,MERCH-00325,PM-03,DEV-01,2024-01-02 12:14:34,80.18,0.6415,0.0,8,Success,Bill Payment,Jaipur,INR,False
TXN-20240102-0002785,WALL-0024884,MERCH-00038,PM-02,DEV-01,2024-01-02 16:12:43,10.32,0.0206,0.2063,1,Success,Purchase,Bago,MMK,False
TXN-20240102-0002786,WALL-0033691,MERCH-00091,PM-03,DEV-02,2024-01-02 16:42:04,92.06,0.7365,0.0,9,Success,Purchase,Johor Bahru,MYR,False
TXN-20240102-0002787,WALL-0106283,MERCH-00362,PM-02,DEV-01,2024-01-02 14:07:57,102.05,0.2041,0.0,10,Success,Bill Payment,Bandung,IDR,False
TXN-20240102-0002788,WALL-0095479,MERCH-00165,PM-01,DEV-01,2024-01-02 07:52:20,62.25,0.0,3.1127,6,Success,Purchase,Ho Chi Minh City,VND,False
TXN-20240102-0002789,WALL-0075216,MERCH-00389,PM-02,DEV-01,2024-01-02 16:53:37,55.42,0.1108,0.0,5,Success,Purchase,Bangkok,THB,False
TXN-20240102-0002790,WALL-0094263,MERCH-00129,PM-02,DEV-03,2024-01-02 16:17:18,17.75,0.0355,0.0,1,Success,Purchase,Myitkyina,MMK,False
TXN-20240102-0002791,WALL-0112695,MERCH-00389,PM-03,DEV-02,2024-01-02 13:08:08,120.0,0.96,0.0,12,Success,Purchase,Islamabad,INR,False
TXN-20240102-0002792,WALL-0071900,MERCH-00333,PM-01,DEV-02,2024-01-02 10:58:53,93.5,0.0,0.0,9,Success,Bill Payment,Siem Reap,KHR,False
TXN-20240102-0002793,WALL-0043896,MERCH-00281,PM-03,DEV-01,2024-01-02 12:51:38,1320.08,10.5606,105.6065,264,Success,Purchase,Penang,MYR,False
TXN-20240102-0002794,WALL-0132696,MERCH-00149,PM-03,DEV-05,2024-01-02 16:08:46,158.12,1.265,7.9061,15,Success,Purchase,Mumbai,INR,False
TXN-20240102-0002795,WALL-0118775,MERCH-00071,PM-01,DEV-01,2024-01-02 11:36:52,12.89,0.0,0.2578,1,Success,Purchase,Mandalay,MMK,False
TXN-20240102-0002796,WALL-0006405,MERCH-00116,PM-03,DEV-01,2024-01-02 20:51:16,76.02,0.6082,0.0,7,Success,Purchase,Taunggyi,MMK,False
TXN-20240102-0002797,WALL-0021866,MERCH-00020,PM-03,DEV-01,2024-01-02 13:59:30,25.25,0.202,0.505,2,Success,Purchase,Medan,IDR,False
TXN-20240102-0002798,WALL-0105364,MERCH-00021,PM-02,DEV-01,2024-01-02 14:42:55,10.94,0.0219,0.2188,1,Success,Purchase,Taunggyi,MMK,False
TXN-20240102-0002799,WALL-0013045,MERCH-00087,PM-02,DEV-03,2024-01-02 17:17:31,35.24,0.0705,0.0,3,Success,Purchase,Bago,MMK,False
TXN-20240102-0002800,WALL-0037297,MERCH-00069,PM-02,DEV-01,2024-01-02 20:19:09,20.76,0.0415,0.4152,2,Success,Purchase,Mandalay,MMK,False
TXN-20240102-0002801,WALL-0130337,MERCH-00059,PM-04,DEV-01,2024-01-02 05:44:14,25.63,0.5127,0.5127,2,Success,Purchase,Pathein,MMK,False
TXN-20240102-0002802,WALL-0128330,MERCH-00024,PM-01,DEV-01,2024-01-02 14:21:48,12.65,0.0,0.2529,1,Success,Purchase,Chennai,INR,False
TXN-20240102-0002803,WALL-0148320,MERCH-00093,PM-03,DEV-03,2024-01-02 16:53:49,42.89,0.3432,0.0,4,Success,Purchase,Kathmandu,NPR,False
TXN-20240102-0002804,WALL-0130416,MERCH-00130,PM-03,DEV-02,2024-01-02 12:59:22,28.79,0.2303,0.0,2,Success,Purchase,Jakarta,IDR,False
TXN-20240102-0002805,WALL-0137142,MERCH-00410,PM-03,DEV-01,2024-01-02 15:45:42,21.98,0.1759,0.0,2,Success,Payment,Khon Kaen,THB,False
TXN-20240102-0002806,WALL-0039091,MERCH-00026,PM-01,DEV-01,2024-01-02 12:31:45,21.05,0.0,0.421,2,Success,Purchase,Hanoi,MYR,False
TXN-20240102-0002807,WALL-0135189,MERCH-00207,PM-05,DEV-01,2024-01-02 14:12:32,7.21,0.0,0.0,0,Success,Purchase,Pathein,MMK,False
TXN-20240102-0002808,WALL-0114070,MERCH-00082,PM-02,DEV-01,2024-01-02 08:06:15,38.4,0.0768,0.0,3,Success,Purchase,Karachi,PKR,False
TXN-20240102-0002809,WALL-0143970,MERCH-00388,PM-01,DEV-01,2024-01-02 18:29:00,128.33,0.0,0.0,12,Success,Purchase,Mawlamyine,MMK,False
TXN-20240102-0002810,WALL-0032667,MERCH-00329,PM-01,DEV-02,2024-01-02 15:54:03,58.97,0.0,0.0,0,Pending,Bill Payment,Singapore,SGD,False
TXN-20240102-0002811,WALL-0095341,MERCH-00275,PM-03,DEV-01,2024-01-02 18:44:10,519.57,4.1565,41.5654,103,Success,Purchase,Ho Chi Minh City,VND,False
TXN-20240102-0002812,WALL-0075678,MERCH-00252,PM-02,DEV-01,2024-01-02 08:46:57,6.49,0.013,0.0,0,Success,Subscription,Mandalay,MMK,False
TXN-20240102-0002813,WALL-0120678,MERCH-00446,PM-01,DEV-03,2024-01-02 16:02:38,50.0,0.0,0.0,5,Success,Tax Payment,Kathmandu,MMK,False
TXN-20240102-0002814,WALL-0093325,MERCH-00066,PM-02,DEV-01,2024-01-02 17:57:05,47.01,0.094,0.9403,4,Success,Purchase,Taunggyi,MMK,False
TXN-20240102-0002815,WALL-0025683,MERCH-00035,PM-02,DEV-02,2024-01-02 13:53:57,40.63,0.0813,0.8125,4,Success,Purchase,Johor Bahru,VND,False
TXN-20240102-0002816,WALL-0024116,MERCH-00056,PM-01,DEV-01,2024-01-02 07:39:28,17.7,0.0,0.3539,1,Success,Purchase,Pathein,MMK,False
TXN-20240102-0002817,WALL-0086120,MERCH-00015,PM-04,DEV-01,2024-01-02 21:40:04,7.91,0.1581,0.1581,0,Success,Purchase,Myitkyina,LKR,False
TXN-20240102-0002818,WALL-0041376,MERCH-00058,PM-02,DEV-03,2024-01-02 17:47:46,11.93,0.0239,0.2386,1,Success,Purchase,Mandalay,MMK,False
TXN-20240102-0002819,WALL-0080372,MERCH-00159,PM-02,DEV-01,2024-01-02 13:16:55,51.4,0.1028,2.5701,5,Success,Purchase,Chiang Mai,THB,False
TXN-20240102-0002820,WALL-0117302,MERCH-00084,PM-04,DEV-01,2024-01-02 11:38:26,37.55,0.7509,0.0,3,Success,Purchase,Hanoi,INR,False
TXN-20240102-0002821,WALL-0129966,MERCH-00440,PM-01,DEV-01,2024-01-02 22:33:09,313.66,0.0,0.0,31,Success,Tax Payment,Mandalay,MMK,False
TXN-20240102-0002822,WALL-0004598,MERCH-00232,PM-04,DEV-01,2024-01-02 15:27:48,22.08,0.4417,0.0,2,Success,Subscription,Pokhara,NPR,False
TXN-20240102-0002823,WALL-0114144,MERCH-00092,PM-02,DEV-02,2024-01-02 10:59:08,35.12,0.0702,0.0,3,Success,Purchase,Mawlamyine,MMK,False
TXN-20240102-0002824,WALL-0048237,MERCH-00381,PM-04,DEV-01,2024-01-02 08:41:10,59.02,1.1805,0.0,5,Success,Purchase,Bago,MMK,False
TXN-20240102-0002825,WALL-0098061,MERCH-00002,PM-02,DEV-01,2024-01-02 01:16:47,28.87,0.0577,0.5774,2,Success,Purchase,Mandalay,MMK,False
TXN-20240102-0002826,WALL-0062278,MERCH-00333,PM-01,DEV-04,2024-01-02 17:12:47,138.19,0.0,0.0,13,Success,Bill Payment,Siem Reap,MMK,False
TXN-20240102-0002827,WALL-0133201,MERCH-00124,PM-01,DEV-01,2024-01-02 19:00:47,52.77,0.0,0.0,5,Success,Purchase,Delhi,INR,False
TXN-20240102-0002828,WALL-0076341,MERCH-00389,PM-02,DEV-03,2024-01-02 19:48:21,32.9,0.0658,0.0,3,Success,Purchase,Colombo,LKR,False
TXN-20240102-0002829,WALL-0064425,MERCH-00065,PM-01,DEV-01,2024-01-02 14:42:26,23.06,0.0,0.4611,2,Success,Purchase,Jaipur,INR,False
TXN-20240102-0002830,WALL-0094830,MERCH-00046,PM-04,DEV-03,2024-01-02 17:10:15,30.35,0.607,0.607,3,Success,Purchase,Mandalay,MMK,False
TXN-20240102-0002831,WALL-0108471,MERCH-00038,PM-04,DEV-03,2024-01-02 20:15:59,36.92,0.7384,0.7384,3,Success,Purchase,Jaipur,INR,False
TXN-20240102-0002832,WALL-0028578,MERCH-00436,PM-02,DEV-01,2024-01-02 12:35:38,1032.18,2.0644,0.0,0,Failed,Tax Payment,Hyderabad,INR,False
TXN-20240102-0002833,WALL-0147385,MERCH-00037,PM-04,DEV-03,2024-01-02 19:14:17,21.2,0.424,0.424,2,Success,Purchase,Da Nang,VND,False
TXN-20240102-0002834,WALL-0053063,MERCH-00477,PM-01,DEV-02,2024-01-02 06:54:47,1254.47,0.0,0.0,125,Success,Payment,Hyderabad,INR,False
TXN-20240102-0002835,WALL-0045013,MERCH-00184,PM-03,DEV-05,2024-01-02 07:12:20,61.03,0.4882,3.0514,6,Success,Purchase,Bandung,IDR,False
TXN-20240102-0002836,WALL-0120870,MERCH-00380,PM-01,DEV-01,2024-01-02 11:40:48,60.4,0.0,0.0,6,Success,Purchase,Pune,INR,False
TXN-20240102-0002837,WALL-0033317,MERCH-00095,PM-03,DEV-01,2024-01-02 11:32:09,78.25,0.626,0.0,7,Success,Purchase,Mandalay,MMK,False
TXN-20240102-0002838,WALL-0027975,MERCH-00377,PM-02,DEV-01,2024-01-02 09:32:15,41.91,0.0838,0.0,4,Success,Purchase,Mandalay,MMK,False
TXN-20240102-0002839,WALL-0142352,MERCH-00199,PM-02,DEV-02,2024-01-02 08:52:24,15.52,0.031,0.0,1,Success,Purchase,Jaipur,INR,False
TXN-20240102-0002840,WALL-0037864,MERCH-00426,PM-05,DEV-03,2024-01-02 18:21:18,215.68,0.0,0.0,21,Success,Payment,Myitkyina,MMK,False
TXN-20240102-0002841,WALL-0095350,MERCH-00012,PM-01,DEV-01,2024-01-02 19:02:34,13.55,0.0,0.2709,1,Success,Purchase,Ahmedabad,INR,False
TXN-20240102-0002842,WALL-0078305,MERCH-00117,PM-01,DEV-02,2024-01-02 15:12:49,46.2,0.0,0.0,4,Success,Purchase,Yangon,MMK,False
TXN-20240102-0002843,WALL-0094599,MERCH-00303,PM-05,DEV-01,2024-01-02 21:14:48,645.91,0.0,51.6724,129,Success,Purchase,Pokhara,NPR,False
TXN-20240102-0002844,WALL-0009976,MERCH-00037,PM-02,DEV-02,2024-01-02 19:06:55,19.36,0.0387,0.3872,1,Success,Purchase,Karachi,THB,False
TXN-20240102-0002845,WALL-0093089,MERCH-00342,PM-02,DEV-01,2024-01-02 21:43:38,27.62,0.0552,0.0,2,Success,Bill Payment,Khon Kaen,THB,False
TXN-20240102-0002846,WALL-0125565,MERCH-00250,PM-01,DEV-01,2024-01-02 13:47:53,9.03,0.0,0.0,0,Success,Subscription,Yangon,MMK,False
TXN-20240102-0002847,WALL-0109960,MERCH-00216,PM-01,DEV-01,2024-01-02 08:07:22,18.35,0.0,0.0,1,Success,Purchase,Singapore,MMK,False
TXN-20240102-0002848,WALL-0031880,MERCH-00120,PM-04,DEV-01,2024-01-02 21:06:41,81.96,1.6391,0.0,8,Success,Purchase,Yangon,MMK,False
TXN-20240102-0002849,WALL-0123665,MERCH-00177,PM-03,DEV-01,2024-01-02 06:25:22,115.52,0.9242,5.7761,11,Success,Purchase,Chennai,INR,False
TXN-20240102-0002850,WALL-0129051,MERCH-00396,PM-04,DEV-02,2024-01-02 12:55:54,54.82,1.0964,0.0,5,Success,Purchase,Kathmandu,NPR,False
TXN-20240102-0002851,WALL-0062514,MERCH-00043,PM-01,DEV-01,2024-01-02 13:55:14,5.0,0.0,0.1,0,Success,Purchase,Surabaya,IDR,False
TXN-20240102-0002852,WALL-0025647,MERCH-00221,PM-02,DEV-01,2024-01-02 14:23:43,26.65,0.0533,0.0,2,Success,Purchase,Karachi,PKR,False
TXN-20240102-0002853,WALL-0061922,MERCH-00451,PM-02,DEV-01,2024-01-02 21:46:50,154.59,0.3092,0.0,15,Success,Payment,Bali,IDR,False
TXN-20240102-0002854,WALL-0027860,MERCH-00057,PM-01,DEV-05,2024-01-02 21:36:19,14.79,0.0,0.2958,1,Success,Purchase,Pathein,MMK,False
TXN-20240102-0002855,WALL-0021288,MERCH-00210,PM-01,DEV-03,2024-01-02 14:44:04,54.9,0.0,0.0,5,Success,Purchase,Johor Bahru,MYR,False
TXN-20240102-0002856,WALL-0064327,MERCH-00332,PM-01,DEV-02,2024-01-02 09:15:15,135.2,0.0,0.0,13,Success,Bill Payment,Mawlamyine,MMK,False
TXN-20240102-0002857,WALL-0113378,MERCH-00059,PM-05,DEV-01,2024-01-02 17:17:44,7.78,0.0,0.1557,0,Success,Purchase,Dhaka,BDT,False
TXN-20240102-0002858,WALL-0058522,MERCH-00158,PM-01,DEV-01,2024-01-02 15:12:01,31.91,0.0,1.5957,3,Success,Purchase,Mandalay,MMK,False
TXN-20240102-0002859,WALL-0020348,MERCH-00269,PM-03,DEV-01,2024-01-02 21:05:50,10.57,0.0846,0.0,1,Success,Subscription,Bago,MMK,False
TXN-20240102-0002860,WALL-0079051,MERCH-00082,PM-04,DEV-01,2024-01-02 21:40:53,83.25,1.665,0.0,8,Success,Purchase,Medan,IDR,False
TXN-20240102-0002861,WALL-0067903,MERCH-00375,PM-04,DEV-01,2024-01-02 14:56:13,127.74,2.5548,0.0,12,Success,Purchase,Taunggyi,MMK,False
TXN-20240102-0002862,WALL-0037255,MERCH-00206,PM-01,DEV-04,2024-01-02 14:50:19,11.39,0.0,0.0,1,Success,Purchase,Davao,PHP,False
TXN-20240102-0002863,WALL-0025376,MERCH-00108,PM-02,DEV-01,2024-01-02 16:04:33,27.36,0.0547,0.0,2,Success,Purchase,Pune,MMK,False
TXN-20240102-0002864,WALL-0039625,MERCH-00189,PM-01,DEV-01,2024-01-02 21:50:59,102.92,0.0,5.1461,10,Success,Purchase,Surabaya,IDR,False
TXN-20240102-0002865,WALL-0073296,MERCH-00457,PM-04,DEV-02,2024-01-02 11:41:53,402.64,8.0527,0.0,40,Success,Payment,Pathein,MMK,False
TXN-20240102-0002866,WALL-0013616,MERCH-00023,PM-01,DEV-03,2024-01-02 13:17:53,54.98,0.0,1.0995,5,Success,Purchase,Mawlamyine,MMK,False
TXN-20240102-0002867,WALL-0068928,MERCH-00316,PM-01,DEV-01,2024-01-02 09:51:56,58.83,0.0,0.0,5,Success,Bill Payment,Lahore,PKR,False
TXN-20240102-0002868,WALL-0007365,MERCH-00191,PM-01,DEV-01,2024-01-02 09:19:45,16.84,0.0,0.0,1,Success,Purchase,Mandalay,MMK,False
TXN-20240102-0002869,WALL-0098759,MERCH-00224,PM-01,DEV-04,2024-01-02 15:54:54,47.04,0.0,0.0,4,Success,Purchase,Taunggyi,MMK,False
TXN-20240102-0002870,WALL-0022968,MERCH-00084,PM-02,DEV-01,2024-01-02 17:43:55,69.47,0.1389,0.0,6,Success,Purchase,Mandalay,MMK,False
TXN-20240102-0002871,WALL-0135569,MERCH-00467,PM-03,DEV-01,2024-01-02 01:02:06,144.3,1.1544,0.0,14,Success,Payment,Bago,MMK,False
TXN-20240102-0002872,WALL-0004774,MERCH-00145,PM-01,DEV-01,2024-01-02 10:40:33,82.5,0.0,4.1252,8,Success,Purchase,Yangon,MMK,False
TXN-20240102-0002873,WALL-0023665,MERCH-00048,PM-03,DEV-05,2024-01-02 23:05:24,24.06,0.1925,0.4812,2,Success,Purchase,Yangon,MMK,False
TXN-20240102-0002874,WALL-0129849,MERCH-00209,PM-02,DEV-01,2024-01-02 17:13:59,15.07,0.0301,0.0,1,Success,Purchase,Bali,IDR,False
TXN-20240102-0002875,WALL-0034770,MERCH-00256,PM-01,DEV-01,2024-01-02 18:11:29,11.45,0.0,0.0,1,Success,Subscription,Hanoi,VND,False
TXN-20240102-0002876,WALL-0063849,MERCH-00163,PM-01,DEV-02,2024-01-02 10:39:15,35.39,0.0,1.7697,3,Success,Purchase,Pathein,MMK,False
TXN-20240102-0002877,WALL-0114386,MERCH-00449,PM-03,DEV-01,2024-01-02 07:57:03,136.24,1.0899,0.0,13,Success,Tax Payment,Yangon,MMK,False
TXN-20240102-0002878,WALL-0124731,MERCH-00045,PM-01,DEV-02,2024-01-02 15:18:23,62.99,0.0,1.2598,6,Success,Purchase,Mawlamyine,MMK,False
TXN-20240102-0002879,WALL-0035428,MERCH-00482,PM-02,DEV-01,2024-01-02 15:46:04,54.48,0.109,0.0,5,Success,Payment,Delhi,INR,False
TXN-20240102-0002880,WALL-0018068,MERCH-00310,PM-02,DEV-01,2024-01-02 19:32:15,586.57,1.1731,46.9257,117,Success,Purchase,Dhaka,VND,False
TXN-20240102-0002881,WALL-0090122,MERCH-00154,PM-01,DEV-02,2024-01-02 17:00:51,206.57,0.0,10.3283,20,Success,Purchase,Manila,PHP,False
TXN-20240102-0002882,WALL-0043493,MERCH-00163,PM-04,DEV-01,2024-01-02 16:50:09,481.04,9.6207,24.0518,48,Success,Purchase,Pokhara,NPR,False
TXN-20240102-0002883,WALL-0078379,MERCH-00312,PM-04,DEV-01,2024-01-02 09:23:35,495.0,9.9,0.0,49,Success,Bill Payment,Dhaka,BDT,False
TXN-20240102-0002884,WALL-0112234,MERCH-00339,PM-04,DEV-01,2024-01-02 17:37:16,54.3,1.086,0.0,5,Success,Bill Payment,Medan,IDR,False
TXN-20240102-0002885,WALL-0146756,MERCH-00014,PM-04,DEV-03,2024-01-02 09:05:38,11.23,0.2245,0.2245,1,Success,Purchase,Myitkyina,MMK,False
TXN-20240102-0002886,WALL-0029298,MERCH-00251,PM-02,DEV-02,2024-01-02 14:15:39,7.06,0.0141,0.0,0,Success,Subscription,Siem Reap,KHR,False
TXN-20240102-0002887,WALL-0099761,MERCH-00200,PM-02,DEV-01,2024-01-02 17:07:11,11.08,0.0222,0.0,1,Success,Purchase,Pathein,MMK,False
TXN-20240102-0002888,WALL-0024049,MERCH-00048,PM-01,DEV-01,2024-01-02 15:58:13,8.87,0.0,0.1774,0,Success,Purchase,Pathein,MMK,False
TXN-20240102-0002889,WALL-0050080,MERCH-00008,PM-03,DEV-01,2024-01-02 12:58:04,10.94,0.0875,0.2188,1,Success,Purchase,Mawlamyine,MMK,False
TXN-20240102-0002890,WALL-0076120,MERCH-00211,PM-04,DEV-02,2024-01-02 16:52:24,16.1,0.3219,0.0,1,Success,Purchase,Myitkyina,MMK,False
TXN-20240102-0002891,WALL-0029925,MERCH-00196,PM-04,DEV-03,2024-01-02 05:30:02,11.34,0.2269,0.0,1,Success,Purchase,Mawlamyine,MMK,False
TXN-20240102-0002892,WALL-0033838,MERCH-00310,PM-01,DEV-02,2024-01-02 03:43:57,658.84,0.0,52.7071,131,Success,Purchase,Khon Kaen,INR,False
TXN-20240102-0002893,WALL-0073230,MERCH-00400,PM-02,DEV-01,2024-01-02 21:00:26,37.23,0.0745,0.0,3,Success,Purchase,Mawlamyine,MMK,False
TXN-20240102-0002894,WALL-0016065,MERCH-00283,PM-01,DEV-02,2024-01-02 12:31:27,159.17,0.0,12.7337,31,Success,Purchase,Mawlamyine,MMK,False
TXN-20240102-0002895,WALL-0022177,MERCH-00264,PM-04,DEV-01,2024-01-02 07:39:31,38.89,0.7778,0.0,3,Success,Subscription,Siem Reap,KHR,False
TXN-20240102-0002896,WALL-0053725,MERCH-00163,PM-01,DEV-02,2024-01-02 12:47:01,34.1,0.0,1.7051,3,Success,Purchase,Manila,THB,False
TXN-20240102-0002897,WALL-0018841,MERCH-00022,PM-03,DEV-05,2024-01-02 22:30:59,22.42,0.1794,0.4484,2,Success,Purchase,Phuket,THB,False
TXN-20240102-0002898,WALL-0071513,MERCH-00022,PM-01,DEV-01,2024-01-02 20:18:08,47.75,0.0,0.955,4,Success,Purchase,Chennai,INR,False
TXN-20240102-0002899,WALL-0066606,MERCH-00034,PM-03,DEV-02,2024-01-02 20:17:21,15.33,0.1226,0.3066,1,Success,Purchase,Islamabad,PKR,False
TXN-20240102-0002900,WALL-0123971,MERCH-00144,PM-01,DEV-01,2024-01-02 16:58:42,211.35,0.0,10.5676,21,Success,Purchase,Myitkyina,MMK,False
TXN-20240102-0002901,WALL-0022457,MERCH-00179,PM-04,DEV-02,2024-01-02 10:42:04,160.2,3.204,8.0101,16,Success,Purchase,Quezon City,INR,False
TXN-20240102-0002902,WALL-0061627,MERCH-00202,PM-03,DEV-01,2024-01-02 07:47:30,15.21,0.1217,0.0,1,Success,Purchase,Bago,MMK,False
TXN-20240102-0002903,WALL-0054674,MERCH-00095,PM-02,DEV-03,2024-01-02 14:53:16,200.0,0.4,0.0,20,Success,Purchase,Cebu City,PHP,False
TXN-20240102-0002904,WALL-0119092,MERCH-00448,PM-01,DEV-02,2024-01-02 18:07:00,582.33,0.0,0.0,58,Success,Tax Payment,Yangon,MMK,False
TXN-20240102-0002905,WALL-0071386,MERCH-00441,PM-02,DEV-05,2024-01-02 15:55:48,211.92,0.4238,0.0,21,Success,Tax Payment,Naypyidaw,MMK,False
TXN-20240102-0002906,WALL-0041821,MERCH-00272,PM-02,DEV-02,2024-01-02 14:33:10,558.15,1.1163,44.6516,111,Success,Purchase,Dhaka,BDT,False
TXN-20240102-0002907,WALL-0081663,MERCH-00294,PM-01,DEV-01,2024-01-02 17:45:43,1541.84,0.0,123.3468,308,Success,Purchase,Hanoi,VND,False
TXN-20240102-0002908,WALL-0113279,MERCH-00445,PM-05,DEV-01,2024-01-02 10:50:15,146.31,0.0,0.0,14,Success,Tax Payment,Naypyidaw,VND,False
TXN-20240102-0002909,WALL-0008118,MERCH-00407,PM-01,DEV-03,2024-01-02 14:45:30,91.86,0.0,0.0,9,Success,Payment,Ahmedabad,INR,False
TXN-20240102-0002910,WALL-0022372,MERCH-00072,PM-05,DEV-01,2024-01-02 20:00:01,11.17,0.0,0.2234,1,Success,Purchase,Naypyidaw,MMK,False
TXN-20240102-0002911,WALL-0127522,MERCH-00138,PM-02,DEV-01,2024-01-02 19:00:52,130.2,0.2604,6.5099,13,Success,Purchase,Taunggyi,MMK,False
TXN-20240102-0002912,WALL-0148226,MERCH-00233,PM-01,DEV-03,2024-01-02 16:28:57,7.85,0.0,0.0,0,Success,Subscription,Hanoi,VND,False
TXN-20240102-0002913,WALL-0063351,MERCH-00195,PM-04,DEV-01,2024-01-02 17:24:57,8.11,0.1622,0.0,0,Success,Purchase,Cebu City,PHP,False
TXN-20240102-0002914,WALL-0080642,MERCH-00190,PM-01,DEV-02,2024-01-02 23:52:52,110.29,0.0,5.5143,11,Success,Purchase,Mandalay,MMK,False
TXN-20240102-0002915,WALL-0031003,MERCH-00274,PM-02,DEV-01,2024-01-02 17:45:43,666.94,1.3339,53.355,133,Success,Purchase,Kandy,MMK,False
TXN-20240102-0002916,WALL-0149329,MERCH-00069,PM-01,DEV-03,2024-01-02 17:23:56,11.47,0.0,0.2293,1,Success,Purchase,Johor Bahru,MYR,False
TXN-20240102-0002917,WALL-0109176,MERCH-00404,PM-01,DEV-01,2024-01-02 22:03:08,168.63,0.0,0.0,16,Success,Payment,Taunggyi,THB,False
TXN-20240102-0002918,WALL-0023064,MERCH-00357,PM-03,DEV-02,2024-01-02 21:09:38,165.0,1.32,0.0,16,Success,Bill Payment,Naypyidaw,MMK,False
TXN-20240102-0002919,WALL-0013001,MERCH-00145,PM-02,DEV-01,2024-01-02 13:32:14,79.06,0.1581,3.953,7,Success,Purchase,Bandung,MMK,False
TXN-20240102-0002920,WALL-0129924,MERCH-00155,PM-02,DEV-01,2024-01-02 20:08:38,193.59,0.3872,9.6795,19,Success,Purchase,Naypyidaw,MMK,False
TXN-20240102-0002921,WALL-0053526,MERCH-00083,PM-01,DEV-01,2024-01-02 08:52:25,148.17,0.0,0.0,14,Success,Purchase,Ho Chi Minh City,VND,False
TXN-20240102-0002922,WALL-0079571,MERCH-00192,PM-01,DEV-01,2024-01-02 20:58:56,14.81,0.0,0.0,1,Success,Purchase,Pathein,MMK,False
TXN-20240102-0002923,WALL-0069058,MERCH-00106,PM-03,DEV-02,2024-01-02 18:38:51,141.23,1.1299,0.0,14,Success,Purchase,Penang,MYR,False
TXN-20240102-0002924,WALL-0063492,MERCH-00013,PM-01,DEV-01,2024-01-02 20:04:21,9.2,0.0,0.1841,0,Success,Purchase,Chittagong,BDT,False
TXN-20240102-0002925,WALL-0040533,MERCH-00459,PM-02,DEV-01,2024-01-02 15:49:13,50.31,0.1006,0.0,5,Success,Payment,Taunggyi,MMK,False
TXN-20240102-0002926,WALL-0005768,MERCH-00117,PM-01,DEV-01,2024-01-02 17:57:25,92.01,0.0,0.0,9,Success,Purchase,Dhaka,MMK,False
TXN-20240102-0002927,WALL-0015342,MERCH-00358,PM-03,DEV-02,2024-01-02 15:57:13,72.13,0.5771,0.0,7,Success,Bill Payment,Bandung,IDR,False
TXN-20240102-0002928,WALL-0055168,MERCH-00085,PM-01,DEV-01,2024-01-02 12:09:49,59.63,0.0,0.0,5,Success,Purchase,Bago,MMK,False
TXN-20240102-0002929,WALL-0068214,MERCH-00144,PM-04,DEV-01,2024-01-02 15:01:14,61.65,1.233,3.0826,6,Success,Purchase,Myitkyina,MMK,False
TXN-20240102-0002930,WALL-0125359,MERCH-00406,PM-02,DEV-02,2024-01-02 18:34:03,153.61,0.3072,0.0,15,Success,Payment,Penang,MYR,False
TXN-20240102-0002931,WALL-0082994,MERCH-00222,PM-01,DEV-05,2024-01-02 11:27:47,15.75,0.0,0.0,1,Success,Purchase,Islamabad,PKR,False
TXN-20240102-0002932,WALL-0103749,MERCH-00199,PM-03,DEV-05,2024-01-02 13:31:47,35.86,0.2869,0.0,3,Success,Purchase,Surabaya,IDR,False
TXN-20240102-0002933,WALL-0072390,MERCH-00182,PM-02,DEV-01,2024-01-02 14:43:11,47.03,0.0941,2.3517,4,Success,Purchase,Taunggyi,IDR,True
TXN-20240102-0002934,WALL-0120364,MERCH-00049,PM-01,DEV-04,2024-01-02 08:46:19,20.89,0.0,0.4177,2,Success,Purchase,Chiang Mai,MMK,False
TXN-20240102-0002935,WALL-0066344,MERCH-00261,PM-04,DEV-01,2024-01-02 11:06:05,8.3,0.1661,0.0,0,Success,Subscription,Kolkata,INR,False
TXN-20240102-0002936,WALL-0084821,MERCH-00337,PM-04,DEV-02,2024-01-02 17:13:34,131.6,2.6319,0.0,13,Success,Bill Payment,Ho Chi Minh City,VND,False
TXN-20240102-0002937,WALL-0131833,MERCH-00167,PM-04,DEV-02,2024-01-02 19:57:18,33.66,0.6731,1.6828,3,Success,Purchase,Davao,PHP,False
TXN-20240102-0002938,WALL-0035339,MERCH-00187,PM-02,DEV-01,2024-01-02 23:37:23,742.93,1.4859,37.1466,74,Success,Purchase,Karachi,INR,True
TXN-20240102-0002939,WALL-0014062,MERCH-00240,PM-04,DEV-03,2024-01-02 00:02:46,10.87,0.2174,0.0,1,Success,Subscription,Phnom Penh,KHR,False
TXN-20240102-0002940,WALL-0132740,MERCH-00082,PM-01,DEV-01,2024-01-02 19:18:02,10.0,0.0,0.0,1,Success,Purchase,Pathein,MMK,False
TXN-20240102-0002941,WALL-0004739,MERCH-00442,PM-04,DEV-03,2024-01-02 18:02:38,330.29,6.6058,0.0,33,Success,Tax Payment,Johor Bahru,MYR,False
TXN-20240102-0002942,WALL-0057054,MERCH-00048,PM-04,DEV-01,2024-01-02 16:40:44,16.67,0.3334,0.3334,1,Success,Purchase,Lahore,PKR,False
TXN-20240102-0002943,WALL-0132665,MERCH-00110,PM-02,DEV-01,2024-01-02 13:50:44,64.27,0.1285,0.0,6,Success,Purchase,Hyderabad,INR,False
TXN-20240102-0002944,WALL-0103439,MERCH-00497,PM-01,DEV-02,2024-01-02 19:07:18,379.19,0.0,0.0,37,Success,Payment,Mumbai,MMK,False
TXN-20240102-0002945,WALL-0067917,MERCH-00034,PM-02,DEV-02,2024-01-02 14:35:24,28.55,0.0571,0.5711,2,Success,Purchase,Mandalay,MMK,False
TXN-20240102-0002946,WALL-0131902,MERCH-00115,PM-01,DEV-02,2024-01-02 14:00:59,128.4,0.0,0.0,12,Success,Purchase,Phuket,THB,False
TXN-20240102-0002947,WALL-0146165,MERCH-00433,PM-02,DEV-01,2024-01-02 00:18:43,178.83,0.3577,0.0,17,Success,Tax Payment,Delhi,INR,False
TXN-20240102-0002948,WALL-0077383,MERCH-00484,PM-01,DEV-01,2024-01-02 08:51:45,355.78,0.0,0.0,35,Success,Payment,Pattaya,THB,False
TXN-20240102-0002949,WALL-0001952,MERCH-00179,PM-04,DEV-02,2024-01-02 07:17:08,263.63,5.2726,13.1814,26,Success,Purchase,Mumbai,INR,False
TXN-20240102-0002950,WALL-0017079,MERCH-00157,PM-02,DEV-02,2024-01-02 08:53:18,112.87,0.2257,5.6433,11,Success,Purchase,Jakarta,IDR,False
TXN-20240102-0002951,WALL-0081208,MERCH-00398,PM-01,DEV-01,2024-01-02 18:26:40,38.91,0.0,0.0,3,Success,Purchase,Cebu City,PHP,False
TXN-20240102-0002952,WALL-0125240,MERCH-00317,PM-02,DEV-01,2024-01-02 17:50:57,103.39,0.2068,0.0,10,Success,Bill Payment,Kathmandu,NPR,False
TXN-20240102-0002953,WALL-0143154,MERCH-00355,PM-04,DEV-05,2024-01-02 17:16:16,22.76,0.4553,0.0,2,Success,Bill Payment,Singapore,SGD,False
TXN-20240102-0002954,WALL-0002188,MERCH-00070,PM-05,DEV-01,2024-01-02 11:15:22,15.21,0.0,0.3043,1,Success,Purchase,Chennai,INR,False
TXN-20240102-0002955,WALL-0027746,MERCH-00321,PM-02,DEV-02,2024-01-02 03:39:56,107.61,0.2152,0.0,10,Success,Bill Payment,Mawlamyine,MMK,False
TXN-20240102-0002956,WALL-0113979,MERCH-00003,PM-03,DEV-03,2024-01-02 13:04:45,8.8,0.0704,0.176,0,Success,Purchase,Ho Chi Minh City,MMK,False
TXN-20240102-0002957,WALL-0092936,MERCH-00497,PM-02,DEV-01,2024-01-02 15:43:30,280.86,0.5617,0.0,28,Success,Payment,Surabaya,IDR,False
TXN-20240102-0002958,WALL-0083784,MERCH-00143,PM-02,DEV-01,2024-01-02 00:39:14,132.75,0.2655,6.6376,13,Success,Purchase,Bago,MMK,False
TXN-20240102-0002959,WALL-0083334,MERCH-00079,PM-01,DEV-03,2024-01-02 18:17:13,27.94,0.0,0.0,0,Failed,Purchase,Bandung,IDR,False
TXN-20240102-0002960,WALL-0045669,MERCH-00337,PM-03,DEV-01,2024-01-02 18:14:49,100.05,0.8004,0.0,10,Success,Bill Payment,Taunggyi,MMK,False
TXN-20240102-0002961,WALL-0043610,MERCH-00434,PM-01,DEV-01,2024-01-02 10:28:01,494.61,0.0,0.0,49,Success,Tax Payment,Quezon City,NPR,False
TXN-20240102-0002962,WALL-0023340,MERCH-00060,PM-04,DEV-01,2024-01-02 16:46:24,10.99,0.2197,0.2197,1,Success,Purchase,Taunggyi,MMK,False
TXN-20240102-0002963,WALL-0050478,MERCH-00013,PM-02,DEV-03,2024-01-02 09:06:13,10.72,0.0214,0.2144,1,Success,Purchase,Ahmedabad,MMK,False
TXN-20240102-0002964,WALL-0044891,MERCH-00119,PM-04,DEV-01,2024-01-02 20:33:42,91.22,1.8244,0.0,9,Success,Purchase,Chennai,INR,False
TXN-20240102-0002965,WALL-0148491,MERCH-00373,PM-01,DEV-01,2024-01-02 18:41:45,41.42,0.0,0.0,4,Success,Purchase,Myitkyina,MMK,False
TXN-20240102-0002966,WALL-0015147,MERCH-00170,PM-03,DEV-04,2024-01-02 21:28:03,157.78,1.2622,7.8888,15,Success,Purchase,Naypyidaw,MMK,False
TXN-20240102-0002967,WALL-0047063,MERCH-00440,PM-01,DEV-03,2024-01-02 09:44:32,420.98,0.0,0.0,0,Pending,Tax Payment,Myitkyina,MMK,False
TXN-20240102-0002968,WALL-0042314,MERCH-00449,PM-01,DEV-01,2024-01-02 20:23:47,64.35,0.0,0.0,6,Success,Tax Payment,Mawlamyine,MMK,False
TXN-20240102-0002969,WALL-0073738,MERCH-00021,PM-01,DEV-01,2024-01-02 19:49:40,21.14,0.0,0.4228,2,Success,Purchase,Manila,PHP,False
TXN-20240102-0002970,WALL-0098255,MERCH-00134,PM-01,DEV-01,2024-01-02 17:52:19,75.18,0.0,3.7591,7,Success,Purchase,Mawlamyine,MMK,False
TXN-20240102-0002971,WALL-0037721,MERCH-00059,PM-05,DEV-01,2024-01-02 13:39:30,19.15,0.0,0.3829,1,Success,Purchase,Islamabad,PKR,False
TXN-20240102-0002972,WALL-0077649,MERCH-00343,PM-01,DEV-03,2024-01-02 03:53:04,31.53,0.0,0.0,3,Success,Bill Payment,Pathein,MMK,False
TXN-20240102-0002973,WALL-0081048,MERCH-00015,PM-01,DEV-03,2024-01-02 13:42:46,30.5,0.0,0.61,3,Success,Purchase,Mawlamyine,MMK,False
TXN-20240102-0002974,WALL-0029661,MERCH-00257,PM-01,DEV-01,2024-01-02 06:14:22,20.23,0.0,0.0,2,Success,Subscription,Manila,PHP,False
TXN-20240102-0002975,WALL-0058856,MERCH-00434,PM-01,DEV-02,2024-01-02 09:41:41,354.8,0.0,0.0,35,Success,Tax Payment,Penang,PKR,False
TXN-20240102-0002976,WALL-0082788,MERCH-00260,PM-01,DEV-02,2024-01-02 09:51:17,7.93,0.0,0.0,0,Success,Subscription,Chittagong,BDT,False
TXN-20240102-0002977,WALL-0031576,MERCH-00151,PM-05,DEV-03,2024-01-02 12:28:36,20.22,0.0,1.0111,2,Success,Purchase,Mawlamyine,MMK,False
TXN-20240102-0002978,WALL-0040322,MERCH-00125,PM-03,DEV-01,2024-01-02 16:33:24,31.86,0.2548,0.0,3,Success,Purchase,Hyderabad,MMK,False
TXN-20240102-0002979,WALL-0027741,MERCH-00489,PM-04,DEV-02,2024-01-02 19:19:35,173.11,3.4622,0.0,17,Success,Payment,Bali,IDR,False
TXN-20240102-0002980,WALL-0033738,MERCH-00442,PM-01,DEV-01,2024-01-02 14:16:45,252.42,0.0,0.0,25,Success,Tax Payment,Taunggyi,MMK,False
TXN-20240102-0002981,WALL-0055820,MERCH-00063,PM-03,DEV-05,2024-01-02 02:24:46,25.98,0.2079,0.5196,2,Success,Purchase,Mandalay,MMK,False
TXN-20240102-0002982,WALL-0122942,MERCH-00057,PM-04,DEV-02,2024-01-02 20:56:06,11.3,0.226,0.226,1,Success,Purchase,Dhaka,BDT,False
TXN-20240102-0002983,WALL-0116475,MERCH-00191,PM-04,DEV-01,2024-01-02 15:17:10,7.53,0.1507,0.0,0,Pending,Purchase,Bago,MMK,False
TXN-20240102-0002984,WALL-0011286,MERCH-00025,PM-04,DEV-03,2024-01-02 17:22:24,22.48,0.4496,0.0,0,Reversed,Purchase,Yangon,MMK,False
TXN-20240102-0002985,WALL-0005839,MERCH-00319,PM-03,DEV-01,2024-01-02 17:39:48,135.56,1.0845,0.0,13,Success,Bill Payment,Mawlamyine,MMK,False
TXN-20240102-0002986,WALL-0031000,MERCH-00198,PM-04,DEV-02,2024-01-02 22:04:25,59.9,1.1981,0.0,5,Success,Purchase,Chennai,INR,False
TXN-20240102-0002987,WALL-0071319,MERCH-00054,PM-01,DEV-02,2024-01-02 19:43:22,12.37,0.0,0.2474,1,Success,Purchase,Mandalay,MMK,False
TXN-20240102-0002988,WALL-0032721,MERCH-00021,PM-01,DEV-01,2024-01-02 15:27:03,13.31,0.0,0.2662,1,Success,Purchase,Myitkyina,MMK,False
TXN-20240102-0002989,WALL-0105771,MERCH-00228,PM-03,DEV-02,2024-01-02 16:15:33,9.43,0.0755,0.0,0,Success,Purchase,Kathmandu,NPR,False
TXN-20240102-0002990,WALL-0097673,MERCH-00355,PM-04,DEV-01,2024-01-02 20:27:36,46.79,0.9359,0.0,4,Success,Bill Payment,Pathein,MMK,False
TXN-20240102-0002991,WALL-0120030,MERCH-00377,PM-02,DEV-03,2024-01-02 15:20:37,20.0,0.04,0.0,2,Success,Purchase,Kathmandu,NPR,False
TXN-20240102-0002992,WALL-0061206,MERCH-00120,PM-01,DEV-01,2024-01-02 04:05:54,21.82,0.0,0.0,2,Success,Purchase,Pathein,MMK,False
TXN-20240102-0002993,WALL-0041550,MERCH-00444,PM-02,DEV-03,2024-01-02 18:33:58,426.85,0.8537,0.0,42,Success,Tax Payment,Mawlamyine,MMK,False
TXN-20240102-0002994,WALL-0007489,MERCH-00341,PM-02,DEV-01,2024-01-02 10:58:51,38.2,0.0764,0.0,3,Success,Bill Payment,Cebu City,SGD,False
TXN-20240102-0002995,WALL-0079356,MERCH-00226,PM-01,DEV-02,2024-01-02 09:53:34,56.43,0.0,0.0,5,Success,Purchase,Naypyidaw,MMK,False
TXN-20240102-0002996,WALL-0021278,MERCH-00041,PM-01,DEV-03,2024-01-02 18:22:03,23.2,0.0,0.464,2,Success,Purchase,Da Nang,VND,False
TXN-20240102-0002997,WALL-0048685,MERCH-00052,PM-03,DEV-01,2024-01-02 15:26:37,47.26,0.3781,0.9452,4,Success,Purchase,Phnom Penh,MMK,False
TXN-20240102-0002998,WALL-0033510,MERCH-00168,PM-02,DEV-03,2024-01-02 21:01:22,153.82,0.3076,7.6912,15,Success,Purchase,Myitkyina,MMK,False
TXN-20240102-0002999,WALL-0120106,MERCH-00182,PM-01,DEV-01,2024-01-02 21:28:53,132.79,0.0,6.6393,13,Success,Purchase,Singapore,SGD,False
TXN-20240102-0003000,WALL-0082556,MERCH-00050,PM-03,DEV-05,2024-01-02 09:32:39,15.81,0.1264,0.3161,1,Success,Purchase,Bago,MMK,False
TXN-20240102-0003001,WALL-0024920,MERCH-00060,PM-03,DEV-01,2024-01-02 16:55:29,5.35,0.0428,0.1069,0,Success,Purchase,Johor Bahru,MYR,False
TXN-20240102-0003002,WALL-0072475,MERCH-00336,PM-01,DEV-02,2024-01-02 14:48:05,148.94,0.0,0.0,14,Success,Bill Payment,Lahore,PKR,False
TXN-20240102-0003003,WALL-0028319,MERCH-00282,PM-01,DEV-01,2024-01-02 06:09:41,2371.74,0.0,189.7388,474,Success,Purchase,Yangon,MMK,False
TXN-20240102-0003004,WALL-0038531,MERCH-00488,PM-04,DEV-04,2024-01-02 17:10:34,621.65,12.4331,0.0,62,Success,Payment,Bali,IDR,False
TXN-20240102-0003005,WALL-0015973,MERCH-00320,PM-01,DEV-02,2024-01-02 20:43:26,86.37,0.0,0.0,8,Success,Bill Payment,Chiang Mai,THB,False
TXN-20240102-0003006,WALL-0069929,MERCH-00007,PM-01,DEV-02,2024-01-02 12:56:52,40.98,0.0,0.8197,4,Success,Purchase,Kandy,LKR,False
TXN-20240102-0003007,WALL-0058670,MERCH-00031,PM-02,DEV-02,2024-01-02 13:36:49,46.35,0.0927,0.9271,4,Success,Purchase,Dhaka,BDT,False
TXN-20240102-0003008,WALL-0060168,MERCH-00118,PM-01,DEV-03,2024-01-02 16:31:18,194.08,0.0,0.0,19,Success,Purchase,Kathmandu,NPR,False
TXN-20240102-0003009,WALL-0113195,MERCH-00148,PM-01,DEV-01,2024-01-02 09:49:54,228.75,0.0,11.4377,22,Success,Purchase,Ahmedabad,INR,False
TXN-20240102-0003010,WALL-0118507,MERCH-00330,PM-04,DEV-03,2024-01-02 18:38:42,51.89,1.0377,0.0,5,Success,Bill Payment,Bangkok,THB,False
TXN-20240102-0003011,WALL-0082254,MERCH-00098,PM-02,DEV-01,2024-01-02 15:03:13,111.56,0.2231,0.0,11,Success,Purchase,Mawlamyine,MMK,False
TXN-20240102-0003012,WALL-0061333,MERCH-00226,PM-03,DEV-02,2024-01-02 16:40:02,11.47,0.0918,0.0,1,Success,Purchase,Naypyidaw,MMK,False
TXN-20240102-0003013,WALL-0078551,MERCH-00101,PM-01,DEV-01,2024-01-02 16:44:32,38.56,0.0,0.0,3,Success,Purchase,Colombo,LKR,False
TXN-20240102-0003014,WALL-0025675,MERCH-00079,PM-02,DEV-01,2024-01-02 10:27:10,16.45,0.0329,0.3289,1,Success,Purchase,Cebu City,PHP,False
TXN-20240102-0003015,WALL-0101404,MERCH-00409,PM-01,DEV-01,2024-01-02 19:59:49,51.9,0.0,0.0,5,Success,Payment,Phuket,THB,False
TXN-20240102-0003016,WALL-0085645,MERCH-00013,PM-01,DEV-01,2024-01-02 17:35:51,10.99,0.0,0.2199,1,Success,Purchase,Pathein,MMK,False
TXN-20240102-0003017,WALL-0014829,MERCH-00153,PM-03,DEV-01,2024-01-02 20:08:25,401.37,3.2109,20.0684,40,Success,Purchase,Yangon,MMK,False
TXN-20240102-0003018,WALL-0021614,MERCH-00229,PM-02,DEV-01,2024-01-02 16:31:16,8.6,0.0172,0.0,0,Success,Purchase,Hanoi,VND,False
TXN-20240102-0003019,WALL-0109821,MERCH-00158,PM-01,DEV-01,2024-01-02 06:11:16,89.85,0.0,4.4924,8,Success,Purchase,Taunggyi,MMK,False
TXN-20240102-0003020,WALL-0122575,MERCH-00100,PM-04,DEV-02,2024-01-02 07:12:31,43.11,0.8622,0.0,4,Success,Purchase,Taunggyi,INR,False
TXN-20240102-0003021,WALL-0046328,MERCH-00199,PM-01,DEV-01,2024-01-02 17:44:43,10.37,0.0,0.0,1,Success,Purchase,Islamabad,MMK,False
TXN-20240102-0003022,WALL-0106341,MERCH-00015,PM-03,DEV-04,2024-01-02 19:11:12,7.93,0.0635,0.1586,0,Success,Purchase,Jakarta,INR,False
TXN-20240102-0003023,WALL-0014488,MERCH-00431,PM-04,DEV-03,2024-01-02 09:33:07,122.77,2.4554,0.0,12,Success,Tax Payment,Davao,PHP,False
TXN-20240102-0003024,WALL-0088566,MERCH-00045,PM-04,DEV-01,2024-01-02 18:14:38,24.01,0.4803,0.4803,2,Success,Purchase,Kolkata,INR,False
TXN-20240102-0003025,WALL-0044705,MERCH-00026,PM-02,DEV-01,2024-01-02 23:54:52,13.72,0.0274,0.2744,1,Success,Purchase,Mumbai,INR,False
TXN-20240102-0003026,WALL-0050719,MERCH-00219,PM-01,DEV-03,2024-01-02 02:20:27,5.09,0.0,0.0,0,Success,Purchase,Mandalay,MMK,False
TXN-20240102-0003027,WALL-0074837,MERCH-00148,PM-01,DEV-01,2024-01-02 12:47:31,128.34,0.0,6.4171,12,Success,Purchase,Bago,MMK,False
TXN-20240102-0003028,WALL-0041908,MERCH-00200,PM-05,DEV-01,2024-01-02 09:55:29,17.34,0.0,0.0,0,Pending,Purchase,Pune,INR,False
TXN-20240102-0003029,WALL-0005474,MERCH-00108,PM-04,DEV-03,2024-01-02 03:19:48,152.25,3.045,0.0,15,Success,Purchase,Manila,PHP,True
TXN-20240102-0003030,WALL-0036840,MERCH-00244,PM-04,DEV-04,2024-01-02 05:20:32,17.19,0.3438,0.0,1,Success,Subscription,Kuala Lumpur,MYR,False
TXN-20240102-0003031,WALL-0132761,MERCH-00353,PM-04,DEV-01,2024-01-02 20:22:53,87.76,1.7551,0.0,8,Success,Bill Payment,Yangon,MMK,False
TXN-20240102-0003032,WALL-0063781,MERCH-00397,PM-02,DEV-01,2024-01-02 05:35:30,49.38,0.0988,0.0,4,Success,Purchase,Delhi,INR,False
TXN-20240102-0003033,WALL-0142918,MERCH-00389,PM-03,DEV-01,2024-01-02 21:03:16,85.24,0.6819,0.0,8,Success,Purchase,Singapore,INR,False
TXN-20240102-0003034,WALL-0066165,MERCH-00387,PM-02,DEV-04,2024-01-02 19:43:29,62.26,0.1245,0.0,6,Success,Purchase,Siem Reap,KHR,False
TXN-20240102-0003035,WALL-0060762,MERCH-00466,PM-01,DEV-01,2024-01-02 09:51:48,519.44,0.0,0.0,51,Success,Payment,Davao,PHP,False
TXN-20240102-0003036,WALL-0081667,MERCH-00096,PM-04,DEV-01,2024-01-02 17:09:22,29.73,0.5947,0.0,2,Success,Purchase,Ho Chi Minh City,VND,False
TXN-20240102-0003037,WALL-0078820,MERCH-00048,PM-01,DEV-01,2024-01-02 13:29:02,22.86,0.0,0.4572,2,Success,Purchase,Phnom Penh,MMK,False
TXN-20240102-0003038,WALL-0147486,MERCH-00313,PM-01,DEV-04,2024-01-02 15:52:42,54.07,0.0,0.0,5,Success,Bill Payment,Taunggyi,MMK,False
TXN-20240102-0003039,WALL-0074636,MERCH-00234,PM-01,DEV-03,2024-01-02 15:04:54,16.33,0.0,0.0,1,Success,Subscription,Yangon,MMK,False
TXN-20240102-0003040,WALL-0006951,MERCH-00428,PM-01,DEV-01,2024-01-02 10:03:15,96.82,0.0,0.0,9,Success,Payment,Bago,MMK,False
TXN-20240102-0003041,WALL-0000149,MERCH-00341,PM-03,DEV-04,2024-01-02 05:14:39,20.63,0.165,0.0,2,Success,Bill Payment,Surabaya,IDR,False
TXN-20240102-0003042,WALL-0075020,MERCH-00076,PM-01,DEV-01,2024-01-02 16:38:05,39.15,0.0,0.7829,3,Success,Purchase,Myitkyina,MMK,False
TXN-20240102-0003043,WALL-0037903,MERCH-00301,PM-02,DEV-01,2024-01-02 07:36:31,103.51,0.207,8.2811,20,Success,Purchase,Da Nang,VND,False
TXN-20240102-0003044,WALL-0098505,MERCH-00417,PM-05,DEV-04,2024-01-02 03:05:00,469.62,0.0,0.0,46,Success,Payment,Chittagong,BDT,False
TXN-20240102-0003045,WALL-0059731,MERCH-00127,PM-04,DEV-05,2024-01-02 20:16:02,101.27,2.0255,0.0,0,Reversed,Purchase,Bago,MMK,False
TXN-20240102-0003046,WALL-0055113,MERCH-00350,PM-03,DEV-01,2024-01-02 15:12:14,32.02,0.2561,0.0,3,Success,Bill Payment,Manila,PHP,False
TXN-20240102-0003047,WALL-0061624,MERCH-00131,PM-02,DEV-01,2024-01-02 12:53:47,53.09,0.1062,2.6545,5,Success,Purchase,Singapore,SGD,False
TXN-20240102-0003048,WALL-0050460,MERCH-00320,PM-03,DEV-03,2024-01-02 04:44:54,254.76,2.0381,0.0,25,Success,Bill Payment,Mawlamyine,MMK,False
TXN-20240102-0003049,WALL-0138870,MERCH-00390,PM-01,DEV-01,2024-01-02 16:25:05,54.71,0.0,0.0,5,Success,Purchase,Naypyidaw,MMK,False
TXN-20240102-0003050,WALL-0126096,MERCH-00381,PM-03,DEV-02,2024-01-02 22:42:59,30.33,0.2426,0.0,3,Success,Purchase,Phuket,THB,False
TXN-20240102-0003051,WALL-0079308,MERCH-00412,PM-01,DEV-01,2024-01-02 14:39:45,110.62,0.0,0.0,11,Success,Payment,Kuala Lumpur,MYR,False
TXN-20240102-0003052,WALL-0086946,MERCH-00252,PM-03,DEV-05,2024-01-02 13:00:10,14.4,0.1152,0.0,1,Success,Subscription,Bali,IDR,False
TXN-20240102-0003053,WALL-0047075,MERCH-00394,PM-01,DEV-02,2024-01-02 18:58:53,154.05,0.0,0.0,15,Success,Purchase,Ahmedabad,INR,False
TXN-20240102-0003054,WALL-0009854,MERCH-00424,PM-05,DEV-02,2024-01-02 19:35:36,74.79,0.0,0.0,7,Success,Payment,Naypyidaw,MMK,False
TXN-20240102-0003055,WALL-0062832,MERCH-00080,PM-01,DEV-01,2024-01-02 17:29:25,14.94,0.0,0.2989,1,Success,Purchase,Pathein,MMK,False
TXN-20240102-0003056,WALL-0095849,MERCH-00104,PM-01,DEV-01,2024-01-02 20:00:40,32.2,0.0,0.0,3,Success,Purchase,Naypyidaw,MMK,False
TXN-20240102-0003057,WALL-0012807,MERCH-00219,PM-02,DEV-03,2024-01-02 19:05:52,20.17,0.0403,0.0,2,Success,Purchase,Lahore,PKR,False
TXN-20240102-0003058,WALL-0035178,MERCH-00034,PM-03,DEV-03,2024-01-02 11:11:36,32.11,0.2569,0.6423,3,Success,Purchase,Lahore,IDR,False
TXN-20240102-0003059,WALL-0013598,MERCH-00115,PM-02,DEV-01,2024-01-02 14:08:11,32.58,0.0652,0.0,3,Success,Purchase,Naypyidaw,KHR,False
TXN-20240102-0003060,WALL-0056494,MERCH-00136,PM-04,DEV-01,2024-01-02 19:49:51,87.1,1.7421,4.3552,8,Success,Purchase,Pokhara,THB,False
TXN-20240102-0003061,WALL-0111001,MERCH-00055,PM-03,DEV-01,2024-01-02 19:24:01,13.86,0.1109,0.2772,1,Success,Purchase,Jakarta,IDR,False
TXN-20240102-0003062,WALL-0119331,MERCH-00054,PM-01,DEV-03,2024-01-02 16:29:51,24.61,0.0,0.4922,2,Success,Purchase,Naypyidaw,MMK,False
TXN-20240102-0003063,WALL-0107288,MERCH-00216,PM-01,DEV-01,2024-01-02 12:42:03,5.75,0.0,0.0,0,Success,Purchase,Chittagong,BDT,False
TXN-20240102-0003064,WALL-0111761,MERCH-00379,PM-04,DEV-02,2024-01-02 19:30:01,84.0,1.68,0.0,8,Success,Purchase,Da Nang,VND,False
TXN-20240102-0003065,WALL-0149161,MERCH-00080,PM-01,DEV-01,2024-01-02 19:13:12,14.69,0.0,0.2939,1,Success,Purchase,Bangalore,INR,False
TXN-20240102-0003066,WALL-0013311,MERCH-00411,PM-01,DEV-03,2024-01-02 10:06:56,120.18,0.0,0.0,12,Success,Payment,Taunggyi,MMK,False
TXN-20240102-0003067,WALL-0024130,MERCH-00123,PM-03,DEV-01,2024-01-02 11:15:59,90.63,0.725,0.0,9,Success,Purchase,Yangon,MMK,False
TXN-20240102-0003068,WALL-0095470,MERCH-00265,PM-03,DEV-03,2024-01-02 13:18:50,12.43,0.0995,0.0,1,Success,Subscription,Lahore,PKR,False
TXN-20240102-0003069,WALL-0120246,MERCH-00424,PM-01,DEV-02,2024-01-02 07:19:23,158.15,0.0,0.0,15,Success,Payment,Kolkata,INR,False
TXN-20240102-0003070,WALL-0079238,MERCH-00335,PM-02,DEV-01,2024-01-02 07:01:08,269.96,0.5399,0.0,26,Success,Bill Payment,Myitkyina,MMK,False
TXN-20240102-0003071,WALL-0108650,MERCH-00129,PM-04,DEV-03,2024-01-02 13:02:59,128.46,2.5691,0.0,12,Success,Purchase,Mandalay,MMK,False
TXN-20240102-0003072,WALL-0127311,MERCH-00023,PM-01,DEV-02,2024-01-02 18:54:26,13.45,0.0,0.269,1,Success,Purchase,Pathein,MMK,False
TXN-20240102-0003073,WALL-0023837,MERCH-00240,PM-04,DEV-04,2024-01-02 20:56:51,10.68,0.2136,0.0,1,Success,Subscription,Hyderabad,BDT,False
TXN-20240102-0003074,WALL-0030700,MERCH-00047,PM-02,DEV-01,2024-01-02 20:20:59,15.48,0.031,0.3095,1,Success,Purchase,Bago,MMK,False
TXN-20240102-0003075,WALL-0121076,MERCH-00337,PM-01,DEV-05,2024-01-02 08:42:55,68.26,0.0,0.0,6,Success,Bill Payment,Pathein,MMK,False
TXN-20240102-0003076,WALL-0018265,MERCH-00122,PM-01,DEV-01,2024-01-02 19:23:53,45.27,0.0,0.0,4,Success,Purchase,Manila,PHP,False
TXN-20240102-0003077,WALL-0106760,MERCH-00227,PM-03,DEV-03,2024-01-02 21:26:08,9.26,0.0741,0.0,0,Success,Purchase,Chiang Mai,THB,False
TXN-20240102-0003078,WALL-0052064,MERCH-00335,PM-04,DEV-05,2024-01-02 08:35:31,34.77,0.6954,0.0,3,Success,Bill Payment,Naypyidaw,MMK,False
TXN-20240102-0003079,WALL-0079001,MERCH-00199,PM-01,DEV-03,2024-01-02 13:59:26,17.19,0.0,0.0,1,Success,Purchase,Myitkyina,MMK,False
TXN-20240102-0003080,WALL-0048007,MERCH-00070,PM-01,DEV-02,2024-01-02 22:36:15,20.3,0.0,0.4061,2,Success,Purchase,Myitkyina,MMK,False
TXN-20240102-0003081,WALL-0092580,MERCH-00077,PM-01,DEV-01,2024-01-02 13:23:27,50.51,0.0,1.0102,5,Success,Purchase,Siem Reap,KHR,False
TXN-20240102-0003082,WALL-0132936,MERCH-00149,PM-02,DEV-03,2024-01-02 18:43:44,2412.98,4.826,120.6491,241,Success,Purchase,Johor Bahru,MYR,False
TXN-20240102-0003083,WALL-0102206,MERCH-00003,PM-04,DEV-03,2024-01-02 19:52:06,6.79,0.1359,0.1359,0,Success,Purchase,Pune,INR,False
TXN-20240102-0003084,WALL-0118286,MERCH-00267,PM-01,DEV-04,2024-01-02 15:35:08,21.64,0.0,0.0,2,Success,Subscription,Yangon,MMK,False
TXN-20240102-0003085,WALL-0107362,MERCH-00244,PM-03,DEV-02,2024-01-02 09:23:43,15.68,0.1254,0.0,0,Reversed,Subscription,Penang,MYR,False
TXN-20240102-0003086,WALL-0008007,MERCH-00079,PM-01,DEV-01,2024-01-02 04:20:55,7.92,0.0,0.1585,0,Success,Purchase,Islamabad,PKR,False
TXN-20240102-0003087,WALL-0079881,MERCH-00151,PM-04,DEV-02,2024-01-02 21:57:52,61.27,1.2254,3.0635,6,Success,Purchase,Naypyidaw,MMK,False
TXN-20240102-0003088,WALL-0081032,MERCH-00045,PM-01,DEV-01,2024-01-02 13:12:55,10.48,0.0,0.2096,1,Success,Purchase,Bago,MMK,False
TXN-20240102-0003089,WALL-0064124,MERCH-00312,PM-01,DEV-04,2024-01-02 13:54:15,241.73,0.0,0.0,24,Success,Bill Payment,Lahore,PKR,False
TXN-20240102-0003090,WALL-0096090,MERCH-00335,PM-01,DEV-02,2024-01-02 04:29:35,116.36,0.0,0.0,11,Success,Bill Payment,Bangalore,MMK,False
TXN-20240102-0003091,WALL-0071045,MERCH-00496,PM-01,DEV-01,2024-01-02 16:06:50,133.22,0.0,0.0,13,Success,Payment,Delhi,INR,False
TXN-20240102-0003092,WALL-0019447,MERCH-00386,PM-01,DEV-01,2024-01-02 13:33:49,25.9,0.0,0.0,2,Success,Purchase,Chittagong,MMK,False
TXN-20240102-0003093,WALL-0126157,MERCH-00169,PM-03,DEV-02,2024-01-02 18:39:12,320.02,2.5601,16.0009,32,Success,Purchase,Pathein,MMK,False
TXN-20240102-0003094,WALL-0099319,MERCH-00012,PM-04,DEV-02,2024-01-02 15:05:44,12.89,0.2578,0.2578,1,Success,Purchase,Cebu City,PHP,False
TXN-20240102-0003095,WALL-0137713,MERCH-00219,PM-01,DEV-01,2024-01-02 20:18:21,5.0,0.0,0.0,0,Success,Purchase,Delhi,INR,False
TXN-20240102-0003096,WALL-0023281,MERCH-00008,PM-03,DEV-01,2024-01-02 08:47:57,18.17,0.1453,0.3634,1,Success,Purchase,Myitkyina,MMK,False
TXN-20240102-0003097,WALL-0147272,MERCH-00094,PM-01,DEV-02,2024-01-02 19:33:31,37.77,0.0,0.0,3,Success,Purchase,Pokhara,NPR,False
TXN-20240102-0003098,WALL-0018034,MERCH-00174,PM-03,DEV-03,2024-01-02 05:15:19,135.28,1.0823,6.7641,13,Success,Purchase,Khon Kaen,THB,False
TXN-20240102-0003099,WALL-0127759,MERCH-00211,PM-01,DEV-01,2024-01-02 01:11:00,8.86,0.0,0.0,0,Failed,Purchase,Mumbai,INR,False
TXN-20240102-0003100,WALL-0111724,MERCH-00160,PM-03,DEV-02,2024-01-02 11:53:04,489.15,3.9132,24.4576,48,Success,Purchase,Khon Kaen,THB,False
TXN-20240102-0003101,WALL-0033211,MERCH-00054,PM-05,DEV-01,2024-01-02 21:42:59,42.49,0.0,0.8497,4,Success,Purchase,Naypyidaw,MMK,False
TXN-20240102-0003102,WALL-0076543,MERCH-00198,PM-03,DEV-05,2024-01-02 18:30:25,19.82,0.1585,0.0,1,Success,Purchase,Myitkyina,MMK,False
TXN-20240102-0003103,WALL-0107770,MERCH-00331,PM-04,DEV-01,2024-01-02 20:48:10,105.03,2.1007,0.0,10,Success,Bill Payment,Mawlamyine,MMK,False
TXN-20240102-0003104,WALL-0019684,MERCH-00177,PM-03,DEV-04,2024-01-02 19:13:15,62.18,0.4974,3.109,6,Success,Purchase,Surabaya,MMK,False
TXN-20240102-0003105,WALL-0092988,MERCH-00132,PM-01,DEV-04,2024-01-02 20:47:51,20.0,0.0,1.0,2,Success,Purchase,Bangkok,THB,False
TXN-20240102-0003106,WALL-0067441,MERCH-00189,PM-02,DEV-03,2024-01-02 01:10:30,45.8,0.0916,2.2901,4,Success,Purchase,Jaipur,INR,False
TXN-20240102-0003107,WALL-0072953,MERCH-00129,PM-02,DEV-02,2024-01-02 04:53:52,69.61,0.1392,0.0,6,Success,Purchase,Yangon,MMK,False
TXN-20240102-0003108,WALL-0069210,MERCH-00376,PM-04,DEV-02,2024-01-02 15:17:14,38.29,0.7657,0.0,3,Success,Purchase,Yangon,MMK,False
TXN-20240102-0003109,WALL-0145676,MERCH-00252,PM-03,DEV-01,2024-01-02 01:52:10,19.24,0.1539,0.0,1,Success,Subscription,Mandalay,MMK,False
TXN-20240102-0003110,WALL-0096151,MERCH-00417,PM-01,DEV-01,2024-01-02 16:33:49,23.74,0.0,0.0,0,Failed,Payment,Phuket,THB,False
TXN-20240102-0003111,WALL-0031089,MERCH-00238,PM-02,DEV-02,2024-01-02 19:36:07,16.73,0.0335,0.0,1,Success,Subscription,Naypyidaw,MMK,False
TXN-20240102-0003112,WALL-0000474,MERCH-00044,PM-01,DEV-02,2024-01-02 20:56:32,16.09,0.0,0.3217,1,Success,Purchase,Davao,PHP,False
TXN-20240102-0003113,WALL-0104598,MERCH-00164,PM-04,DEV-01,2024-01-02 14:36:42,80.56,1.6111,4.0279,8,Success,Purchase,Pattaya,THB,False
TXN-20240102-0003114,WALL-0055600,MERCH-00102,PM-03,DEV-02,2024-01-02 14:02:03,78.12,0.6249,0.0,7,Success,Purchase,Lahore,PKR,False
TXN-20240102-0003115,WALL-0063007,MERCH-00134,PM-04,DEV-01,2024-01-02 07:57:49,99.89,1.9979,4.9947,9,Success,Purchase,Taunggyi,MMK,False
TXN-20240102-0003116,WALL-0037023,MERCH-00197,PM-04,DEV-01,2024-01-02 17:16:07,6.52,0.1305,0.0,0,Success,Purchase,Naypyidaw,MMK,False
TXN-20240102-0003117,WALL-0063779,MERCH-00380,PM-02,DEV-03,2024-01-02 17:14:04,28.42,0.0568,0.0,2,Success,Purchase,Chiang Mai,THB,False
TXN-20240102-0003118,WALL-0008990,MERCH-00258,PM-04,DEV-02,2024-01-02 15:38:41,7.58,0.1516,0.0,0,Success,Subscription,Mawlamyine,MMK,False
TXN-20240102-0003119,WALL-0100279,MERCH-00207,PM-01,DEV-01,2024-01-02 17:20:26,14.66,0.0,0.0,1,Success,Purchase,Mawlamyine,MMK,False
TXN-20240102-0003120,WALL-0007807,MERCH-00414,PM-01,DEV-01,2024-01-02 18:07:44,75.9,0.0,0.0,7,Success,Payment,Pathein,MMK,False
TXN-20240102-0003121,WALL-0136957,MERCH-00036,PM-03,DEV-01,2024-01-02 21:20:46,26.71,0.2137,0.5342,2,Success,Purchase,Taunggyi,MMK,False
TXN-20240102-0003122,WALL-0109466,MERCH-00182,PM-01,DEV-02,2024-01-02 20:46:59,73.76,0.0,3.6879,7,Success,Purchase,Surabaya,BDT,False
TXN-20240102-0003123,WALL-0136677,MERCH-00289,PM-02,DEV-03,2024-01-02 17:48:59,638.03,1.2761,51.0428,127,Success,Purchase,Chittagong,BDT,False
TXN-20240102-0003124,WALL-0003733,MERCH-00137,PM-03,DEV-05,2024-01-02 15:42:06,50.45,0.4036,2.5226,5,Success,Purchase,Lahore,PKR,False
TXN-20240102-0003125,WALL-0032586,MERCH-00475,PM-02,DEV-01,2024-01-02 11:54:50,161.0,0.322,0.0,16,Success,Payment,Pokhara,NPR,False
TXN-20240102-0003126,WALL-0057236,MERCH-00467,PM-02,DEV-01,2024-01-02 15:31:58,533.69,1.0674,0.0,53,Success,Payment,Pathein,MMK,False
TXN-20240102-0003127,WALL-0067408,MERCH-00425,PM-01,DEV-04,2024-01-02 12:42:20,28.01,0.0,0.0,2,Success,Payment,Davao,PHP,False
TXN-20240102-0003128,WALL-0000693,MERCH-00317,PM-02,DEV-02,2024-01-02 00:11:13,264.14,0.5283,0.0,0,Reversed,Bill Payment,Pathein,MMK,False
TXN-20240102-0003129,WALL-0038728,MERCH-00202,PM-01,DEV-04,2024-01-02 21:52:03,21.76,0.0,0.0,2,Success,Purchase,Pathein,MMK,False
TXN-20240102-0003130,WALL-0092685,MERCH-00036,PM-01,DEV-02,2024-01-02 14:46:18,24.29,0.0,0.4858,2,Success,Purchase,Quezon City,PHP,False
TXN-20240102-0003131,WALL-0124658,MERCH-00382,PM-01,DEV-01,2024-01-02 02:22:47,43.62,0.0,0.0,4,Success,Purchase,Mawlamyine,MMK,False
TXN-20240102-0003132,WALL-0017310,MERCH-00011,PM-04,DEV-01,2024-01-02 12:58:21,21.79,0.4357,0.4357,2,Success,Purchase,Naypyidaw,MMK,False
TXN-20240102-0003133,WALL-0148030,MERCH-00184,PM-01,DEV-03,2024-01-02 20:11:05,33.17,0.0,1.6583,3,Success,Purchase,Bangkok,THB,False
TXN-20240102-0003134,WALL-0095422,MERCH-00433,PM-01,DEV-01,2024-01-02 19:38:03,82.08,0.0,0.0,8,Success,Tax Payment,Taunggyi,MMK,False
TXN-20240102-0003135,WALL-0069159,MERCH-00346,PM-02,DEV-01,2024-01-02 18:08:36,27.26,0.0545,0.0,2,Success,Bill Payment,Bangalore,INR,False
TXN-20240102-0003136,WALL-0127219,MERCH-00030,PM-01,DEV-02,2024-01-02 18:09:54,20.5,0.0,0.41,2,Success,Purchase,Taunggyi,MMK,False
TXN-20240102-0003137,WALL-0009623,MERCH-00063,PM-02,DEV-05,2024-01-02 12:36:53,46.23,0.0925,0.9246,4,Success,Purchase,Penang,MYR,False
TXN-20240102-0003138,WALL-0075185,MERCH-00011,PM-04,DEV-02,2024-01-02 17:56:25,24.27,0.4853,0.4853,2,Success,Purchase,Chiang Mai,MMK,False
TXN-20240102-0003139,WALL-0074717,MERCH-00241,PM-03,DEV-03,2024-01-02 21:03:16,8.12,0.065,0.0,0,Success,Subscription,Phuket,THB,False
TXN-20240102-0003140,WALL-0032135,MERCH-00125,PM-01,DEV-01,2024-01-02 13:40:28,27.71,0.0,0.0,2,Success,Purchase,Yangon,MMK,False
TXN-20240102-0003141,WALL-0085709,MERCH-00377,PM-03,DEV-01,2024-01-02 17:27:47,66.43,0.5314,0.0,6,Success,Purchase,Quezon City,PHP,False
TXN-20240102-0003142,WALL-0139919,MERCH-00124,PM-04,DEV-01,2024-01-02 10:36:31,153.48,3.0696,0.0,15,Success,Purchase,Siem Reap,MMK,False
TXN-20240102-0003143,WALL-0041385,MERCH-00319,PM-01,DEV-01,2024-01-02 16:35:59,54.92,0.0,0.0,5,Success,Bill Payment,Karachi,PKR,False
TXN-20240102-0003144,WALL-0116986,MERCH-00145,PM-02,DEV-02,2024-01-02 12:05:49,140.68,0.2814,7.0338,14,Success,Purchase,Chittagong,BDT,False
TXN-20240102-0003145,WALL-0084474,MERCH-00309,PM-01,DEV-01,2024-01-02 22:03:55,1661.38,0.0,132.9102,332,Success,Purchase,Dhaka,BDT,False
TXN-20240102-0003146,WALL-0050211,MERCH-00322,PM-03,DEV-01,2024-01-02 18:06:29,57.7,0.4616,0.0,0,Failed,Bill Payment,Karachi,VND,False
TXN-20240102-0003147,WALL-0034626,MERCH-00179,PM-03,DEV-03,2024-01-02 15:08:34,36.28,0.2903,1.8141,3,Success,Purchase,Bangalore,INR,False
TXN-20240102-0003148,WALL-0118483,MERCH-00360,PM-03,DEV-01,2024-01-02 09:17:31,19.53,0.1562,0.0,1,Success,Bill Payment,Colombo,LKR,False
TXN-20240102-0003149,WALL-0124882,MERCH-00400,PM-04,DEV-01,2024-01-02 18:43:08,58.02,1.1605,0.0,5,Success,Purchase,Pathein,MMK,False
TXN-20240102-0003150,WALL-0082951,MERCH-00231,PM-01,DEV-01,2024-01-02 08:46:04,11.32,0.0,0.0,1,Success,Subscription,Mawlamyine,MMK,False
TXN-20240102-0003151,WALL-0074570,MERCH-00424,PM-01,DEV-02,2024-01-02 06:34:28,246.52,0.0,0.0,24,Success,Payment,Bangkok,THB,False
TXN-20240102-0003152,WALL-0113931,MERCH-00389,PM-04,DEV-05,2024-01-02 13:16:57,35.12,0.7025,0.0,3,Success,Purchase,Medan,IDR,False
TXN-20240102-0003153,WALL-0138372,MERCH-00318,PM-01,DEV-01,2024-01-02 15:58:06,111.2,0.0,0.0,11,Success,Bill Payment,Chennai,INR,False
TXN-20240102-0003154,WALL-0084751,MERCH-00366,PM-01,DEV-02,2024-01-02 06:01:22,52.31,0.0,0.0,5,Success,Bill Payment,Islamabad,PKR,False
TXN-20240102-0003155,WALL-0116099,MERCH-00003,PM-02,DEV-01,2024-01-02 20:59:40,20.38,0.0408,0.4075,2,Success,Purchase,Taunggyi,MMK,False
TXN-20240102-0003156,WALL-0149596,MERCH-00144,PM-01,DEV-01,2024-01-02 01:30:25,45.3,0.0,2.2649,4,Success,Purchase,Yangon,MMK,False
TXN-20240102-0003157,WALL-0145819,MERCH-00485,PM-03,DEV-03,2024-01-02 05:26:00,214.99,1.7199,0.0,21,Success,Payment,Pune,INR,False
TXN-20240102-0003158,WALL-0101106,MERCH-00310,PM-01,DEV-01,2024-01-02 13:52:56,503.33,0.0,40.2664,100,Success,Purchase,Bandung,BDT,False
TXN-20240102-0003159,WALL-0138955,MERCH-00083,PM-04,DEV-05,2024-01-02 16:53:36,10.5,0.21,0.0,1,Success,Purchase,Taunggyi,MMK,False
TXN-20240102-0003160,WALL-0006415,MERCH-00500,PM-03,DEV-01,2024-01-02 20:27:53,110.35,0.8828,0.0,11,Success,Payment,Chiang Mai,MMK,False
TXN-20240102-0003161,WALL-0055318,MERCH-00220,PM-01,DEV-01,2024-01-02 11:42:14,17.98,0.0,0.0,1,Success,Purchase,Pathein,MMK,False
TXN-20240102-0003162,WALL-0091287,MERCH-00253,PM-03,DEV-02,2024-01-02 07:31:49,7.86,0.0629,0.0,0,Success,Subscription,Naypyidaw,MMK,False
TXN-20240102-0003163,WALL-0015353,MERCH-00118,PM-01,DEV-03,2024-01-02 04:34:18,54.1,0.0,0.0,5,Success,Purchase,Bali,IDR,False
TXN-20240102-0003164,WALL-0070417,MERCH-00447,PM-02,DEV-01,2024-01-02 21:38:26,133.81,0.2676,0.0,13,Success,Tax Payment,Kathmandu,NPR,False
TXN-20240102-0003165,WALL-0007622,MERCH-00327,PM-02,DEV-01,2024-01-02 18:43:08,119.46,0.2389,0.0,11,Success,Bill Payment,Medan,IDR,False
TXN-20240102-0003166,WALL-0101447,MERCH-00075,PM-01,DEV-02,2024-01-02 12:39:06,26.0,0.0,0.5199,2,Success,Purchase,Pattaya,THB,False
TXN-20240102-0003167,WALL-0086896,MERCH-00192,PM-02,DEV-02,2024-01-02 18:13:53,14.6,0.0292,0.0,1,Success,Purchase,Bali,IDR,False
TXN-20240102-0003168,WALL-0127296,MERCH-00343,PM-02,DEV-01,2024-01-02 19:40:39,54.66,0.1093,0.0,5,Success,Bill Payment,Surabaya,IDR,False
TXN-20240102-0003169,WALL-0032424,MERCH-00264,PM-01,DEV-01,2024-01-02 20:07:55,46.4,0.0,0.0,4,Success,Subscription,Mandalay,MMK,False
TXN-20240102-0003170,WALL-0053005,MERCH-00070,PM-04,DEV-03,2024-01-02 21:25:55,34.18,0.6835,0.6835,3,Success,Purchase,Naypyidaw,MMK,False
TXN-20240102-0003171,WALL-0105808,MERCH-00227,PM-04,DEV-01,2024-01-02 05:21:11,14.18,0.2836,0.0,1,Success,Purchase,Karachi,PKR,False
TXN-20240102-0003172,WALL-0051330,MERCH-00034,PM-01,DEV-01,2024-01-02 19:17:21,8.52,0.0,0.1704,0,Success,Purchase,Bago,MMK,False
TXN-20240102-0003173,WALL-0136059,MERCH-00336,PM-04,DEV-02,2024-01-02 18:49:54,55.48,1.1096,0.0,5,Success,Bill Payment,Dhaka,BDT,False
TXN-20240102-0003174,WALL-0011155,MERCH-00100,PM-01,DEV-02,2024-01-02 04:08:23,19.49,0.0,0.0,1,Success,Purchase,Siem Reap,KHR,False
TXN-20240102-0003175,WALL-0103170,MERCH-00379,PM-01,DEV-03,2024-01-02 21:12:35,26.96,0.0,0.0,2,Success,Purchase,Quezon City,PHP,False
TXN-20240102-0003176,WALL-0097756,MERCH-00239,PM-02,DEV-01,2024-01-02 03:37:24,25.46,0.0509,0.0,2,Success,Subscription,Chittagong,BDT,False
TXN-20240102-0003177,WALL-0029358,MERCH-00266,PM-05,DEV-01,2024-01-02 21:18:44,9.56,0.0,0.0,0,Success,Subscription,Chittagong,BDT,False
TXN-20240102-0003178,WALL-0034807,MERCH-00265,PM-04,DEV-01,2024-01-02 06:12:42,9.68,0.1936,0.0,0,Success,Subscription,Siem Reap,KHR,False
TXN-20240102-0003179,WALL-0095797,MERCH-00221,PM-02,DEV-01,2024-01-02 17:30:03,5.0,0.01,0.0,0,Success,Purchase,Pattaya,THB,False
TXN-20240102-0003180,WALL-0105324,MERCH-00006,PM-01,DEV-01,2024-01-02 19:31:53,17.02,0.0,0.3404,1,Success,Purchase,Yangon,MMK,False
TXN-20240102-0003181,WALL-0051974,MERCH-00169,PM-01,DEV-01,2024-01-02 20:31:04,159.29,0.0,7.9644,15,Success,Purchase,Da Nang,VND,False
TXN-20240102-0003182,WALL-0001912,MERCH-00130,PM-01,DEV-01,2024-01-02 16:00:56,31.45,0.0,0.0,3,Success,Purchase,Mandalay,MMK,False
TXN-20240102-0003183,WALL-0119888,MERCH-00236,PM-02,DEV-02,2024-01-02 20:31:04,20.47,0.0409,0.0,2,Success,Subscription,Davao,PHP,False
TXN-20240102-0003184,WALL-0036940,MERCH-00325,PM-04,DEV-02,2024-01-02 17:21:44,77.08,1.5417,0.0,7,Success,Bill Payment,Hanoi,VND,False
TXN-20240102-0003185,WALL-0014676,MERCH-00064,PM-01,DEV-01,2024-01-02 04:38:41,24.39,0.0,0.0,0,Reversed,Purchase,Naypyidaw,INR,False
TXN-20240102-0003186,WALL-0112788,MERCH-00386,PM-01,DEV-01,2024-01-02 04:03:48,60.97,0.0,0.0,6,Success,Purchase,Pokhara,NPR,False
TXN-20240102-0003187,WALL-0070138,MERCH-00385,PM-01,DEV-01,2024-01-02 13:26:58,36.48,0.0,0.0,3,Success,Purchase,Myitkyina,MMK,False
TXN-20240102-0003188,WALL-0090172,MERCH-00088,PM-03,DEV-03,2024-01-02 16:04:01,41.42,0.3314,0.0,4,Success,Purchase,Bago,MMK,False
TXN-20240102-0003189,WALL-0030517,MERCH-00093,PM-01,DEV-03,2024-01-02 19:40:11,165.19,0.0,0.0,16,Success,Purchase,Bali,IDR,False
TXN-20240102-0003190,WALL-0086873,MERCH-00420,PM-01,DEV-03,2024-01-02 08:54:39,54.87,0.0,0.0,5,Success,Payment,Pattaya,THB,False
TXN-20240102-0003191,WALL-0069329,MERCH-00369,PM-02,DEV-04,2024-01-02 11:02:20,28.27,0.0565,0.0,2,Success,Bill Payment,Medan,MMK,False
TXN-20240102-0003192,WALL-0120908,MERCH-00007,PM-02,DEV-03,2024-01-02 16:44:22,9.4,0.0188,0.188,0,Success,Purchase,Kuala Lumpur,MYR,False
TXN-20240102-0003193,WALL-0070170,MERCH-00010,PM-02,DEV-05,2024-01-02 11:50:34,27.47,0.0549,0.5495,2,Success,Purchase,Myitkyina,MMK,False
TXN-20240102-0003194,WALL-0027009,MERCH-00188,PM-02,DEV-02,2024-01-02 12:27:54,234.07,0.4681,11.7033,23,Success,Purchase,Pune,INR,False
TXN-20240102-0003195,WALL-0093968,MERCH-00082,PM-02,DEV-03,2024-01-02 22:25:35,100.46,0.2009,0.0,10,Success,Purchase,Penang,MYR,False
TXN-20240102-0003196,WALL-0074824,MERCH-00136,PM-01,DEV-01,2024-01-02 11:53:29,255.67,0.0,12.7833,25,Success,Purchase,Myitkyina,THB,False
TXN-20240102-0003197,WALL-0103845,MERCH-00235,PM-01,DEV-05,2024-01-02 16:07:47,14.69,0.0,0.0,1,Success,Subscription,Dhaka,BDT,False
TXN-20240102-0003198,WALL-0117530,MERCH-00412,PM-03,DEV-01,2024-01-02 01:40:56,96.51,0.7721,0.0,9,Success,Payment,Myitkyina,MMK,False
TXN-20240102-0003199,WALL-0041754,MERCH-00183,PM-02,DEV-01,2024-01-02 16:04:29,73.17,0.1463,3.6585,7,Success,Purchase,Kolkata,INR,False
TXN-20240102-0003200,WALL-0065019,MERCH-00069,PM-01,DEV-01,2024-01-02 20:03:34,20.69,0.0,0.4138,2,Success,Purchase,Phnom Penh,KHR,False
TXN-20240102-0003201,WALL-0027577,MERCH-00066,PM-01,DEV-03,2024-01-02 20:29:35,25.12,0.0,0.0,0,Failed,Purchase,Taunggyi,MMK,False
TXN-20240102-0003202,WALL-0046401,MERCH-00103,PM-03,DEV-03,2024-01-02 12:58:44,140.0,1.12,0.0,14,Success,Purchase,Pathein,MMK,False
TXN-20240102-0003203,WALL-0085153,MERCH-00013,PM-04,DEV-02,2024-01-02 17:11:58,43.9,0.878,0.878,4,Success,Purchase,Hyderabad,INR,False
TXN-20240102-0003204,WALL-0028955,MERCH-00127,PM-01,DEV-02,2024-01-02 19:16:25,61.82,0.0,0.0,6,Success,Purchase,Penang,THB,False
TXN-20240102-0003205,WALL-0130616,MERCH-00172,PM-01,DEV-03,2024-01-02 12:46:14,95.41,0.0,4.7704,9,Success,Purchase,Bali,IDR,False
TXN-20240102-0003206,WALL-0148940,MERCH-00044,PM-01,DEV-01,2024-01-02 07:22:06,10.9,0.0,0.218,1,Success,Purchase,Myitkyina,INR,False
TXN-20240102-0003207,WALL-0018659,MERCH-00292,PM-03,DEV-01,2024-01-02 02:19:14,789.43,6.3155,63.1548,157,Success,Purchase,Islamabad,PKR,False
TXN-20240102-0003208,WALL-0039825,MERCH-00006,PM-03,DEV-01,2024-01-02 07:28:37,9.95,0.0796,0.199,0,Success,Purchase,Chittagong,BDT,False
TXN-20240102-0003209,WALL-0148314,MERCH-00163,PM-02,DEV-04,2024-01-02 20:45:18,317.3,0.6346,15.8648,31,Success,Purchase,Chiang Mai,THB,False
TXN-20240102-0003210,WALL-0015514,MERCH-00464,PM-01,DEV-01,2024-01-02 20:22:58,145.05,0.0,0.0,14,Success,Payment,Taunggyi,MMK,False
TXN-20240102-0003211,WALL-0103395,MERCH-00193,PM-03,DEV-01,2024-01-02 01:38:11,10.71,0.0857,0.0,1,Success,Purchase,Hyderabad,INR,False
TXN-20240102-0003212,WALL-0043586,MERCH-00374,PM-04,DEV-03,2024-01-02 02:09:57,78.58,1.5717,0.0,7,Success,Purchase,Kathmandu,MMK,False
TXN-20240102-0003213,WALL-0123105,MERCH-00282,PM-02,DEV-01,2024-01-02 21:42:53,926.63,1.8533,74.1302,185,Success,Purchase,Singapore,SGD,False
TXN-20240102-0003214,WALL-0142638,MERCH-00295,PM-05,DEV-01,2024-01-02 19:04:23,929.02,0.0,74.322,185,Success,Purchase,Bangkok,THB,False
TXN-20240102-0003215,WALL-0138947,MERCH-00394,PM-05,DEV-01,2024-01-02 20:05:21,78.91,0.0,0.0,7,Success,Purchase,Mumbai,INR,False
TXN-20240102-0003216,WALL-0102389,MERCH-00052,PM-02,DEV-03,2024-01-02 13:35:43,23.06,0.0461,0.4612,2,Success,Purchase,Khon Kaen,THB,False
TXN-20240102-0003217,WALL-0110736,MERCH-00359,PM-01,DEV-01,2024-01-02 17:36:33,42.54,0.0,0.0,4,Success,Bill Payment,Mawlamyine,MMK,False
TXN-20240102-0003218,WALL-0000191,MERCH-00254,PM-05,DEV-03,2024-01-02 00:29:56,10.92,0.0,0.0,1,Success,Subscription,Kathmandu,NPR,False
TXN-20240102-0003219,WALL-0016872,MERCH-00207,PM-03,DEV-02,2024-01-02 23:01:58,8.49,0.0679,0.0,0,Success,Purchase,Singapore,SGD,False
TXN-20240102-0003220,WALL-0033835,MERCH-00419,PM-01,DEV-02,2024-01-02 10:15:39,20.0,0.0,0.0,2,Success,Payment,Penang,MYR,False
TXN-20240102-0003221,WALL-0090468,MERCH-00072,PM-01,DEV-01,2024-01-02 15:28:09,24.38,0.0,0.4875,2,Success,Purchase,Johor Bahru,THB,False
TXN-20240102-0003222,WALL-0079206,MERCH-00454,PM-02,DEV-01,2024-01-02 06:29:27,247.37,0.4947,0.0,24,Success,Payment,Ho Chi Minh City,VND,False
TXN-20240102-0003223,WALL-0135910,MERCH-00100,PM-01,DEV-01,2024-01-02 07:17:50,127.48,0.0,0.0,12,Success,Purchase,Taunggyi,MMK,False
TXN-20240102-0003224,WALL-0119098,MERCH-00377,PM-01,DEV-04,2024-01-02 18:18:01,105.17,0.0,0.0,10,Success,Purchase,Taunggyi,MMK,False
TXN-20240102-0003225,WALL-0003774,MERCH-00102,PM-03,DEV-01,2024-01-02 12:47:22,66.82,0.5345,0.0,6,Success,Purchase,Bandung,IDR,False
TXN-20240102-0003226,WALL-0087494,MERCH-00156,PM-03,DEV-05,2024-01-02 07:47:54,78.33,0.6266,3.9164,7,Success,Purchase,Pathein,MMK,False
TXN-20240102-0003227,WALL-0086367,MERCH-00302,PM-02,DEV-04,2024-01-02 20:10:52,249.78,0.4996,19.9823,49,Success,Purchase,Ahmedabad,INR,False
TXN-20240102-0003228,WALL-0115392,MERCH-00054,PM-01,DEV-03,2024-01-02 20:40:56,39.2,0.0,0.7839,3,Success,Purchase,Manila,KHR,False
TXN-20240102-0003229,WALL-0127824,MERCH-00028,PM-02,DEV-03,2024-01-02 00:07:35,11.26,0.0225,0.2252,1,Success,Purchase,Quezon City,PHP,False
TXN-20240102-0003230,WALL-0031938,MERCH-00266,PM-01,DEV-01,2024-01-02 14:51:08,24.31,0.0,0.0,2,Success,Subscription,Islamabad,THB,False
TXN-20240102-0003231,WALL-0084906,MERCH-00216,PM-01,DEV-01,2024-01-02 07:14:10,16.55,0.0,0.0,1,Success,Purchase,Mumbai,INR,False
TXN-20240102-0003232,WALL-0125348,MERCH-00086,PM-03,DEV-02,2024-01-02 18:27:19,65.46,0.5237,0.0,6,Success,Purchase,Dhaka,BDT,False
TXN-20240102-0003233,WALL-0061771,MERCH-00378,PM-02,DEV-01,2024-01-02 03:26:12,20.0,0.04,0.0,2,Success,Purchase,Islamabad,PKR,False
TXN-20240102-0003234,WALL-0114531,MERCH-00101,PM-01,DEV-01,2024-01-02 14:51:27,63.83,0.0,0.0,6,Success,Purchase,Quezon City,PHP,False
TXN-20240102-0003235,WALL-0096417,MERCH-00146,PM-01,DEV-01,2024-01-02 10:13:44,152.47,0.0,7.6233,15,Success,Purchase,Manila,PHP,False
TXN-20240102-0003236,WALL-0086379,MERCH-00040,PM-02,DEV-01,2024-01-02 17:54:32,22.19,0.0444,0.4439,2,Success,Purchase,Phnom Penh,KHR,False
TXN-20240102-0003237,WALL-0057384,MERCH-00049,PM-01,DEV-01,2024-01-02 17:35:24,8.14,0.0,0.1628,0,Success,Purchase,Chittagong,BDT,False
TXN-20240102-0003238,WALL-0117031,MERCH-00420,PM-02,DEV-02,2024-01-02 07:12:49,46.11,0.0922,0.0,4,Success,Payment,Naypyidaw,MMK,False
TXN-20240102-0003239,WALL-0135891,MERCH-00053,PM-02,DEV-02,2024-01-02 13:17:51,37.62,0.0752,0.7523,3,Success,Purchase,Pathein,MMK,False
TXN-20240102-0003240,WALL-0092330,MERCH-00123,PM-01,DEV-02,2024-01-02 17:57:40,74.67,0.0,0.0,7,Success,Purchase,Myitkyina,INR,False
TXN-20240102-0003241,WALL-0144522,MERCH-00287,PM-02,DEV-01,2024-01-02 08:21:53,370.05,0.7401,29.6044,74,Success,Purchase,Kathmandu,NPR,False
TXN-20240102-0003242,WALL-0099023,MERCH-00335,PM-02,DEV-03,2024-01-02 09:06:50,118.86,0.2377,0.0,11,Success,Bill Payment,Myitkyina,MMK,False
TXN-20240102-0003243,WALL-0082477,MERCH-00222,PM-04,DEV-01,2024-01-02 15:39:03,7.48,0.1496,0.0,0,Success,Purchase,Kolkata,MMK,False
TXN-20240102-0003244,WALL-0099975,MERCH-00011,PM-04,DEV-01,2024-01-02 22:58:05,8.21,0.1643,0.1643,0,Success,Purchase,Mandalay,MMK,False
TXN-20240102-0003245,WALL-0010618,MERCH-00052,PM-02,DEV-01,2024-01-02 12:20:14,15.31,0.0306,0.3062,1,Success,Purchase,Mawlamyine,PHP,False
TXN-20240102-0003246,WALL-0023251,MERCH-00020,PM-02,DEV-02,2024-01-02 21:39:41,11.48,0.023,0.2296,1,Success,Purchase,Islamabad,INR,False
TXN-20240102-0003247,WALL-0008826,MERCH-00148,PM-01,DEV-01,2024-01-02 21:48:55,71.63,0.0,3.5815,7,Success,Purchase,Naypyidaw,VND,False
TXN-20240102-0003248,WALL-0010238,MERCH-00371,PM-02,DEV-02,2024-01-02 04:45:44,73.31,0.1466,0.0,7,Success,Purchase,Johor Bahru,MYR,False
TXN-20240102-0003249,WALL-0101161,MERCH-00470,PM-04,DEV-01,2024-01-02 19:27:04,238.44,4.7688,0.0,23,Success,Payment,Davao,PHP,False
TXN-20240102-0003250,WALL-0060693,MERCH-00074,PM-01,DEV-01,2024-01-02 08:28:12,34.92,0.0,0.6983,3,Success,Purchase,Myitkyina,MMK,False
TXN-20240102-0003251,WALL-0100060,MERCH-00053,PM-03,DEV-01,2024-01-02 11:09:29,18.19,0.1456,0.0,0,Failed,Purchase,Mandalay,MMK,False
TXN-20240102-0003252,WALL-0074287,MERCH-00132,PM-02,DEV-01,2024-01-02 21:39:24,225.37,0.4507,11.2683,22,Success,Purchase,Mandalay,MMK,False
TXN-20240102-0003253,WALL-0019513,MERCH-00133,PM-04,DEV-02,2024-01-02 17:18:26,526.05,10.521,26.3024,52,Success,Purchase,Quezon City,PHP,False
TXN-20240102-0003254,WALL-0043820,MERCH-00078,PM-02,DEV-04,2024-01-02 17:52:23,14.31,0.0286,0.2863,1,Success,Purchase,Ho Chi Minh City,INR,False
TXN-20240102-0003255,WALL-0015412,MERCH-00052,PM-01,DEV-01,2024-01-02 11:27:20,23.7,0.0,0.0,0,Failed,Purchase,Davao,PHP,False
TXN-20240102-0003256,WALL-0082635,MERCH-00419,PM-04,DEV-03,2024-01-02 05:26:35,134.42,2.6884,0.0,13,Success,Payment,Bali,SGD,False
TXN-20240102-0003257,WALL-0025283,MERCH-00348,PM-02,DEV-02,2024-01-02 14:11:23,30.8,0.0616,0.0,0,Failed,Bill Payment,Lahore,PKR,False
TXN-20240102-0003258,WALL-0050684,MERCH-00261,PM-04,DEV-02,2024-01-02 21:22:47,18.67,0.3734,0.0,1,Success,Subscription,Chittagong,BDT,False
TXN-20240102-0003259,WALL-0128538,MERCH-00148,PM-04,DEV-03,2024-01-02 08:52:47,21.13,0.4225,1.0563,2,Success,Purchase,Naypyidaw,NPR,False
TXN-20240102-0003260,WALL-0003117,MERCH-00004,PM-02,DEV-01,2024-01-02 19:04:07,33.72,0.0674,0.6743,3,Success,Purchase,Pune,INR,False
TXN-20240102-0003261,WALL-0096814,MERCH-00427,PM-02,DEV-02,2024-01-02 19:49:32,79.9,0.1598,0.0,7,Success,Payment,Mandalay,MMK,False
TXN-20240102-0003262,WALL-0140979,MERCH-00030,PM-01,DEV-03,2024-01-02 21:47:43,23.98,0.0,0.4796,2,Success,Purchase,Pathein,MMK,False
TXN-20240102-0003263,WALL-0131474,MERCH-00008,PM-04,DEV-04,2024-01-02 19:22:12,26.5,0.5301,0.5301,2,Success,Purchase,Mumbai,INR,False
TXN-20240102-0003264,WALL-0022574,MERCH-00219,PM-04,DEV-01,2024-01-02 12:17:30,8.09,0.1618,0.0,0,Success,Purchase,Mawlamyine,MMK,False
TXN-20240102-0003265,WALL-0016847,MERCH-00072,PM-02,DEV-01,2024-01-02 15:39:54,45.95,0.0919,0.0,0,Reversed,Purchase,Taunggyi,MMK,False
TXN-20240102-0003266,WALL-0130822,MERCH-00450,PM-02,DEV-02,2024-01-02 20:58:23,203.46,0.4069,0.0,20,Success,Tax Payment,Lahore,MMK,False
TXN-20240102-0003267,WALL-0139097,MERCH-00201,PM-04,DEV-03,2024-01-02 11:04:41,8.12,0.1623,0.0,0,Success,Purchase,Ho Chi Minh City,VND,False
TXN-20240102-0003268,WALL-0016149,MERCH-00102,PM-01,DEV-01,2024-01-02 17:47:34,177.92,0.0,0.0,17,Success,Purchase,Lahore,PKR,False
TXN-20240102-0003269,WALL-0111685,MERCH-00485,PM-04,DEV-02,2024-01-02 14:02:32,252.68,5.0536,0.0,25,Success,Payment,Mawlamyine,MMK,False
TXN-20240102-0003270,WALL-0108493,MERCH-00147,PM-01,DEV-03,2024-01-02 07:04:06,173.38,0.0,8.6691,17,Success,Purchase,Myitkyina,MMK,False
TXN-20240102-0003271,WALL-0089305,MERCH-00191,PM-04,DEV-01,2024-01-02 13:14:37,15.41,0.3081,0.0,1,Success,Purchase,Kuala Lumpur,MYR,False
TXN-20240102-0003272,WALL-0102303,MERCH-00305,PM-02,DEV-01,2024-01-02 20:51:35,126.61,0.2532,10.1288,25,Success,Purchase,Jaipur,INR,False
TXN-20240102-0003273,WALL-0124750,MERCH-00053,PM-02,DEV-01,2024-01-02 18:22:34,11.35,0.0227,0.227,1,Success,Purchase,Kathmandu,NPR,False
TXN-20240102-0003274,WALL-0058957,MERCH-00371,PM-04,DEV-05,2024-01-02 16:32:21,46.73,0.9346,0.0,4,Success,Purchase,Islamabad,BDT,False
TXN-20240102-0003275,WALL-0129787,MERCH-00060,PM-02,DEV-01,2024-01-02 15:43:20,14.99,0.03,0.2997,1,Success,Purchase,Khon Kaen,THB,False
TXN-20240102-0003276,WALL-0002862,MERCH-00500,PM-01,DEV-02,2024-01-02 15:02:53,279.97,0.0,0.0,27,Success,Payment,Jakarta,IDR,False
TXN-20240102-0003277,WALL-0083705,MERCH-00033,PM-01,DEV-05,2024-01-02 01:51:56,54.54,0.0,1.0909,5,Success,Purchase,Taunggyi,MMK,False
TXN-20240102-0003278,WALL-0092215,MERCH-00084,PM-03,DEV-01,2024-01-02 08:26:37,71.18,0.5694,0.0,7,Success,Purchase,Pattaya,MMK,False
TXN-20240102-0003279,WALL-0053860,MERCH-00250,PM-02,DEV-01,2024-01-02 13:34:46,17.67,0.0353,0.0,1,Success,Subscription,Mawlamyine,PKR,False
TXN-20240102-0003280,WALL-0100260,MERCH-00449,PM-03,DEV-01,2024-01-02 20:17:00,190.24,1.5219,0.0,19,Success,Tax Payment,Manila,PHP,False
TXN-20240102-0003281,WALL-0113449,MERCH-00020,PM-04,DEV-02,2024-01-02 21:04:01,29.15,0.5829,0.5829,2,Success,Purchase,Yangon,MMK,False
TXN-20240102-0003282,WALL-0032500,MERCH-00114,PM-02,DEV-01,2024-01-02 21:02:30,43.07,0.0861,0.0,4,Success,Purchase,Mandalay,MMK,False
TXN-20240102-0003283,WALL-0033354,MERCH-00159,PM-04,DEV-01,2024-01-02 06:31:02,104.96,2.0992,5.248,10,Success,Purchase,Davao,PHP,False
TXN-20240102-0003284,WALL-0076017,MERCH-00248,PM-04,DEV-02,2024-01-02 13:45:00,17.26,0.3452,0.0,1,Success,Subscription,Mumbai,INR,False
TXN-20240102-0003285,WALL-0008842,MERCH-00032,PM-01,DEV-03,2024-01-02 15:46:42,18.12,0.0,0.3625,1,Success,Purchase,Ahmedabad,INR,False
TXN-20240102-0003286,WALL-0121316,MERCH-00065,PM-05,DEV-05,2024-01-02 12:10:11,7.38,0.0,0.1476,0,Success,Purchase,Pattaya,THB,False
TXN-20240102-0003287,WALL-0007943,MERCH-00204,PM-05,DEV-01,2024-01-02 00:52:54,5.0,0.0,0.0,0,Success,Purchase,Myitkyina,MMK,False
TXN-20240102-0003288,WALL-0104542,MERCH-00149,PM-02,DEV-03,2024-01-02 21:20:15,88.56,0.1771,4.428,8,Success,Purchase,Ahmedabad,INR,False
TXN-20240102-0003289,WALL-0064095,MERCH-00012,PM-01,DEV-04,2024-01-02 19:27:03,9.56,0.0,0.1912,0,Success,Purchase,Mawlamyine,MMK,False
TXN-20240102-0003290,WALL-0149885,MERCH-00159,PM-02,DEV-01,2024-01-02 10:06:55,169.26,0.3385,8.4632,16,Success,Purchase,Myitkyina,MMK,False
TXN-20240102-0003291,WALL-0145028,MERCH-00029,PM-01,DEV-01,2024-01-02 21:46:16,18.52,0.0,0.3705,1,Success,Purchase,Phnom Penh,KHR,False
TXN-20240102-0003292,WALL-0116139,MERCH-00036,PM-04,DEV-01,2024-01-02 16:48:24,12.8,0.2559,0.2559,1,Success,Purchase,Penang,MYR,False
TXN-20240102-0003293,WALL-0072433,MERCH-00104,PM-03,DEV-01,2024-01-02 22:44:48,16.29,0.1304,0.0,1,Success,Purchase,Kolkata,INR,False
TXN-20240102-0003294,WALL-0074926,MERCH-00422,PM-01,DEV-01,2024-01-02 10:53:30,68.52,0.0,0.0,0,Reversed,Payment,Phnom Penh,KHR,False
TXN-20240102-0003295,WALL-0017630,MERCH-00037,PM-01,DEV-02,2024-01-02 21:49:39,52.43,0.0,1.0486,5,Success,Purchase,Colombo,LKR,False
TXN-20240102-0003296,WALL-0041522,MERCH-00278,PM-04,DEV-03,2024-01-02 07:45:13,550.37,11.0075,44.03,110,Success,Purchase,Hyderabad,INR,False
TXN-20240102-0003297,WALL-0143923,MERCH-00001,PM-05,DEV-01,2024-01-02 13:32:39,9.2,0.0,0.184,0,Success,Purchase,Chittagong,BDT,False
TXN-20240102-0003298,WALL-0019036,MERCH-00442,PM-02,DEV-01,2024-01-02 16:34:13,140.3,0.2806,0.0,14,Success,Tax Payment,Mawlamyine,THB,False
TXN-20240102-0003299,WALL-0024131,MERCH-00417,PM-03,DEV-01,2024-01-02 20:24:09,20.33,0.1626,0.0,2,Success,Payment,Pune,INR,False
TXN-20240102-0003300,WALL-0064678,MERCH-00011,PM-01,DEV-01,2024-01-02 18:15:56,23.05,0.0,0.0,0,Failed,Purchase,Lahore,PKR,False
TXN-20240102-0003301,WALL-0077696,MERCH-00080,PM-02,DEV-03,2024-01-02 13:25:40,9.33,0.0187,0.1865,0,Success,Purchase,Kolkata,INR,False
TXN-20240102-0003302,WALL-0117408,MERCH-00003,PM-04,DEV-01,2024-01-02 18:11:52,14.55,0.291,0.291,1,Success,Purchase,Dhaka,MMK,False
TXN-20240102-0003303,WALL-0018401,MERCH-00208,PM-02,DEV-01,2024-01-02 08:31:34,5.46,0.0109,0.0,0,Success,Purchase,Colombo,LKR,False
TXN-20240102-0003304,WALL-0038742,MERCH-00160,PM-04,DEV-01,2024-01-02 16:08:56,128.17,2.5634,6.4085,12,Success,Purchase,Taunggyi,MMK,False
TXN-20240102-0003305,WALL-0045799,MERCH-00044,PM-01,DEV-01,2024-01-02 06:54:06,14.51,0.0,0.2901,1,Success,Purchase,Kathmandu,NPR,False
TXN-20240102-0003306,WALL-0038289,MERCH-00436,PM-01,DEV-02,2024-01-02 12:01:42,286.31,0.0,0.0,28,Success,Tax Payment,Surabaya,IDR,False
TXN-20240102-0003307,WALL-0044060,MERCH-00023,PM-04,DEV-01,2024-01-02 20:56:11,17.46,0.3492,0.3492,1,Success,Purchase,Dhaka,BDT,False
TXN-20240102-0003308,WALL-0044158,MERCH-00049,PM-01,DEV-01,2024-01-02 07:56:30,16.69,0.0,0.3339,1,Success,Purchase,Naypyidaw,MMK,False
TXN-20240102-0003309,WALL-0044046,MERCH-00245,PM-05,DEV-03,2024-01-02 22:30:38,27.71,0.0,0.0,2,Success,Subscription,Kolkata,IDR,False
TXN-20240102-0003310,WALL-0143921,MERCH-00073,PM-01,DEV-02,2024-01-02 07:25:47,18.29,0.0,0.3659,1,Success,Purchase,Mandalay,MMK,False
TXN-20240102-0003311,WALL-0051615,MERCH-00058,PM-01,DEV-01,2024-01-02 12:19:39,27.53,0.0,0.5505,2,Success,Purchase,Myitkyina,MMK,False
TXN-20240102-0003312,WALL-0028340,MERCH-00433,PM-04,DEV-02,2024-01-02 15:18:55,252.04,5.0407,0.0,25,Success,Tax Payment,Penang,MYR,False
TXN-20240102-0003313,WALL-0024262,MERCH-00126,PM-01,DEV-01,2024-01-02 14:07:11,27.62,0.0,0.0,2,Success,Purchase,Yangon,MMK,False
TXN-20240102-0003314,WALL-0048919,MERCH-00010,PM-02,DEV-01,2024-01-02 15:02:00,37.12,0.0742,0.7424,3,Success,Purchase,Naypyidaw,MMK,False
TXN-20240102-0003315,WALL-0060970,MERCH-00435,PM-01,DEV-05,2024-01-02 19:41:41,213.54,0.0,0.0,21,Success,Tax Payment,Mawlamyine,PKR,False
TXN-20240102-0003316,WALL-0009670,MERCH-00345,PM-01,DEV-01,2024-01-02 13:01:04,32.47,0.0,0.0,3,Success,Bill Payment,Taunggyi,MMK,False
TXN-20240102-0003317,WALL-0149846,MERCH-00165,PM-03,DEV-03,2024-01-02 13:50:00,20.0,0.16,1.0,2,Success,Purchase,Taunggyi,MMK,False
TXN-20240102-0003318,WALL-0059096,MERCH-00447,PM-02,DEV-05,2024-01-02 17:58:32,381.64,0.7633,0.0,38,Success,Tax Payment,Kolkata,INR,False
TXN-20240102-0003319,WALL-0053713,MERCH-00009,PM-03,DEV-03,2024-01-02 07:12:42,10.05,0.0804,0.2009,1,Success,Purchase,Mandalay,MMK,False
TXN-20240102-0003320,WALL-0053619,MERCH-00111,PM-02,DEV-03,2024-01-02 12:36:10,79.95,0.1599,0.0,7,Success,Purchase,Hanoi,MMK,False
TXN-20240102-0003321,WALL-0053365,MERCH-00440,PM-02,DEV-01,2024-01-02 23:53:05,196.37,0.3927,0.0,19,Success,Tax Payment,Da Nang,VND,False
TXN-20240102-0003322,WALL-0018961,MERCH-00316,PM-04,DEV-02,2024-01-02 19:54:21,81.01,1.6202,0.0,8,Success,Bill Payment,Singapore,SGD,False
TXN-20240102-0003323,WALL-0115467,MERCH-00084,PM-04,DEV-01,2024-01-02 15:41:51,152.24,3.0448,0.0,15,Success,Purchase,Davao,MYR,False
TXN-20240102-0003324,WALL-0129063,MERCH-00097,PM-02,DEV-01,2024-01-02 23:43:07,39.77,0.0795,0.0,3,Success,Purchase,Cebu City,MMK,False
TXN-20240102-0003325,WALL-0126704,MERCH-00405,PM-03,DEV-04,2024-01-02 23:34:18,98.45,0.7876,0.0,9,Success,Payment,Kandy,LKR,False
TXN-20240102-0003326,WALL-0005012,MERCH-00048,PM-04,DEV-02,2024-01-02 11:39:14,5.52,0.1103,0.1103,0,Success,Purchase,Cebu City,PHP,False
TXN-20240102-0003327,WALL-0053375,MERCH-00150,PM-03,DEV-03,2024-01-02 13:37:38,27.76,0.2221,1.3879,2,Success,Purchase,Dhaka,BDT,False
TXN-20240102-0003328,WALL-0135149,MERCH-00323,PM-02,DEV-05,2024-01-02 20:50:32,108.66,0.2173,0.0,10,Success,Bill Payment,Chiang Mai,MMK,False
TXN-20240102-0003329,WALL-0033590,MERCH-00119,PM-01,DEV-01,2024-01-02 07:06:35,44.1,0.0,0.0,4,Success,Purchase,Mandalay,MMK,False
TXN-20240102-0003330,WALL-0009407,MERCH-00226,PM-01,DEV-02,2024-01-02 14:26:57,10.04,0.0,0.0,1,Success,Purchase,Ahmedabad,INR,False
TXN-20240102-0003331,WALL-0105691,MERCH-00116,PM-01,DEV-01,2024-01-02 14:08:18,91.82,0.0,0.0,9,Success,Purchase,Pathein,MMK,False
TXN-20240102-0003332,WALL-0020748,MERCH-00177,PM-03,DEV-01,2024-01-02 19:27:29,80.78,0.6462,4.0388,8,Success,Purchase,Hanoi,INR,False
TXN-20240102-0003333,WALL-0145337,MERCH-00317,PM-05,DEV-01,2024-01-02 08:32:42,59.05,0.0,0.0,5,Success,Bill Payment,Mawlamyine,MMK,False
TXN-20240102-0003334,WALL-0079066,MERCH-00318,PM-05,DEV-01,2024-01-02 21:07:27,66.87,0.0,0.0,6,Success,Bill Payment,Bandung,MMK,False
TXN-20240102-0003335,WALL-0039359,MERCH-00083,PM-04,DEV-02,2024-01-02 07:19:23,61.74,1.2348,0.0,6,Success,Purchase,Bago,MMK,False
TXN-20240102-0003336,WALL-0097103,MERCH-00406,PM-01,DEV-03,2024-01-02 13:03:39,73.87,0.0,0.0,7,Success,Payment,Quezon City,PHP,False
TXN-20240102-0003337,WALL-0058654,MERCH-00080,PM-02,DEV-01,2024-01-02 12:20:15,12.94,0.0259,0.2588,1,Success,Purchase,Pathein,MMK,False
TXN-20240102-0003338,WALL-0043987,MERCH-00189,PM-01,DEV-01,2024-01-02 15:04:48,664.4,0.0,33.22,66,Success,Purchase,Naypyidaw,MMK,False
TXN-20240102-0003339,WALL-0113028,MERCH-00109,PM-03,DEV-02,2024-01-02 17:03:38,18.13,0.145,0.0,1,Success,Purchase,Surabaya,IDR,False
TXN-20240102-0003340,WALL-0053554,MERCH-00019,PM-01,DEV-03,2024-01-02 20:54:17,12.44,0.0,0.2487,1,Success,Purchase,Islamabad,PKR,False
TXN-20240102-0003341,WALL-0029835,MERCH-00259,PM-02,DEV-01,2024-01-02 06:29:47,12.64,0.0253,0.0,1,Success,Subscription,Pathein,MMK,False
TXN-20240102-0003342,WALL-0141196,MERCH-00181,PM-04,DEV-01,2024-01-02 13:09:09,35.43,0.7086,1.7716,3,Success,Purchase,Mawlamyine,MMK,False
TXN-20240102-0003343,WALL-0029146,MERCH-00218,PM-04,DEV-03,2024-01-02 04:43:51,12.2,0.244,0.0,1,Success,Purchase,Pathein,MMK,False
TXN-20240102-0003344,WALL-0115563,MERCH-00075,PM-01,DEV-02,2024-01-02 19:34:28,5.2,0.0,0.104,0,Success,Purchase,Singapore,SGD,False
TXN-20240102-0003345,WALL-0113452,MERCH-00113,PM-03,DEV-01,2024-01-02 15:50:24,32.11,0.2569,0.0,3,Success,Purchase,Khon Kaen,THB,False
TXN-20240102-0003346,WALL-0071282,MERCH-00139,PM-01,DEV-02,2024-01-02 12:23:16,25.04,0.0,1.252,2,Success,Purchase,Phuket,THB,False
TXN-20240102-0003347,WALL-0010741,MERCH-00441,PM-02,DEV-01,2024-01-02 11:17:22,2189.25,4.3785,0.0,218,Success,Tax Payment,Mandalay,MMK,False
TXN-20240102-0003348,WALL-0032916,MERCH-00213,PM-01,DEV-01,2024-01-02 12:53:46,14.98,0.0,0.0,1,Success,Purchase,Jaipur,INR,False
TXN-20240102-0003349,WALL-0103056,MERCH-00428,PM-01,DEV-01,2024-01-02 17:10:52,164.19,0.0,0.0,16,Success,Payment,Yangon,MMK,False
TXN-20240102-0003350,WALL-0008680,MERCH-00037,PM-02,DEV-01,2024-01-02 22:01:03,8.61,0.0172,0.1723,0,Success,Purchase,Siem Reap,KHR,False
TXN-20240102-0003351,WALL-0136071,MERCH-00151,PM-01,DEV-02,2024-01-02 20:26:50,147.29,0.0,7.3643,14,Success,Purchase,Kuala Lumpur,MYR,False
TXN-20240102-0003352,WALL-0087255,MERCH-00357,PM-01,DEV-01,2024-01-02 03:13:20,42.89,0.0,0.0,4,Success,Bill Payment,Delhi,MMK,False
TXN-20240102-0003353,WALL-0083391,MERCH-00064,PM-02,DEV-01,2024-01-02 10:18:36,59.73,0.1195,1.1947,5,Success,Purchase,Mandalay,MMK,False
TXN-20240102-0003354,WALL-0073596,MERCH-00027,PM-03,DEV-04,2024-01-02 12:43:50,55.75,0.446,1.115,5,Success,Purchase,Ahmedabad,INR,False
TXN-20240102-0003355,WALL-0097316,MERCH-00416,PM-01,DEV-01,2024-01-02 09:17:18,50.18,0.0,0.0,5,Success,Payment,Cebu City,PHP,False
TXN-20240102-0003356,WALL-0031155,MERCH-00226,PM-02,DEV-04,2024-01-02 21:06:38,8.26,0.0165,0.0,0,Success,Purchase,Surabaya,INR,False
TXN-20240102-0003357,WALL-0017139,MERCH-00225,PM-02,DEV-01,2024-01-02 17:17:23,5.0,0.01,0.0,0,Success,Purchase,Myitkyina,MMK,False
TXN-20240102-0003358,WALL-0049327,MERCH-00121,PM-05,DEV-01,2024-01-02 08:06:06,31.07,0.0,0.0,3,Success,Purchase,Pune,INR,False
TXN-20240102-0003359,WALL-0109045,MERCH-00094,PM-03,DEV-02,2024-01-02 10:19:28,80.73,0.6459,0.0,8,Success,Purchase,Bangalore,INR,False
TXN-20240102-0003360,WALL-0015758,MERCH-00385,PM-01,DEV-01,2024-01-02 14:18:17,45.26,0.0,0.0,4,Success,Purchase,Kandy,LKR,False
TXN-20240102-0003361,WALL-0066020,MERCH-00210,PM-02,DEV-04,2024-01-02 13:03:49,18.0,0.036,0.0,1,Success,Purchase,Lahore,PKR,False
TXN-20240102-0003362,WALL-0038740,MERCH-00429,PM-01,DEV-01,2024-01-02 17:51:55,64.17,0.0,0.0,6,Success,Payment,Pokhara,NPR,False
TXN-20240102-0003363,WALL-0062211,MERCH-00064,PM-02,DEV-01,2024-01-02 11:54:49,8.8,0.0176,0.176,0,Success,Purchase,Khon Kaen,THB,False
TXN-20240102-0003364,WALL-0040657,MERCH-00170,PM-01,DEV-02,2024-01-02 10:56:24,195.72,0.0,9.7858,19,Success,Purchase,Siem Reap,KHR,False
TXN-20240102-0003365,WALL-0142861,MERCH-00027,PM-02,DEV-03,2024-01-02 06:25:36,15.31,0.0306,0.3063,1,Success,Purchase,Lahore,PKR,False
TXN-20240102-0003366,WALL-0073031,MERCH-00065,PM-02,DEV-01,2024-01-02 19:12:28,18.65,0.0373,0.373,1,Success,Purchase,Yangon,MMK,False
TXN-20240102-0003367,WALL-0078711,MERCH-00413,PM-01,DEV-01,2024-01-02 13:26:51,44.36,0.0,0.0,4,Success,Payment,Yangon,MMK,False
TXN-20240102-0003368,WALL-0036135,MERCH-00032,PM-01,DEV-01,2024-01-02 16:49:57,10.38,0.0,0.2075,1,Success,Purchase,Jakarta,THB,False
TXN-20240102-0003369,WALL-0105459,MERCH-00005,PM-01,DEV-02,2024-01-02 14:57:02,8.58,0.0,0.1715,0,Success,Purchase,Myitkyina,MMK,False
TXN-20240102-0003370,WALL-0073369,MERCH-00142,PM-01,DEV-05,2024-01-02 20:57:04,210.19,0.0,10.5096,21,Success,Purchase,Myitkyina,THB,False
TXN-20240102-0003371,WALL-0037815,MERCH-00032,PM-02,DEV-02,2024-01-02 17:03:28,9.5,0.019,0.19,0,Success,Purchase,Phuket,THB,False
TXN-20240102-0003372,WALL-0140746,MERCH-00067,PM-01,DEV-01,2024-01-02 17:35:20,22.38,0.0,0.4476,2,Success,Purchase,Kuala Lumpur,MYR,False
TXN-20240102-0003373,WALL-0120728,MERCH-00102,PM-03,DEV-01,2024-01-02 03:09:02,56.45,0.4516,0.0,5,Success,Purchase,Myitkyina,MMK,False
TXN-20240102-0003374,WALL-0078312,MERCH-00093,PM-04,DEV-01,2024-01-02 06:07:34,59.14,1.1829,0.0,5,Success,Purchase,Dhaka,MMK,False
TXN-20240102-0003375,WALL-0046657,MERCH-00416,PM-01,DEV-05,2024-01-02 12:02:06,70.59,0.0,0.0,7,Success,Payment,Naypyidaw,MMK,False
TXN-20240102-0003376,WALL-0143639,MERCH-00374,PM-03,DEV-01,2024-01-02 06:07:55,74.79,0.5983,0.0,7,Success,Purchase,Siem Reap,KHR,False
TXN-20240102-0003377,WALL-0068669,MERCH-00041,PM-04,DEV-01,2024-01-02 16:56:19,6.62,0.1324,0.1324,0,Success,Purchase,Karachi,PKR,False
TXN-20240102-0003378,WALL-0028078,MERCH-00077,PM-02,DEV-01,2024-01-02 16:48:32,19.81,0.0396,0.3962,1,Success,Purchase,Mandalay,MMK,False
TXN-20240102-0003379,WALL-0121616,MERCH-00371,PM-02,DEV-01,2024-01-02 14:46:00,54.71,0.1094,0.0,5,Success,Purchase,Pokhara,NPR,False
TXN-20240102-0003380,WALL-0135692,MERCH-00082,PM-01,DEV-01,2024-01-02 17:07:21,15.55,0.0,0.0,1,Success,Purchase,Islamabad,PKR,False
TXN-20240102-0003381,WALL-0129733,MERCH-00431,PM-01,DEV-01,2024-01-02 00:50:42,1146.74,0.0,0.0,114,Success,Tax Payment,Ho Chi Minh City,VND,False
TXN-20240102-0003382,WALL-0048554,MERCH-00379,PM-02,DEV-01,2024-01-02 12:49:03,98.18,0.1964,0.0,9,Success,Purchase,Lahore,PKR,False
TXN-20240102-0003383,WALL-0026140,MERCH-00453,PM-03,DEV-01,2024-01-02 21:28:19,114.44,0.9156,0.0,11,Success,Payment,Bago,MMK,False
TXN-20240102-0003384,WALL-0013622,MERCH-00291,PM-04,DEV-01,2024-01-02 17:42:33,327.55,6.5511,26.2044,65,Success,Purchase,Phnom Penh,KHR,False
TXN-20240102-0003385,WALL-0124561,MERCH-00439,PM-02,DEV-02,2024-01-02 14:16:49,124.48,0.249,0.0,12,Success,Tax Payment,Yangon,MMK,False
TXN-20240102-0003386,WALL-0057273,MERCH-00010,PM-01,DEV-01,2024-01-02 08:29:47,5.87,0.0,0.1174,0,Success,Purchase,Siem Reap,MMK,False
TXN-20240102-0003387,WALL-0109902,MERCH-00165,PM-02,DEV-02,2024-01-02 21:52:45,182.83,0.3657,0.0,0,Reversed,Purchase,Cebu City,MMK,False
TXN-20240102-0003388,WALL-0102512,MERCH-00127,PM-02,DEV-05,2024-01-02 17:08:36,13.38,0.0268,0.0,1,Success,Purchase,Myitkyina,MMK,False
TXN-20240102-0003389,WALL-0095863,MERCH-00017,PM-01,DEV-03,2024-01-02 23:52:25,55.98,0.0,1.1196,5,Success,Purchase,Myitkyina,MMK,False
TXN-20240102-0003390,WALL-0140194,MERCH-00380,PM-01,DEV-03,2024-01-02 12:44:12,36.28,0.0,0.0,3,Success,Purchase,Medan,PHP,False
TXN-20240102-0003391,WALL-0092227,MERCH-00122,PM-02,DEV-02,2024-01-02 19:01:00,85.45,0.1709,0.0,8,Success,Purchase,Yangon,MMK,False
TXN-20240102-0003392,WALL-0089721,MERCH-00004,PM-02,DEV-01,2024-01-02 11:11:34,18.63,0.0373,0.3725,1,Success,Purchase,Mumbai,MYR,False
TXN-20240102-0003393,WALL-0070187,MERCH-00160,PM-03,DEV-03,2024-01-02 11:06:06,144.92,1.1594,7.2462,14,Success,Purchase,Myitkyina,MMK,False
TXN-20240102-0003394,WALL-0086081,MERCH-00196,PM-03,DEV-01,2024-01-02 16:45:13,8.25,0.066,0.0,0,Success,Purchase,Mawlamyine,MMK,False
TXN-20240102-0003395,WALL-0013354,MERCH-00195,PM-02,DEV-01,2024-01-02 21:58:56,13.72,0.0274,0.0,1,Success,Purchase,Medan,BDT,False
TXN-20240102-0003396,WALL-0082164,MERCH-00243,PM-01,DEV-01,2024-01-02 17:09:02,7.72,0.0,0.0,0,Success,Subscription,Myitkyina,MMK,False
TXN-20240102-0003397,WALL-0102189,MERCH-00066,PM-03,DEV-01,2024-01-02 21:11:00,13.82,0.1105,0.2764,1,Success,Purchase,Hanoi,VND,False
TXN-20240102-0003398,WALL-0097690,MERCH-00060,PM-01,DEV-02,2024-01-02 06:23:40,14.32,0.0,0.2863,1,Success,Purchase,Johor Bahru,MYR,False
TXN-20240102-0003399,WALL-0033311,MERCH-00173,PM-01,DEV-04,2024-01-02 13:03:46,115.04,0.0,5.7519,11,Success,Purchase,Bago,MMK,False
TXN-20240102-0003400,WALL-0063919,MERCH-00218,PM-04,DEV-01,2024-01-02 17:41:42,8.2,0.164,0.0,0,Success,Purchase,Myitkyina,MMK,False
TXN-20240102-0003401,WALL-0117916,MERCH-00179,PM-03,DEV-01,2024-01-02 12:52:00,98.3,0.7864,4.9148,9,Success,Purchase,Cebu City,PHP,False
TXN-20240102-0003402,WALL-0015300,MERCH-00351,PM-04,DEV-03,2024-01-02 20:49:41,29.43,0.5886,0.0,2,Success,Bill Payment,Ahmedabad,INR,False
TXN-20240102-0003403,WALL-0014932,MERCH-00197,PM-05,DEV-01,2024-01-02 18:12:36,14.52,0.0,0.0,1,Success,Purchase,Cebu City,PHP,False
TXN-20240102-0003404,WALL-0116208,MERCH-00013,PM-02,DEV-01,2024-01-02 00:45:54,13.02,0.026,0.2603,1,Success,Purchase,Bandung,IDR,False
TXN-20240102-0003405,WALL-0025540,MERCH-00128,PM-03,DEV-01,2024-01-02 21:01:42,63.87,0.511,0.0,6,Success,Purchase,Mawlamyine,MMK,False
TXN-20240102-0003406,WALL-0085498,MERCH-00028,PM-01,DEV-02,2024-01-02 18:00:59,13.59,0.0,0.2718,1,Success,Purchase,Bandung,IDR,False
TXN-20240102-0003407,WALL-0045145,MERCH-00087,PM-04,DEV-03,2024-01-02 15:18:38,106.68,2.1336,0.0,10,Success,Purchase,Cebu City,PHP,False
TXN-20240102-0003408,WALL-0050415,MERCH-00324,PM-03,DEV-01,2024-01-02 23:28:13,50.93,0.4074,0.0,5,Success,Bill Payment,Myitkyina,MMK,False
TXN-20240102-0003409,WALL-0006911,MERCH-00393,PM-01,DEV-01,2024-01-02 19:19:40,53.65,0.0,0.0,5,Success,Purchase,Davao,PHP,False
TXN-20240102-0003410,WALL-0063488,MERCH-00426,PM-03,DEV-01,2024-01-02 21:58:05,56.25,0.45,0.0,5,Success,Payment,Singapore,SGD,False
TXN-20240102-0003411,WALL-0033689,MERCH-00195,PM-01,DEV-02,2024-01-02 15:26:50,6.05,0.0,0.0,0,Success,Purchase,Bali,IDR,False
TXN-20240102-0003412,WALL-0040821,MERCH-00015,PM-04,DEV-01,2024-01-02 15:22:24,22.81,0.4562,0.4562,2,Success,Purchase,Kathmandu,NPR,False
TXN-20240102-0003413,WALL-0024975,MERCH-00036,PM-02,DEV-01,2024-01-02 12:35:28,11.19,0.0224,0.2238,1,Success,Purchase,Yangon,MMK,False
TXN-20240102-0003414,WALL-0067361,MERCH-00167,PM-01,DEV-01,2024-01-02 18:48:17,50.65,0.0,2.5324,5,Success,Purchase,Yangon,MMK,False
TXN-20240102-0003415,WALL-0126860,MERCH-00359,PM-01,DEV-01,2024-01-02 08:28:53,64.12,0.0,0.0,6,Success,Bill Payment,Pokhara,NPR,False
TXN-20240102-0003416,WALL-0103956,MERCH-00130,PM-04,DEV-01,2024-01-02 06:11:07,85.43,1.7087,0.0,8,Success,Purchase,Singapore,KHR,False
TXN-20240102-0003417,WALL-0044888,MERCH-00364,PM-01,DEV-01,2024-01-02 21:21:46,72.1,0.0,0.0,7,Success,Bill Payment,Pathein,MMK,False
TXN-20240102-0003418,WALL-0111764,MERCH-00296,PM-02,DEV-01,2024-01-02 15:53:43,357.32,0.7146,28.5855,71,Success,Purchase,Pathein,MMK,False
TXN-20240102-0003419,WALL-0066975,MERCH-00225,PM-01,DEV-02,2024-01-02 13:31:14,22.95,0.0,0.0,2,Success,Purchase,Kolkata,INR,False
TXN-20240102-0003420,WALL-0034706,MERCH-00106,PM-01,DEV-01,2024-01-02 14:30:01,34.34,0.0,0.0,3,Success,Purchase,Mawlamyine,MMK,False
TXN-20240102-0003421,WALL-0092621,MERCH-00104,PM-01,DEV-03,2024-01-02 21:02:36,81.98,0.0,0.0,8,Success,Purchase,Ho Chi Minh City,THB,False
TXN-20240102-0003422,WALL-0025393,MERCH-00274,PM-03,DEV-01,2024-01-02 17:17:23,260.78,2.0863,20.8626,52,Success,Purchase,Naypyidaw,MMK,False
TXN-20240102-0003423,WALL-0080431,MERCH-00204,PM-01,DEV-03,2024-01-02 15:08:37,18.15,0.0,0.0,1,Success,Purchase,Hanoi,PKR,False
TXN-20240102-0003424,WALL-0064953,MERCH-00185,PM-03,DEV-02,2024-01-02 10:11:07,104.1,0.8328,5.2048,10,Success,Purchase,Quezon City,PHP,False
TXN-20240102-0003425,WALL-0123546,MERCH-00038,PM-01,DEV-03,2024-01-02 13:51:26,12.28,0.0,0.2457,1,Success,Purchase,Kandy,MMK,False
TXN-20240102-0003426,WALL-0134120,MERCH-00109,PM-02,DEV-01,2024-01-02 20:50:16,50.91,0.1018,0.0,5,Success,Purchase,Taunggyi,MMK,False
TXN-20240102-0003427,WALL-0067421,MERCH-00077,PM-03,DEV-03,2024-01-02 01:53:02,10.98,0.0878,0.2196,1,Success,Purchase,Yangon,MMK,False
TXN-20240102-0003428,WALL-0043689,MERCH-00321,PM-01,DEV-03,2024-01-02 16:59:31,20.0,0.0,0.0,2,Success,Bill Payment,Dhaka,BDT,False
TXN-20240102-0003429,WALL-0148277,MERCH-00331,PM-02,DEV-02,2024-01-02 13:40:15,70.74,0.1415,0.0,7,Success,Bill Payment,Pathein,MMK,False
TXN-20240102-0003430,WALL-0100963,MERCH-00224,PM-01,DEV-02,2024-01-02 05:09:36,7.23,0.0,0.0,0,Success,Purchase,Quezon City,PHP,False
TXN-20240102-0003431,WALL-0059169,MERCH-00054,PM-01,DEV-02,2024-01-02 19:39:29,60.04,0.0,1.2008,6,Success,Purchase,Kuala Lumpur,MYR,False
TXN-20240102-0003432,WALL-0115358,MERCH-00103,PM-02,DEV-02,2024-01-02 14:11:50,20.25,0.0405,0.0,2,Success,Purchase,Yangon,MMK,False
TXN-20240102-0003433,WALL-0081432,MERCH-00349,PM-01,DEV-01,2024-01-02 16:18:04,70.49,0.0,0.0,7,Success,Bill Payment,Bali,IDR,False
TXN-20240102-0003434,WALL-0011163,MERCH-00384,PM-04,DEV-02,2024-01-02 21:54:07,45.87,0.9173,0.0,4,Success,Purchase,Quezon City,PHP,False
TXN-20240102-0003435,WALL-0096880,MERCH-00111,PM-02,DEV-01,2024-01-02 11:10:03,24.41,0.0488,0.0,2,Success,Purchase,Bangalore,VND,False
TXN-20240102-0003436,WALL-0100037,MERCH-00072,PM-02,DEV-02,2024-01-02 12:21:50,30.29,0.0606,0.6058,3,Success,Purchase,Cebu City,THB,False
TXN-20240102-0003437,WALL-0075475,MERCH-00380,PM-05,DEV-02,2024-01-02 17:18:17,35.93,0.0,0.0,3,Success,Purchase,Yangon,MMK,False
TXN-20240102-0003438,WALL-0123334,MERCH-00335,PM-01,DEV-03,2024-01-02 00:41:36,84.31,0.0,0.0,8,Success,Bill Payment,Bago,MMK,False
TXN-20240102-0003439,WALL-0145683,MERCH-00288,PM-02,DEV-01,2024-01-02 16:43:00,243.54,0.4871,19.4833,48,Success,Purchase,Penang,MYR,False
TXN-20240102-0003440,WALL-0069828,MERCH-00320,PM-01,DEV-02,2024-01-02 21:57:31,46.07,0.0,0.0,4,Success,Bill Payment,Manila,MMK,False
TXN-20240102-0003441,WALL-0010805,MERCH-00445,PM-02,DEV-01,2024-01-02 13:39:48,272.84,0.5457,0.0,27,Success,Tax Payment,Colombo,SGD,False
TXN-20240102-0003442,WALL-0012674,MERCH-00191,PM-01,DEV-01,2024-01-02 12:29:14,5.85,0.0,0.0,0,Success,Purchase,Bago,MMK,False
TXN-20240102-0003443,WALL-0020438,MERCH-00169,PM-04,DEV-02,2024-01-02 09:53:01,71.32,1.4264,3.5659,7,Success,Purchase,Taunggyi,MMK,False
TXN-20240102-0003444,WALL-0003331,MERCH-00138,PM-03,DEV-01,2024-01-02 18:47:26,111.81,0.8945,5.5904,11,Success,Purchase,Pune,INR,False
TXN-20240102-0003445,WALL-0126085,MERCH-00198,PM-04,DEV-01,2024-01-02 11:56:28,11.45,0.229,0.0,1,Success,Purchase,Karachi,PKR,False
TXN-20240102-0003446,WALL-0034402,MERCH-00107,PM-01,DEV-01,2024-01-02 02:16:29,165.57,0.0,0.0,16,Success,Purchase,Johor Bahru,MYR,False
TXN-20240102-0003447,WALL-0038613,MERCH-00293,PM-03,DEV-01,2024-01-02 13:23:10,313.47,2.5077,25.0774,62,Success,Purchase,Jaipur,IDR,False
TXN-20240102-0003448,WALL-0045685,MERCH-00194,PM-01,DEV-01,2024-01-02 16:14:57,15.4,0.0,0.0,1,Success,Purchase,Pune,INR,False
TXN-20240102-0003449,WALL-0078149,MERCH-00085,PM-01,DEV-02,2024-01-02 01:38:04,29.35,0.0,0.0,2,Success,Purchase,Pathein,MMK,False
TXN-20240102-0003450,WALL-0020059,MERCH-00093,PM-02,DEV-01,2024-01-02 20:18:22,53.2,0.1064,0.0,5,Success,Purchase,Cebu City,PHP,False
TXN-20240102-0003451,WALL-0064718,MERCH-00165,PM-01,DEV-02,2024-01-02 09:17:12,353.4,0.0,17.6702,35,Success,Purchase,Ahmedabad,INR,False
TXN-20240102-0003452,WALL-0083300,MERCH-00311,PM-03,DEV-01,2024-01-02 15:56:32,57.97,0.4638,0.0,5,Success,Bill Payment,Kuala Lumpur,MYR,False
TXN-20240102-0003453,WALL-0026884,MERCH-00102,PM-04,DEV-03,2024-01-02 04:51:30,58.75,1.1749,0.0,5,Success,Purchase,Mandalay,MMK,False
TXN-20240102-0003454,WALL-0028122,MERCH-00488,PM-03,DEV-01,2024-01-02 15:10:30,74.01,0.5921,0.0,7,Success,Payment,Cebu City,PHP,False
TXN-20240102-0003455,WALL-0077946,MERCH-00446,PM-01,DEV-02,2024-01-02 22:49:59,97.88,0.0,0.0,9,Success,Tax Payment,Bago,MMK,False
TXN-20240102-0003456,WALL-0062323,MERCH-00414,PM-01,DEV-01,2024-01-02 12:08:27,140.01,0.0,0.0,14,Success,Payment,Kandy,LKR,False
TXN-20240102-0003457,WALL-0117232,MERCH-00044,PM-02,DEV-01,2024-01-02 20:01:29,27.79,0.0556,0.5557,2,Success,Purchase,Bali,MYR,False
TXN-20240102-0003458,WALL-0101861,MERCH-00089,PM-03,DEV-01,2024-01-02 16:08:22,53.19,0.4255,0.0,5,Success,Purchase,Taunggyi,MMK,False
TXN-20240102-0003459,WALL-0118316,MERCH-00333,PM-02,DEV-01,2024-01-02 13:01:09,124.71,0.2494,0.0,12,Success,Bill Payment,Myitkyina,MMK,False
TXN-20240102-0003460,WALL-0043789,MERCH-00127,PM-02,DEV-01,2024-01-02 13:44:52,179.15,0.3583,0.0,17,Success,Purchase,Jaipur,INR,False
TXN-20240102-0003461,WALL-0028999,MERCH-00290,PM-01,DEV-01,2024-01-02 20:01:23,2199.38,0.0,175.9501,439,Success,Purchase,Yangon,MMK,False
TXN-20240102-0003462,WALL-0101747,MERCH-00229,PM-04,DEV-01,2024-01-02 08:28:54,22.71,0.4541,0.0,2,Success,Purchase,Taunggyi,MMK,False
TXN-20240102-0003463,WALL-0082836,MERCH-00149,PM-01,DEV-01,2024-01-02 15:39:23,29.75,0.0,1.4874,2,Success,Purchase,Bago,MMK,False
TXN-20240102-0003464,WALL-0032361,MERCH-00338,PM-02,DEV-01,2024-01-02 14:49:24,110.04,0.2201,0.0,11,Success,Bill Payment,Yangon,MMK,False
TXN-20240102-0003465,WALL-0003017,MERCH-00310,PM-01,DEV-02,2024-01-02 08:25:28,1128.9,0.0,90.3118,225,Success,Purchase,Lahore,MMK,False
TXN-20240102-0003466,WALL-0025346,MERCH-00173,PM-02,DEV-01,2024-01-02 18:43:50,127.25,0.2545,6.3625,12,Success,Purchase,Bali,MMK,False
TXN-20240102-0003467,WALL-0035867,MERCH-00056,PM-03,DEV-02,2024-01-02 18:13:16,28.5,0.228,0.57,2,Success,Purchase,Bandung,BDT,False
TXN-20240102-0003468,WALL-0056038,MERCH-00051,PM-03,DEV-02,2024-01-02 19:34:30,25.35,0.2028,0.5071,2,Success,Purchase,Kathmandu,NPR,False
TXN-20240102-0003469,WALL-0096259,MERCH-00028,PM-03,DEV-01,2024-01-02 17:20:39,14.87,0.119,0.2975,1,Success,Purchase,Yangon,MMK,False
TXN-20240102-0003470,WALL-0037467,MERCH-00053,PM-04,DEV-01,2024-01-02 18:42:07,20.03,0.4006,0.0,0,Failed,Purchase,Chittagong,BDT,False
TXN-20240102-0003471,WALL-0047875,MERCH-00181,PM-01,DEV-01,2024-01-02 21:51:19,216.5,0.0,10.8248,21,Success,Purchase,Mawlamyine,MMK,False
TXN-20240102-0003472,WALL-0065960,MERCH-00443,PM-01,DEV-03,2024-01-02 17:49:58,362.22,0.0,0.0,36,Success,Tax Payment,Pattaya,THB,False
TXN-20240102-0003473,WALL-0117059,MERCH-00036,PM-02,DEV-01,2024-01-02 17:14:25,30.87,0.0617,0.6174,3,Success,Purchase,Mandalay,MMK,False
TXN-20240102-0003474,WALL-0058503,MERCH-00263,PM-03,DEV-02,2024-01-02 20:48:17,17.56,0.1405,0.0,1,Success,Subscription,Khon Kaen,BDT,False
TXN-20240102-0003475,WALL-0146564,MERCH-00469,PM-02,DEV-01,2024-01-02 14:27:23,666.93,1.3339,0.0,66,Success,Payment,Bangkok,MMK,False
TXN-20240102-0003476,WALL-0028008,MERCH-00044,PM-05,DEV-01,2024-01-02 17:10:41,11.06,0.0,0.2213,1,Success,Purchase,Davao,PHP,False
TXN-20240102-0003477,WALL-0134341,MERCH-00096,PM-04,DEV-01,2024-01-02 19:49:20,93.88,1.8776,0.0,9,Success,Purchase,Mandalay,MMK,False
TXN-20240102-0003478,WALL-0038453,MERCH-00011,PM-01,DEV-01,2024-01-02 13:54:45,10.73,0.0,0.2146,1,Success,Purchase,Myitkyina,MMK,False
TXN-20240102-0003479,WALL-0048660,MERCH-00140,PM-04,DEV-01,2024-01-02 19:55:36,135.03,2.7006,6.7514,13,Success,Purchase,Taunggyi,MMK,False
TXN-20240102-0003480,WALL-0139115,MERCH-00268,PM-01,DEV-01,2024-01-02 11:16:59,12.55,0.0,0.0,1,Success,Subscription,Cebu City,PKR,False
TXN-20240102-0003481,WALL-0098363,MERCH-00058,PM-01,DEV-01,2024-01-02 16:07:11,39.88,0.0,0.7976,3,Success,Purchase,Kandy,LKR,False
TXN-20240102-0003482,WALL-0093444,MERCH-00320,PM-01,DEV-01,2024-01-02 02:43:41,152.46,0.0,0.0,15,Success,Bill Payment,Pune,INR,False
TXN-20240102-0003483,WALL-0043166,MERCH-00227,PM-01,DEV-04,2024-01-02 21:30:24,8.76,0.0,0.0,0,Success,Purchase,Mandalay,MMK,False
TXN-20240102-0003484,WALL-0113655,MERCH-00049,PM-03,DEV-01,2024-01-02 12:51:25,8.95,0.0716,0.1791,0,Success,Purchase,Bago,MMK,False
TXN-20240102-0003485,WALL-0050420,MERCH-00017,PM-01,DEV-03,2024-01-02 20:17:44,31.81,0.0,0.6362,3,Success,Purchase,Mandalay,MMK,False
TXN-20240102-0003486,WALL-0048972,MERCH-00458,PM-02,DEV-01,2024-01-02 17:07:47,1141.38,2.2828,0.0,114,Success,Payment,Chiang Mai,MMK,False
TXN-20240102-0003487,WALL-0124726,MERCH-00211,PM-05,DEV-03,2024-01-02 17:43:45,15.34,0.0,0.0,1,Success,Purchase,Yangon,MMK,False
TXN-20240102-0003488,WALL-0087461,MERCH-00062,PM-02,DEV-02,2024-01-02 12:59:58,15.24,0.0305,0.3048,1,Success,Purchase,Mandalay,INR,False
TXN-20240102-0003489,WALL-0038275,MERCH-00439,PM-01,DEV-01,2024-01-02 08:32:04,91.19,0.0,0.0,9,Success,Tax Payment,Kolkata,INR,False
TXN-20240102-0003490,WALL-0133816,MERCH-00052,PM-04,DEV-01,2024-01-02 22:47:57,10.39,0.2078,0.2078,1,Success,Purchase,Kathmandu,NPR,False
TXN-20240102-0003491,WALL-0100984,MERCH-00369,PM-02,DEV-01,2024-01-02 15:55:47,20.29,0.0406,0.0,2,Success,Bill Payment,Naypyidaw,MMK,False
TXN-20240102-0003492,WALL-0035434,MERCH-00436,PM-05,DEV-03,2024-01-02 15:30:22,392.78,0.0,0.0,39,Success,Tax Payment,Ahmedabad,MMK,False
TXN-20240102-0003493,WALL-0029784,MERCH-00318,PM-01,DEV-05,2024-01-02 15:59:27,21.99,0.0,0.0,2,Success,Bill Payment,Bandung,IDR,False
TXN-20240102-0003494,WALL-0147331,MERCH-00442,PM-02,DEV-03,2024-01-02 07:18:47,187.48,0.375,0.0,0,Failed,Tax Payment,Myitkyina,MMK,False
TXN-20240102-0003495,WALL-0048311,MERCH-00039,PM-01,DEV-03,2024-01-02 16:38:36,81.56,0.0,1.6312,8,Success,Purchase,Jaipur,INR,False
TXN-20240102-0003496,WALL-0073709,MERCH-00017,PM-02,DEV-01,2024-01-02 17:03:00,31.03,0.0621,0.6205,3,Success,Purchase,Pathein,MMK,False
TXN-20240102-0003497,WALL-0082839,MERCH-00045,PM-01,DEV-03,2024-01-02 11:11:54,18.32,0.0,0.3664,1,Success,Purchase,Khon Kaen,THB,False
TXN-20240102-0003498,WALL-0004356,MERCH-00166,PM-02,DEV-05,2024-01-02 21:35:33,65.91,0.1318,3.2954,6,Success,Purchase,Naypyidaw,MMK,False
TXN-20240102-0003499,WALL-0017932,MERCH-00212,PM-04,DEV-01,2024-01-02 16:17:14,26.68,0.5336,0.0,2,Success,Purchase,Kuala Lumpur,THB,False
TXN-20240102-0003500,WALL-0060118,MERCH-00204,PM-01,DEV-01,2024-01-02 18:28:26,8.93,0.0,0.0,0,Success,Purchase,Bangkok,THB,False
TXN-20240102-0003501,WALL-0066565,MERCH-00184,PM-01,DEV-02,2024-01-02 13:48:37,36.55,0.0,1.8275,3,Success,Purchase,Mandalay,MMK,False
TXN-20240102-0003502,WALL-0011244,MERCH-00021,PM-04,DEV-01,2024-01-02 10:07:07,51.51,1.0301,1.0301,5,Success,Purchase,Kolkata,BDT,False
TXN-20240102-0003503,WALL-0041715,MERCH-00161,PM-02,DEV-01,2024-01-02 14:24:14,302.31,0.6046,15.1153,30,Success,Purchase,Kuala Lumpur,MYR,False
TXN-20240102-0003504,WALL-0043001,MERCH-00008,PM-02,DEV-01,2024-01-02 06:33:28,31.06,0.0621,0.6212,3,Success,Purchase,Bago,MMK,False
TXN-20240102-0003505,WALL-0058854,MERCH-00009,PM-02,DEV-01,2024-01-02 13:01:34,20.26,0.0405,0.4052,2,Success,Purchase,Pathein,INR,False
TXN-20240102-0003506,WALL-0147222,MERCH-00226,PM-01,DEV-01,2024-01-02 18:36:53,11.61,0.0,0.0,1,Success,Purchase,Chiang Mai,MMK,False
TXN-20240102-0003507,WALL-0036689,MERCH-00115,PM-03,DEV-01,2024-01-02 12:20:47,93.02,0.7442,0.0,0,Failed,Purchase,Jakarta,IDR,False
TXN-20240102-0003508,WALL-0117703,MERCH-00065,PM-01,DEV-01,2024-01-02 09:23:15,60.0,0.0,1.2,6,Success,Purchase,Penang,NPR,False
TXN-20240102-0003509,WALL-0003716,MERCH-00268,PM-01,DEV-02,2024-01-02 03:48:19,26.08,0.0,0.0,2,Success,Subscription,Yangon,MMK,False
TXN-20240102-0003510,WALL-0074581,MERCH-00400,PM-02,DEV-02,2024-01-02 02:25:50,51.91,0.1038,0.0,5,Success,Purchase,Taunggyi,MMK,False
TXN-20240102-0003511,WALL-0047105,MERCH-00174,PM-01,DEV-01,2024-01-02 18:08:30,40.59,0.0,2.0293,4,Success,Purchase,Bangalore,INR,False
TXN-20240102-0003512,WALL-0092139,MERCH-00010,PM-03,DEV-05,2024-01-02 14:24:48,7.75,0.062,0.155,0,Success,Purchase,Mandalay,MMK,False
TXN-20240102-0003513,WALL-0103327,MERCH-00063,PM-01,DEV-01,2024-01-02 13:27:58,21.47,0.0,0.4295,2,Success,Purchase,Penang,MYR,False
TXN-20240102-0003514,WALL-0137558,MERCH-00312,PM-04,DEV-03,2024-01-02 19:59:33,199.71,3.9942,0.0,19,Success,Bill Payment,Naypyidaw,MMK,False
TXN-20240102-0003515,WALL-0054903,MERCH-00389,PM-02,DEV-01,2024-01-02 19:46:04,107.46,0.2149,0.0,10,Success,Purchase,Da Nang,SGD,False
TXN-20240102-0003516,WALL-0079052,MERCH-00261,PM-03,DEV-05,2024-01-02 10:53:08,10.24,0.0819,0.0,1,Success,Subscription,Hyderabad,MMK,False
TXN-20240102-0003517,WALL-0139492,MERCH-00448,PM-02,DEV-01,2024-01-02 09:54:01,61.12,0.1222,0.0,0,Failed,Tax Payment,Bago,MMK,False
TXN-20240102-0003518,WALL-0049243,MERCH-00037,PM-02,DEV-03,2024-01-02 20:22:11,14.69,0.0294,0.2938,1,Success,Purchase,Bago,MMK,False
TXN-20240102-0003519,WALL-0101574,MERCH-00139,PM-04,DEV-02,2024-01-02 16:27:02,549.14,10.9828,27.4569,54,Success,Purchase,Pathein,MMK,False
TXN-20240102-0003520,WALL-0007479,MERCH-00102,PM-04,DEV-02,2024-01-02 13:39:27,19.42,0.3883,0.0,1,Success,Purchase,Naypyidaw,MMK,False
TXN-20240102-0003521,WALL-0002987,MERCH-00176,PM-02,DEV-01,2024-01-02 20:15:01,140.16,0.2803,7.008,14,Success,Purchase,Ho Chi Minh City,VND,False
TXN-20240102-0003522,WALL-0128966,MERCH-00310,PM-04,DEV-01,2024-01-02 16:51:24,2684.38,53.6877,214.7506,536,Success,Purchase,Pathein,MMK,False
TXN-20240102-0003523,WALL-0001918,MERCH-00027,PM-01,DEV-01,2024-01-02 07:40:26,8.46,0.0,0.1692,0,Success,Purchase,Islamabad,PKR,False
TXN-20240102-0003524,WALL-0086196,MERCH-00400,PM-01,DEV-02,2024-01-02 20:02:24,52.58,0.0,0.0,5,Success,Purchase,Taunggyi,MMK,False
TXN-20240102-0003525,WALL-0056317,MERCH-00365,PM-01,DEV-03,2024-01-02 18:06:44,76.11,0.0,0.0,7,Success,Bill Payment,Pathein,MMK,False
TXN-20240102-0003526,WALL-0032208,MERCH-00005,PM-01,DEV-02,2024-01-02 13:05:26,19.8,0.0,0.396,1,Success,Purchase,Da Nang,KHR,False
TXN-20240102-0003527,WALL-0107434,MERCH-00381,PM-03,DEV-05,2024-01-02 19:00:14,45.91,0.3673,0.0,4,Success,Purchase,Naypyidaw,MMK,False
TXN-20240102-0003528,WALL-0002490,MERCH-00134,PM-02,DEV-01,2024-01-02 12:10:24,351.11,0.7022,17.5557,35,Success,Purchase,Pokhara,NPR,False
TXN-20240102-0003529,WALL-0001629,MERCH-00387,PM-01,DEV-02,2024-01-02 13:37:43,54.43,0.0,0.0,5,Success,Purchase,Medan,IDR,False
TXN-20240102-0003530,WALL-0147931,MERCH-00155,PM-04,DEV-03,2024-01-02 20:20:13,43.24,0.8648,2.162,4,Success,Purchase,Pathein,MMK,False
TXN-20240102-0003531,WALL-0128480,MERCH-00094,PM-01,DEV-01,2024-01-02 15:37:56,44.63,0.0,0.0,4,Success,Purchase,Kathmandu,PKR,False
TXN-20240102-0003532,WALL-0107947,MERCH-00338,PM-03,DEV-01,2024-01-02 08:46:14,67.75,0.542,0.0,6,Success,Bill Payment,Yangon,MMK,False
TXN-20240102-0003533,WALL-0072815,MERCH-00221,PM-01,DEV-01,2024-01-02 17:09:00,5.0,0.0,0.0,0,Success,Purchase,Singapore,SGD,False
TXN-20240102-0003534,WALL-0040053,MERCH-00109,PM-02,DEV-02,2024-01-02 19:17:54,43.74,0.0875,0.0,4,Success,Purchase,Myitkyina,MMK,False
TXN-20240102-0003535,WALL-0101076,MERCH-00001,PM-03,DEV-05,2024-01-02 08:22:52,6.81,0.0545,0.1363,0,Success,Purchase,Yangon,MMK,False
TXN-20240102-0003536,WALL-0036511,MERCH-00152,PM-01,DEV-04,2024-01-02 14:05:46,407.29,0.0,20.3643,40,Success,Purchase,Chittagong,BDT,False
TXN-20240102-0003537,WALL-0051108,MERCH-00360,PM-02,DEV-05,2024-01-02 14:59:54,24.18,0.0484,0.0,2,Success,Bill Payment,Myitkyina,MMK,False
TXN-20240102-0003538,WALL-0058693,MERCH-00419,PM-03,DEV-03,2024-01-02 08:12:47,34.75,0.278,0.0,3,Success,Payment,Ho Chi Minh City,VND,False
TXN-20240102-0003539,WALL-0002413,MERCH-00079,PM-01,DEV-01,2024-01-02 16:22:02,32.56,0.0,0.6511,3,Success,Purchase,Pathein,MMK,False
TXN-20240102-0003540,WALL-0149491,MERCH-00206,PM-03,DEV-03,2024-01-02 08:12:25,5.0,0.04,0.0,0,Success,Purchase,Kuala Lumpur,MYR,False
TXN-20240102-0003541,WALL-0146173,MERCH-00230,PM-04,DEV-03,2024-01-02 07:29:45,14.17,0.2834,0.0,1,Success,Purchase,Hanoi,PHP,False
TXN-20240102-0003542,WALL-0136666,MERCH-00406,PM-01,DEV-03,2024-01-02 10:44:07,325.58,0.0,0.0,32,Success,Payment,Bago,MMK,False
TXN-20240102-0003543,WALL-0122716,MERCH-00102,PM-02,DEV-04,2024-01-02 06:03:16,21.22,0.0424,0.0,2,Success,Purchase,Naypyidaw,MMK,False
TXN-20240102-0003544,WALL-0053668,MERCH-00260,PM-01,DEV-01,2024-01-02 16:16:49,8.48,0.0,0.0,0,Success,Subscription,Kuala Lumpur,MYR,False
TXN-20240102-0003545,WALL-0023270,MERCH-00181,PM-02,DEV-03,2024-01-02 21:30:58,62.63,0.1253,3.1316,6,Success,Purchase,Siem Reap,KHR,False
TXN-20240102-0003546,WALL-0076853,MERCH-00380,PM-04,DEV-01,2024-01-02 17:02:34,50.4,1.008,0.0,5,Success,Purchase,Kolkata,INR,False
TXN-20240102-0003547,WALL-0079477,MERCH-00219,PM-01,DEV-02,2024-01-02 23:56:52,18.23,0.0,0.0,1,Success,Purchase,Colombo,LKR,False
TXN-20240102-0003548,WALL-0141158,MERCH-00086,PM-04,DEV-03,2024-01-02 15:34:10,108.99,2.1798,0.0,0,Reversed,Purchase,Mumbai,INR,False
TXN-20240102-0003549,WALL-0037649,MERCH-00023,PM-01,DEV-01,2024-01-02 17:48:40,23.3,0.0,0.4659,2,Success,Purchase,Islamabad,PKR,False
TXN-20240102-0003550,WALL-0066433,MERCH-00325,PM-03,DEV-01,2024-01-02 15:45:50,98.02,0.7842,0.0,9,Success,Bill Payment,Manila,MYR,False
TXN-20240102-0003551,WALL-0088812,MERCH-00062,PM-02,DEV-01,2024-01-02 16:56:03,19.32,0.0386,0.0,0,Failed,Purchase,Medan,IDR,False
TXN-20240102-0003552,WALL-0115362,MERCH-00144,PM-04,DEV-04,2024-01-02 03:39:21,66.99,1.3399,3.3496,6,Success,Purchase,Colombo,LKR,False
TXN-20240102-0003553,WALL-0132767,MERCH-00414,PM-01,DEV-01,2024-01-02 14:15:02,57.05,0.0,0.0,5,Success,Payment,Islamabad,PKR,False
TXN-20240102-0003554,WALL-0009763,MERCH-00116,PM-04,DEV-03,2024-01-02 17:24:21,23.38,0.4676,0.0,2,Success,Purchase,Siem Reap,KHR,False
TXN-20240102-0003555,WALL-0058869,MERCH-00086,PM-03,DEV-03,2024-01-02 07:56:38,70.93,0.5675,0.0,7,Success,Purchase,Dhaka,BDT,False
TXN-20240102-0003556,WALL-0039458,MERCH-00055,PM-04,DEV-03,2024-01-02 16:35:52,23.28,0.4657,0.4657,2,Success,Purchase,Kandy,MMK,False
TXN-20240102-0003557,WALL-0048317,MERCH-00361,PM-01,DEV-03,2024-01-02 17:07:38,78.01,0.0,0.0,7,Success,Bill Payment,Taunggyi,MMK,False
TXN-20240102-0003558,WALL-0075871,MERCH-00379,PM-01,DEV-02,2024-01-02 15:04:21,62.82,0.0,0.0,6,Success,Purchase,Singapore,SGD,False
TXN-20240102-0003559,WALL-0003205,MERCH-00255,PM-03,DEV-03,2024-01-02 20:02:42,8.61,0.0689,0.0,0,Success,Subscription,Da Nang,VND,False
TXN-20240102-0003560,WALL-0067480,MERCH-00450,PM-01,DEV-05,2024-01-02 16:44:23,767.2,0.0,0.0,76,Success,Tax Payment,Phuket,THB,False
TXN-20240102-0003561,WALL-0085652,MERCH-00374,PM-01,DEV-02,2024-01-02 07:23:44,50.05,0.0,0.0,5,Success,Purchase,Taunggyi,MMK,False
TXN-20240102-0003562,WALL-0028408,MERCH-00235,PM-04,DEV-01,2024-01-02 20:51:29,12.51,0.2502,0.0,1,Success,Subscription,Myitkyina,MMK,False
TXN-20240102-0003563,WALL-0063469,MERCH-00052,PM-01,DEV-02,2024-01-02 13:35:47,12.67,0.0,0.2533,1,Success,Purchase,Bago,MMK,False
TXN-20240102-0003564,WALL-0056227,MERCH-00459,PM-01,DEV-01,2024-01-02 16:39:27,127.06,0.0,0.0,12,Success,Payment,Yangon,MMK,False
TXN-20240102-0003565,WALL-0029769,MERCH-00024,PM-02,DEV-01,2024-01-02 13:12:01,36.29,0.0726,0.7258,3,Success,Purchase,Penang,MYR,False
TXN-20240102-0003566,WALL-0031070,MERCH-00288,PM-02,DEV-02,2024-01-02 07:12:48,923.11,1.8462,0.0,0,Failed,Purchase,Quezon City,PHP,False
TXN-20240102-0003567,WALL-0016132,MERCH-00163,PM-03,DEV-02,2024-01-02 18:16:51,105.4,0.8432,5.2699,10,Success,Purchase,Yangon,MMK,False
TXN-20240102-0003568,WALL-0102324,MERCH-00016,PM-03,DEV-01,2024-01-02 16:06:04,21.1,0.1688,0.0,0,Pending,Purchase,Cebu City,PHP,False
TXN-20240102-0003569,WALL-0087935,MERCH-00120,PM-03,DEV-02,2024-01-02 21:42:33,94.72,0.7578,0.0,9,Success,Purchase,Colombo,LKR,False
TXN-20240102-0003570,WALL-0073967,MERCH-00106,PM-01,DEV-05,2024-01-02 04:05:29,162.06,0.0,0.0,16,Success,Purchase,Penang,MYR,False
TXN-20240102-0003571,WALL-0112302,MERCH-00381,PM-03,DEV-03,2024-01-02 09:17:45,20.0,0.16,0.0,2,Success,Purchase,Pokhara,MMK,False
TXN-20240102-0003572,WALL-0051325,MERCH-00169,PM-03,DEV-01,2024-01-02 07:11:46,20.0,0.16,1.0,2,Success,Purchase,Mawlamyine,MMK,False
TXN-20240102-0003573,WALL-0068340,MERCH-00052,PM-01,DEV-02,2024-01-02 16:06:36,32.08,0.0,0.6416,3,Success,Purchase,Pathein,MMK,False
TXN-20240102-0003574,WALL-0077715,MERCH-00010,PM-01,DEV-01,2024-01-02 18:41:28,19.62,0.0,0.3925,1,Success,Purchase,Bangalore,INR,False
TXN-20240102-0003575,WALL-0120817,MERCH-00431,PM-02,DEV-01,2024-01-02 15:55:53,589.18,1.1784,0.0,58,Success,Tax Payment,Mawlamyine,MMK,False
TXN-20240102-0003576,WALL-0142831,MERCH-00387,PM-01,DEV-02,2024-01-02 19:57:56,37.45,0.0,0.0,3,Success,Purchase,Bago,MMK,False
TXN-20240102-0003577,WALL-0020549,MERCH-00168,PM-01,DEV-01,2024-01-02 21:46:01,201.02,0.0,10.051,20,Success,Purchase,Kathmandu,NPR,False
TXN-20240102-0003578,WALL-0068355,MERCH-00125,PM-02,DEV-03,2024-01-02 10:03:30,102.02,0.204,0.0,10,Success,Purchase,Bangkok,INR,False
TXN-20240102-0003579,WALL-0083240,MERCH-00175,PM-03,DEV-02,2024-01-02 07:53:51,112.9,0.9032,5.645,11,Success,Purchase,Medan,IDR,False
TXN-20240102-0003580,WALL-0023751,MERCH-00200,PM-05,DEV-05,2024-01-02 08:18:48,11.5,0.0,0.0,1,Success,Purchase,Johor Bahru,MYR,False
TXN-20240102-0003581,WALL-0120481,MERCH-00307,PM-05,DEV-01,2024-01-02 07:26:48,379.51,0.0,0.0,0,Failed,Purchase,Bago,MMK,False
TXN-20240102-0003582,WALL-0083788,MERCH-00162,PM-02,DEV-03,2024-01-02 18:15:54,166.92,0.3338,8.3459,16,Success,Purchase,Dhaka,MMK,False
TXN-20240102-0003583,WALL-0125886,MERCH-00342,PM-01,DEV-02,2024-01-02 09:06:12,34.93,0.0,0.0,3,Success,Bill Payment,Quezon City,PHP,False
TXN-20240102-0003584,WALL-0022677,MERCH-00262,PM-03,DEV-01,2024-01-02 07:50:08,9.34,0.0747,0.0,0,Success,Subscription,Yangon,MMK,False
TXN-20240102-0003585,WALL-0066450,MERCH-00262,PM-03,DEV-01,2024-01-02 12:13:38,12.73,0.1019,0.0,1,Success,Subscription,Yangon,MMK,False
TXN-20240102-0003586,WALL-0149648,MERCH-00099,PM-03,DEV-01,2024-01-02 16:07:07,26.57,0.2125,0.0,2,Success,Purchase,Ahmedabad,INR,False
TXN-20240102-0003587,WALL-0076901,MERCH-00415,PM-05,DEV-01,2024-01-02 06:16:55,84.28,0.0,0.0,8,Success,Payment,Johor Bahru,MYR,False
TXN-20240102-0003588,WALL-0042111,MERCH-00150,PM-02,DEV-02,2024-01-02 14:43:34,116.09,0.2322,5.8046,11,Success,Purchase,Kathmandu,NPR,False
TXN-20240102-0003589,WALL-0106357,MERCH-00103,PM-02,DEV-02,2024-01-02 11:30:51,27.95,0.0559,0.0,2,Success,Purchase,Ahmedabad,INR,False
TXN-20240102-0003590,WALL-0077122,MERCH-00119,PM-01,DEV-01,2024-01-02 12:35:11,214.16,0.0,0.0,21,Success,Purchase,Bago,MMK,False
TXN-20240102-0003591,WALL-0134560,MERCH-00179,PM-03,DEV-01,2024-01-02 08:52:38,56.4,0.4512,2.8201,5,Success,Purchase,Bago,MMK,False
TXN-20240102-0003592,WALL-0117329,MERCH-00118,PM-02,DEV-04,2024-01-02 07:42:17,35.07,0.0701,0.0,3,Success,Purchase,Khon Kaen,THB,False
TXN-20240102-0003593,WALL-0147561,MERCH-00078,PM-01,DEV-01,2024-01-02 05:43:25,30.86,0.0,0.6172,3,Success,Purchase,Naypyidaw,MMK,False
TXN-20240102-0003594,WALL-0086388,MERCH-00291,PM-03,DEV-02,2024-01-02 17:58:52,281.17,2.2494,22.4937,56,Success,Purchase,Manila,PHP,False
TXN-20240102-0003595,WALL-0125625,MERCH-00364,PM-01,DEV-04,2024-01-02 04:30:30,20.27,0.0,0.0,2,Success,Bill Payment,Hyderabad,INR,False
TXN-20240102-0003596,WALL-0110825,MERCH-00108,PM-03,DEV-03,2024-01-02 04:06:24,22.86,0.1829,0.0,2,Success,Purchase,Myitkyina,MMK,False
TXN-20240102-0003597,WALL-0027422,MERCH-00133,PM-01,DEV-01,2024-01-02 21:45:34,53.92,0.0,2.6962,5,Success,Purchase,Kuala Lumpur,BDT,False
TXN-20240102-0003598,WALL-0018441,MERCH-00215,PM-02,DEV-03,2024-01-02 02:27:12,9.9,0.0198,0.0,0,Success,Purchase,Siem Reap,KHR,False
TXN-20240102-0003599,WALL-0077261,MERCH-00172,PM-04,DEV-01,2024-01-02 15:52:00,262.79,5.2558,0.0,0,Pending,Purchase,Taunggyi,MMK,False
TXN-20240102-0003600,WALL-0111111,MERCH-00199,PM-03,DEV-01,2024-01-02 10:54:05,26.28,0.2103,0.0,2,Success,Purchase,Singapore,SGD,False
TXN-20240102-0003601,WALL-0071903,MERCH-00494,PM-03,DEV-01,2024-01-02 18:51:01,80.1,0.6408,0.0,8,Success,Payment,Myitkyina,MMK,False
TXN-20240102-0003602,WALL-0074556,MERCH-00133,PM-05,DEV-01,2024-01-02 15:50:59,21.15,0.0,0.0,0,Pending,Purchase,Quezon City,PHP,False
TXN-20240102-0003603,WALL-0099057,MERCH-00156,PM-04,DEV-01,2024-01-02 10:52:36,59.39,1.1878,2.9696,5,Success,Purchase,Mawlamyine,MMK,False
TXN-20240102-0003604,WALL-0023238,MERCH-00237,PM-01,DEV-01,2024-01-02 21:35:03,11.06,0.0,0.0,1,Success,Subscription,Mumbai,INR,False
TXN-20240102-0003605,WALL-0097821,MERCH-00351,PM-01,DEV-03,2024-01-02 03:19:13,53.72,0.0,0.0,5,Success,Bill Payment,Kolkata,INR,False
TXN-20240102-0003606,WALL-0126149,MERCH-00005,PM-01,DEV-01,2024-01-02 05:16:05,13.75,0.0,0.275,1,Success,Purchase,Mawlamyine,MMK,False
TXN-20240102-0003607,WALL-0015034,MERCH-00040,PM-03,DEV-02,2024-01-02 00:52:05,7.72,0.0617,0.1543,0,Success,Purchase,Taunggyi,MMK,False
TXN-20240102-0003608,WALL-0017294,MERCH-00051,PM-03,DEV-04,2024-01-02 12:17:35,13.78,0.1102,0.2756,1,Success,Purchase,Chiang Mai,THB,False
TXN-20240102-0003609,WALL-0122777,MERCH-00113,PM-01,DEV-01,2024-01-02 18:20:59,58.57,0.0,0.0,5,Success,Purchase,Davao,PHP,False
TXN-20240102-0003610,WALL-0088005,MERCH-00358,PM-02,DEV-01,2024-01-02 16:55:00,72.92,0.1458,0.0,7,Success,Bill Payment,Ahmedabad,MMK,False
TXN-20240102-0003611,WALL-0078067,MERCH-00193,PM-01,DEV-01,2024-01-02 21:24:25,26.85,0.0,0.0,0,Reversed,Purchase,Pune,INR,False
TXN-20240102-0003612,WALL-0068853,MERCH-00063,PM-04,DEV-01,2024-01-02 01:48:20,17.35,0.347,0.347,1,Success,Purchase,Penang,MYR,False
TXN-20240102-0003613,WALL-0104961,MERCH-00152,PM-01,DEV-03,2024-01-02 12:08:01,124.19,0.0,6.2097,12,Success,Purchase,Karachi,PKR,False
TXN-20240102-0003614,WALL-0147979,MERCH-00284,PM-03,DEV-03,2024-01-02 15:11:31,411.95,3.2956,32.9559,82,Success,Purchase,Phnom Penh,KHR,False
TXN-20240102-0003615,WALL-0102627,MERCH-00316,PM-01,DEV-02,2024-01-02 09:03:22,93.42,0.0,0.0,9,Success,Bill Payment,Myitkyina,MMK,False
TXN-20240102-0003616,WALL-0017578,MERCH-00123,PM-04,DEV-03,2024-01-02 11:15:52,10.0,0.2,0.0,1,Success,Purchase,Chiang Mai,THB,False
TXN-20240102-0003617,WALL-0039954,MERCH-00331,PM-01,DEV-02,2024-01-02 15:54:15,70.41,0.0,0.0,7,Success,Bill Payment,Naypyidaw,MMK,False
TXN-20240102-0003618,WALL-0055320,MERCH-00090,PM-02,DEV-01,2024-01-02 14:52:04,79.51,0.159,0.0,7,Success,Purchase,Myitkyina,MMK,False
TXN-20240102-0003619,WALL-0115872,MERCH-00283,PM-03,DEV-02,2024-01-02 16:37:45,100.0,0.8,8.0,20,Success,Purchase,Taunggyi,MMK,False
TXN-20240102-0003620,WALL-0010229,MERCH-00210,PM-02,DEV-02,2024-01-02 15:16:53,15.01,0.03,0.0,0,Failed,Purchase,Pathein,MMK,False
TXN-20240102-0003621,WALL-0037050,MERCH-00102,PM-04,DEV-01,2024-01-02 09:16:00,94.5,1.89,0.0,9,Success,Purchase,Chiang Mai,MMK,False
TXN-20240102-0003622,WALL-0024414,MERCH-00127,PM-02,DEV-01,2024-01-02 16:21:39,42.71,0.0854,0.0,4,Success,Purchase,Pathein,MMK,False
TXN-20240102-0003623,WALL-0137811,MERCH-00408,PM-02,DEV-02,2024-01-02 17:55:52,45.91,0.0918,0.0,4,Success,Payment,Naypyidaw,MMK,False
TXN-20240102-0003624,WALL-0076614,MERCH-00429,PM-01,DEV-01,2024-01-02 13:21:17,86.51,0.0,0.0,8,Success,Payment,Jaipur,INR,False
TXN-20240102-0003625,WALL-0106630,MERCH-00086,PM-03,DEV-02,2024-01-02 09:23:13,136.29,1.0904,0.0,13,Success,Purchase,Mumbai,INR,False
TXN-20240102-0003626,WALL-0097434,MERCH-00310,PM-04,DEV-01,2024-01-02 18:52:59,3000.0,60.0,240.0,600,Success,Purchase,Lahore,PKR,False
TXN-20240102-0003627,WALL-0106007,MERCH-00247,PM-02,DEV-01,2024-01-02 15:03:04,31.1,0.0622,0.0,3,Success,Subscription,Myitkyina,MMK,False
TXN-20240102-0003628,WALL-0129211,MERCH-00352,PM-01,DEV-01,2024-01-02 09:35:41,68.63,0.0,0.0,6,Success,Bill Payment,Myitkyina,MMK,False
TXN-20240102-0003629,WALL-0088499,MERCH-00105,PM-01,DEV-01,2024-01-02 20:40:16,25.83,0.0,0.0,2,Success,Purchase,Cebu City,PHP,False
TXN-20240102-0003630,WALL-0059269,MERCH-00258,PM-01,DEV-01,2024-01-02 16:11:33,19.6,0.0,0.0,1,Success,Subscription,Jakarta,IDR,False
TXN-20240102-0003631,WALL-0084439,MERCH-00075,PM-02,DEV-05,2024-01-02 07:55:54,15.78,0.0316,0.3157,1,Success,Purchase,Phnom Penh,KHR,False
TXN-20240102-0003632,WALL-0037617,MERCH-00184,PM-04,DEV-02,2024-01-02 19:28:39,181.69,3.6339,9.0847,18,Success,Purchase,Pattaya,THB,False
TXN-20240102-0003633,WALL-0086779,MERCH-00346,PM-01,DEV-01,2024-01-02 16:42:41,37.8,0.0,0.0,3,Success,Bill Payment,Pokhara,NPR,False
TXN-20240102-0003634,WALL-0081047,MERCH-00011,PM-02,DEV-02,2024-01-02 03:07:52,37.11,0.0742,0.7421,3,Success,Purchase,Singapore,SGD,False
TXN-20240102-0003635,WALL-0108411,MERCH-00097,PM-05,DEV-01,2024-01-02 18:10:55,38.1,0.0,0.0,3,Success,Purchase,Myitkyina,LKR,False
TXN-20240102-0003636,WALL-0070398,MERCH-00102,PM-02,DEV-01,2024-01-02 03:20:07,73.83,0.1477,0.0,7,Success,Purchase,Mumbai,INR,False
TXN-20240102-0003637,WALL-0013234,MERCH-00031,PM-01,DEV-01,2024-01-02 17:42:05,21.68,0.0,0.4336,2,Success,Purchase,Lahore,PKR,False
TXN-20240102-0003638,WALL-0093123,MERCH-00181,PM-03,DEV-01,2024-01-02 15:26:40,72.42,0.5794,3.6212,7,Success,Purchase,Chittagong,MMK,False
TXN-20240102-0003639,WALL-0036560,MERCH-00327,PM-03,DEV-01,2024-01-02 20:23:40,210.25,1.682,0.0,21,Success,Bill Payment,Yangon,MMK,False
TXN-20240102-0003640,WALL-0033385,MERCH-00008,PM-03,DEV-01,2024-01-02 08:21:54,30.83,0.2466,0.6165,3,Success,Purchase,Mumbai,INR,False
TXN-20240102-0003641,WALL-0031253,MERCH-00406,PM-02,DEV-01,2024-01-02 16:05:48,78.09,0.1562,0.0,7,Success,Payment,Khon Kaen,THB,False
TXN-20240102-0003642,WALL-0124301,MERCH-00004,PM-03,DEV-01,2024-01-02 08:08:29,16.27,0.1302,0.3254,1,Success,Purchase,Mawlamyine,MMK,False
TXN-20240102-0003643,WALL-0129338,MERCH-00314,PM-04,DEV-01,2024-01-02 20:31:12,164.68,3.2936,0.0,16,Success,Bill Payment,Karachi,PKR,False
TXN-20240102-0003644,WALL-0088035,MERCH-00213,PM-01,DEV-03,2024-01-02 17:29:21,13.41,0.0,0.0,1,Success,Purchase,Bandung,IDR,False
TXN-20240102-0003645,WALL-0078903,MERCH-00209,PM-01,DEV-04,2024-01-02 14:07:19,20.9,0.0,0.0,2,Success,Purchase,Yangon,MMK,False
TXN-20240102-0003646,WALL-0137619,MERCH-00264,PM-01,DEV-02,2024-01-02 17:26:05,15.89,0.0,0.0,1,Success,Subscription,Mandalay,MMK,False
TXN-20240102-0003647,WALL-0106868,MERCH-00293,PM-05,DEV-02,2024-01-02 15:31:53,675.95,0.0,54.0763,135,Success,Purchase,Phuket,THB,False
TXN-20240102-0003648,WALL-0062145,MERCH-00208,PM-01,DEV-05,2024-01-02 16:01:55,10.67,0.0,0.0,1,Success,Purchase,Siem Reap,KHR,False
TXN-20240102-0003649,WALL-0064851,MERCH-00135,PM-02,DEV-02,2024-01-02 10:27:24,20.0,0.04,1.0,2,Success,Purchase,Hanoi,MYR,False
TXN-20240102-0003650,WALL-0080871,MERCH-00006,PM-02,DEV-01,2024-01-02 13:15:33,27.28,0.0546,0.5456,2,Success,Purchase,Naypyidaw,MMK,False
TXN-20240102-0003651,WALL-0064909,MERCH-00008,PM-01,DEV-01,2024-01-02 15:47:37,32.03,0.0,0.6407,3,Success,Purchase,Islamabad,PKR,False
TXN-20240102-0003652,WALL-0064296,MERCH-00466,PM-03,DEV-01,2024-01-02 15:44:49,149.56,1.1964,0.0,14,Success,Payment,Cebu City,PHP,False
TXN-20240102-0003653,WALL-0057540,MERCH-00076,PM-04,DEV-02,2024-01-02 13:37:25,12.87,0.2574,0.2574,1,Success,Purchase,Pattaya,THB,False
TXN-20240102-0003654,WALL-0121799,MERCH-00334,PM-04,DEV-03,2024-01-02 18:42:25,42.58,0.8517,0.0,4,Success,Bill Payment,Medan,MMK,False
TXN-20240102-0003655,WALL-0006406,MERCH-00218,PM-01,DEV-01,2024-01-02 02:50:43,8.89,0.0,0.0,0,Success,Purchase,Bangalore,MMK,False
TXN-20240102-0003656,WALL-0070351,MERCH-00086,PM-03,DEV-05,2024-01-02 10:15:28,51.12,0.409,0.0,5,Success,Purchase,Bangkok,THB,False
TXN-20240102-0003657,WALL-0125182,MERCH-00067,PM-01,DEV-01,2024-01-02 11:31:31,19.01,0.0,0.3803,1,Success,Purchase,Ahmedabad,INR,False
TXN-20240102-0003658,WALL-0035834,MERCH-00391,PM-05,DEV-03,2024-01-02 08:32:14,93.18,0.0,0.0,9,Success,Purchase,Delhi,INR,False
TXN-20240102-0003659,WALL-0141126,MERCH-00165,PM-02,DEV-02,2024-01-02 21:48:47,88.86,0.1777,4.4428,8,Success,Purchase,Mandalay,MMK,False
TXN-20240102-0003660,WALL-0101273,MERCH-00098,PM-04,DEV-01,2024-01-02 13:40:35,79.65,1.593,0.0,7,Success,Purchase,Kandy,LKR,False
TXN-20240102-0003661,WALL-0084111,MERCH-00362,PM-01,DEV-02,2024-01-02 07:23:40,34.34,0.0,0.0,3,Success,Bill Payment,Pokhara,NPR,False
TXN-20240102-0003662,WALL-0123884,MERCH-00331,PM-02,DEV-01,2024-01-02 18:55:40,66.83,0.1337,0.0,6,Success,Bill Payment,Bali,MYR,False
TXN-20240102-0003663,WALL-0129094,MERCH-00278,PM-01,DEV-01,2024-01-02 07:02:13,400.7,0.0,0.0,0,Reversed,Purchase,Singapore,SGD,False
TXN-20240102-0003664,WALL-0010923,MERCH-00251,PM-05,DEV-02,2024-01-02 19:55:57,15.91,0.0,0.0,1,Success,Subscription,Bandung,IDR,False
TXN-20240102-0003665,WALL-0051147,MERCH-00175,PM-02,DEV-01,2024-01-02 18:28:53,81.92,0.1638,4.0961,8,Success,Purchase,Pune,INR,False
TXN-20240102-0003666,WALL-0129635,MERCH-00040,PM-01,DEV-01,2024-01-02 17:29:04,16.47,0.0,0.3294,1,Success,Purchase,Myitkyina,MMK,False
TXN-20240102-0003667,WALL-0093161,MERCH-00034,PM-02,DEV-02,2024-01-02 08:28:30,31.18,0.0624,0.6236,3,Success,Purchase,Chittagong,VND,False
TXN-20240102-0003668,WALL-0120488,MERCH-00118,PM-05,DEV-01,2024-01-02 18:48:25,106.3,0.0,0.0,10,Success,Purchase,Chiang Mai,THB,False
TXN-20240102-0003669,WALL-0037519,MERCH-00006,PM-01,DEV-01,2024-01-02 19:57:33,99.0,0.0,1.98,9,Success,Purchase,Chittagong,BDT,False
TXN-20240102-0003670,WALL-0076503,MERCH-00278,PM-01,DEV-01,2024-01-02 20:53:03,2144.72,0.0,171.5779,428,Success,Purchase,Mandalay,MMK,False
TXN-20240102-0003671,WALL-0075254,MERCH-00386,PM-02,DEV-03,2024-01-02 13:18:05,75.66,0.1513,0.0,7,Success,Purchase,Bangalore,INR,False
TXN-20240102-0003672,WALL-0047194,MERCH-00403,PM-01,DEV-01,2024-01-02 21:02:12,25.47,0.0,0.0,2,Success,Payment,Lahore,PKR,False
TXN-20240102-0003673,WALL-0047544,MERCH-00028,PM-04,DEV-01,2024-01-02 13:17:31,16.89,0.3377,0.3377,1,Success,Purchase,Taunggyi,MMK,False
TXN-20240102-0003674,WALL-0130444,MERCH-00234,PM-01,DEV-01,2024-01-02 17:19:15,19.06,0.0,0.0,1,Success,Subscription,Yangon,MMK,False
TXN-20240102-0003675,WALL-0093146,MERCH-00292,PM-01,DEV-03,2024-01-02 23:40:41,397.93,0.0,31.8344,79,Success,Purchase,Mandalay,MMK,False
TXN-20240102-0003676,WALL-0008677,MERCH-00432,PM-01,DEV-01,2024-01-02 21:10:18,455.54,0.0,0.0,45,Success,Tax Payment,Khon Kaen,THB,False
TXN-20240102-0003677,WALL-0073149,MERCH-00068,PM-02,DEV-02,2024-01-02 14:53:16,23.36,0.0467,0.4673,2,Success,Purchase,Bandung,IDR,False
TXN-20240102-0003678,WALL-0046265,MERCH-00030,PM-03,DEV-01,2024-01-02 12:08:07,30.26,0.2421,0.6051,3,Success,Purchase,Kandy,PKR,False
TXN-20240102-0003679,WALL-0018512,MERCH-00111,PM-01,DEV-01,2024-01-02 02:02:06,25.64,0.0,0.0,2,Success,Purchase,Karachi,THB,False
TXN-20240102-0003680,WALL-0017403,MERCH-00312,PM-01,DEV-01,2024-01-02 06:42:00,124.84,0.0,0.0,12,Success,Bill Payment,Myitkyina,MMK,False
TXN-20240102-0003681,WALL-0134588,MERCH-00349,PM-02,DEV-05,2024-01-02 12:45:28,23.69,0.0474,0.0,2,Success,Bill Payment,Delhi,INR,False
TXN-20240102-0003682,WALL-0098724,MERCH-00378,PM-01,DEV-02,2024-01-02 16:33:25,79.37,0.0,0.0,7,Success,Purchase,Kathmandu,NPR,False
TXN-20240102-0003683,WALL-0012785,MERCH-00184,PM-02,DEV-02,2024-01-02 18:50:52,132.69,0.2654,6.6344,13,Success,Purchase,Phnom Penh,KHR,False
TXN-20240102-0003684,WALL-0147227,MERCH-00077,PM-01,DEV-03,2024-01-02 21:18:18,19.01,0.0,0.3802,1,Success,Purchase,Pathein,MMK,False
TXN-20240102-0003685,WALL-0143848,MERCH-00113,PM-01,DEV-01,2024-01-02 13:07:13,56.07,0.0,0.0,5,Success,Purchase,Penang,INR,False
TXN-20240102-0003686,WALL-0130631,MERCH-00423,PM-03,DEV-05,2024-01-02 13:40:51,139.94,1.1195,0.0,13,Success,Payment,Bago,MMK,False
TXN-20240102-0003687,WALL-0123067,MERCH-00431,PM-03,DEV-01,2024-01-02 16:05:26,159.31,1.2745,0.0,15,Success,Tax Payment,Myitkyina,MMK,False
TXN-20240102-0003688,WALL-0043035,MERCH-00046,PM-04,DEV-01,2024-01-02 19:09:01,14.05,0.2809,0.2809,1,Success,Purchase,Myitkyina,MMK,False
TXN-20240102-0003689,WALL-0089592,MERCH-00217,PM-01,DEV-01,2024-01-02 13:47:08,8.86,0.0,0.0,0,Success,Purchase,Bago,MMK,False
TXN-20240102-0003690,WALL-0089155,MERCH-00420,PM-02,DEV-01,2024-01-02 00:54:45,53.29,0.1066,0.0,5,Success,Payment,Delhi,THB,False
TXN-20240102-0003691,WALL-0118224,MERCH-00413,PM-01,DEV-01,2024-01-02 23:15:27,254.63,0.0,0.0,25,Success,Payment,Chittagong,BDT,False
TXN-20240102-0003692,WALL-0071943,MERCH-00452,PM-02,DEV-04,2024-01-02 13:48:17,524.28,1.0486,0.0,52,Success,Payment,Pathein,MMK,False
TXN-20240102-0003693,WALL-0100197,MERCH-00194,PM-02,DEV-01,2024-01-02 10:06:40,13.27,0.0265,0.0,1,Success,Purchase,Quezon City,PHP,False
TXN-20240102-0003694,WALL-0107801,MERCH-00442,PM-02,DEV-01,2024-01-02 19:23:01,149.57,0.2991,0.0,14,Success,Tax Payment,Quezon City,IDR,False
TXN-20240102-0003695,WALL-0068896,MERCH-00172,PM-03,DEV-02,2024-01-02 11:29:49,120.04,0.9603,6.0019,12,Success,Purchase,Siem Reap,KHR,False
TXN-20240102-0003696,WALL-0138510,MERCH-00012,PM-03,DEV-01,2024-01-02 13:00:01,60.0,0.48,1.2,6,Success,Purchase,Phuket,LKR,False
TXN-20240102-0003697,WALL-0084786,MERCH-00087,PM-03,DEV-01,2024-01-02 07:30:32,200.0,1.6,0.0,20,Success,Purchase,Pathein,MMK,False
TXN-20240102-0003698,WALL-0117125,MERCH-00256,PM-03,DEV-02,2024-01-02 16:28:56,19.57,0.1565,0.0,1,Success,Subscription,Chittagong,BDT,False
TXN-20240102-0003699,WALL-0062619,MERCH-00069,PM-01,DEV-01,2024-01-02 19:46:30,26.61,0.0,0.5323,2,Success,Purchase,Pathein,MMK,False
TXN-20240102-0003700,WALL-0087225,MERCH-00002,PM-03,DEV-01,2024-01-02 15:15:10,66.97,0.5357,1.3394,6,Success,Purchase,Pattaya,THB,False
TXN-20240102-0003701,WALL-0143745,MERCH-00282,PM-04,DEV-05,2024-01-02 07:28:42,647.29,12.9458,51.7833,129,Success,Purchase,Bandung,IDR,False
TXN-20240102-0003702,WALL-0080953,MERCH-00063,PM-01,DEV-02,2024-01-02 11:18:47,20.52,0.0,0.4104,2,Success,Purchase,Jaipur,INR,False
TXN-20240102-0003703,WALL-0066564,MERCH-00347,PM-01,DEV-02,2024-01-02 19:02:47,24.17,0.0,0.0,2,Success,Bill Payment,Cebu City,PHP,False
TXN-20240102-0003704,WALL-0066459,MERCH-00028,PM-03,DEV-01,2024-01-02 18:28:23,23.96,0.1917,0.4792,2,Success,Purchase,Pathein,MMK,False
TXN-20240102-0003705,WALL-0107587,MERCH-00115,PM-04,DEV-01,2024-01-02 17:58:21,88.61,1.7723,0.0,8,Success,Purchase,Pathein,MMK,False
TXN-20240102-0003706,WALL-0028568,MERCH-00170,PM-02,DEV-02,2024-01-02 10:57:49,178.37,0.3567,8.9184,17,Success,Purchase,Hanoi,VND,False
TXN-20240102-0003707,WALL-0147478,MERCH-00118,PM-01,DEV-02,2024-01-02 16:26:26,159.97,0.0,0.0,15,Success,Purchase,Yangon,MMK,False
TXN-20240102-0003708,WALL-0009734,MERCH-00147,PM-01,DEV-03,2024-01-02 05:52:40,39.15,0.0,1.9577,3,Success,Purchase,Naypyidaw,MMK,False
TXN-20240102-0003709,WALL-0019549,MERCH-00080,PM-01,DEV-01,2024-01-02 13:02:46,13.73,0.0,0.2746,1,Success,Purchase,Surabaya,IDR,False
TXN-20240102-0003710,WALL-0105107,MERCH-00335,PM-02,DEV-01,2024-01-02 23:36:50,144.26,0.2885,0.0,14,Success,Bill Payment,Phnom Penh,KHR,False
TXN-20240102-0003711,WALL-0013395,MERCH-00168,PM-03,DEV-03,2024-01-02 17:22:46,81.52,0.6522,4.0761,8,Success,Purchase,Karachi,PKR,False
TXN-20240102-0003712,WALL-0030803,MERCH-00098,PM-03,DEV-01,2024-01-02 17:58:05,330.0,2.64,0.0,33,Success,Purchase,Colombo,LKR,False
TXN-20240102-0003713,WALL-0114076,MERCH-00400,PM-02,DEV-01,2024-01-02 17:12:44,58.62,0.1172,0.0,5,Success,Purchase,Pathein,MMK,False
TXN-20240102-0003714,WALL-0116035,MERCH-00098,PM-03,DEV-01,2024-01-02 18:42:00,70.21,0.5617,0.0,7,Success,Purchase,Johor Bahru,MMK,False
TXN-20240102-0003715,WALL-0047458,MERCH-00304,PM-01,DEV-03,2024-01-02 20:09:43,226.39,0.0,18.1113,45,Success,Purchase,Taunggyi,MMK,False
TXN-20240102-0003716,WALL-0101559,MERCH-00026,PM-05,DEV-01,2024-01-02 21:16:45,12.44,0.0,0.2487,1,Success,Purchase,Surabaya,IDR,False
TXN-20240102-0003717,WALL-0081616,MERCH-00425,PM-01,DEV-02,2024-01-02 19:43:20,167.56,0.0,0.0,16,Success,Payment,Chennai,INR,False
TXN-20240102-0003718,WALL-0031259,MERCH-00006,PM-02,DEV-01,2024-01-02 14:08:19,26.59,0.0532,0.5317,2,Success,Purchase,Karachi,PKR,False
TXN-20240102-0003719,WALL-0142163,MERCH-00335,PM-04,DEV-01,2024-01-02 12:52:32,340.29,6.8057,0.0,34,Success,Bill Payment,Naypyidaw,MMK,False
TXN-20240102-0003720,WALL-0043311,MERCH-00313,PM-02,DEV-03,2024-01-02 16:14:33,124.8,0.2496,0.0,12,Success,Bill Payment,Siem Reap,KHR,False
TXN-20240102-0003721,WALL-0039564,MERCH-00412,PM-04,DEV-02,2024-01-02 15:18:43,558.12,11.1623,0.0,55,Success,Payment,Mandalay,MMK,False
TXN-20240102-0003722,WALL-0078442,MERCH-00217,PM-01,DEV-04,2024-01-02 12:44:32,25.39,0.0,0.0,2,Success,Purchase,Naypyidaw,MMK,False
TXN-20240102-0003723,WALL-0002131,MERCH-00011,PM-01,DEV-01,2024-01-02 18:46:50,11.09,0.0,0.2218,1,Success,Purchase,Yangon,MMK,False
TXN-20240102-0003724,WALL-0084412,MERCH-00230,PM-01,DEV-05,2024-01-02 07:07:53,30.14,0.0,0.0,3,Success,Purchase,Yangon,MMK,False
TXN-20240102-0003725,WALL-0005548,MERCH-00215,PM-02,DEV-01,2024-01-02 00:24:47,11.43,0.0229,0.0,1,Success,Purchase,Karachi,PKR,False
TXN-20240102-0003726,WALL-0116254,MERCH-00392,PM-01,DEV-03,2024-01-02 18:59:51,23.12,0.0,0.0,2,Success,Purchase,Chiang Mai,THB,False
TXN-20240102-0003727,WALL-0102636,MERCH-00379,PM-04,DEV-01,2024-01-02 14:07:02,43.11,0.8621,0.0,4,Success,Purchase,Medan,IDR,False
TXN-20240102-0003728,WALL-0057670,MERCH-00378,PM-02,DEV-02,2024-01-02 00:19:35,30.37,0.0607,0.0,3,Success,Purchase,Quezon City,PHP,False
TXN-20240102-0003729,WALL-0134594,MERCH-00246,PM-01,DEV-01,2024-01-02 20:33:04,11.3,0.0,0.0,1,Success,Subscription,Ahmedabad,INR,False
TXN-20240102-0003730,WALL-0084232,MERCH-00024,PM-01,DEV-03,2024-01-02 19:04:42,60.0,0.0,1.2,6,Success,Purchase,Pattaya,THB,False
TXN-20240102-0003731,WALL-0142617,MERCH-00046,PM-01,DEV-02,2024-01-02 20:19:16,20.54,0.0,0.4108,2,Success,Purchase,Bangkok,THB,False
TXN-20240102-0003732,WALL-0041921,MERCH-00123,PM-01,DEV-01,2024-01-02 12:46:21,88.97,0.0,0.0,8,Success,Purchase,Pathein,MMK,False
TXN-20240102-0003733,WALL-0037856,MERCH-00096,PM-01,DEV-01,2024-01-02 16:43:42,93.21,0.0,0.0,9,Success,Purchase,Yangon,MMK,False
TXN-20240102-0003734,WALL-0023794,MERCH-00162,PM-05,DEV-01,2024-01-02 21:07:00,20.0,0.0,1.0,2,Success,Purchase,Pathein,MMK,False
TXN-20240102-0003735,WALL-0025937,MERCH-00185,PM-03,DEV-01,2024-01-02 16:56:12,86.34,0.6907,4.3168,8,Success,Purchase,Kathmandu,NPR,False
TXN-20240102-0003736,WALL-0005008,MERCH-00354,PM-01,DEV-01,2024-01-02 13:20:06,81.92,0.0,0.0,8,Success,Bill Payment,Yangon,MMK,False
TXN-20240102-0003737,WALL-0111862,MERCH-00378,PM-02,DEV-01,2024-01-02 19:40:48,198.0,0.396,0.0,19,Success,Purchase,Khon Kaen,MMK,False
TXN-20240102-0003738,WALL-0002248,MERCH-00162,PM-04,DEV-04,2024-01-02 10:53:43,49.92,0.9983,2.4958,4,Success,Purchase,Phnom Penh,KHR,False
TXN-20240102-0003739,WALL-0029721,MERCH-00119,PM-01,DEV-05,2024-01-02 13:33:10,48.02,0.0,0.0,4,Success,Purchase,Naypyidaw,MMK,False
TXN-20240102-0003740,WALL-0020352,MERCH-00362,PM-01,DEV-01,2024-01-02 22:09:04,26.52,0.0,0.0,2,Success,Bill Payment,Mawlamyine,MMK,False
TXN-20240102-0003741,WALL-0004078,MERCH-00138,PM-03,DEV-02,2024-01-02 07:40:20,248.91,1.9913,12.4454,24,Success,Purchase,Naypyidaw,MMK,False
TXN-20240102-0003742,WALL-0085472,MERCH-00025,PM-02,DEV-01,2024-01-02 00:29:03,22.53,0.0451,0.4506,2,Success,Purchase,Naypyidaw,MMK,False
TXN-20240102-0003743,WALL-0066466,MERCH-00137,PM-03,DEV-01,2024-01-02 14:26:11,20.0,0.16,1.0,2,Success,Purchase,Yangon,MMK,False
TXN-20240102-0003744,WALL-0039045,MERCH-00410,PM-03,DEV-03,2024-01-02 15:57:03,130.98,1.0479,0.0,13,Success,Payment,Taunggyi,MMK,False
TXN-20240102-0003745,WALL-0114162,MERCH-00183,PM-03,DEV-05,2024-01-02 06:36:48,81.84,0.6547,4.0922,8,Success,Purchase,Delhi,INR,False
TXN-20240102-0003746,WALL-0118557,MERCH-00336,PM-01,DEV-02,2024-01-02 09:18:18,89.35,0.0,0.0,8,Success,Bill Payment,Bago,MMK,False
TXN-20240102-0003747,WALL-0087450,MERCH-00102,PM-03,DEV-01,2024-01-02 13:24:47,67.3,0.5384,0.0,6,Success,Purchase,Ho Chi Minh City,VND,False
TXN-20240102-0003748,WALL-0119429,MERCH-00382,PM-02,DEV-01,2024-01-02 21:37:56,75.12,0.1502,0.0,7,Success,Purchase,Islamabad,MMK,False
TXN-20240102-0003749,WALL-0011520,MERCH-00346,PM-02,DEV-02,2024-01-02 21:07:01,48.15,0.0963,0.0,4,Success,Bill Payment,Islamabad,PKR,False
TXN-20240102-0003750,WALL-0092066,MERCH-00090,PM-04,DEV-01,2024-01-02 15:55:57,19.3,0.3859,0.0,1,Success,Purchase,Davao,PHP,False
TXN-20240102-0003751,WALL-0125316,MERCH-00295,PM-01,DEV-01,2024-01-02 20:34:59,1374.79,0.0,109.9832,274,Success,Purchase,Pokhara,NPR,False
TXN-20240102-0003752,WALL-0053090,MERCH-00177,PM-01,DEV-01,2024-01-02 21:44:16,129.44,0.0,6.4722,12,Success,Purchase,Manila,PHP,False
TXN-20240102-0003753,WALL-0066054,MERCH-00427,PM-04,DEV-04,2024-01-02 15:49:24,664.34,13.2869,0.0,66,Success,Payment,Lahore,PKR,False
TXN-20240102-0003754,WALL-0044895,MERCH-00068,PM-01,DEV-01,2024-01-02 12:21:57,5.0,0.0,0.1,0,Success,Purchase,Chennai,MMK,False
TXN-20240102-0003755,WALL-0013234,MERCH-00324,PM-01,DEV-03,2024-01-02 13:02:46,356.08,0.0,0.0,35,Success,Bill Payment,Myitkyina,PKR,False
TXN-20240102-0003756,WALL-0142689,MERCH-00161,PM-03,DEV-01,2024-01-02 20:50:29,339.03,2.7122,16.9514,33,Success,Purchase,Mawlamyine,MMK,False
TXN-20240102-0003757,WALL-0059916,MERCH-00442,PM-02,DEV-01,2024-01-02 18:16:53,50.0,0.1,0.0,5,Success,Tax Payment,Bangkok,THB,False
TXN-20240102-0003758,WALL-0038618,MERCH-00030,PM-01,DEV-04,2024-01-02 18:52:43,33.71,0.0,0.6742,3,Success,Purchase,Mandalay,MMK,False
TXN-20240102-0003759,WALL-0042469,MERCH-00358,PM-02,DEV-03,2024-01-02 05:21:42,28.81,0.0576,0.0,2,Success,Bill Payment,Islamabad,MMK,False
TXN-20240102-0003760,WALL-0051693,MERCH-00461,PM-04,DEV-01,2024-01-02 15:00:16,409.72,8.1944,0.0,0,Reversed,Payment,Surabaya,IDR,False
TXN-20240102-0003761,WALL-0023805,MERCH-00025,PM-01,DEV-01,2024-01-02 14:31:11,32.76,0.0,0.6551,3,Success,Purchase,Siem Reap,KHR,False
TXN-20240102-0003762,WALL-0121376,MERCH-00049,PM-02,DEV-05,2024-01-02 15:42:36,39.3,0.0786,0.786,3,Success,Purchase,Pokhara,NPR,False
TXN-20240102-0003763,WALL-0140490,MERCH-00211,PM-02,DEV-01,2024-01-02 12:06:21,23.07,0.0461,0.0,2,Success,Purchase,Colombo,LKR,False
TXN-20240102-0003764,WALL-0109874,MERCH-00135,PM-01,DEV-01,2024-01-02 17:17:52,291.98,0.0,14.5988,29,Success,Purchase,Quezon City,MMK,False
TXN-20240102-0003765,WALL-0071460,MERCH-00039,PM-02,DEV-01,2024-01-02 18:47:17,9.15,0.0183,0.1829,0,Success,Purchase,Mumbai,MMK,False
TXN-20240102-0003766,WALL-0040982,MERCH-00094,PM-02,DEV-03,2024-01-02 21:56:43,31.9,0.0638,0.0,3,Success,Purchase,Cebu City,PHP,False
TXN-20240102-0003767,WALL-0123088,MERCH-00373,PM-02,DEV-04,2024-01-02 14:08:23,84.06,0.1681,0.0,8,Success,Purchase,Kandy,LKR,False
TXN-20240102-0003768,WALL-0026495,MERCH-00270,PM-02,DEV-01,2024-01-02 18:02:38,29.25,0.0585,0.0,2,Success,Subscription,Naypyidaw,MMK,False
TXN-20240102-0003769,WALL-0106346,MERCH-00207,PM-04,DEV-01,2024-01-02 07:49:14,14.93,0.2986,0.0,1,Success,Purchase,Bago,MMK,False
TXN-20240102-0003770,WALL-0053540,MERCH-00284,PM-02,DEV-01,2024-01-02 06:49:31,4059.08,8.1182,324.7262,811,Success,Purchase,Pathein,MMK,False
TXN-20240102-0003771,WALL-0101613,MERCH-00042,PM-05,DEV-02,2024-01-02 17:39:10,10.83,0.0,0.2166,1,Success,Purchase,Khon Kaen,THB,False
TXN-20240102-0003772,WALL-0046048,MERCH-00209,PM-04,DEV-05,2024-01-02 10:57:20,15.77,0.3153,0.0,1,Success,Purchase,Ho Chi Minh City,VND,False
TXN-20240102-0003773,WALL-0029868,MERCH-00026,PM-01,DEV-01,2024-01-02 21:02:25,21.15,0.0,0.423,2,Success,Purchase,Taunggyi,MMK,False
TXN-20240102-0003774,WALL-0098428,MERCH-00401,PM-02,DEV-01,2024-01-02 10:59:29,275.69,0.5514,0.0,27,Success,Payment,Myitkyina,MMK,False
TXN-20240102-0003775,WALL-0122690,MERCH-00192,PM-02,DEV-01,2024-01-02 20:45:15,8.54,0.0171,0.0,0,Success,Purchase,Jakarta,IDR,False
TXN-20240102-0003776,WALL-0143402,MERCH-00222,PM-01,DEV-03,2024-01-02 19:10:24,13.09,0.0,0.0,1,Success,Purchase,Naypyidaw,MMK,False
TXN-20240102-0003777,WALL-0086689,MERCH-00153,PM-02,DEV-05,2024-01-02 20:50:09,28.23,0.0565,1.4117,2,Success,Purchase,Kuala Lumpur,MYR,False
TXN-20240102-0003778,WALL-0106789,MERCH-00183,PM-01,DEV-02,2024-01-02 15:58:23,425.87,0.0,21.2934,42,Success,Purchase,Mawlamyine,MMK,False
TXN-20240102-0003779,WALL-0003724,MERCH-00217,PM-03,DEV-01,2024-01-02 05:42:12,8.82,0.0705,0.0,0,Success,Purchase,Mawlamyine,MMK,False
TXN-20240102-0003780,WALL-0026493,MERCH-00319,PM-02,DEV-01,2024-01-02 21:53:35,40.01,0.08,0.0,4,Success,Bill Payment,Pokhara,NPR,False
TXN-20240102-0003781,WALL-0144976,MERCH-00440,PM-02,DEV-01,2024-01-02 15:52:30,816.72,1.6334,0.0,81,Success,Tax Payment,Manila,PHP,False
TXN-20240102-0003782,WALL-0011786,MERCH-00223,PM-01,DEV-01,2024-01-02 10:55:50,12.75,0.0,0.0,1,Success,Purchase,Hanoi,VND,False
TXN-20240102-0003783,WALL-0015096,MERCH-00171,PM-04,DEV-03,2024-01-02 20:21:24,270.05,5.4011,13.5027,27,Success,Purchase,Taunggyi,MMK,False
TXN-20240102-0003784,WALL-0024723,MERCH-00027,PM-02,DEV-03,2024-01-02 13:59:41,17.79,0.0356,0.3557,1,Success,Purchase,Mandalay,MMK,False
TXN-20240102-0003785,WALL-0013931,MERCH-00236,PM-02,DEV-01,2024-01-02 15:46:39,20.99,0.042,0.0,2,Success,Subscription,Chennai,INR,False
TXN-20240102-0003786,WALL-0064443,MERCH-00374,PM-04,DEV-01,2024-01-02 08:56:30,87.66,1.7531,0.0,8,Success,Purchase,Hanoi,VND,False
TXN-20240102-0003787,WALL-0111250,MERCH-00370,PM-01,DEV-03,2024-01-02 18:05:48,23.01,0.0,0.0,2,Success,Bill Payment,Surabaya,IDR,False
TXN-20240102-0003788,WALL-0090392,MERCH-00301,PM-02,DEV-01,2024-01-02 12:46:38,140.43,0.2809,11.2342,28,Success,Purchase,Mandalay,MMK,False
TXN-20240102-0003789,WALL-0016546,MERCH-00333,PM-01,DEV-01,2024-01-02 23:38:54,164.51,0.0,0.0,16,Success,Bill Payment,Mandalay,MMK,False
TXN-20240102-0003790,WALL-0099083,MERCH-00341,PM-01,DEV-02,2024-01-02 17:30:47,27.95,0.0,0.0,2,Success,Bill Payment,Surabaya,IDR,False
TXN-20240102-0003791,WALL-0132061,MERCH-00046,PM-01,DEV-01,2024-01-02 18:55:46,12.86,0.0,0.2572,1,Success,Purchase,Pathein,MMK,False
TXN-20240102-0003792,WALL-0149044,MERCH-00102,PM-02,DEV-01,2024-01-02 11:27:00,68.24,0.1365,0.0,6,Success,Purchase,Phuket,THB,False
TXN-20240102-0003793,WALL-0144141,MERCH-00211,PM-01,DEV-01,2024-01-02 14:25:00,17.38,0.0,0.0,1,Success,Purchase,Kolkata,INR,False
TXN-20240102-0003794,WALL-0075151,MERCH-00005,PM-02,DEV-05,2024-01-02 22:14:52,23.51,0.047,0.4702,2,Success,Purchase,Yangon,MMK,False
TXN-20240102-0003795,WALL-0112209,MERCH-00007,PM-02,DEV-04,2024-01-02 21:18:15,11.65,0.0233,0.2331,1,Success,Purchase,Medan,IDR,False
TXN-20240102-0003796,WALL-0072061,MERCH-00154,PM-04,DEV-01,2024-01-02 08:43:16,75.51,1.5102,3.7756,7,Success,Purchase,Khon Kaen,THB,False
TXN-20240102-0003797,WALL-0144382,MERCH-00089,PM-05,DEV-01,2024-01-02 07:16:23,66.84,0.0,0.0,6,Success,Purchase,Bago,MMK,False
TXN-20240102-0003798,WALL-0031028,MERCH-00302,PM-01,DEV-01,2024-01-02 14:32:42,1020.09,0.0,81.6071,204,Success,Purchase,Mawlamyine,MMK,False
TXN-20240102-0003799,WALL-0029627,MERCH-00500,PM-03,DEV-01,2024-01-02 21:26:43,2072.8,16.5824,0.0,207,Success,Payment,Kathmandu,NPR,False
TXN-20240102-0003800,WALL-0137672,MERCH-00086,PM-04,DEV-02,2024-01-02 21:47:30,17.17,0.3434,0.0,1,Success,Purchase,Ho Chi Minh City,VND,False
TXN-20240102-0003801,WALL-0098641,MERCH-00383,PM-01,DEV-01,2024-01-02 13:23:53,46.83,0.0,0.0,4,Success,Purchase,Quezon City,PHP,False
TXN-20240102-0003802,WALL-0043416,MERCH-00080,PM-01,DEV-05,2024-01-02 16:03:40,33.76,0.0,0.6753,3,Success,Purchase,Bali,LKR,False
TXN-20240102-0003803,WALL-0117816,MERCH-00364,PM-02,DEV-02,2024-01-02 03:51:50,46.21,0.0924,0.0,4,Success,Bill Payment,Naypyidaw,MMK,False
TXN-20240102-0003804,WALL-0098548,MERCH-00189,PM-02,DEV-02,2024-01-02 21:59:46,27.97,0.0559,1.3986,2,Success,Purchase,Phnom Penh,KHR,False
TXN-20240102-0003805,WALL-0018297,MERCH-00442,PM-02,DEV-01,2024-01-02 19:40:53,148.76,0.2975,0.0,14,Success,Tax Payment,Taunggyi,MMK,False
TXN-20240102-0003806,WALL-0083454,MERCH-00094,PM-01,DEV-05,2024-01-02 03:24:05,130.19,0.0,0.0,13,Success,Purchase,Chittagong,MMK,False
TXN-20240102-0003807,WALL-0057999,MERCH-00028,PM-04,DEV-02,2024-01-02 18:21:11,25.81,0.5162,0.5162,2,Success,Purchase,Myitkyina,MMK,False
TXN-20240102-0003808,WALL-0010581,MERCH-00338,PM-01,DEV-01,2024-01-02 07:35:06,96.68,0.0,0.0,9,Success,Bill Payment,Bali,IDR,False
TXN-20240102-0003809,WALL-0008897,MERCH-00074,PM-03,DEV-01,2024-01-02 20:37:44,15.49,0.1239,0.3098,1,Success,Purchase,Colombo,LKR,False
TXN-20240102-0003810,WALL-0128459,MERCH-00068,PM-02,DEV-03,2024-01-02 13:06:07,10.17,0.0203,0.2035,1,Success,Purchase,Manila,PHP,False
TXN-20240102-0003811,WALL-0148962,MERCH-00138,PM-02,DEV-04,2024-01-02 18:01:27,20.54,0.0411,1.027,2,Success,Purchase,Chittagong,SGD,False
TXN-20240102-0003812,WALL-0122274,MERCH-00439,PM-02,DEV-01,2024-01-02 21:32:30,61.58,0.1232,0.0,6,Success,Tax Payment,Chiang Mai,THB,False
TXN-20240102-0003813,WALL-0027060,MERCH-00033,PM-02,DEV-01,2024-01-02 12:31:04,6.67,0.0133,0.1335,0,Success,Purchase,Quezon City,PHP,False
TXN-20240102-0003814,WALL-0072832,MERCH-00111,PM-03,DEV-01,2024-01-02 23:05:35,82.77,0.6621,0.0,8,Success,Purchase,Mandalay,MMK,False
TXN-20240102-0003815,WALL-0123991,MERCH-00038,PM-03,DEV-01,2024-01-02 19:55:51,26.88,0.215,0.5376,2,Success,Purchase,Pathein,MMK,False
TXN-20240102-0003816,WALL-0116368,MERCH-00210,PM-01,DEV-01,2024-01-02 10:48:38,14.75,0.0,0.0,1,Success,Purchase,Delhi,INR,False
TXN-20240102-0003817,WALL-0139558,MERCH-00083,PM-01,DEV-03,2024-01-02 08:09:50,42.5,0.0,0.0,4,Success,Purchase,Myitkyina,MMK,False
TXN-20240102-0003818,WALL-0134221,MERCH-00442,PM-03,DEV-05,2024-01-02 20:46:53,166.15,1.3292,0.0,16,Success,Tax Payment,Naypyidaw,MMK,False
TXN-20240102-0003819,WALL-0007569,MERCH-00044,PM-01,DEV-01,2024-01-02 12:49:27,16.27,0.0,0.3253,1,Success,Purchase,Singapore,SGD,False
TXN-20240102-0003820,WALL-0119357,MERCH-00074,PM-03,DEV-01,2024-01-02 19:12:34,42.0,0.336,0.84,4,Success,Purchase,Colombo,LKR,False
TXN-20240102-0003821,WALL-0013951,MERCH-00093,PM-04,DEV-01,2024-01-02 12:15:57,246.75,4.935,0.0,24,Success,Purchase,Lahore,PKR,False
TXN-20240102-0003822,WALL-0003027,MERCH-00148,PM-01,DEV-01,2024-01-02 17:02:02,20.0,0.0,1.0,2,Success,Purchase,Siem Reap,KHR,False
TXN-20240102-0003823,WALL-0037916,MERCH-00047,PM-01,DEV-01,2024-01-02 12:14:14,8.07,0.0,0.1614,0,Success,Purchase,Pathein,MMK,False
TXN-20240102-0003824,WALL-0075933,MERCH-00125,PM-02,DEV-01,2024-01-02 12:44:13,52.33,0.1047,0.0,5,Success,Purchase,Taunggyi,MMK,False
TXN-20240102-0003825,WALL-0060366,MERCH-00201,PM-05,DEV-01,2024-01-02 11:34:41,12.19,0.0,0.0,1,Success,Purchase,Myitkyina,MMK,False
TXN-20240102-0003826,WALL-0125417,MERCH-00003,PM-03,DEV-03,2024-01-02 19:18:30,18.51,0.1481,0.3701,1,Success,Purchase,Mawlamyine,MMK,False
TXN-20240102-0003827,WALL-0058592,MERCH-00145,PM-03,DEV-01,2024-01-02 16:06:13,74.62,0.597,3.7311,7,Success,Purchase,Pattaya,THB,False
TXN-20240102-0003828,WALL-0059949,MERCH-00154,PM-02,DEV-02,2024-01-02 15:01:48,82.46,0.1649,4.123,8,Success,Purchase,Colombo,MMK,False
TXN-20240102-0003829,WALL-0132708,MERCH-00396,PM-02,DEV-01,2024-01-02 00:48:34,51.29,0.1026,0.0,5,Success,Purchase,Naypyidaw,MMK,False
TXN-20240102-0003830,WALL-0023051,MERCH-00442,PM-03,DEV-05,2024-01-02 20:32:56,106.3,0.8504,0.0,10,Success,Tax Payment,Davao,MMK,False
TXN-20240102-0003831,WALL-0132514,MERCH-00052,PM-04,DEV-01,2024-01-02 18:38:33,26.77,0.5353,0.0,0,Failed,Purchase,Mandalay,INR,False
TXN-20240102-0003832,WALL-0041118,MERCH-00026,PM-04,DEV-01,2024-01-02 13:02:19,34.69,0.6939,0.6939,3,Success,Purchase,Yangon,MMK,False
TXN-20240102-0003833,WALL-0070678,MERCH-00047,PM-04,DEV-01,2024-01-02 12:24:55,24.79,0.4957,0.4957,2,Success,Purchase,Cebu City,PHP,False
TXN-20240102-0003834,WALL-0034672,MERCH-00415,PM-03,DEV-02,2024-01-02 13:13:32,361.18,2.8894,0.0,36,Success,Payment,Myitkyina,MMK,False
TXN-20240102-0003835,WALL-0027737,MERCH-00047,PM-03,DEV-02,2024-01-02 01:23:51,16.98,0.1359,0.3396,1,Success,Purchase,Chittagong,BDT,False
TXN-20240102-0003836,WALL-0067450,MERCH-00428,PM-01,DEV-01,2024-01-02 09:07:52,180.58,0.0,0.0,18,Success,Payment,Kuala Lumpur,NPR,False
TXN-20240102-0003837,WALL-0094081,MERCH-00266,PM-01,DEV-03,2024-01-02 19:55:49,10.73,0.0,0.0,1,Success,Subscription,Islamabad,PKR,False
TXN-20240102-0003838,WALL-0062544,MERCH-00396,PM-01,DEV-01,2024-01-02 18:47:19,46.5,0.0,0.0,4,Success,Purchase,Kolkata,INR,False
TXN-20240102-0003839,WALL-0077879,MERCH-00338,PM-02,DEV-02,2024-01-02 21:41:56,45.91,0.0918,0.0,4,Success,Bill Payment,Penang,NPR,False
TXN-20240102-0003840,WALL-0080694,MERCH-00210,PM-03,DEV-01,2024-01-02 23:14:51,6.5,0.052,0.0,0,Success,Purchase,Jaipur,INR,False
TXN-20240102-0003841,WALL-0099291,MERCH-00181,PM-02,DEV-04,2024-01-02 09:46:12,25.51,0.051,1.2756,2,Success,Purchase,Siem Reap,KHR,False
TXN-20240102-0003842,WALL-0120674,MERCH-00176,PM-02,DEV-04,2024-01-02 19:22:05,147.35,0.2947,7.3673,14,Success,Purchase,Johor Bahru,MYR,False
TXN-20240102-0003843,WALL-0049770,MERCH-00332,PM-03,DEV-02,2024-01-02 15:10:40,51.58,0.4126,0.0,5,Success,Bill Payment,Pokhara,NPR,False
TXN-20240102-0003844,WALL-0069334,MERCH-00359,PM-01,DEV-02,2024-01-02 08:08:09,58.08,0.0,0.0,5,Success,Bill Payment,Yangon,MMK,False
TXN-20240102-0003845,WALL-0148338,MERCH-00173,PM-01,DEV-02,2024-01-02 18:16:34,179.99,0.0,8.9995,17,Success,Purchase,Pattaya,THB,False
TXN-20240102-0003846,WALL-0020441,MERCH-00375,PM-02,DEV-01,2024-01-02 17:37:16,175.0,0.35,0.0,17,Success,Purchase,Yangon,MMK,False
TXN-20240102-0003847,WALL-0119420,MERCH-00320,PM-01,DEV-03,2024-01-02 19:25:06,35.39,0.0,0.0,3,Success,Bill Payment,Manila,PHP,False
TXN-20240102-0003848,WALL-0081928,MERCH-00095,PM-01,DEV-01,2024-01-02 08:44:25,40.61,0.0,0.0,4,Success,Purchase,Mandalay,MMK,False
TXN-20240102-0003849,WALL-0099997,MERCH-00095,PM-01,DEV-03,2024-01-02 18:03:00,145.14,0.0,0.0,0,Failed,Purchase,Colombo,MMK,False
TXN-20240102-0003850,WALL-0100240,MERCH-00341,PM-03,DEV-01,2024-01-02 14:30:58,19.05,0.1524,0.0,1,Success,Bill Payment,Surabaya,IDR,False
TXN-20240102-0003851,WALL-0073442,MERCH-00166,PM-01,DEV-05,2024-01-02 19:08:09,223.96,0.0,11.198,22,Success,Purchase,Bago,MMK,False
TXN-20240102-0003852,WALL-0126497,MERCH-00004,PM-01,DEV-01,2024-01-02 15:32:39,22.14,0.0,0.4428,2,Success,Purchase,Taunggyi,MMK,False
TXN-20240102-0003853,WALL-0019625,MERCH-00251,PM-04,DEV-01,2024-01-02 20:32:38,31.12,0.6224,0.0,3,Success,Subscription,Karachi,MMK,False
TXN-20240102-0003854,WALL-0139124,MERCH-00049,PM-02,DEV-01,2024-01-02 14:56:32,13.18,0.0264,0.2636,1,Success,Purchase,Yangon,MMK,False
TXN-20240102-0003855,WALL-0041227,MERCH-00389,PM-01,DEV-01,2024-01-02 15:02:23,51.66,0.0,0.0,5,Success,Purchase,Khon Kaen,THB,False
TXN-20240102-0003856,WALL-0016364,MERCH-00068,PM-02,DEV-02,2024-01-02 06:57:50,11.62,0.0232,0.2325,1,Success,Purchase,Cebu City,PHP,False
TXN-20240102-0003857,WALL-0094076,MERCH-00091,PM-01,DEV-01,2024-01-02 15:40:08,26.99,0.0,0.0,2,Success,Purchase,Surabaya,IDR,False
TXN-20240102-0003858,WALL-0019998,MERCH-00202,PM-05,DEV-02,2024-01-02 19:07:31,15.44,0.0,0.0,1,Success,Purchase,Taunggyi,MMK,False
TXN-20240102-0003859,WALL-0088043,MERCH-00410,PM-02,DEV-02,2024-01-02 20:18:10,45.87,0.0917,0.0,4,Success,Payment,Kathmandu,NPR,False
TXN-20240102-0003860,WALL-0029955,MERCH-00219,PM-01,DEV-01,2024-01-02 18:20:09,27.0,0.0,0.0,2,Success,Purchase,Bangalore,INR,False
TXN-20240102-0003861,WALL-0111249,MERCH-00063,PM-05,DEV-01,2024-01-02 17:50:24,97.3,0.0,1.9459,9,Success,Purchase,Bago,MMK,False
TXN-20240102-0003862,WALL-0023476,MERCH-00079,PM-01,DEV-01,2024-01-02 17:58:05,50.84,0.0,1.0169,5,Success,Purchase,Chittagong,BDT,False
TXN-20240102-0003863,WALL-0110399,MERCH-00089,PM-04,DEV-03,2024-01-02 03:48:29,166.72,3.3344,0.0,16,Success,Purchase,Cebu City,IDR,False
TXN-20240102-0003864,WALL-0058906,MERCH-00269,PM-02,DEV-05,2024-01-02 18:22:46,23.75,0.0475,0.0,2,Success,Subscription,Islamabad,PKR,False
TXN-20240102-0003865,WALL-0013539,MERCH-00060,PM-02,DEV-02,2024-01-02 07:14:21,5.32,0.0106,0.1064,0,Success,Purchase,Chiang Mai,THB,False
TXN-20240102-0003866,WALL-0065356,MERCH-00201,PM-01,DEV-01,2024-01-02 15:28:08,17.14,0.0,0.0,1,Success,Purchase,Mawlamyine,MMK,False
TXN-20240102-0003867,WALL-0069940,MERCH-00077,PM-03,DEV-01,2024-01-02 08:17:18,66.25,0.53,1.3249,6,Success,Purchase,Pathein,MMK,False
TXN-20240102-0003868,WALL-0139248,MERCH-00028,PM-01,DEV-05,2024-01-02 20:32:31,32.8,0.0,0.656,3,Success,Purchase,Kandy,LKR,False
TXN-20240102-0003869,WALL-0021666,MERCH-00204,PM-05,DEV-02,2024-01-02 00:35:11,5.61,0.0,0.0,0,Success,Purchase,Yangon,MMK,False
TXN-20240102-0003870,WALL-0071591,MERCH-00077,PM-04,DEV-01,2024-01-02 20:31:32,12.61,0.2522,0.2522,1,Success,Purchase,Phuket,THB,False
TXN-20240102-0003871,WALL-0101796,MERCH-00057,PM-03,DEV-03,2024-01-02 17:53:37,9.02,0.0722,0.1804,0,Success,Purchase,Naypyidaw,MMK,False
TXN-20240102-0003872,WALL-0142553,MERCH-00123,PM-03,DEV-01,2024-01-02 16:10:23,102.69,0.8216,0.0,10,Success,Purchase,Myitkyina,MMK,False
TXN-20240102-0003873,WALL-0095817,MERCH-00314,PM-02,DEV-02,2024-01-02 00:35:12,80.6,0.1612,0.0,8,Success,Bill Payment,Pokhara,NPR,False
TXN-20240102-0003874,WALL-0130878,MERCH-00278,PM-03,DEV-01,2024-01-02 17:03:23,1017.34,8.1388,81.3876,203,Success,Purchase,Colombo,LKR,False
TXN-20240102-0003875,WALL-0071018,MERCH-00216,PM-01,DEV-01,2024-01-02 05:19:34,17.08,0.0,0.0,1,Success,Purchase,Quezon City,PHP,False
TXN-20240102-0003876,WALL-0148924,MERCH-00269,PM-01,DEV-02,2024-01-02 14:27:03,26.67,0.0,0.0,2,Success,Subscription,Pathein,MMK,False
TXN-20240102-0003877,WALL-0096609,MERCH-00110,PM-01,DEV-01,2024-01-02 12:20:40,74.23,0.0,0.0,7,Success,Purchase,Bangkok,THB,False
TXN-20240102-0003878,WALL-0128711,MERCH-00377,PM-02,DEV-03,2024-01-02 08:16:13,34.46,0.0689,0.0,3,Success,Purchase,Jakarta,IDR,False
TXN-20240102-0003879,WALL-0109681,MERCH-00044,PM-04,DEV-01,2024-01-02 13:33:56,5.34,0.1068,0.1068,0,Success,Purchase,Karachi,PKR,False
TXN-20240102-0003880,WALL-0032283,MERCH-00027,PM-01,DEV-03,2024-01-02 17:41:43,24.78,0.0,0.4957,2,Success,Purchase,Ahmedabad,INR,False
TXN-20240102-0003881,WALL-0034011,MERCH-00010,PM-01,DEV-02,2024-01-02 13:01:57,17.29,0.0,0.3458,1,Success,Purchase,Naypyidaw,MMK,False
TXN-20240102-0003882,WALL-0061753,MERCH-00258,PM-02,DEV-01,2024-01-02 21:16:55,13.03,0.0261,0.0,1,Success,Subscription,Myitkyina,MMK,False
TXN-20240102-0003883,WALL-0053012,MERCH-00072,PM-02,DEV-02,2024-01-02 15:52:15,21.38,0.0428,0.4276,2,Success,Purchase,Mawlamyine,MMK,False
TXN-20240102-0003884,WALL-0018525,MERCH-00452,PM-03,DEV-04,2024-01-02 13:37:01,224.83,1.7987,0.0,22,Success,Payment,Naypyidaw,MMK,False
TXN-20240102-0003885,WALL-0137663,MERCH-00065,PM-03,DEV-05,2024-01-02 12:16:07,8.16,0.0653,0.1632,0,Success,Purchase,Johor Bahru,MYR,False
TXN-20240102-0003886,WALL-0024086,MERCH-00305,PM-01,DEV-03,2024-01-02 21:17:42,2549.38,0.0,203.9506,509,Success,Purchase,Bandung,IDR,False
TXN-20240102-0003887,WALL-0024147,MERCH-00083,PM-01,DEV-05,2024-01-02 13:15:13,27.21,0.0,0.0,2,Success,Purchase,Pune,INR,False
TXN-20240102-0003888,WALL-0024594,MERCH-00350,PM-04,DEV-01,2024-01-02 16:09:31,55.92,1.1183,0.0,5,Success,Bill Payment,Taunggyi,MMK,False
TXN-20240102-0003889,WALL-0087143,MERCH-00036,PM-03,DEV-01,2024-01-02 13:17:05,10.76,0.0861,0.2152,1,Success,Purchase,Myitkyina,MMK,False
TXN-20240102-0003890,WALL-0081637,MERCH-00043,PM-01,DEV-05,2024-01-02 16:37:07,45.6,0.0,0.9119,4,Success,Purchase,Manila,PHP,False
TXN-20240102-0003891,WALL-0075084,MERCH-00351,PM-01,DEV-01,2024-01-02 22:10:29,57.46,0.0,0.0,5,Success,Bill Payment,Mandalay,MMK,False
TXN-20240102-0003892,WALL-0071335,MERCH-00096,PM-01,DEV-01,2024-01-02 20:28:32,48.84,0.0,0.0,4,Success,Purchase,Karachi,PKR,False
TXN-20240102-0003893,WALL-0048814,MERCH-00209,PM-01,DEV-02,2024-01-02 07:43:26,25.37,0.0,0.0,2,Success,Purchase,Bago,MMK,False
TXN-20240102-0003894,WALL-0065129,MERCH-00202,PM-01,DEV-05,2024-01-02 19:05:35,21.13,0.0,0.0,2,Success,Purchase,Penang,SGD,False
TXN-20240102-0003895,WALL-0036568,MERCH-00092,PM-02,DEV-02,2024-01-02 14:09:57,12.71,0.0254,0.0,1,Success,Purchase,Da Nang,MMK,False
TXN-20240102-0003896,WALL-0031710,MERCH-00003,PM-01,DEV-01,2024-01-02 12:27:16,15.47,0.0,0.3095,1,Success,Purchase,Hyderabad,INR,False
TXN-20240102-0003897,WALL-0056313,MERCH-00035,PM-03,DEV-01,2024-01-02 17:18:35,27.79,0.2223,0.5558,2,Success,Purchase,Pathein,MMK,False
TXN-20240102-0003898,WALL-0075981,MERCH-00386,PM-04,DEV-01,2024-01-02 09:11:35,20.0,0.4,0.0,2,Success,Purchase,Bangalore,INR,False
TXN-20240102-0003899,WALL-0111116,MERCH-00057,PM-01,DEV-02,2024-01-02 10:50:48,49.97,0.0,0.9994,4,Success,Purchase,Chiang Mai,MYR,False
TXN-20240102-0003900,WALL-0095411,MERCH-00411,PM-02,DEV-02,2024-01-02 16:51:17,20.0,0.04,0.0,2,Success,Payment,Mandalay,MMK,False
TXN-20240102-0003901,WALL-0033217,MERCH-00257,PM-01,DEV-05,2024-01-02 20:32:20,22.17,0.0,0.0,2,Success,Subscription,Myitkyina,MMK,False
TXN-20240102-0003902,WALL-0008579,MERCH-00392,PM-02,DEV-01,2024-01-02 22:22:17,41.63,0.0833,0.0,4,Success,Purchase,Islamabad,PKR,False
TXN-20240102-0003903,WALL-0012341,MERCH-00233,PM-04,DEV-05,2024-01-02 23:26:41,20.43,0.4087,0.0,2,Success,Subscription,Yangon,MMK,False
TXN-20240102-0003904,WALL-0117600,MERCH-00031,PM-04,DEV-01,2024-01-02 13:11:40,17.41,0.3482,0.3482,1,Success,Purchase,Mawlamyine,MMK,False
TXN-20240102-0003905,WALL-0113284,MERCH-00211,PM-01,DEV-01,2024-01-02 15:10:21,9.83,0.0,0.0,0,Success,Purchase,Bangkok,THB,False
TXN-20240102-0003906,WALL-0040663,MERCH-00149,PM-02,DEV-01,2024-01-02 20:49:38,29.7,0.0594,1.4849,2,Success,Purchase,Da Nang,VND,False
TXN-20240102-0003907,WALL-0011076,MERCH-00114,PM-01,DEV-01,2024-01-02 06:00:40,28.65,0.0,0.0,0,Failed,Purchase,Pattaya,THB,False
TXN-20240102-0003908,WALL-0068470,MERCH-00067,PM-04,DEV-01,2024-01-02 18:37:44,14.05,0.281,0.281,1,Success,Purchase,Mawlamyine,MMK,False
TXN-20240102-0003909,WALL-0101351,MERCH-00221,PM-01,DEV-03,2024-01-02 15:36:29,5.0,0.0,0.0,0,Success,Purchase,Surabaya,IDR,False
TXN-20240102-0003910,WALL-0044313,MERCH-00178,PM-02,DEV-02,2024-01-02 12:20:32,544.97,1.0899,27.2484,54,Success,Purchase,Taunggyi,MMK,False
TXN-20240102-0003911,WALL-0088888,MERCH-00388,PM-01,DEV-03,2024-01-02 14:30:51,27.58,0.0,0.0,2,Success,Purchase,Mawlamyine,MMK,False
TXN-20240102-0003912,WALL-0142159,MERCH-00300,PM-01,DEV-02,2024-01-02 15:28:11,4121.28,0.0,329.7026,824,Success,Purchase,Phnom Penh,KHR,False
TXN-20240102-0003913,WALL-0143353,MERCH-00024,PM-02,DEV-01,2024-01-02 13:59:05,8.77,0.0175,0.1754,0,Success,Purchase,Bangkok,THB,False
TXN-20240102-0003914,WALL-0103419,MERCH-00123,PM-01,DEV-02,2024-01-02 14:52:31,23.95,0.0,0.0,2,Success,Purchase,Myitkyina,MMK,False
TXN-20240102-0003915,WALL-0147020,MERCH-00182,PM-01,DEV-01,2024-01-02 12:30:46,130.76,0.0,6.5379,13,Success,Purchase,Davao,MMK,False
TXN-20240102-0003916,WALL-0057202,MERCH-00198,PM-01,DEV-01,2024-01-02 14:37:13,5.0,0.0,0.0,0,Success,Purchase,Karachi,PKR,False
TXN-20240102-0003917,WALL-0032103,MERCH-00099,PM-01,DEV-01,2024-01-02 14:09:07,116.28,0.0,0.0,11,Success,Purchase,Bandung,INR,False
TXN-20240102-0003918,WALL-0038233,MERCH-00042,PM-01,DEV-02,2024-01-02 21:53:42,10.32,0.0,0.2063,1,Success,Purchase,Bago,MMK,False
TXN-20240102-0003919,WALL-0000195,MERCH-00019,PM-02,DEV-01,2024-01-02 19:31:23,44.32,0.0886,0.8865,4,Success,Purchase,Medan,IDR,False
TXN-20240102-0003920,WALL-0002581,MERCH-00292,PM-04,DEV-05,2024-01-02 13:01:20,170.83,3.4167,13.6667,34,Success,Purchase,Mawlamyine,MMK,False
TXN-20240102-0003921,WALL-0113432,MERCH-00179,PM-01,DEV-01,2024-01-02 05:51:57,275.45,0.0,13.7726,27,Success,Purchase,Taunggyi,MMK,False
TXN-20240102-0003922,WALL-0130741,MERCH-00141,PM-01,DEV-01,2024-01-02 16:13:34,41.39,0.0,2.0696,4,Success,Purchase,Taunggyi,MMK,False
TXN-20240102-0003923,WALL-0082390,MERCH-00183,PM-03,DEV-03,2024-01-02 14:30:15,257.0,2.056,12.8499,25,Success,Purchase,Davao,PHP,False
TXN-20240102-0003924,WALL-0003180,MERCH-00228,PM-03,DEV-02,2024-01-02 13:53:56,24.81,0.1985,0.0,2,Success,Purchase,Naypyidaw,MMK,False
TXN-20240102-0003925,WALL-0070373,MERCH-00442,PM-03,DEV-01,2024-01-02 16:26:03,78.35,0.6268,0.0,7,Success,Tax Payment,Pathein,MMK,False
TXN-20240102-0003926,WALL-0065334,MERCH-00066,PM-01,DEV-01,2024-01-02 15:28:20,20.82,0.0,0.4165,2,Success,Purchase,Yangon,MMK,False
TXN-20240102-0003927,WALL-0140344,MERCH-00450,PM-01,DEV-01,2024-01-02 17:38:00,1412.31,0.0,0.0,141,Success,Tax Payment,Yangon,MMK,False
TXN-20240102-0003928,WALL-0010010,MERCH-00281,PM-03,DEV-04,2024-01-02 19:13:04,1152.09,9.2167,92.1671,230,Success,Purchase,Manila,PHP,False
TXN-20240102-0003929,WALL-0044723,MERCH-00028,PM-02,DEV-01,2024-01-02 18:07:43,23.16,0.0463,0.4632,2,Success,Purchase,Mawlamyine,MMK,False
TXN-20240102-0003930,WALL-0005806,MERCH-00365,PM-02,DEV-01,2024-01-02 06:44:41,56.27,0.1125,0.0,5,Success,Bill Payment,Phnom Penh,KHR,False
TXN-20240102-0003931,WALL-0141029,MERCH-00091,PM-01,DEV-01,2024-01-02 15:13:53,94.8,0.0,0.0,9,Success,Purchase,Cebu City,PHP,False
TXN-20240102-0003932,WALL-0005895,MERCH-00134,PM-05,DEV-01,2024-01-02 08:34:38,76.93,0.0,3.8465,7,Success,Purchase,Islamabad,PKR,False
TXN-20240102-0003933,WALL-0107480,MERCH-00153,PM-01,DEV-05,2024-01-02 13:37:48,56.56,0.0,2.828,5,Success,Purchase,Bago,MMK,False
TXN-20240102-0003934,WALL-0121276,MERCH-00078,PM-03,DEV-01,2024-01-02 20:24:04,13.7,0.1096,0.274,1,Success,Purchase,Myitkyina,MMK,False
TXN-20240102-0003935,WALL-0098942,MERCH-00199,PM-02,DEV-03,2024-01-02 16:21:28,5.0,0.01,0.0,0,Success,Purchase,Yangon,MMK,False
TXN-20240102-0003936,WALL-0018949,MERCH-00044,PM-03,DEV-02,2024-01-02 13:14:10,38.68,0.3095,0.7737,3,Success,Purchase,Islamabad,PKR,False
TXN-20240102-0003937,WALL-0117752,MERCH-00032,PM-01,DEV-04,2024-01-02 16:10:01,36.09,0.0,0.7219,3,Success,Purchase,Pathein,MMK,False
TXN-20240102-0003938,WALL-0087025,MERCH-00038,PM-02,DEV-01,2024-01-02 01:00:34,28.64,0.0573,0.0,0,Failed,Purchase,Jakarta,IDR,False
TXN-20240102-0003939,WALL-0132918,MERCH-00096,PM-02,DEV-02,2024-01-02 20:47:44,40.76,0.0815,0.0,4,Success,Purchase,Mawlamyine,MMK,False
TXN-20240102-0003940,WALL-0079299,MERCH-00178,PM-01,DEV-01,2024-01-02 09:03:01,108.73,0.0,5.4363,10,Success,Purchase,Pathein,MMK,False
TXN-20240102-0003941,WALL-0040990,MERCH-00334,PM-01,DEV-02,2024-01-02 16:03:23,86.76,0.0,0.0,8,Success,Bill Payment,Kuala Lumpur,MYR,False
TXN-20240102-0003942,WALL-0023040,MERCH-00248,PM-01,DEV-03,2024-01-02 21:30:49,17.11,0.0,0.0,1,Success,Subscription,Kuala Lumpur,MYR,False
TXN-20240102-0003943,WALL-0099997,MERCH-00410,PM-01,DEV-01,2024-01-02 10:12:31,59.2,0.0,0.0,5,Success,Payment,Mawlamyine,MMK,False
TXN-20240102-0003944,WALL-0119752,MERCH-00144,PM-02,DEV-02,2024-01-02 18:04:58,97.93,0.1959,4.8965,9,Success,Purchase,Taunggyi,MMK,False
TXN-20240102-0003945,WALL-0071795,MERCH-00110,PM-02,DEV-01,2024-01-02 17:08:26,114.46,0.2289,0.0,11,Success,Purchase,Pune,SGD,False
TXN-20240102-0003946,WALL-0011399,MERCH-00101,PM-04,DEV-02,2024-01-02 18:40:29,67.38,1.3477,0.0,6,Success,Purchase,Yangon,MMK,False
TXN-20240102-0003947,WALL-0031665,MERCH-00417,PM-02,DEV-01,2024-01-02 11:25:28,40.28,0.0806,0.0,4,Success,Payment,Pokhara,NPR,False
TXN-20240102-0003948,WALL-0105811,MERCH-00101,PM-01,DEV-02,2024-01-02 14:08:59,31.2,0.0,0.0,0,Pending,Purchase,Jakarta,IDR,False
TXN-20240102-0003949,WALL-0064445,MERCH-00252,PM-01,DEV-02,2024-01-02 12:52:30,11.87,0.0,0.0,1,Success,Subscription,Mandalay,MMK,False
TXN-20240102-0003950,WALL-0081542,MERCH-00280,PM-02,DEV-01,2024-01-02 21:44:02,150.03,0.3001,12.0025,30,Success,Purchase,Yangon,MMK,False
TXN-20240102-0003951,WALL-0074329,MERCH-00378,PM-02,DEV-02,2024-01-02 09:35:46,57.16,0.1143,0.0,5,Success,Purchase,Kathmandu,NPR,False
TXN-20240102-0003952,WALL-0144721,MERCH-00306,PM-04,DEV-03,2024-01-02 18:00:42,229.95,4.5991,18.3963,45,Success,Purchase,Phnom Penh,KHR,False
TXN-20240102-0003953,WALL-0060645,MERCH-00002,PM-03,DEV-01,2024-01-02 12:24:29,13.19,0.1055,0.2637,1,Success,Purchase,Siem Reap,KHR,False
TXN-20240102-0003954,WALL-0014790,MERCH-00385,PM-05,DEV-02,2024-01-02 00:36:26,120.0,0.0,0.0,12,Success,Purchase,Taunggyi,MMK,False
TXN-20240102-0003955,WALL-0036946,MERCH-00443,PM-01,DEV-03,2024-01-02 17:35:54,173.55,0.0,0.0,17,Success,Tax Payment,Myitkyina,MMK,False
TXN-20240102-0003956,WALL-0116757,MERCH-00227,PM-01,DEV-03,2024-01-02 09:56:00,14.4,0.0,0.0,1,Success,Purchase,Myitkyina,MMK,False
TXN-20240102-0003957,WALL-0118527,MERCH-00387,PM-01,DEV-03,2024-01-02 17:31:32,31.35,0.0,0.0,3,Success,Purchase,Phnom Penh,KHR,False
TXN-20240102-0003958,WALL-0053537,MERCH-00279,PM-01,DEV-04,2024-01-02 15:50:40,100.0,0.0,8.0,20,Success,Purchase,Mawlamyine,MMK,False
TXN-20240102-0003959,WALL-0125450,MERCH-00102,PM-01,DEV-01,2024-01-02 17:23:26,27.35,0.0,0.0,2,Success,Purchase,Mawlamyine,MMK,False
TXN-20240102-0003960,WALL-0080166,MERCH-00324,PM-01,DEV-01,2024-01-02 13:09:01,121.84,0.0,0.0,12,Success,Bill Payment,Naypyidaw,MMK,False
TXN-20240102-0003961,WALL-0012767,MERCH-00067,PM-01,DEV-01,2024-01-02 15:33:16,19.52,0.0,0.3904,1,Success,Purchase,Pune,INR,False
TXN-20240102-0003962,WALL-0109582,MERCH-00052,PM-01,DEV-02,2024-01-02 20:17:22,12.88,0.0,0.2577,1,Success,Purchase,Da Nang,VND,False
TXN-20240102-0003963,WALL-0059375,MERCH-00049,PM-05,DEV-03,2024-01-02 20:52:17,18.3,0.0,0.366,1,Success,Purchase,Mawlamyine,MMK,False
TXN-20240102-0003964,WALL-0098438,MERCH-00215,PM-02,DEV-02,2024-01-02 15:48:41,26.53,0.0531,0.0,2,Success,Purchase,Bago,MMK,False
TXN-20240102-0003965,WALL-0018037,MERCH-00112,PM-01,DEV-01,2024-01-02 15:12:31,172.34,0.0,0.0,17,Success,Purchase,Kuala Lumpur,MYR,False
TXN-20240102-0003966,WALL-0032161,MERCH-00124,PM-01,DEV-01,2024-01-02 16:46:00,18.69,0.0,0.0,1,Success,Purchase,Kolkata,INR,False
TXN-20240102-0003967,WALL-0133993,MERCH-00175,PM-02,DEV-02,2024-01-02 20:55:17,27.36,0.0547,1.3682,2,Success,Purchase,Taunggyi,MMK,False
TXN-20240102-0003968,WALL-0089766,MERCH-00393,PM-01,DEV-02,2024-01-02 13:51:06,21.81,0.0,0.0,2,Success,Purchase,Delhi,INR,False
TXN-20240102-0003969,WALL-0104509,MERCH-00018,PM-02,DEV-01,2024-01-02 11:06:47,5.52,0.011,0.1104,0,Success,Purchase,Johor Bahru,MMK,False
TXN-20240102-0003970,WALL-0005527,MERCH-00199,PM-04,DEV-03,2024-01-02 03:02:13,26.91,0.5382,0.0,2,Success,Purchase,Mawlamyine,IDR,False
TXN-20240102-0003971,WALL-0003923,MERCH-00186,PM-03,DEV-01,2024-01-02 08:29:21,54.43,0.4355,2.7217,5,Success,Purchase,Dhaka,BDT,False
TXN-20240102-0003972,WALL-0058454,MERCH-00235,PM-03,DEV-03,2024-01-02 21:48:59,28.78,0.2302,0.0,2,Success,Subscription,Delhi,INR,False
TXN-20240102-0003973,WALL-0120923,MERCH-00118,PM-03,DEV-01,2024-01-02 12:54:27,77.18,0.6174,0.0,7,Success,Purchase,Myitkyina,MMK,False
TXN-20240102-0003974,WALL-0005949,MERCH-00220,PM-01,DEV-01,2024-01-02 15:24:28,20.95,0.0,0.0,2,Success,Purchase,Myitkyina,MMK,False
TXN-20240102-0003975,WALL-0107717,MERCH-00057,PM-01,DEV-03,2024-01-02 15:50:09,13.04,0.0,0.2609,1,Success,Purchase,Hyderabad,THB,False
TXN-20240102-0003976,WALL-0046637,MERCH-00343,PM-05,DEV-01,2024-01-02 07:58:23,32.78,0.0,0.0,3,Success,Bill Payment,Islamabad,PKR,False
TXN-20240102-0003977,WALL-0005015,MERCH-00292,PM-01,DEV-01,2024-01-02 23:36:14,404.87,0.0,32.3893,80,Success,Purchase,Phuket,PHP,False
TXN-20240102-0003978,WALL-0077216,MERCH-00406,PM-01,DEV-01,2024-01-02 20:11:01,20.0,0.0,0.0,0,Pending,Payment,Pathein,MMK,False
TXN-20240102-0003979,WALL-0143066,MERCH-00374,PM-02,DEV-01,2024-01-02 14:46:26,68.63,0.1373,0.0,6,Success,Purchase,Ahmedabad,INR,False
TXN-20240102-0003980,WALL-0019587,MERCH-00072,PM-01,DEV-01,2024-01-02 21:49:37,38.38,0.0,0.7677,3,Success,Purchase,Delhi,INR,False
TXN-20240102-0003981,WALL-0098157,MERCH-00005,PM-04,DEV-01,2024-01-02 17:35:24,71.64,1.4329,1.4329,7,Success,Purchase,Colombo,LKR,False
TXN-20240102-0003982,WALL-0147354,MERCH-00252,PM-01,DEV-02,2024-01-02 14:51:42,27.4,0.0,0.0,2,Success,Subscription,Davao,PHP,False
TXN-20240102-0003983,WALL-0086924,MERCH-00396,PM-01,DEV-01,2024-01-02 15:35:31,198.0,0.0,0.0,0,Pending,Purchase,Yangon,MMK,False
TXN-20240102-0003984,WALL-0061762,MERCH-00052,PM-01,DEV-01,2024-01-02 17:34:51,15.01,0.0,0.3001,1,Success,Purchase,Ahmedabad,INR,False
TXN-20240102-0003985,WALL-0012023,MERCH-00376,PM-03,DEV-03,2024-01-02 13:13:17,33.52,0.2682,0.0,3,Success,Purchase,Pathein,MMK,False
TXN-20240102-0003986,WALL-0138334,MERCH-00068,PM-01,DEV-01,2024-01-02 13:19:17,59.96,0.0,1.1992,5,Success,Purchase,Khon Kaen,THB,False
TXN-20240102-0003987,WALL-0049182,MERCH-00345,PM-02,DEV-01,2024-01-02 17:34:33,26.5,0.053,0.0,2,Success,Bill Payment,Taunggyi,IDR,False
TXN-20240102-0003988,WALL-0049807,MERCH-00086,PM-02,DEV-01,2024-01-02 11:38:23,29.14,0.0583,0.0,2,Success,Purchase,Phuket,THB,False
TXN-20240102-0003989,WALL-0098276,MERCH-00317,PM-04,DEV-04,2024-01-02 20:05:40,99.13,1.9825,0.0,9,Success,Bill Payment,Colombo,LKR,False
TXN-20240102-0003990,WALL-0110301,MERCH-00390,PM-03,DEV-02,2024-01-02 18:38:47,40.12,0.321,0.0,4,Success,Purchase,Bandung,IDR,False
TXN-20240102-0003991,WALL-0069715,MERCH-00044,PM-02,DEV-01,2024-01-02 21:41:53,19.69,0.0394,0.3939,1,Success,Purchase,Bago,MMK,False
TXN-20240102-0003992,WALL-0089667,MERCH-00096,PM-01,DEV-02,2024-01-02 12:05:52,47.72,0.0,0.0,4,Success,Purchase,Jakarta,IDR,False
TXN-20240102-0003993,WALL-0080189,MERCH-00068,PM-01,DEV-01,2024-01-02 16:31:31,8.88,0.0,0.1777,0,Success,Purchase,Johor Bahru,MYR,False
TXN-20240102-0003994,WALL-0135478,MERCH-00229,PM-04,DEV-02,2024-01-02 19:38:41,13.44,0.2689,0.0,1,Success,Purchase,Penang,MYR,False
TXN-20240102-0003995,WALL-0072213,MERCH-00092,PM-02,DEV-01,2024-01-02 23:52:30,65.81,0.1316,0.0,6,Success,Purchase,Ho Chi Minh City,VND,False
TXN-20240102-0003996,WALL-0062633,MERCH-00321,PM-01,DEV-01,2024-01-02 10:15:04,51.47,0.0,0.0,5,Success,Bill Payment,Mumbai,INR,False
TXN-20240102-0003997,WALL-0072518,MERCH-00227,PM-02,DEV-03,2024-01-02 21:57:16,16.74,0.0335,0.0,1,Success,Purchase,Mandalay,MMK,False
TXN-20240102-0003998,WALL-0005667,MERCH-00094,PM-01,DEV-03,2024-01-02 13:06:47,36.87,0.0,0.0,3,Success,Purchase,Dhaka,BDT,False
TXN-20240102-0003999,WALL-0051925,MERCH-00020,PM-01,DEV-04,2024-01-02 21:19:43,21.63,0.0,0.4325,2,Success,Purchase,Khon Kaen,MMK,False
TXN-20240102-0004000,WALL-0074524,MERCH-00412,PM-02,DEV-01,2024-01-02 01:35:55,44.35,0.0887,0.0,4,Success,Payment,Lahore,PKR,False
TXN-20240102-0004001,WALL-0033968,MERCH-00006,PM-04,DEV-03,2024-01-02 18:02:00,7.96,0.1591,0.1591,0,Success,Purchase,Singapore,VND,False
TXN-20240102-0004002,WALL-0142723,MERCH-00453,PM-04,DEV-01,2024-01-02 13:58:02,125.29,2.5058,0.0,12,Success,Payment,Yangon,MMK,False
TXN-20240102-0004003,WALL-0004942,MERCH-00061,PM-01,DEV-03,2024-01-02 21:56:59,14.72,0.0,0.2945,1,Success,Purchase,Kandy,LKR,False
TXN-20240102-0004004,WALL-0144700,MERCH-00220,PM-01,DEV-01,2024-01-02 12:34:36,15.3,0.0,0.0,1,Success,Purchase,Yangon,MMK,False
TXN-20240102-0004005,WALL-0140287,MERCH-00392,PM-01,DEV-01,2024-01-02 11:30:26,58.28,0.0,0.0,5,Success,Purchase,Pathein,MMK,False
TXN-20240102-0004006,WALL-0044431,MERCH-00051,PM-01,DEV-02,2024-01-02 12:36:06,54.67,0.0,1.0934,5,Success,Purchase,Bali,MMK,False
TXN-20240102-0004007,WALL-0128289,MERCH-00320,PM-02,DEV-01,2024-01-02 16:50:40,63.04,0.1261,0.0,6,Success,Bill Payment,Bangkok,THB,False
TXN-20240102-0004008,WALL-0102817,MERCH-00254,PM-04,DEV-02,2024-01-02 16:23:57,13.62,0.2723,0.0,1,Success,Subscription,Myitkyina,MMK,False
TXN-20240102-0004009,WALL-0019195,MERCH-00165,PM-05,DEV-01,2024-01-02 18:38:04,60.95,0.0,0.0,0,Reversed,Purchase,Kuala Lumpur,MYR,False
TXN-20240102-0004010,WALL-0084752,MERCH-00177,PM-01,DEV-02,2024-01-02 07:48:20,43.08,0.0,2.1538,4,Success,Purchase,Ahmedabad,INR,False
TXN-20240102-0004011,WALL-0029432,MERCH-00051,PM-02,DEV-02,2024-01-02 04:03:26,19.24,0.0385,0.3848,1,Success,Purchase,Yangon,MMK,False
TXN-20240102-0004012,WALL-0065564,MERCH-00263,PM-04,DEV-01,2024-01-02 16:20:46,12.28,0.2456,0.0,1,Success,Subscription,Chiang Mai,THB,False
TXN-20240102-0004013,WALL-0001343,MERCH-00222,PM-01,DEV-01,2024-01-02 18:21:57,26.55,0.0,0.0,2,Success,Purchase,Karachi,PKR,False
TXN-20240102-0004014,WALL-0081759,MERCH-00192,PM-02,DEV-01,2024-01-02 16:38:58,11.63,0.0233,0.0,0,Failed,Purchase,Mawlamyine,MMK,False
TXN-20240102-0004015,WALL-0038446,MERCH-00107,PM-03,DEV-02,2024-01-02 21:10:16,24.16,0.1933,0.0,2,Success,Purchase,Quezon City,PHP,False
TXN-20240102-0004016,WALL-0066122,MERCH-00354,PM-04,DEV-03,2024-01-02 09:59:38,81.26,1.6252,0.0,8,Success,Bill Payment,Hanoi,VND,False
TXN-20240102-0004017,WALL-0014139,MERCH-00343,PM-02,DEV-02,2024-01-02 15:16:17,27.5,0.055,0.0,2,Success,Bill Payment,Mawlamyine,MMK,False
TXN-20240102-0004018,WALL-0075937,MERCH-00387,PM-01,DEV-01,2024-01-02 17:04:14,37.0,0.0,0.0,3,Success,Purchase,Kolkata,INR,False
TXN-20240102-0004019,WALL-0087639,MERCH-00097,PM-02,DEV-01,2024-01-02 17:00:12,15.86,0.0317,0.0,1,Success,Purchase,Taunggyi,MMK,False
TXN-20240102-0004020,WALL-0043004,MERCH-00076,PM-01,DEV-01,2024-01-02 17:40:42,24.98,0.0,0.4996,2,Success,Purchase,Mandalay,MMK,False
TXN-20240102-0004021,WALL-0019601,MERCH-00407,PM-01,DEV-01,2024-01-02 11:55:00,24.34,0.0,0.0,2,Success,Payment,Karachi,PKR,False
TXN-20240102-0004022,WALL-0001885,MERCH-00382,PM-02,DEV-02,2024-01-02 17:20:29,46.2,0.0924,0.0,0,Failed,Purchase,Siem Reap,KHR,False
TXN-20240102-0004023,WALL-0043435,MERCH-00001,PM-02,DEV-01,2024-01-02 18:08:20,21.71,0.0434,0.4341,2,Success,Purchase,Jaipur,INR,False
TXN-20240102-0004024,WALL-0129271,MERCH-00277,PM-01,DEV-01,2024-01-02 13:19:29,625.54,0.0,50.043,125,Success,Purchase,Myitkyina,MMK,False
TXN-20240102-0004025,WALL-0043009,MERCH-00075,PM-03,DEV-01,2024-01-02 10:49:13,25.82,0.2066,0.5164,2,Success,Purchase,Khon Kaen,VND,False
TXN-20240102-0004026,WALL-0134514,MERCH-00413,PM-02,DEV-02,2024-01-02 18:21:21,143.57,0.2871,0.0,14,Success,Payment,Ho Chi Minh City,MMK,False
TXN-20240102-0004027,WALL-0050641,MERCH-00048,PM-04,DEV-02,2024-01-02 18:34:04,15.28,0.3056,0.3056,1,Success,Purchase,Phuket,THB,False
TXN-20240102-0004028,WALL-0092389,MERCH-00074,PM-01,DEV-05,2024-01-02 18:59:54,37.99,0.0,0.7598,3,Success,Purchase,Mawlamyine,MMK,False
TXN-20240102-0004029,WALL-0040212,MERCH-00045,PM-02,DEV-04,2024-01-02 16:07:21,13.12,0.0262,0.2623,1,Success,Purchase,Pokhara,NPR,False
TXN-20240102-0004030,WALL-0038166,MERCH-00001,PM-04,DEV-01,2024-01-02 01:41:22,51.42,1.0284,1.0284,5,Success,Purchase,Cebu City,PHP,False
TXN-20240102-0004031,WALL-0063984,MERCH-00460,PM-03,DEV-01,2024-01-02 17:44:44,229.65,1.8372,0.0,22,Success,Payment,Dhaka,BDT,False
TXN-20240102-0004032,WALL-0045570,MERCH-00360,PM-01,DEV-02,2024-01-02 04:12:04,90.64,0.0,0.0,9,Success,Bill Payment,Quezon City,PHP,False
TXN-20240102-0004033,WALL-0076191,MERCH-00005,PM-01,DEV-05,2024-01-02 18:58:24,43.15,0.0,0.863,4,Success,Purchase,Islamabad,PKR,False
TXN-20240102-0004034,WALL-0129964,MERCH-00469,PM-03,DEV-01,2024-01-02 14:32:02,693.31,5.5465,0.0,69,Success,Payment,Bago,MMK,False
TXN-20240102-0004035,WALL-0131094,MERCH-00360,PM-02,DEV-01,2024-01-02 11:20:54,19.21,0.0384,0.0,1,Success,Bill Payment,Manila,PHP,False
TXN-20240102-0004036,WALL-0003442,MERCH-00155,PM-01,DEV-03,2024-01-02 18:03:28,105.93,0.0,5.2965,10,Success,Purchase,Pune,INR,False
TXN-20240102-0004037,WALL-0035180,MERCH-00383,PM-01,DEV-02,2024-01-02 08:03:43,54.16,0.0,0.0,5,Success,Purchase,Yangon,MMK,False
TXN-20240102-0004038,WALL-0000297,MERCH-00150,PM-02,DEV-05,2024-01-02 16:37:07,25.26,0.0505,1.2629,2,Success,Purchase,Cebu City,PHP,False
TXN-20240102-0004039,WALL-0048940,MERCH-00269,PM-03,DEV-01,2024-01-02 15:31:32,14.3,0.1144,0.0,1,Success,Subscription,Naypyidaw,MMK,False
TXN-20240102-0004040,WALL-0005394,MERCH-00297,PM-04,DEV-03,2024-01-02 06:12:12,223.21,4.4642,17.8569,44,Success,Purchase,Jaipur,INR,False
TXN-20240102-0004041,WALL-0063213,MERCH-00018,PM-02,DEV-05,2024-01-02 19:36:40,10.22,0.0204,0.2044,1,Success,Purchase,Karachi,MYR,False
TXN-20240102-0004042,WALL-0043005,MERCH-00219,PM-01,DEV-01,2024-01-02 18:20:41,6.12,0.0,0.0,0,Success,Purchase,Kolkata,INR,False
TXN-20240102-0004043,WALL-0025008,MERCH-00378,PM-01,DEV-01,2024-01-02 07:11:16,93.55,0.0,0.0,9,Success,Purchase,Siem Reap,KHR,False
TXN-20240102-0004044,WALL-0053035,MERCH-00219,PM-02,DEV-03,2024-01-02 14:35:24,22.68,0.0454,0.0,2,Success,Purchase,Johor Bahru,MYR,False
TXN-20240102-0004045,WALL-0070370,MERCH-00309,PM-01,DEV-01,2024-01-02 16:56:04,161.3,0.0,12.9037,32,Success,Purchase,Pathein,MMK,False
TXN-20240102-0004046,WALL-0033542,MERCH-00107,PM-02,DEV-04,2024-01-02 08:10:46,202.95,0.4059,0.0,20,Success,Purchase,Pokhara,NPR,False
TXN-20240102-0004047,WALL-0001354,MERCH-00456,PM-02,DEV-01,2024-01-02 02:46:11,184.93,0.3699,0.0,18,Success,Payment,Karachi,PKR,False
TXN-20240102-0004048,WALL-0061024,MERCH-00382,PM-01,DEV-03,2024-01-02 19:34:25,47.7,0.0,0.0,4,Success,Purchase,Myitkyina,MMK,False
TXN-20240102-0004049,WALL-0111606,MERCH-00005,PM-02,DEV-01,2024-01-02 01:18:14,9.12,0.0182,0.1824,0,Success,Purchase,Phnom Penh,KHR,False
TXN-20240102-0004050,WALL-0032601,MERCH-00083,PM-02,DEV-02,2024-01-02 18:29:55,15.66,0.0313,0.0,1,Success,Purchase,Dhaka,BDT,False
TXN-20240102-0004051,WALL-0111793,MERCH-00144,PM-03,DEV-05,2024-01-02 21:51:58,749.59,5.9967,37.4794,74,Success,Purchase,Pune,INR,False
TXN-20240102-0004052,WALL-0146569,MERCH-00435,PM-02,DEV-02,2024-01-02 10:24:30,411.71,0.8234,0.0,41,Success,Tax Payment,Mandalay,MMK,False
TXN-20240102-0004053,WALL-0010373,MERCH-00129,PM-04,DEV-01,2024-01-02 15:56:36,96.59,1.9317,0.0,9,Success,Purchase,Pune,MMK,False
TXN-20240102-0004054,WALL-0140507,MERCH-00058,PM-04,DEV-01,2024-01-02 13:01:12,16.45,0.329,0.329,1,Success,Purchase,Hanoi,VND,False
TXN-20240102-0004055,WALL-0032380,MERCH-00117,PM-01,DEV-04,2024-01-02 15:16:05,26.78,0.0,0.0,2,Success,Purchase,Myitkyina,MMK,False
TXN-20240102-0004056,WALL-0025873,MERCH-00169,PM-04,DEV-01,2024-01-02 14:17:24,121.89,2.4379,0.0,0,Failed,Purchase,Myitkyina,MMK,False
TXN-20240102-0004057,WALL-0140688,MERCH-00286,PM-05,DEV-01,2024-01-02 20:46:18,251.81,0.0,20.1448,50,Success,Purchase,Bago,MMK,False
TXN-20240102-0004058,WALL-0070377,MERCH-00389,PM-05,DEV-01,2024-01-02 18:28:11,72.05,0.0,0.0,7,Success,Purchase,Ahmedabad,NPR,False
TXN-20240102-0004059,WALL-0102746,MERCH-00096,PM-03,DEV-02,2024-01-02 15:39:48,168.14,1.3451,0.0,16,Success,Purchase,Chennai,INR,False
TXN-20240102-0004060,WALL-0061889,MERCH-00421,PM-03,DEV-01,2024-01-02 17:42:00,22.04,0.1763,0.0,2,Success,Payment,Mawlamyine,MMK,False
TXN-20240102-0004061,WALL-0145357,MERCH-00461,PM-04,DEV-03,2024-01-02 18:16:56,1019.95,20.3991,0.0,101,Success,Payment,Pathein,MMK,False
TXN-20240102-0004062,WALL-0078716,MERCH-00128,PM-02,DEV-02,2024-01-02 06:22:55,44.26,0.0885,0.0,4,Success,Purchase,Pune,INR,False
TXN-20240102-0004063,WALL-0096124,MERCH-00367,PM-01,DEV-03,2024-01-02 19:48:12,22.84,0.0,0.0,2,Success,Bill Payment,Mawlamyine,MMK,False
TXN-20240102-0004064,WALL-0058871,MERCH-00198,PM-01,DEV-03,2024-01-02 21:15:07,7.42,0.0,0.0,0,Success,Purchase,Kuala Lumpur,MYR,False
TXN-20240102-0004065,WALL-0058100,MERCH-00138,PM-02,DEV-01,2024-01-02 13:12:16,83.78,0.1676,4.1892,8,Success,Purchase,Bali,IDR,False
TXN-20240102-0004066,WALL-0122093,MERCH-00322,PM-03,DEV-02,2024-01-02 14:49:48,70.01,0.5601,0.0,7,Success,Bill Payment,Pathein,MMK,False
TXN-20240102-0004067,WALL-0018414,MERCH-00418,PM-03,DEV-01,2024-01-02 08:28:50,81.78,0.6543,0.0,8,Success,Payment,Mawlamyine,MMK,False
TXN-20240102-0004068,WALL-0129008,MERCH-00259,PM-01,DEV-03,2024-01-02 13:55:15,17.64,0.0,0.0,1,Success,Subscription,Myitkyina,MMK,False
TXN-20240102-0004069,WALL-0014009,MERCH-00057,PM-01,DEV-02,2024-01-02 18:11:18,99.0,0.0,1.98,9,Success,Purchase,Delhi,VND,False
TXN-20240102-0004070,WALL-0105693,MERCH-00135,PM-01,DEV-01,2024-01-02 08:23:48,138.29,0.0,6.9145,13,Success,Purchase,Hanoi,VND,False
TXN-20240102-0004071,WALL-0148208,MERCH-00437,PM-01,DEV-01,2024-01-02 07:11:36,724.6,0.0,0.0,72,Success,Tax Payment,Penang,MMK,False
TXN-20240102-0004072,WALL-0108989,MERCH-00395,PM-02,DEV-01,2024-01-02 02:17:25,20.0,0.04,0.0,2,Success,Purchase,Pattaya,MMK,False
TXN-20240102-0004073,WALL-0094132,MERCH-00190,PM-01,DEV-01,2024-01-02 11:56:07,107.64,0.0,5.382,10,Success,Purchase,Myitkyina,MMK,False
TXN-20240102-0004074,WALL-0118065,MERCH-00478,PM-02,DEV-01,2024-01-02 20:50:59,159.02,0.318,0.0,15,Success,Payment,Mawlamyine,MMK,False
TXN-20240102-0004075,WALL-0109538,MERCH-00141,PM-03,DEV-03,2024-01-02 12:43:13,20.0,0.16,1.0,2,Success,Purchase,Yangon,NPR,False
TXN-20240102-0004076,WALL-0030938,MERCH-00041,PM-01,DEV-01,2024-01-02 10:26:46,37.83,0.0,0.7566,3,Success,Purchase,Chiang Mai,THB,False
TXN-20240102-0004077,WALL-0097359,MERCH-00382,PM-03,DEV-03,2024-01-02 21:49:55,125.73,1.0059,0.0,12,Success,Purchase,Phuket,THB,False
TXN-20240102-0004078,WALL-0015684,MERCH-00253,PM-03,DEV-01,2024-01-02 10:47:30,8.06,0.0644,0.0,0,Success,Subscription,Bali,IDR,False
TXN-20240102-0004079,WALL-0096834,MERCH-00065,PM-01,DEV-01,2024-01-02 21:45:45,16.99,0.0,0.3398,1,Success,Purchase,Colombo,LKR,False
TXN-20240102-0004080,WALL-0095675,MERCH-00255,PM-02,DEV-01,2024-01-02 19:25:49,7.73,0.0155,0.0,0,Success,Subscription,Delhi,INR,False
TXN-20240102-0004081,WALL-0121047,MERCH-00208,PM-03,DEV-01,2024-01-02 07:24:26,17.75,0.142,0.0,1,Success,Purchase,Delhi,INR,False
TXN-20240102-0004082,WALL-0080516,MERCH-00097,PM-01,DEV-01,2024-01-02 14:08:17,49.99,0.0,0.0,4,Success,Purchase,Kuala Lumpur,MYR,False
TXN-20240102-0004083,WALL-0149221,MERCH-00110,PM-02,DEV-01,2024-01-02 23:53:13,43.41,0.0868,0.0,4,Success,Purchase,Naypyidaw,MMK,False
TXN-20240102-0004084,WALL-0129958,MERCH-00176,PM-01,DEV-01,2024-01-02 16:09:15,254.66,0.0,12.733,25,Success,Purchase,Pune,INR,False
TXN-20240102-0004085,WALL-0072548,MERCH-00261,PM-01,DEV-01,2024-01-02 00:16:28,17.76,0.0,0.0,1,Success,Subscription,Myitkyina,MMK,False
TXN-20240102-0004086,WALL-0074847,MERCH-00028,PM-01,DEV-03,2024-01-02 18:58:28,14.21,0.0,0.2842,1,Success,Purchase,Surabaya,IDR,False
TXN-20240102-0004087,WALL-0087439,MERCH-00077,PM-04,DEV-01,2024-01-02 20:44:58,8.2,0.1641,0.1641,0,Success,Purchase,Bago,MMK,False
TXN-20240102-0004088,WALL-0142214,MERCH-00211,PM-02,DEV-01,2024-01-02 20:18:18,17.75,0.0355,0.0,1,Success,Purchase,Surabaya,SGD,False
TXN-20240102-0004089,WALL-0109272,MERCH-00363,PM-04,DEV-02,2024-01-02 12:44:18,25.92,0.5185,0.0,2,Success,Bill Payment,Pathein,MMK,False
TXN-20240102-0004090,WALL-0012753,MERCH-00414,PM-01,DEV-02,2024-01-02 16:43:39,121.37,0.0,0.0,12,Success,Payment,Kolkata,MMK,False
TXN-20240102-0004091,WALL-0075694,MERCH-00119,PM-03,DEV-01,2024-01-02 20:13:16,24.2,0.1936,0.0,2,Success,Purchase,Quezon City,INR,False
TXN-20240102-0004092,WALL-0038613,MERCH-00133,PM-02,DEV-01,2024-01-02 19:38:32,147.15,0.2943,7.3573,14,Success,Purchase,Bali,IDR,False
TXN-20240102-0004093,WALL-0144035,MERCH-00392,PM-03,DEV-01,2024-01-02 06:00:42,24.78,0.1982,0.0,2,Success,Purchase,Da Nang,VND,False
TXN-20240102-0004094,WALL-0137772,MERCH-00202,PM-01,DEV-01,2024-01-02 05:16:59,6.16,0.0,0.0,0,Success,Purchase,Medan,IDR,False
TXN-20240102-0004095,WALL-0117718,MERCH-00270,PM-01,DEV-01,2024-01-02 22:24:19,28.0,0.0,0.0,2,Success,Subscription,Yangon,MMK,False
TXN-20240102-0004096,WALL-0027602,MERCH-00061,PM-04,DEV-01,2024-01-02 14:47:21,17.93,0.3586,0.3586,1,Success,Purchase,Islamabad,PKR,False
TXN-20240102-0004097,WALL-0037413,MERCH-00228,PM-03,DEV-01,2024-01-02 09:55:59,5.0,0.04,0.0,0,Success,Purchase,Jakarta,IDR,False
TXN-20240102-0004098,WALL-0139883,MERCH-00220,PM-02,DEV-01,2024-01-02 17:15:52,8.54,0.0171,0.0,0,Success,Purchase,Naypyidaw,MMK,False
TXN-20240102-0004099,WALL-0015367,MERCH-00063,PM-03,DEV-01,2024-01-02 10:00:04,5.43,0.0434,0.1086,0,Success,Purchase,Kandy,LKR,False
TXN-20240102-0004100,WALL-0148223,MERCH-00197,PM-03,DEV-02,2024-01-02 16:53:35,15.24,0.1219,0.0,1,Success,Purchase,Myitkyina,MMK,False
TXN-20240102-0004101,WALL-0141116,MERCH-00201,PM-02,DEV-01,2024-01-02 21:40:02,5.49,0.011,0.0,0,Success,Purchase,Bago,PHP,False
TXN-20240102-0004102,WALL-0007711,MERCH-00293,PM-02,DEV-05,2024-01-02 19:35:38,340.57,0.6811,27.2454,68,Success,Purchase,Medan,IDR,False
TXN-20240102-0004103,WALL-0062553,MERCH-00320,PM-02,DEV-01,2024-01-02 20:47:00,121.93,0.2439,0.0,12,Success,Bill Payment,Delhi,INR,False
TXN-20240102-0004104,WALL-0059783,MERCH-00306,PM-01,DEV-01,2024-01-02 03:57:23,899.51,0.0,71.9606,179,Success,Purchase,Pathein,MMK,False
TXN-20240102-0004105,WALL-0040800,MERCH-00211,PM-02,DEV-02,2024-01-02 16:48:43,18.11,0.0362,0.0,1,Success,Purchase,Ahmedabad,INR,False
TXN-20240102-0004106,WALL-0073602,MERCH-00382,PM-02,DEV-01,2024-01-02 18:45:51,63.49,0.127,0.0,6,Success,Purchase,Taunggyi,MMK,False
TXN-20240102-0004107,WALL-0132406,MERCH-00023,PM-02,DEV-01,2024-01-02 21:37:03,31.78,0.0636,0.6357,3,Success,Purchase,Chiang Mai,PHP,False
TXN-20240102-0004108,WALL-0025200,MERCH-00240,PM-01,DEV-01,2024-01-02 19:19:00,14.7,0.0,0.0,1,Success,Subscription,Davao,IDR,False
TXN-20240102-0004109,WALL-0105891,MERCH-00321,PM-01,DEV-03,2024-01-02 19:43:09,82.09,0.0,0.0,8,Success,Bill Payment,Karachi,PKR,False
TXN-20240102-0004110,WALL-0071522,MERCH-00224,PM-01,DEV-05,2024-01-02 03:26:53,6.15,0.0,0.0,0,Success,Purchase,Myitkyina,MMK,False
TXN-20240102-0004111,WALL-0126815,MERCH-00002,PM-02,DEV-01,2024-01-02 15:45:52,11.44,0.0229,0.2288,1,Success,Purchase,Yangon,MMK,False
TXN-20240102-0004112,WALL-0017588,MERCH-00455,PM-04,DEV-02,2024-01-02 14:33:55,65.31,1.3062,0.0,6,Success,Payment,Siem Reap,KHR,False
TXN-20240102-0004113,WALL-0102705,MERCH-00005,PM-03,DEV-02,2024-01-02 06:24:59,10.18,0.0815,0.2037,1,Success,Purchase,Bangalore,INR,False
TXN-20240102-0004114,WALL-0057313,MERCH-00366,PM-03,DEV-01,2024-01-02 22:37:01,77.49,0.62,0.0,7,Success,Bill Payment,Yangon,MMK,False
TXN-20240102-0004115,WALL-0055826,MERCH-00076,PM-01,DEV-04,2024-01-02 16:30:00,18.6,0.0,0.3721,1,Success,Purchase,Kathmandu,NPR,False
TXN-20240102-0004116,WALL-0125227,MERCH-00065,PM-01,DEV-05,2024-01-02 11:20:29,21.67,0.0,0.4333,2,Success,Purchase,Dhaka,BDT,False
TXN-20240102-0004117,WALL-0057643,MERCH-00250,PM-01,DEV-03,2024-01-02 13:04:15,24.79,0.0,0.0,2,Success,Subscription,Chennai,INR,False
TXN-20240102-0004118,WALL-0092025,MERCH-00251,PM-03,DEV-05,2024-01-02 09:33:21,14.08,0.1126,0.0,1,Success,Subscription,Kathmandu,NPR,False
TXN-20240102-0004119,WALL-0148062,MERCH-00065,PM-03,DEV-01,2024-01-02 08:29:31,10.32,0.0826,0.2065,1,Success,Purchase,Jakarta,IDR,False
TXN-20240102-0004120,WALL-0030039,MERCH-00015,PM-01,DEV-02,2024-01-02 12:40:05,21.56,0.0,0.4312,2,Success,Purchase,Taunggyi,MMK,False
TXN-20240102-0004121,WALL-0059703,MERCH-00209,PM-04,DEV-02,2024-01-02 15:37:10,5.0,0.1,0.0,0,Success,Purchase,Bago,MMK,False
TXN-20240102-0004122,WALL-0070188,MERCH-00326,PM-03,DEV-01,2024-01-02 18:48:42,121.94,0.9755,0.0,12,Success,Bill Payment,Bangkok,MMK,False
TXN-20240102-0004123,WALL-0139069,MERCH-00453,PM-04,DEV-01,2024-01-02 16:41:42,3536.3,70.726,0.0,353,Success,Payment,Yangon,INR,False
TXN-20240102-0004124,WALL-0001792,MERCH-00241,PM-01,DEV-01,2024-01-02 07:47:05,11.06,0.0,0.0,1,Success,Subscription,Phnom Penh,KHR,False
TXN-20240102-0004125,WALL-0089864,MERCH-00270,PM-04,DEV-01,2024-01-02 12:18:10,8.49,0.1699,0.0,0,Success,Subscription,Siem Reap,KHR,False
TXN-20240102-0004126,WALL-0145410,MERCH-00350,PM-04,DEV-01,2024-01-02 12:13:34,37.95,0.759,0.0,3,Success,Bill Payment,Siem Reap,KHR,False
TXN-20240102-0004127,WALL-0119971,MERCH-00264,PM-01,DEV-01,2024-01-02 23:36:13,7.06,0.0,0.0,0,Success,Subscription,Pathein,MMK,False
TXN-20240102-0004128,WALL-0016417,MERCH-00216,PM-02,DEV-03,2024-01-02 13:52:34,16.11,0.0322,0.0,1,Success,Purchase,Taunggyi,MMK,False
TXN-20240102-0004129,WALL-0136191,MERCH-00208,PM-01,DEV-01,2024-01-02 15:59:53,7.71,0.0,0.0,0,Success,Purchase,Myitkyina,MMK,False
TXN-20240102-0004130,WALL-0023065,MERCH-00441,PM-03,DEV-03,2024-01-02 17:40:46,105.24,0.8419,0.0,10,Success,Tax Payment,Lahore,PKR,False
TXN-20240102-0004131,WALL-0056557,MERCH-00467,PM-03,DEV-02,2024-01-02 01:40:51,50.0,0.4,0.0,0,Reversed,Payment,Chennai,INR,False
TXN-20240102-0004132,WALL-0116183,MERCH-00164,PM-03,DEV-01,2024-01-02 15:26:12,323.63,2.589,16.1814,32,Success,Purchase,Chennai,MMK,False
TXN-20240102-0004133,WALL-0107909,MERCH-00144,PM-02,DEV-01,2024-01-02 00:58:01,59.79,0.1196,2.9893,5,Success,Purchase,Ahmedabad,INR,False
TXN-20240102-0004134,WALL-0041689,MERCH-00210,PM-03,DEV-01,2024-01-02 02:14:02,17.95,0.1436,0.0,1,Success,Purchase,Colombo,INR,False
TXN-20240102-0004135,WALL-0004675,MERCH-00155,PM-01,DEV-01,2024-01-02 13:52:19,84.63,0.0,4.2316,8,Success,Purchase,Mawlamyine,MMK,False
TXN-20240102-0004136,WALL-0006878,MERCH-00365,PM-05,DEV-01,2024-01-02 21:43:52,32.1,0.0,0.0,3,Success,Bill Payment,Taunggyi,MMK,False
TXN-20240102-0004137,WALL-0013784,MERCH-00413,PM-02,DEV-01,2024-01-02 20:59:59,156.58,0.3132,0.0,15,Success,Payment,Yangon,MMK,False
TXN-20240102-0004138,WALL-0136143,MERCH-00124,PM-02,DEV-05,2024-01-02 15:57:52,14.03,0.0281,0.0,0,Failed,Purchase,Pune,INR,False
TXN-20240102-0004139,WALL-0094930,MERCH-00411,PM-04,DEV-01,2024-01-02 20:09:40,56.49,1.1299,0.0,5,Success,Payment,Taunggyi,MMK,False
TXN-20240102-0004140,WALL-0014386,MERCH-00131,PM-02,DEV-03,2024-01-02 19:53:06,228.77,0.4575,11.4384,22,Success,Purchase,Islamabad,PKR,False
TXN-20240102-0004141,WALL-0110775,MERCH-00354,PM-04,DEV-01,2024-01-02 19:51:38,14.79,0.2957,0.0,1,Success,Bill Payment,Mawlamyine,MMK,False
TXN-20240102-0004142,WALL-0117341,MERCH-00425,PM-02,DEV-03,2024-01-02 15:14:16,151.77,0.3035,0.0,15,Success,Payment,Kuala Lumpur,INR,False
TXN-20240102-0004143,WALL-0016937,MERCH-00336,PM-01,DEV-01,2024-01-02 16:52:27,51.62,0.0,0.0,5,Success,Bill Payment,Colombo,LKR,False
TXN-20240102-0004144,WALL-0002373,MERCH-00259,PM-02,DEV-02,2024-01-02 21:20:35,14.48,0.029,0.0,1,Success,Subscription,Mandalay,MMK,False
TXN-20240102-0004145,WALL-0110966,MERCH-00418,PM-02,DEV-01,2024-01-02 12:32:35,50.64,0.1013,0.0,5,Success,Payment,Pokhara,NPR,False
TXN-20240102-0004146,WALL-0087809,MERCH-00360,PM-04,DEV-01,2024-01-02 14:27:15,49.63,0.9927,0.0,0,Reversed,Bill Payment,Pathein,MMK,False
TXN-20240102-0004147,WALL-0050811,MERCH-00438,PM-02,DEV-01,2024-01-02 16:15:29,257.63,0.5153,0.0,25,Success,Tax Payment,Taunggyi,MMK,False
TXN-20240102-0004148,WALL-0059857,MERCH-00133,PM-04,DEV-02,2024-01-02 09:19:57,228.27,4.5653,11.4133,22,Success,Purchase,Bangkok,THB,False
TXN-20240102-0004149,WALL-0035718,MERCH-00295,PM-01,DEV-03,2024-01-02 10:36:52,154.02,0.0,12.3213,30,Success,Purchase,Chittagong,BDT,False
TXN-20240102-0004150,WALL-0072740,MERCH-00250,PM-02,DEV-02,2024-01-02 14:56:03,49.3,0.0986,0.0,4,Success,Subscription,Jakarta,MMK,False
TXN-20240102-0004151,WALL-0104978,MERCH-00001,PM-02,DEV-01,2024-01-02 20:09:51,23.35,0.0467,0.467,2,Success,Purchase,Colombo,MMK,False
TXN-20240102-0004152,WALL-0023870,MERCH-00182,PM-02,DEV-01,2024-01-02 21:29:54,171.36,0.3427,8.5681,17,Success,Purchase,Lahore,PKR,False
TXN-20240102-0004153,WALL-0059061,MERCH-00077,PM-01,DEV-01,2024-01-02 08:41:39,23.68,0.0,0.4736,2,Success,Purchase,Chiang Mai,THB,False
TXN-20240102-0004154,WALL-0132275,MERCH-00358,PM-04,DEV-04,2024-01-02 02:43:05,21.7,0.4341,0.0,2,Success,Bill Payment,Mawlamyine,MMK,False
TXN-20240102-0004155,WALL-0130230,MERCH-00125,PM-04,DEV-01,2024-01-02 07:02:47,42.19,0.8437,0.0,4,Success,Purchase,Myitkyina,MMK,False
TXN-20240102-0004156,WALL-0079002,MERCH-00253,PM-01,DEV-02,2024-01-02 19:14:27,10.91,0.0,0.0,1,Success,Subscription,Yangon,MMK,False
TXN-20240102-0004157,WALL-0044429,MERCH-00001,PM-01,DEV-01,2024-01-02 04:05:28,27.3,0.0,0.5459,2,Success,Purchase,Islamabad,THB,False
TXN-20240102-0004158,WALL-0022369,MERCH-00356,PM-01,DEV-01,2024-01-02 16:13:14,26.18,0.0,0.0,2,Success,Bill Payment,Pathein,MMK,False
TXN-20240102-0004159,WALL-0004922,MERCH-00186,PM-01,DEV-03,2024-01-02 08:04:29,25.99,0.0,1.2995,2,Success,Purchase,Kandy,IDR,False
TXN-20240102-0004160,WALL-0014962,MERCH-00320,PM-04,DEV-03,2024-01-02 17:12:44,23.17,0.4635,0.0,2,Success,Bill Payment,Pathein,MMK,False
TXN-20240102-0004161,WALL-0114803,MERCH-00345,PM-01,DEV-01,2024-01-02 21:16:16,31.22,0.0,0.0,3,Success,Bill Payment,Kolkata,INR,False
TXN-20240102-0004162,WALL-0001944,MERCH-00063,PM-04,DEV-01,2024-01-02 15:02:17,9.55,0.1911,0.1911,0,Success,Purchase,Yangon,MMK,False
TXN-20240102-0004163,WALL-0139044,MERCH-00068,PM-02,DEV-01,2024-01-02 17:37:48,24.06,0.0481,0.4812,2,Success,Purchase,Myitkyina,MMK,False
TXN-20240102-0004164,WALL-0098811,MERCH-00191,PM-04,DEV-03,2024-01-02 21:49:57,15.04,0.3009,0.0,1,Success,Purchase,Kuala Lumpur,MYR,False
TXN-20240102-0004165,WALL-0083980,MERCH-00324,PM-04,DEV-02,2024-01-02 11:27:50,109.64,2.1928,0.0,10,Success,Bill Payment,Mandalay,MMK,False
TXN-20240102-0004166,WALL-0111961,MERCH-00371,PM-02,DEV-02,2024-01-02 00:02:58,29.88,0.0598,0.0,0,Failed,Purchase,Pathein,MMK,False
TXN-20240102-0004167,WALL-0134736,MERCH-00099,PM-01,DEV-01,2024-01-02 06:24:46,108.45,0.0,0.0,10,Success,Purchase,Ho Chi Minh City,VND,False
TXN-20240102-0004168,WALL-0087296,MERCH-00030,PM-01,DEV-01,2024-01-02 11:26:41,18.96,0.0,0.3791,1,Success,Purchase,Penang,INR,False
TXN-20240102-0004169,WALL-0011297,MERCH-00077,PM-04,DEV-01,2024-01-02 07:57:25,32.67,0.6535,0.6535,3,Success,Purchase,Quezon City,PHP,False
TXN-20240102-0004170,WALL-0115496,MERCH-00014,PM-01,DEV-01,2024-01-02 21:54:40,15.36,0.0,0.3072,1,Success,Purchase,Chiang Mai,MMK,False
TXN-20240102-0004171,WALL-0095395,MERCH-00011,PM-02,DEV-01,2024-01-02 17:57:41,9.16,0.0183,0.1831,0,Success,Purchase,Hyderabad,INR,False
TXN-20240102-0004172,WALL-0143251,MERCH-00044,PM-03,DEV-02,2024-01-02 15:34:53,16.16,0.1293,0.3233,1,Success,Purchase,Delhi,MMK,False
TXN-20240102-0004173,WALL-0094549,MERCH-00037,PM-01,DEV-01,2024-01-02 16:52:27,14.47,0.0,0.2894,1,Success,Purchase,Pune,BDT,False
TXN-20240102-0004174,WALL-0125728,MERCH-00307,PM-01,DEV-02,2024-01-02 05:57:15,738.69,0.0,59.095,147,Success,Purchase,Medan,MMK,False
TXN-20240102-0004175,WALL-0008435,MERCH-00240,PM-01,DEV-01,2024-01-02 13:09:16,9.28,0.0,0.0,0,Success,Subscription,Bago,MMK,False
TXN-20240102-0004176,WALL-0029357,MERCH-00037,PM-02,DEV-01,2024-01-02 22:37:00,19.69,0.0394,0.3939,1,Success,Purchase,Ho Chi Minh City,VND,False
TXN-20240102-0004177,WALL-0094419,MERCH-00303,PM-02,DEV-01,2024-01-02 14:56:05,178.17,0.3563,14.2538,35,Success,Purchase,Pathein,MMK,False
TXN-20240102-0004178,WALL-0018204,MERCH-00408,PM-01,DEV-01,2024-01-02 17:03:48,364.3,0.0,0.0,36,Success,Payment,Pathein,MMK,False
TXN-20240102-0004179,WALL-0008088,MERCH-00139,PM-01,DEV-01,2024-01-02 19:03:52,75.18,0.0,3.7589,7,Success,Purchase,Myitkyina,MMK,False
TXN-20240102-0004180,WALL-0026905,MERCH-00121,PM-02,DEV-01,2024-01-02 19:26:16,74.55,0.1491,0.0,7,Success,Purchase,Manila,IDR,False
TXN-20240102-0004181,WALL-0060513,MERCH-00293,PM-01,DEV-05,2024-01-02 17:51:21,100.0,0.0,8.0,20,Success,Purchase,Bago,MMK,False
TXN-20240102-0004182,WALL-0145617,MERCH-00415,PM-02,DEV-01,2024-01-02 14:30:13,322.99,0.646,0.0,32,Success,Payment,Yangon,MMK,False
TXN-20240102-0004183,WALL-0060158,MERCH-00077,PM-01,DEV-03,2024-01-02 15:05:09,17.9,0.0,0.358,1,Success,Purchase,Yangon,MMK,False
TXN-20240102-0004184,WALL-0138635,MERCH-00080,PM-01,DEV-01,2024-01-02 10:46:57,15.12,0.0,0.3025,1,Success,Purchase,Pathein,MMK,False
TXN-20240102-0004185,WALL-0017828,MERCH-00118,PM-03,DEV-01,2024-01-02 15:11:54,83.07,0.6646,0.0,8,Success,Purchase,Bali,IDR,False
TXN-20240102-0004186,WALL-0007827,MERCH-00253,PM-01,DEV-02,2024-01-02 10:02:22,29.24,0.0,0.0,2,Success,Subscription,Khon Kaen,THB,False
TXN-20240102-0004187,WALL-0026135,MERCH-00128,PM-03,DEV-01,2024-01-02 12:08:09,36.07,0.2885,0.0,3,Success,Purchase,Yangon,MMK,False
TXN-20240102-0004188,WALL-0057279,MERCH-00017,PM-02,DEV-01,2024-01-02 19:52:28,28.66,0.0573,0.5732,2,Success,Purchase,Hanoi,VND,False
TXN-20240102-0004189,WALL-0104552,MERCH-00340,PM-02,DEV-01,2024-01-02 19:05:33,42.33,0.0847,0.0,4,Success,Bill Payment,Yangon,MMK,False
TXN-20240102-0004190,WALL-0081148,MERCH-00204,PM-05,DEV-05,2024-01-02 16:35:32,29.44,0.0,0.0,2,Success,Purchase,Ahmedabad,INR,False
TXN-20240102-0004191,WALL-0139876,MERCH-00412,PM-01,DEV-01,2024-01-02 15:51:30,276.27,0.0,0.0,27,Success,Payment,Mawlamyine,MMK,False
TXN-20240102-0004192,WALL-0119683,MERCH-00412,PM-04,DEV-02,2024-01-02 12:33:02,25.94,0.5187,0.0,2,Success,Payment,Mandalay,MMK,False
TXN-20240102-0004193,WALL-0029385,MERCH-00100,PM-04,DEV-01,2024-01-02 13:30:16,25.72,0.5143,0.0,2,Success,Purchase,Surabaya,IDR,False
TXN-20240102-0004194,WALL-0148646,MERCH-00201,PM-01,DEV-03,2024-01-02 15:47:24,5.36,0.0,0.0,0,Success,Purchase,Ahmedabad,INR,False
TXN-20240102-0004195,WALL-0100512,MERCH-00282,PM-01,DEV-02,2024-01-02 14:27:55,643.07,0.0,51.4456,128,Success,Purchase,Taunggyi,MMK,False
TXN-20240102-0004196,WALL-0072002,MERCH-00202,PM-02,DEV-02,2024-01-02 12:01:55,5.16,0.0103,0.0,0,Success,Purchase,Singapore,SGD,False
TXN-20240102-0004197,WALL-0122776,MERCH-00050,PM-01,DEV-01,2024-01-02 19:52:11,26.1,0.0,0.5221,2,Success,Purchase,Naypyidaw,MMK,False
TXN-20240102-0004198,WALL-0143201,MERCH-00318,PM-03,DEV-01,2024-01-02 11:31:14,60.03,0.4802,0.0,6,Success,Bill Payment,Hyderabad,INR,False
TXN-20240102-0004199,WALL-0147799,MERCH-00132,PM-01,DEV-03,2024-01-02 20:46:06,879.65,0.0,43.9824,87,Success,Purchase,Delhi,INR,False
TXN-20240102-0004200,WALL-0052280,MERCH-00310,PM-02,DEV-03,2024-01-02 19:51:00,937.46,1.8749,74.997,187,Success,Purchase,Lahore,PKR,False
TXN-20240102-0004201,WALL-0074319,MERCH-00173,PM-03,DEV-01,2024-01-02 20:43:47,1019.26,8.1541,50.9632,101,Success,Purchase,Bandung,IDR,False
TXN-20240102-0004202,WALL-0123493,MERCH-00464,PM-02,DEV-01,2024-01-02 07:21:14,136.92,0.2738,0.0,13,Success,Payment,Yangon,MMK,False
TXN-20240102-0004203,WALL-0090122,MERCH-00373,PM-03,DEV-02,2024-01-02 06:50:45,86.67,0.6934,0.0,8,Success,Purchase,Davao,PHP,False
TXN-20240102-0004204,WALL-0082197,MERCH-00102,PM-01,DEV-01,2024-01-02 13:03:08,38.25,0.0,0.0,3,Success,Purchase,Mandalay,MMK,False
TXN-20240102-0004205,WALL-0054430,MERCH-00265,PM-01,DEV-01,2024-01-02 13:33:02,6.06,0.0,0.0,0,Success,Subscription,Penang,MYR,False
TXN-20240102-0004206,WALL-0029404,MERCH-00323,PM-05,DEV-02,2024-01-02 23:15:12,122.22,0.0,0.0,12,Success,Bill Payment,Naypyidaw,MMK,False
TXN-20240102-0004207,WALL-0074576,MERCH-00016,PM-03,DEV-02,2024-01-02 15:51:08,23.06,0.1845,0.4613,2,Success,Purchase,Bago,MMK,False
TXN-20240102-0004208,WALL-0102441,MERCH-00324,PM-01,DEV-02,2024-01-02 19:17:45,241.07,0.0,0.0,24,Success,Bill Payment,Naypyidaw,MMK,False
TXN-20240102-0004209,WALL-0089771,MERCH-00218,PM-03,DEV-01,2024-01-02 17:15:04,10.7,0.0856,0.0,1,Success,Purchase,Mandalay,MMK,False
TXN-20240102-0004210,WALL-0020207,MERCH-00477,PM-03,DEV-01,2024-01-02 17:03:16,133.83,1.0706,0.0,13,Success,Payment,Taunggyi,MMK,False
TXN-20240102-0004211,WALL-0145540,MERCH-00421,PM-02,DEV-04,2024-01-02 14:36:22,20.0,0.04,0.0,2,Success,Payment,Pathein,MMK,False
TXN-20240102-0004212,WALL-0002854,MERCH-00036,PM-02,DEV-01,2024-01-02 20:31:06,10.95,0.0219,0.2189,1,Success,Purchase,Pattaya,THB,False
TXN-20240102-0004213,WALL-0085485,MERCH-00027,PM-02,DEV-03,2024-01-02 21:34:58,12.83,0.0257,0.2567,1,Success,Purchase,Islamabad,PKR,False
TXN-20240102-0004214,WALL-0045491,MERCH-00019,PM-04,DEV-01,2024-01-02 01:53:08,43.6,0.8721,0.8721,4,Success,Purchase,Khon Kaen,THB,False
TXN-20240102-0004215,WALL-0053796,MERCH-00032,PM-01,DEV-01,2024-01-02 17:48:06,29.78,0.0,0.5955,2,Success,Purchase,Naypyidaw,MMK,False
TXN-20240102-0004216,WALL-0000804,MERCH-00133,PM-01,DEV-02,2024-01-02 16:00:48,34.77,0.0,1.7386,3,Success,Purchase,Yangon,MMK,False
TXN-20240102-0004217,WALL-0106336,MERCH-00082,PM-01,DEV-02,2024-01-02 04:41:34,105.13,0.0,0.0,0,Pending,Purchase,Mumbai,INR,False
TXN-20240102-0004218,WALL-0039454,MERCH-00024,PM-01,DEV-01,2024-01-02 20:59:59,7.45,0.0,0.149,0,Success,Purchase,Bangalore,INR,False
TXN-20240102-0004219,WALL-0023083,MERCH-00338,PM-04,DEV-03,2024-01-02 14:59:01,63.51,1.2703,0.0,6,Success,Bill Payment,Hyderabad,INR,False
TXN-20240102-0004220,WALL-0031116,MERCH-00275,PM-02,DEV-03,2024-01-02 19:03:23,782.04,1.5641,62.5628,156,Success,Purchase,Penang,MYR,False
TXN-20240102-0004221,WALL-0115306,MERCH-00192,PM-03,DEV-02,2024-01-02 21:03:36,41.44,0.3315,0.0,4,Success,Purchase,Mawlamyine,MMK,False
TXN-20240102-0004222,WALL-0036787,MERCH-00012,PM-02,DEV-04,2024-01-02 18:07:21,7.89,0.0158,0.1577,0,Success,Purchase,Pokhara,MMK,False
TXN-20240102-0004223,WALL-0062406,MERCH-00036,PM-04,DEV-01,2024-01-02 14:03:31,28.59,0.5717,0.5717,2,Success,Purchase,Taunggyi,MMK,False
TXN-20240102-0004224,WALL-0046991,MERCH-00106,PM-02,DEV-01,2024-01-02 07:08:45,43.69,0.0874,0.0,4,Success,Purchase,Lahore,PKR,False
TXN-20240102-0004225,WALL-0091339,MERCH-00438,PM-02,DEV-01,2024-01-02 17:11:28,573.73,1.1475,0.0,57,Success,Tax Payment,Jaipur,INR,False
TXN-20240102-0004226,WALL-0049596,MERCH-00307,PM-04,DEV-01,2024-01-02 18:06:54,1758.65,35.173,140.692,351,Success,Purchase,Myitkyina,MMK,False
TXN-20240102-0004227,WALL-0087291,MERCH-00420,PM-04,DEV-01,2024-01-02 20:10:41,49.78,0.9957,0.0,4,Success,Payment,Pattaya,THB,False
TXN-20240102-0004228,WALL-0084701,MERCH-00128,PM-03,DEV-04,2024-01-02 12:16:12,54.67,0.4373,0.0,5,Success,Purchase,Medan,IDR,False
TXN-20240102-0004229,WALL-0101594,MERCH-00176,PM-02,DEV-03,2024-01-02 15:00:18,48.44,0.0969,2.4222,4,Success,Purchase,Bago,MMK,False
TXN-20240102-0004230,WALL-0084669,MERCH-00148,PM-01,DEV-01,2024-01-02 18:50:44,64.16,0.0,3.2081,6,Success,Purchase,Davao,PHP,False
TXN-20240102-0004231,WALL-0102510,MERCH-00132,PM-02,DEV-02,2024-01-02 14:27:11,141.87,0.2837,7.0936,14,Success,Purchase,Cebu City,PHP,False
TXN-20240102-0004232,WALL-0129062,MERCH-00122,PM-04,DEV-04,2024-01-02 18:47:55,59.08,1.1817,0.0,5,Success,Purchase,Hanoi,VND,False
TXN-20240102-0004233,WALL-0033948,MERCH-00083,PM-04,DEV-01,2024-01-02 13:25:52,131.41,2.6281,0.0,13,Success,Purchase,Naypyidaw,MMK,False
TXN-20240102-0004234,WALL-0093943,MERCH-00260,PM-01,DEV-02,2024-01-02 15:20:58,15.13,0.0,0.0,1,Success,Subscription,Kolkata,INR,False
TXN-20240102-0004235,WALL-0046101,MERCH-00024,PM-01,DEV-01,2024-01-02 16:38:24,9.76,0.0,0.1951,0,Success,Purchase,Naypyidaw,MMK,False
TXN-20240102-0004236,WALL-0128822,MERCH-00341,PM-04,DEV-02,2024-01-02 14:49:44,68.41,1.3683,0.0,6,Success,Bill Payment,Bago,MMK,False
TXN-20240102-0004237,WALL-0097204,MERCH-00045,PM-01,DEV-01,2024-01-02 12:52:22,5.09,0.0,0.1018,0,Success,Purchase,Phnom Penh,KHR,False
TXN-20240102-0004238,WALL-0140631,MERCH-00229,PM-01,DEV-02,2024-01-02 20:06:35,6.53,0.0,0.0,0,Success,Purchase,Kolkata,MMK,False
TXN-20240102-0004239,WALL-0074381,MERCH-00379,PM-04,DEV-01,2024-01-02 10:57:25,63.45,1.269,0.0,6,Success,Purchase,Islamabad,BDT,False
TXN-20240102-0004240,WALL-0134012,MERCH-00119,PM-01,DEV-02,2024-01-02 18:00:02,55.18,0.0,0.0,5,Success,Purchase,Singapore,SGD,False
TXN-20240102-0004241,WALL-0101120,MERCH-00004,PM-02,DEV-02,2024-01-02 19:22:48,24.32,0.0486,0.4863,2,Success,Purchase,Pattaya,THB,False
TXN-20240102-0004242,WALL-0022240,MERCH-00360,PM-03,DEV-03,2024-01-02 14:59:52,27.57,0.2205,0.0,2,Success,Bill Payment,Chiang Mai,THB,False
TXN-20240102-0004243,WALL-0006358,MERCH-00320,PM-04,DEV-04,2024-01-02 18:55:19,83.18,1.6637,0.0,8,Success,Bill Payment,Surabaya,IDR,False
TXN-20240102-0004244,WALL-0025463,MERCH-00334,PM-01,DEV-01,2024-01-02 17:12:51,48.63,0.0,0.0,4,Success,Bill Payment,Singapore,SGD,False
TXN-20240102-0004245,WALL-0036348,MERCH-00371,PM-01,DEV-02,2024-01-02 16:08:40,53.17,0.0,0.0,0,Failed,Purchase,Kolkata,INR,False
TXN-20240102-0004246,WALL-0080726,MERCH-00313,PM-03,DEV-01,2024-01-02 21:31:40,65.25,0.522,0.0,6,Success,Bill Payment,Kuala Lumpur,KHR,False
TXN-20240102-0004247,WALL-0079270,MERCH-00219,PM-03,DEV-05,2024-01-02 23:48:59,30.77,0.2461,0.0,3,Success,Purchase,Pune,INR,False
TXN-20240102-0004248,WALL-0005661,MERCH-00276,PM-01,DEV-02,2024-01-02 18:57:06,533.3,0.0,42.6637,106,Success,Purchase,Kandy,LKR,False
TXN-20240102-0004249,WALL-0111426,MERCH-00043,PM-01,DEV-02,2024-01-02 19:39:27,37.16,0.0,0.7432,3,Success,Purchase,Davao,MMK,False
TXN-20240102-0004250,WALL-0107649,MERCH-00307,PM-01,DEV-01,2024-01-02 13:11:08,441.74,0.0,35.3396,88,Success,Purchase,Davao,PHP,False
TXN-20240102-0004251,WALL-0041880,MERCH-00351,PM-03,DEV-01,2024-01-02 13:30:25,41.45,0.3316,0.0,4,Success,Bill Payment,Taunggyi,MMK,False
TXN-20240102-0004252,WALL-0098692,MERCH-00406,PM-04,DEV-02,2024-01-02 13:22:28,56.87,1.1374,0.0,5,Success,Payment,Chiang Mai,THB,False
TXN-20240102-0004253,WALL-0036949,MERCH-00293,PM-01,DEV-01,2024-01-02 21:43:00,664.72,0.0,53.1774,132,Success,Purchase,Yangon,MMK,False
TXN-20240102-0004254,WALL-0039342,MERCH-00055,PM-01,DEV-03,2024-01-02 15:04:56,16.64,0.0,0.3328,1,Success,Purchase,Taunggyi,MMK,False
TXN-20240102-0004255,WALL-0019884,MERCH-00086,PM-02,DEV-01,2024-01-02 12:42:56,35.89,0.0718,0.0,3,Success,Purchase,Hyderabad,INR,False
TXN-20240102-0004256,WALL-0096353,MERCH-00046,PM-02,DEV-01,2024-01-02 19:17:45,69.81,0.1396,1.3963,6,Success,Purchase,Da Nang,IDR,False
TXN-20240102-0004257,WALL-0129242,MERCH-00150,PM-04,DEV-02,2024-01-02 21:13:28,90.52,1.8103,4.5258,9,Success,Purchase,Ho Chi Minh City,VND,False
TXN-20240102-0004258,WALL-0061878,MERCH-00052,PM-05,DEV-01,2024-01-02 13:31:57,32.42,0.0,0.0,0,Pending,Purchase,Bago,MMK,False
TXN-20240102-0004259,WALL-0016108,MERCH-00440,PM-05,DEV-03,2024-01-02 07:39:15,101.74,0.0,0.0,10,Success,Tax Payment,Islamabad,PKR,False
TXN-20240102-0004260,WALL-0140323,MERCH-00012,PM-01,DEV-02,2024-01-02 20:33:49,21.89,0.0,0.4378,2,Success,Purchase,Kandy,LKR,False
TXN-20240102-0004261,WALL-0028637,MERCH-00175,PM-03,DEV-01,2024-01-02 07:55:50,771.27,6.1701,38.5633,77,Success,Purchase,Khon Kaen,THB,False
TXN-20240102-0004262,WALL-0048347,MERCH-00074,PM-01,DEV-02,2024-01-02 18:54:05,24.93,0.0,0.4987,2,Success,Purchase,Ahmedabad,INR,False
TXN-20240102-0004263,WALL-0076646,MERCH-00312,PM-02,DEV-01,2024-01-02 15:27:47,46.57,0.0931,0.0,4,Success,Bill Payment,Bago,MMK,False
TXN-20240102-0004264,WALL-0140110,MERCH-00202,PM-02,DEV-01,2024-01-02 14:49:36,5.26,0.0105,0.0,0,Success,Purchase,Singapore,IDR,False
TXN-20240102-0004265,WALL-0131176,MERCH-00205,PM-04,DEV-02,2024-01-02 18:04:40,12.02,0.2403,0.0,1,Success,Purchase,Bago,MMK,False
TXN-20240102-0004266,WALL-0142364,MERCH-00363,PM-04,DEV-04,2024-01-02 16:41:31,34.8,0.6961,0.0,3,Success,Bill Payment,Naypyidaw,MMK,False
TXN-20240102-0004267,WALL-0110097,MERCH-00050,PM-01,DEV-01,2024-01-02 02:20:12,18.18,0.0,0.0,0,Failed,Purchase,Mawlamyine,MMK,False
TXN-20240102-0004268,WALL-0002343,MERCH-00448,PM-01,DEV-01,2024-01-02 08:22:02,58.79,0.0,0.0,5,Success,Tax Payment,Myitkyina,MMK,False
TXN-20240102-0004269,WALL-0144525,MERCH-00013,PM-01,DEV-02,2024-01-02 20:58:25,52.69,0.0,1.0537,5,Success,Purchase,Myitkyina,MMK,False
TXN-20240102-0004270,WALL-0065118,MERCH-00024,PM-03,DEV-01,2024-01-02 07:39:47,46.97,0.3757,0.9393,4,Success,Purchase,Pokhara,NPR,False
TXN-20240102-0004271,WALL-0108977,MERCH-00039,PM-03,DEV-01,2024-01-02 17:40:00,8.71,0.0697,0.1742,0,Success,Purchase,Penang,MYR,False
TXN-20240102-0004272,WALL-0042450,MERCH-00097,PM-01,DEV-02,2024-01-02 19:44:00,111.22,0.0,0.0,11,Success,Purchase,Medan,IDR,False
TXN-20240102-0004273,WALL-0009370,MERCH-00223,PM-02,DEV-02,2024-01-02 09:23:57,16.23,0.0325,0.0,1,Success,Purchase,Ahmedabad,INR,False
TXN-20240102-0004274,WALL-0099011,MERCH-00165,PM-04,DEV-01,2024-01-02 18:52:20,289.73,5.7947,0.0,0,Failed,Purchase,Pathein,MMK,False
TXN-20240102-0004275,WALL-0008234,MERCH-00033,PM-01,DEV-01,2024-01-02 18:49:52,16.36,0.0,0.3271,1,Success,Purchase,Myitkyina,MMK,False
TXN-20240102-0004276,WALL-0019994,MERCH-00245,PM-04,DEV-02,2024-01-02 20:50:30,17.91,0.3582,0.0,1,Success,Subscription,Da Nang,VND,False
TXN-20240102-0004277,WALL-0036482,MERCH-00325,PM-04,DEV-01,2024-01-02 18:27:58,65.27,1.3055,0.0,6,Success,Bill Payment,Mawlamyine,PHP,False
TXN-20240102-0004278,WALL-0016253,MERCH-00389,PM-01,DEV-01,2024-01-02 04:14:05,111.99,0.0,0.0,11,Success,Purchase,Phuket,THB,False
TXN-20240102-0004279,WALL-0119634,MERCH-00446,PM-02,DEV-01,2024-01-02 16:04:55,1250.93,2.5019,0.0,125,Success,Tax Payment,Surabaya,IDR,False
TXN-20240102-0004280,WALL-0072732,MERCH-00251,PM-03,DEV-01,2024-01-02 20:40:18,52.38,0.419,0.0,5,Success,Subscription,Yangon,MMK,False
TXN-20240102-0004281,WALL-0012442,MERCH-00401,PM-01,DEV-01,2024-01-02 08:52:47,102.68,0.0,0.0,10,Success,Payment,Dhaka,BDT,False
TXN-20240102-0004282,WALL-0122491,MERCH-00253,PM-04,DEV-03,2024-01-02 10:15:59,11.88,0.2376,0.0,1,Success,Subscription,Singapore,SGD,False
TXN-20240102-0004283,WALL-0118912,MERCH-00329,PM-02,DEV-01,2024-01-02 16:51:12,103.23,0.2065,0.0,10,Success,Bill Payment,Cebu City,PHP,False
TXN-20240102-0004284,WALL-0113843,MERCH-00421,PM-01,DEV-05,2024-01-02 13:19:35,109.01,0.0,0.0,10,Success,Payment,Manila,PHP,False
TXN-20240102-0004285,WALL-0109052,MERCH-00010,PM-04,DEV-02,2024-01-02 12:45:35,46.3,0.926,0.926,4,Success,Purchase,Mandalay,MMK,False
TXN-20240102-0004286,WALL-0131867,MERCH-00112,PM-04,DEV-02,2024-01-02 14:50:10,70.59,1.4118,0.0,7,Success,Purchase,Jakarta,IDR,False
TXN-20240102-0004287,WALL-0140700,MERCH-00022,PM-01,DEV-01,2024-01-02 19:14:32,13.5,0.0,0.27,1,Success,Purchase,Kandy,LKR,False
TXN-20240102-0004288,WALL-0039768,MERCH-00059,PM-01,DEV-01,2024-01-02 17:20:40,17.87,0.0,0.3574,1,Success,Purchase,Ahmedabad,INR,False
TXN-20240102-0004289,WALL-0044460,MERCH-00063,PM-02,DEV-01,2024-01-02 06:24:28,14.15,0.0283,0.283,1,Success,Purchase,Phnom Penh,KHR,False
TXN-20240102-0004290,WALL-0090624,MERCH-00283,PM-01,DEV-01,2024-01-02 09:18:02,203.3,0.0,16.2642,40,Success,Purchase,Bangalore,INR,False
TXN-20240102-0004291,WALL-0070965,MERCH-00450,PM-02,DEV-01,2024-01-02 21:01:22,351.94,0.7039,0.0,35,Success,Tax Payment,Kandy,LKR,False
TXN-20240102-0004292,WALL-0066727,MERCH-00036,PM-01,DEV-02,2024-01-02 20:11:42,28.72,0.0,0.5744,2,Success,Purchase,Penang,MYR,False
TXN-20240102-0004293,WALL-0037302,MERCH-00036,PM-03,DEV-01,2024-01-02 20:05:27,34.0,0.272,0.68,3,Success,Purchase,Hanoi,VND,False
TXN-20240102-0004294,WALL-0073855,MERCH-00191,PM-03,DEV-01,2024-01-02 14:40:24,26.27,0.2102,0.0,2,Success,Purchase,Bago,MMK,False
TXN-20240102-0004295,WALL-0142156,MERCH-00254,PM-01,DEV-01,2024-01-02 21:01:10,14.47,0.0,0.0,1,Success,Subscription,Jakarta,MYR,False
TXN-20240102-0004296,WALL-0029952,MERCH-00158,PM-03,DEV-01,2024-01-02 10:33:57,108.06,0.8645,5.4028,10,Success,Purchase,Bali,PHP,False
TXN-20240102-0004297,WALL-0091023,MERCH-00031,PM-04,DEV-01,2024-01-02 20:04:46,9.93,0.1986,0.1986,0,Success,Purchase,Myitkyina,MMK,False
TXN-20240102-0004298,WALL-0126265,MERCH-00429,PM-04,DEV-03,2024-01-02 10:29:10,63.04,1.2608,0.0,6,Success,Payment,Naypyidaw,MMK,False
TXN-20240102-0004299,WALL-0145048,MERCH-00176,PM-01,DEV-03,2024-01-02 10:40:56,346.27,0.0,17.3136,34,Success,Purchase,Mawlamyine,MMK,False
TXN-20240102-0004300,WALL-0008139,MERCH-00316,PM-02,DEV-01,2024-01-02 14:07:24,76.41,0.1528,0.0,7,Success,Bill Payment,Colombo,LKR,False
TXN-20240102-0004301,WALL-0114068,MERCH-00127,PM-03,DEV-03,2024-01-02 17:33:48,15.52,0.1242,0.0,1,Success,Purchase,Pathein,MMK,False
TXN-20240102-0004302,WALL-0007638,MERCH-00227,PM-01,DEV-02,2024-01-02 20:28:51,17.38,0.0,0.0,1,Success,Purchase,Pattaya,THB,False
TXN-20240102-0004303,WALL-0025404,MERCH-00161,PM-01,DEV-02,2024-01-02 15:50:35,845.65,0.0,42.2825,84,Success,Purchase,Phuket,THB,False
TXN-20240102-0004304,WALL-0043474,MERCH-00128,PM-04,DEV-05,2024-01-02 04:46:03,33.02,0.6603,0.0,3,Success,Purchase,Mandalay,MMK,False
TXN-20240102-0004305,WALL-0036003,MERCH-00076,PM-04,DEV-01,2024-01-02 02:40:02,13.48,0.2695,0.2695,1,Success,Purchase,Karachi,PKR,False
TXN-20240102-0004306,WALL-0065827,MERCH-00329,PM-03,DEV-01,2024-01-02 13:53:57,62.98,0.5038,0.0,6,Success,Bill Payment,Cebu City,PHP,False
TXN-20240102-0004307,WALL-0073907,MERCH-00047,PM-01,DEV-01,2024-01-02 14:57:14,44.32,0.0,0.8865,4,Success,Purchase,Da Nang,VND,False
TXN-20240102-0004308,WALL-0099835,MERCH-00057,PM-01,DEV-02,2024-01-02 23:07:45,13.75,0.0,0.2749,1,Success,Purchase,Hanoi,VND,False
TXN-20240102-0004309,WALL-0113489,MERCH-00425,PM-02,DEV-01,2024-01-02 19:42:42,88.28,0.1766,0.0,8,Success,Payment,Lahore,PKR,False
TXN-20240102-0004310,WALL-0005818,MERCH-00498,PM-04,DEV-01,2024-01-02 15:23:16,442.06,8.8412,0.0,44,Success,Payment,Jakarta,IDR,False
TXN-20240102-0004311,WALL-0109368,MERCH-00450,PM-02,DEV-01,2024-01-02 20:21:14,59.51,0.119,0.0,5,Success,Tax Payment,Penang,MYR,False
TXN-20240102-0004312,WALL-0010714,MERCH-00039,PM-04,DEV-01,2024-01-02 14:41:58,11.22,0.2245,0.2245,1,Success,Purchase,Pathein,MMK,False
TXN-20240102-0004313,WALL-0113814,MERCH-00250,PM-05,DEV-01,2024-01-02 21:05:50,56.89,0.0,0.0,5,Success,Subscription,Johor Bahru,MMK,False
TXN-20240102-0004314,WALL-0147929,MERCH-00307,PM-01,DEV-01,2024-01-02 19:19:19,1953.41,0.0,156.273,390,Success,Purchase,Da Nang,VND,False
TXN-20240102-0004315,WALL-0106518,MERCH-00253,PM-03,DEV-01,2024-01-02 16:00:49,11.96,0.0957,0.0,1,Success,Subscription,Taunggyi,MMK,False
TXN-20240102-0004316,WALL-0036657,MERCH-00338,PM-03,DEV-02,2024-01-02 09:03:56,52.28,0.4183,0.0,5,Success,Bill Payment,Pathein,MMK,False
TXN-20240102-0004317,WALL-0044409,MERCH-00078,PM-01,DEV-03,2024-01-02 20:21:22,22.2,0.0,0.444,2,Success,Purchase,Mawlamyine,MMK,False
TXN-20240102-0004318,WALL-0138604,MERCH-00046,PM-03,DEV-01,2024-01-02 12:39:53,41.98,0.3358,0.8395,4,Success,Purchase,Pathein,MMK,False
TXN-20240102-0004319,WALL-0001852,MERCH-00034,PM-02,DEV-02,2024-01-02 20:27:22,9.41,0.0188,0.1881,0,Success,Purchase,Karachi,PKR,False
TXN-20240102-0004320,WALL-0088864,MERCH-00327,PM-03,DEV-04,2024-01-02 20:05:42,65.79,0.5263,0.0,6,Success,Bill Payment,Bandung,IDR,False
TXN-20240102-0004321,WALL-0030328,MERCH-00119,PM-03,DEV-01,2024-01-02 06:12:28,96.68,0.7734,0.0,9,Success,Purchase,Myitkyina,MMK,False
TXN-20240102-0004322,WALL-0022542,MERCH-00160,PM-02,DEV-03,2024-01-02 19:59:18,50.07,0.1001,2.5034,5,Success,Purchase,Manila,PHP,False
TXN-20240102-0004323,WALL-0149215,MERCH-00066,PM-01,DEV-01,2024-01-02 11:24:23,19.68,0.0,0.3936,1,Success,Purchase,Bangkok,THB,False
TXN-20240102-0004324,WALL-0102865,MERCH-00415,PM-01,DEV-02,2024-01-02 07:01:53,84.3,0.0,0.0,0,Failed,Payment,Taunggyi,MMK,False
TXN-20240102-0004325,WALL-0149793,MERCH-00206,PM-01,DEV-01,2024-01-02 13:09:57,6.94,0.0,0.0,0,Success,Purchase,Yangon,MMK,False
TXN-20240102-0004326,WALL-0092420,MERCH-00342,PM-02,DEV-02,2024-01-02 16:57:13,25.01,0.05,0.0,2,Success,Bill Payment,Kuala Lumpur,MYR,False
TXN-20240102-0004327,WALL-0038955,MERCH-00144,PM-03,DEV-03,2024-01-02 09:55:52,22.4,0.1792,1.1202,2,Success,Purchase,Phnom Penh,KHR,False
TXN-20240102-0004328,WALL-0124839,MERCH-00461,PM-02,DEV-03,2024-01-02 15:17:29,945.23,1.8905,0.0,94,Success,Payment,Kuala Lumpur,MMK,False
TXN-20240102-0004329,WALL-0036778,MERCH-00015,PM-04,DEV-02,2024-01-02 23:30:05,14.09,0.2817,0.2817,1,Success,Purchase,Yangon,MMK,False
TXN-20240102-0004330,WALL-0071383,MERCH-00022,PM-02,DEV-05,2024-01-02 21:41:00,14.08,0.0282,0.2817,1,Success,Purchase,Mawlamyine,MMK,False
TXN-20240102-0004331,WALL-0071852,MERCH-00379,PM-02,DEV-01,2024-01-02 09:25:43,67.28,0.1346,0.0,6,Success,Purchase,Chiang Mai,THB,False
TXN-20240102-0004332,WALL-0123622,MERCH-00382,PM-02,DEV-01,2024-01-02 07:38:09,37.47,0.0749,0.0,3,Success,Purchase,Manila,PHP,False
TXN-20240102-0004333,WALL-0000555,MERCH-00011,PM-03,DEV-03,2024-01-02 13:25:55,28.38,0.227,0.5675,2,Success,Purchase,Jakarta,IDR,False
TXN-20240102-0004334,WALL-0021709,MERCH-00251,PM-04,DEV-01,2024-01-02 15:53:23,6.71,0.1342,0.0,0,Success,Subscription,Khon Kaen,THB,False
TXN-20240102-0004335,WALL-0083198,MERCH-00116,PM-01,DEV-03,2024-01-02 12:14:20,10.38,0.0,0.0,1,Success,Purchase,Bangkok,THB,False
TXN-20240102-0004336,WALL-0109358,MERCH-00344,PM-03,DEV-01,2024-01-02 07:05:54,22.32,0.1786,0.0,2,Success,Bill Payment,Pathein,MMK,False
TXN-20240102-0004337,WALL-0043612,MERCH-00103,PM-01,DEV-01,2024-01-02 12:39:02,103.98,0.0,0.0,10,Success,Purchase,Quezon City,PHP,False
TXN-20240102-0004338,WALL-0138176,MERCH-00120,PM-04,DEV-01,2024-01-02 19:42:48,44.17,0.8833,0.0,4,Success,Purchase,Colombo,LKR,False
TXN-20240102-0004339,WALL-0058863,MERCH-00119,PM-01,DEV-01,2024-01-02 14:06:29,61.07,0.0,0.0,6,Success,Purchase,Phuket,KHR,False
TXN-20240102-0004340,WALL-0018093,MERCH-00067,PM-01,DEV-01,2024-01-02 15:23:52,37.94,0.0,0.7588,3,Success,Purchase,Myitkyina,MMK,False
TXN-20240102-0004341,WALL-0118825,MERCH-00135,PM-03,DEV-05,2024-01-02 17:50:11,47.65,0.3812,2.3826,4,Success,Purchase,Kathmandu,NPR,False
TXN-20240102-0004342,WALL-0130525,MERCH-00070,PM-03,DEV-01,2024-01-02 15:57:57,26.55,0.2124,0.531,2,Success,Purchase,Phuket,THB,False
TXN-20240102-0004343,WALL-0107350,MERCH-00025,PM-02,DEV-01,2024-01-02 12:16:42,10.79,0.0216,0.2158,1,Success,Purchase,Myitkyina,MMK,False
TXN-20240102-0004344,WALL-0101917,MERCH-00224,PM-01,DEV-03,2024-01-02 08:26:27,32.58,0.0,0.0,3,Success,Purchase,Khon Kaen,THB,False
TXN-20240102-0004345,WALL-0078000,MERCH-00031,PM-02,DEV-01,2024-01-02 20:19:15,8.0,0.016,0.1599,0,Success,Purchase,Bangalore,INR,False
TXN-20240102-0004346,WALL-0058256,MERCH-00178,PM-02,DEV-02,2024-01-02 20:56:04,72.97,0.1459,3.6486,7,Success,Purchase,Pokhara,NPR,False
TXN-20240102-0004347,WALL-0015932,MERCH-00321,PM-02,DEV-02,2024-01-02 19:23:10,46.39,0.0928,0.0,4,Success,Bill Payment,Islamabad,PKR,False
TXN-20240102-0004348,WALL-0017191,MERCH-00249,PM-05,DEV-01,2024-01-02 20:01:49,11.22,0.0,0.0,1,Success,Subscription,Naypyidaw,MMK,False
TXN-20240102-0004349,WALL-0115066,MERCH-00124,PM-03,DEV-04,2024-01-02 13:31:13,58.98,0.4718,0.0,5,Success,Purchase,Khon Kaen,THB,False
TXN-20240102-0004350,WALL-0011837,MERCH-00226,PM-03,DEV-02,2024-01-02 11:35:15,8.32,0.0665,0.0,0,Success,Purchase,Bangalore,MMK,False
TXN-20240102-0004351,WALL-0115065,MERCH-00410,PM-03,DEV-01,2024-01-02 15:12:51,252.13,2.017,0.0,25,Success,Payment,Pathein,MMK,False
TXN-20240102-0004352,WALL-0088340,MERCH-00401,PM-03,DEV-01,2024-01-02 21:59:03,92.93,0.7434,0.0,9,Success,Payment,Yangon,MMK,False
TXN-20240102-0004353,WALL-0113033,MERCH-00215,PM-01,DEV-03,2024-01-02 15:15:19,19.64,0.0,0.0,1,Success,Purchase,Pattaya,THB,False
TXN-20240102-0004354,WALL-0035122,MERCH-00303,PM-01,DEV-01,2024-01-02 17:21:37,653.44,0.0,52.275,130,Success,Purchase,Lahore,PKR,False
TXN-20240102-0004355,WALL-0138832,MERCH-00003,PM-04,DEV-01,2024-01-02 18:18:10,30.62,0.6124,0.6124,3,Success,Purchase,Taunggyi,MMK,False
TXN-20240102-0004356,WALL-0112225,MERCH-00083,PM-03,DEV-01,2024-01-02 06:32:18,45.23,0.3618,0.0,4,Success,Purchase,Mawlamyine,MMK,False
TXN-20240102-0004357,WALL-0003759,MERCH-00442,PM-02,DEV-04,2024-01-02 12:19:51,2123.24,4.2465,0.0,212,Success,Tax Payment,Islamabad,PKR,False
TXN-20240102-0004358,WALL-0106646,MERCH-00223,PM-01,DEV-01,2024-01-02 02:21:55,28.86,0.0,0.0,2,Success,Purchase,Mawlamyine,MMK,True
TXN-20240102-0004359,WALL-0127824,MERCH-00492,PM-04,DEV-04,2024-01-02 19:08:12,75.94,1.5187,0.0,7,Success,Payment,Quezon City,PHP,False
TXN-20240102-0004360,WALL-0008145,MERCH-00203,PM-03,DEV-01,2024-01-02 12:36:59,8.7,0.0696,0.0,0,Success,Purchase,Manila,PHP,False
TXN-20240102-0004361,WALL-0125978,MERCH-00327,PM-01,DEV-01,2024-01-02 17:06:28,32.08,0.0,0.0,3,Success,Bill Payment,Kolkata,INR,False
TXN-20240102-0004362,WALL-0030876,MERCH-00388,PM-01,DEV-03,2024-01-02 21:10:41,146.84,0.0,0.0,14,Success,Purchase,Surabaya,IDR,False
TXN-20240102-0004363,WALL-0056437,MERCH-00348,PM-01,DEV-01,2024-01-02 15:39:09,17.42,0.0,0.0,1,Success,Bill Payment,Taunggyi,MMK,False
TXN-20240102-0004364,WALL-0104555,MERCH-00069,PM-02,DEV-01,2024-01-02 15:51:44,31.41,0.0628,0.6282,3,Success,Purchase,Mumbai,MMK,False
TXN-20240102-0004365,WALL-0106087,MERCH-00015,PM-02,DEV-01,2024-01-02 12:35:02,11.44,0.0229,0.2288,1,Success,Purchase,Lahore,PKR,False
TXN-20240102-0004366,WALL-0129620,MERCH-00191,PM-02,DEV-02,2024-01-02 12:08:08,12.57,0.0251,0.0,1,Success,Purchase,Naypyidaw,MMK,False
TXN-20240102-0004367,WALL-0073051,MERCH-00146,PM-02,DEV-05,2024-01-02 12:46:15,65.0,0.13,3.2501,6,Success,Purchase,Pattaya,THB,False
TXN-20240102-0004368,WALL-0024646,MERCH-00249,PM-02,DEV-02,2024-01-02 15:44:24,11.0,0.022,0.0,1,Success,Subscription,Phnom Penh,INR,False
TXN-20240102-0004369,WALL-0107255,MERCH-00388,PM-03,DEV-01,2024-01-02 12:31:00,76.39,0.6111,0.0,7,Success,Purchase,Taunggyi,MMK,False
TXN-20240102-0004370,WALL-0128876,MERCH-00257,PM-04,DEV-02,2024-01-02 16:20:06,12.65,0.253,0.0,0,Failed,Subscription,Chennai,INR,False
TXN-20240102-0004371,WALL-0067762,MERCH-00410,PM-01,DEV-01,2024-01-02 13:14:26,38.97,0.0,0.0,3,Success,Payment,Pathein,MMK,False
TXN-20240102-0004372,WALL-0011660,MERCH-00064,PM-04,DEV-01,2024-01-02 14:36:24,16.29,0.3259,0.3259,1,Success,Purchase,Taunggyi,MMK,False
TXN-20240102-0004373,WALL-0118134,MERCH-00390,PM-02,DEV-01,2024-01-02 05:50:59,71.25,0.1425,0.0,7,Success,Purchase,Singapore,SGD,False
TXN-20240102-0004374,WALL-0097497,MERCH-00182,PM-01,DEV-03,2024-01-02 19:07:13,24.84,0.0,1.2421,2,Success,Purchase,Taunggyi,MMK,False
TXN-20240102-0004375,WALL-0149813,MERCH-00168,PM-04,DEV-01,2024-01-02 16:23:15,245.24,4.9047,12.2619,24,Success,Purchase,Lahore,PKR,False
TXN-20240102-0004376,WALL-0061896,MERCH-00433,PM-04,DEV-01,2024-01-02 18:30:49,317.47,6.3494,0.0,31,Success,Tax Payment,Bago,MMK,False
TXN-20240102-0004377,WALL-0004525,MERCH-00167,PM-01,DEV-01,2024-01-02 19:45:27,35.21,0.0,1.7607,3,Success,Purchase,Yangon,MMK,False
TXN-20240102-0004378,WALL-0129892,MERCH-00286,PM-01,DEV-01,2024-01-02 11:36:35,100.0,0.0,8.0,20,Success,Purchase,Kolkata,MMK,False
TXN-20240102-0004379,WALL-0015790,MERCH-00367,PM-01,DEV-01,2024-01-02 15:53:20,28.52,0.0,0.0,2,Success,Bill Payment,Phnom Penh,MMK,False
TXN-20240102-0004380,WALL-0008629,MERCH-00375,PM-02,DEV-01,2024-01-02 06:58:40,20.0,0.04,0.0,2,Success,Purchase,Islamabad,PHP,False
TXN-20240102-0004381,WALL-0093192,MERCH-00111,PM-03,DEV-02,2024-01-02 06:24:51,39.12,0.313,0.0,3,Success,Purchase,Kathmandu,NPR,False
TXN-20240102-0004382,WALL-0006443,MERCH-00050,PM-04,DEV-01,2024-01-02 16:57:46,16.21,0.3242,0.3242,1,Success,Purchase,Davao,IDR,False
TXN-20240102-0004383,WALL-0104211,MERCH-00263,PM-04,DEV-02,2024-01-02 17:30:14,64.47,1.2893,0.0,6,Success,Subscription,Bago,MMK,False
TXN-20240102-0004384,WALL-0139792,MERCH-00312,PM-01,DEV-01,2024-01-02 19:55:03,59.73,0.0,0.0,5,Success,Bill Payment,Ahmedabad,MMK,False
TXN-20240102-0004385,WALL-0134599,MERCH-00355,PM-02,DEV-02,2024-01-02 19:06:09,56.98,0.114,0.0,5,Success,Bill Payment,Johor Bahru,MYR,False
TXN-20240102-0004386,WALL-0117809,MERCH-00085,PM-04,DEV-01,2024-01-02 19:45:43,62.07,1.2414,0.0,6,Success,Purchase,Bago,MMK,False
TXN-20240102-0004387,WALL-0009728,MERCH-00390,PM-02,DEV-01,2024-01-02 12:10:04,31.44,0.0629,0.0,3,Success,Purchase,Hyderabad,INR,False
TXN-20240102-0004388,WALL-0008123,MERCH-00220,PM-02,DEV-02,2024-01-02 19:02:21,10.84,0.0217,0.0,1,Success,Purchase,Bago,MMK,False
TXN-20240102-0004389,WALL-0005187,MERCH-00381,PM-01,DEV-01,2024-01-02 22:17:40,146.71,0.0,0.0,14,Success,Purchase,Medan,IDR,False
TXN-20240102-0004390,WALL-0027374,MERCH-00035,PM-01,DEV-01,2024-01-02 19:12:30,7.9,0.0,0.1579,0,Success,Purchase,Taunggyi,MMK,False
TXN-20240102-0004391,WALL-0081716,MERCH-00215,PM-02,DEV-04,2024-01-02 12:41:18,40.71,0.0814,0.0,0,Failed,Purchase,Myitkyina,MMK,False
TXN-20240102-0004392,WALL-0084989,MERCH-00313,PM-01,DEV-02,2024-01-02 12:05:22,92.11,0.0,0.0,9,Success,Bill Payment,Hyderabad,INR,False
TXN-20240102-0004393,WALL-0109113,MERCH-00338,PM-01,DEV-05,2024-01-02 10:18:22,206.34,0.0,0.0,20,Success,Bill Payment,Mumbai,INR,False
TXN-20240102-0004394,WALL-0135568,MERCH-00100,PM-01,DEV-01,2024-01-02 13:32:01,48.66,0.0,0.0,4,Success,Purchase,Lahore,PKR,False
TXN-20240102-0004395,WALL-0081596,MERCH-00335,PM-04,DEV-01,2024-01-02 11:37:42,98.79,1.9758,0.0,9,Success,Bill Payment,Mawlamyine,MMK,False
TXN-20240102-0004396,WALL-0013593,MERCH-00130,PM-01,DEV-04,2024-01-02 07:41:37,66.78,0.0,0.0,6,Success,Purchase,Bandung,IDR,False
TXN-20240102-0004397,WALL-0087641,MERCH-00091,PM-03,DEV-01,2024-01-02 06:38:27,53.89,0.4312,0.0,5,Success,Purchase,Penang,PHP,False
TXN-20240102-0004398,WALL-0139473,MERCH-00010,PM-01,DEV-03,2024-01-02 10:37:30,46.11,0.0,0.9223,4,Success,Purchase,Islamabad,PKR,False
TXN-20240102-0004399,WALL-0012636,MERCH-00255,PM-01,DEV-02,2024-01-02 11:27:30,18.37,0.0,0.0,1,Success,Subscription,Myitkyina,MMK,False
TXN-20240102-0004400,WALL-0144806,MERCH-00396,PM-03,DEV-01,2024-01-02 04:56:37,45.13,0.361,0.0,4,Success,Purchase,Khon Kaen,VND,False
TXN-20240102-0004401,WALL-0146362,MERCH-00034,PM-04,DEV-01,2024-01-02 21:33:09,19.75,0.3949,0.3949,1,Success,Purchase,Chittagong,BDT,False
TXN-20240102-0004402,WALL-0077845,MERCH-00404,PM-04,DEV-01,2024-01-02 17:07:10,20.0,0.4,0.0,2,Success,Payment,Pune,INR,False
TXN-20240102-0004403,WALL-0111234,MERCH-00294,PM-01,DEV-02,2024-01-02 19:39:44,309.12,0.0,24.7293,61,Success,Purchase,Johor Bahru,MYR,False
TXN-20240102-0004404,WALL-0114257,MERCH-00070,PM-03,DEV-01,2024-01-02 21:54:59,19.86,0.1589,0.3973,1,Success,Purchase,Hanoi,VND,False
TXN-20240102-0004405,WALL-0012364,MERCH-00407,PM-02,DEV-01,2024-01-02 21:26:53,28.21,0.0564,0.0,2,Success,Payment,Khon Kaen,MMK,False
TXN-20240102-0004406,WALL-0065584,MERCH-00007,PM-03,DEV-02,2024-01-02 16:10:27,12.9,0.1032,0.258,1,Success,Purchase,Mumbai,INR,False
TXN-20240102-0004407,WALL-0013633,MERCH-00249,PM-02,DEV-02,2024-01-02 15:00:22,8.45,0.0169,0.0,0,Success,Subscription,Chittagong,BDT,False
TXN-20240102-0004408,WALL-0134255,MERCH-00448,PM-02,DEV-01,2024-01-02 18:24:31,140.92,0.2818,0.0,14,Success,Tax Payment,Phnom Penh,IDR,False
TXN-20240102-0004409,WALL-0100575,MERCH-00335,PM-01,DEV-02,2024-01-02 21:59:14,32.01,0.0,0.0,3,Success,Bill Payment,Johor Bahru,MYR,False
TXN-20240102-0004410,WALL-0062291,MERCH-00436,PM-04,DEV-04,2024-01-02 15:29:08,496.06,9.9212,0.0,49,Success,Tax Payment,Kathmandu,NPR,False
TXN-20240102-0004411,WALL-0119522,MERCH-00150,PM-03,DEV-02,2024-01-02 12:31:20,162.2,1.2976,8.1102,16,Success,Purchase,Phnom Penh,KHR,False
TXN-20240102-0004412,WALL-0069750,MERCH-00069,PM-01,DEV-01,2024-01-02 13:56:25,38.67,0.0,0.7735,3,Success,Purchase,Yangon,MMK,False
TXN-20240102-0004413,WALL-0060962,MERCH-00053,PM-01,DEV-05,2024-01-02 09:48:38,5.0,0.0,0.1,0,Success,Purchase,Naypyidaw,MMK,False
TXN-20240102-0004414,WALL-0043340,MERCH-00041,PM-02,DEV-02,2024-01-02 17:38:55,6.26,0.0125,0.1253,0,Success,Purchase,Bandung,IDR,False
TXN-20240102-0004415,WALL-0103267,MERCH-00043,PM-01,DEV-05,2024-01-02 20:32:09,28.27,0.0,0.5653,2,Success,Purchase,Kuala Lumpur,MMK,False
TXN-20240102-0004416,WALL-0041463,MERCH-00039,PM-04,DEV-02,2024-01-02 14:50:12,32.64,0.6528,0.6528,3,Success,Purchase,Taunggyi,MMK,False
TXN-20240102-0004417,WALL-0062483,MERCH-00450,PM-02,DEV-01,2024-01-02 18:52:30,205.46,0.4109,0.0,20,Success,Tax Payment,Myitkyina,MMK,False
TXN-20240102-0004418,WALL-0080401,MERCH-00021,PM-03,DEV-02,2024-01-02 14:13:23,18.5,0.148,0.37,1,Success,Purchase,Chiang Mai,THB,False
TXN-20240102-0004419,WALL-0072647,MERCH-00217,PM-04,DEV-01,2024-01-02 21:38:49,12.25,0.245,0.0,0,Pending,Purchase,Taunggyi,MMK,False
TXN-20240102-0004420,WALL-0015817,MERCH-00038,PM-03,DEV-01,2024-01-02 05:29:52,22.2,0.1776,0.4441,2,Success,Purchase,Phnom Penh,KHR,False
TXN-20240102-0004421,WALL-0063092,MERCH-00094,PM-01,DEV-01,2024-01-02 13:55:19,13.43,0.0,0.0,1,Success,Purchase,Mandalay,MMK,False
TXN-20240102-0004422,WALL-0135933,MERCH-00450,PM-01,DEV-01,2024-01-02 18:19:08,206.17,0.0,0.0,20,Success,Tax Payment,Khon Kaen,THB,False
TXN-20240102-0004423,WALL-0004604,MERCH-00471,PM-01,DEV-01,2024-01-02 21:58:51,211.96,0.0,0.0,21,Success,Payment,Pattaya,THB,False
TXN-20240102-0004424,WALL-0128259,MERCH-00140,PM-01,DEV-03,2024-01-02 11:46:32,105.04,0.0,5.2519,10,Success,Purchase,Delhi,INR,False
TXN-20240102-0004425,WALL-0104680,MERCH-00253,PM-02,DEV-01,2024-01-02 20:30:42,6.46,0.0129,0.0,0,Success,Subscription,Pathein,PHP,False
TXN-20240102-0004426,WALL-0125263,MERCH-00022,PM-01,DEV-05,2024-01-02 09:53:06,12.78,0.0,0.2556,1,Success,Purchase,Davao,PHP,False
TXN-20240102-0004427,WALL-0103011,MERCH-00381,PM-03,DEV-03,2024-01-02 14:39:03,87.53,0.7003,0.0,8,Success,Purchase,Quezon City,PHP,False
TXN-20240102-0004428,WALL-0100752,MERCH-00064,PM-05,DEV-01,2024-01-02 12:58:17,28.15,0.0,0.563,2,Success,Purchase,Jaipur,INR,False
TXN-20240102-0004429,WALL-0000201,MERCH-00020,PM-01,DEV-01,2024-01-02 20:58:10,26.25,0.0,0.525,2,Success,Purchase,Myitkyina,MMK,False
TXN-20240102-0004430,WALL-0076346,MERCH-00068,PM-02,DEV-02,2024-01-02 13:18:38,35.76,0.0715,0.7152,3,Success,Purchase,Pathein,MMK,False
TXN-20240102-0004431,WALL-0080707,MERCH-00005,PM-01,DEV-01,2024-01-02 20:42:25,31.82,0.0,0.6364,3,Success,Purchase,Mandalay,MMK,False
TXN-20240102-0004432,WALL-0119798,MERCH-00037,PM-02,DEV-01,2024-01-02 20:32:57,31.0,0.062,0.6199,3,Success,Purchase,Naypyidaw,MMK,False
TXN-20240102-0004433,WALL-0104647,MERCH-00109,PM-02,DEV-01,2024-01-02 10:02:17,17.04,0.0341,0.0,1,Success,Purchase,Chittagong,BDT,False
TXN-20240102-0004434,WALL-0108241,MERCH-00173,PM-04,DEV-02,2024-01-02 05:30:32,171.47,3.4293,8.5733,17,Success,Purchase,Bago,MMK,False
TXN-20240102-0004435,WALL-0026250,MERCH-00411,PM-01,DEV-05,2024-01-02 05:55:08,689.74,0.0,0.0,68,Success,Payment,Taunggyi,MMK,False
TXN-20240102-0004436,WALL-0131030,MERCH-00215,PM-01,DEV-05,2024-01-02 20:30:06,10.62,0.0,0.0,1,Success,Purchase,Bangkok,PHP,False
TXN-20240102-0004437,WALL-0075671,MERCH-00243,PM-03,DEV-01,2024-01-02 08:48:12,15.69,0.1255,0.0,1,Success,Subscription,Karachi,PKR,False
TXN-20240102-0004438,WALL-0103505,MERCH-00116,PM-02,DEV-03,2024-01-02 07:16:55,127.6,0.2552,0.0,12,Success,Purchase,Taunggyi,MMK,False
TXN-20240102-0004439,WALL-0055410,MERCH-00346,PM-01,DEV-01,2024-01-02 18:13:46,38.36,0.0,0.0,3,Success,Bill Payment,Mawlamyine,MMK,False
TXN-20240102-0004440,WALL-0021767,MERCH-00195,PM-05,DEV-01,2024-01-02 17:49:02,8.8,0.0,0.0,0,Success,Purchase,Naypyidaw,MMK,False
TXN-20240102-0004441,WALL-0009744,MERCH-00229,PM-02,DEV-02,2024-01-02 20:49:51,21.75,0.0435,0.0,2,Success,Purchase,Pokhara,NPR,False
TXN-20240102-0004442,WALL-0148910,MERCH-00352,PM-01,DEV-01,2024-01-02 14:19:55,21.81,0.0,0.0,2,Success,Bill Payment,Colombo,LKR,False
TXN-20240102-0004443,WALL-0141887,MERCH-00063,PM-01,DEV-01,2024-01-02 20:27:50,40.78,0.0,0.8155,4,Success,Purchase,Hyderabad,INR,False
TXN-20240102-0004444,WALL-0101214,MERCH-00286,PM-04,DEV-01,2024-01-02 10:23:38,372.7,7.454,29.8159,74,Success,Purchase,Siem Reap,KHR,False
TXN-20240102-0004445,WALL-0014907,MERCH-00053,PM-02,DEV-01,2024-01-02 19:50:12,40.39,0.0808,0.8078,4,Success,Purchase,Karachi,PKR,False
TXN-20240102-0004446,WALL-0133526,MERCH-00326,PM-01,DEV-02,2024-01-02 08:03:10,210.0,0.0,0.0,21,Success,Bill Payment,Yangon,MMK,False
TXN-20240102-0004447,WALL-0042606,MERCH-00097,PM-04,DEV-03,2024-01-02 08:14:12,31.78,0.6355,0.0,3,Success,Purchase,Ho Chi Minh City,VND,False
TXN-20240102-0004448,WALL-0013703,MERCH-00445,PM-01,DEV-04,2024-01-02 13:09:53,50.0,0.0,0.0,5,Success,Tax Payment,Naypyidaw,MMK,False
TXN-20240102-0004449,WALL-0105543,MERCH-00010,PM-01,DEV-01,2024-01-02 13:17:38,28.93,0.0,0.5787,2,Success,Purchase,Bago,MMK,False
TXN-20240102-0004450,WALL-0132585,MERCH-00120,PM-02,DEV-01,2024-01-02 15:25:01,85.61,0.1712,0.0,8,Success,Purchase,Chiang Mai,THB,False
TXN-20240102-0004451,WALL-0092230,MERCH-00396,PM-02,DEV-03,2024-01-02 13:54:50,75.0,0.15,0.0,7,Success,Purchase,Pathein,MMK,False
TXN-20240102-0004452,WALL-0003726,MERCH-00037,PM-03,DEV-02,2024-01-02 20:19:59,18.18,0.1454,0.3636,1,Success,Purchase,Kathmandu,NPR,False
TXN-20240102-0004453,WALL-0087555,MERCH-00043,PM-01,DEV-02,2024-01-02 14:02:19,23.03,0.0,0.4605,2,Success,Purchase,Pathein,MMK,False
TXN-20240102-0004454,WALL-0065351,MERCH-00120,PM-03,DEV-01,2024-01-02 03:06:13,35.87,0.287,0.0,3,Success,Purchase,Mumbai,INR,False
TXN-20240102-0004455,WALL-0003783,MERCH-00399,PM-01,DEV-02,2024-01-02 11:29:44,60.05,0.0,0.0,6,Success,Purchase,Bandung,MMK,False
TXN-20240102-0004456,WALL-0075920,MERCH-00056,PM-01,DEV-01,2024-01-02 10:03:47,5.0,0.0,0.1,0,Success,Purchase,Chennai,MMK,False
TXN-20240102-0004457,WALL-0121919,MERCH-00317,PM-01,DEV-01,2024-01-02 15:34:45,64.72,0.0,0.0,6,Success,Bill Payment,Phuket,MMK,False
TXN-20240102-0004458,WALL-0115277,MERCH-00360,PM-01,DEV-03,2024-01-02 18:01:58,27.08,0.0,0.0,2,Success,Bill Payment,Singapore,THB,False
TXN-20240102-0004459,WALL-0024752,MERCH-00108,PM-01,DEV-03,2024-01-02 05:44:48,39.76,0.0,0.0,3,Success,Purchase,Hanoi,MMK,False
TXN-20240102-0004460,WALL-0131226,MERCH-00395,PM-03,DEV-01,2024-01-02 13:12:18,76.45,0.6116,0.0,0,Failed,Purchase,Myitkyina,MMK,False
TXN-20240102-0004461,WALL-0114863,MERCH-00076,PM-02,DEV-01,2024-01-02 18:15:28,13.81,0.0276,0.2762,1,Success,Purchase,Ho Chi Minh City,VND,False
TXN-20240102-0004462,WALL-0004091,MERCH-00092,PM-05,DEV-01,2024-01-02 18:17:52,62.79,0.0,0.0,6,Success,Purchase,Bangkok,THB,False
TXN-20240102-0004463,WALL-0032032,MERCH-00193,PM-02,DEV-01,2024-01-02 05:09:20,5.71,0.0114,0.0,0,Success,Purchase,Jakarta,IDR,False
TXN-20240102-0004464,WALL-0047562,MERCH-00116,PM-01,DEV-02,2024-01-02 17:12:14,80.17,0.0,0.0,8,Success,Purchase,Myitkyina,MMK,False
TXN-20240102-0004465,WALL-0109450,MERCH-00062,PM-01,DEV-01,2024-01-02 20:08:48,15.58,0.0,0.3116,1,Success,Purchase,Bali,IDR,False
TXN-20240102-0004466,WALL-0022468,MERCH-00208,PM-01,DEV-02,2024-01-02 16:05:38,6.63,0.0,0.0,0,Success,Purchase,Manila,PHP,False
TXN-20240102-0004467,WALL-0040506,MERCH-00021,PM-01,DEV-01,2024-01-02 07:47:52,24.0,0.0,0.4799,2,Success,Purchase,Yangon,MMK,False
TXN-20240102-0004468,WALL-0145194,MERCH-00048,PM-03,DEV-01,2024-01-02 19:21:48,13.54,0.1083,0.2708,1,Success,Purchase,Mandalay,MMK,False
TXN-20240102-0004469,WALL-0117733,MERCH-00407,PM-01,DEV-03,2024-01-02 20:38:35,164.2,0.0,0.0,16,Success,Payment,Kuala Lumpur,MYR,False
TXN-20240102-0004470,WALL-0034290,MERCH-00278,PM-03,DEV-02,2024-01-02 17:37:42,218.8,1.7504,17.5042,43,Success,Purchase,Myitkyina,MMK,False
TXN-20240102-0004471,WALL-0013355,MERCH-00133,PM-02,DEV-03,2024-01-02 12:46:34,173.22,0.3464,0.0,0,Pending,Purchase,Bandung,IDR,False
TXN-20240102-0004472,WALL-0018039,MERCH-00022,PM-02,DEV-01,2024-01-02 01:29:11,12.04,0.0241,0.2409,1,Success,Purchase,Pattaya,MMK,False
TXN-20240102-0004473,WALL-0081220,MERCH-00217,PM-01,DEV-03,2024-01-02 14:09:48,13.76,0.0,0.0,1,Success,Purchase,Bangalore,LKR,False
TXN-20240102-0004474,WALL-0113753,MERCH-00154,PM-03,DEV-01,2024-01-02 16:59:00,45.22,0.3617,2.2609,4,Success,Purchase,Mawlamyine,MMK,False
TXN-20240102-0004475,WALL-0077526,MERCH-00235,PM-01,DEV-02,2024-01-02 15:22:29,17.89,0.0,0.0,1,Success,Subscription,Singapore,SGD,False
TXN-20240102-0004476,WALL-0128653,MERCH-00311,PM-04,DEV-01,2024-01-02 10:29:25,40.39,0.8078,0.0,4,Success,Bill Payment,Medan,IDR,False
TXN-20240102-0004477,WALL-0065513,MERCH-00470,PM-02,DEV-01,2024-01-02 18:42:30,80.88,0.1618,0.0,8,Success,Payment,Myitkyina,MMK,False
TXN-20240102-0004478,WALL-0117174,MERCH-00166,PM-02,DEV-01,2024-01-02 13:20:29,82.44,0.1649,4.1219,8,Success,Purchase,Johor Bahru,MMK,False
TXN-20240102-0004479,WALL-0009836,MERCH-00424,PM-04,DEV-04,2024-01-02 09:51:22,20.0,0.4,0.0,2,Success,Payment,Ho Chi Minh City,VND,False
TXN-20240102-0004480,WALL-0054361,MERCH-00229,PM-02,DEV-02,2024-01-02 12:51:33,10.47,0.0209,0.0,1,Success,Purchase,Medan,KHR,False
TXN-20240102-0004481,WALL-0017137,MERCH-00139,PM-01,DEV-04,2024-01-02 19:41:46,29.31,0.0,1.4656,2,Success,Purchase,Quezon City,PHP,False
TXN-20240102-0004482,WALL-0032058,MERCH-00192,PM-01,DEV-03,2024-01-02 08:02:50,10.71,0.0,0.0,1,Success,Purchase,Surabaya,IDR,False
TXN-20240102-0004483,WALL-0114576,MERCH-00391,PM-01,DEV-02,2024-01-02 16:29:43,22.32,0.0,0.0,2,Success,Purchase,Bandung,MMK,False
TXN-20240102-0004484,WALL-0149838,MERCH-00186,PM-01,DEV-02,2024-01-02 18:22:48,82.62,0.0,4.1308,8,Success,Purchase,Singapore,SGD,False
TXN-20240102-0004485,WALL-0102725,MERCH-00028,PM-03,DEV-01,2024-01-02 22:41:01,64.9,0.5192,0.0,0,Failed,Purchase,Kathmandu,MMK,False
TXN-20240102-0004486,WALL-0125232,MERCH-00368,PM-03,DEV-01,2024-01-02 14:31:23,25.21,0.2017,0.0,2,Success,Bill Payment,Jaipur,INR,False
TXN-20240102-0004487,WALL-0128955,MERCH-00294,PM-03,DEV-01,2024-01-02 05:08:51,577.45,4.6196,46.1961,115,Success,Purchase,Ahmedabad,BDT,False
TXN-20240102-0004488,WALL-0067676,MERCH-00082,PM-01,DEV-01,2024-01-02 07:50:09,63.2,0.0,0.0,6,Success,Purchase,Pattaya,THB,False
TXN-20240102-0004489,WALL-0014445,MERCH-00221,PM-02,DEV-01,2024-01-02 14:48:31,18.05,0.0361,0.0,1,Success,Purchase,Hyderabad,INR,False
TXN-20240102-0004490,WALL-0048873,MERCH-00238,PM-03,DEV-01,2024-01-02 12:24:38,10.39,0.0831,0.0,1,Success,Subscription,Bangalore,INR,False
TXN-20240102-0004491,WALL-0122211,MERCH-00057,PM-01,DEV-01,2024-01-02 17:58:20,38.58,0.0,0.7716,3,Success,Purchase,Hanoi,VND,False
TXN-20240102-0004492,WALL-0085944,MERCH-00041,PM-02,DEV-03,2024-01-02 12:48:49,30.13,0.0603,0.6026,3,Success,Purchase,Pokhara,PHP,False
TXN-20240102-0004493,WALL-0127965,MERCH-00324,PM-04,DEV-02,2024-01-02 17:33:27,29.34,0.5869,0.0,0,Failed,Bill Payment,Pathein,MMK,False
TXN-20240102-0004494,WALL-0027581,MERCH-00053,PM-01,DEV-01,2024-01-02 19:45:43,24.24,0.0,0.4849,2,Success,Purchase,Penang,MMK,False
TXN-20240102-0004495,WALL-0055614,MERCH-00383,PM-02,DEV-03,2024-01-02 09:46:59,33.1,0.0662,0.0,3,Success,Purchase,Johor Bahru,MMK,False
TXN-20240102-0004496,WALL-0086324,MERCH-00090,PM-02,DEV-03,2024-01-02 17:21:05,111.18,0.2224,0.0,11,Success,Purchase,Naypyidaw,MMK,False
TXN-20240102-0004497,WALL-0147293,MERCH-00302,PM-04,DEV-01,2024-01-02 20:10:04,147.09,2.9418,11.7671,29,Success,Purchase,Bangkok,THB,False
TXN-20240102-0004498,WALL-0147496,MERCH-00268,PM-01,DEV-01,2024-01-02 19:15:32,5.59,0.0,0.0,0,Success,Subscription,Hyderabad,INR,False
TXN-20240102-0004499,WALL-0056990,MERCH-00287,PM-01,DEV-01,2024-01-02 17:14:38,329.1,0.0,26.328,65,Success,Purchase,Bago,MMK,False
TXN-20240102-0004500,WALL-0113000,MERCH-00344,PM-01,DEV-03,2024-01-02 21:17:35,19.28,0.0,0.0,1,Success,Bill Payment,Medan,IDR,False
TXN-20240102-0004501,WALL-0096666,MERCH-00330,PM-01,DEV-01,2024-01-02 18:43:11,125.31,0.0,0.0,12,Success,Bill Payment,Lahore,PKR,False
TXN-20240102-0004502,WALL-0014160,MERCH-00032,PM-01,DEV-04,2024-01-02 14:01:54,21.73,0.0,0.4347,2,Success,Purchase,Phuket,THB,False
TXN-20240102-0004503,WALL-0052054,MERCH-00241,PM-01,DEV-04,2024-01-02 21:22:13,17.15,0.0,0.0,1,Success,Subscription,Pathein,MMK,False
TXN-20240102-0004504,WALL-0070618,MERCH-00188,PM-02,DEV-05,2024-01-02 21:41:16,310.2,0.6204,15.5099,31,Success,Purchase,Myitkyina,PKR,False
TXN-20240102-0004505,WALL-0006423,MERCH-00054,PM-05,DEV-02,2024-01-02 18:44:12,20.51,0.0,0.4101,2,Success,Purchase,Yangon,MMK,False
TXN-20240102-0004506,WALL-0139733,MERCH-00006,PM-02,DEV-04,2024-01-02 07:41:27,21.25,0.0425,0.4249,2,Success,Purchase,Taunggyi,MMK,False
TXN-20240102-0004507,WALL-0107670,MERCH-00262,PM-04,DEV-02,2024-01-02 21:51:54,31.7,0.634,0.0,3,Success,Subscription,Kandy,LKR,False
TXN-20240102-0004508,WALL-0146987,MERCH-00222,PM-02,DEV-01,2024-01-02 08:41:43,13.65,0.0273,0.0,1,Success,Purchase,Siem Reap,KHR,False
TXN-20240102-0004509,WALL-0042314,MERCH-00488,PM-01,DEV-01,2024-01-02 18:47:09,260.61,0.0,0.0,26,Success,Payment,Mawlamyine,MMK,False
TXN-20240102-0004510,WALL-0052244,MERCH-00117,PM-04,DEV-03,2024-01-02 02:08:38,89.0,1.7801,0.0,8,Success,Purchase,Ahmedabad,INR,False
TXN-20240102-0004511,WALL-0009873,MERCH-00039,PM-03,DEV-01,2024-01-02 00:23:29,5.0,0.04,0.1,0,Success,Purchase,Kolkata,INR,False
TXN-20240102-0004512,WALL-0117178,MERCH-00328,PM-01,DEV-01,2024-01-02 06:55:45,126.83,0.0,0.0,12,Success,Bill Payment,Myitkyina,MMK,False
TXN-20240102-0004513,WALL-0006920,MERCH-00334,PM-01,DEV-01,2024-01-02 13:59:20,97.28,0.0,0.0,9,Success,Bill Payment,Penang,MYR,False
TXN-20240102-0004514,WALL-0149822,MERCH-00226,PM-05,DEV-01,2024-01-02 20:14:47,27.41,0.0,0.0,2,Success,Purchase,Bago,MMK,False
TXN-20240102-0004515,WALL-0052007,MERCH-00435,PM-02,DEV-02,2024-01-02 15:44:31,50.0,0.1,0.0,5,Success,Tax Payment,Jaipur,INR,False
TXN-20240102-0004516,WALL-0057594,MERCH-00092,PM-01,DEV-03,2024-01-02 09:41:12,24.5,0.0,0.0,2,Success,Purchase,Siem Reap,KHR,False
TXN-20240102-0004517,WALL-0047693,MERCH-00414,PM-01,DEV-01,2024-01-02 20:55:35,207.58,0.0,0.0,20,Success,Payment,Mandalay,MMK,False
TXN-20240102-0004518,WALL-0035674,MERCH-00156,PM-03,DEV-01,2024-01-02 14:22:45,277.47,2.2198,13.8737,27,Success,Purchase,Naypyidaw,MMK,False
TXN-20240102-0004519,WALL-0027355,MERCH-00250,PM-02,DEV-01,2024-01-02 17:30:45,14.38,0.0288,0.0,1,Success,Subscription,Johor Bahru,MYR,False
TXN-20240102-0004520,WALL-0025367,MERCH-00306,PM-01,DEV-01,2024-01-02 13:43:27,456.73,0.0,36.5387,91,Success,Purchase,Pathein,MMK,False
TXN-20240102-0004521,WALL-0014221,MERCH-00084,PM-04,DEV-03,2024-01-02 12:19:41,70.14,1.4028,0.0,7,Success,Purchase,Lahore,PKR,False
TXN-20240102-0004522,WALL-0124618,MERCH-00170,PM-03,DEV-01,2024-01-02 18:43:57,733.67,5.8693,36.6833,73,Success,Purchase,Bangkok,THB,False
TXN-20240102-0004523,WALL-0143861,MERCH-00174,PM-02,DEV-01,2024-01-02 14:56:30,65.72,0.1314,3.2859,6,Success,Purchase,Bandung,IDR,False
TXN-20240102-0004524,WALL-0006333,MERCH-00019,PM-03,DEV-01,2024-01-02 15:32:03,9.71,0.0776,0.0,0,Failed,Purchase,Pune,INR,False
TXN-20240102-0004525,WALL-0130542,MERCH-00394,PM-04,DEV-01,2024-01-02 14:30:55,25.32,0.5064,0.0,2,Success,Purchase,Jakarta,IDR,False
TXN-20240102-0004526,WALL-0072871,MERCH-00425,PM-02,DEV-01,2024-01-02 17:12:33,118.6,0.2372,0.0,0,Failed,Payment,Mandalay,MMK,False
TXN-20240102-0004527,WALL-0122113,MERCH-00228,PM-02,DEV-01,2024-01-02 07:13:49,20.53,0.0411,0.0,2,Success,Purchase,Chennai,INR,False
TXN-20240102-0004528,WALL-0005228,MERCH-00040,PM-04,DEV-01,2024-01-02 11:38:05,20.24,0.4047,0.4047,2,Success,Purchase,Bago,MMK,False
TXN-20240102-0004529,WALL-0120580,MERCH-00070,PM-01,DEV-01,2024-01-02 13:58:58,20.27,0.0,0.4054,2,Success,Purchase,Davao,PHP,False
TXN-20240102-0004530,WALL-0059676,MERCH-00156,PM-02,DEV-02,2024-01-02 10:58:39,44.08,0.0882,2.2042,4,Success,Purchase,Lahore,PKR,False
TXN-20240102-0004531,WALL-0092178,MERCH-00186,PM-01,DEV-01,2024-01-02 15:13:33,68.37,0.0,3.4183,6,Success,Purchase,Colombo,LKR,False
TXN-20240102-0004532,WALL-0043553,MERCH-00422,PM-03,DEV-01,2024-01-02 08:03:31,48.48,0.3878,0.0,4,Success,Payment,Bangalore,THB,False
TXN-20240102-0004533,WALL-0052856,MERCH-00336,PM-04,DEV-03,2024-01-02 17:03:11,48.5,0.9701,0.0,4,Success,Bill Payment,Da Nang,THB,False
TXN-20240102-0004534,WALL-0017157,MERCH-00089,PM-01,DEV-03,2024-01-02 14:59:48,43.24,0.0,0.0,4,Success,Purchase,Yangon,MMK,False
TXN-20240102-0004535,WALL-0062755,MERCH-00372,PM-01,DEV-02,2024-01-02 00:28:09,40.12,0.0,0.0,4,Success,Purchase,Pathein,MMK,False
TXN-20240102-0004536,WALL-0090780,MERCH-00284,PM-01,DEV-01,2024-01-02 18:39:22,357.56,0.0,28.6048,71,Success,Purchase,Taunggyi,MMK,False
TXN-20240102-0004537,WALL-0100658,MERCH-00406,PM-01,DEV-01,2024-01-02 17:02:49,182.46,0.0,0.0,18,Success,Payment,Hyderabad,INR,False
TXN-20240102-0004538,WALL-0014203,MERCH-00252,PM-01,DEV-02,2024-01-02 19:42:06,19.54,0.0,0.0,1,Success,Subscription,Khon Kaen,THB,False
TXN-20240102-0004539,WALL-0059236,MERCH-00306,PM-02,DEV-01,2024-01-02 12:17:16,780.42,1.5608,62.4337,156,Success,Purchase,Naypyidaw,MMK,False
TXN-20240102-0004540,WALL-0103622,MERCH-00192,PM-04,DEV-02,2024-01-02 10:36:50,12.56,0.2513,0.0,1,Success,Purchase,Quezon City,INR,False
TXN-20240102-0004541,WALL-0143491,MERCH-00071,PM-05,DEV-02,2024-01-02 06:47:51,9.3,0.0,0.186,0,Success,Purchase,Cebu City,PHP,False
TXN-20240102-0004542,WALL-0054375,MERCH-00378,PM-01,DEV-01,2024-01-02 19:49:19,120.0,0.0,0.0,12,Success,Purchase,Cebu City,PHP,False
TXN-20240102-0004543,WALL-0039055,MERCH-00261,PM-04,DEV-01,2024-01-02 16:52:09,47.18,0.9435,0.0,4,Success,Subscription,Chittagong,BDT,False
TXN-20240102-0004544,WALL-0054620,MERCH-00052,PM-01,DEV-02,2024-01-02 18:59:27,18.35,0.0,0.367,1,Success,Purchase,Manila,PHP,False
TXN-20240102-0004545,WALL-0100418,MERCH-00079,PM-03,DEV-02,2024-01-02 12:32:11,9.48,0.0759,0.1897,0,Success,Purchase,Yangon,INR,False
TXN-20240102-0004546,WALL-0098817,MERCH-00413,PM-01,DEV-01,2024-01-02 17:28:12,86.68,0.0,0.0,8,Success,Payment,Singapore,MMK,False
TXN-20240102-0004547,WALL-0134514,MERCH-00138,PM-01,DEV-02,2024-01-02 01:22:00,20.46,0.0,1.0231,2,Success,Purchase,Mandalay,MMK,False
TXN-20240102-0004548,WALL-0094624,MERCH-00150,PM-01,DEV-01,2024-01-02 16:54:26,66.33,0.0,3.3165,6,Success,Purchase,Ho Chi Minh City,VND,False
TXN-20240102-0004549,WALL-0066922,MERCH-00375,PM-01,DEV-02,2024-01-02 09:04:51,36.62,0.0,0.0,3,Success,Purchase,Bago,MMK,False
TXN-20240102-0004550,WALL-0104416,MERCH-00311,PM-02,DEV-03,2024-01-02 02:15:23,52.25,0.1045,0.0,5,Success,Bill Payment,Chennai,INR,False
TXN-20240102-0004551,WALL-0013560,MERCH-00417,PM-01,DEV-05,2024-01-02 08:10:20,65.57,0.0,0.0,6,Success,Payment,Naypyidaw,MMK,False
TXN-20240102-0004552,WALL-0003517,MERCH-00334,PM-05,DEV-04,2024-01-02 13:10:38,95.85,0.0,0.0,9,Success,Bill Payment,Naypyidaw,MMK,False
TXN-20240102-0004553,WALL-0133019,MERCH-00382,PM-01,DEV-01,2024-01-02 20:04:44,41.83,0.0,0.0,4,Success,Purchase,Colombo,LKR,False
TXN-20240102-0004554,WALL-0036245,MERCH-00214,PM-05,DEV-01,2024-01-02 12:53:56,5.0,0.0,0.0,0,Success,Purchase,Chittagong,BDT,False
TXN-20240102-0004555,WALL-0060780,MERCH-00409,PM-01,DEV-02,2024-01-02 19:30:09,118.63,0.0,0.0,11,Success,Payment,Kandy,MMK,False
TXN-20240102-0004556,WALL-0136459,MERCH-00093,PM-02,DEV-04,2024-01-02 14:40:53,46.87,0.0937,0.0,4,Success,Purchase,Pune,INR,False
TXN-20240102-0004557,WALL-0055770,MERCH-00340,PM-01,DEV-01,2024-01-02 15:54:56,177.53,0.0,0.0,17,Success,Bill Payment,Yangon,IDR,False
TXN-20240102-0004558,WALL-0046822,MERCH-00065,PM-01,DEV-03,2024-01-02 02:25:02,54.77,0.0,1.0955,5,Success,Purchase,Bandung,IDR,False
TXN-20240102-0004559,WALL-0101222,MERCH-00334,PM-03,DEV-02,2024-01-02 13:04:04,43.34,0.3467,0.0,4,Success,Bill Payment,Bali,INR,False
TXN-20240102-0004560,WALL-0109059,MERCH-00102,PM-02,DEV-01,2024-01-02 17:38:39,28.41,0.0568,0.0,2,Success,Purchase,Colombo,LKR,False
TXN-20240102-0004561,WALL-0143072,MERCH-00353,PM-01,DEV-01,2024-01-02 12:57:53,25.57,0.0,0.0,2,Success,Bill Payment,Yangon,MMK,False
TXN-20240102-0004562,WALL-0050664,MERCH-00224,PM-02,DEV-02,2024-01-02 19:35:02,13.37,0.0267,0.0,1,Success,Purchase,Naypyidaw,MMK,False
TXN-20240102-0004563,WALL-0001571,MERCH-00474,PM-01,DEV-01,2024-01-02 13:48:49,115.0,0.0,0.0,11,Success,Payment,Penang,MYR,False
TXN-20240102-0004564,WALL-0015617,MERCH-00331,PM-03,DEV-01,2024-01-02 16:35:03,52.08,0.4167,0.0,5,Success,Bill Payment,Medan,LKR,False
TXN-20240102-0004565,WALL-0104879,MERCH-00139,PM-04,DEV-01,2024-01-02 18:29:20,159.51,3.1902,7.9756,15,Success,Purchase,Pattaya,THB,False
TXN-20240102-0004566,WALL-0014832,MERCH-00025,PM-02,DEV-02,2024-01-02 20:05:09,10.33,0.0207,0.2066,1,Success,Purchase,Pathein,MMK,False
TXN-20240102-0004567,WALL-0005082,MERCH-00167,PM-02,DEV-01,2024-01-02 04:38:13,317.8,0.6356,15.8898,31,Success,Purchase,Yangon,MMK,False
TXN-20240102-0004568,WALL-0045047,MERCH-00318,PM-01,DEV-05,2024-01-02 16:31:25,242.09,0.0,0.0,24,Success,Bill Payment,Myitkyina,MMK,False
TXN-20240102-0004569,WALL-0062651,MERCH-00353,PM-04,DEV-01,2024-01-02 15:41:07,19.67,0.3933,0.0,1,Success,Bill Payment,Ahmedabad,MMK,False
TXN-20240102-0004570,WALL-0000786,MERCH-00221,PM-04,DEV-03,2024-01-02 21:53:26,15.57,0.3114,0.0,1,Success,Purchase,Mandalay,MMK,False
TXN-20240102-0004571,WALL-0015569,MERCH-00444,PM-01,DEV-01,2024-01-02 17:52:43,98.34,0.0,0.0,9,Success,Tax Payment,Kathmandu,NPR,False
TXN-20240102-0004572,WALL-0067543,MERCH-00174,PM-01,DEV-01,2024-01-02 18:54:40,215.43,0.0,10.7717,21,Success,Purchase,Bangkok,MMK,False
TXN-20240102-0004573,WALL-0084667,MERCH-00241,PM-01,DEV-01,2024-01-02 19:47:54,29.0,0.0,0.0,2,Success,Subscription,Mandalay,MMK,False
TXN-20240102-0004574,WALL-0089051,MERCH-00010,PM-05,DEV-01,2024-01-02 13:27:41,45.88,0.0,0.9176,4,Success,Purchase,Bago,MMK,False
TXN-20240102-0004575,WALL-0065126,MERCH-00379,PM-02,DEV-03,2024-01-02 11:03:34,73.92,0.1478,0.0,7,Success,Purchase,Khon Kaen,THB,False
TXN-20240102-0004576,WALL-0087735,MERCH-00040,PM-03,DEV-02,2024-01-02 09:51:49,28.04,0.2243,0.5608,2,Success,Purchase,Naypyidaw,MMK,False
TXN-20240102-0004577,WALL-0057008,MERCH-00333,PM-03,DEV-02,2024-01-02 16:50:18,42.84,0.3427,0.0,4,Success,Bill Payment,Pathein,MMK,False
TXN-20240102-0004578,WALL-0040214,MERCH-00199,PM-01,DEV-01,2024-01-02 14:53:09,10.99,0.0,0.0,1,Success,Purchase,Mawlamyine,MMK,False
TXN-20240102-0004579,WALL-0123937,MERCH-00021,PM-05,DEV-02,2024-01-02 19:45:38,10.77,0.0,0.0,0,Failed,Purchase,Jakarta,IDR,False
TXN-20240102-0004580,WALL-0001268,MERCH-00322,PM-01,DEV-01,2024-01-02 12:59:39,103.71,0.0,0.0,10,Success,Bill Payment,Ho Chi Minh City,VND,False
TXN-20240102-0004581,WALL-0094853,MERCH-00148,PM-01,DEV-01,2024-01-02 18:01:24,57.42,0.0,2.8709,5,Success,Purchase,Johor Bahru,MYR,False
TXN-20240102-0004582,WALL-0084318,MERCH-00030,PM-02,DEV-02,2024-01-02 14:13:01,21.61,0.0432,0.4322,2,Success,Purchase,Taunggyi,MMK,False
TXN-20240102-0004583,WALL-0083130,MERCH-00025,PM-02,DEV-01,2024-01-02 08:51:23,13.33,0.0267,0.2665,1,Success,Purchase,Mandalay,MMK,False
TXN-20240102-0004584,WALL-0097710,MERCH-00349,PM-04,DEV-02,2024-01-02 01:32:33,23.65,0.4729,0.0,2,Success,Bill Payment,Jaipur,INR,False
TXN-20240102-0004585,WALL-0092532,MERCH-00067,PM-04,DEV-01,2024-01-02 15:14:22,7.79,0.1558,0.1558,0,Success,Purchase,Quezon City,MMK,False
TXN-20240102-0004586,WALL-0040882,MERCH-00032,PM-03,DEV-02,2024-01-02 20:10:47,20.42,0.1633,0.4083,2,Success,Purchase,Yangon,MMK,False
TXN-20240102-0004587,WALL-0018383,MERCH-00366,PM-03,DEV-02,2024-01-02 20:49:25,71.6,0.5728,0.0,7,Success,Bill Payment,Mumbai,MMK,False
TXN-20240102-0004588,WALL-0044203,MERCH-00155,PM-04,DEV-01,2024-01-02 07:48:04,174.75,3.4949,8.7373,17,Success,Purchase,Colombo,MMK,False
TXN-20240102-0004589,WALL-0062560,MERCH-00445,PM-01,DEV-01,2024-01-02 17:58:14,50.0,0.0,0.0,0,Pending,Tax Payment,Mandalay,MMK,False
TXN-20240102-0004590,WALL-0093458,MERCH-00003,PM-02,DEV-01,2024-01-02 08:01:51,46.37,0.0927,0.9274,4,Success,Purchase,Pokhara,NPR,False
TXN-20240102-0004591,WALL-0029139,MERCH-00009,PM-01,DEV-01,2024-01-02 17:38:30,14.32,0.0,0.2864,1,Success,Purchase,Kandy,LKR,False
TXN-20240102-0004592,WALL-0082580,MERCH-00469,PM-01,DEV-02,2024-01-02 13:21:59,538.77,0.0,0.0,53,Success,Payment,Hyderabad,INR,False
TXN-20240102-0004593,WALL-0102932,MERCH-00172,PM-02,DEV-05,2024-01-02 04:26:32,20.0,0.04,1.0,2,Success,Purchase,Phnom Penh,KHR,False
TXN-20240102-0004594,WALL-0029091,MERCH-00393,PM-04,DEV-02,2024-01-02 17:25:47,34.71,0.6942,0.0,0,Pending,Purchase,Da Nang,VND,False
TXN-20240102-0004595,WALL-0074937,MERCH-00016,PM-03,DEV-01,2024-01-02 08:18:02,5.0,0.04,0.1,0,Success,Purchase,Pune,INR,False
TXN-20240102-0004596,WALL-0083103,MERCH-00060,PM-03,DEV-01,2024-01-02 13:24:37,12.61,0.1009,0.2522,1,Success,Purchase,Taunggyi,MMK,False
TXN-20240102-0004597,WALL-0127293,MERCH-00030,PM-03,DEV-02,2024-01-02 13:52:02,23.17,0.1854,0.4634,2,Success,Purchase,Phnom Penh,KHR,False
TXN-20240102-0004598,WALL-0049400,MERCH-00128,PM-03,DEV-01,2024-01-02 16:40:00,114.64,0.9172,0.0,11,Success,Purchase,Myitkyina,MMK,False
TXN-20240102-0004599,WALL-0108941,MERCH-00147,PM-02,DEV-02,2024-01-02 14:57:53,38.94,0.0779,1.947,3,Success,Purchase,Manila,PHP,False
TXN-20240102-0004600,WALL-0125604,MERCH-00261,PM-02,DEV-01,2024-01-02 10:44:58,11.72,0.0234,0.0,1,Success,Subscription,Singapore,SGD,False
TXN-20240102-0004601,WALL-0006551,MERCH-00078,PM-02,DEV-02,2024-01-02 13:31:00,32.37,0.0647,0.6475,3,Success,Purchase,Kuala Lumpur,MYR,False
TXN-20240102-0004602,WALL-0094443,MERCH-00335,PM-04,DEV-01,2024-01-02 17:41:54,74.53,1.4906,0.0,7,Success,Bill Payment,Medan,THB,False
TXN-20240102-0004603,WALL-0074263,MERCH-00304,PM-01,DEV-03,2024-01-02 20:03:51,292.7,0.0,23.4158,58,Success,Purchase,Ho Chi Minh City,VND,False
TXN-20240102-0004604,WALL-0105853,MERCH-00204,PM-01,DEV-01,2024-01-02 15:14:11,15.94,0.0,0.0,1,Success,Purchase,Davao,PHP,False
TXN-20240102-0004605,WALL-0060333,MERCH-00500,PM-01,DEV-01,2024-01-02 06:04:31,129.68,0.0,0.0,12,Success,Payment,Kandy,LKR,False
TXN-20240102-0004606,WALL-0087521,MERCH-00041,PM-02,DEV-01,2024-01-02 16:04:23,19.81,0.0396,0.3962,1,Success,Purchase,Pune,INR,False
TXN-20240102-0004607,WALL-0147513,MERCH-00180,PM-01,DEV-02,2024-01-02 22:51:22,271.87,0.0,13.5933,27,Success,Purchase,Jakarta,IDR,False
TXN-20240102-0004608,WALL-0131730,MERCH-00096,PM-02,DEV-03,2024-01-02 14:48:30,102.52,0.205,0.0,10,Success,Purchase,Hyderabad,INR,False
TXN-20240102-0004609,WALL-0130977,MERCH-00009,PM-05,DEV-04,2024-01-02 12:29:00,19.64,0.0,0.3928,1,Success,Purchase,Bangkok,THB,False
TXN-20240102-0004610,WALL-0033849,MERCH-00415,PM-02,DEV-01,2024-01-02 08:12:06,20.0,0.04,0.0,2,Success,Payment,Medan,MYR,False
TXN-20240102-0004611,WALL-0053122,MERCH-00041,PM-04,DEV-01,2024-01-02 20:28:47,19.9,0.398,0.398,1,Success,Purchase,Bangkok,THB,False
TXN-20240102-0004612,WALL-0019345,MERCH-00433,PM-03,DEV-04,2024-01-02 20:15:46,92.04,0.7363,0.0,9,Success,Tax Payment,Singapore,SGD,False
TXN-20240102-0004613,WALL-0093574,MERCH-00042,PM-01,DEV-05,2024-01-02 10:12:25,32.38,0.0,0.6476,3,Success,Purchase,Ahmedabad,INR,False
TXN-20240102-0004614,WALL-0019100,MERCH-00104,PM-01,DEV-01,2024-01-02 20:56:00,80.46,0.0,0.0,8,Success,Purchase,Mandalay,MMK,False
TXN-20240102-0004615,WALL-0106520,MERCH-00338,PM-02,DEV-01,2024-01-02 14:35:10,73.49,0.147,0.0,7,Success,Bill Payment,Quezon City,PHP,False
TXN-20240102-0004616,WALL-0003611,MERCH-00205,PM-01,DEV-02,2024-01-02 21:27:35,6.06,0.0,0.0,0,Success,Purchase,Mawlamyine,MMK,False
TXN-20240102-0004617,WALL-0054643,MERCH-00086,PM-04,DEV-05,2024-01-02 11:12:57,82.76,1.6553,0.0,8,Success,Purchase,Taunggyi,MMK,False
TXN-20240102-0004618,WALL-0102566,MERCH-00383,PM-02,DEV-01,2024-01-02 16:47:57,48.41,0.0968,0.0,4,Success,Purchase,Mawlamyine,MMK,False
TXN-20240102-0004619,WALL-0126739,MERCH-00411,PM-03,DEV-01,2024-01-02 22:05:57,56.28,0.4503,0.0,0,Pending,Payment,Pune,INR,False
TXN-20240102-0004620,WALL-0069191,MERCH-00154,PM-03,DEV-01,2024-01-02 18:26:07,341.34,2.7307,17.0671,34,Success,Purchase,Hanoi,VND,False
TXN-20240102-0004621,WALL-0007784,MERCH-00110,PM-02,DEV-02,2024-01-02 10:55:22,90.42,0.1808,0.0,9,Success,Purchase,Kolkata,INR,False
TXN-20240102-0004622,WALL-0089099,MERCH-00188,PM-01,DEV-03,2024-01-02 16:21:46,87.72,0.0,4.3858,8,Success,Purchase,Chiang Mai,THB,False
TXN-20240102-0004623,WALL-0092331,MERCH-00319,PM-01,DEV-02,2024-01-02 14:49:39,108.3,0.0,0.0,10,Success,Bill Payment,Kandy,LKR,False
TXN-20240102-0004624,WALL-0099747,MERCH-00020,PM-03,DEV-01,2024-01-02 03:14:03,12.33,0.0987,0.2467,1,Success,Purchase,Bandung,IDR,False
TXN-20240102-0004625,WALL-0088827,MERCH-00203,PM-04,DEV-01,2024-01-02 11:18:02,25.32,0.5064,0.0,2,Success,Purchase,Taunggyi,MMK,False
TXN-20240102-0004626,WALL-0054276,MERCH-00240,PM-01,DEV-01,2024-01-02 19:22:03,26.58,0.0,0.0,2,Success,Subscription,Bali,IDR,False
TXN-20240102-0004627,WALL-0114409,MERCH-00431,PM-02,DEV-01,2024-01-02 21:09:58,50.0,0.1,0.0,5,Success,Tax Payment,Phnom Penh,KHR,False
TXN-20240102-0004628,WALL-0083329,MERCH-00070,PM-01,DEV-03,2024-01-02 17:53:37,18.15,0.0,0.3629,1,Success,Purchase,Delhi,INR,False
TXN-20240102-0004629,WALL-0132776,MERCH-00412,PM-02,DEV-01,2024-01-02 22:10:03,61.67,0.1233,0.0,6,Success,Payment,Yangon,MMK,False
TXN-20240102-0004630,WALL-0107830,MERCH-00424,PM-04,DEV-04,2024-01-02 03:53:56,554.59,11.0918,0.0,55,Success,Payment,Myitkyina,MMK,False
TXN-20240102-0004631,WALL-0122199,MERCH-00108,PM-01,DEV-01,2024-01-02 14:27:03,121.46,0.0,0.0,12,Success,Purchase,Mandalay,MMK,False
TXN-20240102-0004632,WALL-0128894,MERCH-00324,PM-04,DEV-01,2024-01-02 20:54:47,135.03,2.7006,0.0,13,Success,Bill Payment,Siem Reap,KHR,False
TXN-20240102-0004633,WALL-0128635,MERCH-00173,PM-05,DEV-03,2024-01-02 17:54:51,427.53,0.0,21.3766,42,Success,Purchase,Siem Reap,KHR,False
TXN-20240102-0004634,WALL-0030552,MERCH-00008,PM-04,DEV-03,2024-01-02 11:18:14,28.33,0.5666,0.5666,2,Success,Purchase,Davao,PHP,False
TXN-20240102-0004635,WALL-0028679,MERCH-00461,PM-04,DEV-01,2024-01-02 01:38:45,215.49,4.3098,0.0,21,Success,Payment,Cebu City,PHP,False
TXN-20240102-0004636,WALL-0145658,MERCH-00418,PM-01,DEV-01,2024-01-02 13:28:15,64.41,0.0,0.0,6,Success,Payment,Mawlamyine,MMK,False
TXN-20240102-0004637,WALL-0007738,MERCH-00343,PM-02,DEV-01,2024-01-02 13:42:29,42.37,0.0847,0.0,4,Success,Bill Payment,Pathein,MMK,False
TXN-20240102-0004638,WALL-0112726,MERCH-00136,PM-04,DEV-01,2024-01-02 20:02:56,20.0,0.4,1.0,2,Success,Purchase,Yangon,MMK,False
TXN-20240102-0004639,WALL-0005753,MERCH-00025,PM-01,DEV-03,2024-01-02 16:20:08,8.56,0.0,0.1713,0,Success,Purchase,Myitkyina,MMK,False
TXN-20240102-0004640,WALL-0030413,MERCH-00490,PM-02,DEV-01,2024-01-02 17:49:02,147.65,0.2953,0.0,14,Success,Payment,Yangon,MMK,False
TXN-20240102-0004641,WALL-0087107,MERCH-00436,PM-04,DEV-02,2024-01-02 13:57:42,74.43,1.4885,0.0,7,Success,Tax Payment,Taunggyi,MMK,False
TXN-20240102-0004642,WALL-0103668,MERCH-00027,PM-01,DEV-01,2024-01-02 19:51:32,23.24,0.0,0.4648,2,Success,Purchase,Hanoi,VND,False
TXN-20240102-0004643,WALL-0122520,MERCH-00075,PM-01,DEV-02,2024-01-02 19:47:17,26.51,0.0,0.5303,2,Success,Purchase,Chennai,BDT,False
TXN-20240102-0004644,WALL-0135679,MERCH-00233,PM-01,DEV-01,2024-01-02 06:51:39,6.76,0.0,0.0,0,Success,Subscription,Bago,MMK,False
TXN-20240102-0004645,WALL-0064522,MERCH-00148,PM-03,DEV-03,2024-01-02 14:17:14,30.52,0.2441,1.5258,3,Success,Purchase,Yangon,MMK,False
TXN-20240102-0004646,WALL-0148154,MERCH-00049,PM-01,DEV-01,2024-01-02 11:38:59,5.04,0.0,0.1007,0,Success,Purchase,Mawlamyine,MMK,False
TXN-20240102-0004647,WALL-0092951,MERCH-00305,PM-01,DEV-02,2024-01-02 14:12:24,100.0,0.0,8.0,20,Success,Purchase,Yangon,MMK,False
TXN-20240102-0004648,WALL-0117793,MERCH-00156,PM-01,DEV-03,2024-01-02 21:07:46,168.1,0.0,8.405,16,Success,Purchase,Mandalay,MMK,False
TXN-20240102-0004649,WALL-0131833,MERCH-00050,PM-03,DEV-05,2024-01-02 20:41:51,9.69,0.0775,0.1938,0,Success,Purchase,Davao,PHP,False
TXN-20240102-0004650,WALL-0074188,MERCH-00048,PM-01,DEV-01,2024-01-02 12:53:32,24.64,0.0,0.4929,2,Success,Purchase,Pathein,MMK,False
TXN-20240102-0004651,WALL-0024646,MERCH-00379,PM-04,DEV-01,2024-01-02 15:57:26,102.66,2.0533,0.0,10,Success,Purchase,Mumbai,INR,False
TXN-20240102-0004652,WALL-0126912,MERCH-00366,PM-01,DEV-03,2024-01-02 11:46:11,64.35,0.0,0.0,6,Success,Bill Payment,Myitkyina,MMK,False
TXN-20240102-0004653,WALL-0120944,MERCH-00090,PM-04,DEV-04,2024-01-02 10:00:07,60.91,1.2181,0.0,6,Success,Purchase,Ho Chi Minh City,VND,False
TXN-20240102-0004654,WALL-0069748,MERCH-00438,PM-05,DEV-03,2024-01-02 13:46:01,213.16,0.0,0.0,21,Success,Tax Payment,Colombo,LKR,False
TXN-20240102-0004655,WALL-0134304,MERCH-00186,PM-01,DEV-02,2024-01-02 20:07:14,214.22,0.0,10.7108,21,Success,Purchase,Bago,MMK,False
TXN-20240102-0004656,WALL-0122949,MERCH-00432,PM-04,DEV-01,2024-01-02 20:52:57,163.46,3.2693,0.0,16,Success,Tax Payment,Bandung,IDR,False
TXN-20240102-0004657,WALL-0103680,MERCH-00443,PM-01,DEV-05,2024-01-02 16:28:19,1117.35,0.0,0.0,111,Success,Tax Payment,Bandung,IDR,False
TXN-20240102-0004658,WALL-0043422,MERCH-00187,PM-05,DEV-01,2024-01-02 17:28:31,492.36,0.0,24.6181,49,Success,Purchase,Surabaya,PHP,True
TXN-20240102-0004659,WALL-0029592,MERCH-00010,PM-04,DEV-01,2024-01-02 15:05:08,25.56,0.5112,0.5112,2,Success,Purchase,Mawlamyine,MMK,False
TXN-20240102-0004660,WALL-0129788,MERCH-00230,PM-02,DEV-02,2024-01-02 07:47:57,32.0,0.064,0.0,3,Success,Purchase,Mawlamyine,MMK,False
TXN-20240102-0004661,WALL-0073698,MERCH-00081,PM-01,DEV-02,2024-01-02 19:22:20,45.73,0.0,0.0,4,Success,Purchase,Bali,IDR,False
TXN-20240102-0004662,WALL-0062853,MERCH-00221,PM-01,DEV-03,2024-01-02 17:30:56,9.05,0.0,0.0,0,Success,Purchase,Yangon,MMK,False
TXN-20240102-0004663,WALL-0129748,MERCH-00147,PM-01,DEV-03,2024-01-02 14:32:27,101.58,0.0,0.0,0,Failed,Purchase,Jakarta,MMK,False
TXN-20240102-0004664,WALL-0138834,MERCH-00223,PM-01,DEV-02,2024-01-02 12:09:14,5.0,0.0,0.0,0,Success,Purchase,Bangkok,BDT,False
TXN-20240102-0004665,WALL-0024923,MERCH-00088,PM-01,DEV-03,2024-01-02 22:17:12,44.92,0.0,0.0,4,Success,Purchase,Mawlamyine,MMK,False
TXN-20240102-0004666,WALL-0030805,MERCH-00066,PM-02,DEV-01,2024-01-02 18:52:15,18.58,0.0372,0.3715,1,Success,Purchase,Johor Bahru,INR,False
TXN-20240102-0004667,WALL-0066947,MERCH-00320,PM-01,DEV-01,2024-01-02 23:36:44,78.88,0.0,0.0,7,Success,Bill Payment,Davao,PHP,False
TXN-20240102-0004668,WALL-0128035,MERCH-00039,PM-04,DEV-03,2024-01-02 19:05:53,6.02,0.1203,0.1203,0,Success,Purchase,Taunggyi,MMK,False
TXN-20240102-0004669,WALL-0062997,MERCH-00324,PM-04,DEV-02,2024-01-02 18:41:52,120.36,2.4073,0.0,12,Success,Bill Payment,Taunggyi,MMK,False
TXN-20240102-0004670,WALL-0070583,MERCH-00495,PM-02,DEV-04,2024-01-02 14:10:15,281.47,0.5629,0.0,28,Success,Payment,Chennai,IDR,False
TXN-20240102-0004671,WALL-0076347,MERCH-00388,PM-02,DEV-02,2024-01-02 12:29:15,56.9,0.1138,0.0,5,Success,Purchase,Pune,INR,False
TXN-20240102-0004672,WALL-0077242,MERCH-00229,PM-01,DEV-01,2024-01-02 12:26:53,5.0,0.0,0.0,0,Success,Purchase,Manila,PHP,False
TXN-20240102-0004673,WALL-0112243,MERCH-00043,PM-01,DEV-01,2024-01-02 19:17:45,14.62,0.0,0.2924,1,Success,Purchase,Pathein,MMK,False
TXN-20240102-0004674,WALL-0077588,MERCH-00153,PM-01,DEV-01,2024-01-02 15:45:03,47.03,0.0,2.3513,4,Success,Purchase,Delhi,INR,False
TXN-20240102-0004675,WALL-0130908,MERCH-00353,PM-03,DEV-04,2024-01-02 16:43:54,94.83,0.7586,0.0,9,Success,Bill Payment,Myitkyina,MMK,True
TXN-20240102-0004676,WALL-0054777,MERCH-00285,PM-01,DEV-02,2024-01-02 16:39:36,192.36,0.0,15.389,38,Success,Purchase,Pathein,MMK,False
TXN-20240102-0004677,WALL-0075854,MERCH-00113,PM-03,DEV-02,2024-01-02 07:04:57,35.71,0.2857,0.0,3,Success,Purchase,Pune,INR,False
TXN-20240102-0004678,WALL-0039610,MERCH-00129,PM-03,DEV-01,2024-01-02 07:59:15,65.18,0.5215,0.0,0,Failed,Purchase,Ahmedabad,INR,False
TXN-20240102-0004679,WALL-0069112,MERCH-00348,PM-01,DEV-01,2024-01-02 12:36:21,43.56,0.0,0.0,4,Success,Bill Payment,Mawlamyine,MMK,False
TXN-20240102-0004680,WALL-0029127,MERCH-00017,PM-04,DEV-02,2024-01-02 21:39:57,38.64,0.7727,0.7727,3,Success,Purchase,Bago,MMK,False
TXN-20240102-0004681,WALL-0005102,MERCH-00151,PM-03,DEV-01,2024-01-02 19:52:55,72.97,0.5837,3.6483,7,Success,Purchase,Chittagong,BDT,False
TXN-20240102-0004682,WALL-0089578,MERCH-00391,PM-04,DEV-01,2024-01-02 00:17:22,67.05,1.341,0.0,6,Success,Purchase,Pathein,MMK,False
TXN-20240102-0004683,WALL-0081508,MERCH-00033,PM-04,DEV-01,2024-01-02 19:48:44,30.6,0.6119,0.6119,3,Success,Purchase,Colombo,LKR,False
TXN-20240102-0004684,WALL-0148611,MERCH-00403,PM-01,DEV-03,2024-01-02 21:50:59,76.71,0.0,0.0,7,Success,Payment,Bago,MMK,False
TXN-20240102-0004685,WALL-0123692,MERCH-00151,PM-05,DEV-02,2024-01-02 19:18:54,96.25,0.0,4.8123,9,Success,Purchase,Taunggyi,MMK,False
TXN-20240102-0004686,WALL-0046003,MERCH-00093,PM-02,DEV-05,2024-01-02 12:47:22,127.76,0.2555,0.0,12,Success,Purchase,Bago,MMK,False
TXN-20240102-0004687,WALL-0042503,MERCH-00081,PM-01,DEV-03,2024-01-02 18:10:09,52.43,0.0,0.0,5,Success,Purchase,Quezon City,PHP,False
TXN-20240102-0004688,WALL-0032655,MERCH-00130,PM-04,DEV-01,2024-01-02 21:25:02,46.33,0.9267,0.0,4,Success,Purchase,Yangon,MMK,False
TXN-20240102-0004689,WALL-0030003,MERCH-00102,PM-02,DEV-03,2024-01-02 17:55:12,56.19,0.1124,0.0,5,Success,Purchase,Mandalay,MMK,False
TXN-20240102-0004690,WALL-0084030,MERCH-00426,PM-04,DEV-01,2024-01-02 18:11:48,66.43,1.3287,0.0,6,Success,Payment,Kathmandu,MMK,False
TXN-20240102-0004691,WALL-0111121,MERCH-00489,PM-02,DEV-02,2024-01-02 12:58:34,76.72,0.1534,0.0,7,Success,Payment,Myitkyina,MMK,False
TXN-20240102-0004692,WALL-0003691,MERCH-00168,PM-01,DEV-01,2024-01-02 13:28:58,162.42,0.0,8.1209,16,Success,Purchase,Myitkyina,MMK,False
TXN-20240102-0004693,WALL-0135269,MERCH-00144,PM-01,DEV-01,2024-01-02 20:39:56,35.45,0.0,1.7725,3,Success,Purchase,Bago,MMK,False
TXN-20240102-0004694,WALL-0141966,MERCH-00028,PM-04,DEV-01,2024-01-02 18:04:30,13.69,0.2738,0.2738,1,Success,Purchase,Hanoi,MMK,False
TXN-20240102-0004695,WALL-0077203,MERCH-00334,PM-04,DEV-02,2024-01-02 21:13:39,59.83,1.1966,0.0,5,Success,Bill Payment,Phnom Penh,PHP,False
TXN-20240102-0004696,WALL-0049761,MERCH-00337,PM-02,DEV-02,2024-01-02 18:34:51,30.26,0.0605,0.0,3,Success,Bill Payment,Bago,MMK,False
TXN-20240102-0004697,WALL-0059880,MERCH-00122,PM-04,DEV-05,2024-01-02 12:45:58,21.88,0.4377,0.0,2,Success,Purchase,Taunggyi,MMK,False
TXN-20240102-0004698,WALL-0146739,MERCH-00209,PM-01,DEV-02,2024-01-02 20:33:07,12.38,0.0,0.0,0,Failed,Purchase,Penang,MYR,False
TXN-20240102-0004699,WALL-0070719,MERCH-00009,PM-01,DEV-01,2024-01-02 20:53:02,80.76,0.0,1.6152,8,Success,Purchase,Taunggyi,MMK,False
TXN-20240102-0004700,WALL-0039627,MERCH-00377,PM-01,DEV-02,2024-01-02 20:12:00,25.59,0.0,0.0,0,Failed,Purchase,Bago,MMK,False
TXN-20240102-0004701,WALL-0101274,MERCH-00475,PM-01,DEV-01,2024-01-02 17:34:28,158.83,0.0,0.0,15,Success,Payment,Pathein,MMK,False
TXN-20240102-0004702,WALL-0118309,MERCH-00114,PM-01,DEV-01,2024-01-02 18:10:56,43.25,0.0,0.0,4,Success,Purchase,Pattaya,THB,False
TXN-20240102-0004703,WALL-0022391,MERCH-00225,PM-03,DEV-01,2024-01-02 18:02:21,21.16,0.1693,0.0,2,Success,Purchase,Pokhara,NPR,False
TXN-20240102-0004704,WALL-0053268,MERCH-00048,PM-01,DEV-03,2024-01-02 21:34:14,7.22,0.0,0.1444,0,Success,Purchase,Bago,MMK,False
TXN-20240102-0004705,WALL-0113734,MERCH-00008,PM-04,DEV-01,2024-01-02 07:19:47,12.89,0.2578,0.2578,1,Success,Purchase,Mawlamyine,MMK,False
TXN-20240102-0004706,WALL-0121028,MERCH-00487,PM-03,DEV-04,2024-01-02 12:50:00,1111.99,8.896,0.0,111,Success,Payment,Naypyidaw,MMK,False
TXN-20240102-0004707,WALL-0139150,MERCH-00126,PM-01,DEV-05,2024-01-02 21:21:20,38.4,0.0,0.0,3,Success,Purchase,Naypyidaw,MMK,False
TXN-20240102-0004708,WALL-0045413,MERCH-00303,PM-05,DEV-01,2024-01-02 16:54:23,1013.61,0.0,81.0884,202,Success,Purchase,Medan,IDR,False
TXN-20240102-0004709,WALL-0092858,MERCH-00204,PM-01,DEV-01,2024-01-02 06:47:40,5.01,0.0,0.0,0,Success,Purchase,Johor Bahru,MYR,False
TXN-20240102-0004710,WALL-0097337,MERCH-00111,PM-02,DEV-01,2024-01-02 18:36:29,95.18,0.1904,0.0,9,Success,Purchase,Mawlamyine,MMK,False
TXN-20240102-0004711,WALL-0148290,MERCH-00357,PM-02,DEV-01,2024-01-02 11:28:41,87.06,0.1741,0.0,8,Success,Bill Payment,Mawlamyine,MMK,False
TXN-20240102-0004712,WALL-0025937,MERCH-00345,PM-01,DEV-01,2024-01-02 18:56:44,19.94,0.0,0.0,1,Success,Bill Payment,Kathmandu,NPR,False
TXN-20240102-0004713,WALL-0088186,MERCH-00192,PM-04,DEV-02,2024-01-02 18:32:57,5.0,0.1,0.0,0,Success,Purchase,Lahore,PKR,False
TXN-20240102-0004714,WALL-0089153,MERCH-00121,PM-05,DEV-01,2024-01-02 09:45:12,21.44,0.0,0.0,2,Success,Purchase,Taunggyi,MMK,False
TXN-20240102-0004715,WALL-0039383,MERCH-00354,PM-01,DEV-05,2024-01-02 14:44:14,10.18,0.0,0.0,1,Success,Bill Payment,Chittagong,BDT,False
TXN-20240102-0004716,WALL-0051959,MERCH-00225,PM-01,DEV-01,2024-01-02 19:25:11,17.27,0.0,0.0,1,Success,Purchase,Pokhara,NPR,False
TXN-20240102-0004717,WALL-0012935,MERCH-00307,PM-04,DEV-03,2024-01-02 16:34:06,1931.52,38.6303,154.5213,386,Success,Purchase,Hyderabad,MMK,False
TXN-20240102-0004718,WALL-0093703,MERCH-00011,PM-02,DEV-01,2024-01-02 19:56:04,10.58,0.0212,0.2115,1,Success,Purchase,Yangon,MMK,False
TXN-20240102-0004719,WALL-0003566,MERCH-00427,PM-03,DEV-01,2024-01-02 15:17:24,171.53,1.3722,0.0,17,Success,Payment,Mawlamyine,MMK,False
TXN-20240102-0004720,WALL-0069841,MERCH-00411,PM-02,DEV-01,2024-01-02 13:52:22,46.2,0.0924,0.0,4,Success,Payment,Cebu City,PHP,False
TXN-20240102-0004721,WALL-0047060,MERCH-00157,PM-01,DEV-04,2024-01-02 16:14:06,60.42,0.0,3.021,6,Success,Purchase,Hyderabad,INR,False
TXN-20240102-0004722,WALL-0014076,MERCH-00130,PM-04,DEV-01,2024-01-02 14:57:48,44.03,0.8805,0.0,4,Success,Purchase,Penang,MYR,False
TXN-20240102-0004723,WALL-0024157,MERCH-00296,PM-01,DEV-01,2024-01-02 08:16:01,337.05,0.0,26.9637,67,Success,Purchase,Quezon City,PHP,False
TXN-20240102-0004724,WALL-0133077,MERCH-00203,PM-01,DEV-01,2024-01-02 16:50:23,8.12,0.0,0.0,0,Success,Purchase,Bago,MMK,False
TXN-20240102-0004725,WALL-0059876,MERCH-00006,PM-04,DEV-01,2024-01-02 07:39:10,14.38,0.2876,0.2876,1,Success,Purchase,Pattaya,THB,False
TXN-20240102-0004726,WALL-0064656,MERCH-00318,PM-03,DEV-01,2024-01-02 20:17:07,132.23,1.0579,0.0,13,Success,Bill Payment,Bago,MMK,False
TXN-20240102-0004727,WALL-0043407,MERCH-00093,PM-04,DEV-01,2024-01-02 16:42:41,38.81,0.7762,0.0,3,Success,Purchase,Ahmedabad,THB,False
TXN-20240102-0004728,WALL-0109973,MERCH-00198,PM-05,DEV-01,2024-01-02 10:20:21,37.68,0.0,0.0,3,Success,Purchase,Kuala Lumpur,MYR,False
TXN-20240102-0004729,WALL-0101292,MERCH-00250,PM-04,DEV-01,2024-01-02 12:04:25,7.18,0.1436,0.0,0,Success,Subscription,Taunggyi,MMK,False
TXN-20240102-0004730,WALL-0139257,MERCH-00142,PM-04,DEV-01,2024-01-02 07:23:52,20.0,0.4,1.0,2,Success,Purchase,Pune,INR,False
TXN-20240102-0004731,WALL-0071328,MERCH-00176,PM-03,DEV-01,2024-01-02 20:00:53,46.35,0.3708,2.3176,4,Success,Purchase,Bangkok,THB,False
TXN-20240102-0004732,WALL-0117722,MERCH-00183,PM-01,DEV-01,2024-01-02 02:38:54,72.43,0.0,3.6213,7,Success,Purchase,Delhi,INR,False
TXN-20240102-0004733,WALL-0142654,MERCH-00055,PM-01,DEV-05,2024-01-02 10:51:33,13.54,0.0,0.2709,1,Success,Purchase,Myitkyina,MMK,False
TXN-20240102-0004734,WALL-0074401,MERCH-00228,PM-01,DEV-01,2024-01-02 08:32:28,13.23,0.0,0.0,1,Success,Purchase,Singapore,SGD,False
TXN-20240102-0004735,WALL-0108329,MERCH-00218,PM-04,DEV-03,2024-01-02 09:12:19,20.45,0.409,0.0,2,Success,Purchase,Bangkok,THB,False
TXN-20240102-0004736,WALL-0010519,MERCH-00185,PM-02,DEV-01,2024-01-02 02:00:21,64.9,0.1298,3.2449,6,Success,Purchase,Da Nang,VND,False
TXN-20240102-0004737,WALL-0075133,MERCH-00217,PM-02,DEV-01,2024-01-02 07:34:19,24.74,0.0495,0.0,2,Success,Purchase,Jakarta,IDR,False
TXN-20240102-0004738,WALL-0061993,MERCH-00059,PM-04,DEV-03,2024-01-02 08:57:10,76.55,1.531,1.531,7,Success,Purchase,Pattaya,KHR,False
TXN-20240102-0004739,WALL-0021902,MERCH-00292,PM-01,DEV-01,2024-01-02 07:01:13,547.6,0.0,43.8083,109,Success,Purchase,Mandalay,MMK,False
TXN-20240102-0004740,WALL-0056775,MERCH-00087,PM-04,DEV-01,2024-01-02 12:13:02,71.59,1.4318,0.0,0,Failed,Purchase,Singapore,SGD,False
TXN-20240102-0004741,WALL-0115979,MERCH-00261,PM-01,DEV-01,2024-01-02 06:56:12,14.3,0.0,0.0,1,Success,Subscription,Ahmedabad,INR,False
TXN-20240102-0004742,WALL-0029413,MERCH-00120,PM-01,DEV-01,2024-01-02 20:00:14,56.59,0.0,0.0,5,Success,Purchase,Surabaya,INR,False
TXN-20240102-0004743,WALL-0088862,MERCH-00082,PM-04,DEV-01,2024-01-02 12:04:06,40.73,0.8147,0.0,4,Success,Purchase,Jakarta,IDR,False
TXN-20240102-0004744,WALL-0017747,MERCH-00256,PM-01,DEV-01,2024-01-02 16:39:00,40.0,0.0,0.0,4,Success,Subscription,Naypyidaw,MMK,False
TXN-20240102-0004745,WALL-0005013,MERCH-00337,PM-02,DEV-01,2024-01-02 19:47:48,84.57,0.1691,0.0,8,Success,Bill Payment,Pathein,MMK,False
TXN-20240102-0004746,WALL-0062227,MERCH-00196,PM-04,DEV-01,2024-01-02 15:46:02,21.41,0.4283,0.0,2,Success,Purchase,Pattaya,PKR,False
TXN-20240102-0004747,WALL-0013420,MERCH-00233,PM-02,DEV-04,2024-01-02 20:23:05,22.99,0.046,0.0,2,Success,Subscription,Hanoi,VND,False
TXN-20240102-0004748,WALL-0018650,MERCH-00445,PM-01,DEV-01,2024-01-02 17:06:52,75.67,0.0,0.0,7,Success,Tax Payment,Phnom Penh,KHR,False
TXN-20240102-0004749,WALL-0054601,MERCH-00099,PM-02,DEV-01,2024-01-02 18:39:37,30.1,0.0602,0.0,3,Success,Purchase,Mandalay,MMK,False
TXN-20240102-0004750,WALL-0024850,MERCH-00088,PM-02,DEV-02,2024-01-02 23:43:33,66.5,0.133,0.0,6,Success,Purchase,Manila,PHP,False
TXN-20240102-0004751,WALL-0096112,MERCH-00148,PM-02,DEV-02,2024-01-02 08:50:42,39.25,0.0785,1.9623,3,Success,Purchase,Karachi,PKR,False
TXN-20240102-0004752,WALL-0119078,MERCH-00328,PM-03,DEV-01,2024-01-02 15:42:41,56.38,0.4511,0.0,5,Success,Bill Payment,Bago,MMK,False
TXN-20240102-0004753,WALL-0007199,MERCH-00241,PM-04,DEV-01,2024-01-02 15:20:21,26.82,0.5365,0.0,2,Success,Subscription,Delhi,INR,False
TXN-20240102-0004754,WALL-0143867,MERCH-00221,PM-01,DEV-01,2024-01-02 13:49:33,6.75,0.0,0.0,0,Success,Purchase,Yangon,MYR,False
TXN-20240102-0004755,WALL-0048626,MERCH-00052,PM-02,DEV-02,2024-01-02 19:19:45,30.52,0.061,0.6104,3,Success,Purchase,Bandung,IDR,False
TXN-20240102-0004756,WALL-0113938,MERCH-00217,PM-01,DEV-02,2024-01-02 15:12:50,26.37,0.0,0.0,2,Success,Purchase,Myitkyina,MMK,False
TXN-20240102-0004757,WALL-0080343,MERCH-00399,PM-01,DEV-02,2024-01-02 12:21:53,32.12,0.0,0.0,3,Success,Purchase,Myitkyina,MMK,False
TXN-20240102-0004758,WALL-0055888,MERCH-00069,PM-01,DEV-04,2024-01-02 19:59:28,18.08,0.0,0.3616,1,Success,Purchase,Surabaya,PHP,False
TXN-20240102-0004759,WALL-0025281,MERCH-00169,PM-01,DEV-02,2024-01-02 04:07:55,109.61,0.0,5.4806,10,Success,Purchase,Pathein,MMK,False
TXN-20240102-0004760,WALL-0004638,MERCH-00238,PM-02,DEV-03,2024-01-02 10:42:57,19.42,0.0388,0.0,1,Success,Subscription,Karachi,PKR,False
TXN-20240102-0004761,WALL-0149495,MERCH-00389,PM-02,DEV-02,2024-01-02 08:12:56,21.64,0.0433,0.0,2,Success,Purchase,Mandalay,MMK,False
TXN-20240102-0004762,WALL-0050764,MERCH-00190,PM-03,DEV-02,2024-01-02 06:26:35,67.3,0.5384,3.3648,6,Success,Purchase,Bangalore,INR,False
TXN-20240102-0004763,WALL-0064283,MERCH-00464,PM-02,DEV-05,2024-01-02 03:03:01,706.82,1.4136,0.0,70,Success,Payment,Singapore,SGD,False
TXN-20240102-0004764,WALL-0144068,MERCH-00417,PM-01,DEV-04,2024-01-02 17:52:45,117.34,0.0,0.0,11,Success,Payment,Bago,MMK,False
TXN-20240102-0004765,WALL-0039125,MERCH-00315,PM-02,DEV-01,2024-01-02 14:03:41,82.7,0.1654,0.0,8,Success,Bill Payment,Da Nang,VND,False
TXN-20240102-0004766,WALL-0143987,MERCH-00196,PM-04,DEV-03,2024-01-02 20:42:02,12.26,0.2452,0.0,1,Success,Purchase,Kathmandu,NPR,False
TXN-20240102-0004767,WALL-0120602,MERCH-00031,PM-04,DEV-01,2024-01-02 05:42:38,20.14,0.4027,0.4027,2,Success,Purchase,Kathmandu,NPR,False
TXN-20240102-0004768,WALL-0108541,MERCH-00378,PM-01,DEV-01,2024-01-02 17:22:19,67.28,0.0,0.0,6,Success,Purchase,Mawlamyine,MMK,False
TXN-20240102-0004769,WALL-0081475,MERCH-00353,PM-01,DEV-03,2024-01-02 11:49:30,18.39,0.0,0.0,1,Success,Bill Payment,Bago,MMK,False
TXN-20240102-0004770,WALL-0009661,MERCH-00134,PM-02,DEV-02,2024-01-02 09:01:24,26.55,0.0531,1.3276,2,Success,Purchase,Dhaka,BDT,False
TXN-20240102-0004771,WALL-0110476,MERCH-00220,PM-04,DEV-01,2024-01-02 14:21:44,9.11,0.1822,0.0,0,Success,Purchase,Pune,INR,False
TXN-20240102-0004772,WALL-0062405,MERCH-00174,PM-02,DEV-01,2024-01-02 00:57:21,92.57,0.1851,4.6286,9,Success,Purchase,Mawlamyine,MMK,False
TXN-20240102-0004773,WALL-0125916,MERCH-00368,PM-02,DEV-02,2024-01-02 15:03:32,38.01,0.076,0.0,3,Success,Bill Payment,Mandalay,MMK,False
TXN-20240102-0004774,WALL-0076698,MERCH-00230,PM-02,DEV-01,2024-01-02 16:45:48,10.35,0.0207,0.0,1,Success,Purchase,Taunggyi,MMK,False
TXN-20240102-0004775,WALL-0110053,MERCH-00464,PM-02,DEV-01,2024-01-02 00:21:46,566.11,1.1322,0.0,56,Success,Payment,Kuala Lumpur,MYR,False
TXN-20240102-0004776,WALL-0050718,MERCH-00115,PM-01,DEV-03,2024-01-02 18:21:35,54.6,0.0,0.0,5,Success,Purchase,Ahmedabad,MMK,False
TXN-20240102-0004777,WALL-0072814,MERCH-00340,PM-01,DEV-02,2024-01-02 08:02:56,159.58,0.0,0.0,15,Success,Bill Payment,Mawlamyine,MMK,False
TXN-20240102-0004778,WALL-0072062,MERCH-00037,PM-01,DEV-02,2024-01-02 19:06:01,25.38,0.0,0.5076,2,Success,Purchase,Bago,MMK,False
TXN-20240102-0004779,WALL-0037567,MERCH-00122,PM-01,DEV-01,2024-01-02 16:48:52,38.18,0.0,0.0,3,Success,Purchase,Mawlamyine,MMK,False
TXN-20240102-0004780,WALL-0030787,MERCH-00190,PM-02,DEV-05,2024-01-02 18:13:59,153.81,0.3076,7.6905,15,Success,Purchase,Pune,INR,False
TXN-20240102-0004781,WALL-0117922,MERCH-00010,PM-01,DEV-01,2024-01-02 13:15:52,8.43,0.0,0.1687,0,Success,Purchase,Kandy,LKR,False
